doc,n_8b,n_70b,soft_recall,soft_precision,soft_f1,soft_mean_max,jaccard_lex,global_sem_sim,identical_set
0,5,5,0.8,0.8,0.8000000000000002,0.820434033870697,0.25,0.8991339802742004,0.0
1,5,5,0.8,0.8,0.8000000000000002,0.9273979067802429,0.6666666666666666,0.9278786182403564,0.0
2,5,5,1.0,1.0,1.0,0.9999998807907104,1.0,0.9702363014221191,1.0
3,5,5,0.6,0.6,0.6,0.8468769788742065,0.42857142857142855,0.9170603156089783,0.0
4,5,5,0.6,0.6,0.6,0.7847071886062622,0.25,0.8751846551895142,0.0
5,5,5,0.6,0.6,0.6,0.7919254302978516,0.25,0.9069578647613525,0.0
6,5,5,0.8,0.8,0.8000000000000002,0.8869658708572388,0.42857142857142855,0.9619675874710083,0.0
7,5,5,1.0,1.0,1.0,1.0,1.0,0.9817590713500977,1.0
8,5,5,0.8,0.8,0.8000000000000002,0.8294259905815125,0.1111111111111111,0.9145931005477905,0.0
9,5,5,0.8,0.8,0.8000000000000002,0.7869927883148193,0.25,0.898779034614563,0.0
10,5,5,0.6,0.6,0.6,0.759689211845398,0.25,0.9109439849853516,0.0
11,5,5,0.4,0.4,0.4000000000000001,0.7189539670944214,0.25,0.803556501865387,0.0
12,5,5,0.8,0.6,0.6857142857142857,0.8462827205657959,0.42857142857142855,0.9151473045349121,0.0
13,5,5,0.8,0.6,0.6857142857142857,0.7866613864898682,0.25,0.892713725566864,0.0
14,5,5,1.0,1.0,1.0,1.0,1.0,0.986431896686554,1.0
15,5,5,0.8,0.8,0.8000000000000002,0.8147081136703491,0.1111111111111111,0.9181745052337646,0.0
16,5,5,0.8,0.8,0.8000000000000002,0.9098587036132812,0.6666666666666666,0.9526157379150391,0.0
17,4,5,0.75,0.6,0.6666666666666665,0.6787503957748413,0.0,0.8031519055366516,0.0
18,5,5,0.8,1.0,0.888888888888889,0.8486738204956055,0.25,0.9273558855056763,0.0
19,5,5,1.0,0.6,0.7499999999999999,0.896026611328125,0.42857142857142855,0.9157576560974121,0.0
20,5,5,1.0,1.0,1.0,1.0000001192092896,1.0,0.99858158826828,1.0
21,5,5,0.8,0.8,0.8000000000000002,0.8735361099243164,0.6666666666666666,0.9201303720474243,0.0
22,5,5,0.8,0.8,0.8000000000000002,0.8747389912605286,0.42857142857142855,0.9316644668579102,0.0
23,5,5,1.0,1.0,1.0,1.0,1.0,0.965948760509491,1.0
24,5,5,0.6,0.6,0.6,0.7745121717453003,0.25,0.851219892501831,0.0
25,5,5,0.6,0.6,0.6,0.7560395002365112,0.42857142857142855,0.849701464176178,0.0
26,5,5,0.6,0.6,0.6,0.6854226589202881,0.25,0.558571457862854,0.0
27,5,5,0.8,0.8,0.8000000000000002,0.877090334892273,0.25,0.9566971659660339,0.0
28,5,5,0.8,0.8,0.8000000000000002,0.893642783164978,0.6666666666666666,0.9286476969718933,0.0
29,5,5,1.0,1.0,1.0,1.0,1.0,0.9991104006767273,1.0
30,5,5,0.6,0.4,0.48,0.6552433967590332,0.25,0.797234296798706,0.0
31,5,5,0.8,0.8,0.8000000000000002,0.8757185935974121,0.6666666666666666,0.9349656105041504,0.0
32,5,5,0.6,0.6,0.6,0.7618272304534912,0.25,0.8654133081436157,0.0
33,5,5,0.8,1.0,0.888888888888889,0.9152858257293701,0.42857142857142855,0.9230080842971802,0.0
34,5,5,0.4,0.4,0.4000000000000001,0.5795473456382751,0.0,0.7477295398712158,0.0
35,5,5,0.6,0.8,0.6857142857142857,0.808509349822998,0.25,0.8724555969238281,0.0
36,5,5,0.8,0.8,0.8000000000000002,0.9143423438072205,0.6666666666666666,0.9602517485618591,0.0
37,5,5,0.6,0.8,0.6857142857142857,0.8454896211624146,0.25,0.9140579700469971,0.0
38,5,5,0.8,0.8,0.8000000000000002,0.885244607925415,0.42857142857142855,0.9497958421707153,0.0
39,5,5,0.8,0.8,0.8000000000000002,0.8463397026062012,0.25,0.9442967176437378,0.0
40,5,5,1.0,1.0,1.0,0.9516870975494385,0.6666666666666666,0.9778922200202942,0.0
41,5,5,0.8,0.8,0.8000000000000002,0.8970227241516113,0.6666666666666666,0.9548304080963135,0.0
42,5,5,0.6,0.4,0.48,0.6877065896987915,0.0,0.5926523208618164,0.0
43,5,5,1.0,1.0,1.0,0.9742811322212219,0.6666666666666666,0.9739295244216919,0.0
44,5,5,0.8,0.8,0.8000000000000002,0.9374987483024597,0.6666666666666666,0.9424107670783997,0.0
45,5,5,0.8,0.8,0.8000000000000002,0.8353508710861206,0.1111111111111111,0.9269063472747803,0.0
46,5,5,0.8,0.8,0.8000000000000002,0.9002513289451599,0.6666666666666666,0.9417753219604492,0.0
47,5,5,0.8,1.0,0.888888888888889,0.8853994607925415,0.42857142857142855,0.9627717733383179,0.0
48,5,5,0.4,0.4,0.4000000000000001,0.6918878555297852,0.1111111111111111,0.9199181199073792,0.0
49,5,5,0.8,0.8,0.8000000000000002,0.9364637136459351,0.6666666666666666,0.9746195077896118,0.0
50,5,5,0.6,0.6,0.6,0.8604544401168823,0.25,0.9398110508918762,0.0
51,5,5,0.8,0.8,0.8000000000000002,0.8063852787017822,0.0,0.8978475332260132,0.0
52,5,5,0.8,0.8,0.8000000000000002,0.8910349607467651,0.42857142857142855,0.9628450274467468,0.0
53,5,5,0.6,0.6,0.6,0.7131810784339905,0.0,0.9480919241905212,0.0
54,5,5,1.0,1.0,1.0,0.9535115361213684,0.42857142857142855,0.9754239916801453,0.0
55,5,5,0.8,0.6,0.6857142857142857,0.7899879813194275,0.25,0.8804388642311096,0.0
56,5,5,0.6,0.6,0.6,0.7776001691818237,0.1111111111111111,0.9123532772064209,0.0
57,5,5,1.0,1.0,1.0,0.9632251858711243,0.6666666666666666,0.9639383554458618,0.0
58,5,5,0.6,0.8,0.6857142857142857,0.876067578792572,0.42857142857142855,0.8438896536827087,0.0
59,5,5,0.4,0.6,0.48,0.7425640821456909,0.1111111111111111,0.8817830085754395,0.0
60,5,5,1.0,1.0,1.0,0.9786421656608582,0.6666666666666666,0.9916646480560303,0.0
61,5,5,0.8,0.8,0.8000000000000002,0.8374422788619995,0.42857142857142855,0.9342582821846008,0.0
62,5,5,0.8,0.8,0.8000000000000002,0.8942157030105591,0.42857142857142855,0.8915709853172302,0.0
63,5,5,0.8,0.8,0.8000000000000002,0.8610461950302124,0.42857142857142855,0.9521767497062683,0.0
64,5,5,0.6,0.6,0.6,0.758712649345398,0.42857142857142855,0.7922268509864807,0.0
65,5,5,1.0,1.0,1.0,0.9639604687690735,0.6666666666666666,0.9828750491142273,0.0
66,5,5,0.8,1.0,0.888888888888889,0.9149004220962524,0.6666666666666666,0.9733899831771851,0.0
67,5,5,0.6,0.6,0.6,0.7762407064437866,0.42857142857142855,0.8805079460144043,0.0
68,5,5,0.4,0.6,0.48,0.7206814289093018,0.1111111111111111,0.9360229969024658,0.0
69,5,5,0.6,0.8,0.6857142857142857,0.759514570236206,0.1111111111111111,0.8861680626869202,0.0
70,5,5,1.0,1.0,1.0,1.0,1.0,1.0,1.0
71,5,5,0.8,0.8,0.8000000000000002,0.8299560546875,0.25,0.8611118197441101,0.0
72,5,5,0.8,0.8,0.8000000000000002,0.9365166425704956,0.6666666666666666,0.9602276682853699,0.0
73,5,5,0.8,0.8,0.8000000000000002,0.8663522601127625,0.25,0.9219751358032227,0.0
74,5,5,0.8,0.8,0.8000000000000002,0.8738752007484436,0.6666666666666666,0.9430578947067261,0.0
75,5,5,0.8,0.8,0.8000000000000002,0.8339679837226868,0.25,0.9090641140937805,0.0
76,5,5,0.8,0.8,0.8000000000000002,0.9141702651977539,0.6666666666666666,0.8873999714851379,0.0
77,5,5,0.4,0.4,0.4000000000000001,0.6906896829605103,0.25,0.8422011137008667,0.0
78,5,5,0.8,1.0,0.888888888888889,0.8829362392425537,0.42857142857142855,0.8956505060195923,0.0
79,5,5,1.0,1.0,1.0,1.0,1.0,0.9984546303749084,1.0
80,5,5,1.0,1.0,1.0,1.0,1.0,1.0,1.0
81,5,5,0.6,0.4,0.48,0.6088463068008423,0.0,0.8223826885223389,0.0
82,5,5,1.0,1.0,1.0,1.0,1.0,0.9995541572570801,1.0
83,5,5,1.0,1.0,1.0,0.9795103073120117,0.6666666666666666,0.9797493815422058,0.0
84,5,5,0.8,0.8,0.8000000000000002,0.8798319101333618,0.42857142857142855,0.9585427641868591,0.0
85,5,5,1.0,1.0,1.0,0.9696429967880249,0.6666666666666666,0.983947217464447,0.0
86,5,5,0.6,0.8,0.6857142857142857,0.7044076919555664,0.0,0.734046220779419,0.0
87,5,5,0.8,0.8,0.8000000000000002,0.8467923998832703,0.42857142857142855,0.8637412190437317,0.0
88,5,5,0.6,0.8,0.6857142857142857,0.7868804931640625,0.25,0.7914069890975952,0.0
89,5,5,0.8,0.8,0.8000000000000002,0.8300148248672485,0.25,0.9061296582221985,0.0
90,5,5,0.8,0.8,0.8000000000000002,0.8729873299598694,0.25,0.9241167306900024,0.0
91,5,5,0.6,0.6,0.6,0.7227683067321777,0.25,0.8251247406005859,0.0
92,5,5,0.6,0.6,0.6,0.720423698425293,0.1111111111111111,0.7857739329338074,0.0
93,5,5,0.8,0.8,0.8000000000000002,0.8186891674995422,0.42857142857142855,0.8555015325546265,0.0
94,5,5,1.0,1.0,1.0,0.8969767689704895,0.42857142857142855,0.8749067187309265,0.0
95,5,5,0.8,0.8,0.8000000000000002,0.8842881917953491,0.42857142857142855,0.938173234462738,0.0
96,5,5,1.0,1.0,1.0,0.9543739557266235,0.6666666666666666,0.9547540545463562,0.0
97,5,5,0.6,0.6,0.6,0.7366704344749451,0.25,0.83143550157547,0.0
98,5,5,0.8,0.8,0.8000000000000002,0.8128288984298706,0.1111111111111111,0.8728935718536377,0.0
99,5,5,0.8,0.8,0.8000000000000002,0.8377825021743774,0.42857142857142855,0.9126240611076355,0.0
100,5,5,0.6,0.6,0.6,0.7081172466278076,0.42857142857142855,0.8080872893333435,0.0
101,5,5,0.8,0.8,0.8000000000000002,0.8572632074356079,0.42857142857142855,0.9110127687454224,0.0
102,5,5,0.8,0.8,0.8000000000000002,0.917154848575592,0.6666666666666666,0.9167778491973877,0.0
103,5,5,0.6,0.6,0.6,0.7542678713798523,0.25,0.7858840823173523,0.0
104,5,5,0.8,0.6,0.6857142857142857,0.8355703353881836,0.1111111111111111,0.9364875555038452,0.0
105,5,5,0.8,1.0,0.888888888888889,0.8401349782943726,0.25,0.8863767385482788,0.0
106,5,5,1.0,0.8,0.888888888888889,0.8972857594490051,0.42857142857142855,0.8858257532119751,0.0
107,5,5,0.6,0.6,0.6,0.792944073677063,0.42857142857142855,0.8129928708076477,0.0
108,5,5,1.0,0.8,0.888888888888889,0.8846609592437744,0.42857142857142855,0.9739723801612854,0.0
109,5,5,0.6,0.8,0.6857142857142857,0.8132443428039551,0.42857142857142855,0.8960395455360413,0.0
110,5,5,0.6,0.8,0.6857142857142857,0.8125990629196167,0.1111111111111111,0.9465054869651794,0.0
111,5,5,0.2,0.2,0.20000000000000004,0.6109119057655334,0.0,0.7671371102333069,0.0
112,5,5,0.6,0.6,0.6,0.7642969489097595,0.25,0.8863694071769714,0.0
113,5,5,0.8,1.0,0.888888888888889,0.8846536874771118,0.42857142857142855,0.9746741652488708,0.0
114,5,5,0.6,0.6,0.6,0.7707686424255371,0.42857142857142855,0.6840382218360901,0.0
115,5,5,1.0,1.0,1.0,0.9918791055679321,0.6666666666666666,0.9971110224723816,0.0
116,5,5,0.8,0.8,0.8000000000000002,0.8549565672874451,0.42857142857142855,0.9832667708396912,0.0
117,5,5,0.4,0.6,0.48,0.7143056392669678,0.0,0.7850873470306396,0.0
118,5,5,0.8,0.8,0.8000000000000002,0.8326137065887451,0.1111111111111111,0.8803572654724121,0.0
119,5,5,0.6,0.6,0.6,0.7564654350280762,0.25,0.8712499141693115,0.0
120,5,5,1.0,1.0,1.0,0.9839580655097961,0.6666666666666666,0.9944814443588257,0.0
121,5,5,0.4,0.4,0.4000000000000001,0.6152534484863281,0.0,0.6330924034118652,0.0
122,5,5,0.8,0.8,0.8000000000000002,0.8842889070510864,0.6666666666666666,0.9343907833099365,0.0
123,5,5,0.8,0.8,0.8000000000000002,0.8581985235214233,0.42857142857142855,0.9178014993667603,0.0
124,5,5,1.0,1.0,1.0,0.9987375140190125,0.6666666666666666,0.9990944862365723,0.0
125,5,5,0.8,0.8,0.8000000000000002,0.8184657692909241,0.25,0.8594368100166321,0.0
126,5,5,1.0,1.0,1.0,0.9393693804740906,0.42857142857142855,0.9759776592254639,0.0
127,5,5,0.8,0.8,0.8000000000000002,0.8158283829689026,0.1111111111111111,0.8909313678741455,0.0
128,5,5,0.6,0.8,0.6857142857142857,0.7383103370666504,0.1111111111111111,0.7276948094367981,0.0
129,5,5,1.0,1.0,1.0,0.895858883857727,0.1111111111111111,0.9696460962295532,0.0
130,5,5,1.0,1.0,1.0,0.9916324615478516,0.6666666666666666,0.9930821657180786,0.0
131,5,5,0.0,0.0,0.0,0.475544810295105,0.0,0.6601150035858154,0.0
132,5,5,0.8,1.0,0.888888888888889,0.8373487591743469,0.25,0.9214480519294739,0.0
133,5,5,0.8,0.8,0.8000000000000002,0.7746201753616333,0.1111111111111111,0.9010403752326965,0.0
134,5,5,1.0,0.8,0.888888888888889,0.873843789100647,0.25,0.9311309456825256,0.0
135,5,5,1.0,1.0,1.0,0.9193111658096313,0.42857142857142855,0.9464253783226013,0.0
136,5,5,0.8,0.6,0.6857142857142857,0.7906558513641357,0.42857142857142855,0.9075676202774048,0.0
137,5,5,0.8,0.6,0.6857142857142857,0.870293140411377,0.42857142857142855,0.9439924359321594,0.0
138,5,5,1.0,0.8,0.888888888888889,0.9433856010437012,0.6666666666666666,0.9732944965362549,0.0
139,5,5,0.8,0.8,0.8000000000000002,0.8783555626869202,0.6666666666666666,0.9455463290214539,0.0
140,5,5,0.8,1.0,0.888888888888889,0.8956613540649414,0.42857142857142855,0.9109231233596802,0.0
141,5,5,0.6,0.6,0.6,0.7864055633544922,0.42857142857142855,0.864187479019165,0.0
142,5,5,1.0,1.0,1.0,1.0,1.0,0.9999998807907104,1.0
143,5,5,1.0,1.0,1.0,0.9768573641777039,0.6666666666666666,0.9683563113212585,0.0
144,5,5,1.0,1.0,1.0,1.0,1.0,0.9912222623825073,1.0
145,5,5,0.8,0.8,0.8000000000000002,0.9397968053817749,0.6666666666666666,0.9564909934997559,0.0
146,5,5,0.6,0.6,0.6,0.7937030792236328,0.1111111111111111,0.8295978903770447,0.0
147,5,5,1.0,1.0,1.0,0.9573920369148254,0.6666666666666666,0.9691594243049622,0.0
148,5,5,1.0,1.0,1.0,0.9481223821640015,0.42857142857142855,0.9526432156562805,0.0
149,5,5,0.8,0.8,0.8000000000000002,0.8401228189468384,0.25,0.8803017139434814,0.0
150,5,5,0.8,0.8,0.8000000000000002,0.87880539894104,0.42857142857142855,0.9502053260803223,0.0
151,5,5,0.6,0.6,0.6,0.7485183477401733,0.42857142857142855,0.842292070388794,0.0
152,5,5,0.8,0.8,0.8000000000000002,0.9252498149871826,0.6666666666666666,0.9731302261352539,0.0
153,5,5,1.0,1.0,1.0,1.0,1.0,0.9813522100448608,1.0
154,5,5,0.6,0.6,0.6,0.7427394390106201,0.1111111111111111,0.8461122512817383,0.0
155,5,5,0.6,0.6,0.6,0.7308930158615112,0.25,0.8850694298744202,0.0
156,5,5,0.4,0.6,0.48,0.8247404098510742,0.25,0.9442536234855652,0.0
157,5,5,0.8,0.8,0.8000000000000002,0.884415864944458,0.6666666666666666,0.9427494406700134,0.0
158,5,5,0.8,1.0,0.888888888888889,0.8732094764709473,0.25,0.9300203323364258,0.0
159,5,5,0.8,0.8,0.8000000000000002,0.8794368505477905,0.1111111111111111,0.9379836916923523,0.0
160,5,5,1.0,0.8,0.888888888888889,0.9127634763717651,0.6666666666666666,0.9303801655769348,0.0
161,5,5,0.6,0.6,0.6,0.67264324426651,0.1111111111111111,0.8193521499633789,0.0
162,5,5,0.8,1.0,0.888888888888889,0.9369791746139526,0.6666666666666666,0.9779667854309082,0.0
163,4,5,1.0,0.8,0.888888888888889,0.8732133507728577,0.2857142857142857,0.948880136013031,0.0
164,5,5,1.0,1.0,1.0,0.8942700624465942,0.42857142857142855,0.9702140092849731,0.0
165,5,5,0.8,0.8,0.8000000000000002,0.8414691686630249,0.25,0.9324842691421509,0.0
166,5,5,0.6,0.8,0.6857142857142857,0.8601394891738892,0.42857142857142855,0.9713701009750366,0.0
167,5,5,0.4,0.4,0.4000000000000001,0.6406630277633667,0.1111111111111111,0.5752758979797363,0.0
168,5,5,0.6,0.6,0.6,0.6655663251876831,0.0,0.8787794709205627,0.0
169,5,5,0.2,0.2,0.20000000000000004,0.37719598412513733,0.0,0.40787801146507263,0.0
170,5,5,0.8,1.0,0.888888888888889,0.8785535097122192,0.25,0.9342049956321716,0.0
171,5,5,0.6,0.6,0.6,0.7895447015762329,0.0,0.963406503200531,0.0
172,5,5,0.8,0.8,0.8000000000000002,0.9131439924240112,0.25,0.9669832587242126,0.0
173,5,5,0.6,0.6,0.6,0.7926507592201233,0.25,0.9414079189300537,0.0
174,5,5,0.8,0.8,0.8000000000000002,0.8504260778427124,0.42857142857142855,0.9427582025527954,0.0
175,5,5,0.6,0.6,0.6,0.718376100063324,0.0,0.7620521187782288,0.0
176,5,5,0.8,0.8,0.8000000000000002,0.8823021054267883,0.42857142857142855,0.9696196913719177,0.0
177,5,5,0.8,1.0,0.888888888888889,0.9020110964775085,0.42857142857142855,0.9645920991897583,0.0
178,5,5,0.6,0.6,0.6,0.7609001398086548,0.1111111111111111,0.888827919960022,0.0
179,5,5,0.6,0.8,0.6857142857142857,0.8536474704742432,0.25,0.9326446056365967,0.0
180,5,5,0.8,1.0,0.888888888888889,0.9288164377212524,0.42857142857142855,0.987906277179718,0.0
181,4,5,0.75,0.6,0.6666666666666665,0.7279393076896667,0.125,0.8509261608123779,0.0
182,5,5,0.6,0.8,0.6857142857142857,0.7672992944717407,0.42857142857142855,0.821879506111145,0.0
183,5,5,0.8,0.8,0.8000000000000002,0.8618954420089722,0.6666666666666666,0.9385349750518799,0.0
184,5,5,0.8,0.8,0.8000000000000002,0.7777276635169983,0.0,0.870940089225769,0.0
185,5,5,1.0,1.0,1.0,0.9810632467269897,0.6666666666666666,0.9756394624710083,0.0
186,5,5,0.8,0.8,0.8000000000000002,0.8706966638565063,0.6666666666666666,0.825035035610199,0.0
187,5,5,1.0,1.0,1.0,0.874028205871582,0.25,0.9436527490615845,0.0
188,5,5,0.8,0.8,0.8000000000000002,0.8537058234214783,0.1111111111111111,0.8934316039085388,0.0
189,5,5,0.8,0.8,0.8000000000000002,0.8942575454711914,0.6666666666666666,0.9521748423576355,0.0
190,5,5,0.6,0.6,0.6,0.7429486513137817,0.25,0.6208887696266174,0.0
191,5,5,0.8,0.8,0.8000000000000002,0.8553891777992249,0.25,0.8277607560157776,0.0
192,5,5,1.0,1.0,1.0,0.9860143661499023,0.42857142857142855,0.995116651058197,0.0
193,5,5,0.6,0.6,0.6,0.6925936937332153,0.25,0.816703736782074,0.0
194,5,5,0.8,1.0,0.888888888888889,0.8750722408294678,0.42857142857142855,0.9633468985557556,0.0
195,5,5,0.6,0.6,0.6,0.7291851043701172,0.25,0.9116045832633972,0.0
196,5,5,0.8,0.8,0.8000000000000002,0.8633681535720825,0.6666666666666666,0.8857186436653137,0.0
197,5,5,0.8,0.8,0.8000000000000002,0.8623369932174683,0.42857142857142855,0.9425063133239746,0.0
198,5,5,0.8,1.0,0.888888888888889,0.90729820728302,0.42857142857142855,0.8934935927391052,0.0
199,5,5,1.0,0.8,0.888888888888889,0.8680466413497925,0.1111111111111111,0.8822014927864075,0.0
200,5,5,1.0,1.0,1.0,1.0,1.0,0.9988549947738647,1.0
201,5,5,1.0,1.0,1.0,0.8952409029006958,0.25,0.9794979095458984,0.0
202,5,5,0.8,0.8,0.8000000000000002,0.8407025337219238,0.42857142857142855,0.8924753069877625,0.0
203,4,5,1.0,0.8,0.888888888888889,0.9315677881240845,0.5,0.9390730857849121,0.0
204,5,5,0.6,0.6,0.6,0.8508745431900024,0.42857142857142855,0.9515383839607239,0.0
205,5,5,0.6,0.6,0.6,0.6999903917312622,0.0,0.7262840270996094,0.0
206,5,5,0.6,0.8,0.6857142857142857,0.8036648035049438,0.1111111111111111,0.9244251847267151,0.0
207,5,5,0.8,1.0,0.888888888888889,0.8733887076377869,0.42857142857142855,0.9483409523963928,0.0
208,5,5,0.6,0.6,0.6,0.822566032409668,0.25,0.8766161203384399,0.0
209,5,5,1.0,1.0,1.0,0.9715706706047058,0.6666666666666666,0.9736365079879761,0.0
210,5,5,0.8,0.8,0.8000000000000002,0.8623715043067932,0.42857142857142855,0.9419649243354797,0.0
211,5,5,1.0,1.0,1.0,1.0,1.0,1.0,1.0
212,5,5,0.8,0.6,0.6857142857142857,0.7781178951263428,0.25,0.753229558467865,0.0
213,5,5,0.8,0.8,0.8000000000000002,0.8277881145477295,0.42857142857142855,0.9205717444419861,0.0
214,5,5,1.0,0.8,0.888888888888889,0.8991397023200989,0.42857142857142855,0.8991687893867493,0.0
215,5,5,0.8,0.8,0.8000000000000002,0.8308944702148438,0.42857142857142855,0.9288275241851807,0.0
216,5,5,0.8,0.8,0.8000000000000002,0.9007309079170227,0.6666666666666666,0.9388571977615356,0.0
217,5,5,0.6,0.6,0.6,0.6718322038650513,0.0,0.8141757249832153,0.0
218,5,5,0.6,1.0,0.7499999999999999,0.8252159357070923,0.25,0.9213381409645081,0.0
219,5,5,0.4,0.4,0.4000000000000001,0.6433603763580322,0.1111111111111111,0.8115240931510925,0.0
220,5,5,1.0,1.0,1.0,1.0,1.0,1.0,1.0
221,5,5,0.6,0.8,0.6857142857142857,0.7719225287437439,0.42857142857142855,0.8803302049636841,0.0
222,5,5,1.0,0.8,0.888888888888889,0.9194086790084839,0.42857142857142855,0.9063771367073059,0.0
223,5,5,1.0,1.0,1.0,0.9191341400146484,0.42857142857142855,0.9555358290672302,0.0
224,5,5,0.4,0.6,0.48,0.6754456758499146,0.25,0.8264941573143005,0.0
225,5,5,0.4,0.6,0.48,0.6439206600189209,0.1111111111111111,0.7480903267860413,0.0
226,5,5,1.0,1.0,1.0,0.9920123815536499,0.6666666666666666,0.9982203841209412,0.0
227,5,5,0.8,0.8,0.8000000000000002,0.9310011863708496,0.6666666666666666,0.935833752155304,0.0
228,5,5,0.8,0.6,0.6857142857142857,0.7411571741104126,0.0,0.7332351803779602,0.0
229,5,5,0.4,0.4,0.4000000000000001,0.7701349854469299,0.25,0.8403041958808899,0.0
230,5,5,0.8,0.6,0.6857142857142857,0.8042129874229431,0.42857142857142855,0.8128405213356018,0.0
231,5,5,0.4,0.4,0.4000000000000001,0.6546950340270996,0.0,0.7957090139389038,0.0
232,5,5,0.8,0.8,0.8000000000000002,0.7936531901359558,0.1111111111111111,0.9159178733825684,0.0
233,5,5,0.8,0.8,0.8000000000000002,0.8489772081375122,0.42857142857142855,0.8723968863487244,0.0
234,5,5,0.6,0.6,0.6,0.752810537815094,0.1111111111111111,0.8935033082962036,0.0
235,5,5,0.8,0.6,0.6857142857142857,0.7392007112503052,0.1111111111111111,0.7117970585823059,0.0
236,5,5,1.0,1.0,1.0,0.9413257837295532,0.6666666666666666,0.9439094066619873,0.0
237,5,5,0.8,1.0,0.888888888888889,0.8797951936721802,0.42857142857142855,0.8917892575263977,0.0
238,5,5,1.0,1.0,1.0,0.9606578946113586,0.6666666666666666,0.978216826915741,0.0
239,5,5,1.0,1.0,1.0,0.9292453527450562,0.42857142857142855,0.9620065093040466,0.0
240,5,5,0.8,0.8,0.8000000000000002,0.8544275760650635,0.6666666666666666,0.9456048607826233,0.0
241,5,5,1.0,1.0,1.0,0.890557050704956,0.25,0.9167509078979492,0.0
242,5,5,1.0,1.0,1.0,0.9167750477790833,0.42857142857142855,0.9731705784797668,0.0
243,5,5,0.8,0.8,0.8000000000000002,0.8903603553771973,0.6666666666666666,0.8732848763465881,0.0
244,5,5,1.0,1.0,1.0,1.0,1.0,1.0,1.0
245,5,5,0.8,0.8,0.8000000000000002,0.8945900201797485,0.6666666666666666,0.9289348721504211,0.0
246,5,5,0.8,0.8,0.8000000000000002,0.8512184023857117,0.42857142857142855,0.8925641775131226,0.0
247,5,5,0.6,0.6,0.6,0.8038562536239624,0.25,0.9482172727584839,0.0
248,5,5,0.6,0.6,0.6,0.7364022731781006,0.1111111111111111,0.8023772239685059,0.0
249,5,5,1.0,1.0,1.0,0.9999999403953552,1.0,0.9982609748840332,1.0
250,5,5,0.8,0.8,0.8000000000000002,0.8722363710403442,0.6666666666666666,0.9425148963928223,0.0
251,5,5,0.4,0.4,0.4000000000000001,0.7004401683807373,0.0,0.8479931950569153,0.0
252,5,5,0.8,0.8,0.8000000000000002,0.7970012426376343,0.1111111111111111,0.7871419191360474,0.0
253,5,5,0.4,0.4,0.4000000000000001,0.6089985966682434,0.0,0.6032965183258057,0.0
254,5,5,0.8,1.0,0.888888888888889,0.8844538927078247,0.42857142857142855,0.9265297651290894,0.0
255,5,5,1.0,1.0,1.0,0.8924121856689453,0.1111111111111111,0.924096405506134,0.0
256,5,5,0.6,0.6,0.6,0.7162823677062988,0.0,0.9148259162902832,0.0
257,5,5,1.0,1.0,1.0,0.9122201800346375,0.42857142857142855,0.9562535881996155,0.0
258,5,5,0.2,0.2,0.20000000000000004,0.5257138609886169,0.0,0.7458111047744751,0.0
259,5,5,0.8,1.0,0.888888888888889,0.9307539463043213,0.6666666666666666,0.9728841781616211,0.0
260,5,5,0.8,0.8,0.8000000000000002,0.8313365578651428,0.42857142857142855,0.9288966059684753,0.0
261,5,5,0.8,0.8,0.8000000000000002,0.8330358266830444,0.42857142857142855,0.8891923427581787,0.0
262,5,5,0.8,0.8,0.8000000000000002,0.7600464224815369,0.0,0.8500754237174988,0.0
263,5,5,0.8,0.8,0.8000000000000002,0.8190166354179382,0.25,0.878032922744751,0.0
264,5,5,1.0,1.0,1.0,0.9999998807907104,1.0,1.0,1.0
265,5,5,0.8,0.8,0.8000000000000002,0.9163553714752197,0.6666666666666666,0.9516280889511108,0.0
266,5,5,0.4,0.4,0.4000000000000001,0.6601532101631165,0.0,0.812506377696991,0.0
267,5,5,0.8,0.8,0.8000000000000002,0.8540215492248535,0.25,0.9650307893753052,0.0
268,5,5,1.0,1.0,1.0,1.0,1.0,0.9897509813308716,1.0
269,5,5,0.8,0.8,0.8000000000000002,0.8299806118011475,0.42857142857142855,0.9157359004020691,0.0
270,5,5,0.8,1.0,0.888888888888889,0.8734650611877441,0.42857142857142855,0.9383488893508911,0.0
271,5,5,0.2,0.2,0.20000000000000004,0.5614503622055054,0.1111111111111111,0.7455428242683411,0.0
272,5,5,0.8,1.0,0.888888888888889,0.8395968675613403,0.25,0.8757337331771851,0.0
273,5,5,0.8,0.8,0.8000000000000002,0.8407999277114868,0.25,0.9140791296958923,0.0
274,5,5,0.6,0.6,0.6,0.7843565940856934,0.42857142857142855,0.8958853483200073,0.0
275,5,5,0.4,0.4,0.4000000000000001,0.5796247720718384,0.1111111111111111,0.5618702173233032,0.0
276,5,5,0.6,0.8,0.6857142857142857,0.7998318672180176,0.42857142857142855,0.8993672132492065,0.0
277,5,5,0.8,0.6,0.6857142857142857,0.7481437921524048,0.25,0.7406348586082458,0.0
278,5,5,0.8,0.8,0.8000000000000002,0.923048734664917,0.6666666666666666,0.9618208408355713,0.0
279,5,5,0.8,0.8,0.8000000000000002,0.851249098777771,0.42857142857142855,0.886104941368103,0.0
280,5,5,0.6,0.6,0.6,0.7182441353797913,0.0,0.7550978660583496,0.0
281,5,5,0.8,0.8,0.8000000000000002,0.9332305788993835,0.6666666666666666,0.9802968502044678,0.0
282,5,5,1.0,0.8,0.888888888888889,0.9649837017059326,0.6666666666666666,0.9514145255088806,0.0
283,5,5,1.0,1.0,1.0,0.9141719937324524,0.25,0.9240907430648804,0.0
284,5,5,0.8,0.8,0.8000000000000002,0.8896063566207886,0.42857142857142855,0.8464838266372681,0.0
285,5,5,0.8,0.6,0.6857142857142857,0.8035522103309631,0.42857142857142855,0.9194785356521606,0.0
286,5,5,0.8,0.8,0.8000000000000002,0.8063300848007202,0.1111111111111111,0.7970037460327148,0.0
287,5,5,0.8,0.8,0.8000000000000002,0.8321408033370972,0.42857142857142855,0.8440877199172974,0.0
288,5,5,0.6,0.6,0.6,0.7192645072937012,0.1111111111111111,0.7494005560874939,0.0
289,5,5,0.4,0.4,0.4000000000000001,0.657378613948822,0.1111111111111111,0.8583629131317139,0.0
290,5,5,1.0,1.0,1.0,1.0,1.0,0.9843305349349976,1.0
291,5,5,0.4,0.6,0.48,0.6372909545898438,0.0,0.7512125372886658,0.0
292,5,5,0.6,0.6,0.6,0.8380270004272461,0.25,0.8490069508552551,0.0
293,5,5,0.6,0.6,0.6,0.6966773271560669,0.25,0.8434085845947266,0.0
294,5,5,0.8,0.8,0.8000000000000002,0.9194284677505493,0.6666666666666666,0.95108562707901,0.0
295,5,5,0.6,0.6,0.6,0.7389460802078247,0.42857142857142855,0.8093833923339844,0.0
296,5,5,0.8,0.8,0.8000000000000002,0.9133119583129883,0.42857142857142855,0.9536415338516235,0.0
297,5,5,1.0,1.0,1.0,0.924714207649231,0.42857142857142855,0.9753649830818176,0.0
298,5,5,1.0,0.8,0.888888888888889,0.9266787767410278,0.42857142857142855,0.9684080481529236,0.0
299,5,5,0.8,0.8,0.8000000000000002,0.879436194896698,0.42857142857142855,0.9390813112258911,0.0
300,5,5,0.4,0.4,0.4000000000000001,0.6388422250747681,0.1111111111111111,0.746206521987915,0.0
301,5,5,0.8,1.0,0.888888888888889,0.9120013117790222,0.6666666666666666,0.9202737212181091,0.0
302,5,5,0.8,0.8,0.8000000000000002,0.8903073072433472,0.6666666666666666,0.9343482851982117,0.0
303,5,5,0.6,0.6,0.6,0.7989933490753174,0.25,0.8464547395706177,0.0
304,5,5,0.6,0.6,0.6,0.7787764072418213,0.42857142857142855,0.8821389079093933,0.0
305,5,5,0.6,0.6,0.6,0.7772702574729919,0.42857142857142855,0.8906843066215515,0.0
306,5,5,0.6,0.6,0.6,0.7361418604850769,0.42857142857142855,0.8705036044120789,0.0
307,5,5,0.8,0.8,0.8000000000000002,0.878525972366333,0.42857142857142855,0.9567621946334839,0.0
308,5,5,0.4,0.4,0.4000000000000001,0.5906509160995483,0.1111111111111111,0.6979838013648987,0.0
309,5,5,1.0,1.0,1.0,0.9746869206428528,0.6666666666666666,0.9909308552742004,0.0
310,5,5,1.0,0.8,0.888888888888889,0.9096195697784424,0.6666666666666666,0.9370841979980469,0.0
311,5,5,0.8,0.8,0.8000000000000002,0.9359424710273743,0.6666666666666666,0.91800457239151,0.0
312,5,5,0.8,0.8,0.8000000000000002,0.9119658470153809,0.42857142857142855,0.9372025728225708,0.0
313,5,5,0.8,0.8,0.8000000000000002,0.8741705417633057,0.42857142857142855,0.9113251566886902,0.0
314,5,5,0.6,0.8,0.6857142857142857,0.7972068190574646,0.1111111111111111,0.7792531251907349,0.0
315,5,5,0.8,0.8,0.8000000000000002,0.8736974596977234,0.6666666666666666,0.9558557868003845,0.0
316,5,5,1.0,1.0,1.0,0.92125403881073,0.25,0.9639993906021118,0.0
317,5,5,0.8,0.8,0.8000000000000002,0.8440702557563782,0.1111111111111111,0.8990955948829651,0.0
318,5,5,0.8,1.0,0.888888888888889,0.8900803327560425,0.42857142857142855,0.9303774833679199,0.0
319,5,5,0.8,0.8,0.8000000000000002,0.8649098873138428,0.42857142857142855,0.9147939682006836,0.0
320,5,5,0.4,0.4,0.4000000000000001,0.655709981918335,0.0,0.7715610265731812,0.0
321,5,5,1.0,1.0,1.0,0.9576866626739502,0.6666666666666666,0.9836916923522949,0.0
322,5,5,0.8,0.8,0.8000000000000002,0.8997350931167603,0.6666666666666666,0.9461599588394165,0.0
323,5,5,0.8,0.8,0.8000000000000002,0.8332149982452393,0.42857142857142855,0.9201109409332275,0.0
324,5,5,1.0,1.0,1.0,0.9629890322685242,0.6666666666666666,0.9387843012809753,0.0
325,5,5,0.8,1.0,0.888888888888889,0.9010956287384033,0.42857142857142855,0.9729340672492981,0.0
326,5,5,1.0,0.8,0.888888888888889,0.925510048866272,0.6666666666666666,0.9195246696472168,0.0
327,5,5,0.8,0.8,0.8000000000000002,0.8318340182304382,0.25,0.8284263610839844,0.0
328,5,5,0.4,0.6,0.48,0.7336430549621582,0.1111111111111111,0.8518427610397339,0.0
329,5,5,0.8,0.8,0.8000000000000002,0.8765262365341187,0.42857142857142855,0.8890079259872437,0.0
330,5,5,0.4,0.4,0.4000000000000001,0.5973767042160034,0.1111111111111111,0.7900829911231995,0.0
331,5,5,0.8,0.8,0.8000000000000002,0.8399580717086792,0.1111111111111111,0.9271205067634583,0.0
332,5,5,0.6,0.6,0.6,0.7840564250946045,0.25,0.765995442867279,0.0
333,5,5,0.8,0.8,0.8000000000000002,0.8244106769561768,0.25,0.8936336040496826,0.0
334,5,5,0.6,0.6,0.6,0.7156374454498291,0.0,0.8209492564201355,0.0
335,5,5,1.0,1.0,1.0,0.9927722811698914,0.6666666666666666,0.979805588722229,0.0
336,5,5,0.8,0.6,0.6857142857142857,0.8668625354766846,0.25,0.8876580595970154,0.0
337,5,5,0.8,0.8,0.8000000000000002,0.8252398371696472,0.1111111111111111,0.888293445110321,0.0
338,5,5,0.6,0.6,0.6,0.7181877493858337,0.25,0.9051563143730164,0.0
339,5,5,0.6,0.6,0.6,0.6755883693695068,0.0,0.8591058254241943,0.0
340,5,5,0.6,1.0,0.7499999999999999,0.8802554607391357,0.42857142857142855,0.9246704578399658,0.0
341,5,0,0.0,0.0,0.0,0.0,0.0,0.0,0.0
342,5,5,0.6,0.8,0.6857142857142857,0.7597579956054688,0.0,0.7554119229316711,0.0
343,5,5,0.8,0.8,0.8000000000000002,0.8517393469810486,0.25,0.8282726407051086,0.0
344,5,5,0.8,0.8,0.8000000000000002,0.8852224349975586,0.6666666666666666,0.9246830940246582,0.0
345,5,5,1.0,1.0,1.0,0.9840126037597656,0.6666666666666666,0.9945201277732849,0.0
346,5,5,0.4,0.6,0.48,0.6498668193817139,0.0,0.8414730429649353,0.0
347,5,5,0.8,0.8,0.8000000000000002,0.8017054200172424,0.25,0.8740372657775879,0.0
348,5,5,0.4,0.4,0.4000000000000001,0.6444582939147949,0.25,0.6430087089538574,0.0
349,5,5,0.8,1.0,0.888888888888889,0.8609903454780579,0.25,0.8689545392990112,0.0
350,5,5,0.6,0.6,0.6,0.8337610960006714,0.42857142857142855,0.9087772369384766,0.0
351,5,5,0.8,1.0,0.888888888888889,0.8999335169792175,0.6666666666666666,0.8447113037109375,0.0
352,5,5,1.0,1.0,1.0,1.000000238418579,1.0,1.0,1.0
353,5,5,0.8,0.8,0.8000000000000002,0.7385222911834717,0.0,0.8456769585609436,0.0
354,5,5,0.8,0.8,0.8000000000000002,0.7724711298942566,0.0,0.8614544868469238,0.0
355,5,5,0.8,0.8,0.8000000000000002,0.7675809860229492,0.0,0.7991141676902771,0.0
356,5,5,0.8,0.8,0.8000000000000002,0.8947845697402954,0.6666666666666666,0.8626040816307068,0.0
357,5,5,0.2,0.2,0.20000000000000004,0.565285861492157,0.0,0.49693089723587036,0.0
358,5,5,0.8,1.0,0.888888888888889,0.8999326229095459,0.25,0.9440169334411621,0.0
359,5,5,0.6,0.6,0.6,0.8139420747756958,0.25,0.9008826017379761,0.0
360,5,5,1.0,1.0,1.0,0.9843109846115112,0.6666666666666666,0.9879112839698792,0.0
361,5,5,0.8,0.8,0.8000000000000002,0.8102356195449829,0.25,0.9311190843582153,0.0
362,5,5,0.8,0.8,0.8000000000000002,0.9017910957336426,0.6666666666666666,0.9817562699317932,0.0
363,5,5,1.0,0.8,0.888888888888889,0.8723532557487488,0.25,0.9227187633514404,0.0
364,5,5,0.8,1.0,0.888888888888889,0.93657386302948,0.6666666666666666,0.9057961106300354,0.0
365,5,5,1.0,1.0,1.0,0.926164448261261,0.42857142857142855,0.9984561204910278,0.0
366,5,5,0.4,0.6,0.48,0.7366070747375488,0.25,0.8788588047027588,0.0
367,5,5,0.4,0.4,0.4000000000000001,0.7090860605239868,0.1111111111111111,0.8791163563728333,0.0
368,5,5,0.6,0.6,0.6,0.8023566603660583,0.25,0.880662739276886,0.0
369,5,5,1.0,1.0,1.0,0.9721636772155762,0.6666666666666666,0.9841957688331604,0.0
370,5,5,0.8,0.8,0.8000000000000002,0.8888075351715088,0.25,0.9564312100410461,0.0
371,5,5,0.8,0.8,0.8000000000000002,0.858207106590271,0.42857142857142855,0.896915078163147,0.0
372,5,5,0.8,0.6,0.6857142857142857,0.7634814977645874,0.0,0.8228441476821899,0.0
373,5,5,0.6,0.8,0.6857142857142857,0.7744032740592957,0.25,0.7756385207176208,0.0
374,5,5,0.6,0.4,0.48,0.7826172113418579,0.25,0.8696341514587402,0.0
375,5,5,0.6,0.8,0.6857142857142857,0.7053803205490112,0.0,0.8051261305809021,0.0
376,5,5,0.6,0.6,0.6,0.8584976196289062,0.42857142857142855,0.8846361637115479,0.0
377,5,5,0.8,0.6,0.6857142857142857,0.7887346148490906,0.1111111111111111,0.9250715970993042,0.0
378,5,5,0.8,0.6,0.6857142857142857,0.8492652773857117,0.42857142857142855,0.9106120467185974,0.0
379,5,5,0.8,1.0,0.888888888888889,0.7974098920822144,0.1111111111111111,0.8474153876304626,0.0
380,5,5,0.8,0.8,0.8000000000000002,0.8067002296447754,0.42857142857142855,0.911750853061676,0.0
381,5,5,0.8,0.8,0.8000000000000002,0.895571231842041,0.42857142857142855,0.9510188698768616,0.0
382,5,5,1.0,1.0,1.0,0.9731661081314087,0.6666666666666666,0.9775529503822327,0.0
383,5,5,0.8,0.8,0.8000000000000002,0.8609559535980225,0.42857142857142855,0.9365658760070801,0.0
384,5,5,1.0,0.8,0.888888888888889,0.9198461771011353,0.6666666666666666,0.9318853616714478,0.0
385,5,5,1.0,1.0,1.0,1.0,1.0,0.9993422627449036,1.0
386,5,5,0.8,0.8,0.8000000000000002,0.9053219556808472,0.6666666666666666,0.928544282913208,0.0
387,5,5,0.8,0.8,0.8000000000000002,0.8514650464057922,0.25,0.9247639775276184,0.0
388,5,5,1.0,1.0,1.0,0.9395112991333008,0.42857142857142855,0.9613005518913269,0.0
389,5,5,0.8,0.8,0.8000000000000002,0.8874337673187256,0.42857142857142855,0.9074525237083435,0.0
390,5,5,0.8,0.8,0.8000000000000002,0.8972533941268921,0.6666666666666666,0.9682884216308594,0.0
391,5,5,1.0,1.0,1.0,1.0,1.0,0.9626969695091248,1.0
392,5,5,1.0,1.0,1.0,0.9573408365249634,0.6666666666666666,0.9694047570228577,0.0
393,5,5,0.8,0.8,0.8000000000000002,0.8299534320831299,0.42857142857142855,0.9093398451805115,0.0
394,5,5,1.0,1.0,1.0,1.0,1.0,0.9981532692909241,1.0
395,5,5,0.6,0.8,0.6857142857142857,0.820234477519989,0.25,0.8924838304519653,0.0
396,5,5,0.8,0.6,0.6857142857142857,0.7951276302337646,0.42857142857142855,0.9445483088493347,0.0
397,5,5,0.6,0.6,0.6,0.8078213930130005,0.25,0.8820552229881287,0.0
398,5,5,0.6,0.6,0.6,0.7723069190979004,0.1111111111111111,0.855648398399353,0.0
399,5,5,1.0,1.0,1.0,0.977108359336853,0.6666666666666666,0.9552666544914246,0.0
400,5,5,0.8,0.8,0.8000000000000002,0.8674373626708984,0.6666666666666666,0.8807621002197266,0.0
401,5,5,0.6,0.6,0.6,0.68463534116745,0.0,0.7704407572746277,0.0
402,5,5,1.0,1.0,1.0,1.0,1.0,0.9993152022361755,1.0
403,5,5,0.8,0.8,0.8000000000000002,0.8794623613357544,0.42857142857142855,0.9357620477676392,0.0
404,5,5,0.8,0.8,0.8000000000000002,0.8865854144096375,0.6666666666666666,0.9361554980278015,0.0
405,5,5,1.0,1.0,1.0,1.0,1.0,0.999043345451355,1.0
406,5,5,0.8,1.0,0.888888888888889,0.9373528957366943,0.6666666666666666,0.9490845203399658,0.0
407,5,5,1.0,1.0,1.0,1.0,1.0,1.0,1.0
408,5,5,0.6,0.6,0.6,0.7522470951080322,0.25,0.8672056794166565,0.0
409,5,5,0.4,0.6,0.48,0.6628412008285522,0.0,0.6265328526496887,0.0
410,5,5,1.0,1.0,1.0,0.9111859798431396,0.42857142857142855,0.975151538848877,0.0
411,5,5,1.0,0.8,0.888888888888889,0.8817522525787354,0.42857142857142855,0.9413943290710449,0.0
412,5,5,1.0,0.8,0.888888888888889,0.8477097749710083,0.1111111111111111,0.914332389831543,0.0
413,5,5,1.0,1.0,1.0,0.8914448618888855,0.25,0.9239155054092407,0.0
414,5,5,0.6,0.6,0.6,0.7159450054168701,0.25,0.7469516396522522,0.0
415,5,5,0.8,0.8,0.8000000000000002,0.7911643981933594,0.25,0.8727288246154785,0.0
416,5,5,0.4,0.4,0.4000000000000001,0.6926666498184204,0.1111111111111111,0.7129085659980774,0.0
417,5,5,0.8,0.8,0.8000000000000002,0.8614646792411804,0.42857142857142855,0.9190226197242737,0.0
418,5,5,0.4,0.4,0.4000000000000001,0.7043113708496094,0.25,0.8730384111404419,0.0
419,5,5,0.2,0.2,0.20000000000000004,0.6985043287277222,0.1111111111111111,0.9035072922706604,0.0
420,5,5,0.8,0.8,0.8000000000000002,0.8973697423934937,0.42857142857142855,0.9707505702972412,0.0
421,5,5,1.0,0.8,0.888888888888889,0.9339754581451416,0.6666666666666666,0.9468145966529846,0.0
422,5,5,0.6,0.6,0.6,0.7579290866851807,0.25,0.8854627013206482,0.0
423,5,5,0.8,0.8,0.8000000000000002,0.8945881128311157,0.42857142857142855,0.9590107798576355,0.0
424,5,5,0.8,0.6,0.6857142857142857,0.7575968503952026,0.25,0.8595698475837708,0.0
425,5,5,0.4,0.4,0.4000000000000001,0.6567929983139038,0.1111111111111111,0.7617761492729187,0.0
426,5,5,0.8,1.0,0.888888888888889,0.9043474197387695,0.42857142857142855,0.9743793606758118,0.0
427,5,5,0.8,0.8,0.8000000000000002,0.8865399956703186,0.6666666666666666,0.9131223559379578,0.0
428,5,5,0.8,0.8,0.8000000000000002,0.8032009601593018,0.1111111111111111,0.8260340094566345,0.0
429,5,5,0.6,0.6,0.6,0.866645336151123,0.42857142857142855,0.9151094555854797,0.0
430,5,5,0.8,0.8,0.8000000000000002,0.9056558609008789,0.6666666666666666,0.9310577511787415,0.0
431,5,5,0.8,1.0,0.888888888888889,0.9412699341773987,0.6666666666666666,0.9687959551811218,0.0
432,5,5,0.8,0.8,0.8000000000000002,0.8917149305343628,0.42857142857142855,0.9159454703330994,0.0
433,5,5,0.6,0.8,0.6857142857142857,0.8280953168869019,0.42857142857142855,0.9133417010307312,0.0
434,5,5,0.6,0.6,0.6,0.8296860456466675,0.25,0.9251696467399597,0.0
435,5,5,0.6,0.6,0.6,0.7152960300445557,0.42857142857142855,0.8428823947906494,0.0
436,5,5,0.8,0.8,0.8000000000000002,0.7892006635665894,0.1111111111111111,0.9224920868873596,0.0
437,5,5,0.8,0.6,0.6857142857142857,0.7589277029037476,0.0,0.931847333908081,0.0
438,5,5,0.8,0.8,0.8000000000000002,0.8839091062545776,0.25,0.9538910984992981,0.0
439,5,5,1.0,1.0,1.0,0.9046114683151245,0.42857142857142855,0.9327747821807861,0.0
440,5,5,0.4,0.6,0.48,0.6830673217773438,0.0,0.8602893352508545,0.0
441,5,5,1.0,1.0,1.0,0.9999998807907104,1.0,1.0,1.0
442,5,5,0.8,0.8,0.8000000000000002,0.8506549596786499,0.42857142857142855,0.9491070508956909,0.0
443,5,5,0.8,0.8,0.8000000000000002,0.8741925954818726,0.6666666666666666,0.8127985596656799,0.0
444,5,5,0.6,0.8,0.6857142857142857,0.7655969262123108,0.1111111111111111,0.8690301179885864,0.0
445,5,5,1.0,1.0,1.0,0.8742517232894897,0.25,0.9254562854766846,0.0
446,5,5,0.6,0.6,0.6,0.7922852635383606,0.42857142857142855,0.9180646538734436,0.0
447,5,5,0.4,0.4,0.4000000000000001,0.6081520318984985,0.1111111111111111,0.7559077739715576,0.0
448,5,5,0.6,0.4,0.48,0.7598843574523926,0.25,0.8648154735565186,0.0
449,5,5,0.6,0.6,0.6,0.7971274852752686,0.25,0.8867613077163696,0.0
450,5,5,0.6,0.8,0.6857142857142857,0.7474600672721863,0.1111111111111111,0.8396980166435242,0.0
451,5,5,0.8,0.6,0.6857142857142857,0.7923747301101685,0.25,0.9432921409606934,0.0
452,5,5,0.4,0.4,0.4000000000000001,0.6614333391189575,0.25,0.7682597637176514,0.0
453,5,5,0.6,0.6,0.6,0.7700388431549072,0.25,0.8770858645439148,0.0
454,5,5,0.8,0.6,0.6857142857142857,0.8330978751182556,0.25,0.8908572793006897,0.0
455,5,5,1.0,0.8,0.888888888888889,0.9414147138595581,0.6666666666666666,0.9569265246391296,0.0
456,5,5,0.6,0.8,0.6857142857142857,0.8035297393798828,0.25,0.8820664882659912,0.0
457,5,5,0.6,0.6,0.6,0.7654089331626892,0.42857142857142855,0.8390070796012878,0.0
458,5,5,0.8,0.8,0.8000000000000002,0.8571049571037292,0.42857142857142855,0.9232646226882935,0.0
459,5,5,0.6,0.6,0.6,0.7340081930160522,0.25,0.7619841694831848,0.0
460,5,5,0.6,0.6,0.6,0.8236075639724731,0.42857142857142855,0.8720820546150208,0.0
461,5,5,0.6,0.6,0.6,0.7691078186035156,0.42857142857142855,0.8417608737945557,0.0
462,5,5,0.8,0.8,0.8000000000000002,0.8926430344581604,0.6666666666666666,0.8794348239898682,0.0
463,5,5,0.6,0.6,0.6,0.7859991788864136,0.42857142857142855,0.9353423714637756,0.0
464,5,5,0.8,1.0,0.888888888888889,0.8456183671951294,0.0,0.9248871207237244,0.0
465,5,5,1.0,1.0,1.0,0.9209872484207153,0.1111111111111111,0.9599255323410034,0.0
466,5,5,0.8,0.8,0.8000000000000002,0.8449288606643677,0.42857142857142855,0.9386950135231018,0.0
467,5,5,0.8,0.8,0.8000000000000002,0.8417640924453735,0.42857142857142855,0.9247860312461853,0.0
468,5,5,0.8,0.8,0.8000000000000002,0.8508657813072205,0.25,0.8905285596847534,0.0
469,5,5,1.0,0.8,0.888888888888889,0.8395226001739502,0.1111111111111111,0.9277304410934448,0.0
470,5,5,0.8,1.0,0.888888888888889,0.867989182472229,0.42857142857142855,0.9331411719322205,0.0
471,5,5,0.8,0.8,0.8000000000000002,0.8589458465576172,0.42857142857142855,0.9298111200332642,0.0
472,5,5,0.6,0.6,0.6,0.8061782121658325,0.42857142857142855,0.8979020118713379,0.0
473,5,5,0.8,0.8,0.8000000000000002,0.8189882636070251,0.25,0.9220547676086426,0.0
474,5,5,1.0,1.0,1.0,1.0,1.0,0.99704509973526,1.0
475,5,5,0.6,0.6,0.6,0.7751548290252686,0.0,0.9283831715583801,0.0
476,5,5,0.8,0.8,0.8000000000000002,0.844102144241333,0.42857142857142855,0.8941934704780579,0.0
477,5,5,0.8,0.8,0.8000000000000002,0.8681206703186035,0.42857142857142855,0.9444786310195923,0.0
478,5,5,0.6,0.8,0.6857142857142857,0.8225091099739075,0.42857142857142855,0.9123695492744446,0.0
479,5,5,0.6,0.6,0.6,0.765925943851471,0.25,0.9003568291664124,0.0
480,5,5,0.8,0.8,0.8000000000000002,0.8308839201927185,0.42857142857142855,0.834847092628479,0.0
481,5,4,0.4,0.5,0.4444444444444445,0.6992655396461487,0.0,0.856415867805481,0.0
482,5,5,0.6,0.6,0.6,0.7525621056556702,0.25,0.8210336565971375,0.0
483,5,5,1.0,1.0,1.0,0.9413228631019592,0.42857142857142855,0.9611026644706726,0.0
484,5,5,0.8,0.8,0.8000000000000002,0.8483848571777344,0.25,0.9613524079322815,0.0
485,5,5,0.4,0.4,0.4000000000000001,0.6998583078384399,0.0,0.8435371518135071,0.0
486,5,5,0.6,0.6,0.6,0.8574486374855042,0.42857142857142855,0.9293200373649597,0.0
487,5,5,0.6,0.6,0.6,0.8362457752227783,0.42857142857142855,0.8854836225509644,0.0
488,5,5,0.6,0.6,0.6,0.8472721576690674,0.42857142857142855,0.8782839775085449,0.0
489,5,5,0.8,0.6,0.6857142857142857,0.7441375255584717,0.25,0.6476179361343384,0.0
490,5,5,1.0,0.8,0.888888888888889,0.9542182683944702,0.6666666666666666,0.9796667098999023,0.0
491,5,5,0.8,0.8,0.8000000000000002,0.885633647441864,0.42857142857142855,0.962975025177002,0.0
492,5,5,0.6,0.6,0.6,0.8018948435783386,0.42857142857142855,0.8823956251144409,0.0
493,5,5,0.8,0.6,0.6857142857142857,0.7436726093292236,0.0,0.8552252650260925,0.0
494,4,5,1.0,0.8,0.888888888888889,0.862015962600708,0.5,0.951870322227478,0.0
495,5,5,0.8,0.8,0.8000000000000002,0.7891833186149597,0.1111111111111111,0.8623172044754028,0.0
496,4,5,1.0,0.8,0.888888888888889,0.867953896522522,0.2857142857142857,0.9274824261665344,0.0
497,5,5,0.8,0.8,0.8000000000000002,0.8678184747695923,0.6666666666666666,0.9186609983444214,0.0
498,5,5,0.8,1.0,0.888888888888889,0.8655980825424194,0.42857142857142855,0.9167166948318481,0.0
499,5,5,0.8,0.8,0.8000000000000002,0.8713725209236145,0.25,0.8341346979141235,0.0
500,5,5,0.8,0.8,0.8000000000000002,0.8822705745697021,0.6666666666666666,0.8996875882148743,0.0
501,5,5,0.8,0.8,0.8000000000000002,0.8541921377182007,0.42857142857142855,0.9119447469711304,0.0
502,5,5,1.0,1.0,1.0,1.0000001192092896,1.0,0.9983815550804138,1.0
503,5,5,0.8,0.8,0.8000000000000002,0.8769431114196777,0.6666666666666666,0.8673673272132874,0.0
504,5,5,1.0,1.0,1.0,0.9223276972770691,0.42857142857142855,0.9675790667533875,0.0
505,5,5,0.8,1.0,0.888888888888889,0.9002023339271545,0.42857142857142855,0.9417039155960083,0.0
506,5,5,0.6,0.6,0.6,0.8175754547119141,0.25,0.9382544755935669,0.0
507,5,5,1.0,1.0,1.0,0.9218999147415161,0.25,0.9672144055366516,0.0
508,5,5,0.6,0.8,0.6857142857142857,0.8117823600769043,0.42857142857142855,0.8603605031967163,0.0
509,5,5,0.6,0.6,0.6,0.7439612746238708,0.1111111111111111,0.858529269695282,0.0
510,5,5,1.0,0.8,0.888888888888889,0.903387725353241,0.42857142857142855,0.8975776433944702,0.0
511,5,5,0.8,0.8,0.8000000000000002,0.8487715125083923,0.42857142857142855,0.9240657687187195,0.0
512,5,5,0.8,0.8,0.8000000000000002,0.908136248588562,0.42857142857142855,0.969074010848999,0.0
513,5,5,1.0,1.0,1.0,0.887767493724823,0.25,0.9386622905731201,0.0
514,5,5,1.0,1.0,1.0,1.0,1.0,0.9675977230072021,1.0
515,5,5,0.8,0.8,0.8000000000000002,0.8511549234390259,0.42857142857142855,0.9284003376960754,0.0
516,5,5,0.8,0.8,0.8000000000000002,0.9147226214408875,0.6666666666666666,0.9529600739479065,0.0
517,5,5,0.6,0.8,0.6857142857142857,0.8069092035293579,0.1111111111111111,0.8101160526275635,0.0
518,5,5,1.0,1.0,1.0,0.9578683972358704,0.6666666666666666,0.980585515499115,0.0
519,5,5,0.6,0.6,0.6,0.7168635129928589,0.25,0.8305530548095703,0.0
520,5,5,0.8,0.8,0.8000000000000002,0.9200466871261597,0.6666666666666666,0.9621649384498596,0.0
521,5,5,0.6,0.8,0.6857142857142857,0.7590310573577881,0.1111111111111111,0.903302788734436,0.0
522,5,5,0.8,0.8,0.8000000000000002,0.7400310039520264,0.1111111111111111,0.858070969581604,0.0
523,5,5,0.8,0.8,0.8000000000000002,0.8907345533370972,0.42857142857142855,0.9659972786903381,0.0
524,5,5,0.6,0.6,0.6,0.7808718681335449,0.42857142857142855,0.8982243537902832,0.0
525,5,5,0.6,0.6,0.6,0.8220175504684448,0.42857142857142855,0.8793504238128662,0.0
526,5,5,1.0,0.8,0.888888888888889,0.8913478851318359,0.42857142857142855,0.9788384437561035,0.0
527,5,5,0.8,0.8,0.8000000000000002,0.9156877398490906,0.42857142857142855,0.9501773715019226,0.0
528,5,5,1.0,1.0,1.0,1.000000238418579,1.0,0.9840459227561951,1.0
529,5,5,0.8,0.6,0.6857142857142857,0.7962241172790527,0.42857142857142855,0.9033223390579224,0.0
530,5,5,0.8,0.6,0.6857142857142857,0.8076542615890503,0.25,0.8277437090873718,0.0
531,5,5,1.0,1.0,1.0,0.9512821435928345,0.42857142857142855,0.9149926900863647,0.0
532,5,5,1.0,1.0,1.0,0.9999998807907104,1.0,0.9828643202781677,1.0
533,5,5,1.0,1.0,1.0,1.0000001192092896,1.0,1.0,1.0
534,5,5,1.0,1.0,1.0,1.0,1.0,1.0000001192092896,1.0
535,5,5,1.0,1.0,1.0,0.9838329553604126,0.6666666666666666,0.9931153655052185,0.0
536,5,5,0.6,0.8,0.6857142857142857,0.7357445955276489,0.0,0.8158196210861206,0.0
537,5,5,0.4,0.8,0.5333333333333333,0.6812037229537964,0.0,0.8471087217330933,0.0
538,5,5,0.8,1.0,0.888888888888889,0.8335831761360168,0.25,0.8601680397987366,0.0
539,5,5,0.8,0.8,0.8000000000000002,0.8874231576919556,0.6666666666666666,0.9503127932548523,0.0
540,5,5,1.0,1.0,1.0,1.000000238418579,1.0,0.9992814064025879,1.0
541,5,5,1.0,1.0,1.0,0.9180940389633179,0.42857142857142855,0.9399121403694153,0.0
542,5,5,0.6,0.6,0.6,0.7562875747680664,0.42857142857142855,0.9111137390136719,0.0
543,5,5,0.6,0.8,0.6857142857142857,0.7872031331062317,0.25,0.9163098335266113,0.0
544,5,5,0.8,0.8,0.8000000000000002,0.8642750382423401,0.6666666666666666,0.9155117869377136,0.0
545,5,5,0.8,1.0,0.888888888888889,0.9556961059570312,0.6666666666666666,0.9901333451271057,0.0
546,5,5,0.6,0.6,0.6,0.8125727772712708,0.42857142857142855,0.9354897737503052,0.0
547,5,5,1.0,1.0,1.0,0.9658893346786499,0.6666666666666666,0.9912198185920715,0.0
548,5,5,0.8,0.8,0.8000000000000002,0.9038063883781433,0.42857142857142855,0.9447245597839355,0.0
549,5,5,0.6,0.6,0.6,0.7481634616851807,0.42857142857142855,0.832546055316925,0.0
550,5,5,0.6,0.6,0.6,0.6871680021286011,0.25,0.8552958369255066,0.0
551,5,5,0.6,0.6,0.6,0.6658389568328857,0.0,0.7984195947647095,0.0
552,5,5,0.8,0.8,0.8000000000000002,0.7939079999923706,0.25,0.8993990421295166,0.0
553,5,5,0.6,0.6,0.6,0.7699875831604004,0.42857142857142855,0.7909483909606934,0.0
554,5,5,0.8,0.6,0.6857142857142857,0.8534805774688721,0.42857142857142855,0.9386277198791504,0.0
555,5,5,0.8,0.6,0.6857142857142857,0.7972817420959473,0.25,0.8358893394470215,0.0
556,5,5,0.8,0.8,0.8000000000000002,0.9393329620361328,0.6666666666666666,0.978076159954071,0.0
557,5,5,0.8,0.8,0.8000000000000002,0.8005070686340332,0.25,0.8193727135658264,0.0
558,5,5,1.0,1.0,1.0,0.9322819113731384,0.25,0.9861471652984619,0.0
559,5,5,0.6,0.6,0.6,0.6655759811401367,0.1111111111111111,0.8030309081077576,0.0
560,5,5,1.0,1.0,1.0,1.0,1.0,0.9788276553153992,1.0
561,5,5,0.6,0.6,0.6,0.7073101997375488,0.25,0.7746260762214661,0.0
562,5,5,0.6,0.6,0.6,0.7029041051864624,0.1111111111111111,0.8305612206459045,0.0
563,5,5,0.8,0.8,0.8000000000000002,0.8576614260673523,0.25,0.9287261366844177,0.0
564,5,5,0.8,0.8,0.8000000000000002,0.818148136138916,0.42857142857142855,0.8851261138916016,0.0
565,5,5,0.6,0.6,0.6,0.6664109826087952,0.1111111111111111,0.822963297367096,0.0
566,5,5,0.6,0.8,0.6857142857142857,0.7964893579483032,0.25,0.8953604698181152,0.0
567,5,5,1.0,1.0,1.0,0.9999998211860657,1.0,0.9999998807907104,1.0
568,5,5,0.8,1.0,0.888888888888889,0.8576886057853699,0.42857142857142855,0.891394317150116,0.0
569,5,5,0.8,0.8,0.8000000000000002,0.8417474031448364,0.25,0.9167394042015076,0.0
570,5,5,0.6,0.6,0.6,0.742136538028717,0.42857142857142855,0.8562027215957642,0.0
571,5,5,1.0,1.0,1.0,1.0,1.0,0.9995527267456055,1.0
572,5,5,0.2,0.2,0.20000000000000004,0.568231463432312,0.0,0.5835668444633484,0.0
573,5,5,1.0,1.0,1.0,0.96511310338974,0.6666666666666666,0.9855605959892273,0.0
574,5,5,0.4,0.4,0.4000000000000001,0.6501169800758362,0.25,0.8554566502571106,0.0
575,5,5,0.6,0.6,0.6,0.777959942817688,0.25,0.8939356207847595,0.0
576,5,5,0.8,1.0,0.888888888888889,0.9337897300720215,0.42857142857142855,0.9605793356895447,0.0
577,5,5,0.2,0.2,0.20000000000000004,0.6830968856811523,0.1111111111111111,0.8653267025947571,0.0
578,5,5,0.8,0.8,0.8000000000000002,0.8767365217208862,0.42857142857142855,0.9565690159797668,0.0
579,5,5,0.8,0.8,0.8000000000000002,0.9000582098960876,0.6666666666666666,0.9666401147842407,0.0
580,5,5,1.0,1.0,1.0,1.0,1.0,0.997327983379364,1.0
581,5,5,0.8,0.6,0.6857142857142857,0.8346807360649109,0.42857142857142855,0.8973765969276428,0.0
582,5,5,0.6,0.8,0.6857142857142857,0.7575535774230957,0.1111111111111111,0.7359115481376648,0.0
583,5,5,0.6,0.6,0.6,0.6625572443008423,0.0,0.7584282159805298,0.0
584,5,5,0.6,0.6,0.6,0.7623497247695923,0.1111111111111111,0.894335925579071,0.0
585,5,5,0.8,1.0,0.888888888888889,0.8736169338226318,0.42857142857142855,0.907472550868988,0.0
586,5,5,0.8,0.8,0.8000000000000002,0.9229494333267212,0.6666666666666666,0.9820795655250549,0.0
587,5,5,1.0,0.8,0.888888888888889,0.9282927513122559,0.6666666666666666,0.926175057888031,0.0
588,5,5,0.6,0.6,0.6,0.7717736959457397,0.25,0.8416221141815186,0.0
589,5,5,0.6,1.0,0.7499999999999999,0.8139748573303223,0.25,0.7664387226104736,0.0
590,5,5,0.8,0.8,0.8000000000000002,0.8105251789093018,0.25,0.8305970430374146,0.0
591,5,5,0.6,0.4,0.48,0.6281875967979431,0.1111111111111111,0.6371987462043762,0.0
592,5,5,0.8,0.6,0.6857142857142857,0.7890316247940063,0.42857142857142855,0.7761728167533875,0.0
593,5,5,0.8,0.8,0.8000000000000002,0.8602042198181152,0.42857142857142855,0.9467790126800537,0.0
594,5,5,1.0,0.8,0.888888888888889,0.8603152632713318,0.42857142857142855,0.9313470721244812,0.0
595,5,5,0.6,0.6,0.6,0.7784464359283447,0.42857142857142855,0.8510844707489014,0.0
596,5,5,0.8,0.8,0.8000000000000002,0.8764469623565674,0.6666666666666666,0.9331804513931274,0.0
597,5,5,1.0,1.0,1.0,0.9540872573852539,0.42857142857142855,0.9363530874252319,0.0
598,5,5,0.8,0.8,0.8000000000000002,0.8896034359931946,0.6666666666666666,0.9404140710830688,0.0
599,5,5,1.0,1.0,1.0,0.9729242324829102,0.6666666666666666,0.9879071712493896,0.0
600,5,5,0.6,0.6,0.6,0.7421994209289551,0.1111111111111111,0.7780681252479553,0.0
601,5,5,0.8,0.8,0.8000000000000002,0.866431713104248,0.42857142857142855,0.9677041172981262,0.0
602,5,5,0.8,0.8,0.8000000000000002,0.9199429750442505,0.6666666666666666,0.9485985040664673,0.0
603,5,5,0.8,1.0,0.888888888888889,0.8966882824897766,0.25,0.9828606843948364,0.0
604,5,5,0.8,1.0,0.888888888888889,0.8910639882087708,0.42857142857142855,0.9264498949050903,0.0
605,5,5,0.6,0.6,0.6,0.7401402592658997,0.25,0.8252570033073425,0.0
606,5,5,0.8,0.8,0.8000000000000002,0.9119115471839905,0.42857142857142855,0.8662720322608948,0.0
607,5,5,1.0,0.6,0.7499999999999999,0.8516205549240112,0.25,0.9100898504257202,0.0
608,5,5,0.8,0.8,0.8000000000000002,0.8379150629043579,0.1111111111111111,0.8901245594024658,0.0
609,5,5,1.0,1.0,1.0,0.9633551239967346,0.42857142857142855,0.9575791954994202,0.0
610,5,5,1.0,0.8,0.888888888888889,0.9071885347366333,0.42857142857142855,0.9544900059700012,0.0
611,5,5,0.8,0.8,0.8000000000000002,0.7761853933334351,0.0,0.9046355485916138,0.0
612,5,5,0.6,0.6,0.6,0.7886406183242798,0.25,0.880172610282898,0.0
613,5,5,0.6,0.4,0.48,0.7190396785736084,0.25,0.7895181775093079,0.0
614,5,5,0.8,0.8,0.8000000000000002,0.8338859677314758,0.25,0.9216653108596802,0.0
615,5,5,0.8,0.8,0.8000000000000002,0.8935459852218628,0.6666666666666666,0.8810625672340393,0.0
616,5,5,0.8,1.0,0.888888888888889,0.9184443950653076,0.42857142857142855,0.9248366951942444,0.0
617,5,5,0.8,0.8,0.8000000000000002,0.9187032580375671,0.6666666666666666,0.9667176008224487,0.0
618,5,5,1.0,0.8,0.888888888888889,0.8972537517547607,0.42857142857142855,0.9504360556602478,0.0
619,5,5,0.6,0.6,0.6,0.7186982035636902,0.25,0.8727530241012573,0.0
620,5,5,1.0,0.8,0.888888888888889,0.9154359102249146,0.6666666666666666,0.9630926847457886,0.0
621,5,5,0.6,0.6,0.6,0.7455230951309204,0.1111111111111111,0.857787013053894,0.0
622,5,5,0.6,0.6,0.6,0.7849209308624268,0.25,0.8243240118026733,0.0
623,5,5,1.0,1.0,1.0,0.9759461283683777,0.42857142857142855,0.9941715598106384,0.0
624,5,5,0.6,0.8,0.6857142857142857,0.8096308708190918,0.25,0.8856856226921082,0.0
625,5,5,0.8,1.0,0.888888888888889,0.780645489692688,0.1111111111111111,0.8345807194709778,0.0
626,5,5,0.8,0.8,0.8000000000000002,0.7828369140625,0.1111111111111111,0.9370203614234924,0.0
627,5,5,0.8,1.0,0.888888888888889,0.8750039339065552,0.25,0.9175722599029541,0.0
628,4,5,1.0,0.8,0.888888888888889,0.9452394247055054,0.5,0.9807618856430054,0.0
629,5,5,0.6,0.6,0.6,0.7664070129394531,0.25,0.8714492321014404,0.0
630,5,5,0.6,0.6,0.6,0.7691223621368408,0.42857142857142855,0.892654538154602,0.0
631,5,5,1.0,0.8,0.888888888888889,0.927183985710144,0.6666666666666666,0.8599367141723633,0.0
632,5,5,1.0,1.0,1.0,0.9468435049057007,0.6666666666666666,0.9797182679176331,0.0
633,5,5,0.8,0.8,0.8000000000000002,0.9065604209899902,0.6666666666666666,0.93229740858078,0.0
634,5,5,0.6,0.6,0.6,0.758090078830719,0.1111111111111111,0.9239423871040344,0.0
635,5,5,0.6,0.6,0.6,0.7816543579101562,0.42857142857142855,0.8575578927993774,0.0
636,5,5,0.8,0.8,0.8000000000000002,0.8883594274520874,0.6666666666666666,0.8494803309440613,0.0
637,5,5,0.8,1.0,0.888888888888889,0.864272952079773,0.42857142857142855,0.909727931022644,0.0
638,5,5,0.6,0.6,0.6,0.7685800194740295,0.25,0.9407411813735962,0.0
639,5,5,1.0,1.0,1.0,1.0,1.0,0.9584073424339294,1.0
640,5,5,0.8,0.8,0.8000000000000002,0.8767057657241821,0.25,0.9377555847167969,0.0
641,5,5,0.8,0.6,0.6857142857142857,0.7809947729110718,0.42857142857142855,0.8813381791114807,0.0
642,5,5,0.6,0.6,0.6,0.627477765083313,0.0,0.6544446349143982,0.0
643,5,5,0.6,0.8,0.6857142857142857,0.8743900060653687,0.42857142857142855,0.9292443990707397,0.0
644,5,5,1.0,1.0,1.0,0.9437873959541321,0.6666666666666666,0.9704021215438843,0.0
645,5,5,0.6,0.6,0.6,0.8113751411437988,0.42857142857142855,0.8770641684532166,0.0
646,5,5,0.8,0.8,0.8000000000000002,0.8665448427200317,0.42857142857142855,0.9388228058815002,0.0
647,5,5,0.6,0.8,0.6857142857142857,0.7708678841590881,0.1111111111111111,0.9132155179977417,0.0
648,5,5,0.8,0.8,0.8000000000000002,0.8290315270423889,0.25,0.9129970073699951,0.0
649,5,5,0.8,0.6,0.6857142857142857,0.7719042301177979,0.25,0.7931278347969055,0.0
650,5,5,1.0,0.8,0.888888888888889,0.8664913773536682,0.42857142857142855,0.8748412132263184,0.0
651,5,5,0.6,0.6,0.6,0.8219970464706421,0.42857142857142855,0.9429101943969727,0.0
652,5,5,1.0,1.0,1.0,1.0,1.0,0.9992848634719849,1.0
653,5,5,1.0,1.0,1.0,0.9999998807907104,1.0,1.0000001192092896,1.0
654,5,5,0.8,0.8,0.8000000000000002,0.7900248765945435,0.25,0.8232377171516418,0.0
655,5,5,1.0,1.0,1.0,0.9185923933982849,0.42857142857142855,0.9598678946495056,0.0
656,5,5,1.0,1.0,1.0,1.0,1.0,0.9820783734321594,1.0
657,5,5,0.8,0.8,0.8000000000000002,0.8881184458732605,0.6666666666666666,0.9252243638038635,0.0
658,5,5,0.6,0.8,0.6857142857142857,0.7980814576148987,0.42857142857142855,0.8151013255119324,0.0
659,5,5,0.8,0.8,0.8000000000000002,0.8591928482055664,0.42857142857142855,0.8865603804588318,0.0
660,5,5,1.0,1.0,1.0,1.0,1.0,0.9982270002365112,1.0
661,5,5,0.8,0.8,0.8000000000000002,0.8571586012840271,0.6666666666666666,0.9395066499710083,0.0
662,5,5,0.8,0.8,0.8000000000000002,0.8791770935058594,0.6666666666666666,0.8043621778488159,0.0
663,5,5,1.0,1.0,1.0,0.9730331301689148,0.6666666666666666,0.9770231246948242,0.0
664,5,5,0.8,0.8,0.8000000000000002,0.9055219888687134,0.6666666666666666,0.923176109790802,0.0
665,5,5,0.8,0.6,0.6857142857142857,0.870220422744751,0.42857142857142855,0.9218282103538513,0.0
666,5,5,0.6,0.6,0.6,0.7007638216018677,0.1111111111111111,0.8341531753540039,0.0
667,5,5,0.8,1.0,0.888888888888889,0.9147258996963501,0.25,0.8997518420219421,0.0
668,5,5,0.4,0.4,0.4000000000000001,0.7777880430221558,0.1111111111111111,0.903200089931488,0.0
669,5,5,0.8,0.8,0.8000000000000002,0.7969542741775513,0.25,0.9005512595176697,0.0
670,5,5,0.8,0.8,0.8000000000000002,0.8909469246864319,0.6666666666666666,0.9685981273651123,0.0
671,5,5,1.0,1.0,1.0,1.0000001192092896,1.0,1.0,1.0
672,5,5,1.0,1.0,1.0,1.0,1.0,1.0,1.0
673,5,5,0.6,0.6,0.6,0.823316216468811,0.42857142857142855,0.8759434223175049,0.0
674,5,5,0.6,0.4,0.48,0.7486554980278015,0.1111111111111111,0.8744213581085205,0.0
675,5,5,0.8,0.8,0.8000000000000002,0.852841854095459,0.42857142857142855,0.8828287720680237,0.0
676,5,5,0.6,0.6,0.6,0.7002432346343994,0.25,0.768580436706543,0.0
677,5,5,0.8,1.0,0.888888888888889,0.9341610670089722,0.6666666666666666,0.9468026161193848,0.0
678,5,5,0.8,0.8,0.8000000000000002,0.9248924255371094,0.6666666666666666,0.9443429708480835,0.0
679,5,5,0.2,0.2,0.20000000000000004,0.5174553394317627,0.1111111111111111,0.6613674759864807,0.0
680,5,5,0.8,1.0,0.888888888888889,0.8745204210281372,0.42857142857142855,0.9660682082176208,0.0
681,5,5,0.6,0.4,0.48,0.7300339937210083,0.25,0.8155969977378845,0.0
682,5,5,1.0,0.8,0.888888888888889,0.9464293718338013,0.6666666666666666,0.9775175452232361,0.0
683,5,5,0.6,0.8,0.6857142857142857,0.7795868515968323,0.42857142857142855,0.6895133256912231,0.0
684,5,5,0.6,0.6,0.6,0.6910895109176636,0.0,0.7296728491783142,0.0
685,5,5,0.6,0.6,0.6,0.8012161254882812,0.42857142857142855,0.7691603302955627,0.0
686,5,5,1.0,1.0,1.0,0.9714030623435974,0.6666666666666666,0.9339287877082825,0.0
687,5,5,0.8,0.8,0.8000000000000002,0.8226946592330933,0.1111111111111111,0.839381754398346,0.0
688,5,5,0.8,0.6,0.6857142857142857,0.7855286598205566,0.1111111111111111,0.8913741111755371,0.0
689,5,5,0.8,1.0,0.888888888888889,0.8255636692047119,0.25,0.9296980500221252,0.0
690,5,5,1.0,1.0,1.0,0.989973247051239,0.6666666666666666,0.9971761107444763,0.0
691,5,5,0.6,0.4,0.48,0.7489277124404907,0.25,0.8263840675354004,0.0
692,5,5,0.8,0.8,0.8000000000000002,0.8551377058029175,0.42857142857142855,0.9147034287452698,0.0
693,5,5,0.6,0.6,0.6,0.8171648979187012,0.42857142857142855,0.8554261922836304,0.0
694,5,5,1.0,1.0,1.0,0.868918240070343,0.1111111111111111,0.9464854598045349,0.0
695,5,5,0.6,0.6,0.6,0.8670447468757629,0.42857142857142855,0.9414723515510559,0.0
696,5,5,0.6,0.6,0.6,0.7443383932113647,0.0,0.8623048663139343,0.0
697,5,5,0.6,0.6,0.6,0.7604302167892456,0.25,0.8805328011512756,0.0
698,5,5,1.0,1.0,1.0,0.9489242434501648,0.6666666666666666,0.9550557732582092,0.0
699,5,5,0.6,0.8,0.6857142857142857,0.795536994934082,0.25,0.8688708543777466,0.0
700,5,5,0.8,1.0,0.888888888888889,0.857111930847168,0.25,0.9187832474708557,0.0
701,5,5,0.8,0.8,0.8000000000000002,0.8951621055603027,0.6666666666666666,0.9565995335578918,0.0
702,5,5,0.8,1.0,0.888888888888889,0.887063205242157,0.42857142857142855,0.9516960382461548,0.0
703,5,5,0.8,0.6,0.6857142857142857,0.8853939771652222,0.42857142857142855,0.8850285410881042,0.0
704,5,5,1.0,1.0,1.0,1.0000001192092896,1.0,0.9986926913261414,1.0
705,5,5,0.8,1.0,0.888888888888889,0.912592887878418,0.6666666666666666,0.949888288974762,0.0
706,5,5,0.8,0.8,0.8000000000000002,0.8761732578277588,0.42857142857142855,0.9722962975502014,0.0
707,5,5,0.8,0.8,0.8000000000000002,0.87767094373703,0.42857142857142855,0.9362255334854126,0.0
708,5,5,0.8,0.8,0.8000000000000002,0.8856998682022095,0.6666666666666666,0.9500508308410645,0.0
709,5,5,0.6,0.6,0.6,0.8042148351669312,0.1111111111111111,0.859815776348114,0.0
710,4,5,0.5,0.8,0.6153846153846154,0.7175122499465942,0.0,0.8234643936157227,0.0
711,5,5,0.6,0.6,0.6,0.7879971265792847,0.42857142857142855,0.8157846927642822,0.0
712,5,5,0.4,0.4,0.4000000000000001,0.5946382284164429,0.0,0.8255496025085449,0.0
713,5,5,0.6,0.8,0.6857142857142857,0.7105772495269775,0.1111111111111111,0.8207643628120422,0.0
714,5,5,0.4,0.6,0.48,0.7086414098739624,0.0,0.8773971796035767,0.0
715,5,5,1.0,1.0,1.0,0.9733360409736633,0.42857142857142855,0.9925191402435303,0.0
716,5,5,0.8,0.8,0.8000000000000002,0.8562055826187134,0.6666666666666666,0.9328652024269104,0.0
717,5,5,0.4,0.4,0.4000000000000001,0.6802578568458557,0.1111111111111111,0.8898537158966064,0.0
718,5,5,1.0,0.8,0.888888888888889,0.8952019214630127,0.42857142857142855,0.9466518759727478,0.0
719,5,5,1.0,1.0,1.0,0.9999998807907104,1.0,0.9995684027671814,1.0
720,5,5,0.8,1.0,0.888888888888889,0.902379035949707,0.6666666666666666,0.8733549118041992,0.0
721,5,5,0.8,0.8,0.8000000000000002,0.8627911806106567,0.6666666666666666,0.9183849692344666,0.0
722,5,5,1.0,1.0,1.0,0.970913290977478,0.6666666666666666,0.9822061657905579,0.0
723,5,5,1.0,1.0,1.0,0.991894543170929,0.6666666666666666,0.9946062564849854,0.0
724,5,5,0.8,0.8,0.8000000000000002,0.8666387796401978,0.6666666666666666,0.8902506232261658,0.0
725,5,5,1.0,1.0,1.0,1.0000001192092896,1.0,1.0000001192092896,1.0
726,5,5,0.4,0.4,0.4000000000000001,0.7846248745918274,0.25,0.8898054957389832,0.0
727,5,5,0.8,0.8,0.8000000000000002,0.8443527221679688,0.42857142857142855,0.9282733201980591,0.0
728,5,5,1.0,0.8,0.888888888888889,0.914747953414917,0.6666666666666666,0.9630075693130493,0.0
729,5,5,0.8,0.8,0.8000000000000002,0.9125739932060242,0.42857142857142855,0.9726086854934692,0.0
730,5,5,0.6,0.6,0.6,0.7435012459754944,0.25,0.8288923501968384,0.0
731,5,5,0.8,0.8,0.8000000000000002,0.9091495275497437,0.6666666666666666,0.933144748210907,0.0
732,5,5,1.0,1.0,1.0,0.9485332369804382,0.42857142857142855,0.9837486743927002,0.0
733,5,5,0.8,0.8,0.8000000000000002,0.8678978681564331,0.6666666666666666,0.871385931968689,0.0
734,5,5,0.8,0.8,0.8000000000000002,0.8521742224693298,0.42857142857142855,0.8260365128517151,0.0
735,5,5,0.8,1.0,0.888888888888889,0.8283937573432922,0.1111111111111111,0.8541139960289001,0.0
736,5,5,1.0,1.0,1.0,0.9999998807907104,1.0,0.9996235370635986,1.0
737,5,5,0.8,0.8,0.8000000000000002,0.8998541831970215,0.6666666666666666,0.7703631520271301,0.0
738,5,5,0.8,0.8,0.8000000000000002,0.8283244371414185,0.1111111111111111,0.9250133037567139,0.0
739,5,5,1.0,1.0,1.0,0.9677470922470093,0.42857142857142855,0.9754003882408142,0.0
740,5,5,0.6,0.6,0.6,0.7464420795440674,0.0,0.9092844724655151,0.0
741,5,5,0.6,0.8,0.6857142857142857,0.7799290418624878,0.25,0.8867943286895752,0.0
742,5,5,0.6,0.6,0.6,0.7563238143920898,0.1111111111111111,0.8993327021598816,0.0
743,5,5,0.4,0.6,0.48,0.6520257592201233,0.1111111111111111,0.8645092844963074,0.0
744,5,5,0.8,0.8,0.8000000000000002,0.8658989667892456,0.6666666666666666,0.9749412536621094,0.0
745,5,5,0.8,0.8,0.8000000000000002,0.8496592044830322,0.6666666666666666,0.9125468730926514,0.0
746,5,5,0.6,0.6,0.6,0.7935205698013306,0.42857142857142855,0.8520926237106323,0.0
747,5,5,0.8,0.8,0.8000000000000002,0.8054633140563965,0.42857142857142855,0.8446710705757141,0.0
748,5,5,1.0,1.0,1.0,0.9599015116691589,0.42857142857142855,0.930277943611145,0.0
749,5,5,1.0,0.8,0.888888888888889,0.8817757964134216,0.42857142857142855,0.9836845993995667,0.0
750,5,5,1.0,1.0,1.0,0.9743518233299255,0.42857142857142855,0.9793463945388794,0.0
751,5,5,0.8,0.8,0.8000000000000002,0.9110149145126343,0.42857142857142855,0.9847974181175232,0.0
752,5,5,0.8,0.8,0.8000000000000002,0.7762661576271057,0.0,0.9419814348220825,0.0
753,5,5,0.4,0.4,0.4000000000000001,0.6211978197097778,0.1111111111111111,0.662013828754425,0.0
754,5,5,0.8,0.8,0.8000000000000002,0.8720866441726685,0.6666666666666666,0.9441350698471069,0.0
755,5,5,0.6,0.6,0.6,0.7110046148300171,0.25,0.8455058336257935,0.0
756,5,5,0.8,0.8,0.8000000000000002,0.8630975484848022,0.42857142857142855,0.9373809695243835,0.0
757,5,5,0.6,0.8,0.6857142857142857,0.8283134698867798,0.42857142857142855,0.8810405135154724,0.0
758,5,5,1.0,1.0,1.0,0.8903142809867859,0.1111111111111111,0.9157868027687073,0.0
759,5,5,0.8,0.8,0.8000000000000002,0.8429335951805115,0.25,0.891141951084137,0.0
760,5,5,1.0,0.8,0.888888888888889,0.8459088802337646,0.1111111111111111,0.9481296539306641,0.0
761,5,5,0.8,0.8,0.8000000000000002,0.8201448321342468,0.25,0.8487313389778137,0.0
762,5,5,0.8,1.0,0.888888888888889,0.8915019631385803,0.25,0.9715176820755005,0.0
763,5,5,0.8,0.8,0.8000000000000002,0.8166605234146118,0.25,0.9257141947746277,0.0
764,5,5,1.0,1.0,1.0,1.0,1.0,1.0,1.0
765,5,5,0.6,0.6,0.6,0.6799756288528442,0.0,0.9128698706626892,0.0
766,5,5,1.0,1.0,1.0,0.9624439477920532,0.6666666666666666,0.989372730255127,0.0
767,5,5,0.8,0.8,0.8000000000000002,0.896378219127655,0.6666666666666666,0.9739696383476257,0.0
768,5,5,0.8,0.8,0.8000000000000002,0.8695367574691772,0.42857142857142855,0.8983845710754395,0.0
769,5,5,0.8,0.8,0.8000000000000002,0.7908605337142944,0.1111111111111111,0.8337080478668213,0.0
770,5,5,0.8,0.8,0.8000000000000002,0.8715450763702393,0.42857142857142855,0.9184499382972717,0.0
771,5,5,1.0,1.0,1.0,0.8429924845695496,0.0,0.8440712094306946,0.0
772,5,5,0.8,0.8,0.8000000000000002,0.9115514755249023,0.6666666666666666,0.9664970636367798,0.0
773,5,5,1.0,1.0,1.0,0.8855920433998108,0.25,0.9070712924003601,0.0
774,5,5,0.8,1.0,0.888888888888889,0.8130640983581543,0.25,0.8990410566329956,0.0
775,5,5,1.0,1.0,1.0,0.9527409672737122,0.6666666666666666,0.9812993407249451,0.0
776,5,5,0.8,1.0,0.888888888888889,0.9056254625320435,0.42857142857142855,0.9400555491447449,0.0
777,5,5,1.0,1.0,1.0,0.9394196271896362,0.42857142857142855,0.9790331125259399,0.0
778,5,5,1.0,1.0,1.0,0.9349056482315063,0.42857142857142855,0.9729776978492737,0.0
779,5,5,0.8,0.8,0.8000000000000002,0.856580913066864,0.42857142857142855,0.8920097351074219,0.0
780,5,5,0.8,0.8,0.8000000000000002,0.8406561017036438,0.42857142857142855,0.8924257755279541,0.0
781,5,5,0.6,0.6,0.6,0.7552264928817749,0.0,0.9080742001533508,0.0
782,5,5,1.0,1.0,1.0,0.8253431916236877,0.1111111111111111,0.8388434052467346,0.0
783,5,5,1.0,1.0,1.0,0.9942964315414429,0.6666666666666666,0.995002806186676,0.0
784,5,5,1.0,0.8,0.888888888888889,0.9230344295501709,0.42857142857142855,0.9234713315963745,0.0
785,5,5,0.6,0.8,0.6857142857142857,0.7750442028045654,0.25,0.9085997343063354,0.0
786,5,5,0.6,0.8,0.6857142857142857,0.7927818298339844,0.42857142857142855,0.8716138005256653,0.0
787,5,5,0.4,0.4,0.4000000000000001,0.7140604257583618,0.25,0.8780319094657898,0.0
788,5,5,0.8,1.0,0.888888888888889,0.8457200527191162,0.1111111111111111,0.7943836450576782,0.0
789,5,5,0.8,0.8,0.8000000000000002,0.8136736154556274,0.42857142857142855,0.8799441456794739,0.0
790,5,5,0.6,0.6,0.6,0.7975311279296875,0.25,0.9097487330436707,0.0
791,5,5,1.0,0.8,0.888888888888889,0.9226346015930176,0.6666666666666666,0.9619739651679993,0.0
792,5,5,0.8,0.8,0.8000000000000002,0.8761293888092041,0.6666666666666666,0.93279629945755,0.0
793,5,5,1.0,1.0,1.0,0.9477475881576538,0.6666666666666666,0.9848204851150513,0.0
794,5,5,0.4,0.4,0.4000000000000001,0.7567395567893982,0.25,0.8928356766700745,0.0
795,5,5,0.6,0.6,0.6,0.7522004842758179,0.25,0.8199289441108704,0.0
796,5,5,0.8,1.0,0.888888888888889,0.9152141213417053,0.42857142857142855,0.9717922806739807,0.0
797,5,5,0.8,0.8,0.8000000000000002,0.8768548369407654,0.6666666666666666,0.9567388892173767,0.0
798,5,5,0.6,0.8,0.6857142857142857,0.7421271800994873,0.0,0.6927903890609741,0.0
799,5,5,0.8,0.8,0.8000000000000002,0.8296815156936646,0.42857142857142855,0.873541533946991,0.0
800,5,5,0.8,0.8,0.8000000000000002,0.8894636034965515,0.6666666666666666,0.8872397541999817,0.0
801,5,5,0.8,0.8,0.8000000000000002,0.8819891214370728,0.6666666666666666,0.970710813999176,0.0
802,5,5,1.0,1.0,1.0,0.9827533960342407,0.42857142857142855,0.9899290204048157,0.0
803,5,5,0.8,0.8,0.8000000000000002,0.9393583536148071,0.6666666666666666,0.9587898850440979,0.0
804,5,5,0.8,0.8,0.8000000000000002,0.9045538902282715,0.6666666666666666,0.9647868275642395,0.0
805,5,5,0.8,0.8,0.8000000000000002,0.8290526866912842,0.25,0.9243931770324707,0.0
806,5,5,0.6,0.6,0.6,0.797787606716156,0.25,0.920139729976654,0.0
807,5,5,0.8,0.8,0.8000000000000002,0.8853930830955505,0.6666666666666666,0.9113740921020508,0.0
808,5,5,0.6,0.6,0.6,0.7760552167892456,0.25,0.8867778778076172,0.0
809,5,5,1.0,1.0,1.0,0.979688823223114,0.6666666666666666,0.983881950378418,0.0
810,5,5,0.8,0.6,0.6857142857142857,0.8749541640281677,0.42857142857142855,0.9553816914558411,0.0
811,5,5,0.8,0.8,0.8000000000000002,0.8872174620628357,0.6666666666666666,0.7928965091705322,0.0
812,5,5,0.4,0.4,0.4000000000000001,0.672333300113678,0.25,0.7872228026390076,0.0
813,5,5,0.8,0.8,0.8000000000000002,0.8206759691238403,0.25,0.9029058218002319,0.0
814,5,5,0.6,0.8,0.6857142857142857,0.7508295774459839,0.25,0.7973130941390991,0.0
815,5,5,0.6,0.6,0.6,0.806248128414154,0.42857142857142855,0.9305371046066284,0.0
816,5,5,0.8,0.8,0.8000000000000002,0.7641507387161255,0.1111111111111111,0.8638318777084351,0.0
817,5,5,1.0,1.0,1.0,0.9735755920410156,0.6666666666666666,0.9880192875862122,0.0
818,5,5,0.6,0.8,0.6857142857142857,0.7750256061553955,0.42857142857142855,0.8982986211776733,0.0
819,5,5,0.8,0.8,0.8000000000000002,0.8868476152420044,0.6666666666666666,0.9590399861335754,0.0
820,5,5,1.0,1.0,1.0,1.0,1.0,0.9978905320167542,1.0
821,5,5,0.8,0.8,0.8000000000000002,0.9150875806808472,0.6666666666666666,0.9013318419456482,0.0
822,5,5,0.8,0.8,0.8000000000000002,0.9080981016159058,0.6666666666666666,0.9496645927429199,0.0
823,5,5,0.8,0.8,0.8000000000000002,0.8697644472122192,0.42857142857142855,0.9366208910942078,0.0
824,5,5,0.8,1.0,0.888888888888889,0.872154951095581,0.42857142857142855,0.951810896396637,0.0
825,4,5,0.75,0.4,0.5217391304347827,0.774795413017273,0.125,0.9150994420051575,0.0
826,5,5,0.6,0.8,0.6857142857142857,0.7163232564926147,0.0,0.9304502010345459,0.0
827,5,5,0.4,0.4,0.4000000000000001,0.7472130060195923,0.1111111111111111,0.8911417126655579,0.0
828,5,5,0.6,0.4,0.48,0.6973580121994019,0.25,0.7694007158279419,0.0
829,5,5,0.8,0.6,0.6857142857142857,0.8198676109313965,0.0,0.9183179140090942,0.0
830,5,5,1.0,1.0,1.0,0.9707455635070801,0.6666666666666666,0.9761385321617126,0.0
831,5,5,0.8,1.0,0.888888888888889,0.8381047248840332,0.0,0.9003349542617798,0.0
832,5,5,1.0,1.0,1.0,0.9841381311416626,0.6666666666666666,0.9752103090286255,0.0
833,5,5,1.0,0.8,0.888888888888889,0.9406437873840332,0.6666666666666666,0.9722363948822021,0.0
834,5,5,1.0,1.0,1.0,0.952261745929718,0.6666666666666666,0.9892050623893738,0.0
835,5,5,0.8,0.8,0.8000000000000002,0.9200049638748169,0.42857142857142855,0.9625449180603027,0.0
836,5,5,1.0,0.8,0.888888888888889,0.9260234832763672,0.25,0.9589177370071411,0.0
837,5,5,0.8,0.8,0.8000000000000002,0.8209443092346191,0.42857142857142855,0.8123477697372437,0.0
838,5,5,0.8,0.8,0.8000000000000002,0.9041099548339844,0.42857142857142855,0.9403977990150452,0.0
839,4,5,0.5,0.6,0.5454545454545454,0.7151031494140625,0.125,0.8375281095504761,0.0
840,5,5,0.8,0.6,0.6857142857142857,0.8167967200279236,0.42857142857142855,0.8662304878234863,0.0
841,5,5,1.0,0.8,0.888888888888889,0.9005721807479858,0.25,0.9546834230422974,0.0
842,5,5,0.6,0.8,0.6857142857142857,0.8067975640296936,0.42857142857142855,0.829010546207428,0.0
843,5,5,1.0,0.8,0.888888888888889,0.9308483600616455,0.42857142857142855,0.9315645694732666,0.0
844,5,5,0.8,0.8,0.8000000000000002,0.8888688683509827,0.6666666666666666,0.9526534080505371,0.0
845,5,5,0.8,0.8,0.8000000000000002,0.8350092768669128,0.25,0.9446853399276733,0.0
846,5,5,0.8,0.8,0.8000000000000002,0.9130299091339111,0.6666666666666666,0.9777014851570129,0.0
847,5,5,0.4,0.4,0.4000000000000001,0.7692438364028931,0.25,0.6711877584457397,0.0
848,5,5,0.8,1.0,0.888888888888889,0.9132570028305054,0.6666666666666666,0.9224310517311096,0.0
849,5,5,0.8,0.8,0.8000000000000002,0.8483261466026306,0.6666666666666666,0.8989042639732361,0.0
850,5,5,0.8,0.8,0.8000000000000002,0.8616887331008911,0.42857142857142855,0.933027982711792,0.0
851,5,5,0.8,1.0,0.888888888888889,0.8766179084777832,0.42857142857142855,0.9350675940513611,0.0
852,5,5,0.8,0.8,0.8000000000000002,0.9375326037406921,0.6666666666666666,0.9613385200500488,0.0
853,5,5,0.8,0.8,0.8000000000000002,0.8850247263908386,0.42857142857142855,0.9411928653717041,0.0
854,5,5,1.0,1.0,1.0,0.8616825342178345,0.25,0.9670398831367493,0.0
855,5,5,0.6,0.6,0.6,0.7545123100280762,0.25,0.8173015713691711,0.0
856,5,5,0.8,0.8,0.8000000000000002,0.8654149174690247,0.42857142857142855,0.9623023867607117,0.0
857,5,5,0.2,0.2,0.20000000000000004,0.4052008390426636,0.0,0.41630077362060547,0.0
858,5,5,0.8,0.8,0.8000000000000002,0.8522898554801941,0.42857142857142855,0.9278323650360107,0.0
859,5,5,0.8,0.8,0.8000000000000002,0.7627441883087158,0.0,0.9021105170249939,0.0
860,5,5,0.8,0.8,0.8000000000000002,0.83714359998703,0.25,0.9259579181671143,0.0
861,5,5,1.0,1.0,1.0,0.9810811877250671,0.42857142857142855,0.9614391922950745,0.0
862,5,5,1.0,1.0,1.0,1.0,1.0,0.9961919784545898,1.0
863,5,5,0.6,0.6,0.6,0.803146481513977,0.42857142857142855,0.9133011698722839,0.0
864,5,5,0.4,0.4,0.4000000000000001,0.6872724294662476,0.25,0.7325484156608582,0.0
865,5,5,0.8,0.8,0.8000000000000002,0.8899835348129272,0.6666666666666666,0.8841465711593628,0.0
866,5,5,0.6,0.6,0.6,0.8109697103500366,0.25,0.9231069684028625,0.0
867,5,5,1.0,1.0,1.0,1.0,1.0,0.997279167175293,1.0
868,5,5,0.8,0.8,0.8000000000000002,0.8217689990997314,0.1111111111111111,0.886572003364563,0.0
869,5,5,0.6,0.8,0.6857142857142857,0.7852269411087036,0.25,0.9132779836654663,0.0
870,5,5,1.0,1.0,1.0,1.0,1.0,0.9989367723464966,1.0
871,5,5,0.6,0.6,0.6,0.7324872016906738,0.42857142857142855,0.7037452459335327,0.0
872,5,5,0.6,0.6,0.6,0.7976870536804199,0.42857142857142855,0.8429023027420044,0.0
873,5,5,0.8,0.8,0.8000000000000002,0.8793376684188843,0.6666666666666666,0.8151050209999084,0.0
874,5,5,1.0,0.8,0.888888888888889,0.9075501561164856,0.6666666666666666,0.9137936234474182,0.0
875,5,5,1.0,0.8,0.888888888888889,0.8525599837303162,0.42857142857142855,0.8895834684371948,0.0
876,5,5,0.6,0.6,0.6,0.722191333770752,0.0,0.8965831398963928,0.0
877,5,5,1.0,1.0,1.0,1.0,1.0,0.97472083568573,1.0
878,5,5,0.6,0.6,0.6,0.6851465106010437,0.1111111111111111,0.7006872892379761,0.0
879,5,5,0.8,0.8,0.8000000000000002,0.8381665349006653,0.42857142857142855,0.9073321223258972,0.0
880,5,5,0.4,0.4,0.4000000000000001,0.6361360549926758,0.25,0.794552743434906,0.0
881,5,5,0.6,0.8,0.6857142857142857,0.7655857801437378,0.25,0.9322437644004822,0.0
882,5,5,0.8,0.8,0.8000000000000002,0.8243750333786011,0.25,0.8991596698760986,0.0
883,5,5,1.0,0.8,0.888888888888889,0.878351092338562,0.25,0.928482174873352,0.0
884,5,5,0.4,0.4,0.4000000000000001,0.7211317420005798,0.1111111111111111,0.8661162853240967,0.0
885,5,5,0.6,0.6,0.6,0.777745246887207,0.42857142857142855,0.8875872492790222,0.0
886,5,5,0.8,0.8,0.8000000000000002,0.876482367515564,0.42857142857142855,0.9018897414207458,0.0
887,5,5,0.8,1.0,0.888888888888889,0.8752028942108154,0.25,0.9178134799003601,0.0
888,5,5,0.8,0.8,0.8000000000000002,0.8185774087905884,0.42857142857142855,0.7358969449996948,0.0
889,5,5,0.8,0.8,0.8000000000000002,0.8272950649261475,0.25,0.8185639381408691,0.0
890,5,5,1.0,1.0,1.0,0.9403295516967773,0.25,0.9765726923942566,0.0
891,5,5,0.8,0.8,0.8000000000000002,0.8748176097869873,0.42857142857142855,0.8867889046669006,0.0
892,5,5,0.6,0.6,0.6,0.7580705881118774,0.1111111111111111,0.9461776614189148,0.0
893,5,5,0.8,0.6,0.6857142857142857,0.7881946563720703,0.42857142857142855,0.847358226776123,0.0
894,5,5,1.0,1.0,1.0,0.9541465044021606,0.6666666666666666,0.9761114716529846,0.0
895,5,5,0.6,0.6,0.6,0.7364687919616699,0.25,0.8477065563201904,0.0
896,5,5,1.0,1.0,1.0,0.889548659324646,0.42857142857142855,0.9278822541236877,0.0
897,5,5,0.8,0.8,0.8000000000000002,0.8659377694129944,0.6666666666666666,0.8893383741378784,0.0
898,5,5,0.8,0.6,0.6857142857142857,0.8376766443252563,0.42857142857142855,0.85773104429245,0.0
899,5,5,0.8,0.8,0.8000000000000002,0.8355505466461182,0.42857142857142855,0.8712238073348999,0.0
900,5,5,1.0,1.0,1.0,0.9833037257194519,0.6666666666666666,0.9945231080055237,0.0
901,5,5,0.8,0.8,0.8000000000000002,0.8926326036453247,0.6666666666666666,0.8259944915771484,0.0
902,5,5,0.8,1.0,0.888888888888889,0.7993097901344299,0.0,0.8959387540817261,0.0
903,5,5,0.8,0.8,0.8000000000000002,0.7862474918365479,0.0,0.9016767144203186,0.0
904,5,5,0.2,0.2,0.20000000000000004,0.5549225807189941,0.1111111111111111,0.5994639992713928,0.0
905,5,5,1.0,0.8,0.888888888888889,0.952398419380188,0.6666666666666666,0.9737734794616699,0.0
906,5,5,1.0,0.8,0.888888888888889,0.8701544404029846,0.42857142857142855,0.9354875683784485,0.0
907,5,5,1.0,1.0,1.0,0.9521598219871521,0.42857142857142855,0.9721475839614868,0.0
908,5,5,0.4,0.4,0.4000000000000001,0.6085042953491211,0.0,0.7140880227088928,0.0
909,5,5,0.6,0.8,0.6857142857142857,0.8141663074493408,0.25,0.9357300400733948,0.0
910,5,5,0.8,0.6,0.6857142857142857,0.8103219270706177,0.25,0.8443213701248169,0.0
911,5,5,0.8,0.8,0.8000000000000002,0.8910629749298096,0.6666666666666666,0.9203247427940369,0.0
912,5,5,0.6,0.6,0.6,0.7439214587211609,0.42857142857142855,0.8622462153434753,0.0
913,5,5,0.2,0.2,0.20000000000000004,0.5168887376785278,0.0,0.7018985748291016,0.0
914,5,5,0.8,0.8,0.8000000000000002,0.8507543802261353,0.42857142857142855,0.9268684983253479,0.0
915,5,5,0.6,0.8,0.6857142857142857,0.7708431482315063,0.42857142857142855,0.8894627094268799,0.0
916,5,5,0.8,1.0,0.888888888888889,0.8046649694442749,0.0,0.9269437789916992,0.0
917,5,5,0.8,0.8,0.8000000000000002,0.8707975149154663,0.42857142857142855,0.9216275215148926,0.0
918,5,5,0.6,0.6,0.6,0.7552139759063721,0.25,0.8680577278137207,0.0
919,4,5,0.25,0.2,0.22222222222222224,0.7005410194396973,0.125,0.8348811268806458,0.0
920,5,5,0.8,1.0,0.888888888888889,0.8831629157066345,0.42857142857142855,0.9281401634216309,0.0
921,5,5,0.8,0.8,0.8000000000000002,0.8215616345405579,0.25,0.9163543581962585,0.0
922,5,5,0.6,0.6,0.6,0.7936264276504517,0.25,0.8212759494781494,0.0
923,5,5,0.4,0.4,0.4000000000000001,0.741623044013977,0.1111111111111111,0.9075812101364136,0.0
924,5,5,1.0,1.0,1.0,0.9838582873344421,0.6666666666666666,0.9892656207084656,0.0
925,5,5,0.6,0.6,0.6,0.8138657212257385,0.42857142857142855,0.7757300734519958,0.0
926,5,5,1.0,1.0,1.0,0.9866088628768921,0.6666666666666666,0.9952834844589233,0.0
927,5,5,0.6,0.6,0.6,0.7669095993041992,0.42857142857142855,0.8461958765983582,0.0
928,5,5,0.6,0.6,0.6,0.7329995632171631,0.25,0.7612336874008179,0.0
929,5,5,0.6,0.8,0.6857142857142857,0.7760260105133057,0.1111111111111111,0.8815988302230835,0.0
930,5,5,1.0,1.0,1.0,1.000000238418579,1.0,0.9970702528953552,1.0
931,5,5,0.6,0.6,0.6,0.7763203382492065,0.25,0.8687388300895691,0.0
932,5,5,0.6,0.6,0.6,0.7365100383758545,0.1111111111111111,0.7419367432594299,0.0
933,5,5,0.6,0.6,0.6,0.7642520070075989,0.25,0.9134035706520081,0.0
934,5,5,1.0,1.0,1.0,0.9666383862495422,0.6666666666666666,0.9882960319519043,0.0
935,5,5,1.0,1.0,1.0,0.9999999403953552,1.0,0.989179790019989,1.0
936,5,5,0.2,0.2,0.20000000000000004,0.49383020401000977,0.1111111111111111,0.5823574066162109,0.0
937,5,5,0.6,0.6,0.6,0.7333358526229858,0.42857142857142855,0.8631656169891357,0.0
938,5,5,0.8,0.8,0.8000000000000002,0.850649356842041,0.42857142857142855,0.8476678729057312,0.0
939,5,5,0.8,0.8,0.8000000000000002,0.8251388072967529,0.42857142857142855,0.8826488256454468,0.0
940,5,5,0.4,0.4,0.4000000000000001,0.7506037354469299,0.25,0.9032614827156067,0.0
941,5,5,0.8,1.0,0.888888888888889,0.8802346587181091,0.42857142857142855,0.9766817092895508,0.0
942,5,5,0.6,1.0,0.7499999999999999,0.7843180894851685,0.0,0.8800498247146606,0.0
943,5,5,0.6,0.8,0.6857142857142857,0.8142141103744507,0.1111111111111111,0.9307081699371338,0.0
944,5,5,0.8,1.0,0.888888888888889,0.8533258438110352,0.1111111111111111,0.9056286811828613,0.0
945,5,5,0.8,0.8,0.8000000000000002,0.8731229305267334,0.6666666666666666,0.9362232089042664,0.0
946,5,5,1.0,1.0,1.0,0.9709110260009766,0.6666666666666666,0.9891946315765381,0.0
947,5,5,0.6,0.6,0.6,0.723087728023529,0.42857142857142855,0.8097842335700989,0.0
948,5,5,1.0,1.0,1.0,0.9092325568199158,0.42857142857142855,0.9448875188827515,0.0
949,5,5,1.0,1.0,1.0,0.9528069496154785,0.42857142857142855,0.9420316219329834,0.0
950,5,5,1.0,1.0,1.0,0.9874597787857056,0.6666666666666666,0.9945276975631714,0.0
951,5,5,0.8,0.8,0.8000000000000002,0.8693970441818237,0.6666666666666666,0.9336156845092773,0.0
952,5,5,0.6,0.8,0.6857142857142857,0.7414364814758301,0.1111111111111111,0.9146474003791809,0.0
953,5,5,1.0,0.8,0.888888888888889,0.8872865438461304,0.42857142857142855,0.9546743631362915,0.0
954,5,5,1.0,0.8,0.888888888888889,0.9199667572975159,0.6666666666666666,0.9443696737289429,0.0
955,5,5,0.8,0.8,0.8000000000000002,0.8575689792633057,0.25,0.9164187908172607,0.0
956,5,5,0.6,0.6,0.6,0.8581162095069885,0.42857142857142855,0.9080044031143188,0.0
957,5,5,0.8,0.8,0.8000000000000002,0.8801653385162354,0.6666666666666666,0.9273789525032043,0.0
958,5,5,0.8,0.8,0.8000000000000002,0.9052426815032959,0.6666666666666666,0.9377883076667786,0.0
959,5,5,0.6,0.6,0.6,0.7133767604827881,0.1111111111111111,0.8220784068107605,0.0
960,5,5,0.4,0.6,0.48,0.7187909483909607,0.0,0.807155430316925,0.0
961,5,5,0.8,0.8,0.8000000000000002,0.8590192198753357,0.42857142857142855,0.9129884243011475,0.0
962,5,5,0.8,0.8,0.8000000000000002,0.8850430846214294,0.6666666666666666,0.9535015821456909,0.0
963,5,5,0.8,0.8,0.8000000000000002,0.8657715320587158,0.42857142857142855,0.9475584030151367,0.0
964,5,5,0.6,0.6,0.6,0.695911169052124,0.0,0.6974220275878906,0.0
965,5,5,0.8,0.8,0.8000000000000002,0.8854769468307495,0.42857142857142855,0.9416640400886536,0.0
966,5,5,0.8,0.6,0.6857142857142857,0.7621656656265259,0.0,0.9069342017173767,0.0
967,5,5,1.0,1.0,1.0,1.0,1.0,1.0,1.0
968,5,5,1.0,1.0,1.0,0.9746507406234741,0.6666666666666666,0.9904259443283081,0.0
969,5,5,0.8,0.8,0.8000000000000002,0.8625222444534302,0.42857142857142855,0.910881519317627,0.0
970,5,5,0.8,0.6,0.6857142857142857,0.8503232002258301,0.42857142857142855,0.9260514378547668,0.0
971,5,5,0.4,0.4,0.4000000000000001,0.7265653610229492,0.25,0.8302955627441406,0.0
972,5,5,0.4,0.2,0.26666666666666666,0.6651700735092163,0.0,0.7195433378219604,0.0
973,5,5,0.6,0.6,0.6,0.7285862565040588,0.1111111111111111,0.7826312780380249,0.0
974,5,5,0.4,0.4,0.4000000000000001,0.7417967915534973,0.1111111111111111,0.8302862048149109,0.0
975,5,5,1.0,1.0,1.0,0.9471489787101746,0.6666666666666666,0.9896537661552429,0.0
976,5,5,1.0,1.0,1.0,0.9759464263916016,0.25,0.9872524738311768,0.0
977,5,5,0.6,0.6,0.6,0.7235579490661621,0.0,0.8790600299835205,0.0
978,5,5,0.8,0.8,0.8000000000000002,0.7991564273834229,0.25,0.9260342717170715,0.0
979,5,5,1.0,1.0,1.0,0.9899266958236694,0.6666666666666666,0.9969258904457092,0.0
980,5,5,1.0,0.8,0.888888888888889,0.9522013664245605,0.6666666666666666,0.9456006288528442,0.0
981,5,5,0.8,0.8,0.8000000000000002,0.8574215173721313,0.25,0.9518976807594299,0.0
982,5,5,0.6,0.6,0.6,0.6949607133865356,0.1111111111111111,0.7876197695732117,0.0
983,5,5,1.0,1.0,1.0,0.9428309202194214,0.6666666666666666,0.9324694871902466,0.0
984,5,5,0.6,0.6,0.6,0.7131863832473755,0.42857142857142855,0.8103705644607544,0.0
985,5,5,0.8,0.8,0.8000000000000002,0.8432965278625488,0.25,0.9284358620643616,0.0
986,5,5,0.4,0.4,0.4000000000000001,0.7437276840209961,0.25,0.808849573135376,0.0
987,5,5,0.8,0.8,0.8000000000000002,0.9374024271965027,0.6666666666666666,0.9731852412223816,0.0
988,5,5,0.8,0.8,0.8000000000000002,0.87586510181427,0.25,0.9485188126564026,0.0
989,5,5,0.8,0.8,0.8000000000000002,0.9008213877677917,0.6666666666666666,0.9759415984153748,0.0
990,5,5,0.8,0.8,0.8000000000000002,0.9085608124732971,0.6666666666666666,0.9099234342575073,0.0
991,5,5,0.6,0.6,0.6,0.730716347694397,0.1111111111111111,0.9024282097816467,0.0
992,5,5,0.8,0.6,0.6857142857142857,0.8081738352775574,0.25,0.9041760563850403,0.0
993,5,5,1.0,1.0,1.0,0.9444494247436523,0.6666666666666666,0.9868171215057373,0.0
994,5,5,0.8,0.8,0.8000000000000002,0.9086397886276245,0.42857142857142855,0.9759429693222046,0.0
995,5,5,0.6,0.6,0.6,0.8450693488121033,0.42857142857142855,0.9796850681304932,0.0
996,5,5,0.8,0.8,0.8000000000000002,0.8769571781158447,0.42857142857142855,0.9333394169807434,0.0
997,5,5,0.6,0.6,0.6,0.8253505825996399,0.25,0.9525180459022522,0.0
998,5,5,1.0,1.0,1.0,0.909293532371521,0.25,0.9744881987571716,0.0
999,5,5,1.0,0.8,0.888888888888889,0.8128838539123535,0.0,0.925298273563385,0.0
1000,5,5,0.8,0.8,0.8000000000000002,0.8672666549682617,0.42857142857142855,0.9512367844581604,0.0
1001,5,5,0.8,0.8,0.8000000000000002,0.8304828405380249,0.25,0.877536416053772,0.0
1002,5,5,0.8,1.0,0.888888888888889,0.9120668768882751,0.6666666666666666,0.8988479375839233,0.0
1003,5,5,0.6,0.4,0.48,0.7151249647140503,0.25,0.8532490730285645,0.0
1004,5,5,0.6,0.6,0.6,0.7356374859809875,0.0,0.8918836712837219,0.0
1005,5,5,0.6,0.6,0.6,0.7955166101455688,0.25,0.9272071123123169,0.0
1006,5,5,0.6,0.6,0.6,0.8288915157318115,0.25,0.9485520720481873,0.0
1007,5,5,1.0,0.8,0.888888888888889,0.9241640567779541,0.6666666666666666,0.9483380317687988,0.0
1008,5,5,0.8,0.8,0.8000000000000002,0.8942118883132935,0.42857142857142855,0.9098323583602905,0.0
1009,5,5,1.0,1.0,1.0,1.0000001192092896,1.0,1.0,1.0
1010,5,5,1.0,0.8,0.888888888888889,0.920635461807251,0.6666666666666666,0.947373628616333,0.0
1011,5,5,0.8,0.8,0.8000000000000002,0.7477927803993225,0.1111111111111111,0.7474506497383118,0.0
1012,5,5,1.0,1.0,1.0,1.0,1.0,0.9978957772254944,1.0
1013,5,5,0.8,0.8,0.8000000000000002,0.8997877836227417,0.42857142857142855,0.9485780000686646,0.0
1014,5,5,0.6,0.8,0.6857142857142857,0.7272582054138184,0.1111111111111111,0.8418945670127869,0.0
1015,5,5,0.6,0.6,0.6,0.7243024110794067,0.1111111111111111,0.8823670744895935,0.0
1016,5,5,0.6,0.6,0.6,0.7785260677337646,0.42857142857142855,0.8410941958427429,0.0
1017,5,5,0.6,0.6,0.6,0.762174129486084,0.42857142857142855,0.900019645690918,0.0
1018,5,5,0.8,0.8,0.8000000000000002,0.9092926979064941,0.6666666666666666,0.9435811042785645,0.0
1019,5,5,1.0,1.0,1.0,0.9406919479370117,0.25,0.8435664772987366,0.0
1020,5,5,0.6,0.6,0.6,0.7676227688789368,0.25,0.881776750087738,0.0
1021,5,5,0.6,0.6,0.6,0.7288405895233154,0.25,0.726409375667572,0.0
1022,5,5,0.8,0.8,0.8000000000000002,0.8126830458641052,0.25,0.9280563592910767,0.0
1023,5,5,0.6,0.8,0.6857142857142857,0.788621187210083,0.42857142857142855,0.9163342714309692,0.0
1024,5,5,1.0,1.0,1.0,1.0000001192092896,1.0,1.0000001192092896,1.0
1025,5,5,1.0,0.8,0.888888888888889,0.90653395652771,0.42857142857142855,0.9485645890235901,0.0
1026,5,5,0.8,0.8,0.8000000000000002,0.848435640335083,0.42857142857142855,0.9086283445358276,0.0
1027,5,5,0.8,0.8,0.8000000000000002,0.8310638070106506,0.42857142857142855,0.8901418447494507,0.0
1028,5,5,0.8,0.8,0.8000000000000002,0.8286434412002563,0.42857142857142855,0.9304654002189636,0.0
1029,5,5,0.8,0.8,0.8000000000000002,0.8311905860900879,0.42857142857142855,0.8877317309379578,0.0
1030,5,5,1.0,1.0,1.0,0.9676491618156433,0.6666666666666666,0.9939806461334229,0.0
1031,5,5,0.6,0.6,0.6,0.7550368309020996,0.25,0.8241453170776367,0.0
1032,5,5,1.0,1.0,1.0,0.9280036687850952,0.42857142857142855,0.9640227556228638,0.0
1033,5,5,0.8,0.8,0.8000000000000002,0.9130998849868774,0.6666666666666666,0.9528723955154419,0.0
1034,5,5,0.6,0.6,0.6,0.6667512655258179,0.1111111111111111,0.863292396068573,0.0
1035,5,5,0.8,0.8,0.8000000000000002,0.8531211614608765,0.42857142857142855,0.9195916652679443,0.0
1036,5,5,0.8,0.8,0.8000000000000002,0.8386257290840149,0.42857142857142855,0.7995713353157043,0.0
1037,5,5,0.6,0.6,0.6,0.7637965083122253,0.1111111111111111,0.8807342052459717,0.0
1038,5,5,0.8,0.8,0.8000000000000002,0.8743280172348022,0.25,0.9351093769073486,0.0
1039,5,5,0.8,0.8,0.8000000000000002,0.8375738859176636,0.42857142857142855,0.9595618844032288,0.0
1040,5,5,1.0,0.8,0.888888888888889,0.8963272571563721,0.42857142857142855,0.9610698223114014,0.0
1041,5,5,0.6,0.8,0.6857142857142857,0.7998256683349609,0.42857142857142855,0.9415951371192932,0.0
1042,5,5,0.8,0.8,0.8000000000000002,0.9023532271385193,0.6666666666666666,0.9394165277481079,0.0
1043,5,5,0.6,0.4,0.48,0.7063034772872925,0.25,0.8086804151535034,0.0
1044,5,5,1.0,0.8,0.888888888888889,0.8442809581756592,0.25,0.9105614423751831,0.0
1045,5,5,0.4,0.6,0.48,0.6795151233673096,0.0,0.7473912835121155,0.0
1046,5,5,1.0,1.0,1.0,0.9891109466552734,0.6666666666666666,0.9697343111038208,0.0
1047,5,5,1.0,1.0,1.0,0.9448693990707397,0.6666666666666666,0.9808857440948486,0.0
1048,5,5,0.8,0.8,0.8000000000000002,0.9017964005470276,0.6666666666666666,0.9091761708259583,0.0
1049,5,5,0.8,0.8,0.8000000000000002,0.8917608261108398,0.6666666666666666,0.9216076135635376,0.0
1050,5,5,0.4,0.4,0.4000000000000001,0.6968879699707031,0.25,0.8704056739807129,0.0
1051,5,5,0.8,0.8,0.8000000000000002,0.9283148050308228,0.6666666666666666,0.9754642248153687,0.0
1052,5,5,1.0,1.0,1.0,1.0,1.0,0.9977412223815918,1.0
1053,5,5,0.8,0.6,0.6857142857142857,0.730065107345581,0.1111111111111111,0.9083259701728821,0.0
1054,5,5,0.8,0.8,0.8000000000000002,0.9082959890365601,0.42857142857142855,0.9629663228988647,0.0
1055,5,5,0.6,0.6,0.6,0.7120939493179321,0.1111111111111111,0.912192165851593,0.0
1056,5,5,0.8,0.6,0.6857142857142857,0.7348668575286865,0.1111111111111111,0.709297239780426,0.0
1057,5,5,0.8,0.8,0.8000000000000002,0.8021372556686401,0.1111111111111111,0.881065845489502,0.0
1058,5,5,1.0,1.0,1.0,1.0,1.0,0.9660041928291321,1.0
1059,5,5,0.8,1.0,0.888888888888889,0.9070557355880737,0.42857142857142855,0.8963307738304138,0.0
1060,5,5,0.8,1.0,0.888888888888889,0.910537838935852,0.6666666666666666,0.9355723857879639,0.0
1061,5,5,0.6,0.6,0.6,0.7621795535087585,0.1111111111111111,0.856095552444458,0.0
1062,5,5,1.0,1.0,1.0,0.9565814137458801,0.6666666666666666,0.9799572229385376,0.0
1063,5,5,0.6,0.6,0.6,0.7108210325241089,0.0,0.8860984444618225,0.0
1064,5,5,0.8,0.8,0.8000000000000002,0.8909273147583008,0.42857142857142855,0.9759688377380371,0.0
1065,5,5,0.8,0.4,0.5333333333333333,0.7764471769332886,0.25,0.8912824988365173,0.0
1066,5,5,0.6,0.8,0.6857142857142857,0.7727295756340027,0.42857142857142855,0.8065782189369202,0.0
1067,5,5,1.0,1.0,1.0,0.9573746919631958,0.6666666666666666,0.9469820261001587,0.0
1068,5,5,0.8,0.8,0.8000000000000002,0.8725531697273254,0.42857142857142855,0.9388303160667419,0.0
1069,5,5,0.8,1.0,0.888888888888889,0.9044741988182068,0.42857142857142855,0.9473811984062195,0.0
1070,5,5,0.6,0.6,0.6,0.7151697874069214,0.1111111111111111,0.789097249507904,0.0
1071,5,5,0.6,0.6,0.6,0.7908254265785217,0.42857142857142855,0.8991775512695312,0.0
1072,5,5,0.8,0.6,0.6857142857142857,0.8776816129684448,0.42857142857142855,0.9408693909645081,0.0
1073,5,5,0.8,0.8,0.8000000000000002,0.8599855899810791,0.42857142857142855,0.9988512992858887,0.0
1074,5,5,0.8,0.8,0.8000000000000002,0.8367927074432373,0.42857142857142855,0.8743867874145508,0.0
1075,5,5,0.8,1.0,0.888888888888889,0.9372018575668335,0.6666666666666666,0.9525943398475647,0.0
1076,5,5,0.6,0.8,0.6857142857142857,0.734351634979248,0.0,0.8443418145179749,0.0
1077,5,5,0.6,0.6,0.6,0.7742906808853149,0.25,0.9212141633033752,0.0
1078,0,5,0.0,0.0,0.0,0.0,0.0,0.0,0.0
1079,5,5,0.8,1.0,0.888888888888889,0.9290190935134888,0.42857142857142855,0.9407418370246887,0.0
1080,5,5,1.0,1.0,1.0,0.9238875508308411,0.42857142857142855,0.9637631773948669,0.0
1081,5,5,1.0,0.8,0.888888888888889,0.8489407300949097,0.25,0.8928540945053101,0.0
1082,5,5,0.8,0.8,0.8000000000000002,0.8361465930938721,0.42857142857142855,0.9427797794342041,0.0
1083,5,5,0.8,0.8,0.8000000000000002,0.8531063795089722,0.42857142857142855,0.9458687901496887,0.0
1084,5,5,0.6,0.6,0.6,0.7515990138053894,0.25,0.8360597491264343,0.0
1085,5,5,0.8,0.8,0.8000000000000002,0.8929262161254883,0.42857142857142855,0.9658663868904114,0.0
1086,5,5,0.4,0.4,0.4000000000000001,0.7094928026199341,0.1111111111111111,0.9370290040969849,0.0
1087,5,5,0.8,1.0,0.888888888888889,0.9136524200439453,0.6666666666666666,0.9567290544509888,0.0
1088,5,5,0.4,0.4,0.4000000000000001,0.6759991645812988,0.0,0.8487633466720581,0.0
1089,5,5,0.6,0.4,0.48,0.7688632607460022,0.25,0.9135449528694153,0.0
1090,5,5,0.8,1.0,0.888888888888889,0.9324311017990112,0.42857142857142855,0.9845264554023743,0.0
1091,5,5,0.4,0.4,0.4000000000000001,0.6592376232147217,0.25,0.7782185077667236,0.0
1092,5,5,0.8,0.8,0.8000000000000002,0.8272489309310913,0.25,0.8853660821914673,0.0
1093,5,5,0.8,0.8,0.8000000000000002,0.8843708634376526,0.6666666666666666,0.9030047655105591,0.0
1094,5,5,0.8,0.8,0.8000000000000002,0.8285583853721619,0.42857142857142855,0.8461279273033142,0.0
1095,5,5,0.8,0.8,0.8000000000000002,0.8565126657485962,0.42857142857142855,0.8775520920753479,0.0
1096,5,5,0.6,0.6,0.6,0.756851315498352,0.25,0.879455029964447,0.0
1097,5,5,1.0,0.8,0.888888888888889,0.9405621290206909,0.6666666666666666,0.9619315266609192,0.0
1098,5,5,0.8,0.8,0.8000000000000002,0.8086456060409546,0.1111111111111111,0.9431161284446716,0.0
1099,5,5,0.6,0.6,0.6,0.703697919845581,0.1111111111111111,0.8627347350120544,0.0
1100,5,0,0.0,0.0,0.0,0.0,0.0,0.0,0.0
1101,5,5,0.8,0.8,0.8000000000000002,0.857317328453064,0.6666666666666666,0.9167149662971497,0.0
1102,5,5,0.6,0.6,0.6,0.697099506855011,0.1111111111111111,0.8665525317192078,0.0
1103,5,5,0.8,0.8,0.8000000000000002,0.9001526832580566,0.6666666666666666,0.9190224409103394,0.0
1104,5,5,1.0,1.0,1.0,0.9922254681587219,0.6666666666666666,0.9935996532440186,0.0
1105,5,5,0.4,0.6,0.48,0.702123761177063,0.0,0.8656173944473267,0.0
1106,5,5,0.8,0.8,0.8000000000000002,0.8945677280426025,0.6666666666666666,0.9439621567726135,0.0
1107,5,5,0.8,0.8,0.8000000000000002,0.766365647315979,0.1111111111111111,0.8438424468040466,0.0
1108,5,5,0.4,0.4,0.4000000000000001,0.6492592096328735,0.1111111111111111,0.8005437254905701,0.0
1109,5,5,1.0,0.8,0.888888888888889,0.9117147922515869,0.42857142857142855,0.927437424659729,0.0
1110,5,5,0.8,0.8,0.8000000000000002,0.8545866012573242,0.42857142857142855,0.9108539819717407,0.0
1111,5,5,1.0,1.0,1.0,0.910858154296875,0.42857142857142855,0.9707744121551514,0.0
1112,5,5,1.0,1.0,1.0,1.0,1.0,0.9991291761398315,1.0
1113,5,5,0.8,0.8,0.8000000000000002,0.9123328924179077,0.6666666666666666,0.970824658870697,0.0
1114,5,5,1.0,0.8,0.888888888888889,0.9466227293014526,0.6666666666666666,0.9632425308227539,0.0
1115,5,5,1.0,1.0,1.0,0.9518537521362305,0.6666666666666666,0.9895644783973694,0.0
1116,5,5,1.0,1.0,1.0,0.9425176382064819,0.6666666666666666,0.9829297065734863,0.0
1117,5,5,1.0,1.0,1.0,0.9643198847770691,0.42857142857142855,0.9667884111404419,0.0
1118,5,5,0.8,0.8,0.8000000000000002,0.9010285139083862,0.42857142857142855,0.9294607639312744,0.0
1119,5,5,0.8,0.8,0.8000000000000002,0.8678338527679443,0.42857142857142855,0.9013664722442627,0.0
1120,5,5,0.6,0.8,0.6857142857142857,0.8061483502388,0.42857142857142855,0.9129383563995361,0.0
1121,5,5,0.8,0.8,0.8000000000000002,0.8858606815338135,0.6666666666666666,0.9280720949172974,0.0
1122,5,5,0.6,0.6,0.6,0.8195730447769165,0.42857142857142855,0.849390983581543,0.0
1123,5,5,1.0,1.0,1.0,0.9437247514724731,0.42857142857142855,0.9534421563148499,0.0
1124,5,5,0.6,0.6,0.6,0.7327056527137756,0.42857142857142855,0.7928513884544373,0.0
1125,5,5,1.0,1.0,1.0,0.9999998807907104,1.0,0.9996300935745239,1.0
1126,5,5,0.8,0.8,0.8000000000000002,0.8808928728103638,0.42857142857142855,0.9470489621162415,0.0
1127,5,5,0.6,0.6,0.6,0.8034738302230835,0.42857142857142855,0.8720215559005737,0.0
1128,5,5,0.8,0.8,0.8000000000000002,0.8116910457611084,0.25,0.8266757726669312,0.0
1129,5,5,1.0,1.0,1.0,0.9538633823394775,0.6666666666666666,0.9595199227333069,0.0
1130,5,5,0.8,1.0,0.888888888888889,0.8522525429725647,0.25,0.9736936092376709,0.0
1131,5,5,0.6,0.8,0.6857142857142857,0.813642680644989,0.0,0.8839235305786133,0.0
1132,5,5,1.0,1.0,1.0,0.9984756708145142,0.6666666666666666,0.973232626914978,0.0
1133,5,5,0.2,0.2,0.20000000000000004,0.6775907278060913,0.1111111111111111,0.8258737921714783,0.0
1134,5,5,0.6,0.8,0.6857142857142857,0.7292004823684692,0.0,0.6338750123977661,0.0
1135,5,5,1.0,1.0,1.0,0.9999998807907104,1.0,1.0000001192092896,1.0
1136,5,5,0.6,0.6,0.6,0.7694380283355713,0.25,0.9090948700904846,0.0
1137,5,5,0.8,0.8,0.8000000000000002,0.8458176851272583,0.42857142857142855,0.901412844657898,0.0
1138,5,5,0.8,0.6,0.6857142857142857,0.8463545441627502,0.42857142857142855,0.9141228795051575,0.0
1139,5,5,0.8,0.6,0.6857142857142857,0.840423583984375,0.42857142857142855,0.8721420168876648,0.0
1140,5,5,0.6,0.8,0.6857142857142857,0.8252800703048706,0.42857142857142855,0.8705525994300842,0.0
1141,5,5,1.0,1.0,1.0,0.9332779049873352,0.42857142857142855,0.9952927231788635,0.0
1142,5,5,1.0,0.8,0.888888888888889,0.901208758354187,0.42857142857142855,0.8912394642829895,0.0
1143,5,5,0.6,0.4,0.48,0.7323113083839417,0.1111111111111111,0.7602306008338928,0.0
1144,5,5,0.2,0.4,0.26666666666666666,0.6508007049560547,0.1111111111111111,0.7750719785690308,0.0
1145,5,5,0.8,1.0,0.888888888888889,0.8711866140365601,0.25,0.9018040299415588,0.0
1146,5,5,1.0,1.0,1.0,0.901617705821991,0.42857142857142855,0.9727440476417542,0.0
1147,5,5,0.6,1.0,0.7499999999999999,0.7899171113967896,0.1111111111111111,0.9172378778457642,0.0
1148,5,5,1.0,1.0,1.0,0.8913581371307373,0.25,0.9207906126976013,0.0
1149,5,5,1.0,1.0,1.0,1.0,1.0,0.9599100351333618,1.0
1150,5,5,0.8,0.6,0.6857142857142857,0.8245618343353271,0.25,0.9093223810195923,0.0
1151,5,5,0.8,0.8,0.8000000000000002,0.8032885789871216,0.42857142857142855,0.7800983190536499,0.0
1152,5,5,0.6,0.6,0.6,0.757644772529602,0.25,0.8754475116729736,0.0
1153,5,5,1.0,1.0,1.0,1.0,1.0,1.0,1.0
1154,5,5,0.6,0.8,0.6857142857142857,0.8731570243835449,0.42857142857142855,0.9440404772758484,0.0
1155,5,5,0.6,0.6,0.6,0.7748514413833618,0.25,0.8875743746757507,0.0
1156,5,5,0.6,0.8,0.6857142857142857,0.7114397287368774,0.0,0.8516507744789124,0.0
1157,5,5,0.6,0.8,0.6857142857142857,0.8157431483268738,0.42857142857142855,0.8996074199676514,0.0
1158,5,5,0.8,0.8,0.8000000000000002,0.8873955607414246,0.6666666666666666,0.9102809429168701,0.0
1159,5,5,0.6,0.6,0.6,0.739251971244812,0.42857142857142855,0.9099982976913452,0.0
1160,5,5,1.0,1.0,1.0,1.0,1.0,1.0,1.0
1161,5,5,0.8,0.8,0.8000000000000002,0.8946815133094788,0.42857142857142855,0.9441738128662109,0.0
1162,5,5,0.8,0.8,0.8000000000000002,0.8404138684272766,0.42857142857142855,0.9463274478912354,0.0
1163,5,5,1.0,1.0,1.0,0.9455432891845703,0.6666666666666666,0.9417072534561157,0.0
1164,5,5,0.8,0.8,0.8000000000000002,0.7867600917816162,0.1111111111111111,0.8839536905288696,0.0
1165,5,5,1.0,0.8,0.888888888888889,0.8624973297119141,0.42857142857142855,0.8871208429336548,0.0
1166,5,5,1.0,1.0,1.0,0.9817541837692261,0.6666666666666666,0.9950225949287415,0.0
1167,5,5,0.8,1.0,0.888888888888889,0.9411836266517639,0.42857142857142855,0.9492070078849792,0.0
1168,5,5,0.8,0.8,0.8000000000000002,0.8629268407821655,0.42857142857142855,0.9346444010734558,0.0
1169,5,5,1.0,0.8,0.888888888888889,0.923827052116394,0.25,0.8931299448013306,0.0
1170,5,5,0.2,0.2,0.20000000000000004,0.5635474920272827,0.1111111111111111,0.7758336067199707,0.0
1171,5,5,1.0,1.0,1.0,0.968130886554718,0.6666666666666666,0.9910882711410522,0.0
1172,5,5,0.6,0.6,0.6,0.8692711591720581,0.42857142857142855,0.9550000429153442,0.0
1173,5,5,0.4,0.4,0.4000000000000001,0.7347687482833862,0.1111111111111111,0.9096031785011292,0.0
1174,5,5,0.6,0.8,0.6857142857142857,0.7154132127761841,0.1111111111111111,0.7464718222618103,0.0
1175,5,5,0.6,0.6,0.6,0.7602944374084473,0.42857142857142855,0.84931880235672,0.0
1176,5,5,0.6,0.6,0.6,0.7268376350402832,0.25,0.8780748248100281,0.0
1177,5,5,0.6,0.6,0.6,0.7243292331695557,0.25,0.6900238990783691,0.0
1178,5,5,0.8,0.8,0.8000000000000002,0.8439969420433044,0.42857142857142855,0.9152258038520813,0.0
1179,5,5,1.0,1.0,1.0,1.000000238418579,1.0,0.9870272278785706,1.0
1180,5,5,1.0,1.0,1.0,0.9959607124328613,0.6666666666666666,0.9979326725006104,0.0
1181,5,5,1.0,1.0,1.0,0.9597774744033813,0.6666666666666666,0.9839897751808167,0.0
1182,5,5,0.8,0.8,0.8000000000000002,0.8480395078659058,0.25,0.9506980776786804,0.0
1183,5,5,1.0,1.0,1.0,0.927914023399353,0.25,0.977092444896698,0.0
1184,5,5,0.8,0.8,0.8000000000000002,0.8934211730957031,0.42857142857142855,0.927527129650116,0.0
1185,5,5,0.8,0.8,0.8000000000000002,0.8444074392318726,0.42857142857142855,0.8889040946960449,0.0
1186,5,5,0.6,0.6,0.6,0.762157678604126,0.42857142857142855,0.8639686703681946,0.0
1187,5,5,0.6,0.4,0.48,0.8062242865562439,0.25,0.8747347593307495,0.0
1188,5,5,0.6,0.6,0.6,0.828948974609375,0.1111111111111111,0.9444798231124878,0.0
1189,5,5,0.6,0.6,0.6,0.693642258644104,0.0,0.735904335975647,0.0
1190,5,5,0.6,0.6,0.6,0.7449086904525757,0.1111111111111111,0.8121283650398254,0.0
1191,5,5,0.6,0.6,0.6,0.7227182388305664,0.0,0.7670266628265381,0.0
1192,5,5,1.0,1.0,1.0,0.9496139287948608,0.6666666666666666,0.9654085636138916,0.0
1193,5,5,1.0,1.0,1.0,1.0,1.0,0.9772992730140686,1.0
1194,5,5,0.8,0.6,0.6857142857142857,0.8165357112884521,0.42857142857142855,0.9157055020332336,0.0
1195,5,5,0.4,0.4,0.4000000000000001,0.749837338924408,0.1111111111111111,0.8590593338012695,0.0
1196,5,5,0.8,1.0,0.888888888888889,0.941139817237854,0.42857142857142855,0.9397013783454895,0.0
1197,5,5,0.6,0.6,0.6,0.7911145687103271,0.25,0.854073166847229,0.0
1198,5,5,0.8,0.8,0.8000000000000002,0.8808102607727051,0.25,0.8689290881156921,0.0
1199,5,5,1.0,1.0,1.0,0.961963951587677,0.6666666666666666,0.993288516998291,0.0
1200,5,5,1.0,0.8,0.888888888888889,0.8459779024124146,0.25,0.8809635043144226,0.0
1201,5,5,0.6,0.8,0.6857142857142857,0.7760470509529114,0.42857142857142855,0.8747583627700806,0.0
1202,5,5,1.0,1.0,1.0,0.9870419502258301,0.6666666666666666,0.9862908720970154,0.0
1203,5,5,0.8,0.8,0.8000000000000002,0.8916500210762024,0.25,0.9252637028694153,0.0
1204,5,5,0.8,0.8,0.8000000000000002,0.8680964708328247,0.42857142857142855,0.9150549173355103,0.0
1205,5,5,0.6,0.8,0.6857142857142857,0.8011263608932495,0.1111111111111111,0.9025243520736694,0.0
1206,5,0,0.0,0.0,0.0,0.0,0.0,0.0,0.0
1207,5,5,0.6,0.6,0.6,0.814495325088501,0.25,0.9100744724273682,0.0
1208,5,5,1.0,1.0,1.0,1.000000238418579,1.0,0.9996306896209717,1.0
1209,5,5,0.8,0.8,0.8000000000000002,0.937369167804718,0.6666666666666666,0.9762952923774719,0.0
1210,5,5,0.8,0.8,0.8000000000000002,0.9014605283737183,0.6666666666666666,0.9270052313804626,0.0
1211,5,5,0.8,0.8,0.8000000000000002,0.8734740018844604,0.25,0.9749656319618225,0.0
1212,5,5,0.8,0.8,0.8000000000000002,0.830153226852417,0.6666666666666666,0.9388224482536316,0.0
1213,5,5,1.0,1.0,1.0,0.9650627970695496,0.6666666666666666,0.9914615154266357,0.0
1214,5,5,0.8,0.8,0.8000000000000002,0.8609859347343445,0.42857142857142855,0.965603232383728,0.0
1215,5,5,0.8,0.8,0.8000000000000002,0.8669276833534241,0.42857142857142855,0.9288579225540161,0.0
1216,5,5,0.6,0.6,0.6,0.6850084066390991,0.25,0.7648594379425049,0.0
1217,5,5,0.8,1.0,0.888888888888889,0.8710612058639526,0.42857142857142855,0.9392436146736145,0.0
1218,5,5,0.8,0.8,0.8000000000000002,0.9098904132843018,0.6666666666666666,0.9574685096740723,0.0
1219,5,5,0.8,0.8,0.8000000000000002,0.891987681388855,0.42857142857142855,0.961515486240387,0.0
1220,5,5,0.8,0.6,0.6857142857142857,0.7773104906082153,0.25,0.8222535252571106,0.0
1221,5,5,1.0,1.0,1.0,0.9183821678161621,0.25,0.9523615837097168,0.0
1222,5,5,1.0,0.4,0.5714285714285715,0.8009512424468994,0.25,0.858083188533783,0.0
1223,5,5,0.8,0.8,0.8000000000000002,0.8896523118019104,0.42857142857142855,0.9185726642608643,0.0
1224,5,5,0.8,1.0,0.888888888888889,0.8347904682159424,0.1111111111111111,0.9564757943153381,0.0
1225,5,5,0.4,0.4,0.4000000000000001,0.7573043704032898,0.25,0.8487828969955444,0.0
1226,5,5,0.8,0.8,0.8000000000000002,0.8711189031600952,0.42857142857142855,0.9003199934959412,0.0
1227,5,5,1.0,1.0,1.0,0.9664953351020813,0.6666666666666666,0.991355836391449,0.0
1228,5,5,0.8,0.8,0.8000000000000002,0.8823468685150146,0.42857142857142855,0.9040290117263794,0.0
1229,5,5,0.6,0.8,0.6857142857142857,0.783703625202179,0.42857142857142855,0.9237213134765625,0.0
1230,5,5,0.8,1.0,0.888888888888889,0.8786077499389648,0.25,0.9292913675308228,0.0
1231,5,5,0.8,0.8,0.8000000000000002,0.8245588541030884,0.25,0.8739903569221497,0.0
1232,5,5,0.4,0.8,0.5333333333333333,0.7413395643234253,0.1111111111111111,0.8993598222732544,0.0
1233,5,5,1.0,1.0,1.0,0.9383294582366943,0.42857142857142855,0.9803072214126587,0.0
1234,5,5,0.8,0.8,0.8000000000000002,0.9381677508354187,0.6666666666666666,0.9613901972770691,0.0
1235,5,5,0.8,0.8,0.8000000000000002,0.8359503746032715,0.1111111111111111,0.8652608394622803,0.0
1236,5,5,0.6,0.6,0.6,0.760753870010376,0.25,0.9252194166183472,0.0
1237,5,5,0.8,0.8,0.8000000000000002,0.881914496421814,0.6666666666666666,0.9167405962944031,0.0
1238,5,5,0.8,0.6,0.6857142857142857,0.8058494925498962,0.1111111111111111,0.9101243615150452,0.0
1239,5,5,0.8,0.8,0.8000000000000002,0.8058401942253113,0.1111111111111111,0.955776572227478,0.0
1240,5,5,0.8,0.8,0.8000000000000002,0.8101805448532104,0.0,0.8361380696296692,0.0
1241,5,5,0.6,0.6,0.6,0.7560650110244751,0.0,0.8573883771896362,0.0
1242,5,5,0.6,0.6,0.6,0.7582607269287109,0.42857142857142855,0.7016421556472778,0.0
1243,5,5,0.4,0.4,0.4000000000000001,0.6488919258117676,0.25,0.8281376957893372,0.0
1244,5,5,0.8,0.8,0.8000000000000002,0.8980865478515625,0.6666666666666666,0.9676207900047302,0.0
1245,5,5,0.8,0.8,0.8000000000000002,0.8976011276245117,0.6666666666666666,0.9533629417419434,0.0
1246,5,5,1.0,1.0,1.0,1.0,1.0,1.0,1.0
1247,5,5,0.8,0.8,0.8000000000000002,0.8779658675193787,0.6666666666666666,0.9223316311836243,0.0
1248,5,5,0.6,0.6,0.6,0.7372850179672241,0.42857142857142855,0.7886804938316345,0.0
1249,5,5,0.8,1.0,0.888888888888889,0.8519130349159241,0.25,0.914937436580658,0.0
1250,5,5,0.6,0.6,0.6,0.6506176590919495,0.1111111111111111,0.7731212377548218,0.0
1251,5,5,0.6,0.6,0.6,0.8041965365409851,0.25,0.9417451024055481,0.0
1252,5,5,0.6,0.4,0.48,0.7366443872451782,0.25,0.7827017903327942,0.0
1253,5,5,0.8,0.6,0.6857142857142857,0.782467782497406,0.0,0.8945536613464355,0.0
1254,5,5,0.8,0.8,0.8000000000000002,0.8000688552856445,0.25,0.8786922097206116,0.0
1255,5,5,0.8,0.8,0.8000000000000002,0.8885208368301392,0.42857142857142855,0.9205728769302368,0.0
1256,5,5,0.6,0.6,0.6,0.7440222501754761,0.42857142857142855,0.8470937013626099,0.0
1257,5,5,0.8,0.8,0.8000000000000002,0.8767882585525513,0.6666666666666666,0.9110053181648254,0.0
1258,5,5,1.0,1.0,1.0,1.0,1.0,0.9798526167869568,1.0
1259,5,5,1.0,0.8,0.888888888888889,0.8471696376800537,0.1111111111111111,0.9428828954696655,0.0
1260,5,5,0.4,0.8,0.5333333333333333,0.7495225071907043,0.0,0.917029082775116,0.0
1261,5,5,0.8,0.8,0.8000000000000002,0.8659906387329102,0.42857142857142855,0.8664928078651428,0.0
1262,5,5,0.8,0.8,0.8000000000000002,0.9082520604133606,0.42857142857142855,0.964076578617096,0.0
1263,5,5,0.4,0.4,0.4000000000000001,0.6614333391189575,0.1111111111111111,0.822147011756897,0.0
1264,5,5,0.8,0.8,0.8000000000000002,0.8706651329994202,0.42857142857142855,0.923919677734375,0.0
1265,5,5,1.0,1.0,1.0,0.9296867847442627,0.42857142857142855,0.9514210224151611,0.0
1266,5,5,0.6,0.4,0.48,0.7273111343383789,0.1111111111111111,0.8217499256134033,0.0
1267,5,5,0.8,0.6,0.6857142857142857,0.8314165472984314,0.25,0.9312783479690552,0.0
1268,5,5,0.8,1.0,0.888888888888889,0.9231038093566895,0.6666666666666666,0.9163978099822998,0.0
1269,5,5,0.8,1.0,0.888888888888889,0.8533645272254944,0.25,0.8820213079452515,0.0
1270,5,5,0.6,0.4,0.48,0.7364479303359985,0.25,0.8841749429702759,0.0
1271,5,5,0.8,0.6,0.6857142857142857,0.8281187415122986,0.25,0.8462721109390259,0.0
1272,5,5,0.8,0.8,0.8000000000000002,0.7707505226135254,0.25,0.8990322947502136,0.0
1273,5,5,0.8,0.8,0.8000000000000002,0.7872225642204285,0.1111111111111111,0.9158923625946045,0.0
1274,5,5,1.0,1.0,1.0,0.97221839427948,0.6666666666666666,0.9730843305587769,0.0
1275,5,5,0.6,0.6,0.6,0.7759407162666321,0.25,0.8155208230018616,0.0
1276,5,5,0.8,0.8,0.8000000000000002,0.8385226726531982,0.42857142857142855,0.8648532032966614,0.0
1277,5,5,0.6,0.4,0.48,0.6215784549713135,0.0,0.8866570591926575,0.0
1278,5,5,1.0,1.0,1.0,1.0,1.0,0.9979317784309387,1.0
1279,5,5,0.8,0.8,0.8000000000000002,0.8642590045928955,0.42857142857142855,0.9793213605880737,0.0
1280,5,5,0.8,0.8,0.8000000000000002,0.8998557329177856,0.6666666666666666,0.9217450022697449,0.0
1281,5,5,0.8,0.8,0.8000000000000002,0.8813201189041138,0.6666666666666666,0.9174359440803528,0.0
1282,5,5,0.8,0.8,0.8000000000000002,0.8241081237792969,0.25,0.9321088194847107,0.0
1283,5,5,1.0,1.0,1.0,0.9999998807907104,1.0,0.965027928352356,1.0
1284,5,5,0.8,0.8,0.8000000000000002,0.904546856880188,0.6666666666666666,0.941568911075592,0.0
1285,5,5,1.0,1.0,1.0,0.9999998807907104,1.0,1.0000001192092896,1.0
1286,5,5,0.8,0.6,0.6857142857142857,0.7165251970291138,0.1111111111111111,0.880343496799469,0.0
1287,5,5,0.8,0.8,0.8000000000000002,0.9296819567680359,0.6666666666666666,0.9443671107292175,0.0
1288,5,5,0.4,0.4,0.4000000000000001,0.5955355167388916,0.0,0.7245935797691345,0.0
1289,5,5,0.8,0.8,0.8000000000000002,0.8052139282226562,0.1111111111111111,0.9430040121078491,0.0
1290,5,5,0.8,0.8,0.8000000000000002,0.9061408638954163,0.6666666666666666,0.9588047862052917,0.0
1291,5,5,0.4,0.6,0.48,0.6805392503738403,0.1111111111111111,0.8515850901603699,0.0
1292,5,5,0.6,0.6,0.6,0.7862157821655273,0.42857142857142855,0.890311598777771,0.0
1293,5,5,0.8,0.8,0.8000000000000002,0.9301044344902039,0.6666666666666666,0.973078727722168,0.0
1294,5,5,0.6,0.6,0.6,0.7766910791397095,0.1111111111111111,0.9361305236816406,0.0
1295,5,5,1.0,1.0,1.0,0.9234038591384888,0.42857142857142855,0.9558911323547363,0.0
1296,5,5,0.8,0.8,0.8000000000000002,0.7837666273117065,0.25,0.9159356355667114,0.0
1297,5,5,0.6,0.8,0.6857142857142857,0.806167483329773,0.1111111111111111,0.8716754913330078,0.0
1298,5,5,0.2,0.2,0.20000000000000004,0.6062426567077637,0.0,0.7721787691116333,0.0
1299,5,5,0.4,0.6,0.48,0.7016968727111816,0.25,0.766625702381134,0.0
1300,5,5,0.6,0.8,0.6857142857142857,0.7403690814971924,0.1111111111111111,0.8631916642189026,0.0
1301,5,5,0.8,0.8,0.8000000000000002,0.8720085024833679,0.42857142857142855,0.9022847414016724,0.0
1302,5,5,0.8,0.8,0.8000000000000002,0.7873800992965698,0.1111111111111111,0.8156604766845703,0.0
1303,5,5,0.8,0.8,0.8000000000000002,0.8815633654594421,0.6666666666666666,0.9628325700759888,0.0
1304,5,5,0.8,0.8,0.8000000000000002,0.844203770160675,0.25,0.9303612112998962,0.0
1305,5,5,0.8,0.8,0.8000000000000002,0.8696452975273132,0.42857142857142855,0.9231868386268616,0.0
1306,5,5,0.6,1.0,0.7499999999999999,0.8819596171379089,0.42857142857142855,0.9229134917259216,0.0
1307,5,5,1.0,1.0,1.0,0.9592899084091187,0.6666666666666666,0.9720571041107178,0.0
1308,5,5,0.4,0.8,0.5333333333333333,0.7214609384536743,0.25,0.7477893829345703,0.0
1309,5,5,0.8,1.0,0.888888888888889,0.9404702186584473,0.6666666666666666,0.9579144716262817,0.0
1310,5,5,1.0,1.0,1.0,0.9019497632980347,0.42857142857142855,0.933139443397522,0.0
1311,5,5,0.6,0.2,0.3,0.7184798121452332,0.1111111111111111,0.8275856375694275,0.0
1312,5,5,0.8,0.8,0.8000000000000002,0.8810099363327026,0.42857142857142855,0.9190419316291809,0.0
1313,5,5,0.8,0.8,0.8000000000000002,0.8568408489227295,0.42857142857142855,0.9257425665855408,0.0
1314,5,5,0.6,0.8,0.6857142857142857,0.7786353826522827,0.25,0.9513869285583496,0.0
1315,5,5,0.8,0.8,0.8000000000000002,0.9039863348007202,0.6666666666666666,0.9382209777832031,0.0
1316,5,5,0.8,0.8,0.8000000000000002,0.8580982685089111,0.42857142857142855,0.9336767196655273,0.0
1317,5,5,1.0,1.0,1.0,1.0,1.0,1.0,1.0
1318,5,5,0.6,0.6,0.6,0.8189637660980225,0.25,0.9712581634521484,0.0
1319,5,5,0.8,0.8,0.8000000000000002,0.8340073823928833,0.42857142857142855,0.9399501085281372,0.0
1320,5,5,0.8,0.6,0.6857142857142857,0.8030298948287964,0.42857142857142855,0.9410338997840881,0.0
1321,5,5,1.0,1.0,1.0,0.913704514503479,0.42857142857142855,0.976152777671814,0.0
1322,5,5,0.8,0.8,0.8000000000000002,0.9058759808540344,0.6666666666666666,0.9745407700538635,0.0
1323,5,5,0.4,0.2,0.26666666666666666,0.6166313290596008,0.0,0.7929165363311768,0.0
1324,5,5,0.8,1.0,0.888888888888889,0.8551974892616272,0.25,0.933473527431488,0.0
1325,5,5,1.0,1.0,1.0,0.9999998807907104,1.0,0.9990590214729309,1.0
1326,5,5,0.6,0.6,0.6,0.7984449863433838,0.42857142857142855,0.8661545515060425,0.0
1327,5,5,0.8,0.8,0.8000000000000002,0.9066513776779175,0.6666666666666666,0.882908284664154,0.0
1328,5,5,0.8,0.8,0.8000000000000002,0.7711440324783325,0.0,0.8162978887557983,0.0
1329,5,5,0.8,0.8,0.8000000000000002,0.884617805480957,0.6666666666666666,0.9233928918838501,0.0
1330,5,5,0.8,0.8,0.8000000000000002,0.7918908596038818,0.1111111111111111,0.9403102397918701,0.0
1331,5,5,0.8,0.6,0.6857142857142857,0.8502780199050903,0.42857142857142855,0.8460761308670044,0.0
1332,5,5,0.8,1.0,0.888888888888889,0.9453718066215515,0.6666666666666666,0.955345094203949,0.0
1333,5,5,0.4,0.6,0.48,0.811529278755188,0.25,0.9088302850723267,0.0
1334,5,5,0.8,0.8,0.8000000000000002,0.8991385698318481,0.6666666666666666,0.93327397108078,0.0
1335,5,5,0.8,0.8,0.8000000000000002,0.8921337127685547,0.25,0.95161372423172,0.0
1336,5,5,0.8,0.8,0.8000000000000002,0.8611855506896973,0.42857142857142855,0.9504109621047974,0.0
1337,5,5,0.8,0.8,0.8000000000000002,0.8521618843078613,0.6666666666666666,0.9522594213485718,0.0
1338,5,5,0.8,0.8,0.8000000000000002,0.8425689339637756,0.42857142857142855,0.8799849152565002,0.0
1339,5,5,0.4,0.6,0.48,0.7016507387161255,0.25,0.8227673172950745,0.0
1340,5,5,1.0,1.0,1.0,0.9560171961784363,0.6666666666666666,0.9819329977035522,0.0
1341,5,5,1.0,1.0,1.0,0.9919435977935791,0.6666666666666666,0.9896440505981445,0.0
1342,5,5,0.4,0.4,0.4000000000000001,0.7540112733840942,0.25,0.888427197933197,0.0
1343,5,5,1.0,1.0,1.0,0.98162841796875,0.6666666666666666,0.9788802862167358,0.0
1344,5,5,0.8,0.8,0.8000000000000002,0.8793691396713257,0.42857142857142855,0.9041030406951904,0.0
1345,5,5,1.0,1.0,1.0,1.0,1.0,0.9980318546295166,1.0
1346,5,5,0.6,0.8,0.6857142857142857,0.7779254913330078,0.42857142857142855,0.8702493906021118,0.0
1347,5,5,0.4,0.4,0.4000000000000001,0.7166515588760376,0.1111111111111111,0.8968037366867065,0.0
1348,5,5,0.8,0.8,0.8000000000000002,0.8119226694107056,0.1111111111111111,0.8877760171890259,0.0
1349,5,5,0.8,0.8,0.8000000000000002,0.8610540628433228,0.42857142857142855,0.8821475505828857,0.0
1350,5,5,0.8,0.8,0.8000000000000002,0.8903931379318237,0.6666666666666666,0.8971341848373413,0.0
1351,5,5,0.8,0.8,0.8000000000000002,0.8992974758148193,0.6666666666666666,0.8999382257461548,0.0
1352,5,5,1.0,1.0,1.0,0.8493447303771973,0.25,0.9646902084350586,0.0
1353,5,5,0.8,0.8,0.8000000000000002,0.813701868057251,0.25,0.9319347739219666,0.0
1354,5,5,0.8,0.8,0.8000000000000002,0.8969054222106934,0.42857142857142855,0.9124226570129395,0.0
1355,5,5,0.8,0.8,0.8000000000000002,0.886001706123352,0.25,0.935278594493866,0.0
1356,5,5,0.6,0.6,0.6,0.7232824563980103,0.25,0.7487064003944397,0.0
1357,5,5,0.8,1.0,0.888888888888889,0.8861997127532959,0.42857142857142855,0.9580901265144348,0.0
1358,4,5,0.5,0.4,0.4444444444444445,0.7416260838508606,0.125,0.8018991947174072,0.0
1359,5,5,1.0,1.0,1.0,0.9575746655464172,0.6666666666666666,0.934745192527771,0.0
1360,5,5,0.8,0.8,0.8000000000000002,0.8829141855239868,0.6666666666666666,0.8653619289398193,0.0
1361,5,5,0.8,0.8,0.8000000000000002,0.8374749422073364,0.25,0.8885070085525513,0.0
1362,5,5,0.6,0.6,0.6,0.8029541969299316,0.42857142857142855,0.8207104802131653,0.0
1363,5,5,1.0,1.0,1.0,0.949654221534729,0.42857142857142855,0.9205766916275024,0.0
1364,5,5,0.8,0.8,0.8000000000000002,0.8159847259521484,0.25,0.9101483225822449,0.0
1365,5,5,0.6,0.6,0.6,0.7881249785423279,0.42857142857142855,0.8286688923835754,0.0
1366,5,5,0.4,0.8,0.5333333333333333,0.7906161546707153,0.25,0.8707676529884338,0.0
1367,5,5,0.8,0.8,0.8000000000000002,0.884644091129303,0.1111111111111111,0.9320171475410461,0.0
1368,5,5,0.8,1.0,0.888888888888889,0.8906568288803101,0.6666666666666666,0.9744377732276917,0.0
1369,5,5,0.8,1.0,0.888888888888889,0.8681690096855164,0.25,0.9305609464645386,0.0
1370,5,5,0.4,0.6,0.48,0.7872482538223267,0.25,0.8968647122383118,0.0
1371,5,5,0.8,0.8,0.8000000000000002,0.8996137976646423,0.42857142857142855,0.886245608329773,0.0
1372,5,5,0.8,0.8,0.8000000000000002,0.8588287830352783,0.42857142857142855,0.9043968319892883,0.0
1373,5,5,0.6,0.8,0.6857142857142857,0.8340003490447998,0.25,0.9442667961120605,0.0
1374,5,5,0.8,0.6,0.6857142857142857,0.7222959995269775,0.1111111111111111,0.9290058612823486,0.0
1375,5,5,0.6,0.8,0.6857142857142857,0.8115934133529663,0.25,0.9064477682113647,0.0
1376,5,5,0.8,0.8,0.8000000000000002,0.88041090965271,0.6666666666666666,0.9088491797447205,0.0
1377,5,5,1.0,0.8,0.888888888888889,0.9070414900779724,0.42857142857142855,0.9753598570823669,0.0
1378,5,5,1.0,1.0,1.0,0.9999998807907104,1.0,0.9999999403953552,1.0
1379,5,5,1.0,0.8,0.888888888888889,0.8876461386680603,0.42857142857142855,0.9495120644569397,0.0
1380,5,5,1.0,1.0,1.0,0.8409584760665894,0.1111111111111111,0.9078426957130432,0.0
1381,5,5,0.4,0.4,0.4000000000000001,0.6143432855606079,0.0,0.6989852786064148,0.0
1382,5,5,0.6,0.6,0.6,0.7525063157081604,0.25,0.7818285822868347,0.0
1383,5,5,0.6,0.8,0.6857142857142857,0.8485175967216492,0.42857142857142855,0.9687047004699707,0.0
1384,5,5,0.8,0.8,0.8000000000000002,0.8850288391113281,0.6666666666666666,0.9331086874008179,0.0
1385,5,5,0.4,0.4,0.4000000000000001,0.5993556380271912,0.0,0.7143189311027527,0.0
1386,5,5,0.6,0.8,0.6857142857142857,0.8138304948806763,0.42857142857142855,0.8410935997962952,0.0
1387,5,5,0.8,1.0,0.888888888888889,0.9279004335403442,0.6666666666666666,0.9340938925743103,0.0
1388,5,5,0.4,0.6,0.48,0.71045982837677,0.0,0.8519185781478882,0.0
1389,5,5,1.0,1.0,1.0,0.9486759901046753,0.6666666666666666,0.9876734018325806,0.0
1390,5,5,0.6,0.6,0.6,0.8175119161605835,0.42857142857142855,0.9230824112892151,0.0
1391,5,5,0.8,0.8,0.8000000000000002,0.882187008857727,0.6666666666666666,0.9256874918937683,0.0
1392,5,5,0.6,0.6,0.6,0.7266326546669006,0.25,0.8431416153907776,0.0
1393,5,5,0.8,0.8,0.8000000000000002,0.8961851596832275,0.42857142857142855,0.9440109729766846,0.0
1394,5,5,0.6,0.4,0.48,0.6723801493644714,0.25,0.8458812832832336,0.0
1395,5,5,0.6,0.8,0.6857142857142857,0.8414308428764343,0.25,0.9358725547790527,0.0
1396,5,5,0.8,0.8,0.8000000000000002,0.8056393265724182,0.0,0.8447350263595581,0.0
1397,5,5,0.6,0.6,0.6,0.7681355476379395,0.0,0.9248239398002625,0.0
1398,5,5,0.6,0.6,0.6,0.7553804516792297,0.25,0.9109452962875366,0.0
1399,5,5,1.0,0.8,0.888888888888889,0.9131101369857788,0.25,0.8823562264442444,0.0
1400,5,5,0.8,0.8,0.8000000000000002,0.8548809289932251,0.42857142857142855,0.9493038654327393,0.0
1401,5,5,0.8,0.8,0.8000000000000002,0.8009415864944458,0.1111111111111111,0.9411532878875732,0.0
1402,5,5,0.6,0.6,0.6,0.688364565372467,0.0,0.8845378160476685,0.0
1403,5,5,0.8,0.8,0.8000000000000002,0.8082119226455688,0.42857142857142855,0.8836249113082886,0.0
1404,5,5,0.6,0.6,0.6,0.7682526111602783,0.1111111111111111,0.8553387522697449,0.0
1405,5,5,0.8,0.8,0.8000000000000002,0.8332607746124268,0.25,0.9228514432907104,0.0
1406,5,5,0.6,0.6,0.6,0.7528136372566223,0.25,0.8913675546646118,0.0
1407,5,5,0.6,0.6,0.6,0.7384157180786133,0.42857142857142855,0.9074899554252625,0.0
1408,5,5,0.8,0.8,0.8000000000000002,0.8361063003540039,0.25,0.9184145927429199,0.0
1409,5,5,0.8,0.8,0.8000000000000002,0.9370526075363159,0.6666666666666666,0.9623914957046509,0.0
1410,5,5,0.8,0.6,0.6857142857142857,0.8435832262039185,0.25,0.9442411661148071,0.0
1411,5,5,1.0,0.8,0.888888888888889,0.9431136846542358,0.6666666666666666,0.950996994972229,0.0
1412,5,5,0.6,0.6,0.6,0.8034486770629883,0.42857142857142855,0.9003829956054688,0.0
1413,5,5,0.8,0.4,0.5333333333333333,0.7429705858230591,0.1111111111111111,0.9205976128578186,0.0
1414,5,5,0.8,0.8,0.8000000000000002,0.8509575128555298,0.42857142857142855,0.9364532828330994,0.0
1415,5,5,1.0,1.0,1.0,0.8856126070022583,0.1111111111111111,0.9032163619995117,0.0
1416,5,5,0.4,0.4,0.4000000000000001,0.622667670249939,0.1111111111111111,0.6413083076477051,0.0
1417,5,5,0.8,0.8,0.8000000000000002,0.8458675146102905,0.42857142857142855,0.9138125777244568,0.0
1418,5,5,1.0,0.8,0.888888888888889,0.9347023963928223,0.42857142857142855,0.9726581573486328,0.0
1419,5,5,0.6,0.6,0.6,0.836056649684906,0.42857142857142855,0.9390668869018555,0.0
1420,5,5,0.8,0.8,0.8000000000000002,0.9009349942207336,0.42857142857142855,0.9515217542648315,0.0
1421,5,5,1.0,1.0,1.0,0.9716296195983887,0.42857142857142855,0.9878591895103455,0.0
1422,5,5,0.6,0.8,0.6857142857142857,0.7888261079788208,0.1111111111111111,0.9174731969833374,0.0
1423,5,5,0.4,0.4,0.4000000000000001,0.6662707328796387,0.1111111111111111,0.7183783650398254,0.0
1424,5,5,0.8,1.0,0.888888888888889,0.8765549659729004,0.25,0.8343486785888672,0.0
1425,5,5,0.6,0.8,0.6857142857142857,0.8140116930007935,0.25,0.8452466130256653,0.0
1426,5,5,0.6,0.6,0.6,0.805365800857544,0.42857142857142855,0.846731424331665,0.0
1427,5,5,1.0,1.0,1.0,0.97508704662323,0.6666666666666666,0.9880788326263428,0.0
1428,5,5,0.8,0.8,0.8000000000000002,0.8689912557601929,0.6666666666666666,0.9314159750938416,0.0
1429,5,5,1.0,1.0,1.0,0.9967862963676453,0.6666666666666666,0.9980587959289551,0.0
1430,5,5,0.8,0.8,0.8000000000000002,0.8963286280632019,0.6666666666666666,0.944179356098175,0.0
1431,5,5,0.6,0.6,0.6,0.7689763307571411,0.25,0.9092865586280823,0.0
1432,5,5,0.8,0.8,0.8000000000000002,0.8168998956680298,0.42857142857142855,0.8630033135414124,0.0
1433,5,5,0.8,0.8,0.8000000000000002,0.8027317523956299,0.1111111111111111,0.8872402310371399,0.0
1434,5,5,1.0,1.0,1.0,0.9262822866439819,0.42857142857142855,0.9827120900154114,0.0
1435,5,5,1.0,1.0,1.0,0.856665313243866,0.1111111111111111,0.9411419630050659,0.0
1436,5,5,1.0,1.0,1.0,0.9500995874404907,0.6666666666666666,0.9960491061210632,0.0
1437,5,5,0.8,0.8,0.8000000000000002,0.8479070663452148,0.25,0.914579451084137,0.0
1438,5,5,0.8,0.8,0.8000000000000002,0.8769252896308899,0.42857142857142855,0.9694483876228333,0.0
1439,5,5,1.0,1.0,1.0,0.9028290510177612,0.25,0.9293820261955261,0.0
1440,5,5,0.6,0.6,0.6,0.7374017238616943,0.25,0.8798404932022095,0.0
1441,5,5,1.0,1.0,1.0,0.9586449861526489,0.6666666666666666,0.9629773497581482,0.0
1442,5,5,0.4,0.4,0.4000000000000001,0.6109049320220947,0.1111111111111111,0.6539818048477173,0.0
1443,5,5,0.4,0.4,0.4000000000000001,0.6252446174621582,0.0,0.799163281917572,0.0
1444,5,5,0.6,0.6,0.6,0.7993730306625366,0.42857142857142855,0.8919289112091064,0.0
1445,5,5,0.8,0.6,0.6857142857142857,0.8513072729110718,0.25,0.9305320382118225,0.0
1446,5,5,0.6,0.6,0.6,0.7516815066337585,0.1111111111111111,0.8652759790420532,0.0
1447,5,5,1.0,1.0,1.0,1.0,1.0,1.0000001192092896,1.0
1448,5,5,0.6,0.8,0.6857142857142857,0.7608566284179688,0.25,0.8806148171424866,0.0
1449,5,5,0.8,0.8,0.8000000000000002,0.8365078568458557,0.1111111111111111,0.9421195387840271,0.0
1450,5,5,0.8,0.8,0.8000000000000002,0.7618454694747925,0.1111111111111111,0.9148005843162537,0.0
1451,5,5,0.8,0.8,0.8000000000000002,0.9017412662506104,0.42857142857142855,0.9480551481246948,0.0
1452,5,5,0.4,0.4,0.4000000000000001,0.7264084815979004,0.25,0.8466427326202393,0.0
1453,5,5,0.8,1.0,0.888888888888889,0.8826180696487427,0.42857142857142855,0.9245202541351318,0.0
1454,5,5,0.6,0.8,0.6857142857142857,0.8473623991012573,0.25,0.9560143947601318,0.0
1455,5,5,1.0,1.0,1.0,0.9283612370491028,0.42857142857142855,0.9563564658164978,0.0
1456,5,5,0.8,0.8,0.8000000000000002,0.8763178586959839,0.6666666666666666,0.9494419097900391,0.0
1457,5,5,0.8,0.8,0.8000000000000002,0.8662341237068176,0.6666666666666666,0.8904165029525757,0.0
1458,5,5,0.8,0.8,0.8000000000000002,0.8509923219680786,0.6666666666666666,0.8781197667121887,0.0
1459,5,5,0.8,0.8,0.8000000000000002,0.8662518858909607,0.6666666666666666,0.9113339781761169,0.0
1460,5,5,0.8,0.8,0.8000000000000002,0.8964810371398926,0.42857142857142855,0.9386863708496094,0.0
1461,5,5,1.0,0.8,0.888888888888889,0.842270016670227,0.25,0.8915769457817078,0.0
1462,5,5,1.0,1.0,1.0,1.0,1.0,1.0,1.0
1463,5,5,0.8,1.0,0.888888888888889,0.8499569892883301,0.25,0.9084608554840088,0.0
1464,5,5,0.4,0.4,0.4000000000000001,0.6427541971206665,0.1111111111111111,0.7982365489006042,0.0
1465,5,5,0.8,0.8,0.8000000000000002,0.7913606762886047,0.25,0.8091980218887329,0.0
1466,5,5,0.8,0.8,0.8000000000000002,0.85240638256073,0.25,0.9222552180290222,0.0
1467,5,5,0.8,0.8,0.8000000000000002,0.8613842725753784,0.25,0.7942508459091187,0.0
1468,5,5,1.0,1.0,1.0,1.0,1.0,0.9985910058021545,1.0
1469,5,5,1.0,0.8,0.888888888888889,0.9184855222702026,0.6666666666666666,0.9247230291366577,0.0
1470,5,5,0.6,0.6,0.6,0.7515621781349182,0.25,0.8147240877151489,0.0
1471,5,5,1.0,1.0,1.0,0.9854593276977539,0.6666666666666666,0.98735511302948,0.0
1472,5,5,0.6,0.6,0.6,0.761710524559021,0.25,0.8472801446914673,0.0
1473,5,5,0.8,0.8,0.8000000000000002,0.8996584415435791,0.6666666666666666,0.9237863421440125,0.0
1474,5,5,0.8,0.8,0.8000000000000002,0.8846597671508789,0.42857142857142855,0.9438956379890442,0.0
1475,5,5,0.6,0.6,0.6,0.6941993236541748,0.25,0.8115597367286682,0.0
1476,5,5,0.6,0.6,0.6,0.7325129508972168,0.25,0.6656712889671326,0.0
1477,5,5,1.0,1.0,1.0,0.9570223093032837,0.6666666666666666,0.9905956983566284,0.0
1478,5,5,0.8,0.8,0.8000000000000002,0.8514885902404785,0.6666666666666666,0.8681434392929077,0.0
1479,5,5,0.8,0.8,0.8000000000000002,0.8848483562469482,0.42857142857142855,0.9366745352745056,0.0
1480,5,5,1.0,1.0,1.0,0.9412422180175781,0.25,0.95682293176651,0.0
1481,5,5,1.0,1.0,1.0,0.9382287263870239,0.42857142857142855,0.9180198907852173,0.0
1482,5,5,0.8,0.8,0.8000000000000002,0.8399093747138977,0.25,0.9281052947044373,0.0
1483,4,5,0.75,0.6,0.6666666666666665,0.683990478515625,0.0,0.7763720154762268,0.0
1484,5,5,1.0,1.0,1.0,1.0000001192092896,1.0,1.0000001192092896,1.0
1485,5,5,0.8,0.8,0.8000000000000002,0.8136848211288452,0.25,0.8308956623077393,0.0
1486,5,5,0.6,0.6,0.6,0.7870267629623413,0.42857142857142855,0.9411068558692932,0.0
1487,5,5,1.0,1.0,1.0,0.956706166267395,0.42857142857142855,0.9768909215927124,0.0
1488,5,5,1.0,1.0,1.0,0.9360815286636353,0.42857142857142855,0.9718965888023376,0.0
1489,5,5,0.8,0.8,0.8000000000000002,0.9032224416732788,0.6666666666666666,0.9505628347396851,0.0
1490,5,5,1.0,0.8,0.888888888888889,0.8592514395713806,0.42857142857142855,0.9515116810798645,0.0
1491,5,5,0.8,0.8,0.8000000000000002,0.8503888845443726,0.42857142857142855,0.8697590231895447,0.0
1492,5,5,0.6,0.6,0.6,0.7193288803100586,0.1111111111111111,0.7977796792984009,0.0
1493,5,5,1.0,0.8,0.888888888888889,0.9030666351318359,0.42857142857142855,0.8794586062431335,0.0
1494,5,5,0.6,0.6,0.6,0.7906208038330078,0.25,0.8826044201850891,0.0
1495,5,5,0.8,0.8,0.8000000000000002,0.8697649240493774,0.6666666666666666,0.7255361080169678,0.0
1496,5,5,0.8,0.8,0.8000000000000002,0.8196291923522949,0.42857142857142855,0.9243690967559814,0.0
1497,5,5,0.8,0.8,0.8000000000000002,0.9284870028495789,0.6666666666666666,0.9707462787628174,0.0
1498,5,5,0.4,0.6,0.48,0.6847441792488098,0.1111111111111111,0.6795303821563721,0.0
1499,5,5,0.8,0.8,0.8000000000000002,0.8849419355392456,0.42857142857142855,0.9476873874664307,0.0
1500,5,5,0.6,0.6,0.6,0.7700954675674438,0.25,0.8488438129425049,0.0
1501,5,5,0.6,0.6,0.6,0.7864223122596741,0.25,0.7608896493911743,0.0
1502,5,5,0.6,0.6,0.6,0.7580000758171082,0.42857142857142855,0.7953013777732849,0.0
1503,5,5,0.8,1.0,0.888888888888889,0.9017032384872437,0.42857142857142855,0.9822506904602051,0.0
1504,5,5,1.0,0.8,0.888888888888889,0.868016242980957,0.25,0.9414648413658142,0.0
1505,5,5,0.8,0.8,0.8000000000000002,0.88458251953125,0.42857142857142855,0.9538032412528992,0.0
1506,5,5,0.8,0.8,0.8000000000000002,0.8376036882400513,0.25,0.9032230973243713,0.0
1507,5,5,0.8,1.0,0.888888888888889,0.897983729839325,0.6666666666666666,0.968771755695343,0.0
1508,5,5,0.6,0.8,0.6857142857142857,0.8600269556045532,0.42857142857142855,0.951515793800354,0.0
1509,5,5,0.6,0.6,0.6,0.7765886187553406,0.42857142857142855,0.8776751756668091,0.0
1510,5,5,0.8,0.8,0.8000000000000002,0.8236899375915527,0.42857142857142855,0.8794323801994324,0.0
1511,5,5,0.8,0.6,0.6857142857142857,0.8534139394760132,0.42857142857142855,0.94637531042099,0.0
1512,5,5,1.0,1.0,1.0,0.9571635127067566,0.6666666666666666,0.9836740493774414,0.0
1513,5,5,0.8,0.8,0.8000000000000002,0.8320462107658386,0.1111111111111111,0.8977690935134888,0.0
1514,5,5,0.6,0.6,0.6,0.7135570049285889,0.1111111111111111,0.8394664525985718,0.0
1515,5,5,0.4,0.8,0.5333333333333333,0.7143443822860718,0.1111111111111111,0.8601115942001343,0.0
1516,5,5,0.8,0.8,0.8000000000000002,0.9108073711395264,0.6666666666666666,0.9223940968513489,0.0
1517,5,5,0.8,0.8,0.8000000000000002,0.9166220426559448,0.6666666666666666,0.9598851799964905,0.0
1518,5,5,0.4,0.4,0.4000000000000001,0.722227931022644,0.25,0.7753145098686218,0.0
1519,5,5,1.0,1.0,1.0,0.9957351684570312,0.6666666666666666,0.9985857009887695,0.0
1520,5,5,0.4,0.4,0.4000000000000001,0.6961751580238342,0.25,0.7595706582069397,0.0
1521,5,5,0.6,0.6,0.6,0.7627546191215515,0.25,0.8754804134368896,0.0
1522,5,5,0.6,0.6,0.6,0.764275074005127,0.42857142857142855,0.7143673896789551,0.0
1523,5,5,0.6,0.8,0.6857142857142857,0.8055874705314636,0.25,0.7856863141059875,0.0
1524,5,5,0.4,1.0,0.5714285714285715,0.7254124879837036,0.25,0.8348467350006104,0.0
1525,5,5,0.8,0.8,0.8000000000000002,0.8766711354255676,0.6666666666666666,0.8749163746833801,0.0
1526,5,5,0.6,0.6,0.6,0.7761213183403015,0.42857142857142855,0.9133029580116272,0.0
1527,5,5,0.6,0.4,0.48,0.7315629720687866,0.25,0.9117812514305115,0.0
1528,5,5,0.8,1.0,0.888888888888889,0.9022679328918457,0.42857142857142855,0.9682456254959106,0.0
1529,5,5,0.6,0.6,0.6,0.7527955770492554,0.42857142857142855,0.8542311191558838,0.0
1530,5,5,0.8,0.8,0.8000000000000002,0.8806761503219604,0.6666666666666666,0.9688311219215393,0.0
1531,5,5,0.4,1.0,0.5714285714285715,0.7230038046836853,0.1111111111111111,0.8457062840461731,0.0
1532,5,5,0.6,0.6,0.6,0.7326037287712097,0.25,0.8896859884262085,0.0
1533,5,5,0.6,0.8,0.6857142857142857,0.7988414168357849,0.1111111111111111,0.8291578888893127,0.0
1534,5,5,1.0,1.0,1.0,0.9647456407546997,0.6666666666666666,0.9694175124168396,0.0
1535,5,5,0.6,0.6,0.6,0.6971233487129211,0.25,0.9197104573249817,0.0
1536,5,5,0.8,0.8,0.8000000000000002,0.894601583480835,0.6666666666666666,0.9348732829093933,0.0
1537,5,5,0.8,0.8,0.8000000000000002,0.9273167848587036,0.6666666666666666,0.9406593441963196,0.0
1538,5,5,0.4,0.4,0.4000000000000001,0.7334506511688232,0.25,0.8626571893692017,0.0
1539,5,5,0.8,0.8,0.8000000000000002,0.8132085800170898,0.42857142857142855,0.9099946618080139,0.0
1540,5,5,0.6,0.6,0.6,0.8030931949615479,0.25,0.939399003982544,0.0
1541,5,5,1.0,1.0,1.0,1.0,1.0,1.0,1.0
1542,5,5,0.8,0.8,0.8000000000000002,0.8649834990501404,0.42857142857142855,0.9456489682197571,0.0
1543,5,5,0.8,0.8,0.8000000000000002,0.8378244638442993,0.25,0.9397960305213928,0.0
1544,5,5,0.8,0.8,0.8000000000000002,0.7881045341491699,0.42857142857142855,0.8876976370811462,0.0
1545,5,5,0.8,0.8,0.8000000000000002,0.8583618402481079,0.25,0.9496492147445679,0.0
1546,5,5,1.0,1.0,1.0,0.9802627563476562,0.42857142857142855,0.9809489846229553,0.0
1547,5,5,1.0,1.0,1.0,0.9449849128723145,0.42857142857142855,0.9518620371818542,0.0
1548,5,5,0.8,0.8,0.8000000000000002,0.8618060946464539,0.42857142857142855,0.9060482978820801,0.0
1549,5,5,1.0,0.8,0.888888888888889,0.9275305271148682,0.6666666666666666,0.9649174213409424,0.0
1550,5,5,0.8,0.8,0.8000000000000002,0.8914035558700562,0.42857142857142855,0.9472107887268066,0.0
1551,5,5,0.8,0.8,0.8000000000000002,0.8462626934051514,0.42857142857142855,0.9267078638076782,0.0
1552,5,5,1.0,1.0,1.0,0.9776304364204407,0.6666666666666666,0.9950783848762512,0.0
1553,5,5,0.8,1.0,0.888888888888889,0.9312038421630859,0.6666666666666666,0.9398294687271118,0.0
1554,5,5,0.6,0.6,0.6,0.7252943515777588,0.25,0.8640536069869995,0.0
1555,5,5,0.6,0.6,0.6,0.7035362720489502,0.1111111111111111,0.6766732335090637,0.0
1556,5,5,0.6,0.6,0.6,0.7944992780685425,0.1111111111111111,0.879966676235199,0.0
1557,5,5,0.6,0.6,0.6,0.7674543857574463,0.42857142857142855,0.7797593474388123,0.0
1558,5,5,1.0,1.0,1.0,0.8939197063446045,0.25,0.9436934590339661,0.0
1559,5,5,0.8,0.8,0.8000000000000002,0.8790414333343506,0.6666666666666666,0.904933750629425,0.0
1560,5,5,1.0,1.0,1.0,0.8990979194641113,0.25,0.9287449717521667,0.0
1561,5,5,1.0,1.0,1.0,0.9999998807907104,1.0,1.0000001192092896,1.0
1562,5,5,0.6,0.6,0.6,0.7125781178474426,0.42857142857142855,0.6755222082138062,0.0
1563,5,5,0.8,0.8,0.8000000000000002,0.8839069604873657,0.6666666666666666,0.978769838809967,0.0
1564,5,5,1.0,1.0,1.0,0.953360915184021,0.42857142857142855,0.9823969006538391,0.0
1565,5,5,0.6,0.8,0.6857142857142857,0.848671555519104,0.25,0.94558185338974,0.0
1566,5,5,0.6,0.6,0.6,0.8077747821807861,0.42857142857142855,0.8854159116744995,0.0
1567,5,5,0.8,0.8,0.8000000000000002,0.9071767330169678,0.6666666666666666,0.9504769444465637,0.0
1568,5,5,1.0,1.0,1.0,1.0000001192092896,1.0,1.0,1.0
1569,5,5,0.8,0.8,0.8000000000000002,0.8753503561019897,0.42857142857142855,0.9766295552253723,0.0
1570,5,5,1.0,1.0,1.0,0.861833930015564,0.25,0.9654050469398499,0.0
1571,5,5,1.0,1.0,1.0,0.9383475184440613,0.42857142857142855,0.9444884061813354,0.0
1572,5,5,0.6,0.6,0.6,0.8103266954421997,0.42857142857142855,0.8043253421783447,0.0
1573,5,5,0.8,1.0,0.888888888888889,0.9359722137451172,0.6666666666666666,0.9548541307449341,0.0
1574,5,5,1.0,1.0,1.0,0.9679611325263977,0.25,0.9575137495994568,0.0
1575,5,5,0.8,0.8,0.8000000000000002,0.8585338592529297,0.25,0.9150223731994629,0.0
1576,5,5,0.8,0.8,0.8000000000000002,0.879999041557312,0.6666666666666666,0.9084117412567139,0.0
1577,5,5,0.6,0.6,0.6,0.7605239152908325,0.42857142857142855,0.8871752023696899,0.0
1578,5,5,0.4,0.4,0.4000000000000001,0.6621217727661133,0.1111111111111111,0.830371618270874,0.0
1579,5,5,0.6,0.6,0.6,0.6644871234893799,0.0,0.7663736343383789,0.0
1580,5,5,0.8,0.8,0.8000000000000002,0.8861533403396606,0.6666666666666666,0.9549822807312012,0.0
1581,5,5,1.0,1.0,1.0,0.9552444815635681,0.6666666666666666,0.9620636701583862,0.0
1582,5,5,0.6,0.6,0.6,0.7638880014419556,0.42857142857142855,0.756591260433197,0.0
1583,5,5,0.8,0.8,0.8000000000000002,0.9299381971359253,0.6666666666666666,0.9110883474349976,0.0
1584,5,5,0.8,0.8,0.8000000000000002,0.8307508230209351,0.42857142857142855,0.8852080702781677,0.0
1585,5,5,0.8,0.8,0.8000000000000002,0.8365533947944641,0.25,0.9105410575866699,0.0
1586,5,5,0.6,0.6,0.6,0.7751719951629639,0.25,0.8574109673500061,0.0
1587,5,5,0.4,0.6,0.48,0.6822413206100464,0.0,0.825183629989624,0.0
1588,5,5,1.0,1.0,1.0,0.9935532212257385,0.6666666666666666,0.9732675552368164,0.0
1589,5,5,0.8,1.0,0.888888888888889,0.8456295728683472,0.42857142857142855,0.9575968980789185,0.0
1590,5,5,1.0,1.0,1.0,1.0,1.0,0.9999998807907104,1.0
1591,5,5,0.8,0.6,0.6857142857142857,0.7842998504638672,0.42857142857142855,0.9009546637535095,0.0
1592,5,5,0.6,0.6,0.6,0.7728530764579773,0.1111111111111111,0.8663864135742188,0.0
1593,5,5,0.6,0.6,0.6,0.7948977947235107,0.25,0.8941230177879333,0.0
1594,5,5,0.6,0.6,0.6,0.768399178981781,0.25,0.9025744199752808,0.0
1595,5,5,0.6,0.6,0.6,0.6363418102264404,0.1111111111111111,0.6558086276054382,0.0
1596,5,5,0.8,1.0,0.888888888888889,0.8797775506973267,0.25,0.8893479108810425,0.0
1597,5,5,0.4,0.6,0.48,0.6897697448730469,0.0,0.8758214712142944,0.0
1598,5,5,0.8,1.0,0.888888888888889,0.913062572479248,0.42857142857142855,0.9868600368499756,0.0
1599,5,5,0.6,0.6,0.6,0.8117347955703735,0.42857142857142855,0.8997526168823242,0.0
1600,5,5,0.6,0.6,0.6,0.7242171168327332,0.1111111111111111,0.8587647080421448,0.0
1601,5,5,0.6,0.6,0.6,0.7635977268218994,0.42857142857142855,0.7903693318367004,0.0
1602,5,5,0.6,1.0,0.7499999999999999,0.8586270213127136,0.25,0.9078154563903809,0.0
1603,5,5,0.8,0.8,0.8000000000000002,0.9192183613777161,0.6666666666666666,0.9149323105812073,0.0
1604,5,5,0.8,0.8,0.8000000000000002,0.8080611824989319,0.1111111111111111,0.9126684665679932,0.0
1605,5,5,0.8,0.8,0.8000000000000002,0.8780982494354248,0.42857142857142855,0.9349536895751953,0.0
1606,5,5,0.6,0.8,0.6857142857142857,0.8231738805770874,0.42857142857142855,0.8639838099479675,0.0
1607,5,5,0.8,0.8,0.8000000000000002,0.8885140419006348,0.6666666666666666,0.9267246723175049,0.0
1608,5,5,0.6,0.6,0.6,0.7270503044128418,0.1111111111111111,0.7569881677627563,0.0
1609,6,5,0.3333333333333333,0.6,0.42857142857142855,0.6677407026290894,0.2222222222222222,0.8104432821273804,0.0
1610,5,5,1.0,1.0,1.0,0.9999998807907104,1.0,1.0,1.0
1611,5,5,0.8,0.8,0.8000000000000002,0.8846117258071899,0.42857142857142855,0.9641758799552917,0.0
1612,5,5,0.6,0.6,0.6,0.7007862329483032,0.0,0.8476963043212891,0.0
1613,5,5,1.0,1.0,1.0,0.9643155932426453,0.6666666666666666,0.9827179908752441,0.0
1614,5,5,0.6,0.8,0.6857142857142857,0.7731793522834778,0.0,0.9122576713562012,0.0
1615,5,5,0.6,0.6,0.6,0.7205402851104736,0.42857142857142855,0.6876818537712097,0.0
1616,5,5,1.0,1.0,1.0,1.0,1.0,0.9999999403953552,1.0
1617,5,5,0.8,0.8,0.8000000000000002,0.9373189806938171,0.6666666666666666,0.9219553470611572,0.0
1618,5,5,0.6,0.8,0.6857142857142857,0.7938477993011475,0.1111111111111111,0.9482518434524536,0.0
1619,5,5,0.6,0.6,0.6,0.7254518270492554,0.0,0.8539389371871948,0.0
1620,5,5,0.6,0.6,0.6,0.78006911277771,0.42857142857142855,0.9127697944641113,0.0
1621,5,5,0.8,0.8,0.8000000000000002,0.8771865367889404,0.42857142857142855,0.8792648315429688,0.0
1622,5,5,0.8,0.8,0.8000000000000002,0.932935893535614,0.6666666666666666,0.9324257373809814,0.0
1623,5,5,0.8,0.6,0.6857142857142857,0.8046815395355225,0.42857142857142855,0.9355039000511169,0.0
1624,5,5,0.6,0.6,0.6,0.7644127011299133,0.25,0.7674137949943542,0.0
1625,5,5,0.8,0.8,0.8000000000000002,0.863046407699585,0.42857142857142855,0.9268085360527039,0.0
1626,5,5,0.8,0.8,0.8000000000000002,0.8943853378295898,0.42857142857142855,0.975055456161499,0.0
1627,5,5,0.4,0.6,0.48,0.6182233095169067,0.1111111111111111,0.7565580010414124,0.0
1628,5,5,1.0,0.6,0.7499999999999999,0.8554784655570984,0.42857142857142855,0.8485878109931946,0.0
1629,5,5,1.0,1.0,1.0,1.0,1.0,0.966278612613678,1.0
1630,5,5,1.0,0.6,0.7499999999999999,0.8553664684295654,0.25,0.8808396458625793,0.0
1631,5,5,0.6,0.8,0.6857142857142857,0.7590767741203308,0.1111111111111111,0.8573548793792725,0.0
1632,5,5,0.4,0.4,0.4000000000000001,0.5602176785469055,0.1111111111111111,0.7192516326904297,0.0
1633,5,5,0.8,0.8,0.8000000000000002,0.8839703798294067,0.6666666666666666,0.9613854885101318,0.0
1634,5,5,0.8,1.0,0.888888888888889,0.8400695323944092,0.25,0.9236277937889099,0.0
1635,5,5,0.8,0.8,0.8000000000000002,0.8244388699531555,0.42857142857142855,0.8966899514198303,0.0
1636,5,5,0.8,0.8,0.8000000000000002,0.8506956100463867,0.25,0.9128178358078003,0.0
1637,5,5,0.8,0.8,0.8000000000000002,0.911505401134491,0.6666666666666666,0.9643034934997559,0.0
1638,5,5,0.8,0.6,0.6857142857142857,0.8043708801269531,0.25,0.881924569606781,0.0
1639,5,5,0.4,0.2,0.26666666666666666,0.6880097389221191,0.1111111111111111,0.8922195434570312,0.0
1640,5,5,0.8,0.8,0.8000000000000002,0.864598274230957,0.6666666666666666,0.8947843313217163,0.0
1641,5,5,1.0,1.0,1.0,0.9978595972061157,0.6666666666666666,0.9990107417106628,0.0
1642,5,5,0.6,0.6,0.6,0.762028694152832,0.42857142857142855,0.8409638404846191,0.0
1643,5,5,0.4,0.4,0.4000000000000001,0.6219747066497803,0.25,0.7492579221725464,0.0
1644,5,5,0.6,0.6,0.6,0.7886166572570801,0.42857142857142855,0.8315247893333435,0.0
1645,5,5,1.0,1.0,1.0,0.906891942024231,0.25,0.9115588068962097,0.0
1646,5,5,0.4,0.4,0.4000000000000001,0.7584248781204224,0.25,0.8588864803314209,0.0
1647,5,5,1.0,1.0,1.0,0.8299206495285034,0.0,0.9208032488822937,0.0
1648,5,5,0.8,1.0,0.888888888888889,0.9028946161270142,0.25,0.9167467951774597,0.0
1649,5,5,0.8,0.8,0.8000000000000002,0.8940549492835999,0.6666666666666666,0.9221760630607605,0.0
1650,5,5,0.8,1.0,0.888888888888889,0.9095877408981323,0.25,0.9463269710540771,0.0
1651,5,5,0.6,0.6,0.6,0.768578827381134,0.42857142857142855,0.8165601491928101,0.0
1652,5,5,0.8,0.8,0.8000000000000002,0.7919607162475586,0.1111111111111111,0.8915095925331116,0.0
1653,5,5,0.6,0.4,0.48,0.7586643695831299,0.1111111111111111,0.9052420258522034,0.0
1654,4,5,1.0,0.8,0.888888888888889,0.9471891522407532,0.8,0.9449889063835144,0.0
1655,5,5,0.8,0.8,0.8000000000000002,0.832871675491333,0.42857142857142855,0.9260298013687134,0.0
1656,5,5,0.8,0.8,0.8000000000000002,0.8536287546157837,0.25,0.9448566436767578,0.0
1657,5,5,1.0,1.0,1.0,1.0000001192092896,1.0,0.968222975730896,1.0
1658,5,5,0.6,0.6,0.6,0.7456782460212708,0.1111111111111111,0.8115513920783997,0.0
1659,5,5,0.8,0.8,0.8000000000000002,0.8693233728408813,0.6666666666666666,0.9365208148956299,0.0
1660,5,5,1.0,0.8,0.888888888888889,0.9109762907028198,0.6666666666666666,0.9447378516197205,0.0
1661,5,5,0.6,0.8,0.6857142857142857,0.837673544883728,0.25,0.9336985349655151,0.0
1662,5,5,0.6,0.6,0.6,0.7641469836235046,0.25,0.7921147346496582,0.0
1663,5,5,0.8,0.8,0.8000000000000002,0.8658791780471802,0.42857142857142855,0.8793107271194458,0.0
1664,5,5,0.6,0.6,0.6,0.8243152499198914,0.42857142857142855,0.956941545009613,0.0
1665,5,5,0.6,0.6,0.6,0.7587819695472717,0.42857142857142855,0.8437016010284424,0.0
1666,5,5,1.0,1.0,1.0,1.0,1.0,0.9996705055236816,1.0
1667,5,5,0.6,0.6,0.6,0.7485566139221191,0.42857142857142855,0.8345259428024292,0.0
1668,5,5,0.6,0.6,0.6,0.7329848408699036,0.1111111111111111,0.8952678442001343,0.0
1669,5,5,0.6,0.6,0.6,0.7831267714500427,0.42857142857142855,0.9045270085334778,0.0
1670,5,5,0.8,1.0,0.888888888888889,0.8793658018112183,0.42857142857142855,0.8222420811653137,0.0
1671,5,5,0.6,0.6,0.6,0.7829144597053528,0.0,0.9226117730140686,0.0
1672,5,5,1.0,1.0,1.0,1.0,1.0,1.0000001192092896,1.0
1673,5,5,0.4,0.4,0.4000000000000001,0.6459980010986328,0.1111111111111111,0.7691264152526855,0.0
1674,5,5,0.8,1.0,0.888888888888889,0.8853709101676941,0.42857142857142855,0.9666262269020081,0.0
1675,5,5,0.6,0.6,0.6,0.6647725105285645,0.0,0.8191997408866882,0.0
1676,5,5,1.0,1.0,1.0,1.0,1.0,0.9700624942779541,1.0
1677,5,5,0.8,1.0,0.888888888888889,0.8799303770065308,0.25,0.9330229163169861,0.0
1678,5,5,1.0,1.0,1.0,0.988650918006897,0.6666666666666666,0.9970256090164185,0.0
1679,5,5,0.8,0.8,0.8000000000000002,0.8496609926223755,0.42857142857142855,0.9041115045547485,0.0
1680,5,5,0.8,0.8,0.8000000000000002,0.8724461793899536,0.42857142857142855,0.959100067615509,0.0
1681,5,5,0.8,0.8,0.8000000000000002,0.8632459044456482,0.25,0.8610095977783203,0.0
1682,5,5,0.6,0.8,0.6857142857142857,0.8104891777038574,0.42857142857142855,0.8817425966262817,0.0
1683,5,5,1.0,1.0,1.0,0.9999998807907104,1.0,0.9971203804016113,1.0
1684,5,5,1.0,1.0,1.0,0.9954730272293091,0.6666666666666666,0.9974002242088318,0.0
1685,5,5,0.6,0.6,0.6,0.7746862173080444,0.42857142857142855,0.7734048366546631,0.0
1686,5,5,0.8,0.6,0.6857142857142857,0.662208080291748,0.0,0.8272495269775391,0.0
1687,5,5,0.8,0.8,0.8000000000000002,0.8644881248474121,0.42857142857142855,0.921466588973999,0.0
1688,5,5,0.8,1.0,0.888888888888889,0.8756086826324463,0.25,0.9605838060379028,0.0
1689,5,5,1.0,1.0,1.0,0.9341462850570679,0.42857142857142855,0.9605385661125183,0.0
1690,5,5,0.8,0.8,0.8000000000000002,0.8732209205627441,0.6666666666666666,0.9429828524589539,0.0
1691,5,5,1.0,1.0,1.0,0.9519122838973999,0.42857142857142855,0.9755982160568237,0.0
1692,5,5,0.8,0.8,0.8000000000000002,0.9282514452934265,0.6666666666666666,0.9715443253517151,0.0
1693,4,5,0.75,0.8,0.7741935483870969,0.8112194538116455,0.2857142857142857,0.8870553970336914,0.0
1694,5,5,1.0,0.8,0.888888888888889,0.9210258722305298,0.42857142857142855,0.9577375650405884,0.0
1695,5,5,0.4,0.6,0.48,0.6704742908477783,0.0,0.7731552720069885,0.0
1696,5,5,0.8,0.8,0.8000000000000002,0.8386940956115723,0.42857142857142855,0.8803696632385254,0.0
1697,5,5,0.6,0.8,0.6857142857142857,0.8294262886047363,0.25,0.933974027633667,0.0
1698,5,5,0.6,0.6,0.6,0.8002479076385498,0.42857142857142855,0.787359356880188,0.0
1699,5,5,0.8,1.0,0.888888888888889,0.9203033447265625,0.42857142857142855,0.9737136363983154,0.0
1700,5,5,0.4,0.6,0.48,0.6963889002799988,0.25,0.8877218961715698,0.0
1701,5,5,0.8,1.0,0.888888888888889,0.905998170375824,0.42857142857142855,0.930769145488739,0.0
1702,5,5,0.6,0.6,0.6,0.7819135189056396,0.42857142857142855,0.9292874336242676,0.0
1703,5,5,1.0,1.0,1.0,0.9193576574325562,0.42857142857142855,0.9342302083969116,0.0
1704,5,5,0.6,0.6,0.6,0.7852694988250732,0.42857142857142855,0.7963805794715881,0.0
1705,5,5,0.6,0.6,0.6,0.733534574508667,0.1111111111111111,0.8596951365470886,0.0
1706,5,5,1.0,0.6,0.7499999999999999,0.8632092475891113,0.42857142857142855,0.9193299412727356,0.0
1707,5,5,0.6,0.8,0.6857142857142857,0.8196189403533936,0.42857142857142855,0.9367123246192932,0.0
1708,5,5,0.6,0.6,0.6,0.7091459035873413,0.1111111111111111,0.8094531893730164,0.0
1709,5,5,1.0,1.0,1.0,0.8885447978973389,0.1111111111111111,0.9139441251754761,0.0
1710,5,5,0.6,0.8,0.6857142857142857,0.7852931022644043,0.25,0.8723793029785156,0.0
1711,5,5,1.0,0.8,0.888888888888889,0.931151270866394,0.42857142857142855,0.9751710891723633,0.0
1712,5,5,1.0,1.0,1.0,0.9343649744987488,0.25,0.9785669445991516,0.0
1713,5,5,0.6,0.8,0.6857142857142857,0.7170743942260742,0.0,0.8298846483230591,0.0
1714,5,5,0.8,0.6,0.6857142857142857,0.7627777457237244,0.1111111111111111,0.8877823948860168,0.0
1715,5,5,1.0,0.8,0.888888888888889,0.9133647680282593,0.6666666666666666,0.9660450220108032,0.0
1716,5,5,0.6,0.6,0.6,0.7348449230194092,0.42857142857142855,0.826935887336731,0.0
1717,5,5,0.4,0.4,0.4000000000000001,0.7530957460403442,0.25,0.7443616390228271,0.0
1718,5,5,0.6,0.8,0.6857142857142857,0.7538592219352722,0.1111111111111111,0.8666794300079346,0.0
1719,5,5,0.8,0.8,0.8000000000000002,0.7156722545623779,0.0,0.9151976108551025,0.0
1720,5,5,0.6,0.6,0.6,0.7456849813461304,0.25,0.9521982073783875,0.0
1721,5,5,1.0,1.0,1.0,1.0,1.0,0.9852892756462097,1.0
1722,5,5,0.4,0.4,0.4000000000000001,0.7099040746688843,0.25,0.9391847848892212,0.0
1723,5,5,0.8,0.8,0.8000000000000002,0.8405700922012329,0.42857142857142855,0.9031563401222229,0.0
1724,5,5,0.6,0.8,0.6857142857142857,0.8024893403053284,0.1111111111111111,0.9185125827789307,0.0
1725,5,5,0.8,0.8,0.8000000000000002,0.8922848701477051,0.42857142857142855,0.9126502871513367,0.0
1726,5,5,0.8,0.8,0.8000000000000002,0.9293828010559082,0.6666666666666666,0.9797756671905518,0.0
1727,5,5,0.6,0.6,0.6,0.6476385593414307,0.0,0.7348571419715881,0.0
1728,5,5,0.8,0.8,0.8000000000000002,0.8925052881240845,0.42857142857142855,0.86746746301651,0.0
1729,5,5,0.8,0.8,0.8000000000000002,0.8781050443649292,0.42857142857142855,0.8804627060890198,0.0
1730,5,5,0.6,0.6,0.6,0.7083843946456909,0.1111111111111111,0.8706437349319458,0.0
1731,5,5,0.8,0.8,0.8000000000000002,0.8619928956031799,0.42857142857142855,0.941131591796875,0.0
1732,5,5,0.4,0.4,0.4000000000000001,0.6719266176223755,0.1111111111111111,0.7196279168128967,0.0
1733,5,5,0.8,0.8,0.8000000000000002,0.8377053737640381,0.42857142857142855,0.8998082876205444,0.0
1734,5,5,0.8,0.8,0.8000000000000002,0.8008973598480225,0.1111111111111111,0.8163527250289917,0.0
1735,5,5,0.8,0.8,0.8000000000000002,0.8568395376205444,0.25,0.9078645706176758,0.0
1736,5,5,1.0,1.0,1.0,0.9599313735961914,0.42857142857142855,0.9438347816467285,0.0
1737,5,5,0.8,0.6,0.6857142857142857,0.823193371295929,0.42857142857142855,0.8308761715888977,0.0
1738,5,5,0.6,0.8,0.6857142857142857,0.7345308065414429,0.1111111111111111,0.8100829720497131,0.0
1739,5,5,0.8,0.8,0.8000000000000002,0.8759366273880005,0.6666666666666666,0.952837347984314,0.0
1740,5,5,0.6,0.6,0.6,0.8208224773406982,0.42857142857142855,0.9045646786689758,0.0
1741,5,5,0.8,0.8,0.8000000000000002,0.8240262269973755,0.42857142857142855,0.9122135043144226,0.0
1742,5,5,0.8,0.8,0.8000000000000002,0.8874946236610413,0.42857142857142855,0.8990564942359924,0.0
1743,5,5,0.8,1.0,0.888888888888889,0.8350951075553894,0.25,0.9337298274040222,0.0
1744,5,5,1.0,0.8,0.888888888888889,0.9204386472702026,0.6666666666666666,0.9195656180381775,0.0
1745,5,5,1.0,1.0,1.0,0.9901288151741028,0.6666666666666666,0.9941053986549377,0.0
1746,5,5,0.6,0.6,0.6,0.7854875326156616,0.42857142857142855,0.8278155326843262,0.0
1747,5,5,0.6,0.6,0.6,0.7483881711959839,0.42857142857142855,0.7807279825210571,0.0
1748,5,5,0.6,0.6,0.6,0.763837456703186,0.42857142857142855,0.7850506901741028,0.0
1749,5,5,0.8,0.8,0.8000000000000002,0.8697830438613892,0.42857142857142855,0.8987565636634827,0.0
1750,5,5,0.6,0.8,0.6857142857142857,0.7647151947021484,0.1111111111111111,0.8539487719535828,0.0
1751,5,5,1.0,0.6,0.7499999999999999,0.885513424873352,0.42857142857142855,0.9369451999664307,0.0
1752,5,5,0.4,0.4,0.4000000000000001,0.6960237622261047,0.25,0.769080400466919,0.0
1753,5,5,0.8,0.6,0.6857142857142857,0.7803255319595337,0.25,0.9147690534591675,0.0
1754,5,5,0.4,0.4,0.4000000000000001,0.6634096503257751,0.0,0.8047513961791992,0.0
1755,5,5,0.6,0.6,0.6,0.7237709760665894,0.0,0.8167755603790283,0.0
1756,5,5,0.8,0.8,0.8000000000000002,0.9195494651794434,0.6666666666666666,0.9655166268348694,0.0
1757,5,5,0.8,0.8,0.8000000000000002,0.7837830781936646,0.0,0.9078740477561951,0.0
1758,5,5,0.6,0.8,0.6857142857142857,0.7150161266326904,0.0,0.8759037852287292,0.0
1759,5,5,0.8,0.8,0.8000000000000002,0.8878459334373474,0.42857142857142855,0.9681885838508606,0.0
1760,5,5,0.6,0.6,0.6,0.8216107487678528,0.42857142857142855,0.8979062438011169,0.0
1761,5,5,0.8,0.8,0.8000000000000002,0.854781985282898,0.42857142857142855,0.9427938461303711,0.0
1762,5,5,0.8,0.8,0.8000000000000002,0.8826615214347839,0.6666666666666666,0.9065981507301331,0.0
1763,5,5,0.8,0.8,0.8000000000000002,0.878089189529419,0.6666666666666666,0.8633344769477844,0.0
1764,5,5,0.6,0.6,0.6,0.7800747156143188,0.42857142857142855,0.8573949337005615,0.0
1765,5,5,0.6,1.0,0.7499999999999999,0.8649343252182007,0.42857142857142855,0.9576669335365295,0.0
1766,5,5,0.6,0.4,0.48,0.6656011343002319,0.0,0.813094437122345,0.0
1767,5,5,0.8,0.8,0.8000000000000002,0.7318325638771057,0.1111111111111111,0.9042861461639404,0.0
1768,5,5,1.0,1.0,1.0,0.9941548109054565,0.6666666666666666,0.9941091537475586,0.0
1769,5,5,1.0,0.8,0.888888888888889,0.9328622221946716,0.42857142857142855,0.9663460850715637,0.0
1770,5,5,1.0,1.0,1.0,0.9857207536697388,0.6666666666666666,0.9859650731086731,0.0
1771,5,5,0.6,0.6,0.6,0.7083997130393982,0.0,0.7445130944252014,0.0
1772,5,5,1.0,0.8,0.888888888888889,0.9100184440612793,0.42857142857142855,0.9176392555236816,0.0
1773,5,5,0.8,0.8,0.8000000000000002,0.8406744003295898,0.42857142857142855,0.9024484753608704,0.0
1774,5,5,0.6,0.6,0.6,0.7694067358970642,0.0,0.7259349226951599,0.0
1775,5,5,0.8,0.8,0.8000000000000002,0.9255667924880981,0.6666666666666666,0.9465550184249878,0.0
1776,5,5,0.4,0.4,0.4000000000000001,0.6865665912628174,0.1111111111111111,0.809237539768219,0.0
1777,5,5,0.8,0.8,0.8000000000000002,0.8469252586364746,0.42857142857142855,0.9095603227615356,0.0
1778,5,5,0.6,0.6,0.6,0.7478570342063904,0.25,0.8458085060119629,0.0
1779,5,5,0.6,0.6,0.6,0.759212851524353,0.25,0.7807140350341797,0.0
1780,5,5,0.6,0.8,0.6857142857142857,0.7590691447257996,0.1111111111111111,0.8802943825721741,0.0
1781,5,5,1.0,1.0,1.0,0.8721362352371216,0.1111111111111111,0.9438837766647339,0.0
1782,5,5,1.0,1.0,1.0,0.956629753112793,0.6666666666666666,0.9201673269271851,0.0
1783,5,5,1.0,1.0,1.0,0.978863537311554,0.6666666666666666,0.9827485084533691,0.0
1784,5,5,0.8,1.0,0.888888888888889,0.9161936640739441,0.42857142857142855,0.9894477725028992,0.0
1785,5,5,0.8,1.0,0.888888888888889,0.9270951747894287,0.6666666666666666,0.966015636920929,0.0
1786,5,5,0.8,0.8,0.8000000000000002,0.8228640556335449,0.0,0.87715083360672,0.0
1787,5,5,0.6,0.6,0.6,0.7949268817901611,0.42857142857142855,0.8348491787910461,0.0
1788,5,5,0.4,0.4,0.4000000000000001,0.6891931891441345,0.1111111111111111,0.8084799647331238,0.0
1789,5,5,1.0,1.0,1.0,0.987912654876709,0.6666666666666666,0.995141327381134,0.0
1790,5,5,0.8,0.8,0.8000000000000002,0.8702839612960815,0.6666666666666666,0.9371955990791321,0.0
1791,5,5,0.8,0.8,0.8000000000000002,0.8569173812866211,0.42857142857142855,0.9366870522499084,0.0
1792,5,5,1.0,1.0,1.0,0.9220212697982788,0.42857142857142855,0.9560394287109375,0.0
1793,5,5,0.6,0.8,0.6857142857142857,0.7229068279266357,0.0,0.8355761766433716,0.0
1794,5,5,0.6,0.6,0.6,0.7899603843688965,0.25,0.865915060043335,0.0
1795,5,5,0.8,0.8,0.8000000000000002,0.8819068670272827,0.6666666666666666,0.9419332146644592,0.0
1796,5,5,1.0,1.0,1.0,0.9539098739624023,0.6666666666666666,0.9604734778404236,0.0
1797,5,5,0.8,0.8,0.8000000000000002,0.8578163385391235,0.42857142857142855,0.8890107870101929,0.0
1798,5,5,1.0,1.0,1.0,1.0,1.0,0.9993439316749573,1.0
1799,5,5,0.8,0.8,0.8000000000000002,0.8946330547332764,0.42857142857142855,0.9265899658203125,0.0
1800,5,5,1.0,0.8,0.888888888888889,0.9217472076416016,0.6666666666666666,0.9476282596588135,0.0
1801,5,5,0.6,0.6,0.6,0.7401286363601685,0.25,0.8843123316764832,0.0
1802,5,5,1.0,1.0,1.0,0.9999998211860657,1.0,0.9730345010757446,1.0
1803,5,5,1.0,0.8,0.888888888888889,0.9440733194351196,0.6666666666666666,0.9600527882575989,0.0
1804,5,5,0.6,0.6,0.6,0.767169713973999,0.25,0.9227611422538757,0.0
1805,5,5,0.6,0.6,0.6,0.7533753514289856,0.25,0.8147121071815491,0.0
1806,5,5,1.0,1.0,1.0,0.9507068991661072,0.42857142857142855,0.9597792029380798,0.0
1807,5,5,0.6,0.6,0.6,0.732526421546936,0.1111111111111111,0.8310487270355225,0.0
1808,5,5,1.0,1.0,1.0,0.9822607040405273,0.6666666666666666,0.9546663761138916,0.0
1809,5,5,0.8,0.8,0.8000000000000002,0.8099707365036011,0.25,0.8472546935081482,0.0
1810,5,5,0.8,0.8,0.8000000000000002,0.8448869585990906,0.1111111111111111,0.9106886982917786,0.0
1811,5,5,0.8,0.8,0.8000000000000002,0.8584932088851929,0.6666666666666666,0.8912994861602783,0.0
1812,5,5,0.6,0.6,0.6,0.7526041269302368,0.25,0.8116812109947205,0.0
1813,5,5,0.8,1.0,0.888888888888889,0.870105504989624,0.25,0.9388414025306702,0.0
1814,4,5,0.25,0.2,0.22222222222222224,0.5831984281539917,0.0,0.6519914865493774,0.0
1815,5,5,0.8,0.8,0.8000000000000002,0.8423851728439331,0.42857142857142855,0.9069018363952637,0.0
1816,5,5,0.4,0.4,0.4000000000000001,0.7025365829467773,0.0,0.9429632425308228,0.0
1817,5,5,0.4,0.4,0.4000000000000001,0.7549817562103271,0.1111111111111111,0.8284797072410583,0.0
1818,5,5,0.8,0.8,0.8000000000000002,0.9226412773132324,0.6666666666666666,0.9633898138999939,0.0
1819,5,5,1.0,1.0,1.0,0.9520757794380188,0.6666666666666666,0.9766154289245605,0.0
1820,5,5,0.8,0.8,0.8000000000000002,0.8170658349990845,0.1111111111111111,0.9541779160499573,0.0
1821,5,5,1.0,1.0,1.0,1.0,1.0,0.999435305595398,1.0
1822,5,5,0.6,0.6,0.6,0.7287448644638062,0.25,0.7992092370986938,0.0
1823,5,5,0.8,0.8,0.8000000000000002,0.8911815881729126,0.42857142857142855,0.9798030257225037,0.0
1824,5,5,1.0,1.0,1.0,0.9819408655166626,0.6666666666666666,0.9912834167480469,0.0
1825,5,5,0.6,0.8,0.6857142857142857,0.7778768539428711,0.25,0.9497492909431458,0.0
1826,5,5,0.6,0.8,0.6857142857142857,0.7630541324615479,0.25,0.8948619961738586,0.0
1827,5,5,0.6,0.6,0.6,0.818564236164093,0.25,0.942777156829834,0.0
1828,5,5,0.8,0.6,0.6857142857142857,0.8428997993469238,0.42857142857142855,0.9343688488006592,0.0
1829,5,5,0.6,0.8,0.6857142857142857,0.8384178876876831,0.42857142857142855,0.9636333584785461,0.0
1830,5,5,1.0,1.0,1.0,0.9622659683227539,0.6666666666666666,0.9501879215240479,0.0
1831,5,5,0.8,0.6,0.6857142857142857,0.8200822472572327,0.25,0.911975085735321,0.0
1832,5,5,0.6,0.6,0.6,0.7674626111984253,0.1111111111111111,0.9142007231712341,0.0
1833,5,5,0.6,0.6,0.6,0.8292551040649414,0.25,0.9483247399330139,0.0
1834,5,5,1.0,1.0,1.0,0.9979872703552246,0.6666666666666666,0.9983166456222534,0.0
1835,5,5,0.8,1.0,0.888888888888889,0.9236334562301636,0.42857142857142855,0.8826782703399658,0.0
1836,5,5,0.6,0.6,0.6,0.832383930683136,0.42857142857142855,0.9516621828079224,0.0
1837,5,5,0.8,0.8,0.8000000000000002,0.8791228532791138,0.42857142857142855,0.8688212633132935,0.0
1838,5,5,0.8,0.6,0.6857142857142857,0.77604079246521,0.25,0.9057877659797668,0.0
1839,5,5,0.8,0.8,0.8000000000000002,0.8287946581840515,0.1111111111111111,0.9104118347167969,0.0
1840,5,5,1.0,1.0,1.0,1.0000001192092896,1.0,0.9999999403953552,1.0
1841,5,5,0.8,0.8,0.8000000000000002,0.8893582820892334,0.25,0.9785825610160828,0.0
1842,5,5,1.0,0.8,0.888888888888889,0.9346027970314026,0.6666666666666666,0.9160646200180054,0.0
1843,5,5,0.6,0.6,0.6,0.7986887693405151,0.42857142857142855,0.8955886960029602,0.0
1844,5,5,0.6,0.8,0.6857142857142857,0.8362119197845459,0.25,0.9022733569145203,0.0
1845,5,5,0.8,0.6,0.6857142857142857,0.8097718954086304,0.25,0.9418694972991943,0.0
1846,5,5,1.0,1.0,1.0,0.9362901449203491,0.42857142857142855,0.9811313152313232,0.0
1847,5,5,0.4,0.4,0.4000000000000001,0.658818244934082,0.25,0.8549476265907288,0.0
1848,5,5,0.8,0.8,0.8000000000000002,0.8921771049499512,0.42857142857142855,0.928674042224884,0.0
1849,5,5,1.0,0.8,0.888888888888889,0.8158575892448425,0.1111111111111111,0.9077808856964111,0.0
1850,5,5,0.6,0.6,0.6,0.6660715341567993,0.1111111111111111,0.5314104557037354,0.0
1851,5,5,0.8,0.8,0.8000000000000002,0.8374334573745728,0.42857142857142855,0.8709947466850281,0.0
1852,5,5,0.8,0.8,0.8000000000000002,0.8419755697250366,0.42857142857142855,0.924849271774292,0.0
1853,5,5,0.8,0.8,0.8000000000000002,0.8044894933700562,0.25,0.8747565150260925,0.0
1854,5,5,0.8,0.8,0.8000000000000002,0.877611517906189,0.25,0.9622018933296204,0.0
1855,5,5,1.0,1.0,1.0,1.0000001192092896,1.0,0.9872166514396667,1.0
1856,5,5,0.6,0.6,0.6,0.7072038650512695,0.25,0.7498489618301392,0.0
1857,5,5,0.8,0.8,0.8000000000000002,0.852131724357605,0.42857142857142855,0.9577742218971252,0.0
1858,5,5,0.8,0.8,0.8000000000000002,0.9043868780136108,0.6666666666666666,0.9382310509681702,0.0
1859,5,5,0.8,0.8,0.8000000000000002,0.8963652849197388,0.42857142857142855,0.891250729560852,0.0
1860,5,5,0.6,0.6,0.6,0.8015205264091492,0.42857142857142855,0.8788706660270691,0.0
1861,5,5,0.6,0.6,0.6,0.7425764203071594,0.25,0.8636376857757568,0.0
1862,5,5,0.8,1.0,0.888888888888889,0.9091135859489441,0.6666666666666666,0.9556512236595154,0.0
1863,5,5,0.8,0.8,0.8000000000000002,0.7884641885757446,0.1111111111111111,0.883880615234375,0.0
1864,5,5,0.6,0.8,0.6857142857142857,0.7906816005706787,0.25,0.93222975730896,0.0
1865,5,5,0.6,0.6,0.6,0.7923398613929749,0.42857142857142855,0.8902760744094849,0.0
1866,5,5,0.4,0.4,0.4000000000000001,0.7763327360153198,0.25,0.921166718006134,0.0
1867,5,5,0.8,0.8,0.8000000000000002,0.7956341505050659,0.1111111111111111,0.9201900959014893,0.0
1868,5,5,0.6,0.8,0.6857142857142857,0.7671070098876953,0.0,0.8436897993087769,0.0
1869,5,5,0.8,0.8,0.8000000000000002,0.8785583972930908,0.42857142857142855,0.929806113243103,0.0
1870,5,5,0.6,0.4,0.48,0.664097011089325,0.0,0.8781715631484985,0.0
1871,5,5,0.4,0.4,0.4000000000000001,0.5873240232467651,0.0,0.770821750164032,0.0
1872,5,5,0.6,0.6,0.6,0.7926595211029053,0.25,0.9063933491706848,0.0
1873,5,5,0.8,0.8,0.8000000000000002,0.8874403238296509,0.42857142857142855,0.9769229888916016,0.0
1874,5,5,0.6,0.6,0.6,0.752325177192688,0.1111111111111111,0.9163832664489746,0.0
1875,5,5,0.8,0.8,0.8000000000000002,0.836030900478363,0.25,0.9014288783073425,0.0
1876,5,5,0.8,0.8,0.8000000000000002,0.8703655004501343,0.42857142857142855,0.916691243648529,0.0
1877,5,5,0.4,0.4,0.4000000000000001,0.7169874906539917,0.1111111111111111,0.8912232518196106,0.0
1878,5,5,1.0,0.8,0.888888888888889,0.8447436094284058,0.42857142857142855,0.9028956890106201,0.0
1879,5,5,0.4,0.4,0.4000000000000001,0.690792977809906,0.1111111111111111,0.8431702256202698,0.0
1880,5,5,0.8,0.8,0.8000000000000002,0.8127316236495972,0.1111111111111111,0.896095335483551,0.0
1881,5,5,1.0,1.0,1.0,0.9563681483268738,0.6666666666666666,0.9645549654960632,0.0
1882,5,5,0.8,0.8,0.8000000000000002,0.8973838090896606,0.6666666666666666,0.9656127095222473,0.0
1883,5,5,0.6,0.6,0.6,0.7807935476303101,0.42857142857142855,0.9017583727836609,0.0
1884,5,5,0.6,0.8,0.6857142857142857,0.7741572260856628,0.25,0.9113264083862305,0.0
1885,5,5,1.0,1.0,1.0,0.9708865880966187,0.42857142857142855,0.9878730773925781,0.0
1886,5,5,1.0,1.0,1.0,0.9999998807907104,1.0,0.9953300356864929,1.0
1887,5,5,1.0,1.0,1.0,0.9370611310005188,0.25,0.9543166160583496,0.0
1888,5,5,0.6,0.8,0.6857142857142857,0.7783520221710205,0.25,0.9348410367965698,0.0
1889,5,5,1.0,1.0,1.0,0.9484004974365234,0.42857142857142855,0.9566174745559692,0.0
1890,5,5,1.0,1.0,1.0,1.0,1.0,0.9974997639656067,1.0
1891,5,5,0.8,0.6,0.6857142857142857,0.7123841643333435,0.0,0.8375808000564575,0.0
1892,5,5,0.8,0.8,0.8000000000000002,0.9183640480041504,0.6666666666666666,0.9538235664367676,0.0
1893,5,5,0.6,0.6,0.6,0.7501525282859802,0.25,0.9226308465003967,0.0
1894,5,5,0.2,0.4,0.26666666666666666,0.629392147064209,0.1111111111111111,0.802076518535614,0.0
1895,5,5,0.4,0.4,0.4000000000000001,0.5856935977935791,0.1111111111111111,0.625465989112854,0.0
1896,5,5,0.0,0.0,0.0,0.4783288240432739,0.0,0.5113421678543091,0.0
1897,5,5,0.6,0.6,0.6,0.7353352308273315,0.1111111111111111,0.8886472582817078,0.0
1898,5,5,0.8,0.8,0.8000000000000002,0.869135856628418,0.6666666666666666,0.8906749486923218,0.0
1899,5,5,0.6,0.4,0.48,0.6692136526107788,0.1111111111111111,0.8662890791893005,0.0
1900,5,5,0.6,0.6,0.6,0.7106934785842896,0.25,0.724340558052063,0.0
1901,5,5,0.8,0.8,0.8000000000000002,0.8796582221984863,0.6666666666666666,0.9066591858863831,0.0
1902,5,5,0.8,0.8,0.8000000000000002,0.8639504313468933,0.42857142857142855,0.9048022627830505,0.0
1903,5,5,1.0,1.0,1.0,0.9010090231895447,0.42857142857142855,0.9816308617591858,0.0
1904,5,5,0.6,0.6,0.6,0.7999343872070312,0.42857142857142855,0.8733007907867432,0.0
1905,5,5,0.8,0.8,0.8000000000000002,0.90879887342453,0.42857142857142855,0.9485703706741333,0.0
1906,5,5,0.6,0.6,0.6,0.7736839056015015,0.25,0.8757820129394531,0.0
1907,5,5,0.8,0.8,0.8000000000000002,0.9150006771087646,0.6666666666666666,0.9469101428985596,0.0
1908,5,5,0.6,0.6,0.6,0.6901833415031433,0.0,0.8253900408744812,0.0
1909,5,5,1.0,0.8,0.888888888888889,0.9167129993438721,0.6666666666666666,0.8900569081306458,0.0
1910,5,5,0.4,0.8,0.5333333333333333,0.721881091594696,0.1111111111111111,0.6697359085083008,0.0
1911,5,5,0.6,0.6,0.6,0.7989404797554016,0.25,0.8659549355506897,0.0
1912,5,5,1.0,1.0,1.0,0.8798381090164185,0.25,0.8874838948249817,0.0
1913,5,5,0.4,0.4,0.4000000000000001,0.6270983219146729,0.1111111111111111,0.8274763822555542,0.0
1914,5,5,0.6,0.6,0.6,0.6854918003082275,0.0,0.7773987054824829,0.0
1915,5,5,0.8,0.8,0.8000000000000002,0.8259350061416626,0.42857142857142855,0.910741925239563,0.0
1916,5,5,0.8,0.8,0.8000000000000002,0.8623784780502319,0.6666666666666666,0.8931006193161011,0.0
1917,5,5,0.6,0.4,0.48,0.7383322715759277,0.25,0.8724344968795776,0.0
1918,5,5,0.8,0.8,0.8000000000000002,0.8483544588088989,0.6666666666666666,0.925208568572998,0.0
1919,5,5,0.2,0.2,0.20000000000000004,0.5436961650848389,0.1111111111111111,0.7163527607917786,0.0
1920,5,5,0.8,0.8,0.8000000000000002,0.8943499326705933,0.6666666666666666,0.9493763446807861,0.0
1921,5,5,0.8,0.8,0.8000000000000002,0.8718546032905579,0.6666666666666666,0.9208254814147949,0.0
1922,5,5,0.8,0.8,0.8000000000000002,0.8337117433547974,0.42857142857142855,0.9417250752449036,0.0
1923,5,5,0.8,0.8,0.8000000000000002,0.7841942310333252,0.1111111111111111,0.8631435036659241,0.0
1924,5,5,0.6,0.6,0.6,0.7532352209091187,0.1111111111111111,0.8412753343582153,0.0
1925,5,5,0.8,0.8,0.8000000000000002,0.8590325713157654,0.25,0.9405643343925476,0.0
1926,5,5,1.0,1.0,1.0,0.988783061504364,0.6666666666666666,0.9825743436813354,0.0
1927,5,5,0.6,0.8,0.6857142857142857,0.755944013595581,0.25,0.916802704334259,0.0
1928,5,5,0.8,0.6,0.6857142857142857,0.7492110729217529,0.0,0.7982028126716614,0.0
1929,5,5,0.8,0.8,0.8000000000000002,0.8010889887809753,0.1111111111111111,0.9166837930679321,0.0
1930,5,5,0.8,0.8,0.8000000000000002,0.8692489862442017,0.6666666666666666,0.9276253581047058,0.0
1931,5,5,0.8,0.8,0.8000000000000002,0.9006433486938477,0.42857142857142855,0.9100385308265686,0.0
1932,5,5,0.8,0.8,0.8000000000000002,0.8191525936126709,0.42857142857142855,0.9428654313087463,0.0
1933,5,5,0.6,0.6,0.6,0.7890868186950684,0.25,0.851338803768158,0.0
1934,5,5,1.0,1.0,1.0,1.0,1.0,1.0000001192092896,1.0
1935,5,5,0.8,0.8,0.8000000000000002,0.841439425945282,0.25,0.9310112595558167,0.0
1936,5,5,1.0,1.0,1.0,0.9999999403953552,1.0,0.9990489482879639,1.0
1937,5,5,0.6,0.6,0.6,0.8475958704948425,0.42857142857142855,0.9420025944709778,0.0
1938,5,5,0.8,0.8,0.8000000000000002,0.9231627583503723,0.6666666666666666,0.9817735552787781,0.0
1939,5,5,0.6,0.8,0.6857142857142857,0.7897392511367798,0.25,0.8916622400283813,0.0
1940,5,5,0.6,0.6,0.6,0.7549370527267456,0.42857142857142855,0.7845526933670044,0.0
1941,5,5,0.8,0.4,0.5333333333333333,0.7166135311126709,0.25,0.8642702102661133,0.0
1942,5,5,0.6,1.0,0.7499999999999999,0.8572193384170532,0.42857142857142855,0.9584978818893433,0.0
1943,5,5,0.4,0.8,0.5333333333333333,0.6614254117012024,0.0,0.8122301697731018,0.0
1944,5,5,0.8,0.8,0.8000000000000002,0.7881364822387695,0.25,0.9265170097351074,0.0
1945,5,5,0.8,0.8,0.8000000000000002,0.7983993291854858,0.0,0.8228776454925537,0.0
1946,4,5,0.25,0.2,0.22222222222222224,0.6697667837142944,0.125,0.8102961182594299,0.0
1947,5,5,0.6,0.6,0.6,0.7988263368606567,0.42857142857142855,0.7816445827484131,0.0
1948,5,5,0.8,0.8,0.8000000000000002,0.7444669008255005,0.1111111111111111,0.8378322720527649,0.0
1949,5,5,0.6,0.6,0.6,0.7108108401298523,0.1111111111111111,0.8809618949890137,0.0
1950,5,5,0.4,0.6,0.48,0.7007316946983337,0.1111111111111111,0.8926918506622314,0.0
1951,5,5,0.6,0.6,0.6,0.7226442694664001,0.1111111111111111,0.8101105690002441,0.0
1952,5,5,0.8,0.8,0.8000000000000002,0.9123803973197937,0.6666666666666666,0.9292076230049133,0.0
1953,5,5,0.8,0.8,0.8000000000000002,0.8840115070343018,0.42857142857142855,0.9150367975234985,0.0
1954,5,5,1.0,1.0,1.0,0.9543180465698242,0.6666666666666666,0.965851902961731,0.0
1955,5,5,0.6,0.6,0.6,0.756511926651001,0.25,0.789469838142395,0.0
1956,5,5,0.8,1.0,0.888888888888889,0.9333502650260925,0.6666666666666666,0.8881196975708008,0.0
1957,5,5,1.0,1.0,1.0,1.0,1.0,0.9867848753929138,1.0
1958,5,5,1.0,0.8,0.888888888888889,0.9110733866691589,0.6666666666666666,0.9209145307540894,0.0
1959,5,5,0.8,0.8,0.8000000000000002,0.8184800744056702,0.25,0.8477581739425659,0.0
1960,5,5,0.8,1.0,0.888888888888889,0.8834125995635986,0.42857142857142855,0.9158234596252441,0.0
1961,5,5,0.6,0.6,0.6,0.7744967937469482,0.42857142857142855,0.6804516315460205,0.0
1962,5,5,0.6,0.6,0.6,0.6726627349853516,0.1111111111111111,0.8908694982528687,0.0
1963,5,5,0.6,1.0,0.7499999999999999,0.8431674838066101,0.25,0.9618030786514282,0.0
1964,5,5,0.8,0.8,0.8000000000000002,0.8929659128189087,0.6666666666666666,0.9604113101959229,0.0
1965,5,5,0.8,0.8,0.8000000000000002,0.9243167042732239,0.6666666666666666,0.9813997149467468,0.0
1966,5,5,0.6,0.6,0.6,0.8304958343505859,0.42857142857142855,0.952753484249115,0.0
1967,5,5,0.8,0.8,0.8000000000000002,0.8763797283172607,0.6666666666666666,0.948821485042572,0.0
1968,5,5,0.6,0.6,0.6,0.8098007440567017,0.42857142857142855,0.9138754606246948,0.0
1969,4,5,1.0,0.8,0.888888888888889,0.9332376718521118,0.5,0.8886925578117371,0.0
1970,5,5,0.6,0.6,0.6,0.7465381622314453,0.42857142857142855,0.6599016785621643,0.0
1971,4,5,0.5,0.6,0.5454545454545454,0.7226362228393555,0.2857142857142857,0.8718860149383545,0.0
1972,5,5,1.0,1.0,1.0,1.0,1.0,0.9999998807907104,1.0
1973,5,5,0.8,0.8,0.8000000000000002,0.881008505821228,0.42857142857142855,0.9287424683570862,0.0
1974,5,5,0.6,0.6,0.6,0.8341473937034607,0.42857142857142855,0.9437897801399231,0.0
1975,5,5,0.6,0.6,0.6,0.7111186981201172,0.1111111111111111,0.8418660163879395,0.0
1976,5,5,1.0,1.0,1.0,0.915727972984314,0.42857142857142855,0.942529559135437,0.0
1977,5,5,0.6,0.6,0.6,0.859451174736023,0.42857142857142855,0.9126678109169006,0.0
1978,5,5,0.6,0.8,0.6857142857142857,0.7933539152145386,0.25,0.9431946873664856,0.0
1979,5,5,0.6,0.6,0.6,0.7494009137153625,0.25,0.8358536958694458,0.0
1980,5,5,0.8,0.8,0.8000000000000002,0.8852838277816772,0.42857142857142855,0.8854950070381165,0.0
1981,5,5,0.8,1.0,0.888888888888889,0.9195011854171753,0.6666666666666666,0.9346175789833069,0.0
1982,5,5,0.6,0.6,0.6,0.8164188861846924,0.1111111111111111,0.8609310984611511,0.0
1983,5,5,0.8,0.8,0.8000000000000002,0.8545236587524414,0.42857142857142855,0.9336060881614685,0.0
1984,5,5,0.6,0.6,0.6,0.7571151852607727,0.25,0.8590657711029053,0.0
1985,5,5,0.8,1.0,0.888888888888889,0.8600770235061646,0.42857142857142855,0.8005256056785583,0.0
1986,5,5,1.0,1.0,1.0,1.0,1.0,0.999235212802887,1.0
1987,5,5,1.0,0.8,0.888888888888889,0.8919217586517334,0.42857142857142855,0.8933039903640747,0.0
1988,5,5,0.8,0.8,0.8000000000000002,0.8177459239959717,0.25,0.8679549694061279,0.0
1989,5,5,0.6,0.6,0.6,0.7611886262893677,0.42857142857142855,0.6990219950675964,0.0
1990,5,5,0.8,0.8,0.8000000000000002,0.8266633749008179,0.42857142857142855,0.9519191384315491,0.0
1991,5,5,0.8,0.8,0.8000000000000002,0.9285677075386047,0.6666666666666666,0.986381471157074,0.0
1992,5,5,1.0,1.0,1.0,1.0,1.0,1.0000001192092896,1.0
1993,5,5,0.8,0.8,0.8000000000000002,0.841891884803772,0.25,0.9088809490203857,0.0
1994,5,5,0.8,1.0,0.888888888888889,0.9053950905799866,0.42857142857142855,0.8717699646949768,0.0
1995,5,5,0.8,0.8,0.8000000000000002,0.8804664611816406,0.6666666666666666,0.912450909614563,0.0
1996,5,5,1.0,1.0,1.0,0.9181844592094421,0.42857142857142855,0.9792497158050537,0.0
1997,5,5,0.8,1.0,0.888888888888889,0.8715941905975342,0.25,0.9531200528144836,0.0
1998,5,5,1.0,1.0,1.0,1.0,1.0,0.9962623119354248,1.0
1999,5,5,0.4,0.4,0.4000000000000001,0.6451561450958252,0.0,0.739352285861969,0.0
