method,row_abs,doc_id,gt_n,pred_n,jaccard_lex,soft_recall,soft_precision,soft_f1,soft_mean_max,global_sem_sim
keybert,0,100,5,5,0.1111111111111111,0.2,1.0,0.33333333333333337,0.7198537588119507,0.6562420725822449
keybert,1,1000,13,5,0.0,0.15384615384615385,0.8,0.25806451612903225,0.5816391706466675,0.68844074010849
keybert,2,1001,12,5,0.0,0.08333333333333333,0.8,0.1509433962264151,0.6246102452278137,0.6665694117546082
keybert,3,1002,9,5,0.0,0.1111111111111111,0.2,0.14285714285714285,0.5476660132408142,0.40356582403182983
keybert,4,1003,10,5,0.0,0.2,1.0,0.33333333333333337,0.6577646136283875,0.7884618043899536
keybert,5,1004,13,5,0.0,0.07692307692307693,0.8,0.14035087719298248,0.6883511543273926,0.7191197872161865
keybert,6,1005,20,5,0.0,0.15,0.4,0.21818181818181814,0.5569762587547302,0.6829091310501099
keybert,7,1006,21,5,0.0,0.14285714285714285,0.8,0.24242424242424243,0.6139379739761353,0.7652493715286255
keybert,8,1007,19,5,0.0,0.15789473684210525,1.0,0.2727272727272727,0.6991137266159058,0.7792158126831055
keybert,9,1008,18,5,0.0,0.16666666666666666,0.8,0.27586206896551724,0.555732011795044,0.6466541886329651
keybert,10,1009,20,5,0.0,0.15,1.0,0.2608695652173913,0.6332838535308838,0.8058120608329773
keybert,11,1010,25,5,0.0,0.16,1.0,0.2758620689655173,0.6171021461486816,0.7306150794029236
keybert,12,1011,20,5,0.0,0.1,1.0,0.18181818181818182,0.629099428653717,0.5632190704345703
keybert,13,1012,12,5,0.0,0.25,0.8,0.38095238095238093,0.6257071495056152,0.7312703728675842
keybert,14,1013,16,5,0.0,0.1875,1.0,0.3157894736842105,0.6528321504592896,0.6829008460044861
keybert,15,1014,18,5,0.045454545454545456,0.1111111111111111,1.0,0.19999999999999998,0.6572843194007874,0.7758215069770813
keybert,16,1015,18,5,0.0,0.05555555555555555,0.4,0.09756097560975609,0.49140506982803345,0.5171846747398376
keybert,17,1016,14,5,0.05555555555555555,0.14285714285714285,1.0,0.25,0.6767507195472717,0.8083996772766113
keybert,18,1017,13,5,0.0,0.23076923076923078,1.0,0.375,0.7047392725944519,0.7256412506103516
keybert,19,1018,29,5,0.0,0.20689655172413793,1.0,0.34285714285714286,0.6899661421775818,0.8260943293571472
keybert,20,1019,16,5,0.0,0.125,1.0,0.2222222222222222,0.675318717956543,0.7799139022827148
keybert,21,102,16,5,0.0,0.1875,1.0,0.3157894736842105,0.6311224102973938,0.8414493203163147
keybert,22,1020,33,5,0.0,0.18181818181818182,1.0,0.3076923076923077,0.6779587268829346,0.7930270433425903
keybert,23,1021,13,5,0.0,0.23076923076923078,0.8,0.3582089552238806,0.5887179374694824,0.7965422868728638
keybert,24,1022,15,5,0.0,0.06666666666666667,1.0,0.125,0.6195853352546692,0.7283614873886108
keybert,25,1023,19,5,0.043478260869565216,0.10526315789473684,1.0,0.1904761904761905,0.6589107513427734,0.7008991241455078
keybert,26,1024,30,5,0.0,0.1,0.6,0.17142857142857143,0.5408806800842285,0.5914520621299744
keybert,27,1025,13,5,0.0,0.23076923076923078,1.0,0.375,0.6985567808151245,0.7327055931091309
keybert,28,1026,26,5,0.03333333333333333,0.07692307692307693,0.8,0.14035087719298248,0.6331506371498108,0.7717785835266113
keybert,29,1027,24,5,0.0,0.08333333333333333,0.4,0.13793103448275862,0.5420451760292053,0.5687272548675537
keybert,30,1028,17,5,0.047619047619047616,0.058823529411764705,1.0,0.1111111111111111,0.6309813857078552,0.7116191387176514
keybert,31,1029,30,5,0.0,0.2,1.0,0.33333333333333337,0.6038970351219177,0.7995375990867615
keybert,32,1030,13,5,0.0,0.07692307692307693,0.8,0.14035087719298248,0.6119028329849243,0.7493981122970581
keybert,33,1031,28,5,0.0,0.21428571428571427,1.0,0.35294117647058826,0.6471626162528992,0.768837034702301
keybert,34,1032,15,5,0.05263157894736842,0.2,0.8,0.32000000000000006,0.689834713935852,0.8849555850028992
keybert,35,1033,18,5,0.0,0.16666666666666666,1.0,0.2857142857142857,0.6140317916870117,0.7594396471977234
keybert,36,1034,21,5,0.04,0.2857142857142857,1.0,0.4444444444444445,0.6930520534515381,0.7951284646987915
keybert,37,1035,7,5,0.0,0.5714285714285714,1.0,0.7272727272727273,0.7218633890151978,0.7106149792671204
keybert,38,1036,16,5,0.0,0.1875,1.0,0.3157894736842105,0.6111901998519897,0.7509089708328247
keybert,39,1037,12,5,0.0625,0.4166666666666667,1.0,0.5882352941176471,0.7735236883163452,0.9034610390663147
keybert,40,1038,18,5,0.0,0.4444444444444444,1.0,0.6153846153846153,0.7723177075386047,0.7677854895591736
keybert,41,1039,7,5,0.0,0.42857142857142855,1.0,0.6,0.7185695171356201,0.8733962178230286
keybert,42,1040,14,5,0.0,0.21428571428571427,0.8,0.3380281690140845,0.6792749166488647,0.8632970452308655
keybert,43,1041,12,5,0.0,0.25,0.6,0.35294117647058826,0.6444588899612427,0.8349840044975281
keybert,44,1042,17,5,0.0,0.11764705882352941,1.0,0.21052631578947367,0.6157859563827515,0.45440050959587097
keybert,45,1043,18,5,0.045454545454545456,0.16666666666666666,0.6,0.2608695652173913,0.6300308704376221,0.8103130459785461
keybert,46,1044,17,5,0.0,0.11764705882352941,0.8,0.20512820512820512,0.646282970905304,0.828106164932251
keybert,47,1045,11,5,0.06666666666666667,0.2727272727272727,1.0,0.42857142857142855,0.7007546424865723,0.8795990347862244
keybert,48,1046,18,5,0.045454545454545456,0.05555555555555555,1.0,0.10526315789473684,0.6681139469146729,0.8058006167411804
keybert,49,1047,18,5,0.0,0.1111111111111111,1.0,0.19999999999999998,0.6143798828125,0.7687123417854309
keybert,50,1048,12,5,0.0,0.25,0.8,0.38095238095238093,0.7153278589248657,0.8810354471206665
keybert,51,1049,17,5,0.0,0.058823529411764705,0.6,0.10714285714285714,0.5642620325088501,0.6407451033592224
keybert,52,105,7,5,0.0,0.42857142857142855,1.0,0.6,0.7543621063232422,0.8559080362319946
keybert,53,1050,11,5,0.0,0.09090909090909091,0.6,0.15789473684210525,0.61072838306427,0.7890610694885254
keybert,54,1051,14,5,0.0,0.14285714285714285,0.8,0.24242424242424243,0.6050647497177124,0.7577419877052307
keybert,55,1052,13,5,0.0,0.07692307692307693,1.0,0.14285714285714288,0.6333289742469788,0.7152609825134277
keybert,56,1053,19,5,0.0,0.05263157894736842,0.8,0.09876543209876543,0.6352220773696899,0.8049281239509583
keybert,57,1054,11,5,0.0,0.45454545454545453,1.0,0.625,0.72356116771698,0.9121132493019104
keybert,58,1055,15,5,0.0,0.26666666666666666,1.0,0.4210526315789474,0.695309042930603,0.8041113615036011
keybert,59,1056,19,5,0.0,0.21052631578947367,0.8,0.3333333333333333,0.6051853895187378,0.724136233329773
keybert,60,1057,12,5,0.0,0.25,0.8,0.38095238095238093,0.6458138227462769,0.7164838910102844
keybert,61,1058,13,5,0.0,0.3076923076923077,1.0,0.47058823529411764,0.6624806523323059,0.8496290445327759
keybert,62,1059,16,5,0.0,0.4375,1.0,0.6086956521739131,0.7040505409240723,0.839575469493866
keybert,63,106,7,5,0.09090909090909091,0.2857142857142857,1.0,0.4444444444444445,0.7087305188179016,0.7935855984687805
keybert,64,1060,25,5,0.0,0.04,0.6,0.075,0.5932635068893433,0.47456228733062744
keybert,65,1061,6,5,0.0,0.16666666666666666,1.0,0.2857142857142857,0.6220157742500305,0.6449918746948242
keybert,66,1062,16,5,0.0,0.25,1.0,0.4,0.6312686800956726,0.8178386688232422
keybert,67,1063,16,5,0.0,0.25,1.0,0.4,0.70951247215271,0.7671786546707153
keybert,68,1064,9,5,0.16666666666666666,0.6666666666666666,1.0,0.8,0.8069004416465759,0.852855384349823
keybert,69,1065,13,5,0.0,0.23076923076923078,1.0,0.375,0.6664683818817139,0.8538029789924622
keybert,70,1066,18,5,0.0,0.16666666666666666,0.8,0.27586206896551724,0.6509820222854614,0.7906302213668823
keybert,71,1067,22,5,0.0,0.18181818181818182,1.0,0.3076923076923077,0.6620029211044312,0.749160885810852
keybert,72,1068,19,5,0.0,0.47368421052631576,1.0,0.6428571428571429,0.7219994068145752,0.8626673221588135
keybert,73,1069,17,5,0.0,0.11764705882352941,1.0,0.21052631578947367,0.6528686881065369,0.806770384311676
keybert,74,107,11,5,0.0,0.45454545454545453,0.8,0.5797101449275363,0.6793537735939026,0.8285792469978333
keybert,75,1070,15,5,0.0,0.26666666666666666,1.0,0.4210526315789474,0.708817720413208,0.8267552852630615
keybert,76,1071,10,5,0.0,0.2,1.0,0.33333333333333337,0.7391625642776489,0.7979295253753662
keybert,77,1072,19,5,0.043478260869565216,0.3157894736842105,0.8,0.45283018867924535,0.6838778853416443,0.8724704384803772
keybert,78,1073,19,5,0.0,0.10526315789473684,1.0,0.1904761904761905,0.6639245748519897,0.7125339508056641
keybert,79,1074,19,5,0.043478260869565216,0.3157894736842105,0.8,0.45283018867924535,0.6816011071205139,0.8557124733924866
keybert,80,1075,16,5,0.0,0.125,1.0,0.2222222222222222,0.6444960832595825,0.8068689703941345
keybert,81,1076,16,5,0.0,0.375,1.0,0.5454545454545454,0.7222356796264648,0.8552220463752747
keybert,82,1077,17,5,0.0,0.23529411764705882,1.0,0.38095238095238093,0.692054033279419,0.7855780720710754
keybert,83,1078,13,5,0.058823529411764705,0.46153846153846156,1.0,0.631578947368421,0.715789258480072,0.8508328795433044
keybert,84,1079,13,5,0.0,0.15384615384615385,1.0,0.2666666666666667,0.6992444396018982,0.6733118891716003
keybert,85,108,11,5,0.0,0.18181818181818182,1.0,0.3076923076923077,0.635001540184021,0.8048223853111267
keybert,86,1080,10,5,0.0,0.3,1.0,0.4615384615384615,0.7356294989585876,0.7952518463134766
keybert,87,1081,12,5,0.0,0.3333333333333333,1.0,0.5,0.6459505558013916,0.7286109924316406
keybert,88,1082,12,5,0.0,0.08333333333333333,0.4,0.13793103448275862,0.5872405767440796,0.7781630754470825
keybert,89,1083,10,5,0.07142857142857142,0.3,1.0,0.4615384615384615,0.7517490983009338,0.8592515587806702
keybert,90,1084,13,5,0.0,0.07692307692307693,0.2,0.1111111111111111,0.500702977180481,0.6278026700019836
keybert,91,1085,12,5,0.0,0.16666666666666666,1.0,0.2857142857142857,0.6367174386978149,0.6091104745864868
keybert,92,1086,11,5,0.0,0.09090909090909091,1.0,0.16666666666666669,0.5691355466842651,0.6297664642333984
keybert,93,1087,13,5,0.0,0.07692307692307693,0.6,0.13636363636363635,0.6148625612258911,0.7115027904510498
keybert,94,1088,9,5,0.0,0.1111111111111111,0.4,0.1739130434782609,0.4955713152885437,0.6460431218147278
keybert,95,1089,9,5,0.0,0.2222222222222222,0.8,0.3478260869565218,0.6288309097290039,0.645845353603363
keybert,96,109,10,5,0.07142857142857142,0.2,1.0,0.33333333333333337,0.7129061222076416,0.8151470422744751
keybert,97,1090,12,5,0.0,0.16666666666666666,1.0,0.2857142857142857,0.6473362445831299,0.7688738703727722
keybert,98,1091,13,5,0.0,0.23076923076923078,1.0,0.375,0.6513040065765381,0.6068608164787292
keybert,99,1092,28,5,0.0,0.21428571428571427,1.0,0.35294117647058826,0.6205366849899292,0.79002845287323
keybert,100,1093,16,5,0.05,0.1875,0.8,0.3037974683544304,0.6391210556030273,0.6574203372001648
keybert,101,1094,18,5,0.0,0.2222222222222222,1.0,0.3636363636363636,0.6792714595794678,0.8481354117393494
keybert,102,1095,29,5,0.0,0.10344827586206896,0.8,0.183206106870229,0.5977396368980408,0.6673544049263
keybert,103,1096,22,5,0.0,0.09090909090909091,0.6,0.15789473684210525,0.6527919769287109,0.7633199095726013
keybert,104,1097,15,5,0.0,0.2,1.0,0.33333333333333337,0.6378228664398193,0.8381093144416809
keybert,105,1098,13,5,0.0,0.15384615384615385,1.0,0.2666666666666667,0.6581083536148071,0.8083704710006714
keybert,106,1099,16,5,0.0,0.3125,0.8,0.449438202247191,0.6692603826522827,0.8765696287155151
keybert,107,11,16,5,0.0,0.125,0.8,0.21621621621621623,0.5764238834381104,0.6699254512786865
keybert,108,110,11,5,0.0,0.2727272727272727,1.0,0.42857142857142855,0.6780244708061218,0.7230000495910645
keybert,109,1100,8,5,0.0,0.375,0.8,0.5106382978723405,0.6722741723060608,0.6662302017211914
keybert,110,1101,21,5,0.04,0.14285714285714285,0.6,0.23076923076923073,0.6561689972877502,0.8043428063392639
keybert,111,1102,35,5,0.0,0.08571428571428572,0.4,0.1411764705882353,0.530501127243042,0.63490229845047
keybert,112,1103,27,5,0.0,0.1111111111111111,1.0,0.19999999999999998,0.6319372653961182,0.7214901447296143
keybert,113,1104,15,5,0.05263157894736842,0.13333333333333333,0.8,0.2285714285714286,0.6215476989746094,0.6830568909645081
keybert,114,1105,15,5,0.0,0.13333333333333333,0.4,0.2,0.5030838847160339,0.7263155579566956
keybert,115,1106,10,5,0.0,0.3,0.6,0.4,0.6257715821266174,0.758994460105896
keybert,116,1107,17,5,0.0,0.11764705882352941,1.0,0.21052631578947367,0.6269472241401672,0.6472704410552979
keybert,117,1108,21,5,0.0,0.047619047619047616,0.6,0.08823529411764705,0.5462784767150879,0.6034491658210754
keybert,118,1109,10,5,0.07142857142857142,0.3,0.8,0.4363636363636363,0.6847913265228271,0.7158588171005249
keybert,119,111,14,5,0.0,0.35714285714285715,1.0,0.5263157894736842,0.7245946526527405,0.8790915608406067
keybert,120,1110,8,5,0.0,0.125,1.0,0.2222222222222222,0.6579294204711914,0.7635175585746765
keybert,121,1111,8,5,0.0,0.125,0.6,0.20689655172413793,0.6098121404647827,0.618326723575592
keybert,122,1112,9,5,0.0,0.4444444444444444,1.0,0.6153846153846153,0.7328237891197205,0.8366957902908325
keybert,123,1113,17,5,0.0,0.23529411764705882,1.0,0.38095238095238093,0.6548939347267151,0.7872211933135986
keybert,124,1114,12,5,0.0,0.16666666666666666,0.6,0.2608695652173913,0.5614414215087891,0.7263383269309998
keybert,125,1115,17,5,0.0,0.17647058823529413,0.4,0.2448979591836735,0.5843378901481628,0.6351878046989441
keybert,126,1116,8,5,0.0,0.25,1.0,0.4,0.6750599145889282,0.8859072923660278
keybert,127,1117,13,5,0.058823529411764705,0.07692307692307693,1.0,0.14285714285714288,0.6160545945167542,0.7046074271202087
keybert,128,1118,9,5,0.0,0.2222222222222222,1.0,0.3636363636363636,0.6984214186668396,0.7333614826202393
keybert,129,1119,8,5,0.0,0.25,0.6,0.35294117647058826,0.5802460312843323,0.6613214612007141
keybert,130,112,13,5,0.0,0.15384615384615385,0.8,0.25806451612903225,0.5925999283790588,0.5528324246406555
keybert,131,1120,14,5,0.0,0.0,0.0,0.0,0.4617656469345093,0.6384313106536865
keybert,132,1121,10,5,0.0,0.6,0.8,0.6857142857142857,0.7414225935935974,0.8032044172286987
keybert,133,1122,9,5,0.0,0.3333333333333333,1.0,0.5,0.6269512176513672,0.6853135824203491
keybert,134,1123,12,5,0.0625,0.3333333333333333,1.0,0.5,0.7671533823013306,0.8714388012886047
keybert,135,1124,13,5,0.0,0.23076923076923078,0.6,0.33333333333333337,0.6052573323249817,0.7789410948753357
keybert,136,1125,8,5,0.0,0.5,1.0,0.6666666666666666,0.7222532629966736,0.865042507648468
keybert,137,1126,12,5,0.0,0.4166666666666667,1.0,0.5882352941176471,0.7076514959335327,0.8877683877944946
keybert,138,1127,10,5,0.0,0.6,1.0,0.7499999999999999,0.755435049533844,0.889196515083313
keybert,139,1128,14,5,0.0,0.14285714285714285,1.0,0.25,0.6848910450935364,0.7486103177070618
keybert,140,1129,14,5,0.05555555555555555,0.07142857142857142,1.0,0.13333333333333333,0.6608757376670837,0.5904176235198975
keybert,141,113,9,5,0.0,0.5555555555555556,1.0,0.7142857142857143,0.6860663890838623,0.9017466902732849
keybert,142,1130,22,5,0.08,0.18181818181818182,1.0,0.3076923076923077,0.6747680902481079,0.7948712706565857
keybert,143,1131,24,5,0.0,0.08333333333333333,0.6,0.14634146341463414,0.5732998847961426,0.7159234881401062
keybert,144,1132,16,5,0.0,0.25,1.0,0.4,0.6710242033004761,0.7686017155647278
keybert,145,1133,16,5,0.05,0.0625,1.0,0.11764705882352941,0.6666577458381653,0.678815484046936
keybert,146,1134,10,5,0.07142857142857142,0.1,1.0,0.18181818181818182,0.728121817111969,0.6876543760299683
keybert,147,1135,21,5,0.04,0.2857142857142857,1.0,0.4444444444444445,0.6929863691329956,0.7571989297866821
keybert,148,1136,14,5,0.0,0.2857142857142857,1.0,0.4444444444444445,0.6599461436271667,0.7662044763565063
keybert,149,1137,13,5,0.0,0.3076923076923077,0.8,0.4444444444444444,0.6814619302749634,0.8251094818115234
keybert,150,1138,12,5,0.0625,0.25,1.0,0.4,0.7324068546295166,0.8714500069618225
keybert,151,1139,38,5,0.0,0.02631578947368421,0.8,0.05095541401273885,0.553174614906311,0.6824920773506165
keybert,152,114,12,5,0.0,0.16666666666666666,1.0,0.2857142857142857,0.7345592975616455,0.900391697883606
keybert,153,1140,22,5,0.0,0.09090909090909091,0.8,0.163265306122449,0.6105169653892517,0.7657958269119263
keybert,154,1141,16,5,0.0,0.0625,0.6,0.11320754716981132,0.6174166798591614,0.7976230978965759
keybert,155,1142,24,5,0.0,0.041666666666666664,0.6,0.07792207792207792,0.5359830856323242,0.6390199065208435
keybert,156,1143,35,5,0.0,0.02857142857142857,1.0,0.05555555555555556,0.5991794466972351,0.5188262462615967
keybert,157,1144,21,5,0.0,0.09523809523809523,1.0,0.17391304347826084,0.6186687350273132,0.7045183777809143
keybert,158,1145,23,5,0.0,0.13043478260869565,1.0,0.23076923076923078,0.6861516237258911,0.7409433722496033
keybert,159,1146,24,5,0.0,0.16666666666666666,1.0,0.2857142857142857,0.6339552402496338,0.8418742418289185
keybert,160,1147,24,5,0.0,0.08333333333333333,0.4,0.13793103448275862,0.5793038606643677,0.680532693862915
keybert,161,1148,24,5,0.0,0.041666666666666664,0.6,0.07792207792207792,0.5335917472839355,0.7222084403038025
keybert,162,1149,19,5,0.0,0.10526315789473684,1.0,0.1904761904761905,0.6171642541885376,0.7610544562339783
keybert,163,115,9,5,0.0,0.2222222222222222,1.0,0.3636363636363636,0.7138849496841431,0.8710891604423523
keybert,164,1150,25,5,0.0,0.12,0.6,0.19999999999999998,0.5705676674842834,0.7131072878837585
keybert,165,1151,22,5,0.0,0.09090909090909091,0.2,0.12500000000000003,0.503909707069397,0.6789121627807617
keybert,166,1152,21,5,0.0,0.2857142857142857,1.0,0.4444444444444445,0.6802661418914795,0.7655819654464722
keybert,167,1153,38,5,0.0,0.13157894736842105,1.0,0.23255813953488372,0.6631049513816833,0.7502872347831726
keybert,168,1154,18,5,0.0,0.2222222222222222,0.8,0.3478260869565218,0.6242091655731201,0.6927345395088196
keybert,169,1155,28,5,0.0,0.03571428571428571,0.4,0.06557377049180328,0.5085707902908325,0.4395633339881897
keybert,170,1156,17,5,0.0,0.17647058823529413,0.4,0.2448979591836735,0.5555492639541626,0.49446970224380493
keybert,171,1157,27,5,0.03225806451612903,0.14814814814814814,0.8,0.25,0.6482453346252441,0.7696545720100403
keybert,172,1158,7,5,0.09090909090909091,0.14285714285714285,0.8,0.24242424242424243,0.6698352694511414,0.6329773664474487
keybert,173,1159,8,5,0.0,0.125,0.6,0.20689655172413793,0.5653589963912964,0.7516757249832153
keybert,174,116,25,5,0.0,0.16,1.0,0.2758620689655173,0.620074987411499,0.7769731879234314
keybert,175,1160,7,5,0.0,0.14285714285714285,0.4,0.21052631578947364,0.666328489780426,0.8027576804161072
keybert,176,1161,8,5,0.0,0.125,1.0,0.2222222222222222,0.7071866989135742,0.6737880706787109
keybert,177,1162,5,5,0.0,0.4,1.0,0.5714285714285715,0.6594768762588501,0.7810142040252686
keybert,178,1163,6,5,0.0,0.6666666666666666,1.0,0.8,0.7539768218994141,0.8624746203422546
keybert,179,1164,6,5,0.0,0.16666666666666666,1.0,0.2857142857142857,0.6619014143943787,0.7160909175872803
keybert,180,1165,5,5,0.0,0.4,1.0,0.5714285714285715,0.6654108166694641,0.712783932685852
keybert,181,1166,5,5,0.0,0.2,1.0,0.33333333333333337,0.7235232591629028,0.8333685398101807
keybert,182,1167,11,5,0.0,0.09090909090909091,0.2,0.12500000000000003,0.5060703754425049,0.5352184176445007
keybert,183,1168,13,5,0.0,0.3076923076923077,1.0,0.47058823529411764,0.6594023108482361,0.8236219882965088
keybert,184,1169,9,5,0.0,0.3333333333333333,0.8,0.47058823529411764,0.6970325708389282,0.8412981033325195
keybert,185,117,13,5,0.0,0.15384615384615385,0.4,0.2222222222222222,0.5789394378662109,0.6198224425315857
keybert,186,1170,15,5,0.0,0.2,1.0,0.33333333333333337,0.6995695233345032,0.7578741312026978
keybert,187,1171,23,5,0.037037037037037035,0.08695652173913043,0.6,0.15189873417721517,0.6426193714141846,0.8670142292976379
keybert,188,1172,18,5,0.0,0.16666666666666666,1.0,0.2857142857142857,0.5895739793777466,0.7807090878486633
keybert,189,1173,15,5,0.0,0.06666666666666667,0.6,0.12000000000000001,0.5618575811386108,0.7619540095329285
keybert,190,1174,15,5,0.0,0.13333333333333333,1.0,0.23529411764705882,0.6080450415611267,0.7055889368057251
keybert,191,1175,22,5,0.0,0.18181818181818182,0.8,0.2962962962962963,0.6220308542251587,0.8407647013664246
keybert,192,1176,30,5,0.0,0.06666666666666667,0.8,0.12307692307692308,0.5719114542007446,0.707943856716156
keybert,193,1177,25,5,0.0,0.04,0.8,0.07619047619047618,0.5842769145965576,0.5067909359931946
keybert,194,1178,5,5,0.1111111111111111,0.4,0.4,0.4000000000000001,0.6848875880241394,0.6764287352561951
keybert,195,1179,8,5,0.0,0.375,0.8,0.5106382978723405,0.7437655925750732,0.8976455926895142
keybert,196,118,21,5,0.0,0.047619047619047616,0.8,0.0898876404494382,0.5165801048278809,0.7105578184127808
keybert,197,1180,5,5,0.0,0.4,1.0,0.5714285714285715,0.6805886030197144,0.770087718963623
keybert,198,1181,9,5,0.0,0.4444444444444444,1.0,0.6153846153846153,0.7318105697631836,0.7454618811607361
keybert,199,1182,11,5,0.0,0.09090909090909091,0.6,0.15789473684210525,0.5709596872329712,0.5596434473991394
keybert,200,1183,6,5,0.0,0.3333333333333333,1.0,0.5,0.7447091341018677,0.8074279427528381
keybert,201,1184,7,5,0.0,0.14285714285714285,0.6,0.23076923076923073,0.569841742515564,0.5362209677696228
keybert,202,1185,16,5,0.0,0.125,1.0,0.2222222222222222,0.6256892681121826,0.636532723903656
keybert,203,1186,9,5,0.0,0.2222222222222222,0.6,0.32432432432432434,0.648038387298584,0.6973011493682861
keybert,204,1187,7,5,0.0,0.14285714285714285,1.0,0.25,0.6225658059120178,0.5760539174079895
keybert,205,1188,12,5,0.0,0.08333333333333333,0.4,0.13793103448275862,0.5474326014518738,0.6123514771461487
keybert,206,1189,5,5,0.0,0.4,0.6,0.48,0.6582348346710205,0.6585805416107178
keybert,207,119,12,5,0.0,0.16666666666666666,1.0,0.2857142857142857,0.6775733232498169,0.7111982703208923
keybert,208,1190,8,5,0.0,0.125,1.0,0.2222222222222222,0.6468647718429565,0.7510892748832703
keybert,209,1191,10,5,0.0,0.3,1.0,0.4615384615384615,0.6879918575286865,0.8511524796485901
keybert,210,1192,7,5,0.0,0.2857142857142857,0.8,0.4210526315789473,0.6935074329376221,0.7845646142959595
keybert,211,1193,15,5,0.05263157894736842,0.06666666666666667,0.8,0.12307692307692308,0.62063068151474,0.5749807357788086
keybert,212,1194,7,5,0.0,0.5714285714285714,1.0,0.7272727272727273,0.7410558462142944,0.8592402338981628
keybert,213,1195,11,5,0.0,0.2727272727272727,1.0,0.42857142857142855,0.6852601766586304,0.8002099990844727
keybert,214,1196,12,5,0.0,0.25,0.6,0.35294117647058826,0.6261271238327026,0.6084858775138855
keybert,215,1197,10,5,0.07142857142857142,0.3,1.0,0.4615384615384615,0.7095596790313721,0.775905191898346
keybert,216,1198,8,5,0.0,0.25,0.8,0.38095238095238093,0.6720808744430542,0.7419479489326477
keybert,217,1199,8,5,0.08333333333333333,0.125,0.8,0.21621621621621623,0.6482461094856262,0.7459904551506042
keybert,218,12,8,5,0.0,0.25,0.4,0.3076923076923077,0.6687933206558228,0.81123286485672
keybert,219,120,22,5,0.0,0.13636363636363635,1.0,0.24000000000000002,0.6439656615257263,0.7328440546989441
keybert,220,1200,14,5,0.0,0.14285714285714285,1.0,0.25,0.6072694063186646,0.6173903942108154
keybert,221,1201,7,5,0.0,0.14285714285714285,1.0,0.25,0.7072912454605103,0.7493046522140503
keybert,222,1202,8,5,0.0,0.25,0.8,0.38095238095238093,0.6572092771530151,0.7247850894927979
keybert,223,1203,9,5,0.0,0.1111111111111111,0.2,0.14285714285714285,0.5910173058509827,0.6584860682487488
keybert,224,1204,17,5,0.0,0.058823529411764705,0.6,0.10714285714285714,0.5604492425918579,0.771294116973877
keybert,225,1205,16,5,0.05,0.1875,1.0,0.3157894736842105,0.6980917453765869,0.6816821098327637
keybert,226,1206,14,5,0.11764705882352941,0.21428571428571427,1.0,0.35294117647058826,0.7318986654281616,0.7789936065673828
keybert,227,1207,11,5,0.0,0.36363636363636365,1.0,0.5333333333333333,0.7089666128158569,0.7812424302101135
keybert,228,1208,19,5,0.043478260869565216,0.15789473684210525,1.0,0.2727272727272727,0.6886523365974426,0.9169616103172302
keybert,229,1209,8,5,0.0,0.25,0.8,0.38095238095238093,0.654500424861908,0.7380796074867249
keybert,230,121,15,5,0.0,0.26666666666666666,0.8,0.4,0.6354182958602905,0.7631151080131531
keybert,231,1210,8,5,0.18181818181818182,0.625,1.0,0.7692307692307693,0.853437066078186,0.8874174356460571
keybert,232,1211,19,5,0.043478260869565216,0.15789473684210525,0.8,0.26373626373626374,0.6226151585578918,0.7490869164466858
keybert,233,1212,17,5,0.0,0.11764705882352941,1.0,0.21052631578947367,0.6137550473213196,0.6486638784408569
keybert,234,1213,22,5,0.0,0.13636363636363635,1.0,0.24000000000000002,0.630203366279602,0.7177245020866394
keybert,235,1214,13,5,0.0,0.15384615384615385,1.0,0.2666666666666667,0.6517311930656433,0.801479697227478
keybert,236,1215,14,5,0.05555555555555555,0.07142857142857142,0.6,0.1276595744680851,0.6385471224784851,0.6560471653938293
keybert,237,1216,13,5,0.058823529411764705,0.3076923076923077,0.8,0.4444444444444444,0.7324709892272949,0.8755285143852234
keybert,238,1217,24,5,0.0,0.125,1.0,0.2222222222222222,0.6430196166038513,0.5816007256507874
keybert,239,1218,8,5,0.0,0.375,1.0,0.5454545454545454,0.6802002191543579,0.7817617058753967
keybert,240,1219,10,5,0.0,0.2,0.6,0.3,0.641764223575592,0.7902524471282959
keybert,241,122,17,5,0.047619047619047616,0.17647058823529413,1.0,0.3,0.6880616545677185,0.8108358979225159
keybert,242,1220,12,5,0.0,0.16666666666666666,1.0,0.2857142857142857,0.6401535868644714,0.7521716952323914
keybert,243,1221,10,5,0.0,0.3,1.0,0.4615384615384615,0.686353862285614,0.7907614707946777
keybert,244,1222,13,5,0.0,0.15384615384615385,1.0,0.2666666666666667,0.6245152950286865,0.820615828037262
keybert,245,1223,12,5,0.0,0.08333333333333333,0.8,0.1509433962264151,0.6122642755508423,0.8013754487037659
keybert,246,1224,20,5,0.0,0.1,0.4,0.16000000000000003,0.56062912940979,0.6668112874031067
keybert,247,1225,7,5,0.0,0.14285714285714285,0.2,0.16666666666666666,0.5398371815681458,0.6126912236213684
keybert,248,1226,5,5,0.0,0.0,0.0,0.0,0.21560034155845642,0.2468145340681076
keybert,249,1227,9,5,0.0,0.1111111111111111,0.4,0.1739130434782609,0.5622525215148926,0.680443525314331
keybert,250,1228,8,5,0.0,0.25,1.0,0.4,0.5950390696525574,0.6429020762443542
keybert,251,1229,6,5,0.0,0.16666666666666666,0.2,0.1818181818181818,0.406887948513031,0.5678322315216064
keybert,252,123,14,5,0.0,0.0,0.0,0.0,0.5219973921775818,0.6807072162628174
keybert,253,1230,9,5,0.0,0.2222222222222222,0.2,0.2105263157894737,0.550566554069519,0.6166425347328186
keybert,254,1231,8,5,0.0,0.5,1.0,0.6666666666666666,0.7633033990859985,0.8681512475013733
keybert,255,1232,9,5,0.0,0.1111111111111111,0.8,0.19512195121951217,0.6311849355697632,0.7255012392997742
keybert,256,1233,12,5,0.0,0.16666666666666666,1.0,0.2857142857142857,0.6799673438072205,0.8054919838905334
keybert,257,1234,9,5,0.0,0.2222222222222222,0.2,0.2105263157894737,0.6066979169845581,0.7266151309013367
keybert,258,1235,13,5,0.0,0.23076923076923078,0.8,0.3582089552238806,0.6520274877548218,0.7980008125305176
keybert,259,1236,11,5,0.0,0.18181818181818182,0.6,0.27906976744186046,0.6169142127037048,0.6405526399612427
keybert,260,1237,14,5,0.0,0.14285714285714285,1.0,0.25,0.664828896522522,0.6042678952217102
keybert,261,1238,12,5,0.0,0.0,0.0,0.0,0.4826732873916626,0.5440834164619446
keybert,262,1239,12,5,0.0,0.08333333333333333,0.8,0.1509433962264151,0.5836946368217468,0.7603774070739746
keybert,263,124,20,5,0.0,0.05,0.4,0.0888888888888889,0.5609338283538818,0.6037031412124634
keybert,264,1240,9,5,0.0,0.1111111111111111,1.0,0.19999999999999998,0.6008508205413818,0.5437689423561096
keybert,265,1241,15,5,0.0,0.13333333333333333,0.8,0.2285714285714286,0.578055739402771,0.7886586785316467
keybert,266,1242,11,5,0.0,0.09090909090909091,0.6,0.15789473684210525,0.5212799906730652,0.6304761171340942
keybert,267,1243,10,5,0.0,0.1,0.8,0.1777777777777778,0.6892235279083252,0.8202454447746277
keybert,268,1244,8,5,0.0,0.25,1.0,0.4,0.7247035503387451,0.8109419941902161
keybert,269,1245,13,5,0.0,0.15384615384615385,1.0,0.2666666666666667,0.7120451927185059,0.6611382365226746
keybert,270,1246,12,5,0.0,0.25,0.6,0.35294117647058826,0.6319999694824219,0.6503188014030457
keybert,271,1247,12,5,0.0,0.16666666666666666,0.8,0.27586206896551724,0.6153973937034607,0.7294745445251465
keybert,272,1248,29,5,0.030303030303030304,0.1724137931034483,1.0,0.29411764705882354,0.6744590997695923,0.6497527956962585
keybert,273,1249,6,5,0.0,0.16666666666666666,0.2,0.1818181818181818,0.5733591318130493,0.695682942867279
keybert,274,125,18,5,0.0,0.05555555555555555,0.4,0.09756097560975609,0.5477383732795715,0.8058379888534546
keybert,275,1250,10,5,0.0,0.2,0.4,0.26666666666666666,0.5955726504325867,0.569782018661499
keybert,276,1251,7,5,0.09090909090909091,0.2857142857142857,0.6,0.3870967741935483,0.7158393859863281,0.8009157776832581
keybert,277,1252,13,5,0.0,0.3076923076923077,0.8,0.4444444444444444,0.6590845584869385,0.8313795328140259
keybert,278,1253,10,5,0.0,0.2,0.4,0.26666666666666666,0.5837856531143188,0.8314250111579895
keybert,279,1254,11,5,0.06666666666666667,0.18181818181818182,1.0,0.3076923076923077,0.6856544613838196,0.6593967080116272
keybert,280,1255,10,5,0.0,0.0,0.0,0.0,0.5235411524772644,0.7061806917190552
keybert,281,1256,11,5,0.0,0.2727272727272727,1.0,0.42857142857142855,0.692341148853302,0.8567326068878174
keybert,282,1257,15,5,0.0,0.06666666666666667,1.0,0.125,0.624537467956543,0.7299381494522095
keybert,283,1258,23,5,0.0,0.043478260869565216,1.0,0.08333333333333333,0.5863765478134155,0.6769362688064575
keybert,284,1259,17,5,0.0,0.17647058823529413,1.0,0.3,0.6696715354919434,0.7706583738327026
keybert,285,126,14,5,0.0,0.2857142857142857,0.6,0.3870967741935483,0.6735888719558716,0.7315264344215393
keybert,286,1260,15,5,0.0,0.26666666666666666,1.0,0.4210526315789474,0.6563307046890259,0.8268898725509644
keybert,287,1261,20,5,0.041666666666666664,0.25,1.0,0.4,0.6824703216552734,0.7386975884437561
keybert,288,1262,28,5,0.0,0.03571428571428571,0.6,0.06741573033707865,0.545967161655426,0.644473671913147
keybert,289,1263,8,5,0.0,0.25,0.6,0.35294117647058826,0.620864748954773,0.803574800491333
keybert,290,1264,11,5,0.0,0.2727272727272727,0.8,0.4067796610169491,0.6612880229949951,0.8079349994659424
keybert,291,1265,20,5,0.0,0.05,0.2,0.08000000000000002,0.5281684398651123,0.7246941924095154
keybert,292,1266,12,5,0.0,0.16666666666666666,0.8,0.27586206896551724,0.664305567741394,0.6682475805282593
keybert,293,1267,12,5,0.0,0.16666666666666666,0.8,0.27586206896551724,0.6125167012214661,0.7833417057991028
keybert,294,1268,9,5,0.0,0.2222222222222222,1.0,0.3636363636363636,0.6506702303886414,0.8203145861625671
keybert,295,1269,7,5,0.0,0.2857142857142857,0.4,0.3333333333333333,0.5483927726745605,0.7286133766174316
keybert,296,127,17,5,0.0,0.29411764705882354,1.0,0.45454545454545453,0.6699675917625427,0.7873380780220032
keybert,297,1270,13,5,0.0,0.15384615384615385,0.6,0.2448979591836735,0.6128408908843994,0.8533719182014465
keybert,298,1271,8,5,0.0,0.25,1.0,0.4,0.6346310973167419,0.7164587378501892
keybert,299,1272,9,5,0.07692307692307693,0.4444444444444444,1.0,0.6153846153846153,0.7089018821716309,0.8060622215270996
keybert,300,1273,13,5,0.0,0.07692307692307693,0.6,0.13636363636363635,0.5485045909881592,0.6447879076004028
keybert,301,1274,13,5,0.0,0.15384615384615385,1.0,0.2666666666666667,0.6339819431304932,0.7773197293281555
keybert,302,1275,13,5,0.0,0.23076923076923078,1.0,0.375,0.6804661750793457,0.6439281702041626
keybert,303,1276,7,5,0.09090909090909091,0.2857142857142857,1.0,0.4444444444444445,0.757193386554718,0.8368932008743286
keybert,304,1277,10,5,0.07142857142857142,0.3,1.0,0.4615384615384615,0.6629269123077393,0.8108308911323547
keybert,305,1278,11,5,0.0,0.09090909090909091,0.6,0.15789473684210525,0.5426070690155029,0.6900383830070496
keybert,306,1279,10,5,0.0,0.2,1.0,0.33333333333333337,0.5774864554405212,0.8031285405158997
keybert,307,128,7,5,0.0,0.42857142857142855,0.8,0.5581395348837209,0.7365790009498596,0.8594613671302795
keybert,308,1280,11,5,0.0,0.18181818181818182,1.0,0.3076923076923077,0.6673516035079956,0.7356205582618713
keybert,309,1281,8,5,0.0,0.25,0.8,0.38095238095238093,0.6387301683425903,0.6783312559127808
keybert,310,1282,5,5,0.0,0.4,1.0,0.5714285714285715,0.7223977446556091,0.8078745007514954
keybert,311,1283,10,5,0.0,0.2,0.6,0.3,0.6498301029205322,0.7615888714790344
keybert,312,1284,6,5,0.0,0.16666666666666666,1.0,0.2857142857142857,0.624917209148407,0.6768196821212769
keybert,313,1285,13,5,0.0,0.15384615384615385,1.0,0.2666666666666667,0.6022347211837769,0.5179896950721741
keybert,314,1286,5,5,0.0,0.4,1.0,0.5714285714285715,0.7694682478904724,0.8607662320137024
keybert,315,1287,6,5,0.0,0.3333333333333333,1.0,0.5,0.567955493927002,0.5022542476654053
keybert,316,1288,10,5,0.0,0.2,0.6,0.3,0.6368050575256348,0.7648471593856812
keybert,317,1289,13,5,0.0,0.07692307692307693,0.8,0.14035087719298248,0.5822134017944336,0.6473926305770874
keybert,318,129,12,5,0.0,0.25,1.0,0.4,0.6518272161483765,0.7608118653297424
keybert,319,1290,11,5,0.0,0.0,0.0,0.0,0.46955162286758423,0.4607008397579193
keybert,320,1291,9,5,0.0,0.1111111111111111,0.4,0.1739130434782609,0.590172529220581,0.7109730243682861
keybert,321,1292,12,5,0.0,0.25,0.8,0.38095238095238093,0.6148929595947266,0.7285467386245728
keybert,322,1293,8,5,0.08333333333333333,0.5,1.0,0.6666666666666666,0.7725458145141602,0.6281350255012512
keybert,323,1294,14,5,0.0,0.14285714285714285,1.0,0.25,0.6273788213729858,0.7833096385002136
keybert,324,1295,17,5,0.047619047619047616,0.058823529411764705,1.0,0.1111111111111111,0.6210684776306152,0.6952103972434998
keybert,325,1296,24,5,0.0,0.041666666666666664,0.8,0.07920792079207921,0.6069551706314087,0.716548502445221
keybert,326,1297,15,5,0.0,0.2,1.0,0.33333333333333337,0.629763126373291,0.7878974676132202
keybert,327,1298,34,5,0.02631578947368421,0.058823529411764705,0.4,0.10256410256410256,0.5450271368026733,0.6439749002456665
keybert,328,1299,8,5,0.0,0.125,0.4,0.19047619047619047,0.5869696736335754,0.6360573172569275
keybert,329,13,11,5,0.0,0.45454545454545453,1.0,0.625,0.652940034866333,0.8418260812759399
keybert,330,130,17,5,0.0,0.0,0.0,0.0,0.5119338631629944,0.6440940499305725
keybert,331,1300,11,5,0.06666666666666667,0.09090909090909091,1.0,0.16666666666666669,0.6525946259498596,0.6788567304611206
keybert,332,1301,13,5,0.0,0.07692307692307693,1.0,0.14285714285714288,0.6009700894355774,0.7258650064468384
keybert,333,1302,18,5,0.0,0.1111111111111111,0.6,0.18750000000000003,0.6281286478042603,0.7535120248794556
keybert,334,1303,9,5,0.0,0.2222222222222222,0.4,0.2857142857142857,0.5250598192214966,0.5989899039268494
keybert,335,1304,16,5,0.0,0.1875,1.0,0.3157894736842105,0.6311941146850586,0.7663435935974121
keybert,336,1305,10,5,0.0,0.2,0.6,0.3,0.645066499710083,0.8251563310623169
keybert,337,1306,27,5,0.03225806451612903,0.037037037037037035,1.0,0.07142857142857142,0.6432394981384277,0.725462794303894
keybert,338,1307,7,5,0.0,0.42857142857142855,1.0,0.6,0.7197734117507935,0.7990350723266602
keybert,339,1308,11,5,0.0,0.18181818181818182,0.8,0.2962962962962963,0.6396283507347107,0.7908779978752136
keybert,340,1309,6,5,0.0,0.3333333333333333,0.6,0.42857142857142855,0.6491888761520386,0.6469828486442566
keybert,341,131,14,5,0.05555555555555555,0.14285714285714285,1.0,0.25,0.6700294017791748,0.8416568636894226
keybert,342,1310,8,5,0.0,0.125,0.8,0.21621621621621623,0.6159160137176514,0.6166720986366272
keybert,343,1311,9,5,0.0,0.2222222222222222,1.0,0.3636363636363636,0.6299323439598083,0.6299779415130615
keybert,344,1312,18,5,0.0,0.3333333333333333,1.0,0.5,0.6320736408233643,0.831184983253479
keybert,345,1313,13,5,0.0,0.15384615384615385,1.0,0.2666666666666667,0.6877111196517944,0.7365583777427673
keybert,346,1314,19,5,0.0,0.3157894736842105,1.0,0.4799999999999999,0.6786565780639648,0.7208366394042969
keybert,347,1315,22,5,0.0,0.3181818181818182,0.8,0.4552845528455285,0.6737004518508911,0.6933460235595703
keybert,348,1316,22,5,0.038461538461538464,0.18181818181818182,0.6,0.27906976744186046,0.6876311302185059,0.7928979396820068
keybert,349,1317,29,5,0.0,0.13793103448275862,0.4,0.20512820512820515,0.5468853712081909,0.6508553624153137
keybert,350,1318,31,5,0.02857142857142857,0.12903225806451613,0.6,0.21238938053097342,0.6376304626464844,0.7306885719299316
keybert,351,1319,17,5,0.1,0.11764705882352941,1.0,0.21052631578947367,0.7581071853637695,0.7844410538673401
keybert,352,132,25,5,0.0,0.16,0.8,0.26666666666666666,0.5950734615325928,0.5590957403182983
keybert,353,1320,19,5,0.0,0.15789473684210525,0.8,0.26373626373626374,0.6441619396209717,0.6097607612609863
keybert,354,1323,6,5,0.0,0.16666666666666666,0.2,0.1818181818181818,0.6044157147407532,0.7099794745445251
keybert,355,1324,7,5,0.0,0.0,0.0,0.0,0.4522269368171692,0.3945181369781494
keybert,356,1325,5,5,0.0,0.0,0.0,0.0,0.33814913034439087,0.28943488001823425
keybert,357,1326,6,5,0.0,0.0,0.0,0.0,0.3890799880027771,0.5120576024055481
keybert,358,1328,4,5,0.0,0.25,0.6,0.35294117647058826,0.723260760307312,0.8296014666557312
keybert,359,1329,8,5,0.0,0.375,0.8,0.5106382978723405,0.6983888149261475,0.7267375588417053
keybert,360,133,11,5,0.0,0.0,0.0,0.0,0.4135850667953491,0.5146058201789856
keybert,361,1330,9,5,0.0,0.2222222222222222,0.8,0.3478260869565218,0.5771949291229248,0.6717786192893982
keybert,362,1331,7,5,0.09090909090909091,0.2857142857142857,1.0,0.4444444444444445,0.7443702220916748,0.6776154637336731
keybert,363,1332,8,5,0.0,0.25,0.4,0.3076923076923077,0.5903414487838745,0.514075517654419
keybert,364,1333,3,5,0.0,0.3333333333333333,0.8,0.47058823529411764,0.6453426480293274,0.6669267416000366
keybert,365,1334,8,5,0.0,0.25,1.0,0.4,0.6832700371742249,0.7545665502548218
keybert,366,1335,7,5,0.0,0.14285714285714285,1.0,0.25,0.6270204782485962,0.7856382131576538
keybert,367,1336,8,5,0.08333333333333333,0.375,0.8,0.5106382978723405,0.7330448627471924,0.8431951999664307
keybert,368,1337,2,5,0.16666666666666666,1.0,1.0,1.0,0.8955453634262085,0.8480778932571411
keybert,369,1338,7,5,0.0,0.42857142857142855,1.0,0.6,0.7142031192779541,0.8101882338523865
keybert,370,1339,5,5,0.1111111111111111,0.4,1.0,0.5714285714285715,0.7003634572029114,0.756680428981781
keybert,371,134,29,5,0.0,0.13793103448275862,1.0,0.2424242424242424,0.6154970526695251,0.7674347758293152
keybert,372,1340,7,5,0.0,0.2857142857142857,0.8,0.4210526315789473,0.6507689952850342,0.6381790637969971
keybert,373,1341,19,5,0.043478260869565216,0.21052631578947367,1.0,0.34782608695652173,0.615900993347168,0.8198314309120178
keybert,374,1342,14,5,0.0,0.21428571428571427,1.0,0.35294117647058826,0.6878201961517334,0.8086696267127991
keybert,375,1343,6,5,0.0,0.16666666666666666,0.6,0.2608695652173913,0.6264949440956116,0.7659167647361755
keybert,376,1344,11,5,0.0,0.18181818181818182,1.0,0.3076923076923077,0.6334798336029053,0.6456707715988159
keybert,377,1345,20,5,0.041666666666666664,0.3,0.8,0.4363636363636363,0.6696696281433105,0.8216552734375
keybert,378,1346,7,5,0.0,0.2857142857142857,0.8,0.4210526315789473,0.6369246244430542,0.7456414699554443
keybert,379,1347,26,5,0.03333333333333333,0.11538461538461539,1.0,0.20689655172413793,0.6622349619865417,0.7730937600135803
keybert,380,1348,19,5,0.0,0.10526315789473684,1.0,0.1904761904761905,0.6233559250831604,0.7899104356765747
keybert,381,1349,13,5,0.0,0.38461538461538464,0.8,0.5194805194805195,0.7190900444984436,0.839205265045166
keybert,382,135,15,5,0.0,0.13333333333333333,1.0,0.23529411764705882,0.6639893651008606,0.8455402851104736
keybert,383,1350,22,5,0.038461538461538464,0.09090909090909091,1.0,0.16666666666666669,0.6801251173019409,0.6310688257217407
keybert,384,1351,15,5,0.0,0.13333333333333333,1.0,0.23529411764705882,0.6175395846366882,0.5792906880378723
keybert,385,1352,16,5,0.05,0.125,1.0,0.2222222222222222,0.6889513731002808,0.8339856266975403
keybert,386,1353,17,5,0.0,0.17647058823529413,1.0,0.3,0.6088346838951111,0.7899287939071655
keybert,387,1354,16,5,0.05,0.0625,0.8,0.11594202898550725,0.6715943813323975,0.728593647480011
keybert,388,1355,16,5,0.0,0.1875,1.0,0.3157894736842105,0.5995408296585083,0.6992675065994263
keybert,389,1356,14,5,0.0,0.21428571428571427,1.0,0.35294117647058826,0.643416166305542,0.78244948387146
keybert,390,1357,16,5,0.0,0.3125,1.0,0.47619047619047616,0.6856404542922974,0.7999038696289062
keybert,391,1358,18,5,0.0,0.2222222222222222,0.6,0.32432432432432434,0.6336804032325745,0.7222182154655457
keybert,392,1359,15,5,0.0,0.26666666666666666,0.6,0.36923076923076925,0.6469489932060242,0.8184898495674133
keybert,393,136,16,5,0.0,0.3125,0.8,0.449438202247191,0.7044245004653931,0.8221949338912964
keybert,394,1360,23,5,0.0,0.17391304347826086,1.0,0.29629629629629634,0.6662806272506714,0.6928852200508118
keybert,395,1361,24,5,0.0,0.25,1.0,0.4,0.6425246596336365,0.7802761793136597
keybert,396,1362,29,5,0.0,0.10344827586206896,1.0,0.1875,0.5939211845397949,0.6776094436645508
keybert,397,1363,22,5,0.0,0.045454545454545456,1.0,0.08695652173913045,0.6427302360534668,0.7411622405052185
keybert,398,1364,13,5,0.0,0.15384615384615385,0.4,0.2222222222222222,0.6059141159057617,0.6256033778190613
keybert,399,1365,18,5,0.0,0.1111111111111111,0.8,0.19512195121951217,0.6020095348358154,0.7875697612762451
keybert,400,1366,18,5,0.0,0.1111111111111111,0.4,0.1739130434782609,0.5374405384063721,0.81253582239151
keybert,401,1367,12,5,0.0,0.0,0.0,0.0,0.4558877944946289,0.6390655636787415
keybert,402,1368,15,5,0.0,0.06666666666666667,1.0,0.125,0.6269711852073669,0.7975996136665344
keybert,403,1369,8,5,0.0,0.25,0.8,0.38095238095238093,0.6640148758888245,0.6612028479576111
keybert,404,137,19,5,0.043478260869565216,0.10526315789473684,0.8,0.18604651162790697,0.6398082971572876,0.8001068234443665
keybert,405,1370,12,5,0.0625,0.25,1.0,0.4,0.7103720903396606,0.7094271183013916
keybert,406,1371,8,5,0.0,0.25,1.0,0.4,0.6860824823379517,0.817780077457428
keybert,407,1372,12,5,0.0,0.4166666666666667,1.0,0.5882352941176471,0.673656702041626,0.7827109694480896
keybert,408,1373,11,5,0.0,0.09090909090909091,1.0,0.16666666666666669,0.6195942163467407,0.7006963491439819
keybert,409,1374,9,5,0.0,0.1111111111111111,1.0,0.19999999999999998,0.6147094964981079,0.5689042806625366
keybert,410,1375,8,5,0.0,0.25,1.0,0.4,0.6977875232696533,0.7857068181037903
keybert,411,1376,8,5,0.0,0.5,1.0,0.6666666666666666,0.7940870523452759,0.8502671122550964
keybert,412,1377,9,5,0.0,0.3333333333333333,0.8,0.47058823529411764,0.6946203708648682,0.8269551992416382
keybert,413,1378,15,5,0.0,0.2,0.8,0.32000000000000006,0.6070181131362915,0.7707391381263733
keybert,414,1379,10,5,0.0,0.1,0.8,0.1777777777777778,0.687822699546814,0.8336498737335205
keybert,415,138,11,5,0.0,0.09090909090909091,0.8,0.163265306122449,0.6341307163238525,0.7128362655639648
keybert,416,1380,26,5,0.0,0.11538461538461539,1.0,0.20689655172413793,0.6833666563034058,0.6723278164863586
keybert,417,1381,11,5,0.0,0.36363636363636365,1.0,0.5333333333333333,0.6523964405059814,0.839795708656311
keybert,418,1382,17,5,0.0,0.29411764705882354,0.8,0.43010752688172044,0.676964521408081,0.8877831101417542
keybert,419,1383,13,5,0.058823529411764705,0.07692307692307693,1.0,0.14285714285714288,0.70139479637146,0.6755248308181763
keybert,420,1384,12,5,0.0,0.3333333333333333,0.8,0.47058823529411764,0.6278259754180908,0.6345434188842773
keybert,421,1385,10,5,0.0,0.3,1.0,0.4615384615384615,0.7186773419380188,0.845721960067749
keybert,422,1386,8,5,0.0,0.25,0.6,0.35294117647058826,0.6586194634437561,0.8123779296875
keybert,423,1389,6,5,0.0,0.16666666666666666,0.4,0.23529411764705882,0.5428396463394165,0.6780112385749817
keybert,424,139,18,5,0.0,0.1111111111111111,0.8,0.19512195121951217,0.5837653875350952,0.79539954662323
keybert,425,1390,7,5,0.0,0.0,0.0,0.0,0.49510398507118225,0.6124444603919983
keybert,426,1391,11,5,0.0,0.18181818181818182,0.6,0.27906976744186046,0.6122517585754395,0.8285201191902161
keybert,427,1392,11,5,0.0,0.09090909090909091,0.8,0.163265306122449,0.5851647853851318,0.7804335355758667
keybert,428,1393,15,5,0.05263157894736842,0.06666666666666667,0.8,0.12307692307692308,0.6708791255950928,0.7983967661857605
keybert,429,1394,14,5,0.0,0.21428571428571427,1.0,0.35294117647058826,0.6803786754608154,0.7547336220741272
keybert,430,1395,15,5,0.0,0.13333333333333333,0.8,0.2285714285714286,0.6200986504554749,0.6357834339141846
keybert,431,1396,9,5,0.0,0.2222222222222222,0.8,0.3478260869565218,0.6719852089881897,0.8301826119422913
keybert,432,1397,16,5,0.05,0.1875,0.8,0.3037974683544304,0.664047122001648,0.8299480080604553
keybert,433,1398,11,5,0.0,0.18181818181818182,0.8,0.2962962962962963,0.6442737579345703,0.6510316133499146
keybert,434,14,17,5,0.0,0.17647058823529413,0.8,0.28915662650602414,0.5844741463661194,0.7171940207481384
keybert,435,140,19,5,0.043478260869565216,0.10526315789473684,1.0,0.1904761904761905,0.658484160900116,0.71038818359375
keybert,436,1402,7,5,0.0,0.14285714285714285,0.4,0.21052631578947364,0.6029481887817383,0.531441330909729
keybert,437,1403,9,5,0.0,0.1111111111111111,0.8,0.19512195121951217,0.5326277613639832,0.48247435688972473
keybert,438,1404,5,5,0.0,0.6,1.0,0.7499999999999999,0.6929746866226196,0.6570754051208496
keybert,439,1405,8,5,0.0,0.25,1.0,0.4,0.6161903738975525,0.6751442551612854
keybert,440,1406,6,5,0.0,0.16666666666666666,1.0,0.2857142857142857,0.5684419274330139,0.43969079852104187
keybert,441,1407,7,5,0.0,0.14285714285714285,0.6,0.23076923076923073,0.666814923286438,0.7774479985237122
keybert,442,1408,21,5,0.0,0.047619047619047616,0.4,0.0851063829787234,0.526651918888092,0.7067156434059143
keybert,443,1409,16,5,0.05,0.0625,0.4,0.10810810810810811,0.5578876733779907,0.7729408144950867
keybert,444,141,16,5,0.05,0.0625,0.6,0.11320754716981132,0.6125054955482483,0.6837121248245239
keybert,445,1410,22,5,0.0,0.045454545454545456,0.4,0.0816326530612245,0.5078541040420532,0.49248650670051575
keybert,446,1411,14,5,0.0,0.0,0.0,0.0,0.4898022413253784,0.4654788076877594
keybert,447,1412,7,5,0.09090909090909091,0.14285714285714285,1.0,0.25,0.718071460723877,0.6993877291679382
keybert,448,1413,9,5,0.07692307692307693,0.2222222222222222,1.0,0.3636363636363636,0.6973958611488342,0.74691241979599
keybert,449,1414,7,5,0.0,0.42857142857142855,0.6,0.5,0.6536026000976562,0.682731032371521
keybert,450,1415,12,5,0.0,0.08333333333333333,0.8,0.1509433962264151,0.5882400274276733,0.6924400329589844
keybert,451,1416,8,5,0.0,0.125,0.4,0.19047619047619047,0.5115119218826294,0.6271753311157227
keybert,452,1417,13,5,0.058823529411764705,0.07692307692307693,1.0,0.14285714285714288,0.642122209072113,0.6421061754226685
keybert,453,1418,10,5,0.07142857142857142,0.2,1.0,0.33333333333333337,0.7050726413726807,0.8107904195785522
keybert,454,1419,11,5,0.0,0.2727272727272727,0.6,0.37499999999999994,0.6379621028900146,0.6185879707336426
keybert,455,142,19,5,0.0,0.2631578947368421,1.0,0.4166666666666667,0.6271361112594604,0.7269654870033264
keybert,456,1420,8,5,0.08333333333333333,0.25,1.0,0.4,0.7342126965522766,0.7947671413421631
keybert,457,1421,9,5,0.0,0.2222222222222222,0.4,0.2857142857142857,0.553842306137085,0.731320858001709
keybert,458,1422,11,5,0.0,0.2727272727272727,1.0,0.42857142857142855,0.6743354797363281,0.7555312514305115
keybert,459,1423,12,5,0.0,0.08333333333333333,1.0,0.15384615384615385,0.5680350065231323,0.6075635552406311
keybert,460,1424,8,5,0.0,0.125,0.6,0.20689655172413793,0.6169037818908691,0.5887419581413269
keybert,461,1425,9,5,0.0,0.2222222222222222,0.4,0.2857142857142857,0.58712238073349,0.6462225914001465
keybert,462,1426,13,5,0.0,0.0,0.0,0.0,0.45349568128585815,0.530698299407959
keybert,463,1427,14,5,0.05555555555555555,0.21428571428571427,0.8,0.3380281690140845,0.6840850114822388,0.7369822263717651
keybert,464,1428,9,5,0.0,0.0,0.0,0.0,0.5369314551353455,0.46963709592819214
keybert,465,1429,12,5,0.0,0.16666666666666666,0.6,0.2608695652173913,0.59027099609375,0.7508877515792847
keybert,466,143,13,5,0.0,0.3076923076923077,1.0,0.47058823529411764,0.668047308921814,0.7965534329414368
keybert,467,1430,6,5,0.0,0.16666666666666666,0.4,0.23529411764705882,0.5814138054847717,0.7460647225379944
keybert,468,1431,8,5,0.0,0.25,0.8,0.38095238095238093,0.7093418836593628,0.8023309111595154
keybert,469,1432,6,5,0.0,0.3333333333333333,0.6,0.42857142857142855,0.6671265363693237,0.6626840233802795
keybert,470,1433,8,5,0.0,0.25,1.0,0.4,0.6924012899398804,0.6165980696678162
keybert,471,1434,20,5,0.0,0.25,1.0,0.4,0.6627428531646729,0.6956688165664673
keybert,472,1435,22,5,0.038461538461538464,0.045454545454545456,1.0,0.08695652173913045,0.6725060939788818,0.7189713716506958
keybert,473,1436,20,5,0.0,0.05,0.4,0.0888888888888889,0.5830565690994263,0.6897315979003906
keybert,474,1437,17,5,0.0,0.11764705882352941,1.0,0.21052631578947367,0.6552574634552002,0.7152348756790161
keybert,475,1438,26,5,0.0,0.07692307692307693,0.8,0.14035087719298248,0.651828408241272,0.8418351411819458
keybert,476,1439,35,5,0.0,0.05714285714285714,1.0,0.1081081081081081,0.6480795741081238,0.6884886622428894
keybert,477,144,17,5,0.0,0.11764705882352941,1.0,0.21052631578947367,0.5926656126976013,0.6658480763435364
keybert,478,1440,26,5,0.0,0.19230769230769232,1.0,0.32258064516129037,0.6866849064826965,0.8340849280357361
keybert,479,1441,12,5,0.0,0.16666666666666666,0.6,0.2608695652173913,0.5790554881095886,0.7348558902740479
keybert,480,1442,9,5,0.0,0.3333333333333333,0.8,0.47058823529411764,0.6207221746444702,0.7462772130966187
keybert,481,1443,6,5,0.0,0.0,0.0,0.0,0.4728221893310547,0.5072360038757324
keybert,482,1444,17,5,0.047619047619047616,0.11764705882352941,1.0,0.21052631578947367,0.6648699045181274,0.6892186403274536
keybert,483,1445,14,5,0.0,0.14285714285714285,1.0,0.25,0.6867571473121643,0.7065695524215698
keybert,484,1446,12,5,0.0,0.08333333333333333,0.4,0.13793103448275862,0.47727495431900024,0.6642441153526306
keybert,485,1447,12,5,0.0,0.08333333333333333,0.2,0.11764705882352941,0.4919033348560333,0.45744067430496216
keybert,486,1448,6,5,0.0,0.16666666666666666,0.6,0.2608695652173913,0.5620101094245911,0.6074860095977783
keybert,487,1449,17,5,0.0,0.11764705882352941,1.0,0.21052631578947367,0.6593906879425049,0.8325391411781311
keybert,488,145,19,5,0.043478260869565216,0.05263157894736842,0.6,0.09677419354838708,0.6025381088256836,0.6620585918426514
keybert,489,1450,8,5,0.0,0.125,0.4,0.19047619047619047,0.5296972990036011,0.6425233483314514
keybert,490,1451,9,5,0.0,0.2222222222222222,0.8,0.3478260869565218,0.6712042093276978,0.7403518557548523
keybert,491,1452,16,5,0.0,0.125,1.0,0.2222222222222222,0.6886181831359863,0.6890690922737122
keybert,492,1453,6,5,0.0,0.3333333333333333,0.4,0.3636363636363636,0.6258665323257446,0.7406205534934998
keybert,493,1455,5,5,0.0,0.0,0.0,0.0,0.5990777015686035,0.5050849318504333
keybert,494,1456,8,5,0.0,0.25,0.8,0.38095238095238093,0.7029404640197754,0.761415958404541
keybert,495,1457,15,5,0.0,0.26666666666666666,0.8,0.4,0.6523025631904602,0.8279019594192505
keybert,496,1458,26,5,0.0,0.07692307692307693,1.0,0.14285714285714288,0.5945525765419006,0.7642524242401123
keybert,497,1459,22,5,0.0,0.22727272727272727,1.0,0.37037037037037035,0.6814203262329102,0.7764212489128113
keybert,498,146,14,5,0.0,0.14285714285714285,0.8,0.24242424242424243,0.6830224990844727,0.6577378511428833
keybert,499,1460,16,5,0.0,0.0625,1.0,0.11764705882352941,0.5632634162902832,0.6796520948410034
keybert,500,1461,15,5,0.0,0.13333333333333333,0.2,0.16,0.5475373268127441,0.6614562273025513
keybert,501,1462,26,5,0.0,0.15384615384615385,1.0,0.2666666666666667,0.6532211303710938,0.7199742794036865
keybert,502,1463,14,5,0.0,0.14285714285714285,0.8,0.24242424242424243,0.6502742767333984,0.7528721690177917
keybert,503,1464,17,5,0.047619047619047616,0.058823529411764705,0.8,0.1095890410958904,0.6317715644836426,0.7705187797546387
keybert,504,1465,13,5,0.0,0.07692307692307693,0.2,0.1111111111111111,0.5614671111106873,0.7325158715248108
keybert,505,1466,15,5,0.05263157894736842,0.4,0.8,0.5333333333333333,0.7719120979309082,0.8712182641029358
keybert,506,1467,13,5,0.058823529411764705,0.07692307692307693,0.4,0.12903225806451613,0.5911863446235657,0.7779616117477417
keybert,507,1468,14,5,0.05555555555555555,0.2857142857142857,1.0,0.4444444444444445,0.776718258857727,0.8750507831573486
keybert,508,1469,10,5,0.0,0.2,0.6,0.3,0.6311099529266357,0.7333242893218994
keybert,509,147,10,5,0.0,0.2,0.4,0.26666666666666666,0.5889062881469727,0.804660439491272
keybert,510,1470,12,5,0.0,0.25,0.8,0.38095238095238093,0.6503803730010986,0.7550956606864929
keybert,511,1471,8,5,0.0,0.25,0.4,0.3076923076923077,0.6102896928787231,0.6949097514152527
keybert,512,1472,18,5,0.0,0.16666666666666666,1.0,0.2857142857142857,0.6637209057807922,0.7216115593910217
keybert,513,1473,13,5,0.0,0.0,0.0,0.0,0.5096676349639893,0.5804532766342163
keybert,514,1474,14,5,0.0,0.14285714285714285,1.0,0.25,0.6654415130615234,0.762305498123169
keybert,515,1475,12,5,0.0,0.16666666666666666,0.6,0.2608695652173913,0.5963349938392639,0.742323637008667
keybert,516,1476,9,5,0.0,0.1111111111111111,1.0,0.19999999999999998,0.6553873419761658,0.7086417078971863
keybert,517,1477,11,5,0.0,0.2727272727272727,0.8,0.4067796610169491,0.6592608690261841,0.6966953873634338
keybert,518,1478,14,5,0.0,0.14285714285714285,1.0,0.25,0.6079440116882324,0.7145724892616272
keybert,519,1479,13,5,0.0,0.07692307692307693,1.0,0.14285714285714288,0.6086727976799011,0.7302262783050537
keybert,520,148,5,5,0.0,0.4,1.0,0.5714285714285715,0.6695320010185242,0.737288236618042
keybert,521,1480,11,5,0.0,0.18181818181818182,1.0,0.3076923076923077,0.6461638808250427,0.8206049799919128
keybert,522,1481,11,5,0.0,0.36363636363636365,0.6,0.4528301886792453,0.6550074815750122,0.7267358899116516
keybert,523,1482,10,5,0.07142857142857142,0.3,1.0,0.4615384615384615,0.7365520000457764,0.8094954490661621
keybert,524,1483,7,5,0.0,0.14285714285714285,1.0,0.25,0.6332986950874329,0.6286722421646118
keybert,525,1484,20,5,0.0,0.2,1.0,0.33333333333333337,0.6310268640518188,0.7750250101089478
keybert,526,1485,16,5,0.0,0.1875,1.0,0.3157894736842105,0.666930079460144,0.8245892524719238
keybert,527,1486,28,5,0.0,0.17857142857142858,1.0,0.30303030303030304,0.6540319323539734,0.6936468482017517
keybert,528,1487,20,5,0.0,0.15,0.8,0.2526315789473684,0.5869972705841064,0.7667568325996399
keybert,529,1488,23,5,0.0,0.13043478260869565,1.0,0.23076923076923078,0.6132820248603821,0.7501088976860046
keybert,530,1489,15,5,0.0,0.06666666666666667,1.0,0.125,0.6488209366798401,0.8077512383460999
keybert,531,149,11,5,0.0,0.18181818181818182,1.0,0.3076923076923077,0.6890469789505005,0.7028559446334839
keybert,532,1490,13,5,0.0,0.15384615384615385,1.0,0.2666666666666667,0.6652895212173462,0.7394675612449646
keybert,533,1491,15,5,0.0,0.06666666666666667,1.0,0.125,0.6441183686256409,0.6794764995574951
keybert,534,1492,16,5,0.0,0.0625,1.0,0.11764705882352941,0.6111336350440979,0.6980568170547485
keybert,535,1493,12,5,0.0,0.3333333333333333,0.8,0.47058823529411764,0.6344683170318604,0.8016054034233093
keybert,536,1494,4,5,0.0,0.25,0.8,0.38095238095238093,0.6419748663902283,0.6317384243011475
keybert,537,1495,8,5,0.0,0.125,0.2,0.15384615384615385,0.6128132343292236,0.8050355315208435
keybert,538,1496,6,5,0.0,0.3333333333333333,0.4,0.3636363636363636,0.6368708610534668,0.6801784634590149
keybert,539,1497,8,5,0.0,0.125,0.4,0.19047619047619047,0.6303067207336426,0.7391220927238464
keybert,540,1498,10,5,0.0,0.2,1.0,0.33333333333333337,0.6376365423202515,0.5425779819488525
keybert,541,1499,19,5,0.0,0.2631578947368421,1.0,0.4166666666666667,0.7301343679428101,0.774024248123169
keybert,542,15,15,5,0.0,0.06666666666666667,0.8,0.12307692307692308,0.5998790860176086,0.6853089332580566
keybert,543,150,7,5,0.09090909090909091,0.42857142857142855,1.0,0.6,0.7497065663337708,0.855236828327179
keybert,544,1500,12,5,0.13333333333333333,0.25,1.0,0.4,0.7565693259239197,0.8574042916297913
keybert,545,1501,11,5,0.0,0.18181818181818182,1.0,0.3076923076923077,0.7275608777999878,0.7804696559906006
keybert,546,1502,13,5,0.0,0.23076923076923078,0.8,0.3582089552238806,0.6508764028549194,0.6676204204559326
keybert,547,1503,14,5,0.0,0.07142857142857142,0.8,0.13114754098360656,0.6471485495567322,0.68501216173172
keybert,548,1504,19,5,0.043478260869565216,0.15789473684210525,1.0,0.2727272727272727,0.6985334157943726,0.8166013956069946
keybert,549,1505,14,5,0.0,0.14285714285714285,1.0,0.25,0.6984909772872925,0.7126984596252441
keybert,550,1506,16,5,0.05,0.1875,1.0,0.3157894736842105,0.6946667432785034,0.6295349597930908
keybert,551,1507,16,5,0.0,0.125,0.8,0.21621621621621623,0.5756285786628723,0.42518576979637146
keybert,552,1508,6,5,0.0,0.16666666666666666,0.2,0.1818181818181818,0.5655138492584229,0.6803440451622009
keybert,553,1509,23,5,0.0,0.08695652173913043,0.4,0.14285714285714285,0.5817029476165771,0.7794350385665894
keybert,554,151,11,5,0.0,0.09090909090909091,0.2,0.12500000000000003,0.6134058237075806,0.6832074522972107
keybert,555,1510,29,5,0.030303030303030304,0.1724137931034483,1.0,0.29411764705882354,0.696338951587677,0.7275591492652893
keybert,556,1511,12,5,0.0,0.16666666666666666,1.0,0.2857142857142857,0.6426582336425781,0.7126955389976501
keybert,557,1512,10,5,0.0,0.1,0.6,0.17142857142857143,0.6654036641120911,0.6995117664337158
keybert,558,1513,9,5,0.0,0.1111111111111111,0.2,0.14285714285714285,0.5920830368995667,0.8189429640769958
keybert,559,1514,12,5,0.0,0.08333333333333333,0.4,0.13793103448275862,0.5843921303749084,0.7602110505104065
keybert,560,1515,20,5,0.0,0.25,1.0,0.4,0.6702585220336914,0.8179277181625366
keybert,561,1516,11,5,0.0,0.5454545454545454,1.0,0.7058823529411764,0.7172545194625854,0.8459492921829224
keybert,562,1517,14,5,0.0,0.35714285714285715,0.6,0.44776119402985076,0.615006685256958,0.8452756404876709
keybert,563,1518,20,5,0.0,0.3,0.2,0.24,0.5944421887397766,0.8085896372795105
keybert,564,1519,19,5,0.0,0.10526315789473684,1.0,0.1904761904761905,0.6393553614616394,0.7397282719612122
keybert,565,152,9,5,0.07692307692307693,0.1111111111111111,1.0,0.19999999999999998,0.7064551115036011,0.8198685646057129
keybert,566,1520,15,5,0.0,0.2,1.0,0.33333333333333337,0.643455982208252,0.8054320216178894
keybert,567,1521,14,5,0.0,0.07142857142857142,1.0,0.13333333333333333,0.638353705406189,0.6771243214607239
keybert,568,1522,8,5,0.0,0.0,0.0,0.0,0.5235761404037476,0.6127050518989563
keybert,569,1523,12,5,0.0,0.16666666666666666,1.0,0.2857142857142857,0.7108737230300903,0.778230607509613
keybert,570,1524,13,5,0.0,0.07692307692307693,0.4,0.12903225806451613,0.5390487909317017,0.5795730948448181
keybert,571,1525,14,5,0.0,0.35714285714285715,1.0,0.5263157894736842,0.752051055431366,0.8732150197029114
keybert,572,1526,22,5,0.0,0.09090909090909091,0.4,0.14814814814814814,0.5459847450256348,0.6682330369949341
keybert,573,1527,12,5,0.0,0.08333333333333333,0.6,0.14634146341463414,0.5031003952026367,0.6495685577392578
keybert,574,1528,12,5,0.0,0.3333333333333333,0.8,0.47058823529411764,0.6698325276374817,0.7733063697814941
keybert,575,1529,7,5,0.0,0.2857142857142857,0.4,0.3333333333333333,0.6205958127975464,0.6620666980743408
keybert,576,153,8,5,0.08333333333333333,0.375,1.0,0.5454545454545454,0.7649518847465515,0.8632649183273315
keybert,577,1530,6,5,0.0,0.3333333333333333,1.0,0.5,0.7109899520874023,0.820506751537323
keybert,578,1531,9,5,0.0,0.3333333333333333,1.0,0.5,0.6780155897140503,0.8345708250999451
keybert,579,1532,6,5,0.1,0.16666666666666666,1.0,0.2857142857142857,0.7456166744232178,0.8279671669006348
keybert,580,1533,16,5,0.0,0.1875,1.0,0.3157894736842105,0.6440784931182861,0.8198179006576538
keybert,581,1534,13,5,0.0,0.15384615384615385,1.0,0.2666666666666667,0.6506390571594238,0.7937725782394409
keybert,582,1535,10,5,0.0,0.1,0.4,0.16000000000000003,0.6292921304702759,0.6646518111228943
keybert,583,1536,12,5,0.0,0.3333333333333333,0.8,0.47058823529411764,0.6959095001220703,0.7871748805046082
keybert,584,1537,12,5,0.0,0.08333333333333333,1.0,0.15384615384615385,0.6558578610420227,0.7766129970550537
keybert,585,1538,10,5,0.07142857142857142,0.2,1.0,0.33333333333333337,0.6722471714019775,0.7628262639045715
keybert,586,1539,8,5,0.0,0.375,0.8,0.5106382978723405,0.6959482431411743,0.8409731984138489
keybert,587,154,15,5,0.0,0.26666666666666666,1.0,0.4210526315789474,0.7095165848731995,0.8332706689834595
keybert,588,1540,12,5,0.0,0.08333333333333333,0.8,0.1509433962264151,0.6015338897705078,0.7093654870986938
keybert,589,1541,6,5,0.2222222222222222,0.5,1.0,0.6666666666666666,0.8358564376831055,0.9204187989234924
keybert,590,1542,6,5,0.0,0.0,0.0,0.0,0.3315486013889313,0.3931438624858856
keybert,591,1543,12,5,0.0,0.25,0.6,0.35294117647058826,0.5298559665679932,0.5472647547721863
keybert,592,1544,9,5,0.07692307692307693,0.1111111111111111,0.6,0.18750000000000003,0.5978635549545288,0.6767700910568237
keybert,593,1545,6,5,0.0,0.5,1.0,0.6666666666666666,0.7753472924232483,0.812436044216156
keybert,594,1546,8,5,0.0,0.25,1.0,0.4,0.6787017583847046,0.7883478403091431
keybert,595,1547,20,5,0.0,0.1,0.8,0.1777777777777778,0.632553219795227,0.7381065487861633
keybert,596,1548,7,5,0.0,0.42857142857142855,0.8,0.5581395348837209,0.6952686905860901,0.7932953238487244
keybert,597,1549,12,5,0.0,0.25,1.0,0.4,0.6719504594802856,0.6823766827583313
keybert,598,155,15,5,0.0,0.26666666666666666,1.0,0.4210526315789474,0.6952207088470459,0.8633061051368713
keybert,599,1550,9,5,0.07692307692307693,0.4444444444444444,1.0,0.6153846153846153,0.7740281224250793,0.8900061249732971
keybert,600,1551,10,5,0.07142857142857142,0.3,0.8,0.4363636363636363,0.6616777777671814,0.7582414746284485
keybert,601,1552,6,5,0.0,0.6666666666666666,0.6,0.631578947368421,0.7077584266662598,0.8433293104171753
keybert,602,1553,13,5,0.0,0.07692307692307693,1.0,0.14285714285714288,0.6344612836837769,0.8056684732437134
keybert,603,1554,8,5,0.0,0.375,1.0,0.5454545454545454,0.7271425724029541,0.8404639959335327
keybert,604,1555,7,5,0.09090909090909091,0.42857142857142855,1.0,0.6,0.7201418876647949,0.7222641110420227
keybert,605,1556,4,5,0.125,0.25,0.6,0.35294117647058826,0.6513700485229492,0.7500202655792236
keybert,606,1557,8,5,0.0,0.625,0.8,0.7017543859649122,0.7283203601837158,0.7774128913879395
keybert,607,1558,7,5,0.0,0.42857142857142855,1.0,0.6,0.7307977676391602,0.7746542096138
keybert,608,1559,6,5,0.0,0.6666666666666666,1.0,0.8,0.725824236869812,0.8549687266349792
keybert,609,156,11,5,0.0,0.09090909090909091,1.0,0.16666666666666669,0.6643548011779785,0.8197817206382751
keybert,610,1560,11,5,0.06666666666666667,0.09090909090909091,1.0,0.16666666666666669,0.6990922689437866,0.7081570625305176
keybert,611,1561,12,5,0.0,0.25,1.0,0.4,0.7103466987609863,0.7058778405189514
keybert,612,1562,8,5,0.0,0.625,1.0,0.7692307692307693,0.7385064959526062,0.7892334461212158
keybert,613,1563,10,5,0.07142857142857142,0.2,1.0,0.33333333333333337,0.6706965565681458,0.7456108927726746
keybert,614,1564,5,5,0.1111111111111111,0.2,1.0,0.33333333333333337,0.7308666706085205,0.702038586139679
keybert,615,1565,8,5,0.0,0.25,0.6,0.35294117647058826,0.6457364559173584,0.8609283566474915
keybert,616,1566,8,5,0.08333333333333333,0.5,1.0,0.6666666666666666,0.7845182418823242,0.8882341980934143
keybert,617,1567,8,5,0.0,0.125,1.0,0.2222222222222222,0.6665377616882324,0.8335320353507996
keybert,618,1568,12,5,0.0,0.4166666666666667,1.0,0.5882352941176471,0.6769269704818726,0.8358964920043945
keybert,619,1569,14,5,0.11764705882352941,0.2857142857142857,1.0,0.4444444444444445,0.7359132170677185,0.8506397604942322
keybert,620,157,19,5,0.0,0.21052631578947367,1.0,0.34782608695652173,0.638166606426239,0.792311429977417
keybert,621,1570,9,5,0.07692307692307693,0.3333333333333333,0.8,0.47058823529411764,0.7622786164283752,0.8597255349159241
keybert,622,1571,16,5,0.0,0.125,1.0,0.2222222222222222,0.6546049118041992,0.734849750995636
keybert,623,1572,15,5,0.05263157894736842,0.06666666666666667,0.8,0.12307692307692308,0.6804307699203491,0.8787530660629272
keybert,624,1574,5,5,0.1111111111111111,0.2,1.0,0.33333333333333337,0.6868826150894165,0.5373255014419556
keybert,625,1578,3,5,0.0,0.3333333333333333,1.0,0.5,0.7187881469726562,0.576713502407074
keybert,626,158,19,5,0.0,0.2631578947368421,1.0,0.4166666666666667,0.6373336911201477,0.6859816312789917
keybert,627,1583,5,5,0.0,0.2,0.2,0.20000000000000004,0.5360593795776367,0.6167923212051392
keybert,628,1584,6,5,0.1,0.6666666666666666,0.8,0.7272727272727272,0.7548407316207886,0.7536710500717163
keybert,629,1588,4,5,0.125,0.25,1.0,0.4,0.7766508460044861,0.7286601066589355
keybert,630,1589,8,5,0.0,0.375,0.4,0.38709677419354843,0.6235533952713013,0.7043005228042603
keybert,631,159,11,5,0.0,0.2727272727272727,0.6,0.37499999999999994,0.6509252786636353,0.7385316491127014
keybert,632,1590,3,5,0.14285714285714285,0.6666666666666666,1.0,0.8,0.8227806091308594,0.7639508247375488
keybert,633,1591,10,5,0.0,0.2,1.0,0.33333333333333337,0.5737858414649963,0.7691164016723633
keybert,634,1592,8,5,0.08333333333333333,0.125,0.4,0.19047619047619047,0.6042302846908569,0.821465015411377
keybert,635,1593,14,5,0.0,0.14285714285714285,0.4,0.21052631578947364,0.581753134727478,0.6026588082313538
keybert,636,1594,13,5,0.0,0.07692307692307693,0.8,0.14035087719298248,0.610929012298584,0.7056035399436951
keybert,637,1595,14,5,0.0,0.07142857142857142,0.6,0.1276595744680851,0.564277172088623,0.7343310117721558
keybert,638,1596,15,5,0.0,0.2,1.0,0.33333333333333337,0.6602823734283447,0.7472856640815735
keybert,639,1597,23,5,0.0,0.13043478260869565,1.0,0.23076923076923078,0.6096863150596619,0.7141435742378235
keybert,640,1598,20,5,0.041666666666666664,0.1,0.6,0.17142857142857143,0.6135588884353638,0.8035006523132324
keybert,641,1599,22,5,0.0,0.36363636363636365,1.0,0.5333333333333333,0.7008695602416992,0.7790424823760986
keybert,642,16,12,5,0.0,0.25,1.0,0.4,0.6526131629943848,0.7573279142379761
keybert,643,160,6,5,0.0,0.16666666666666666,0.4,0.23529411764705882,0.5862849950790405,0.5449298024177551
keybert,644,1600,17,5,0.0,0.29411764705882354,1.0,0.45454545454545453,0.6667385101318359,0.8168269991874695
keybert,645,1601,12,5,0.0,0.16666666666666666,1.0,0.2857142857142857,0.6514846682548523,0.8353642821311951
keybert,646,1602,16,5,0.0,0.3125,1.0,0.47619047619047616,0.6863247156143188,0.7987104058265686
keybert,647,1603,15,5,0.05263157894736842,0.26666666666666666,1.0,0.4210526315789474,0.6836940050125122,0.7260193824768066
keybert,648,1604,24,5,0.0,0.08333333333333333,0.4,0.13793103448275862,0.5337429642677307,0.7671971321105957
keybert,649,1605,16,5,0.0,0.0625,0.6,0.11320754716981132,0.5102025270462036,0.5568157434463501
keybert,650,1606,18,5,0.0,0.1111111111111111,0.6,0.18750000000000003,0.5795629024505615,0.7085790038108826
keybert,651,1607,15,5,0.0,0.3333333333333333,0.8,0.47058823529411764,0.6801804304122925,0.839542031288147
keybert,652,1608,14,5,0.05555555555555555,0.2857142857142857,1.0,0.4444444444444445,0.6631186008453369,0.8192634582519531
keybert,653,1609,18,5,0.0,0.1111111111111111,1.0,0.19999999999999998,0.6465622782707214,0.7573709487915039
keybert,654,161,5,5,0.0,0.4,0.2,0.26666666666666666,0.6361833810806274,0.6052575707435608
keybert,655,1610,18,5,0.045454545454545456,0.1111111111111111,1.0,0.19999999999999998,0.6986849904060364,0.7914111614227295
keybert,656,1611,9,5,0.0,0.3333333333333333,0.8,0.47058823529411764,0.7307887673377991,0.8757717609405518
keybert,657,1613,21,5,0.0,0.42857142857142855,1.0,0.6,0.6921147108078003,0.7904345393180847
keybert,658,1614,18,5,0.0,0.3333333333333333,1.0,0.5,0.6822458505630493,0.7427345514297485
keybert,659,1615,18,5,0.0,0.05555555555555555,1.0,0.10526315789473684,0.6682873368263245,0.7377582788467407
keybert,660,1616,10,5,0.07142857142857142,0.3,1.0,0.4615384615384615,0.7280834913253784,0.8543528914451599
keybert,661,1617,15,5,0.05263157894736842,0.13333333333333333,1.0,0.23529411764705882,0.6558218002319336,0.7202998995780945
keybert,662,1618,14,5,0.0,0.21428571428571427,1.0,0.35294117647058826,0.6546454429626465,0.8387411832809448
keybert,663,1619,9,5,0.0,0.2222222222222222,1.0,0.3636363636363636,0.624375581741333,0.8033788800239563
keybert,664,162,10,5,0.07142857142857142,0.2,1.0,0.33333333333333337,0.712573766708374,0.7175350189208984
keybert,665,1620,15,5,0.0,0.26666666666666666,1.0,0.4210526315789474,0.7247264385223389,0.7407812476158142
keybert,666,1621,17,5,0.0,0.17647058823529413,0.4,0.2448979591836735,0.5607027411460876,0.7503402233123779
keybert,667,1622,11,5,0.0,0.18181818181818182,0.6,0.27906976744186046,0.6194895505905151,0.751075804233551
keybert,668,1623,11,5,0.0,0.18181818181818182,0.4,0.25000000000000006,0.6206517219543457,0.713898241519928
keybert,669,1624,19,5,0.0,0.10526315789473684,0.6,0.17910447761194026,0.5963939428329468,0.7870057225227356
keybert,670,1625,13,5,0.0,0.23076923076923078,0.4,0.29268292682926833,0.5678802132606506,0.7857396006584167
keybert,671,1626,13,5,0.0,0.23076923076923078,0.8,0.3582089552238806,0.6067598462104797,0.8217365145683289
keybert,672,1627,20,5,0.0,0.05,0.4,0.0888888888888889,0.5556597709655762,0.7207220792770386
keybert,673,1628,18,5,0.045454545454545456,0.16666666666666666,0.8,0.27586206896551724,0.6556981801986694,0.724483847618103
keybert,674,1629,23,5,0.0,0.13043478260869565,1.0,0.23076923076923078,0.6797360777854919,0.6793580651283264
keybert,675,163,10,5,0.0,0.1,1.0,0.18181818181818182,0.6838253736495972,0.700836718082428
keybert,676,1630,9,5,0.0,0.1111111111111111,0.8,0.19512195121951217,0.6352148652076721,0.7248687744140625
keybert,677,1631,8,5,0.0,0.375,1.0,0.5454545454545454,0.6657525300979614,0.7888709306716919
keybert,678,1632,14,5,0.0,0.07142857142857142,0.8,0.13114754098360656,0.6692314743995667,0.7843765020370483
keybert,679,1633,19,5,0.043478260869565216,0.15789473684210525,0.8,0.26373626373626374,0.6583557724952698,0.7673025131225586
keybert,680,1634,10,5,0.0,0.1,0.6,0.17142857142857143,0.5974477529525757,0.6420557498931885
keybert,681,1635,8,5,0.0,0.125,0.8,0.21621621621621623,0.570614218711853,0.6157074570655823
keybert,682,1636,6,5,0.0,0.3333333333333333,1.0,0.5,0.7070873975753784,0.7477443814277649
keybert,683,1637,6,5,0.0,0.5,1.0,0.6666666666666666,0.7786610126495361,0.8161951899528503
keybert,684,1638,11,5,0.0,0.2727272727272727,0.4,0.3243243243243243,0.6311664581298828,0.7122128009796143
keybert,685,1639,2,5,0.0,0.0,0.0,0.0,0.5685819983482361,0.47631317377090454
keybert,686,164,7,5,0.0,0.14285714285714285,1.0,0.25,0.7301475405693054,0.7983247637748718
keybert,687,1640,7,5,0.0,0.14285714285714285,0.8,0.24242424242424243,0.6057389974594116,0.6155350208282471
keybert,688,1641,7,5,0.0,0.14285714285714285,0.4,0.21052631578947364,0.48104631900787354,0.4360741674900055
keybert,689,1642,17,5,0.0,0.17647058823529413,0.6,0.2727272727272727,0.6224365234375,0.6963577270507812
keybert,690,1643,14,5,0.0,0.21428571428571427,1.0,0.35294117647058826,0.6621431112289429,0.8561108708381653
keybert,691,1644,17,5,0.0,0.29411764705882354,0.8,0.43010752688172044,0.7126268148422241,0.8177053332328796
keybert,692,1645,16,5,0.0,0.0,0.0,0.0,0.5218671560287476,0.5291600823402405
keybert,693,1646,20,5,0.0,0.2,1.0,0.33333333333333337,0.7093772888183594,0.738376796245575
keybert,694,1647,12,5,0.0,0.08333333333333333,0.6,0.14634146341463414,0.6218186020851135,0.7635723948478699
keybert,695,1648,4,5,0.0,0.5,1.0,0.6666666666666666,0.675814151763916,0.7258167862892151
keybert,696,1649,7,5,0.0,0.14285714285714285,0.8,0.24242424242424243,0.6454103589057922,0.5269711017608643
keybert,697,165,5,5,0.0,0.4,1.0,0.5714285714285715,0.7266471982002258,0.7651552557945251
keybert,698,1650,4,5,0.0,0.25,0.8,0.38095238095238093,0.6325033903121948,0.6629032492637634
keybert,699,1651,12,5,0.0,0.4166666666666667,1.0,0.5882352941176471,0.723534882068634,0.8446011543273926
keybert,700,1652,10,5,0.07142857142857142,0.3,1.0,0.4615384615384615,0.7172813415527344,0.787051796913147
keybert,701,1653,13,5,0.0,0.15384615384615385,1.0,0.2666666666666667,0.6549340486526489,0.8182737827301025
keybert,702,1654,6,5,0.0,0.3333333333333333,0.4,0.3636363636363636,0.6155110597610474,0.7657094597816467
keybert,703,1655,21,5,0.0,0.14285714285714285,0.8,0.24242424242424243,0.6385430097579956,0.7142935991287231
keybert,704,1656,9,5,0.0,0.1111111111111111,0.8,0.19512195121951217,0.6241201162338257,0.7523439526557922
keybert,705,1657,12,5,0.0,0.16666666666666666,1.0,0.2857142857142857,0.6694691181182861,0.7654180526733398
keybert,706,1658,7,5,0.0,0.2857142857142857,1.0,0.4444444444444445,0.6752457022666931,0.7531833648681641
keybert,707,1659,13,5,0.0,0.15384615384615385,1.0,0.2666666666666667,0.680467426776886,0.7080510854721069
keybert,708,166,10,5,0.07142857142857142,0.1,0.8,0.1777777777777778,0.685890257358551,0.7578656077384949
keybert,709,1660,11,5,0.14285714285714285,0.2727272727272727,1.0,0.42857142857142855,0.7522057294845581,0.864158570766449
keybert,710,1661,5,5,0.0,0.6,0.4,0.48,0.6222806572914124,0.47627606987953186
keybert,711,1663,6,5,0.0,0.0,0.0,0.0,0.4857251048088074,0.6231492161750793
keybert,712,1664,6,5,0.0,0.0,0.0,0.0,0.46432721614837646,0.5062809586524963
keybert,713,1665,22,5,0.0,0.22727272727272727,0.4,0.2898550724637681,0.6048789024353027,0.7288183569908142
keybert,714,1666,18,5,0.09523809523809523,0.1111111111111111,1.0,0.19999999999999998,0.7044689059257507,0.8685758113861084
keybert,715,1667,15,5,0.0,0.26666666666666666,0.6,0.36923076923076925,0.6278345584869385,0.805594265460968
keybert,716,1668,14,5,0.0,0.14285714285714285,0.6,0.23076923076923073,0.5609641075134277,0.6349360346794128
keybert,717,1669,13,5,0.0,0.23076923076923078,1.0,0.375,0.648233950138092,0.789493203163147
keybert,718,167,19,5,0.0,0.10526315789473684,1.0,0.1904761904761905,0.6427620053291321,0.7011420726776123
keybert,719,1670,14,5,0.0,0.21428571428571427,1.0,0.35294117647058826,0.7058558464050293,0.8789616227149963
keybert,720,1671,14,5,0.05555555555555555,0.07142857142857142,1.0,0.13333333333333333,0.6526183485984802,0.8295848965644836
keybert,721,1672,17,5,0.0,0.058823529411764705,1.0,0.1111111111111111,0.5479261875152588,0.5998647809028625
keybert,722,1673,16,5,0.0,0.3125,1.0,0.47619047619047616,0.6770563125610352,0.7237082719802856
keybert,723,1674,10,5,0.0,0.2,1.0,0.33333333333333337,0.6393600702285767,0.6710225343704224
keybert,724,1675,15,5,0.05263157894736842,0.06666666666666667,0.8,0.12307692307692308,0.6067670583724976,0.6636623740196228
keybert,725,1676,11,5,0.06666666666666667,0.36363636363636365,0.8,0.5000000000000001,0.6439814567565918,0.7838249206542969
keybert,726,1677,12,5,0.0,0.08333333333333333,0.4,0.13793103448275862,0.5864944458007812,0.7970982193946838
keybert,727,1678,13,5,0.125,0.23076923076923078,0.8,0.3582089552238806,0.7234516143798828,0.782411515712738
keybert,728,1679,15,5,0.0,0.2,1.0,0.33333333333333337,0.6707907915115356,0.8189382553100586
keybert,729,168,16,5,0.0,0.125,0.6,0.20689655172413793,0.576785683631897,0.7942894101142883
keybert,730,1680,12,5,0.0,0.16666666666666666,0.4,0.23529411764705882,0.5392571091651917,0.7134913206100464
keybert,731,1681,16,5,0.0,0.25,1.0,0.4,0.6514570116996765,0.7663107514381409
keybert,732,1682,3,5,0.0,0.3333333333333333,0.8,0.47058823529411764,0.6250869631767273,0.7348043918609619
keybert,733,1683,5,5,0.0,0.2,1.0,0.33333333333333337,0.6798120141029358,0.6583647131919861
keybert,734,1684,5,5,0.0,0.0,0.0,0.0,0.5273206233978271,0.5420211553573608
keybert,735,1685,9,5,0.0,0.3333333333333333,0.6,0.42857142857142855,0.6748928427696228,0.8122974038124084
keybert,736,1686,6,5,0.0,0.5,0.8,0.6153846153846154,0.7009029388427734,0.6979643702507019
keybert,737,1687,7,5,0.09090909090909091,0.14285714285714285,1.0,0.25,0.6382230520248413,0.5314687490463257
keybert,738,1688,10,5,0.0,0.0,0.0,0.0,0.41354507207870483,0.5753763914108276
keybert,739,169,13,5,0.0,0.3076923076923077,0.6,0.4067796610169492,0.6326815485954285,0.836732804775238
keybert,740,1692,5,5,0.0,0.4,1.0,0.5714285714285715,0.7105157375335693,0.7178114652633667
keybert,741,1693,6,5,0.0,0.16666666666666666,0.6,0.2608695652173913,0.4786878824234009,0.4282901883125305
keybert,742,1694,19,5,0.0,0.05263157894736842,0.8,0.09876543209876543,0.5679725408554077,0.5768640041351318
keybert,743,1695,10,5,0.0,0.3,1.0,0.4615384615384615,0.7296946048736572,0.8223627805709839
keybert,744,1696,9,5,0.0,0.3333333333333333,0.8,0.47058823529411764,0.7163553237915039,0.8315282464027405
keybert,745,1697,17,5,0.0,0.17647058823529413,1.0,0.3,0.676144003868103,0.6654303073883057
keybert,746,1698,19,5,0.0,0.21052631578947367,0.8,0.3333333333333333,0.6015073657035828,0.7155225276947021
keybert,747,1699,17,5,0.0,0.11764705882352941,1.0,0.21052631578947367,0.6404303312301636,0.6800574064254761
keybert,748,17,14,5,0.0,0.35714285714285715,1.0,0.5263157894736842,0.6990028619766235,0.7805376648902893
keybert,749,170,21,5,0.04,0.19047619047619047,1.0,0.32,0.6933866739273071,0.7865760326385498
keybert,750,1700,15,5,0.0,0.2,0.8,0.32000000000000006,0.6028968691825867,0.7058941125869751
keybert,751,1701,22,5,0.0,0.09090909090909091,1.0,0.16666666666666669,0.6527042984962463,0.7715654969215393
keybert,752,1702,19,5,0.0,0.05263157894736842,0.4,0.09302325581395349,0.5964867472648621,0.6577377319335938
keybert,753,1703,20,5,0.0,0.15,0.4,0.21818181818181814,0.5612825155258179,0.6864397525787354
keybert,754,1704,24,5,0.0,0.125,0.4,0.19047619047619047,0.5422549247741699,0.553139328956604
keybert,755,1705,23,5,0.0,0.043478260869565216,0.2,0.07142857142857142,0.48655369877815247,0.4533960223197937
keybert,756,1706,13,5,0.0,0.3076923076923077,1.0,0.47058823529411764,0.6538998484611511,0.6558085680007935
keybert,757,1707,14,5,0.05555555555555555,0.14285714285714285,0.6,0.23076923076923073,0.6485375165939331,0.6685508489608765
keybert,758,1708,14,5,0.0,0.21428571428571427,0.4,0.27906976744186046,0.5726607441902161,0.7033562064170837
keybert,759,1709,10,5,0.0,0.2,1.0,0.33333333333333337,0.6539197564125061,0.7736943960189819
keybert,760,171,10,5,0.0,0.2,1.0,0.33333333333333337,0.6336936354637146,0.6712825298309326
keybert,761,1710,25,5,0.0,0.12,1.0,0.21428571428571425,0.6029765605926514,0.8093129992485046
keybert,762,1711,10,5,0.0,0.2,1.0,0.33333333333333337,0.6505764722824097,0.7628816366195679
keybert,763,1712,21,5,0.04,0.14285714285714285,1.0,0.25,0.6471602916717529,0.6459029912948608
keybert,764,1713,16,5,0.0,0.125,1.0,0.2222222222222222,0.6996800899505615,0.834854006767273
keybert,765,1714,17,5,0.0,0.058823529411764705,1.0,0.1111111111111111,0.6142673492431641,0.7123945355415344
keybert,766,1715,12,5,0.0,0.08333333333333333,0.2,0.11764705882352941,0.5422074794769287,0.872556746006012
keybert,767,1716,12,5,0.0,0.3333333333333333,1.0,0.5,0.610618531703949,0.6724703311920166
keybert,768,1717,6,5,0.0,0.16666666666666666,0.4,0.23529411764705882,0.5706396102905273,0.6805959939956665
keybert,769,1719,6,5,0.0,0.3333333333333333,0.2,0.25,0.6061549782752991,0.6899563074111938
keybert,770,172,8,5,0.08333333333333333,0.125,1.0,0.2222222222222222,0.6134390830993652,0.5659897327423096
keybert,771,1721,7,5,0.0,0.2857142857142857,0.4,0.3333333333333333,0.6052659749984741,0.8066118955612183
keybert,772,1723,6,5,0.0,0.5,0.8,0.6153846153846154,0.6504814624786377,0.7936703562736511
keybert,773,1724,10,5,0.0,0.1,0.6,0.17142857142857143,0.4434787333011627,0.4569303095340729
keybert,774,1725,6,5,0.0,0.16666666666666666,0.2,0.1818181818181818,0.575914740562439,0.6929910182952881
keybert,775,1726,9,5,0.07692307692307693,0.2222222222222222,0.6,0.32432432432432434,0.6163755655288696,0.7546435594558716
keybert,776,1727,10,5,0.0,0.6,1.0,0.7499999999999999,0.783108115196228,0.847526490688324
keybert,777,1728,6,5,0.0,0.5,1.0,0.6666666666666666,0.7973165512084961,0.8260514140129089
keybert,778,1729,6,5,0.0,0.16666666666666666,0.2,0.1818181818181818,0.6125374436378479,0.7008014917373657
keybert,779,173,13,5,0.0,0.07692307692307693,0.4,0.12903225806451613,0.5486593246459961,0.6059595942497253
keybert,780,1730,7,5,0.0,0.14285714285714285,0.8,0.24242424242424243,0.6344155669212341,0.6197142601013184
keybert,781,1731,5,5,0.0,0.2,0.4,0.26666666666666666,0.6054824590682983,0.456805020570755
keybert,782,1732,11,5,0.0,0.09090909090909091,0.2,0.12500000000000003,0.5472467541694641,0.591677188873291
keybert,783,1733,13,5,0.0,0.15384615384615385,0.4,0.2222222222222222,0.5979747772216797,0.8294298648834229
keybert,784,1734,4,5,0.0,0.5,0.8,0.6153846153846154,0.6949380040168762,0.6845328211784363
keybert,785,1735,6,5,0.1,0.3333333333333333,1.0,0.5,0.7428454756736755,0.894130527973175
keybert,786,1736,12,5,0.0,0.25,1.0,0.4,0.6183347702026367,0.7863927483558655
keybert,787,1737,6,5,0.0,0.3333333333333333,0.8,0.47058823529411764,0.6938033103942871,0.7777208685874939
keybert,788,1738,13,5,0.0,0.07692307692307693,0.2,0.1111111111111111,0.5100897550582886,0.6035239696502686
keybert,789,1739,11,5,0.06666666666666667,0.45454545454545453,1.0,0.625,0.6882133483886719,0.8402083516120911
keybert,790,174,15,5,0.05263157894736842,0.13333333333333333,1.0,0.23529411764705882,0.7004292011260986,0.809790313243866
keybert,791,1740,11,5,0.0,0.09090909090909091,1.0,0.16666666666666669,0.6470144987106323,0.7542012929916382
keybert,792,1741,7,5,0.0,0.14285714285714285,1.0,0.25,0.6666187644004822,0.6881146430969238
keybert,793,1742,10,5,0.0,0.2,1.0,0.33333333333333337,0.6827598810195923,0.773277759552002
keybert,794,1743,20,5,0.0,0.2,1.0,0.33333333333333337,0.6965356469154358,0.810562252998352
keybert,795,1744,8,5,0.0,0.25,0.8,0.38095238095238093,0.6942117810249329,0.8232439160346985
keybert,796,1745,16,5,0.0,0.25,0.8,0.38095238095238093,0.7289540767669678,0.7130151391029358
keybert,797,1746,29,5,0.0,0.2413793103448276,0.8,0.3708609271523179,0.6229292750358582,0.8491475582122803
keybert,798,1747,37,5,0.0,0.21621621621621623,1.0,0.35555555555555557,0.6546335220336914,0.7891340851783752
keybert,799,1748,32,5,0.0,0.09375,0.8,0.16783216783216784,0.5916581153869629,0.7754571437835693
keybert,800,1749,14,5,0.0,0.07142857142857142,1.0,0.13333333333333333,0.5912784934043884,0.711297869682312
keybert,801,175,10,5,0.0,0.3,0.4,0.34285714285714286,0.5745930671691895,0.6476871967315674
keybert,802,1750,7,5,0.0,0.14285714285714285,0.8,0.24242424242424243,0.6175854206085205,0.63862544298172
keybert,803,1751,10,5,0.0,0.3,1.0,0.4615384615384615,0.677948534488678,0.7555959820747375
keybert,804,1752,8,5,0.0,0.75,0.8,0.7741935483870969,0.8212538361549377,0.9226035475730896
keybert,805,1753,15,5,0.0,0.26666666666666666,1.0,0.4210526315789474,0.697216272354126,0.8431781530380249
keybert,806,1754,5,5,0.0,0.4,1.0,0.5714285714285715,0.7368983030319214,0.8275117874145508
keybert,807,1755,10,5,0.0,0.3,0.8,0.4363636363636363,0.634841799736023,0.726151704788208
keybert,808,1756,6,5,0.0,0.3333333333333333,1.0,0.5,0.7100235223770142,0.5456259250640869
keybert,809,1757,7,5,0.0,0.2857142857142857,0.6,0.3870967741935483,0.6383864879608154,0.7371626496315002
keybert,810,1758,5,5,0.0,0.2,0.8,0.32000000000000006,0.6538335084915161,0.7743756771087646
keybert,811,1759,13,5,0.0,0.15384615384615385,1.0,0.2666666666666667,0.6467216610908508,0.6674187183380127
keybert,812,176,23,5,0.0,0.08695652173913043,0.6,0.15189873417721517,0.5599043965339661,0.7549413442611694
keybert,813,1760,8,5,0.08333333333333333,0.25,1.0,0.4,0.7431154847145081,0.8617256879806519
keybert,814,1761,8,5,0.0,0.25,1.0,0.4,0.7461254000663757,0.8718286156654358
keybert,815,1762,10,5,0.07142857142857142,0.3,1.0,0.4615384615384615,0.7038687467575073,0.8471735119819641
keybert,816,1763,8,5,0.08333333333333333,0.125,1.0,0.2222222222222222,0.6291104555130005,0.6417791247367859
keybert,817,1764,14,5,0.0,0.14285714285714285,1.0,0.25,0.6636662483215332,0.8049949407577515
keybert,818,1765,6,5,0.1,0.16666666666666666,0.6,0.2608695652173913,0.575832188129425,0.5990710258483887
keybert,819,1766,8,5,0.08333333333333333,0.125,1.0,0.2222222222222222,0.7258706092834473,0.8223121166229248
keybert,820,1767,8,5,0.18181818181818182,0.375,1.0,0.5454545454545454,0.8234065771102905,0.9358847141265869
keybert,821,1768,9,5,0.0,0.2222222222222222,1.0,0.3636363636363636,0.7430052757263184,0.8313196897506714
keybert,822,1769,9,5,0.0,0.4444444444444444,0.8,0.5714285714285714,0.7063665390014648,0.7236039638519287
keybert,823,177,18,5,0.0,0.1111111111111111,0.6,0.18750000000000003,0.5920433402061462,0.6830849051475525
keybert,824,1770,8,5,0.0,0.375,1.0,0.5454545454545454,0.7300869226455688,0.8437182307243347
keybert,825,1771,3,5,0.0,0.6666666666666666,1.0,0.8,0.7905094623565674,0.8526186347007751
keybert,826,1772,7,5,0.0,0.2857142857142857,1.0,0.4444444444444445,0.6864199638366699,0.694884181022644
keybert,827,1773,8,5,0.0,0.125,0.4,0.19047619047619047,0.5061973333358765,0.43858423829078674
keybert,828,1774,16,5,0.0,0.125,1.0,0.2222222222222222,0.6223811507225037,0.6269258260726929
keybert,829,1775,11,5,0.0,0.18181818181818182,0.8,0.2962962962962963,0.6050506830215454,0.7726973295211792
keybert,830,1776,8,5,0.0,0.125,0.8,0.21621621621621623,0.6591347455978394,0.6821944117546082
keybert,831,1777,7,5,0.09090909090909091,0.14285714285714285,0.8,0.24242424242424243,0.5990192890167236,0.6377061009407043
keybert,832,1778,16,5,0.0,0.1875,0.8,0.3037974683544304,0.6532741785049438,0.8485704064369202
keybert,833,1779,12,5,0.0,0.08333333333333333,0.2,0.11764705882352941,0.47732579708099365,0.6289517283439636
keybert,834,178,13,5,0.0,0.3076923076923077,0.6,0.4067796610169492,0.6268920302391052,0.7313870787620544
keybert,835,1780,16,5,0.0,0.3125,1.0,0.47619047619047616,0.6621823310852051,0.7633542418479919
keybert,836,1781,20,5,0.0,0.2,1.0,0.33333333333333337,0.6629021167755127,0.7881491184234619
keybert,837,1782,12,5,0.0,0.16666666666666666,0.6,0.2608695652173913,0.6644158363342285,0.6922501921653748
keybert,838,1783,14,5,0.0,0.21428571428571427,0.8,0.3380281690140845,0.6135432124137878,0.8452240824699402
keybert,839,1784,9,5,0.0,0.3333333333333333,1.0,0.5,0.7637232542037964,0.7809075117111206
keybert,840,1785,14,5,0.0,0.21428571428571427,0.8,0.3380281690140845,0.6002141833305359,0.7510271668434143
keybert,841,1786,13,5,0.058823529411764705,0.3076923076923077,1.0,0.47058823529411764,0.7249507308006287,0.7644814848899841
keybert,842,1787,10,5,0.0,0.2,0.8,0.32000000000000006,0.6138449907302856,0.7511671781539917
keybert,843,1788,13,5,0.0,0.07692307692307693,1.0,0.14285714285714288,0.688963770866394,0.698312520980835
keybert,844,1789,6,5,0.1,0.16666666666666666,1.0,0.2857142857142857,0.6828210949897766,0.6015717387199402
keybert,845,179,9,5,0.0,0.2222222222222222,1.0,0.3636363636363636,0.6566685438156128,0.7970150709152222
keybert,846,1790,9,5,0.0,0.6666666666666666,1.0,0.8,0.7946180105209351,0.8953763842582703
keybert,847,1791,14,5,0.0,0.07142857142857142,0.2,0.10526315789473682,0.5836708545684814,0.6042285561561584
keybert,848,1792,14,5,0.0,0.2857142857142857,1.0,0.4444444444444445,0.7149080038070679,0.7887074947357178
keybert,849,1793,13,5,0.058823529411764705,0.23076923076923078,1.0,0.375,0.7005021572113037,0.7596840262413025
keybert,850,1794,21,5,0.0,0.09523809523809523,0.8,0.1702127659574468,0.6023842096328735,0.7774168252944946
keybert,851,1795,17,5,0.0,0.11764705882352941,0.8,0.20512820512820512,0.5985091924667358,0.7092084288597107
keybert,852,1796,15,5,0.0,0.3333333333333333,0.8,0.47058823529411764,0.6657096743583679,0.8144479990005493
keybert,853,1797,23,5,0.037037037037037035,0.08695652173913043,1.0,0.16,0.6374974250793457,0.7836483120918274
keybert,854,1798,17,5,0.0,0.17647058823529413,1.0,0.3,0.6531301140785217,0.7133129239082336
keybert,855,1799,15,5,0.0,0.2,0.8,0.32000000000000006,0.6156541109085083,0.6108223795890808
keybert,856,18,7,5,0.0,0.14285714285714285,0.8,0.24242424242424243,0.5981165766716003,0.5908717513084412
keybert,857,180,6,5,0.0,0.0,0.0,0.0,0.35298436880111694,0.22980114817619324
keybert,858,1800,12,5,0.0,0.3333333333333333,0.2,0.25,0.6140013933181763,0.7972267270088196
keybert,859,1801,12,5,0.0,0.08333333333333333,0.4,0.13793103448275862,0.5963724851608276,0.7757964134216309
keybert,860,1802,16,5,0.05,0.125,1.0,0.2222222222222222,0.6844587326049805,0.7642759680747986
keybert,861,1803,13,5,0.058823529411764705,0.15384615384615385,0.6,0.2448979591836735,0.6056095361709595,0.7722382545471191
keybert,862,1804,10,5,0.0,0.2,0.6,0.3,0.558631181716919,0.6211262941360474
keybert,863,1805,20,5,0.0,0.15,0.6,0.24,0.575167179107666,0.684820830821991
keybert,864,1806,11,5,0.0,0.18181818181818182,0.6,0.27906976744186046,0.5423566699028015,0.7576308846473694
keybert,865,1807,13,5,0.125,0.23076923076923078,1.0,0.375,0.7234745025634766,0.8297312259674072
keybert,866,1808,13,5,0.0,0.15384615384615385,1.0,0.2666666666666667,0.708135724067688,0.8799119591712952
keybert,867,1809,21,5,0.0,0.14285714285714285,0.6,0.23076923076923073,0.5725566148757935,0.6180751323699951
keybert,868,181,39,5,0.0,0.0,0.0,0.0,0.4974103569984436,0.7441478371620178
keybert,869,1810,19,5,0.0,0.2631578947368421,0.6,0.36585365853658536,0.6355090141296387,0.7913286089897156
keybert,870,1811,19,5,0.043478260869565216,0.21052631578947367,1.0,0.34782608695652173,0.705990731716156,0.8238630294799805
keybert,871,1812,19,5,0.0,0.05263157894736842,1.0,0.1,0.5912456512451172,0.6802722215652466
keybert,872,1813,20,5,0.0,0.1,0.8,0.1777777777777778,0.5910555720329285,0.710710346698761
keybert,873,1814,16,5,0.0,0.0625,0.8,0.11594202898550725,0.6319151520729065,0.7626510858535767
keybert,874,1815,14,5,0.0,0.07142857142857142,1.0,0.13333333333333333,0.6522166728973389,0.7589917778968811
keybert,875,1816,19,5,0.0,0.0,0.0,0.0,0.49339455366134644,0.58534836769104
keybert,876,1817,22,5,0.038461538461538464,0.13636363636363635,0.8,0.23300970873786406,0.6503433585166931,0.7273469567298889
keybert,877,1818,21,5,0.0,0.14285714285714285,0.8,0.24242424242424243,0.6118454933166504,0.6742074489593506
keybert,878,1819,15,5,0.05263157894736842,0.13333333333333333,0.8,0.2285714285714286,0.5870805978775024,0.5185139179229736
keybert,879,182,8,5,0.08333333333333333,0.125,0.8,0.21621621621621623,0.5508220195770264,0.47368404269218445
keybert,880,1820,19,5,0.0,0.3684210526315789,1.0,0.5384615384615384,0.715254545211792,0.8991334438323975
keybert,881,1821,16,5,0.0,0.1875,0.8,0.3037974683544304,0.6170573234558105,0.7195272445678711
keybert,882,1822,25,5,0.0,0.04,0.6,0.075,0.5982558727264404,0.6019757986068726
keybert,883,1823,18,5,0.0,0.2222222222222222,1.0,0.3636363636363636,0.7105141878128052,0.7877724766731262
keybert,884,1824,27,5,0.0,0.037037037037037035,0.2,0.0625,0.5364115238189697,0.6284064650535583
keybert,885,1825,21,5,0.0,0.09523809523809523,1.0,0.17391304347826084,0.6259774565696716,0.6098703145980835
keybert,886,1826,29,5,0.0,0.13793103448275862,0.6,0.22429906542056077,0.5798979997634888,0.808275580406189
keybert,887,1827,11,5,0.0,0.09090909090909091,0.8,0.163265306122449,0.571270227432251,0.6381790041923523
keybert,888,1828,17,5,0.0,0.058823529411764705,0.8,0.1095890410958904,0.6448057889938354,0.7600802779197693
keybert,889,1829,10,5,0.0,0.4,1.0,0.5714285714285715,0.7369879484176636,0.901106059551239
keybert,890,183,12,5,0.0,0.16666666666666666,0.8,0.27586206896551724,0.6304237842559814,0.7618930339813232
keybert,891,1830,8,5,0.0,0.25,1.0,0.4,0.6784889101982117,0.865326464176178
keybert,892,1831,7,5,0.0,0.5714285714285714,1.0,0.7272727272727273,0.6360225677490234,0.7163216471672058
keybert,893,1832,9,5,0.07692307692307693,0.3333333333333333,1.0,0.5,0.7508573532104492,0.8048250079154968
keybert,894,1833,28,5,0.0,0.21428571428571427,1.0,0.35294117647058826,0.6346965432167053,0.7399469614028931
keybert,895,1834,17,5,0.0,0.29411764705882354,0.6,0.3947368421052632,0.6224880814552307,0.7689906358718872
keybert,896,1835,19,5,0.0,0.15789473684210525,1.0,0.2727272727272727,0.6324477195739746,0.7548630237579346
keybert,897,1836,15,5,0.0,0.13333333333333333,0.8,0.2285714285714286,0.6446205377578735,0.8306389451026917
keybert,898,1837,17,5,0.0,0.11764705882352941,0.8,0.20512820512820512,0.5801692008972168,0.7309595942497253
keybert,899,1838,24,5,0.0,0.08333333333333333,1.0,0.15384615384615385,0.6006287932395935,0.6385936141014099
keybert,900,1839,15,5,0.0,0.13333333333333333,1.0,0.23529411764705882,0.687904417514801,0.8245917558670044
keybert,901,184,8,5,0.0,0.375,0.8,0.5106382978723405,0.5889286994934082,0.7291185259819031
keybert,902,1840,15,5,0.05263157894736842,0.06666666666666667,1.0,0.125,0.7131744027137756,0.5830346941947937
keybert,903,1841,5,5,0.0,0.4,1.0,0.5714285714285715,0.7056092023849487,0.7462034225463867
keybert,904,1842,15,5,0.0,0.13333333333333333,1.0,0.23529411764705882,0.5977389812469482,0.7146375179290771
keybert,905,1843,17,5,0.1,0.17647058823529413,1.0,0.3,0.7109723687171936,0.802954912185669
keybert,906,1844,13,5,0.0,0.15384615384615385,0.6,0.2448979591836735,0.654779851436615,0.6759349703788757
keybert,907,1845,16,5,0.0,0.1875,1.0,0.3157894736842105,0.6656202673912048,0.7321330904960632
keybert,908,1846,14,5,0.05555555555555555,0.14285714285714285,0.8,0.24242424242424243,0.6715894937515259,0.6731257438659668
keybert,909,1847,14,5,0.05555555555555555,0.21428571428571427,1.0,0.35294117647058826,0.7460559606552124,0.880176842212677
keybert,910,1848,13,5,0.058823529411764705,0.3076923076923077,1.0,0.47058823529411764,0.6972482800483704,0.7737764120101929
keybert,911,1849,21,5,0.04,0.047619047619047616,1.0,0.0909090909090909,0.6649583578109741,0.7525134086608887
keybert,912,185,13,5,0.0,0.15384615384615385,0.4,0.2222222222222222,0.6273810863494873,0.7750965356826782
keybert,913,1850,15,5,0.0,0.13333333333333333,0.8,0.2285714285714286,0.6086691617965698,0.74696284532547
keybert,914,1851,23,5,0.0,0.08695652173913043,1.0,0.16,0.6476200819015503,0.8251699209213257
keybert,915,1852,11,5,0.0,0.09090909090909091,1.0,0.16666666666666669,0.6450298428535461,0.727406919002533
keybert,916,1853,5,5,0.0,0.2,0.6,0.3,0.6644716262817383,0.6390731334686279
keybert,917,1854,4,5,0.0,0.25,0.2,0.22222222222222224,0.6133420467376709,0.7222970724105835
keybert,918,1855,7,5,0.0,0.42857142857142855,0.6,0.5,0.644775390625,0.7004586458206177
keybert,919,1856,11,5,0.0,0.09090909090909091,0.2,0.12500000000000003,0.416262686252594,0.54890376329422
keybert,920,1858,4,5,0.0,0.25,0.2,0.22222222222222224,0.6083745956420898,0.5144268870353699
keybert,921,1859,11,5,0.06666666666666667,0.18181818181818182,0.6,0.27906976744186046,0.5961488485336304,0.7809961438179016
keybert,922,186,8,5,0.0,0.375,1.0,0.5454545454545454,0.7011159658432007,0.9057682156562805
keybert,923,1860,4,5,0.0,0.75,0.8,0.7741935483870969,0.7491936087608337,0.8904871940612793
keybert,924,1861,8,5,0.0,0.25,1.0,0.4,0.7078948020935059,0.8687382936477661
keybert,925,1862,18,5,0.0,0.05555555555555555,0.8,0.10389610389610389,0.5906731486320496,0.7531144618988037
keybert,926,1863,9,5,0.07692307692307693,0.2222222222222222,0.6,0.32432432432432434,0.6250138878822327,0.7533108592033386
keybert,927,1864,17,5,0.0,0.11764705882352941,0.6,0.19672131147540983,0.5530686974525452,0.7382478713989258
keybert,928,1865,14,5,0.0,0.07142857142857142,0.8,0.13114754098360656,0.5799561738967896,0.6620872020721436
keybert,929,1866,17,5,0.0,0.17647058823529413,1.0,0.3,0.6291276216506958,0.7918949723243713
keybert,930,1867,16,5,0.0,0.125,1.0,0.2222222222222222,0.6788978576660156,0.7432504296302795
keybert,931,1868,17,5,0.0,0.058823529411764705,0.4,0.10256410256410256,0.5570197701454163,0.7369646430015564
keybert,932,1869,8,5,0.0,0.25,0.6,0.35294117647058826,0.5840422511100769,0.7656456828117371
keybert,933,187,24,5,0.0,0.20833333333333334,1.0,0.3448275862068966,0.6836218237876892,0.7803326845169067
keybert,934,1870,24,5,0.0,0.20833333333333334,1.0,0.3448275862068966,0.6525715589523315,0.7574853301048279
keybert,935,1871,10,5,0.0,0.0,0.0,0.0,0.5255858898162842,0.6790187358856201
keybert,936,1872,12,5,0.0625,0.25,1.0,0.4,0.6851363182067871,0.7567893266677856
keybert,937,1873,18,5,0.0,0.05555555555555555,0.6,0.10169491525423728,0.5310150384902954,0.508843719959259
keybert,938,1874,20,5,0.041666666666666664,0.2,0.8,0.32000000000000006,0.6332933902740479,0.8327898979187012
keybert,939,1875,10,5,0.0,0.1,0.2,0.13333333333333333,0.5253968238830566,0.5087974667549133
keybert,940,1876,12,5,0.0,0.0,0.0,0.0,0.4038189947605133,0.4689415395259857
keybert,941,1877,7,5,0.09090909090909091,0.42857142857142855,1.0,0.6,0.7713072299957275,0.880714476108551
keybert,942,1878,7,5,0.0,0.42857142857142855,0.8,0.5581395348837209,0.7017956972122192,0.8281204700469971
keybert,943,1879,5,5,0.0,0.4,1.0,0.5714285714285715,0.6661012172698975,0.7311059236526489
keybert,944,188,14,5,0.0,0.35714285714285715,1.0,0.5263157894736842,0.7314116954803467,0.7600036263465881
keybert,945,1880,16,5,0.0,0.25,1.0,0.4,0.7035390734672546,0.7325991988182068
keybert,946,1881,13,5,0.0,0.15384615384615385,0.6,0.2448979591836735,0.5996548533439636,0.6907734274864197
keybert,947,1882,17,5,0.0,0.11764705882352941,0.2,0.14814814814814817,0.595177948474884,0.5505837202072144
keybert,948,1883,11,5,0.0,0.09090909090909091,1.0,0.16666666666666669,0.579248309135437,0.7799752950668335
keybert,949,1884,21,5,0.0,0.14285714285714285,1.0,0.25,0.6340343952178955,0.7354885339736938
keybert,950,1885,13,5,0.0,0.07692307692307693,1.0,0.14285714285714288,0.6084422469139099,0.5327198505401611
keybert,951,1886,11,5,0.0,0.09090909090909091,1.0,0.16666666666666669,0.6633819341659546,0.7534586787223816
keybert,952,1887,16,5,0.0,0.125,0.8,0.21621621621621623,0.6310372352600098,0.7802488207817078
keybert,953,1888,7,5,0.0,0.2857142857142857,1.0,0.4444444444444445,0.692199170589447,0.7795745730400085
keybert,954,1889,15,5,0.05263157894736842,0.06666666666666667,1.0,0.125,0.7097518444061279,0.7650322318077087
keybert,955,189,22,5,0.038461538461538464,0.09090909090909091,0.8,0.163265306122449,0.6584205627441406,0.7480260133743286
keybert,956,1890,17,5,0.0,0.17647058823529413,1.0,0.3,0.6536357402801514,0.8094355463981628
keybert,957,1891,18,5,0.045454545454545456,0.2222222222222222,1.0,0.3636363636363636,0.707414984703064,0.8026601076126099
keybert,958,1892,18,5,0.0,0.05555555555555555,0.4,0.09756097560975609,0.5891753435134888,0.7418726086616516
keybert,959,1893,21,5,0.04,0.14285714285714285,1.0,0.25,0.6234025955200195,0.7850857973098755
keybert,960,1894,11,5,0.06666666666666667,0.09090909090909091,1.0,0.16666666666666669,0.6647822856903076,0.6947203278541565
keybert,961,1895,22,5,0.0,0.13636363636363635,0.8,0.23300970873786406,0.5766983032226562,0.6074436902999878
keybert,962,1896,14,5,0.0,0.2857142857142857,0.6,0.3870967741935483,0.6239355802536011,0.7904653549194336
keybert,963,1897,18,5,0.0,0.2222222222222222,1.0,0.3636363636363636,0.7008668184280396,0.8452181816101074
keybert,964,1898,21,5,0.0,0.09523809523809523,1.0,0.17391304347826084,0.6041140556335449,0.6311857104301453
keybert,965,1899,13,5,0.0,0.3076923076923077,1.0,0.47058823529411764,0.6892625093460083,0.7179043889045715
keybert,966,19,9,5,0.07692307692307693,0.1111111111111111,0.8,0.19512195121951217,0.7159817218780518,0.7990180253982544
keybert,967,190,12,5,0.0,0.08333333333333333,0.8,0.1509433962264151,0.6468188762664795,0.7318750023841858
keybert,968,1900,14,5,0.0,0.21428571428571427,1.0,0.35294117647058826,0.6354966759681702,0.747628390789032
keybert,969,1901,8,5,0.0,0.25,0.4,0.3076923076923077,0.6150256991386414,0.6806508302688599
keybert,970,1902,12,5,0.0,0.16666666666666666,1.0,0.2857142857142857,0.6859313249588013,0.794379711151123
keybert,971,1903,9,5,0.0,0.1111111111111111,0.2,0.14285714285714285,0.5895211100578308,0.6738408803939819
keybert,972,1904,8,5,0.0,0.0,0.0,0.0,0.4519588351249695,0.496388703584671
keybert,973,1905,15,5,0.0,0.06666666666666667,0.6,0.12000000000000001,0.5949717164039612,0.7931599020957947
keybert,974,1906,32,5,0.0,0.125,0.6,0.20689655172413793,0.5874291062355042,0.5319562554359436
keybert,975,1907,9,5,0.0,0.1111111111111111,1.0,0.19999999999999998,0.5424262881278992,0.5824629068374634
keybert,976,1908,13,5,0.0,0.07692307692307693,0.8,0.14035087719298248,0.665466845035553,0.7228327393531799
keybert,977,1909,15,5,0.0,0.13333333333333333,0.6,0.2181818181818182,0.582486093044281,0.749984085559845
keybert,978,191,28,5,0.0,0.07142857142857142,0.6,0.1276595744680851,0.6144554615020752,0.8025052547454834
keybert,979,1910,28,5,0.0,0.07142857142857142,0.8,0.13114754098360656,0.5727361440658569,0.6706627607345581
keybert,980,1911,31,5,0.0,0.12903225806451613,1.0,0.2285714285714286,0.6267516613006592,0.7393061518669128
keybert,981,1912,30,5,0.0,0.1,1.0,0.18181818181818182,0.6471601128578186,0.879397451877594
keybert,982,1913,24,5,0.0,0.125,0.4,0.19047619047619047,0.5331714749336243,0.5546269416809082
keybert,983,1914,25,5,0.034482758620689655,0.2,1.0,0.33333333333333337,0.6682429909706116,0.6841154098510742
keybert,984,1915,24,5,0.0,0.08333333333333333,0.6,0.14634146341463414,0.6280832290649414,0.6264276504516602
keybert,985,1916,13,5,0.0,0.07692307692307693,1.0,0.14285714285714288,0.5954228639602661,0.7599114775657654
keybert,986,1917,33,5,0.0,0.06060606060606061,0.8,0.11267605633802819,0.5743536353111267,0.6522160172462463
keybert,987,1918,8,5,0.0,0.125,0.4,0.19047619047619047,0.6403338313102722,0.8076900243759155
keybert,988,1919,8,5,0.0,0.125,0.8,0.21621621621621623,0.689227819442749,0.7407245635986328
keybert,989,192,14,5,0.0,0.07142857142857142,0.8,0.13114754098360656,0.6014887690544128,0.8761845231056213
keybert,990,1920,10,5,0.0,0.1,0.8,0.1777777777777778,0.6121830344200134,0.7246527075767517
keybert,991,1921,12,5,0.0,0.08333333333333333,0.8,0.1509433962264151,0.6159697771072388,0.762333333492279
keybert,992,1922,16,5,0.0,0.375,1.0,0.5454545454545454,0.7341421842575073,0.8275209069252014
keybert,993,1923,18,5,0.0,0.05555555555555555,0.2,0.08695652173913045,0.5092467665672302,0.527466356754303
keybert,994,1924,6,5,0.1,0.3333333333333333,0.8,0.47058823529411764,0.7367516756057739,0.8304562568664551
keybert,995,1925,7,5,0.0,0.42857142857142855,1.0,0.6,0.6718586683273315,0.7121785283088684
keybert,996,1926,6,5,0.0,0.16666666666666666,0.2,0.1818181818181818,0.5775123834609985,0.6458130478858948
keybert,997,1927,8,5,0.0,0.5,1.0,0.6666666666666666,0.7321022748947144,0.8735004663467407
keybert,998,1928,5,5,0.1111111111111111,0.2,1.0,0.33333333333333337,0.7789980173110962,0.844132125377655
keybert,999,1929,4,5,0.0,0.25,0.6,0.35294117647058826,0.6266248226165771,0.7557983994483948
keybert,1000,193,8,5,0.0,0.25,0.6,0.35294117647058826,0.5951799154281616,0.7412514686584473
keybert,1001,1930,9,5,0.0,0.3333333333333333,0.8,0.47058823529411764,0.6699284315109253,0.7567996382713318
keybert,1002,1931,9,5,0.07692307692307693,0.1111111111111111,1.0,0.19999999999999998,0.7003298401832581,0.8532577157020569
keybert,1003,1932,9,5,0.0,0.2222222222222222,0.6,0.32432432432432434,0.6503771543502808,0.735877275466919
keybert,1004,1933,8,5,0.08333333333333333,0.375,1.0,0.5454545454545454,0.7337599992752075,0.8377068638801575
keybert,1005,1934,9,5,0.0,0.2222222222222222,0.8,0.3478260869565218,0.7384014129638672,0.8497688174247742
keybert,1006,1935,7,5,0.0,0.7142857142857143,1.0,0.8333333333333333,0.7084513902664185,0.8987863063812256
keybert,1007,1936,9,5,0.0,0.2222222222222222,1.0,0.3636363636363636,0.7448837161064148,0.8567556142807007
keybert,1008,1937,8,5,0.08333333333333333,0.25,1.0,0.4,0.6872103810310364,0.8024488091468811
keybert,1009,1938,5,5,0.0,0.2,0.6,0.3,0.7141870260238647,0.7424070239067078
keybert,1010,1939,8,5,0.0,0.125,0.2,0.15384615384615385,0.606336772441864,0.5356693863868713
keybert,1011,194,8,5,0.0,0.0,0.0,0.0,0.4709850549697876,0.5654183626174927
keybert,1012,1940,7,5,0.0,0.2857142857142857,0.4,0.3333333333333333,0.6136223673820496,0.7964933514595032
keybert,1013,1941,6,5,0.0,0.16666666666666666,1.0,0.2857142857142857,0.6450550556182861,0.5265745520591736
keybert,1014,1942,27,5,0.0,0.14814814814814814,0.8,0.25,0.6424448490142822,0.736203134059906
keybert,1015,1943,15,5,0.0,0.06666666666666667,0.8,0.12307692307692308,0.6440867781639099,0.7523654103279114
keybert,1016,1944,23,5,0.0,0.08695652173913043,1.0,0.16,0.684550940990448,0.7305436730384827
keybert,1017,1945,17,5,0.0,0.11764705882352941,1.0,0.21052631578947367,0.6688975691795349,0.7084707021713257
keybert,1018,1946,22,5,0.0,0.13636363636363635,1.0,0.24000000000000002,0.5928230881690979,0.6566359996795654
keybert,1019,1947,11,5,0.0,0.36363636363636365,1.0,0.5333333333333333,0.7286404371261597,0.8369825482368469
keybert,1020,1948,9,5,0.07692307692307693,0.1111111111111111,1.0,0.19999999999999998,0.6271712779998779,0.622517466545105
keybert,1021,1949,38,5,0.023809523809523808,0.05263157894736842,1.0,0.1,0.5980209112167358,0.6593246459960938
keybert,1022,195,11,5,0.0,0.2727272727272727,1.0,0.42857142857142855,0.6802302598953247,0.8070709705352783
keybert,1023,1950,12,5,0.0,0.3333333333333333,1.0,0.5,0.5999919772148132,0.6189143061637878
keybert,1024,1951,16,5,0.0,0.1875,1.0,0.3157894736842105,0.6805738210678101,0.8676354885101318
keybert,1025,1952,12,5,0.0,0.16666666666666666,1.0,0.2857142857142857,0.6824641227722168,0.6406983137130737
keybert,1026,1953,15,5,0.0,0.06666666666666667,1.0,0.125,0.6211322546005249,0.7254078984260559
keybert,1027,1954,17,5,0.047619047619047616,0.17647058823529413,1.0,0.3,0.6850560307502747,0.7158921957015991
keybert,1028,1955,9,5,0.0,0.1111111111111111,1.0,0.19999999999999998,0.6389381885528564,0.6882753968238831
keybert,1029,1956,12,5,0.0,0.3333333333333333,1.0,0.5,0.6811017990112305,0.8113933205604553
keybert,1030,1957,18,5,0.0,0.16666666666666666,1.0,0.2857142857142857,0.6053666472434998,0.8036928176879883
keybert,1031,1958,13,5,0.0,0.0,0.0,0.0,0.5659939050674438,0.7468763589859009
keybert,1032,1959,8,5,0.18181818181818182,0.625,1.0,0.7692307692307693,0.8467031717300415,0.9275549650192261
keybert,1033,196,11,5,0.0,0.18181818181818182,1.0,0.3076923076923077,0.7439613938331604,0.876371443271637
keybert,1034,1960,17,5,0.0,0.058823529411764705,0.8,0.1095890410958904,0.513799786567688,0.5065339803695679
keybert,1035,1961,12,5,0.0,0.16666666666666666,0.6,0.2608695652173913,0.5566122531890869,0.6630463004112244
keybert,1036,1962,11,5,0.0,0.09090909090909091,1.0,0.16666666666666669,0.6498212814331055,0.7042630314826965
keybert,1037,1963,15,5,0.0,0.06666666666666667,0.8,0.12307692307692308,0.6036720871925354,0.6992257833480835
keybert,1038,1964,21,5,0.0,0.14285714285714285,0.4,0.21052631578947364,0.526337206363678,0.6399811506271362
keybert,1039,1965,12,5,0.0,0.16666666666666666,0.6,0.2608695652173913,0.6060521006584167,0.7706018090248108
keybert,1040,1966,22,5,0.0,0.13636363636363635,1.0,0.24000000000000002,0.6650530695915222,0.7687462568283081
keybert,1041,1967,18,5,0.045454545454545456,0.05555555555555555,0.8,0.10389610389610389,0.6240835189819336,0.840888500213623
keybert,1042,1968,13,5,0.0,0.3076923076923077,1.0,0.47058823529411764,0.6927000284194946,0.7886582612991333
keybert,1043,1969,16,5,0.05,0.1875,1.0,0.3157894736842105,0.688968300819397,0.7662800550460815
keybert,1044,197,8,5,0.0,0.125,1.0,0.2222222222222222,0.6670387983322144,0.7509288787841797
keybert,1045,1970,11,5,0.0,0.09090909090909091,0.8,0.163265306122449,0.6734806299209595,0.731101393699646
keybert,1046,1971,11,5,0.0,0.18181818181818182,1.0,0.3076923076923077,0.6696179509162903,0.8737454414367676
keybert,1047,1972,19,5,0.0,0.10526315789473684,1.0,0.1904761904761905,0.6413846015930176,0.7944504618644714
keybert,1048,1973,10,5,0.07142857142857142,0.3,1.0,0.4615384615384615,0.70858234167099,0.7968271970748901
keybert,1049,1974,20,5,0.0,0.1,1.0,0.18181818181818182,0.581175684928894,0.6074337959289551
keybert,1050,1975,17,5,0.0,0.058823529411764705,1.0,0.1111111111111111,0.6598449945449829,0.7512814998626709
keybert,1051,1976,18,5,0.045454545454545456,0.2777777777777778,0.8,0.41237113402061853,0.6937779188156128,0.8318924307823181
keybert,1052,1977,18,5,0.0,0.05555555555555555,1.0,0.10526315789473684,0.6624216437339783,0.7798613905906677
keybert,1053,1978,14,5,0.0,0.2857142857142857,1.0,0.4444444444444445,0.712306797504425,0.8658196926116943
keybert,1054,1979,28,5,0.0,0.03571428571428571,1.0,0.0689655172413793,0.6019350290298462,0.5837661623954773
keybert,1055,198,9,5,0.0,0.1111111111111111,0.8,0.19512195121951217,0.5730574131011963,0.6869491338729858
keybert,1056,1980,27,5,0.0,0.0,0.0,0.0,0.4307071566581726,0.6530044674873352
keybert,1057,1981,12,5,0.0,0.25,0.8,0.38095238095238093,0.7170723676681519,0.6881330609321594
keybert,1058,1982,13,5,0.0,0.07692307692307693,0.6,0.13636363636363635,0.5720669031143188,0.5561693906784058
keybert,1059,1983,8,5,0.0,0.75,1.0,0.8571428571428571,0.8052052855491638,0.8050681352615356
keybert,1060,1984,20,5,0.0,0.2,1.0,0.33333333333333337,0.6556068062782288,0.7072461843490601
keybert,1061,1985,9,5,0.0,0.4444444444444444,1.0,0.6153846153846153,0.7505583763122559,0.8462393283843994
keybert,1062,1986,15,5,0.0,0.13333333333333333,0.6,0.2181818181818182,0.6276179552078247,0.5875056982040405
keybert,1063,1987,5,5,0.0,0.4,0.6,0.48,0.6819053888320923,0.7109078764915466
keybert,1064,1988,3,5,0.0,0.3333333333333333,0.6,0.42857142857142855,0.6406908631324768,0.6523736119270325
keybert,1065,1989,5,5,0.0,0.4,0.6,0.48,0.6480249166488647,0.6755151152610779
keybert,1066,199,12,5,0.0,0.25,0.4,0.3076923076923077,0.577567994594574,0.6349332332611084
keybert,1067,1990,16,5,0.0,0.1875,0.8,0.3037974683544304,0.6332744359970093,0.7175236344337463
keybert,1068,1991,24,5,0.0,0.08333333333333333,0.8,0.1509433962264151,0.6152569651603699,0.6966903805732727
keybert,1069,1992,29,5,0.0,0.034482758620689655,1.0,0.06666666666666667,0.5828293561935425,0.699788510799408
keybert,1070,1993,12,5,0.0,0.3333333333333333,1.0,0.5,0.7379477024078369,0.8468514084815979
keybert,1071,1994,18,5,0.045454545454545456,0.16666666666666666,1.0,0.2857142857142857,0.6859603524208069,0.8463047742843628
keybert,1072,1995,17,5,0.0,0.11764705882352941,1.0,0.21052631578947367,0.655815064907074,0.7969129085540771
keybert,1073,1996,17,5,0.047619047619047616,0.23529411764705882,1.0,0.38095238095238093,0.7432637214660645,0.8721427321434021
keybert,1074,1997,14,5,0.0,0.07142857142857142,0.2,0.10526315789473682,0.4832814335823059,0.6898520588874817
keybert,1075,1998,13,5,0.0,0.3076923076923077,1.0,0.47058823529411764,0.7238341569900513,0.8900898694992065
keybert,1076,1999,22,5,0.0,0.13636363636363635,1.0,0.24000000000000002,0.6012038588523865,0.7581364512443542
keybert,1077,2,6,5,0.0,0.16666666666666666,1.0,0.2857142857142857,0.7075257301330566,0.61795973777771
keybert,1078,20,13,5,0.0,0.5384615384615384,0.8,0.6436781609195402,0.7530275583267212,0.8663386106491089
keybert,1079,200,8,5,0.0,0.25,1.0,0.4,0.6932708621025085,0.6582469940185547
keybert,1080,2000,18,5,0.045454545454545456,0.16666666666666666,1.0,0.2857142857142857,0.6819024085998535,0.7335249781608582
keybert,1081,2001,11,5,0.0,0.09090909090909091,1.0,0.16666666666666669,0.7179713249206543,0.709778368473053
keybert,1082,2002,19,5,0.0,0.05263157894736842,0.8,0.09876543209876543,0.5754520893096924,0.5875536203384399
keybert,1083,2003,17,5,0.0,0.17647058823529413,1.0,0.3,0.5923323631286621,0.6987729668617249
keybert,1084,2004,17,5,0.047619047619047616,0.23529411764705882,1.0,0.38095238095238093,0.6621105670928955,0.8050262928009033
keybert,1085,2005,19,5,0.043478260869565216,0.21052631578947367,1.0,0.34782608695652173,0.742342472076416,0.8159757852554321
keybert,1086,2006,21,5,0.04,0.09523809523809523,0.8,0.1702127659574468,0.661382794380188,0.7811983823776245
keybert,1087,2007,27,5,0.0,0.037037037037037035,0.6,0.0697674418604651,0.46109509468078613,0.5451973080635071
keybert,1088,2008,24,5,0.0,0.16666666666666666,1.0,0.2857142857142857,0.7009188532829285,0.86993008852005
keybert,1089,2009,20,5,0.0,0.05,1.0,0.09523809523809523,0.6595138311386108,0.7723559141159058
keybert,1090,201,6,5,0.1,0.5,1.0,0.6666666666666666,0.7817240953445435,0.7517766356468201
keybert,1091,2010,20,5,0.0,0.25,0.8,0.38095238095238093,0.6332002878189087,0.7591331005096436
keybert,1092,2011,18,5,0.0,0.2222222222222222,1.0,0.3636363636363636,0.6470349431037903,0.7391720414161682
keybert,1093,2012,24,5,0.0,0.125,1.0,0.2222222222222222,0.6667165756225586,0.8119239807128906
keybert,1094,2013,19,5,0.043478260869565216,0.15789473684210525,1.0,0.2727272727272727,0.6660336256027222,0.7136408090591431
keybert,1095,2014,27,5,0.0,0.1111111111111111,0.8,0.19512195121951217,0.6492531895637512,0.7980186343193054
keybert,1096,2015,21,5,0.0,0.14285714285714285,1.0,0.25,0.6546425223350525,0.7469063997268677
keybert,1097,2016,22,5,0.0,0.13636363636363635,0.8,0.23300970873786406,0.6400243043899536,0.7483322620391846
keybert,1098,2017,21,5,0.0,0.09523809523809523,1.0,0.17391304347826084,0.6633555889129639,0.6326065063476562
keybert,1099,2018,21,5,0.0,0.14285714285714285,0.8,0.24242424242424243,0.6524959802627563,0.7069575786590576
keybert,1100,2019,34,5,0.0,0.14705882352941177,1.0,0.25641025641025644,0.697429358959198,0.7010254263877869
keybert,1101,202,17,5,0.047619047619047616,0.17647058823529413,1.0,0.3,0.6621560454368591,0.7437386512756348
keybert,1102,2020,35,5,0.0,0.2,1.0,0.33333333333333337,0.6398102045059204,0.6379472017288208
keybert,1103,2021,16,5,0.0,0.0625,0.6,0.11320754716981132,0.5129809975624084,0.7176227569580078
keybert,1104,2022,17,5,0.0,0.11764705882352941,0.8,0.20512820512820512,0.6310788989067078,0.6792141795158386
keybert,1105,2023,28,5,0.0,0.14285714285714285,1.0,0.25,0.6723952293395996,0.7936950325965881
keybert,1106,2024,22,5,0.038461538461538464,0.2727272727272727,1.0,0.42857142857142855,0.7297759056091309,0.8181754946708679
keybert,1107,2025,28,5,0.03125,0.14285714285714285,1.0,0.25,0.7306657433509827,0.8479825854301453
keybert,1108,2026,19,5,0.0,0.3684210526315789,0.8,0.5045045045045045,0.6439782381057739,0.7766642570495605
keybert,1109,2027,20,5,0.041666666666666664,0.2,1.0,0.33333333333333337,0.7088335752487183,0.7305598855018616
keybert,1110,2028,20,5,0.0,0.15,1.0,0.2608695652173913,0.636414647102356,0.7143082618713379
keybert,1111,2029,16,5,0.0,0.1875,0.6,0.2857142857142857,0.6258824467658997,0.7967094779014587
keybert,1112,203,14,5,0.05555555555555555,0.21428571428571427,1.0,0.35294117647058826,0.7430356740951538,0.8457546830177307
keybert,1113,2030,18,5,0.0,0.16666666666666666,1.0,0.2857142857142857,0.6431292295455933,0.7654327154159546
keybert,1114,2031,17,5,0.0,0.29411764705882354,0.6,0.3947368421052632,0.6820424795150757,0.869978129863739
keybert,1115,2032,15,5,0.0,0.2,0.8,0.32000000000000006,0.6315276622772217,0.8383501172065735
keybert,1116,2033,16,5,0.0,0.3125,1.0,0.47619047619047616,0.742647647857666,0.8568875789642334
keybert,1117,2035,8,5,0.0,0.5,1.0,0.6666666666666666,0.7302600145339966,0.7826215028762817
keybert,1118,2036,5,5,0.0,0.2,0.6,0.3,0.5942730903625488,0.6160428524017334
keybert,1119,2037,12,5,0.0,0.16666666666666666,1.0,0.2857142857142857,0.6599910855293274,0.768027126789093
keybert,1120,2038,7,5,0.0,0.2857142857142857,1.0,0.4444444444444445,0.5979588031768799,0.6753847002983093
keybert,1121,2039,8,5,0.0,0.25,0.4,0.3076923076923077,0.6568554639816284,0.6711374521255493
keybert,1122,204,21,5,0.04,0.23809523809523808,1.0,0.3846153846153846,0.7493362426757812,0.8872801065444946
keybert,1123,2040,9,5,0.0,0.3333333333333333,1.0,0.5,0.6969426870346069,0.8524757623672485
keybert,1124,2041,11,5,0.0,0.2727272727272727,1.0,0.42857142857142855,0.6118585467338562,0.7467737197875977
keybert,1125,2042,18,5,0.0,0.16666666666666666,1.0,0.2857142857142857,0.7088273763656616,0.8478160500526428
keybert,1126,2043,22,5,0.0,0.09090909090909091,0.6,0.15789473684210525,0.5700860619544983,0.7808630466461182
keybert,1127,2044,17,5,0.0,0.17647058823529413,0.8,0.28915662650602414,0.6388652324676514,0.7909813523292542
keybert,1128,2045,7,5,0.09090909090909091,0.14285714285714285,1.0,0.25,0.6842284202575684,0.5622648596763611
keybert,1129,2046,7,5,0.0,0.7142857142857143,1.0,0.8333333333333333,0.7923084497451782,0.8651617169380188
keybert,1130,2047,6,5,0.1,0.3333333333333333,1.0,0.5,0.7136824131011963,0.8784472346305847
keybert,1131,2048,7,5,0.0,0.14285714285714285,0.2,0.16666666666666666,0.5982687473297119,0.6861621737480164
keybert,1132,2049,8,5,0.0,0.0,0.0,0.0,0.38802677392959595,0.4320927560329437
keybert,1133,205,13,5,0.0,0.3076923076923077,1.0,0.47058823529411764,0.6618939638137817,0.7282045483589172
keybert,1134,2050,7,5,0.0,0.14285714285714285,0.4,0.21052631578947364,0.5823480486869812,0.7078896164894104
keybert,1135,2051,12,5,0.0,0.0,0.0,0.0,0.34198182821273804,0.3365667164325714
keybert,1136,2052,10,5,0.0,0.1,0.4,0.16000000000000003,0.5566014051437378,0.6236850619316101
keybert,1137,2053,8,5,0.0,0.25,1.0,0.4,0.65532386302948,0.7389183044433594
keybert,1138,2054,7,5,0.0,0.14285714285714285,0.8,0.24242424242424243,0.6823003888130188,0.7572838068008423
keybert,1139,2055,7,5,0.0,0.14285714285714285,0.2,0.16666666666666666,0.5723291635513306,0.6385058760643005
keybert,1140,2056,12,5,0.0,0.4166666666666667,1.0,0.5882352941176471,0.6959137320518494,0.8524445295333862
keybert,1141,2057,8,5,0.0,0.0,0.0,0.0,0.49016237258911133,0.6349748373031616
keybert,1142,2058,6,5,0.0,0.16666666666666666,0.2,0.1818181818181818,0.5801734328269958,0.6674187183380127
keybert,1143,2059,12,5,0.0,0.0,0.0,0.0,0.5308055281639099,0.5444505214691162
keybert,1144,206,8,5,0.0,0.25,1.0,0.4,0.7068594098091125,0.5772112011909485
keybert,1145,2060,8,5,0.0,0.5,0.8,0.6153846153846154,0.700698733329773,0.8335402607917786
keybert,1146,2061,8,5,0.0,0.25,0.8,0.38095238095238093,0.6048181056976318,0.5689645409584045
keybert,1147,2062,9,5,0.0,0.1111111111111111,1.0,0.19999999999999998,0.6978238821029663,0.6636331081390381
keybert,1148,2063,5,5,0.0,0.2,0.2,0.20000000000000004,0.6021740436553955,0.7156141996383667
keybert,1149,2064,6,5,0.0,0.16666666666666666,0.6,0.2608695652173913,0.6015042066574097,0.6841723322868347
keybert,1150,2065,8,5,0.08333333333333333,0.25,1.0,0.4,0.7310705780982971,0.8218413591384888
keybert,1151,2066,14,5,0.0,0.14285714285714285,0.8,0.24242424242424243,0.6088047623634338,0.746014416217804
keybert,1152,2067,9,5,0.0,0.3333333333333333,1.0,0.5,0.6672279834747314,0.7185108661651611
keybert,1153,2068,13,5,0.0,0.07692307692307693,0.4,0.12903225806451613,0.5697063207626343,0.8105966448783875
keybert,1154,2069,10,5,0.0,0.2,0.8,0.32000000000000006,0.6991435289382935,0.9008446931838989
keybert,1155,207,10,5,0.0,0.3,1.0,0.4615384615384615,0.7305877208709717,0.8232804536819458
keybert,1156,2070,13,5,0.0,0.07692307692307693,1.0,0.14285714285714288,0.5990715026855469,0.6814491748809814
keybert,1157,208,11,5,0.0,0.0,0.0,0.0,0.5209162831306458,0.6047184467315674
keybert,1158,2081,19,5,0.0,0.10526315789473684,0.6,0.17910447761194026,0.5528155565261841,0.7096205353736877
keybert,1159,2082,14,5,0.0,0.14285714285714285,0.6,0.23076923076923073,0.5950693488121033,0.8531235456466675
keybert,1160,2083,11,5,0.0,0.09090909090909091,1.0,0.16666666666666669,0.6441504955291748,0.6344335675239563
keybert,1161,2084,10,5,0.0,0.2,1.0,0.33333333333333337,0.6305164098739624,0.7384364008903503
keybert,1162,2085,13,5,0.0,0.15384615384615385,0.8,0.25806451612903225,0.6190070509910583,0.7182908058166504
keybert,1163,2086,26,5,0.0,0.19230769230769232,1.0,0.32258064516129037,0.691329836845398,0.8179217576980591
keybert,1164,2087,15,5,0.05263157894736842,0.2,1.0,0.33333333333333337,0.7071236968040466,0.7767543792724609
keybert,1165,2088,20,5,0.041666666666666664,0.15,1.0,0.2608695652173913,0.6881105899810791,0.7653947472572327
keybert,1166,2089,12,5,0.0,0.08333333333333333,0.2,0.11764705882352941,0.524079442024231,0.5774518847465515
keybert,1167,209,9,5,0.0,0.2222222222222222,0.8,0.3478260869565218,0.6608707904815674,0.6877976655960083
keybert,1168,2090,12,5,0.0,0.4166666666666667,1.0,0.5882352941176471,0.7179401516914368,0.7950984239578247
keybert,1169,2091,24,5,0.0,0.16666666666666666,0.8,0.27586206896551724,0.5818017721176147,0.786392331123352
keybert,1170,2092,28,5,0.0,0.03571428571428571,0.4,0.06557377049180328,0.513256311416626,0.5949428081512451
keybert,1171,2093,11,5,0.0,0.18181818181818182,0.4,0.25000000000000006,0.5389690399169922,0.689355731010437
keybert,1172,2094,10,5,0.0,0.3,0.6,0.4,0.640631914138794,0.712110161781311
keybert,1173,2095,16,5,0.0,0.125,0.8,0.21621621621621623,0.6213605403900146,0.7227936387062073
keybert,1174,2096,14,5,0.0,0.21428571428571427,1.0,0.35294117647058826,0.6748939752578735,0.7386224865913391
keybert,1175,2097,9,5,0.0,0.1111111111111111,0.4,0.1739130434782609,0.5472519993782043,0.649592399597168
keybert,1176,2098,8,5,0.0,0.125,0.2,0.15384615384615385,0.4469382166862488,0.5077627301216125
keybert,1177,2099,12,5,0.0,0.08333333333333333,1.0,0.15384615384615385,0.6779097318649292,0.7825829386711121
keybert,1178,21,8,5,0.0,0.125,0.8,0.21621621621621623,0.6452877521514893,0.811576247215271
keybert,1179,210,11,5,0.0,0.2727272727272727,1.0,0.42857142857142855,0.7061984539031982,0.7912182807922363
keybert,1180,2100,6,5,0.0,0.5,1.0,0.6666666666666666,0.713706374168396,0.837825357913971
keybert,1181,2101,9,5,0.0,0.3333333333333333,1.0,0.5,0.7308710813522339,0.7092267870903015
keybert,1182,2102,16,5,0.0,0.0625,1.0,0.11764705882352941,0.6436929106712341,0.7862956523895264
keybert,1183,2103,11,5,0.0,0.09090909090909091,1.0,0.16666666666666669,0.6802276372909546,0.8103406429290771
keybert,1184,2104,16,5,0.0,0.25,1.0,0.4,0.6151725053787231,0.6843359470367432
keybert,1185,2105,15,5,0.0,0.06666666666666667,0.2,0.1,0.5477506518363953,0.6603946685791016
keybert,1186,2106,15,5,0.0,0.13333333333333333,0.6,0.2181818181818182,0.5987309217453003,0.7152851223945618
keybert,1187,2107,18,5,0.0,0.16666666666666666,0.8,0.27586206896551724,0.6432703733444214,0.8414756059646606
keybert,1188,2108,13,5,0.0,0.07692307692307693,0.4,0.12903225806451613,0.5851588249206543,0.6086307764053345
keybert,1189,2109,14,5,0.05555555555555555,0.14285714285714285,1.0,0.25,0.6304686665534973,0.7495118975639343
keybert,1190,211,10,5,0.0,0.1,0.8,0.1777777777777778,0.5882046222686768,0.5818629860877991
keybert,1191,2110,12,5,0.0,0.08333333333333333,0.2,0.11764705882352941,0.5805243253707886,0.7448733448982239
keybert,1192,2111,27,5,0.0,0.1111111111111111,0.8,0.19512195121951217,0.6165071129798889,0.7538727521896362
keybert,1193,2112,14,5,0.0,0.14285714285714285,0.8,0.24242424242424243,0.6902295351028442,0.801432192325592
keybert,1194,2113,8,5,0.0,0.25,1.0,0.4,0.7043756246566772,0.831703782081604
keybert,1195,2114,9,5,0.0,0.2222222222222222,0.6,0.32432432432432434,0.6074211597442627,0.7122678160667419
keybert,1196,2115,10,5,0.07142857142857142,0.5,1.0,0.6666666666666666,0.8088014125823975,0.8437249064445496
keybert,1197,2116,14,5,0.0,0.14285714285714285,1.0,0.25,0.6626653671264648,0.7812083959579468
keybert,1198,2117,11,5,0.0,0.2727272727272727,1.0,0.42857142857142855,0.6627122759819031,0.6632169485092163
keybert,1199,2118,8,5,0.0,0.375,1.0,0.5454545454545454,0.6844251751899719,0.7972912192344666
keybert,1200,2119,12,5,0.0,0.25,1.0,0.4,0.5853877663612366,0.7509204149246216
keybert,1201,212,12,5,0.0625,0.25,1.0,0.4,0.6985892653465271,0.6433484554290771
keybert,1202,2120,8,5,0.0,0.25,1.0,0.4,0.6526406407356262,0.7952271103858948
keybert,1203,2121,12,5,0.0,0.25,1.0,0.4,0.678757905960083,0.7243568897247314
keybert,1204,2122,14,5,0.05555555555555555,0.14285714285714285,0.8,0.24242424242424243,0.631716251373291,0.8045909404754639
keybert,1205,2123,10,5,0.0,0.5,1.0,0.6666666666666666,0.7793703079223633,0.9254137277603149
keybert,1206,2124,10,5,0.0,0.7,1.0,0.8235294117647058,0.8234179615974426,0.9071916341781616
keybert,1207,2125,9,5,0.0,0.3333333333333333,1.0,0.5,0.7044800519943237,0.8361948132514954
keybert,1208,2126,7,5,0.0,0.5714285714285714,1.0,0.7272727272727273,0.7474283576011658,0.9140866994857788
keybert,1209,2127,8,5,0.0,0.25,1.0,0.4,0.7097866535186768,0.7483592629432678
keybert,1210,2128,16,5,0.10526315789473684,0.125,0.6,0.20689655172413793,0.6878546476364136,0.7470040321350098
keybert,1211,2129,8,5,0.0,0.375,1.0,0.5454545454545454,0.7794161438941956,0.8775795698165894
keybert,1212,213,16,5,0.0,0.125,1.0,0.2222222222222222,0.6369383931159973,0.6539738178253174
keybert,1213,2130,13,5,0.0,0.38461538461538464,1.0,0.5555555555555556,0.7292007207870483,0.8402348756790161
keybert,1214,2131,6,5,0.0,0.5,0.8,0.6153846153846154,0.7533901929855347,0.920822024345398
keybert,1215,2132,11,5,0.0,0.36363636363636365,0.8,0.5000000000000001,0.7304297089576721,0.9295080900192261
keybert,1216,2133,7,5,0.0,0.2857142857142857,0.2,0.23529411764705882,0.561869204044342,0.7442294955253601
keybert,1217,2134,16,5,0.0,0.25,1.0,0.4,0.7155283689498901,0.797061026096344
keybert,1218,2135,7,5,0.0,0.14285714285714285,0.8,0.24242424242424243,0.6538081169128418,0.6523693799972534
keybert,1219,2136,9,5,0.0,0.3333333333333333,0.8,0.47058823529411764,0.6671079397201538,0.7078116536140442
keybert,1220,2137,15,5,0.0,0.26666666666666666,0.8,0.4,0.6942650675773621,0.801965594291687
keybert,1221,2138,8,5,0.08333333333333333,0.25,1.0,0.4,0.6889864802360535,0.617162823677063
keybert,1222,2139,9,5,0.07692307692307693,0.1111111111111111,1.0,0.19999999999999998,0.7233840227127075,0.8655189275741577
keybert,1223,214,15,5,0.0,0.2,1.0,0.33333333333333337,0.6419451832771301,0.8430802226066589
keybert,1224,2140,8,5,0.0,0.375,0.6,0.4615384615384615,0.6377049684524536,0.7460902333259583
keybert,1225,2141,12,5,0.0,0.16666666666666666,1.0,0.2857142857142857,0.6508461236953735,0.7481253147125244
keybert,1226,2142,11,5,0.0,0.45454545454545453,1.0,0.625,0.7306807041168213,0.8654828071594238
keybert,1227,2143,3,5,0.0,0.6666666666666666,0.8,0.7272727272727272,0.7927372455596924,0.6455757021903992
keybert,1228,2144,7,5,0.0,0.42857142857142855,0.8,0.5581395348837209,0.7131720781326294,0.637141764163971
keybert,1229,2145,6,5,0.0,0.3333333333333333,0.6,0.42857142857142855,0.6939724683761597,0.7618061900138855
keybert,1230,2146,28,5,0.0,0.07142857142857142,1.0,0.13333333333333333,0.6381765604019165,0.5864306688308716
keybert,1231,2147,8,5,0.0,0.5,1.0,0.6666666666666666,0.6452367305755615,0.7725629210472107
keybert,1232,2148,7,5,0.09090909090909091,0.42857142857142855,1.0,0.6,0.7930690050125122,0.8519399762153625
keybert,1233,2149,6,5,0.1,0.3333333333333333,1.0,0.5,0.7730748057365417,0.7752487063407898
keybert,1234,215,22,5,0.0,0.13636363636363635,0.6,0.22222222222222218,0.6023057103157043,0.6935689449310303
keybert,1235,2150,16,5,0.0,0.0625,1.0,0.11764705882352941,0.5606871247291565,0.47087806463241577
keybert,1236,2151,9,5,0.0,0.2222222222222222,0.4,0.2857142857142857,0.6345609426498413,0.7679710984230042
keybert,1237,2152,12,5,0.0625,0.25,0.8,0.38095238095238093,0.6735644340515137,0.8475856184959412
keybert,1238,2153,11,5,0.0,0.09090909090909091,1.0,0.16666666666666669,0.6013649702072144,0.6579797267913818
keybert,1239,2154,12,5,0.0,0.16666666666666666,1.0,0.2857142857142857,0.6739179491996765,0.7293994426727295
keybert,1240,2156,11,5,0.0,0.18181818181818182,1.0,0.3076923076923077,0.6757481098175049,0.7944252490997314
keybert,1241,2157,13,5,0.0,0.23076923076923078,0.8,0.3582089552238806,0.6610212326049805,0.8348484635353088
keybert,1242,2158,12,5,0.0,0.16666666666666666,1.0,0.2857142857142857,0.6405394077301025,0.750810980796814
keybert,1243,2159,12,5,0.0625,0.25,0.8,0.38095238095238093,0.6927791833877563,0.8998984694480896
keybert,1244,216,36,5,0.0,0.05555555555555555,1.0,0.10526315789473684,0.5439444184303284,0.42678555846214294
keybert,1245,2160,13,5,0.0,0.15384615384615385,0.4,0.2222222222222222,0.4729052186012268,0.4565187990665436
keybert,1246,2161,4,5,0.125,0.75,1.0,0.8571428571428571,0.8343864679336548,0.8115023374557495
keybert,1247,2162,9,5,0.0,0.2222222222222222,1.0,0.3636363636363636,0.6713477969169617,0.7967649698257446
keybert,1248,2163,8,5,0.0,0.25,1.0,0.4,0.6245202422142029,0.675915539264679
keybert,1249,2164,7,5,0.2,0.2857142857142857,1.0,0.4444444444444445,0.7659937143325806,0.8643688559532166
keybert,1250,2165,6,5,0.0,0.0,0.0,0.0,0.3585762083530426,0.38939985632896423
keybert,1251,2166,12,5,0.0,0.08333333333333333,0.4,0.13793103448275862,0.5130813717842102,0.5955861806869507
keybert,1252,2167,12,5,0.0,0.4166666666666667,1.0,0.5882352941176471,0.6976231932640076,0.9047466516494751
keybert,1253,2168,12,5,0.0,0.25,0.8,0.38095238095238093,0.6354476809501648,0.6968603134155273
keybert,1254,2169,7,5,0.0,0.14285714285714285,0.2,0.16666666666666666,0.5924521684646606,0.796707034111023
keybert,1255,217,9,5,0.07692307692307693,0.2222222222222222,0.8,0.3478260869565218,0.7007820010185242,0.9106531739234924
keybert,1256,2170,5,5,0.1111111111111111,0.2,0.6,0.3,0.6754592657089233,0.6195129752159119
keybert,1257,2171,11,5,0.0,0.18181818181818182,1.0,0.3076923076923077,0.6756070852279663,0.7566091418266296
keybert,1258,2172,13,5,0.0,0.3076923076923077,0.6,0.4067796610169492,0.6072813272476196,0.7437858581542969
keybert,1259,2173,11,5,0.0,0.18181818181818182,0.4,0.25000000000000006,0.5551508665084839,0.5285894870758057
keybert,1260,2174,7,5,0.0,0.14285714285714285,1.0,0.25,0.7071146965026855,0.577335774898529
keybert,1261,2175,9,5,0.0,0.1111111111111111,0.4,0.1739130434782609,0.5511016249656677,0.6444834470748901
keybert,1262,2176,6,5,0.1,0.16666666666666666,0.6,0.2608695652173913,0.5733919143676758,0.4517699182033539
keybert,1263,2177,18,5,0.0,0.1111111111111111,0.6,0.18750000000000003,0.6066313982009888,0.6057254672050476
keybert,1264,2178,27,5,0.0,0.25925925925925924,1.0,0.4117647058823529,0.6695593595504761,0.6231091618537903
keybert,1265,2179,13,5,0.0,0.15384615384615385,0.4,0.2222222222222222,0.5823922753334045,0.768713653087616
keybert,1266,218,6,5,0.1,0.3333333333333333,0.8,0.47058823529411764,0.7274738550186157,0.7923332452774048
keybert,1267,2180,12,5,0.0,0.16666666666666666,0.6,0.2608695652173913,0.5964269042015076,0.7547365427017212
keybert,1268,2181,25,5,0.0,0.08,1.0,0.14814814814814814,0.5860134959220886,0.6517748236656189
keybert,1269,2182,8,5,0.08333333333333333,0.5,1.0,0.6666666666666666,0.7605686187744141,0.7408754825592041
keybert,1270,2183,11,5,0.0,0.2727272727272727,1.0,0.42857142857142855,0.6920169591903687,0.6526384353637695
keybert,1271,2184,5,5,0.0,0.6,0.8,0.6857142857142857,0.7118479013442993,0.6152935028076172
keybert,1272,2185,17,5,0.1,0.11764705882352941,0.8,0.20512820512820512,0.67630934715271,0.8393979072570801
keybert,1273,2186,31,5,0.0,0.06451612903225806,0.8,0.11940298507462686,0.5740476846694946,0.7297653555870056
keybert,1274,2187,20,5,0.0,0.35,1.0,0.5185185185185185,0.7106713056564331,0.7761204242706299
keybert,1275,2188,27,5,0.0,0.14814814814814814,1.0,0.25806451612903225,0.6435108184814453,0.7708789706230164
keybert,1276,2189,5,5,0.0,0.4,0.4,0.4000000000000001,0.5600411891937256,0.5996802449226379
keybert,1277,219,7,5,0.0,0.14285714285714285,0.6,0.23076923076923073,0.6042493581771851,0.6785691380500793
keybert,1278,2190,10,5,0.0,0.1,1.0,0.18181818181818182,0.6554412841796875,0.7381846308708191
keybert,1279,2191,11,5,0.0,0.36363636363636365,0.8,0.5000000000000001,0.6578707695007324,0.8923336267471313
keybert,1280,2192,11,5,0.06666666666666667,0.6363636363636364,1.0,0.7777777777777778,0.7737953662872314,0.8558230400085449
keybert,1281,2193,10,5,0.0,0.1,0.4,0.16000000000000003,0.4982156455516815,0.5267037749290466
keybert,1282,2194,11,5,0.06666666666666667,0.2727272727272727,1.0,0.42857142857142855,0.6924763917922974,0.7984350323677063
keybert,1283,2195,8,5,0.0,0.375,0.8,0.5106382978723405,0.6687558889389038,0.6988334655761719
keybert,1284,2196,7,5,0.0,0.2857142857142857,0.8,0.4210526315789473,0.6401424407958984,0.7700781226158142
keybert,1285,2197,9,5,0.0,0.1111111111111111,1.0,0.19999999999999998,0.6859848499298096,0.8144780397415161
keybert,1286,2198,8,5,0.18181818181818182,0.5,1.0,0.6666666666666666,0.7878820896148682,0.8760911822319031
keybert,1287,2199,13,5,0.0,0.15384615384615385,0.8,0.25806451612903225,0.6161500215530396,0.5815680623054504
keybert,1288,22,11,5,0.0,0.0,0.0,0.0,0.5433945655822754,0.522392988204956
keybert,1289,220,5,5,0.0,0.2,1.0,0.33333333333333337,0.6056143045425415,0.5810408592224121
keybert,1290,2200,9,5,0.0,0.3333333333333333,1.0,0.5,0.7047367095947266,0.7524788975715637
keybert,1291,223,6,5,0.0,0.5,0.8,0.6153846153846154,0.721145510673523,0.9041974544525146
keybert,1292,224,6,5,0.1,0.16666666666666666,0.8,0.27586206896551724,0.6452867984771729,0.6828962564468384
keybert,1293,225,8,5,0.0,0.25,1.0,0.4,0.6615667343139648,0.8284083008766174
keybert,1294,226,7,5,0.0,0.2857142857142857,0.2,0.23529411764705882,0.6349774599075317,0.7844247221946716
keybert,1295,227,12,5,0.0,0.25,1.0,0.4,0.6816725730895996,0.8221621513366699
keybert,1296,228,22,5,0.0,0.045454545454545456,1.0,0.08695652173913045,0.5901713371276855,0.6845125555992126
keybert,1297,229,3,5,0.0,0.6666666666666666,0.8,0.7272727272727272,0.7473902702331543,0.737530529499054
keybert,1298,23,24,5,0.0,0.08333333333333333,0.8,0.1509433962264151,0.5692775845527649,0.6324705481529236
keybert,1299,230,7,5,0.0,0.42857142857142855,0.8,0.5581395348837209,0.7110798358917236,0.741398811340332
keybert,1300,231,4,5,0.0,0.25,0.4,0.3076923076923077,0.6084159016609192,0.6282659769058228
keybert,1301,232,22,5,0.0,0.2727272727272727,0.8,0.4067796610169491,0.6408790349960327,0.7451030611991882
keybert,1302,233,13,5,0.0,0.07692307692307693,1.0,0.14285714285714288,0.5958656072616577,0.8221710324287415
keybert,1303,234,13,5,0.0,0.07692307692307693,1.0,0.14285714285714288,0.6541565656661987,0.8589567542076111
keybert,1304,235,14,5,0.0,0.14285714285714285,1.0,0.25,0.6728721857070923,0.8733971118927002
keybert,1305,236,16,5,0.0,0.25,1.0,0.4,0.6632604598999023,0.7692092061042786
keybert,1306,237,4,5,0.0,0.5,1.0,0.6666666666666666,0.7475747466087341,0.7450257539749146
keybert,1307,238,15,5,0.0,0.06666666666666667,0.6,0.12000000000000001,0.5889321565628052,0.644274115562439
keybert,1308,239,9,5,0.0,0.3333333333333333,1.0,0.5,0.7299559116363525,0.824346661567688
keybert,1309,24,12,5,0.0,0.25,1.0,0.4,0.6766664981842041,0.8930622339248657
keybert,1310,240,12,5,0.0,0.16666666666666666,1.0,0.2857142857142857,0.6597172021865845,0.7712145447731018
keybert,1311,241,11,5,0.0,0.2727272727272727,1.0,0.42857142857142855,0.7276331186294556,0.7385791540145874
keybert,1312,242,8,5,0.08333333333333333,0.5,1.0,0.6666666666666666,0.8171151876449585,0.892283022403717
keybert,1313,243,21,5,0.0,0.14285714285714285,0.4,0.21052631578947364,0.5888412594795227,0.6785945892333984
keybert,1314,244,7,5,0.0,0.5714285714285714,0.8,0.6666666666666666,0.7578668594360352,0.8192173838615417
keybert,1315,245,18,5,0.0,0.1111111111111111,1.0,0.19999999999999998,0.6652761101722717,0.8387749195098877
keybert,1316,246,17,5,0.0,0.11764705882352941,1.0,0.21052631578947367,0.5953890681266785,0.732337474822998
keybert,1317,247,16,5,0.0,0.125,1.0,0.2222222222222222,0.6287246942520142,0.744668185710907
keybert,1318,248,20,5,0.041666666666666664,0.25,1.0,0.4,0.6991515159606934,0.8323178887367249
keybert,1319,249,15,5,0.0,0.2,1.0,0.33333333333333337,0.6423001289367676,0.7232937812805176
keybert,1320,25,22,5,0.0,0.18181818181818182,1.0,0.3076923076923077,0.6395059823989868,0.8429246544837952
keybert,1321,250,12,5,0.0,0.25,0.6,0.35294117647058826,0.614643394947052,0.7378664016723633
keybert,1322,251,21,5,0.0,0.0,0.0,0.0,0.3423452377319336,0.5346823930740356
keybert,1323,252,18,5,0.0,0.0,0.0,0.0,0.5078970193862915,0.7317458391189575
keybert,1324,253,27,5,0.0,0.18518518518518517,0.8,0.3007518796992481,0.6704965233802795,0.7362446784973145
keybert,1325,254,10,5,0.07142857142857142,0.2,1.0,0.33333333333333337,0.7457917332649231,0.8781479001045227
keybert,1326,255,5,5,0.0,0.2,1.0,0.33333333333333337,0.6581506133079529,0.5748063325881958
keybert,1327,256,5,5,0.0,0.4,1.0,0.5714285714285715,0.7381922602653503,0.8445500731468201
keybert,1328,257,8,5,0.0,0.125,1.0,0.2222222222222222,0.6185241937637329,0.584570050239563
keybert,1329,258,23,5,0.0,0.08695652173913043,1.0,0.16,0.6650546193122864,0.6901082992553711
keybert,1330,259,20,5,0.08695652173913043,0.25,1.0,0.4,0.7605044841766357,0.7428646087646484
keybert,1331,26,9,5,0.07692307692307693,0.1111111111111111,1.0,0.19999999999999998,0.6886688470840454,0.8298707604408264
keybert,1332,260,12,5,0.0,0.16666666666666666,1.0,0.2857142857142857,0.703737199306488,0.7997379302978516
keybert,1333,261,22,5,0.0,0.09090909090909091,0.6,0.15789473684210525,0.5851502418518066,0.6687766909599304
keybert,1334,262,15,5,0.0,0.13333333333333333,1.0,0.23529411764705882,0.632491409778595,0.7849398851394653
keybert,1335,263,20,5,0.0,0.15,0.4,0.21818181818181814,0.6395847797393799,0.7194302678108215
keybert,1336,264,13,5,0.0,0.15384615384615385,0.6,0.2448979591836735,0.6067214012145996,0.7254053950309753
keybert,1337,265,15,5,0.0,0.2,1.0,0.33333333333333337,0.6596143245697021,0.6368675231933594
keybert,1338,266,26,5,0.0,0.038461538461538464,1.0,0.07407407407407407,0.6319992542266846,0.7117772102355957
keybert,1339,267,15,5,0.0,0.13333333333333333,0.6,0.2181818181818182,0.6197933554649353,0.759242594242096
keybert,1340,268,14,5,0.0,0.14285714285714285,1.0,0.25,0.5552613735198975,0.6919269561767578
keybert,1341,269,21,5,0.0,0.09523809523809523,0.4,0.15384615384615385,0.5691334009170532,0.7446938157081604
keybert,1342,27,10,5,0.0,0.3,1.0,0.4615384615384615,0.6956943273544312,0.7745513916015625
keybert,1343,270,22,5,0.0,0.22727272727272727,0.8,0.35398230088495575,0.6718021035194397,0.7966081500053406
keybert,1344,271,19,5,0.043478260869565216,0.05263157894736842,0.8,0.09876543209876543,0.6562939882278442,0.8060213923454285
keybert,1345,272,18,5,0.0,0.1111111111111111,0.8,0.19512195121951217,0.5334958434104919,0.5799814462661743
keybert,1346,273,23,5,0.0,0.13043478260869565,0.8,0.22429906542056074,0.6390640735626221,0.811593234539032
keybert,1347,274,29,5,0.0,0.06896551724137931,0.8,0.12698412698412698,0.5439956188201904,0.56199049949646
keybert,1348,275,28,5,0.0,0.10714285714285714,1.0,0.19354838709677416,0.5863966345787048,0.7475997805595398
keybert,1349,276,26,5,0.0,0.15384615384615385,1.0,0.2666666666666667,0.6135725975036621,0.6081131100654602
keybert,1350,277,21,5,0.0,0.09523809523809523,0.8,0.1702127659574468,0.6085693836212158,0.6715174317359924
keybert,1351,278,30,5,0.0,0.13333333333333333,1.0,0.23529411764705882,0.659462034702301,0.746372640132904
keybert,1352,279,20,5,0.0,0.05,0.2,0.08000000000000002,0.5525196194648743,0.7123563885688782
keybert,1353,28,16,5,0.0,0.25,1.0,0.4,0.6266148090362549,0.741736114025116
keybert,1354,280,13,5,0.0,0.15384615384615385,1.0,0.2666666666666667,0.6157029867172241,0.6985052227973938
keybert,1355,281,31,5,0.0,0.03225806451612903,0.8,0.06201550387596899,0.610409677028656,0.8012008666992188
keybert,1356,282,12,5,0.0,0.08333333333333333,1.0,0.15384615384615385,0.6896294355392456,0.7402839064598083
keybert,1357,283,22,5,0.0,0.045454545454545456,1.0,0.08695652173913045,0.5773027539253235,0.6875830888748169
keybert,1358,284,23,5,0.037037037037037035,0.21739130434782608,1.0,0.3571428571428571,0.7022377252578735,0.8243094682693481
keybert,1359,285,26,5,0.0,0.19230769230769232,1.0,0.32258064516129037,0.6673089265823364,0.7465677857398987
keybert,1360,286,21,5,0.0,0.047619047619047616,0.8,0.0898876404494382,0.5808109641075134,0.47912660241127014
keybert,1361,287,16,5,0.0,0.125,0.8,0.21621621621621623,0.636056661605835,0.878262996673584
keybert,1362,288,21,5,0.0,0.09523809523809523,1.0,0.17391304347826084,0.6677750945091248,0.7926090359687805
keybert,1363,289,21,5,0.0,0.14285714285714285,0.6,0.23076923076923073,0.5974787473678589,0.7738614082336426
keybert,1364,29,23,5,0.037037037037037035,0.13043478260869565,1.0,0.23076923076923078,0.6568580269813538,0.827592670917511
keybert,1365,290,19,5,0.0,0.10526315789473684,0.8,0.18604651162790697,0.5986015796661377,0.6396711468696594
keybert,1366,291,29,5,0.0,0.034482758620689655,1.0,0.06666666666666667,0.6020296216011047,0.6248794794082642
keybert,1367,292,23,5,0.037037037037037035,0.13043478260869565,1.0,0.23076923076923078,0.6787488460540771,0.7709303498268127
keybert,1368,293,13,5,0.0,0.3076923076923077,1.0,0.47058823529411764,0.6861060857772827,0.7681843042373657
keybert,1369,294,14,5,0.0,0.14285714285714285,0.6,0.23076923076923073,0.6001872420310974,0.8650546073913574
keybert,1370,295,10,5,0.07142857142857142,0.2,1.0,0.33333333333333337,0.7214638590812683,0.7852729558944702
keybert,1371,296,7,5,0.0,0.2857142857142857,0.2,0.23529411764705882,0.5715382099151611,0.8126264810562134
keybert,1372,297,7,5,0.0,0.14285714285714285,1.0,0.25,0.7455965280532837,0.6887832283973694
keybert,1373,298,16,5,0.05,0.3125,1.0,0.47619047619047616,0.732756495475769,0.8075710535049438
keybert,1374,299,8,5,0.0,0.5,1.0,0.6666666666666666,0.707201361656189,0.7774145007133484
keybert,1375,3,5,5,0.0,0.4,0.6,0.48,0.6681478023529053,0.7715109586715698
keybert,1376,30,13,5,0.0,0.15384615384615385,0.8,0.25806451612903225,0.5761470198631287,0.628101646900177
keybert,1377,300,4,5,0.0,0.25,0.6,0.35294117647058826,0.6273477077484131,0.5589215159416199
keybert,1378,301,6,5,0.0,0.3333333333333333,1.0,0.5,0.7365897297859192,0.7866538763046265
keybert,1379,302,10,5,0.0,0.1,1.0,0.18181818181818182,0.6420720815658569,0.6058598160743713
keybert,1380,303,16,5,0.05,0.3125,1.0,0.47619047619047616,0.6599414348602295,0.873302161693573
keybert,1381,304,15,5,0.0,0.2,1.0,0.33333333333333337,0.5969333648681641,0.6230300664901733
keybert,1382,305,9,5,0.0,0.2222222222222222,0.6,0.32432432432432434,0.6595731973648071,0.8271734118461609
keybert,1383,306,18,5,0.0,0.3333333333333333,1.0,0.5,0.6710208058357239,0.831916868686676
keybert,1384,307,12,5,0.0,0.25,1.0,0.4,0.7241800427436829,0.7523669004440308
keybert,1385,308,20,5,0.0,0.05,0.8,0.09411764705882354,0.5767391920089722,0.5558404922485352
keybert,1386,309,23,5,0.0,0.043478260869565216,1.0,0.08333333333333333,0.6074094772338867,0.7698887586593628
keybert,1387,31,21,5,0.0,0.14285714285714285,1.0,0.25,0.6884738206863403,0.6515454053878784
keybert,1388,310,18,5,0.0,0.16666666666666666,1.0,0.2857142857142857,0.6817324161529541,0.7646057605743408
keybert,1389,311,10,5,0.0,0.1,1.0,0.18181818181818182,0.667657732963562,0.7321486473083496
keybert,1390,312,10,5,0.0,0.2,0.8,0.32000000000000006,0.6212896108627319,0.7650976777076721
keybert,1391,313,12,5,0.0625,0.25,1.0,0.4,0.7616678476333618,0.7436900734901428
keybert,1392,314,10,5,0.0,0.2,1.0,0.33333333333333337,0.6457023620605469,0.6651709675788879
keybert,1393,315,9,5,0.0,0.2222222222222222,0.4,0.2857142857142857,0.5989840626716614,0.6022446751594543
keybert,1394,316,5,5,0.0,0.2,0.8,0.32000000000000006,0.7017717361450195,0.7709535956382751
keybert,1395,317,13,5,0.0,0.38461538461538464,0.8,0.5194805194805195,0.6782760620117188,0.7825348973274231
keybert,1396,318,9,5,0.0,0.1111111111111111,0.8,0.19512195121951217,0.5906577110290527,0.6122562885284424
keybert,1397,319,18,5,0.0,0.1111111111111111,0.4,0.1739130434782609,0.6170905828475952,0.8008442521095276
keybert,1398,32,12,5,0.0,0.25,1.0,0.4,0.6843187808990479,0.834219753742218
keybert,1399,320,24,5,0.0,0.25,1.0,0.4,0.6329940557479858,0.8290466666221619
keybert,1400,321,18,5,0.0,0.0,0.0,0.0,0.4342375099658966,0.5688981413841248
keybert,1401,322,12,5,0.0625,0.25,1.0,0.4,0.7172058820724487,0.8359495997428894
keybert,1402,323,10,5,0.0,0.2,1.0,0.33333333333333337,0.6618434190750122,0.8313032984733582
keybert,1403,324,22,5,0.0,0.13636363636363635,0.6,0.22222222222222218,0.560187578201294,0.6910367608070374
keybert,1404,325,14,5,0.0,0.21428571428571427,1.0,0.35294117647058826,0.6145930290222168,0.6926383972167969
keybert,1405,326,13,5,0.0,0.23076923076923078,0.6,0.33333333333333337,0.6018967032432556,0.737297534942627
keybert,1406,327,11,5,0.0,0.18181818181818182,1.0,0.3076923076923077,0.6702568531036377,0.8200154900550842
keybert,1407,328,14,5,0.0,0.07142857142857142,0.4,0.12121212121212122,0.5606359243392944,0.6746754050254822
keybert,1408,329,17,5,0.047619047619047616,0.058823529411764705,1.0,0.1111111111111111,0.5983745455741882,0.7096585631370544
keybert,1409,33,18,5,0.0,0.16666666666666666,1.0,0.2857142857142857,0.674943208694458,0.807315468788147
keybert,1410,330,9,5,0.0,0.3333333333333333,1.0,0.5,0.7293802499771118,0.6918169856071472
keybert,1411,331,17,5,0.047619047619047616,0.29411764705882354,1.0,0.45454545454545453,0.7287355661392212,0.7573872804641724
keybert,1412,332,15,5,0.0,0.06666666666666667,1.0,0.125,0.6888505816459656,0.7781904339790344
keybert,1413,333,19,5,0.0,0.10526315789473684,0.8,0.18604651162790697,0.6829813718795776,0.7977760434150696
keybert,1414,334,9,5,0.0,0.3333333333333333,0.8,0.47058823529411764,0.6678662300109863,0.8020775318145752
keybert,1415,335,8,5,0.08333333333333333,0.125,0.8,0.21621621621621623,0.6448049545288086,0.6676083207130432
keybert,1416,338,8,5,0.0,0.0,0.0,0.0,0.40296071767807007,0.5045449733734131
keybert,1417,339,20,5,0.041666666666666664,0.15,0.8,0.2526315789473684,0.6241898536682129,0.5077730417251587
keybert,1418,34,13,5,0.0,0.07692307692307693,1.0,0.14285714285714288,0.6498531103134155,0.8177250027656555
keybert,1419,340,12,5,0.0,0.25,1.0,0.4,0.6100257039070129,0.647165834903717
keybert,1420,341,7,5,0.0,0.2857142857142857,1.0,0.4444444444444445,0.6020457744598389,0.7330747842788696
keybert,1421,342,11,5,0.0,0.09090909090909091,0.4,0.14814814814814814,0.528882622718811,0.6813511848449707
keybert,1422,343,11,5,0.0,0.09090909090909091,1.0,0.16666666666666669,0.698493480682373,0.8576274514198303
keybert,1423,344,9,5,0.07692307692307693,0.1111111111111111,1.0,0.19999999999999998,0.7167834639549255,0.7386744022369385
keybert,1424,345,6,5,0.0,0.3333333333333333,1.0,0.5,0.723227322101593,0.6833314895629883
keybert,1425,346,16,5,0.0,0.125,1.0,0.2222222222222222,0.5989843606948853,0.8216327428817749
keybert,1426,347,14,5,0.0,0.21428571428571427,0.8,0.3380281690140845,0.6623004674911499,0.7927380800247192
keybert,1427,348,8,5,0.0,0.375,1.0,0.5454545454545454,0.7111513018608093,0.8176798820495605
keybert,1428,349,8,5,0.0,0.125,0.4,0.19047619047619047,0.5447402000427246,0.6774037480354309
keybert,1429,35,12,5,0.0,0.16666666666666666,1.0,0.2857142857142857,0.6566815376281738,0.7378301620483398
keybert,1430,350,5,5,0.0,0.4,1.0,0.5714285714285715,0.6630660891532898,0.8497132658958435
keybert,1431,351,6,5,0.0,0.3333333333333333,1.0,0.5,0.7572493553161621,0.7653853297233582
keybert,1432,352,20,5,0.0,0.2,0.8,0.32000000000000006,0.6101740598678589,0.7993062734603882
keybert,1433,353,7,5,0.0,0.2857142857142857,1.0,0.4444444444444445,0.7272133827209473,0.7884736061096191
keybert,1434,354,11,5,0.0,0.2727272727272727,0.8,0.4067796610169491,0.6453478336334229,0.7824028134346008
keybert,1435,355,4,5,0.0,0.5,1.0,0.6666666666666666,0.7939857244491577,0.8364409804344177
keybert,1436,356,12,5,0.0625,0.4166666666666667,1.0,0.5882352941176471,0.7535964250564575,0.8198398947715759
keybert,1437,357,12,5,0.0,0.3333333333333333,0.4,0.3636363636363636,0.5886188745498657,0.818128228187561
keybert,1438,358,5,5,0.0,0.6,0.4,0.48,0.6948452591896057,0.9270362854003906
keybert,1439,359,9,5,0.07692307692307693,0.2222222222222222,1.0,0.3636363636363636,0.6990561485290527,0.797187089920044
keybert,1440,36,13,5,0.0,0.15384615384615385,1.0,0.2666666666666667,0.6406035423278809,0.7902292013168335
keybert,1441,360,10,5,0.0,0.2,1.0,0.33333333333333337,0.6173136234283447,0.6828157901763916
keybert,1442,361,10,5,0.0,0.1,1.0,0.18181818181818182,0.6462653875350952,0.6053485870361328
keybert,1443,362,12,5,0.0,0.25,0.8,0.38095238095238093,0.6030959486961365,0.6807490587234497
keybert,1444,363,11,5,0.0,0.18181818181818182,0.4,0.25000000000000006,0.6293467879295349,0.724880576133728
keybert,1445,364,11,5,0.0,0.18181818181818182,0.4,0.25000000000000006,0.6041959524154663,0.7097535729408264
keybert,1446,365,21,5,0.0,0.09523809523809523,1.0,0.17391304347826084,0.5986102819442749,0.6968387365341187
keybert,1447,366,15,5,0.0,0.3333333333333333,1.0,0.5,0.7007660865783691,0.8971226811408997
keybert,1448,367,12,5,0.0,0.16666666666666666,1.0,0.2857142857142857,0.6741855144500732,0.7837968468666077
keybert,1449,368,26,5,0.0,0.15384615384615385,1.0,0.2666666666666667,0.651164174079895,0.7878221869468689
keybert,1450,369,10,5,0.0,0.2,1.0,0.33333333333333337,0.6885414123535156,0.7097398638725281
keybert,1451,37,21,5,0.0,0.047619047619047616,0.4,0.0851063829787234,0.522689938545227,0.6114691495895386
keybert,1452,370,12,5,0.0,0.25,0.8,0.38095238095238093,0.6888134479522705,0.8114833235740662
keybert,1453,371,8,5,0.0,0.625,1.0,0.7692307692307693,0.7729465961456299,0.776119589805603
keybert,1454,373,9,5,0.0,0.3333333333333333,1.0,0.5,0.7539119720458984,0.808613121509552
keybert,1455,374,20,5,0.041666666666666664,0.1,1.0,0.18181818181818182,0.6553038358688354,0.7967646718025208
keybert,1456,375,20,5,0.0,0.2,0.8,0.32000000000000006,0.6198277473449707,0.6894849538803101
keybert,1457,376,16,5,0.0,0.125,0.8,0.21621621621621623,0.6379870772361755,0.732284426689148
keybert,1458,377,13,5,0.0,0.15384615384615385,1.0,0.2666666666666667,0.5960119962692261,0.7689939737319946
keybert,1459,378,14,5,0.05555555555555555,0.2857142857142857,1.0,0.4444444444444445,0.7606972455978394,0.8652392029762268
keybert,1460,379,23,5,0.0,0.30434782608695654,1.0,0.4666666666666667,0.6397067904472351,0.8348533511161804
keybert,1461,38,11,5,0.0,0.18181818181818182,0.2,0.1904761904761905,0.5393138527870178,0.6317486763000488
keybert,1462,380,23,5,0.0,0.13043478260869565,1.0,0.23076923076923078,0.6173118948936462,0.6645031571388245
keybert,1463,381,19,5,0.0,0.10526315789473684,1.0,0.1904761904761905,0.5797080993652344,0.804816484451294
keybert,1464,382,22,5,0.038461538461538464,0.22727272727272727,0.8,0.35398230088495575,0.6852600574493408,0.7934885621070862
keybert,1465,383,13,5,0.0,0.07692307692307693,0.2,0.1111111111111111,0.5431946516036987,0.7390058636665344
keybert,1466,384,15,5,0.0,0.06666666666666667,1.0,0.125,0.6632526516914368,0.6696494221687317
keybert,1467,385,22,5,0.038461538461538464,0.09090909090909091,1.0,0.16666666666666669,0.6660007238388062,0.6774294376373291
keybert,1468,386,17,5,0.0,0.058823529411764705,0.8,0.1095890410958904,0.5769314765930176,0.726699709892273
keybert,1469,387,14,5,0.0,0.07142857142857142,1.0,0.13333333333333333,0.5709028840065002,0.71567302942276
keybert,1470,388,20,5,0.0,0.25,1.0,0.4,0.6737891435623169,0.8143730163574219
keybert,1471,389,19,5,0.09090909090909091,0.21052631578947367,1.0,0.34782608695652173,0.7236483097076416,0.6042690873146057
keybert,1472,39,26,5,0.0,0.07692307692307693,1.0,0.14285714285714288,0.6691796779632568,0.7152441740036011
keybert,1473,390,21,5,0.0,0.047619047619047616,1.0,0.0909090909090909,0.6288192272186279,0.692305862903595
keybert,1474,391,18,5,0.0,0.05555555555555555,0.6,0.10169491525423728,0.5407090187072754,0.7243843674659729
keybert,1475,392,21,5,0.04,0.047619047619047616,1.0,0.0909090909090909,0.6379228830337524,0.6013842225074768
keybert,1476,393,16,5,0.0,0.1875,1.0,0.3157894736842105,0.6053315997123718,0.47461187839508057
keybert,1477,394,18,5,0.0,0.05555555555555555,0.6,0.10169491525423728,0.5983690619468689,0.7568929195404053
keybert,1478,395,22,5,0.0,0.13636363636363635,1.0,0.24000000000000002,0.6362677812576294,0.7545046210289001
keybert,1479,396,21,5,0.04,0.14285714285714285,0.8,0.24242424242424243,0.6794250011444092,0.74518221616745
keybert,1480,397,17,5,0.0,0.11764705882352941,1.0,0.21052631578947367,0.6681670546531677,0.7277423739433289
keybert,1481,398,25,5,0.034482758620689655,0.16,1.0,0.2758620689655173,0.6590416431427002,0.5965480208396912
keybert,1482,399,16,5,0.0,0.25,1.0,0.4,0.6335395574569702,0.8036745190620422
keybert,1483,4,3,5,0.0,0.6666666666666666,0.2,0.30769230769230765,0.6398295164108276,0.6663715243339539
keybert,1484,40,12,5,0.0,0.25,1.0,0.4,0.6860941052436829,0.7611372470855713
keybert,1485,400,25,5,0.0,0.08,0.8,0.14545454545454545,0.5614802837371826,0.698542058467865
keybert,1486,401,17,5,0.0,0.23529411764705882,1.0,0.38095238095238093,0.7134156227111816,0.7838835716247559
keybert,1487,402,16,5,0.0,0.1875,1.0,0.3157894736842105,0.6975845694541931,0.797293484210968
keybert,1488,403,17,5,0.0,0.23529411764705882,1.0,0.38095238095238093,0.6578249335289001,0.7964729070663452
keybert,1489,404,27,5,0.0,0.14814814814814814,1.0,0.25806451612903225,0.6374667882919312,0.7039598822593689
keybert,1490,405,8,5,0.0,0.25,1.0,0.4,0.6835237145423889,0.6940510272979736
keybert,1491,406,8,5,0.0,0.25,1.0,0.4,0.6578959226608276,0.7594855427742004
keybert,1492,407,10,5,0.0,0.1,0.4,0.16000000000000003,0.5703972578048706,0.7538548111915588
keybert,1493,408,7,5,0.09090909090909091,0.14285714285714285,0.8,0.24242424242424243,0.5788396000862122,0.4862735867500305
keybert,1494,41,19,5,0.0,0.10526315789473684,1.0,0.1904761904761905,0.6056281328201294,0.7968587279319763
keybert,1495,410,15,5,0.0,0.2,0.6,0.3,0.6120330095291138,0.6071973443031311
keybert,1496,411,11,5,0.0,0.2727272727272727,1.0,0.42857142857142855,0.703795313835144,0.8208123445510864
keybert,1497,412,16,5,0.0,0.125,1.0,0.2222222222222222,0.6092884540557861,0.8401557207107544
keybert,1498,413,11,5,0.0,0.09090909090909091,0.6,0.15789473684210525,0.6146654486656189,0.7665568590164185
keybert,1499,414,11,5,0.0,0.18181818181818182,0.8,0.2962962962962963,0.599456787109375,0.7046007513999939
keybert,1500,538,32,5,0.027777777777777776,0.09375,1.0,0.17142857142857143,0.6548638343811035,0.5787492990493774
keybert,1501,539,18,5,0.0,0.05555555555555555,0.8,0.10389610389610389,0.6188672780990601,0.7090960144996643
keybert,1502,54,12,5,0.0625,0.16666666666666666,1.0,0.2857142857142857,0.6936074495315552,0.7547537684440613
keybert,1503,540,23,5,0.0,0.13043478260869565,1.0,0.23076923076923078,0.6293938755989075,0.7432381510734558
keybert,1504,541,15,5,0.0,0.13333333333333333,0.8,0.2285714285714286,0.6365165114402771,0.8229051232337952
keybert,1505,542,15,5,0.0,0.13333333333333333,1.0,0.23529411764705882,0.6114698052406311,0.7384688258171082
keybert,1506,543,16,5,0.0,0.1875,1.0,0.3157894736842105,0.7207309007644653,0.8575248718261719
keybert,1507,544,11,5,0.0,0.2727272727272727,0.8,0.4067796610169491,0.6797308921813965,0.6957730650901794
keybert,1508,545,14,5,0.0,0.14285714285714285,0.8,0.24242424242424243,0.6782975792884827,0.8305403590202332
keybert,1509,546,22,5,0.038461538461538464,0.18181818181818182,0.6,0.27906976744186046,0.6186901926994324,0.7133862376213074
keybert,1510,547,5,5,0.0,0.2,0.6,0.3,0.6547600030899048,0.6840275526046753
keybert,1511,548,2,5,0.0,1.0,1.0,1.0,0.8251667022705078,0.7414576411247253
keybert,1512,549,5,5,0.0,0.6,1.0,0.7499999999999999,0.7504664063453674,0.7490890622138977
keybert,1513,55,9,5,0.07692307692307693,0.2222222222222222,0.8,0.3478260869565218,0.7246595025062561,0.8580456972122192
keybert,1514,550,2,5,0.0,0.5,1.0,0.6666666666666666,0.7061858177185059,0.777681827545166
keybert,1515,551,10,5,0.0,0.3,1.0,0.4615384615384615,0.7353969812393188,0.8513951301574707
keybert,1516,552,25,5,0.0,0.12,1.0,0.21428571428571425,0.6383117437362671,0.763473391532898
keybert,1517,553,7,5,0.0,0.14285714285714285,1.0,0.25,0.6565871834754944,0.7661987543106079
keybert,1518,554,11,5,0.0,0.09090909090909091,1.0,0.16666666666666669,0.65236896276474,0.628718376159668
keybert,1519,555,12,5,0.0,0.16666666666666666,0.6,0.2608695652173913,0.598018229007721,0.7387218475341797
keybert,1520,556,11,5,0.0,0.18181818181818182,0.6,0.27906976744186046,0.5870909094810486,0.7582200169563293
keybert,1521,557,10,5,0.0,0.0,0.0,0.0,0.4394696354866028,0.5493478178977966
keybert,1522,558,6,5,0.0,0.3333333333333333,0.8,0.47058823529411764,0.6297581195831299,0.6191141605377197
keybert,1523,559,8,5,0.0,0.25,0.6,0.35294117647058826,0.6586874127388,0.7591211199760437
keybert,1524,56,9,5,0.0,0.3333333333333333,0.8,0.47058823529411764,0.6515715718269348,0.7614353895187378
keybert,1525,560,16,5,0.05,0.0625,0.8,0.11594202898550725,0.6476070880889893,0.7972107529640198
keybert,1526,561,10,5,0.0,0.2,1.0,0.33333333333333337,0.6587624549865723,0.6962172389030457
keybert,1527,562,11,5,0.0,0.36363636363636365,1.0,0.5333333333333333,0.6523033380508423,0.7175759077072144
keybert,1528,563,7,5,0.09090909090909091,0.14285714285714285,1.0,0.25,0.7368756532669067,0.7200697660446167
keybert,1529,564,13,5,0.0,0.07692307692307693,0.2,0.1111111111111111,0.5048879384994507,0.5486478805541992
keybert,1530,565,18,5,0.0,0.1111111111111111,1.0,0.19999999999999998,0.6199920773506165,0.7517368197441101
keybert,1531,566,9,5,0.07692307692307693,0.4444444444444444,1.0,0.6153846153846153,0.7079306840896606,0.8172352313995361
keybert,1532,567,18,5,0.045454545454545456,0.1111111111111111,1.0,0.19999999999999998,0.6384713053703308,0.8127033114433289
keybert,1533,568,13,5,0.0,0.15384615384615385,0.8,0.25806451612903225,0.6073110699653625,0.7518982887268066
keybert,1534,569,12,5,0.0,0.3333333333333333,1.0,0.5,0.7257072925567627,0.8259285688400269
keybert,1535,57,25,5,0.0,0.08,1.0,0.14814814814814814,0.6363509297370911,0.7676891684532166
keybert,1536,570,14,5,0.0,0.14285714285714285,0.4,0.21052631578947364,0.5300949811935425,0.6531246900558472
keybert,1537,571,11,5,0.0,0.18181818181818182,1.0,0.3076923076923077,0.688133716583252,0.749308705329895
keybert,1538,572,13,5,0.058823529411764705,0.23076923076923078,0.8,0.3582089552238806,0.689538300037384,0.8526947498321533
keybert,1539,573,37,5,0.0,0.05405405405405406,0.4,0.09523809523809523,0.4844691753387451,0.5239075422286987
keybert,1540,574,17,5,0.0,0.11764705882352941,1.0,0.21052631578947367,0.6060305237770081,0.6922421455383301
keybert,1541,575,24,5,0.03571428571428571,0.2916666666666667,1.0,0.45161290322580644,0.7022191286087036,0.8003449440002441
keybert,1542,576,17,5,0.047619047619047616,0.11764705882352941,1.0,0.21052631578947367,0.6618252992630005,0.7599672079086304
keybert,1543,577,13,5,0.0,0.23076923076923078,1.0,0.375,0.7011668682098389,0.8028316497802734
keybert,1544,578,12,5,0.0,0.16666666666666666,1.0,0.2857142857142857,0.6326289176940918,0.7269669771194458
keybert,1545,579,15,5,0.0,0.06666666666666667,0.2,0.1,0.5419927835464478,0.5896345973014832
keybert,1546,58,21,5,0.0,0.3333333333333333,1.0,0.5,0.6943637728691101,0.8820542693138123
keybert,1547,580,18,5,0.0,0.16666666666666666,1.0,0.2857142857142857,0.729204535484314,0.84797203540802
keybert,1548,581,17,5,0.0,0.17647058823529413,0.8,0.28915662650602414,0.6537359952926636,0.7589282393455505
keybert,1549,582,9,5,0.0,0.2222222222222222,1.0,0.3636363636363636,0.7089414000511169,0.8485664129257202
keybert,1550,583,12,5,0.0,0.16666666666666666,1.0,0.2857142857142857,0.6437426209449768,0.7939857840538025
keybert,1551,584,9,5,0.0,0.3333333333333333,1.0,0.5,0.7539207935333252,0.7904389500617981
keybert,1552,585,11,5,0.0,0.2727272727272727,0.8,0.4067796610169491,0.6662545204162598,0.8617550134658813
keybert,1553,586,13,5,0.058823529411764705,0.23076923076923078,1.0,0.375,0.6562517881393433,0.7167521119117737
keybert,1554,587,12,5,0.0,0.08333333333333333,0.4,0.13793103448275862,0.5901275277137756,0.8273109793663025
keybert,1555,588,9,5,0.0,0.0,0.0,0.0,0.44532328844070435,0.4980584979057312
keybert,1556,589,10,5,0.07142857142857142,0.4,1.0,0.5714285714285715,0.7250818014144897,0.8388312458992004
keybert,1557,59,22,5,0.0,0.18181818181818182,0.6,0.27906976744186046,0.6042354106903076,0.7868494987487793
keybert,1558,590,10,5,0.0,0.4,1.0,0.5714285714285715,0.7113931179046631,0.7834526300430298
keybert,1559,591,7,5,0.0,0.5714285714285714,1.0,0.7272727272727273,0.7549371123313904,0.8359516859054565
keybert,1560,592,9,5,0.0,0.4444444444444444,1.0,0.6153846153846153,0.7044373750686646,0.8150939345359802
keybert,1561,593,8,5,0.0,0.25,0.8,0.38095238095238093,0.6337783932685852,0.7075885534286499
keybert,1562,594,20,5,0.08695652173913043,0.15,1.0,0.2608695652173913,0.6806901693344116,0.7563512921333313
keybert,1563,595,9,5,0.07692307692307693,0.1111111111111111,1.0,0.19999999999999998,0.7477797865867615,0.8155369162559509
keybert,1564,596,8,5,0.0,0.375,0.6,0.4615384615384615,0.6392132043838501,0.7028350830078125
keybert,1565,597,7,5,0.0,0.14285714285714285,0.4,0.21052631578947364,0.5177164077758789,0.6466745138168335
keybert,1566,598,7,5,0.0,0.5714285714285714,1.0,0.7272727272727273,0.7837337255477905,0.7211888432502747
keybert,1567,599,9,5,0.0,0.3333333333333333,1.0,0.5,0.6584160327911377,0.7567715644836426
keybert,1568,6,4,5,0.125,0.5,0.8,0.6153846153846154,0.794053316116333,0.7865251302719116
keybert,1569,60,29,5,0.030303030303030304,0.06896551724137931,1.0,0.12903225806451613,0.6978988647460938,0.7830276489257812
keybert,1570,600,10,5,0.0,0.2,0.8,0.32000000000000006,0.6506711840629578,0.7664750814437866
keybert,1571,601,25,5,0.0,0.16,0.4,0.22857142857142856,0.5702413320541382,0.6182719469070435
keybert,1572,602,20,5,0.0,0.25,1.0,0.4,0.7175943851470947,0.7604781985282898
keybert,1573,603,9,5,0.0,0.1111111111111111,0.8,0.19512195121951217,0.5976992845535278,0.6376252770423889
keybert,1574,604,25,5,0.0,0.08,0.8,0.14545454545454545,0.591332733631134,0.7779929041862488
keybert,1575,605,10,5,0.0,0.2,0.8,0.32000000000000006,0.6269668340682983,0.7717170119285583
keybert,1576,606,11,5,0.06666666666666667,0.09090909090909091,1.0,0.16666666666666669,0.6433703899383545,0.7469854354858398
keybert,1577,607,17,5,0.0,0.11764705882352941,0.4,0.1818181818181818,0.5508636832237244,0.6933531761169434
keybert,1578,608,14,5,0.0,0.21428571428571427,1.0,0.35294117647058826,0.6274522542953491,0.7067770957946777
keybert,1579,609,21,5,0.0,0.047619047619047616,1.0,0.0909090909090909,0.5265783071517944,0.5597591400146484
keybert,1580,61,21,5,0.0,0.19047619047619047,0.6,0.2891566265060241,0.5875956416130066,0.6674102544784546
keybert,1581,610,23,5,0.0,0.13043478260869565,0.4,0.19672131147540983,0.5866718888282776,0.7278534173965454
keybert,1582,611,22,5,0.0,0.22727272727272727,1.0,0.37037037037037035,0.6927784085273743,0.7703719139099121
keybert,1583,612,19,5,0.0,0.47368421052631576,1.0,0.6428571428571429,0.6914873123168945,0.780235767364502
keybert,1584,613,21,5,0.0,0.09523809523809523,0.6,0.1643835616438356,0.6369247436523438,0.6264876127243042
keybert,1585,614,23,5,0.0,0.13043478260869565,1.0,0.23076923076923078,0.6202306151390076,0.7017620205879211
keybert,1586,615,13,5,0.0,0.3076923076923077,0.8,0.4444444444444444,0.6500982642173767,0.834505558013916
keybert,1587,616,13,5,0.0,0.07692307692307693,1.0,0.14285714285714288,0.6299359798431396,0.5889072418212891
keybert,1588,617,15,5,0.0,0.06666666666666667,1.0,0.125,0.6549124717712402,0.784058153629303
keybert,1589,618,8,5,0.0,0.375,1.0,0.5454545454545454,0.7393330335617065,0.8503621816635132
keybert,1590,619,10,5,0.07142857142857142,0.5,0.8,0.6153846153846154,0.7650028467178345,0.9081707000732422
keybert,1591,62,19,5,0.09090909090909091,0.21052631578947367,1.0,0.34782608695652173,0.7041546702384949,0.7930845618247986
keybert,1592,620,10,5,0.0,0.2,1.0,0.33333333333333337,0.6147583723068237,0.6295101046562195
keybert,1593,621,8,5,0.08333333333333333,0.5,0.8,0.6153846153846154,0.737942636013031,0.8293994069099426
keybert,1594,622,11,5,0.0,0.2727272727272727,1.0,0.42857142857142855,0.6410740613937378,0.7964160442352295
keybert,1595,623,19,5,0.0,0.10526315789473684,0.6,0.17910447761194026,0.5725188255310059,0.6790429353713989
keybert,1596,624,16,5,0.0,0.125,1.0,0.2222222222222222,0.6074047088623047,0.6354907751083374
keybert,1597,625,13,5,0.058823529411764705,0.38461538461538464,1.0,0.5555555555555556,0.7389327883720398,0.8603367209434509
keybert,1598,626,14,5,0.0,0.14285714285714285,1.0,0.25,0.712497353553772,0.8270593881607056
keybert,1599,627,15,5,0.05263157894736842,0.3333333333333333,1.0,0.5,0.7488347291946411,0.7946333885192871
keybert,1600,628,25,5,0.0,0.08,0.8,0.14545454545454545,0.5631214380264282,0.6895384192466736
keybert,1601,629,10,5,0.0,0.2,1.0,0.33333333333333337,0.6962957382202148,0.7204886674880981
keybert,1602,63,19,5,0.043478260869565216,0.21052631578947367,1.0,0.34782608695652173,0.6665688753128052,0.8093289136886597
keybert,1603,630,11,5,0.0,0.09090909090909091,0.6,0.15789473684210525,0.612665593624115,0.7669053077697754
keybert,1604,631,14,5,0.05555555555555555,0.2857142857142857,1.0,0.4444444444444445,0.7065279483795166,0.7165547013282776
keybert,1605,632,14,5,0.0,0.07142857142857142,0.2,0.10526315789473682,0.5412724614143372,0.7355621457099915
keybert,1606,633,12,5,0.0,0.16666666666666666,1.0,0.2857142857142857,0.6542742848396301,0.769212543964386
keybert,1607,634,9,5,0.0,0.3333333333333333,1.0,0.5,0.7576892971992493,0.8102242350578308
keybert,1608,635,27,5,0.0,0.1111111111111111,0.8,0.19512195121951217,0.5826914310455322,0.634082019329071
keybert,1609,636,21,5,0.0,0.38095238095238093,1.0,0.5517241379310345,0.7380079030990601,0.8441699743270874
keybert,1610,637,31,5,0.0,0.1935483870967742,1.0,0.3243243243243243,0.6497693061828613,0.7444127202033997
keybert,1611,638,27,5,0.06666666666666667,0.1111111111111111,1.0,0.19999999999999998,0.685187816619873,0.8326175212860107
keybert,1612,639,23,5,0.037037037037037035,0.13043478260869565,1.0,0.23076923076923078,0.6385454535484314,0.7300611138343811
keybert,1613,64,26,5,0.03333333333333333,0.19230769230769232,1.0,0.32258064516129037,0.7116572260856628,0.6982170343399048
keybert,1614,640,26,5,0.0,0.19230769230769232,0.8,0.31007751937984496,0.5732012987136841,0.7194422483444214
keybert,1615,641,20,5,0.0,0.1,0.4,0.16000000000000003,0.5023254156112671,0.6009656190872192
keybert,1616,642,17,5,0.0,0.17647058823529413,1.0,0.3,0.5862375497817993,0.6631324291229248
keybert,1617,643,21,5,0.0,0.09523809523809523,0.8,0.1702127659574468,0.6163972020149231,0.7721663117408752
keybert,1618,644,20,5,0.0,0.1,0.8,0.1777777777777778,0.5973794460296631,0.7373183965682983
keybert,1619,645,17,5,0.047619047619047616,0.11764705882352941,0.8,0.20512820512820512,0.6333807706832886,0.7222374677658081
keybert,1620,646,13,5,0.0,0.07692307692307693,1.0,0.14285714285714288,0.7124801874160767,0.7269287705421448
keybert,1621,647,13,5,0.0,0.15384615384615385,0.8,0.25806451612903225,0.6286460161209106,0.6579644083976746
keybert,1622,648,12,5,0.0,0.16666666666666666,1.0,0.2857142857142857,0.6452169418334961,0.7064409255981445
keybert,1623,649,13,5,0.0,0.15384615384615385,1.0,0.2666666666666667,0.5734493732452393,0.701014518737793
keybert,1624,65,12,5,0.0,0.25,1.0,0.4,0.6346756815910339,0.7261732220649719
keybert,1625,650,20,5,0.0,0.05,1.0,0.09523809523809523,0.6174014806747437,0.7102600932121277
keybert,1626,651,32,5,0.0,0.1875,1.0,0.3157894736842105,0.6467147469520569,0.8138014078140259
keybert,1627,652,30,5,0.029411764705882353,0.06666666666666667,1.0,0.125,0.6644197702407837,0.5977441668510437
keybert,1628,653,9,5,0.0,0.3333333333333333,1.0,0.5,0.7021074295043945,0.690473198890686
keybert,1629,654,12,5,0.0,0.25,0.6,0.35294117647058826,0.6277991533279419,0.7415293455123901
keybert,1630,655,15,5,0.0,0.13333333333333333,0.8,0.2285714285714286,0.6074773073196411,0.5349587202072144
keybert,1631,656,17,5,0.0,0.11764705882352941,1.0,0.21052631578947367,0.6256199479103088,0.7218180894851685
keybert,1632,657,6,5,0.0,0.16666666666666666,0.8,0.27586206896551724,0.5955013036727905,0.6341631412506104
keybert,1633,658,6,5,0.0,0.16666666666666666,1.0,0.2857142857142857,0.7210787534713745,0.7528620362281799
keybert,1634,659,7,5,0.0,0.14285714285714285,1.0,0.25,0.665413498878479,0.7191569209098816
keybert,1635,66,19,5,0.0,0.15789473684210525,0.6,0.25,0.5908002257347107,0.7203572988510132
keybert,1636,660,7,5,0.0,0.2857142857142857,1.0,0.4444444444444445,0.695549488067627,0.7596577405929565
keybert,1637,661,4,5,0.0,0.25,1.0,0.4,0.7453600764274597,0.7612525820732117
keybert,1638,663,9,5,0.0,0.1111111111111111,1.0,0.19999999999999998,0.6455365419387817,0.6795626878738403
keybert,1639,664,6,5,0.0,0.16666666666666666,0.8,0.27586206896551724,0.6250969767570496,0.5795748233795166
keybert,1640,67,23,5,0.0,0.08695652173913043,0.8,0.1568627450980392,0.5780117511749268,0.7371770739555359
keybert,1641,671,6,5,0.0,0.16666666666666666,1.0,0.2857142857142857,0.6200898289680481,0.711772084236145
keybert,1642,673,6,5,0.0,0.3333333333333333,0.8,0.47058823529411764,0.677525520324707,0.787700891494751
keybert,1643,674,7,5,0.0,0.14285714285714285,0.2,0.16666666666666666,0.4552817940711975,0.6194291114807129
keybert,1644,675,8,5,0.0,0.125,0.6,0.20689655172413793,0.5663160085678101,0.6087582111358643
keybert,1645,676,6,5,0.0,0.16666666666666666,1.0,0.2857142857142857,0.6705474853515625,0.7478893995285034
keybert,1646,677,5,5,0.0,0.0,0.0,0.0,0.5614345669746399,0.624467134475708
keybert,1647,678,7,5,0.0,0.0,0.0,0.0,0.5624276399612427,0.5746683478355408
keybert,1648,679,12,5,0.0,0.4166666666666667,0.6,0.49180327868852464,0.7021443843841553,0.8093974590301514
keybert,1649,68,8,5,0.0,0.375,1.0,0.5454545454545454,0.7067278027534485,0.7635521292686462
keybert,1650,680,10,5,0.0,0.1,1.0,0.18181818181818182,0.6868531703948975,0.7098290920257568
keybert,1651,681,19,5,0.0,0.21052631578947367,0.8,0.3333333333333333,0.5707951188087463,0.558529257774353
keybert,1652,682,9,5,0.0,0.2222222222222222,0.8,0.3478260869565218,0.707153856754303,0.5517712235450745
keybert,1653,683,5,5,0.0,0.4,1.0,0.5714285714285715,0.7293883562088013,0.4951048493385315
keybert,1654,684,4,5,0.0,0.25,1.0,0.4,0.8016801476478577,0.7772496938705444
keybert,1655,685,12,5,0.0,0.16666666666666666,1.0,0.2857142857142857,0.7189791798591614,0.7959185242652893
keybert,1656,686,15,5,0.0,0.13333333333333333,0.4,0.2,0.567265510559082,0.6958994269371033
keybert,1657,687,13,5,0.0,0.23076923076923078,1.0,0.375,0.6426681876182556,0.7327933311462402
keybert,1658,688,28,5,0.0,0.10714285714285714,1.0,0.19354838709677416,0.6140285134315491,0.7722674608230591
keybert,1659,689,12,5,0.0,0.25,0.6,0.35294117647058826,0.604447603225708,0.5728389024734497
keybert,1660,69,16,5,0.0,0.1875,1.0,0.3157894736842105,0.6520057320594788,0.7195733785629272
keybert,1661,690,19,5,0.043478260869565216,0.3684210526315789,0.8,0.5045045045045045,0.6886664628982544,0.80879145860672
keybert,1662,691,20,5,0.041666666666666664,0.3,1.0,0.4615384615384615,0.7097382545471191,0.7436081767082214
keybert,1663,692,17,5,0.0,0.11764705882352941,1.0,0.21052631578947367,0.5787216424942017,0.7177951335906982
keybert,1664,693,18,5,0.0,0.05555555555555555,0.4,0.09756097560975609,0.551436185836792,0.7138210535049438
keybert,1665,694,18,5,0.0,0.1111111111111111,0.8,0.19512195121951217,0.5953643321990967,0.7170305848121643
keybert,1666,695,22,5,0.0,0.13636363636363635,1.0,0.24000000000000002,0.5904427766799927,0.7142926454544067
keybert,1667,696,20,5,0.0,0.15,1.0,0.2608695652173913,0.6604592204093933,0.8515253663063049
keybert,1668,697,18,5,0.0,0.16666666666666666,1.0,0.2857142857142857,0.6261640787124634,0.7204934358596802
keybert,1669,698,20,5,0.0,0.15,1.0,0.2608695652173913,0.6435346603393555,0.7461043000221252
keybert,1670,699,16,5,0.0,0.3125,1.0,0.47619047619047616,0.6397250294685364,0.8232100605964661
keybert,1671,7,8,5,0.0,0.125,0.6,0.20689655172413793,0.5481897592544556,0.5704246163368225
keybert,1672,70,10,5,0.07142857142857142,0.2,0.4,0.26666666666666666,0.684782862663269,0.7065874934196472
keybert,1673,700,24,5,0.0,0.125,1.0,0.2222222222222222,0.6161744594573975,0.7474285960197449
keybert,1674,701,28,5,0.0,0.17857142857142858,1.0,0.30303030303030304,0.67827308177948,0.8134928345680237
keybert,1675,702,24,5,0.0,0.16666666666666666,1.0,0.2857142857142857,0.6861313581466675,0.8174172043800354
keybert,1676,703,19,5,0.0,0.2631578947368421,0.6,0.36585365853658536,0.6255056262016296,0.7913721203804016
keybert,1677,704,17,5,0.0,0.17647058823529413,1.0,0.3,0.6920245885848999,0.8625808954238892
keybert,1678,705,27,5,0.0,0.1111111111111111,0.8,0.19512195121951217,0.603222131729126,0.7271435856819153
keybert,1679,706,10,5,0.0,0.3,0.6,0.4,0.6956526041030884,0.8218597769737244
keybert,1680,707,9,5,0.0,0.3333333333333333,0.8,0.47058823529411764,0.7166762351989746,0.7924755811691284
keybert,1681,708,8,5,0.0,0.25,0.4,0.3076923076923077,0.5859777927398682,0.7691044211387634
keybert,1682,709,8,5,0.0,0.25,1.0,0.4,0.6608509421348572,0.8202071189880371
keybert,1683,71,17,5,0.0,0.11764705882352941,0.8,0.20512820512820512,0.6467663645744324,0.8110875487327576
keybert,1684,710,9,5,0.0,0.2222222222222222,1.0,0.3636363636363636,0.7340990900993347,0.7638153433799744
keybert,1685,711,14,5,0.05555555555555555,0.07142857142857142,1.0,0.13333333333333333,0.6675184965133667,0.7472990155220032
keybert,1686,712,12,5,0.0625,0.25,1.0,0.4,0.694176435470581,0.7763382792472839
keybert,1687,713,11,5,0.0,0.18181818181818182,1.0,0.3076923076923077,0.6121120452880859,0.74971604347229
keybert,1688,714,8,5,0.0,0.25,0.8,0.38095238095238093,0.669950008392334,0.8316051363945007
keybert,1689,715,12,5,0.0,0.16666666666666666,0.6,0.2608695652173913,0.5940854549407959,0.7610717415809631
keybert,1690,716,13,5,0.0,0.38461538461538464,1.0,0.5555555555555556,0.6735960245132446,0.7794207334518433
keybert,1691,717,11,5,0.0,0.09090909090909091,0.6,0.15789473684210525,0.5971903800964355,0.8496521711349487
keybert,1692,718,23,5,0.037037037037037035,0.17391304347826086,1.0,0.29629629629629634,0.6322028040885925,0.5496950149536133
keybert,1693,719,7,5,0.0,0.14285714285714285,0.2,0.16666666666666666,0.529002845287323,0.6871768236160278
keybert,1694,72,12,5,0.0,0.16666666666666666,1.0,0.2857142857142857,0.6960638761520386,0.8221517205238342
keybert,1695,720,20,5,0.041666666666666664,0.1,0.8,0.1777777777777778,0.6067172288894653,0.6834298372268677
keybert,1696,721,13,5,0.0,0.07692307692307693,0.4,0.12903225806451613,0.5182048082351685,0.6435204744338989
keybert,1697,722,13,5,0.0,0.07692307692307693,0.4,0.12903225806451613,0.5565932393074036,0.7011743783950806
keybert,1698,723,22,5,0.0,0.09090909090909091,0.8,0.163265306122449,0.6320040225982666,0.8403366208076477
keybert,1699,724,9,5,0.0,0.2222222222222222,0.4,0.2857142857142857,0.5846097469329834,0.6826236844062805
keybert,1700,725,12,5,0.0,0.08333333333333333,0.6,0.14634146341463414,0.5514968633651733,0.6212339401245117
keybert,1701,726,5,5,0.0,0.6,0.4,0.48,0.6472727060317993,0.6945268511772156
keybert,1702,727,6,5,0.0,0.16666666666666666,0.6,0.2608695652173913,0.6187670230865479,0.7141758799552917
keybert,1703,728,7,5,0.0,0.14285714285714285,0.2,0.16666666666666666,0.5577183365821838,0.7506652474403381
keybert,1704,73,15,5,0.0,0.06666666666666667,0.2,0.1,0.4927402138710022,0.5364112854003906
keybert,1705,730,27,5,0.03225806451612903,0.18518518518518517,1.0,0.3125,0.6917015314102173,0.8125835061073303
keybert,1706,731,31,5,0.0,0.0967741935483871,1.0,0.17647058823529413,0.6608933210372925,0.8074425458908081
keybert,1707,732,21,5,0.0,0.09523809523809523,1.0,0.17391304347826084,0.6561301946640015,0.729242742061615
keybert,1708,733,9,5,0.0,0.1111111111111111,0.6,0.18750000000000003,0.5761945247650146,0.6250002980232239
keybert,1709,734,6,5,0.0,0.5,0.8,0.6153846153846154,0.6986898183822632,0.7390314340591431
keybert,1710,735,4,5,0.0,0.25,0.6,0.35294117647058826,0.5871284008026123,0.4744085669517517
keybert,1711,736,7,5,0.0,0.2857142857142857,1.0,0.4444444444444445,0.726547122001648,0.7361804842948914
keybert,1712,737,4,5,0.0,0.25,0.6,0.35294117647058826,0.6701875329017639,0.741116464138031
keybert,1713,738,6,5,0.0,0.16666666666666666,0.8,0.27586206896551724,0.6337195634841919,0.7824813723564148
keybert,1714,739,6,5,0.1,0.16666666666666666,1.0,0.2857142857142857,0.739791750907898,0.8172379732131958
keybert,1715,74,10,5,0.0,0.1,0.2,0.13333333333333333,0.6004389524459839,0.7500253319740295
keybert,1716,740,6,5,0.0,0.16666666666666666,0.4,0.23529411764705882,0.48466208577156067,0.5758681297302246
keybert,1717,741,6,5,0.0,0.16666666666666666,0.2,0.1818181818181818,0.5088310241699219,0.5606709122657776
keybert,1718,742,5,5,0.0,0.4,0.4,0.4000000000000001,0.46056365966796875,0.5604071021080017
keybert,1719,743,4,5,0.125,0.75,1.0,0.8571428571428571,0.8439942002296448,0.8297666907310486
keybert,1720,744,3,5,0.14285714285714285,0.3333333333333333,1.0,0.5,0.6617484092712402,0.6987021565437317
keybert,1721,745,21,5,0.0,0.23809523809523808,0.8,0.36697247706422015,0.5997154712677002,0.6884404420852661
keybert,1722,746,19,5,0.0,0.15789473684210525,1.0,0.2727272727272727,0.6542468070983887,0.7691202759742737
keybert,1723,747,18,5,0.0,0.2222222222222222,1.0,0.3636363636363636,0.6468428373336792,0.8605291247367859
keybert,1724,748,22,5,0.038461538461538464,0.18181818181818182,1.0,0.3076923076923077,0.7135905027389526,0.8263256549835205
keybert,1725,749,25,5,0.0,0.2,0.8,0.32000000000000006,0.6176306009292603,0.8029034733772278
keybert,1726,75,13,5,0.0,0.15384615384615385,0.6,0.2448979591836735,0.5981353521347046,0.7062807083129883
keybert,1727,750,18,5,0.0,0.1111111111111111,1.0,0.19999999999999998,0.6592695713043213,0.7564084529876709
keybert,1728,751,13,5,0.0,0.15384615384615385,0.6,0.2448979591836735,0.5556300282478333,0.6953943371772766
keybert,1729,752,9,5,0.0,0.3333333333333333,1.0,0.5,0.6340851783752441,0.6762108206748962
keybert,1730,753,9,5,0.07692307692307693,0.6666666666666666,1.0,0.8,0.7683977484703064,0.6949341893196106
keybert,1731,754,5,5,0.1111111111111111,0.4,0.8,0.5333333333333333,0.751258373260498,0.730454683303833
keybert,1732,755,14,5,0.0,0.14285714285714285,0.8,0.24242424242424243,0.5881330966949463,0.7439317107200623
keybert,1733,756,25,5,0.0,0.16,1.0,0.2758620689655173,0.6406232118606567,0.7484813332557678
keybert,1734,757,26,5,0.0,0.11538461538461539,1.0,0.20689655172413793,0.6649860739707947,0.6668204069137573
keybert,1735,758,18,5,0.0,0.05555555555555555,1.0,0.10526315789473684,0.6358349919319153,0.7738863825798035
keybert,1736,759,5,5,0.0,0.4,1.0,0.5714285714285715,0.7486183643341064,0.8591930270195007
keybert,1737,76,12,5,0.0,0.25,0.8,0.38095238095238093,0.6483504772186279,0.7274808287620544
keybert,1738,760,8,5,0.08333333333333333,0.125,1.0,0.2222222222222222,0.6866475939750671,0.8128855228424072
keybert,1739,761,12,5,0.0625,0.4166666666666667,1.0,0.5882352941176471,0.765073299407959,0.8199294209480286
keybert,1740,762,19,5,0.0,0.15789473684210525,1.0,0.2727272727272727,0.6883299350738525,0.8146260380744934
keybert,1741,763,10,5,0.0,0.3,0.8,0.4363636363636363,0.6281929016113281,0.8205068707466125
keybert,1742,764,10,5,0.0,0.3,1.0,0.4615384615384615,0.6783469915390015,0.7540440559387207
keybert,1743,765,14,5,0.0,0.2857142857142857,1.0,0.4444444444444445,0.6417580842971802,0.8241842985153198
keybert,1744,766,8,5,0.0,0.375,0.8,0.5106382978723405,0.737258791923523,0.7724189162254333
keybert,1745,767,7,5,0.09090909090909091,0.7142857142857143,1.0,0.8333333333333333,0.8175554871559143,0.7848656177520752
keybert,1746,768,14,5,0.0,0.14285714285714285,1.0,0.25,0.6748973727226257,0.7877366542816162
keybert,1747,769,18,5,0.0,0.1111111111111111,1.0,0.19999999999999998,0.5969833135604858,0.6790003180503845
keybert,1748,77,19,5,0.0,0.0,0.0,0.0,0.5457332134246826,0.5960988402366638
keybert,1749,770,18,5,0.045454545454545456,0.1111111111111111,1.0,0.19999999999999998,0.7307072877883911,0.803548276424408
keybert,1750,771,33,5,0.02702702702702703,0.06060606060606061,1.0,0.1142857142857143,0.6690502166748047,0.8368140459060669
keybert,1751,772,17,5,0.0,0.23529411764705882,1.0,0.38095238095238093,0.7228542566299438,0.6909458637237549
keybert,1752,773,11,5,0.06666666666666667,0.18181818181818182,0.6,0.27906976744186046,0.6354632377624512,0.6590463519096375
keybert,1753,774,6,5,0.0,0.3333333333333333,1.0,0.5,0.7294307947158813,0.7192758917808533
keybert,1754,775,16,5,0.10526315789473684,0.125,1.0,0.2222222222222222,0.7016158103942871,0.7882471084594727
keybert,1755,776,11,5,0.0,0.36363636363636365,1.0,0.5333333333333333,0.6960867643356323,0.7954760193824768
keybert,1756,777,17,5,0.0,0.11764705882352941,1.0,0.21052631578947367,0.6497467756271362,0.7142805457115173
keybert,1757,778,11,5,0.0,0.18181818181818182,1.0,0.3076923076923077,0.6961013674736023,0.718599796295166
keybert,1758,779,22,5,0.0,0.13636363636363635,0.8,0.23300970873786406,0.5741941928863525,0.7322261929512024
keybert,1759,78,16,5,0.0,0.1875,1.0,0.3157894736842105,0.6848059296607971,0.8508791327476501
keybert,1760,780,22,5,0.0,0.09090909090909091,1.0,0.16666666666666669,0.61872798204422,0.6350345611572266
keybert,1761,781,17,5,0.047619047619047616,0.23529411764705882,1.0,0.38095238095238093,0.7447161674499512,0.8025611042976379
keybert,1762,782,25,5,0.034482758620689655,0.16,1.0,0.2758620689655173,0.6836564540863037,0.8147448897361755
keybert,1763,783,24,5,0.0,0.0,0.0,0.0,0.5000123381614685,0.758576512336731
keybert,1764,784,5,5,0.0,0.2,0.4,0.26666666666666666,0.6297188401222229,0.7069231867790222
keybert,1765,785,4,5,0.0,0.0,0.0,0.0,0.49652111530303955,0.5011033415794373
keybert,1766,787,8,5,0.0,0.0,0.0,0.0,0.38524794578552246,0.39366158843040466
keybert,1767,788,6,5,0.0,0.16666666666666666,0.2,0.1818181818181818,0.46940892934799194,0.527611494064331
keybert,1768,79,15,5,0.0,0.13333333333333333,0.8,0.2285714285714286,0.68486487865448,0.7792872786521912
keybert,1769,790,13,5,0.0,0.07692307692307693,0.8,0.14035087719298248,0.5830260515213013,0.7780730724334717
keybert,1770,791,5,5,0.0,0.2,0.2,0.20000000000000004,0.570526123046875,0.4486958980560303
keybert,1771,792,5,5,0.0,0.2,0.4,0.26666666666666666,0.5913491249084473,0.6121136546134949
keybert,1772,793,33,5,0.02702702702702703,0.21212121212121213,0.8,0.33532934131736525,0.6798149347305298,0.7195742130279541
keybert,1773,794,10,5,0.0,0.4,1.0,0.5714285714285715,0.7059628367424011,0.7569296956062317
keybert,1774,795,11,5,0.0,0.45454545454545453,0.8,0.5797101449275363,0.6643016338348389,0.7457390427589417
keybert,1775,796,12,5,0.0,0.16666666666666666,0.8,0.27586206896551724,0.6600087285041809,0.7815492749214172
keybert,1776,797,9,5,0.07692307692307693,0.1111111111111111,1.0,0.19999999999999998,0.6760520935058594,0.7129647731781006
keybert,1777,798,19,5,0.0,0.05263157894736842,0.6,0.09677419354838708,0.5908870100975037,0.8045974969863892
keybert,1778,799,10,5,0.0,0.2,1.0,0.33333333333333337,0.7256896495819092,0.7431668043136597
keybert,1779,8,5,5,0.0,0.2,0.4,0.26666666666666666,0.4196550250053406,0.4539402425289154
keybert,1780,80,14,5,0.0,0.14285714285714285,0.4,0.21052631578947364,0.5531203746795654,0.7151027321815491
keybert,1781,800,5,5,0.0,0.2,1.0,0.33333333333333337,0.6273050308227539,0.6039214134216309
keybert,1782,801,16,5,0.0,0.1875,0.8,0.3037974683544304,0.6013684272766113,0.698162853717804
keybert,1783,802,15,5,0.0,0.13333333333333333,1.0,0.23529411764705882,0.6295463442802429,0.7515828609466553
keybert,1784,803,13,5,0.0,0.6153846153846154,1.0,0.761904761904762,0.8162225484848022,0.8712274432182312
keybert,1785,804,19,5,0.0,0.3684210526315789,1.0,0.5384615384615384,0.7094465494155884,0.7869971394538879
keybert,1786,805,18,5,0.0,0.3333333333333333,0.8,0.47058823529411764,0.7055053114891052,0.8726152181625366
keybert,1787,806,15,5,0.0,0.26666666666666666,1.0,0.4210526315789474,0.6540523171424866,0.6890568733215332
keybert,1788,807,18,5,0.0,0.05555555555555555,0.2,0.08695652173913045,0.4713018536567688,0.6771690249443054
keybert,1789,808,12,5,0.0,0.16666666666666666,0.6,0.2608695652173913,0.565765380859375,0.7309580445289612
keybert,1790,809,16,5,0.0,0.1875,1.0,0.3157894736842105,0.6779922246932983,0.7569205164909363
keybert,1791,81,6,5,0.1,0.16666666666666666,1.0,0.2857142857142857,0.6914522647857666,0.5972855687141418
keybert,1792,810,5,5,0.1111111111111111,0.2,1.0,0.33333333333333337,0.6871953010559082,0.8239525556564331
keybert,1793,811,20,5,0.0,0.05,0.2,0.08000000000000002,0.5305579900741577,0.5862220525741577
keybert,1794,812,6,5,0.0,0.0,0.0,0.0,0.4716499447822571,0.6584069728851318
keybert,1795,813,17,5,0.047619047619047616,0.11764705882352941,1.0,0.21052631578947367,0.6684701442718506,0.7878270149230957
keybert,1796,814,10,5,0.0,0.2,0.6,0.3,0.6420559883117676,0.8299141526222229
keybert,1797,815,6,5,0.0,0.3333333333333333,1.0,0.5,0.7043877840042114,0.8335029482841492
keybert,1798,816,13,5,0.0,0.3076923076923077,1.0,0.47058823529411764,0.5775294303894043,0.7846143245697021
keybert,1799,817,8,5,0.0,0.125,0.4,0.19047619047619047,0.5978195071220398,0.660585343837738
keybert,1800,818,12,5,0.0,0.25,0.4,0.3076923076923077,0.6573295593261719,0.849050760269165
keybert,1801,819,10,5,0.0,0.2,0.8,0.32000000000000006,0.647544264793396,0.8125191926956177
keybert,1802,82,15,5,0.0,0.06666666666666667,0.6,0.12000000000000001,0.546755313873291,0.64817875623703
keybert,1803,820,9,5,0.0,0.2222222222222222,0.6,0.32432432432432434,0.6605063676834106,0.779946506023407
keybert,1804,821,7,5,0.0,0.14285714285714285,0.4,0.21052631578947364,0.5676411390304565,0.7230686545372009
keybert,1805,822,10,5,0.0,0.2,0.6,0.3,0.5552497506141663,0.47999194264411926
keybert,1806,823,25,5,0.0,0.2,1.0,0.33333333333333337,0.6291221380233765,0.7066490054130554
keybert,1807,824,10,5,0.0,0.1,1.0,0.18181818181818182,0.6017942428588867,0.6051228046417236
keybert,1808,825,13,5,0.0,0.3076923076923077,0.8,0.4444444444444444,0.5844780206680298,0.6775435209274292
keybert,1809,826,4,5,0.125,0.25,0.8,0.38095238095238093,0.7055813074111938,0.805037796497345
keybert,1810,827,4,5,0.0,0.25,0.8,0.38095238095238093,0.5874714851379395,0.5035679936408997
keybert,1811,828,5,5,0.0,0.2,0.8,0.32000000000000006,0.567787766456604,0.501000165939331
keybert,1812,829,5,5,0.0,0.2,0.4,0.26666666666666666,0.5012907981872559,0.6357283592224121
keybert,1813,83,11,5,0.06666666666666667,0.36363636363636365,0.8,0.5000000000000001,0.7487001419067383,0.8890817165374756
keybert,1814,830,4,5,0.0,0.25,0.4,0.3076923076923077,0.4899722635746002,0.2529979944229126
keybert,1815,831,8,5,0.0,0.25,0.6,0.35294117647058826,0.5870252847671509,0.6341739296913147
keybert,1816,832,5,5,0.0,0.0,0.0,0.0,0.41114434599876404,0.43431320786476135
keybert,1817,833,5,5,0.0,0.2,0.2,0.20000000000000004,0.4670688211917877,0.6187735795974731
keybert,1818,834,7,5,0.0,0.2857142857142857,0.8,0.4210526315789473,0.626973569393158,0.6880090236663818
keybert,1819,835,7,5,0.0,0.2857142857142857,0.4,0.3333333333333333,0.6221306324005127,0.9082051515579224
keybert,1820,836,15,5,0.0,0.13333333333333333,0.6,0.2181818181818182,0.5997377634048462,0.8130922913551331
keybert,1821,837,10,5,0.0,0.5,1.0,0.6666666666666666,0.7166585326194763,0.840561032295227
keybert,1822,838,13,5,0.0,0.07692307692307693,0.2,0.1111111111111111,0.5311877727508545,0.8157653212547302
keybert,1823,839,10,5,0.0,0.2,0.6,0.3,0.5932364463806152,0.6796485185623169
keybert,1824,84,8,5,0.0,0.375,0.4,0.38709677419354843,0.5844233632087708,0.7572880387306213
keybert,1825,840,5,5,0.0,0.2,0.6,0.3,0.6702955961227417,0.892794668674469
keybert,1826,841,7,5,0.0,0.2857142857142857,0.6,0.3870967741935483,0.6254271864891052,0.8822923302650452
keybert,1827,842,7,5,0.0,0.0,0.0,0.0,0.4180305600166321,0.5339233875274658
keybert,1828,843,7,5,0.0,0.14285714285714285,0.2,0.16666666666666666,0.5761078000068665,0.8221204876899719
keybert,1829,844,5,5,0.0,0.4,0.4,0.4000000000000001,0.6016542911529541,0.8727815747261047
keybert,1830,845,9,5,0.0,0.2222222222222222,0.6,0.32432432432432434,0.6206957101821899,0.8737066984176636
keybert,1831,846,5,5,0.1111111111111111,0.6,1.0,0.7499999999999999,0.8160119652748108,0.9331902265548706
keybert,1832,847,10,5,0.0,0.2,0.6,0.3,0.6460047960281372,0.8879213929176331
keybert,1833,848,8,5,0.0,0.0,0.0,0.0,0.5299521088600159,0.7395336031913757
keybert,1834,849,9,5,0.0,0.0,0.0,0.0,0.5075846910476685,0.6107534170150757
keybert,1835,85,15,5,0.0,0.3333333333333333,1.0,0.5,0.7463709712028503,0.7988972067832947
keybert,1836,850,10,5,0.0,0.2,0.6,0.3,0.6015948057174683,0.7598560452461243
keybert,1837,851,9,5,0.0,0.1111111111111111,0.8,0.19512195121951217,0.6168662309646606,0.6116932034492493
keybert,1838,852,8,5,0.08333333333333333,0.25,1.0,0.4,0.6970119476318359,0.8848426938056946
keybert,1839,853,8,5,0.0,0.125,0.6,0.20689655172413793,0.6584145426750183,0.8207690715789795
keybert,1840,854,6,5,0.0,0.16666666666666666,1.0,0.2857142857142857,0.6929645538330078,0.6776688098907471
keybert,1841,855,10,5,0.0,0.0,0.0,0.0,0.5279382467269897,0.7654298543930054
keybert,1842,856,8,5,0.0,0.375,0.6,0.4615384615384615,0.6450526118278503,0.8223047256469727
keybert,1843,857,12,5,0.0,0.16666666666666666,0.6,0.2608695652173913,0.5609331727027893,0.6983432769775391
keybert,1844,858,8,5,0.0,0.25,0.6,0.35294117647058826,0.6805986762046814,0.9208986759185791
keybert,1845,859,7,5,0.0,0.14285714285714285,0.4,0.21052631578947364,0.599182665348053,0.6934807300567627
keybert,1846,86,16,5,0.0,0.3125,1.0,0.47619047619047616,0.6305594444274902,0.7901487946510315
keybert,1847,860,15,5,0.0,0.06666666666666667,1.0,0.125,0.6193071007728577,0.6027963161468506
keybert,1848,861,12,5,0.0,0.3333333333333333,1.0,0.5,0.6844972968101501,0.8351705074310303
keybert,1849,862,7,5,0.0,0.14285714285714285,1.0,0.25,0.6681989431381226,0.8072642683982849
keybert,1850,863,15,5,0.0,0.06666666666666667,0.4,0.1142857142857143,0.5569567680358887,0.6651240587234497
keybert,1851,864,18,5,0.0,0.1111111111111111,0.8,0.19512195121951217,0.6325215101242065,0.6750713586807251
keybert,1852,865,17,5,0.047619047619047616,0.23529411764705882,1.0,0.38095238095238093,0.7065803408622742,0.8007903695106506
keybert,1853,866,23,5,0.0,0.30434782608695654,1.0,0.4666666666666667,0.6933642625808716,0.8027081489562988
keybert,1854,867,21,5,0.0,0.09523809523809523,1.0,0.17391304347826084,0.6897592544555664,0.7974900603294373
keybert,1855,868,11,5,0.0,0.2727272727272727,1.0,0.42857142857142855,0.7390691041946411,0.7728193998336792
keybert,1856,869,14,5,0.0,0.07142857142857142,1.0,0.13333333333333333,0.6497536301612854,0.7856839895248413
keybert,1857,87,15,5,0.0,0.26666666666666666,1.0,0.4210526315789474,0.7136082053184509,0.8123533725738525
keybert,1858,870,18,5,0.0,0.16666666666666666,0.8,0.27586206896551724,0.5939619541168213,0.8165838718414307
keybert,1859,871,8,5,0.0,0.25,0.4,0.3076923076923077,0.5238749980926514,0.715590238571167
keybert,1860,872,14,5,0.05555555555555555,0.21428571428571427,1.0,0.35294117647058826,0.7166059017181396,0.7587451338768005
keybert,1861,873,12,5,0.0,0.0,0.0,0.0,0.4887216091156006,0.6400445699691772
keybert,1862,874,5,5,0.0,0.0,0.0,0.0,0.5048841238021851,0.5695052146911621
keybert,1863,875,9,5,0.0,0.1111111111111111,0.6,0.18750000000000003,0.5991234183311462,0.8315786719322205
keybert,1864,876,13,5,0.0,0.15384615384615385,0.6,0.2448979591836735,0.5919638872146606,0.7660936713218689
keybert,1865,877,7,5,0.0,0.14285714285714285,0.2,0.16666666666666666,0.5485960841178894,0.8470569849014282
keybert,1866,878,10,5,0.0,0.2,0.4,0.26666666666666666,0.6026525497436523,0.8031190037727356
keybert,1867,879,7,5,0.0,0.0,0.0,0.0,0.5344702005386353,0.8243129253387451
keybert,1868,88,9,5,0.0,0.2222222222222222,1.0,0.3636363636363636,0.7154321074485779,0.7788515090942383
keybert,1869,880,8,5,0.0,0.125,0.4,0.19047619047619047,0.6012881398200989,0.8385871052742004
keybert,1870,881,10,5,0.0,0.1,0.6,0.17142857142857143,0.5471835136413574,0.7480319738388062
keybert,1871,882,13,5,0.058823529411764705,0.23076923076923078,1.0,0.375,0.7044354677200317,0.8173391819000244
keybert,1872,883,11,5,0.0,0.18181818181818182,0.4,0.25000000000000006,0.5813154578208923,0.743321418762207
keybert,1873,884,11,5,0.0,0.36363636363636365,1.0,0.5333333333333333,0.7911569476127625,0.7897560596466064
keybert,1874,885,13,5,0.0,0.38461538461538464,0.8,0.5194805194805195,0.6940010786056519,0.87216717004776
keybert,1875,886,17,5,0.047619047619047616,0.058823529411764705,1.0,0.1111111111111111,0.643140971660614,0.782008707523346
keybert,1876,887,18,5,0.0,0.2222222222222222,1.0,0.3636363636363636,0.6847349405288696,0.7898143529891968
keybert,1877,888,20,5,0.0,0.2,1.0,0.33333333333333337,0.6312733292579651,0.8040164709091187
keybert,1878,889,13,5,0.058823529411764705,0.46153846153846156,1.0,0.631578947368421,0.7496742010116577,0.8523791432380676
keybert,1879,89,14,5,0.0,0.14285714285714285,1.0,0.25,0.6841964721679688,0.7748557329177856
keybert,1880,890,8,5,0.08333333333333333,0.5,1.0,0.6666666666666666,0.7560181021690369,0.7993336319923401
keybert,1881,891,6,5,0.0,0.5,0.4,0.4444444444444445,0.6766499280929565,0.82533860206604
keybert,1882,892,16,5,0.0,0.1875,0.8,0.3037974683544304,0.696326732635498,0.8443683981895447
keybert,1883,893,16,5,0.0,0.125,0.8,0.21621621621621623,0.599574089050293,0.7149885892868042
keybert,1884,894,17,5,0.0,0.11764705882352941,1.0,0.21052631578947367,0.6749500632286072,0.7959895133972168
keybert,1885,895,11,5,0.0,0.18181818181818182,0.2,0.1904761904761905,0.5352821350097656,0.6859558820724487
keybert,1886,896,10,5,0.0,0.1,0.8,0.1777777777777778,0.6634029746055603,0.8620584011077881
keybert,1887,897,12,5,0.0,0.16666666666666666,1.0,0.2857142857142857,0.6671314835548401,0.7394040822982788
keybert,1888,898,10,5,0.0,0.2,1.0,0.33333333333333337,0.692244291305542,0.7181380391120911
keybert,1889,899,6,5,0.0,0.16666666666666666,0.6,0.2608695652173913,0.7086164951324463,0.7682235240936279
keybert,1890,9,25,5,0.0,0.04,0.4,0.07272727272727272,0.5357303023338318,0.5472834706306458
keybert,1891,90,15,5,0.0,0.06666666666666667,0.6,0.12000000000000001,0.5557997226715088,0.7480981945991516
keybert,1892,900,7,5,0.0,0.42857142857142855,0.8,0.5581395348837209,0.682260274887085,0.7117692232131958
keybert,1893,901,10,5,0.0,0.4,1.0,0.5714285714285715,0.7106031179428101,0.8351194262504578
keybert,1894,902,20,5,0.041666666666666664,0.2,1.0,0.33333333333333337,0.6740023493766785,0.8027839064598083
keybert,1895,903,25,5,0.034482758620689655,0.04,0.8,0.07619047619047618,0.6211330890655518,0.6568121314048767
keybert,1896,904,22,5,0.0,0.09090909090909091,1.0,0.16666666666666669,0.5997812747955322,0.6149575710296631
keybert,1897,905,17,5,0.0,0.11764705882352941,1.0,0.21052631578947367,0.6440909504890442,0.7021886110305786
keybert,1898,906,13,5,0.058823529411764705,0.3076923076923077,0.8,0.4444444444444444,0.6099730134010315,0.7944618463516235
keybert,1899,907,14,5,0.0,0.07142857142857142,0.6,0.1276595744680851,0.601477861404419,0.6153420209884644
keybert,1900,908,14,5,0.0,0.0,0.0,0.0,0.4709790349006653,0.6333032250404358
keybert,1901,909,13,5,0.0,0.07692307692307693,0.2,0.1111111111111111,0.5166999101638794,0.6363863348960876
keybert,1902,91,6,5,0.0,0.16666666666666666,0.6,0.2608695652173913,0.5324868559837341,0.5628230571746826
keybert,1903,910,13,5,0.0,0.15384615384615385,1.0,0.2666666666666667,0.6872065663337708,0.7527833580970764
keybert,1904,911,11,5,0.0,0.5454545454545454,0.6,0.5714285714285713,0.6855461597442627,0.7328100204467773
keybert,1905,912,11,5,0.0,0.2727272727272727,0.6,0.37499999999999994,0.6073235273361206,0.7726220488548279
keybert,1906,913,20,5,0.0,0.2,1.0,0.33333333333333337,0.6321375370025635,0.6779841780662537
keybert,1907,914,19,5,0.043478260869565216,0.21052631578947367,1.0,0.34782608695652173,0.7018897533416748,0.7742916941642761
keybert,1908,915,20,5,0.0,0.05,0.4,0.0888888888888889,0.6157488226890564,0.7444743514060974
keybert,1909,916,11,5,0.0,0.18181818181818182,0.8,0.2962962962962963,0.5991488695144653,0.5286936163902283
keybert,1910,917,21,5,0.0,0.19047619047619047,1.0,0.32,0.6212528347969055,0.7679532170295715
keybert,1911,918,15,5,0.0,0.13333333333333333,1.0,0.23529411764705882,0.6051235198974609,0.816552996635437
keybert,1912,919,17,5,0.047619047619047616,0.11764705882352941,0.4,0.1818181818181818,0.6365716457366943,0.756034791469574
keybert,1913,92,6,5,0.0,0.16666666666666666,0.2,0.1818181818181818,0.5550916194915771,0.7499268651008606
keybert,1914,920,23,5,0.0,0.13043478260869565,0.8,0.22429906542056074,0.6550545692443848,0.8494474291801453
keybert,1915,921,21,5,0.0,0.14285714285714285,1.0,0.25,0.6340745091438293,0.7556271553039551
keybert,1916,922,24,5,0.0,0.16666666666666666,1.0,0.2857142857142857,0.671882688999176,0.6416579484939575
keybert,1917,923,19,5,0.0,0.05263157894736842,0.4,0.09302325581395349,0.5648640394210815,0.7260805368423462
keybert,1918,924,21,5,0.0,0.047619047619047616,0.8,0.0898876404494382,0.5576663613319397,0.5866291522979736
keybert,1919,925,24,5,0.0,0.125,0.4,0.19047619047619047,0.5302988290786743,0.6667053699493408
keybert,1920,926,21,5,0.0,0.19047619047619047,1.0,0.32,0.6270592212677002,0.7291362881660461
keybert,1921,927,24,5,0.0,0.041666666666666664,1.0,0.07999999999999999,0.626991868019104,0.4421095550060272
keybert,1922,928,25,5,0.0,0.08,1.0,0.14814814814814814,0.5957022309303284,0.6860811710357666
keybert,1923,929,18,5,0.045454545454545456,0.2777777777777778,1.0,0.4347826086956522,0.7476799488067627,0.7275506854057312
keybert,1924,93,9,5,0.0,0.1111111111111111,0.2,0.14285714285714285,0.57810378074646,0.6847184896469116
keybert,1925,930,15,5,0.0,0.13333333333333333,0.8,0.2285714285714286,0.5644770264625549,0.7811359763145447
keybert,1926,931,27,5,0.0,0.07407407407407407,0.8,0.13559322033898305,0.5946061611175537,0.6808016300201416
keybert,1927,932,28,5,0.0,0.14285714285714285,1.0,0.25,0.6947661638259888,0.8320523500442505
keybert,1928,933,22,5,0.0,0.09090909090909091,1.0,0.16666666666666669,0.6651796102523804,0.6873140931129456
keybert,1929,934,22,5,0.0,0.2727272727272727,1.0,0.42857142857142855,0.6647478342056274,0.7771998047828674
keybert,1930,935,16,5,0.0,0.1875,1.0,0.3157894736842105,0.6339556574821472,0.5833276510238647
keybert,1931,936,20,5,0.0,0.3,0.8,0.4363636363636363,0.6634659767150879,0.8581202030181885
keybert,1932,937,22,5,0.0,0.18181818181818182,1.0,0.3076923076923077,0.6455678343772888,0.7464070916175842
keybert,1933,938,22,5,0.0,0.13636363636363635,0.8,0.23300970873786406,0.6427648663520813,0.8390225172042847
keybert,1934,939,21,5,0.0,0.14285714285714285,1.0,0.25,0.6038897633552551,0.7471132278442383
keybert,1935,94,3,5,0.0,1.0,0.6,0.7499999999999999,0.7308834791183472,0.7659900784492493
keybert,1936,940,26,5,0.0,0.038461538461538464,1.0,0.07407407407407407,0.6514354944229126,0.7853062152862549
keybert,1937,941,13,5,0.058823529411764705,0.23076923076923078,1.0,0.375,0.6898038387298584,0.8057813048362732
keybert,1938,942,13,5,0.0,0.07692307692307693,0.6,0.13636363636363635,0.6731098890304565,0.8361390829086304
keybert,1939,943,12,5,0.0,0.3333333333333333,1.0,0.5,0.7084633111953735,0.7614304423332214
keybert,1940,944,13,5,0.058823529411764705,0.23076923076923078,1.0,0.375,0.6766982078552246,0.7944511771202087
keybert,1941,945,20,5,0.0,0.3,1.0,0.4615384615384615,0.6771141886711121,0.7485944628715515
keybert,1942,946,7,5,0.09090909090909091,0.2857142857142857,1.0,0.4444444444444445,0.7599352598190308,0.7435564994812012
keybert,1943,947,11,5,0.0,0.18181818181818182,1.0,0.3076923076923077,0.6598838567733765,0.6724761724472046
keybert,1944,948,9,5,0.0,0.1111111111111111,1.0,0.19999999999999998,0.7226741313934326,0.8893489837646484
keybert,1945,949,9,5,0.0,0.1111111111111111,1.0,0.19999999999999998,0.6068252325057983,0.6572558879852295
keybert,1946,95,4,5,0.0,0.0,0.0,0.0,0.3841530680656433,0.4748704433441162
keybert,1947,950,18,5,0.0,0.16666666666666666,1.0,0.2857142857142857,0.6837339997291565,0.8345593214035034
keybert,1948,951,7,5,0.0,0.2857142857142857,1.0,0.4444444444444445,0.6473876237869263,0.7642298340797424
keybert,1949,953,3,5,0.0,0.6666666666666666,1.0,0.8,0.7473943829536438,0.7982818484306335
keybert,1950,954,4,5,0.0,0.25,1.0,0.4,0.6781071424484253,0.6612853407859802
keybert,1951,955,7,5,0.0,0.14285714285714285,1.0,0.25,0.6397348642349243,0.6931211948394775
keybert,1952,956,6,5,0.0,0.3333333333333333,0.4,0.3636363636363636,0.6243983507156372,0.661630392074585
keybert,1953,957,6,5,0.0,0.16666666666666666,0.4,0.23529411764705882,0.6116878986358643,0.7540286183357239
keybert,1954,958,21,5,0.0,0.14285714285714285,1.0,0.25,0.6930673718452454,0.7701598405838013
keybert,1955,959,14,5,0.0,0.21428571428571427,1.0,0.35294117647058826,0.6416753530502319,0.8481462597846985
keybert,1956,96,6,5,0.0,0.16666666666666666,0.2,0.1818181818181818,0.410611093044281,0.43985840678215027
keybert,1957,960,17,5,0.0,0.17647058823529413,1.0,0.3,0.6907621622085571,0.8402678370475769
keybert,1958,961,16,5,0.0,0.25,1.0,0.4,0.6399978995323181,0.656197190284729
keybert,1959,962,12,5,0.0,0.16666666666666666,1.0,0.2857142857142857,0.5567220449447632,0.5880964398384094
keybert,1960,963,15,5,0.0,0.13333333333333333,1.0,0.23529411764705882,0.6852270364761353,0.7951264977455139
keybert,1961,964,17,5,0.0,0.17647058823529413,0.8,0.28915662650602414,0.6326044797897339,0.8378825187683105
keybert,1962,965,14,5,0.0,0.21428571428571427,0.8,0.3380281690140845,0.6067413091659546,0.8287904262542725
keybert,1963,966,8,5,0.0,0.25,1.0,0.4,0.6903544068336487,0.789803147315979
keybert,1964,967,12,5,0.0,0.25,1.0,0.4,0.6192920207977295,0.7794722318649292
keybert,1965,968,10,5,0.0,0.2,1.0,0.33333333333333337,0.6571719646453857,0.791782021522522
keybert,1966,969,10,5,0.0,0.2,1.0,0.33333333333333337,0.652280867099762,0.710349440574646
keybert,1967,97,5,5,0.0,0.4,0.4,0.4000000000000001,0.6459934711456299,0.8387213349342346
keybert,1968,970,20,5,0.0,0.1,0.8,0.1777777777777778,0.5983628630638123,0.7784233689308167
keybert,1969,971,10,5,0.0,0.2,1.0,0.33333333333333337,0.5764365196228027,0.7472316026687622
keybert,1970,972,10,5,0.0,0.3,0.6,0.4,0.6095618009567261,0.7755576372146606
keybert,1971,973,22,5,0.038461538461538464,0.13636363636363635,1.0,0.24000000000000002,0.6168959140777588,0.681332528591156
keybert,1972,974,8,5,0.0,0.25,0.6,0.35294117647058826,0.6573430299758911,0.7852954864501953
keybert,1973,975,11,5,0.0,0.36363636363636365,1.0,0.5333333333333333,0.688093900680542,0.7764614224433899
keybert,1974,976,13,5,0.0,0.15384615384615385,0.8,0.25806451612903225,0.611935019493103,0.7248361110687256
keybert,1975,977,12,5,0.0625,0.25,1.0,0.4,0.7229123115539551,0.8277227878570557
keybert,1976,978,14,5,0.0,0.21428571428571427,1.0,0.35294117647058826,0.6981068253517151,0.7479315996170044
keybert,1977,979,14,5,0.0,0.21428571428571427,1.0,0.35294117647058826,0.6212048530578613,0.7546680569648743
keybert,1978,98,5,5,0.0,0.4,0.4,0.4000000000000001,0.5940072536468506,0.5663214921951294
keybert,1979,980,13,5,0.0,0.46153846153846156,1.0,0.631578947368421,0.7176584601402283,0.8559902906417847
keybert,1980,981,18,5,0.0,0.05555555555555555,0.6,0.10169491525423728,0.5402447581291199,0.6896438598632812
keybert,1981,982,14,5,0.0,0.14285714285714285,1.0,0.25,0.6361100673675537,0.8109670281410217
keybert,1982,983,10,5,0.0,0.5,0.8,0.6153846153846154,0.7123849391937256,0.8296700716018677
keybert,1983,984,15,5,0.05263157894736842,0.2,1.0,0.33333333333333337,0.7189815044403076,0.747018039226532
keybert,1984,985,15,5,0.0,0.13333333333333333,0.6,0.2181818181818182,0.5736643075942993,0.6060724854469299
keybert,1985,986,16,5,0.0,0.125,0.4,0.19047619047619047,0.5943542122840881,0.692943811416626
keybert,1986,987,11,5,0.0,0.09090909090909091,0.8,0.163265306122449,0.6254084706306458,0.8140076994895935
keybert,1987,988,13,5,0.0,0.07692307692307693,1.0,0.14285714285714288,0.6257351040840149,0.6550823450088501
keybert,1988,989,10,5,0.07142857142857142,0.3,0.8,0.4363636363636363,0.6601296663284302,0.8375102281570435
keybert,1989,99,12,5,0.0,0.0,0.0,0.0,0.43622589111328125,0.5889918804168701
keybert,1990,990,18,5,0.0,0.16666666666666666,1.0,0.2857142857142857,0.6236831545829773,0.7461295127868652
keybert,1991,991,26,5,0.0,0.0,0.0,0.0,0.50091952085495,0.6440167427062988
keybert,1992,992,19,5,0.0,0.15789473684210525,0.8,0.26373626373626374,0.6663286685943604,0.7207438349723816
keybert,1993,993,23,5,0.037037037037037035,0.13043478260869565,0.8,0.22429906542056074,0.6670961380004883,0.7905665040016174
keybert,1994,994,16,5,0.0,0.25,0.8,0.38095238095238093,0.6173185110092163,0.6182371973991394
keybert,1995,995,15,5,0.0,0.06666666666666667,0.6,0.12000000000000001,0.5886978507041931,0.5483205914497375
keybert,1996,996,9,5,0.0,0.1111111111111111,0.8,0.19512195121951217,0.669145941734314,0.817687451839447
keybert,1997,997,15,5,0.0,0.2,1.0,0.33333333333333337,0.6918020248413086,0.8181527256965637
keybert,1998,998,7,5,0.0,0.14285714285714285,0.8,0.24242424242424243,0.5991121530532837,0.5576611161231995
keybert,1999,999,11,5,0.0,0.09090909090909091,0.8,0.163265306122449,0.6015239357948303,0.6558041572570801
