method,row_abs,doc_id,keywords,scores,raw_n,clean_n,candidate_n,status,error,warnings,missing_prediction,missing_raw_response,extraction_seconds
tfidf,0,100,"[""separate"", ""account industry"", ""account industry supplying"", ""account industry supplying web"", ""accounts mainstream""]","[0.19056080699737638, 0.12319173933515674, 0.12319173933515674, 0.12319173933515674, 0.12319173933515674]",5,5,73,ok,,,False,,0.002197583991801366
tfidf,1,1000,"[""universality"", ""classicism"", ""explained classical"", ""cognition"", ""classical""]","[0.3001414130970967, 0.12005656523883866, 0.12005656523883866, 0.11390113053730498, 0.10503285863683863]",5,5,262,ok,,,False,,0.0002438749943394214
tfidf,2,1001,"[""thesis"", ""atomism"", ""ibs"", ""relations"", ""lot""]","[0.20758682267875941, 0.19732870412514875, 0.14799652809386155, 0.14392925322731956, 0.1115804109562823]",5,5,347,ok,,,False,,0.00025599999935366213
tfidf,3,1002,"[""selective representing"", ""selective"", ""realist"", ""representing"", ""consistent realist""]","[0.23232198813222593, 0.19159661245337004, 0.17424149109916945, 0.16057279593815288, 0.11616099406611297]",5,5,249,ok,,,False,,0.00017016699712257832
tfidf,4,1003,"[""lob"", ""lob theorem"", ""theorem"", ""observer"", ""epistemic""]","[0.20582571214775497, 0.20582571214775497, 0.1761153923963819, 0.14863922732010357, 0.13721714143183664]",5,5,187,ok,,,False,,0.00012545801291707903
tfidf,5,1004,"[""interests"", ""individual"", ""individual interests"", ""theory"", ""individual rationality""]","[0.14108855790826266, 0.1346882967310867, 0.11405203135288079, 0.10929541329935917, 0.10820445583567936]",5,5,311,ok,,,False,,0.00019987499399576336
tfidf,6,1005,"[""difficult identify"", ""difficult identify control"", ""identify control"", ""identifiability"", ""large scale systems""]","[0.11501267760488075, 0.11501267760488075, 0.11501267760488075, 0.10911584867730817, 0.10911584867730817]",5,5,301,ok,,,False,,0.00019570899894461036
tfidf,7,1006,"[""model"", ""model order reduction"", ""order reduction"", ""model order"", ""biological""]","[0.16518332660222926, 0.1577236670970532, 0.1577236670970532, 0.14389941471436773, 0.11504180155744542]",5,5,341,ok,,,False,,0.00022124999668449163
tfidf,8,1007,"[""dic"", ""decentralized"", ""conditions dic"", ""decentralized integral"", ""decentralized integral controllability""]","[0.29410744739080524, 0.14553075514827585, 0.11764297895632209, 0.11764297895632209, 0.11764297895632209]",5,5,273,ok,,,False,,0.00017654099792707711
tfidf,9,1008,"[""qp"", ""qpschur"", ""mpc"", ""mpc applications"", ""qp algorithms""]","[0.21332165398012576, 0.21332165398012576, 0.14596823855904925, 0.10666082699006288, 0.10666082699006288]",5,5,327,ok,,,False,,0.0002127499901689589
tfidf,10,1009,"[""robust"", ""mpc"", ""feedback mpc"", ""robust constrained"", ""uncertainty""]","[0.16308671103194844, 0.15367921433643641, 0.11229533393099403, 0.11229533393099403, 0.10873242935354276]",5,5,289,ok,,,False,,0.00018554100824985653
tfidf,11,1010,"[""pid"", ""pid controller"", ""chattering"", ""tuning"", ""tuning pid""]","[0.2243709777397031, 0.20524495425741793, 0.17397264852286137, 0.16895680405085858, 0.14301450159167692]",5,5,358,ok,,,False,,0.000234208011534065
tfidf,12,1011,"[""sequence"", ""states"", ""sequences"", ""hebbian"", ""robot trajectories""]","[0.1624966941408655, 0.11791674271439748, 0.11046025550187144, 0.10568552129886129, 0.10568552129886129]",5,5,369,ok,,,False,,0.00023995799710974097
tfidf,13,1012,"[""controllers"", ""evolution"", ""braitenberg"", ""field controllers"", ""receptive""]","[0.17194524020578666, 0.1353143693398816, 0.10779010755533773, 0.10779010755533773, 0.10779010755533773]",5,5,344,ok,,,False,,0.00021962501341477036
tfidf,14,1013,"[""takeoff"", ""running"", ""controller"", ""jointed"", ""neural controllers""]","[0.18892196737903846, 0.13779747758266256, 0.1356141684681008, 0.1259479782526923, 0.1259479782526923]",5,5,239,ok,,,False,,0.0001562919933348894
tfidf,15,1014,"[""robot"", ""neural architecture"", ""neural"", ""rbf like"", ""utilised""]","[0.15679581950358806, 0.15596788063238978, 0.15446399403563757, 0.10959778858485864, 0.10397858708825986]",5,5,337,ok,,,False,,0.00021337499492801726
tfidf,16,1015,"[""lwl"", ""learning"", ""robot"", ""algorithms tested"", ""learning complex""]","[0.3233442820549507, 0.2034022988852949, 0.16521133560017834, 0.09238408058712878, 0.09238408058712878]",5,5,406,ok,,,False,,0.00027720800426322967
tfidf,17,1016,"[""cerebellar"", ""adaptive timing"", ""adaptive timing sequencing"", ""cerebellar adaptive"", ""cerebellar adaptive timing""]","[0.21867828947327386, 0.09219843280788895, 0.09219843280788895, 0.09219843280788895, 0.09219843280788895]",5,5,438,ok,,,False,,0.0002959580015158281
tfidf,18,1017,"[""cerebellar"", ""dynamics"", ""cerebellar models"", ""cerebellum"", ""robot""]","[0.1841827293788519, 0.1515828204673073, 0.12942421063618417, 0.12278848625256795, 0.0925802218837337]",5,5,251,ok,,,False,,0.0001600840041646734
tfidf,19,1018,"[""polymeric"", ""molding"", ""microlens"", ""micromolding"", ""molding process""]","[0.1848833593267237, 0.175404182211571, 0.12325557288448247, 0.12325557288448247, 0.12325557288448247]",5,5,254,ok,,,False,,0.00016545900143682957
tfidf,20,1019,"[""density"", ""density holographic"", ""density holographic storage"", ""disk type"", ""disk type photopolymer""]","[0.18127285346263394, 0.16323759617145034, 0.16323759617145034, 0.16323759617145034, 0.16323759617145034]",5,5,174,ok,,,False,,0.00011574999371077865
tfidf,21,102,"[""delays"", ""cohen grossberg"", ""grossberg"", ""harmless"", ""cohen""]","[0.2428932725822498, 0.1591051882667053, 0.1591051882667053, 0.1591051882667053, 0.150947686883065]",5,5,152,ok,,,False,,0.00010079100320581347
tfidf,22,1020,"[""imagery"", ""blind deconvolution"", ""multiframe"", ""multiframe blind"", ""multiframe blind deconvolution""]","[0.14124549017033677, 0.1330018001133821, 0.1330018001133821, 0.1330018001133821, 0.1330018001133821]",5,5,409,ok,,,False,,0.0002695419971132651
tfidf,23,1021,"[""data buses"", ""fiber data"", ""fiber data buses"", ""optical fiber data"", ""optical fiber data buses""]","[0.20059405214848286, 0.20059405214848286, 0.20059405214848286, 0.20059405214848286, 0.20059405214848286]",5,5,130,ok,,,False,,9.029200009535998e-05
tfidf,24,1022,"[""pixels"", ""bad"", ""bad pixels"", ""principal"", ""principal components""]","[0.3695126267464519, 0.18475631337322596, 0.16092254355646735, 0.11406797921792626, 0.09237815668661298]",5,5,297,ok,,,False,,0.00019158399663865566
tfidf,25,1023,"[""window operator"", ""window"", ""dual window"", ""dual window operator"", ""edge""]","[0.195152377298139, 0.1489618286196083, 0.130101584865426, 0.130101584865426, 0.1245217141063968]",5,5,232,ok,,,False,,0.00014941599511075765
tfidf,26,1024,"[""risk"", ""aversion"", ""transmission"", ""rational"", ""tree""]","[0.1725693068225259, 0.14474784696619789, 0.12458247961675836, 0.10354158409351553, 0.10004462634058463]",5,5,407,ok,,,False,,0.00026287499349564314
tfidf,27,1025,"[""watermarking"", ""remote sensing"", ""sensing"", ""watermarking techniques"", ""remote""]","[0.2058222678322647, 0.16991275081991003, 0.14608997585002959, 0.13967705601370448, 0.12494382991037427]",5,5,420,ok,,,False,,0.00026862500817514956
tfidf,28,1026,"[""coastal"", ""areas"", ""spot"", ""coastal management"", ""coastal zone""]","[0.25304910408167125, 0.17359558969060881, 0.1452637353949169, 0.12652455204083563, 0.12652455204083563]",5,5,449,ok,,,False,,0.0002944589941762388
tfidf,29,1027,"[""road"", ""ikonos"", ""ikonos data"", ""road network"", ""road structure""]","[0.20270162183998006, 0.15819464790034954, 0.11116252593508749, 0.11116252593508749, 0.11116252593508749]",5,5,307,ok,,,False,,0.00019674999930430204
tfidf,30,1028,"[""super resolution"", ""super"", ""nm"", ""pits"", ""resolution pits""]","[0.2529760224580818, 0.23575221189172627, 0.1599883980123622, 0.1599883980123622, 0.1599883980123622]",5,5,238,ok,,,False,,0.00015691699809394777
tfidf,31,1029,"[""birefringence"", ""insulation layer"", ""insulation"", ""birefringence distribution"", ""layer""]","[0.2709360918630876, 0.225780076552573, 0.21420407889378734, 0.1806240612420584, 0.17703516554732654]",5,5,346,ok,,,False,,0.00022516700846608728
tfidf,32,1030,"[""dem"", ""aster"", ""stereo"", ""spot"", ""track""]","[0.2974371263526655, 0.21245509025190398, 0.19383370741389735, 0.182940896742091, 0.1565909417378841]",5,5,373,ok,,,False,,0.00024258300254587084
tfidf,33,1031,"[""compression"", ""hyperspectral"", ""compression ratios"", ""ratios"", ""noise""]","[0.24428577631465792, 0.20196609944067215, 0.14370830331563825, 0.11715524647766518, 0.11468200025572324]",5,5,300,ok,,,False,,0.0001903749944176525
tfidf,34,1032,"[""satellite"", ""collection"", ""daily collection"", ""image collection"", ""daily""]","[0.3282396913907266, 0.24991193007221182, 0.11955464202252726, 0.11955464202252726, 0.09681644867348384]",5,5,251,ok,,,False,,0.00016254100773949176
tfidf,35,1033,"[""binary"", ""msd"", ""digits"", ""digit"", ""addition""]","[0.17364588943083523, 0.1710937237913744, 0.16453341799278817, 0.14604095457873784, 0.12574115332045738]",5,5,229,ok,,,False,,0.00014887499855831265
tfidf,36,1034,"[""flexible"", ""current damper"", ""eddy current damper"", ""eddy"", ""eddy current""]","[0.18828328091107238, 0.17704830104037983, 0.17704830104037983, 0.16797083614786448, 0.16797083614786448]",5,5,247,ok,,,False,,0.00015654199523851275
tfidf,37,1035,"[""dva"", ""sub optimization"", ""type dva"", ""optimization"", ""sub""]","[0.22129718396888529, 0.1770377471751082, 0.1770377471751082, 0.1688867272973006, 0.15815678356377608]",5,5,405,ok,,,False,,0.00026170800265390426
tfidf,38,1036,"[""manipulator"", ""control"", ""actuated"", ""memory alloy"", ""shape memory""]","[0.19863675168020653, 0.13477295218507082, 0.12237303436971063, 0.12237303436971063, 0.12237303436971063]",5,5,406,ok,,,False,,0.00026324999635107815
tfidf,39,1037,"[""amplitude process"", ""stochastic"", ""amplitude"", ""feedback"", ""feedback control""]","[0.18414466389152315, 0.1557893506520004, 0.14666871026240222, 0.13300193768170893, 0.13172306601664904]",5,5,247,ok,,,False,,0.00015929099754430354
tfidf,40,1038,"[""wave"", ""analysis control longitudinal"", ""analysis control longitudinal vibrations"", ""control longitudinal"", ""control longitudinal vibrations""]","[0.17327859386631977, 0.1291409314559106, 0.1291409314559106, 0.1291409314559106, 0.1291409314559106]",5,5,229,ok,,,False,,0.0001469169947085902
tfidf,41,1039,"[""absorber"", ""vibration"", ""absorber reduce"", ""structural vibration"", ""vibration absorber reduce""]","[0.27553945756306875, 0.19767292243679752, 0.14521506813297297, 0.14521506813297297, 0.14521506813297297]",5,5,173,ok,,,False,,0.00011208400246687233
tfidf,42,1040,"[""time variant"", ""plants"", ""asymptotically constant"", ""asymptotically constant coefficients"", ""crone""]","[0.22793455274712732, 0.181546758777394, 0.17095091456034547, 0.17095091456034547, 0.17095091456034547]",5,5,171,ok,,,False,,0.00011262499901931733
tfidf,43,1041,"[""suspension"", ""fractional"", ""fractional differentiation"", ""differentiation"", ""vibration""]","[0.301550592989942, 0.19858816850550842, 0.19170345325628227, 0.1625136240393045, 0.0953415086742012]",5,5,191,ok,,,False,,0.00012174999574199319
tfidf,44,1042,"[""trajectory"", ""redundant manipulators"", ""arms"", ""trajectory planning"", ""manipulators""]","[0.2016339756174796, 0.14093894786999323, 0.13371284999862124, 0.13371284999862124, 0.12858585196647213]",5,5,206,ok,,,False,,0.00013124999532010406
tfidf,45,1043,"[""cutting table"", ""xy cutting"", ""xy cutting table"", ""xy"", ""table""]","[0.1691751214731924, 0.1691751214731924, 0.1691751214731924, 0.16050132332412304, 0.13084541157464818]",5,5,281,ok,,,False,,0.0001752920070430264
tfidf,46,1044,"[""continued fraction"", ""continued"", ""fractional order"", ""fraction"", ""fractional""]","[0.18910891584820158, 0.17253379159057894, 0.16283796545507612, 0.15595866733295632, 0.13404754490055593]",5,5,222,ok,,,False,,0.00014350000128615648
tfidf,47,1045,"[""fractional order"", ""fractional"", ""reference"", ""order"", ""foc""]","[0.2922050181498515, 0.24054197177633035, 0.17421796866762676, 0.14152293114820777, 0.13573879784924545]",5,5,155,ok,,,False,,0.00010358300642110407
tfidf,48,1046,"[""frequency"", ""attitude control"", ""flexible spacecraft"", ""flexible spacecraft attitude"", ""flexible spacecraft attitude control""]","[0.1392743416559322, 0.12895134599456326, 0.12895134599456326, 0.12895134599456326, 0.12895134599456326]",5,5,218,ok,,,False,,0.00013929199485573918
tfidf,49,1047,"[""fractional order"", ""fractional"", ""fractional order systems"", ""order systems"", ""order""]","[0.3361359655930795, 0.30745083047301974, 0.21686966840949903, 0.19786135415062878, 0.18088877542315904]",5,5,346,ok,,,False,,0.00022108301345724612
tfidf,50,1048,"[""parallel distributed"", ""computation language"", ""language"", ""computation"", ""languages""]","[0.28277795319060367, 0.22622236255248293, 0.219358687646598, 0.16989210164337912, 0.16182224652731175]",5,5,233,ok,,,False,,0.00015175000589806587
tfidf,51,1049,"[""documents"", ""html"", ""html xml"", ""xml documents"", ""xml""]","[0.28604166094988487, 0.23887252302227172, 0.23710938091423006, 0.2209658467535993, 0.21658165820451744]",5,5,273,ok,,,False,,0.00017345900414511561
tfidf,52,105,"[""ghz"", ""ghz paradox"", ""greenberger"", ""greenberger horne"", ""greenberger horne zeilinger""]","[0.21279905087956338, 0.16475354377749038, 0.16475354377749038, 0.16475354377749038, 0.16475354377749038]",5,5,127,ok,,,False,,8.779199561104178e-05
tfidf,53,1050,"[""inliner"", ""compiler"", ""haskell"", ""glasgow"", ""glasgow haskell""]","[0.18069664171278307, 0.17954385102831721, 0.15207211495430198, 0.12046442780852205, 0.12046442780852205]",5,5,264,ok,,,False,,0.00016729200433474034
tfidf,54,1051,"[""type"", ""types"", ""simulating"", ""data"", ""dependent types""]","[0.1930619445888166, 0.16743739897428098, 0.13931765103648336, 0.12810917949359135, 0.12167846868918564]",5,5,260,ok,,,False,,0.00016737500845920295
tfidf,55,1052,"[""server"", ""concurrent haskell"", ""server applications"", ""server written"", ""haskell""]","[0.2067044041137944, 0.1249245629798747, 0.1249245629798747, 0.1249245629798747, 0.1051350059526175]",5,5,260,ok,,,False,,0.00016295899695251137
tfidf,56,1053,"[""haskell"", ""overloading"", ""semantics"", ""type"", ""haskell 98""]","[0.18202740970101014, 0.16221781509318844, 0.12724922778521666, 0.1143928737076864, 0.10814521006212563]",5,5,313,ok,,,False,,0.00020183400192763656
tfidf,57,1054,"[""priming"", ""risk"", ""preferences"", ""priming risk"", ""priming risk attitudes""]","[0.29190497490599, 0.22009089101541954, 0.14949729389326366, 0.12307203097291314, 0.12307203097291314]",5,5,221,ok,,,False,,0.000145334008266218
tfidf,58,1055,"[""choice"", ""rational choice"", ""payoff"", ""participants"", ""probability""]","[0.16998489616042078, 0.15885048879310085, 0.14803519214656308, 0.1449777337007793, 0.12918001206996255]",5,5,286,ok,,,False,,0.0001790410024113953
tfidf,59,1056,"[""auditors"", ""judgments"", ""recency"", ""self review"", ""audit""]","[0.3162518430442216, 0.28703483550283077, 0.1666713484196112, 0.1666713484196112, 0.1581259215221108]",5,5,382,ok,,,False,,0.00024824999854899943
tfidf,60,1057,"[""price"", ""accept"", ""preference reversal"", ""reversal"", ""preference""]","[0.2820979474414865, 0.17433547719409015, 0.157745589400524, 0.13583162233404253, 0.13275678605571764]",5,5,377,ok,,,False,,0.00024824999854899943
tfidf,61,1058,"[""preference"", ""stimuli"", ""physical size"", ""preference judgments"", ""participants""]","[0.26380930295235333, 0.2538477430408543, 0.12538644605660998, 0.12538644605660998, 0.12214002004335642]",5,5,228,ok,,,False,,0.00014712499978486449
tfidf,62,1059,"[""decision"", ""dp"", ""decision process"", ""decisions"", ""realization""]","[0.21877928042173167, 0.18916340276009733, 0.14953961583043884, 0.12795402404280812, 0.11274380557105121]",5,5,362,ok,,,False,,0.00023387500550597906
tfidf,63,106,"[""quantum zeno"", ""zeno"", ""quantum"", ""subspaces"", ""adiabatic""]","[0.2003247355071302, 0.2003247355071302, 0.1813488665845774, 0.17249568701716794, 0.1001623677535651]",5,5,101,ok,,,False,,7.500000356230885e-05
tfidf,64,1060,"[""wheat"", ""mass"", ""varieties"", ""spectra"", ""mass spectra""]","[0.21673449968151992, 0.18175612934906182, 0.15421670916778937, 0.1211353864936223, 0.10836724984075996]",5,5,302,ok,,,False,,0.00019224999414291233
tfidf,65,1061,"[""boot"", ""boot sequence"", ""efi"", ""sequence"", ""interface""]","[0.19425132840576115, 0.14194188774358069, 0.14194188774358069, 0.08729705728837321, 0.08490035946148149]",5,5,207,ok,,,False,,0.00013404199853539467
tfidf,66,1062,"[""fidelity"", ""quantum"", ""average fidelity"", ""quantum channels"", ""channels""]","[0.24744258227614116, 0.2172937241316355, 0.18002307637966966, 0.18002307637966966, 0.17014287811094386]",5,5,223,ok,,,False,,0.0001452089927624911
tfidf,67,1063,"[""principle"", ""states"", ""quantum"", ""storing"", ""disturb""]","[0.18637660705218273, 0.18564168245921614, 0.1434519592997328, 0.11187301280144611, 0.0950774372487062]",5,5,419,ok,,,False,,0.00027712500013876706
tfidf,68,1064,"[""discrimination"", ""quantum"", ""measurement device"", ""state program"", ""measurement""]","[0.18590588193796267, 0.16920077161047722, 0.14017912184467615, 0.14017912184467615, 0.13341801844182802]",5,5,191,ok,,,False,,0.0001233749935636297
tfidf,69,1065,"[""admissible minimum"", ""admissible minimum rate"", ""minimum rate"", ""quantum universal"", ""quantum universal variable""]","[0.16024219227641834, 0.16024219227641834, 0.16024219227641834, 0.16024219227641834, 0.16024219227641834]",5,5,129,ok,,,False,,8.833401079755276e-05
tfidf,70,1066,"[""ann"", ""clusters"", ""silicon clusters"", ""genetic algorithm"", ""genetic""]","[0.1781253849938865, 0.16046695584005105, 0.15110141895293971, 0.1501374369634161, 0.13816375226577837]",5,5,345,ok,,,False,,0.00022183300461620092
tfidf,71,1067,"[""quantum"", ""quantum systems"", ""adder subtractor"", ""adder subtractor operations"", ""half adder""]","[0.19178353854644511, 0.13103576057421695, 0.105925632063491, 0.105925632063491, 0.105925632063491]",5,5,326,ok,,,False,,0.0002340420032851398
tfidf,72,1068,"[""phase gate"", ""quantum phase"", ""quantum phase gate"", ""gate"", ""beam""]","[0.21593077499961968, 0.21593077499961968, 0.21593077499961968, 0.17198591371516295, 0.1458961729534728]",5,5,79,ok,,,False,,6.929200026206672e-05
tfidf,73,1069,"[""atoms"", ""cavity"", ""kappa"", ""number atoms"", ""gamma""]","[0.3539066950354791, 0.2323741572626612, 0.14961070240992266, 0.14961070240992266, 0.12560267128612687]",5,5,261,ok,,,False,,0.00016895799490157515
tfidf,74,107,"[""photons"", ""quantum"", ""cavity"", ""branch"", ""networking""]","[0.18518954586273573, 0.12641160298773546, 0.12345969724182382, 0.11751848273393266, 0.10527932705618609]",5,5,207,ok,,,False,,0.00013166600547265261
tfidf,75,1070,"[""hamiltonian"", ""quantum"", ""body"", ""body entangling"", ""fixed body""]","[0.22049463679834838, 0.15051109045074032, 0.13379609847015128, 0.12469513162647389, 0.12469513162647389]",5,5,236,ok,,,False,,0.00015666701074223965
tfidf,76,1071,"[""entangled qubits"", ""entangled"", ""qubits"", ""parties"", ""coding entangled""]","[0.3697469795980888, 0.36303703319857283, 0.28597405636656364, 0.1555872999422455, 0.12324899319936292]",5,5,126,ok,,,False,,8.837500354275107e-05
tfidf,77,1072,"[""rydberg"", ""register"", ""retrieval"", ""atom data"", ""atom data register""]","[0.1808069039012265, 0.14911197417930389, 0.13326450931834258, 0.12053793593415099, 0.12053793593415099]",5,5,236,ok,,,False,,0.00015249999705702066
tfidf,78,1073,"[""retrodiction"", ""quantum"", ""open systems"", ""quantum retrodiction"", ""retrodiction open""]","[0.2705608522082666, 0.17211227541948648, 0.17110948653970814, 0.17110948653970814, 0.17110948653970814]",5,5,260,ok,,,False,,0.00016250000044237822
tfidf,79,1074,"[""decoherence"", ""quantum"", ""extra"", ""extra qubits"", ""general condition""]","[0.22030510614094523, 0.16121893989248184, 0.1476684821848801, 0.13356634963157774, 0.13356634963157774]",5,5,213,ok,,,False,,0.0001392499980283901
tfidf,80,1075,"[""error correction"", ""quantum"", ""noisy"", ""correction"", ""methods""]","[0.1846454168804028, 0.15661168315462998, 0.14344846554187043, 0.14195647942737077, 0.13487213492981076]",5,5,219,ok,,,False,,0.00013958300405647606
tfidf,81,1076,"[""quantum"", ""vacuum photon"", ""vacuum"", ""photon"", ""et""]","[0.15695435178238523, 0.1300332320777239, 0.11196905686922254, 0.10200253504093108, 0.08444432962663831]",5,5,241,ok,,,False,,0.0001541660021757707
tfidf,82,1077,"[""matching"", ""quantum"", ""sub"", ""quantum matching"", ""pattern""]","[0.21390121324174463, 0.18966917363593352, 0.13751334766724208, 0.13468863704626716, 0.09100396497629541]",5,5,404,ok,,,False,,0.0002657080040080473
tfidf,83,1078,"[""defuzzification"", ""fuzzy"", ""action aggregation"", ""action aggregation defuzzification"", ""action aggregation defuzzification mamdani""]","[0.19098954267500595, 0.17945013892185382, 0.1273263617833373, 0.1273263617833373, 0.1273263617833373]",5,5,201,ok,,,False,,0.0001280410069739446
tfidf,84,1079,"[""finger"", ""robot hand"", ""robot"", ""sma"", ""hand""]","[0.21087953033967347, 0.16670689728230137, 0.15899922138812278, 0.1435480281774164, 0.11184190954498524]",5,5,285,ok,,,False,,0.00017795800522435457
tfidf,85,108,"[""decoherence"", ""quantum"", ""implementation quantum algorithms"", ""random switching"", ""implementation quantum""]","[0.18488909648951996, 0.1804020775602546, 0.14945915772517512, 0.14945915772517512, 0.13635927769242753]",5,5,165,ok,,,False,,0.00011058300151489675
tfidf,86,1080,"[""braking"", ""caravan"", ""snaking"", ""active"", ""design""]","[0.15770370790964197, 0.15770370790964197, 0.15770370790964197, 0.09986824688041399, 0.09736075816604753]",5,5,152,ok,,,False,,9.804200090002269e-05
tfidf,87,1081,"[""geometric theory"", ""au"", ""methods"", ""splitting"", ""stability""]","[0.13192059467647418, 0.12686231770972642, 0.1156318692063763, 0.11467479977330651, 0.11229117032119837]",5,5,217,ok,,,False,,0.00013945798855274916
tfidf,88,1082,"[""bvps"", ""bvms"", ""nonlinear"", ""linear"", ""approximation nonlinear""]","[0.25459536766923635, 0.15275722060154182, 0.13168938469929817, 0.11157033774252179, 0.10183814706769453]",5,5,349,ok,,,False,,0.00022079198970459402
tfidf,89,1083,"[""differential algebraic"", ""algebraic"", ""differential"", ""algebraic systems"", ""differential algebraic systems""]","[0.20711189704655802, 0.16848395198845267, 0.15021264320149977, 0.11912959375977304, 0.11912959375977304]",5,5,244,ok,,,False,,0.00015691699809394777
tfidf,90,1084,"[""numerical solution"", ""solution"", ""pdaes"", ""quasi linear"", ""numerical""]","[0.18462000321827707, 0.14359152438713993, 0.12387025744585141, 0.117519290469133, 0.11673016741781109]",5,5,262,ok,,,False,,0.00016341698938049376
tfidf,91,1085,"[""perturbed"", ""martin"", ""lopez"", ""lopez martin"", ""perturbed linear""]","[0.22228777134006233, 0.16671582850504674, 0.12182135179694124, 0.12182135179694124, 0.12182135179694124]",5,5,249,ok,,,False,,0.00019591700402088463
tfidf,92,1086,"[""ivps"", ""odes"", ""ivps odes"", ""methods ivps"", ""methods ivps odes""]","[0.2521455553450423, 0.20794516540461117, 0.2017164442760338, 0.2017164442760338, 0.2017164442760338]",5,5,288,ok,,,False,,0.00025579199427738786
tfidf,93,1087,"[""differential systems"", ""stiff differential"", ""stiff differential systems"", ""matlab"", ""stiff""]","[0.13431367855802134, 0.13431367855802134, 0.13431367855802134, 0.11303677241592934, 0.10876845220120542]",5,5,237,ok,,,False,,0.00018104199261870235
tfidf,94,1088,"[""corrector methods"", ""implicit predictor"", ""implicit predictor corrector"", ""implicit predictor corrector methods"", ""parallel implicit""]","[0.13060339964261006, 0.13060339964261006, 0.13060339964261006, 0.13060339964261006, 0.13060339964261006]",5,5,227,ok,,,False,,0.00016154200420714915
tfidf,95,1089,"[""stabilizing corrections"", ""corrections"", ""stabilizing"", ""splitting"", ""accuracy""]","[0.1787300661618944, 0.1580214901306732, 0.1580214901306732, 0.1473992001165885, 0.0950790035906922]",5,5,137,ok,,,False,,9.691700688563287e-05
tfidf,96,109,"[""entanglement measure"", ""entanglement"", ""measure"", ""dense coding"", ""dense""]","[0.2789499803994318, 0.21574877367466472, 0.17328072179380372, 0.16966694410489672, 0.14020758392149732]",5,5,108,ok,,,False,,9.025000326801091e-05
tfidf,97,1090,"[""contractivity"", ""explicit linear"", ""explicit linear multistep"", ""explicit linear multistep methods"", ""implicit explicit linear""]","[0.14746882182721258, 0.14746882182721258, 0.14746882182721258, 0.14746882182721258, 0.14746882182721258]",5,5,161,ok,,,False,,0.0001092910097213462
tfidf,98,1091,"[""snaking"", ""pintle"", ""friction"", ""damping"", ""pintle pin""]","[0.2262269927824878, 0.19076218534200806, 0.16054315510951453, 0.14382312416059037, 0.14307163900650605]",5,5,379,ok,,,False,,0.00024829100584611297
tfidf,99,1092,"[""stretcher"", ""acs"", ""transportation"", ""head"", ""ride quality""]","[0.3016515439905957, 0.23461786754824107, 0.2256589353985781, 0.2073838968066366, 0.16758419110588652]",5,5,463,ok,,,False,,0.0003193750017089769
tfidf,100,1093,"[""thermal stress"", ""start"", ""stress"", ""thermal"", ""combined cycle""]","[0.17678907816681738, 0.17193051976975154, 0.13328824836975336, 0.12318411897390387, 0.11785938544454493]",5,5,275,ok,,,False,,0.00017529199249111116
tfidf,101,1094,"[""cis"", ""efficient allocation"", ""information"", ""business"", ""knowledge""]","[0.1377352715932513, 0.1377352715932513, 0.12418108501040134, 0.10239082956728825, 0.10239082956728825]",5,5,229,ok,,,False,,0.00014758401084691286
tfidf,102,1095,"[""fault"", ""learning"", ""monitoring"", ""fault database"", ""fault signatures""]","[0.21184594963781164, 0.12237292747701087, 0.11850602818227302, 0.08892965678893898, 0.08892965678893898]",5,5,477,ok,,,False,,0.00031458400189876556
tfidf,103,1096,"[""strategies"", ""control strategies"", ""job"", ""control"", ""job sequencing""]","[0.15004206996738706, 0.14364865937173102, 0.1424497084260543, 0.11865330871709434, 0.10831579245897065]",5,5,338,ok,,,False,,0.00021729100262746215
tfidf,104,1097,"[""sensor"", ""arc"", ""seam"", ""seam tracking"", ""arc welding""]","[0.20773859555904728, 0.18552970277929604, 0.17738549504527437, 0.17738549504527437, 0.1568327078737333]",5,5,222,ok,,,False,,0.0001512080052634701
tfidf,105,1098,"[""arc"", ""instability"", ""gmaw"", ""gmaw process"", ""process""]","[0.2557931593536906, 0.1604493389443065, 0.13975119585068133, 0.13975119585068133, 0.1119556983714191]",5,5,373,ok,,,False,,0.00024199999461416155
tfidf,106,1099,"[""webcad"", ""aided design"", ""computer aided design"", ""design"", ""computer aided""]","[0.2126069234831323, 0.134195567505614, 0.134195567505614, 0.12452643819227942, 0.11752713830747907]",5,5,314,ok,,,False,,0.00020337500609457493
tfidf,107,11,"[""social capital"", ""capital"", ""innovation"", ""social"", ""assets""]","[0.36114584028429264, 0.29903486460733886, 0.2450367611284652, 0.24228895780613707, 0.17738980184454647]",5,5,361,ok,,,False,,0.00023195899848360568
tfidf,108,110,"[""scheme class chaotic"", ""scheme class chaotic systems"", ""synchronization scheme"", ""synchronization scheme class"", ""synchronization scheme class chaotic""]","[0.16669047609549106, 0.16669047609549106, 0.16669047609549106, 0.16669047609549106, 0.16669047609549106]",5,5,130,ok,,,False,,8.749999688006938e-05
tfidf,109,1100,"[""feature"", ""algorithms"", ""feature detection"", ""face sets"", ""detection""]","[0.17622847612606865, 0.16537261041688317, 0.1623057901794756, 0.10820386011965041, 0.1010156664068651]",5,5,318,ok,,,False,,0.00020120800763834268
tfidf,110,1101,"[""faces"", ""algorithms"", ""dimensional convex"", ""dimensional convex hull"", ""face inner""]","[0.16185433423185833, 0.1374271867196446, 0.11373416778353294, 0.11373416778353294, 0.11373416778353294]",5,5,283,ok,,,False,,0.00018241700308863074
tfidf,111,1102,"[""hl7"", ""hl7 message"", ""message"", ""encoder decoder"", ""encoder""]","[0.3716391939662011, 0.20271228761792787, 0.19714130157395304, 0.1602658344669455, 0.15412070617193693]",5,5,564,ok,,,False,,0.00039062499126885086
tfidf,112,1103,"[""computing"", ""autonomic"", ""autonomic computing"", ""computing autonomic"", ""computing autonomic computing""]","[0.19257102428774114, 0.15089228346724692, 0.15089228346724692, 0.15089228346724692, 0.15089228346724692]",5,5,179,ok,,,False,,0.00012075000267941505
tfidf,113,1104,"[""multi view"", ""decoder"", ""multi view images"", ""view images"", ""images decoder""]","[0.24380609929488709, 0.2099366335883694, 0.19504487943590965, 0.19504487943590965, 0.14628365957693223]",5,5,298,ok,,,False,,0.00019337500270921737
tfidf,114,1105,"[""plant"", ""peano"", ""thermal performance"", ""thermal performance monitoring"", ""monitoring""]","[0.14019308816034395, 0.10659990539215877, 0.10659990539215877, 0.10659990539215877, 0.10653980782765758]",5,5,358,ok,,,False,,0.00022916600573807955
tfidf,115,1106,"[""halden"", ""programme"", ""based support"", ""based support areas"", ""computer based support""]","[0.21665029763025545, 0.1386951062898308, 0.11417924681152164, 0.11417924681152164, 0.11417924681152164]",5,5,233,ok,,,False,,0.00015170899860095233
tfidf,116,1107,"[""dimensional metrology"", ""metrology"", ""gd"", ""knowledge"", ""dimensional""]","[0.20314203544992915, 0.18533692845945945, 0.15235652658744686, 0.1258445596947397, 0.10397016042212902]",5,5,368,ok,,,False,,0.0002382500097155571
tfidf,117,1108,"[""data set"", ""cement"", ""data"", ""cement data"", ""cement data set""]","[0.21865233030100867, 0.18117731649320895, 0.15079588132315278, 0.14322636361085495, 0.14322636361085495]",5,5,359,ok,,,False,,0.00023729099484626204
tfidf,118,1109,"[""database"", ""acyclic"", ""gamma acyclic"", ""gamma"", ""acyclic database""]","[0.250261240059543, 0.23586916443671826, 0.23586916443671826, 0.1878665686396599, 0.1769018733275387]",5,5,217,ok,,,False,,0.00014329100667964667
tfidf,119,111,"[""rossler chen"", ""rossler"", ""chen"", ""systems"", ""parameters""]","[0.15607265062123263, 0.14239310745606537, 0.13798927818597365, 0.1368315095331999, 0.12952885919398488]",5,5,321,ok,,,False,,0.00020629199570976198
tfidf,120,1110,"[""smoke"", ""density"", ""particle"", ""density functions"", ""rendering""]","[0.2739142762909504, 0.21900788185454712, 0.18071831379160888, 0.16434856577457024, 0.13553873534370667]",5,5,246,ok,,,False,,0.00016224999853875488
tfidf,121,1111,"[""deg"", ""deg sub"", ""deg sub wtt"", ""sub wtt"", ""wtt""]","[0.4161913762329349, 0.4161913762329349, 0.2497148257397609, 0.2497148257397609, 0.2497148257397609]",5,5,126,ok,,,False,,9.133300045505166e-05
tfidf,122,1112,"[""subdivision"", ""surfaces"", ""blending"", ""subdivision surfaces"", ""parametric""]","[0.25077180485029665, 0.2238108839635091, 0.20702000633338724, 0.17018113638354251, 0.12289811779369973]",5,5,247,ok,,,False,,0.00016658300592098385
tfidf,123,1113,"[""spotting"", ""word spotting"", ""confidence"", ""word"", ""keyword""]","[0.20314381250828373, 0.20314381250828373, 0.18521340674748282, 0.16450772771615313, 0.1523578593812128]",5,5,328,ok,,,False,,0.00021041699801571667
tfidf,124,1114,"[""social"", ""algebraic modelling"", ""mas"", ""algebraic"", ""distributed problem""]","[0.2240851725767458, 0.2226746902493513, 0.211257909227944, 0.1867376438139548, 0.16700601768701348]",5,5,200,ok,,,False,,0.00013670799671672285
tfidf,125,1115,"[""wavelets"", ""point wavelets"", ""point"", ""point subdivision"", ""point subdivision scheme""]","[0.43539915739236434, 0.20225716376542655, 0.15408317762590087, 0.10112858188271327, 0.10112858188271327]",5,5,320,ok,,,False,,0.00020212499657645822
tfidf,126,1116,"[""chinese"", ""chinese english"", ""interlingua"", ""english"", ""based chinese""]","[0.25907499187523747, 0.21976990471578925, 0.21976990471578925, 0.18923953950908015, 0.14651326981052615]",5,5,157,ok,,,False,,0.00010345900955144316
tfidf,127,1117,"[""subterms"", ""attack"", ""strand"", ""data subterms"", ""security protocols""]","[0.18037711393223108, 0.14607104582020675, 0.1352828354491733, 0.09018855696611554, 0.09018855696611554]",5,5,465,ok,,,False,,0.0003053330001421273
tfidf,128,1118,"[""proteus"", ""proteus test"", ""run time"", ""run"", ""parallelizing""]","[0.23933327242208688, 0.23933327242208688, 0.23257714223369552, 0.18325488874262774, 0.1692823201295352]",5,5,322,ok,,,False,,0.00020687500364147127
tfidf,129,1119,"[""cbsd"", ""scm"", ""configuration management"", ""configuration"", ""component based""]","[0.23846904859106988, 0.23846904859106988, 0.1788517864433024, 0.16353806658917266, 0.16317568481319664]",5,5,220,ok,,,False,,0.00014874999760650098
tfidf,130,112,"[""hardy"", ""paradox"", ""counterfactual"", ""actually"", ""measurements""]","[0.2185401796383278, 0.20733537961136528, 0.14569345309221854, 0.10857297923404025, 0.09244425539608014]",5,5,187,ok,,,False,,0.00011962499411311
tfidf,131,1120,"[""diffserv"", ""aggregated"", ""flows"", ""aggregated flows"", ""diffserv domain""]","[0.4094432389376678, 0.18197477286118569, 0.1748790908028698, 0.14385677793608262, 0.09590451862405508]",5,5,352,ok,,,False,,0.00022724999871570617
tfidf,132,1121,"[""wavelengths"", ""converter"", ""wavelength"", ""optical"", ""optical ring""]","[0.23917708212751507, 0.2280841562456743, 0.21708064611948744, 0.1574105526940465, 0.15126160115507759]",5,5,280,ok,,,False,,0.00017733398999553174
tfidf,133,1122,"[""initiated"", ""broadcast"", ""video"", ""service"", ""batching""]","[0.19827184724797614, 0.16645516165646332, 0.13571725505414586, 0.10752387452150589, 0.10449341833510359]",5,5,328,ok,,,False,,0.0002092079957947135
tfidf,134,1123,"[""mobile database"", ""tlrsp"", ""replication"", ""mobile"", ""database""]","[0.21527487455496092, 0.21527487455496092, 0.18536895750735138, 0.16631782663655936, 0.16315024593172978]",5,5,299,ok,,,False,,0.00018679200729820877
tfidf,135,1124,"[""schema"", ""html"", ""defined schema"", ""extracting data"", ""html page""]","[0.2027052996041849, 0.16699805926877992, 0.10483422619442372, 0.10483422619442372, 0.10483422619442372]",5,5,353,ok,,,False,,0.00022333300148602575
tfidf,136,1125,"[""finite automata"", ""automata"", ""finite"", ""input memory"", ""input memory finite""]","[0.317327941015763, 0.24396358215439182, 0.2206752070142102, 0.19112968525772767, 0.19112968525772767]",5,5,181,ok,,,False,,0.0001205000007757917
tfidf,137,1126,"[""core market"", ""core market games"", ""weak symmetry"", ""market games"", ""weak""]","[0.19807171184402406, 0.19807171184402406, 0.19807171184402406, 0.18791635310915275, 0.18253361106138227]",5,5,175,ok,,,False,,0.00012129099923186004
tfidf,138,1127,"[""game"", ""differential game"", ""differential"", ""dual"", ""repeated""]","[0.28893793643795296, 0.18916354412101075, 0.18602250654112878, 0.18058621027372063, 0.15826191974838416]",5,5,279,ok,,,False,,0.0001790410024113953
tfidf,139,1128,"[""game"", ""value"", ""max value"", ""min max value"", ""stochastic""]","[0.13435376962136414, 0.13024174235581537, 0.1285462188765299, 0.1285462188765299, 0.12234619232170259]",5,5,232,ok,,,False,,0.00014849999570287764
tfidf,140,1129,"[""stochastic games"", ""stochastic"", ""games"", ""nash"", ""person""]","[0.20678684221636517, 0.18439936001497273, 0.1574035754068881, 0.14530799882301676, 0.11398458690016265]",5,5,187,ok,,,False,,0.00011900000390596688
tfidf,141,113,"[""quantum"", ""speed"", ""computational time speed"", ""time speed"", ""quantum computer""]","[0.19854415393735475, 0.17604691143166537, 0.164489469412143, 0.164489469412143, 0.14543088147109054]",5,5,143,ok,,,False,,9.825000597629696e-05
tfidf,142,1130,"[""node"", ""capacitated"", ""multicommodity"", ""multicommodity flow"", ""node capacitated""]","[0.26854403799898113, 0.2175485383993058, 0.17403883071944462, 0.17403883071944462, 0.17403883071944462]",5,5,371,ok,,,False,,0.00023945899738464504
tfidf,143,1131,"[""feedback vertex"", ""vertex"", ""min max"", ""bipartite"", ""max""]","[0.19009523382117088, 0.18888248292202178, 0.1734336602129919, 0.15998185675120352, 0.1514082579553063]",5,5,200,ok,,,False,,0.00012858300760854036
tfidf,144,1132,"[""relaxations"", ""algebraic"", ""algebraic set"", ""lp"", ""lp relaxations""]","[0.264972498888037, 0.13332545354599482, 0.1324862494440185, 0.1324862494440185, 0.1324862494440185]",5,5,203,ok,,,False,,0.00013000000035390258
tfidf,145,1133,"[""gamma"", ""analytic center"", ""cutting plane"", ""semidefinite"", ""analytic""]","[0.20807456136938005, 0.17416039226176455, 0.17416039226176455, 0.15398128192946506, 0.12836566921212947]",5,5,399,ok,,,False,,0.00026020800578407943
tfidf,146,1134,"[""property"", ""sub property"", ""gus"", ""gus property"", ""strong monotonicity""]","[0.39293945646327555, 0.30383892614364316, 0.17362224351065325, 0.17362224351065325, 0.17362224351065325]",5,5,244,ok,,,False,,0.00016299998969770968
tfidf,147,1135,"[""optimal control problems"", ""control problems"", ""control"", ""optimal control"", ""bang""]","[0.14808829365765, 0.13340758634490094, 0.12232043168101257, 0.12095839195765112, 0.11166342207146089]",5,5,292,ok,,,False,,0.0001813749986467883
tfidf,148,1136,"[""risk sensitive"", ""risk sensitive control"", ""sensitive control"", ""markov"", ""risk""]","[0.17280948476848057, 0.17280948476848057, 0.17280948476848057, 0.128780258844833, 0.12361474228691749]",5,5,140,ok,,,False,,9.212498844135553e-05
tfidf,149,1137,"[""queueing"", ""undecidable"", ""stability"", ""homogeneous random"", ""queueing systems""]","[0.25586329719545725, 0.20469063775636584, 0.20327210125500897, 0.1618143831605428, 0.1618143831605428]",5,5,249,ok,,,False,,0.00016233399219345301
tfidf,150,1138,"[""markov process simulation"", ""reduction markov"", ""reduction markov process"", ""reduction markov process simulation"", ""variance reduction markov""]","[0.14591717355457853, 0.14591717355457853, 0.14591717355457853, 0.14591717355457853, 0.14591717355457853]",5,5,182,ok,,,False,,0.00013495900202542543
tfidf,151,1139,"[""cbr"", ""lesions"", ""benign"", ""benign lesions"", ""calcification""]","[0.23520957163366837, 0.20191498997526203, 0.18816765730693472, 0.18622350406683955, 0.18622350406683955]",5,5,716,ok,,,False,,0.0005500840052263811
tfidf,152,114,"[""quantum"", ""player quantum"", ""player"", ""cooperative"", ""cooperative multi""]","[0.23427174613296667, 0.19408899459123188, 0.1633429576613691, 0.1446380735170801, 0.09704449729561594]",5,5,108,ok,,,False,,8.916598744690418e-05
tfidf,153,1140,"[""classification"", ""nakagami"", ""masses"", ""aided classification"", ""aided classification masses""]","[0.15974829347200192, 0.15105934101673965, 0.1378192072219011, 0.1007062273444931, 0.1007062273444931]",5,5,359,ok,,,False,,0.00022933400759939104
tfidf,154,1141,"[""repeat"", ""setups"", ""repeat setups"", ""breast"", ""reproducibility""]","[0.19652842887124197, 0.18899287138297807, 0.17755645768594794, 0.16249495039622264, 0.16199388975683834]",5,5,523,ok,,,False,,0.00034383300226181746
tfidf,155,1142,"[""leaf"", ""leaf verification"", ""accurate"", ""dmlc"", ""profiles""]","[0.28867401106538054, 0.12081145016490737, 0.11889228871614868, 0.11461731166687289, 0.09622467035512684]",5,5,501,ok,,,False,,0.00033208398963324726
tfidf,156,1143,"[""collimator"", ""source"", ""scatter"", ""fields"", ""head scatter""]","[0.20519625068052375, 0.15903821799831652, 0.1337007994797022, 0.12399406936147163, 0.11915047081884306]",5,5,564,ok,,,False,,0.0003684170078486204
tfidf,157,1144,"[""attenuation"", ""emission"", ""reconstruction"", ""likelihood"", ""attenuation correction""]","[0.23683599853214818, 0.21019389661774693, 0.16868811028588537, 0.13141753964867725, 0.12743613608351037]",5,5,448,ok,,,False,,0.0002888329909183085
tfidf,158,1145,"[""texture"", ""synthetic"", ""mammograms"", ""tissue"", ""clinical""]","[0.31991776835463487, 0.21300779608128576, 0.21235097676328185, 0.1734498065112073, 0.15208443924242476]",5,5,438,ok,,,False,,0.0002846669958671555
tfidf,159,1146,"[""breast"", ""tissue"", ""acquisition"", ""model"", ""compression model""]","[0.24259449145788625, 0.15364371041141736, 0.1383197110846432, 0.10796237126101038, 0.1030868033356961]",5,5,332,ok,,,False,,0.00020816699543502182
tfidf,160,1147,"[""angular disparity"", ""disparity"", ""angular"", ""tumor"", ""etact""]","[0.222552551994509, 0.21114203313836305, 0.18729754437870108, 0.163972066245703, 0.14836836799633932]",5,5,510,ok,,,False,,0.00033716700272634625
tfidf,161,1148,"[""dpm"", ""dose"", ""calculations"", ""beams"", ""10 50""]","[0.19808919389674295, 0.18144423733601756, 0.14761908293727946, 0.12431037585595013, 0.11885351633804576]",5,5,430,ok,,,False,,0.000279792002402246
tfidf,162,1149,"[""deterministic"", ""photon"", ""electron"", ""carlo"", ""monte""]","[0.20132751354337539, 0.17495079183728104, 0.14789010070875042, 0.1312130938779608, 0.1312130938779608]",5,5,279,ok,,,False,,0.00017412500164937228
tfidf,163,115,"[""universal quantum"", ""deleting machine"", ""quantum deleting"", ""quantum deleting machine"", ""universal quantum deleting""]","[0.2504354475550463, 0.21244109301423142, 0.21244109301423142, 0.21244109301423142, 0.21244109301423142]",5,5,113,ok,,,False,,8.841700037010014e-05
tfidf,164,1150,"[""mm"", ""10 mm"", ""dose"", ""leaf"", ""10""]","[0.24308298569681516, 0.20113346617899713, 0.18697382633781537, 0.13657023021106368, 0.1355848621248057]",5,5,992,ok,,,False,,0.0007472500001313165
tfidf,165,1151,"[""leaf"", ""field edge"", ""portal"", ""verification"", ""edge""]","[0.18027654148233718, 0.16167126911585375, 0.1545227498420033, 0.14010315195600195, 0.12378993582829179]",5,5,696,ok,,,False,,0.000464749988168478
tfidf,166,1152,"[""deliverable"", ""optimization"", ""mlc"", ""deliverable based"", ""deliverable based optimization""]","[0.2844975232220971, 0.21438861846320406, 0.18966501548139805, 0.14301363161662345, 0.14301363161662345]",5,5,576,ok,,,False,,0.00038004200905561447
tfidf,167,1153,"[""aperture"", ""aperture optimization"", ""direct aperture"", ""direct aperture optimization"", ""optimization""]","[0.25819613126437735, 0.24798336930344217, 0.21255717368866472, 0.21255717368866472, 0.21242655121489945]",5,5,532,ok,,,False,,0.0003485409979475662
tfidf,168,1154,"[""seed"", ""dvh"", ""dvhs"", ""voxel size"", ""voxel""]","[0.1948330681206103, 0.15586645449648823, 0.15586645449648823, 0.14220498412484184, 0.13780697299473757]",5,5,497,ok,,,False,,0.00032683399331290275
tfidf,169,1155,"[""jaw"", ""overtravel"", ""algorithm"", ""jaw overtravel"", ""intensity""]","[0.1979582635532035, 0.1788482625544025, 0.16168854262268065, 0.14904021879533544, 0.14309298887109678]",5,5,706,ok,,,False,,0.00048566600889898837
tfidf,170,1156,"[""noise"", ""helical"", ""ct"", ""noise levels"", ""interpolation""]","[0.1696938161226, 0.155802114710855, 0.1408343835370053, 0.12807738441352853, 0.12455753206761942]",5,5,436,ok,,,False,,0.000283957997453399
tfidf,171,1157,"[""wedged"", ""beams"", ""portal"", ""dose"", ""beam""]","[0.18075000008768535, 0.1417865104404405, 0.10797368017302456, 0.10347625881693294, 0.09159440082422114]",5,5,457,ok,,,False,,0.0002994999958900735
tfidf,172,1158,"[""powder"", ""parts"", ""automating powder"", ""automating powder metal"", ""automating powder metal lines""]","[0.25644582180969533, 0.17151156081805743, 0.13515232197910262, 0.13515232197910262, 0.13515232197910262]",5,5,56,ok,,,False,,6.550000398419797e-05
tfidf,173,1159,"[""families"", ""hyp"", ""sigma"", ""subsets"", ""admissible""]","[0.24127664921007608, 0.24001596306543266, 0.20667302187744752, 0.1733300806894624, 0.14147099385950823]",5,5,136,ok,,,False,,9.275000775232911e-05
tfidf,174,116,"[""phi"", ""sub"", ""entangled"", ""bounds coming"", ""critical point sub""]","[0.16846521528404093, 0.13034868211591427, 0.12893579394208637, 0.1021369147521779, 0.09690024062175927]",5,5,360,ok,,,False,,0.00023433299793396145
tfidf,175,1160,"[""omega"", ""stabilizer"", ""mustafin"", ""mustafin poizat"", ""mustafin poizat conjecture""]","[0.3116561633784076, 0.21375855573990346, 0.16118094983355696, 0.16118094983355696, 0.16118094983355696]",5,5,113,ok,,,False,,8.054199861362576e-05
tfidf,176,1161,"[""hereditarily"", ""hereditarily finite"", ""superstructures"", ""finite"", ""countable""]","[0.27793852501813787, 0.27793852501813787, 0.2223508200145103, 0.17114841220789234, 0.1667631150108827]",5,5,216,ok,,,False,,0.0001421670021954924
tfidf,177,1162,"[""sub"", ""groups sub"", ""groups"", ""simple groups"", ""simple groups sub""]","[0.3715602272028719, 0.26562409746076227, 0.22606807499959053, 0.21835672579358356, 0.21835672579358356]",5,5,109,ok,,,False,,7.858300523366779e-05
tfidf,178,1163,"[""arithmetic hierarchy"", ""complexity index"", ""complexity index sets"", ""complexity index sets families"", ""families general""]","[0.19089544219720203, 0.19089544219720203, 0.19089544219720203, 0.19089544219720203, 0.19089544219720203]",5,5,57,ok,,,False,,5.01670001540333e-05
tfidf,179,1164,"[""family sets"", ""friedberg"", ""numbering"", ""sets"", ""family""]","[0.3556394977766532, 0.30483385523713136, 0.2540282126976095, 0.247693466271624, 0.22957051561371777]",5,5,187,ok,,,False,,0.00012224999954923987
tfidf,180,1165,"[""omega"", ""finite group"", ""element orders"", ""group"", ""orders""]","[0.23350469895021853, 0.20127153783520388, 0.19095212043427134, 0.16842385681808078, 0.14999061408718908]",5,5,90,ok,,,False,,6.712500180583447e-05
tfidf,181,1166,"[""group sub"", ""group"", ""sub"", ""arbitrary natural"", ""arbitrary natural number""]","[0.4122520085889933, 0.3030125785356175, 0.2218219714395514, 0.10863272368441634, 0.10863272368441634]",5,5,68,ok,,,False,,5.9416997828520834e-05
tfidf,182,1167,"[""mc"", ""mcs"", ""mc candidates"", ""multi state"", ""reliability""]","[0.19362919593677952, 0.19362919593677952, 0.10611546579540541, 0.10611546579540541, 0.1021477712416472]",5,5,357,ok,,,False,,0.00022816700220573694
tfidf,183,1168,"[""applications reliability"", ""applications reliability analysis"", ""failure probabilities"", ""failure probabilities applications"", ""failure probabilities applications reliability""]","[0.146798946921942, 0.146798946921942, 0.146798946921942, 0.146798946921942, 0.146798946921942]",5,5,177,ok,,,False,,0.00011400000948924571
tfidf,184,1169,"[""algorithm"", ""algorithm sequential"", ""algorithm sequential generation"", ""algorithm sequential generation failure"", ""failure states network""]","[0.1426812111276347, 0.1227517794863157, 0.1227517794863157, 0.1227517794863157, 0.1227517794863157]",5,5,211,ok,,,False,,0.0001340000017080456
tfidf,185,117,"[""mr"", ""methods"", ""methods concepts"", ""mr methods"", ""models""]","[0.17258852221224286, 0.13514559828777659, 0.1083436792941347, 0.1083436792941347, 0.09627880306867093]",5,5,349,ok,,,False,,0.00022149999858811498
tfidf,186,1170,"[""chip"", ""cutting"", ""shear"", ""shear surface"", ""velocity""]","[0.2441319137589546, 0.2313382261970088, 0.1999426046198114, 0.16735386690835347, 0.15107046883695452]",5,5,391,ok,,,False,,0.00025608300347812474
tfidf,187,1171,"[""manufacturing"", ""data analysis"", ""manufacturing data"", ""manufacturing data analysis"", ""manufacturing error""]","[0.3042812783600506, 0.24790922995263, 0.2147173556889379, 0.2147173556889379, 0.12883041341336274]",5,5,403,ok,,,False,,0.0002581250009825453
tfidf,188,1172,"[""cutting"", ""diamond"", ""diamond segments"", ""fracture"", ""frame sawing""]","[0.29980682083317645, 0.24734437267040393, 0.10844258559587057, 0.10844258559587057, 0.10844258559587057]",5,5,271,ok,,,False,,0.00017529199249111116
tfidf,189,1173,"[""wear"", ""model"", ""chatter"", ""face turning"", ""model face""]","[0.21030928845261498, 0.12456019050370667, 0.11893506702320536, 0.11893506702320536, 0.11893506702320536]",5,5,275,ok,,,False,,0.00017079200188163668
tfidf,190,1174,"[""optimization"", ""deterministic"", ""economic"", ""conditions single"", ""conditions single pass""]","[0.18388897962044737, 0.12180578718955876, 0.11851803646750692, 0.11244569976142038, 0.11244569976142038]",5,5,267,ok,,,False,,0.00016825000056996942
tfidf,191,1175,"[""chip"", ""temperature"", ""machining"", ""interrupted"", ""tool chip""]","[0.23562285231469937, 0.187085947422992, 0.13917363851605835, 0.13844644722609625, 0.13134814265721062]",5,5,388,ok,,,False,,0.0002486669982317835
tfidf,192,1176,"[""drilling"", ""monitoring"", ""methods"", ""monitoring drilling"", ""monitoring methods""]","[0.16119888887938158, 0.15094630653080865, 0.11774588646062957, 0.11327358986916743, 0.11327358986916743]",5,5,307,ok,,,False,,0.00019266600429546088
tfidf,193,1177,"[""hole"", ""steel"", ""circularity"", ""drilling"", ""stainless""]","[0.2554907479131145, 0.20474531486875133, 0.17953197069572754, 0.17032716527540964, 0.13464897802179565]",5,5,352,ok,,,False,,0.00022399998852051795
tfidf,194,1178,"[""centric systems"", ""network centric"", ""network centric systems"", ""centric"", ""graduate""]","[0.23662414343116156, 0.23662414343116156, 0.23662414343116156, 0.21588437787260223, 0.18301262718853759]",5,5,67,ok,,,False,,5.6374992709606886e-05
tfidf,195,1179,"[""evolution"", ""cellular"", ""automata"", ""complexity elementary"", ""complexity elementary cellular""]","[0.19984387019752906, 0.18981368484309905, 0.1393368132047225, 0.12735494311773854, 0.12735494311773854]",5,5,198,ok,,,False,,0.0001294169924221933
tfidf,196,118,"[""motor"", ""drives"", ""induction"", ""speed"", ""sensorless""]","[0.15347745016075784, 0.13031243232519818, 0.12132200407462998, 0.11481594316669416, 0.10177802232322421]",5,5,344,ok,,,False,,0.00021662499057129025
tfidf,197,1180,"[""additive cellular"", ""additive cellular automata"", ""endomorphisms"", ""cellular automata"", ""additive""]","[0.15866407432070212, 0.15866407432070212, 0.15866407432070212, 0.13085071887640015, 0.12446155142064509]",5,5,161,ok,,,False,,0.00010429199028294533
tfidf,198,1181,"[""communication"", ""dynamic"", ""evolution"", ""convergence"", ""structures""]","[0.14574549119057043, 0.09508083033555607, 0.08084605512493731, 0.0770411521085264, 0.07313758194708624]",5,5,273,ok,,,False,,0.0001705410104477778
tfidf,199,1182,"[""weighting function"", ""sorting"", ""weighting"", ""autonomous mobile"", ""autonomous mobile agents""]","[0.15258894684469315, 0.1313913389206228, 0.12356793254039054, 0.10172596456312877, 0.10172596456312877]",5,5,363,ok,,,False,,0.00023087499721441418
tfidf,200,1183,"[""automata"", ""asynchronous cellular"", ""asynchronous cellular automata"", ""asynchronous"", ""cellular automata""]","[0.279925122615309, 0.27412903243964615, 0.27412903243964615, 0.272038222352214, 0.22607500225361024]",5,5,208,ok,,,False,,0.00013462499191518873
tfidf,201,1184,"[""metrics"", ""return"", ""investment"", ""help"", ""ability help""]","[0.1967948881957587, 0.11725315536019015, 0.11178290218178133, 0.0864457820595818, 0.07954173283556855]",5,5,167,ok,,,False,,0.00010820898751262575
tfidf,202,1185,"[""trading exchanges"", ""exchanges"", ""trading"", ""evolve looks"", ""evolve looks trading""]","[0.2869967223537, 0.24712722904014423, 0.23241258531792908, 0.14349836117685, 0.14349836117685]",5,5,47,ok,,,False,,5.049999163020402e-05
tfidf,203,1186,"[""basic disciplines"", ""deployment set"", ""deployment set basic"", ""deployment set basic disciplines"", ""implementing processes""]","[0.18945811848514682, 0.18945811848514682, 0.18945811848514682, 0.18945811848514682, 0.18945811848514682]",5,5,34,ok,,,False,,3.920799645129591e-05
tfidf,204,1187,"[""ethernet"", ""won"", ""adopt technology"", ""adopt technology widespread"", ""adopt technology widespread basis""]","[0.19738567161722514, 0.18629325235258892, 0.1081741437992626, 0.1081741437992626, 0.1081741437992626]",5,5,92,ok,,,False,,6.812499486841261e-05
tfidf,205,1188,"[""2002 perfect"", ""2002 perfect time"", ""2002 perfect time invest"", ""ago vendors"", ""ago vendors experiencing""]","[0.08824593991141301, 0.08824593991141301, 0.08824593991141301, 0.08824593991141301, 0.08824593991141301]",5,5,145,ok,,,False,,9.725001291371882e-05
tfidf,206,1189,"[""crm"", ""approaching zenith"", ""approaching zenith looks"", ""approaching zenith looks manufacturers"", ""big business""]","[0.2733775160138461, 0.1030677989513208, 0.1030677989513208, 0.1030677989513208, 0.1030677989513208]",5,5,100,ok,,,False,,7.137499051168561e-05
tfidf,207,119,"[""jpeg2000"", ""jpeg"", ""compression"", ""standard"", ""new standard""]","[0.25090775520498315, 0.16637722830130702, 0.13006396886839014, 0.12616145856300892, 0.11902171664486225]",5,5,248,ok,,,False,,0.00015995799913071096
tfidf,208,1190,"[""vendor"", ""right"", ""buying relationship"", ""right software"", ""software""]","[0.2551149059925388, 0.1648047961906065, 0.16261074180216623, 0.15427350675850215, 0.15419031425479524]",5,5,141,ok,,,False,,9.295898780692369e-05
tfidf,209,1191,"[""monotonicity"", ""conservation"", ""monotonicity conservation"", ""heat"", ""numerical solutions""]","[0.26200481263423053, 0.22660244101233903, 0.19737047421024345, 0.1488053733871931, 0.1315803161401623]",5,5,212,ok,,,False,,0.00013937499898020178
tfidf,210,1192,"[""boundary value problems"", ""boundary value"", ""value problems"", ""boundary"", ""bounding""]","[0.1809487054338121, 0.17282030854043182, 0.17282030854043182, 0.13547437324472325, 0.13170432995299616]",5,5,174,ok,,,False,,0.00011225001071579754
tfidf,211,1193,"[""splitting"", ""operator splitting approximate"", ""splitting approximate"", ""taxis"", ""taxis diffusion""]","[0.1481754277335486, 0.11978085806633297, 0.11978085806633297, 0.11978085806633297, 0.11978085806633297]",5,5,273,ok,,,False,,0.00017445901175960898
tfidf,212,1194,"[""codes"", ""classical codes"", ""coefficients"", ""classical"", ""oscillatory""]","[0.15312200286640412, 0.14135544097250377, 0.13239152652021896, 0.12366642357022836, 0.12171838810838659]",5,5,205,ok,,,False,,0.00013212500198278576
tfidf,213,1195,"[""heat equation"", ""heat"", ""sub infinity"", ""infinity"", ""crank nicolson""]","[0.17622218481577184, 0.14562463476156792, 0.14562463476156792, 0.13458532581384747, 0.12876776586464245]",5,5,192,ok,,,False,,0.00012487500498536974
tfidf,214,1196,"[""integrator"", ""dichotomically"", ""dichotomically stable"", ""differential algebraic"", ""mshdae""]","[0.2363190727806804, 0.196932560650567, 0.196932560650567, 0.12992867978020764, 0.1181595363903402]",5,5,494,ok,,,False,,0.000335000004270114
tfidf,215,1197,"[""stable unstable"", ""solitary"", ""stable"", ""unstable"", ""solutions""]","[0.15297575662346782, 0.14513251807220495, 0.1366518646739402, 0.13172441320805806, 0.11966268747320957]",5,5,174,ok,,,False,,0.00011208299838472158
tfidf,216,1198,"[""projected"", ""methods"", ""index differential"", ""index differential algebraic"", ""index differential algebraic equations""]","[0.19559197949192444, 0.16105616639868833, 0.1369868296982333, 0.1369868296982333, 0.1369868296982333]",5,5,152,ok,,,False,,9.787500312086195e-05
tfidf,217,1199,"[""stage order"", ""order conditions"", ""rk"", ""stage"", ""order""]","[0.22963653989689856, 0.17222740492267388, 0.17222740492267388, 0.16886118695409252, 0.15745371047574042]",5,5,206,ok,,,False,,0.00013354199472814798
tfidf,218,12,"[""brazil"", ""korea"", ""technical change"", ""south"", ""change""]","[0.14329353272770637, 0.14329353272770637, 0.14329353272770637, 0.13073406085075923, 0.10448267342155443]",5,5,363,ok,,,False,,0.00023829199199099094
tfidf,219,120,"[""traffic"", ""phase transition"", ""congestion"", ""packet"", ""transition""]","[0.16047810155570177, 0.11302364320973557, 0.10352219464874406, 0.09526480522896673, 0.08517548130263061]",5,5,266,ok,,,False,,0.00016654201317578554
tfidf,220,1200,"[""dissipation"", ""artificial dissipation"", ""approximations conservation"", ""approximations conservation laws"", ""conservation laws""]","[0.20994099443821157, 0.18709363316325275, 0.12472908877550183, 0.12472908877550183, 0.12472908877550183]",5,5,238,ok,,,False,,0.00015579198952764273
tfidf,221,1201,"[""lifecycle"", ""lifecycle management"", ""plm"", ""product lifecycle"", ""product lifecycle management""]","[0.17870456789414424, 0.17870456789414424, 0.17870456789414424, 0.17870456789414424, 0.17870456789414424]",5,5,123,ok,,,False,,8.616600825916976e-05
tfidf,222,1202,"[""software project"", ""software"", ""project"", ""defines"", ""business""]","[0.1611332061653283, 0.15278928944153986, 0.13931677239296958, 0.12148466990541802, 0.11978458719584242]",5,5,160,ok,,,False,,0.00010699999984353781
tfidf,223,1203,"[""2002 paper"", ""2002 paper looks"", ""2002 paper looks critical"", ""begin emerge"", ""begin emerge recession""]","[0.13957384116939553, 0.13957384116939553, 0.13957384116939553, 0.13957384116939553, 0.13957384116939553]",5,5,62,ok,,,False,,5.6375007261522114e-05
tfidf,224,1204,"[""openmp"", ""interface"", ""performance"", ""directive"", ""openmp performance""]","[0.347677487678628, 0.16464745659373434, 0.15375130560888908, 0.13544459785381263, 0.11797209415836371]",5,5,500,ok,,,False,,0.00032883399398997426
tfidf,225,1205,"[""hpcview"", ""tools"", ""performance"", ""code"", ""data""]","[0.26326939044230685, 0.08478465987803507, 0.08234763543932498, 0.06508723202009134, 0.05543663716132784]",5,5,373,ok,,,False,,0.00023887499992270023
tfidf,226,1206,"[""traffic"", ""network"", ""high performance computing"", ""high performance computing systems"", ""interconnect""]","[0.17531853946137083, 0.12875918659002664, 0.11172563160690803, 0.11172563160690803, 0.11172563160690803]",5,5,307,ok,,,False,,0.0001966250129044056
tfidf,227,1207,"[""udp"", ""tcp"", ""udp based"", ""congestion"", ""streaming""]","[0.2772012700511981, 0.1496534253019883, 0.13860063502559905, 0.11224006897649122, 0.11224006897649122]",5,5,407,ok,,,False,,0.0002647500077728182
tfidf,228,1208,"[""vtf"", ""pyre"", ""facility"", ""solid"", ""response""]","[0.1820248131194296, 0.1365186098395722, 0.10173574636734015, 0.0985883661940243, 0.09492387903133578]",5,5,454,ok,,,False,,0.0002959580015158281
tfidf,229,1209,"[""reductions"", ""level"", ""zpl"", ""construct"", ""level performance""]","[0.21762027028160316, 0.12094543094555645, 0.1055508721209755, 0.09937750795214574, 0.09332121033313164]",5,5,357,ok,,,False,,0.0002287920069647953
tfidf,230,121,"[""ctl"", ""equivalence"", ""formula"", ""model checking"", ""checking""]","[0.2430150720644118, 0.1660379713165526, 0.14200440465631545, 0.11637429476310909, 0.10292440374117737]",5,5,199,ok,,,False,,0.00012770800094585866
tfidf,231,1210,"[""biased random"", ""compilation sequence"", ""biased"", ""compilation"", ""optimizations""]","[0.11682202495583834, 0.11682202495583834, 0.10658274263017359, 0.10658274263017359, 0.10658274263017359]",5,5,304,ok,,,False,,0.0001879579940577969
tfidf,232,1211,"[""hdt"", ""learning"", ""incremental learning"", ""incremental"", ""attributes""]","[0.22452887969793667, 0.1730210605794787, 0.134717327818762, 0.11110176809503892, 0.1028311300967246]",5,5,414,ok,,,False,,0.0002679590106708929
tfidf,233,1212,"[""granulized"", ""inconsistent tuples"", ""tuples"", ""inconsistent"", ""datasets""]","[0.2502231499759628, 0.2502231499759628, 0.2502231499759628, 0.21546222963148381, 0.21058478600756544]",5,5,290,ok,,,False,,0.0001847079984145239
tfidf,234,1213,"[""assembly"", ""design assembly"", ""assembly planning"", ""design"", ""knowledge intensive""]","[0.2710288770910608, 0.17640158227557423, 0.1487477286365691, 0.14520556318080305, 0.1411212658204594]",5,5,512,ok,,,False,,0.0003317910013720393
tfidf,235,1214,"[""workflow"", ""b2b"", ""solve problems"", ""multi agent"", ""transaction""]","[0.1917401453509629, 0.15730241742501527, 0.11601356935920577, 0.0997477791641763, 0.0997477791641763]",5,5,252,ok,,,False,,0.00016191699251066893
tfidf,236,1215,"[""shamash"", ""business process reengineering"", ""process reengineering"", ""reengineering"", ""business process""]","[0.2192765003116859, 0.14618433354112395, 0.14618433354112395, 0.14618433354112395, 0.12055864072707544]",5,5,192,ok,,,False,,0.00012100000458303839
tfidf,237,1216,"[""team"", ""knowledge flow"", ""team software"", ""team software development"", ""knowledge""]","[0.2710654849572917, 0.2598151478793065, 0.20785211830344516, 0.20785211830344516, 0.20601985799015585]",5,5,239,ok,,,False,,0.00015375000657513738
tfidf,238,1217,"[""sigiu"", ""urban infrastructures"", ""urban"", ""infrastructures"", ""municipal""]","[0.22452152133422792, 0.17961721706738232, 0.1454556743501562, 0.14306266069004253, 0.12780603072751162]",5,5,455,ok,,,False,,0.0002920830011134967
tfidf,239,1218,"[""ka"", ""problem domains"", ""expert"", ""accounting finance"", ""expert systems""]","[0.2162517964483269, 0.2051643243931426, 0.18394493309348844, 0.1730014371586615, 0.1730014371586615]",5,5,405,ok,,,False,,0.00026504100242163986
tfidf,240,1219,"[""blackboard"", ""blackboard systems"", ""graph decomposition"", ""product design"", ""knowledge""]","[0.36604691067632367, 0.18302345533816183, 0.18302345533816183, 0.17363963758573903, 0.15117505410981558]",5,5,213,ok,,,False,,0.00013704200682695955
tfidf,241,122,"[""consistency"", ""viewpoint"", ""odp"", ""viewpoints"", ""interpretation""]","[0.27284228478178335, 0.18572105260397215, 0.15118645774045908, 0.13018368315631337, 0.11266644992162435]",5,5,350,ok,,,False,,0.00022524999803863466
tfidf,242,1220,"[""collaborative work"", ""discourse"", ""collaborative"", ""knowledge representation"", ""work""]","[0.16427900666091633, 0.16427900666091633, 0.12629866380336013, 0.10951933777394422, 0.10522179249498766]",5,5,304,ok,,,False,,0.00019316701218485832
tfidf,243,1221,"[""reciprocal tutoring"", ""tutoring"", ""reciprocal"", ""computational supports"", ""tutor""]","[0.2493703562298968, 0.2365848584837498, 0.22751340346730992, 0.18702776717242262, 0.18702776717242262]",5,5,163,ok,,,False,,0.0001067080011125654
tfidf,244,1222,"[""rule set"", ""association rule"", ""association rule set"", ""class association"", ""class association rule""]","[0.3313919106071565, 0.26511352848572517, 0.26511352848572517, 0.26511352848572517, 0.26511352848572517]",5,5,268,ok,,,False,,0.00017299999308306724
tfidf,245,1223,"[""weight"", ""feature weight"", ""feature weight setting"", ""weight setting"", ""optimal feature""]","[0.21722471933811408, 0.1914939205430278, 0.1914939205430278, 0.1914939205430278, 0.12766261369535187]",5,5,200,ok,,,False,,0.00012879200221505016
tfidf,246,1224,"[""wefa"", ""influence"", ""graph"", ""factors"", ""binary wefa""]","[0.312415719712874, 0.17158366808021353, 0.15310409997047833, 0.13454299157420713, 0.11715589489232776]",5,5,519,ok,,,False,,0.000341124992701225
tfidf,247,1225,"[""access wlans"", ""bt voices"", ""bt voices support"", ""bt voices support ip"", ""btexact""]","[0.10890783947702232, 0.10890783947702232, 0.10890783947702232, 0.10890783947702232, 0.10890783947702232]",5,5,94,ok,,,False,,7.620800170116127e-05
tfidf,248,1226,"[""mori"", ""market research"", ""market"", ""allowing support"", ""allowing support increasing""]","[0.18819049037699734, 0.18097463734685107, 0.11065869333700322, 0.09918033200678013, 0.09918033200678013]",5,5,106,ok,,,False,,7.708299381192774e-05
tfidf,249,1227,"[""architecture support"", ""architecture support powerful"", ""architecture support powerful business"", ""arm architecture"", ""arm architecture support""]","[0.12449721037007236, 0.12449721037007236, 0.12449721037007236, 0.12449721037007236, 0.12449721037007236]",5,5,74,ok,,,False,,6.516699795611203e-05
tfidf,250,1228,"[""backup"", ""automated hosted"", ""automated hosted party"", ""backup free"", ""backup free staff""]","[0.22281570469815098, 0.12211067745328906, 0.12211067745328906, 0.12211067745328906, 0.12211067745328906]",5,5,73,ok,,,False,,5.558300472330302e-05
tfidf,251,1229,"[""windows"", ""net"", ""server"", ""200 advanced"", ""200 advanced server""]","[0.13606226140601677, 0.12084198454890745, 0.12084198454890745, 0.09129058095130346, 0.09129058095130346]",5,5,131,ok,,,False,,8.612500096205622e-05
tfidf,252,123,"[""domain estimate"", ""new identification"", ""estimate"", ""identification"", ""frequency domain""]","[0.1867859423452899, 0.1867859423452899, 0.15099664553409503, 0.148964189026565, 0.14082527797223607]",5,5,242,ok,,,False,,0.00015829098992981017
tfidf,253,1230,"[""failover"", ""tax"", ""server"", ""real time"", ""applications solution""]","[0.1842917400453104, 0.16813883431263466, 0.12197413671256022, 0.11023127298330837, 0.0921458700226552]",5,5,123,ok,,,False,,8.537500980310142e-05
tfidf,254,1231,"[""memory"", ""data locality"", ""locality"", ""shared memory"", ""hpf""]","[0.16312469914082844, 0.1544516906265684, 0.14653277928421923, 0.12737675391665437, 0.11644721220808076]",5,5,508,ok,,,False,,0.000337874997057952
tfidf,255,1232,"[""hpf"", ""benchmarks"", ""npb"", ""benchmarks npb"", ""hpf version""]","[0.30098714413011424, 0.2016935476157683, 0.17109398101478285, 0.11406265400985524, 0.11406265400985524]",5,5,263,ok,,,False,,0.00016654201317578554
tfidf,256,1233,"[""dhpf"", ""dhpf compiler"", ""compiler"", ""hpf"", ""optimization""]","[0.17622395253245865, 0.17622395253245865, 0.16415596525411943, 0.1328621778981293, 0.12007885763466297]",5,5,435,ok,,,False,,0.0002853749901987612
tfidf,257,1234,"[""openmp"", ""ccnuma"", ""memory"", ""language"", ""shared memory""]","[0.23589113849330406, 0.13340223141500765, 0.0805104219264161, 0.07391700318255275, 0.073344802869854]",5,5,507,ok,,,False,,0.000327750007272698
tfidf,258,1235,"[""hpf"", ""benchmark suite"", ""suite"", ""benchmark"", ""compilers""]","[0.2720093174073684, 0.2004355933908524, 0.16529981091118884, 0.14337635607981825, 0.13223984872895106]",5,5,447,ok,,,False,,0.00029104200075380504
tfidf,259,1236,"[""code"", ""hpf"", ""compatibility"", ""japanese hpf"", ""japanese hpf compilers""]","[0.1997787532211945, 0.17406932642411152, 0.17017090733711554, 0.13852784232081258, 0.13852784232081258]",5,5,373,ok,,,False,,0.00023829200654290617
tfidf,260,1237,"[""pricing"", ""cluster"", ""financial"", ""backward induction"", ""financial management""]","[0.19085328714234356, 0.10936797991724843, 0.09486787983185137, 0.09427074318777295, 0.09427074318777295]",5,5,417,ok,,,False,,0.0002708749962039292
tfidf,261,1238,"[""hpf"", ""element"", ""node"", ""sx"", ""parallel""]","[0.21464189164757547, 0.18929419650962945, 0.13015883080042973, 0.1298704136187413, 0.10661920603039027]",5,5,399,ok,,,False,,0.0002566659968579188
tfidf,262,1239,"[""mhd"", ""vpp"", ""vpp fortran"", ""fortran"", ""hpf""]","[0.2509955866647414, 0.1984389679433904, 0.1984389679433904, 0.1576962146171828, 0.1576962146171828]",5,5,291,ok,,,False,,0.00018775000353343785
tfidf,263,124,"[""pdl"", ""logic"", ""speed"", ""enhanced skewed"", ""enhanced skewed static""]","[0.2334845106326924, 0.2145087420526846, 0.14993383021144904, 0.14009070637961543, 0.14009070637961543]",5,5,337,ok,,,False,,0.00021591699623968452
tfidf,264,1240,"[""hpf"", ""sx"", ""hpf sx v2"", ""sx v2"", ""v2""]","[0.3003629766888465, 0.181736490108768, 0.14939678032498746, 0.14939678032498746, 0.14939678032498746]",5,5,316,ok,,,False,,0.0002015409991145134
tfidf,265,1241,"[""library"", ""hpf"", ""hpf library"", ""functions"", ""specific""]","[0.19710542015604124, 0.1834411699372529, 0.14598614233905147, 0.11838415266309962, 0.10511522108510511]",5,5,399,ok,,,False,,0.0002563330053817481
tfidf,266,1242,"[""hpf"", ""vpp"", ""vpp fortran"", ""fortran"", ""hpf ja""]","[0.28243526178301903, 0.2221286747239743, 0.17770293977917945, 0.1765220386143869, 0.16560407862190024]",5,5,337,ok,,,False,,0.00021404199651442468
tfidf,267,1243,"[""hpf"", ""extensions"", ""extensions high"", ""extensions high performance"", ""extensions high performance fortran""]","[0.2590322763769264, 0.15707715755763257, 0.11452391819042759, 0.11452391819042759, 0.11452391819042759]",5,5,279,ok,,,False,,0.00017487499280832708
tfidf,268,1244,"[""dilemmas"", ""ethical"", ""information professionals"", ""professionals"", ""applied ethics""]","[0.19664309975599698, 0.17385902839206954, 0.16932550293265636, 0.1393880591282401, 0.13109539983733132]",5,5,216,ok,,,False,,0.00014195799303706735
tfidf,269,1245,"[""competitive intelligence"", ""intelligence"", ""competitive"", ""author"", ""involved""]","[0.3018941783090747, 0.25242669126831263, 0.23671657238665278, 0.101049919742495, 0.07255082774046193]",5,5,242,ok,,,False,,0.00015520800661761314
tfidf,270,1246,"[""information departments"", ""academia"", ""benefits"", ""specialist"", ""departments""]","[0.1328214847687856, 0.12601157833152796, 0.12193894217621297, 0.1095382608737078, 0.10756005994673142]",5,5,234,ok,,,False,,0.00015183299547061324
tfidf,271,1247,"[""portal"", ""portals"", ""consumer"", ""access portals"", ""com crash""]","[0.17894417073605204, 0.11344620594317333, 0.09734738361791308, 0.08986678649204598, 0.08986678649204598]",5,5,481,ok,,,False,,0.00031925000075716525
tfidf,272,1248,"[""library"", ""public"", ""information"", ""leeds"", ""public business""]","[0.1754933425217684, 0.16881842413338985, 0.1093756805718938, 0.086652770416483, 0.086652770416483]",5,5,520,ok,,,False,,0.0003419169952394441
tfidf,273,1249,"[""aggregators"", ""content aggregators"", ""large scale content"", ""large scale content aggregators"", ""scale content""]","[0.24326941868828836, 0.12820808141934661, 0.12820808141934661, 0.12820808141934661, 0.12820808141934661]",5,5,234,ok,,,False,,0.00015008299669716507
tfidf,274,125,"[""received signal"", ""received"", ""correlation long"", ""correlation long data"", ""correlation long data sequences""]","[0.19041371775538532, 0.1403452529556902, 0.12694247850359022, 0.12694247850359022, 0.12694247850359022]",5,5,232,ok,,,False,,0.00014933300553821027
tfidf,275,1250,"[""xml"", ""business"", ""impact"", ""commerce"", ""implementation xml""]","[0.25894826107632196, 0.20732449162335692, 0.1367467080946995, 0.12391698691880304, 0.11952477419408679]",5,5,259,ok,,,False,,0.00016270899504888803
tfidf,276,1251,"[""business"", ""erp"", ""enterprise"", ""planning"", ""analysis web""]","[0.21024208394978441, 0.1428086507344483, 0.11549429057497194, 0.09937095742788518, 0.08484475803799749]",5,5,151,ok,,,False,,9.766699804458767e-05
tfidf,277,1252,"[""jase"", ""service"", ""agent"", ""agents"", ""oriented""]","[0.31564598940141525, 0.1856000956034114, 0.14732108858948012, 0.12017830035968095, 0.115088908458519]",5,5,347,ok,,,False,,0.00022087499382905662
tfidf,278,1253,"[""neural"", ""network"", ""neural network"", ""xml"", ""language neural""]","[0.23064536112703263, 0.2200348394337602, 0.21879478642553649, 0.14772808919626015, 0.1363760191315026]",5,5,192,ok,,,False,,0.000124333004350774
tfidf,279,1254,"[""wrapper"", ""corba"", ""unified interface"", ""wrappers"", ""retrieval""]","[0.16940797369920235, 0.13392232818797478, 0.13392232818797478, 0.13392232818797478, 0.13161070709623077]",5,5,459,ok,,,False,,0.0002958750119432807
tfidf,280,1255,"[""sgml"", ""succession"", ""xml"", ""grafting"", ""compatibility""]","[0.29965220464402476, 0.27072512765690415, 0.22809153563153187, 0.18048341843793608, 0.16628260370085277]",5,5,370,ok,,,False,,0.00023949999012984335
tfidf,281,1256,"[""hypothetical reasoning"", ""inference path"", ""inference path network"", ""path network"", ""consistency checking""]","[0.18365464034168932, 0.18365464034168932, 0.18365464034168932, 0.18365464034168932, 0.1742384610264809]",5,5,321,ok,,,False,,0.00020724999194499105
tfidf,282,1257,"[""measure cases"", ""similarity measure"", ""similarity measure cases"", ""similarity"", ""cases""]","[0.23771713499241867, 0.23771713499241867, 0.23771713499241867, 0.20441218105664002, 0.16961315744350072]",5,5,417,ok,,,False,,0.00026950000028591603
tfidf,283,1258,"[""data structures"", ""class library"", ""fifo queue"", ""fifo"", ""structures""]","[0.1585493003935333, 0.14129477058778278, 0.14129477058778278, 0.13405042928673813, 0.13371853792588592]",5,5,393,ok,,,False,,0.00025120899954345077
tfidf,284,1259,"[""rule"", ""subgoal"", ""solving"", ""atom"", ""similarities""]","[0.15155249486270847, 0.11807940145924001, 0.10330311430048074, 0.10167584859515572, 0.10167584859515572]",5,5,292,ok,,,False,,0.00018508298671804368
tfidf,285,126,"[""adf"", ""fir"", ""fir adf"", ""maximum delay"", ""pipelined""]","[0.29018442577061443, 0.20822674809423317, 0.14509221288530721, 0.14509221288530721, 0.13237508928169117]",5,5,345,ok,,,False,,0.00022070799604989588
tfidf,286,1260,"[""precedent"", ""precedent firing"", ""firing"", ""firing control"", ""precedent firing control""]","[0.24036257542457068, 0.24036257542457068, 0.19144550913318106, 0.180271931568428, 0.180271931568428]",5,5,208,ok,,,False,,0.00013337499694898725
tfidf,287,1261,"[""surface"", ""object"", ""arbitrary topology"", ""topology"", ""mathematical morphology""]","[0.1399443492627578, 0.13714143067653484, 0.11850277787417217, 0.11688521432999445, 0.11242700759285779]",5,5,290,ok,,,False,,0.0001830420078476891
tfidf,288,1262,"[""fpga"", ""shoke2000"", ""reconfigurable"", ""devices"", ""analog devices""]","[0.2820952207149972, 0.19822679025556225, 0.13144441833151427, 0.1180494701236735, 0.09911339512778113]",5,5,338,ok,,,False,,0.00021654200099874288
tfidf,289,1263,"[""whd"", ""high definition"", ""super high"", ""super high definition"", ""super""]","[0.2216473405818862, 0.16623550543641466, 0.16623550543641466, 0.16623550543641466, 0.1469746128661616]",5,5,231,ok,,,False,,0.000146791004226543
tfidf,290,1264,"[""vanishing"", ""vanishing point"", ""point"", ""automatic driving"", ""cross ratio""]","[0.240640871568919, 0.240640871568919, 0.15277048563534204, 0.1203204357844595, 0.1203204357844595]",5,5,243,ok,,,False,,0.00015433299995493144
tfidf,291,1265,"[""transcoding"", ""requantization"", ""mpeg"", ""parameter"", ""mpeg stream""]","[0.2504412170133777, 0.20035297361070215, 0.17252000229238032, 0.16488010233164932, 0.1502647302080266]",5,5,306,ok,,,False,,0.00019591599993873388
tfidf,292,1266,"[""information"", ""information sources"", ""sources"", ""gathering method"", ""information gathering method""]","[0.2504143298638196, 0.17567087263856696, 0.14605945720294702, 0.1388733466604285, 0.1388733466604285]",5,5,416,ok,,,False,,0.0002659580059116706
tfidf,293,1267,"[""flow"", ""focal length"", ""3d"", ""computed"", ""optical flow""]","[0.17718578726621279, 0.12527013859438396, 0.1235602005406151, 0.1235602005406151, 0.1188473981416998]",5,5,252,ok,,,False,,0.00016116599726956338
tfidf,294,1268,"[""contextual"", ""marking"", ""nets"", ""prefix"", ""contextual net""]","[0.22225108223379453, 0.2164556918591466, 0.1944228693609754, 0.17886638576798836, 0.1256884446518967]",5,5,211,ok,,,False,,0.00013495799794327468
tfidf,295,1269,"[""minimizing number"", ""minimizing number successor"", ""number successor"", ""successor"", ""minimizing number successor states""]","[0.1937100068937481, 0.1937100068937481, 0.1937100068937481, 0.1837782776618146, 0.14528250517031108]",5,5,306,ok,,,False,,0.00019762500596698374
tfidf,296,127,"[""discrete time neural"", ""discrete time neural networks"", ""time neural"", ""time neural networks"", ""discrete time""]","[0.18832467163063493, 0.18832467163063493, 0.18832467163063493, 0.18832467163063493, 0.13232976952376502]",5,5,221,ok,,,False,,0.00014350000128615648
tfidf,297,1270,"[""volumetric"", ""rdss"", ""storm"", ""volumetric storm"", ""cells classification""]","[0.15273306623897356, 0.1500697590354685, 0.1500697590354685, 0.1500697590354685, 0.10004650602364565]",5,5,340,ok,,,False,,0.0002168749924749136
tfidf,298,1271,"[""composable"", ""mss"", ""architecture"", ""composability"", ""composable architecture""]","[0.22678033969636405, 0.22678033969636405, 0.17046279243678578, 0.15118689313090936, 0.15118689313090936]",5,5,166,ok,,,False,,0.00010637499508447945
tfidf,299,1272,"[""attributes"", ""action rules"", ""business user"", ""distributed knowledge"", ""definitions""]","[0.22186042629869956, 0.16608891407872112, 0.16608891407872112, 0.15757334924287594, 0.1369740056004957]",5,5,438,ok,,,False,,0.00028249999741092324
tfidf,300,1273,"[""judgment"", ""reflective"", ""reflective judgment"", ""particular"", ""kant""]","[0.3303004485610978, 0.23331163833140656, 0.1917942156701662, 0.14611231390053817, 0.12786281044677747]",5,5,576,ok,,,False,,0.0003964159986935556
tfidf,301,1274,"[""model checking"", ""bounded model"", ""bounded model checking"", ""checking"", ""bmc""]","[0.20503820359948655, 0.18646552185866283, 0.18646552185866283, 0.18134103319463565, 0.12431034790577523]",5,5,229,ok,,,False,,0.00014833400200586766
tfidf,302,1275,"[""nets"", ""petri"", ""np nets"", ""np"", ""nested petri""]","[0.28675527852714305, 0.20016164714291243, 0.18537852605642272, 0.14337763926357153, 0.12358568403761515]",5,5,220,ok,,,False,,0.00014070799807086587
tfidf,303,1276,"[""generalized rough"", ""rough"", ""generalized"", ""generalized rough approximations"", ""rough approximations""]","[0.2390062402692672, 0.2113137596204368, 0.19411680136590834, 0.1593374935128448, 0.1593374935128448]",5,5,146,ok,,,False,,9.425000462215394e-05
tfidf,304,1277,"[""nets"", ""modelling protocols"", ""token"", ""object"", ""petri""]","[0.18315119742501285, 0.15786887085278878, 0.15786887085278878, 0.13702440058638882, 0.127843663562473]",5,5,159,ok,,,False,,0.0001037090114550665
tfidf,305,1278,"[""state spaces"", ""timed automata"", ""timed"", ""similarity"", ""automata""]","[0.15310711857130627, 0.15310711857130627, 0.14268285788047466, 0.11894679864606007, 0.11770965071789136]",5,5,163,ok,,,False,,0.0001033750013448298
tfidf,306,1279,"[""analysis synthesis"", ""nets"", ""synthesis"", ""place transition"", ""place transition petri""]","[0.18119797697205997, 0.1585100520151936, 0.14400751130799297, 0.13662920735585618, 0.13662920735585618]",5,5,205,ok,,,False,,0.00012983399210497737
tfidf,307,128,"[""hopfield"", ""hopfield neural"", ""hopfield neural networks"", ""neural networks"", ""neural""]","[0.28637627344591493, 0.28637627344591493, 0.28637627344591493, 0.18272933664758176, 0.16144421731373923]",5,5,87,ok,,,False,,6.391698843799531e-05
tfidf,308,1280,"[""subtyping"", ""polymorphic subtypes"", ""sequent"", ""subtyping relation"", ""relation""]","[0.16402003548416208, 0.1093466903227747, 0.1093466903227747, 0.1093466903227747, 0.1085572377081327]",5,5,328,ok,,,False,,0.00020833300368394703
tfidf,309,1281,"[""timed"", ""non interference"", ""interference"", ""automata"", ""notion""]","[0.2557403106241334, 0.2169411385137407, 0.17568092921164127, 0.1582343339201395, 0.14994209306323264]",5,5,176,ok,,,False,,0.00011670800449792296
tfidf,310,1282,"[""crl"", ""mu crl"", ""mu"", ""timed"", ""timed mu""]","[0.3429418434375202, 0.3429418434375202, 0.2334135062212756, 0.17326105959481455, 0.14697507575893723]",5,5,257,ok,,,False,,0.0001619160029804334
tfidf,311,1283,"[""object"", ""programming"", ""model"", ""acceptable programming"", ""acceptable programming usable""]","[0.0904776264795682, 0.08367416069273728, 0.08187859776679789, 0.07818096996945736, 0.07818096996945736]",5,5,187,ok,,,False,,0.00011925000580959022
tfidf,312,1284,"[""games"", ""mc games"", ""mc"", ""linear time"", ""games equivalent""]","[0.33093620185602873, 0.32732745227956805, 0.2986376722650713, 0.14475486734164666, 0.13093098091182723]",5,5,171,ok,,,False,,0.00010991700401064008
tfidf,313,1285,"[""rough"", ""information"", ""information systems"", ""attributes"", ""notions""]","[0.17882108310267644, 0.1458815777533125, 0.1338634663617308, 0.12350692815859596, 0.11071681816031555]",5,5,540,ok,,,False,,0.00034995799069292843
tfidf,314,1286,"[""self"", ""self describing"", ""describing"", ""describeness"", ""describing turing""]","[0.2853501921179619, 0.2465687448796097, 0.18820847394339477, 0.16437916325307314, 0.16437916325307314]",5,5,103,ok,,,False,,8.508400060236454e-05
tfidf,315,1287,"[""decision trees"", ""trees"", ""boolean functions"", ""boolean"", ""decision""]","[0.278274895730674, 0.20981406626698165, 0.19449646317760158, 0.16585539423475487, 0.1609211416137404]",5,5,150,ok,,,False,,9.854200470726937e-05
tfidf,316,1288,"[""indiscernibility"", ""complementarity"", ""indiscernibility complementarity"", ""relations"", ""information systems""]","[0.3058516372107501, 0.26700966540167065, 0.20114067275785993, 0.1956128781975136, 0.17750088283133086]",5,5,136,ok,,,False,,9.120799950323999e-05
tfidf,317,1289,"[""pc"", ""hmi"", ""pc based control"", ""pc based"", ""based control""]","[0.2862150235191109, 0.203662979668044, 0.203662979668044, 0.1753701833618661, 0.15751941636056188]",5,5,180,ok,,,False,,0.00011583299783524126
tfidf,318,129,"[""change phase"", ""evaluated unit"", ""evaluated unit circle"", ""polynomial evaluated"", ""polynomial evaluated unit""]","[0.16163541951458885, 0.16163541951458885, 0.16163541951458885, 0.16163541951458885, 0.16163541951458885]",5,5,125,ok,,,False,,8.762499783188105e-05
tfidf,319,1290,"[""infrastructure"", ""legacy"", ""hard infrastructure"", ""information flow"", ""infrastructure soft""]","[0.20255367306036437, 0.15350659813437442, 0.12160075839444379, 0.12160075839444379, 0.12160075839444379]",5,5,254,ok,,,False,,0.00016283299191854894
tfidf,320,1291,"[""scada"", ""control scada"", ""house"", ""control"", ""accomplish evaluated""]","[0.30324047336499294, 0.15981408394219962, 0.12049013171148881, 0.0875332645815074, 0.07990704197109981]",5,5,158,ok,,,False,,0.00010020799527410418
tfidf,321,1292,"[""building"", ""automation systems"", ""building automation systems"", ""hvac"", ""building automation""]","[0.1814141418052637, 0.1474864477170089, 0.1474864477170089, 0.1474864477170089, 0.1399246521877335]",5,5,183,ok,,,False,,0.00011637499846983701
tfidf,322,1293,"[""truss"", ""truss topology"", ""topology"", ""members"", ""topology combination""]","[0.2490148102624198, 0.18676110769681487, 0.16374383785765842, 0.12711357860658623, 0.1245074051312099]",5,5,251,ok,,,False,,0.00015816700761206448
tfidf,323,1294,"[""interactive"", ""descent algorithm"", ""interactive descent"", ""interactive descent algorithm"", ""multicriterion""]","[0.13366496230224037, 0.13188547405979412, 0.13188547405979412, 0.13188547405979412, 0.13188547405979412]",5,5,215,ok,,,False,,0.00013745800242759287
tfidf,324,1295,"[""graph morphing"", ""morphing"", ""design"", ""used provide insights"", ""graph""]","[0.17726237869936023, 0.1704655460331276, 0.14591413068846068, 0.12456131753518948, 0.12208635615320015]",5,5,244,ok,,,False,,0.00015654200979042798
tfidf,325,1296,"[""vds"", ""optimal design"", ""design"", ""graph morphing"", ""morphing""]","[0.1948156049483176, 0.14987657828788414, 0.12829050292184954, 0.11688936296899056, 0.1124074337159131]",5,5,541,ok,,,False,,0.0003434160025790334
tfidf,326,1297,"[""optimization"", ""acoustic"", ""method used"", ""stochastic"", ""method""]","[0.15936877098009547, 0.12302153335068323, 0.11020925341508339, 0.092751624126134, 0.0749788558887715]",5,5,202,ok,,,False,,0.00012870899809058756
tfidf,327,1298,"[""rectangular"", ""adaptive rectangular"", ""adaptive rectangular structure"", ""composite adaptive"", ""composite adaptive rectangular""]","[0.16659829403037935, 0.13467338624613243, 0.13467338624613243, 0.13467338624613243, 0.13467338624613243]",5,5,205,ok,,,False,,0.00013050000416114926
tfidf,328,1299,"[""information technology"", ""technology"", ""spending"", ""publishers"", ""publishing""]","[0.14116030082474568, 0.12479927329892683, 0.12044285274027015, 0.11068876177966096, 0.09814504277762497]",5,5,210,ok,,,False,,0.00013520799984689802
tfidf,329,13,"[""polynomials"", ""interval parameters"", ""monotonicity"", ""interval"", ""characteristic polynomials coefficients""]","[0.2268530898781016, 0.21523014719685316, 0.21428484154681637, 0.16311634843444756, 0.16142261039763986]",5,5,191,ok,,,False,,0.0001230830093845725
tfidf,330,130,"[""algorithmic analog"", ""algorithmic analog digital"", ""current mode algorithmic"", ""current mode algorithmic analog"", ""mode algorithmic""]","[0.13448419524257965, 0.13448419524257965, 0.13448419524257965, 0.13448419524257965, 0.13448419524257965]",5,5,199,ok,,,False,,0.00012633400910999626
tfidf,331,1300,"[""common picture"", ""common picture exchange"", ""common picture exchange environment"", ""consortium film"", ""consortium film suppliers""]","[0.11431154412283859, 0.11431154412283859, 0.11431154412283859, 0.11431154412283859, 0.11431154412283859]",5,5,86,ok,,,False,,6.487499922513962e-05
tfidf,332,1301,"[""firing"", ""firing rate"", ""variability"", ""correlation time"", ""spike""]","[0.1705451248174793, 0.15628349802324842, 0.13871827082094587, 0.12847310635649503, 0.1135875577295463]",5,5,463,ok,,,False,,0.0003036659909412265
tfidf,333,1302,"[""synaptic"", ""time constant"", ""firing"", ""synapses"", ""decay""]","[0.21882343083323008, 0.14978814340887378, 0.13493892178579675, 0.12706330999472115, 0.10693494965282681]",5,5,475,ok,,,False,,0.00030979199800640345
tfidf,334,1303,"[""mathematics"", ""carreira"", ""carreira perpinan"", ""carreira perpinan goodhill"", ""goodhill""]","[0.1352179104571589, 0.11131668293445894, 0.11131668293445894, 0.11131668293445894, 0.11131668293445894]",5,5,323,ok,,,False,,0.0002053749922197312
tfidf,335,1304,"[""center crossing"", ""crossing"", ""center"", ""center crossing networks"", ""crossing networks""]","[0.2632400919615604, 0.2170948616927426, 0.18194230304721196, 0.15794405517693622, 0.15794405517693622]",5,5,282,ok,,,False,,0.00018116700812242925
tfidf,336,1305,"[""recurrent"", ""recurrent nets"", ""simple recurrent"", ""context"", ""nets""]","[0.22904300956752988, 0.21567508130086618, 0.21567508130086618, 0.1684004199183475, 0.16680995724113795]",5,5,148,ok,,,False,,9.866700565908104e-05
tfidf,337,1306,"[""analog"", ""spike"", ""spikes"", ""hybrid"", ""digital""]","[0.3023641997245816, 0.22007714413334867, 0.15557378659046334, 0.1389746862542207, 0.13442239963727587]",5,5,671,ok,,,False,,0.0004715830000350252
tfidf,338,1307,"[""law librarians"", ""academic law"", ""academic law librarians"", ""law"", ""librarians""]","[0.2512022629405068, 0.24157032773173168, 0.19858328486245794, 0.19710295400543013, 0.18940180753504288]",5,5,182,ok,,,False,,0.00011795799946412444
tfidf,339,1308,"[""2000 2001"", ""biall"", ""academic"", ""academic law"", ""2001""]","[0.181182238225997, 0.17189282173920037, 0.17150189007348474, 0.1653018758517518, 0.11254845392375444]",5,5,122,ok,,,False,,8.474999049212784e-05
tfidf,340,1309,"[""law"", ""law reporting"", ""reporting"", ""access judgments"", ""accessible law""]","[0.23749713465101324, 0.15952056251482452, 0.15952056251482452, 0.07976028125741226, 0.07976028125741226]",5,5,156,ok,,,False,,0.00010291699436493218
tfidf,341,131,"[""filter"", ""filter banks"", ""biorthogonal"", ""banks"", ""dyadic""]","[0.26554497364382074, 0.2644131718002489, 0.2508564120345171, 0.24540665309664245, 0.15864790308014934]",5,5,215,ok,,,False,,0.00013904199295211583
tfidf,342,1310,"[""new legal information"", ""legal information"", ""new legal"", ""legal"", ""legal information professionals""]","[0.24476285922476965, 0.23221359301578304, 0.23221359301578304, 0.16917148894735234, 0.16317523948317975]",5,5,103,ok,,,False,,7.60830007493496e-05
tfidf,343,1311,"[""block implicit"", ""block implicit methods"", ""block implicit methods odes"", ""brugnano"", ""implementation block""]","[0.11638822429012216, 0.11638822429012216, 0.11638822429012216, 0.11638822429012216, 0.11638822429012216]",5,5,286,ok,,,False,,0.0001841670018620789
tfidf,344,1312,"[""boundary conditions"", ""resolvent condition"", ""semidiscrete"", ""semidiscrete problem"", ""solution heat""]","[0.14125693611985696, 0.12175772432225891, 0.12175772432225891, 0.12175772432225891, 0.12175772432225891]",5,5,258,ok,,,False,,0.00016341599985025823
tfidf,345,1313,"[""step size"", ""variable step size"", ""variable step"", ""step"", ""collocation""]","[0.25865222985982184, 0.2332645966909297, 0.21738283372302772, 0.2043521564409273, 0.16824033871517202]",5,5,206,ok,,,False,,0.0001314169930992648
tfidf,346,1314,"[""timescales"", ""traffic engineering"", ""traffic"", ""internet"", ""packet""]","[0.18257741172603423, 0.1732164631296882, 0.1527991011650916, 0.1473992494645665, 0.13605946671734334]",5,5,237,ok,,,False,,0.0001536250056233257
tfidf,347,1315,"[""traffic"", ""traffic engineering"", ""engineering"", ""routing"", ""protocols""]","[0.25668919358159387, 0.16627919142301306, 0.1385699983349992, 0.12656965484468954, 0.12537140009141884]",5,5,270,ok,,,False,,0.0001723750028759241
tfidf,348,1316,"[""streams"", ""dragonflies"", ""tortoises"", ""lifetime"", ""internet""]","[0.3947709218777126, 0.12980883400831567, 0.12980883400831567, 0.11177583210818687, 0.10479787464293368]",5,5,444,ok,,,False,,0.0002883749984903261
tfidf,349,1317,"[""dsl"", ""dsm"", ""dsl systems"", ""crosstalk"", ""spectrum management""]","[0.3457615893927304, 0.17977392858823185, 0.1515914041167589, 0.13402725173185495, 0.11369355308756916]",5,5,591,ok,,,False,,0.0003870000073220581
tfidf,350,1318,"[""anomaly"", ""anomaly detection"", ""statistical anomaly"", ""statistical"", ""detection""]","[0.20714646167534184, 0.10917052610805765, 0.10917052610805765, 0.09838396120741637, 0.0966926588701187]",5,5,348,ok,,,False,,0.00021929100330453366
tfidf,351,1319,"[""routing"", ""manets"", ""routing security"", ""wireless"", ""ad hoc""]","[0.19241466348972958, 0.15986581411038223, 0.15986581411038223, 0.15109190594501654, 0.14585380562553327]",5,5,301,ok,,,False,,0.00018974998965859413
tfidf,352,132,"[""cordic"", ""rotational"", ""vector rotational"", ""vector"", ""cordic family""]","[0.33835447416984415, 0.3210066609321348, 0.16917723708492208, 0.12705143750724288, 0.12688292781369157]",5,5,389,ok,,,False,,0.0002490420010872185
tfidf,353,1320,"[""routing"", ""infrastructure"", ""routing infrastructure"", ""secure routing"", ""internet""]","[0.2100857579380843, 0.16152709565025472, 0.09697092644905651, 0.09697092644905651, 0.09394442593976023]",5,5,434,ok,,,False,,0.00027729201246984303
tfidf,354,1323,"[""adobe"", ""adobe future"", ""adobe future looking"", ""adobe future looking newspaper"", ""adobe indesign""]","[0.1802735223855759, 0.09879609686945025, 0.09879609686945025, 0.09879609686945025, 0.09879609686945025]",5,5,112,ok,,,False,,8.254199929069728e-05
tfidf,355,1324,"[""profiling"", ""adds valuable"", ""adds valuable features"", ""adds valuable features support"", ""advanced functions""]","[0.1805604238399229, 0.09895332874410696, 0.09895332874410696, 0.09895332874410696, 0.09895332874410696]",5,5,113,ok,,,False,,7.933299639262259e-05
tfidf,356,1325,"[""rite"", ""active measuring"", ""active measuring light"", ""active measuring light shape"", ""arts company""]","[0.21278336232369338, 0.10639168116184669, 0.10639168116184669, 0.10639168116184669, 0.10639168116184669]",5,5,93,ok,,,False,,6.749999010935426e-05
tfidf,357,1326,"[""lastre"", ""verona"", ""verona lastre"", ""plates"", ""opportunity""]","[0.1373325843374707, 0.1373325843374707, 0.1373325843374707, 0.1214205314557774, 0.09569139442006531]",5,5,221,ok,,,False,,0.0001413749996572733
tfidf,358,1328,"[""publishing markets"", ""markets"", ""publishing"", ""hardware software look"", ""hardware software look promising""]","[0.31685414121832856, 0.23110971173567632, 0.2172932460282336, 0.15842707060916428, 0.15842707060916428]",5,5,39,ok,,,False,,3.929100057575852e-05
tfidf,359,1329,"[""mediarich"", ""pageflex"", ""variable"", ""collaborate fully"", ""collaborate fully variable""]","[0.19691780279317866, 0.19691780279317866, 0.11579027224950213, 0.09845890139658933, 0.09845890139658933]",5,5,107,ok,,,False,,7.483300578314811e-05
tfidf,360,133,"[""stability"", ""sub stability"", ""map"", ""condition met"", ""homeomorphism""]","[0.14404133290676044, 0.1337744785029359, 0.13031087489521193, 0.1269157110084769, 0.1269157110084769]",5,5,226,ok,,,False,,0.0001455409947084263
tfidf,361,1330,"[""strobbe"", ""commercial"", ""agfa"", ""agfa polaris"", ""agfa polaris company""]","[0.23078699674373962, 0.1537712576869941, 0.11539349837186981, 0.11539349837186981, 0.11539349837186981]",5,5,76,ok,,,False,,5.804200191050768e-05
tfidf,362,1331,"[""media"", ""agari"", ""agari mediaware"", ""agari mediaware media"", ""agari mediaware media star""]","[0.19705739378971857, 0.14983833946780387, 0.14983833946780387, 0.14983833946780387, 0.14983833946780387]",5,5,147,ok,,,False,,9.733298793435097e-05
tfidf,363,1332,"[""com"", ""personal"", ""24 hour"", ""24 hour accessibility"", ""24 hour accessibility quick""]","[0.13270828976542626, 0.1114274486716205, 0.08579185456861509, 0.08579185456861509, 0.08579185456861509]",5,5,147,ok,,,False,,9.512499673292041e-05
tfidf,364,1333,"[""crossing number"", ""crossing"", ""number"", ""3k"", ""3k single""]","[0.4212843185288928, 0.34743439034243523, 0.17112554961384838, 0.1404281061762976, 0.1404281061762976]",5,5,40,ok,,,False,,3.925000783056021e-05
tfidf,365,1334,"[""minimum clique"", ""clique"", ""alpha theta"", ""clique partition"", ""minimum clique partition""]","[0.18730821950314422, 0.17770471708810798, 0.12487214633542948, 0.12487214633542948, 0.12487214633542948]",5,5,243,ok,,,False,,0.00015504199836868793
tfidf,366,1335,"[""balls"", ""sub"", ""sub sub"", ""solid balls"", ""red""]","[0.48590702259295143, 0.2718785312628163, 0.20917246293517724, 0.16387309389515142, 0.14950985310552353]",5,5,279,ok,,,False,,0.00017949999892152846
tfidf,367,1336,"[""weak equivalence"", ""weak equivalence classes"", ""branched"", ""equivalence classes"", ""abelian""]","[0.17228757281075685, 0.17228757281075685, 0.16345419579207743, 0.16345419579207743, 0.15718681505655993]",5,5,124,ok,,,False,,8.812500163912773e-05
tfidf,368,1337,"[""hadamard matrices"", ""dihedral"", ""hadamard"", ""matrices"", ""1996 introduced""]","[0.22264632944561605, 0.21123100251441304, 0.20313169916225618, 0.1493710880852873, 0.11132316472280802]",5,5,81,ok,,,False,,6.0959006077609956e-05
tfidf,369,1338,"[""vertices"", ""feasible set"", ""set"", ""member"", ""feasible""]","[0.21502382773225767, 0.1872855149151128, 0.15527961311944802, 0.1469131928241924, 0.13660386825897566]",5,5,210,ok,,,False,,0.0001359169982606545
tfidf,370,1339,"[""sub"", ""colors"", ""sub sub"", ""positive"", ""coloring vertex""]","[0.2296798455216835, 0.15496821850058853, 0.1312676728444067, 0.10861454477570345, 0.08998476402500387]",5,5,127,ok,,,False,,8.81669984664768e-05
tfidf,371,134,"[""oscillations"", ""gene"", ""periodic oscillations"", ""periodic"", ""dynamics""]","[0.22625317277453294, 0.17351939664081398, 0.13717253725714018, 0.12851571762075048, 0.10710515436478846]",5,5,405,ok,,,False,,0.0002630420058267191
tfidf,372,1340,"[""orthogonal"", ""digraph"", ""given digraph"", ""orthogonal decomposition"", ""orthogonal decompositions""]","[0.22286183755746106, 0.20985466888870224, 0.13990311259246815, 0.13990311259246815, 0.13990311259246815]",5,5,186,ok,,,False,,0.00012104200141038746
tfidf,373,1341,"[""dynamic applications"", ""stem"", ""telephony"", ""architecture"", ""allowing dynamic""]","[0.16202488170646093, 0.15371768436674227, 0.1478236340547271, 0.12178839584111459, 0.10801658780430727]",5,5,298,ok,,,False,,0.00019108399283140898
tfidf,374,1342,"[""attack"", ""ddos"", ""ddos attack"", ""attack methods"", ""based distributed denial""]","[0.21040033290700635, 0.207851759297236, 0.207851759297236, 0.103925879648618, 0.103925879648618]",5,5,303,ok,,,False,,0.00019270798657089472
tfidf,375,1343,"[""dimension data"", ""estimating intrinsic"", ""estimating intrinsic dimension"", ""estimating intrinsic dimension data"", ""fractal based""]","[0.14449223702133868, 0.14449223702133868, 0.14449223702133868, 0.14449223702133868, 0.14449223702133868]",5,5,166,ok,,,False,,0.00010750000365078449
tfidf,376,1344,"[""strokes"", ""interfering"", ""interfering strokes"", ""foreground"", ""documents""]","[0.32249029025560616, 0.2687419085463385, 0.21499352683707076, 0.15297792575667593, 0.11534249457831561]",5,5,276,ok,,,False,,0.00017899999511428177
tfidf,377,1345,"[""target"", ""subcomponents"", ""target subcomponents"", ""image"", ""hmt""]","[0.2948290750285266, 0.15900603637790695, 0.15900603637790695, 0.10608133602123435, 0.10600402425193797]",5,5,318,ok,,,False,,0.0002013749908655882
tfidf,378,1346,"[""gtasom"", ""image segmentation"", ""thresholding"", ""segmentation"", ""adaptive self""]","[0.21013929611750035, 0.1917208893018597, 0.18579148668484013, 0.15327314947917794, 0.14009286407833357]",5,5,150,ok,,,False,,9.816700185183436e-05
tfidf,379,1347,"[""noisy range"", ""range"", ""surface"", ""likelihood"", ""noisy""]","[0.14389312285430095, 0.12720590426562273, 0.1132858362899193, 0.11129151094249919, 0.1060570475889462]",5,5,439,ok,,,False,,0.0002808330027619377
tfidf,380,1348,"[""surface"", ""radial basis functions"", ""basis functions"", ""data"", ""radial basis""]","[0.1711216138068793, 0.13747386783474738, 0.1195021012956595, 0.11865883386716901, 0.11734395887425247]",5,5,387,ok,,,False,,0.00024862500140443444
tfidf,381,1349,"[""manifold"", ""simplicial"", ""algorithm"", ""space"", ""samples""]","[0.4169104436012624, 0.11788654680262145, 0.09135072063770083, 0.08784351695215746, 0.08688878840305503]",5,5,256,ok,,,False,,0.00016116599726956338
tfidf,382,135,"[""logic"", ""threshold"", ""delay insensitive"", ""hlt"", ""hlt logic""]","[0.16518415554849278, 0.15581042943856688, 0.14383727713266573, 0.14383727713266573, 0.14383727713266573]",5,5,162,ok,,,False,,0.00010512500011827797
tfidf,383,1350,"[""spatially varying"", ""scene"", ""spatially"", ""spectral"", ""filter""]","[0.1728199696146023, 0.1678373582868844, 0.144588220151805, 0.13816262344798638, 0.11889587289148795]",5,5,404,ok,,,False,,0.00025883299531415105
tfidf,384,1351,"[""lambertian object"", ""lambertian"", ""principal"", ""spherical"", ""convex lambertian""]","[0.1449027854600039, 0.13747345719132498, 0.1369500925118172, 0.11734360836018294, 0.09660185697333594]",5,5,389,ok,,,False,,0.00024579100136179477
tfidf,385,1352,"[""elastic"", ""elastic parameters"", ""model elastic"", ""model elastic parameters"", ""model""]","[0.21776872131441552, 0.21124574862132547, 0.1584343114659941, 0.1584343114659941, 0.1106183876208543]",5,5,324,ok,,,False,,0.00020500000391621143
tfidf,386,1353,"[""color"", ""color channels"", ""diffusion"", ""channels"", ""term""]","[0.2615651437133146, 0.14487920301652796, 0.10678384223081189, 0.10269585325688112, 0.08867248542870282]",5,5,192,ok,,,False,,0.0001238750119227916
tfidf,387,1354,"[""mcs"", ""material"", ""agv"", ""optimal"", ""schedule""]","[0.19185417916858807, 0.19124264265417043, 0.14962786742355, 0.12935910597319558, 0.11503478202998331]",5,5,334,ok,,,False,,0.0002110419882228598
tfidf,388,1355,"[""transporters"", ""batch size"", ""compare systems"", ""pull systems"", ""push pull""]","[0.1866366011412107, 0.12442440076080712, 0.12442440076080712, 0.12442440076080712, 0.12442440076080712]",5,5,246,ok,,,False,,0.00015695900947321206
tfidf,389,1356,"[""cutter"", ""milling"", ""ruled"", ""milling ruled"", ""milling ruled surfaces""]","[0.22180383254888722, 0.1967552957253543, 0.1663528744116654, 0.11689526770723481, 0.11689526770723481]",5,5,276,ok,,,False,,0.00017300000763498247
tfidf,390,1357,"[""labour"", ""scheduling"", ""heuristics"", ""group scheduling"", ""group scheduling heuristics""]","[0.22527095060426758, 0.1561359315551396, 0.1327107345297959, 0.11872251157673352, 0.11872251157673352]",5,5,264,ok,,,False,,0.000167042002431117
tfidf,391,1358,"[""roughness"", ""manufacturing processes"", ""manufacturing"", ""processes"", ""capability fused""]","[0.27566207792273456, 0.13919632862587586, 0.1302158508124718, 0.11286932475770518, 0.11026483116909382]",5,5,264,ok,,,False,,0.0001673340011620894
tfidf,392,1359,"[""control charts"", ""charts"", ""fuzzy"", ""fuzziness"", ""fuzzy probability""]","[0.20050657660225807, 0.18495495266756617, 0.16519262617330904, 0.14651267624012448, 0.14651267624012448]",5,5,181,ok,,,False,,0.0001171670010080561
tfidf,393,136,"[""allpass"", ""fractional delay"", ""weighted"", ""fractional"", ""allpass filters""]","[0.18040202064146477, 0.17115260678497013, 0.1637139317665828, 0.12787576859411065, 0.12026801376097651]",5,5,225,ok,,,False,,0.0001421670021954924
tfidf,394,1360,"[""bonding"", ""bonding line"", ""inspection"", ""classification proposed"", ""classification proposed method""]","[0.45403425843879114, 0.15952371239801222, 0.12513588106470816, 0.10634914159867481, 0.10634914159867481]",5,5,261,ok,,,False,,0.00016549999418202788
tfidf,395,1361,"[""stage"", ""batch"", ""shop"", ""scheduling"", ""batch stage""]","[0.22534517777871158, 0.1978639792829033, 0.16153205573976834, 0.1262115216873108, 0.09596861334475877]",5,5,403,ok,,,False,,0.00025850000383798033
tfidf,396,1362,"[""high speed"", ""speed"", ""high"", ""machining"", ""cam""]","[0.22456472086568413, 0.15537453567656004, 0.1376884760208799, 0.13681571225027017, 0.12217688214692536]",5,5,634,ok,,,False,,0.00042962499719578773
tfidf,397,1363,"[""welding"", ""heuristics"", ""task sequencing"", ""welding task"", ""welding task sequencing""]","[0.28229218293212727, 0.20940648071013848, 0.1873342304858591, 0.1873342304858591, 0.1873342304858591]",5,5,313,ok,,,False,,0.00020104199938941747
tfidf,398,1364,"[""sphere fitting"", ""stc"", ""tolerance control"", ""set point"", ""sphere""]","[0.1488873834741489, 0.1488873834741489, 0.1488873834741489, 0.14125376039794207, 0.12530182675400695]",5,5,356,ok,,,False,,0.0002266249939566478
tfidf,399,1365,"[""deadlock"", ""deadlock free"", ""scheduling"", ""petri"", ""deadlock free scheduling""]","[0.19564106403852533, 0.19564106403852533, 0.1286470416537254, 0.12674554640106814, 0.11738463842311518]",5,5,535,ok,,,False,,0.0003439580032136291
tfidf,400,1366,"[""lvq"", ""fuzzy soft"", ""control charts"", ""charts"", ""learning""]","[0.347817744369052, 0.16293976879025604, 0.14865833260257943, 0.13712814480240715, 0.13452936104283475]",5,5,327,ok,,,False,,0.00021004199516028166
tfidf,401,1367,"[""jit"", ""jit group"", ""non jit"", ""plant level"", ""variable cost""]","[0.29246084138276035, 0.11698433655310414, 0.11698433655310414, 0.11698433655310414, 0.11698433655310414]",5,5,272,ok,,,False,,0.0001717080012895167
tfidf,402,1368,"[""manufacturing"", ""uk"", ""manufacturers"", ""technologies"", ""common questionnaire""]","[0.2082082274999561, 0.14696766902407946, 0.14282684973403878, 0.1161422123952091, 0.10074720401352928]",5,5,371,ok,,,False,,0.00023754200083203614
tfidf,403,1369,"[""safety"", ""assessment software"", ""assessment software based"", ""assessment software based systems"", ""bayesian belief""]","[0.15769562521911898, 0.1549457826018682, 0.1549457826018682, 0.1549457826018682, 0.1549457826018682]",5,5,269,ok,,,False,,0.00017333299911115319
tfidf,404,137,"[""dipie"", ""pull"", ""dipie scheme"", ""scheme"", ""actuated mems""]","[0.22964260944335643, 0.20303504676636305, 0.18371408755468513, 0.1365709568096086, 0.09185704377734256]",5,5,410,ok,,,False,,0.00026333300047554076
tfidf,405,1370,"[""task models"", ""safety critical"", ""air traffic"", ""task"", ""safety""]","[0.18665706903815354, 0.13999280177861517, 0.13281521387812234, 0.10975682510494984, 0.10685795394983247]",5,5,377,ok,,,False,,0.00023920800595078617
tfidf,406,1371,"[""diagnostic"", ""industrial"", ""algorithms developed different"", ""algorithms developed different teams"", ""allows consider""]","[0.1728854620054101, 0.10755086607098553, 0.07900933598658158, 0.07900933598658158, 0.07900933598658158]",5,5,182,ok,,,False,,0.0001168750022770837
tfidf,407,1372,"[""knowledge"", ""ontology"", ""expert"", ""acquisition ontology"", ""knowledge acquisition ontology""]","[0.23518512418702858, 0.19568283450749768, 0.12614305440738194, 0.11863838450482889, 0.11863838450482889]",5,5,258,ok,,,False,,0.00016408300143666565
tfidf,408,1373,"[""product support logistics"", ""support logistics"", ""logistics"", ""product support"", ""agent""]","[0.22619554532376226, 0.22619554532376226, 0.2145982461152738, 0.19998737705722275, 0.14780078038733876]",5,5,372,ok,,,False,,0.00023908399452921003
tfidf,409,1374,"[""warnings"", ""assist design"", ""delivery warnings"", ""design delivery"", ""design delivery warnings""]","[0.26825835426877864, 0.14137777411956826, 0.14137777411956826, 0.14137777411956826, 0.14137777411956826]",5,5,197,ok,,,False,,0.0001254579983651638
tfidf,410,1375,"[""manual"", ""digital maintenance"", ""digital"", ""eou"", ""maintenance""]","[0.20634222483512157, 0.17271041006139243, 0.13990235119050637, 0.12953280754604432, 0.12472465968311543]",5,5,441,ok,,,False,,0.00028479199681896716
tfidf,411,1376,"[""manuals"", ""product manuals"", ""product"", ""authoring"", ""intelligent product""]","[0.3405913254940049, 0.3141228399933747, 0.27729548976980306, 0.17029566274700245, 0.17029566274700245]",5,5,335,ok,,,False,,0.00021408399334177375
tfidf,412,1377,"[""hypermedia"", ""open hypermedia"", ""information"", ""open"", ""maintenance""]","[0.23059817354501974, 0.19444811151964714, 0.12271906847963485, 0.11251589492049739, 0.10531707900536323]",5,5,415,ok,,,False,,0.00026233399694319814
tfidf,413,1378,"[""ai"", ""design"", ""design support"", ""bearings"", ""rolling""]","[0.20029130171560974, 0.14224884263964507, 0.12143240118999167, 0.11520642583672022, 0.11078902602389827]",5,5,276,ok,,,False,,0.0001720830041449517
tfidf,414,1379,"[""helpdesk"", ""support"", ""environment"", ""intelligent"", ""based intelligent helpdesk""]","[0.20966196843276905, 0.12780239112339362, 0.1102559186916623, 0.10624543493726184, 0.10483098421638452]",5,5,329,ok,,,False,,0.00020733299606945366
tfidf,415,138,"[""light"", ""mems"", ""actuation"", ""bistable mems"", ""optical actuation""]","[0.21039383714028276, 0.20055462080046652, 0.1892841171152093, 0.10991083705481597, 0.10991083705481597]",5,5,313,ok,,,False,,0.0001956670021172613
tfidf,416,1380,"[""surface"", ""surface triangulations"", ""triangulations"", ""grid"", ""background""]","[0.24361849692334603, 0.13752832836306955, 0.13047709677764271, 0.10248820398267659, 0.09663679133325624]",5,5,453,ok,,,False,,0.00029420899227261543
tfidf,417,1381,"[""asdt"", ""tree"", ""digital tree"", ""asdt algorithm"", ""spatial digital""]","[0.23216860701941058, 0.19256014116212794, 0.18573488561552845, 0.13930116421164634, 0.13930116421164634]",5,5,375,ok,,,False,,0.0002393750037299469
tfidf,418,1382,"[""loop"", ""reuse"", ""memory"", ""chip memory"", ""limited chip""]","[0.2494385422491317, 0.1367896551982673, 0.12956089572559087, 0.12880602670087382, 0.12880602670087382]",5,5,419,ok,,,False,,0.0002716669987421483
tfidf,419,1383,"[""broadcast"", ""semantic"", ""based broadcast"", ""client"", ""items""]","[0.3275868389962322, 0.16666116525137117, 0.13709665420871361, 0.12634185429192651, 0.10603490625120607]",5,5,403,ok,,,False,,0.0002581669978098944
tfidf,420,1384,"[""broadcast"", ""query"", ""data broadcast"", ""data"", ""query processing""]","[0.2690908668606279, 0.16981098983848614, 0.1602628080711856, 0.15809007999657695, 0.11261581093353636]",5,5,290,ok,,,False,,0.00018316700879950076
tfidf,421,1385,"[""location dependent"", ""replacement"", ""cache"", ""invalidation"", ""location""]","[0.21830569259681054, 0.19365220434568745, 0.18976689461798396, 0.18408267943696904, 0.18275365381979813]",5,5,330,ok,,,False,,0.00021050000214017928
tfidf,422,1386,"[""attack regardless"", ""attack regardless need"", ""attack regardless need plan"", ""bank customers"", ""bank customers marketers""]","[0.11246623165788244, 0.11246623165788244, 0.11246623165788244, 0.11246623165788244, 0.11246623165788244]",5,5,90,ok,,,False,,6.62079983158037e-05
tfidf,423,1389,"[""abm"", ""businesses"", ""activity based"", ""activity based management"", ""businesses need""]","[0.3335290647801477, 0.15761200218483318, 0.1111763549267159, 0.1111763549267159, 0.1111763549267159]",5,5,289,ok,,,False,,0.00018520798766985536
tfidf,424,139,"[""swelling"", ""ph"", ""hydrogel"", ""hydrogels"", ""swelling hydrogel""]","[0.3073216663950527, 0.2216898934051724, 0.21951547599646623, 0.13170928559787973, 0.13170928559787973]",5,5,363,ok,,,False,,0.00023295798746403307
tfidf,425,1390,"[""data quality"", ""crm"", ""realise"", ""roi"", ""quality""]","[0.22589589051879821, 0.1997224417845958, 0.15059726034586549, 0.1241979941674908, 0.11561581493421694]",5,5,170,ok,,,False,,0.00010991700401064008
tfidf,426,1391,"[""accounting"", ""policies"", ""government"", ""accounting information"", ""budget accounting""]","[0.1550399325941242, 0.15046890767856205, 0.14112211632230942, 0.14023383688468197, 0.14023383688468197]",5,5,187,ok,,,False,,0.00011929099855478853
tfidf,427,1392,"[""bureaucrats"", ""government"", ""rural"", ""enlisting"", ""japanese rural""]","[0.16031623745326984, 0.1434059771582472, 0.14174118142809525, 0.10687749163551322, 0.10687749163551322]",5,5,336,ok,,,False,,0.00021091698727104813
tfidf,428,1393,"[""government organizations"", ""erp"", ""organizations"", ""government"", ""management government""]","[0.21272210361613386, 0.17902435755199295, 0.17267869864504815, 0.14271302902702662, 0.10636105180806693]",5,5,329,ok,,,False,,0.0002092500071739778
tfidf,429,1394,"[""supranational"", ""rulings"", ""subject access"", ""subject access government"", ""access government""]","[0.21124136929178428, 0.1584310269688382, 0.1584310269688382, 0.1584310269688382, 0.1503080905907773]",5,5,294,ok,,,False,,0.00018708400602918118
tfidf,430,1395,"[""government"", ""access"", ""access information"", ""information"", ""government information""]","[0.21719913339987346, 0.20169290770728462, 0.15929887079381602, 0.13343485927838913, 0.13163531543607046]",5,5,395,ok,,,False,,0.00025266699958592653
tfidf,431,1396,"[""ds"", ""charts"", ""control charts"", ""ds control"", ""agile manufacturing""]","[0.3140850104986611, 0.28972405411722374, 0.1963031315616632, 0.1721293993252047, 0.12909704949390352]",5,5,331,ok,,,False,,0.00021100000594742596
tfidf,432,1397,"[""capability"", ""sub"", ""capability index"", ""pmk"", ""sub pmk""]","[0.2016419536244717, 0.15946253948121483, 0.15618696269858717, 0.15618696269858717, 0.15618696269858717]",5,5,345,ok,,,False,,0.00022104199160821736
tfidf,433,1398,"[""storage"", ""burgeoning storage"", ""burgeoning storage needs"", ""climb"", ""climb plenty""]","[0.26705160193560123, 0.13174816538707046, 0.13174816538707046, 0.13174816538707046, 0.13174816538707046]",5,5,60,ok,,,False,,5.241700273472816e-05
tfidf,434,14,"[""prediction"", ""fermentation"", ""hybrid models"", ""prediction optimization"", ""process prediction""]","[0.1280269135221611, 0.1272210605651029, 0.1272210605651029, 0.1272210605651029, 0.1272210605651029]",5,5,259,ok,,,False,,0.00016045800293795764
tfidf,435,140,"[""microinjector"", ""commercial"", ""fabrication"", ""droplet"", ""fabrication implementation""]","[0.18133259313103497, 0.15918699899855093, 0.14993062782459182, 0.1307847711193289, 0.09556607644923115]",5,5,402,ok,,,False,,0.0002601669984869659
tfidf,436,1402,"[""cheap web"", ""cheap web technology"", ""cheap web technology provides"", ""customers make work"", ""customers make work business""]","[0.15473523028090308, 0.15473523028090308, 0.15473523028090308, 0.15473523028090308, 0.15473523028090308]",5,5,49,ok,,,False,,4.5375010813586414e-05
tfidf,437,1403,"[""utilities"", ""effective efficacious"", ""efficient effective efficacious"", ""look utilities"", ""look utilities make""]","[0.3732020482191238, 0.2045275713250496, 0.2045275713250496, 0.2045275713250496, 0.2045275713250496]",5,5,25,ok,,,False,,3.1750008929520845e-05
tfidf,438,1404,"[""advice john"", ""advice john edgar"", ""advice john edgar consultant"", ""best making"", ""best making improvements""]","[0.12749505063295313, 0.12749505063295313, 0.12749505063295313, 0.12749505063295313, 0.12749505063295313]",5,5,70,ok,,,False,,6.541699985973537e-05
tfidf,439,1405,"[""mail"", ""bowes"", ""bowes suggests"", ""bowes suggests strategies"", ""bowes suggests strategies making""]","[0.1648820664650294, 0.11062714584117846, 0.11062714584117846, 0.11062714584117846, 0.11062714584117846]",5,5,89,ok,,,False,,6.712500180583447e-05
tfidf,440,1406,"[""bluetooth"", ""bites"", ""bites years"", ""bites years started"", ""bites years started hear""]","[0.33766869181037, 0.11255623060345667, 0.11255623060345667, 0.11255623060345667, 0.11255623060345667]",5,5,80,ok,,,False,,6.020900036673993e-05
tfidf,441,1407,"[""type designed"", ""upgrades"", ""software"", ""drive"", ""products""]","[0.15286294137905335, 0.14502548699185472, 0.10871046113526762, 0.10185117481159783, 0.0922552777176114]",5,5,186,ok,,,False,,0.00011829199502244592
tfidf,442,1408,"[""pki"", ""public key"", ""forces"", ""secure"", ""financial""]","[0.2761639007262032, 0.10622994112422025, 0.08581916294817242, 0.08492657062246864, 0.07811524227090773]",5,5,298,ok,,,False,,0.00018608299433253706
tfidf,443,1409,"[""categories"", ""survey"", ""providers"", ""american carrier"", ""american carrier survey""]","[0.13719736126241064, 0.1351145546883515, 0.11689571325403784, 0.11090649716901378, 0.11090649716901378]",5,5,301,ok,,,False,,0.00018937500135507435
tfidf,444,141,"[""bubble"", ""microinjector"", ""droplets"", ""valve"", ""satellite""]","[0.2175683094981693, 0.17405464759853545, 0.13054098569890157, 0.12165313464101814, 0.10793477115575216]",5,5,419,ok,,,False,,0.00026950000028591603
tfidf,445,1410,"[""wam"", ""wam net"", ""record"", ""workflow"", ""digital version""]","[0.13866379552686525, 0.13866379552686525, 0.10584350972809944, 0.104544096330644, 0.0924425303512435]",5,5,401,ok,,,False,,0.0002595839905552566
tfidf,446,1411,"[""wait"", ""web"", ""cdns"", ""speedera"", ""delivery""]","[0.13505160062065144, 0.13339596994689432, 0.10917192447496993, 0.10917192447496993, 0.07005996523812057]",5,5,353,ok,,,False,,0.000225499999942258
tfidf,447,1412,"[""arbortext"", ""dosage"", ""multichannel publishing"", ""multichannel"", ""nowadays""]","[0.11579919265947267, 0.11579919265947267, 0.11579919265947267, 0.10564956011224871, 0.10564956011224871]",5,5,303,ok,,,False,,0.00019037500896956772
tfidf,448,1413,"[""job"", ""whizbang"", ""extraction"", ""company web"", ""web""]","[0.2654532534500478, 0.20184512713958616, 0.15041806156895166, 0.13456341809305744, 0.13153724466959157]",5,5,207,ok,,,False,,0.00013391599350143224
tfidf,449,1414,"[""polls"", ""surveys"", ""polls surveys"", ""web"", ""content""]","[0.238250770554119, 0.20710458041925345, 0.18834472302844643, 0.1227393807633835, 0.10333195675247546]",5,5,242,ok,,,False,,0.0001539999939268455
tfidf,450,1415,"[""buyers"", ""econtent"", ""digital content"", ""content"", ""today""]","[0.16347975204689955, 0.12656949537258855, 0.11190450881245173, 0.10416012786337242, 0.08076074058425872]",5,5,258,ok,,,False,,0.00016087500262074172
tfidf,451,1416,"[""cm"", ""vendor"", ""industry"", ""cm buyers"", ""cm vendors""]","[0.1832247589775991, 0.11572049934915232, 0.10898674562847117, 0.09834729788483676, 0.09834729788483676]",5,5,408,ok,,,False,,0.0002611250092741102
tfidf,452,1417,"[""ads"", ""community"", ""craigslist"", ""dot com"", ""dot""]","[0.16780353724231217, 0.11421065330336787, 0.11186902482820811, 0.1020638658340387, 0.09225870683986928]",5,5,321,ok,,,False,,0.00020304200006648898
tfidf,453,1418,"[""documentum"", ""drug companies"", ""fda"", ""johnson"", ""companies""]","[0.22698172960852547, 0.11349086480426274, 0.11349086480426274, 0.10354355387078093, 0.10274038125074172]",5,5,301,ok,,,False,,0.00019054199219681323
tfidf,454,1419,"[""packetvideo"", ""wireless"", ""company"", ""streaming"", ""sales""]","[0.1781183185648875, 0.1683426590322083, 0.10430690275120547, 0.0961612350381471, 0.09063970357051034]",5,5,290,ok,,,False,,0.00018341599206905812
tfidf,455,142,"[""sccm"", ""rates"", ""valve"", ""measured"", ""flow""]","[0.19931393715452114, 0.13280104695338993, 0.1321653067219802, 0.12084315155349686, 0.11276620993356362]",5,5,340,ok,,,False,,0.000219166002352722
tfidf,456,1420,"[""versions"", ""sd times"", ""sd"", ""pdf"", ""times""]","[0.10869717686144742, 0.09831674920627081, 0.09327593924637964, 0.08969942766227997, 0.08744872082239473]",5,5,426,ok,,,False,,0.00027229200350120664
tfidf,457,1421,"[""upi"", ""cai"", ""nstein"", ""news"", ""content""]","[0.3014378344884354, 0.1507189172442177, 0.1507189172442177, 0.08136904358063782, 0.05512615516215699]",5,5,381,ok,,,False,,0.00024300000222865492
tfidf,458,1422,"[""taxonomy"", ""content"", ""content management"", ""applications promise"", ""applications promise benefits""]","[0.2417748411283387, 0.14538852872754313, 0.10393828753623152, 0.06625046847873235, 0.06625046847873235]",5,5,242,ok,,,False,,0.00015320899547077715
tfidf,459,1423,"[""p2p"", ""right"", ""companies"", ""analysts"", ""executive""]","[0.318498021320238, 0.09721139810842658, 0.08683140761435924, 0.08259242857810303, 0.07910320579623643]",5,5,416,ok,,,False,,0.0002659590099938214
tfidf,460,1424,"[""financialcontent"", ""financial"", ""financial content"", ""financial information"", ""financialcontent com""]","[0.32666333501174677, 0.17532400524102723, 0.13066533400469868, 0.13066533400469868, 0.13066533400469868]",5,5,204,ok,,,False,,0.00013212500198278576
tfidf,461,1425,"[""kontiki"", ""bandwidth"", ""edge"", ""distance"", ""content""]","[0.20512941884631655, 0.10043702970516163, 0.09197415665125765, 0.08909021631807128, 0.07908165813912896]",5,5,200,ok,,,False,,0.00013025000225752592
tfidf,462,1426,"[""going"", ""connections"", ""connections people"", ""ozzie"", ""groove networks""]","[0.15036714112126873, 0.1486271779298407, 0.13296130049247107, 0.13296130049247107, 0.12614422554630528]",5,5,222,ok,,,False,,0.00014124999870546162
tfidf,463,1427,"[""nuclear"", ""arg"", ""convera"", ""sandia"", ""video""]","[0.11535830752178995, 0.09655600356154226, 0.09655600356154226, 0.09655600356154226, 0.09405603700569562]",5,5,452,ok,,,False,,0.00028783299785573035
tfidf,464,1428,"[""syndication"", ""enterprise"", ""syndication companies"", ""syndicators"", ""companies""]","[0.2700901575678088, 0.1838291007065303, 0.18006010504520586, 0.18006010504520586, 0.16300381420389187]",5,5,114,ok,,,False,,8.141700527630746e-05
tfidf,465,1429,"[""1956"", ""games"", ""olympic"", ""medium"", ""coverage""]","[0.2946103327378688, 0.15956698908652267, 0.1473051663689344, 0.1426314703820592, 0.11105916612452592]",5,5,171,ok,,,False,,0.00011054199421778321
tfidf,466,143,"[""cyclotrons"", ""irradiating"", ""30"", ""mev"", ""protons""]","[0.13194059638936034, 0.13194059638936034, 0.12700729112806128, 0.1251758540869262, 0.1251758540869262]",5,5,229,ok,,,False,,0.00014862501120660454
tfidf,467,1430,"[""online content"", ""pay"", ""content"", ""free"", ""online""]","[0.16273946043739643, 0.16273946043739643, 0.14116375656395552, 0.09925694417099166, 0.09776045251773992]",5,5,138,ok,,,False,,9.14999982342124e-05
tfidf,468,1431,"[""library"", ""collection"", ""include"", ""users"", ""accessible collection""]","[0.14003210481976822, 0.11241531945888365, 0.08880244701427235, 0.08532727858215938, 0.08066705702207654]",5,5,169,ok,,,False,,0.00010745899635367095
tfidf,469,1432,"[""classify"", ""classification"", ""addressing classification"", ""addressing classification issues"", ""addressing classification issues librarian""]","[0.12204342539910976, 0.10391364100535348, 0.08188468345917932, 0.08188468345917932, 0.08188468345917932]",5,5,170,ok,,,False,,0.00010654199286364019
tfidf,470,1433,"[""lis"", ""contribution"", ""classification"", ""academic isolated"", ""academic isolated theorist""]","[0.2622696935026209, 0.12753096851721313, 0.1109421918154028, 0.0874232311675403, 0.0874232311675403]",5,5,137,ok,,,False,,8.7417007307522e-05
tfidf,471,1434,"[""etalon"", ""wavelength"", ""temperature"", ""ld"", ""visible laser""]","[0.1789705579414591, 0.15410802500153073, 0.1209235667081389, 0.11931370529430607, 0.11931370529430607]",5,5,277,ok,,,False,,0.00017358399054501206
tfidf,472,1435,"[""heating"", ""billet"", ""heating process"", ""solid"", ""temperature""]","[0.23778613996680362, 0.22338186196041962, 0.1412723067301291, 0.1360283986224935, 0.1272697319856099]",5,5,342,ok,,,False,,0.0002204589982284233
tfidf,473,1436,"[""phantom"", ""projection"", ""projection data"", ""cone beam"", ""polygon""]","[0.19277704927014344, 0.12209255434462835, 0.11657645521634623, 0.1121065238934009, 0.10863937579817218]",5,5,516,ok,,,False,,0.00033575000998098403
tfidf,474,1437,"[""frequency"", ""frequency stability"", ""loaded cavity"", ""resonator"", ""sapphire""]","[0.18679026427898643, 0.1729453947587879, 0.11529692983919192, 0.11529692983919192, 0.11529692983919192]",5,5,289,ok,,,False,,0.00018404200091026723
tfidf,475,1438,"[""particle"", ""pipe"", ""image"", ""particles"", ""flows""]","[0.3581037103105088, 0.15846503943412532, 0.15208836195708964, 0.13624730146675174, 0.12668643341294428]",5,5,395,ok,,,False,,0.0002523750008549541
tfidf,476,1439,"[""outliers"", ""measurement"", ""techniques"", ""processing"", ""measurement data""]","[0.1731014473602641, 0.17237420241762566, 0.12748200507602012, 0.11561371865358663, 0.10866567172460913]",5,5,324,ok,,,False,,0.000203957999474369
tfidf,477,144,"[""gigamo"", ""gb"", ""recording"", ""gigamo media"", ""groove recording""]","[0.18367946451957406, 0.1623974259792193, 0.14206353111254033, 0.1224529763463827, 0.1224529763463827]",5,5,223,ok,,,False,,0.00014400000509340316
tfidf,478,1440,"[""sensors"", ""ultrasonic"", ""ultrasonic sensors"", ""process"", ""advantages disadvantages discussed""]","[0.2361033963549314, 0.20752739338169407, 0.19220026838589138, 0.15397303145303817, 0.06406675612863047]",5,5,239,ok,,,False,,0.0001515829935669899
tfidf,479,1441,"[""exception"", ""assignment"", ""assignment operator"", ""handle"", ""handles""]","[0.24826731814819333, 0.18339850578927633, 0.14416037207397395, 0.1388092614322925, 0.11674239517207827]",5,5,387,ok,,,False,,0.0002487919991835952
tfidf,480,1442,"[""union"", ""member"", ""string list"", ""union members"", ""unions""]","[0.26081722956201764, 0.1322637674252937, 0.11240691327384435, 0.10664368480498364, 0.1025546091316888]",5,5,301,ok,,,False,,0.0001921660004882142
tfidf,481,1443,"[""incompatibilities"", ""compatibility"", ""community"", ""language"", ""article discusses underlying""]","[0.23849063012819455, 0.17578054883578248, 0.16232179083531725, 0.08809704045281094, 0.07949687670939817]",5,5,159,ok,,,False,,0.00010329201177228242
tfidf,482,1444,"[""dialog"", ""platform"", ""cuj"", ""dialog boxes"", ""cross platform""]","[0.2166221127122286, 0.15911106599943106, 0.12250512416118113, 0.12250512416118113, 0.11622414909849058]",5,5,251,ok,,,False,,0.00016008300008252263
tfidf,483,1445,"[""boost graph"", ""boost graph library"", ""graph library"", ""graph"", ""boost""]","[0.2807286917106918, 0.2807286917106918, 0.2807286917106918, 0.2568073898785013, 0.2235965695487855]",5,5,214,ok,,,False,,0.00013675000809598714
tfidf,484,1446,"[""java"", ""critical resources"", ""resources"", ""developers"", ""collector""]","[0.23838219367640073, 0.1541068046900658, 0.11667487209532984, 0.10923672598152254, 0.1027378697933772]",5,5,342,ok,,,False,,0.00021795800421386957
tfidf,485,1447,"[""locale"", ""run time"", ""run"", ""swing"", ""look feel""]","[0.22890042232776864, 0.18536566723573478, 0.17526656867348567, 0.16707010384469004, 0.1253025778835175]",5,5,406,ok,,,False,,0.0002622089959913865
tfidf,486,1448,"[""class hierarchy"", ""mixed type"", ""mixed type comparison"", ""type comparison"", ""hierarchy""]","[0.23628793205607007, 0.1942408828171991, 0.1942408828171991, 0.1942408828171991, 0.1908881086556793]",5,5,183,ok,,,False,,0.00011908399756066501
tfidf,487,1449,"[""electronic commerce"", ""commerce"", ""electronic"", ""commerce professionals"", ""commerce programmes""]","[0.3244513379735109, 0.27691629894732395, 0.2137639121118107, 0.08903368544090712, 0.08903368544090712]",5,5,401,ok,,,False,,0.0002560840075602755
tfidf,488,145,"[""redboot"", ""rom"", ""rom monitor"", ""monitor"", ""operating rtos""]","[0.3421666449748004, 0.2160867673367536, 0.19552379712845738, 0.13738836651825745, 0.09776189856422869]",5,5,349,ok,,,False,,0.0002238329907413572
tfidf,489,1450,"[""available users"", ""available users operating"", ""available users operating choose"", ""buyer guide pdas"", ""buyer guide pdas personal""]","[0.104298536615878, 0.104298536615878, 0.104298536615878, 0.104298536615878, 0.104298536615878]",5,5,105,ok,,,False,,7.416699372697622e-05
tfidf,490,1451,"[""gateway"", ""digital library management"", ""library management"", ""case analysis"", ""library""]","[0.22553284867373227, 0.1700591522153239, 0.1700591522153239, 0.161340028818972, 0.14760511854337224]",5,5,137,ok,,,False,,9.000000136438757e-05
tfidf,491,1452,"[""titles"", ""journals"", ""electronic journals"", ""listings"", ""listings electronic""]","[0.20896683229621255, 0.1965243649123406, 0.1771274397440676, 0.1456079028990515, 0.1456079028990515]",5,5,359,ok,,,False,,0.0002306669921381399
tfidf,492,1453,"[""gprs"", ""wap"", ""mobile"", ""banking"", ""financial""]","[0.1186748276733022, 0.11259023620589233, 0.11002346347698466, 0.10218855838909445, 0.07961769763747682]",5,5,301,ok,,,False,,0.0001907499972730875
tfidf,493,1455,"[""area work"", ""area work brokers"", ""area work brokers lawrie"", ""brokers lawrie"", ""brokers lawrie holmes""]","[0.13331385834097123, 0.13331385834097123, 0.13331385834097123, 0.13331385834097123, 0.13331385834097123]",5,5,65,ok,,,False,,5.4082993301562965e-05
tfidf,494,1456,"[""voice recognition"", ""voice"", ""recognition"", ""answer problem financial"", ""answer problem financial fraud""]","[0.27971616088243045, 0.2163413619924116, 0.18164928544831724, 0.13985808044121523, 0.13985808044121523]",5,5,51,ok,,,False,,4.57499991171062e-05
tfidf,495,1457,"[""condition"", ""discontinuous galerkin"", ""boundary condition"", ""galerkin"", ""wave propagation""]","[0.170213451818787, 0.13499169534231548, 0.1298156621010551, 0.1298156621010551, 0.1258008188077914]",5,5,202,ok,,,False,,0.000133916997583583
tfidf,496,1458,"[""contact"", ""tooth"", ""contact analysis"", ""gear tooth"", ""paths contact""]","[0.3126646222114662, 0.17082260903559013, 0.11388173935706009, 0.11388173935706009, 0.11388173935706009]",5,5,287,ok,,,False,,0.00018266700499225408
tfidf,497,1459,"[""unbounded"", ""element"", ""finite element"", ""scaled boundary"", ""scaled""]","[0.17725339793721986, 0.166087182850624, 0.1629271368396089, 0.14571144703870798, 0.12546925919846275]",5,5,362,ok,,,False,,0.00022875001013744622
tfidf,498,146,"[""high availability"", ""availability"", ""fault"", ""hardware"", ""design patterns""]","[0.2195468727041423, 0.1655250335667223, 0.1494282669741529, 0.14089195865844453, 0.13886030559669255]",5,5,179,ok,,,False,,0.00011512500350363553
tfidf,499,1460,"[""mu ga"", ""detection"", ""ga"", ""flaw"", ""ga local""]","[0.1907360467218484, 0.1689354824731351, 0.16423905582569867, 0.1430520350413863, 0.1430520350413863]",5,5,321,ok,,,False,,0.0002061669947579503
tfidf,500,1461,"[""hyperbolic"", ""multiresolution"", ""numerical"", ""resolution"", ""adaptive""]","[0.11952936829277507, 0.11713121011562795, 0.10038121570671721, 0.08421894779141141, 0.07843448645932227]",5,5,223,ok,,,False,,0.00014237499271985143
tfidf,501,1462,"[""fluid"", ""formulation"", ""entropy inequality"", ""fluid pressure"", ""porous""]","[0.19369149045541462, 0.13949858892424138, 0.10396539646645461, 0.10396539646645461, 0.10396539646645461]",5,5,354,ok,,,False,,0.00022487500973511487
tfidf,502,1463,"[""ambiguity"", ""ambiguity resolution"", ""probabilistic"", ""given input"", ""parse""]","[0.16899887427858812, 0.143359520069644, 0.10566375335220038, 0.09557301337976266, 0.09557301337976266]",5,5,426,ok,,,False,,0.00027383299311622977
tfidf,503,1464,"[""grammars"", ""lr"", ""parsing"", ""automata"", ""conjunctive grammars""]","[0.22666505979584586, 0.20703376095921053, 0.18888754982987158, 0.1510080083878932, 0.12422025657552631]",5,5,482,ok,,,False,,0.000312374992063269
tfidf,504,1465,"[""antiport"", ""antiport rules"", ""symport"", ""symport antiport"", ""symport antiport rules""]","[0.17147234212274287, 0.17147234212274287, 0.17147234212274287, 0.17147234212274287, 0.17147234212274287]",5,5,255,ok,,,False,,0.00016475000302307308
tfidf,505,1466,"[""cone beam"", ""cone"", ""beam"", ""equiangular"", ""feldkamp""]","[0.25066928900630536, 0.23122696157414488, 0.18563861689855027, 0.1648504807437746, 0.1648504807437746]",5,5,261,ok,,,False,,0.0001649999903747812
tfidf,506,1467,"[""training framework"", ""format"", ""case study method"", ""participant feedback"", ""study method""]","[0.16924599258304548, 0.12222279375138922, 0.11283066172203032, 0.11283066172203032, 0.10704570719514442]",5,5,315,ok,,,False,,0.0001990000018849969
tfidf,507,1468,"[""learning"", ""fluency"", ""information fluency"", ""web enhanced"", ""literacy""]","[0.12832524755280408, 0.11656908576010773, 0.11656908576010773, 0.1105924580414455, 0.10306279760617988]",5,5,309,ok,,,False,,0.00019700000120792538
tfidf,508,1469,"[""digital reference"", ""reference"", ""digital"", ""asynchronous services"", ""real time""]","[0.3033375352249489, 0.1946637587958756, 0.16381037046239552, 0.15166876761247444, 0.13607751482748615]",5,5,152,ok,,,False,,9.987498924601823e-05
tfidf,509,147,"[""linux"", ""embedded"", ""alternative traditional rtos"", ""alternative traditional rtos paper"", ""combined perceived""]","[0.27058402398652887, 0.13688106015570206, 0.10201460672526712, 0.10201460672526712, 0.10201460672526712]",5,5,103,ok,,,False,,7.249999907799065e-05
tfidf,510,1470,"[""grb"", ""guide reference"", ""reference"", ""books"", ""guide""]","[0.23016150650369768, 0.23016150650369768, 0.1969383883552046, 0.17151985855043242, 0.1646400100604468]",5,5,141,ok,,,False,,9.249999129679054e-05
tfidf,511,1471,"[""commerce"", ""resources"", ""types"", ""services"", ""addition commerce exchange""]","[0.24068683794854528, 0.09886839247922086, 0.09583836951176006, 0.09156361807338527, 0.08705840298596122]",5,5,144,ok,,,False,,9.17089928407222e-05
tfidf,512,1472,"[""pixel"", ""depth"", ""surfaces"", ""matched"", ""matched depth""]","[0.18952158008994985, 0.15514045732305506, 0.1451825825902226, 0.14068346346757596, 0.13247257568937515]",5,5,359,ok,,,False,,0.00022954099404159933
tfidf,513,1473,"[""perceptual"", ""dimension"", ""fore"", ""fore aft"", ""lagged""]","[0.15989014836485185, 0.10318095769075725, 0.09872087704412996, 0.09872087704412996, 0.09872087704412996]",5,5,383,ok,,,False,,0.0002475420042173937
tfidf,514,1474,"[""contrast sensitivity"", ""sensitivity"", ""contrast"", ""target"", ""dynamic contrast sensitivity""]","[0.2875440515209761, 0.19719287900374863, 0.1878871449466728, 0.17772144309959384, 0.16431088658341494]",5,5,404,ok,,,False,,0.0002598749997559935
tfidf,515,1475,"[""glare"", ""driving"", ""participants"", ""discomfort glare"", ""driving performance""]","[0.2079677862026741, 0.15498076031213395, 0.13505547781296257, 0.10398389310133704, 0.10398389310133704]",5,5,346,ok,,,False,,0.0002193749969592318
tfidf,516,1476,"[""aids"", ""automated aids"", ""automated"", ""human"", ""human operators""]","[0.32478955558346556, 0.23002388911575342, 0.1792546056492544, 0.15451993429960917, 0.13801433346945205]",5,5,354,ok,,,False,,0.00022670900216326118
tfidf,517,1477,"[""eid"", ""complex socio"", ""complex socio technical"", ""complex socio technical systems"", ""ecological interface""]","[0.2505825741924465, 0.10023302967697859, 0.10023302967697859, 0.10023302967697859, 0.10023302967697859]",5,5,390,ok,,,False,,0.00024404098803643137
tfidf,518,1478,"[""typists"", ""typing"", ""discomfort"", ""pace"", ""emg""]","[0.30419060267804143, 0.2689455297095391, 0.1734554588914591, 0.1637078381143285, 0.15209530133902072]",5,5,428,ok,,,False,,0.0002769579878076911
tfidf,519,1479,"[""aids"", ""automated diagnostic"", ""automated diagnostic aids"", ""diagnostic aids"", ""users""]","[0.2671039754957193, 0.17025259823483946, 0.17025259823483946, 0.17025259823483946, 0.1575772377015907]",5,5,411,ok,,,False,,0.0002607079950394109
tfidf,520,148,"[""axioms"", ""branching time"", ""branching"", ""logics"", ""open""]","[0.16073331773835978, 0.1497898291439572, 0.14258153748338817, 0.13972087583253373, 0.09803337126899152]",5,5,148,ok,,,False,,9.750000026542693e-05
tfidf,521,1480,"[""interaction"", ""verification"", ""formal"", ""formal verification"", ""formal verification human""]","[0.1729937941500587, 0.12066787742354874, 0.11548870593733358, 0.1113952319400087, 0.1113952319400087]",5,5,314,ok,,,False,,0.00019841600442305207
tfidf,522,1481,"[""flight"", ""pilots"", ""awareness"", ""display"", ""hits""]","[0.25355524461088697, 0.18008416272329283, 0.15654201190710618, 0.1431099499674351, 0.14236219119477628]",5,5,361,ok,,,False,,0.00023062499531079084
tfidf,523,1482,"[""partial differential"", ""control partial"", ""control partial differential"", ""control partial differential equations"", ""time discretization""]","[0.1846613123060925, 0.1612811121948699, 0.1612811121948699, 0.1612811121948699, 0.15301204875188967]",5,5,142,ok,,,False,,9.262500680051744e-05
tfidf,524,1483,"[""concept assignment"", ""assignment"", ""maintenance"", ""concept"", ""based concept assignment""]","[0.2198144936931572, 0.16778667721583682, 0.15874137470665395, 0.12436484721600559, 0.1099072468465786]",5,5,297,ok,,,False,,0.00018745800480246544
tfidf,525,1484,"[""random magnet"", ""magnet"", ""random"", ""risk"", ""investment""]","[0.17965212492031513, 0.16390587477476184, 0.14027347569931337, 0.12850944583900759, 0.12623584620812217]",5,5,246,ok,,,False,,0.00015925000479910523
tfidf,526,1485,"[""neurosurgical"", ""patient"", ""unit"", ""cervical"", ""clinical status""]","[0.15253191194438184, 0.13741331193450376, 0.1054246985729205, 0.10168794129625455, 0.10168794129625455]",5,5,355,ok,,,False,,0.00022516700846608728
tfidf,527,1486,"[""eye"", ""video camera"", ""video"", ""camera"", ""digital""]","[0.19996473923931155, 0.14056075692786257, 0.12828528348571683, 0.1069931020040168, 0.1066782646194544]",5,5,340,ok,,,False,,0.0002164590114261955
tfidf,528,1487,"[""telecardiology"", ""chest pain"", ""telecardiology service"", ""pain"", ""chest""]","[0.24383678169108391, 0.19506942535286712, 0.19506942535286712, 0.18506799721241896, 0.1679704428766826]",5,5,351,ok,,,False,,0.00022649999300483614
tfidf,529,1488,"[""doctor"", ""consultations"", ""face"", ""teleconsultations"", ""nurse""]","[0.3000223279009638, 0.17144133022912217, 0.16408845696148247, 0.12858099767184164, 0.12198850576227771]",5,5,389,ok,,,False,,0.0002545409952290356
tfidf,530,1489,"[""counselling"", ""medical counselling"", ""medical"", ""internet based"", ""internet""]","[0.23458599667401547, 0.14075159800440926, 0.12680063466923686, 0.11398193857949086, 0.11363223802251969]",5,5,402,ok,,,False,,0.00025949999690055847
tfidf,531,149,"[""functional completeness"", ""kamp"", ""kamp theorem"", ""model time granularity"", ""time granularity""]","[0.14480028662173294, 0.14480028662173294, 0.14480028662173294, 0.14480028662173294, 0.14480028662173294]",5,5,183,ok,,,False,,0.00011833298776764423
tfidf,532,1490,"[""ftf"", ""satisfaction"", ""videoconferencing"", ""group"", ""telepsychiatry""]","[0.31400407268600566, 0.1635935035850886, 0.1510068808774172, 0.15014762798890724, 0.13457317400828817]",5,5,395,ok,,,False,,0.0002540419955039397
tfidf,533,1491,"[""rounds"", ""ratings"", ""grand"", ""videoconferenced"", ""response rate""]","[0.19909504598545677, 0.1371494604579318, 0.11945702759127405, 0.11945702759127405, 0.11333233185710423]",5,5,533,ok,,,False,,0.0003470840019872412
tfidf,534,1492,"[""telemedicine"", ""diagnostic management"", ""diagnostic management decisions"", ""management decisions"", ""evidence""]","[0.2641206157280065, 0.1707047931437334, 0.1707047931437334, 0.1619525670131199, 0.1452316371526256]",5,5,405,ok,,,False,,0.0002598749997559935
tfidf,535,1493,"[""telehealth"", ""language pathology"", ""speech language pathology"", ""speech language"", ""pathology""]","[0.3344174665826046, 0.19109569519005978, 0.19109569519005978, 0.1812980046502169, 0.17434643258303106]",5,5,334,ok,,,False,,0.0002114590024575591
tfidf,536,1494,"[""pc"", ""pc makers"", ""makers"", ""dwindling"", ""dwindling planning""]","[0.2965096933904259, 0.2813178563624915, 0.22406583114879888, 0.14065892818124576, 0.14065892818124576]",5,5,46,ok,,,False,,4.3624997488223016e-05
tfidf,537,1495,"[""ghz"", ""notebooks"", ""intel"", ""chip"", ""price""]","[0.3445917825582147, 0.13339513756854013, 0.11226373939429382, 0.09729685612397761, 0.0954207205406274]",5,5,207,ok,,,False,,0.00013512501027435064
tfidf,538,1496,"[""ad explosion"", ""ad explosion financed"", ""ad explosion financed advertising"", ""advertising dollars"", ""advertising dollars big""]","[0.154173939622022, 0.154173939622022, 0.154173939622022, 0.154173939622022, 0.154173939622022]",5,5,46,ok,,,False,,4.183298733551055e-05
tfidf,539,1497,"[""web"", ""documents services"", ""formalized knowledge"", ""formalized"", ""semantic web""]","[0.17918466657946, 0.14664562126331995, 0.14664562126331995, 0.13379234365145473, 0.13379234365145473]",5,5,180,ok,,,False,,0.00011520899715833366
tfidf,540,1498,"[""mccarthy"", ""father"", ""father ai"", ""ai"", ""john mccarthy""]","[0.3388833657915574, 0.20333001947493443, 0.20333001947493443, 0.16768685243560608, 0.13555334631662294]",5,5,167,ok,,,False,,0.00010687499889172614
tfidf,541,1499,"[""digital driving"", ""vehicles"", ""driving"", ""driver"", ""digital""]","[0.21274989191146024, 0.16239419358616924, 0.15854445828754254, 0.13739605848670644, 0.11489062368759073]",5,5,320,ok,,,False,,0.00020379199122544378
tfidf,542,15,"[""ship"", ""safe ship"", ""safe"", ""game"", ""matrix game""]","[0.23439796999951992, 0.18529896308545823, 0.14535487331327038, 0.1291136859309923, 0.12353264205697215]",5,5,232,ok,,,False,,0.00014937500236555934
tfidf,543,150,"[""games"", ""model checking"", ""checking games"", ""model checking games"", ""checking""]","[0.2325986230128288, 0.21250092492454795, 0.19325225819332917, 0.19325225819332917, 0.18794125486929367]",5,5,195,ok,,,False,,0.00012504198821261525
tfidf,544,1500,"[""daml"", ""web"", ""semantic web"", ""daml oil"", ""semantic""]","[0.30428677599708126, 0.21245980239151696, 0.15863798748137092, 0.1304086182844634, 0.12682469842931332]",5,5,450,ok,,,False,,0.0002908749884227291
tfidf,545,1501,"[""cell"", ""cell simulation"", ""gene"", ""simulation"", ""software engineering""]","[0.25037625202656166, 0.15994303910760405, 0.10116172011466144, 0.09475479304851575, 0.09427414916271352]",5,5,349,ok,,,False,,0.00021787500008940697
tfidf,546,1502,"[""answers"", ""open answers"", ""open"", ""surveys"", ""important""]","[0.23208856066566966, 0.22927727813265417, 0.1658369033030233, 0.09454281567559514, 0.07667469573666848]",5,5,290,ok,,,False,,0.00018225000530947
tfidf,547,1503,"[""filtering"", ""content filtering"", ""web"", ""content"", ""filtering systems""]","[0.21892899435192417, 0.19154362069079114, 0.1872360293514567, 0.17514495770647848, 0.12769574712719411]",5,5,221,ok,,,False,,0.00014241600001696497
tfidf,548,1504,"[""human"", ""human centered"", ""centered"", ""designing"", ""designing human centered""]","[0.24801908694696184, 0.21194634674476276, 0.1960471833199623, 0.1588870105337196, 0.09845601727797725]",5,5,362,ok,,,False,,0.00023191700165625662
tfidf,549,1505,"[""work"", ""work systems"", ""activities"", ""people"", ""activities produce""]","[0.23453635289820415, 0.22054964879936476, 0.09381804001668055, 0.08956333591766096, 0.07351654959978825]",5,5,189,ok,,,False,,0.00012358400272205472
tfidf,550,1506,"[""automated agents"", ""semiautonomous"", ""agents"", ""space"", ""software""]","[0.13422188478607341, 0.13422188478607341, 0.13414621484669845, 0.1000158434642839, 0.09545363224011753]",5,5,234,ok,,,False,,0.0001507920096628368
tfidf,551,1507,"[""airline"", ""delays"", ""airline delays"", ""customer participant"", ""ethnographic""]","[0.3304520700664605, 0.1069848683634822, 0.09343938013980463, 0.09343938013980463, 0.09343938013980463]",5,5,401,ok,,,False,,0.00025920799816958606
tfidf,552,1508,"[""rats"", ""rescue"", ""center"", ""crasar"", ""search rescue""]","[0.15577374045589246, 0.15577374045589246, 0.11348377702433045, 0.10946136732983286, 0.10946136732983286]",5,5,326,ok,,,False,,0.0002047079906333238
tfidf,553,1509,"[""liquids"", ""boundaries filtration"", ""boundaries filtration region"", ""curves lyapunov"", ""curves lyapunov class""]","[0.1717147607328029, 0.12547413442104652, 0.12547413442104652, 0.12547413442104652, 0.12547413442104652]",5,5,200,ok,,,False,,0.00013000000035390258
tfidf,554,151,"[""atctl"", ""luml"", ""actions real"", ""actions real time"", ""ctl""]","[0.22293922260368, 0.22293922260368, 0.16720441695275998, 0.16720441695275998, 0.1439764325736237]",5,5,280,ok,,,False,,0.00017645800835452974
tfidf,555,1510,"[""diffusion"", ""trajectories"", ""velocity"", ""weight"", ""convective""]","[0.17935926829143523, 0.10649626756121555, 0.10544096966031975, 0.09937590191225314, 0.0973384261170284]",5,5,397,ok,,,False,,0.0002533329970901832
tfidf,556,1511,"[""large parameters"", ""problems large"", ""problems large parameters"", ""stiff elliptic"", ""elliptic""]","[0.19221803100859788, 0.19221803100859788, 0.19221803100859788, 0.19221803100859788, 0.15565992937150402]",5,5,107,ok,,,False,,7.462500070687383e-05
tfidf,557,1512,"[""price series"", ""probabilistic characteristics"", ""probabilistic"", ""price"", ""share""]","[0.21063032562356623, 0.21063032562356623, 0.15524599108848997, 0.15066889097348693, 0.14676421960095676]",5,5,90,ok,,,False,,6.433299859054387e-05
tfidf,558,1513,"[""coagulation"", ""coagulation fragmentation"", ""coagulation fragmentation equation"", ""coagulation fragmentation equation study"", ""equation study""]","[0.19016272587952485, 0.19016272587952485, 0.19016272587952485, 0.19016272587952485, 0.19016272587952485]",5,5,96,ok,,,False,,6.816598761361092e-05
tfidf,559,1514,"[""parametrization"", ""spline surfaces"", ""surfaces"", ""spline"", ""universal parametrization""]","[0.22107892715537525, 0.22107892715537525, 0.19153803534156968, 0.1887069662378928, 0.17476984106142424]",5,5,263,ok,,,False,,0.0001650829944992438
tfidf,560,1515,"[""curves"", ""bezier"", ""bezier curves"", ""spirals"", ""polar""]","[0.3496960427533844, 0.2963832882671659, 0.272446226436266, 0.20081510942079916, 0.1670576362347633]",5,5,321,ok,,,False,,0.00020554200455080718
tfidf,561,1516,"[""tangential equation"", ""equation"", ""tangential"", ""curve"", ""cusps""]","[0.21563690823516113, 0.20407444643643025, 0.1967366436310512, 0.15572448693271793, 0.14375793882344073]",5,5,147,ok,,,False,,9.866700565908104e-05
tfidf,562,1517,"[""control polygon"", ""minimization"", ""polygon"", ""symmetric"", ""control polygon polynomial""]","[0.18341928130669258, 0.18224912099359794, 0.1621673889189226, 0.141862297152855, 0.12227952087112838]",5,5,245,ok,,,False,,0.0001568750012665987
tfidf,563,1518,"[""curves surfaces"", ""curves"", ""matrix"", ""surfaces"", ""nurbs curves""]","[0.2710079280101925, 0.19571125782448384, 0.1896755072779554, 0.17820577890719108, 0.1626047568061155]",5,5,243,ok,,,False,,0.00015604100190103054
tfidf,564,1519,"[""pythagorean"", ""spatial"", ""pythagorean hodographs"", ""spatial rotations"", ""hodographs""]","[0.1893268854026169, 0.15194812052541262, 0.1496688539980792, 0.1496688539980792, 0.1419951640519627]",5,5,345,ok,,,False,,0.00022287499450612813
tfidf,565,152,"[""linear tense"", ""tense"", ""sets"", ""appropriate logical"", ""appropriate logical prove""]","[0.15536867297957743, 0.15536867297957743, 0.08416345384908608, 0.07768433648978872, 0.07768433648978872]",5,5,185,ok,,,False,,0.00012008400517515838
tfidf,566,1520,"[""splines"", ""hyperbolic polynomial"", ""hyperbolic"", ""polynomial"", ""hyperbolic polynomial splines""]","[0.31244945025289284, 0.20829963350192857, 0.17530246002686692, 0.16613830030218218, 0.15622472512644642]",5,5,274,ok,,,False,,0.00017483400006312877
tfidf,567,1521,"[""degree reduction"", ""degree"", ""multi degree"", ""multi degree reduction"", ""mdr sub""]","[0.2785202782859336, 0.24236724713979366, 0.23873166710222885, 0.23873166710222885, 0.19894305591852407]",5,5,346,ok,,,False,,0.0002210829989053309
tfidf,568,1522,"[""web services"", ""web"", ""security"", ""services"", ""80 web""]","[0.15289064318312687, 0.13591468738275087, 0.11967116485785657, 0.09749125260918966, 0.09269437944724482]",5,5,125,ok,,,False,,8.741598867345601e-05
tfidf,569,1523,"[""specialization"", ""process"", ""process specialization"", ""object"", ""diagram""]","[0.4047389853753295, 0.17769432250904485, 0.17744871893259676, 0.12834915994529714, 0.11459819953751467]",5,5,404,ok,,,False,,0.0002599580038804561
tfidf,570,1524,"[""capabilities"", ""organizational"", ""environments ability"", ""producing resources"", ""recognize value""]","[0.13750939144383426, 0.10949192172617057, 0.10388204296733658, 0.10388204296733658, 0.10388204296733658]",5,5,358,ok,,,False,,0.0002257919986732304
tfidf,571,1525,"[""dependence"", ""dependence theory"", ""organisational"", ""social"", ""multiagent""]","[0.2808069435987328, 0.14986105064024272, 0.13672594527200194, 0.13405361020458031, 0.09990736709349514]",5,5,350,ok,,,False,,0.00022270801127888262
tfidf,572,1526,"[""devs"", ""gk"", ""formalism"", ""gk devs"", ""devs formalism""]","[0.3241134302776277, 0.25661174535629916, 0.21596135085053186, 0.183294103825928, 0.17389640962209912]",5,5,479,ok,,,False,,0.0003144170041196048
tfidf,573,1527,"[""elp"", ""sachem"", ""expert"", ""elp models"", ""devs formalism""]","[0.18624468456809368, 0.18624468456809368, 0.13201726954625145, 0.12416312304539578, 0.11779714052104168]",5,5,252,ok,,,False,,0.00016087500262074172
tfidf,574,1528,"[""attacks"", ""ids"", ""attack"", ""distributed"", ""blacklist""]","[0.26523609700263234, 0.21344404843144413, 0.11367261300112814, 0.10335793239169586, 0.09357974973135749]",5,5,397,ok,,,False,,0.00025249998725485057
tfidf,575,1529,"[""qss"", ""piecewise"", ""constant functions"", ""devs approach"", ""piecewise constant functions""]","[0.32832988267650887, 0.12233821347891234, 0.10944329422550296, 0.10944329422550296, 0.10944329422550296]",5,5,271,ok,,,False,,0.0001714999962132424
tfidf,576,153,"[""omega automata"", ""omega"", ""automata"", ""temporal"", ""relationship omega""]","[0.23734127489426418, 0.18356727943660858, 0.1731139552504557, 0.16404195060351814, 0.15822751659617612]",5,5,141,ok,,,False,,9.12910036277026e-05
tfidf,577,1530,"[""designs"", ""supersaturated"", ""supersaturated designs"", ""uniform supersaturated"", ""construction method""]","[0.35227243953811826, 0.2637178153799074, 0.19778836153493057, 0.1318589076899537, 0.12509835365872363]",5,5,185,ok,,,False,,0.00011837499914690852
tfidf,578,1531,"[""optimization"", ""optimization approximate"", ""optimization approximate solution"", ""operator equations"", ""approximate solution""]","[0.21172895905746533, 0.19420422319581876, 0.19420422319581876, 0.17170273249535656, 0.1672254343278832]",5,5,100,ok,,,False,,8.158299897331744e-05
tfidf,579,1532,"[""dedekind"", ""zeta"", ""dedekind sums"", ""dedekind zeta"", ""dedekind zeta functions""]","[0.2727187402646954, 0.2587361446919812, 0.1363593701323477, 0.1363593701323477, 0.1363593701323477]",5,5,171,ok,,,False,,0.00011649999942164868
tfidf,580,1533,"[""feed rate"", ""feed"", ""cutting"", ""feed rate scheduling"", ""rate scheduling""]","[0.19534279923526718, 0.1782212840722518, 0.16201689573217545, 0.15627423938821375, 0.15627423938821375]",5,5,484,ok,,,False,,0.0003132919955532998
tfidf,581,1534,"[""cutting edge"", ""cutting"", ""local surface"", ""local surface topology"", ""surface topology""]","[0.20244288005762862, 0.19793994264534862, 0.16364914381301482, 0.16364914381301482, 0.16364914381301482]",5,5,431,ok,,,False,,0.00027208399842493236
tfidf,582,1535,"[""temperature"", ""tmfcs"", ""correction"", ""controllers"", ""effect""]","[0.2241064913670845, 0.13267377034974723, 0.09677069929563456, 0.08465572149126217, 0.07016923748736818]",5,5,241,ok,,,False,,0.00015408301260322332
tfidf,583,1536,"[""service"", ""web"", ""connection management"", ""web service"", ""different levels""]","[0.15181247887917357, 0.1442159294033293, 0.11802703304436984, 0.11802703304436984, 0.1076821334943174]",5,5,283,ok,,,False,,0.0001804589992389083
tfidf,584,1537,"[""vc"", ""multicast"", ""adoption vc"", ""mbone"", ""social issues""]","[0.2985658194521237, 0.12343109416924582, 0.10490029558106186, 0.10490029558106186, 0.10490029558106186]",5,5,338,ok,,,False,,0.00021241600916255265
tfidf,585,1538,"[""data resource"", ""data resources"", ""resource"", ""data"", ""proposed algorithm""]","[0.22555914809325212, 0.17119558214741631, 0.17080623619675417, 0.1424879735952899, 0.12106021406118597]",5,5,417,ok,,,False,,0.0002662920014699921
tfidf,586,1539,"[""comments"", ""comments recent"", ""kosmol"", ""kosmol 2001"", ""sun kosmol""]","[0.17831241619110194, 0.14679376888249568, 0.14679376888249568, 0.14679376888249568, 0.14679376888249568]",5,5,177,ok,,,False,,0.0001141660031862557
tfidf,587,154,"[""temporal"", ""symbolic execution"", ""concurrent systems"", ""symbolic"", ""intuitive""]","[0.14115139786294012, 0.13614831490215665, 0.12421511108229749, 0.1084402736908085, 0.10679941611595169]",5,5,224,ok,,,False,,0.00014191700029186904
tfidf,588,1540,"[""thinning"", ""adaptive thinning"", ""points"", ""sampled"", ""anticipated""]","[0.3877927144950113, 0.19389635724750565, 0.17746739950059306, 0.13054466911645818, 0.11633781434850338]",5,5,473,ok,,,False,,0.0003004589962074533
tfidf,589,1541,"[""52"", ""at89c51"", ""at89c51 52"", ""microcontroller"", ""52 flash""]","[0.21553831627881403, 0.21553831627881403, 0.21553831627881403, 0.2044874251518409, 0.10776915813940702]",5,5,82,ok,,,False,,6.25409884378314e-05
tfidf,590,1542,"[""hcs"", ""hcs ii"", ""remote"", ""project"", ""direct remote""]","[0.3144702953503628, 0.1572351476751814, 0.14064988272041554, 0.12084132157706094, 0.10482343178345427]",5,5,306,ok,,,False,,0.00019375000556465238
tfidf,591,1543,"[""projects cornell"", ""cornell"", ""projects"", ""students"", ""2001 contest""]","[0.17914737980261405, 0.1634453698400622, 0.11856932378178518, 0.10248006999794984, 0.08957368990130703]",5,5,130,ok,,,False,,8.800000068731606e-05
tfidf,592,1544,"[""smartswitch"", ""text"", ""interface"", ""generation"", ""world""]","[0.1768364071315317, 0.12222311174698841, 0.10577198013926592, 0.10115809341444185, 0.09733530795721532]",5,5,133,ok,,,False,,8.849998994264752e-05
tfidf,593,1545,"[""state constraint"", ""maximum principle"", ""state"", ""optimal control"", ""constraint""]","[0.16292339372790993, 0.15457012866948242, 0.1479517139820356, 0.11765686173698821, 0.11173012585838234]",5,5,157,ok,,,False,,0.00010141701204702258
tfidf,594,1546,"[""conditions optimality"", ""necessary conditions optimality"", ""necessary conditions"", ""optimality"", ""impulsive""]","[0.22774540577818012, 0.22774540577818012, 0.20670508811840996, 0.20202588092836565, 0.16003546840827118]",5,5,135,ok,,,False,,8.854200132191181e-05
tfidf,595,1547,"[""monotone"", ""methods"", ""finite termination"", ""new projection type"", ""new projection type methods""]","[0.1751204451133548, 0.14093504872141832, 0.1355819671237431, 0.1355819671237431, 0.1355819671237431]",5,5,204,ok,,,False,,0.00013154199405107647
tfidf,596,1548,"[""characteristic finite"", ""characteristic finite element"", ""characteristic finite element scheme"", ""convection diffusion problems"", ""diffusion problems""]","[0.16611316991041136, 0.16611316991041136, 0.16611316991041136, 0.16611316991041136, 0.16611316991041136]",5,5,129,ok,,,False,,8.616699778940529e-05
tfidf,597,1549,"[""invariant subspace"", ""invariant"", ""subspace"", ""approximate invariant"", ""approximate invariant subspace""]","[0.18470551180333777, 0.16889058191351733, 0.15544593168641763, 0.12313700786889184, 0.12313700786889184]",5,5,264,ok,,,False,,0.0001654170046094805
tfidf,598,155,"[""markov"", ""markov systems"", ""fuzzy"", ""probabilities"", ""analytic form""]","[0.24308359432361884, 0.21746164651601993, 0.1838905414287037, 0.1177816808184839, 0.10873082325800996]",5,5,284,ok,,,False,,0.0001777500001480803
tfidf,599,1550,"[""bermudez"", ""bermudez moreno"", ""moreno"", ""constant parameters"", ""constant""]","[0.19902325365879525, 0.19902325365879525, 0.19902325365879525, 0.12587940553883797, 0.12240322185764381]",5,5,215,ok,,,False,,0.0001376250002067536
tfidf,600,1551,"[""problem second order"", ""operator"", ""problem second"", ""operator equations"", ""equations""]","[0.13099487181922054, 0.12333336195445724, 0.11951335986735781, 0.11581713859826816, 0.10392193851971605]",5,5,242,ok,,,False,,0.00015150000399444252
tfidf,601,1552,"[""tau"", ""delay"", ""delay integro"", ""delay integro differential"", ""delay integro differential equations""]","[0.16516172144044147, 0.16508613352590149, 0.1278717117920976, 0.1278717117920976, 0.1278717117920976]",5,5,209,ok,,,False,,0.00013349999790079892
tfidf,602,1553,"[""inversion"", ""heat"", ""problem"", ""sor"", ""conduction""]","[0.16197962017807802, 0.14182511452823596, 0.14045763959065657, 0.12540806142586583, 0.11897824951497904]",5,5,257,ok,,,False,,0.0001588750019436702
tfidf,603,1554,"[""sub"", ""epsilon"", ""vector"", ""sup"", ""differential calculus""]","[0.21432986684429717, 0.14571515168858726, 0.14414128409189478, 0.12838700250066573, 0.1199584232918923]",5,5,259,ok,,,False,,0.00016220800171140581
tfidf,604,1555,"[""multi index"", ""polynomials"", ""index"", ""multi"", ""type""]","[0.2508733999541432, 0.2350410342459859, 0.1671546437860882, 0.13947672316827023, 0.08845554090679293]",5,5,140,ok,,,False,,9.233399759978056e-05
tfidf,605,1556,"[""alpha"", ""sup alpha"", ""alpha sup"", ""sup"", ""alpha sup alpha""]","[0.3549082816488122, 0.3109626421952301, 0.2622141259770968, 0.21047846030963172, 0.1966605944828226]",5,5,102,ok,,,False,,7.366698991972953e-05
tfidf,606,1557,"[""orthonormal"", ""sub"", ""let"", ""weights"", ""sup""]","[0.1964166718155939, 0.1831676766877037, 0.16650918184461463, 0.15867762126093232, 0.15360849626636855]",5,5,176,ok,,,False,,0.00011383301171008497
tfidf,607,1558,"[""negative integer"", ""beta"", ""alpha beta"", ""alpha"", ""negative""]","[0.2754445391521945, 0.24999752483544552, 0.23226407062624574, 0.22455051051869648, 0.1976048276534351]",5,5,148,ok,,,False,,9.874999523162842e-05
tfidf,608,1559,"[""sub max"", ""preconditioner"", ""max"", ""comparison theorem"", ""method preconditioner""]","[0.2249055650525418, 0.2133744045788237, 0.17913421144000688, 0.14993704336836122, 0.14993704336836122]",5,5,162,ok,,,False,,0.0001060840004356578
tfidf,609,156,"[""alarm"", ""phone"", ""alarm correlation"", ""phone networks"", ""alarm correlation cellular""]","[0.23835052718470598, 0.211472640490925, 0.20218961416996456, 0.20218961416996456, 0.1347930761133097]",5,5,145,ok,,,False,,9.629200212657452e-05
tfidf,610,1560,"[""determinantal"", ""determinantal solutions"", ""solvable chaotic"", ""solvable chaotic systems"", ""solvable""]","[0.2292055394635101, 0.2292055394635101, 0.2292055394635101, 0.2292055394635101, 0.19736437888116679]",5,5,136,ok,,,False,,8.995900861918926e-05
tfidf,611,1561,"[""analytic"", ""piecewise analytic"", ""validating integration"", ""validating"", ""integration""]","[0.18803302802069022, 0.1700761380580324, 0.1700761380580324, 0.16135614377848112, 0.1482011247125087]",5,5,140,ok,,,False,,9.041601151693612e-05
tfidf,612,1562,"[""integral"", ""alpha"", ""sub"", ""theta"", ""integral equation""]","[0.25155965250852313, 0.24713110426439824, 0.21748436790768141, 0.2156288505998963, 0.2020953265467709]",5,5,227,ok,,,False,,0.00014804198872298002
tfidf,613,1563,"[""elliptical"", ""embeddings"", ""elliptical probability"", ""elliptical probability distributions"", ""distributions""]","[0.2099686559185271, 0.19920332752266542, 0.13997910394568475, 0.13997910394568475, 0.1347452360622221]",5,5,197,ok,,,False,,0.0001231669884873554
tfidf,614,1564,"[""asymptotic"", ""sub"", ""asymptotic normality"", ""sub phi"", ""normality""]","[0.18315361669725372, 0.17427514154597554, 0.17069529383193363, 0.1619435547416863, 0.1557340970381939]",5,5,130,ok,,,False,,8.516700472682714e-05
tfidf,615,1565,"[""jacobi polynomials"", ""jacobi"", ""windows"", ""polynomials"", ""lag windows""]","[0.26921400564885783, 0.25889143996274083, 0.21146439189212066, 0.19939114473258718, 0.1891752298970402]",5,5,91,ok,,,False,,6.754200148861855e-05
tfidf,616,1566,"[""shadowing"", ""functional differential"", ""shadowing result"", ""functional differential equations"", ""numerical sup""]","[0.30025920179272425, 0.2251944013445432, 0.2251944013445432, 0.15012960089636213, 0.15012960089636213]",5,5,132,ok,,,False,,8.716699085198343e-05
tfidf,617,1567,"[""expansions"", ""zeros"", ""asymptotic expansions"", ""asymptotic expansions zeros"", ""expansions zeros""]","[0.24897759670832345, 0.23845921969041606, 0.1927637421753113, 0.1927637421753113, 0.1927637421753113]",5,5,97,ok,,,False,,6.94579939590767e-05
tfidf,618,1568,"[""language"", ""artificial life"", ""linguistics"", ""life"", ""artificial""]","[0.18851045643267017, 0.1291089353524916, 0.12415846681119644, 0.08784565810987373, 0.08587687069299747]",5,5,234,ok,,,False,,0.00014745899534318596
tfidf,619,1569,"[""interactive self"", ""replicating"", ""self replicating"", ""loop"", ""self""]","[0.1496145582651618, 0.1496145582651618, 0.1496145582651618, 0.1448675899287582, 0.12985995943682896]",5,5,174,ok,,,False,,0.00011395900219213217
tfidf,620,157,"[""eigenfeatures"", ""mouth"", ""eye mouth"", ""facial"", ""fields""]","[0.20981206786547188, 0.1990547679146495, 0.15735905089910393, 0.15735905089910393, 0.13100469641621038]",5,5,321,ok,,,False,,0.00019920799240935594
tfidf,621,1570,"[""reversible"", ""reversible cellular"", ""cellular"", ""dimensional"", ""dissipation""]","[0.26438188666363643, 0.23182460199103364, 0.17275922262601967, 0.1483127372273038, 0.1463255923950098]",5,5,224,ok,,,False,,0.00014441700477618724
tfidf,622,1571,"[""gaia"", ""emergent"", ""environmental"", ""chemistries"", ""environmental control""]","[0.19840097943471185, 0.14033058494035267, 0.12450603608682352, 0.1190405876608271, 0.1190405876608271]",5,5,584,ok,,,False,,0.000388749991543591
tfidf,623,1572,"[""stochastic gradient"", ""stochastic gradient descent"", ""gradient descent"", ""descent"", ""aco""]","[0.27304565494583904, 0.27304565494583904, 0.25904629809090135, 0.2297919310127326, 0.2047842412093793]",5,5,133,ok,,,False,,8.875000639818609e-05
tfidf,624,1574,"[""content management"", ""content"", ""access important"", ""access important customer"", ""access important customer group""]","[0.21546161031842678, 0.15069348968513446, 0.13733565331064326, 0.13733565331064326, 0.13733565331064326]",5,5,59,ok,,,False,,5.2333009080030024e-05
tfidf,625,1578,"[""role business"", ""records"", ""role"", ""business records"", ""business records management""]","[0.3373230543267722, 0.2543211351751347, 0.18506624821149076, 0.1686615271633861, 0.1686615271633861]",5,5,34,ok,,,False,,3.662500239443034e-05
tfidf,626,158,"[""knowledge"", ""neural"", ""modules"", ""implicit"", ""fuzzy""]","[0.1673288797404126, 0.1631491973178206, 0.15623953104649202, 0.1380101139131183, 0.1359576644315172]",5,5,365,ok,,,False,,0.0002317909966222942
tfidf,627,1583,"[""confusion"", ""claims clouding"", ""claims clouding true"", ""claims clouding true picture"", ""clouding""]","[0.18446592478669346, 0.10711307694694629, 0.10711307694694629, 0.10711307694694629, 0.10711307694694629]",5,5,96,ok,,,False,,6.916699931025505e-05
tfidf,628,1584,"[""content"", ""clear workflow"", ""clear workflow content"", ""clear workflow content management"", ""confusion content""]","[0.24509379544986087, 0.148912058027292, 0.148912058027292, 0.148912058027292, 0.148912058027292]",5,5,47,ok,,,False,,4.3499996536411345e-05
tfidf,629,1588,"[""andersen william"", ""andersen william yarker"", ""andersen william yarker richard"", ""content management strategy"", ""contentment""]","[0.15583576113737338, 0.15583576113737338, 0.15583576113737338, 0.15583576113737338, 0.15583576113737338]",5,5,45,ok,,,False,,4.2166997445747256e-05
tfidf,630,1589,"[""content management"", ""content"", ""accessible clients"", ""accessible clients helped"", ""accessible clients helped online""]","[0.21446974581541933, 0.14999978131160052, 0.1367034369296608, 0.1367034369296608, 0.1367034369296608]",5,5,59,ok,,,False,,4.8707996029406786e-05
tfidf,631,159,"[""reasoning"", ""bounded reasoning"", ""multiple methods"", ""resource bounded"", ""resource bounded reasoning""]","[0.2515993370009944, 0.15842627196372974, 0.15842627196372974, 0.15842627196372974, 0.15842627196372974]",5,5,315,ok,,,False,,0.00019783400057349354
tfidf,632,1590,"[""management"", ""ahead developing"", ""ahead developing electronic"", ""ahead developing electronic records"", ""consultants says""]","[0.1940472570708082, 0.1352839818856933, 0.1352839818856933, 0.1352839818856933, 0.1352839818856933]",5,5,60,ok,,,False,,5.0582995754666626e-05
tfidf,633,1591,"[""riemannian"", ""interpolation"", ""quadratics"", ""riemannian manifolds"", ""riemannian quadratics""]","[0.4505293512733992, 0.16430542473091966, 0.1501764504244664, 0.1501764504244664, 0.1501764504244664]",5,5,138,ok,,,False,,9.050000517163426e-05
tfidf,634,1592,"[""hermite"", ""ph"", ""hermite data"", ""curves"", ""spatial""]","[0.2286732036455661, 0.1687495433748484, 0.15038494625180193, 0.14480278470033356, 0.1221400943636263]",5,5,330,ok,,,False,,0.00020941700495313853
tfidf,635,1593,"[""multi interval"", ""spectral method"", ""interval"", ""spectral"", ""interval legendre""]","[0.1947744360473821, 0.1947744360473821, 0.1574544963591659, 0.14206619990922664, 0.12984962403158806]",5,5,177,ok,,,False,,0.00011358300980646163
tfidf,636,1594,"[""sub"", ""minimizing"", ""sub xi"", ""sub xi sub"", ""xi""]","[0.19789804496418326, 0.1866380361836192, 0.1838949180797265, 0.1838949180797265, 0.1838949180797265]",5,5,171,ok,,,False,,0.00011308300599921495
tfidf,637,1595,"[""ginzburg"", ""ginzburg landau"", ""landau"", ""linearization"", ""wave""]","[0.1674355846666702, 0.1674355846666702, 0.1674355846666702, 0.1294999985646465, 0.11233077827122122]",5,5,250,ok,,,False,,0.0001584999990882352
tfidf,638,1596,"[""matrix"", ""integral equation"", ""wavelet"", ""acoustic scattering"", ""boundary integral equation""]","[0.23109531752366022, 0.1879555950593041, 0.13385743362542993, 0.13207538300275537, 0.13207538300275537]",5,5,202,ok,,,False,,0.00012733301264233887
tfidf,639,1597,"[""test selection"", ""sa"", ""ga"", ""adaptive variable"", ""rts""]","[0.17527637480924715, 0.15991365286217116, 0.15092703661412582, 0.1168509165394981, 0.1168509165394981]",5,5,292,ok,,,False,,0.0001834579888964072
tfidf,640,1598,"[""product service"", ""product"", ""service"", ""decision support"", ""attributes""]","[0.20495711033230726, 0.1213583084098431, 0.11114932815499047, 0.1002522480232436, 0.09894031030667064]",5,5,498,ok,,,False,,0.00032212499354500324
tfidf,641,1599,"[""fuzzy"", ""fuzzy numbers"", ""numbers"", ""fuzzy decision"", ""sub""]","[0.34416447648353454, 0.2227936119309154, 0.15763283781933876, 0.14393547667222853, 0.12465923966951495]",5,5,378,ok,,,False,,0.00024537500576116145
tfidf,642,16,"[""emas"", ""mmas"", ""multi agent"", ""dual nature"", ""dual nature mass""]","[0.16929373522869365, 0.16929373522869365, 0.13279982266035817, 0.11286249015246243, 0.11286249015246243]",5,5,288,ok,,,False,,0.00017908400332089514
tfidf,643,160,"[""information"", ""acknowledged critical"", ""acknowledged critical problem"", ""acknowledged critical problem information"", ""approaches processing""]","[0.11767737518436909, 0.10876807600531116, 0.10876807600531116, 0.10876807600531116, 0.10876807600531116]",5,5,95,ok,,,False,,6.966698856558651e-05
tfidf,644,1600,"[""fuzzy logic"", ""expert"", ""fuzzy logic expert"", ""logic expert"", ""logic""]","[0.19035853978601294, 0.18307107385969099, 0.15496161004569933, 0.15496161004569933, 0.14829954149174046]",5,5,337,ok,,,False,,0.0002122919977409765
tfidf,645,1601,"[""facilities"", ""competitive facilities"", ""competitive facilities location"", ""competitive facilities location problem"", ""facilities location""]","[0.21505772593533387, 0.1488988149076916, 0.1488988149076916, 0.1488988149076916, 0.1488988149076916]",5,5,160,ok,,,False,,0.00010216700320597738
tfidf,646,1602,"[""software"", ""reusable software"", ""reusable software components"", ""reusable"", ""scs""]","[0.1394939283939334, 0.11768942184294345, 0.11768942184294345, 0.10737411342871511, 0.10737411342871511]",5,5,298,ok,,,False,,0.0001862920034909621
tfidf,647,1603,"[""dynamic programming"", ""service"", ""customers"", ""programming"", ""adaptive dynamic""]","[0.1703629662961147, 0.16507225755732846, 0.13154849570000676, 0.11446090450809521, 0.10694657064903242]",5,5,317,ok,,,False,,0.00019899998733308166
tfidf,648,1604,"[""adi"", ""supply"", ""adi adi"", ""sharing adi"", ""sharing""]","[0.539314342147129, 0.19971937156879946, 0.15790553320915696, 0.15790553320915696, 0.1493670282839846]",5,5,496,ok,,,False,,0.00031504199432674795
tfidf,649,1605,"[""cpp"", ""links"", ""graph"", ""heuristic"", ""mixed""]","[0.19555911610095017, 0.1748601195925613, 0.12778231299916862, 0.10396476791698732, 0.10058336691907246]",5,5,381,ok,,,False,,0.00024041700817178935
tfidf,650,1606,"[""release"", ""dates"", ""earliness"", ""earliness tardiness"", ""release dates""]","[0.16894698003807376, 0.1536434978760388, 0.1536434978760388, 0.1536434978760388, 0.1536434978760388]",5,5,288,ok,,,False,,0.00018024999008048326
tfidf,651,1607,"[""railway"", ""queueing network"", ""queueing network model"", ""railway networks"", ""solvable queueing""]","[0.15673393370705063, 0.12415730292087031, 0.12415730292087031, 0.12415730292087031, 0.12415730292087031]",5,5,247,ok,,,False,,0.00015633399016223848
tfidf,652,1608,"[""degenerative"", ""geometric process"", ""optimal policy"", ""model"", ""policy""]","[0.16489026685179828, 0.16489026685179828, 0.15043787231670952, 0.11512591738963869, 0.11396635929403322]",5,5,147,ok,,,False,,9.541599138174206e-05
tfidf,653,1609,"[""undesirable"", ""improve performance"", ""dea"", ""outputs"", ""improve""]","[0.17962215020574207, 0.1636337322362927, 0.14842929070251745, 0.14657724865237512, 0.10848496470468734]",5,5,331,ok,,,False,,0.00020945799769833684
tfidf,654,161,"[""books"", ""reading devices"", ""reading"", ""devices"", ""better""]","[0.1792706876716288, 0.1603748661920443, 0.13809564083062728, 0.09550761504394904, 0.0829538559299347]",5,5,163,ok,,,False,,0.00010270900384057313
tfidf,655,1610,"[""heating"", ""heating optimization"", ""multi objective"", ""multi objective heating"", ""multi objective heating optimization""]","[0.17448339043526484, 0.13821759365411207, 0.13821759365411207, 0.13821759365411207, 0.13821759365411207]",5,5,205,ok,,,False,,0.00012887499178759754
tfidf,656,1611,"[""data mining"", ""mining"", ""vis"", ""business"", ""competitive""]","[0.1385205020280784, 0.13346696184015544, 0.11939902961370245, 0.11834650195513388, 0.11702663990886948]",5,5,269,ok,,,False,,0.0001704580063233152
tfidf,657,1613,"[""waveform"", ""current waveform"", ""end voltage"", ""receiving end"", ""receiving end voltage""]","[0.2492064428256562, 0.2101392280824694, 0.15760442106185205, 0.15760442106185205, 0.15760442106185205]",5,5,220,ok,,,False,,0.0001447079994250089
tfidf,658,1614,"[""location"", ""wavelet transform"", ""fault"", ""wavelet"", ""fault location""]","[0.1751105982447428, 0.16069209673403137, 0.13505706795753264, 0.13407295120267332, 0.13228803138385237]",5,5,217,ok,,,False,,0.00013658299576491117
tfidf,659,1615,"[""fractional systems"", ""fractional"", ""laguerre"", ""systems"", ""approximation""]","[0.27405522272519994, 0.2590142624685594, 0.16668978463160428, 0.12013440430364832, 0.10656015320748262]",5,5,116,ok,,,False,,8.145799802150577e-05
tfidf,660,1616,"[""pitch"", ""robust statistics"", ""statistics"", ""based robust"", ""based robust statistics""]","[0.27016791333428264, 0.2291798839439199, 0.15484808955739565, 0.1527865892959466, 0.1527865892959466]",5,5,117,ok,,,False,,8.220798918046057e-05
tfidf,661,1617,"[""adaptive array"", ""adaptive array antenna"", ""antenna"", ""array antenna"", ""multiuser""]","[0.14955102045330204, 0.14955102045330204, 0.14955102045330204, 0.14955102045330204, 0.14955102045330204]",5,5,154,ok,,,False,,0.00010070898861158639
tfidf,662,1618,"[""rbf"", ""layer"", ""rbf network"", ""weight matrix"", ""training""]","[0.2738525052894589, 0.12468579694076866, 0.12069107830532255, 0.12069107830532255, 0.11174517220489084]",5,5,246,ok,,,False,,0.000152749998960644
tfidf,663,1619,"[""transmission lossy"", ""video transmission lossy"", ""packet losses"", ""video transmission"", ""rate allocation""]","[0.16010688085787678, 0.16010688085787678, 0.1518980215720368, 0.1518980215720368, 0.1460737432196181]",5,5,152,ok,,,False,,9.870799840427935e-05
tfidf,664,162,"[""sites"", ""news"", ""news sites"", ""english"", ""english language""]","[0.251793209109164, 0.21541375317043668, 0.19950417387655678, 0.17178911754711537, 0.13300278258437118]",5,5,205,ok,,,False,,0.00012991699622943997
tfidf,665,1620,"[""simulator"", ""filter"", ""cauer"", ""cauer filter"", ""employing new""]","[0.24962717372694257, 0.2025838758800831, 0.16137634071398946, 0.16137634071398946, 0.16137634071398946]",5,5,103,ok,,,False,,7.287500193342566e-05
tfidf,666,1621,"[""piece wise"", ""wise"", ""block"", ""piece"", ""piece wise linear""]","[0.1817894918013149, 0.17246894074288774, 0.1703169414367702, 0.14721480240846166, 0.12119299453420994]",5,5,258,ok,,,False,,0.00015812501078471541
tfidf,667,1622,"[""26l"", ""error resilient"", ""refresh scheme"", ""refresh scheme 26l"", ""scheme 26l""]","[0.23450911152972703, 0.16478828796318593, 0.16478828796318593, 0.16478828796318593, 0.16478828796318593]",5,5,127,ok,,,False,,8.725000952836126e-05
tfidf,668,1623,"[""qos"", ""high bandwidth"", ""mpeg"", ""bandwidth"", ""services""]","[0.1997690234947161, 0.14110921847808508, 0.13317934899647738, 0.10776866808265084, 0.08133462681819376]",5,5,181,ok,,,False,,0.00011566698958631605
tfidf,669,1624,"[""smallest"", ""algorithm"", ""genetic algorithm"", ""genetic"", ""output""]","[0.1472586798200689, 0.12906547896013432, 0.12412066230515255, 0.1142218542199579, 0.09457560913099859]",5,5,165,ok,,,False,,0.00010391599789727479
tfidf,670,1625,"[""pitch"", ""autocorrelation"", ""autocorrelation function"", ""autocorrelation function pitch"", ""autocorrelation function pitch extraction""]","[0.2209864162999232, 0.16663099334781997, 0.16663099334781997, 0.16663099334781997, 0.16663099334781997]",5,5,133,ok,,,False,,8.604199683759362e-05
tfidf,671,1626,"[""formula"", ""convergence lms"", ""convergence lms algorithm"", ""lms algorithm"", ""mean square convergence""]","[0.22012834245664262, 0.16405707450873988, 0.16405707450873988, 0.16405707450873988, 0.16405707450873988]",5,5,117,ok,,,False,,7.962500967551023e-05
tfidf,672,1627,"[""ma"", ""blind identification"", ""overdetermined"", ""blind"", ""algorithm""]","[0.1891037099163735, 0.14259038884253025, 0.14259038884253025, 0.11357129761668355, 0.11049381910036117]",5,5,202,ok,,,False,,0.0001267909974558279
tfidf,673,1628,"[""minor"", ""minor component"", ""minor components"", ""newton algorithm"", ""quasi newton""]","[0.2215202415726334, 0.13430306067183273, 0.13430306067183273, 0.13430306067183273, 0.13430306067183273]",5,5,221,ok,,,False,,0.00013704199227504432
tfidf,674,1629,"[""nn"", ""nn based"", ""robot"", ""based controller"", ""nn based controller""]","[0.36813507413718694, 0.20818942443411892, 0.1489228561890791, 0.13879294962274594, 0.13879294962274594]",5,5,183,ok,,,False,,0.00011579100100789219
tfidf,675,163,"[""boolean"", ""users"", ""words"", ""account"", ""search""]","[0.16859910926807578, 0.15769548860555738, 0.11379645583891736, 0.08956848524092482, 0.08695120396240535]",5,5,192,ok,,,False,,0.00012045800394844264
tfidf,676,1630,"[""pipeline"", ""calibration technique"", ""calibration technique video"", ""calibration technique video rate"", ""digital domain""]","[0.1733131467938207, 0.14010148480536463, 0.14010148480536463, 0.14010148480536463, 0.14010148480536463]",5,5,135,ok,,,False,,8.808300481177866e-05
tfidf,677,1631,"[""exponentiation"", ""rsa"", ""protected"", ""solutions"", ""133 slower""]","[0.23736997370940088, 0.1582466491396006, 0.1375592859430657, 0.0869835814936788, 0.08339930019409972]",5,5,148,ok,,,False,,9.51670081121847e-05
tfidf,678,1632,"[""delay filter"", ""fdf"", ""fractional delay filter"", ""number multipliers"", ""small number multipliers""]","[0.1682387573473526, 0.1682387573473526, 0.1682387573473526, 0.1682387573473526, 0.1682387573473526]",5,5,130,ok,,,False,,8.462500409223139e-05
tfidf,679,1633,"[""48 gbit"", ""dff"", ""dhbt"", ""gbit"", ""inp""]","[0.14863613942619813, 0.14863613942619813, 0.14863613942619813, 0.14863613942619813, 0.14863613942619813]",5,5,159,ok,,,False,,0.00010441600170452148
tfidf,680,1634,"[""maple"", ""package"", ""java"", ""calculus"", ""analogous java""]","[0.224888693563132, 0.12717140131358812, 0.09166794721165494, 0.0883236938455749, 0.05926052705288229]",5,5,291,ok,,,False,,0.00018187498790211976
tfidf,681,1635,"[""flexpro"", ""aim serve"", ""aim serve ignored"", ""aim serve ignored range"", ""analysing archiving""]","[0.17355607753017593, 0.08677803876508797, 0.08677803876508797, 0.08677803876508797, 0.08677803876508797]",5,5,148,ok,,,False,,9.437499102205038e-05
tfidf,682,1636,"[""scholarly publishing"", ""scholarly"", ""publishing"", ""sparc"", ""initiatives""]","[0.2186663208961421, 0.1940081476325355, 0.1696095106837281, 0.15642790273163057, 0.13132591539437968]",5,5,146,ok,,,False,,9.295799827668816e-05
tfidf,683,1637,"[""publishing"", ""knows"", ""open"", ""access business"", ""access business publishing""]","[0.1664173338046095, 0.1475987305774205, 0.09361180297982183, 0.08088918600450822, 0.08088918600450822]",5,5,164,ok,,,False,,0.00010462501086294651
tfidf,684,1638,"[""mark language"", ""language"", ""mark"", ""chemical"", ""age new""]","[0.1582952396658767, 0.13867502415257488, 0.13088272910540086, 0.1243390235759977, 0.08342490841967366]",5,5,155,ok,,,False,,9.837500692810863e-05
tfidf,685,1639,"[""warwick"", ""uk"", ""1960s"", ""1960s middle"", ""1960s middle road""]","[0.13411467035918398, 0.09782167494184334, 0.06705733517959199, 0.06705733517959199, 0.06705733517959199]",5,5,242,ok,,,False,,0.00015266700938809663
tfidf,686,164,"[""literacy"", ""critical media"", ""critical media literacy"", ""media literacy"", ""information literacy""]","[0.26958679909278044, 0.15245795492240213, 0.15245795492240213, 0.15245795492240213, 0.14464126464488766]",5,5,161,ok,,,False,,0.00010216599912382662
tfidf,687,1640,"[""lims"", ""integration"", ""activity appears"", ""activity appears coming"", ""activity appears coming productive""]","[0.1760598037662094, 0.10227678510241793, 0.0880299018831047, 0.0880299018831047, 0.0880299018831047]",5,5,140,ok,,,False,,9.083400072995573e-05
tfidf,688,1641,"[""computing"", ""activities propelling"", ""activities propelling science"", ""activities propelling science technology"", ""aerospace erotica""]","[0.07890798827954859, 0.07728711120576542, 0.07728711120576542, 0.07728711120576542, 0.07728711120576542]",5,5,185,ok,,,False,,0.00011924999125767499
tfidf,689,1642,"[""organizational memory"", ""memory"", ""organizational"", ""navigation"", ""centred features""]","[0.21903346385319192, 0.18506637381762295, 0.1539078631531241, 0.1419002508119904, 0.13142007831191513]",5,5,315,ok,,,False,,0.00020258300355635583
tfidf,690,1643,"[""heuristic evaluation"", ""usability problems"", ""user testing"", ""usability"", ""usability problems associated""]","[0.18902279809459877, 0.18902279809459877, 0.18902279809459877, 0.18534497180165607, 0.14176709857094907]",5,5,292,ok,,,False,,0.00018208299297839403
tfidf,691,1644,"[""knowledge structures"", ""induction"", ""comprehensibility"", ""machine induction"", ""knowledge""]","[0.19011529758344148, 0.1791692625044439, 0.1425864731875811, 0.1425864731875811, 0.14132954331760458]",5,5,418,ok,,,False,,0.00026329200773034245
tfidf,692,1645,"[""transition"", ""organization"", ""work organization"", ""surveyors"", ""work""]","[0.1469035138000182, 0.14149050755176915, 0.13228774195247897, 0.12550520110782054, 0.12058036960802922]",5,5,433,ok,,,False,,0.00027474999660626054
tfidf,693,1646,"[""figures"", ""point"", ""point mapping"", ""point point"", ""point point mapping""]","[0.17014509659002594, 0.1420720311505224, 0.13986805623582094, 0.13986805623582094, 0.13986805623582094]",5,5,378,ok,,,False,,0.00023783399956300855
tfidf,694,1647,"[""reading"", ""children"", ""14 point"", ""sans"", ""typefaces""]","[0.240183855350975, 0.17977980439643176, 0.13946658066725512, 0.13946658066725512, 0.13946658066725512]",5,5,370,ok,,,False,,0.00023345800582319498
tfidf,695,1648,"[""furniture"", ""office"", ""buying decisions"", ""considering design"", ""considering design furniture""]","[0.29535627564843836, 0.20102575758189623, 0.14767813782421918, 0.14767813782421918, 0.14767813782421918]",5,5,48,ok,,,False,,4.4917003833688796e-05
tfidf,696,1649,"[""stationery"", ""effective planning"", ""effective planning management"", ""effective planning management stock"", ""essentials stationery""]","[0.26802615971768845, 0.13401307985884423, 0.13401307985884423, 0.13401307985884423, 0.13401307985884423]",5,5,61,ok,,,False,,5.124999734107405e-05
tfidf,697,165,"[""news"", ""monitoring"", ""focus"", ""alerts new"", ""alerts new available""]","[0.27207768851853714, 0.11192937007327428, 0.09538871755029658, 0.0839943808589088, 0.0839943808589088]",5,5,148,ok,,,False,,9.529199451208115e-05
tfidf,698,1650,"[""copier"", ""market"", ""copier market"", ""low mid"", ""low mid speed""]","[0.1961035787817049, 0.14586605595156404, 0.13073571918780327, 0.13073571918780327, 0.13073571918780327]",5,5,221,ok,,,False,,0.0001412919955328107
tfidf,699,1651,"[""matrix"", ""matrices"", ""operator"", ""data sparse"", ""linear logarithmic""]","[0.18873695048246694, 0.14473336755915853, 0.1354106051817486, 0.10786676808885037, 0.10786676808885037]",5,5,335,ok,,,False,,0.00020687500364147127
tfidf,700,1652,"[""entropy"", ""sub"", ""convergence"", ""convergence sub"", ""entropy process""]","[0.1847564048519025, 0.1829164070683425, 0.14288164920323082, 0.11943937069562066, 0.11943937069562066]",5,5,249,ok,,,False,,0.00016204100393224508
tfidf,701,1653,"[""circulant"", ""generating functions"", ""preconditioners"", ""generating"", ""circulant preconditioners""]","[0.21491736069871037, 0.16118802052403278, 0.15292372999538636, 0.11054003607419659, 0.10745868034935518]",5,5,307,ok,,,False,,0.00019445799989625812
tfidf,702,1654,"[""complementarity"", ""validation"", ""solutions nonlinear"", ""solutions nonlinear complementarity"", ""complementarity problems""]","[0.21099914002801995, 0.18949817995700857, 0.1766082924905912, 0.1766082924905912, 0.1675533873297403]",5,5,120,ok,,,False,,8.21249996079132e-05
tfidf,703,1655,"[""interactivity"", ""learning"", ""outcomes"", ""influences"", ""multimedia""]","[0.23802700787904715, 0.17751215198520928, 0.1373324076310363, 0.1139856262460754, 0.10299930572327722]",5,5,432,ok,,,False,,0.00027237500762566924
tfidf,704,1656,"[""virtual teams"", ""virtual"", ""teams"", ""satisfaction"", ""trust""]","[0.2751142189215181, 0.2267186343348068, 0.22279002475321624, 0.20066509967287086, 0.19741286600196917]",5,5,332,ok,,,False,,0.00021045899484306574
tfidf,705,1657,"[""knowledge sharing"", ""sharing"", ""knowledge"", ""attitude knowledge"", ""attitude knowledge sharing""]","[0.34866651054364384, 0.2735872972624206, 0.24526827760203146, 0.13497250803319677, 0.13497250803319677]",5,5,340,ok,,,False,,0.00021408300381153822
tfidf,706,1658,"[""chaos theory"", ""chaos"", ""introduces chaos"", ""introduces chaos theory"", ""paper introduces chaos""]","[0.29419799311470274, 0.2475934837758471, 0.14709899655735137, 0.14709899655735137, 0.14709899655735137]",5,5,149,ok,,,False,,9.695799963083118e-05
tfidf,707,1659,"[""commerce"", ""integrated architecture"", ""mobile commerce"", ""mobile"", ""offerings""]","[0.3521520656269728, 0.1019010319068491, 0.09667645175437116, 0.09447247307688712, 0.09009425920084323]",5,5,367,ok,,,False,,0.0002275000006193295
tfidf,708,166,"[""semantic web"", ""semantic"", ""web"", ""agents perform everyday"", ""agents perform everyday jobs""]","[0.2411757034988554, 0.1928102868066938, 0.1722669099056546, 0.08811505927260971, 0.08811505927260971]",5,5,131,ok,,,False,,8.658399747218937e-05
tfidf,709,1660,"[""conjugate"", ""methods"", ""regularized conjugate"", ""regularized conjugate gradient"", ""symmetric positive definite""]","[0.18523503417902495, 0.17422547585529544, 0.13967328066978132, 0.13967328066978132, 0.13251207497477038]",5,5,185,ok,,,False,,0.00011562500731088221
tfidf,710,1661,"[""road"", ""inventory management"", ""inventory"", ""17 20"", ""17 20 consistently""]","[0.20080649791403524, 0.18353871838549754, 0.14618608294114338, 0.09176935919274877, 0.09176935919274877]",5,5,121,ok,,,False,,8.412500028498471e-05
tfidf,711,1663,"[""vsat"", ""nationwide"", ""retailers"", ""vsat technology"", ""based applications""]","[0.16897653890206643, 0.11265102593471095, 0.11265102593471095, 0.11265102593471095, 0.09480574516096005]",5,5,320,ok,,,False,,0.00019991598674096167
tfidf,712,1664,"[""retail"", ""cios"", ""2002 conference"", ""2002 conference held"", ""2002 conference held chicago""]","[0.3423836760164037, 0.16589734278655685, 0.0625460141060656, 0.0625460141060656, 0.0625460141060656]",5,5,243,ok,,,False,,0.00015462499868590385
tfidf,713,1665,"[""airports"", ""schedules"", ""schedule"", ""disruptions"", ""flight schedules""]","[0.15155978051324306, 0.12531367170648353, 0.11652004814384583, 0.10650024040403913, 0.10650024040403913]",5,5,353,ok,,,False,,0.00021591699623968452
tfidf,714,1666,"[""schedule optimisation"", ""schedule"", ""optimisation"", ""annealing"", ""airline base""]","[0.2371590764048865, 0.21622632724904897, 0.18603572805761578, 0.1466893298081348, 0.11857953820244325]",5,5,235,ok,,,False,,0.0001486249966546893
tfidf,715,1667,"[""programming"", ""constraint programming"", ""constraint programming linear"", ""constraint programming linear programming"", ""programming linear""]","[0.23389822792820067, 0.21854285937464044, 0.21854285937464044, 0.21854285937464044, 0.21854285937464044]",5,5,228,ok,,,False,,0.0001421670021954924
tfidf,716,1668,"[""wedelin"", ""problems"", ""carmen"", ""constraint branching"", ""elastic constraint""]","[0.1849917376753807, 0.13139781978369436, 0.12332782511692048, 0.12332782511692048, 0.12332782511692048]",5,5,243,ok,,,False,,0.00015220799832604825
tfidf,717,1669,"[""fcpa"", ""optimisation"", ""supply chain"", ""supply"", ""chain""]","[0.19747620095722862, 0.15490711709641788, 0.15273436522722378, 0.13876025872144868, 0.13542586047424465]",5,5,212,ok,,,False,,0.00013270899944473058
tfidf,718,167,"[""gap"", ""business"", ""business school"", ""bridging"", ""school""]","[0.1834035281795725, 0.17627940557216482, 0.16872874230485005, 0.15724088718593374, 0.12843422254546621]",5,5,257,ok,,,False,,0.0001602080010343343
tfidf,719,1670,"[""crew"", ""crew management"", ""train crew"", ""train crew management"", ""train""]","[0.4790081125634572, 0.20837757714461816, 0.20837757714461816, 0.20837757714461816, 0.18852487412778937]",5,5,310,ok,,,False,,0.00019662499835249037
tfidf,720,1671,"[""cane"", ""cane transport"", ""scheduling"", ""transport"", ""cane transport scheduling""]","[0.2849984679544363, 0.20026688643348992, 0.164611035312848, 0.1570962266688879, 0.15020016482511744]",5,5,311,ok,,,False,,0.00019375000556465238
tfidf,721,1672,"[""staffing"", ""centre"", ""arrival rate"", ""staffing level"", ""staffing levels""]","[0.2383404015408132, 0.15859774250817316, 0.13478734981304072, 0.13478734981304072, 0.12787665127092926]",5,5,215,ok,,,False,,0.00013708299957215786
tfidf,722,1673,"[""surveillance"", ""flight route"", ""regional surveillance"", ""route"", ""aircraft""]","[0.18607443786083708, 0.1307535039844823, 0.1307535039844823, 0.11258926883196856, 0.1025675410723447]",5,5,243,ok,,,False,,0.00015225000970531255
tfidf,723,1674,"[""demand"", ""deliveries"", ""service"", ""delivery"", ""column generation approach""]","[0.1506696521512761, 0.12526343836092452, 0.12148999507580105, 0.12122815059491596, 0.09445273385453566]",5,5,395,ok,,,False,,0.00024700000358279794
tfidf,724,1675,"[""selection"", ""sugar cane"", ""cane"", ""sugar"", ""simulation model""]","[0.1943026829020132, 0.1795204436165126, 0.17031622920246967, 0.1637857351476864, 0.09691820421306707]",5,5,277,ok,,,False,,0.00017183298768941313
tfidf,725,1676,"[""train"", ""operator scheduling"", ""smrt"", ""train operator"", ""train operator scheduling""]","[0.15834391095206257, 0.15751655374497492, 0.15751655374497492, 0.15751655374497492, 0.15751655374497492]",5,5,311,ok,,,False,,0.0001928750134538859
tfidf,726,1677,"[""ip"", ""grobner"", ""buchberger"", ""buchberger algorithm"", ""geometric buchberger""]","[0.26359549117346326, 0.2503436167635814, 0.1430534952934751, 0.1430534952934751, 0.1430534952934751]",5,5,387,ok,,,False,,0.00024204200599342585
tfidf,727,1678,"[""multistage"", ""interior point"", ""multistage convex"", ""multistage convex programming"", ""solving multistage""]","[0.19767146506958058, 0.14444102460090769, 0.14444102460090769, 0.14444102460090769, 0.14444102460090769]",5,5,174,ok,,,False,,0.00011050001194234937
tfidf,728,1679,"[""project"", ""cost structure"", ""activity"", ""cost"", ""bound algorithm""]","[0.20821546709315716, 0.18061586489006742, 0.17931186870726212, 0.16349113725474332, 0.13546189866755057]",5,5,351,ok,,,False,,0.00022262500715442002
tfidf,729,168,"[""customization"", ""trust"", ""clients"", ""clients trust"", ""engagement success""]","[0.2711024290225716, 0.2132228106592313, 0.17399643028745648, 0.14857346483734254, 0.14857346483734254]",5,5,304,ok,,,False,,0.00018854098743759096
tfidf,730,1680,"[""early tardy"", ""tardy"", ""window"", ""early"", ""jobs""]","[0.23441032409088713, 0.23441032409088713, 0.17892782556549744, 0.16201618038245935, 0.1518621090871823]",5,5,297,ok,,,False,,0.00018074999388772994
tfidf,731,1681,"[""facility"", ""units"", ""sup"", ""batches units"", ""capacity purchased""]","[0.11557383785871016, 0.11093804524207682, 0.11065648436037792, 0.10339190986896078, 0.10339190986896078]",5,5,335,ok,,,False,,0.000206666998565197
tfidf,732,1682,"[""data mining"", ""mining"", ""data mining technologies"", ""mining technologies"", ""technologies""]","[0.20533459231169687, 0.19784352348776496, 0.17699005352415068, 0.17699005352415068, 0.10201780083882465]",5,5,127,ok,,,False,,8.654101111460477e-05
tfidf,733,1683,"[""videoconferencing"", ""potential"", ""effective"", ""abilities requires"", ""abilities requires creative""]","[0.17655446479365206, 0.0741833468075184, 0.07032351290755458, 0.06992910102157253, 0.06992910102157253]",5,5,230,ok,,,False,,0.00014408299466595054
tfidf,734,1684,"[""course"", ""email"", ""wanted"", ""learning"", ""identical""]","[0.16010675063385155, 0.13865368517395832, 0.13503816967504464, 0.12948005163351398, 0.11558790044517268]",5,5,168,ok,,,False,,0.0001085419935407117
tfidf,735,1685,"[""project"", ""construction project"", ""project information"", ""construction"", ""project management""]","[0.25980764571646403, 0.16902700586288555, 0.16902700586288555, 0.16634191175128962, 0.15421203210818363]",5,5,285,ok,,,False,,0.000175916007719934
tfidf,736,1686,"[""internet"", ""society"", ""internet infrastructure"", ""internet backbone"", ""information society""]","[0.1951672963851335, 0.167086158344122, 0.161163823004546, 0.15290077310985276, 0.13877499601387427]",5,5,151,ok,,,False,,9.76250012172386e-05
tfidf,737,1687,"[""hummingbird"", ""enterprise"", ""cleared"", ""cleared hummingbird"", ""cleared hummingbird enterprise""]","[0.3269233149163619, 0.1483406368753846, 0.10897443830545396, 0.10897443830545396, 0.10897443830545396]",5,5,83,ok,,,False,,6.141699850559235e-05
tfidf,738,1688,"[""content delivery"", ""delivery"", ""content"", ""argues darren"", ""argues darren atkinson""]","[0.19381223040877868, 0.13632577311735075, 0.11654676266989444, 0.10621577498771931, 0.10621577498771931]",5,5,94,ok,,,False,,6.77499920129776e-05
tfidf,739,169,"[""mrp"", ""job shop"", ""proposed model"", ""shop"", ""model""]","[0.23445623949172623, 0.14827602156049974, 0.13109600628925125, 0.12478731193884555, 0.10352589837446921]",5,5,299,ok,,,False,,0.00018395901133771986
tfidf,740,1692,"[""looks"", ""imaging"", ""accreditation accredited"", ""accreditation accredited imaging"", ""accreditation accredited imaging qualifications""]","[0.13844774715911026, 0.13323050834470254, 0.10723826432228674, 0.10723826432228674, 0.10723826432228674]",5,5,92,ok,,,False,,6.712498725391924e-05
tfidf,741,1693,"[""pounds"", ""document management"", ""health sector"", ""spending"", ""sector""]","[0.21936943997431266, 0.16541174025585295, 0.16541174025585295, 0.13920852618258536, 0.12191743747092527]",5,5,137,ok,,,False,,9.145800140686333e-05
tfidf,742,1694,"[""wheelchair"", ""stability"", ""curb"", ""stability angles"", ""static stability""]","[0.30258261115961077, 0.2146326205376539, 0.11960053258072395, 0.11960053258072395, 0.11960053258072395]",5,5,503,ok,,,False,,0.0003268330037826672
tfidf,743,1695,"[""computing institute"", ""image computing"", ""image computing institute"", ""medical image computing"", ""medical image computing institute""]","[0.1441666114973496, 0.1441666114973496, 0.1441666114973496, 0.1441666114973496, 0.1441666114973496]",5,5,190,ok,,,False,,0.00011866699787788093
tfidf,744,1696,"[""2002 highlighted"", ""2002 highlighted comment"", ""2002 highlighted comment concerning"", ""adopted processing"", ""adopted processing procedure""]","[0.10547048279877405, 0.10547048279877405, 0.10547048279877405, 0.10547048279877405, 0.10547048279877405]",5,5,105,ok,,,False,,7.333399844355881e-05
tfidf,745,1697,"[""thermoacoustic"", ""cylindrical"", ""tat"", ""reconstruction"", ""exact frequency""]","[0.17298725450583147, 0.1632659452603555, 0.12640396161846132, 0.12549136026119811, 0.11992308878814399]",5,5,241,ok,,,False,,0.00016104200039990246
tfidf,746,1698,"[""finite size detector"", ""size detector"", ""thermoacoustic tomography planar"", ""tomography planar"", ""reconstruction""]","[0.1401387879242333, 0.1401387879242333, 0.1401387879242333, 0.1401387879242333, 0.1391270249507681]",5,5,189,ok,,,False,,0.00012112499098293483
tfidf,747,1699,"[""thermoacoustic"", ""microwave"", ""spherical"", ""thermoacoustic tomography spherical"", ""tomography spherical""]","[0.1784716094855657, 0.17295197084733024, 0.15841258591989002, 0.13041144875004634, 0.13041144875004634]",5,5,233,ok,,,False,,0.00014554199879057705
tfidf,748,17,"[""fault"", ""bias"", ""fault bias"", ""fault tolerant control"", ""fdi""]","[0.37025778090697903, 0.10518666815164791, 0.0906666227867087, 0.0906666227867087, 0.0906666227867087]",5,5,416,ok,,,False,,0.0002532920043449849
tfidf,749,170,"[""flexibility"", ""product mix"", ""value flexibility"", ""demand"", ""products""]","[0.20173768805306636, 0.16678897388514108, 0.16678897388514108, 0.15963563352212523, 0.15098979812105345]",5,5,468,ok,,,False,,0.0002905000001192093
tfidf,750,1700,"[""unmeasured"", ""projections"", ""views"", ""order"", ""measured""]","[0.160085823028383, 0.13202323912875172, 0.1275061720425392, 0.10014446246420458, 0.09705932083809798]",5,5,166,ok,,,False,,0.00010379200102761388
tfidf,751,1701,"[""deformation"", ""cardiac"", ""heart"", ""biomechanical models"", ""cardiac deformation""]","[0.23103718339121032, 0.12384341287535905, 0.10833689285415805, 0.09338198814445613, 0.09338198814445613]",5,5,429,ok,,,False,,0.0002660000027390197
tfidf,752,1702,"[""lv"", ""cineangiocardiograms"", ""views"", ""ray"", ""ray cineangiocardiograms""]","[0.2842148775871337, 0.2030106268479527, 0.16169519213921513, 0.12561189277777765, 0.12180637610877161]",5,5,471,ok,,,False,,0.0002917079982580617
tfidf,753,1703,"[""image error"", ""image"", ""error"", ""minimization"", ""near infrared""]","[0.1770803323151577, 0.14008966577929202, 0.1191028412201165, 0.10432086742337267, 0.08854016615757886]",5,5,466,ok,,,False,,0.00028737500542774796
tfidf,754,1704,"[""image"", ""regularization parameter"", ""regularization"", ""error"", ""dominates""]","[0.1794708789229789, 0.12760883553314678, 0.10713144423825811, 0.09155061428874373, 0.0896700405340856]",5,5,484,ok,,,False,,0.0003079160087509081
tfidf,755,1705,"[""visual"", ""image"", ""knowledge gathering"", ""visual assessment"", ""visual search""]","[0.13788107594054955, 0.10623684413209131, 0.10615941902893583, 0.10615941902893583, 0.10615941902893583]",5,5,366,ok,,,False,,0.00023904100817162544
tfidf,756,1706,"[""coronary"", ""intracoronary"", ""intracoronary devices"", ""curvilinear"", ""views""]","[0.250129580348084, 0.2021977342676624, 0.2021977342676624, 0.1516483007007468, 0.1207858007244019]",5,5,334,ok,,,False,,0.0002247079974040389
tfidf,757,1707,"[""battlefield"", ""dual band"", ""aircraft"", ""band"", ""dual""]","[0.13836521281496295, 0.13836521281496295, 0.10853842700893655, 0.10853842700893655, 0.09641091527817634]",5,5,217,ok,,,False,,0.00014287501107901335
tfidf,758,1708,"[""tourism"", ""hospitality tourism"", ""hospitality"", ""graduates"", ""management programs""]","[0.23420315919971355, 0.1851449590247488, 0.17565236939978515, 0.16891726987670777, 0.12342997268316587]",5,5,229,ok,,,False,,0.00015733399777673185
tfidf,759,1709,"[""course material"", ""tourism"", ""learning"", ""course"", ""development computer mediated""]","[0.17587787997028348, 0.16686042387825267, 0.12907694659683522, 0.1197062225453038, 0.117251919980189]",5,5,265,ok,,,False,,0.00016845899517647922
tfidf,760,171,"[""sized"", ""companies"", ""middle sized"", ""middle"", ""appear associated""]","[0.2033724274740329, 0.1823020654738556, 0.18123990716136892, 0.14217081038170734, 0.12082660477424595]",5,5,222,ok,,,False,,0.00014266700600273907
tfidf,761,1710,"[""learning package"", ""learning"", ""package"", ""hotel"", ""hbp""]","[0.20448439214094416, 0.15757485828893708, 0.14627255830352556, 0.14086198838040015, 0.12269063528456649]",5,5,512,ok,,,False,,0.0003222499944968149
tfidf,762,1711,"[""beverage"", ""food beverage"", ""learning"", ""food"", ""cd rom""]","[0.21215587816091236, 0.21215587816091236, 0.1751640802142579, 0.17496556350303671, 0.15095880632135517]",5,5,289,ok,,,False,,0.00018358400848228484
tfidf,763,1712,"[""digest"", ""certificate"", ""undeniable"", ""attestation"", ""attesters""]","[0.21881220250604017, 0.15569509167125314, 0.15569509167125314, 0.10940610125302008, 0.10940610125302008]",5,5,312,ok,,,False,,0.00019674999930430204
tfidf,764,1713,"[""service access"", ""access"", ""service access information"", ""regulating"", ""access information""]","[0.19959939303535607, 0.19040960923958558, 0.14969954477651706, 0.13235459285311962, 0.1289033316680131]",5,5,340,ok,,,False,,0.000217166991205886
tfidf,765,1714,"[""anonymity"", ""hordes"", ""protocol"", ""previous protocols"", ""privacy""]","[0.3139684263052242, 0.26164035525435353, 0.13432401623157023, 0.10465614210174141, 0.08631022168990618]",5,5,325,ok,,,False,,0.00020404098904691637
tfidf,766,1715,"[""information processing computing"", ""information processing computing systems"", ""ipcss"", ""processing computing"", ""processing computing systems""]","[0.14916768413015985, 0.14916768413015985, 0.14916768413015985, 0.14916768413015985, 0.14916768413015985]",5,5,159,ok,,,False,,0.00010120800288859755
tfidf,767,1716,"[""valve"", ""steam"", ""actuator"", ""actuator valve"", ""actuator valve final""]","[0.17411479529102744, 0.16241070460187576, 0.14221681629424546, 0.09846619234002997, 0.09846619234002997]",5,5,110,ok,,,False,,7.645800360478461e-05
tfidf,768,1717,"[""predictive segmentation"", ""predictive"", ""segmentation"", ""healthcare"", ""advances""]","[0.17238695213671335, 0.16941139667936372, 0.1676493739869019, 0.13730385340328133, 0.12996931219032598]",5,5,295,ok,,,False,,0.00019183299446012825
tfidf,769,1719,"[""ups"", ""battery"", ""management tool"", ""power"", ""network""]","[0.18990307163495335, 0.17697356748658505, 0.13344386428971367, 0.1027147347177741, 0.09227313289304898]",5,5,226,ok,,,False,,0.0001483329979237169
tfidf,770,172,"[""muse"", ""vmebus"", ""trigger control"", ""vmebus interface"", ""trigger""]","[0.3447689725489475, 0.2585767294117106, 0.17238448627447375, 0.17238448627447375, 0.157275234194686]",5,5,111,ok,,,False,,7.866599480621517e-05
tfidf,771,1721,"[""healthcare"", ""mainframe"", ""clinical applications"", ""evanston"", ""evanston northwestern""]","[0.20592699366956507, 0.17691243891389716, 0.12927214321183872, 0.12927214321183872, 0.12927214321183872]",5,5,218,ok,,,False,,0.00014187500346451998
tfidf,772,1723,"[""better billing"", ""better billing health"", ""better billing health care"", ""billing health"", ""billing health care""]","[0.13316441410109678, 0.13316441410109678, 0.13316441410109678, 0.13316441410109678, 0.13316441410109678]",5,5,66,ok,,,False,,5.462499393615872e-05
tfidf,773,1724,"[""000"", ""caregroup"", ""healthcare"", ""wireless"", ""deaths""]","[0.1755434480755725, 0.15964244750319634, 0.12715302949109739, 0.11316059876783892, 0.10642829833546422]",5,5,352,ok,,,False,,0.00022754199744667858
tfidf,774,1725,"[""healthcare"", ""mobile"", ""cord"", ""healthcare executives"", ""implementing mobile""]","[0.20402885241752602, 0.15832470797571532, 0.12808057146402002, 0.12808057146402002, 0.12808057146402002]",5,5,234,ok,,,False,,0.0001462499931221828
tfidf,775,1726,"[""hidden"", ""formant"", ""formation states"", ""formation states hidden"", ""formation states hidden markov""]","[0.19189354288790203, 0.16540441649068385, 0.16540441649068385, 0.16540441649068385, 0.16540441649068385]",5,5,136,ok,,,False,,8.716700540389866e-05
tfidf,776,1727,"[""applied linguistics"", ""area speechology"", ""area speechology field"", ""area speechology field science"", ""areas knowledge example""]","[0.09277975033465152, 0.09277975033465152, 0.09277975033465152, 0.09277975033465152, 0.09277975033465152]",5,5,136,ok,,,False,,9.033299284055829e-05
tfidf,777,1728,"[""generalized pareto"", ""generalized pareto distributions"", ""pareto distributions"", ""pareto"", ""statistics""]","[0.22122581194347343, 0.22122581194347343, 0.22122581194347343, 0.19559346230538668, 0.14947382706857926]",5,5,136,ok,,,False,,9.375000081490725e-05
tfidf,778,1729,"[""maintenance"", ""commerce"", ""future maintenance"", ""future"", ""attempting develop""]","[0.21719692571096155, 0.20787464252711668, 0.20050656755405663, 0.10794747088627925, 0.10025328377702832]",5,5,103,ok,,,False,,7.154198829084635e-05
tfidf,779,173,"[""charting"", ""technical charting"", ""recognizer"", ""trading"", ""technical""]","[0.17765542167693826, 0.17765542167693826, 0.16854682902871165, 0.1438669944000208, 0.10821653284780355]",5,5,132,ok,,,False,,9.383400902152061e-05
tfidf,780,1730,"[""communicate"", ""change impact"", ""change impact decisions"", ""change impact decisions readily"", ""communicate document""]","[0.14659991163287048, 0.09722261172273523, 0.09722261172273523, 0.09722261172273523, 0.09722261172273523]",5,5,121,ok,,,False,,8.995798998512328e-05
tfidf,781,1731,"[""benefits"", ""author looks benefits"", ""author looks benefits drawbacks"", ""benefits drawbacks"", ""benefits drawbacks started""]","[0.12856005401620263, 0.10502512744274668, 0.10502512744274668, 0.10502512744274668, 0.10502512744274668]",5,5,101,ok,,,False,,7.458300387952477e-05
tfidf,782,1732,"[""formed"", ""communities"", ""community"", ""companies"", ""resources""]","[0.09877941944598609, 0.09643774324795573, 0.08807868557866298, 0.07810059258412817, 0.07348219177618454]",5,5,258,ok,,,False,,0.00016783399041742086
tfidf,783,1733,"[""science"", ""programme"", ""office science"", ""office science technology"", ""science infrastructure""]","[0.2906901658735978, 0.1687885769057948, 0.10421502836527237, 0.10421502836527237, 0.10421502836527237]",5,5,344,ok,,,False,,0.0002093339862767607
tfidf,784,1734,"[""electronic"", ""auditing study"", ""auditing study group"", ""auditing study group examines"", ""auditors face""]","[0.15650209638261706, 0.14666370078869748, 0.14666370078869748, 0.14666370078869748, 0.14666370078869748]",5,5,53,ok,,,False,,4.66250057797879e-05
tfidf,785,1735,"[""accounting systems"", ""mid market"", ""products"", ""mid"", ""accounting""]","[0.17262175523480958, 0.17262175523480958, 0.15627006610253988, 0.14236165850956997, 0.12723161014695014]",5,5,136,ok,,,False,,8.762499783188105e-05
tfidf,786,1736,"[""accounting business"", ""accounting business intelligence"", ""accounting business intelligence wireless"", ""business intelligence wireless"", ""business intelligence wireless networking""]","[0.15462997581828228, 0.15462997581828228, 0.15462997581828228, 0.15462997581828228, 0.15462997581828228]",5,5,50,ok,,,False,,4.5083012082614005e-05
tfidf,787,1737,"[""disaster planning"", ""disaster"", ""planning"", ""11 stripped"", ""11 stripped innocence""]","[0.26236881952174884, 0.23812980891297636, 0.16194761772687324, 0.13827386589123153, 0.13827386589123153]",5,5,51,ok,,,False,,4.387499939184636e-05
tfidf,788,1738,"[""drumbeat"", ""technology"", ""issues"", ""accountants focus"", ""accountants focus simply""]","[0.13198587804933093, 0.1150954072112894, 0.06652958150940823, 0.06599293902466546, 0.06599293902466546]",5,5,248,ok,,,False,,0.00015545800852123648
tfidf,789,1739,"[""decision"", ""possibility"", ""decision problems"", ""decision rule"", ""bi""]","[0.19268352605235692, 0.14137272971821713, 0.13328015842676552, 0.13328015842676552, 0.12816975123713792]",5,5,208,ok,,,False,,0.00012974999845027924
tfidf,790,174,"[""knowledge based"", ""control"", ""biogenes"", ""cultivation"", ""supervisory process""]","[0.17459988068352392, 0.15137331202076193, 0.11844437806205307, 0.11844437806205307, 0.11844437806205307]",5,5,285,ok,,,False,,0.00018170800467487425
tfidf,791,1740,"[""ideological"", ""classifications"", ""ideological classifications"", ""votes"", ""statistical""]","[0.30348811961864, 0.21594595760195798, 0.15174405980932, 0.13844391139794346, 0.09116735212920635]",5,5,164,ok,,,False,,0.00011245800124015659
tfidf,792,1741,"[""cycle uncovered"", ""cycle uncovered solutions"", ""cycle uncovered solutions weak"", ""solutions weak"", ""solutions weak tournaments""]","[0.21606525632709142, 0.21606525632709142, 0.21606525632709142, 0.21606525632709142, 0.21606525632709142]",5,5,56,ok,,,False,,4.808399535249919e-05
tfidf,793,1742,"[""optimality"", ""sufficient"", ""condition"", ""programming"", ""1975 generalized""]","[0.19127602091620385, 0.1384446486608165, 0.13594397861252092, 0.12162457583495909, 0.11363994848801943]",5,5,82,ok,,,False,,6.404200394172221e-05
tfidf,794,1743,"[""adaptive"", ""adaptive stabilization"", ""adaptive stabilization undamped"", ""adaptive stabilization undamped flexible"", ""adaptive stabilizer""]","[0.20680475247473842, 0.12482665195288048, 0.12482665195288048, 0.12482665195288048, 0.12482665195288048]",5,5,196,ok,,,False,,0.00013324999599717557
tfidf,795,1744,"[""sub"", ""toland"", ""critical point"", ""critical"", ""dc""]","[0.20734297607578805, 0.20308387020249433, 0.17955353836121601, 0.14904344920029186, 0.14665917699536657]",5,5,189,ok,,,False,,0.00012887499178759754
tfidf,796,1745,"[""relaxed"", ""relaxed controls"", ""controls"", ""approximated piecewise"", ""approximated piecewise constant""]","[0.3457950206144153, 0.1955555755794998, 0.19469668200488163, 0.0977777877897499, 0.0977777877897499]",5,5,341,ok,,,False,,0.00021666700195055455
tfidf,797,1746,"[""piezoelectric"", ""plates"", ""behavior piezoelectric"", ""laminated plates"", ""thermoelectroelastic""]","[0.21626665794470054, 0.20039964313843645, 0.11333091925450817, 0.11333091925450817, 0.11333091925450817]",5,5,306,ok,,,False,,0.00019049999536946416
tfidf,798,1747,"[""constitutive"", ""laminate"", ""fiber"", ""fabric"", ""lamina""]","[0.17503152374321124, 0.13637393955775867, 0.13328682678118403, 0.11878154974936152, 0.11269148652146034]",5,5,547,ok,,,False,,0.00034904200583696365
tfidf,799,1748,"[""laminate"", ""failure"", ""lamina"", ""ultimate failure"", ""constitutive""]","[0.27200204639136993, 0.259644010856531, 0.18730555024004708, 0.15794232001674993, 0.13964231816003006]",5,5,448,ok,,,False,,0.0002851250028470531
tfidf,800,1749,"[""aerostatic"", ""cable stayed"", ""stayed"", ""bridges"", ""cable stayed bridges""]","[0.2982263407784074, 0.2609480481811064, 0.2475689491882607, 0.22366975558380553, 0.22366975558380553]",5,5,355,ok,,,False,,0.0002197090070694685
tfidf,801,175,"[""reasoning"", ""monotonic reasoning"", ""non monotonic reasoning"", ""non monotonic"", ""monotonic""]","[0.22575005626422656, 0.19900941047854676, 0.19900941047854676, 0.18880597488338013, 0.17595116629879867]",5,5,181,ok,,,False,,0.00012195900490041822
tfidf,802,1750,"[""linear squares"", ""weighted linear squares"", ""weighted linear"", ""squares"", ""weighted""]","[0.22634755870410353, 0.22634755870410353, 0.21474246559917481, 0.17065233856795217, 0.15405695838156377]",5,5,149,ok,,,False,,0.00010208299499936402
tfidf,803,1751,"[""blow"", ""blow time"", ""parabolic problem"", ""time"", ""parabolic""]","[0.2853104473342467, 0.11412417893369867, 0.11412417893369867, 0.11288408638778079, 0.08952292713714917]",5,5,307,ok,,,False,,0.00018362498667556792
tfidf,804,1752,"[""discretisations"", ""element discretisations"", ""finite element discretisations"", ""finite element"", ""multi level""]","[0.2880541357436433, 0.2880541357436433, 0.2880541357436433, 0.19325249956121496, 0.18219018483426924]",5,5,216,ok,,,False,,0.0001405829971190542
tfidf,805,1753,"[""dividend"", ""dividend barrier"", ""barrier"", ""nonlinear dividend"", ""nonlinear dividend barrier""]","[0.30118893548771236, 0.22589170161578428, 0.21430998081485908, 0.15059446774385618, 0.15059446774385618]",5,5,152,ok,,,False,,0.00010537500202190131
tfidf,806,1754,"[""crisis"", ""coordination"", ""message"", ""right"", ""authors set information""]","[0.17915006115156767, 0.16698369384153852, 0.15526596404601722, 0.14382911639308782, 0.10643573419905356]",5,5,93,ok,,,False,,7.520899816881865e-05
tfidf,807,1755,"[""theta functions"", ""theta"", ""functions"", ""functional equation"", ""functions harmonic""]","[0.3817099608883204, 0.30911223697644574, 0.18572342371187137, 0.15268398435532812, 0.15268398435532812]",5,5,115,ok,,,False,,8.349999552592635e-05
tfidf,808,1756,"[""sup"", ""2k sup"", ""diophantine equation"", ""diophantine equation sup"", ""diophantine equation sup sup""]","[0.2847885942984159, 0.1773948560635397, 0.1773948560635397, 0.1773948560635397, 0.1773948560635397]",5,5,85,ok,,,False,,6.612500874325633e-05
tfidf,809,1757,"[""lattices"", ""lattices rank"", ""unimodular"", ""lattices rank 12"", ""rank 12""]","[0.31458248419981805, 0.28733672006810723, 0.28733672006810723, 0.22986937605448576, 0.22986937605448576]",5,5,117,ok,,,False,,8.800000068731606e-05
tfidf,810,1758,"[""arithmetic genus"", ""hilbert modular"", ""hilbert modular threefolds"", ""hilbert modular threefolds arithmetic"", ""modular threefolds""]","[0.19679673717307283, 0.19679673717307283, 0.19679673717307283, 0.19679673717307283, 0.19679673717307283]",5,5,109,ok,,,False,,7.675000233575702e-05
tfidf,811,1759,"[""adic"", ""adic birch"", ""adic birch swinnerton"", ""adic birch swinnerton dyer"", ""birch""]","[0.1952182977776221, 0.13717884503512712, 0.13717884503512712, 0.13717884503512712, 0.13717884503512712]",5,5,181,ok,,,False,,0.0001142919936683029
tfidf,812,176,"[""therapy"", ""therapy decision"", ""decision"", ""decision task"", ""therapy decision task""]","[0.21190930939962715, 0.19829914954036412, 0.1740692391260702, 0.15863931963229128, 0.11897948972421846]",5,5,560,ok,,,False,,0.00035454099997878075
tfidf,813,1760,"[""primes"", ""class fields"", ""congruence"", ""congruence primes"", ""dihedral congruence""]","[0.1870822348218801, 0.14106613043487248, 0.14106613043487248, 0.14106613043487248, 0.14106613043487248]",5,5,174,ok,,,False,,0.0001160829997388646
tfidf,814,1761,"[""discontinuous"", ""hyperbolic equation"", ""nonstationary hyperbolic"", ""nonstationary hyperbolic equation"", ""rectangular partition""]","[0.20160209780113184, 0.16296947902870773, 0.16296947902870773, 0.16296947902870773, 0.16296947902870773]",5,5,125,ok,,,False,,9.18340083444491e-05
tfidf,815,1762,"[""laguerre"", ""laguerre pseudospectral"", ""pseudospectral"", ""accuracy approach"", ""approximation results""]","[0.2615626083084468, 0.19112708618848556, 0.19112708618848556, 0.09556354309424278, 0.09556354309424278]",5,5,116,ok,,,False,,7.833298877812922e-05
tfidf,816,1763,"[""waves"", ""surface waves"", ""surface"", ""compatible"", ""limitations""]","[0.2382125656098908, 0.12319771626230201, 0.10911658280676932, 0.09976664369880442, 0.08265205617152331]",5,5,274,ok,,,False,,0.00016899999172892421
tfidf,817,1764,"[""curved"", ""element method"", ""curved element"", ""curved element method"", ""elliptic problems small""]","[0.18992242564462333, 0.17109449891152312, 0.1432077273077262, 0.1432077273077262, 0.1432077273077262]",5,5,146,ok,,,False,,9.404101001564413e-05
tfidf,818,1765,"[""band"", ""interval band"", ""scaling function"", ""scaling"", ""interval""]","[0.2375489661487635, 0.20188556969131832, 0.20188556969131832, 0.14310411990143437, 0.12240232089619645]",5,5,99,ok,,,False,,7.595799979753792e-05
tfidf,819,1766,"[""vector"", ""cascade algorithm"", ""vector cascade"", ""vector cascade algorithm"", ""cascade""]","[0.263722338224228, 0.26337256043919294, 0.26337256043919294, 0.26337256043919294, 0.23285687379779654]",5,5,99,ok,,,False,,7.020900375209749e-05
tfidf,820,1767,"[""fractal interpolation"", ""fractal interpolation functions"", ""interpolation functions"", ""interpolation"", ""fractal""]","[0.22496168699994898, 0.22496168699994898, 0.22496168699994898, 0.2187792378083741, 0.18932504335164843]",5,5,120,ok,,,False,,8.104200242087245e-05
tfidf,821,1768,"[""elliptic"", ""sub"", ""elliptic curve"", ""curve"", ""sub tors""]","[0.27993637192721554, 0.2205822380591052, 0.21605117979302535, 0.187228389053621, 0.17284094383442025]",5,5,334,ok,,,False,,0.00021845800802111626
tfidf,822,1769,"[""functional logic"", ""functional logic programs"", ""logic programs"", ""functional"", ""logic""]","[0.2558059053152494, 0.19185442898643706, 0.1820178373141975, 0.16512646640035503, 0.14688501929456008]",5,5,194,ok,,,False,,0.00012758299999404699
tfidf,823,177,"[""churn"", ""churn prediction"", ""prediction"", ""proposed technique"", ""churners""]","[0.29730582751547885, 0.29730582751547885, 0.2243917828928215, 0.12038049674623386, 0.11148968531830455]",5,5,541,ok,,,False,,0.00033475000236649066
tfidf,824,1770,"[""learning"", ""artificial"", ""inductive learning"", ""knowledge"", ""inductive""]","[0.2287141866098446, 0.17480954851384864, 0.13850744698547138, 0.1372864745928013, 0.12245926853187611]",5,5,200,ok,,,False,,0.00013104200479574502
tfidf,825,1771,"[""finite commutative"", ""finite commutative rings"", ""quadratic gauss"", ""commutative rings"", ""commutative""]","[0.25617226485992084, 0.25617226485992084, 0.25617226485992084, 0.24303802563233445, 0.2264908411472672]",5,5,45,ok,,,False,,4.1749997762963176e-05
tfidf,826,1772,"[""librarians"", ""midcareer librarians"", ""midcareer"", ""technology"", ""year""]","[0.16665211943362845, 0.14735300952821712, 0.13732051594311087, 0.10158011052464963, 0.09967261240201601]",5,5,174,ok,,,False,,0.00011504099529702216
tfidf,827,1773,"[""plateauing"", ""career"", ""life"", ""1988 turn"", ""1988 turn valuable""]","[0.2978643805349968, 0.11682752719245515, 0.09613791472808236, 0.0744660951337492, 0.0744660951337492]",5,5,181,ok,,,False,,0.0001135829952545464
tfidf,828,1774,"[""work"", ""work journal"", ""journal"", ""midlife"", ""job""]","[0.22382936993464844, 0.21048118263992924, 0.17713842547784533, 0.12082746916482948, 0.09227027261540639]",5,5,198,ok,,,False,,0.00012166600208729506
tfidf,829,1775,"[""library"", ""change"", ""working"", ""accelerating change"", ""accelerating change change""]","[0.10892677311523037, 0.1029445688433574, 0.07919454374839353, 0.06274848349545523, 0.06274848349545523]",5,5,278,ok,,,False,,0.00017016701167449355
tfidf,830,1776,"[""job rotation"", ""job"", ""rotation"", ""damned"", ""library""]","[0.28483798559834395, 0.23412495465814892, 0.22686956601718256, 0.14241899279917197, 0.12361447202989881]",5,5,174,ok,,,False,,0.00011204100155737251
tfidf,831,1777,"[""midlife"", ""libraries"", ""career"", ""candy"", ""career choices""]","[0.14399885038764954, 0.13336843378905203, 0.13118131199118319, 0.11148696764947987, 0.11148696764947987]",5,5,317,ok,,,False,,0.00019200000679120421
tfidf,832,1778,"[""mentoring"", ""helin"", ""mentoring scheme"", ""pilot"", ""knowledge mentoring""]","[0.2444998549926656, 0.1786591178321199, 0.13399433837408992, 0.09773390619663856, 0.08932955891605995]",5,5,457,ok,,,False,,0.0002921249979408458
tfidf,833,1779,"[""career"", ""career management"", ""books"", ""midcareer"", ""management""]","[0.32387162152286947, 0.20643640723229437, 0.15383955339019187, 0.12167842224717826, 0.09870204889155809]",5,5,192,ok,,,False,,0.00012741600221488625
tfidf,834,178,"[""cbr"", ""cases"", ""large scale"", ""large scale cbr"", ""parallelized indexing""]","[0.20243421673849576, 0.15315659862097789, 0.11520667781692737, 0.11448152058679892, 0.11448152058679892]",5,5,276,ok,,,False,,0.00016500000492669642
tfidf,835,1780,"[""librarianship"", ""public"", ""academic public"", ""public librarianship"", ""librarians""]","[0.18521991106064584, 0.18231244213533612, 0.1684424013097671, 0.1684424013097671, 0.16065448456907996]",5,5,293,ok,,,False,,0.0001841670018620789
tfidf,836,1781,"[""career"", ""professional"", ""education"", ""association self"", ""career movement""]","[0.23904261878078076, 0.23204622514802484, 0.11174796750049576, 0.08706641965015902, 0.08706641965015902]",5,5,418,ok,,,False,,0.0002692499983822927
tfidf,837,1782,"[""leave"", ""career"", ""renewal"", ""midlife"", ""creative""]","[0.12904216178309336, 0.12027870209660703, 0.09698018017208013, 0.08802064138116501, 0.08602810785539557]",5,5,390,ok,,,False,,0.00024583299818914384
tfidf,838,1783,"[""adjustment stabilization"", ""chief librarian"", ""academic library"", ""chief"", ""librarian""]","[0.15083273348597023, 0.15083273348597023, 0.1298790981626618, 0.1298790981626618, 0.12214573481031454]",5,5,170,ok,,,False,,0.00011337500473018736
tfidf,839,1784,"[""select list"", ""select"", ""published"", ""list"", ""bibliography""]","[0.23295489903300962, 0.16663819029968374, 0.16512723447157765, 0.15739872299230448, 0.15530326602200642]",5,5,135,ok,,,False,,8.829199941828847e-05
tfidf,840,1785,"[""computer"", ""males"", ""games"", ""females"", ""male""]","[0.22266832584543358, 0.19249684076171242, 0.1465262038225854, 0.1443726305712843, 0.12120515289523681]",5,5,338,ok,,,False,,0.00020808300178032368
tfidf,841,1786,"[""computer science"", ""science"", ""sophomore"", ""computer"", ""students""]","[0.23550310684841688, 0.204723488708541, 0.18348801135635454, 0.16109224681852113, 0.15744464921816384]",5,5,359,ok,,,False,,0.0002298339968547225
tfidf,842,1787,"[""reversal"", ""theory reversal"", ""theory"", ""man"", ""information society""]","[0.2169887730637418, 0.12599798674295123, 0.12074315444106463, 0.11139921808427605, 0.1084943865318709]",5,5,257,ok,,,False,,0.00016366700583603233
tfidf,843,1788,"[""authentication"", ""transactions"", ""non repudiation"", ""repudiation"", ""transactions carried""]","[0.2184725730146653, 0.1559693114833195, 0.12355160490253783, 0.12355160490253783, 0.12355160490253783]",5,5,249,ok,,,False,,0.00016245800361502916
tfidf,844,1789,"[""terrorist"", ""act compliance"", ""act compliance activities"", ""act compliance activities realization"", ""activities realization""]","[0.16481027127129907, 0.08685846659982407, 0.08685846659982407, 0.08685846659982407, 0.08685846659982407]",5,5,145,ok,,,False,,9.391600906383246e-05
tfidf,845,179,"[""workflow"", ""workflow modeling"", ""modeling"", ""based workflow"", ""based workflow modeling""]","[0.23501649132622712, 0.18703081193011736, 0.12968962056370736, 0.12468720795341158, 0.12468720795341158]",5,5,234,ok,,,False,,0.00014383300731424242
tfidf,846,1790,"[""copyright"", ""electronic publishing"", ""publishing"", ""electronic"", ""copyright electronic""]","[0.33224261542437705, 0.23269288800011292, 0.18048928024918817, 0.1755262644892842, 0.13159354222413344]",5,5,190,ok,,,False,,0.0001218329998664558
tfidf,847,1791,"[""learning"", ""line learning"", ""learning teaching"", ""programme"", ""line""]","[0.26805391619270696, 0.19479751983890936, 0.13860752444925703, 0.11831161736270392, 0.11143262876919377]",5,5,321,ok,,,False,,0.00020112498896196485
tfidf,848,1792,"[""libraries"", ""database technology"", ""digital libraries"", ""digital"", ""database technology digital""]","[0.20905399408345698, 0.19132553179667317, 0.19132553179667317, 0.15099575676790966, 0.1398039713789614]",5,5,180,ok,,,False,,0.00011425001139286906
tfidf,849,1793,"[""viral"", ""paradigm"", ""digital technologies"", ""emotional pecuniary"", ""iiw""]","[0.2048669382091342, 0.10537072792269679, 0.1024334691045671, 0.1024334691045671, 0.1024334691045671]",5,5,359,ok,,,False,,0.00022125001123640686
tfidf,850,1794,"[""tv"", ""smoothing"", ""tv functional"", ""smooth"", ""anisotropic diffusion""]","[0.1918684610624917, 0.17343587719639134, 0.15772578369644405, 0.14313536011456052, 0.10515052246429603]",5,5,326,ok,,,False,,0.00020191700605209917
tfidf,851,1795,"[""data security"", ""voice"", ""hdsp"", ""hdsp scheme"", ""security""]","[0.20846731303059704, 0.20154405044768817, 0.15635048477294777, 0.15635048477294777, 0.13456871028171327]",5,5,278,ok,,,False,,0.00017633300740271807
tfidf,852,1796,"[""digital differentiators"", ""series based"", ""taylor series based"", ""differentiators"", ""coefficients""]","[0.1499782212087183, 0.1499782212087183, 0.1499782212087183, 0.14228866965886444, 0.14046750173890807]",5,5,175,ok,,,False,,0.00010695800301618874
tfidf,853,1797,"[""activation"", ""activation functions"", ""function"", ""periodic"", ""functions""]","[0.21898770059990938, 0.17103613740052426, 0.16525834031516626, 0.1266765120363465, 0.10964503245387133]",5,5,413,ok,,,False,,0.0002515420055715367
tfidf,854,1798,"[""equaliser"", ""mran"", ""msdr"", ""msdr equaliser"", ""equalisation""]","[0.22743676054243966, 0.1364620563254638, 0.1364620563254638, 0.1364620563254638, 0.12946549370285873]",5,5,412,ok,,,False,,0.0002507919998606667
tfidf,855,1799,"[""cc"", ""cc cma"", ""cma"", ""constant modulus"", ""constant modulus algorithm""]","[0.12715996866440377, 0.12715996866440377, 0.12715996866440377, 0.12715996866440377, 0.12715996866440377]",5,5,204,ok,,,False,,0.00012745799904223531
tfidf,856,18,"[""discontinuities"", ""time series"", ""outliers"", ""series"", ""calculus""]","[0.18677795625781546, 0.15719007595124954, 0.14876609167409188, 0.11171836501439338, 0.0927931843000998]",5,5,266,ok,,,False,,0.00016774999676272273
tfidf,857,180,"[""pda"", ""berry"", ""berry lost"", ""berry lost pda"", ""berry lost pda better""]","[0.30853989965594253, 0.16909048767184867, 0.16909048767184867, 0.16909048767184867, 0.16909048767184867]",5,5,37,ok,,,False,,4.454200097825378e-05
tfidf,858,1800,"[""multi output"", ""multi output regression"", ""orthogonal squares"", ""output regression"", ""regression""]","[0.21738314759937444, 0.18934047989654093, 0.18934047989654093, 0.18934047989654093, 0.1860722911428669]",5,5,177,ok,,,False,,0.000109500004327856
tfidf,859,1801,"[""dispatching"", ""algorithm"", ""load"", ""dispatching algorithm"", ""dispatching algorithms""]","[0.20078725249026422, 0.15810596628410867, 0.147148048067916, 0.11659031580398971, 0.11659031580398971]",5,5,256,ok,,,False,,0.00015745899872854352
tfidf,860,1802,"[""tcp"", ""congestion control"", ""congestion"", ""pd"", ""control""]","[0.3355657383175619, 0.1937411651650321, 0.18642541017642328, 0.16802525031701032, 0.15130794213892002]",5,5,364,ok,,,False,,0.00021825000294484198
tfidf,861,1803,"[""sequences"", ""polyphase"", ""residues"", ""complexity polyphase"", ""linear complexity polyphase""]","[0.21097713903948, 0.18167173286175148, 0.17235721943618149, 0.12111448857450098, 0.12111448857450098]",5,5,231,ok,,,False,,0.0001428340037818998
tfidf,862,1804,"[""boundary constraints"", ""modules"", ""boundary"", ""constraints"", ""module placement""]","[0.22207559073884622, 0.18955769119669635, 0.14191982941808118, 0.1292678850721039, 0.11703848996810304]",5,5,265,ok,,,False,,0.00016775001131463796
tfidf,863,1805,"[""signature"", ""aep"", ""analyser"", ""exact analytical"", ""exact analytical model""]","[0.19048372226443677, 0.15658745689208747, 0.1043916379280583, 0.1043916379280583, 0.1043916379280583]",5,5,359,ok,,,False,,0.00022524999803863466
tfidf,864,1806,"[""multiplierless"", ""dsp transforms"", ""linear dsp"", ""linear dsp transforms"", ""multiplierless architectures""]","[0.21869067873601583, 0.14579378582401054, 0.14579378582401054, 0.14579378582401054, 0.14579378582401054]",5,5,185,ok,,,False,,0.00011691699910443276
tfidf,865,1807,"[""minimum energy"", ""target minimum"", ""target minimum energy"", ""target"", ""regional""]","[0.15818109874320624, 0.15818109874320624, 0.15818109874320624, 0.14664973761944364, 0.12408268878314646]",5,5,160,ok,,,False,,0.00010295900574419647
tfidf,866,1808,"[""narx"", ""narx polynomial"", ""narx polynomial models"", ""polynomial models"", ""nonlinearities""]","[0.25188402682885686, 0.17699754724088368, 0.17699754724088368, 0.17699754724088368, 0.15648970967841447]",5,5,125,ok,,,False,,9.120799950323999e-05
tfidf,867,1809,"[""neural"", ""sub infinity"", ""infinity"", ""infinity control"", ""sub infinity control""]","[0.18527812443798966, 0.16519003895038667, 0.1526675431649376, 0.14992389313783586, 0.14992389313783586]",5,5,257,ok,,,False,,0.00015079100558068603
tfidf,868,181,"[""speedup"", ""alpha workstation"", ""fast multipole"", ""fast multipole method"", ""multipole""]","[0.12531878577528638, 0.10915252309472406, 0.10915252309472406, 0.10915252309472406, 0.10915252309472406]",5,5,561,ok,,,False,,0.00035999999090563506
tfidf,869,1810,"[""controller"", ""signals controller"", ""plant"", ""input output"", ""input""]","[0.19829871126837448, 0.18416454605361418, 0.16146728802383603, 0.13724222338027242, 0.126337051377245]",5,5,233,ok,,,False,,0.0001447079994250089
tfidf,870,1811,"[""gaussian wavelet"", ""wavelet"", ""gaussian"", ""robotic"", ""robotic systems using""]","[0.26580098817661135, 0.21550988427075574, 0.1809098008732372, 0.1693654860194087, 0.15948059290596678]",5,5,264,ok,,,False,,0.0001599160023033619
tfidf,871,1812,"[""edge plant"", ""line segment"", ""frequency"", ""edge"", ""frequency response""]","[0.1589153860439652, 0.1589153860439652, 0.14303092120757904, 0.13519976230569186, 0.12869114118925945]",5,5,297,ok,,,False,,0.0001785829954314977
tfidf,872,1813,"[""digital redesign"", ""redesign"", ""digitally redesigned"", ""lmi"", ""linear matrix inequalities""]","[0.1767016582808851, 0.1603770303107424, 0.12416730232109488, 0.12416730232109488, 0.11780110552059007]",5,5,253,ok,,,False,,0.0001532500027678907
tfidf,873,1814,"[""normalised"", ""disturbance response"", ""disturbance"", ""response"", ""disturbance response shown""]","[0.17398742043524262, 0.1650668903230671, 0.12564686630768226, 0.12097662633524574, 0.11599161362349507]",5,5,269,ok,,,False,,0.00016283401055261493
tfidf,874,1815,"[""disturbance"", ""control scheme"", ""disturbances"", ""disturbance observer based"", ""disturbance observer""]","[0.1707009428960955, 0.12457006995722296, 0.12352721826533662, 0.11818765399061693, 0.1121280404641144]",5,5,260,ok,,,False,,0.0001573750050738454
tfidf,875,1816,"[""hamiltonian"", ""hamiltonian function"", ""tcsc"", ""disturbance attenuation"", ""sub gain""]","[0.29976852881539623, 0.11301764282002483, 0.11301764282002483, 0.10722310156261038, 0.10311180911227298]",5,5,295,ok,,,False,,0.0001871249987743795
tfidf,876,1817,"[""observer"", ""perturbation"", ""controller"", ""nonlinear"", ""controller observer""]","[0.19517099398772864, 0.13373042433665305, 0.11640062651369235, 0.11183344917984858, 0.10810392263839831]",5,5,306,ok,,,False,,0.00018612500571180135
tfidf,877,1818,"[""control"", ""control law"", ""sliding mode"", ""proposed control"", ""sliding""]","[0.14730653651190384, 0.11317055648290625, 0.10710562533073317, 0.10548496290844157, 0.10264436101198364]",5,5,238,ok,,,False,,0.0001458329934393987
tfidf,878,1819,"[""matched pole"", ""matched pole zero"", ""pole zero"", ""matched"", ""pole""]","[0.2559170714149427, 0.2559170714149427, 0.2559170714149427, 0.20383445279018264, 0.20383445279018264]",5,5,328,ok,,,False,,0.0002086669992422685
tfidf,879,182,"[""sub"", ""sub sup"", ""log"", ""beta"", ""places""]","[0.29315600375358697, 0.13823800241662226, 0.13568770487880538, 0.12362279638984555, 0.11840019324150002]",5,5,370,ok,,,False,,0.00023275001149158925
tfidf,880,1820,"[""modelling"", ""power electronic"", ""simulation power"", ""simulation power electronic"", ""simulation""]","[0.24331096096890822, 0.174961991145649, 0.13122149335923675, 0.13122149335923675, 0.11660900201858672]",5,5,441,ok,,,False,,0.00027554199914447963
tfidf,881,1821,"[""converter"", ""cl sup"", ""network various"", ""cl"", ""compound""]","[0.20204023665559936, 0.13398970887464418, 0.13398970887464418, 0.12711990627772157, 0.11846497857482773]",5,5,222,ok,,,False,,0.00014050000754650682
tfidf,882,1822,"[""power"", ""line current"", ""current"", ""control scheme"", ""half bridge""]","[0.16563682909353694, 0.15311796650774684, 0.13207137584955292, 0.11340556575992952, 0.10759516929907245]",5,5,318,ok,,,False,,0.0001993750047404319
tfidf,883,1823,"[""harmonic"", ""current loads"", ""instantaneous harmonic"", ""nonlinear current"", ""nonlinear current loads""]","[0.20884789411792967, 0.1401258908051561, 0.1401258908051561, 0.1401258908051561, 0.1401258908051561]",5,5,185,ok,,,False,,0.00011487500160001218
tfidf,884,1824,"[""apfs"", ""power"", ""current"", ""active power filters"", ""apf""]","[0.19842528449467414, 0.15273239100690797, 0.12178195590597249, 0.09921264224733707, 0.09921264224733707]",5,5,350,ok,,,False,,0.00021675000607501715
tfidf,885,1825,"[""fuzzy"", ""controller"", ""power"", ""fuzzy logic"", ""conventional pi""]","[0.16679782130021423, 0.13274174923030532, 0.1265221452618504, 0.10903713019800501, 0.09862423747687026]",5,5,369,ok,,,False,,0.00022504199296236038
tfidf,886,1826,"[""low resolution"", ""resolution"", ""maps"", ""alpha shapes"", ""alpha shapes theory""]","[0.13752742213167968, 0.11460949799378248, 0.1068431483869251, 0.09663977784589001, 0.09663977784589001]",5,5,395,ok,,,False,,0.00024125000345520675
tfidf,887,1827,"[""gossip"", ""syntenic"", ""syntenic distance"", ""distance"", ""distance genomes""]","[0.27277112127875763, 0.22730926773229806, 0.22730926773229806, 0.19668924892952808, 0.13638556063937882]",5,5,330,ok,,,False,,0.0002047909947577864
tfidf,888,1828,"[""structure"", ""local reductions"", ""structure trees"", ""sum"", ""reductions""]","[0.19068927796983778, 0.1368135051328984, 0.1368135051328984, 0.1260809173676375, 0.11283049156077286]",5,5,446,ok,,,False,,0.00028383301105350256
tfidf,889,1829,"[""graphs"", ""approximation ratio"", ""max cut"", ""max"", ""cut""]","[0.22233422250310378, 0.20321522796998864, 0.20321522796998864, 0.16185815413905308, 0.15321196342582588]",5,5,284,ok,,,False,,0.0001727920025587082
tfidf,890,183,"[""shell"", ""shell sort"", ""sort"", ""algorithm usual"", ""algorithm usual random""]","[0.30712479380606184, 0.30712479380606184, 0.2802057477256619, 0.15356239690303092, 0.15356239690303092]",5,5,39,ok,,,False,,3.850000211969018e-05
tfidf,891,1830,"[""pathwidth"", ""outerplanar"", ""biconnected"", ""biconnected outerplanar"", ""biconnected outerplanar graph""]","[0.37133435426692246, 0.29706748341353795, 0.14853374170676897, 0.14853374170676897, 0.14853374170676897]",5,5,132,ok,,,False,,8.362501102965325e-05
tfidf,892,1831,"[""broadcasting"", ""sup"", ""log"", ""gossiping"", ""radio networks""]","[0.20934284985770896, 0.1637174689577743, 0.16264579133867407, 0.15296945219522584, 0.15296945219522584]",5,5,161,ok,,,False,,0.00010266699246130884
tfidf,893,1832,"[""min"", ""min time"", ""time algorithm"", ""regular"", ""true""]","[0.19122546728288978, 0.18543213285259888, 0.1596719599828415, 0.1314413021886138, 0.13029727433064026]",5,5,231,ok,,,False,,0.00014929099415894598
tfidf,894,1833,"[""7666"", ""british standard"", ""british standard 7666"", ""standard 7666"", ""british""]","[0.2521356742664251, 0.2521356742664251, 0.2521356742664251, 0.2521356742664251, 0.22292195050491792]",5,5,314,ok,,,False,,0.00019587500719353557
tfidf,895,1834,"[""cadastre"", ""legal situation"", ""formal model"", ""situation"", ""correspondence""]","[0.30431334081068157, 0.1429493039222319, 0.13562013284214558, 0.12454131900367538, 0.11789070248692374]",5,5,374,ok,,,False,,0.00022483299835585058
tfidf,896,1835,"[""cadastral"", ""analytical reconstruction"", ""cadastral database"", ""reconstruction"", ""new method""]","[0.24690202047135185, 0.11975319925602175, 0.11975319925602175, 0.11888861454856198, 0.11595367164558779]",5,5,271,ok,,,False,,0.00016312500520143658
tfidf,897,1836,"[""boundary identification"", ""boundary"", ""parcel boundary"", ""parcel boundary identification"", ""parcel""]","[0.24008756986833676, 0.19408536439822546, 0.1600583799122245, 0.1600583799122245, 0.14602949331203663]",5,5,148,ok,,,False,,9.000000136438757e-05
tfidf,898,1837,"[""cadastral"", ""methodologies"", ""cadastral development"", ""methodologies used"", ""cadastre""]","[0.245817612775356, 0.2011485679005796, 0.19871206067308825, 0.19871206067308825, 0.1812952345949961]",5,5,322,ok,,,False,,0.00020058300287928432
tfidf,899,1838,"[""cadastral"", ""cadastral systems"", ""systems"", ""decentralised"", ""development cadastral""]","[0.3660203159538757, 0.29448768931430686, 0.10611958977786227, 0.0806946963019033, 0.0806946963019033]",5,5,491,ok,,,False,,0.0003080419992329553
tfidf,900,1839,"[""land"", ""land administration"", ""administration"", ""developments"", ""society""]","[0.31281731188000444, 0.26615003644387675, 0.2200599537598455, 0.12277062537927233, 0.11633685357654959]",5,5,247,ok,,,False,,0.0001509589928900823
tfidf,901,184,"[""minimum assignment"", ""minimum"", ""assignment"", ""expected value minimum"", ""expected value minimum assignment""]","[0.2230011398274375, 0.1731573811853637, 0.17021907717887086, 0.16725085487057811, 0.16725085487057811]",5,5,214,ok,,,False,,0.0001308330101892352
tfidf,902,1840,"[""middleware"", ""systems"", ""created"", ""computing"", ""application servers workflow""]","[0.1888823508456193, 0.12549695778359574, 0.09390563140041244, 0.07794468578349761, 0.07634359624916401]",5,5,182,ok,,,False,,0.00012495899864006788
tfidf,903,1841,"[""xml"", ""typechecking"", ""typechecking problem"", ""xml document"", ""xml typechecking""]","[0.30121047687231556, 0.27806415137459073, 0.18537610091639384, 0.13903207568729536, 0.13903207568729536]",5,5,311,ok,,,False,,0.0002005829883273691
tfidf,904,1842,"[""b2b"", ""b2b integration architectures"", ""b2b protocol"", ""integration architectures"", ""b2b integration""]","[0.43140065744645345, 0.14266316726037884, 0.14266316726037884, 0.14266316726037884, 0.13534866672774862]",5,5,312,ok,,,False,,0.00019654199422802776
tfidf,905,1843,"[""supply chain"", ""supply"", ""chain"", ""sharing"", ""information sharing""]","[0.16160169500764568, 0.14681629098811788, 0.14328830691081443, 0.14117352781186102, 0.13929407766607174]",5,5,207,ok,,,False,,0.00012966700887773186
tfidf,906,1844,"[""component marketplace"", ""ontology"", ""marketplace"", ""multi agent"", ""ontological perspective""]","[0.23265457184256935, 0.19187089519677833, 0.18530618953423747, 0.1825022399091004, 0.15510304789504623]",5,5,132,ok,,,False,,8.312499267049134e-05
tfidf,907,1845,"[""business"", ""business data"", ""business business electronic"", ""business electronic"", ""negotiations""]","[0.2922685702597869, 0.1864997903568963, 0.14743394650072694, 0.14743394650072694, 0.13451157331657293]",5,5,330,ok,,,False,,0.000204333002329804
tfidf,908,1846,"[""resources"", ""query"", ""addressed"", ""solving"", ""access set""]","[0.11982346159223707, 0.10606454933016078, 0.09373410832678063, 0.08205061374900467, 0.0703402367860705]",5,5,226,ok,,,False,,0.0001368750090477988
tfidf,909,1847,"[""business"", ""business process"", ""business processes"", ""specification"", ""ebxml""]","[0.22489969778826358, 0.1871249744013967, 0.17798805251918887, 0.15810060570107806, 0.13613992082257098]",5,5,384,ok,,,False,,0.00023587500618305057
tfidf,910,1848,"[""contract"", ""negotiation"", ""contract templates"", ""negotiation phase"", ""phase""]","[0.24033411267681185, 0.19799842663947426, 0.12429492854796999, 0.12429492854796999, 0.10788344775136366]",5,5,248,ok,,,False,,0.00015529101074207574
tfidf,911,1849,"[""active functionality"", ""active functionality service"", ""functionality service"", ""service"", ""functionality""]","[0.18090327279616814, 0.18090327279616814, 0.18090327279616814, 0.15512476857860952, 0.1380853397333737]",5,5,252,ok,,,False,,0.00015891699877101928
tfidf,912,185,"[""property testers"", ""testers"", ""property"", ""constraint satisfaction"", ""satisfaction""]","[0.24304986827161232, 0.24304986827161232, 0.20535838216952315, 0.1773975177443367, 0.14182218929546292]",5,5,326,ok,,,False,,0.00019508300465531647
tfidf,913,1850,"[""tier"", ""ehub"", ""supplier"", ""suppliers"", ""tier hub""]","[0.23950233715807928, 0.15750663185059666, 0.12545188148873343, 0.12182063113513786, 0.1050044212337311]",5,5,348,ok,,,False,,0.00021395800285972655
tfidf,914,1851,"[""user"", ""user profiles"", ""profiles"", ""trusted"", ""click stream""]","[0.3313767879407253, 0.26120933301542537, 0.2506206495591603, 0.10765443996827766, 0.07866445268861347]",5,5,493,ok,,,False,,0.00031308300094679
tfidf,915,1852,"[""xml"", ""documents"", ""strategies"", ""advantages disadvantages approaches"", ""advantages disadvantages approaches presented""]","[0.1260646160627638, 0.12487114259077077, 0.0967254257644258, 0.0872829462503613, 0.0872829462503613]",5,5,150,ok,,,False,,8.991699723992497e-05
tfidf,916,1853,"[""silberer"", ""accounting technologist"", ""accounting technologist silberer"", ""accounting technologist silberer company"", ""cherylann""]","[0.3073305373808813, 0.15366526869044064, 0.15366526869044064, 0.15366526869044064, 0.15366526869044064]",5,5,44,ok,,,False,,5.479200626723468e-05
tfidf,917,1854,"[""software technology"", ""23 years"", ""23 years reselling"", ""23 years reselling experience"", ""accountants software""]","[0.2603108326099803, 0.13015541630499014, 0.13015541630499014, 0.13015541630499014, 0.13015541630499014]",5,5,63,ok,,,False,,5.5791999329812825e-05
tfidf,918,1855,"[""distribution"", ""accounting software vendors"", ""accounting software vendors taking"", ""customer site"", ""customer site integration""]","[0.1065453808384142, 0.10187271619282225, 0.10187271619282225, 0.10187271619282225, 0.10187271619282225]",5,5,107,ok,,,False,,7.216700760181993e-05
tfidf,919,1856,"[""cd"", ""cd cd"", ""tax forms"", ""tax"", ""forms""]","[0.290607935955618, 0.23491930114245685, 0.23491930114245685, 0.21432896255643444, 0.14989596570604782]",5,5,63,ok,,,False,,4.920799983665347e-05
tfidf,920,1858,"[""account aggregation shaping"", ""account aggregation shaping portfolios"", ""aggregation shaping"", ""aggregation shaping portfolios"", ""aggregation shaping portfolios cpa""]","[0.1517361475691385, 0.1517361475691385, 0.1517361475691385, 0.1517361475691385, 0.1517361475691385]",5,5,50,ok,,,False,,4.225000157020986e-05
tfidf,921,1859,"[""practice"", ""practice management"", ""accounting"", ""management"", ""solutions""]","[0.25790686936835105, 0.24521787744377707, 0.12049259701381988, 0.11724437202254047, 0.08525223104068988]",5,5,143,ok,,,False,,8.924999565351754e-05
tfidf,922,186,"[""eta"", ""diameter"", ""log"", ""sup"", ""graph""]","[0.22752512006721778, 0.18122065123872005, 0.16127840198024593, 0.15219475296846705, 0.148669551628544]",5,5,245,ok,,,False,,0.00014979200204834342
tfidf,923,1860,"[""accounting software"", ""cross sell"", ""sell"", ""accounting"", ""cross""]","[0.2130781153095807, 0.2130781153095807, 0.18901498278257783, 0.1655374349286497, 0.1517490855650483]",5,5,76,ok,,,False,,5.879100353922695e-05
tfidf,924,1861,"[""delivery mechanisms"", ""delivery"", ""education"", ""distance education"", ""mechanisms""]","[0.23635687723772414, 0.21235144984191542, 0.21235144984191542, 0.2089713652872845, 0.1499712928772029]",5,5,339,ok,,,False,,0.00020145899907220155
tfidf,925,1862,"[""critical success factors"", ""success factors"", ""success"", ""critical success"", ""geographic regions""]","[0.18604116324382036, 0.17650262422376317, 0.17284112061451792, 0.16973492308603616, 0.12402744216254691]",5,5,238,ok,,,False,,0.00014341699716169387
tfidf,926,1863,"[""project failure"", ""project"", ""failure"", ""leadership"", ""dollars""]","[0.18598165098085429, 0.14293412653535828, 0.12229533364146455, 0.10962191292551982, 0.10676342615176025]",5,5,269,ok,,,False,,0.0001736249978421256
tfidf,927,1864,"[""developers"", ""japanese developers"", ""project leader"", ""leader"", ""japanese""]","[0.25578096013814444, 0.15464809285888775, 0.15464809285888775, 0.1410934101309829, 0.13014997031367975]",5,5,312,ok,,,False,,0.0001973750040633604
tfidf,928,1865,"[""globalisation"", ""function"", ""organisations"", ""internal"", ""global""]","[0.1045017029980999, 0.10097151549402031, 0.0830458007045806, 0.06842348031659133, 0.06503963387462841]",5,5,369,ok,,,False,,0.00022791599621996284
tfidf,929,1866,"[""sensor failures"", ""failures"", ""sensor"", ""tracking"", ""approach plant""]","[0.19174023999921203, 0.1463573089176893, 0.13472978100974253, 0.12166149775428421, 0.09587011999960601]",5,5,125,ok,,,False,,8.625000191386789e-05
tfidf,930,1867,"[""bound peak"", ""bound peak magnitude"", ""bound peak magnitude tracking"", ""fixed order"", ""magnitude tracking""]","[0.1318116187237927, 0.1318116187237927, 0.1318116187237927, 0.1318116187237927, 0.1318116187237927]",5,5,217,ok,,,False,,0.00012954100384376943
tfidf,931,1868,"[""model"", ""hammerstein wiener"", ""hammerstein wiener model"", ""wiener model"", ""hammerstein""]","[0.19348037253310124, 0.12316188118554275, 0.12316188118554275, 0.12316188118554275, 0.1168472334538883]",5,5,271,ok,,,False,,0.00016825000056996942
tfidf,932,1869,"[""gain properties"", ""stability sub"", ""stability sub gain"", ""stability sub gain properties"", ""sub gain properties""]","[0.22312149681151025, 0.22312149681151025, 0.22312149681151025, 0.22312149681151025, 0.22312149681151025]",5,5,70,ok,,,False,,5.400000372901559e-05
tfidf,933,187,"[""horizon"", ""receding"", ""receding horizon"", ""clf"", ""forward flight""]","[0.19147973671885682, 0.17789721367056446, 0.17789721367056446, 0.13342291025292333, 0.13342291025292333]",5,5,429,ok,,,False,,0.0002697079908102751
tfidf,934,1870,"[""robust control"", ""robust"", ""design"", ""nonlinear"", ""parameters""]","[0.1573653985524196, 0.11288686074443946, 0.10117149833136778, 0.10051405923360102, 0.09676482732233611]",5,5,253,ok,,,False,,0.00015616700693499297
tfidf,935,1871,"[""muscadet"", ""theorem"", ""casc jc"", ""jc"", ""casc""]","[0.2391838730454986, 0.15349380265737309, 0.15128043180854564, 0.15128043180854564, 0.14098054063882573]",5,5,150,ok,,,False,,9.249999129679054e-05
tfidf,936,1872,"[""casc"", ""scott"", ""tptp"", ""theorem prover"", ""theorem""]","[0.2153109870997023, 0.1826454756464932, 0.1826454756464932, 0.15727242430876875, 0.1562811530068442]",5,5,249,ok,,,False,,0.00014791700232308358
tfidf,937,1873,"[""waldmeister"", ""facts"", ""passive facts"", ""passive"", ""proof""]","[0.19847338839741077, 0.16368157480402998, 0.13231559226494052, 0.10099786050036498, 0.09464849606075985]",5,5,238,ok,,,False,,0.00014158299018163234
tfidf,938,1874,"[""prover"", ""theorem prover"", ""theorem"", ""based theorem prover sound"", ""brainiac""]","[0.28776327572721866, 0.1472141415572597, 0.10971469990336337, 0.08548223575999374, 0.08548223575999374]",5,5,141,ok,,,False,,9.033399692270905e-05
tfidf,939,1875,"[""vampire"", ""prover"", ""analyze performance prover"", ""analyze performance prover casc"", ""automated reasoning""]","[0.210983482499508, 0.17756115498329353, 0.105491741249754, 0.105491741249754, 0.105491741249754]",5,5,97,ok,,,False,,7.049999840091914e-05
tfidf,940,1876,"[""casc"", ""competition"", ""design"", ""run"", ""necessary""]","[0.205735439790057, 0.1776199409833977, 0.11357780981065331, 0.07423895005749924, 0.06362671872780032]",5,5,309,ok,,,False,,0.0001827079977374524
tfidf,941,1877,"[""lattice"", ""lattice valued"", ""strong completeness"", ""completeness"", ""valued""]","[0.2514182886688849, 0.24038176599689293, 0.24038176599689293, 0.20230239591116636, 0.1771744186945025]",5,5,109,ok,,,False,,7.129099685698748e-05
tfidf,942,1878,"[""retraceable"", ""max"", ""recursive"", ""min"", ""sets""]","[0.23156780798017956, 0.18444059695779227, 0.16890285588120316, 0.11940126451515307, 0.083627096531597]",5,5,164,ok,,,False,,9.883299935609102e-05
tfidf,943,1879,"[""lachlan"", ""lachlan nonsplitting"", ""nonsplitting"", ""computably enumerable degree"", ""enumerable degree""]","[0.28749083779726153, 0.28749083779726153, 0.28749083779726153, 0.14374541889863077, 0.14374541889863077]",5,5,127,ok,,,False,,8.333398727700114e-05
tfidf,944,188,"[""gain scheduled"", ""scheduled"", ""data implementation"", ""gain scheduled controller"", ""sampled data implementation""]","[0.2609506872700784, 0.23148125554702598, 0.20628972071593557, 0.20628972071593557, 0.20628972071593557]",5,5,129,ok,,,False,,8.054100908339024e-05
tfidf,945,1880,"[""relay"", ""simulation"", ""relay simulation"", ""comparing simulated"", ""simulation relay""]","[0.26404766657451645, 0.1907496781516044, 0.18398817923795535, 0.1226587861586369, 0.1226587861586369]",5,5,238,ok,,,False,,0.00014849999570287764
tfidf,946,1881,"[""positive systems"", ""level set"", ""integrals"", ""stabilize"", ""stabilization""]","[0.1633071118592772, 0.1549341731420479, 0.13743729630013474, 0.13743729630013474, 0.12169894589186168]",5,5,160,ok,,,False,,9.92090062936768e-05
tfidf,947,1882,"[""current fed"", ""current fed induction"", ""current fed induction motors"", ""fed induction"", ""fed induction motors""]","[0.12594006274064076, 0.12594006274064076, 0.12594006274064076, 0.12594006274064076, 0.12594006274064076]",5,5,247,ok,,,False,,0.00014812499284744263
tfidf,948,1883,"[""analysis exclusively"", ""analysis exclusively kinetic"", ""analysis exclusively kinetic link"", ""exclusively kinetic"", ""exclusively kinetic link""]","[0.12034012780817312, 0.12034012780817312, 0.12034012780817312, 0.12034012780817312, 0.12034012780817312]",5,5,233,ok,,,False,,0.00015008400077931583
tfidf,949,1884,"[""feedback"", ""observer based"", ""observer"", ""feedback control"", ""cone bounded""]","[0.1639226785083255, 0.16052723891844653, 0.1311185118377107, 0.12987719234257494, 0.12104279406956864]",5,5,273,ok,,,False,,0.00015925000479910523
tfidf,950,1885,"[""non commutative"", ""commutative"", ""nonlinear"", ""non commutative rings"", ""nonlinear time delay""]","[0.17429622294042288, 0.16242930726522462, 0.1267024063217156, 0.12247701587987629, 0.12247701587987629]",5,5,246,ok,,,False,,0.00015541700122412294
tfidf,951,1886,"[""ellipsoids"", ""confidence ellipsoids"", ""asymptotic"", ""confidence"", ""asymptotic confidence""]","[0.2629273198682943, 0.19719548990122074, 0.1880781771281413, 0.14383208832749306, 0.13146365993414716]",5,5,179,ok,,,False,,0.00011712500418070704
tfidf,952,1887,"[""games"", ""di"", ""doubly invariant"", ""dynamic games"", ""equilibria linear""]","[0.1473984485809969, 0.13607170953744877, 0.13607170953744877, 0.13607170953744877, 0.13607170953744877]",5,5,213,ok,,,False,,0.00013258299441076815
tfidf,953,1888,"[""model reduction"", ""reduction"", ""sub model"", ""sub model reduction"", ""model""]","[0.2962424245906147, 0.22404793739703968, 0.2081679541230209, 0.2081679541230209, 0.19984562962549415]",5,5,259,ok,,,False,,0.00015954200353007764
tfidf,954,1889,"[""sliding"", ""continuous feedback"", ""continuous feedback control"", ""sliding mode"", ""feedback control""]","[0.2175423728660913, 0.18999906048104437, 0.18999906048104437, 0.1513316572031591, 0.135910855400019]",5,5,372,ok,,,False,,0.0002446669968776405
tfidf,955,189,"[""parameter trajectories"", ""parameter"", ""trajectories"", ""functional dependence"", ""scheduling parameter""]","[0.17825172990003657, 0.16299102826737727, 0.13001473092692564, 0.11883448660002438, 0.11883448660002438]",5,5,270,ok,,,False,,0.00015679100761190057
tfidf,956,1890,"[""perturbation bounds"", ""perturbation"", ""trajectories"", ""quadratic"", ""bounds""]","[0.16398742729285237, 0.13524090339813846, 0.11961051512283027, 0.10926331767155958, 0.10523725317547332]",5,5,161,ok,,,False,,0.00010312499944120646
tfidf,957,1891,"[""force"", ""trajectory"", ""asymptotically converge"", ""asymptotically converge desired"", ""converge desired""]","[0.1741483651748731, 0.13926191176525043, 0.12978915391913565, 0.12978915391913565, 0.12978915391913565]",5,5,212,ok,,,False,,0.0001328750076936558
tfidf,958,1892,"[""identification"", ""persistent identification"", ""unmodeled"", ""unmodeled dynamics"", ""disturbances""]","[0.19530226600647108, 0.1632594519822644, 0.1632594519822644, 0.1632594519822644, 0.15167582345496844]",5,5,253,ok,,,False,,0.00015366700245067477
tfidf,959,1893,"[""model set"", ""set"", ""model"", ""closed loop"", ""complex vector""]","[0.32659602616046746, 0.13539142258687895, 0.11401421031518026, 0.11378373641666097, 0.10886534205348915]",5,5,310,ok,,,False,,0.00017962499987334013
tfidf,960,1894,"[""switching"", ""design"", ""control"", ""adopted approach"", ""adopted approach fact""]","[0.11948038982196708, 0.10709966554317801, 0.10015255374041489, 0.09142689186230674, 0.09142689186230674]",5,5,141,ok,,,False,,8.38330015540123e-05
tfidf,961,1895,"[""fundamental parameters"", ""nnfp"", ""matrix effects"", ""nnfp algorithm"", ""fundamental""]","[0.19458661452832918, 0.19458661452832918, 0.15566929162266332, 0.15566929162266332, 0.1507302188021327]",5,5,362,ok,,,False,,0.00022737499966751784
tfidf,962,1896,"[""dry"", ""dry friction"", ""friction"", ""wagon"", ""dry friction damping""]","[0.2810357232326095, 0.2810357232326095, 0.23651627614433615, 0.22482857858608757, 0.11241428929304378]",5,5,225,ok,,,False,,0.00014945899602025747
tfidf,963,1897,"[""tyre"", ""vehicle"", ""heavy truck"", ""mbs"", ""tyre model""]","[0.34370420046370354, 0.10536848769822955, 0.09820120013248673, 0.09820120013248673, 0.09820120013248673]",5,5,379,ok,,,False,,0.00023387499095406383
tfidf,964,1898,"[""suspension"", ""stroke dependent"", ""truck"", ""stroke"", ""damper""]","[0.20885197701188293, 0.20212204422094077, 0.18440633799344586, 0.1740433141765691, 0.14752507039475668]",5,5,412,ok,,,False,,0.0002523340081097558
tfidf,965,1899,"[""face"", ""skin color"", ""skin"", ""color"", ""faces""]","[0.20745851382883518, 0.1857898437575451, 0.16950563139096625, 0.1341701118479307, 0.13219814262698756]",5,5,373,ok,,,False,,0.0002229999954579398
tfidf,966,19,"[""decentralized"", ""adaptive decentralized"", ""uncertainties"", ""adaptive"", ""closed loop systems""]","[0.21453999088252543, 0.19510662236197554, 0.15539976049668097, 0.14366225699578442, 0.11867053850795654]",5,5,226,ok,,,False,,0.00013479100016411394
tfidf,967,190,"[""trajectory tracking"", ""trajectory"", ""auv"", ""design trajectory"", ""design trajectory tracking""]","[0.22124089201635608, 0.15825888195066146, 0.14749392801090405, 0.14749392801090405, 0.14749392801090405]",5,5,169,ok,,,False,,0.00010699999984353781
tfidf,968,1900,"[""dynamical uncertainty"", ""input dynamical"", ""input dynamical uncertainty"", ""robust sub disturbance"", ""robust sub disturbance attenuation""]","[0.16466022616581208, 0.16466022616581208, 0.16466022616581208, 0.16466022616581208, 0.16466022616581208]",5,5,223,ok,,,False,,0.00013991699961479753
tfidf,969,1901,"[""fc"", ""implementations"", ""programming"", ""type"", ""object oriented""]","[0.3187824720267728, 0.13681961905494944, 0.10235427803268535, 0.1011596622037185, 0.09613706400422567]",5,5,227,ok,,,False,,0.00013708400365430862
tfidf,970,1902,"[""collaborative work"", ""collaborative"", ""work"", ""supporting"", ""collaborative work supporting""]","[0.2107007339500008, 0.2024849500033794, 0.15182461853442059, 0.11606051190932108, 0.11104370207745433]",5,5,294,ok,,,False,,0.00017212500097230077
tfidf,971,1903,"[""bliss"", ""dec"", ""pdp"", ""language"", ""11""]","[0.36324518708951337, 0.20180288171639632, 0.16144230537311705, 0.13418064233430269, 0.08744045852083573]",5,5,492,ok,,,False,,0.00030779201188124716
tfidf,972,1904,"[""com"", ""mzcom"", ""plt"", ""plt scheme"", ""scheme""]","[0.2307579461805545, 0.179013553962011, 0.179013553962011, 0.179013553962011, 0.14786292640249746]",5,5,244,ok,,,False,,0.00015720799274276942
tfidf,973,1905,"[""mfc"", ""gases"", ""gas"", ""physical"", ""process""]","[0.21574744905729865, 0.13645722363886853, 0.10601172600876545, 0.08845928766848295, 0.08641842448657756]",5,5,203,ok,,,False,,0.00012637500185519457
tfidf,974,1906,"[""etch"", ""depth"", ""etch applications"", ""etch depth"", ""rate monitor""]","[0.2957585208026277, 0.10952556105897909, 0.10391395877044894, 0.10391395877044894, 0.10391395877044894]",5,5,338,ok,,,False,,0.00020641600713133812
tfidf,975,1907,"[""mcms"", ""methods"", ""comparison methods"", ""mathematica"", ""multiple comparison""]","[0.17663509501729727, 0.12240603107862562, 0.1177567300115315, 0.1177567300115315, 0.1177567300115315]",5,5,285,ok,,,False,,0.0001822079939302057
tfidf,976,1908,"[""expression"", ""exact expression"", ""transcendental"", ""exact"", ""explicit""]","[0.18644215796922012, 0.16863719386107756, 0.15385638656721173, 0.10224397885187411, 0.10131669374164076]",5,5,149,ok,,,False,,9.412498911842704e-05
tfidf,977,1909,"[""mr"", ""mr imaging"", ""hssr"", ""imaging"", ""conventional mr""]","[0.2799713444631717, 0.2137992369360877, 0.1757540140401866, 0.1455686660737923, 0.11716934269345773]",5,5,215,ok,,,False,,0.0001314169930992648
tfidf,978,191,"[""pdqlf"", ""sqlf"", ""turbofan"", ""turbofan engine"", ""parameter dependent""]","[0.16406639471086656, 0.16406639471086656, 0.16406639471086656, 0.16406639471086656, 0.12304979603314993]",5,5,514,ok,,,False,,0.0003139159962302074
tfidf,979,1910,"[""radiologists"", ""computer aid"", ""aid"", ""computer"", ""community radiologists""]","[0.30550416516322165, 0.18602977850347033, 0.1628255385353383, 0.14699139903188127, 0.11161786710208219]",5,5,514,ok,,,False,,0.0003207499976269901
tfidf,980,1911,"[""pa"", ""pulmonary"", ""perfusion"", ""pressures"", ""pressure""]","[0.22883514755891207, 0.22883514755891207, 0.1678299898609717, 0.1385489313070579, 0.12647796299484837]",5,5,486,ok,,,False,,0.0003092499973718077
tfidf,981,1912,"[""neonatal"", ""preterm"", ""pulmonary"", ""simulator"", ""active simulator""]","[0.14641427512282695, 0.14641427512282695, 0.12607445062885775, 0.11324145017319108, 0.0976095167485513]",5,5,403,ok,,,False,,0.0002578330022515729
tfidf,982,1913,"[""stage"", ""motion stage"", ""motion"", ""mu"", ""fine motion""]","[0.16854898505228477, 0.15073926287093115, 0.126153743002604, 0.10259634554721457, 0.10049284191395409]",5,5,384,ok,,,False,,0.00023750000400468707
tfidf,983,1914,"[""isolation"", ""vacuum"", ""rubber"", ""vibration isolation"", ""stack""]","[0.2271473771634895, 0.1769794493101909, 0.15414890360302022, 0.14624551649083883, 0.1362884262980937]",5,5,319,ok,,,False,,0.00019808400247711688
tfidf,984,1915,"[""scaler"", ""channel"", ""dynamic light"", ""dynamic light scattering"", ""multichannel scaler""]","[0.18040242853683958, 0.12103009787259081, 0.12026828569122638, 0.12026828569122638, 0.12026828569122638]",5,5,269,ok,,,False,,0.00016191700706258416
tfidf,985,1916,"[""difference information"", ""entropy tsallis"", ""entropy tsallis difference"", ""entropy tsallis difference information"", ""tsallis""]","[0.20086653199782956, 0.20086653199782956, 0.20086653199782956, 0.20086653199782956, 0.20086653199782956]",5,5,158,ok,,,False,,9.637499169912189e-05
tfidf,986,1917,"[""abr"", ""flow control"", ""flow"", ""flow control protocol"", ""protocol""]","[0.27142852338939966, 0.16863225254258832, 0.10791042935224794, 0.09536567978520712, 0.09179992350771264]",5,5,420,ok,,,False,,0.0002619580045575276
tfidf,987,1918,"[""semantics"", ""agents"", ""primitives"", ""semantic"", ""agent""]","[0.15485449924681025, 0.13153188710908514, 0.11635753115774738, 0.0959919401281412, 0.08599409703812622]",5,5,249,ok,,,False,,0.00015087499923538417
tfidf,988,1919,"[""landmarks"", ""protocols"", ""joint intention"", ""joint"", ""conversation protocols""]","[0.28902298315101543, 0.21791792313963831, 0.15232116866842238, 0.14527861542642553, 0.14451149157550772]",5,5,299,ok,,,False,,0.000184041986358352
tfidf,989,192,"[""oral"", ""sources"", ""jersey"", ""new jersey"", ""oral sources""]","[0.21792021572322562, 0.18118717089525985, 0.17227278038694524, 0.17227278038694524, 0.17227278038694524]",5,5,233,ok,,,False,,0.00013962500088382512
tfidf,990,1920,"[""conversations"", ""conversation"", ""commitments"", ""obligations"", ""joint activity""]","[0.23710176672211866, 0.18648119566848423, 0.17325324172597775, 0.1643703537793527, 0.1299399312944833]",5,5,405,ok,,,False,,0.000258082989603281
tfidf,991,1921,"[""acl"", ""agents"", ""agent"", ""dynamic"", ""acl dynamic""]","[0.22641262342669025, 0.22261292847974554, 0.15593772567010608, 0.11744550685046808, 0.0954593576625485]",5,5,383,ok,,,False,,0.00024079199647530913
tfidf,992,1922,"[""agent"", ""agent communication"", ""communication"", ""agent communication language"", ""inter agent communication""]","[0.28834617451204736, 0.21675421234066788, 0.13870442791886803, 0.09806386379594592, 0.09806386379594592]",5,5,384,ok,,,False,,0.00022975000320002437
tfidf,993,1923,"[""control high temperature"", ""control high temperature short"", ""dmc"", ""high temperature short"", ""high temperature short time""]","[0.11755199106203576, 0.11755199106203576, 0.11755199106203576, 0.11755199106203576, 0.11755199106203576]",5,5,274,ok,,,False,,0.0001597500086063519
tfidf,994,1924,"[""variational calculus"", ""variational"", ""calculus"", ""existence"", ""theorem""]","[0.21913684740735814, 0.18442292858228368, 0.16330411475601772, 0.1423087304693657, 0.14062882912053815]",5,5,84,ok,,,False,,5.9250000049360096e-05
tfidf,995,1925,"[""accuracy polynomial"", ""nodal values"", ""hilbert space"", ""nodal"", ""hilbert""]","[0.2198988819350733, 0.2198988819350733, 0.2006250614711462, 0.2006250614711462, 0.18135124100721914]",5,5,71,ok,,,False,,5.200000305194408e-05
tfidf,996,1926,"[""ecological economical"", ""ecological economical structural"", ""ecological economical structural type"", ""economical structural"", ""economical structural type""]","[0.20136003474028621, 0.20136003474028621, 0.20136003474028621, 0.20136003474028621, 0.20136003474028621]",5,5,63,ok,,,False,,4.808299127034843e-05
tfidf,997,1927,"[""markovian"", ""inventory"", ""markovian inventory"", ""semi markovian"", ""semi markovian inventory""]","[0.2661202511366686, 0.22341593139852564, 0.18700126528595762, 0.18700126528595762, 0.18700126528595762]",5,5,97,ok,,,False,,6.945899804122746e-05
tfidf,998,1928,"[""combinatorial optimization"", ""dynamic programming method"", ""euclidean combinatorial"", ""euclidean combinatorial optimization"", ""programming method""]","[0.21096130561257323, 0.21096130561257323, 0.21096130561257323, 0.21096130561257323, 0.20014508295398598]",5,5,76,ok,,,False,,5.75829908484593e-05
tfidf,999,1929,"[""portfolios"", ""optimal time switching"", ""optimal time switching portfolios"", ""portfolios securities"", ""switching portfolios""]","[0.30660485859442294, 0.2154495806128411, 0.2154495806128411, 0.2154495806128411, 0.2154495806128411]",5,5,55,ok,,,False,,4.850000550504774e-05
tfidf,1000,193,"[""materials"", ""copies"", ""collections"", ""print"", ""acquiring print""]","[0.206209585066415, 0.16046724728500972, 0.14939639819148773, 0.14939639819148773, 0.13210292650580693]",5,5,199,ok,,,False,,0.00012754100316669792
tfidf,1001,1930,"[""systemological"", ""object"", ""object oriented"", ""oriented"", ""15 18""]","[0.14753644672263838, 0.1280562346940869, 0.11123353749150851, 0.09413921312884367, 0.07376822336131919]",5,5,204,ok,,,False,,0.00013012500130571425
tfidf,1002,1931,"[""bayesian"", ""fuzzy"", ""fuzzy bayesian"", ""pseudofuzzy"", ""pseudofuzzy quantities""]","[0.24218898408838024, 0.16859983338224369, 0.14953459712273057, 0.14953459712273057, 0.14953459712273057]",5,5,177,ok,,,False,,0.00011449999874457717
tfidf,1003,1932,"[""safe"", ""safe problem"", ""solution"", ""cases correction"", ""cases correction initial""]","[0.2307797998172428, 0.196132663150279, 0.1364152557582395, 0.0980663315751395, 0.0980663315751395]",5,5,108,ok,,,False,,7.170799653977156e-05
tfidf,1004,1933,"[""accelerated simulation"", ""availability non"", ""availability non markovian"", ""availability non markovian systems"", ""markovian systems""]","[0.18412504351969897, 0.18412504351969897, 0.18412504351969897, 0.18412504351969897, 0.18412504351969897]",5,5,84,ok,,,False,,6.208400009199977e-05
tfidf,1005,1934,"[""elliptic"", ""optimal control"", ""schemes"", ""control"", ""computational""]","[0.14158908147421717, 0.12626438619840913, 0.1041234987453407, 0.09576463014944132, 0.09143107041535477]",5,5,146,ok,,,False,,9.058300929609686e-05
tfidf,1006,1935,"[""basis fuzzy"", ""identification states"", ""identification states complex"", ""identification states complex systems"", ""states complex""]","[0.165428966877372, 0.165428966877372, 0.165428966877372, 0.165428966877372, 0.165428966877372]",5,5,138,ok,,,False,,8.841700037010014e-05
tfidf,1007,1936,"[""decomposition"", ""approach decomposition"", ""approach decomposition boolean"", ""approach decomposition boolean functions"", ""decomposition boolean""]","[0.24768946238397943, 0.14663517620539132, 0.14663517620539132, 0.14663517620539132, 0.14663517620539132]",5,5,165,ok,,,False,,0.00010699999984353781
tfidf,1008,1937,"[""nonlinear extrapolation"", ""extrapolation"", ""nonlinear"", ""nonlinear extrapolation algorithm"", ""extrapolation algorithm""]","[0.2417136752896621, 0.21370749742595654, 0.1667017770915388, 0.16114245019310805, 0.15288049610641943]",5,5,147,ok,,,False,,9.23750048968941e-05
tfidf,1009,1938,"[""algebraic equations dimensional"", ""algebraic equations dimensional lambda"", ""dimensional lambda"", ""dimensional lambda matrices"", ""equations dimensional lambda""]","[0.19614398382630704, 0.19614398382630704, 0.19614398382630704, 0.19614398382630704, 0.19614398382630704]",5,5,74,ok,,,False,,5.8125006034970284e-05
tfidf,1010,1939,"[""minimal"", ""inequations"", ""set solutions"", ""types systems"", ""types""]","[0.15342958490655273, 0.152463837304774, 0.152463837304774, 0.152463837304774, 0.12588002773682916]",5,5,167,ok,,,False,,0.00010349998774472624
tfidf,1011,194,"[""patron comments"", ""patron"", ""patrons"", ""loan"", ""pilot project""]","[0.14134662281695343, 0.13409962299398495, 0.13409962299398495, 0.1289577947911668, 0.12496948298693818]",5,5,199,ok,,,False,,0.00012033298844471574
tfidf,1012,1940,"[""bounds size"", ""bounds size error"", ""bounds size error correcting"", ""codes channel"", ""correcting codes channel""]","[0.1962518302529782, 0.1962518302529782, 0.1962518302529782, 0.1962518302529782, 0.1962518302529782]",5,5,52,ok,,,False,,4.270899808034301e-05
tfidf,1013,1941,"[""descriptological"", ""descriptological foundations"", ""descriptological foundations programming"", ""explication"", ""explication concept""]","[0.24341285528272924, 0.16227523685515283, 0.16227523685515283, 0.16227523685515283, 0.16227523685515283]",5,5,129,ok,,,False,,8.162501035258174e-05
tfidf,1014,1942,"[""ofdm"", ""channel"", ""isi"", ""precoded"", ""precoded ofdm""]","[0.263949429745753, 0.22767544932877257, 0.18853530696125215, 0.1508282455690017, 0.1508282455690017]",5,5,483,ok,,,False,,0.0003040000010514632
tfidf,1015,1943,"[""wap"", ""contents"", ""wml"", ""sites"", ""management""]","[0.32934013354459774, 0.13424389415989244, 0.13017686383624671, 0.10953037442841143, 0.10373431178458738]",5,5,402,ok,,,False,,0.0002509579935576767
tfidf,1016,1944,"[""procurement"", ""government procurement"", ""government"", ""electronic"", ""electronic government""]","[0.2929798209759991, 0.27614547206964546, 0.2223157223507352, 0.11786787065391563, 0.11045818882785818]",5,5,272,ok,,,False,,0.0001707500050542876
tfidf,1017,1945,"[""bridge"", ""inspection"", ""manipulator"", ""bridge crack"", ""crack""]","[0.2706520430023442, 0.24656092738631188, 0.1933228878588173, 0.1796096217707183, 0.1638670969650452]",5,5,359,ok,,,False,,0.0002252080012112856
tfidf,1018,1946,"[""internet"", ""bms"", ""facilities management"", ""facilities"", ""management""]","[0.19370415464819316, 0.18969312193225674, 0.18241965298092608, 0.14439204787986742, 0.14339717598673635]",5,5,320,ok,,,False,,0.0001984999980777502
tfidf,1019,1947,"[""ease use"", ""ease"", ""acceptance"", ""acceptance building"", ""acceptance building management""]","[0.15960206177936714, 0.1453956597872323, 0.14335631713147304, 0.12356730522838054, 0.12356730522838054]",5,5,224,ok,,,False,,0.00013166699500288814
tfidf,1020,1948,"[""population"", ""collective dose"", ""collective"", ""dose"", ""estimate""]","[0.19928868872489197, 0.1839744775289896, 0.14431590133490607, 0.14042962208032841, 0.11154290556598334]",5,5,124,ok,,,False,,7.954100146889687e-05
tfidf,1021,1949,"[""tissues"", ""utility"", ""computed tomography magnetic"", ""computed tomography magnetic resonance"", ""low energy""]","[0.12572400711324916, 0.10497093050449856, 0.09959268721450547, 0.09959268721450547, 0.09959268721450547]",5,5,392,ok,,,False,,0.0002328749978914857
tfidf,1022,195,"[""music"", ""acquisition print"", ""print"", ""acquisition"", ""acquisition print music""]","[0.3541516312947149, 0.24033773295127536, 0.1812000818964943, 0.16124006521136955, 0.16022515530085024]",5,5,125,ok,,,False,,8.345898822881281e-05
tfidf,1023,1950,"[""cantilever"", ""general solution"", ""piezoelectric cantilever"", ""piezoelectric"", ""general""]","[0.2541365014121081, 0.2541365014121081, 0.2142964187795138, 0.20446834193096805, 0.12834939994740346]",5,5,245,ok,,,False,,0.00015354099741671234
tfidf,1024,1951,"[""light"", ""quantum"", ""quadrature phase"", ""quantum memory"", ""states light""]","[0.23676408882767117, 0.14929399401899196, 0.12368679397305261, 0.12368679397305261, 0.12368679397305261]",5,5,244,ok,,,False,,0.00015366599836852401
tfidf,1025,1952,"[""decoherence"", ""decoupling"", ""encoding"", ""solid state"", ""proposals""]","[0.21220716739370127, 0.16241394142984286, 0.13936624966715855, 0.11738016174172296, 0.11374991445488855]",5,5,237,ok,,,False,,0.0001478750054957345
tfidf,1026,1953,"[""mass media"", ""mass"", ""media"", ""percolation"", ""quality""]","[0.24147522296286425, 0.16200319533410837, 0.1587860565956079, 0.1527296783673118, 0.12358947577645296]",5,5,152,ok,,,False,,9.212500299327075e-05
tfidf,1027,1954,"[""asymptotic"", ""statistics"", ""long range dependence"", ""periodogram"", ""periodogram regression""]","[0.12369489239724107, 0.1168364710933446, 0.11528102138521992, 0.11528102138521992, 0.11528102138521992]",5,5,298,ok,,,False,,0.0001722919987514615
tfidf,1028,1955,"[""evacuation"", ""automaton model"", ""automaton model pedestrian"", ""automaton model pedestrian dynamics"", ""bionics""]","[0.282400907013874, 0.1129603628055496, 0.1129603628055496, 0.1129603628055496, 0.1129603628055496]",5,5,262,ok,,,False,,0.0001594159984961152
tfidf,1029,1956,"[""bus"", ""recurrent bus"", ""recurrent"", ""nonstops"", ""periodic motions""]","[0.28056961287108906, 0.2418395762752125, 0.24077740017751942, 0.18137968220640938, 0.18137968220640938]",5,5,192,ok,,,False,,0.00012704099935945123
tfidf,1030,1957,"[""penna"", ""model"", ""automata model"", ""cellular automata model"", ""model predation""]","[0.1840794739495225, 0.12852376744643346, 0.12271964929968167, 0.12271964929968167, 0.12271964929968167]",5,5,223,ok,,,False,,0.00014091598859522492
tfidf,1031,1958,"[""levy"", ""levy distributions"", ""natural martingale"", ""path integral"", ""truncated levy""]","[0.1570197275213671, 0.1570197275213671, 0.1570197275213671, 0.1570197275213671, 0.1570197275213671]",5,5,135,ok,,,False,,8.304200309794396e-05
tfidf,1032,1959,"[""quantum"", ""approach roots"", ""approach roots recently"", ""approach roots recently developed"", ""description markets""]","[0.25643703106556154, 0.14163496411620558, 0.14163496411620558, 0.14163496411620558, 0.14163496411620558]",5,5,56,ok,,,False,,5.1166003686375916e-05
tfidf,1033,196,"[""symbol"", ""symbol sets"", ""grammars"", ""new symbol"", ""network""]","[0.19203018950324, 0.18254081814345516, 0.16654137819507875, 0.13690561360759135, 0.12622246261085898]",5,5,425,ok,,,False,,0.00026354199508205056
tfidf,1034,1960,"[""exit"", ""pedestrians"", ""exit room"", ""room"", ""power law""]","[0.29924407975433986, 0.23159568064388045, 0.12692240655563858, 0.1261126794542357, 0.12041495247213625]",5,5,451,ok,,,False,,0.00027916699764318764
tfidf,1035,1961,"[""highway"", ""highway traffic"", ""tollbooth"", ""tollbooths"", ""travel time""]","[0.1537427072091043, 0.11592703502403008, 0.11592703502403008, 0.11592703502403008, 0.10998332596644346]",5,5,296,ok,,,False,,0.00017683400074020028
tfidf,1036,1962,"[""bagsik"", ""bagsik oscillator"", ""oscillator"", ""2001 erroneous"", ""2001 erroneous incorrect""]","[0.20996359578581728, 0.20996359578581728, 0.1767028306221177, 0.10498179789290864, 0.10498179789290864]",5,5,95,ok,,,False,,6.520799070131034e-05
tfidf,1037,1963,"[""businesses"", ""growth"", ""growth rates"", ""firm"", ""suggests""]","[0.14460534879578033, 0.13783733077798416, 0.13600229558802185, 0.13592562191086105, 0.09476446811171539]",5,5,220,ok,,,False,,0.00013425000361166894
tfidf,1038,1964,"[""antipersistent"", ""antipersistent markov"", ""antipersistent markov behavior"", ""markov behavior"", ""tick""]","[0.15685113118617208, 0.15685113118617208, 0.15685113118617208, 0.15685113118617208, 0.15685113118617208]",5,5,166,ok,,,False,,0.00010333399404771626
tfidf,1039,1965,"[""stock"", ""low dimensional"", ""stock market"", ""returns"", ""recurrent""]","[0.15165676098746333, 0.13717375341261687, 0.13014070128243238, 0.11312758935418932, 0.10925702146185005]",5,5,215,ok,,,False,,0.00013337499694898725
tfidf,1040,1966,"[""currency"", ""euro"", ""time series"", ""series"", ""currencies""]","[0.15851349225946243, 0.15851349225946243, 0.13340304384297544, 0.12641654681137168, 0.10567566150630829]",5,5,294,ok,,,False,,0.00017929199384525418
tfidf,1041,1967,"[""volatility"", ""ssa"", ""realized"", ""logarithmic standard"", ""logarithmic standard deviations""]","[0.19941167112494507, 0.16392669192335613, 0.11330037015714704, 0.10928446128223741, 0.10928446128223741]",5,5,286,ok,,,False,,0.00017704200581647456
tfidf,1042,1968,"[""squeezing"", ""higher order"", ""higher order squeezing"", ""order squeezing"", ""photon""]","[0.23504805135475015, 0.20239525088024427, 0.17628603851606262, 0.17628603851606262, 0.13828482560683844]",5,5,252,ok,,,False,,0.00015533399709966034
tfidf,1043,1969,"[""dispersion model"", ""dispersion"", ""equation"", ""traffic"", ""multilane""]","[0.18135233436312673, 0.1720541968566757, 0.1544653918162947, 0.14228796888935058, 0.13601425077234505]",5,5,414,ok,,,False,,0.00025679200189188123
tfidf,1044,197,"[""mixture"", ""classification"", ""hierarchical"", ""hierarchical mixture"", ""hierarchical mixture model""]","[0.23511178657245382, 0.1498393726728379, 0.12554348403210322, 0.11807448456555598, 0.11807448456555598]",5,5,281,ok,,,False,,0.0001729580108076334
tfidf,1045,1970,"[""website"", ""restaurant"", ""web"", ""marketing"", ""create""]","[0.19195435404463476, 0.1114613526528532, 0.10895471758128897, 0.0790080182491413, 0.07238364419352872]",5,5,341,ok,,,False,,0.00020108399621676654
tfidf,1046,1971,"[""web"", ""hotel"", ""hotels"", ""marketing"", ""hotel industry""]","[0.24129312687818583, 0.19620260882482612, 0.189880282411208, 0.1884320461323409, 0.11392816944672478]",5,5,565,ok,,,False,,0.0003531669935910031
tfidf,1047,1972,"[""pricing"", ""dynamic pricing"", ""profit"", ""lodging industry"", ""online auctions""]","[0.2395406138689672, 0.12677092757927605, 0.10097131273797791, 0.08451395171951737, 0.08451395171951737]",5,5,516,ok,,,False,,0.0003160839987685904
tfidf,1048,1973,"[""invariants"", ""affine invariants"", ""affine"", ""1999 algebraically"", ""1999 algebraically dependent""]","[0.23015961470407753, 0.16818052397145433, 0.13869896230064907, 0.08409026198572717, 0.08409026198572717]",5,5,149,ok,,,False,,9.116600267589092e-05
tfidf,1049,1974,"[""spiht"", ""spiht algorithm"", ""dsp"", ""implementation"", ""coding""]","[0.24202457542970818, 0.14521474525782488, 0.12838942505511117, 0.11910701947982312, 0.10293369827573992]",5,5,375,ok,,,False,,0.00023066600260790437
tfidf,1050,1975,"[""moments"", ""local"", ""computation local"", ""local moments"", ""convolution""]","[0.27877733233638996, 0.1397540169861547, 0.13250063038571316, 0.13250063038571316, 0.1092736513402679]",5,5,225,ok,,,False,,0.00013820799358654767
tfidf,1051,1976,"[""edges"", ""image"", ""image denoising"", ""denoising"", ""wavelet""]","[0.23846848759941017, 0.2084275950352047, 0.14819787396723633, 0.1425154716535728, 0.10554294524587063]",5,5,340,ok,,,False,,0.00020445800328161567
tfidf,1052,1977,"[""contour"", ""watershed"", ""edge"", ""tracking"", ""edge map""]","[0.2015464656548579, 0.117031165018891, 0.11201186585924204, 0.11138653122723942, 0.11103084597856956]",5,5,293,ok,,,False,,0.0001712910016067326
tfidf,1053,1978,"[""image"", ""multilayered"", ""representation"", ""image representation"", ""multilayered representation""]","[0.19709188476188727, 0.19694824476925135, 0.13878661649186674, 0.09847412238462568, 0.09847412238462568]",5,5,389,ok,,,False,,0.00022808399808127433
tfidf,1054,1979,"[""edge"", ""wavelet"", ""scale space"", ""spatial scale space"", ""spatial scale""]","[0.18217920637207463, 0.1653522574394274, 0.14885097185204796, 0.12236318600426423, 0.11608948827001314]",5,5,496,ok,,,False,,0.0003031670057680458
tfidf,1055,198,"[""odorant"", ""discrimination"", ""capacity"", ""bulb"", ""critical capacity""]","[0.1969237261107659, 0.17410713994768412, 0.1256519662379999, 0.09846186305538294, 0.09846186305538294]",5,5,388,ok,,,False,,0.00023641700681764632
tfidf,1056,1980,"[""coding"", ""mlzc"", ""object based"", ""lossless"", ""object""]","[0.22608903332434832, 0.13669601443765084, 0.12085771778764642, 0.11504171756771932, 0.10546412117396481]",5,5,460,ok,,,False,,0.0002795830077957362
tfidf,1057,1981,"[""generator"", ""synthesis"", ""synchronous generator"", ""synchronous"", ""turbine""]","[0.17309192803503118, 0.1650166087262937, 0.1485347883875049, 0.1267852601695237, 0.12469940919916996]",5,5,177,ok,,,False,,0.00010525000107008964
tfidf,1058,1982,"[""grounding"", ""resonant grounding"", ""resonant"", ""distribution"", ""authors resfal""]","[0.22845189631636392, 0.22845189631636392, 0.19226236142988962, 0.11946522683371769, 0.11422594815818196]",5,5,77,ok,,,False,,5.541699647437781e-05
tfidf,1059,1983,"[""power"", ""appropriate tools"", ""appropriate tools train"", ""appropriate tools train sustain"", ""article discusses changes""]","[0.09639405041095053, 0.09392416738006341, 0.09392416738006341, 0.09392416738006341, 0.09392416738006341]",5,5,132,ok,,,False,,8.05000017862767e-05
tfidf,1060,1984,"[""generator"", ""plant"", ""parameter"", ""power"", ""allow engineers""]","[0.1391565513885806, 0.12414920700670393, 0.10358225443084608, 0.09688288041120666, 0.09440047219938281]",5,5,124,ok,,,False,,7.925000682007521e-05
tfidf,1061,1985,"[""power"", ""applications power"", ""computer applications power"", ""computer applications"", ""future""]","[0.14459749510235517, 0.1408925060709832, 0.1408925060709832, 0.1336687893227148, 0.11377923837650876]",5,5,205,ok,,,False,,0.00012070799130015075
tfidf,1062,1986,"[""control center"", ""center"", ""control"", ""electric service"", ""security control""]","[0.3428223868162207, 0.23694678925501023, 0.18777045144845506, 0.11427412893874023, 0.11427412893874023]",5,5,262,ok,,,False,,0.0001525410043541342
tfidf,1063,1987,"[""av"", ""av software"", ""trojan horses"", ""horses"", ""trojan""]","[0.119216913301172, 0.119216913301172, 0.119216913301172, 0.1131045284958605, 0.1131045284958605]",5,5,288,ok,,,False,,0.00016799999866634607
tfidf,1064,1988,"[""integration"", ""key"", ""ahead competition"", ""ahead competition today"", ""ahead competition today current""]","[0.1028152323741209, 0.0983983297493321, 0.0884933448868105, 0.0884933448868105, 0.0884933448868105]",5,5,143,ok,,,False,,8.516699017491192e-05
tfidf,1065,1989,"[""risks"", ""security"", ""risk"", ""commercial"", ""failure""]","[0.16560913366108676, 0.13201026468233365, 0.09752433863795226, 0.09083937807125357, 0.08964996181738043]",5,5,224,ok,,,False,,0.0001332910032942891
tfidf,1066,199,"[""qfr"", ""auditory"", ""divergences"", ""phi divergences"", ""synaptic""]","[0.19637781709310603, 0.130218362047516, 0.09315465312061445, 0.09315465312061445, 0.08454853662642517]",5,5,416,ok,,,False,,0.0002459999959683046
tfidf,1067,1990,"[""conduits"", ""construction work"", ""optical fiber"", ""network"", ""fiber""]","[0.15460559850053784, 0.15460559850053784, 0.14667879612893603, 0.1425412651967511, 0.13011420757405912]",5,5,320,ok,,,False,,0.00019158300710842013
tfidf,1068,1991,"[""data hiding"", ""hiding"", ""capacity"", ""image"", ""data""]","[0.218213103197193, 0.218213103197193, 0.13923617035460858, 0.13648265766237241, 0.11487283619894588]",5,5,267,ok,,,False,,0.0001567919971421361
tfidf,1069,1992,"[""geometrical"", ""watermarking"", ""geometrical distortions"", ""distortions"", ""feature points""]","[0.18711704586947797, 0.18285810454428303, 0.16545719748073395, 0.14247193627448257, 0.12409289811055046]",5,5,504,ok,,,False,,0.0003066249919356778
tfidf,1070,1993,"[""demosaicing"", ""color"", ""alternating projections"", ""color plane"", ""color plane interpolation""]","[0.2330252700112178, 0.2103520966786542, 0.1165126350056089, 0.1165126350056089, 0.1165126350056089]",5,5,278,ok,,,False,,0.00015854100638534874
tfidf,1071,1994,"[""color"", ""algorithms"", ""color constancy"", ""finlayson"", ""data""]","[0.1946385713725145, 0.11165803986337748, 0.10958735152230921, 0.10958735152230921, 0.10810164489991704]",5,5,562,ok,,,False,,0.00033908300974871963
tfidf,1072,1995,"[""color"", ""color constancy"", ""constancy"", ""algorithms"", ""finlayson""]","[0.201306350083459, 0.15112201447504262, 0.14532749083101032, 0.11548313524841254, 0.11334151085628195]",5,5,522,ok,,,False,,0.00030704098753631115
tfidf,1073,1996,"[""metric"", ""color"", ""images"", ""metrics"", ""distance map""]","[0.21570305729238043, 0.19235673998706032, 0.17003637884956907, 0.1318021081764958, 0.10108243790050009]",5,5,329,ok,,,False,,0.0001933330058818683
tfidf,1074,1997,"[""exact controllability"", ""controllability"", ""exact"", ""1936"", ""1936 type""]","[0.24901196348615046, 0.19833462861534124, 0.1509748433641241, 0.12450598174307523, 0.12450598174307523]",5,5,67,ok,,,False,,5.15409919898957e-05
tfidf,1075,1998,"[""control"", ""control valves"", ""pneumatic control"", ""pneumatic control valves"", ""stiction""]","[0.1927021419451937, 0.15078275720619363, 0.15078275720619363, 0.15078275720619363, 0.15078275720619363]",5,5,160,ok,,,False,,9.583300561644137e-05
tfidf,1076,1999,"[""dead time"", ""dead"", ""pid"", ""dead time compensator"", ""dtc""]","[0.2139521986080191, 0.18678109910824126, 0.13796612398221952, 0.11725317095596388, 0.11725317095596388]",5,5,258,ok,,,False,,0.00015166700177360326
tfidf,1077,2,"[""wavelength services"", ""wavelength"", ""services"", ""industry"", ""ad nauseam""]","[0.2618550768787526, 0.22547825295157345, 0.18360393657247462, 0.09672773009221125, 0.08728502562625086]",5,5,122,ok,,,False,,8.091700146906078e-05
tfidf,1078,20,"[""adaptive robust"", ""uncertainties"", ""state feedback"", ""adaptive"", ""adaptive robust state""]","[0.18882904283632557, 0.15039975412593362, 0.14071827739353007, 0.1390399062410662, 0.12588602855755038]",5,5,224,ok,,,False,,0.00012933398829773068
tfidf,1079,200,"[""lateral inhibition"", ""inhibition"", ""lateral"", ""preintegration"", ""preintegration lateral""]","[0.21969238910197197, 0.2084285140040057, 0.17233425840100067, 0.16476929182647898, 0.16476929182647898]",5,5,274,ok,,,False,,0.00016012501146178693
tfidf,1080,2000,"[""sampled"", ""generalized predictive"", ""generalized predictive control"", ""gpc"", ""lifted""]","[0.19815963101391953, 0.1177296043328507, 0.1177296043328507, 0.1177296043328507, 0.1177296043328507]",5,5,244,ok,,,False,,0.00014466600259765983
tfidf,1081,2001,"[""observer"", ""output injection"", ""injection"", ""observers"", ""sub""]","[0.14493931630199297, 0.1338015476978626, 0.10657110565809985, 0.10348636623042692, 0.1024557406093812]",5,5,241,ok,,,False,,0.00014187500346451998
tfidf,1082,2002,"[""subspace"", ""pca"", ""subspace identification"", ""identification"", ""eiv""]","[0.22607474496288513, 0.19792006980391624, 0.17908585543178235, 0.16067617962175, 0.13431439157383676]",5,5,384,ok,,,False,,0.00022754099336452782
tfidf,1083,2003,"[""mcfc"", ""mcfc stack"", ""stack"", ""fuzzy control"", ""adaptive fuzzy""]","[0.32513091241537656, 0.27868363921317996, 0.2463939329805642, 0.15045371608929836, 0.13934181960658998]",5,5,321,ok,,,False,,0.0001892080035759136
tfidf,1084,2004,"[""3d"", ""segmentation"", ""3d volume"", ""deformable"", ""interactive""]","[0.17942976841113395, 0.14927077260779836, 0.1364346601402158, 0.12447635857242592, 0.0921836860572573]",5,5,221,ok,,,False,,0.0001331249950453639
tfidf,1085,2005,"[""surgical"", ""navigation"", ""image"", ""surgical navigation"", ""orthopaedic""]","[0.22183126137301712, 0.17787900958903588, 0.1318893950323133, 0.13179327442463792, 0.12503608548450548]",5,5,446,ok,,,False,,0.0002651250106282532
tfidf,1086,2006,"[""lung"", ""ct"", ""lung metastasis"", ""lung metastasis detection"", ""metastases""]","[0.1455889639158908, 0.13580239503664618, 0.1097788456140199, 0.1097788456140199, 0.1097788456140199]",5,5,316,ok,,,False,,0.00018641698989085853
tfidf,1087,2007,"[""element model"", ""finite element model"", ""finite element"", ""element"", ""finite""]","[0.15180776944059882, 0.15180776944059882, 0.14884065720029863, 0.12643957460346614, 0.11384486698975714]",5,5,309,ok,,,False,,0.0001844159996835515
tfidf,1088,2008,"[""anatomical"", ""3d anatomical"", ""anatomical scenes"", ""scenes"", ""server""]","[0.26927314176357864, 0.1827366888005964, 0.1827366888005964, 0.143344937327292, 0.12094492057367548]",5,5,245,ok,,,False,,0.00014554199879057705
tfidf,1089,2009,"[""cutting"", ""mesh cutting"", ""mesh"", ""primitives"", ""interactive mesh""]","[0.21730253977561426, 0.1796573956090743, 0.1693134823125908, 0.1588413744636913, 0.1347430467068057]",5,5,410,ok,,,False,,0.00024337500508408993
tfidf,1090,201,"[""construction panoramic"", ""construction panoramic image"", ""construction panoramic image mosaics"", ""global local alignment"", ""image mosaics global""]","[0.14883642614218695, 0.14883642614218695, 0.14883642614218695, 0.14883642614218695, 0.14883642614218695]",5,5,143,ok,,,False,,8.762501238379627e-05
tfidf,1091,2010,"[""segmentation"", ""class conditional"", ""scale"", ""prior"", ""class""]","[0.1663604341764711, 0.11404105891487054, 0.10639967898022712, 0.10201193434704507, 0.09487353302368103]",5,5,592,ok,,,False,,0.0003640830109361559
tfidf,1092,2011,"[""unwrapping"", ""hybrid algorithm"", ""hybrid"", ""algorithm"", ""proposed algorithm""]","[0.3116240422432903, 0.2077493614955269, 0.19883928873496104, 0.18110896619921737, 0.10453265135634227]",5,5,316,ok,,,False,,0.00018600000475998968
tfidf,1093,2012,"[""strain"", ""contouring"", ""digital methods"", ""gabor"", ""moire""]","[0.14626721362271097, 0.12774813844933966, 0.12774813844933966, 0.12774813844933966, 0.12774813844933966]",5,5,243,ok,,,False,,0.00014687499788124114
tfidf,1094,2013,"[""positioning accuracy"", ""positioning"", ""algorithm"", ""noise"", ""accuracy""]","[0.16034085693592331, 0.11817992102182906, 0.09318654180247844, 0.09104602330318314, 0.08529649901509179]",5,5,175,ok,,,False,,0.00010316701082047075
tfidf,1095,2014,"[""color"", ""hsi"", ""saturation"", ""noise"", ""color model""]","[0.26203745733561, 0.2267825225122885, 0.16040507526259815, 0.15452815126959077, 0.1360695135073731]",5,5,358,ok,,,False,,0.00021070799266453832
tfidf,1096,2015,"[""scale invariance"", ""scale"", ""invariance"", ""classical convergent"", ""classical convergent correlator""]","[0.18646596915636265, 0.17397172077982925, 0.15377902158731568, 0.12431064610424176, 0.12431064610424176]",5,5,217,ok,,,False,,0.00012774999777320772
tfidf,1097,2016,"[""calibration"", ""camera"", ""camera calibration"", ""roi"", ""algorithm""]","[0.1653700692946069, 0.15645504500569948, 0.1541555423149497, 0.13400300379380314, 0.1259113134593357]",5,5,307,ok,,,False,,0.00018070799706038088
tfidf,1098,2017,"[""microscope"", ""light"", ""eccentric"", ""plane"", ""beam""]","[0.18326698868100338, 0.15407187954272017, 0.14487831515969993, 0.12622192602515397, 0.09788874108280558]",5,5,376,ok,,,False,,0.00022087499382905662
tfidf,1099,2018,"[""highly irregular"", ""nuggets"", ""irregular"", ""packing"", ""crucible""]","[0.18230678143750725, 0.18230678143750725, 0.16118378895236965, 0.16118378895236965, 0.13673008607813045]",5,5,368,ok,,,False,,0.00022412500402424484
tfidf,1100,2019,"[""cast shadow"", ""shadow"", ""cast"", ""vehicle"", ""moving cast""]","[0.2107319332759101, 0.20854947846831068, 0.18631545788280235, 0.1507415733483907, 0.12643915996554606]",5,5,453,ok,,,False,,0.0002777500048978254
tfidf,1101,202,"[""curvature"", ""surface"", ""gaussian"", ""estimation"", ""error""]","[0.20939945265011037, 0.19145532784628055, 0.11034333980942394, 0.09532958758439654, 0.08276076974982201]",5,5,523,ok,,,False,,0.0003217499906895682
tfidf,1102,2020,"[""crystal optical"", ""crystal optical phased"", ""crystal optical phased array"", ""lcopa"", ""liquid crystal optical""]","[0.09745308470761026, 0.09745308470761026, 0.09745308470761026, 0.09745308470761026, 0.09745308470761026]",5,5,389,ok,,,False,,0.00023370899725705385
tfidf,1103,2021,"[""digit"", ""addressable memory"", ""content addressable"", ""content addressable memory"", ""correlator based""]","[0.17440681727841176, 0.10768389510097558, 0.10768389510097558, 0.10768389510097558, 0.10768389510097558]",5,5,256,ok,,,False,,0.0001564999984111637
tfidf,1104,2022,"[""integral imaging"", ""step integral"", ""step integral imaging"", ""imaging"", ""orthoscopic""]","[0.2718171240297217, 0.2718171240297217, 0.2718171240297217, 0.22513315770969422, 0.18121141601981447]",5,5,96,ok,,,False,,6.550000398419797e-05
tfidf,1105,2023,"[""mask"", ""apertures"", ""diffraction"", ""field diffraction"", ""periodic""]","[0.29197074242120913, 0.27849050680672766, 0.22116682873937454, 0.1834629161554317, 0.15469628191014037]",5,5,469,ok,,,False,,0.0002798749919747934
tfidf,1106,2024,"[""binocular"", ""fourier"", ""segmentation"", ""binocular image"", ""figure ground""]","[0.21021590658932443, 0.17170586582298722, 0.12604437963526813, 0.11520555429364561, 0.11520555429364561]",5,5,260,ok,,,False,,0.0001533330068923533
tfidf,1107,2025,"[""spectral"", ""color"", ""acquisition"", ""camera"", ""convert camera""]","[0.1682153554369057, 0.166548467802661, 0.15472405334784947, 0.12491135085199574, 0.11531261838026167]",5,5,270,ok,,,False,,0.00016154198965523392
tfidf,1108,2026,"[""lmf"", ""mixed norm"", ""functionals"", ""lms"", ""functional""]","[0.1564608425283072, 0.1564608425283072, 0.14274727490127517, 0.14274727490127517, 0.13466369368281925]",5,5,298,ok,,,False,,0.000182625008164905
tfidf,1109,2027,"[""vector field"", ""motion"", ""motion vector field"", ""dynamic"", ""images proposed""]","[0.21133331052669835, 0.17686492315477464, 0.14088887368446557, 0.1386706601396327, 0.13366534317272638]",5,5,188,ok,,,False,,0.00011233300028834492
tfidf,1110,2028,"[""moment"", ""centroid detection"", ""optical correlation"", ""slms"", ""correlation""]","[0.14010754168657744, 0.11727134858954796, 0.11727134858954796, 0.11727134858954796, 0.11224174830033094]",5,5,291,ok,,,False,,0.00016887499077711254
tfidf,1111,2029,"[""bit plane"", ""bit"", ""coding"", ""plane"", ""bits pixel""]","[0.2384341438751466, 0.21191315114240933, 0.17814481461810036, 0.16421733715756334, 0.15079174832213477]",5,5,313,ok,,,False,,0.00018983299378305674
tfidf,1112,203,"[""scene"", ""editing"", ""plenoptic"", ""image"", ""operations""]","[0.28157333059193973, 0.1756035128977397, 0.14896214805587651, 0.12422565867879776, 0.10932346485417577]",5,5,356,ok,,,False,,0.00022112499573267996
tfidf,1113,2030,"[""digital holography"", ""hologram"", ""holography"", ""order diffraction"", ""zero order diffraction""]","[0.1476336050828738, 0.1476336050828738, 0.1476336050828738, 0.1476336050828738, 0.1476336050828738]",5,5,177,ok,,,False,,0.00010754200047813356
tfidf,1114,2031,"[""entropy"", ""entropy principle"", ""maximum entropy"", ""maximum entropy principle"", ""optimal threshold""]","[0.13761085639605333, 0.11861495213660726, 0.11861495213660726, 0.11861495213660726, 0.11861495213660726]",5,5,281,ok,,,False,,0.00016549999418202788
tfidf,1115,2032,"[""digital watermarking"", ""watermarking"", ""fuzzy logic"", ""digital"", ""adaptive digital watermarking""]","[0.21593566737601005, 0.20123374031879168, 0.16775742752884948, 0.16388388031332707, 0.15173682892304163]",5,5,158,ok,,,False,,9.8082993645221e-05
tfidf,1116,2033,"[""3d"", ""correlation"", ""color"", ""3d correlation"", ""encode 3d""]","[0.21033139376944865, 0.20409649963890872, 0.18479410437540872, 0.12794529014828493, 0.12794529014828493]",5,5,203,ok,,,False,,0.0001293340028496459
tfidf,1117,2035,"[""evaluations"", ""vector evaluations"", ""target level"", ""efficient"", ""target""]","[0.29867680118615836, 0.20695023890341344, 0.15521267917756007, 0.14779351895382845, 0.12790908006329355]",5,5,285,ok,,,False,,0.00017029199807439
tfidf,1118,2036,"[""acute period"", ""acute period concussion"", ""computer processing"", ""concussion"", ""period concussion""]","[0.21308704472255152, 0.21308704472255152, 0.21308704472255152, 0.21308704472255152, 0.21308704472255152]",5,5,81,ok,,,False,,5.750000127591193e-05
tfidf,1119,2037,"[""linear regression"", ""bayesian"", ""regularization"", ""regression"", ""method""]","[0.17494797026054743, 0.16024078959396915, 0.15760453356532728, 0.14584443640419892, 0.10149567814029033]",5,5,107,ok,,,False,,6.94579939590767e-05
tfidf,1120,2038,"[""voting"", ""main options"", ""voters"", ""choice"", ""option""]","[0.19101536313165554, 0.1570244931405818, 0.1570244931405818, 0.12753262136675764, 0.12144772974515447]",5,5,277,ok,,,False,,0.00016333399980794638
tfidf,1121,2039,"[""inverse problem"", ""inverse"", ""hierarchical structure"", ""hierarchical"", ""problem""]","[0.2843124162345987, 0.220892272926053, 0.18954161082306578, 0.14726151528403533, 0.11634087375269299]",5,5,88,ok,,,False,,6.0291000409051776e-05
tfidf,1122,204,"[""calibration"", ""calibration parameters"", ""parameters"", ""image"", ""component""]","[0.26935237832689335, 0.15683289082550825, 0.15619176340144167, 0.13732886434942, 0.115756130590866]",5,5,561,ok,,,False,,0.0003332920023240149
tfidf,1123,2040,"[""ion"", ""ion exchange"", ""exchanger"", ""inverse problems"", ""ion exchanger""]","[0.3446386234178871, 0.2338819254817291, 0.15592128365448607, 0.15592128365448607, 0.15592128365448607]",5,5,122,ok,,,False,,7.858300523366779e-05
tfidf,1124,2041,"[""multiprocessor systems"", ""jets"", ""multiprocessor"", ""interface"", ""algorithms processors""]","[0.16460157644655457, 0.1561622690786431, 0.1561622690786431, 0.09845390413212264, 0.08230078822327729]",5,5,163,ok,,,False,,9.720899106469005e-05
tfidf,1125,2042,"[""instability"", ""helmholtz instability"", ""hybrid simulation"", ""kelvin helmholtz instability"", ""helmholtz""]","[0.18978581812029638, 0.17632345237324712, 0.17632345237324712, 0.17632345237324712, 0.1672831512845617]",5,5,366,ok,,,False,,0.00022000000171829015
tfidf,1126,2043,"[""codes"", ""computational electromagnetics"", ""electromagnetics"", ""multiplications"", ""matrix""]","[0.12405480032329824, 0.11452188892640974, 0.1086502232846314, 0.10448421021274928, 0.10019078379014007]",5,5,309,ok,,,False,,0.0001830830005928874
tfidf,1127,2044,"[""geometrical optics"", ""indoor"", ""transmitter"", ""optics"", ""program""]","[0.13413954822123245, 0.13413954822123245, 0.12726206319301747, 0.11550492488118344, 0.11343146961589375]",5,5,235,ok,,,False,,0.00013879200560040772
tfidf,1128,2045,"[""flip"", ""game"", ""dynamic programming"", ""programming"", ""addition interesting""]","[0.25511243106206694, 0.1873651397311282, 0.14278302422464625, 0.09593090832163445, 0.0896330647423805]",5,5,127,ok,,,False,,8.162499580066651e-05
tfidf,1129,2046,"[""course"", ""teaching"", ""preparation delivery"", ""university course"", ""preparation""]","[0.1258514222028448, 0.1258514222028448, 0.12327112636050551, 0.12327112636050551, 0.1016620527995044]",5,5,269,ok,,,False,,0.0001612920023035258
tfidf,1130,2047,"[""spreadsheet"", ""cpm"", ""pert"", ""pert cpm"", ""algorithm finding critical""]","[0.2522422807773525, 0.1772492903584263, 0.1772492903584263, 0.1772492903584263, 0.08862464517921315]",5,5,132,ok,,,False,,8.004199480637908e-05
tfidf,1131,2048,"[""simlib"", ""object oriented"", ""object oriented version"", ""oriented version"", ""object""]","[0.2841404143438803, 0.21422464844358405, 0.21310531075791025, 0.21310531075791025, 0.20551956478986125]",5,5,142,ok,,,False,,8.616599370725453e-05
tfidf,1132,2049,"[""evpi"", ""states world"", ""maximum"", ""upper bound"", ""upper""]","[0.3834312084128569, 0.1818861302363037, 0.162119099264955, 0.15525305952620555, 0.1245012172465347]",5,5,94,ok,,,False,,6.408299668692052e-05
tfidf,1133,205,"[""point light"", ""surface"", ""motion"", ""geotensity"", ""motion single""]","[0.18030835156053485, 0.17744404659000548, 0.15090012390114574, 0.12020556770702323, 0.12020556770702323]",5,5,248,ok,,,False,,0.00014987500617280602
tfidf,1134,2050,"[""classroom"", ""millionaire"", ""wants millionaire"", ""wants"", ""classroom version""]","[0.3016793051494063, 0.2720684120288242, 0.2720684120288242, 0.23650128890459557, 0.14338575439981155]",5,5,137,ok,,,False,,8.54579993756488e-05
tfidf,1135,2051,"[""decision analysis"", ""case"", ""wants"", ""game"", ""material""]","[0.11563928539808162, 0.10629034253039109, 0.10052192329389277, 0.08493028260840811, 0.07390054712057012]",5,5,291,ok,,,False,,0.00017654200200922787
tfidf,1136,2052,"[""histograms"", ""academic exercise"", ""academic exercise commercial"", ""academic exercise commercial monte"", ""application trend""]","[0.148081160157091, 0.08598568391772558, 0.08598568391772558, 0.08598568391772558, 0.08598568391772558]",5,5,153,ok,,,False,,9.450000652577728e-05
tfidf,1137,2053,"[""ms"", ""ms education"", ""ms educators"", ""spreadsheets"", ""educators""]","[0.20808081421428484, 0.13961122076133817, 0.13961122076133817, 0.13961122076133817, 0.12021647441374186]",5,5,197,ok,,,False,,0.00012412499927449971
tfidf,1138,2054,"[""management science"", ""skills"", ""science"", ""management"", ""modeling skills""]","[0.24703386922335752, 0.2249503967321314, 0.16004526219295934, 0.13716797077768872, 0.1147553202499418]",5,5,277,ok,,,False,,0.00016787501226644963
tfidf,1139,2055,"[""management science"", ""management"", ""science"", ""mba"", ""profession""]","[0.244615537623005, 0.20373775277411493, 0.1584785032855077, 0.12558244022359036, 0.10257563006756024]",5,5,387,ok,,,False,,0.0002303749934071675
tfidf,1140,2056,"[""gifts"", ""gift"", ""academic"", ""librarians"", ""donations""]","[0.2884509931951058, 0.13683089368819606, 0.12135084667829414, 0.10316793442787343, 0.09615033106503527]",5,5,398,ok,,,False,,0.0002384169929428026
tfidf,1141,2057,"[""examined"", ""factors"", ""value"", ""2002 data"", ""2002 data titles""]","[0.1731600977656952, 0.156702118886851, 0.09216744882507852, 0.0909675871625876, 0.0909675871625876]",5,5,132,ok,,,False,,8.366700785700232e-05
tfidf,1142,2058,"[""books"", ""factors"", ""value"", ""basic economic"", ""basic economic principles""]","[0.15298627668275946, 0.11787933994399369, 0.10399959594356575, 0.10264570007601216, 0.10264570007601216]",5,5,107,ok,,,False,,7.104099495336413e-05
tfidf,1143,2059,"[""history science"", ""history science technology"", ""history science technology medicine"", ""materials history"", ""materials history science""]","[0.17171492225872456, 0.17171492225872456, 0.17171492225872456, 0.17171492225872456, 0.17171492225872456]",5,5,119,ok,,,False,,7.812499825377017e-05
tfidf,1144,206,"[""information architecture"", ""ia"", ""architecture"", ""information"", ""field""]","[0.16708043739941147, 0.11843915556422774, 0.11631302725434198, 0.09920919073066949, 0.07253840455782513]",5,5,225,ok,,,False,,0.00013604199921246618
tfidf,1145,2060,"[""collections"", ""decisions decisions"", ""decisions"", ""special collections"", ""academic""]","[0.19201519527348573, 0.1697883585968322, 0.16343991220735815, 0.16108311909290138, 0.16071677167112713]",5,5,126,ok,,,False,,8.045899448916316e-05
tfidf,1146,2061,"[""acquisitions"", ""special"", ""acquisition special"", ""acquisition special collections"", ""acquisition special collections materials""]","[0.19115817291334092, 0.12947836914261243, 0.11099903739935259, 0.11099903739935259, 0.11099903739935259]",5,5,88,ok,,,False,,5.962500290479511e-05
tfidf,1147,2062,"[""poetry"", ""underground poetry"", ""underground"", ""accompanying"", ""accompanying action""]","[0.44348230341273986, 0.2956548689418266, 0.280496312336934, 0.07391371723545664, 0.07391371723545664]",5,5,135,ok,,,False,,8.258300658781081e-05
tfidf,1148,2063,"[""hanoch"", ""bounded rationality"", ""rationality"", ""comment"", ""bounded""]","[0.3199439252075416, 0.1517700207280828, 0.1414367960166163, 0.1346304748995506, 0.10658785040455666]",5,5,146,ok,,,False,,9.08330111997202e-05
tfidf,1149,2064,"[""kaufman"", ""arousal"", ""bounded rationality"", ""emotional arousal"", ""rationality""]","[0.2568869824292386, 0.18278707412292433, 0.18278707412292433, 0.18278707412292433, 0.17034206092333024]",5,5,192,ok,,,False,,0.00011808300041593611
tfidf,1150,2065,"[""self control"", ""emotion"", ""inhibition"", ""choice"", ""self""]","[0.20101920058521477, 0.1933114518846582, 0.13401280039014318, 0.1290656196175807, 0.12260426276551104]",5,5,194,ok,,,False,,0.00011816600454039872
tfidf,1151,2066,"[""industry"", ""personal computer industry"", ""computer industry"", ""personal computer"", ""personal""]","[0.21718632117209077, 0.1959842703959365, 0.1732765343581654, 0.15609879517129535, 0.12727331364845637]",5,5,217,ok,,,False,,0.0001332079991698265
tfidf,1152,2067,"[""intertemporal"", ""intertemporal preferences"", ""hyperbolic"", ""preferences"", ""du model""]","[0.2235452683036193, 0.2235452683036193, 0.18813300245498338, 0.18102901425474924, 0.16765895122771446]",5,5,225,ok,,,False,,0.00013845799549017102
tfidf,1153,2068,"[""labor"", ""labor market"", ""evolving institution"", ""market"", ""institution""]","[0.21503369973104955, 0.18241025642233488, 0.12160683761488993, 0.10176050139448707, 0.09847833553855839]",5,5,260,ok,,,False,,0.00015408400213345885
tfidf,1154,2069,"[""ultimate"", ""structures"", ""control group"", ""ultimate control"", ""ultimate control group""]","[0.17467226524099036, 0.14957566194529698, 0.13170860704812573, 0.13170860704812573, 0.13170860704812573]",5,5,232,ok,,,False,,0.00014004099648445845
tfidf,1155,207,"[""bilingual"", ""bilingual web"", ""information architecture"", ""architecture bilingual"", ""architecture bilingual web""]","[0.38040256216583385, 0.22912013907523318, 0.1391576969089519, 0.11456006953761659, 0.11456006953761659]",5,5,238,ok,,,False,,0.00014812500739935786
tfidf,1156,2070,"[""rights"", ""modularity"", ""organizations"", ""literature"", ""structures""]","[0.2556221001102668, 0.14139467495004424, 0.10064380026531175, 0.08832493859384337, 0.0880010133961695]",5,5,166,ok,,,False,,0.00010245799785479903
tfidf,1157,208,"[""internet"", ""new urbanism"", ""urbanism"", ""networked"", ""communities""]","[0.1424830993525871, 0.11765865198995838, 0.11765865198995838, 0.09902010287067432, 0.08768101865994694]",5,5,304,ok,,,False,,0.00018454100063536316
tfidf,1158,2081,"[""cooling"", ""cooling lines"", ""design cooling"", ""design cooling lines"", ""optimum design""]","[0.2406370744898768, 0.21773787962138444, 0.16330340971603832, 0.16330340971603832, 0.16330340971603832]",5,5,243,ok,,,False,,0.00014529099280480295
tfidf,1159,2082,"[""stocks"", ""safety"", ""safety strategic"", ""safety strategic stocks"", ""strategic stocks""]","[0.1996906547119666, 0.17240122723177873, 0.16939495333388493, 0.16939495333388493, 0.16939495333388493]",5,5,268,ok,,,False,,0.00015537498984485865
tfidf,1160,2083,"[""blades"", ""manufacture"", ""turbine"", ""impulse turbine"", ""wave energy""]","[0.32042198958126783, 0.20665501784602383, 0.14432850560318314, 0.13590487759820238, 0.13590487759820238]",5,5,361,ok,,,False,,0.0002194170083384961
tfidf,1161,2084,"[""routeing"", ""dispatching"", ""alternative"", ""average"", ""alternative routeing""]","[0.2650519706276649, 0.1369386211431067, 0.1304097468737569, 0.12468325119990618, 0.10602078825106594]",5,5,239,ok,,,False,,0.0001445420057279989
tfidf,1162,2085,"[""intelligent fuzzy"", ""intelligent fuzzy decision"", ""decision"", ""intelligent"", ""fuzzy decision""]","[0.1769783935363339, 0.1769783935363339, 0.16182670630895069, 0.15943671646588417, 0.15647277521965514]",5,5,249,ok,,,False,,0.0001467080001020804
tfidf,1163,2086,"[""module"", ""cost"", ""design"", ""machining"", ""product""]","[0.16839974756372827, 0.16134304958951015, 0.1420985623522395, 0.11758621853386293, 0.11681735717071556]",5,5,363,ok,,,False,,0.0002119590062648058
tfidf,1164,2087,"[""fractals"", ""using fractals"", ""contact"", ""machining"", ""dimension""]","[0.16610415410455023, 0.16610415410455023, 0.13029780563607268, 0.12523246332357776, 0.11573901563063359]",5,5,150,ok,,,False,,9.162499918602407e-05
tfidf,1165,2088,"[""machining"", ""based machining"", ""layer based machining"", ""overhang"", ""support structure""]","[0.23070685677128316, 0.15300093231855635, 0.15300093231855635, 0.15300093231855635, 0.15300093231855635]",5,5,328,ok,,,False,,0.0001960420049726963
tfidf,1166,2089,"[""alaska"", ""battery"", ""138"", ""138 kv"", ""138 kv northern""]","[0.22892687222445027, 0.20240223850806427, 0.11446343611222513, 0.11446343611222513, 0.11446343611222513]",5,5,80,ok,,,False,,5.774998862762004e-05
tfidf,1167,209,"[""information"", ""information architecture"", ""architecture"", ""information interaction"", ""information interactivity""]","[0.25902449637485947, 0.23265546714094834, 0.16196307665718448, 0.14364832355309237, 0.14364832355309237]",5,5,170,ok,,,False,,0.00010479100455995649
tfidf,1168,2090,"[""optical"", ""gate"", ""cascaded semiconductor"", ""cascaded semiconductor optical"", ""cascaded semiconductor optical amplifiers""]","[0.21889316580387205, 0.16753493688714816, 0.14022833994597803, 0.14022833994597803, 0.14022833994597803]",5,5,138,ok,,,False,,8.533299842383713e-05
tfidf,1169,2091,"[""metal"", ""artifacts"", ""ct"", ""fbp"", ""detector""]","[0.22153693138395616, 0.16912768967044128, 0.14009540124350717, 0.12087312565631854, 0.0929279679152129]",5,5,503,ok,,,False,,0.0003204160020686686
tfidf,1170,2092,"[""pet"", ""ct"", ""scans"", ""ct sub"", ""pet ct""]","[0.26228578551077414, 0.23708828972881377, 0.1375256640923599, 0.1277703472412153, 0.1277703472412153]",5,5,680,ok,,,False,,0.000447750004241243
tfidf,1171,2093,"[""accurately track"", ""accurately track meat"", ""accurately track meat products"", ""bar"", ""bar code""]","[0.12196616366966952, 0.12196616366966952, 0.12196616366966952, 0.12196616366966952, 0.12196616366966952]",5,5,74,ok,,,False,,6.079199374653399e-05
tfidf,1172,2094,"[""subset"", ""gauss"", ""inequality"", ""prior"", ""parameter""]","[0.1830824561646229, 0.13686876974508908, 0.13686876974508908, 0.11338945388651937, 0.09272628392570538]",5,5,152,ok,,,False,,9.558300371281803e-05
tfidf,1173,2095,"[""enzyme"", ""attracting"", ""attracting set"", ""large amplitude"", ""loss coordination""]","[0.14028304684184198, 0.0985761404686239, 0.0985761404686239, 0.0985761404686239, 0.0985761404686239]",5,5,411,ok,,,False,,0.00025316599931102246
tfidf,1174,2096,"[""rainfall"", ""meteorological"", ""stations"", ""correlation"", ""spatial""]","[0.407325166574949, 0.13095650821806135, 0.11994751495589943, 0.11813805248169747, 0.11278042130485023]",5,5,563,ok,,,False,,0.0003419170097913593
tfidf,1175,2097,"[""spanning"", ""flow"", ""generate spanning"", ""generate spanning trees"", ""generate spanning trees flow""]","[0.27249018981251555, 0.1624987658431873, 0.14360804013027428, 0.14360804013027428, 0.14360804013027428]",5,5,170,ok,,,False,,0.00010170800669584423
tfidf,1176,2098,"[""body forces"", ""body forces sources"", ""forces sources"", ""sup"", ""sup sup""]","[0.2101947504130137, 0.2101947504130137, 0.2101947504130137, 0.16872266994480203, 0.1674172484583379]",5,5,262,ok,,,False,,0.00015333399642258883
tfidf,1177,2099,"[""firm"", ""analyzing potential"", ""analyzing potential firm"", ""potential firm"", ""analyzing""]","[0.189848857404238, 0.1709603535586887, 0.1709603535586887, 0.1709603535586887, 0.12469648614108862]",5,5,291,ok,,,False,,0.00016908299585338682
tfidf,1178,21,"[""switching line"", ""switching"", ""moving switching"", ""moving switching line"", ""line""]","[0.26714368307328323, 0.20364998305695267, 0.17809578871552215, 0.17809578871552215, 0.15281777144061093]",5,5,344,ok,,,False,,0.00020312500419095159
tfidf,1179,210,"[""copnet"", ""rms"", ""law enforcement"", ""enforcement"", ""older""]","[0.24720190580149518, 0.17738391311335092, 0.16480127053433014, 0.15635172462665087, 0.13591208226238982]",5,5,455,ok,,,False,,0.0002761250070761889
tfidf,1180,2100,"[""advertising campaign"", ""advertising campaign goods"", ""advertising campaign goods services"", ""campaign goods"", ""campaign goods services""]","[0.179539914296559, 0.179539914296559, 0.179539914296559, 0.179539914296559, 0.179539914296559]",5,5,106,ok,,,False,,7.079199713189155e-05
tfidf,1181,2101,"[""optical xor"", ""xor"", ""optical"", ""optical xor gate"", ""xor gate""]","[0.25223922388824405, 0.23930663608081493, 0.236243724819448, 0.189179417916183, 0.189179417916183]",5,5,171,ok,,,False,,0.00010333300451748073
tfidf,1182,2102,"[""advice"", ""online advice"", ""people"", ""online"", ""advice internet""]","[0.2770660652663605, 0.18148978770744686, 0.1474029173073329, 0.13791242060518047, 0.12099319180496458]",5,5,248,ok,,,False,,0.00014891699538566172
tfidf,1183,2103,"[""gambling"", ""internet gambling"", ""internet"", ""addictive"", ""problem gambling""]","[0.4255902878689091, 0.26599392991806825, 0.15461529325127032, 0.10639757196722728, 0.10639757196722728]",5,5,282,ok,,,False,,0.0001635839871596545
tfidf,1184,2104,"[""staff"", ""remote"", ""intranets mails"", ""remote staff"", ""use intranets""]","[0.16385994071884363, 0.12289495553913272, 0.12212140519253623, 0.12212140519253623, 0.12212140519253623]",5,5,265,ok,,,False,,0.0001557500072522089
tfidf,1185,2105,"[""collective action"", ""action"", ""collective"", ""internet"", ""social""]","[0.3178576518155167, 0.28654752513761417, 0.28495824379909945, 0.10997756796008151, 0.09139172829355297]",5,5,354,ok,,,False,,0.00021308299619704485
tfidf,1186,2106,"[""deception"", ""identity"", ""reactions"", ""community"", ""df""]","[0.23633935714781334, 0.23389169789554012, 0.19490974824628343, 0.16085758872992045, 0.14180361428868798]",5,5,359,ok,,,False,,0.00021762499818578362
tfidf,1187,2107,"[""computer mediated"", ""mediated"", ""group"", ""identity"", ""computer""]","[0.20704322615769105, 0.19151187051397603, 0.18779126331058996, 0.1586371362065568, 0.14776866460428464]",5,5,368,ok,,,False,,0.0002194580010836944
tfidf,1188,2108,"[""survey research"", ""longitudinal"", ""longitudinal survey"", ""longitudinal survey research"", ""successive time""]","[0.1713409902319909, 0.1364707590289604, 0.11422732682132726, 0.11422732682132726, 0.11422732682132726]",5,5,289,ok,,,False,,0.00017312500858679414
tfidf,1189,2109,"[""don ts"", ""ts"", ""dos"", ""internet based"", ""internet""]","[0.1683256946852687, 0.1683256946852687, 0.153572189845769, 0.13631169567513823, 0.13589348664576612]",5,5,278,ok,,,False,,0.0001627080055186525
tfidf,1190,211,"[""mckesson"", ""pervasive"", ""come"", ""avantgo"", ""come come""]","[0.2211505158051952, 0.1343172912424456, 0.1197796479642295, 0.1105752579025976, 0.1105752579025976]",5,5,333,ok,,,False,,0.00019641700782813132
tfidf,1191,2110,"[""psychology internet"", ""internet"", ""psychology"", ""research"", ""articles""]","[0.19335074596811352, 0.1873161936278022, 0.16272165652142784, 0.11838607215585287, 0.10111397897123305]",5,5,243,ok,,,False,,0.00014454199117608368
tfidf,1192,2111,"[""chlorophyll"", ""chlorophyll fluorescence"", ""fluorescence"", ""photosynthetic"", ""leaves""]","[0.20613478862930887, 0.20613478862930887, 0.18806737113064279, 0.15460109147198164, 0.1180086126087552]",5,5,329,ok,,,False,,0.000192749997950159
tfidf,1193,2112,"[""allan"", ""54"", ""ieee"", ""noise"", ""caused""]","[0.1770003531451461, 0.11195023106331753, 0.10160768028558174, 0.10050575121701323, 0.08291502023081028]",5,5,295,ok,,,False,,0.00017549999756738544
tfidf,1194,2113,"[""sliding mode"", ""sliding"", ""ideal sliding"", ""ideal sliding mode"", ""mode""]","[0.2252796813434207, 0.21589612001306846, 0.18856124176431502, 0.18856124176431502, 0.1731117401390268]",5,5,108,ok,,,False,,7.13339977664873e-05
tfidf,1195,2114,"[""recovery"", ""automation"", ""features"", ""complex"", ""automation recovery""]","[0.14725399378502027, 0.13808587024112912, 0.10659457728677284, 0.10198856666839316, 0.09989358321861676]",5,5,112,ok,,,False,,7.512500451412052e-05
tfidf,1196,2115,"[""combustion"", ""internal combustion"", ""low temperature"", ""low temperature plasma"", ""temperature plasma""]","[0.25707368761329874, 0.17138245840886585, 0.17138245840886585, 0.17138245840886585, 0.17138245840886585]",5,5,121,ok,,,False,,7.954200555104762e-05
tfidf,1197,2116,"[""characteristics computational"", ""characteristics computational processes"", ""computational processes"", ""resources"", ""computational""]","[0.14134262987464816, 0.14134262987464816, 0.14134262987464816, 0.1203874478958575, 0.1108692657722505]",5,5,212,ok,,,False,,0.00012445800530258566
tfidf,1198,2117,"[""ary"", ""double ary"", ""failure tolerance"", ""double"", ""tolerance""]","[0.22092918503806458, 0.22092918503806458, 0.22092918503806458, 0.17596707905663175, 0.17596707905663175]",5,5,153,ok,,,False,,9.495799895375967e-05
tfidf,1199,2118,"[""characteristic function"", ""cooperative games"", ""cooperative"", ""games"", ""characteristic""]","[0.2221900205877944, 0.21079808912332382, 0.1655793858905938, 0.16045688672122446, 0.1548188508855425]",5,5,84,ok,,,False,,5.85000088904053e-05
tfidf,1200,2119,"[""heterogeneous territory"", ""location transport"", ""branch points"", ""territory"", ""routes""]","[0.15121710888770953, 0.15121710888770953, 0.14346403817757158, 0.14346403817757158, 0.13796314696608247]",5,5,169,ok,,,False,,0.00010087501141242683
tfidf,1201,212,"[""power industry"", ""knowledge management"", ""power"", ""skills"", ""industry""]","[0.16523743165856974, 0.1524213413305905, 0.13940566207839705, 0.11834201339071666, 0.10035234635777625]",5,5,130,ok,,,False,,7.9624995123595e-05
tfidf,1202,2120,"[""active systems"", ""based criteria motivation"", ""criteria motivation"", ""goal functions"", ""based criteria""]","[0.24257827083203976, 0.1704584426879066, 0.1704584426879066, 0.1704584426879066, 0.16171884722135985]",5,5,125,ok,,,False,,8.012499893084168e-05
tfidf,1203,2121,"[""technical"", ""flexibility"", ""flexibility technical"", ""guaranteeing"", ""technical systems""]","[0.2442777614070159, 0.2309772411019836, 0.2005112692443036, 0.12682055444426912, 0.12682055444426912]",5,5,211,ok,,,False,,0.0001259580021724105
tfidf,1204,2122,"[""deformable space"", ""fuzzy logic adaptation"", ""logic adaptation"", ""deformable"", ""fuzzy logic""]","[0.17273183958823607, 0.17273183958823607, 0.17273183958823607, 0.1575921424905015, 0.1273127482950323]",5,5,134,ok,,,False,,8.133301162160933e-05
tfidf,1205,2123,"[""time systems"", ""discrete time systems conical"", ""hidden convexity"", ""linear discrete time systems"", ""systems conical""]","[0.22852034511904187, 0.1847294348506609, 0.1847294348506609, 0.1847294348506609, 0.1847294348506609]",5,5,86,ok,,,False,,5.962498835287988e-05
tfidf,1206,2124,"[""linear discrete systems"", ""discrete systems"", ""linear discrete"", ""planes"", ""discrete""]","[0.18970012163812006, 0.17997398371893614, 0.17307317904403363, 0.1633470411248497, 0.16041476111308214]",5,5,109,ok,,,False,,7.387500954791903e-05
tfidf,1207,2125,"[""stability"", ""jumps"", ""random jumps"", ""random"", ""probabilistic stability""]","[0.23400274693303827, 0.18627745725587677, 0.18627745725587677, 0.18180821953332035, 0.12418497150391784]",5,5,224,ok,,,False,,0.0001350840029772371
tfidf,1208,2126,"[""optimal control"", ""time optimal control problem"", ""optimal"", ""time optimal control"", ""control""]","[0.29147696423247427, 0.20180895319314054, 0.19863158835420988, 0.19146198190428193, 0.18422444441923275]",5,5,84,ok,,,False,,5.7707991800270975e-05
tfidf,1209,2127,"[""polynomial equations"", ""embedding"", ""polynomial"", ""equations"", ""algorithm obtained""]","[0.18697371834367627, 0.14666860888056954, 0.11930312212098908, 0.09888769431793495, 0.09348685917183813]",5,5,126,ok,,,False,,8.104099833872169e-05
tfidf,1210,2128,"[""reachability set"", ""reachability"", ""approximation"", ""algorithm based reachability"", ""algorithm based reachability set""]","[0.1766787170863106, 0.15358175541707494, 0.10861508063075016, 0.09311338625054201, 0.09311338625054201]",5,5,128,ok,,,False,,9.22499893931672e-05
tfidf,1211,2129,"[""integration range"", ""decomposition integration"", ""decomposition integration range"", ""decomposition integration range exponential"", ""integration range exponential""]","[0.2329737426347258, 0.16370939252092034, 0.16370939252092034, 0.16370939252092034, 0.16370939252092034]",5,5,121,ok,,,False,,8.16670071799308e-05
tfidf,1212,213,"[""fuzzy"", ""fuzzy set"", ""fuzzy set theory"", ""set theory"", ""regression""]","[0.1497618283871179, 0.13724944159543054, 0.13724944159543054, 0.13145116339175256, 0.11748067105370386]",5,5,330,ok,,,False,,0.00019462499767541885
tfidf,1213,2130,"[""linear interval"", ""synchronizing"", ""linear"", ""interval"", ""concerns generalized""]","[0.2171987411185934, 0.1981615841104611, 0.1427732393112597, 0.1316866284663001, 0.1085993705592967]",5,5,93,ok,,,False,,6.295800267253071e-05
tfidf,1214,2131,"[""heat"", ""diagnosis"", ""diagnosis technical"", ""diagnosis technical state"", ""diagnosis technical state heat""]","[0.1887479108375636, 0.17443957279857575, 0.166899280674358, 0.166899280674358, 0.166899280674358]",5,5,119,ok,,,False,,7.94160005170852e-05
tfidf,1215,2132,"[""adaptation"", ""adaptation methods"", ""aided control"", ""aided control systems"", ""computer aided control""]","[0.17264747357244584, 0.15780114867371525, 0.15780114867371525, 0.15780114867371525, 0.15780114867371525]",5,5,147,ok,,,False,,8.96660058060661e-05
tfidf,1216,2133,"[""data blocks"", ""blocks"", ""data"", ""arbitrary permutation"", ""arbitrary permutation large""]","[0.205923416242568, 0.1702629767099981, 0.11426155561637837, 0.10852595553576738, 0.10852595553576738]",5,5,90,ok,,,False,,6.191700231283903e-05
tfidf,1217,2134,"[""multivalued"", ""multivalued components"", ""components"", ""circuit"", ""circuits""]","[0.30181170843912686, 0.30181170843912686, 0.1629863832467626, 0.1608754969600906, 0.13208276212067468]",5,5,220,ok,,,False,,0.00013291700452100486
tfidf,1218,2135,"[""structural identification"", ""problem structural"", ""problem structural identification"", ""structural"", ""identification""]","[0.3136108254273477, 0.2479192151885155, 0.2479192151885155, 0.21213282543720668, 0.1977187596183731]",5,5,101,ok,,,False,,6.733300688210875e-05
tfidf,1219,2136,"[""best solutions problems"", ""best solutions problems optimization"", ""determining sequence"", ""determining sequence best"", ""determining sequence best solutions""]","[0.13464075810493445, 0.13464075810493445, 0.13464075810493445, 0.13464075810493445, 0.13464075810493445]",5,5,157,ok,,,False,,9.595800656825304e-05
tfidf,1220,2137,"[""frequency"", ""boundedness solutions"", ""boundedness solutions initial"", ""boundedness solutions initial data"", ""circuit studied""]","[0.1233432816370738, 0.11420109402333478, 0.11420109402333478, 0.11420109402333478, 0.11420109402333478]",5,5,88,ok,,,False,,6.0291000409051776e-05
tfidf,1221,2138,"[""class multistep"", ""class multistep control"", ""class multistep control processes"", ""multistep control"", ""multistep control processes""]","[0.2190567730173859, 0.2190567730173859, 0.2190567730173859, 0.2190567730173859, 0.2190567730173859]",5,5,70,ok,,,False,,5.054101347923279e-05
tfidf,1222,2139,"[""confidence"", ""confidence sets"", ""generalized confidence"", ""random vector"", ""generalized""]","[0.2987974121323216, 0.256034235613731, 0.256034235613731, 0.20482738849098478, 0.15595998707453068]",5,5,249,ok,,,False,,0.00015037499542813748
tfidf,1223,214,"[""high end"", ""market"", ""end computing"", ""high end computing"", ""end""]","[0.2777779647913172, 0.21778320863462325, 0.19519307780097403, 0.19519307780097403, 0.19396315597266442]",5,5,290,ok,,,False,,0.00017304098582826555
tfidf,1224,2140,"[""non cooperative"", ""non cooperative games"", ""cooperative games"", ""cooperative"", ""games""]","[0.20204311949423215, 0.20204311949423215, 0.1916841422365804, 0.15056560848580505, 0.1459075878013115]",5,5,99,ok,,,False,,6.674999895039946e-05
tfidf,1225,2141,"[""reduced observer"", ""observer"", ""reduced"", ""embedding"", ""control""]","[0.2086321942287256, 0.15066595820639697, 0.11560126394597, 0.10910550768417805, 0.10157501131404072]",5,5,215,ok,,,False,,0.00012554200657177716
tfidf,1226,2142,"[""bounded time"", ""bounded time interval"", ""spectral characteristics"", ""spectral characteristics linear"", ""systems bounded""]","[0.16731427496723758, 0.16731427496723758, 0.16731427496723758, 0.16731427496723758, 0.16731427496723758]",5,5,121,ok,,,False,,7.80420086812228e-05
tfidf,1227,2143,"[""quantum"", ""devices"", ""author outlines challenges"", ""author outlines challenges scaling"", ""building solid""]","[0.144229226485513, 0.14232000785309695, 0.11949074534731134, 0.11949074534731134, 0.11949074534731134]",5,5,79,ok,,,False,,5.545800377149135e-05
tfidf,1228,2144,"[""privacy"", ""privacy policy"", ""purchaser"", ""party"", ""policy""]","[0.26241335312697206, 0.1590956936301242, 0.1590956936301242, 0.13699417051382728, 0.10996135386620867]",5,5,150,ok,,,False,,9.216699982061982e-05
tfidf,1229,2145,"[""netsec"", ""netsec 2002"", ""enterprise"", ""2002"", ""11 author""]","[0.18481385912862386, 0.18481385912862386, 0.12578823985168266, 0.11726662544821094, 0.09240692956431193]",5,5,118,ok,,,False,,7.958400237839669e-05
tfidf,1230,2146,"[""trusted"", ""security"", ""computer"", ""trusted trustworthy"", ""20 years""]","[0.1320225822673715, 0.12454632559510462, 0.10586971899883614, 0.0964705606165477, 0.09152440681551088]",5,5,434,ok,,,False,,0.0002621249877847731
tfidf,1231,2147,"[""files"", ""jpeg"", ""jpeg files"", ""virus"", ""infect""]","[0.2891023567447798, 0.24794916214994145, 0.21033200983865694, 0.1859618716124561, 0.14022133989243796]",5,5,162,ok,,,False,,9.979199967347085e-05
tfidf,1232,2148,"[""information security"", ""security"", ""information security policy"", ""security policy"", ""policy""]","[0.3915714649301083, 0.2527651277926335, 0.2447321655813177, 0.2447321655813177, 0.2368103844111181]",5,5,245,ok,,,False,,0.00015012500807642937
tfidf,1233,2149,"[""security"", ""crisis"", ""security crisis"", ""security event"", ""crisis management""]","[0.26865840576544886, 0.2335084266659116, 0.20809627979550377, 0.20809627979550377, 0.18398518464234687]",5,5,163,ok,,,False,,9.945900819730014e-05
tfidf,1234,215,"[""evaluation"", ""factors"", ""integer"", ""gahp"", ""intangible""]","[0.13663812274318404, 0.09832423148933948, 0.0867729259231302, 0.08561771367615618, 0.08561771367615618]",5,5,540,ok,,,False,,0.00032583299616817385
tfidf,1235,2150,"[""abb"", ""redundant"", ""companies"", ""data"", ""abb focuses""]","[0.11181434423397638, 0.10486293550698732, 0.08182556617930493, 0.07137342354723324, 0.06779068382657506]",5,5,240,ok,,,False,,0.00013991699961479753
tfidf,1236,2151,"[""buildings"", ""abb"", ""industrial"", ""abb optimize"", ""abb optimize manufacturing""]","[0.1335712106937037, 0.12792832405896518, 0.10557830956911822, 0.07756025068302218, 0.07756025068302218]",5,5,186,ok,,,False,,0.00010987499263137579
tfidf,1237,2152,"[""engineering"", ""abb"", ""collaboration"", ""platform"", ""global""]","[0.12793436864669996, 0.11862023774888172, 0.10844204748972636, 0.09340656782236297, 0.08492941251101505]",5,5,213,ok,,,False,,0.0001239160046679899
tfidf,1238,2153,"[""rcs"", ""abb"", ""100th"", ""containerization"", ""usps""]","[0.18991782617262623, 0.15662577800631244, 0.12661188411508417, 0.12661188411508417, 0.12661188411508417]",5,5,242,ok,,,False,,0.00014445801207330078
tfidf,1239,2154,"[""optimize sup"", ""optimize sup robot"", ""optimize sup robot condition"", ""robot condition"", ""robot condition monitoring""]","[0.144110902955692, 0.144110902955692, 0.144110902955692, 0.144110902955692, 0.144110902955692]",5,5,370,ok,,,False,,0.00022120799985714257
tfidf,1240,2156,"[""car"", ""car windshield"", ""windshield"", ""windshields"", ""assembly""]","[0.14652051284225248, 0.12062142815483673, 0.12062142815483673, 0.12062142815483673, 0.09768034189483497]",5,5,287,ok,,,False,,0.00016799999866634607
tfidf,1241,2157,"[""robot"", ""automation"", ""operators"", ""programming"", ""tool""]","[0.08945194914887672, 0.08643084714595173, 0.0812088294794422, 0.06691869000214522, 0.06594828034493659]",5,5,284,ok,,,False,,0.00016795899136923254
tfidf,1242,2158,"[""press"", ""press shop"", ""solutions press"", ""shops"", ""shop""]","[0.16172070578110093, 0.1374414603726516, 0.1374414603726516, 0.13039468260648576, 0.11566907587856076]",5,5,218,ok,,,False,,0.0001280839933315292
tfidf,1243,2159,"[""production"", ""goods"", ""activities production"", ""activities production goods"", ""activities production goods order""]","[0.13074142007331505, 0.11476662654293907, 0.07086028841415272, 0.07086028841415272, 0.07086028841415272]",5,5,222,ok,,,False,,0.00013166599092073739
tfidf,1244,216,"[""tcs"", ""data bank"", ""raindrops"", ""tcs values"", ""interpolation""]","[0.1836229071422372, 0.1377171803566779, 0.1377171803566779, 0.1377171803566779, 0.1339324049057261]",5,5,433,ok,,,False,,0.0002623750042403117
tfidf,1245,2160,"[""manufacturing"", ""trends"", ""cars day"", ""challenges trends"", ""cars""]","[0.167719524086355, 0.12561384992277136, 0.11361790376058532, 0.11361790376058532, 0.10779258645176418]",5,5,310,ok,,,False,,0.00018287499551661313
tfidf,1246,2161,"[""b1"", ""b2"", ""modal"", ""b1 b2"", ""intuitionistic modal""]","[0.29089593264420444, 0.29089593264420444, 0.18255101154491993, 0.17453755958652264, 0.17453755958652264]",5,5,213,ok,,,False,,0.00012812500062864274
tfidf,1247,2162,"[""boolean algebras"", ""algebras"", ""boolean"", ""cardinalities"", ""kappa""]","[0.2773293902156004, 0.2530218683703367, 0.20908954912027666, 0.1386646951078002, 0.1315552007253304]",5,5,175,ok,,,False,,0.00010762500460259616
tfidf,1248,2163,"[""firms"", ""law"", ""law firms"", ""recent"", ""change""]","[0.1326127131678613, 0.11852856403496796, 0.11425461030593123, 0.0748023998152729, 0.07256196261032907]",5,5,249,ok,,,False,,0.000144959005410783
tfidf,1249,2164,"[""regulations"", ""signatures"", ""2002"", ""electronic signatures"", ""2002 regulations""]","[0.19841414437301147, 0.19841414437301147, 0.1827590411663609, 0.17281849917401626, 0.1152123327826775]",5,5,276,ok,,,False,,0.00016562499513383955
tfidf,1250,2165,"[""campbell"", ""data protection"", ""data protection act"", ""distress"", ""naomi""]","[0.1580553225788362, 0.1580553225788362, 0.1580553225788362, 0.1580553225788362, 0.1580553225788362]",5,5,147,ok,,,False,,9.166600648313761e-05
tfidf,1251,2166,"[""reed"", ""mark infringement"", ""optimisation techniques"", ""optimisation techniques web"", ""optimisation techniques web sites""]","[0.3187740251833379, 0.12750961007333517, 0.12750961007333517, 0.12750961007333517, 0.12750961007333517]",5,5,201,ok,,,False,,0.00012208399130031466
tfidf,1252,2167,"[""european"", ""directive"", ""patent"", ""inventions"", ""commission""]","[0.21552627295571106, 0.17743877765174593, 0.13737686940256377, 0.13033340328785067, 0.12533598454921038]",5,5,203,ok,,,False,,0.00012141600018367171
tfidf,1253,2168,"[""english"", ""appeal"", ""court"", ""court appeal"", ""international agreement""]","[0.17182946259853232, 0.13303401857986719, 0.13303401857986719, 0.13303401857986719, 0.13303401857986719]",5,5,224,ok,,,False,,0.000134457994136028
tfidf,1254,2169,"[""government"", ""author"", ""issues"", ""2005 author"", ""2005 author makes""]","[0.22048670786396432, 0.12222783897028361, 0.11044027381148673, 0.10954943786138405, 0.10954943786138405]",5,5,90,ok,,,False,,6.116599251981825e-05
tfidf,1255,217,"[""vendor"", ""accreditation schemes"", ""accreditation schemes offer"", ""accreditation schemes offer objective"", ""applicant""]","[0.1940988912151503, 0.12371901422489462, 0.12371901422489462, 0.12371901422489462, 0.12371901422489462]",5,5,73,ok,,,False,,5.3333002142608166e-05
tfidf,1256,2170,"[""litigation support"", ""litigation support systems"", ""litigation"", ""support systems"", ""support""]","[0.16432294162998767, 0.16432294162998767, 0.1558979201815138, 0.1382922063870141, 0.12019842232937814]",5,5,153,ok,,,False,,9.34169947868213e-05
tfidf,1257,2171,"[""files"", ""stored"", ""storage"", ""office"", ""having""]","[0.3233888778544792, 0.12386547673360544, 0.11354817014958025, 0.0762544211678871, 0.07189827582332818]",5,5,305,ok,,,False,,0.00018037500558421016
tfidf,1258,2172,"[""transfer data"", ""property"", ""property industry"", ""exchange"", ""electronic data exchange""]","[0.17115981470114852, 0.1509619132116701, 0.12506862837907862, 0.11970461392002212, 0.11865621958105686]",5,5,245,ok,,,False,,0.0001452919968869537
tfidf,1259,2173,"[""legal profession"", ""mail"", ""profession"", ""legal"", ""mails""]","[0.22089726781671123, 0.16461600684513505, 0.15952331155704969, 0.15267643064521513, 0.12680685979125364]",5,5,177,ok,,,False,,0.00010741599544417113
tfidf,1260,2174,"[""dea"", ""mailshell"", ""mail"", ""dea mailshell"", ""spam""]","[0.29748318283304387, 0.23516980677963087, 0.17525212016079145, 0.1567798711864206, 0.14874159141652193]",5,5,142,ok,,,False,,8.879200322553515e-05
tfidf,1261,2175,"[""web site"", ""firm"", ""site"", ""look company"", ""site firm""]","[0.22810885521844873, 0.2181256232901571, 0.20233839366950937, 0.16368649859930698, 0.16368649859930698]",5,5,269,ok,,,False,,0.00015862500004004687
tfidf,1262,2176,"[""investment"", ""err"", ""err wrong"", ""wrong"", ""firm""]","[0.175048176399884, 0.16607948691962965, 0.16607948691962965, 0.14300777746261192, 0.1106572377992301]",5,5,146,ok,,,False,,8.995899406727403e-05
tfidf,1263,2177,"[""scherrer"", ""prof"", ""prof scherrer"", ""medical"", ""development medical""]","[0.2485871262814534, 0.20715593856787787, 0.16572475085430227, 0.13996735130363572, 0.08286237542715114]",5,5,513,ok,,,False,,0.0003105420037172735
tfidf,1264,2178,"[""medicine"", ""health"", ""medical"", ""application areas information"", ""application areas information technology""]","[0.12434030646939716, 0.11201836340560108, 0.10862237374838345, 0.10717627872375926, 0.10717627872375926]",5,5,327,ok,,,False,,0.00019458400493022054
tfidf,1265,2179,"[""health"", ""evidence based"", ""complement"", ""consumers"", ""insights""]","[0.20535583918075578, 0.14735937476092204, 0.1302855668578599, 0.11736972977935607, 0.11248093532109091]",5,5,371,ok,,,False,,0.00022208299196790904
tfidf,1266,218,"[""iscsi"", ""able save"", ""able save money"", ""able save money using"", ""area networks expanding""]","[0.2337784045167705, 0.11688920225838526, 0.11688920225838526, 0.11688920225838526, 0.11688920225838526]",5,5,81,ok,,,False,,5.908300227019936e-05
tfidf,1267,2180,"[""health"", ""checkup"", ""health checkup"", ""hdml"", ""exchange""]","[0.25072246995274056, 0.2438417417886986, 0.2438417417886986, 0.2056155322982951, 0.1639974803481875]",5,5,235,ok,,,False,,0.00014041700342204422
tfidf,1268,2181,"[""lifestyle"", ""health"", ""advice"", ""lifestyle improvement"", ""assessment""]","[0.23634510727094363, 0.16468191426108453, 0.1443237324671339, 0.14180706436256615, 0.09581361428588231]",5,5,396,ok,,,False,,0.00023920799139887094
tfidf,1269,2182,"[""organizational"", ""shadow structure"", ""organizational structures"", ""unstable"", ""shadow""]","[0.11967198483992433, 0.1135405249550575, 0.10771917494434921, 0.09776751137013451, 0.09363719780662808]",5,5,327,ok,,,False,,0.00019266600429546088
tfidf,1270,2183,"[""organisational"", ""based structures"", ""knowledge based structures"", ""organisational commitment"", ""commitment""]","[0.23523886993373058, 0.15470279966056108, 0.15470279966056108, 0.15470279966056108, 0.14677101367650752]",5,5,336,ok,,,False,,0.00020008301362395287
tfidf,1271,2184,"[""organization structures"", ""structures"", ""organization"", ""information systems"", ""information""]","[0.289595813298506, 0.19732872334554274, 0.1858451493859147, 0.15333600654689086, 0.12532675551486894]",5,5,235,ok,,,False,,0.00014283299969974905
tfidf,1272,2185,"[""gem"", ""enterprise"", ""enterprise model"", ""framework gem"", ""general enterprise""]","[0.2216232542529988, 0.11313112228484788, 0.1108116271264994, 0.1108116271264994, 0.1108116271264994]",5,5,330,ok,,,False,,0.00019295899255666882
tfidf,1273,2186,"[""zeolite"", ""directing"", ""structure directing"", ""zeolite synthesis"", ""high throughput""]","[0.23012115253177098, 0.15341410168784733, 0.15341410168784733, 0.15341410168784733, 0.13563876227636545]",5,5,164,ok,,,False,,9.966699872165918e-05
tfidf,1274,2187,"[""pm synchronous"", ""intelligent control"", ""pm"", ""vsc"", ""variable structure""]","[0.146648524502408, 0.13912969023578503, 0.13912969023578503, 0.13912969023578503, 0.1296570793318249]",5,5,193,ok,,,False,,0.00012199999764561653
tfidf,1275,2188,"[""ac"", ""admittance"", ""variable admittance"", ""variable"", ""dc""]","[0.20696216493808475, 0.1505721662117616, 0.1505721662117616, 0.14756404170973475, 0.14498305521430013]",5,5,373,ok,,,False,,0.00022124999668449163
tfidf,1276,2189,"[""mobile computing"", ""design competitions"", ""killer"", ""motorola"", ""competitions""]","[0.22466401708130448, 0.1578701931889206, 0.1578701931889206, 0.1578701931889206, 0.14977601138753632]",5,5,150,ok,,,False,,9.287499415222555e-05
tfidf,1277,219,"[""card"", ""firewall"", ""3000 firewall"", ""3000 firewall pci"", ""3000 firewall pci card""]","[0.22464429682868034, 0.22464429682868034, 0.136197109629239, 0.136197109629239, 0.136197109629239]",5,5,56,ok,,,False,,4.7291003284044564e-05
tfidf,1278,2190,"[""service discovery"", ""discovery"", ""service"", ""plug play"", ""plug""]","[0.26641706101665025, 0.21971491721877384, 0.17133970669853696, 0.1263787798020639, 0.11777431151385453]",5,5,207,ok,,,False,,0.00012504200276453048
tfidf,1279,2191,"[""speech"", ""wearable"", ""speech recognition"", ""recognition"", ""input""]","[0.309121457885967, 0.1555947128368511, 0.14500108489935565, 0.10650471874983279, 0.08437983814391528]",5,5,146,ok,,,False,,8.90829978743568e-05
tfidf,1280,2192,"[""internet services"", ""mobile"", ""services"", ""novel"", ""advances mobile""]","[0.1677299111030156, 0.16390609319349428, 0.13945751067789317, 0.0986275808039454, 0.08839717797291087]",5,5,135,ok,,,False,,8.225000055972487e-05
tfidf,1281,2193,"[""augments integrates"", ""augments integrates independent"", ""augments integrates independent tools"", ""computer electronic"", ""computer electronic whiteboard""]","[0.10928455976026485, 0.10928455976026485, 0.10928455976026485, 0.10928455976026485, 0.10928455976026485]",5,5,98,ok,,,False,,6.724998820573092e-05
tfidf,1282,2194,"[""dependent information"", ""dependent information services"", ""location dependent"", ""location dependent information"", ""location dependent information services""]","[0.18192863424872546, 0.18192863424872546, 0.18192863424872546, 0.18192863424872546, 0.18192863424872546]",5,5,107,ok,,,False,,7.087500125635415e-05
tfidf,1283,2195,"[""privacy"", ""privacy control"", ""aware systems"", ""context aware systems"", ""information spaces""]","[0.322128452987349, 0.19529970199810506, 0.1464747764985788, 0.1464747764985788, 0.1464747764985788]",5,5,297,ok,,,False,,0.00017791699792724103
tfidf,1284,2196,"[""conchat"", ""person"", ""electronic communication"", ""chat"", ""contextual""]","[0.2066287786650886, 0.16208671352298987, 0.15497158399881644, 0.14702601714039226, 0.13701578675197087]",5,5,275,ok,,,False,,0.00016429199604317546
tfidf,1285,2197,"[""adaptation"", ""aware decision"", ""aware decision engine"", ""content adaptation"", ""decision engine""]","[0.2013422420856626, 0.1840283927718567, 0.1840283927718567, 0.1840283927718567, 0.1840283927718567]",5,5,104,ok,,,False,,6.908400973770767e-05
tfidf,1286,2198,"[""context sensitive"", ""sensitive"", ""context"", ""context sensitive middleware"", ""reconfigurable context""]","[0.27101324315847575, 0.2135852547605103, 0.17950495438060612, 0.15326464406964133, 0.15326464406964133]",5,5,137,ok,,,False,,8.395800250582397e-05
tfidf,1287,2199,"[""wearable sensors"", ""wearable"", ""sensors"", ""location"", ""acceleration angular""]","[0.17640543828493271, 0.16736093368663643, 0.1300203900785298, 0.1167545601388065, 0.08820271914246636]",5,5,136,ok,,,False,,8.291601261589676e-05
tfidf,1288,22,"[""300 mm"", ""conveyor"", ""conveyor based"", ""300"", ""mm""]","[0.17344663102455002, 0.17344663102455002, 0.17344663102455002, 0.14597059337454094, 0.12294552562913777]",5,5,133,ok,,,False,,8.087500464171171e-05
tfidf,1289,220,"[""asset management crucial"", ""asset management crucial success"", ""avoid merger"", ""avoid merger pitfalls"", ""avoid merger pitfalls paul""]","[0.1475135583603596, 0.1475135583603596, 0.1475135583603596, 0.1475135583603596, 0.1475135583603596]",5,5,50,ok,,,False,,4.387499939184636e-05
tfidf,1290,2200,"[""labscape"", ""laboratory"", ""smart"", ""biology laboratory"", ""cell biology""]","[0.17337194366620026, 0.1653561100521898, 0.12289258440753016, 0.11558129577746683, 0.11558129577746683]",5,5,290,ok,,,False,,0.00016858300659805536
tfidf,1291,223,"[""intranets"", ""based streaming media"", ""based streaming media specialist"", ""benefit linking"", ""benefit linking corporate""]","[0.21326069030812336, 0.11239285272270126, 0.11239285272270126, 0.11239285272270126, 0.11239285272270126]",5,5,85,ok,,,False,,5.8833000366576016e-05
tfidf,1292,224,"[""java"", ""portability"", ""aims enable"", ""aims enable companies"", ""aims enable companies assess""]","[0.22363883801388745, 0.17587176780992314, 0.09638378381483757, 0.09638378381483757, 0.09638378381483757]",5,5,115,ok,,,False,,7.56250083213672e-05
tfidf,1293,225,"[""hotel"", ""cctv"", ""security"", ""hotel security"", ""arise""]","[0.23374449086905905, 0.20359119169570633, 0.17522813652285246, 0.1357274611304709, 0.10810506940849175]",5,5,208,ok,,,False,,0.00012270799197722226
tfidf,1294,226,"[""carrying viruses"", ""carrying viruses like"", ""carrying viruses like recent"", ""computer ease"", ""deceptively""]","[0.12716390783167722, 0.12716390783167722, 0.12716390783167722, 0.12716390783167722, 0.12716390783167722]",5,5,70,ok,,,False,,5.1292008720338345e-05
tfidf,1295,227,"[""distinguishability"", ""quantum states"", ""states"", ""orthogonal"", ""measurement""]","[0.17081202852111754, 0.14708287589126767, 0.14293536455214959, 0.1360494482493133, 0.10838229484020713]",5,5,140,ok,,,False,,8.558300032746047e-05
tfidf,1296,228,"[""electrophoresis"", ""gel electrophoresis"", ""gel"", ""layer gel"", ""layer gel electrophoresis""]","[0.2249331642079615, 0.1874443035066346, 0.171015080124592, 0.14995544280530765, 0.14995544280530765]",5,5,499,ok,,,False,,0.0003106250078417361
tfidf,1297,229,"[""care things"", ""care things properly"", ""care things properly soon"", ""deliver time"", ""health care things""]","[0.14762136077395765, 0.14762136077395765, 0.14762136077395765, 0.14762136077395765, 0.14762136077395765]",5,5,54,ok,,,False,,4.533299943432212e-05
tfidf,1298,23,"[""coating"", ""wave"", ""absorbing"", ""layer"", ""incident""]","[0.13297261696331486, 0.11894657942226144, 0.11756573211406421, 0.1158493581542105, 0.11450010334216218]",5,5,492,ok,,,False,,0.0002969170018332079
tfidf,1299,230,"[""house fulfillment"", ""fulfillment"", ""house"", ""13th"", ""13th annual""]","[0.23485542901527706, 0.20764388250523136, 0.17706675705404956, 0.11742771450763853, 0.11742771450763853]",5,5,75,ok,,,False,,5.337499896995723e-05
tfidf,1300,231,"[""writing"", ""daunting format"", ""daunting format make"", ""daunting format make look"", ""format make""]","[0.22632508444678898, 0.1372161357906803, 0.1372161357906803, 0.1372161357906803, 0.1372161357906803]",5,5,57,ok,,,False,,4.5540989958681166e-05
tfidf,1301,232,"[""ilumina"", ""resources"", ""instructional"", ""instructional resources"", ""library""]","[0.29446981522805643, 0.22294426321256186, 0.1690414414874697, 0.14723490761402822, 0.1419938997629476]",5,5,358,ok,,,False,,0.00021316600032150745
tfidf,1302,233,"[""licensing"", ""cnslp"", ""project"", ""canadian national"", ""canadian national site""]","[0.20143943692524008, 0.17087842226154146, 0.1641583853896418, 0.11391894817436098, 0.11391894817436098]",5,5,267,ok,,,False,,0.00015595799777656794
tfidf,1303,234,"[""site licensing"", ""licensing"", ""electronic site"", ""electronic site licensing"", ""electronic site licensing initiative""]","[0.19572916192247108, 0.18240298984296982, 0.13753782651461977, 0.13753782651461977, 0.13753782651461977]",5,5,169,ok,,,False,,0.00010112499876413494
tfidf,1304,235,"[""australian"", ""council australian"", ""australian university"", ""consortial"", ""consortial purchasing""]","[0.1872908277015252, 0.13685576237337976, 0.1298390140002935, 0.1298390140002935, 0.1298390140002935]",5,5,206,ok,,,False,,0.00012270799197722226
tfidf,1305,236,"[""netherlands"", ""licensing"", ""university"", ""academic provide"", ""academic provide access""]","[0.16014689101335167, 0.1492433291389775, 0.09925753493223827, 0.08440076748160327, 0.08440076748160327]",5,5,157,ok,,,False,,9.266599954571575e-05
tfidf,1306,237,"[""consortia"", ""library consortia"", ""library"", ""consortial"", ""international""]","[0.39269229673992045, 0.2690111231755427, 0.15566120458107943, 0.15313117277267646, 0.10905632146217992]",5,5,267,ok,,,False,,0.00015841700951568782
tfidf,1307,238,"[""oai"", ""archives"", ""interoperability"", ""metadata"", ""archives initiative""]","[0.18787737811498217, 0.1714101963669155, 0.1714101963669155, 0.16610894791859648, 0.12525158540998813]",5,5,230,ok,,,False,,0.00013816700084134936
tfidf,1308,239,"[""content standards"", ""books"", ""electronic books"", ""electronic"", ""standards""]","[0.15775440728063606, 0.15674798120972094, 0.14966616195258323, 0.14028065181460456, 0.13743992745891137]",5,5,354,ok,,,False,,0.0002084170118905604
tfidf,1309,24,"[""conjunction operations"", ""conjunction"", ""tuning"", ""based tuning"", ""operations""]","[0.28652287923515984, 0.24113420047587059, 0.20309824286730951, 0.1630995179885296, 0.15770956410802037]",5,5,223,ok,,,False,,0.00013404199853539467
tfidf,1310,240,"[""scholarly"", ""publishing"", ""euclid"", ""project euclid"", ""scholarly communication""]","[0.1592410669627557, 0.13921476895632373, 0.13533409150640768, 0.13533409150640768, 0.12839536090469642]",5,5,219,ok,,,False,,0.00012808400788344443
tfidf,1311,241,"[""online books"", ""books"", ""scholars"", ""online"", ""scholarly""]","[0.401834518622882, 0.36599835638143563, 0.24440953432935056, 0.22901276641800775, 0.1050709343336341]",5,5,276,ok,,,False,,0.00016275000234600157
tfidf,1312,242,"[""escholarship"", ""california"", ""escholarship program"", ""program"", ""california digital""]","[0.3019718865234083, 0.19922966733948344, 0.18118313191404495, 0.13618897762417365, 0.12078875460936331]",5,5,211,ok,,,False,,0.00012683299428317696
tfidf,1313,243,"[""project"", ""publishing"", ""bioone"", ""project described"", ""scholarly publishing""]","[0.15488746784749013, 0.13820930608048992, 0.13435665638321986, 0.13435665638321986, 0.11878940967559365]",5,5,226,ok,,,False,,0.00013287499314174056
tfidf,1314,244,"[""scholarly"", ""electronic scholarly"", ""electronic scholarly communication"", ""advancing"", ""scholarly communication""]","[0.15790611437322633, 0.1341995563054451, 0.1341995563054451, 0.12731899459547436, 0.12731899459547436]",5,5,221,ok,,,False,,0.00013237498933449388
tfidf,1315,245,"[""error"", ""operating conditions"", ""machine"", ""thermal"", ""temperature""]","[0.1619297309104934, 0.13080074217045215, 0.12284805615949727, 0.11051264872287767, 0.10716230686244792]",5,5,344,ok,,,False,,0.0002014579949900508
tfidf,1316,246,"[""step"", ""complexity"", ""complexity algorithm"", ""number processes"", ""point contention""]","[0.1263424095046103, 0.12550661687062228, 0.11400867611365743, 0.11400867611365743, 0.11400867611365743]",5,5,277,ok,,,False,,0.00016570799925830215
tfidf,1317,247,"[""disc"", ""exclusion"", ""mutual exclusion"", ""mutual"", ""congenial""]","[0.18787217733934886, 0.15509438697016759, 0.15509438697016759, 0.12816526749859322, 0.12749559566135168]",5,5,431,ok,,,False,,0.0002596669946797192
tfidf,1318,248,"[""protocol"", ""stabilizing"", ""synchronous"", ""behaviour"", ""quiescence""]","[0.21637602494161562, 0.14905231570965177, 0.13652207981923822, 0.1217458043475286, 0.11239032626233315]",5,5,300,ok,,,False,,0.00017741700867190957
tfidf,1319,249,"[""test set"", ""free test"", ""free test set"", ""process wait free"", ""process wait free test""]","[0.19519772314531827, 0.14718547434514162, 0.14718547434514162, 0.14718547434514162, 0.14718547434514162]",5,5,160,ok,,,False,,9.729199518915266e-05
tfidf,1320,25,"[""rule"", ""rule base"", ""informative"", ""rule based"", ""rules""]","[0.18903698577454955, 0.13437547062791969, 0.13021960493114662, 0.13021960493114662, 0.11798429871526402]",5,5,361,ok,,,False,,0.00021283399837557226
tfidf,1321,250,"[""microsoft project"", ""microsoft project 2002"", ""project 2002"", ""project"", ""microsoft""]","[0.18153579497743746, 0.18153579497743746, 0.18153579497743746, 0.15695697759590915, 0.1368669851093489]",5,5,121,ok,,,False,,7.966699195094407e-05
tfidf,1322,251,"[""adobe golive"", ""golive"", ""adobe"", ""adobe golive adobe"", ""adobe golive adobe golive""]","[0.1968532121391689, 0.1968532121391689, 0.17959931145931948, 0.09842660606958445, 0.09842660606958445]",5,5,106,ok,,,False,,7.050001295283437e-05
tfidf,1323,252,"[""uptime"", ""services"", ""activewatch"", ""freshwater"", ""freshwater software""]","[0.1501441902244808, 0.10527603553573867, 0.10009612681632053, 0.10009612681632053, 0.10009612681632053]",5,5,384,ok,,,False,,0.00022941701172385365
tfidf,1324,253,"[""streaming"", ""streaming content"", ""accessibility"", ""content"", ""accessible""]","[0.21250586371323918, 0.2099317858650811, 0.1254058505900519, 0.11517531189182385, 0.11063430218157169]",5,5,340,ok,,,False,,0.00019945899839513004
tfidf,1325,254,"[""web"", ""infrastructure"", ""performance"", ""complexity"", ""tools""]","[0.12055899862381446, 0.10956717626742939, 0.09644254800019945, 0.09051391778728554, 0.08826373525515832]",5,5,162,ok,,,False,,9.733400656841695e-05
tfidf,1326,255,"[""usability"", ""usability testing"", ""testing"", ""affecting profit"", ""affecting profit margin""]","[0.209314243838387, 0.1778897464675, 0.11934436581653496, 0.08894487323375, 0.08894487323375]",5,5,134,ok,,,False,,8.174999675247818e-05
tfidf,1327,256,"[""debugging"", ""web"", ""tools"", ""applications arming"", ""applications arming right""]","[0.20903349286173686, 0.16153132314945934, 0.11826042107704599, 0.11016503108649137, 0.11016503108649137]",5,5,89,ok,,,False,,6.0834005125798285e-05
tfidf,1328,257,"[""unsafe"", ""approach language"", ""approach language incorporates"", ""approach language incorporates like"", ""boon programmers""]","[0.19493497755925143, 0.10273481808421901, 0.10273481808421901, 0.10273481808421901, 0.10273481808421901]",5,5,105,ok,,,False,,6.937500438652933e-05
tfidf,1329,258,"[""collections"", ""digital"", ""oac"", ""digital collections"", ""user""]","[0.15974782403737953, 0.15256415128709833, 0.14125611670519467, 0.13401375723204723, 0.1050081856563982]",5,5,212,ok,,,False,,0.00012395800149533898
tfidf,1330,259,"[""archival"", ""legacy"", ""end users"", ""archival information"", ""archival information systems""]","[0.23180056195944113, 0.14192788436269488, 0.13432181725491898, 0.11242864206211566, 0.11242864206211566]",5,5,297,ok,,,False,,0.00017512499471195042
tfidf,1331,26,"[""quasi weighted"", ""weighted means"", ""quasi"", ""weighted"", ""weights""]","[0.211664845555373, 0.211664845555373, 0.20584782324041795, 0.1920847890695514, 0.1560084884717071]",5,5,165,ok,,,False,,9.841599967330694e-05
tfidf,1332,260,"[""virtual collections"", ""collections"", ""virtual"", ""archivists curators"", ""curators""]","[0.3779446313291229, 0.3747862889449756, 0.25603625273346375, 0.1657013361206429, 0.1657013361206429]",5,5,97,ok,,,False,,6.679199577774853e-05
tfidf,1333,261,"[""labor"", ""union"", ""unions"", ""archivists"", ""labor archivists""]","[0.3157908446916656, 0.24555595820643938, 0.2172460559881033, 0.20503754907438068, 0.15874442427176963]",5,5,473,ok,,,False,,0.00029162500868551433
tfidf,1334,262,"[""ead"", ""archival"", ""archival programs"", ""programs"", ""survey""]","[0.4266058255623812, 0.17591152625662235, 0.13491108886517947, 0.12294868350601067, 0.08662049807667767]",5,5,169,ok,,,False,,0.00010166600986849517
tfidf,1335,263,"[""archival"", ""12"", ""12 instruction"", ""access archival"", ""access archival materials""]","[0.21772071255179246, 0.14163356677499048, 0.13199948618587284, 0.13199948618587284, 0.13199948618587284]",5,5,205,ok,,,False,,0.00012199999764561653
tfidf,1336,264,"[""bearman"", ""archival"", ""imagination"", ""archival imagination"", ""david bearman""]","[0.3134838957581483, 0.30161958322137994, 0.19067165569691988, 0.15674194787907414, 0.10449463191938275]",5,5,289,ok,,,False,,0.00017162499716505408
tfidf,1337,265,"[""molecular"", ""surface patches"", ""molecular surfaces"", ""complexes"", ""surface""]","[0.14589095512756522, 0.1346800584495322, 0.12777486085591783, 0.12287554519423555, 0.11928652734876852]",5,5,233,ok,,,False,,0.0001380419998895377
tfidf,1338,266,"[""molecular"", ""molecular surfaces"", ""surface"", ""molecules"", ""patches""]","[0.1764399090463001, 0.11589778548013355, 0.10819846928205328, 0.10519053887626138, 0.10074663002162838]",5,5,281,ok,,,False,,0.00016324999160133302
tfidf,1339,267,"[""mp2"", ""mp2 energies"", ""energies"", ""parallel"", ""calculation canonical""]","[0.17874310382823644, 0.17874310382823644, 0.15803301718657065, 0.13388030006871188, 0.1191620692188243]",5,5,251,ok,,,False,,0.0001513339957455173
tfidf,1340,268,"[""conformational"", ""coordinates"", ""conformational space"", ""analyze"", ""used analyze""]","[0.1965497072634612, 0.16541386377679962, 0.1310331381756408, 0.12336939022275135, 0.11585097121968017]",5,5,227,ok,,,False,,0.0001365000061923638
tfidf,1341,269,"[""selection"", ""selection method"", ""subset"", ""compounds"", ""method""]","[0.20133827201072596, 0.19377164196706345, 0.13993425232439416, 0.12553444625158727, 0.11926929264910033]",5,5,476,ok,,,False,,0.0002928339963546023
tfidf,1342,27,"[""automata"", ""fuzzy automata"", ""computing"", ""computing values"", ""computing words""]","[0.2933689561572616, 0.25138268737501407, 0.20532377872174176, 0.20110614990001122, 0.20110614990001122]",5,5,264,ok,,,False,,0.00015745899872854352
tfidf,1343,270,"[""meqnums"", ""molecular equivalence"", ""molecular"", ""equivalence"", ""chemical""]","[0.15309433857246108, 0.15309433857246108, 0.14741160667790199, 0.12009245932971636, 0.11408823176258916]",5,5,333,ok,,,False,,0.0001999160012928769
tfidf,1344,271,"[""aggregation"", ""ensemble"", ""generalization"", ""term measures"", ""bagging""]","[0.12896920239844156, 0.12896920239844156, 0.10351993847319454, 0.09985069503587841, 0.09473123795351578]",5,5,402,ok,,,False,,0.00023874999897088856
tfidf,1345,272,"[""large compound"", ""mp"", ""compound"", ""molecules"", ""compound pools""]","[0.197385839493245, 0.1800852547925115, 0.17451571051936693, 0.16996506150203228, 0.14803937961993374]",5,5,342,ok,,,False,,0.00019937499018851668
tfidf,1346,273,"[""descriptors"", ""chemically"", ""define chemically"", ""molecular"", ""scaling""]","[0.19068812108313743, 0.18170940757453571, 0.14364699833579334, 0.1383149436914988, 0.13576322669491916]",5,5,406,ok,,,False,,0.00023941599647514522
tfidf,1347,274,"[""mtd"", ""pls"", ""mtd pls"", ""fragmental"", ""hydrolysis""]","[0.38758993037875905, 0.2298236000629722, 0.14534622389203464, 0.09689748259468976, 0.09689748259468976]",5,5,328,ok,,,False,,0.0001959169894689694
tfidf,1348,275,"[""uv"", ""organic"", ""compounds"", ""descriptors"", ""absorbance""]","[0.15217496090159222, 0.14437278004480417, 0.12323268291617083, 0.12120527838273924, 0.10144997393439482]",5,5,351,ok,,,False,,0.0002078749967040494
tfidf,1349,276,"[""crown ethers"", ""ethers"", ""macrocyclic"", ""crown"", ""sup""]","[0.18516262001949954, 0.18516262001949954, 0.18516262001949954, 0.17566912489553435, 0.14862945702629973]",5,5,375,ok,,,False,,0.000227833996177651
tfidf,1350,277,"[""compounds"", ""linear extensions"", ""order"", ""extensions"", ""compounds experimentally""]","[0.20823744993623425, 0.15428630645256602, 0.1501367378113348, 0.10580695653172541, 0.10285753763504403]",5,5,337,ok,,,False,,0.00019883298955392092
tfidf,1351,278,"[""descriptors"", ""isomerism"", ""ze"", ""ze isomerism"", ""isomerism descriptors""]","[0.26368806308452836, 0.24829810152776588, 0.24829810152776588, 0.24829810152776588, 0.20691508460647157]",5,5,368,ok,,,False,,0.00022029200044926256
tfidf,1352,279,"[""students"", ""instructors"", ""international students"", ""teaching learning"", ""communication""]","[0.18222813097314786, 0.171979987809069, 0.15927824888693046, 0.15111187449126381, 0.12015352736662398]",5,5,320,ok,,,False,,0.00018829100008588284
tfidf,1353,28,"[""interval type"", ""type"", ""fls"", ""interval type fls"", ""type fls""]","[0.29321888822627645, 0.25846537902070027, 0.24434907352189705, 0.19547925881751763, 0.19547925881751763]",5,5,274,ok,,,False,,0.0001615410001249984
tfidf,1354,280,"[""entrepreneurs"", ""entrepreneurs action"", ""program"", ""action"", ""problem""]","[0.1292197552917985, 0.1292197552917985, 0.1092711802039212, 0.08154379989401846, 0.07236337764258267]",5,5,261,ok,,,False,,0.00015204200462903827
tfidf,1355,281,"[""inquiry"", ""discomfort"", ""course"", ""preservice"", ""systematic inquiry""]","[0.2205924993635515, 0.13235549961813087, 0.1316509723802456, 0.09671382751009845, 0.09671382751009845]",5,5,394,ok,,,False,,0.00023558300745207816
tfidf,1356,282,"[""students"", ""internet inquiry"", ""online support"", ""pre selected"", ""pre selected relevant""]","[0.1650790812078843, 0.14428895715628928, 0.14428895715628928, 0.14428895715628928, 0.14428895715628928]",5,5,264,ok,,,False,,0.00015900000289548188
tfidf,1357,283,"[""alien"", ""alien rescue"", ""rescue"", ""pbl"", ""problem based""]","[0.2846241598202759, 0.2846241598202759, 0.27003116003915417, 0.12198178278011823, 0.12198178278011823]",5,5,450,ok,,,False,,0.0002732499997364357
tfidf,1358,284,"[""project based learning"", ""project based"", ""based learning"", ""learning"", ""teachers""]","[0.21126955520611398, 0.1927520828083296, 0.17780191032391254, 0.17443229777911703, 0.1283160216649828]",5,5,296,ok,,,False,,0.0001748750073602423
tfidf,1359,285,"[""multimedia"", ""information complexity"", ""presentation"", ""comprehension"", ""complexity""]","[0.23698971291884843, 0.19875945346892115, 0.19724349484685577, 0.18856883344987801, 0.15316324334604653]",5,5,449,ok,,,False,,0.00027208300889469683
tfidf,1360,286,"[""data analysis"", ""raman"", ""analysis"", ""spectra"", ""data""]","[0.17761592666548603, 0.15324551721069252, 0.15034708538962505, 0.12037252678978548, 0.11337594339508678]",5,5,328,ok,,,False,,0.0001945000112755224
tfidf,1361,287,"[""inductor"", ""voice coil"", ""coil"", ""losses"", ""voice""]","[0.16213505930739347, 0.16213505930739347, 0.1433492653159539, 0.13961130847869083, 0.12540040391883256]",5,5,311,ok,,,False,,0.00018191699928138405
tfidf,1362,288,"[""transitions"", ""global"", ""phase"", ""complexity"", ""finite""]","[0.0989244844966017, 0.07552289609180199, 0.07401026246096032, 0.07040127425593777, 0.06563336562834647]",5,5,278,ok,,,False,,0.00015941700257826596
tfidf,1363,289,"[""memory recall"", ""noise effect"", ""noise"", ""recall"", ""memory recall dynamical""]","[0.22674518549159095, 0.22674518549159095, 0.22531645217664945, 0.20687129637597867, 0.1700588891186932]",5,5,221,ok,,,False,,0.00013137501082383096
tfidf,1364,29,"[""fpnn"", ""fuzzy"", ""neural networks"", ""networks"", ""neural""]","[0.1854654879587089, 0.18297283437049108, 0.17751113863898055, 0.1656857111304219, 0.1568338580318495]",5,5,395,ok,,,False,,0.00023512500047218055
tfidf,1365,290,"[""ma resonance"", ""ma resonance mode"", ""resonance mode"", ""scheme compensate"", ""microactuator""]","[0.14161898024266673, 0.14161898024266673, 0.14161898024266673, 0.14161898024266673, 0.13435801634912767]",5,5,192,ok,,,False,,0.00011462499969638884
tfidf,1366,291,"[""1024"", ""1024 bits"", ""liquid crystal"", ""nuclear magnetic"", ""nuclear magnetic resonance""]","[0.11063789907132263, 0.11063789907132263, 0.10094064647757653, 0.10094064647757653, 0.10094064647757653]",5,5,326,ok,,,False,,0.00019116699695587158
tfidf,1367,292,"[""earshell"", ""noise"", ""anr"", ""earshell vibration"", ""headset""]","[0.22913993369313584, 0.1561344760759429, 0.1374839602158815, 0.1374839602158815, 0.1374839602158815]",5,5,409,ok,,,False,,0.00024175000726245344
tfidf,1368,293,"[""coherence"", ""traffic noise"", ""room"", ""high rise"", ""noise""]","[0.21993514977884565, 0.1446384410201314, 0.14371569090234726, 0.13722266598725524, 0.13688292058251011]",5,5,371,ok,,,False,,0.00021987500076647848
tfidf,1369,294,"[""storage"", ""ohio state"", ""ohio state university"", ""ohio state university libraries"", ""shelving""]","[0.1235336401344058, 0.12188903068418434, 0.12188903068418434, 0.12188903068418434, 0.12188903068418434]",5,5,248,ok,,,False,,0.00014787499094381928
tfidf,1370,295,"[""hours"", ""hours operation"", ""libraries"", ""hours operation service"", ""operation service""]","[0.308100402162301, 0.21468408621716062, 0.2140166465333501, 0.14312272414477376, 0.14312272414477376]",5,5,162,ok,,,False,,9.787500312086195e-05
tfidf,1371,296,"[""legal"", ""basic legal"", ""legal reference"", ""legal reference questions"", ""reference questions""]","[0.18448467416559436, 0.1779456519255184, 0.1779456519255184, 0.1779456519255184, 0.1779456519255184]",5,5,116,ok,,,False,,7.599999662488699e-05
tfidf,1372,297,"[""library"", ""systems librarian"", ""librarianship"", ""librarian"", ""services""]","[0.19344947282187738, 0.16715809215784297, 0.13785575984044546, 0.13536616040979702, 0.08790420673513048]",5,5,149,ok,,,False,,8.924999565351754e-05
tfidf,1373,298,"[""electronic"", ""job advertisements"", ""advertisements"", ""librarianship"", ""librarians""]","[0.1803405978014563, 0.1352028890978889, 0.12335255048886244, 0.11150221187983597, 0.09671384828600905]",5,5,228,ok,,,False,,0.00013595899508800358
tfidf,1374,299,"[""illiad"", ""virginia tech"", ""virginia"", ""tech"", ""reach""]","[0.1984317575627173, 0.1984317575627173, 0.18103949964876145, 0.16699777461623394, 0.1406559273648204]",5,5,198,ok,,,False,,0.00011945799633394927
tfidf,1375,3,"[""nuvox"", ""cash"", ""market"", ""78 million"", ""78 million funding""]","[0.21482030019716267, 0.1899301257837927, 0.11984096665685552, 0.10741015009858133, 0.10741015009858133]",5,5,89,ok,,,False,,6.212499283719808e-05
tfidf,1376,30,"[""sugeno yasukawa"", ""yasukawa"", ""sugeno"", ""qualitative"", ""details""]","[0.121019599884337, 0.121019599884337, 0.11278001004902226, 0.09304057816077242, 0.08234167811087925]",5,5,271,ok,,,False,,0.0001557500072522089
tfidf,1377,300,"[""client"", ""far expensive"", ""pcs"", ""expensive"", ""far""]","[0.25479333929123243, 0.17487130119106448, 0.1492653920228518, 0.14069464562222203, 0.11695433209990472]",5,5,113,ok,,,False,,7.541700324509293e-05
tfidf,1378,301,"[""community"", ""libraries"", ""academic libraries"", ""broader community"", ""academic""]","[0.26640873753574384, 0.1560812207991628, 0.1535216298183782, 0.1304733175576664, 0.1235022857891104]",5,5,220,ok,,,False,,0.00013158300134819
tfidf,1379,302,"[""search engines"", ""engines"", ""internet search engines"", ""internet search"", ""search""]","[0.294750059108116, 0.25380347472065257, 0.2105357565057972, 0.1920826005078149, 0.17191030594572565]",5,5,385,ok,,,False,,0.00023554200015496463
tfidf,1380,303,"[""words"", ""fragmented"", ""word"", ""260"", ""fragmented words""]","[0.16565114681678317, 0.16276257852276538, 0.13180663304185172, 0.1085083856818436, 0.1085083856818436]",5,5,310,ok,,,False,,0.00018375000217929482
tfidf,1381,304,"[""kanji"", ""japanese"", ""database"", ""945"", ""945 basic""]","[0.421774145050816, 0.15776001556580768, 0.14206654659525114, 0.14059138168360533, 0.14059138168360533]",5,5,320,ok,,,False,,0.00019299999985378236
tfidf,1382,305,"[""reprogramming"", ""screen"", ""display"", ""vesa"", ""ultrafast""]","[0.20839754717554054, 0.1687622503691567, 0.1571191179659336, 0.13893169811702702, 0.13180851419092304]",5,5,200,ok,,,False,,0.00012104200141038746
tfidf,1383,306,"[""keyboard"", ""pc"", ""joystick"", ""keyboard delay"", ""msec""]","[0.3114528699440672, 0.14589869767762342, 0.10381762331468906, 0.10381762331468906, 0.10381762331468906]",5,5,358,ok,,,False,,0.00021100000594742596
tfidf,1384,307,"[""schedules"", ""subjects"", ""program"", ""human subjects"", ""nonhuman""]","[0.24405382943306234, 0.2269278648369463, 0.21047267713180506, 0.12444831191457009, 0.12444831191457009]",5,5,207,ok,,,False,,0.0001263330050278455
tfidf,1385,308,"[""questions"", ""student"", ""applet freely"", ""applet freely available"", ""applet freely available java""]","[0.1445714584603996, 0.11589061873197429, 0.10698507862209258, 0.10698507862209258, 0.10698507862209258]",5,5,293,ok,,,False,,0.00017179199494421482
tfidf,1386,309,"[""wextor"", ""web"", ""pages"", ""experimental"", ""designs""]","[0.2635566193437576, 0.19322215510460602, 0.10671528715900391, 0.10183907343653405, 0.10058774713840636]",5,5,481,ok,,,False,,0.00029658399580512196
tfidf,1387,31,"[""adaptive control"", ""adaptive"", ""control"", ""nonlinear"", ""adaptive control methods""]","[0.20185241609316806, 0.18912050216182905, 0.12504706176903238, 0.11809069713830572, 0.11415249803503567]",5,5,307,ok,,,False,,0.00018116700812242925
tfidf,1388,310,"[""epsych"", ""demonstrations"", ""psychology"", ""interactive"", ""classes""]","[0.17312377458722705, 0.10949834971063876, 0.09713258752644165, 0.0779820790855483, 0.07206457907136903]",5,5,313,ok,,,False,,0.0001857919996837154
tfidf,1389,311,"[""inductive"", ""ia"", ""design"", ""ia design"", ""internal theory""]","[0.20577344035163822, 0.20040771882809758, 0.18175806129418592, 0.11636993353877394, 0.11636993353877394]",5,5,261,ok,,,False,,0.00015462499868590385
tfidf,1390,312,"[""information architecture"", ""portal"", ""matrix"", ""architecture"", ""information""]","[0.213554944485869, 0.2100415724457431, 0.19225823532320116, 0.14866625001049866, 0.14265547925500036]",5,5,199,ok,,,False,,0.00012195800081826746
tfidf,1391,313,"[""information architecture"", ""architecture"", ""information"", ""education"", ""architecture education""]","[0.242774558146716, 0.16900748069551844, 0.16217428740280188, 0.12825909166316188, 0.09993076517157702]",5,5,379,ok,,,False,,0.00022745800379198045
tfidf,1392,314,"[""ia"", ""summit"", ""ia new"", ""architecture information"", ""just""]","[0.20071634569205754, 0.18647862822781106, 0.09323931411390553, 0.08845882994377981, 0.08519330738632842]",5,5,446,ok,,,False,,0.000270208009169437
tfidf,1393,315,"[""public"", ""library internet"", ""internet"", ""public library"", ""library""]","[0.2075819776472369, 0.19978069867080472, 0.1935454649939108, 0.1895377182652892, 0.18496248833163145]",5,5,476,ok,,,False,,0.0002913330099545419
tfidf,1394,316,"[""fractional frequency"", ""fractional frequency distributions"", ""frequency distributions"", ""fractional"", ""lotka""]","[0.2151457663700995, 0.2151457663700995, 0.2151457663700995, 0.1906293104181971, 0.16135932477757464]",5,5,274,ok,,,False,,0.0001628339960006997
tfidf,1395,317,"[""digital democracy"", ""democracy"", ""internet"", ""digital"", ""query""]","[0.1958277522320051, 0.17866373163690058, 0.14228691866866489, 0.1321902703870546, 0.11073169089903022]",5,5,394,ok,,,False,,0.00023608400078956038
tfidf,1396,318,"[""yang et"", ""yang et al"", ""yang"", ""fluctuating demand"", ""lot size""]","[0.19012789532958038, 0.19012789532958038, 0.1803798249736357, 0.12675193021972025, 0.12675193021972025]",5,5,197,ok,,,False,,0.0001204169966513291
tfidf,1397,319,"[""experimental cost"", ""highly reliable products"", ""identification rule"", ""reliable products"", ""experiment""]","[0.10725497069563936, 0.10725497069563936, 0.10725497069563936, 0.10725497069563936, 0.10208186119259817]",5,5,361,ok,,,False,,0.0002140420110663399
tfidf,1398,32,"[""linguistic"", ""fcm"", ""fuzzy"", ""fuzzy means"", ""linguistic fuzzy""]","[0.22903174011110605, 0.18226802752870233, 0.1370044554395104, 0.12151201835246822, 0.12151201835246822]",5,5,265,ok,,,False,,0.00015283298853319138
tfidf,1399,320,"[""warranty"", ""manufacturer"", ""reserves"", ""replacement"", ""sales""]","[0.41399794567131654, 0.16268001533978238, 0.12201001150483679, 0.11613855979504807, 0.10533630503809846]",5,5,361,ok,,,False,,0.00021491698862519115
tfidf,1400,321,"[""mac os"", ""mac"", ""os"", ""realbasic"", ""realbasic mac""]","[0.2656232737696555, 0.255438388757302, 0.24753837819350724, 0.16798683777332293, 0.16798683777332293]",5,5,240,ok,,,False,,0.0001442500069970265
tfidf,1401,322,"[""precision"", ""millisecond"", ""timing"", ""real world"", ""real""]","[0.13575151839233465, 0.12651754160232292, 0.10647563755427032, 0.09228041791340147, 0.08869686727561657]",5,5,271,ok,,,False,,0.00015583400090690702
tfidf,1402,323,"[""program"", ""server program"", ""animation"", ""experiments"", ""delivering""]","[0.19561332985132202, 0.1387947301458429, 0.13167856872118353, 0.10600635587675857, 0.10343194587048793]",5,5,208,ok,,,False,,0.0001253340014955029
tfidf,1403,324,"[""netcloak"", ""create"", ""server"", ""experiments"", ""cgi""]","[0.2204816218054533, 0.17897754338316796, 0.1459265373157439, 0.11226388418270365, 0.11024081090272665]",5,5,301,ok,,,False,,0.00017954199574887753
tfidf,1404,325,"[""courseware"", ""noncommercial"", ""commercial"", ""peer"", ""products""]","[0.17731397501632415, 0.16822288872120103, 0.11814267410401678, 0.1078484402294405, 0.10701187521821515]",5,5,282,ok,,,False,,0.00016558400238864124
tfidf,1405,326,"[""javascript"", ""optimal strategy"", ""concerning"", ""scenario"", ""probability""]","[0.1291531148847207, 0.1291531148847207, 0.12647386522270915, 0.10678724252387956, 0.10502958515546032]",5,5,442,ok,,,False,,0.0002634999982547015
tfidf,1406,327,"[""sert"", ""lsa"", ""human judgments"", ""human judgments lsa"", ""judgments lsa""]","[0.2527376387900269, 0.2106146989916891, 0.12636881939501346, 0.12636881939501346, 0.12636881939501346]",5,5,401,ok,,,False,,0.00024354099878109992
tfidf,1407,328,"[""home"", ""survey"", ""web"", ""data collected"", ""collected""]","[0.15795526024286458, 0.1485171310473353, 0.14299945493638716, 0.13346728114383308, 0.11651745403517168]",5,5,389,ok,,,False,,0.00023637500999029726
tfidf,1408,329,"[""skills"", ""web"", ""document level"", ""document level literacy"", ""document level literacy skills""]","[0.1602092620843175, 0.1497947829865954, 0.1225927945309553, 0.1225927945309553, 0.1225927945309553]",5,5,256,ok,,,False,,0.0001510419970145449
tfidf,1409,33,"[""loop"", ""decoupler"", ""error loop"", ""multivariable process"", ""control""]","[0.250718738985857, 0.12946709957905123, 0.12946709957905123, 0.12946709957905123, 0.11818605722459537]",5,5,226,ok,,,False,,0.0001365000061923638
tfidf,1410,330,"[""restrictions"", ""password"", ""additional restrictions"", ""passwords"", ""proactive""]","[0.2827283297016296, 0.25292767397452726, 0.1686184493163515, 0.1686184493163515, 0.12646383698726363]",5,5,379,ok,,,False,,0.00022870799875818193
tfidf,1411,331,"[""data visualization"", ""visualization"", ""data"", ""multidimensional"", ""multidimensional data""]","[0.1994972610341444, 0.19817152861676912, 0.18449308164252007, 0.1300629472630024, 0.10513923707926214]",5,5,335,ok,,,False,,0.0002003339905058965
tfidf,1412,332,"[""mixed effects"", ""repeated"", ""effects models"", ""mixed effects models"", ""ordinal""]","[0.22071245390302457, 0.16847209953423953, 0.16553434042726844, 0.16553434042726844, 0.16553434042726844]",5,5,245,ok,,,False,,0.00014854200708214194
tfidf,1413,333,"[""generators"", ""experiment generators"", ""instructional"", ""instructional method"", ""teacher instructional""]","[0.19824093250578562, 0.17266763183022033, 0.14868069937933923, 0.11511175455348022, 0.11511175455348022]",5,5,301,ok,,,False,,0.00017341700731776655
tfidf,1414,334,"[""niche"", ""copper"", ""cable"", ""access"", ""access deliver""]","[0.19908679905082102, 0.14547522693421305, 0.11997383846688169, 0.07930136085756509, 0.07273761346710653]",5,5,205,ok,,,False,,0.00011941700358875096
tfidf,1415,335,"[""internship"", ""internship program"", ""ibm"", ""ideas"", ""program""]","[0.21209265227923926, 0.21209265227923926, 0.1875185170500296, 0.15033928570718783, 0.1195669314122967]",5,5,89,ok,,,False,,6.241700612008572e-05
tfidf,1416,338,"[""projects"", ""ahead big"", ""ahead big projects"", ""ahead big projects position"", ""big projects""]","[0.16984531358985838, 0.12831035014324146, 0.12831035014324146, 0.12831035014324146, 0.12831035014324146]",5,5,65,ok,,,False,,5.183399480301887e-05
tfidf,1417,339,"[""wavelet"", ""registration"", ""based correlation"", ""wavelet features"", ""correlation""]","[0.17239500663677185, 0.12008898780703978, 0.10205994204115042, 0.10205994204115042, 0.09768273720653838]",5,5,388,ok,,,False,,0.00023316599254030734
tfidf,1418,34,"[""pid"", ""multiobjective"", ""pid controller"", ""controller"", ""specifications""]","[0.2349344681893701, 0.22731193459673682, 0.1547337474623377, 0.12899235951466015, 0.12854171012316642]",5,5,251,ok,,,False,,0.0001477920013712719
tfidf,1419,340,"[""discusses problems"", ""paper discusses problems"", ""temelin"", ""plant"", ""power plant""]","[0.18261136557931815, 0.18261136557931815, 0.18261136557931815, 0.180118719474201, 0.16660574224973923]",5,5,110,ok,,,False,,7.28330051060766e-05
tfidf,1420,341,"[""captains"", ""cup"", ""cup matches"", ""day ryder"", ""day ryder cup""]","[0.16297275735749053, 0.16297275735749053, 0.16297275735749053, 0.16297275735749053, 0.16297275735749053]",5,5,112,ok,,,False,,7.566600106656551e-05
tfidf,1421,342,"[""hospital"", ""mount"", ""mount sinai"", ""mount sinai hospital"", ""operating room time""]","[0.17848343496380872, 0.1578229754997629, 0.1578229754997629, 0.1578229754997629, 0.1578229754997629]",5,5,137,ok,,,False,,8.499999239575118e-05
tfidf,1422,343,"[""program"", ""business innovation"", ""business innovation research"", ""business innovation research program"", ""innovation research""]","[0.17652435604410227, 0.15656301630832015, 0.15656301630832015, 0.15656301630832015, 0.15656301630832015]",5,5,142,ok,,,False,,8.954199438448995e-05
tfidf,1423,344,"[""projects"", ""benefit"", ""benefit faculty"", ""consulting projects"", ""projects benefit""]","[0.2728306168342246, 0.12024303832802474, 0.11777772958190688, 0.11777772958190688, 0.11777772958190688]",5,5,266,ok,,,False,,0.00015833298675715923
tfidf,1424,345,"[""ms"", ""strategic"", ""ms work"", ""strategic ms"", ""sis""]","[0.361173757722153, 0.22573359857634562, 0.18174636647647235, 0.18174636647647235, 0.12116424431764823]",5,5,223,ok,,,False,,0.00013345800107344985
tfidf,1425,346,"[""play"", ""baseball"", ""teams"", ""race"", ""baseball play""]","[0.20591386257822072, 0.1986152870568182, 0.1608404861559654, 0.131702031018472, 0.0993076435284091]",5,5,364,ok,,,False,,0.00021608300448860973
tfidf,1426,347,"[""rm"", ""revenue management"", ""rm systems"", ""pros"", ""revenue""]","[0.2814425855007557, 0.19099523192343554, 0.19099523192343554, 0.17425477477711265, 0.1575143176307898]",5,5,213,ok,,,False,,0.00012883299496024847
tfidf,1427,348,"[""information rate"", ""bounds"", ""access structure"", ""homogeneous access"", ""homogeneous access structure""]","[0.21760568465987404, 0.1861949614635407, 0.145070456439916, 0.145070456439916, 0.145070456439916]",5,5,126,ok,,,False,,8.174999675247818e-05
tfidf,1428,349,"[""qos"", ""reward"", ""clients"", ""priority"", ""self adjusting""]","[0.3505101749844044, 0.16505801214963103, 0.15890398884246962, 0.14191590032199006, 0.1356862101124503]",5,5,358,ok,,,False,,0.00021304099936969578
tfidf,1429,35,"[""fault"", ""qualitative"", ""fault diagnosis"", ""qualitative bond"", ""diagnosis""]","[0.29828200227856716, 0.1775856415002348, 0.16771916435020853, 0.14608320569743505, 0.13571827081415808]",5,5,339,ok,,,False,,0.0001986250135814771
tfidf,1430,350,"[""optimal routing"", ""routing policy"", ""routing"", ""optimal routing policy"", ""policy""]","[0.2872994392750394, 0.2872994392750394, 0.24205573696642635, 0.2394161993958662, 0.23166649172785336]",5,5,243,ok,,,False,,0.00014637500862590969
tfidf,1431,351,"[""sub"", ""sub sub"", ""availability constraints"", ""competitive ratio"", ""identical machines""]","[0.1877468317900346, 0.1609528883804137, 0.14711220583325763, 0.14711220583325763, 0.14711220583325763]",5,5,122,ok,,,False,,7.995800115168095e-05
tfidf,1432,352,"[""rsp"", ""data blocks"", ""disks"", ""blocks"", ""algorithm""]","[0.1533595451279176, 0.14549662930974608, 0.13559052691741533, 0.12030049646402267, 0.1188388780915054]",5,5,358,ok,,,False,,0.00021904200548306108
tfidf,1433,353,"[""encoded"", ""edit distance"", ""encoded strings"", ""length encoded"", ""length encoded strings""]","[0.2599769745812312, 0.21015809145377343, 0.21015809145377343, 0.21015809145377343, 0.21015809145377343]",5,5,64,ok,,,False,,4.966699634678662e-05
tfidf,1434,354,"[""partite"", ""hamiltonian"", ""vertices"", ""path"", ""assume subset""]","[0.19220068886930994, 0.17911475201394422, 0.17444417898750061, 0.13591388425660508, 0.13505838752923538]",5,5,125,ok,,,False,,8.195900591090322e-05
tfidf,1435,355,"[""identity"", ""identity based"", ""signature scheme"", ""signers"", ""society oriented""]","[0.28045831858401, 0.17003597643856033, 0.17003597643856033, 0.17003597643856033, 0.17003597643856033]",5,5,119,ok,,,False,,8.091599738691002e-05
tfidf,1436,356,"[""phase space"", ""operational phase"", ""operational phase space"", ""operational phase space probability"", ""phase space probability""]","[0.28215225295394614, 0.2257218023631569, 0.2257218023631569, 0.2257218023631569, 0.2257218023631569]",5,5,171,ok,,,False,,0.00010458400356583297
tfidf,1437,357,"[""embedding"", ""banach"", ""sub"", ""continuous fuzzy"", ""continuous fuzzy sets""]","[0.201470390615834, 0.1658668307749164, 0.16388852044700308, 0.12841762241117777, 0.12841762241117777]",5,5,215,ok,,,False,,0.00013162499817553908
tfidf,1438,358,"[""intuitionistic fuzzy"", ""intuitionistic fuzzy sets"", ""intuitionistic"", ""fuzzy sets"", ""fuzzy""]","[0.31599473940792644, 0.31599473940792644, 0.2997933348401369, 0.27938197902004874, 0.17814158542225209]",5,5,187,ok,,,False,,0.00011337499017827213
tfidf,1439,359,"[""neighborhood"", ""neighborhood systems"", ""rough set approximation"", ""set approximation"", ""rough set""]","[0.2671243908778572, 0.18613203799623412, 0.18613203799623412, 0.1765888397257362, 0.16981783279721224]",5,5,194,ok,,,False,,0.00011545799497980624
tfidf,1440,36,"[""temperature control"", ""temperature"", ""control"", ""barrel"", ""barrel temperature""]","[0.20514947210304885, 0.18262812179561197, 0.17765507507375308, 0.10811807075605062, 0.10811807075605062]",5,5,309,ok,,,False,,0.0001810829999158159
tfidf,1441,360,"[""binary"", ""binary relation"", ""numerical function"", ""representation binary"", ""semiorder""]","[0.21903172036546992, 0.21581249512206788, 0.15165027644446502, 0.15165027644446502, 0.15165027644446502]",5,5,154,ok,,,False,,9.462499292567372e-05
tfidf,1442,361,"[""structural analysis"", ""pretopological"", ""structural"", ""pretopological concepts"", ""structural analysis algorithm""]","[0.24244346639623673, 0.1916591808801024, 0.16399375712028377, 0.1277727872534016, 0.1277727872534016]",5,5,239,ok,,,False,,0.00015549999079667032
tfidf,1443,362,"[""page"", ""tree"", ""batch constructing"", ""batch constructing sup"", ""constructing sup""]","[0.1595903653404484, 0.15594799631882694, 0.13537840580660326, 0.13537840580660326, 0.13537840580660326]",5,5,407,ok,,,False,,0.000253541991696693
tfidf,1444,363,"[""libet"", ""simultaneity"", ""synthetic simultaneity"", ""time delays"", ""synthetic""]","[0.16076121393807952, 0.16076121393807952, 0.16076121393807952, 0.15251880626161027, 0.1261066197919319]",5,5,155,ok,,,False,,9.32080001803115e-05
tfidf,1445,364,"[""logic programming"", ""agent"", ""programming"", ""multi agent"", ""maclp""]","[0.1671399892034072, 0.16221221604995917, 0.15941619494084164, 0.155789245096641, 0.14895055589600778]",5,5,334,ok,,,False,,0.00019462501222733408
tfidf,1446,365,"[""sea"", ""maps"", ""feature maps"", ""organizing feature maps"", ""sea levels""]","[0.17325246018743481, 0.16824679421463104, 0.1369615156001652, 0.1369615156001652, 0.1369615156001652]",5,5,406,ok,,,False,,0.0002444580022711307
tfidf,1447,366,"[""rail"", ""fra"", ""grade crossing"", ""rail grade"", ""rail grade crossing""]","[0.30384252186414523, 0.1830072869912315, 0.13725546524342364, 0.13725546524342364, 0.13725546524342364]",5,5,349,ok,,,False,,0.0002074169897241518
tfidf,1448,367,"[""processing"", ""meaning"", ""processing meaning"", ""dialogue"", ""instead processing""]","[0.2772528527557078, 0.207556986557003, 0.19544307435868793, 0.17831277022544764, 0.13029538290579196]",5,5,194,ok,,,False,,0.00011716599692590535
tfidf,1449,368,"[""biological"", ""biological model"", ""model"", ""autonomous"", ""framework""]","[0.2706243107792813, 0.13913592099957328, 0.11333502371941682, 0.10368620648886633, 0.09351156587189764]",5,5,449,ok,,,False,,0.00027541699819266796
tfidf,1450,369,"[""nissan"", ""trademark"", ""dispute"", ""trademark dispute"", ""paper discusses""]","[0.3361444357069059, 0.2689155485655247, 0.13445777428276234, 0.13445777428276234, 0.09293248962692302]",5,5,187,ok,,,False,,0.00011466699652373791
tfidf,1451,37,"[""domain response"", ""pid"", ""pid controller"", ""domain"", ""time domain""]","[0.22651462316186877, 0.22474600341198556, 0.20558801166942542, 0.20381757523149008, 0.1498306689413237]",5,5,331,ok,,,False,,0.0001949159923242405
tfidf,1452,370,"[""laws"", ""defend"", ""treaties"", ""activities"", ""protecting""]","[0.11741057639465009, 0.10381964312544338, 0.10381964312544338, 0.0993669672300058, 0.09849669362473201]",5,5,376,ok,,,False,,0.00022116700711194426
tfidf,1453,371,"[""voting"", ""ballots"", ""voting systems"", ""election"", ""turns""]","[0.2405278254667605, 0.10545402355332749, 0.10545402355332749, 0.09621113018670419, 0.0827217593597612]",5,5,371,ok,,,False,,0.00022758300474379212
tfidf,1454,373,"[""tablet"", ""tablet pcs"", ""pcs"", ""handwritten text"", ""pen""]","[0.2701547094589339, 0.16209282567536035, 0.13835803247148679, 0.11390175443469633, 0.10806188378357356]",5,5,282,ok,,,False,,0.00017683301120996475
tfidf,1455,374,"[""waypoint"", ""guidance"", ""line segments"", ""waypoint line"", ""waypoint line segments""]","[0.35108918267944933, 0.1810290157995791, 0.17554459133972466, 0.17554459133972466, 0.17554459133972466]",5,5,214,ok,,,False,,0.00012941700697410852
tfidf,1456,375,"[""source"", ""sources"", ""electromagnetic vector"", ""electromagnetic vector sensor"", ""source trackers""]","[0.1796875505287853, 0.1321477605838304, 0.10470508675825355, 0.10470508675825355, 0.10470508675825355]",5,5,347,ok,,,False,,0.00020641699666157365
tfidf,1457,376,"[""transition probabilities"", ""regime"", ""probabilities"", ""regime variable"", ""transition""]","[0.17872107213623215, 0.15853791612354698, 0.1360402598795959, 0.12558633354653873, 0.1255155320504866]",5,5,245,ok,,,False,,0.00014791601279284805
tfidf,1458,377,"[""matlab"", ""ambiguity functions"", ""plotting ambiguity"", ""plotting ambiguity functions"", ""matlab code""]","[0.22414168943298063, 0.17755457911329345, 0.17755457911329345, 0.17755457911329345, 0.16845115677636482]",5,5,114,ok,,,False,,0.00010462499631103128
tfidf,1459,378,"[""pmlsm"", ""pmlsm servo"", ""pmlsm servo drive"", ""servo drive"", ""trapezoidal velocity""]","[0.20230787400218977, 0.15173090550164234, 0.15173090550164234, 0.15173090550164234, 0.15173090550164234]",5,5,283,ok,,,False,,0.0001690420031081885
tfidf,1460,379,"[""feedforward"", ""voltage"", ""mp point"", ""pv"", ""mp""]","[0.17499675692660863, 0.15073347306640825, 0.13926591001517713, 0.13212559067035243, 0.12705945347134406]",5,5,384,ok,,,False,,0.00022637499205302447
tfidf,1461,38,"[""isa"", ""standard"", ""symbols used"", ""drawings"", ""id""]","[0.24359086619965445, 0.15310297477288184, 0.12179543309982722, 0.11555084469352432, 0.11555084469352432]",5,5,259,ok,,,False,,0.00016233300266321748
tfidf,1462,380,"[""speed control"", ""srm"", ""srm drive"", ""control"", ""speed""]","[0.15025326471622336, 0.15025326471622336, 0.15025326471622336, 0.14630510041791617, 0.1072069568965887]",5,5,371,ok,,,False,,0.00021420900884550065
tfidf,1463,381,"[""robust fuzzy"", ""taguchi"", ""controlled photovoltaic"", ""fuzzy controlled"", ""fuzzy controlled photovoltaic""]","[0.17653476212981384, 0.17653476212981384, 0.1176898414198759, 0.1176898414198759, 0.1176898414198759]",5,5,269,ok,,,False,,0.00016370799858123064
tfidf,1464,382,"[""wavelet"", ""friction force"", ""wavelet neural"", ""friction"", ""feedback component""]","[0.1885708961451834, 0.18606044249466622, 0.18606044249466622, 0.15658622501945213, 0.13954533187099966]",5,5,356,ok,,,False,,0.00020804200903512537
tfidf,1465,383,"[""outlier"", ""fml"", ""algorithms"", ""smi"", ""maximum likelihood""]","[0.16657522515305748, 0.14508683592842142, 0.14024897587255725, 0.13764807118587805, 0.11749265412224977]",5,5,347,ok,,,False,,0.0002089159970637411
tfidf,1466,384,"[""star"", ""brightness"", ""brightness independent"", ""catalog"", ""attitude""]","[0.2169639582553926, 0.16272296869154446, 0.1143445525338046, 0.0984598436935774, 0.09430028166556681]",5,5,309,ok,,,False,,0.00020870800653938204
tfidf,1467,385,"[""failure"", ""spawning"", ""actuator"", ""filters"", ""partial""]","[0.22651676726822395, 0.16340776585528607, 0.15547995171739024, 0.15547995171739024, 0.13586344295491082]",5,5,399,ok,,,False,,0.00024387500889133662
tfidf,1468,386,"[""interference"", ""fetal"", ""signal"", ""cardiac"", ""template""]","[0.17983846378782037, 0.16655632995183398, 0.15939578426630788, 0.14725826501873837, 0.1348788478408653]",5,5,271,ok,,,False,,0.00015904199972283095
tfidf,1469,387,"[""buttons"", ""phone"", ""brain computer"", ""brain computer interface"", ""input phone""]","[0.1565858007041068, 0.1294693193463468, 0.1100319976868083, 0.1100319976868083, 0.1100319976868083]",5,5,322,ok,,,False,,0.00019533401064109057
tfidf,1470,388,"[""regularization"", ""ecg mapping"", ""ecg mapping data"", ""gauss newton"", ""gauss newton approach""]","[0.1434226213436975, 0.13505186461307506, 0.13505186461307506, 0.13505186461307506, 0.13505186461307506]",5,5,437,ok,,,False,,0.00026854200405068696
tfidf,1471,389,"[""autoregressive"", ""event related"", ""bayesian"", ""nonstationary"", ""multivariate""]","[0.14419553698678714, 0.14419553698678714, 0.12308139305695408, 0.11922471860483755, 0.11755245373374343]",5,5,182,ok,,,False,,0.00010804200428538024
tfidf,1472,39,"[""supervisory control"", ""supervisory"", ""events"", ""based hybrid systems"", ""events detection""]","[0.17028331922401996, 0.16501692200294318, 0.13004966441873894, 0.12442816211486618, 0.12442816211486618]",5,5,231,ok,,,False,,0.00013941600627731532
tfidf,1473,390,"[""expiration"", ""inspiration"", ""ann sub"", ""inspiration expiration"", ""ann""]","[0.17284641303112389, 0.16621890326311173, 0.14574989073053235, 0.14574989073053235, 0.12886256584697614]",5,5,576,ok,,,False,,0.0003730000025825575
tfidf,1474,391,"[""msps"", ""source"", ""sources"", ""test"", ""adjusted hotelling""]","[0.2003622284514179, 0.14326985426238223, 0.12643807772478435, 0.10820095457345298, 0.10018111422570895]",5,5,306,ok,,,False,,0.000186416000360623
tfidf,1475,392,"[""hypertensive"", ""normotensive"", ""blood"", ""blood flow"", ""normotensive hypertensive""]","[0.22991371927749504, 0.20117450436780815, 0.1962481047813052, 0.16582354354339454, 0.1436960745484344]",5,5,627,ok,,,False,,0.00039945800381246954
tfidf,1476,393,"[""ecg"", ""distortion"", ""distortion measure"", ""class distortion"", ""class distortion measure""]","[0.16058411312477258, 0.14047726442412975, 0.12923716563130574, 0.09081425931246996, 0.09081425931246996]",5,5,491,ok,,,False,,0.00029695899866055697
tfidf,1477,394,"[""microflora"", ""intestinal"", ""intestinal microflora"", ""simulation"", ""host""]","[0.2612705003805039, 0.19595287528537794, 0.19595287528537794, 0.11608804139601263, 0.10773526692275613]",5,5,225,ok,,,False,,0.00013412500265985727
tfidf,1478,395,"[""couplers"", ""coaxial"", ""coaxial couplers"", ""complex cross"", ""complex cross section""]","[0.22055017837850055, 0.20924232346261393, 0.11027508918925027, 0.11027508918925027, 0.11027508918925027]",5,5,299,ok,,,False,,0.0001768749934853986
tfidf,1479,396,"[""circuit"", ""device"", ""millimeter"", ""global"", ""circuit device""]","[0.21845350767891378, 0.1672232959404513, 0.15552754494396748, 0.12906270794788718, 0.10928836707133674]",5,5,299,ok,,,False,,0.00018529199587646872
tfidf,1480,397,"[""dqm"", ""transmission lines"", ""lines"", ""approximation"", ""domain""]","[0.3245161195727715, 0.15393890714508113, 0.11834913465177892, 0.11829443217264035, 0.10821409104207576]",5,5,515,ok,,,False,,0.00030695900204591453
tfidf,1481,398,"[""fetd"", ""microwave"", ""time domain"", ""element time"", ""element time domain""]","[0.1541030319092186, 0.13624786953243578, 0.12088371304066513, 0.10273535460614572, 0.10273535460614572]",5,5,345,ok,,,False,,0.00020887500431854278
tfidf,1482,399,"[""voltage"", ""low"", ""low voltage"", ""data retention"", ""data retention time""]","[0.19368444583335584, 0.18145556142075725, 0.1757947447689099, 0.14912436753449732, 0.14912436753449732]",5,5,274,ok,,,False,,0.0001678749977145344
tfidf,1483,4,"[""communications"", ""insider"", ""telecom"", ""stock"", ""industry""]","[0.148094013161519, 0.1439658225848153, 0.10854150333503125, 0.10611063123926888, 0.07977019614518571]",5,5,196,ok,,,False,,0.00012383400462567806
tfidf,1484,40,"[""pid"", ""pid controller"", ""tuning"", ""tuning method"", ""controller""]","[0.23608261067581685, 0.2159582541256432, 0.21333113824396835, 0.2006393592159571, 0.1620284436451223]",5,5,312,ok,,,False,,0.00018449999333824962
tfidf,1485,400,"[""rendering"", ""embedded dram"", ""rendering engine"", ""dram"", ""embedded""]","[0.16687129878260276, 0.15175583508091559, 0.15175583508091559, 0.14397514327485766, 0.1357485315583711]",5,5,317,ok,,,False,,0.00018887499754782766
tfidf,1486,401,"[""switching"", ""analog converter"", ""differential quad"", ""differential quad switching"", ""digital analog""]","[0.16376175247945163, 0.12531117497549332, 0.12531117497549332, 0.12531117497549332, 0.12531117497549332]",5,5,244,ok,,,False,,0.0001447079994250089
tfidf,1487,402,"[""fo"", ""ghz"", ""frequency"", ""frequency acquisition"", ""frequency detectors""]","[0.2566550817829706, 0.16575047963943956, 0.13860059882383755, 0.1283275408914853, 0.1283275408914853]",5,5,205,ok,,,False,,0.00012308401346672326
tfidf,1488,403,"[""voltage"", ""high voltage"", ""flash memories"", ""memories"", ""high""]","[0.28164631583088273, 0.23656282888942884, 0.15770855259295255, 0.14962265828614738, 0.1495764789508106]",5,5,322,ok,,,False,,0.00019383399921935052
tfidf,1489,404,"[""tag"", ""sense"", ""memory"", ""cache memory"", ""l1""]","[0.2432196324322557, 0.12774956658990777, 0.11492048206542765, 0.11425091342952938, 0.11425091342952938]",5,5,389,ok,,,False,,0.00024095800472423434
tfidf,1490,405,"[""ilp"", ""inductive logic"", ""inductive logic programming"", ""spatial relations"", ""using inductive""]","[0.14336457744355036, 0.14336457744355036, 0.14336457744355036, 0.14336457744355036, 0.14336457744355036]",5,5,185,ok,,,False,,0.0001128330040955916
tfidf,1491,406,"[""fast user"", ""fast user switching"", ""user switching"", ""windows xp"", ""xp""]","[0.21311994352784383, 0.21311994352784383, 0.21311994352784383, 0.20219304508317798, 0.20219304508317798]",5,5,228,ok,,,False,,0.00013783299073111266
tfidf,1492,407,"[""emit"", ""namespace"", ""reflection emit"", ""net"", ""reflection""]","[0.2564414976505644, 0.19233112323792328, 0.19233112323792328, 0.1697267076946218, 0.16186355432558308]",5,5,212,ok,,,False,,0.00013949999993201345
tfidf,1493,408,"[""obfuscation"", ""obfuscator"", ""reverse"", ""reverse engineering"", ""net""]","[0.23512218923981082, 0.23512218923981082, 0.15184431716543373, 0.11756109461990541, 0.11671233629668683]",5,5,271,ok,,,False,,0.00016391700773965567
tfidf,1494,41,"[""lqg"", ""lqg benchmark"", ""benchmark"", ""controller performance"", ""variances""]","[0.34057935635348946, 0.25543451726511707, 0.1827183968820547, 0.161558735455896, 0.14663309029046234]",5,5,381,ok,,,False,,0.00023012500605545938
tfidf,1495,410,"[""averaged"", ""elements"", ""ac analysis"", ""ac analysis introducing"", ""ac analysis introducing various""]","[0.1452793623680025, 0.0961016340117801, 0.0796180923726687, 0.0796180923726687, 0.0796180923726687]",5,5,178,ok,,,False,,0.00010604200360830873
tfidf,1496,411,"[""cad cae"", ""cae"", ""power supply"", ""power"", ""cad""]","[0.17123318721687644, 0.17123318721687644, 0.1624538697297225, 0.13180202397073548, 0.12909944337948]",5,5,136,ok,,,False,,8.416699711233377e-05
tfidf,1497,412,"[""children"", ""barriers"", ""attitudinal barriers"", ""mobility impairments"", ""attitudinal""]","[0.17601116718984502, 0.15090305163848813, 0.11378584174880521, 0.11378584174880521, 0.10795191407104392]",5,5,291,ok,,,False,,0.00017670799570623785
tfidf,1498,413,"[""regarding"", ""learning"", ""beliefs regarding"", ""beliefs regarding web"", ""beliefs regarding web based""]","[0.16149154133392246, 0.13059994676995854, 0.11863539471473349, 0.11863539471473349, 0.11863539471473349]",5,5,254,ok,,,False,,0.00015837499813642353
tfidf,1499,414,"[""attitudes instructor"", ""classmates"", ""electronic telecommunications"", ""fostering"", ""fostering interpersonal""]","[0.1240738510544896, 0.1240738510544896, 0.1240738510544896, 0.1240738510544896, 0.1240738510544896]",5,5,242,ok,,,False,,0.00016637500084470958
tfidf,1500,538,"[""rf field"", ""rf"", ""field"", ""coil"", ""quadrature""]","[0.264378537233221, 0.25082355322057137, 0.22308097690228165, 0.18699703439630147, 0.16845911581733108]",5,5,258,ok,,,False,,0.00015224999515339732
tfidf,1501,539,"[""gpd"", ""irf"", ""svd"", ""deconvolution"", ""perfusion""]","[0.27386803833591195, 0.18257869222394132, 0.18257869222394132, 0.12106814607734952, 0.12106814607734952]",5,5,389,ok,,,False,,0.0002340420032851398
tfidf,1502,54,"[""controls"", ""cleaning equipment"", ""cleaning equipment hit"", ""cleaning equipment hit market"", ""controls help""]","[0.18746154307637447, 0.11768032452397689, 0.11768032452397689, 0.11768032452397689, 0.11768032452397689]",5,5,77,ok,,,False,,5.645900091622025e-05
tfidf,1503,540,"[""ventilation"", ""perfusion"", ""ventilation perfusion"", ""oxygen"", ""si""]","[0.20852998250856067, 0.17377498542380054, 0.15723843442506227, 0.14917664360379906, 0.1353949211663361]",5,5,488,ok,,,False,,0.00029970800096634775
tfidf,1504,541,"[""body"", ""eating"", ""treatment"", ""vr"", ""binge""]","[0.17065469740496944, 0.15089206988912257, 0.13432710810905923, 0.12879737161977672, 0.11928492421811578]",5,5,526,ok,,,False,,0.00031562500225845724
tfidf,1505,542,"[""flying"", ""exposure therapy"", ""exposure"", ""vrget"", ""therapy""]","[0.1899307697861421, 0.1676998141441865, 0.15827564148845175, 0.14704843496864853, 0.14030448970086873]",5,5,517,ok,,,False,,0.0003144999936921522
tfidf,1506,543,"[""acrophobia"", ""heights"", ""treatment"", ""virtual"", ""ve""]","[0.233282556845093, 0.1866260454760744, 0.15762010885460853, 0.14418421258646183, 0.11779667225172605]",5,5,390,ok,,,False,,0.00023195799440145493
tfidf,1507,544,"[""fp"", ""treatment"", ""flying phobia"", ""treatment fp"", ""phobia""]","[0.23067968567740935, 0.11689608620576432, 0.11533984283870467, 0.11533984283870467, 0.10942623978279177]",5,5,293,ok,,,False,,0.0001683750015217811
tfidf,1508,545,"[""reality"", ""vr"", ""virtual"", ""imaginal experience"", ""presence clinical""]","[0.20043469061161576, 0.19249702039342761, 0.11753487156921014, 0.09508265456484333, 0.09508265456484333]",5,5,421,ok,,,False,,0.00025687500601634383
tfidf,1509,546,"[""inversion"", ""inversion algorithm"", ""resistivity"", ""focused data"", ""neural network""]","[0.28859362299093827, 0.16757648319911406, 0.15898464902667425, 0.11171765546607604, 0.10754049307199098]",5,5,289,ok,,,False,,0.00017170900537166744
tfidf,1510,547,"[""cooling"", ""able make use"", ""able make use waste"", ""comfort cooling"", ""comfort cooling offices""]","[0.21633694676097992, 0.12234385581314933, 0.12234385581314933, 0.12234385581314933, 0.12234385581314933]",5,5,73,ok,,,False,,5.358399357646704e-05
tfidf,1511,548,"[""air conditioning"", ""conditioning"", ""air"", ""energy"", ""air conditioning days""]","[0.24799593463622405, 0.23322956576257395, 0.20798629144080832, 0.11867113147180398, 0.09600185927721326]",5,5,103,ok,,,False,,6.816700624767691e-05
tfidf,1512,549,"[""ventilation systems"", ""ventilation"", ""air supply"", ""air supply rate"", ""air supply rate way""]","[0.20844197260748504, 0.18429082372395084, 0.10422098630374252, 0.10422098630374252, 0.10422098630374252]",5,5,99,ok,,,False,,6.616600148845464e-05
tfidf,1513,55,"[""ate"", ""ate looks"", ""ate looks chipmakers"", ""ate looks chipmakers life"", ""automatic test""]","[0.14552503831577387, 0.14552503831577387, 0.14552503831577387, 0.14552503831577387, 0.14552503831577387]",5,5,54,ok,,,False,,4.4208005419932306e-05
tfidf,1514,550,"[""air conditioning"", ""conditioning"", ""air"", ""market"", ""air conditioning boom""]","[0.22273282147142354, 0.2094706887395288, 0.18679892308695298, 0.1443013985225677, 0.1293333599279471]",5,5,58,ok,,,False,,5.3499999921768904e-05
tfidf,1515,551,"[""access"", ""locks"", ""lock"", ""object"", ""access privileges""]","[0.2676307738116465, 0.18631446116277198, 0.17917054136933172, 0.1704534722572309, 0.14728743794734328]",5,5,318,ok,,,False,,0.00018979200103785843
tfidf,1516,552,"[""query"", ""web"", ""warehouse"", ""coupling"", ""coupling query""]","[0.349747090693793, 0.2040572009345103, 0.1692933247343281, 0.16441239089659285, 0.13916785578220517]",5,5,348,ok,,,False,,0.0002127920015482232
tfidf,1517,553,"[""site"", ""web site"", ""web"", ""construction"", ""traditional""]","[0.23080337854966318, 0.18585659366650387, 0.1825149538391808, 0.1259985392430022, 0.11904157221567978]",5,5,295,ok,,,False,,0.00017262500477954745
tfidf,1518,554,"[""qos"", ""compact monitor"", ""qos monitoring"", ""scalable lightweight"", ""compact""]","[0.22225154843700404, 0.2064862417215651, 0.1548646812911738, 0.1548646812911738, 0.15387669081026048]",5,5,289,ok,,,False,,0.00017679099983070046
tfidf,1519,555,"[""gating"", ""ion"", ""gating charge"", ""voltage"", ""charge""]","[0.36342353325747917, 0.214210287454311, 0.20190196292082177, 0.18356281614644807, 0.1635020664987322]",5,5,389,ok,,,False,,0.0002364999963901937
tfidf,1520,556,"[""cortical"", ""firing rates"", ""neuron"", ""reduction"", ""model""]","[0.3121003732824751, 0.10818149835051986, 0.09403908232028686, 0.09350581843212707, 0.09288289528474704]",5,5,548,ok,,,False,,0.00033666600938886404
tfidf,1521,557,"[""spike"", ""psth"", ""psth response"", ""input"", ""response""]","[0.2613191125408247, 0.19704316687207848, 0.14778237515405887, 0.12672356000767843, 0.10275578046518528]",5,5,370,ok,,,False,,0.0002165829937439412
tfidf,1522,558,"[""os"", ""porting"", ""os porting"", ""adds"", ""consumer""]","[0.2831587928169203, 0.1921599007804827, 0.1281066005203218, 0.11326351712676813, 0.09251354418867005]",5,5,237,ok,,,False,,0.0001425420050509274
tfidf,1523,559,"[""protection"", ""technical"", ""attack technology"", ""attack technology result"", ""attack technology result protection""]","[0.20584635570759258, 0.10951306259469976, 0.08989194535439787, 0.08989194535439787, 0.08989194535439787]",5,5,133,ok,,,False,,8.21249996079132e-05
tfidf,1524,56,"[""rendering"", ""graphics hardware solves"", ""graphics hardware solves range"", ""hardware solves"", ""hardware solves range""]","[0.30202254293856123, 0.18310991185534123, 0.18310991185534123, 0.18310991185534123, 0.18310991185534123]",5,5,33,ok,,,False,,3.6541998269967735e-05
tfidf,1525,560,"[""citizen"", ""egovernment"", ""identity"", ""services"", ""identity management""]","[0.1636883956775916, 0.1636883956775916, 0.13499429116413925, 0.11477277498635079, 0.10912559711839441]",5,5,334,ok,,,False,,0.0002029169991146773
tfidf,1526,561,"[""subseven"", ""malicious"", ""executables"", ""honey"", ""honey pot""]","[0.23044882113358148, 0.2186334517057521, 0.17283661585018611, 0.17283661585018611, 0.17283661585018611]",5,5,231,ok,,,False,,0.0001390410034218803
tfidf,1527,562,"[""encryption"", ""advanced encryption"", ""advanced encryption standard"", ""aes"", ""cryptographic""]","[0.19070023881975462, 0.11329786772187111, 0.11329786772187111, 0.11329786772187111, 0.11329786772187111]",5,5,303,ok,,,False,,0.00019204200361855328
tfidf,1528,563,"[""detection systems"", ""ids"", ""intrusion detection"", ""intrusion detection systems"", ""intrusion""]","[0.1832669281634804, 0.1832669281634804, 0.1832669281634804, 0.1832669281634804, 0.17296793539528446]",5,5,98,ok,,,False,,6.595900049433112e-05
tfidf,1529,564,"[""tooling"", ""lamination"", ""tool"", ""pel"", ""profiled""]","[0.1645100235898287, 0.15820215888406142, 0.137169597043747, 0.13005034466988755, 0.13005034466988755]",5,5,463,ok,,,False,,0.00028208299772813916
tfidf,1530,565,"[""film"", ""deposition"", ""design optimization"", ""design"", ""optimization""]","[0.18082909883665976, 0.16308008182638892, 0.15682704587198934, 0.1510199153100655, 0.14055349720062627]",5,5,480,ok,,,False,,0.0002946670138044283
tfidf,1531,566,"[""welding"", ""arc"", ""arc welding"", ""deep narrow"", ""deep narrow penetration""]","[0.38926507178715564, 0.17730802257071648, 0.1598749060141294, 0.13561977791392252, 0.13561977791392252]",5,5,318,ok,,,False,,0.0002095420059049502
tfidf,1532,567,"[""hidden markov"", ""hidden"", ""markov"", ""feature vectors"", ""tool wear monitoring""]","[0.16917390026338625, 0.14799151832968543, 0.1425924541160775, 0.12756265982952578, 0.12756265982952578]",5,5,239,ok,,,False,,0.0001413749996572733
tfidf,1533,568,"[""temperature"", ""inserts"", ""cutting"", ""temperatures"", ""tool""]","[0.2264365775808981, 0.22342201624392, 0.1801583560643213, 0.16986616510772173, 0.13746404396742348]",5,5,499,ok,,,False,,0.00030579201120417565
tfidf,1534,569,"[""edge geometry"", ""edge"", ""material"", ""cutting"", ""force""]","[0.16179157644378492, 0.1376467264926206, 0.1307913487061232, 0.11182465335151068, 0.10854427232920161]",5,5,307,ok,,,False,,0.00018241700308863074
tfidf,1535,57,"[""vtn"", ""scale factor"", ""recognition"", ""selecting scale"", ""selecting scale factor""]","[0.20368130775293963, 0.1629450462023517, 0.13227181402668906, 0.12220878465176377, 0.12220878465176377]",5,5,470,ok,,,False,,0.0002842919930117205
tfidf,1536,570,"[""dynamic errors"", ""cmms"", ""errors"", ""measuring"", ""cmm""]","[0.30355910009419695, 0.25296591674516417, 0.1915602026810261, 0.1587481253809746, 0.15177955004709848]",5,5,290,ok,,,False,,0.00016850000247359276
tfidf,1537,571,"[""forging"", ""billet"", ""control transient"", ""control transient thermal"", ""control transient thermal response""]","[0.22481034345798917, 0.17533051618758907, 0.12320380816671159, 0.12320380816671159, 0.12320380816671159]",5,5,226,ok,,,False,,0.0001320830051554367
tfidf,1538,572,"[""buckling"", ""fem analysis"", ""boundary constraints"", ""fem"", ""boundary""]","[0.31778804224990675, 0.1059293474166356, 0.1004982310116142, 0.09664479259760742, 0.09633673665711198]",5,5,346,ok,,,False,,0.00020079199748579413
tfidf,1539,573,"[""sup 18"", ""18 fdg"", ""fdg"", ""sup 18 fdg"", ""18""]","[0.23943322673483716, 0.21282953487541081, 0.21282953487541081, 0.21282953487541081, 0.20101137410713651]",5,5,690,ok,,,False,,0.0004444169899215922
tfidf,1540,574,"[""pathline"", ""wavepath"", ""wavefront"", ""wavefront propagation"", ""corrections""]","[0.2766584293583907, 0.2213267434867125, 0.11066337174335625, 0.11066337174335625, 0.09784134970290799]",5,5,300,ok,,,False,,0.00017616600962355733
tfidf,1541,575,"[""vector selection"", ""voltage vector"", ""voltage vector selection"", ""torque"", ""direct torque control induction""]","[0.17350373674007935, 0.17350373674007935, 0.17350373674007935, 0.14601865285619042, 0.11566915782671956]",5,5,254,ok,,,False,,0.0001501669903518632
tfidf,1542,576,"[""stator"", ""asynchronous motor"", ""stator field"", ""stator field oriented"", ""field oriented""]","[0.1839860323783416, 0.1424458930366544, 0.1424458930366544, 0.1424458930366544, 0.12996071555847669]",5,5,191,ok,,,False,,0.00012466699990909547
tfidf,1543,577,"[""control approach"", ""induction"", ""sub infinity"", ""control"", ""infinity""]","[0.14872922404178637, 0.13323957437536615, 0.13323957437536615, 0.12906058226082698, 0.12313913478971013]",5,5,145,ok,,,False,,8.666700159665197e-05
tfidf,1544,578,"[""buses"", ""phase angle"", ""spa"", ""standing phase"", ""standing phase angle""]","[0.22649853393779038, 0.19860639147524065, 0.19860639147524065, 0.1489547936064305, 0.1489547936064305]",5,5,314,ok,,,False,,0.00018950000230688602
tfidf,1545,579,"[""unbalanced"", ""general analytical"", ""steinmetz"", ""steinmetz design"", ""symmetrization""]","[0.18650584179680235, 0.13105664920372162, 0.13105664920372162, 0.13105664920372162, 0.13105664920372162]",5,5,225,ok,,,False,,0.00013208399468567222
tfidf,1546,58,"[""noise"", ""frequency band"", ""band"", ""union"", ""corruption""]","[0.1801222326573018, 0.15860634045108143, 0.15552032873705277, 0.15333897586382877, 0.15047441555423274]",5,5,534,ok,,,False,,0.00031791700166650116
tfidf,1547,580,"[""genetic"", ""genetic algorithm"", ""power"", ""automatic generation"", ""automatic generation control""]","[0.1706400100342414, 0.13907113839455051, 0.12768412594285664, 0.12441250435796172, 0.12441250435796172]",5,5,263,ok,,,False,,0.00016320800932589918
tfidf,1548,581,"[""expansion planning"", ""expansion"", ""power"", ""planning"", ""symbolic""]","[0.19758756303894143, 0.1862113065057256, 0.17743550768671462, 0.1446352268032059, 0.11803184690115809]",5,5,343,ok,,,False,,0.00020216600387357175
tfidf,1549,582,"[""chaotic"", ""chaotic process"", ""discrete chaotic"", ""finite sample"", ""estimating""]","[0.19705645378224051, 0.17424606313549992, 0.16531227212210425, 0.1589736465235259, 0.12141218221503551]",5,5,135,ok,,,False,,8.195798727683723e-05
tfidf,1550,583,"[""filtering"", ""networks optimal"", ""neural networks optimal"", ""optimal filtering"", ""neural""]","[0.3048348054300461, 0.1778024347345679, 0.1778024347345679, 0.1778024347345679, 0.15035380497899792]",5,5,117,ok,,,False,,7.616699440404773e-05
tfidf,1551,584,"[""fuzzy"", ""fuzzy model"", ""conventional fuzzy"", ""fuzzy models"", ""layer""]","[0.278400590341431, 0.21296298774240174, 0.12777779264544106, 0.12287836456913954, 0.11733961987755857]",5,5,373,ok,,,False,,0.00022245800937525928
tfidf,1552,585,"[""modeling"", ""algorithm"", ""fuzzy modeling"", ""comparison"", ""input""]","[0.12148034336424923, 0.1131306899421042, 0.10056951459687156, 0.09292497058670475, 0.09013634081344628]",5,5,317,ok,,,False,,0.00018208299297839403
tfidf,1553,586,"[""payoff"", ""player"", ""game"", ""payoff switching"", ""fuzzy""]","[0.2375355663036298, 0.18842059373075223, 0.18720153248738455, 0.17910959429692574, 0.12621597416532165]",5,5,389,ok,,,False,,0.00023933399643283337
tfidf,1554,587,"[""cpn"", ""cpn based"", ""learning"", ""self organizing"", ""organizing""]","[0.21241248392434228, 0.1593093629432567, 0.1461466198625785, 0.13407283901441588, 0.12496773798758588]",5,5,315,ok,,,False,,0.0001833749993238598
tfidf,1555,588,"[""cog"", ""cog defuzzifier"", ""defuzzifier"", ""design parameters"", ""adaptation learning""]","[0.29747403947003775, 0.2549777481171753, 0.23262931552733668, 0.1502898181333142, 0.12748887405858764]",5,5,365,ok,,,False,,0.00022270900080911815
tfidf,1556,589,"[""neuro fuzzy"", ""neuro"", ""fuzzy"", ""hnfq"", ""quadtree""]","[0.24146211389992678, 0.23399435128270304, 0.17904143222220134, 0.1587954620033638, 0.1587954620033638]",5,5,293,ok,,,False,,0.0001720000000204891
tfidf,1557,59,"[""signals"", ""formula"", ""correlation"", ""tracking"", ""deformed""]","[0.22104881660026313, 0.1492090974384099, 0.14191083083840128, 0.14111857765612648, 0.07865436451053803]",5,5,497,ok,,,False,,0.0002961249992949888
tfidf,1558,590,"[""fuzzy"", ""used parts"", ""fuzzy rules"", ""hierarchical fuzzy"", ""nonlinear controller""]","[0.2757650664979158, 0.18343620494184773, 0.1621823516954888, 0.12229080329456515, 0.12229080329456515]",5,5,230,ok,,,False,,0.00013629099703393877
tfidf,1559,591,"[""fuzzy systems"", ""fuzzy"", ""based genuine"", ""based genuine valued"", ""based genuine valued implications""]","[0.2802799234942031, 0.19159313338717993, 0.1289723435535094, 0.1289723435535094, 0.1289723435535094]",5,5,180,ok,,,False,,0.00010787499195430428
tfidf,1560,592,"[""based genuine"", ""based genuine valued"", ""based genuine valued implications"", ""genuine valued"", ""genuine valued implications""]","[0.21274724997312955, 0.21274724997312955, 0.21274724997312955, 0.21274724997312955, 0.21274724997312955]",5,5,154,ok,,,False,,9.195800521411002e-05
tfidf,1561,593,"[""fuzzy systems overlapping"", ""fuzzy systems overlapping gaussian"", ""gaussian concepts"", ""overlapping gaussian"", ""overlapping gaussian concepts""]","[0.15111243688800988, 0.15111243688800988, 0.15111243688800988, 0.15111243688800988, 0.15111243688800988]",5,5,159,ok,,,False,,9.554199641570449e-05
tfidf,1562,594,"[""current mirrors"", ""nonlinear performance"", ""current"", ""mismatches"", ""mirrors""]","[0.1476768698585583, 0.1476768698585583, 0.145016825646973, 0.14010531117259337, 0.1347332047917711]",5,5,185,ok,,,False,,0.00010845799988601357
tfidf,1563,595,"[""mistakes"", ""enterprise programming"", ""programming"", ""enterprise"", ""want look""]","[0.284023579118669, 0.2409334628098986, 0.17190803415280287, 0.16398443466913204, 0.16062230853993242]",5,5,130,ok,,,False,,8.183300087694079e-05
tfidf,1564,596,"[""music"", ""copyright management"", ""online"", ""copyright"", ""million""]","[0.20435630502989494, 0.154091344953103, 0.13172917041716342, 0.12968141798904032, 0.12478458834638252]",5,5,165,ok,,,False,,0.00010062499495688826
tfidf,1565,597,"[""pr"", ""cyber patrol"", ""patrol"", ""cyber"", ""hackers""]","[0.2237728825599734, 0.11793299832500545, 0.11793299832500545, 0.1118864412799867, 0.1118864412799867]",5,5,274,ok,,,False,,0.00016750000941101462
tfidf,1566,598,"[""online"", ""advertising market"", ""online advertising"", ""online advertising market"", ""content""]","[0.17128243703830442, 0.15026934243092294, 0.15026934243092294, 0.15026934243092294, 0.12366387236888388]",5,5,175,ok,,,False,,0.00010575000487733632
tfidf,1567,599,"[""workflow content"", ""workflow"", ""content"", ""appealing means"", ""appealing means straightforward""]","[0.20722088683596881, 0.18143718312120954, 0.13202952536044837, 0.12032610804592729, 0.12032610804592729]",5,5,74,ok,,,False,,5.416599742602557e-05
tfidf,1568,6,"[""regulatory"", ""regulatory compliance"", ""compliance"", ""sbc"", ""term goal""]","[0.23916718945877036, 0.21750305070469794, 0.176135970871877, 0.14500203380313195, 0.14500203380313195]",5,5,173,ok,,,False,,0.00010483298683539033
tfidf,1569,60,"[""audio"", ""lossless"", ""coding"", ""audio coding"", ""coder""]","[0.16688131366318182, 0.16688131366318182, 0.14055783669630115, 0.11897602510210169, 0.11897602510210169]",5,5,523,ok,,,False,,0.0003199170023435727
tfidf,1570,600,"[""abnormal conditions"", ""abnormal"", ""railway"", ""simulation"", ""railway transportation""]","[0.21219681716947103, 0.19359807159536346, 0.1785822828120107, 0.15713926664635827, 0.14146454477964734]",5,5,185,ok,,,False,,0.00011204100155737251
tfidf,1571,601,"[""railway"", ""train"", ""human science"", ""human science railway"", ""human science railway systems""]","[0.15571690586951914, 0.13949951258586882, 0.12335166096244561, 0.12335166096244561, 0.12335166096244561]",5,5,247,ok,,,False,,0.00014891699538566172
tfidf,1572,602,"[""18"", ""18 fdg"", ""fdg"", ""sup 18"", ""sup 18 fdg""]","[0.1956771235638424, 0.1812839569724914, 0.1812839569724914, 0.1812839569724914, 0.1812839569724914]",5,5,711,ok,,,False,,0.00044308300130069256
tfidf,1573,603,"[""pge"", ""energy"", ""energy costs"", ""portland"", ""customers""]","[0.21782442301885693, 0.17950673689348834, 0.1452162820125713, 0.13777088042416474, 0.13396631140650703]",5,5,188,ok,,,False,,0.00011195900151506066
tfidf,1574,604,"[""geographic areas"", ""srp"", ""cost benefit"", ""geographic"", ""areas""]","[0.15168513143976298, 0.15168513143976298, 0.1383901480151525, 0.127656377708619, 0.1189238177315954]",5,5,356,ok,,,False,,0.0002122919977409765
tfidf,1575,605,"[""hew"", ""network"", ""future applications"", ""xpower"", ""management""]","[0.3789176275059142, 0.10917173794537662, 0.09472940687647854, 0.09472940687647854, 0.09058466647764636]",5,5,397,ok,,,False,,0.00023924998822622
tfidf,1576,606,"[""fm"", ""taiwan power"", ""tcdo"", ""pilot project"", ""project""]","[0.18455781047848144, 0.12968777810207968, 0.12968777810207968, 0.1146614914183698, 0.11212885968060056]",5,5,237,ok,,,False,,0.00014195800758898258
tfidf,1577,607,"[""svec"", ""block approach"", ""building block approach"", ""building block"", ""gis""]","[0.19092941065926375, 0.14319705799444782, 0.14319705799444782, 0.13585518428530885, 0.13585518428530885]",5,5,404,ok,,,False,,0.0002418329968350008
tfidf,1578,608,"[""synch"", ""synch error"", ""timing"", ""clock"", ""personal computer""]","[0.1653084797121866, 0.11020565314145774, 0.09274774890271847, 0.08777729784993969, 0.08777729784993969]",5,5,348,ok,,,False,,0.00020300000323913991
tfidf,1579,609,"[""formaldehyde"", ""plant"", ""remote"", ""basf"", ""formaldehyde plant""]","[0.22611489661861472, 0.14868561805661917, 0.11377358507654402, 0.11305744830930736, 0.11305744830930736]",5,5,308,ok,,,False,,0.00018104100308846682
tfidf,1580,61,"[""delta"", ""principal"", ""filtering"", ""principal components"", ""speaker""]","[0.16301293012842336, 0.14507433172501655, 0.1403558631524854, 0.13217479496947426, 0.12918273871873742]",5,5,344,ok,,,False,,0.0002023330016527325
tfidf,1581,610,"[""frequency"", ""controller"", ""fl"", ""proposed controller"", ""power""]","[0.11767593502328992, 0.11731574100610127, 0.10895381038604729, 0.08678022218938435, 0.08386419105787364]",5,5,364,ok,,,False,,0.00020995900558773428
tfidf,1582,611,"[""facts"", ""intelligent optimal"", ""optimal"", ""output"", ""intelligent""]","[0.16854627914260348, 0.15327909309550797, 0.1508658027372812, 0.14506026046167994, 0.13808643426859418]",5,5,333,ok,,,False,,0.00019375000556465238
tfidf,1583,612,"[""active filter"", ""filter"", ""active"", ""harmonic"", ""hybrid active""]","[0.29691357337213936, 0.2795479602013268, 0.208115527231634, 0.18438709582711588, 0.14845678668606968]",5,5,281,ok,,,False,,0.0001647909957682714
tfidf,1584,613,"[""power quality"", ""signal processing"", ""power"", ""power quality analysis"", ""quality analysis""]","[0.16016820901546253, 0.142166366098407, 0.12011459307086322, 0.11703692392092227, 0.11703692392092227]",5,5,291,ok,,,False,,0.00017045901040546596
tfidf,1585,614,"[""fse"", ""distributed intelligent"", ""large scale power"", ""scale power"", ""large scale power networks""]","[0.2330477531688679, 0.1864382025350943, 0.1864382025350943, 0.1864382025350943, 0.13982865190132074]",5,5,355,ok,,,False,,0.00021054100943729281
tfidf,1586,615,"[""power plant"", ""simulator"", ""plant simulator"", ""power plant simulator"", ""tutoring""]","[0.25709754164160964, 0.2179504464529241, 0.20051143552034673, 0.20051143552034673, 0.20051143552034673]",5,5,164,ok,,,False,,0.00010045801172964275
tfidf,1587,616,"[""modems"", ""mode"", ""paper describes"", ""students"", ""describes""]","[0.1814240913074303, 0.11103957474861664, 0.10581396026504415, 0.10378244770861342, 0.09461060940816472]",5,5,136,ok,,,False,,8.308299584314227e-05
tfidf,1588,617,"[""estimation trifocal"", ""estimation trifocal tensor"", ""trifocal"", ""trifocal tensor"", ""gmm""]","[0.16308784979144783, 0.16308784979144783, 0.16308784979144783, 0.16308784979144783, 0.15472615288626237]",5,5,135,ok,,,False,,8.21249996079132e-05
tfidf,1589,618,"[""encryption"", ""bss"", ""cryptosystems"", ""image cryptosystems"", ""blind source""]","[0.2753096276925424, 0.16356557272248198, 0.16356557272248198, 0.16356557272248198, 0.1551793824270221]",5,5,132,ok,,,False,,8.104200242087245e-05
tfidf,1590,619,"[""image"", ""image segment"", ""segment"", ""wavelet"", ""representation""]","[0.20045558642033126, 0.2003094949717055, 0.14763897828698047, 0.1353414709999823, 0.11292419321995575]",5,5,106,ok,,,False,,7.954200555104762e-05
tfidf,1591,62,"[""utterance"", ""covariance"", ""speaker"", ""uls"", ""distortion""]","[0.2360018800235104, 0.2093499429750874, 0.16747995438006996, 0.14925352349993395, 0.11543741503628761]",5,5,324,ok,,,False,,0.000190040998859331
tfidf,1592,620,"[""blood"", ""retinal"", ""retinal blood"", ""retinal blood vessel"", ""blood vessel""]","[0.21627689346590487, 0.178047614362608, 0.178047614362608, 0.178047614362608, 0.1689189135556792]",5,5,122,ok,,,False,,7.862498750910163e-05
tfidf,1593,621,"[""temporal rates"", ""temporal"", ""mvos"", ""rates"", ""object based""]","[0.21821857630011904, 0.15082501318045835, 0.14547905086674603, 0.14539703450274577, 0.12862310686964024]",5,5,176,ok,,,False,,0.00010520800424274057
tfidf,1594,622,"[""channel coding"", ""channel coding images"", ""coding images"", ""source channel"", ""source channel coding""]","[0.22326613618785215, 0.22326613618785215, 0.22326613618785215, 0.22326613618785215, 0.22326613618785215]",5,5,124,ok,,,False,,7.999999797903001e-05
tfidf,1595,623,"[""hold"", ""jackpot"", ""jng"", ""keno"", ""net hold""]","[0.1872438467702649, 0.1256307176918525, 0.1256307176918525, 0.1256307176918525, 0.1256307176918525]",5,5,500,ok,,,False,,0.0003080829919781536
tfidf,1596,624,"[""frailty"", ""frailty models"", ""semiparametric"", ""semiparametric shared"", ""theta sub""]","[0.3043411523371402, 0.16907841796507792, 0.16907841796507792, 0.16907841796507792, 0.12832766233063117]",5,5,432,ok,,,False,,0.0002649999951245263
tfidf,1597,625,"[""statist"", ""multivariate"", ""355 1992"", ""appl statist"", ""caroni""]","[0.17605682903467876, 0.13616794275049685, 0.11737121935645249, 0.11737121935645249, 0.11737121935645249]",5,5,247,ok,,,False,,0.00015100000018719584
tfidf,1598,626,"[""proportion"", ""sample proportion"", ""pseudo"", ""sample"", ""method""]","[0.20876831374047472, 0.15726696265138396, 0.1390452111397194, 0.13025672327122098, 0.10755569575547252]",5,5,329,ok,,,False,,0.0001910419960040599
tfidf,1599,627,"[""time series"", ""series"", ""tests"", ""time"", ""applied observed""]","[0.2691909872058784, 0.2391497744471012, 0.15138550884694568, 0.10546171077131286, 0.07996519838970477]",5,5,154,ok,,,False,,9.216699982061982e-05
tfidf,1600,628,"[""sup"", ""twins"", ""association"", ""rank"", ""pair""]","[0.16597169410494214, 0.15507568794442317, 0.15081386196707294, 0.12164669785407364, 0.1119895575322754]",5,5,330,ok,,,False,,0.0001940420042956248
tfidf,1601,629,"[""calibrated"", ""initials"", ""initial values"", ""estimates"", ""values""]","[0.2408866387870952, 0.2408866387870952, 0.1714020830593373, 0.15643317022399186, 0.12493512808108022]",5,5,232,ok,,,False,,0.00014000000373926014
tfidf,1602,63,"[""beamforming"", ""source separation"", ""separation"", ""source"", ""geometric""]","[0.23592876142520633, 0.23592876142520633, 0.19738760383515364, 0.17751249369041572, 0.17472219724715324]",5,5,310,ok,,,False,,0.00018812499183695763
tfidf,1603,630,"[""score"", ""test"", ""zero"", ""score test"", ""poisson""]","[0.184610489234568, 0.17769015508209493, 0.17398298331252326, 0.16451978444403484, 0.138457866925926]",5,5,277,ok,,,False,,0.0001626250013941899
tfidf,1604,631,"[""fieller"", ""interval"", ""delta"", ""intervals"", ""dose""]","[0.36847422527372753, 0.2513298151373801, 0.14674234442566242, 0.14452192133737668, 0.14063009417536662]",5,5,271,ok,,,False,,0.0001622909912839532
tfidf,1605,632,"[""dependencies"", ""judge"", ""bradley"", ""bradley terry"", ""log linear""]","[0.15673586212870166, 0.15264883813037847, 0.11818397183420722, 0.11818397183420722, 0.11818397183420722]",5,5,272,ok,,,False,,0.00015841700951568782
tfidf,1606,633,"[""nn"", ""classification"", ""nearest neighbor"", ""neighbor"", ""nearest""]","[0.2441203129035282, 0.17519643848523564, 0.1220601564517641, 0.1220601564517641, 0.11179904413103585]",5,5,203,ok,,,False,,0.00012245899415574968
tfidf,1607,634,"[""lambda"", ""kx"", ""lambda kx"", ""sfa"", ""chi""]","[0.20737317243465253, 0.18062180265605018, 0.18062180265605018, 0.18062180265605018, 0.164790561652781]",5,5,219,ok,,,False,,0.00013279099948704243
tfidf,1608,635,"[""chi"", ""degrees freedom"", ""change"", ""freedom"", ""change point""]","[0.13616070160729493, 0.11707016403151499, 0.10881964521185526, 0.1023473162305433, 0.09949433644159647]",5,5,395,ok,,,False,,0.00024408299941569567
tfidf,1609,636,"[""dl"", ""flid"", ""flid dl"", ""congestion"", ""congestion control""]","[0.31541450724462156, 0.2453223945235945, 0.2453223945235945, 0.2270449501205542, 0.17696603083599843]",5,5,517,ok,,,False,,0.00031149999995250255
tfidf,1610,637,"[""digital fountain"", ""fountain"", ""digital"", ""erasure codes"", ""erasure""]","[0.22443485622979936, 0.22443485622979936, 0.12120081649774704, 0.11221742811489968, 0.10646391476257985]",5,5,302,ok,,,False,,0.00017466700228396803
tfidf,1611,638,"[""group"", ""rekeying"", ""rekeying scheme"", ""multicast"", ""secure""]","[0.21201660754038418, 0.19002463243233492, 0.1425184743242512, 0.1117963880383302, 0.10395131145024404]",5,5,398,ok,,,False,,0.00023658399004489183
tfidf,1612,639,"[""bandwidth"", ""distributed servers"", ""distributed servers approach"", ""servers approach"", ""user pool""]","[0.17924478040063627, 0.1286225844581281, 0.1286225844581281, 0.1286225844581281, 0.1286225844581281]",5,5,449,ok,,,False,,0.00026883400278165936
tfidf,1613,64,"[""speech"", ""speech enhancement"", ""enhancement"", ""computational requirements"", ""computational requirements algorithm""]","[0.33159183726182273, 0.16492962420026205, 0.13356152656216289, 0.1099530828001747, 0.1099530828001747]",5,5,295,ok,,,False,,0.00017058299272321165
tfidf,1614,640,"[""scribe"", ""multicast"", ""pastry"", ""application level multicast"", ""application level multicast infrastructure""]","[0.34815398605345305, 0.15605939934242774, 0.1492088511657656, 0.09947256744384374, 0.09947256744384374]",5,5,346,ok,,,False,,0.0002012920012930408
tfidf,1615,641,"[""fmri"", ""mesbac"", ""epi"", ""sequence"", ""temporal resolution""]","[0.16250520111995098, 0.16250520111995098, 0.1541733772653913, 0.12492987515297911, 0.11119639062227235]",5,5,447,ok,,,False,,0.0002717500028666109
tfidf,1616,642,"[""weight"", ""si"", ""si weight"", ""images data"", ""data acquired""]","[0.2825912203931292, 0.2234481897451826, 0.20759799985397065, 0.155698499890478, 0.12840500110608782]",5,5,261,ok,,,False,,0.00015549999079667032
tfidf,1617,643,"[""isotropic"", ""resolution"", ""projection"", ""contrast"", ""temporal""]","[0.20746750825156968, 0.20255399554149212, 0.12727931971165704, 0.11160118512011089, 0.08853582619766935]",5,5,451,ok,,,False,,0.000276708000455983
tfidf,1618,644,"[""mra"", ""spiral"", ""ce"", ""ce mra"", ""multiphase""]","[0.21846086135422188, 0.21170446455392022, 0.19954012228126447, 0.19954012228126447, 0.15144758119757085]",5,5,455,ok,,,False,,0.00028079199546482414
tfidf,1619,645,"[""oxygen"", ""pure oxygen"", ""pure"", ""si changes"", ""gases""]","[0.17685105952364177, 0.13980632148974068, 0.10813064897938568, 0.09320421432649378, 0.08842552976182089]",5,5,458,ok,,,False,,0.0002938750112662092
tfidf,1620,646,"[""auxiliary mass"", ""mass"", ""auxiliary"", ""vibration"", ""displacement""]","[0.2366629360828453, 0.22228455552914683, 0.1991726734945015, 0.16107782342921553, 0.14451781408341488]",5,5,301,ok,,,False,,0.00018699999782256782
tfidf,1621,647,"[""experimental design"", ""experimental"", ""design methodology data"", ""design methodology data analysis"", ""experimental design methodology""]","[0.22845618932035108, 0.14513512690793945, 0.1252018572214063, 0.1252018572214063, 0.1252018572214063]",5,5,234,ok,,,False,,0.00014008300786372274
tfidf,1622,648,"[""profiles"", ""voigt profiles"", ""voigt"", ""simplex"", ""consist""]","[0.192720507939395, 0.12098167733258099, 0.11477881109680925, 0.10696412383849199, 0.0949021844973525]",5,5,285,ok,,,False,,0.00017545800074003637
tfidf,1623,649,"[""prediction"", ""uncertainty estimation"", ""convex hull method"", ""hull method"", ""convex hull""]","[0.23572961432128028, 0.14054750231262023, 0.133341474293845, 0.133341474293845, 0.128228716048729]",5,5,191,ok,,,False,,0.00011404200631659478
tfidf,1624,65,"[""uml"", ""metamodel"", ""uml metamodel"", ""stereotypes"", ""subtypes""]","[0.2612299584244773, 0.23119456443059885, 0.12670258106080792, 0.12020639767688349, 0.12020639767688349]",5,5,235,ok,,,False,,0.0001564170088386163
tfidf,1625,650,"[""descriptor"", ""descriptor selection"", ""molecular descriptor"", ""molecular descriptor selection"", ""test sets""]","[0.12570787324868365, 0.10521868877818871, 0.10521868877818871, 0.10521868877818871, 0.10521868877818871]",5,5,356,ok,,,False,,0.00020883399702142924
tfidf,1626,651,"[""overlay"", ""overlay network"", ""delaunay triangulation"", ""delaunay"", ""triangulation""]","[0.3793774946910533, 0.21454728932879485, 0.2035472092646417, 0.18968874734552665, 0.18474244818920188]",5,5,470,ok,,,False,,0.000291000003926456
tfidf,1627,652,"[""multicast"", ""end"", ""end systems"", ""functionality"", ""end multicast""]","[0.30690204412351785, 0.2221569755684588, 0.19561996529119297, 0.11945499469786182, 0.11737197917471577]",5,5,510,ok,,,False,,0.00031858299917075783
tfidf,1628,653,"[""indexing"", ""machine indexing"", ""human indexing"", ""index terms"", ""machine""]","[0.41908933224361683, 0.16599149891666157, 0.11066099927777437, 0.11066099927777437, 0.09642789836385122]",5,5,276,ok,,,False,,0.00016849998792167753
tfidf,1629,654,"[""ancient"", ""headings"", ""ancient history"", ""classical literature"", ""classical literature ancient""]","[0.28049123185727254, 0.22439298548581801, 0.1682947391143635, 0.1682947391143635, 0.1682947391143635]",5,5,207,ok,,,False,,0.0001396669977111742
tfidf,1630,655,"[""records"", ""ccf"", ""bibliographic"", ""ccf marc21"", ""marc21""]","[0.22876216842873567, 0.20228166334047648, 0.15171124750535736, 0.15171124750535736, 0.15171124750535736]",5,5,351,ok,,,False,,0.00021495900000445545
tfidf,1631,656,"[""cataloger"", ""cataloging"", ""cataloger desktop"", ""desktop"", ""cataloging tool""]","[0.27646136776663127, 0.27646136776663127, 0.22116909421330502, 0.19044435404698629, 0.11058454710665251]",5,5,273,ok,,,False,,0.00016941700596362352
tfidf,1632,657,"[""web services"", ""services"", ""agenda battle"", ""agenda battle scarred"", ""agenda battle scarred cios""]","[0.25346639446001445, 0.1616237316801927, 0.15367134087506099, 0.15367134087506099, 0.15367134087506099]",5,5,43,ok,,,False,,4.237500252202153e-05
tfidf,1633,658,"[""agile business managing"", ""agile business managing infrastructures"", ""business managing"", ""business managing infrastructures"", ""business managing infrastructures called""]","[0.13703119836911473, 0.13703119836911473, 0.13703119836911473, 0.13703119836911473, 0.13703119836911473]",5,5,61,ok,,,False,,6.020900036673993e-05
tfidf,1634,659,"[""agile business"", ""agile"", ""agile business web"", ""agile business web services"", ""barrier agile""]","[0.29611165773195397, 0.2676645490479658, 0.16227938320797108, 0.16227938320797108, 0.16227938320797108]",5,5,39,ok,,,False,,3.7999998312443495e-05
tfidf,1635,66,"[""database applications"", ""regression"", ""regression testing"", ""database"", ""testing""]","[0.2516650407749044, 0.21640593927798726, 0.20972086731242037, 0.17801395767966263, 0.1406995310573857]",5,5,435,ok,,,False,,0.00027041698922403157
tfidf,1636,660,"[""agile businesses"", ""agile"", ""software"", ""businesses"", ""agile businesses senior""]","[0.18122374050295303, 0.1494557405247947, 0.12887961085271712, 0.12845823468004042, 0.09061187025147652]",5,5,133,ok,,,False,,9.34169947868213e-05
tfidf,1637,661,"[""agile business"", ""agile"", ""new practices"", ""business"", ""employees""]","[0.17315060389526538, 0.15651622318417033, 0.12652332307090697, 0.12540799326113394, 0.1043441487894469]",5,5,250,ok,,,False,,0.00015991699183359742
tfidf,1638,663,"[""supply"", ""forrester"", ""forrester research"", ""metcalfe"", ""supply chains""]","[0.18815524692829125, 0.133886257116876, 0.133886257116876, 0.133886257116876, 0.12702175860755938]",5,5,223,ok,,,False,,0.00013970899453852326
tfidf,1639,664,"[""agility"", ""revolution"", ""agile revolution"", ""agile revolution business"", ""agile revolution business agility""]","[0.3040772077592452, 0.26183489885015304, 0.1520386038796226, 0.1520386038796226, 0.1520386038796226]",5,5,43,ok,,,False,,4.0166996768675745e-05
tfidf,1640,67,"[""orm"", ""modeling"", ""expressibility"", ""metaschemas"", ""er""]","[0.1780898302148773, 0.12348982645411546, 0.11872655347658485, 0.11872655347658485, 0.11263930996924816]",5,5,281,ok,,,False,,0.00017850000585895032
tfidf,1641,671,"[""reverse"", ""reverse auctions"", ""auctions"", ""suppliers"", ""bidding event""]","[0.19082212481515567, 0.1662058585790906, 0.15768429786759885, 0.1285488893551347, 0.11080390571939373]",5,5,304,ok,,,False,,0.00017962499987334013
tfidf,1642,673,"[""capital"", ""age interview"", ""age interview capital"", ""age interview capital credit"", ""attributes rapid""]","[0.15936971508491607, 0.1069286496182132, 0.1069286496182132, 0.1069286496182132, 0.1069286496182132]",5,5,97,ok,,,False,,6.916600978001952e-05
tfidf,1643,674,"[""portal"", ""centralised"", ""spend"", ""roi"", ""vendors""]","[0.17192565097416587, 0.14390340951080946, 0.13652532036749876, 0.11867755611263502, 0.09524297801279381]",5,5,200,ok,,,False,,0.00011808400449808687
tfidf,1644,675,"[""application servers"", ""servers"", ""application"", ""application foundations"", ""application foundations application""]","[0.2828210797896454, 0.21743450486393676, 0.18907513846419513, 0.14905263563456705, 0.14905263563456705]",5,5,46,ok,,,False,,4.06669860240072e-05
tfidf,1645,676,"[""hosting service"", ""hosting service provider"", ""web hosting service"", ""web hosting service provider"", ""hosting""]","[0.24640461922507928, 0.24640461922507928, 0.24640461922507928, 0.24640461922507928, 0.2337711781402132]",5,5,48,ok,,,False,,4.112500755582005e-05
tfidf,1646,677,"[""catalogue"", ""facts catalogue"", ""title series"", ""acts"", ""title""]","[0.2533562179283535, 0.1851305735691327, 0.1851305735691327, 0.16368040214141497, 0.1594122932190431]",5,5,109,ok,,,False,,7.162500696722418e-05
tfidf,1647,678,"[""promotional"", ""libraries"", ""libraries information"", ""activities libraries"", ""csir""]","[0.3199058767893005, 0.19134678539936728, 0.18210236629379145, 0.12796235071572018, 0.12796235071572018]",5,5,181,ok,,,False,,0.00011033299961127341
tfidf,1648,679,"[""himalayan"", ""information"", ""himalayan information"", ""divergent"", ""himis""]","[0.30946305800615875, 0.2008868873303303, 0.1856778348036952, 0.12378522320246348, 0.12378522320246348]",5,5,243,ok,,,False,,0.0001463329972466454
tfidf,1649,68,"[""research"", ""future"", ""data modeling"", ""factors research"", ""human factors research""]","[0.17768586413684417, 0.1190371926987112, 0.11055256192353796, 0.11055256192353796, 0.11055256192353796]",5,5,315,ok,,,False,,0.0001892910077003762
tfidf,1650,680,"[""journalists"", ""working journalists"", ""working"", ""information needs working"", ""information needs working journalists""]","[0.3117386313709936, 0.3117386313709936, 0.19672187521442322, 0.12469545254839744, 0.12469545254839744]",5,5,186,ok,,,False,,0.00011537500540725887
tfidf,1651,681,"[""thesaurus"", ""information retrieval"", ""family planning"", ""retrieval"", ""cds isis""]","[0.23975336309460715, 0.2046469574330719, 0.18953256966249776, 0.18626106526489417, 0.12635504644166518]",5,5,192,ok,,,False,,0.00013291698996908963
tfidf,1652,682,"[""information technology"", ""information"", ""information information technology"", ""information information"", ""technology""]","[0.2722893101977144, 0.2688026717150013, 0.24845174683511714, 0.22667530886367268, 0.18054744061113429]",5,5,121,ok,,,False,,8.066699956543744e-05
tfidf,1653,683,"[""knowledge management"", ""knowledge"", ""management"", ""involved knowledge"", ""involved knowledge management""]","[0.3738589726778605, 0.22015722189064507, 0.21239690271667905, 0.14807680960527833, 0.14807680960527833]",5,5,152,ok,,,False,,9.229200077243149e-05
tfidf,1654,684,"[""decision making"", ""fuzzy set"", ""fuzzy set theory"", ""set theory"", ""decision""]","[0.2417382889766404, 0.22024370818624442, 0.22024370818624442, 0.2109392310398978, 0.18710258217340767]",5,5,104,ok,,,False,,6.97089999448508e-05
tfidf,1655,685,"[""left"", ""biventricular"", ""epicardial"", ""stimulation"", ""stimulation lead""]","[0.16924659427836108, 0.149655350972085, 0.149655350972085, 0.149655350972085, 0.149655350972085]",5,5,168,ok,,,False,,0.00010212499182671309
tfidf,1656,686,"[""sige"", ""hfets"", ""cad sige"", ""effect transistors"", ""field effect""]","[0.32003270180358717, 0.1920196210821523, 0.12801308072143486, 0.12801308072143486, 0.12801308072143486]",5,5,190,ok,,,False,,0.00011558400001376867
tfidf,1657,687,"[""cbp"", ""cbp algorithm"", ""convolution projection"", ""reconstruction"", ""convolution""]","[0.14219695490198378, 0.14219695490198378, 0.14219695490198378, 0.14117033253682454, 0.11727023808395853]",5,5,212,ok,,,False,,0.00012633400910999626
tfidf,1658,688,"[""loading"", ""beam"", ""control"", ""actuator layers"", ""piezoelectric sensor""]","[0.17318933845651985, 0.15702499615118332, 0.1272909451431324, 0.11620088596857957, 0.11620088596857957]",5,5,281,ok,,,False,,0.00016512499132659286
tfidf,1659,689,"[""maps"", ""family contains"", ""shown family"", ""shown family contains"", ""family""]","[0.17239127044566677, 0.15592814635251545, 0.15592814635251545, 0.15592814635251545, 0.15098086059321345]",5,5,165,ok,,,False,,0.00012041599256917834
tfidf,1660,69,"[""add diagrams"", ""add"", ""diagrams"", ""ultrasonic detectors"", ""detectors""]","[0.21239197043869906, 0.2045081607837197, 0.17516026948422256, 0.1415946469591327, 0.1291840799743072]",5,5,188,ok,,,False,,0.00012483300815802068
tfidf,1661,690,"[""delay"", ""time delay"", ""robust kalman"", ""filter"", ""delay systems""]","[0.17743255636421168, 0.15944483386695793, 0.13743495123035163, 0.1293967798119488, 0.12151103759892647]",5,5,212,ok,,,False,,0.0001309590006712824
tfidf,1662,691,"[""state delayed"", ""state"", ""control law"", ""delayed"", ""uncertain""]","[0.13583121421425362, 0.12334914278069814, 0.11431391212685225, 0.11202039341221133, 0.10240850172583112]",5,5,225,ok,,,False,,0.0001497080083936453
tfidf,1663,692,"[""hadamard"", ""map"", ""theorem"", ""condition met"", ""homeomorphism""]","[0.21332282479922784, 0.1518417845559669, 0.15004934906839948, 0.14788564702073526, 0.14788564702073526]",5,5,170,ok,,,False,,0.00011108299077022821
tfidf,1664,693,"[""intdwt"", ""lifting"", ""dwt"", ""dwts"", ""iv""]","[0.24172836695143973, 0.22933468256343587, 0.1812962752135798, 0.1812962752135798, 0.16029036512771389]",5,5,213,ok,,,False,,0.00012937501014675945
tfidf,1665,694,"[""spt"", ""ga"", ""genetic"", ""genetic operations"", ""mirror filter""]","[0.1869052059479328, 0.16094039423267525, 0.12817644971860176, 0.0934526029739664, 0.0934526029739664]",5,5,374,ok,,,False,,0.000225499999942258
tfidf,1666,695,"[""perceptual"", ""filters"", ""image"", ""criterion"", ""filter""]","[0.1762478594454323, 0.11787894002818992, 0.10889997463117876, 0.10536795009763947, 0.1024560070778586]",5,5,349,ok,,,False,,0.00020245800260454416
tfidf,1667,696,"[""induction machine"", ""flux"", ""sliding"", ""induction"", ""speed""]","[0.17156982751623076, 0.14185851264299176, 0.13803840834630499, 0.1363437465042195, 0.12903212380280957]",5,5,259,ok,,,False,,0.0001528330030851066
tfidf,1668,697,"[""traffic"", ""schedulability"", ""periodic"", ""schedule"", ""analysis real""]","[0.13692316887594144, 0.130885993899589, 0.12262591163549597, 0.09546671602290466, 0.08725732926639267]",5,5,478,ok,,,False,,0.00030100000731181353
tfidf,1669,698,"[""sub"", ""delta sub"", ""sub delta sub"", ""sub delta"", ""delta""]","[0.17001293596727596, 0.16652063973511685, 0.16652063973511685, 0.1579829398408379, 0.13263141568091893]",5,5,285,ok,,,False,,0.00017254101112484932
tfidf,1670,699,"[""conditioner"", ""line conditioner"", ""voltage"", ""output voltage"", ""line""]","[0.24973663887532146, 0.24973663887532146, 0.2270525757338979, 0.18227806557289256, 0.17143222476060274]",5,5,301,ok,,,False,,0.00018975000421050936
tfidf,1671,7,"[""anti spam"", ""spam"", ""anti"", ""accountable lawsuit"", ""accountable lawsuit alleges""]","[0.21453609427996895, 0.20353658819852047, 0.18055099022287147, 0.10726804713998447, 0.10726804713998447]",5,5,86,ok,,,False,,6.170800770632923e-05
tfidf,1672,70,"[""security"", ""security issues"", ""end user"", ""issues"", ""research""]","[0.15684130267285062, 0.15367569320320312, 0.1290153529604004, 0.12247336348797022, 0.1115758855642862]",5,5,159,ok,,,False,,0.0001042500080075115
tfidf,1673,700,"[""pulse"", ""digital"", ""digitally processed"", ""pulse stream"", ""random pulse""]","[0.2096768485742123, 0.12155532481292716, 0.11254566032095582, 0.11254566032095582, 0.11254566032095582]",5,5,300,ok,,,False,,0.00018041599832940847
tfidf,1674,701,"[""voltage"", ""motor"", ""drive"", ""torque"", ""high dynamic control""]","[0.1771053259963069, 0.1560659521046523, 0.14536816373515618, 0.1377102421476105, 0.10908762286018055]",5,5,299,ok,,,False,,0.0001936250046128407
tfidf,1675,702,"[""power"", ""converter"", ""dc"", ""topologies"", ""facts""]","[0.14818023371232517, 0.1451418204044419, 0.13902405405844948, 0.13172844386023785, 0.11907344274354106]",5,5,360,ok,,,False,,0.00022287499450612813
tfidf,1676,703,"[""torque"", ""torque ripple"", ""ripple"", ""level inverters"", ""dsc""]","[0.24682278601206742, 0.18549687890583066, 0.17838430795150723, 0.14664111347427466, 0.139122659179373]",5,5,329,ok,,,False,,0.00020608400518540293
tfidf,1677,704,"[""voltages"", ""flying"", ""multicell"", ""multicell converters"", ""active control""]","[0.22607036700509597, 0.17703170610358143, 0.13706170596619557, 0.13706170596619557, 0.1250484447343718]",5,5,207,ok,,,False,,0.00012237500050105155
tfidf,1678,705,"[""semiconductors"", ""multilevel"", ""extra degrees"", ""extra degrees freedom"", ""torque""]","[0.17782577408459027, 0.16571854978369419, 0.12495721243399663, 0.12495721243399663, 0.10516248333954269]",5,5,260,ok,,,False,,0.00016566600243095309
tfidf,1679,706,"[""modular medium"", ""modular medium voltage"", ""reliability modular"", ""reliability modular medium"", ""reliability modular medium voltage""]","[0.17584267664378597, 0.17584267664378597, 0.17584267664378597, 0.17584267664378597, 0.17584267664378597]",5,5,116,ok,,,False,,7.991700840648264e-05
tfidf,1680,707,"[""proofs"", ""geometry"", ""theorems"", ""mathematics"", ""vector""]","[0.22308923707662864, 0.15032848323718195, 0.14143309295295017, 0.1360925146899695, 0.1346225810794916]",5,5,290,ok,,,False,,0.00017812498845160007
tfidf,1681,708,"[""ncp"", ""sub function"", ""set sub function"", ""solution set"", ""solution set sub""]","[0.23770655395812926, 0.23770655395812926, 0.1901652431665034, 0.1901652431665034, 0.1901652431665034]",5,5,206,ok,,,False,,0.00012425000022631139
tfidf,1682,709,"[""evolutionary programming"", ""mutated"", ""mutation"", ""evolutionary"", ""individual""]","[0.17736281378760968, 0.17736281378760968, 0.1568126545821345, 0.14126705926196986, 0.10472718025763883]",5,5,131,ok,,,False,,8.162499580066651e-05
tfidf,1683,71,"[""computer attitudes"", ""attitudes"", ""computer"", ""computing students"", ""non computing""]","[0.2257109428692651, 0.2213192734587106, 0.17339142387758438, 0.16928320715194883, 0.16928320715194883]",5,5,190,ok,,,False,,0.00012420800339896232
tfidf,1684,710,"[""metamodel"", ""regression"", ""runs"", ""limitations"", ""independent""]","[0.15838936683339008, 0.12795679577415686, 0.1266259362084602, 0.11647021199849847, 0.09930996158471903]",5,5,143,ok,,,False,,8.783300290815532e-05
tfidf,1685,711,"[""convex order"", ""bivariate"", ""variability"", ""dependence"", ""convex""]","[0.15250610300516768, 0.13913916260461284, 0.12350084483721442, 0.10716119819512021, 0.10626408673904797]",5,5,187,ok,,,False,,0.000126499988255091
tfidf,1686,712,"[""queue"", ""waiting time distribution"", ""time distribution"", ""waiting time"", ""waiting""]","[0.24499989219359058, 0.24203221504681943, 0.22962295202630537, 0.2139891295440036, 0.18719540152446768]",5,5,130,ok,,,False,,8.062500273808837e-05
tfidf,1687,713,"[""ride"", ""dial ride"", ""dial"", ""maximum"", ""dial ride problems""]","[0.2740315707865545, 0.1733044562443332, 0.16441894247193273, 0.13026685466959564, 0.11553630416288878]",5,5,246,ok,,,False,,0.00015987499500624835
tfidf,1688,714,"[""face cycles"", ""cycles"", ""embeddings planar"", ""embeddings planar graphs"", ""embeddings planar graphs minimize""]","[0.25084442196205353, 0.19979415676886098, 0.167229614641369, 0.167229614641369, 0.167229614641369]",5,5,76,ok,,,False,,6.279100489336997e-05
tfidf,1689,715,"[""series parallel"", ""knapsack"", ""knapsack problem"", ""parallel graphs"", ""quadratic knapsack""]","[0.2128400520846293, 0.14956155675245636, 0.14956155675245636, 0.14956155675245636, 0.14956155675245636]",5,5,163,ok,,,False,,0.00010000000474974513
tfidf,1690,716,"[""location theory"", ""ordered median"", ""median"", ""objective"", ""objective function""]","[0.16584228440131116, 0.16584228440131116, 0.14662695242350557, 0.14177478008853003, 0.132091114920602]",5,5,151,ok,,,False,,9.574998694006354e-05
tfidf,1691,717,"[""simplex algorithm"", ""simplex"", ""degenerate"", ""degenerate pivots"", ""network simplex""]","[0.22974959473630496, 0.20312963619821878, 0.1978328541686468, 0.18379967578904394, 0.18379967578904394]",5,5,312,ok,,,False,,0.00018545900820754468
tfidf,1692,718,"[""water"", ""water control"", ""acquire transform"", ""acquire transform verify"", ""acquire transform verify store""]","[0.20611542473640038, 0.1725205762157828, 0.0862602881078914, 0.0862602881078914, 0.0862602881078914]",5,5,141,ok,,,False,,8.591699588578194e-05
tfidf,1693,719,"[""al qaeda"", ""al qaeda tip"", ""al qaeda tip tongues"", ""dangers"", ""dangers fight""]","[0.13856929259496922, 0.13856929259496922, 0.13856929259496922, 0.13856929259496922, 0.13856929259496922]",5,5,57,ok,,,False,,4.866599920205772e-05
tfidf,1694,72,"[""training"", ""tier"", ""end"", ""end users"", ""strategy""]","[0.2875270315054448, 0.1990920236782441, 0.15488825736338466, 0.1303560815742161, 0.12391060589070772]",5,5,285,ok,,,False,,0.00016816599236335605
tfidf,1695,720,"[""hitachi"", ""pounds"", ""pro"", ""109s40"", ""109s40 samsung""]","[0.11680335431587177, 0.11319094610475212, 0.1102393936850311, 0.06401225956514014, 0.06401225956514014]",5,5,247,ok,,,False,,0.00015912500384729356
tfidf,1696,721,"[""reflooding"", ""assemblies"", ""flow"", ""future"", ""accident loca""]","[0.158998171329508, 0.13691019598016968, 0.08995668553421733, 0.08560044032441197, 0.079499085664754]",5,5,168,ok,,,False,,0.00010162500257138163
tfidf,1697,722,"[""equipment"", ""updating"", ""power"", ""sargon"", ""basis firmware""]","[0.22390624142067767, 0.20775935859202557, 0.1606225022563199, 0.15650690807794265, 0.10433793871862844]",5,5,324,ok,,,False,,0.0001941660011652857
tfidf,1698,723,"[""corrosion"", ""erosion corrosion"", ""erosion"", ""power stations"", ""stations""]","[0.2802130212148368, 0.2802130212148368, 0.26584618545557576, 0.14864766779511315, 0.13615144904691975]",5,5,244,ok,,,False,,0.00014570901112165302
tfidf,1699,724,"[""sma"", ""accounts investment"", ""accounts investment management"", ""accounts investment management technology"", ""attention hoping""]","[0.19486028747196402, 0.11314872917599236, 0.11314872917599236, 0.11314872917599236, 0.11314872917599236]",5,5,85,ok,,,False,,7.541700324509293e-05
tfidf,1700,725,"[""scraping"", ""customer"", ""screen"", ""data"", ""web sites""]","[0.11445924074242628, 0.11149573497055282, 0.09269014585361719, 0.08033894341886358, 0.07849422407173565]",5,5,320,ok,,,False,,0.00019666599109768867
tfidf,1701,726,"[""web services"", ""web"", ""services"", ""automated customer"", ""automated customer management""]","[0.11113481411498662, 0.09879514667020196, 0.07086550236813459, 0.06737869901583668, 0.06737869901583668]",5,5,239,ok,,,False,,0.00014625000767409801
tfidf,1702,727,"[""telecom carriers"", ""carriers"", ""telecom"", ""bankruptcy telecom"", ""bankruptcy telecom carriers""]","[0.28409189962556786, 0.25200910679343763, 0.22576320386395612, 0.149722384318441, 0.149722384318441]",5,5,43,ok,,,False,,3.941699105780572e-05
tfidf,1703,728,"[""purchasing"", ""telecom"", ""backdrop"", ""backdrop economic"", ""backdrop economic constraints""]","[0.1841448043798665, 0.16123236949341058, 0.10692661326870616, 0.10692661326870616, 0.10692661326870616]",5,5,91,ok,,,False,,6.391700298991054e-05
tfidf,1704,73,"[""owners"", ""business owners"", ""small business owners"", ""small business"", ""attitude""]","[0.3719804099982939, 0.2066557833323855, 0.2066557833323855, 0.1885427013979506, 0.13634369557081255]",5,5,360,ok,,,False,,0.0002160419971914962
tfidf,1705,730,"[""multi hour"", ""hour"", ""failures"", ""path"", ""design internet""]","[0.16115567012325663, 0.13876797572825844, 0.12301179030632084, 0.10811764944593137, 0.10743711341550441]",5,5,334,ok,,,False,,0.00020308399689383805
tfidf,1706,731,"[""video"", ""bandwidth"", ""streams"", ""aggregate bandwidth"", ""video distribution""]","[0.23206177653749646, 0.1422815931773728, 0.13972459324874076, 0.10209851686832547, 0.10209851686832547]",5,5,383,ok,,,False,,0.00022416599676944315
tfidf,1707,732,"[""caching"", ""hit rate"", ""web caching"", ""operative"", ""hit""]","[0.2532341903390109, 0.16015166987222762, 0.16015166987222762, 0.15194051420340654, 0.13790345087251243]",5,5,297,ok,,,False,,0.00017924999701790512
tfidf,1708,733,"[""000 users"", ""000 users 200"", ""000 users 200 sites"", ""13m"", ""13m years""]","[0.08736011051832016, 0.08736011051832016, 0.08736011051832016, 0.08736011051832016, 0.08736011051832016]",5,5,141,ok,,,False,,9.095801215153188e-05
tfidf,1709,734,"[""web services"", ""products"", ""integration"", ""services"", ""allowing users improve""]","[0.1713536394204438, 0.12539633137875852, 0.12070150273626784, 0.10926424664348666, 0.10388810552049468]",5,5,100,ok,,,False,,7.624999852851033e-05
tfidf,1710,735,"[""application focused"", ""application focused component"", ""application focused component based"", ""available national"", ""available national basis""]","[0.11975012011366029, 0.11975012011366029, 0.11975012011366029, 0.11975012011366029, 0.11975012011366029]",5,5,82,ok,,,False,,5.8125006034970284e-05
tfidf,1711,736,"[""telecoms"", ""china"", ""country"", ""according chinese"", ""according chinese government""]","[0.2623528821863758, 0.16299376694710574, 0.1587435626349432, 0.09217697772101276, 0.09217697772101276]",5,5,118,ok,,,False,,9.675000910647213e-05
tfidf,1712,737,"[""mobile"", ""branding"", ""branding mobile"", ""branding mobile operators"", ""branding mobile operators frantically""]","[0.20904096670826205, 0.16910870588494714, 0.16910870588494714, 0.16910870588494714, 0.16910870588494714]",5,5,37,ok,,,False,,3.650000144261867e-05
tfidf,1713,738,"[""3g networks"", ""3g"", ""networks"", ""3g networks delays"", ""3g networks delays rolling""]","[0.31335263794622, 0.2698217892280767, 0.15996215861009863, 0.15667631897311, 0.15667631897311]",5,5,39,ok,,,False,,3.54999938281253e-05
tfidf,1714,739,"[""disposable"", ""asks simplified"", ""asks simplified handsets"", ""asks simplified handsets good"", ""biddlecombe""]","[0.19946410990912128, 0.10512176574168496, 0.10512176574168496, 0.10512176574168496, 0.10512176574168496]",5,5,97,ok,,,False,,6.891701195854694e-05
tfidf,1715,74,"[""uptake"", ""cscw"", ""case studies"", ""case"", ""meta""]","[0.20642619633894188, 0.17510862461823046, 0.1373612216907294, 0.1017997720893101, 0.09824620476256632]",5,5,286,ok,,,False,,0.0001687079929979518
tfidf,1716,740,"[""2005 falls"", ""2005 falls financial"", ""2005 falls financial planning"", ""3g operators"", ""3g operators looking""]","[0.10393627024081992, 0.10393627024081992, 0.10393627024081992, 0.10393627024081992, 0.10393627024081992]",5,5,102,ok,,,False,,8.504200377501547e-05
tfidf,1717,741,"[""3g"", ""mothball"", ""3g licence"", ""3g licence holders"", ""3g licence holders questioning""]","[0.2422023062468189, 0.18751816843313113, 0.09375908421656556, 0.09375908421656556, 0.09375908421656556]",5,5,111,ok,,,False,,9.720900561660528e-05
tfidf,1718,742,"[""international telecommunication"", ""international telecommunication union"", ""telecommunication union"", ""telecommunication"", ""union""]","[0.1827137585044136, 0.1827137585044136, 0.1827137585044136, 0.15068456266026947, 0.14131662341173037]",5,5,114,ok,,,False,,7.641599222552031e-05
tfidf,1719,743,"[""million"", ""satellite"", ""10 million"", ""10 million 40"", ""10 million 40 million""]","[0.15878333787151944, 0.15380796647393127, 0.09803749971450182, 0.09803749971450182, 0.09803749971450182]",5,5,112,ok,,,False,,9.200000204145908e-05
tfidf,1720,744,"[""virtual"", ""clean corporate"", ""clean corporate sector"", ""corporate sector"", ""fashionable""]","[0.27506196858638166, 0.14834531967036532, 0.14834531967036532, 0.14834531967036532, 0.14834531967036532]",5,5,48,ok,,,False,,4.183300188742578e-05
tfidf,1721,745,"[""brain"", ""feature"", ""intensity"", ""callosum"", ""corpus callosum""]","[0.20611783658374203, 0.13351801188175744, 0.11110983867208132, 0.10801259943064832, 0.10801259943064832]",5,5,312,ok,,,False,,0.00019462499767541885
tfidf,1722,746,"[""chd"", ""isdn"", ""isdn line"", ""diagnosis"", ""studies""]","[0.16843471038635094, 0.16843471038635094, 0.16843471038635094, 0.1564838855334651, 0.15254539709600395]",5,5,268,ok,,,False,,0.0001811660040402785
tfidf,1723,747,"[""diastolic"", ""cardiovascular"", ""heart"", ""cardiovascular physiology"", ""physiology""]","[0.20053250292164562, 0.19025097666930219, 0.1550982062278872, 0.13368833528109708, 0.12683398444620145]",5,5,211,ok,,,False,,0.00013150001177564263
tfidf,1724,748,"[""cardiovascular"", ""hypertensive"", ""short term regulation"", ""term regulation"", ""functional status""]","[0.30558175765693063, 0.15279087882846532, 0.10736532655082674, 0.10736532655082674, 0.10186058588564353]",5,5,319,ok,,,False,,0.00018583300698082894
tfidf,1725,749,"[""stenosis"", ""flow"", ""coronary"", ""cfr"", ""ffr""]","[0.19812270506986593, 0.14011530547907314, 0.122544273940656, 0.09906135253493296, 0.09906135253493296]",5,5,379,ok,,,False,,0.00023141699784900993
tfidf,1726,75,"[""caller"", ""attendant"", ""dialog"", ""auto attendant"", ""sophisticated dialog""]","[0.27465683323199125, 0.18310455548799418, 0.16188912883699397, 0.13732841661599562, 0.13732841661599562]",5,5,388,ok,,,False,,0.00023154201335273683
tfidf,1727,750,"[""cerebrum"", ""brain mr"", ""cerebrum segmentation"", ""segmentation"", ""brain""]","[0.3475537460766539, 0.20853224764599232, 0.20853224764599232, 0.20280131611240837, 0.18570395909682294]",5,5,402,ok,,,False,,0.00024241699429694563
tfidf,1728,751,"[""regression"", ""latent"", ""predictors"", ""variables"", ""latent variables""]","[0.16162753035301725, 0.15603399420472652, 0.14541045790282522, 0.1268895891214058, 0.10964424623558885]",5,5,329,ok,,,False,,0.0001925000105984509
tfidf,1729,752,"[""video"", ""leeza"", ""outboard"", ""outboard video"", ""outboard video signal""]","[0.19680972045199124, 0.18183674973443834, 0.12122449982295888, 0.12122449982295888, 0.12122449982295888]",5,5,264,ok,,,False,,0.00015587499365210533
tfidf,1730,753,"[""dvd"", ""war"", ""abound dvd"", ""abound dvd media"", ""abound dvd media manufacturers""]","[0.3010817122383248, 0.18722855782448036, 0.11351273446835833, 0.11351273446835833, 0.11351273446835833]",5,5,75,ok,,,False,,5.5208001867868006e-05
tfidf,1731,754,"[""records"", ""cradle"", ""cradle grave"", ""cradle grave electronic"", ""cradle grave electronic records""]","[0.20215526151364266, 0.13406599143844278, 0.13406599143844278, 0.13406599143844278, 0.13406599143844278]",5,5,61,ok,,,False,,4.7666995669715106e-05
tfidf,1732,755,"[""radiofrequency"", ""platform"", ""processing"", ""echographic"", ""hardware""]","[0.15906953374565688, 0.15495100667587403, 0.1480853385005108, 0.11930215030924265, 0.10208124532255423]",5,5,565,ok,,,False,,0.00034300000697840005
tfidf,1733,756,"[""clutter"", ""color flow"", ""blood"", ""flow"", ""tissue""]","[0.21514493931200382, 0.16135870448400286, 0.13773140656618438, 0.12830108540664348, 0.12674533866828497]",5,5,276,ok,,,False,,0.00016316700202878565
tfidf,1734,757,"[""imaging"", ""elastography"", ""transient elastography"", ""beamforming"", ""speckle""]","[0.16530996358346015, 0.13305926540492385, 0.13305926540492385, 0.12139681232690533, 0.12139681232690533]",5,5,449,ok,,,False,,0.0002668329980224371
tfidf,1735,758,"[""terminal"", ""electron"", ""transmission"", ""rings"", ""ring""]","[0.2867423255780117, 0.15370317320423726, 0.13466404772018817, 0.12296253856338982, 0.1146969302312047]",5,5,652,ok,,,False,,0.0004028749972349033
tfidf,1736,759,"[""concurrent convergence"", ""concurrent convergence method"", ""convergence method"", ""dominant ahp"", ""ahp""]","[0.23683665408450236, 0.23683665408450236, 0.23683665408450236, 0.23683665408450236, 0.2246937732995433]",5,5,224,ok,,,False,,0.00013387500075623393
tfidf,1737,76,"[""faulty"", ""sc problem"", ""sc"", ""fault free"", ""general network""]","[0.20734322219909943, 0.20734322219909943, 0.1891698872375442, 0.15550741664932458, 0.15550741664932458]",5,5,288,ok,,,False,,0.0001714999962132424
tfidf,1738,760,"[""ideal"", ""criteria"", ""anti ideal"", ""ideal anti"", ""ideal anti ideal""]","[0.2089151981251742, 0.15339296030853686, 0.14172306769498205, 0.14172306769498205, 0.14172306769498205]",5,5,307,ok,,,False,,0.00018125001224689186
tfidf,1739,761,"[""nmr"", ""nmr implementation"", ""quantum"", ""qlga"", ""quantum information processors""]","[0.20321374146057367, 0.16064685021563035, 0.12927065816736788, 0.10709790014375356, 0.10709790014375356]",5,5,320,ok,,,False,,0.00018429200281389058
tfidf,1740,762,"[""spin"", ""quantum"", ""electron"", ""quantum computing"", ""semiconductor""]","[0.2721192822524567, 0.1256154237822139, 0.12268211004776328, 0.12268211004776328, 0.10732099756281062]",5,5,208,ok,,,False,,0.00012175001029390842
tfidf,1741,763,"[""quantum"", ""quantum adder"", ""adder"", ""quantum computer"", ""spin""]","[0.26804858707986046, 0.2664868382638109, 0.2356103155275236, 0.15707354368501572, 0.13936095475298083]",5,5,109,ok,,,False,,7.241699495352805e-05
tfidf,1742,764,"[""quantum"", ""lattice boltzmann"", ""boltzmann"", ""lattice"", ""equation""]","[0.25124351485783886, 0.2081497321006358, 0.18990570770715712, 0.16327980165612416, 0.1181932398363023]",5,5,91,ok,,,False,,6.674999895039946e-05
tfidf,1743,765,"[""quantum"", ""sign problem"", ""feynman"", ""sign"", ""quantum computer""]","[0.18133650459172768, 0.12018664799269717, 0.11402454380253053, 0.1096524613011232, 0.10626121064831699]",5,5,281,ok,,,False,,0.00016479199985042214
tfidf,1744,766,"[""quantum"", ""classical"", ""algorithms review"", ""algorithms review differences"", ""algorithms review differences classical""]","[0.3232758270646469, 0.10413841912244456, 0.08927564005806916, 0.08927564005806916, 0.08927564005806916]",5,5,131,ok,,,False,,8.091700146906078e-05
tfidf,1745,767,"[""quantum"", ""quantum mechanical"", ""quantum computation"", ""particles"", ""mechanical""]","[0.18369402339690566, 0.13884753815239037, 0.13104476759447675, 0.11938029016443835, 0.10990307266398514]",5,5,181,ok,,,False,,0.00010629199096001685
tfidf,1746,768,"[""voltage collapse"", ""collapse"", ""voltage"", ""critical"", ""lines""]","[0.2598363362967396, 0.23706205544675055, 0.16873921289678356, 0.143020604309756, 0.1421411928271495]",5,5,181,ok,,,False,,0.00011116599489469081
tfidf,1747,769,"[""simplification"", ""permission"", ""permission grid"", ""grid"", ""error bounded""]","[0.23604770989645343, 0.21107759103220694, 0.177987701851056, 0.16579893130782497, 0.12664655461932417]",5,5,431,ok,,,False,,0.0002593749959487468
tfidf,1748,77,"[""ttl"", ""wireless"", ""data"", ""data access"", ""stale""]","[0.1627363741132977, 0.15380492113455893, 0.11422466431959401, 0.1084909160755318, 0.1084909160755318]",5,5,319,ok,,,False,,0.0001847079984145239
tfidf,1749,770,"[""visibility"", ""visibility complex"", ""3d visibility"", ""3d"", ""scenes""]","[0.3604638144156713, 0.20385113868438398, 0.15288835401328799, 0.13404571304276464, 0.11993087796409756]",5,5,325,ok,,,False,,0.0001894999877549708
tfidf,1750,771,"[""color"", ""characterization data"", ""cmyk"", ""color management"", ""ink""]","[0.15008231511464395, 0.12469440246509148, 0.12469440246509148, 0.12469440246509148, 0.11830118064924422]",5,5,526,ok,,,False,,0.00031591700098942965
tfidf,1751,772,"[""texture"", ""atlas"", ""solid"", ""procedural solid"", ""texture atlas""]","[0.4390199871588778, 0.22814449648855198, 0.19221647063328798, 0.19012041374046, 0.19012041374046]",5,5,406,ok,,,False,,0.00024583301274105906
tfidf,1752,773,"[""topologically"", ""solid"", ""approximations"", ""models"", ""topology""]","[0.12101284068099999, 0.09578623574904366, 0.09401911385117863, 0.08840109818466968, 0.0872185940655209]",5,5,250,ok,,,False,,0.0001492910087108612
tfidf,1753,774,"[""disabilities"", ""persons"", ""accessibility"", ""accessibility problems"", ""thing""]","[0.1863778223022385, 0.17740881746463305, 0.1679012892068396, 0.1405349803314416, 0.11827254497642203]",5,5,201,ok,,,False,,0.00011949999316129833
tfidf,1754,775,"[""information centers"", ""centers"", ""clearinghouse"", ""db link"", ""disability related""]","[0.162807918206352, 0.13701718094075374, 0.10853861213756799, 0.10853861213756799, 0.10853861213756799]",5,5,325,ok,,,False,,0.0001926669938256964
tfidf,1755,776,"[""hearing"", ""deaf hard"", ""deaf hard hearing"", ""hard hearing"", ""deaf""]","[0.2856288979858394, 0.1428144489929197, 0.1428144489929197, 0.1428144489929197, 0.13733846520410126]",5,5,169,ok,,,False,,0.00010037499305326492
tfidf,1756,777,"[""impaired"", ""visually impaired"", ""visually"", ""consumers"", ""providers""]","[0.22167727915646002, 0.22167727915646002, 0.20119756692925367, 0.1395785427295332, 0.12313759367481678]",5,5,260,ok,,,False,,0.00015291699673980474
tfidf,1757,778,"[""accessibility"", ""accessibility needs"", ""web sites"", ""perspective"", ""sites""]","[0.20013262930228487, 0.16751291937983864, 0.11487754543384646, 0.11086901520672059, 0.10570860428211458]",5,5,143,ok,,,False,,8.537500980310142e-05
tfidf,1758,779,"[""computers"", ""personal"", ""computers internet"", ""internet"", ""educated""]","[0.18058837380047618, 0.1531628474949739, 0.14151046149852775, 0.13709386469493792, 0.13425506148266678]",5,5,412,ok,,,False,,0.0002450840111123398
tfidf,1759,78,"[""fuzzy"", ""genetic algorithms"", ""genetic"", ""profit"", ""problem""]","[0.25114301445262316, 0.15313523340006718, 0.13578130056896923, 0.11827493610838094, 0.11087740160590308]",5,5,336,ok,,,False,,0.00019579200306907296
tfidf,1760,780,"[""mondex"", ""cash"", ""controversies"", ""electronic cash"", ""payment""]","[0.18147490219341614, 0.1604482954756259, 0.1361061766450621, 0.1361061766450621, 0.08608524024844447]",5,5,483,ok,,,False,,0.0002917909878306091
tfidf,1761,781,"[""icann"", ""governance"", ""internet"", ""technical coordination"", ""technical""]","[0.3460462118608093, 0.2735866955067266, 0.16762298717941493, 0.11534873728693643, 0.10539481682915178]",5,5,244,ok,,,False,,0.00014820799697190523
tfidf,1762,782,"[""community"", ""eagerness"", ""democratic"", ""virtual community"", ""computer networks""]","[0.22794441213182487, 0.09568754263414787, 0.09078153504295139, 0.08730066726154155, 0.08460069645078065]",5,5,443,ok,,,False,,0.00026862500817514956
tfidf,1763,783,"[""italy"", ""european"", ""european average"", ""internet"", ""average""]","[0.2642719047407483, 0.1311042386038644, 0.1114214653450112, 0.1079439578697127, 0.09827594273145293]",5,5,311,ok,,,False,,0.00018433399964123964
tfidf,1764,784,"[""tech"", ""servers"", ""actual management"", ""cheap servers"", ""cheap servers talk""]","[0.20092761828032943, 0.17414016023902712, 0.11937410701992886, 0.11937410701992886, 0.11937410701992886]",5,5,76,ok,,,False,,5.4750009439885616e-05
tfidf,1765,785,"[""air wlans"", ""air wlans wireless"", ""air wlans wireless local"", ""area networks end"", ""area networks end cables""]","[0.12128254070150148, 0.12128254070150148, 0.12128254070150148, 0.12128254070150148, 0.12128254070150148]",5,5,78,ok,,,False,,6.137500167824328e-05
tfidf,1766,787,"[""upgrades"", ""block upgrades"", ""block upgrades time"", ""block upgrades time passes"", ""business issues costs""]","[0.20639056779704987, 0.10877215419425527, 0.10877215419425527, 0.10877215419425527, 0.10877215419425527]",5,5,92,ok,,,False,,6.433400267269462e-05
tfidf,1767,788,"[""crm"", ""business customer relationship"", ""business customer relationship management"", ""conversations notes"", ""conversations notes employees""]","[0.21697291073698305, 0.12270350905845674, 0.12270350905845674, 0.12270350905845674, 0.12270350905845674]",5,5,73,ok,,,False,,6.141600897535682e-05
tfidf,1768,79,"[""newton"", ""newton method"", ""tracing"", ""ray"", ""bezier clipping""]","[0.19186830289319004, 0.16974799706400792, 0.16449815589286437, 0.14390122716989254, 0.12403699548261356]",5,5,244,ok,,,False,,0.00014466700667981058
tfidf,1769,790,"[""error forecasts"", ""assimilation"", ""forecasts"", ""initial conditions"", ""model""]","[0.1471913932840189, 0.13964472552632398, 0.13013704857067626, 0.12387450185903315, 0.11989671631375091]",5,5,375,ok,,,False,,0.00022295799863059074
tfidf,1770,791,"[""rise"", ""care"", ""banks using"", ""banks using goal"", ""banks using goal usable""]","[0.15386864729158245, 0.14904084458059882, 0.10948882696509664, 0.10948882696509664, 0.10948882696509664]",5,5,92,ok,,,False,,6.316699727904052e-05
tfidf,1771,792,"[""commerce"", ""act market"", ""act market turned"", ""act market turned tentative"", ""ahead bankers""]","[0.2715727607304842, 0.09823009452946871, 0.09823009452946871, 0.09823009452946871, 0.09823009452946871]",5,5,103,ok,,,False,,7.149999146349728e-05
tfidf,1772,793,"[""insulation"", ""monitoring"", ""winding"", ""motor generator"", ""advancements""]","[0.22273849599612336, 0.19553612578325372, 0.1670538719970925, 0.11738785493003111, 0.10709897842162322]",5,5,273,ok,,,False,,0.0001617909874767065
tfidf,1773,794,"[""omega"", ""bracket"", ""bracket flows"", ""double bracket"", ""double bracket flows""]","[0.16016041613379034, 0.138051753992525, 0.138051753992525, 0.138051753992525, 0.138051753992525]",5,5,190,ok,,,False,,0.00011783400259446353
tfidf,1774,795,"[""functions"", ""multiplication"", ""rational"", ""construct functions"", ""construct functions allow""]","[0.19373611840272814, 0.1760215931348795, 0.14241315344394292, 0.13272604445932623, 0.13272604445932623]",5,5,220,ok,,,False,,0.0001409579999744892
tfidf,1775,796,"[""iterator"", ""newton"", ""newton iterator"", ""quadratic convergence"", ""quadratic""]","[0.2681646774613219, 0.155555308398742, 0.13408233873066094, 0.13408233873066094, 0.13400674746281985]",5,5,214,ok,,,False,,0.0001253749942407012
tfidf,1776,797,"[""adaptive"", ""adaptive wavelet"", ""wavelet"", ""equations"", ""adaptive wavelet methods""]","[0.16674108353729422, 0.14322631102970998, 0.13600309098558044, 0.10645868769985341, 0.10064435634040098]",5,5,391,ok,,,False,,0.00022966699907556176
tfidf,1777,798,"[""staff"", ""interlibrary"", ""interlibrary loan"", ""loan"", ""wanted""]","[0.13921008472653934, 0.12620907840334555, 0.12620907840334555, 0.12620907840334555, 0.1191165473134086]",5,5,215,ok,,,False,,0.0001279170101042837
tfidf,1778,799,"[""project"", ""academic departments"", ""college london"", ""university college"", ""university college london""]","[0.14766524389659197, 0.1280917604870009, 0.1280917604870009, 0.1280917604870009, 0.1280917604870009]",5,5,244,ok,,,False,,0.00014437499339692295
tfidf,1779,8,"[""global crossing"", ""crossing"", ""deal"", ""global"", ""bankrupt carrier""]","[0.2125990774036836, 0.17533107119449357, 0.1341601103199058, 0.12553308907539829, 0.1062995387018418]",5,5,90,ok,,,False,,6.229199061635882e-05
tfidf,1780,80,"[""rsdb"", ""database"", ""drsdb"", ""performance"", ""distributed""]","[0.21150670635018887, 0.1709807642151435, 0.1410044709001259, 0.08269607947127884, 0.0778690401078221]",5,5,211,ok,,,False,,0.00012404099106788635
tfidf,1781,800,"[""reserves"", ""brooklyn"", ""brooklyn campus"", ""island"", ""island university""]","[0.29769358220831293, 0.1683530309708656, 0.1683530309708656, 0.1683530309708656, 0.1683530309708656]",5,5,97,ok,,,False,,6.504201155621558e-05
tfidf,1782,801,"[""international"", ""customers"", ""meet customers"", ""information service"", ""orders""]","[0.1883779471707546, 0.17147062503392074, 0.15870626620083136, 0.15262093697099452, 0.12466188001898337]",5,5,272,ok,,,False,,0.00016112500452436507
tfidf,1783,802,"[""reserves"", ""electronic reserves"", ""brief"", ""history"", ""electronic""]","[0.2338923017922926, 0.12067840378645356, 0.09294322392020896, 0.09070980546319127, 0.07057240533519273]",5,5,238,ok,,,False,,0.00014783300866838545
tfidf,1784,803,"[""wind"", ""grid"", ""wind turbine"", ""turbine"", ""voltage stability""]","[0.26472898438961573, 0.2344140871112855, 0.21524120450058623, 0.18790640625131852, 0.15727945408536623]",5,5,137,ok,,,False,,8.600000001024455e-05
tfidf,1785,804,"[""grid"", ""wind"", ""voltage control"", ""wind turbines"", ""turbines""]","[0.2204822559549393, 0.19919636883315056, 0.16195909359395474, 0.16195909359395474, 0.1569501418991078]",5,5,219,ok,,,False,,0.00014400000509340316
tfidf,1786,805,"[""wind"", ""linear controller"", ""linear"", ""controller"", ""fixed speed""]","[0.18787379026237594, 0.16742794845950854, 0.1222854977565385, 0.1201850812992092, 0.11161863230633902]",5,5,303,ok,,,False,,0.00017833299352787435
tfidf,1787,806,"[""measurement"", ""flow measurement"", ""flow"", ""early"", ""1977""]","[0.1798525745905864, 0.14172509977693767, 0.1202761024828229, 0.09795540968272158, 0.07086254988846884]",5,5,207,ok,,,False,,0.00012749999586958438
tfidf,1788,807,"[""etch"", ""cd"", ""etch cds"", ""post etch"", ""post etch cds""]","[0.24973201752319027, 0.16281367501803803, 0.13161400643069113, 0.13161400643069113, 0.13161400643069113]",5,5,214,ok,,,False,,0.0001280839933315292
tfidf,1789,808,"[""fast valving"", ""valving"", ""control logic"", ""valves"", ""fast""]","[0.24783781909931235, 0.24783781909931235, 0.18587836432448426, 0.1643415500501253, 0.13826032170948793]",5,5,219,ok,,,False,,0.00013004199718125165
tfidf,1790,809,"[""direct current"", ""lighting"", ""dc"", ""20 th"", ""20 th century""]","[0.16240895850980597, 0.13984715769109085, 0.11728535687237572, 0.10827263900653732, 0.10827263900653732]",5,5,319,ok,,,False,,0.00018904100579675287
tfidf,1791,81,"[""lcs"", ""strings"", ""common subsequence"", ""lcs problem"", ""subsequence""]","[0.29031954151281586, 0.19999075457550733, 0.1741917249076895, 0.1741917249076895, 0.16526071987615512]",5,5,193,ok,,,False,,0.00011770898709073663
tfidf,1792,810,"[""oracle"", ""suite"", ""business suite"", ""business suite carries"", ""business suite carries price""]","[0.25715824810842314, 0.2235403098675287, 0.1355277855676008, 0.1355277855676008, 0.1355277855676008]",5,5,56,ok,,,False,,4.591699689626694e-05
tfidf,1793,811,"[""integration web"", ""season"", ""tax"", ""integration"", ""coming season""]","[0.26405462957671255, 0.25051625267276206, 0.24091062139283745, 0.15339480123684712, 0.13202731478835628]",5,5,53,ok,,,False,,4.345898923929781e-05
tfidf,1794,812,"[""companies making"", ""companies making office"", ""companies making office web"", ""eleaders"", ""eleaders make""]","[0.18677457513370752, 0.18677457513370752, 0.18677457513370752, 0.18677457513370752, 0.18677457513370752]",5,5,33,ok,,,False,,3.325000579934567e-05
tfidf,1795,813,"[""quadratures"", ""bandlimited functions"", ""bandlimited"", ""functions"", ""epsilon""]","[0.27352806551661923, 0.21882245241329534, 0.20760317994468935, 0.18632156249507079, 0.08860221725512647]",5,5,293,ok,,,False,,0.0001722919987514615
tfidf,1796,814,"[""wavelet packet"", ""packet"", ""wavelet"", ""convolution"", ""permits""]","[0.2416608953597205, 0.1800893781888945, 0.16328103201387098, 0.1494738270975185, 0.14677441174287878]",5,5,225,ok,,,False,,0.0001324580080108717
tfidf,1797,815,"[""frame"", ""dual"", ""wavelet"", ""canonical dual"", ""canonical dual frame""]","[0.2403033115343332, 0.21345308613597538, 0.2069819643414687, 0.20422640323106173, 0.20422640323106173]",5,5,74,ok,,,False,,5.3167008445598185e-05
tfidf,1798,816,"[""numeric"", ""numeric csps"", ""csps"", ""regularities"", ""filtering""]","[0.25721590306883163, 0.203337256409865, 0.1929119273016237, 0.1929119273016237, 0.18592703176245767]",5,5,188,ok,,,False,,0.00011241699394304305
tfidf,1799,817,"[""sentence"", ""pieces information"", ""sentence compression"", ""compressions"", ""grammatical""]","[0.1619221952779061, 0.12209463683776005, 0.12209463683776005, 0.11583470792036026, 0.11583470792036026]",5,5,274,ok,,,False,,0.00015895800606813282
tfidf,1800,818,"[""logic"", ""logics"", ""modal"", ""proof"", ""temporal""]","[0.1891403917070437, 0.1629919315777189, 0.15503337579958296, 0.14137456716499233, 0.13659985859699939]",5,5,222,ok,,,False,,0.00013050000416114926
tfidf,1801,819,"[""search"", ""local search"", ""local"", ""conflict based"", ""algorithms""]","[0.24932270157570396, 0.19500510358925394, 0.11271979122364556, 0.10686951055981923, 0.1033059912851817]",5,5,323,ok,,,False,,0.00020133299403823912
tfidf,1802,82,"[""ab sup"", ""ab"", ""architecture"", ""sup"", ""inner product""]","[0.19054648079409453, 0.17384535603829493, 0.14322707712958105, 0.13595650245517418, 0.127030987196063]",5,5,223,ok,,,False,,0.00014295800065156072
tfidf,1803,820,"[""default logic"", ""subsets"", ""default"", ""logic"", ""tractable subsets""]","[0.21652129927963887, 0.2084842124432409, 0.19754351907353418, 0.16577013827823228, 0.14434753285309257]",5,5,179,ok,,,False,,0.00010995900083798915
tfidf,1804,821,"[""agencies late"", ""agencies late blocks"", ""agencies late blocks fall"", ""attempting grasp"", ""attempting grasp conflicts""]","[0.08315449012593748, 0.08315449012593748, 0.08315449012593748, 0.08315449012593748, 0.08315449012593748]",5,5,161,ok,,,False,,9.887499618344009e-05
tfidf,1805,822,"[""broadband"", ""reinventing"", ""reinventing broadband"", ""access livelier"", ""access livelier distinct""]","[0.3043788168263938, 0.1879324277202413, 0.1879324277202413, 0.09396621386012065, 0.09396621386012065]",5,5,109,ok,,,False,,7.324999023694545e-05
tfidf,1806,823,"[""layer"", ""tbfeco"", ""tbfeco layer"", ""magneto"", ""thermal""]","[0.19910754434357106, 0.1828295065269925, 0.1828295065269925, 0.16164594844988997, 0.12739300367135695]",5,5,228,ok,,,False,,0.00013749999925494194
tfidf,1807,824,"[""academy"", ""academy education"", ""academy education certification"", ""academy education certification available"", ""academy knowledge""]","[0.18510418060160105, 0.09255209030080053, 0.09255209030080053, 0.09255209030080053, 0.09255209030080053]",5,5,128,ok,,,False,,7.95419909991324e-05
tfidf,1808,825,"[""scoliosis"", ""cobb"", ""cobb angle"", ""torso"", ""angle""]","[0.25922073219119324, 0.19441554914339493, 0.19441554914339493, 0.19441554914339493, 0.1366096358338035]",5,5,205,ok,,,False,,0.00012837500253226608
tfidf,1809,826,"[""start ups"", ""ups"", ""telecom"", ""start"", ""business vc""]","[0.1767068578969829, 0.1676468991772394, 0.13322625927031145, 0.12888791932231342, 0.08835342894849145]",5,5,130,ok,,,False,,8.433299080934376e-05
tfidf,1810,827,"[""williams"", ""11 telecom"", ""11 telecom leucadia"", ""11 telecom leucadia national"", ""330""]","[0.2441920287284734, 0.1220960143642367, 0.1220960143642367, 0.1220960143642367, 0.1220960143642367]",5,5,69,ok,,,False,,5.254200368653983e-05
tfidf,1811,828,"[""sprint pcs"", ""verizon"", ""sprint"", ""subscriber"", ""pcs""]","[0.1774348391651455, 0.1774348391651455, 0.16833755602960515, 0.16833755602960515, 0.14368836465323748]",5,5,124,ok,,,False,,8.195800182875246e-05
tfidf,1812,829,"[""carriers"", ""kerman"", ""santera"", ""vendor"", ""angling""]","[0.16573913387388, 0.13129080195666853, 0.13129080195666853, 0.1029890160626963, 0.06564540097833427]",5,5,240,ok,,,False,,0.0001465419918531552
tfidf,1813,83,"[""agents"", ""mobile"", ""agent"", ""distance"", ""distance education""]","[0.18153416436320857, 0.1683953066097476, 0.14835629299758826, 0.1403294221747897, 0.12044342051009402]",5,5,415,ok,,,False,,0.00025187501159962267
tfidf,1814,830,"[""calpoint"", ""calpoint discusses"", ""calpoint discusses calpoint"", ""calpoint discusses calpoint gets"", ""calpoint gets""]","[0.3420133839037788, 0.11400446130125959, 0.11400446130125959, 0.11400446130125959, 0.11400446130125959]",5,5,76,ok,,,False,,5.4500007536262274e-05
tfidf,1815,831,"[""software vendors"", ""consolidation"", ""vendors"", ""independent"", ""accelerate""]","[0.19162038063063241, 0.18239908970862073, 0.14344487759333335, 0.12398013776030681, 0.1083660307207559]",5,5,85,ok,,,False,,6.074999691918492e-05
tfidf,1816,832,"[""powell"", ""senate"", ""fcc"", ""based recovery"", ""based recovery plan""]","[0.20808514985396326, 0.20808514985396326, 0.19741639092572963, 0.10404257492698163, 0.10404257492698163]",5,5,91,ok,,,False,,6.225000834092498e-05
tfidf,1817,833,"[""ip"", ""packet"", ""applications packet"", ""applications packet based"", ""applications packet based softswitches""]","[0.18967414531685794, 0.12784951945191006, 0.0857802654792104, 0.0857802654792104, 0.0857802654792104]",5,5,147,ok,,,False,,8.924999565351754e-05
tfidf,1818,834,"[""spectrum"", ""3g spectrum"", ""3g spectrum crunch"", ""3g spectrum crunch federal"", ""able compete""]","[0.19720575284384548, 0.0927366633159758, 0.0927366633159758, 0.0927366633159758, 0.0927366633159758]",5,5,124,ok,,,False,,8.083299326244742e-05
tfidf,1819,835,"[""women"", ""science"", ""computer science"", ""computer science contributions"", ""computer science contributions documented""]","[0.24992457345728855, 0.16747261680332315, 0.12843444530317036, 0.10006738880733214, 0.10006738880733214]",5,5,103,ok,,,False,,6.85419945511967e-05
tfidf,1820,836,"[""retention"", ""recruitment retention"", ""workshop"", ""recruitment"", ""cse""]","[0.21236771585707082, 0.1709123096606522, 0.1709123096606522, 0.1643589598867953, 0.12009915826764186]",5,5,254,ok,,,False,,0.00015108300431165844
tfidf,1821,837,"[""classroom"", ""cs"", ""cs classroom"", ""suggestions"", ""women""]","[0.2126896750769166, 0.20129140792856692, 0.16848282814124446, 0.13643894379296956, 0.10519910497303003]",5,5,142,ok,,,False,,8.883301052264869e-05
tfidf,1822,838,"[""girls"", ""sex"", ""software designed"", ""computers"", ""boys""]","[0.1517748360184292, 0.11750730084052807, 0.11750730084052807, 0.1124675808969876, 0.11148256978281035]",5,5,291,ok,,,False,,0.00017737499729264528
tfidf,1823,839,"[""computing"", ""women"", ""career"", ""reasons"", ""work""]","[0.26607686612065745, 0.14464289269797717, 0.13628829830219022, 0.1254688083847393, 0.1055766091136205]",5,5,281,ok,,,False,,0.00017145799938589334
tfidf,1824,84,"[""multiplier"", ""versatile"", ""based versatile"", ""multiplier gf"", ""multiplier gf sup""]","[0.32289810902320226, 0.18054820218502599, 0.13613925589174042, 0.13613925589174042, 0.13613925589174042]",5,5,185,ok,,,False,,0.00011754198931157589
tfidf,1825,840,"[""computing profession"", ""women"", ""profession"", ""computing"", ""benders""]","[0.2296778812508906, 0.22673820945368778, 0.1748279499473287, 0.1235836317438672, 0.12104505637582157]",5,5,65,ok,,,False,,5.033399793319404e-05
tfidf,1826,841,"[""women"", ""computer"", ""computer science"", ""problems"", ""science""]","[0.20402959646940647, 0.1434411369969078, 0.10484934588657474, 0.10444438833651437, 0.09114582039261275]",5,5,160,ok,,,False,,9.883299935609102e-05
tfidf,1827,842,"[""cs"", ""degrees awarded"", ""awarded"", ""awarded cs"", ""cs department""]","[0.3444781114921881, 0.18535594152064802, 0.16910976006054423, 0.12357062768043202, 0.12357062768043202]",5,5,188,ok,,,False,,0.00011470899335108697
tfidf,1828,843,"[""acm"", ""women"", ""women computing"", ""computing"", ""pipeline""]","[0.2603419493012085, 0.22845315983410291, 0.17686536161071323, 0.1400831608803268, 0.11315390512726546]",5,5,416,ok,,,False,,0.0002505420125089586
tfidf,1829,844,"[""women"", ""history"", ""awards"", ""biographies"", ""biographies women""]","[0.1847046572223102, 0.12171932506622998, 0.11832634137962335, 0.11832634137962335, 0.11832634137962335]",5,5,274,ok,,,False,,0.0001810409885365516
tfidf,1830,845,"[""gender"", ""software design"", ""bias software"", ""bias software design"", ""choice computing""]","[0.3354472686160498, 0.17124238213786794, 0.12033109841729892, 0.12033109841729892, 0.12033109841729892]",5,5,190,ok,,,False,,0.0001205000007757917
tfidf,1831,846,"[""doctorates"", ""science"", ""computer science"", ""computer"", ""earned""]","[0.4012796452852884, 0.24251534387324278, 0.23605734676537773, 0.16147136603564977, 0.15862732832323614]",5,5,489,ok,,,False,,0.000307999987853691
tfidf,1832,847,"[""computer professionals"", ""computer"", ""professionals"", ""difference female"", ""view computer""]","[0.16280540419734407, 0.12554875064533932, 0.12163920015057839, 0.11440247951915494, 0.11440247951915494]",5,5,297,ok,,,False,,0.0001777500001480803
tfidf,1833,848,"[""participation"", ""10 40"", ""women"", ""countries"", ""women computing""]","[0.2628957325985026, 0.1612403234875831, 0.15917659132083373, 0.13331780301439972, 0.1314478662992513]",5,5,135,ok,,,False,,8.412500028498471e-05
tfidf,1834,849,"[""participation"", ""australian"", ""women"", ""courses"", ""universities""]","[0.21299975172574945, 0.16750508637840472, 0.14329540079031228, 0.1401415725268216, 0.10649987586287472]",5,5,411,ok,,,False,,0.0002492500061634928
tfidf,1835,85,"[""strategic implementation"", ""construction"", ""implementation"", ""strategic"", ""projects construction""]","[0.1840660882927281, 0.18114208944830543, 0.15097339546980654, 0.1371688511579712, 0.1227107255284854]",5,5,265,ok,,,False,,0.00015537500439677387
tfidf,1836,850,"[""women"", ""computer science"", ""science"", ""ability produce people"", ""ability produce people needed""]","[0.19589818948921509, 0.10067067417539272, 0.08751328975499571, 0.07843574572557915, 0.07843574572557915]",5,5,179,ok,,,False,,0.00010658400424290448
tfidf,1837,851,"[""carnegie"", ""carnegie mellon"", ""mellon"", ""computer science"", ""women""]","[0.2256109085110011, 0.2256109085110011, 0.2256109085110011, 0.10579511747564446, 0.1029350013796941]",5,5,140,ok,,,False,,0.00010516699694562703
tfidf,1838,852,"[""student organization"", ""student"", ""scs"", ""women"", ""activities events""]","[0.17179600546742804, 0.16541908357253038, 0.15673833288327782, 0.1430237626192126, 0.1145306703116187]",5,5,263,ok,,,False,,0.00016404200869146734
tfidf,1839,853,"[""development center"", ""virtual development"", ""virtual development center"", ""center"", ""technology""]","[0.2394868076464064, 0.2394868076464064, 0.2394868076464064, 0.1655248674619615, 0.1566294367350383]",5,5,227,ok,,,False,,0.00014170800568535924
tfidf,1840,854,"[""conference"", ""students"", ""undergraduate"", ""female"", ""undergraduate female""]","[0.2100769150684935, 0.18214606208885956, 0.15755768630137013, 0.14776245043013256, 0.127365212632022]",5,5,227,ok,,,False,,0.0001379160094074905
tfidf,1841,855,"[""women"", ""support communities"", ""organizations"", ""women computing"", ""communities""]","[0.19021092619682467, 0.15231724070857128, 0.14837353971013914, 0.11780699122232278, 0.1135091266041335]",5,5,173,ok,,,False,,0.00010408301022835076
tfidf,1842,856,"[""rm"", ""mentors role"", ""mentors role models"", ""mentors"", ""role models""]","[0.19239138419380206, 0.14506940289155884, 0.14506940289155884, 0.13763153196036054, 0.12826092279586804]",5,5,187,ok,,,False,,0.00011916700168512762
tfidf,1843,857,"[""women"", ""programs"", ""computer science"", ""pipeline"", ""science""]","[0.2172026165709647, 0.1718656001534159, 0.12756441875604044, 0.12295023896095543, 0.11089209476808817]",5,5,377,ok,,,False,,0.00023112499911803752
tfidf,1844,858,"[""women"", ""undergraduate"", ""female"", ""participation"", ""computing""]","[0.1619027777636411, 0.10692159138565516, 0.10027436120643497, 0.10027436120643497, 0.09927572409550162]",5,5,247,ok,,,False,,0.0001478750054957345
tfidf,1845,859,"[""techbridge"", ""girls"", ""school"", ""california"", ""oakland""]","[0.30301383736912674, 0.2609192515361414, 0.14588311046877075, 0.12494819201826539, 0.10100461245637557]",5,5,331,ok,,,False,,0.00019320800493005663
tfidf,1846,86,"[""laser"", ""floor"", ""measurement"", ""window"", ""laser based""]","[0.1743486289015605, 0.15790232901526163, 0.15465206951799707, 0.1488356538823452, 0.09749353895229806]",5,5,409,ok,,,False,,0.0002541249996284023
tfidf,1847,860,"[""virtual family"", ""family"", ""virtual"", ""vf"", ""programming""]","[0.3121873222116757, 0.20152149852941648, 0.19295263152682357, 0.15609366110583786, 0.1113741284065252]",5,5,306,ok,,,False,,0.00017787500109989196
tfidf,1848,861,"[""irr"", ""period"", ""single period"", ""investment"", ""project""]","[0.2786899986593776, 0.22735564667788352, 0.19906428475669832, 0.19582661672446897, 0.16063807097004568]",5,5,376,ok,,,False,,0.0002319590130355209
tfidf,1849,862,"[""flow"", ""arc"", ""arc flow"", ""flow value"", ""total flow""]","[0.29736280027019113, 0.13742972423594002, 0.13139696394882708, 0.13139696394882708, 0.13139696394882708]",5,5,351,ok,,,False,,0.00021045799076091498
tfidf,1850,863,"[""2d"", ""2d free form"", ""bins"", ""2d free"", ""free form""]","[0.2180575133141262, 0.16720578077826434, 0.16720578077826434, 0.1586329529345555, 0.15255043478063196]",5,5,393,ok,,,False,,0.00023770899861119688
tfidf,1851,864,"[""cross holdings"", ""holdings"", ""cross"", ""debt"", ""payoff""]","[0.28650951266600677, 0.28650951266600677, 0.24889310852734234, 0.2046496519042906, 0.1447503204943559]",5,5,370,ok,,,False,,0.000218625005800277
tfidf,1852,865,"[""lead time"", ""inventory models"", ""lead"", ""inventory"", ""setup cost""]","[0.23336373930170584, 0.1918370453584135, 0.16511150455097834, 0.1527955870599826, 0.12789136357227568]",5,5,216,ok,,,False,,0.00014099999680183828
tfidf,1853,866,"[""suction"", ""boundary layer"", ""gradient"", ""boundary"", ""dimensional boundary layer""]","[0.28781903020789007, 0.16446801726165147, 0.14445806960539373, 0.12464528208233515, 0.12335101294623861]",5,5,429,ok,,,False,,0.00027370800671633333
tfidf,1854,867,"[""crank"", ""flexible"", ""crank mechanism"", ""flexible slider"", ""flexible slider crank""]","[0.23701798078953645, 0.15940811184158227, 0.14989613117553915, 0.14989613117553915, 0.14989613117553915]",5,5,300,ok,,,False,,0.00017462499090470374
tfidf,1855,868,"[""fisher information"", ""fisher"", ""quantum"", ""analogues fisher"", ""analogues fisher information""]","[0.2665921750632703, 0.2529236953572481, 0.1608927247240203, 0.13329608753163516, 0.13329608753163516]",5,5,136,ok,,,False,,8.545801392756402e-05
tfidf,1856,869,"[""sat"", ""model"", ""exactly solvable"", ""random satisfiability"", ""sat model""]","[0.17470843484900853, 0.12857301722595232, 0.12276667496497864, 0.12276667496497864, 0.12276667496497864]",5,5,261,ok,,,False,,0.00015474999963771552
tfidf,1857,87,"[""pneumatic"", ""manipulator"", ""pneumatic manipulator"", ""trajectories"", ""angle trajectories""]","[0.2738744818744527, 0.19885801416123738, 0.17320510926611574, 0.126333784749419, 0.11547007284407716]",5,5,256,ok,,,False,,0.00015424999583046883
tfidf,1858,870,"[""voice"", ""scheme"", ""neural"", ""neural net"", ""samples""]","[0.3020311658641963, 0.17202908083701585, 0.12230457809218229, 0.11208620533348572, 0.09594183018431708]",5,5,435,ok,,,False,,0.00026158298715017736
tfidf,1859,871,"[""girls"", ""careers"", ""backyard"", ""backyard project"", ""computer science careers""]","[0.1720799796143855, 0.12905998471078914, 0.09992098062977442, 0.09992098062977442, 0.09992098062977442]",5,5,381,ok,,,False,,0.0002305000089108944
tfidf,1860,872,"[""information technology"", ""itwf"", ""information technology workforce"", ""technology workforce"", ""workforce""]","[0.1741863644917534, 0.13244768496851864, 0.12565694366610733, 0.12565694366610733, 0.1208388360353998]",5,5,233,ok,,,False,,0.00014083301357459277
tfidf,1861,873,"[""nsf"", ""women"", ""information technology workforce"", ""technology workforce"", ""workforce""]","[0.2040592189931204, 0.16988356171684915, 0.12906458270253687, 0.12906458270253687, 0.12411581479023169]",5,5,220,ok,,,False,,0.00012954100384376943
tfidf,1862,874,"[""body problem"", ""body"", ""position"", ""couple"", ""partner""]","[0.16506044633046266, 0.15742889392319026, 0.13964379531138768, 0.13891288145062838, 0.13366746752639191]",5,5,310,ok,,,False,,0.00018129100499209017
tfidf,1863,875,"[""women"", ""women color"", ""color"", ""computing"", ""years""]","[0.24593243136412368, 0.23632553667734837, 0.1706650000195955, 0.12064089592278063, 0.08405952238547436]",5,5,158,ok,,,False,,9.4832998001948e-05
tfidf,1864,876,"[""women"", ""environments"", ""academic vs"", ""academic vs industry"", ""academic vs industry environments""]","[0.1132286845081228, 0.11152932871113423, 0.09067134647928826, 0.09067134647928826, 0.09067134647928826]",5,5,136,ok,,,False,,8.391700976062566e-05
tfidf,1865,877,"[""computer science"", ""science"", ""letters"", ""open letters"", ""computer science majors""]","[0.15957140454552407, 0.13871585421464783, 0.12432719075865299, 0.12432719075865299, 0.11795279629869523]",5,5,249,ok,,,False,,0.00014920899411663413
tfidf,1866,878,"[""boys"", ""girls boys"", ""girls"", ""address situation"", ""american girls""]","[0.2666879104890431, 0.18740015645148161, 0.16136658636982198, 0.09370007822574081, 0.09370007822574081]",5,5,118,ok,,,False,,7.795800047460943e-05
tfidf,1867,879,"[""women"", ""history"", ""computing"", ""1800s"", ""1800s advent""]","[0.2668107005323837, 0.11721782900204722, 0.08725508269479114, 0.08546274498355719, 0.08546274498355719]",5,5,139,ok,,,False,,0.00010537500202190131
tfidf,1868,88,"[""earthworks"", ""planning"", ""activity sets"", ""earthworks planning"", ""construction projects""]","[0.19386909498275093, 0.15137417270167564, 0.12924606332183394, 0.12924606332183394, 0.12261947275075481]",5,5,247,ok,,,False,,0.00015187500684987754
tfidf,1869,880,"[""computing"", ""women"", ""future"", ""computer"", ""education""]","[0.18686999823421865, 0.1523774924356236, 0.09853931844344826, 0.08034569915073933, 0.0783057001835872]",5,5,279,ok,,,False,,0.0001610000035725534
tfidf,1870,881,"[""computing"", ""overt"", ""discrimination"", ""ethical"", ""profession""]","[0.14407665636934164, 0.13388189319927943, 0.12476657727200995, 0.12476657727200995, 0.10190923390454462]",5,5,203,ok,,,False,,0.00013491700519807637
tfidf,1871,882,"[""queue"", ""deterministic"", ""constant duration"", ""server vacation"", ""vacation""]","[0.21738158302082847, 0.14539019463143515, 0.13421777857187256, 0.13421777857187256, 0.13421777857187256]",5,5,203,ok,,,False,,0.00013333300012163818
tfidf,1872,883,"[""conflict"", ""avoidable"", ""conflict avoidable"", ""net"", ""fair""]","[0.33995832914847846, 0.22441592711852043, 0.22441592711852043, 0.20794265958604838, 0.1429953772093195]",5,5,298,ok,,,False,,0.00017745800141710788
tfidf,1873,884,"[""population learning"", ""population learning algorithm"", ""learning algorithm"", ""population"", ""network population""]","[0.2017957214322536, 0.2017957214322536, 0.17376232404581243, 0.14572892665937126, 0.13453048095483575]",5,5,182,ok,,,False,,0.00010987500718329102
tfidf,1874,885,"[""task message"", ""nodes multiple"", ""message"", ""task"", ""constraints""]","[0.22357180513439454, 0.1676788538507959, 0.16307066474864765, 0.13146317812114514, 0.12346645287098344]",5,5,248,ok,,,False,,0.00015062499733176082
tfidf,1875,886,"[""reachability controllability"", ""rework"", ""serial manufacturing"", ""reachability"", ""serial""]","[0.19955629102351677, 0.19955629102351677, 0.19955629102351677, 0.1645746477173897, 0.16160251982276566]",5,5,152,ok,,,False,,9.32080001803115e-05
tfidf,1876,887,"[""steady"", ""steady state"", ""processes"", ""concurrent repetitive"", ""concurrent repetitive processes""]","[0.17835623978257933, 0.1451529490048052, 0.13100803468289288, 0.1023879879293267, 0.1023879879293267]",5,5,343,ok,,,False,,0.00020912500622216612
tfidf,1877,888,"[""dynamical"", ""dynamical systems"", ""lyapunov"", ""storage"", ""passive dynamical""]","[0.15129116671543694, 0.13471857514600594, 0.12068808755343531, 0.10815767240287251, 0.10671776397020438]",5,5,339,ok,,,False,,0.0002059580001514405
tfidf,1878,889,"[""synthesis"", ""moving"", ""equivalent moving"", ""auxiliary"", ""control systems""]","[0.13450376069395586, 0.13127164576398456, 0.12761238662539787, 0.10739704592483008, 0.09215664236767881]",5,5,255,ok,,,False,,0.00015270899166353047
tfidf,1879,89,"[""modeling"", ""rapid"", ""framework rapid"", ""framework rapid local"", ""framework rapid local area""]","[0.18274977451237703, 0.12454330594045049, 0.11713381039551735, 0.11713381039551735, 0.11713381039551735]",5,5,281,ok,,,False,,0.0001744170003803447
tfidf,1880,890,"[""interactive decision"", ""decision"", ""decision making"", ""interactive"", ""interactive decision making""]","[0.18170141174006377, 0.16614537179389816, 0.12879682610137616, 0.12276870026129998, 0.12113427449337585]",5,5,266,ok,,,False,,0.00015358399832621217
tfidf,1881,891,"[""cmp"", ""advanced finite"", ""advanced finite element"", ""advanced finite element analysis"", ""analysis beginning""]","[0.17403368778096384, 0.08701684389048192, 0.08701684389048192, 0.08701684389048192, 0.08701684389048192]",5,5,149,ok,,,False,,0.00010395799472462386
tfidf,1882,892,"[""atrophy"", ""atrophy capable"", ""atrophy capable providing"", ""atrophy capable providing diagnostic"", ""automated methods""]","[0.10736665725993294, 0.10736665725993294, 0.10736665725993294, 0.10736665725993294, 0.10736665725993294]",5,5,98,ok,,,False,,7.433400605805218e-05
tfidf,1883,893,"[""chest radiographic"", ""radiographic"", ""chest"", ""reports"", ""natural language""]","[0.19310608217883202, 0.18320531684412406, 0.16627984671141974, 0.16429012883866273, 0.15925514191342338]",5,5,337,ok,,,False,,0.00020295799185987562
tfidf,1884,894,"[""subtraction"", ""temporal subtraction"", ""nodules"", ""temporal"", ""lung""]","[0.29202566156873316, 0.29202566156873316, 0.27705317849475464, 0.20183787742506787, 0.19364256048988154]",5,5,427,ok,,,False,,0.0002601670130388811
tfidf,1885,895,"[""algorithms"", ""trees"", ""tree"", ""suggested"", ""objects""]","[0.14018525045563113, 0.10373691424512306, 0.1002333595167448, 0.09475962040776664, 0.09008542795146113]",5,5,208,ok,,,False,,0.00013779100845567882
tfidf,1886,896,"[""poisson stream premiums"", ""premiums"", ""probability survival insurance"", ""probability survival insurance company"", ""stream premiums""]","[0.20727124081889564, 0.20727124081889564, 0.20727124081889564, 0.20727124081889564, 0.20727124081889564]",5,5,62,ok,,,False,,4.920900391880423e-05
tfidf,1887,897,"[""advertising expenses functioning"", ""advertising expenses functioning insurance"", ""expenses functioning"", ""expenses functioning insurance"", ""expenses functioning insurance company""]","[0.2190343745371612, 0.2190343745371612, 0.2190343745371612, 0.2190343745371612, 0.2190343745371612]",5,5,60,ok,,,False,,4.8834001063369215e-05
tfidf,1888,898,"[""characteristics functioning"", ""characteristics functioning insurance"", ""characteristics functioning insurance company"", ""ruin"", ""advertising expenses""]","[0.19870095554330924, 0.19870095554330924, 0.19870095554330924, 0.18851333477849733, 0.18128510281385676]",5,5,80,ok,,,False,,5.658400186803192e-05
tfidf,1889,899,"[""advertising"", ""advertising expenses"", ""expenses"", ""company allowance advertising"", ""company allowance advertising expenses""]","[0.2551915366015371, 0.22577075813252986, 0.22577075813252986, 0.16497353129905404, 0.16497353129905404]",5,5,78,ok,,,False,,5.629099905490875e-05
tfidf,1890,9,"[""based competencies"", ""knowledge based competencies"", ""competencies"", ""knowledge based"", ""capabilities""]","[0.1998183025593906, 0.1998183025593906, 0.1895733941603476, 0.18409617849789325, 0.13225044675392672]",5,5,348,ok,,,False,,0.00020862500241491944
tfidf,1891,90,"[""building"", ""robot"", ""manpower"", ""surveillance"", ""achievement project""]","[0.22513075609810043, 0.209478030428133, 0.1389146069002837, 0.1389146069002837, 0.10981636323940576]",5,5,653,ok,,,False,,0.000418249997892417
tfidf,1892,900,"[""models functioning"", ""models functioning insurance"", ""functioning insurance"", ""insurance"", ""functioning""]","[0.21327024477879894, 0.21327024477879894, 0.18855966768317808, 0.17948566654539685, 0.16494998030268787]",5,5,85,ok,,,False,,5.8124991483055055e-05
tfidf,1893,901,"[""queue"", ""exponential job"", ""exponential job queue"", ""exponential job queue decay"", ""job queue""]","[0.3553407048959624, 0.14626519684736333, 0.14626519684736333, 0.14626519684736333, 0.14626519684736333]",5,5,112,ok,,,False,,7.44580029277131e-05
tfidf,1894,902,"[""congestion"", ""tcp"", ""ecn"", ""atm"", ""congestion notification""]","[0.2846416014026231, 0.20331542957330223, 0.2008526752082763, 0.17295028550308275, 0.10042633760413815]",5,5,331,ok,,,False,,0.00019445799989625812
tfidf,1895,903,"[""abr"", ""control"", ""flow control algorithm"", ""vd"", ""vs vd""]","[0.26597763441099803, 0.14624188480048642, 0.12015067453840388, 0.12015067453840388, 0.12015067453840388]",5,5,499,ok,,,False,,0.000297874998068437
tfidf,1896,904,"[""rate"", ""send traffic"", ""asynchronous transfer mode networks"", ""available bit"", ""available bit rate""]","[0.11287775230294622, 0.10822646513161524, 0.1026775729259272, 0.1026775729259272, 0.1026775729259272]",5,5,341,ok,,,False,,0.0001957500062417239
tfidf,1897,905,"[""high speed"", ""control"", ""high"", ""piezoelectric"", ""speed""]","[0.1703290327795333, 0.1407250933601431, 0.13924624108433414, 0.12607503340125736, 0.11784929653392259]",5,5,276,ok,,,False,,0.00015875000099185854
tfidf,1898,906,"[""sampling"", ""assures"", ""assures perfect"", ""controller assures"", ""controller assures perfect""]","[0.13903791357505113, 0.13410974264056505, 0.13410974264056505, 0.13410974264056505, 0.13410974264056505]",5,5,222,ok,,,False,,0.00013508299889508635
tfidf,1899,907,"[""control"", ""architecture"", ""precision"", ""architecture precision"", ""architecture precision motion""]","[0.1478380832364376, 0.13042682365022285, 0.12412104209441435, 0.11567818388240184, 0.11567818388240184]",5,5,261,ok,,,False,,0.0001527090062154457
tfidf,1900,908,"[""mimo"", ""infinity mu"", ""mimo control"", ""positioning devices"", ""sub infinity mu""]","[0.1486979957505782, 0.11512514577136553, 0.11512514577136553, 0.11512514577136553, 0.11512514577136553]",5,5,303,ok,,,False,,0.00017912499606609344
tfidf,1901,909,"[""electropneumatic"", ""analyzed using industrial"", ""analyzed using industrial bench"", ""application electropneumatic"", ""application electropneumatic field""]","[0.1642924805100784, 0.0821462402550392, 0.0821462402550392, 0.0821462402550392, 0.0821462402550392]",5,5,175,ok,,,False,,0.00010454199218656868
tfidf,1902,91,"[""cross"", ""advice technology"", ""advice technology choices"", ""allow cross"", ""allow cross sell""]","[0.14322906363781945, 0.10599168603156985, 0.10599168603156985, 0.10599168603156985, 0.10599168603156985]",5,5,100,ok,,,False,,6.750000466126949e-05
tfidf,1903,910,"[""excavator"", ""robotic excavator"", ""robotic"", ""sliding surface"", ""sliding""]","[0.2691434107309128, 0.1794289404872752, 0.17864087620617056, 0.16370225213601075, 0.13695996662869384]",5,5,347,ok,,,False,,0.00021208298858255148
tfidf,1904,911,"[""flight"", ""flight propulsion"", ""integrated flight"", ""integrated flight propulsion"", ""propulsion""]","[0.1647300215068431, 0.16185751548233712, 0.16185751548233712, 0.16185751548233712, 0.16185751548233712]",5,5,290,ok,,,False,,0.0001720409927656874
tfidf,1905,912,"[""box"", ""evolutionary"", ""box model"", ""grey"", ""grey box""]","[0.1655897591429429, 0.1655897591429429, 0.1559252335759038, 0.1422586113025573, 0.1422586113025573]",5,5,342,ok,,,False,,0.00020187499467283487
tfidf,1906,913,"[""dnl"", ""cml"", ""proportional"", ""wake"", ""cable""]","[0.1487976877358704, 0.14116866346072773, 0.13566412051356425, 0.13155722956384105, 0.12271388145516893]",5,5,610,ok,,,False,,0.0003707910072989762
tfidf,1907,914,"[""dr"", ""ha"", ""ha dr"", ""knowledge"", ""relief""]","[0.15248480141437007, 0.15248480141437007, 0.15248480141437007, 0.15114061569092477, 0.14466673468711339]",5,5,322,ok,,,False,,0.00019345800683367997
tfidf,1908,915,"[""medex"", ""forecasting"", ""expert"", ""fuzzy"", ""forecaster""]","[0.19357763077511614, 0.17661083008672723, 0.1715189236100035, 0.16369367151416025, 0.1451832230813371]",5,5,379,ok,,,False,,0.00022695799998473376
tfidf,1909,916,"[""attributes"", ""new attributes"", ""association rules"", ""tree"", ""data""]","[0.2085494770450665, 0.16393028982031874, 0.1555254000703492, 0.15107047586282837, 0.13423978607524187]",5,5,308,ok,,,False,,0.00018083299801219255
tfidf,1910,917,"[""hierarchies"", ""containment"", ""transitive closure"", ""transitive"", ""hierarchy""]","[0.22898415685485068, 0.17728439649897165, 0.17728439649897165, 0.16819482672759525, 0.163335287532359]",5,5,360,ok,,,False,,0.00021104200277477503
tfidf,1911,918,"[""schema"", ""data"", ""data warehouse"", ""warehouse"", ""views""]","[0.24487570784725426, 0.22222809267622232, 0.20025094084400044, 0.19257264979228936, 0.12608750256040402]",5,5,290,ok,,,False,,0.00017320801271125674
tfidf,1912,919,"[""commerce"", ""agents"", ""agent mediated"", ""mediated"", ""agent mediated commerce""]","[0.3525381983872081, 0.22656723184728791, 0.1700212763591147, 0.13541962495013543, 0.11334751757274315]",5,5,241,ok,,,False,,0.00014400000509340316
tfidf,1913,92,"[""retail"", ""adoption"", ""wireless"", ""services"", ""adoption justify""]","[0.2085198242850698, 0.170320493586965, 0.16200635394855134, 0.12018975284067238, 0.11427604279682521]",5,5,78,ok,,,False,,5.575000250246376e-05
tfidf,1914,920,"[""voronoi"", ""periodic"", ""grain"", ""steel"", ""model""]","[0.21373819697018695, 0.20024939624100357, 0.1351863999855838, 0.130002901116877, 0.12435950322806913]",5,5,194,ok,,,False,,0.00011662500037346035
tfidf,1915,921,"[""domains"", ""finite element"", ""multiply"", ""multiply connected"", ""element""]","[0.1855267846002497, 0.16887218692104067, 0.15102831362635194, 0.15102831362635194, 0.14345628323798185]",5,5,343,ok,,,False,,0.00020366600074339658
tfidf,1916,922,"[""objects"", ""collision"", ""collision detection"", ""convex objects"", ""fast moving""]","[0.2906445702122179, 0.28458316388633287, 0.15596137166829102, 0.1479650572863498, 0.14229158194316643]",5,5,260,ok,,,False,,0.00015391698980238289
tfidf,1917,923,"[""lipca"", ""lightweight"", ""composite"", ""fiber"", ""layers""]","[0.1830695669016814, 0.1261100807534252, 0.12554603290994687, 0.12325531214579198, 0.11041868493305812]",5,5,596,ok,,,False,,0.0003609169943956658
tfidf,1918,924,"[""smart materials"", ""inflated"", ""using smart"", ""using smart materials"", ""torus""]","[0.19822154871560968, 0.1880585076763422, 0.14866616153670725, 0.14866616153670725, 0.14104388075725663]",5,5,339,ok,,,False,,0.0002010000025620684
tfidf,1919,925,"[""wires"", ""sma"", ""sma wires"", ""actuation"", ""strain""]","[0.23129201422241052, 0.2182941710998741, 0.18107998128828673, 0.1559244079284815, 0.11057617852289364]",5,5,554,ok,,,False,,0.0003352080093463883
tfidf,1920,926,"[""neural"", ""neural networks"", ""identifier"", ""piezoelectric actuators"", ""networks""]","[0.15144905501605305, 0.1285622945472542, 0.127436323062999, 0.11304480694618164, 0.10285520443524919]",5,5,236,ok,,,False,,0.00014075000945013016
tfidf,1921,927,"[""surface mounted"", ""health monitoring"", ""fatigue"", ""situ"", ""mounted""]","[0.12076918528066748, 0.11457721375063337, 0.11018394003434744, 0.10677625219828411, 0.10399196850431332]",5,5,279,ok,,,False,,0.00017712499538902193
tfidf,1922,928,"[""energy"", ""energy weight"", ""modal"", ""energy weight factor"", ""weight factor""]","[0.24908693100262158, 0.17911542185781995, 0.14050429111461976, 0.13433656639336497, 0.13433656639336497]",5,5,388,ok,,,False,,0.0002373329916736111
tfidf,1923,929,"[""acld"", ""damping"", ""active"", ""passive"", ""constrained""]","[0.2458447727285534, 0.22242246727659754, 0.1772433160886774, 0.15012468680827715, 0.10652365055195723]",5,5,340,ok,,,False,,0.00019925000378862023
tfidf,1924,93,"[""help desk"", ""desk"", ""help"", ""ameritrade"", ""ameritrade rbc""]","[0.2273666913385434, 0.21570934616084367, 0.12355081255076003, 0.1136833456692717, 0.1136833456692717]",5,5,78,ok,,,False,,5.808299465570599e-05
tfidf,1925,930,"[""magneto rheological"", ""mrd"", ""rheological"", ""narx"", ""magneto""]","[0.1222131495853421, 0.1222131495853421, 0.1222131495853421, 0.1159471443865029, 0.10805291144213792]",5,5,286,ok,,,False,,0.00016391600365750492
tfidf,1926,931,"[""extension bending"", ""bending"", ""shear"", ""sandwich"", ""extension""]","[0.1989433823862514, 0.171306231032134, 0.15845568746439578, 0.14920753678968857, 0.13255414971237242]",5,5,364,ok,,,False,,0.00021225000091362745
tfidf,1927,932,"[""twisting"", ""laminate"", ""coupling"", ""extension twisting"", ""extension twisting coupling""]","[0.17957543126473718, 0.15462886951528024, 0.127289850811788, 0.11971695417649146, 0.11971695417649146]",5,5,250,ok,,,False,,0.00014637499407399446
tfidf,1928,933,"[""frequencies"", ""real time"", ""modal frequencies"", ""multi modal frequencies"", ""natural frequencies""]","[0.1622820502865772, 0.13441125183392472, 0.112358692827095, 0.112358692827095, 0.112358692827095]",5,5,593,ok,,,False,,0.0003568340034689754
tfidf,1929,934,"[""flap"", ""actuator"", ""trailing"", ""trailing edge"", ""tube""]","[0.3128470060843134, 0.20333321377437324, 0.187708203650588, 0.187708203650588, 0.17808419359986902]",5,5,573,ok,,,False,,0.00034812498779501766
tfidf,1930,935,"[""sma"", ""composite"", ""phenomenological"", ""sma composite"", ""homogenization""]","[0.21542198068408366, 0.12867508250686138, 0.12508820379568725, 0.12508820379568725, 0.11867479134410895]",5,5,256,ok,,,False,,0.00014854100299999118
tfidf,1931,936,"[""resonant"", ""resonant controllers"", ""smart"", ""parallel combination"", ""resonant circuits""]","[0.3899379095949656, 0.19857252996097083, 0.14075571215968855, 0.1323816866406472, 0.1323816866406472]",5,5,189,ok,,,False,,0.00011312498827464879
tfidf,1932,937,"[""particle"", ""psd"", ""particle shape"", ""size distribution"", ""suspensions""]","[0.24004789107061675, 0.20790854950917986, 0.12474512970550791, 0.12474512970550791, 0.12474512970550791]",5,5,461,ok,,,False,,0.00027350000164005905
tfidf,1933,938,"[""lm"", ""mlp"", ""trained"", ""noise"", ""start""]","[0.3333595859848131, 0.3077165409090582, 0.1992172635576778, 0.16882507121163406, 0.13800166413968104]",5,5,703,ok,,,False,,0.00045579099969472736
tfidf,1934,939,"[""reconstruction"", ""fan beam"", ""fan beam projections"", ""beam projections"", ""fan""]","[0.20251681587506068, 0.1835906072809652, 0.1835906072809652, 0.17417771101257096, 0.16749915482582525]",5,5,227,ok,,,False,,0.0001414159924024716
tfidf,1935,94,"[""bank continuous"", ""bank continuous linked"", ""bank continuous linked settlement"", ""cls"", ""cls bank""]","[0.14528941380039373, 0.14528941380039373, 0.14528941380039373, 0.14528941380039373, 0.14528941380039373]",5,5,54,ok,,,False,,4.650000482797623e-05
tfidf,1936,940,"[""dose"", ""evh"", ""objectives"", ""volume"", ""distribution""]","[0.21362072345544655, 0.1865739360156732, 0.12698618558296834, 0.12606087871263727, 0.09756582434538265]",5,5,416,ok,,,False,,0.00024329099687747657
tfidf,1937,941,"[""volatility"", ""option"", ""stock"", ""option prices"", ""bs""]","[0.17816275224031494, 0.1510347051322168, 0.14393096808674044, 0.13018576287806816, 0.1235109928571942]",5,5,234,ok,,,False,,0.00013800000306218863
tfidf,1938,942,"[""trap"", ""arrays"", ""atomic qubits"", ""detuned"", ""dipole traps""]","[0.18010386367778017, 0.1485321748830181, 0.12006924245185345, 0.12006924245185345, 0.12006924245185345]",5,5,261,ok,,,False,,0.0001542919926578179
tfidf,1939,943,"[""nonadiabatic"", ""gates"", ""nonadiabatic geometric"", ""geometric"", ""based nonadiabatic""]","[0.25353447605135193, 0.23131254418053704, 0.19015085703851398, 0.17130355674276304, 0.12676723802567597]",5,5,198,ok,,,False,,0.0001212920033140108
tfidf,1940,944,"[""gaussian"", ""local"", ""bipartite continuous"", ""bipartite continuous variable"", ""bipartite continuous variable modes""]","[0.20172908564512518, 0.1042048940166036, 0.09879654584700971, 0.09879654584700971, 0.09879654584700971]",5,5,114,ok,,,False,,7.954200555104762e-05
tfidf,1941,945,"[""entanglement"", ""quantized chaotic"", ""quantized chaotic systems"", ""tops"", ""quantized""]","[0.14437940384164233, 0.12444916429340275, 0.12444916429340275, 0.12444916429340275, 0.11806851611356742]",5,5,259,ok,,,False,,0.0001598329981788993
tfidf,1942,946,"[""entanglement"", ""asymptotic weak"", ""asymptotic weak monotonicity"", ""entanglement measures"", ""entanglement measures asymptotic""]","[0.26322425360025675, 0.20419972488882548, 0.20419972488882548, 0.20419972488882548, 0.20419972488882548]",5,5,61,ok,,,False,,4.9250011215917766e-05
tfidf,1943,947,"[""entanglement"", ""entangled fraction"", ""fully entangled fraction"", ""fully entangled"", ""entangled""]","[0.21893213791982186, 0.188710583893071, 0.188710583893071, 0.17903518068349863, 0.15881655206683554]",5,5,324,ok,,,False,,0.00019058400357607752
tfidf,1944,948,"[""qubit"", ""entanglement"", ""chain"", ""entanglement qubit"", ""heisenberg""]","[0.37168909222948254, 0.18323786094417543, 0.16247257094307044, 0.15794357127575448, 0.15794357127575448]",5,5,93,ok,,,False,,6.462499732151628e-05
tfidf,1945,949,"[""letter"", ""mathematics"", ""state"", ""eq"", ""mathematics error""]","[0.24321662852856152, 0.14329456174990196, 0.1339067009370956, 0.11796569879402082, 0.11796569879402082]",5,5,238,ok,,,False,,0.00014537500101141632
tfidf,1946,95,"[""industry"", ""2004"", ""2004 securities"", ""2004 securities industry"", ""2004 securities industry association""]","[0.15753432356209393, 0.14215558926094013, 0.14215558926094013, 0.14215558926094013, 0.14215558926094013]",5,5,53,ok,,,False,,4.466700193006545e-05
tfidf,1947,950,"[""quantum"", ""growth"", ""bounded quantum"", ""bounded quantum systems"", ""bounded quantum systems time""]","[0.2315821475046105, 0.12963295744241854, 0.12790714747973955, 0.12790714747973955, 0.12790714747973955]",5,5,226,ok,,,False,,0.00013349999790079892
tfidf,1948,951,"[""innovation"", ""10 initiatives"", ""anymore"", ""anymore convert"", ""anymore convert problem""]","[0.18088241142436315, 0.11848549701624007, 0.11848549701624007, 0.11848549701624007, 0.11848549701624007]",5,5,81,ok,,,False,,5.76250022277236e-05
tfidf,1949,953,"[""law"", ""called innovating"", ""called innovating clients"", ""called innovating clients culture"", ""clients culture""]","[0.15246424460190686, 0.12800776574648148, 0.12800776574648148, 0.12800776574648148, 0.12800776574648148]",5,5,69,ok,,,False,,5.0583999836817384e-05
tfidf,1950,954,"[""lawyers"", ""firm"", ""new firm"", ""new lawyers"", ""new""]","[0.2810747623657072, 0.19739837011163308, 0.11850583180611174, 0.11850583180611174, 0.11589256987708557]",5,5,260,ok,,,False,,0.0001528330030851066
tfidf,1951,955,"[""courts"", ""cm ecf"", ""ecf"", ""filing"", ""cm""]","[0.19089696022332978, 0.13949080874242833, 0.13949080874242833, 0.13949080874242833, 0.10395067423753744]",5,5,206,ok,,,False,,0.00012279200018383563
tfidf,1952,956,"[""visual"", ""think"", ""learning"", ""affordable boot"", ""affordable boot time""]","[0.22271399445286574, 0.10760884537174596, 0.07550749947938312, 0.06859008924741535, 0.06859008924741535]",5,5,227,ok,,,False,,0.0001342089963145554
tfidf,1953,957,"[""institutional"", ""know"", ""firm"", ""individual"", ""tools""]","[0.1260548198079285, 0.10758665500874973, 0.10371476362230447, 0.09191229101441678, 0.08354922295402492]",5,5,181,ok,,,False,,0.0001099579967558384
tfidf,1954,958,"[""verification"", ""circuits"", ""bdds"", ""combinational"", ""hash table""]","[0.16489036665332826, 0.12490549448153562, 0.11416460430609182, 0.11416460430609182, 0.11416460430609182]",5,5,299,ok,,,False,,0.00018900001305155456
tfidf,1955,959,"[""model checking"", ""checking"", ""characterize"", ""powerpc"", ""hardware""]","[0.19133253995019237, 0.16921939360186958, 0.12026361205066154, 0.11600089246472314, 0.11166357833418193]",5,5,287,ok,,,False,,0.00016825000056996942
tfidf,1956,96,"[""chicago equity"", ""macgregor"", ""chicago"", ""equity"", ""achieve straight""]","[0.21010603109280263, 0.21010603109280263, 0.19169053990869278, 0.18576207591537727, 0.10505301554640131]",5,5,86,ok,,,False,,6.09580019954592e-05
tfidf,1957,960,"[""bisimulation minimization"", ""minimization"", ""bisimulation"", ""model checking"", ""checking""]","[0.28029291443488097, 0.27850472923332137, 0.2659219824606558, 0.1926319779004315, 0.1703686497713636]",5,5,293,ok,,,False,,0.00017579199629835784
tfidf,1958,961,"[""hybrid systems"", ""hycharts"", ""hybrid"", ""systems"", ""specification""]","[0.22371020913061762, 0.20784143302029576, 0.19892741144381557, 0.11958060779721917, 0.10861571913136]",5,5,318,ok,,,False,,0.0001884580124169588
tfidf,1959,962,"[""liouville"", ""liouville machine"", ""optimal"", ""state action"", ""action""]","[0.16255761509270023, 0.10837174339513349, 0.10666549319389605, 0.10281540260999576, 0.102581572039313]",5,5,341,ok,,,False,,0.00020033300097566098
tfidf,1960,963,"[""avoidance"", ""conditioned"", ""avoidance behavior"", ""behavior"", ""learning""]","[0.2564362240007207, 0.17095748266714714, 0.14890377735148483, 0.1379753754693208, 0.13660078317205157]",5,5,303,ok,,,False,,0.00018133300181943923
tfidf,1961,964,"[""interference"", ""matching"", ""foraging"", ""behaviors"", ""concern""]","[0.14090404230483083, 0.11842577951143507, 0.11599772950492321, 0.09393602820322056, 0.07954929381422188]",5,5,314,ok,,,False,,0.00018862499564420432
tfidf,1962,965,"[""sliding"", ""chua circuit"", ""chua"", ""sliding mode"", ""cubic chua""]","[0.20114680955386594, 0.1875060925109581, 0.17473978609952173, 0.15741698770500503, 0.131759519986202]",5,5,210,ok,,,False,,0.00012525000784080476
tfidf,1963,966,"[""chaotic"", ""lorenz"", ""attractor"", ""chen"", ""complex chaotic""]","[0.24977471925535044, 0.18858425090686157, 0.17574453834494844, 0.17574453834494844, 0.13251713607649002]",5,5,200,ok,,,False,,0.00011829199502244592
tfidf,1964,967,"[""chaos"", ""chaos control"", ""parametric variation"", ""chaotic"", ""state feedback""]","[0.2595059239424079, 0.24668216904884702, 0.12334108452442351, 0.09299170106409782, 0.09191565389213412]",5,5,247,ok,,,False,,0.00014804200327489525
tfidf,1965,968,"[""energy"", ""chaotic"", ""control"", ""energy based"", ""control approach""]","[0.14985603182754947, 0.137099691559926, 0.13279962881489962, 0.11501405350598895, 0.1020253971723182]",5,5,275,ok,,,False,,0.00016349999350495636
tfidf,1966,969,"[""ps"", ""projective synchronization"", ""scaling factor"", ""projective"", ""chaotic systems""]","[0.21660405784593337, 0.14440270523062224, 0.14440270523062224, 0.12767147212251345, 0.11693863879110981]",5,5,187,ok,,,False,,0.00011454199557192624
tfidf,1967,97,"[""application leverage"", ""application leverage enhanced"", ""application leverage enhanced data"", ""autoquote"", ""autoquote traders""]","[0.12981056733820978, 0.12981056733820978, 0.12981056733820978, 0.12981056733820978, 0.12981056733820978]",5,5,66,ok,,,False,,5.075000808574259e-05
tfidf,1968,970,"[""bifurcations"", ""cellular neural networks"", ""cellular neural"", ""complex dynamics"", ""symmetric""]","[0.1587555455946523, 0.1587555455946523, 0.15061597078281097, 0.14484085054700968, 0.12278658068752574]",5,5,158,ok,,,False,,9.654200403019786e-05
tfidf,1969,971,"[""sup infinity"", ""hamiltonian"", ""infinity"", ""effective hamiltonian"", ""value function""]","[0.17558970279930985, 0.15524498526630484, 0.1223484112509075, 0.11705980186620657, 0.11705980186620657]",5,5,291,ok,,,False,,0.0001699170097708702
tfidf,1970,972,"[""packetcable"", ""voip"", ""ip"", ""architecture"", ""existing""]","[0.17642207033413151, 0.1609589298234929, 0.13003264880221574, 0.09945769151627183, 0.09225707026635624]",5,5,136,ok,,,False,,8.504200377501547e-05
tfidf,1971,973,"[""droplet"", ""chemistry"", ""aqueous"", ""phase"", ""multiphase""]","[0.15646848695718032, 0.14433253058096981, 0.12862517681360927, 0.12404660524759209, 0.12203041978991537]",5,5,492,ok,,,False,,0.00030245799280237406
tfidf,1972,974,"[""bch"", ""bch formula"", ""lie groups"", ""extrapolation"", ""lie""]","[0.1821821685772224, 0.1821821685772224, 0.1821821685772224, 0.1610736143729353, 0.15687347971008272]",5,5,117,ok,,,False,,7.845800428185612e-05
tfidf,1973,975,"[""deferred"", ""deferred correction"", ""correction"", ""order"", ""algebraic conditions""]","[0.17904703469274502, 0.17904703469274502, 0.13059481695855557, 0.12445108578440225, 0.11936468979516335]",5,5,256,ok,,,False,,0.00014954200014472008
tfidf,1974,976,"[""differential"", ""completion"", ""differential algebraic"", ""differential algebraic equations"", ""algebraic equations""]","[0.21219365795573206, 0.15273800522396078, 0.14628539283975978, 0.14628539283975978, 0.13914258247379618]",5,5,242,ok,,,False,,0.00014812500739935786
tfidf,1975,977,"[""index differential"", ""index differential algebraic"", ""differential algebraic"", ""kutta"", ""runge""]","[0.18656520967847745, 0.18656520967847745, 0.17402419540184624, 0.1680700999680287, 0.1680700999680287]",5,5,248,ok,,,False,,0.0001467080001020804
tfidf,1976,978,"[""euler"", ""implicit euler"", ""daes"", ""differential"", ""implicit""]","[0.22659811691537374, 0.19736670792659372, 0.1800678000801379, 0.15740248552955055, 0.1411811091795648]",5,5,185,ok,,,False,,0.00010937500337604433
tfidf,1977,979,"[""stiff"", ""methods"", ""parallel step"", ""parallel step methods"", ""stiff systems""]","[0.18271094038266097, 0.15635352188759463, 0.15041480637047291, 0.15041480637047291, 0.15041480637047291]",5,5,172,ok,,,False,,0.00010729099449235946
tfidf,1978,98,"[""compliance"", ""automating compliance"", ""automating compliance supervision"", ""automating compliance supervision process"", ""branches managers""]","[0.22510024775391033, 0.1389835090427747, 0.1389835090427747, 0.1389835090427747, 0.1389835090427747]",5,5,57,ok,,,False,,4.7708002966828644e-05
tfidf,1979,980,"[""convergence"", ""nonlinear parabolic"", ""kutta methods"", ""runge kutta methods"", ""kutta""]","[0.17194590077434252, 0.13636565385796467, 0.12096573915462648, 0.12096573915462648, 0.11448305582651765]",5,5,197,ok,,,False,,0.00011920899851247668
tfidf,1980,981,"[""basins"", ""electrical power"", ""power"", ""electrical"", ""dimensional""]","[0.27046630206076705, 0.1539595149120572, 0.13878931846055906, 0.12925362979639432, 0.1107419240011273]",5,5,328,ok,,,False,,0.00019091700960416347
tfidf,1981,982,"[""mosaic patterns"", ""mosaic"", ""templates"", ""patterns"", ""lattices""]","[0.30588027000071205, 0.29019744561929467, 0.21070998420718395, 0.1998684038913555, 0.16744218278423834]",5,5,185,ok,,,False,,0.0001111250021494925
tfidf,1982,983,"[""delayed state"", ""delayed state feedback"", ""state feedback"", ""delayed"", ""feedback""]","[0.16382512075255495, 0.16382512075255495, 0.16277996534017478, 0.13510704872708462, 0.11832576649554917]",5,5,285,ok,,,False,,0.00016650000179652125
tfidf,1983,984,"[""regions"", ""harmonically"", ""relaxation oscillations"", ""relaxation"", ""2n""]","[0.153824141136185, 0.13851981999822546, 0.13851981999822546, 0.1376361048577877, 0.13141775352505067]",5,5,381,ok,,,False,,0.0002291670098202303
tfidf,1984,985,"[""cnn"", ""map cnn"", ""map"", ""local activity"", ""activity principle""]","[0.37055172419991855, 0.25384387814379156, 0.16484767606842177, 0.15230632688627493, 0.10153755125751662]",5,5,280,ok,,,False,,0.00016933299775701016
tfidf,1985,986,"[""mesh"", ""wavelet"", ""base mesh"", ""initial mesh"", ""lod""]","[0.40735625410435666, 0.18253128861277654, 0.10806074433331574, 0.10806074433331574, 0.10806074433331574]",5,5,273,ok,,,False,,0.00015854199591558427
tfidf,1986,987,"[""election problem"", ""nf"", ""nfc"", ""election"", ""asynchronous distributed""]","[0.1932624263381335, 0.1932624263381335, 0.1932624263381335, 0.17632325286491904, 0.12884161755875567]",5,5,189,ok,,,False,,0.00011379100033082068
tfidf,1987,988,"[""suffix"", ""merging"", ""sub"", ""alphabets"", ""farach""]","[0.24979157812353975, 0.22084945328347796, 0.1785211716155113, 0.14987494687412384, 0.14987494687412384]",5,5,268,ok,,,False,,0.00015845800226088613
tfidf,1988,989,"[""checkpointing"", ""checkpointing interval"", ""interval"", ""fault tolerant distributed"", ""tolerant distributed""]","[0.4983353248112367, 0.24916766240561836, 0.18128309150986838, 0.09966706496224734, 0.09966706496224734]",5,5,274,ok,,,False,,0.00015966600039973855
tfidf,1989,99,"[""radianz"", ""savvis"", ""radianz savvis"", ""alternative trading"", ""alternative trading systems""]","[0.2480251444172848, 0.2480251444172848, 0.16535009627818986, 0.08267504813909493, 0.08267504813909493]",5,5,141,ok,,,False,,8.695900032762438e-05
tfidf,1990,990,"[""broadcast"", ""pipelined broadcast"", ""wormhole"", ""pipelined"", ""replication""]","[0.1802690758471237, 0.15088693570025713, 0.15088693570025713, 0.13766191298323613, 0.12992577062259345]",5,5,179,ok,,,False,,0.0001077499910024926
tfidf,1991,991,"[""blocking"", ""blocking probabilities"", ""channel assignment"", ""occupancy"", ""assignment""]","[0.21500470574231506, 0.1277375154930809, 0.1277375154930809, 0.11293719617113947, 0.0975033671360576]",5,5,509,ok,,,False,,0.00031791700166650116
tfidf,1992,992,"[""cut"", ""maximal cut"", ""maximal"", ""sub"", ""partition""]","[0.2227633821658308, 0.21104707527858915, 0.17090786259514973, 0.15083123069156115, 0.1420917391195295]",5,5,412,ok,,,False,,0.00024833300267346203
tfidf,1993,993,"[""overflow"", ""buffer"", ""sources"", ""markov fluid"", ""transient""]","[0.27174519030732225, 0.14670783626395464, 0.1429034294494641, 0.13587259515366112, 0.1295905399812712]",5,5,390,ok,,,False,,0.00024937499256338924
tfidf,1994,994,"[""controller"", ""rnn"", ""sequential controller"", ""proposed controller"", ""sequential""]","[0.23133240291107054, 0.1909721694199258, 0.1909721694199258, 0.1521067251850075, 0.1439814394265639]",5,5,380,ok,,,False,,0.00024541599850635976
tfidf,1995,995,"[""vehicle"", ""travel"", ""vehicle travel"", ""vehicle travel time"", ""agv""]","[0.236022130649232, 0.17813180963652403, 0.16497572230011187, 0.16497572230011187, 0.1565172320548139]",5,5,235,ok,,,False,,0.00014187500346451998
tfidf,1996,996,"[""orienting devices"", ""devices"", ""orienting"", ""air jet"", ""jet""]","[0.23600092716597254, 0.2248720013251143, 0.22390089503710395, 0.188800741732778, 0.1669253259234274]",5,5,288,ok,,,False,,0.00021241600916255265
tfidf,1997,997,"[""production"", ""production capacity"", ""flexible manufacturing"", ""capacity flexible"", ""capacity flexible manufacturing""]","[0.24032033413266807, 0.1953761269253126, 0.15821738449038544, 0.13025075128354172, 0.13025075128354172]",5,5,181,ok,,,False,,0.000110041000880301
tfidf,1998,998,"[""poznanski"", ""reply"", ""discreteness relevance"", ""poznanski reply"", ""eliasmith""]","[0.21480486713145341, 0.19054673073053982, 0.15094222168960278, 0.15094222168960278, 0.14320324475430227]",5,5,161,ok,,,False,,9.883301390800625e-05
tfidf,1999,999,"[""continuity"", ""eliasmith"", ""importance continuity"", ""spike"", ""reply""]","[0.22380753047623966, 0.1930992417592909, 0.135689795799125, 0.11996808476690392, 0.11419489609380236]",5,5,211,ok,,,False,,0.0001277919946005568
