corpus_position,source_row_abs,EID_o_identificador
0,0,2-s2.0-0033669846
2,2,2-s2.0-0033653172
11,11,2-s2.0-8644274687
15,15,2-s2.0-8644261519
20,20,2-s2.0-8644246700
36,36,2-s2.0-79959734206
42,42,2-s2.0-33749127669
71,71,2-s2.0-33751240543
73,73,2-s2.0-0034718894
80,80,2-s2.0-34547439522
85,85,2-s2.0-85181189739
88,88,2-s2.0-0346123728
89,89,2-s2.0-0034284969
100,100,2-s2.0-0034697112
103,103,2-s2.0-84986155810
104,104,2-s2.0-0034171702
107,107,2-s2.0-3042676363
114,114,2-s2.0-0034635358
115,115,2-s2.0-23944498915
120,120,2-s2.0-85050965446
121,121,2-s2.0-85041902906
133,133,2-s2.0-84993769373
140,140,2-s2.0-84952891351
149,149,2-s2.0-84901245662
151,151,2-s2.0-84871590639
162,162,2-s2.0-52849118952
169,169,2-s2.0-34247174510
173,173,2-s2.0-33646819206
178,178,2-s2.0-27544492987
186,186,2-s2.0-23044520582
187,187,2-s2.0-23044519525
192,192,2-s2.0-22844454064
200,200,2-s2.0-19544366573
202,202,2-s2.0-1642521411
204,204,2-s2.0-0346741365
206,206,2-s2.0-0345985087
213,213,2-s2.0-0042349739
220,220,2-s2.0-0039923264
229,229,2-s2.0-0034612674
231,231,2-s2.0-0034580888
252,252,2-s2.0-0034203418
254,254,2-s2.0-0034199435
257,257,2-s2.0-0034166549
261,261,2-s2.0-0034094306
263,263,2-s2.0-0034025401
264,264,2-s2.0-0034004242
266,266,2-s2.0-0033994556
270,270,2-s2.0-0033909073
275,275,2-s2.0-0033872309
276,276,2-s2.0-0033854629
278,278,2-s2.0-0033803914
281,281,2-s2.0-0033757424
283,283,2-s2.0-0033740206
286,286,2-s2.0-0033688114
289,289,2-s2.0-0033661305
298,298,2-s2.0-0011262067
300,300,2-s2.0-0008785257
302,302,2-s2.0-0003376326
305,305,2-s2.0-0000717304
308,308,2-s2.0-8744318257
313,313,2-s2.0-8744312543
316,316,2-s2.0-8744306815
319,319,2-s2.0-8744303616
323,323,2-s2.0-8744301717
327,327,2-s2.0-8744293337
333,333,2-s2.0-8744275607
334,334,2-s2.0-8744275101
335,335,2-s2.0-8744275073
340,340,2-s2.0-8744262131
341,341,2-s2.0-8744259517
345,345,2-s2.0-8744248398
347,347,2-s2.0-8744243398
349,349,2-s2.0-8744242338
351,351,2-s2.0-8744233239
354,354,2-s2.0-8744231690
355,355,2-s2.0-8744225318
356,356,2-s2.0-8744219617
359,359,2-s2.0-85013587113
370,370,2-s2.0-4544348954
374,374,2-s2.0-3242722248
378,378,2-s2.0-0347412238
380,380,2-s2.0-0035790779
383,383,2-s2.0-0035785271
386,386,2-s2.0-0035732454
392,392,2-s2.0-0035679240
404,404,2-s2.0-0035500139
409,409,2-s2.0-85171829373
410,410,2-s2.0-85158760701
413,413,2-s2.0-0034851659
417,417,2-s2.0-0040154306
425,425,2-s2.0-33748119019
432,432,2-s2.0-85023658640
435,435,2-s2.0-0035092350
436,436,2-s2.0-85180902848
442,442,2-s2.0-0035279548
445,445,2-s2.0-0035264841
446,446,2-s2.0-0013240382
457,457,2-s2.0-85096748981
459,459,2-s2.0-85072449893
461,461,2-s2.0-85066191930
470,470,2-s2.0-85011528595
476,476,2-s2.0-85009598657
483,483,2-s2.0-84992904154
491,491,2-s2.0-84943261996
492,492,2-s2.0-84943252184
503,503,2-s2.0-84895258936
512,512,2-s2.0-77952004585
517,517,2-s2.0-5644247748
532,532,2-s2.0-34249670955
533,533,2-s2.0-33751504732
538,538,2-s2.0-33344460828
545,545,2-s2.0-24944458676
546,546,2-s2.0-2442547089
551,551,2-s2.0-19644381920
554,554,2-s2.0-19644363835
563,563,2-s2.0-17344373586
568,568,2-s2.0-0043176077
569,569,2-s2.0-0042860225
570,570,2-s2.0-0040746584
572,572,2-s2.0-0039838616
586,586,2-s2.0-0035667891
587,587,2-s2.0-0035648471
588,588,2-s2.0-0035646069
589,589,2-s2.0-0035632816
595,595,2-s2.0-0035584559
598,598,2-s2.0-0035564541
605,605,2-s2.0-0035531595
606,606,2-s2.0-0035506604
608,608,2-s2.0-0035491608
617,617,2-s2.0-0035381111
619,619,2-s2.0-0035376604
621,621,2-s2.0-0035374082
622,622,2-s2.0-0035359369
635,635,2-s2.0-0035201980
638,638,2-s2.0-0035197932
647,647,2-s2.0-0035059492
653,653,2-s2.0-0034976737
658,658,2-s2.0-0034818440
661,661,2-s2.0-0034779462
665,665,2-s2.0-0012630197
669,669,2-s2.0-0000624536
671,671,2-s2.0-8744315657
683,683,2-s2.0-8744285477
686,686,2-s2.0-8744276635
696,696,2-s2.0-8744255414
707,707,2-s2.0-8744239672
708,708,2-s2.0-8744239201
710,710,2-s2.0-8744235170
714,714,2-s2.0-8744230889
715,715,2-s2.0-8744229032
728,728,2-s2.0-84862506439
729,729,2-s2.0-78650238545
732,732,2-s2.0-43149120757
735,735,2-s2.0-3042724859
757,757,2-s2.0-0036995665
764,764,2-s2.0-0036954288
774,774,2-s2.0-0036949541
797,797,2-s2.0-0036396336
805,805,2-s2.0-85040561774
809,809,2-s2.0-0036757770
811,811,2-s2.0-0036336430
817,817,2-s2.0-84945938712
818,818,2-s2.0-0037118764
819,819,2-s2.0-0036297785
820,820,2-s2.0-34548275325
824,824,2-s2.0-0036048755
831,831,2-s2.0-0037165998
832,832,2-s2.0-0037165988
836,836,2-s2.0-3543000187
839,839,2-s2.0-0036207274
843,843,2-s2.0-0036527286
844,844,2-s2.0-0036005479
846,846,2-s2.0-33748756973
848,848,2-s2.0-27944478119
856,856,2-s2.0-0036002516
869,869,2-s2.0-85065365895
875,875,2-s2.0-85057083942
876,876,2-s2.0-85025312293
886,886,2-s2.0-84992905091
888,888,2-s2.0-84992791776
897,897,2-s2.0-84964447135
902,902,2-s2.0-84959053346
903,903,2-s2.0-84949310242
904,904,2-s2.0-84949206867
905,905,2-s2.0-84948673159
913,913,2-s2.0-84904042788
914,914,2-s2.0-84896977339
919,919,2-s2.0-84867354030
920,920,2-s2.0-84867325316
927,927,2-s2.0-77953220212
931,931,2-s2.0-77950792638
935,935,2-s2.0-62249126626
937,937,2-s2.0-54049084462
950,950,2-s2.0-35248815561
955,955,2-s2.0-34247439100
956,956,2-s2.0-33846172094
960,960,2-s2.0-33645426866
971,971,2-s2.0-23844509230
981,981,2-s2.0-17444448456
982,982,2-s2.0-17444370977
983,983,2-s2.0-17244373066
985,985,2-s2.0-0345424649
987,987,2-s2.0-0141651922
989,989,2-s2.0-0038115630
996,996,2-s2.0-0036992518
999,999,2-s2.0-0036983279
1003,1003,2-s2.0-0036954346
1022,1022,2-s2.0-0036613838
1027,1027,2-s2.0-0036550052
1031,1031,2-s2.0-0036465333
1034,1034,2-s2.0-0036457574
1038,1038,2-s2.0-0036375343
1041,1041,2-s2.0-0036351814
1048,1048,2-s2.0-0036138135
1049,1049,2-s2.0-0036134198
1061,1061,2-s2.0-0036014602
1069,1069,2-s2.0-0035744497
1070,1070,2-s2.0-0012529708
1075,1075,2-s2.0-0346317159
1080,1080,2-s2.0-85190633512
1081,1081,2-s2.0-8844276156
1084,1084,2-s2.0-8744312919
1092,1092,2-s2.0-8744305956
1095,1095,2-s2.0-8744302021
1096,1096,2-s2.0-8744301883
1125,1125,2-s2.0-8744254534
1128,1128,2-s2.0-8744249373
1134,1134,2-s2.0-8744241733
1135,1135,2-s2.0-8744238149
1141,1141,2-s2.0-8744233185
1142,1142,2-s2.0-8744233106
1143,1143,2-s2.0-8744231944
1149,1149,2-s2.0-8744222568
1155,1155,2-s2.0-84882725697
1156,1156,2-s2.0-84882501919
1170,1170,2-s2.0-3843085125
1176,1176,2-s2.0-33847641222
1180,1180,2-s2.0-33644998360
1182,1182,2-s2.0-3142689168
1183,1183,2-s2.0-3142669980
1192,1192,2-s2.0-18844410836
1196,1196,2-s2.0-1642560932
1198,1198,2-s2.0-1642560805
1208,1208,2-s2.0-1642438965
1210,1210,2-s2.0-1642438901
1220,1220,2-s2.0-1542621320
1223,1223,2-s2.0-1542432966
1228,1228,2-s2.0-1542377643
1244,1244,2-s2.0-0242456267
1245,1245,2-s2.0-0142041430
1251,1251,2-s2.0-0013327006
1253,1253,2-s2.0-84909242780
1255,1255,2-s2.0-0141998660
1260,1260,2-s2.0-13944275621
1263,1263,2-s2.0-0141869020
1268,1268,2-s2.0-84905784554
1276,1276,2-s2.0-85020225363
1280,1280,2-s2.0-3142581342
1282,1282,2-s2.0-2642580843
1296,1296,2-s2.0-0043270450
1298,1298,2-s2.0-0038491415
1310,1310,2-s2.0-3042840196
1312,1312,2-s2.0-1942471720
1315,1315,2-s2.0-0037821798
1321,1321,2-s2.0-84885593709
1331,1331,2-s2.0-84956754655
1332,1332,2-s2.0-77953256586
1338,1338,2-s2.0-0037471032
1339,1339,2-s2.0-60949629822
1349,1349,2-s2.0-0037361643
1351,1351,2-s2.0-0037217198
1354,1354,2-s2.0-0037305816
1355,1355,2-s2.0-0037297430
1358,1358,2-s2.0-9444295419
1360,1360,2-s2.0-85159619155
1370,1370,2-s2.0-85139344728
1371,1371,2-s2.0-85139337173
1388,1388,2-s2.0-85066206074
1397,1397,2-s2.0-85032773277
1400,1400,2-s2.0-85032075251
1403,1403,2-s2.0-85023708718
1404,1404,2-s2.0-85023567830
1405,1405,2-s2.0-85016800734
1408,1408,2-s2.0-85009555983
1426,1426,2-s2.0-84946079532
1431,1431,2-s2.0-84946057064
1433,1433,2-s2.0-84946047568
1436,1436,2-s2.0-84946029991
1446,1446,2-s2.0-84943745846
1448,1448,2-s2.0-84941214021
1456,1456,2-s2.0-84904363037
1458,1458,2-s2.0-84902221359
1464,1464,2-s2.0-84867428904
1470,1470,2-s2.0-84867349863
1483,1483,2-s2.0-77950832080
1484,1484,2-s2.0-77949550413
1497,1497,2-s2.0-40949130335
1500,1500,2-s2.0-3843118839
1505,1505,2-s2.0-35248875306
1509,1509,2-s2.0-35048847459
1513,1513,2-s2.0-34147099834
1514,1514,2-s2.0-33750544817
1517,1517,2-s2.0-3142673538
1519,1519,2-s2.0-3042667512
1520,1520,2-s2.0-3042644142
1535,1535,2-s2.0-1642523612
1544,1544,2-s2.0-1442264213
1545,1545,2-s2.0-13644276179
1547,1547,2-s2.0-1142287626
1549,1549,2-s2.0-105007130960
1552,1552,2-s2.0-105007130822
1553,1553,2-s2.0-0742289154
1557,1557,2-s2.0-0345375537
1559,1559,2-s2.0-0344685234
1561,1561,2-s2.0-0242659829
1565,1565,2-s2.0-0142230528
1580,1580,2-s2.0-0141427755
1583,1583,2-s2.0-0042782825
1584,1584,2-s2.0-0042662639
1599,1599,2-s2.0-0038454698
1601,1601,2-s2.0-0038369948
1606,1606,2-s2.0-0037959715
1609,1609,2-s2.0-0037673576
1623,1623,2-s2.0-0037290684
1628,1628,2-s2.0-0037257290
1629,1629,2-s2.0-0037240388
1630,1630,2-s2.0-0012232979
1632,1632,2-s2.0-10444249624
1636,1636,2-s2.0-10044272953
1638,1638,2-s2.0-10044233913
1640,1640,2-s2.0-9444260953
1646,1646,2-s2.0-84875289923
1650,1650,2-s2.0-84867357331
1652,1652,2-s2.0-77954503422
1658,1658,2-s2.0-40849128491
1667,1667,2-s2.0-34249082051
1668,1668,2-s2.0-34249032060
1669,1669,2-s2.0-33846985525
1673,1673,2-s2.0-31544438272
1674,1674,2-s2.0-3042678849
1675,1675,2-s2.0-27944447610
1681,1681,2-s2.0-21644483609
1688,1688,2-s2.0-21644469428
1692,1692,2-s2.0-21644454413
1698,1698,2-s2.0-21644433552
1706,1706,2-s2.0-15544390069
1707,1707,2-s2.0-14544297410
1717,1717,2-s2.0-12344273343
1719,1719,2-s2.0-11144287249
1724,1724,2-s2.0-10244221168
1731,1731,2-s2.0-23844547693
1734,1734,2-s2.0-8744238366
1736,1736,2-s2.0-79953009266
1740,1740,2-s2.0-5544322134
1747,1747,2-s2.0-5444268805
1756,1756,2-s2.0-5444258205
1762,1762,2-s2.0-5444254567
1769,1769,2-s2.0-5444250575
1771,1771,2-s2.0-5444248171
1778,1778,2-s2.0-5444240963
1783,1783,2-s2.0-5444237089
1788,1788,2-s2.0-5444232064
1790,1790,2-s2.0-5444231443
1791,1791,2-s2.0-5444231353
1804,1804,2-s2.0-84917325939
1807,1807,2-s2.0-4644356505
1808,1808,2-s2.0-8844266857
1813,1813,2-s2.0-16644388852
1818,1818,2-s2.0-4444363091
1825,1825,2-s2.0-6344239290
1832,1832,2-s2.0-34247661803
1839,1839,2-s2.0-3943075808
1852,1852,2-s2.0-4043174934
1856,1856,2-s2.0-3042561477
1859,1859,2-s2.0-3042544515
1861,1861,2-s2.0-4344714926
1873,1873,2-s2.0-4043069960
1888,1888,2-s2.0-2642551636
1889,1889,2-s2.0-2642549138
1890,1890,2-s2.0-2542539067
1892,1892,2-s2.0-2442675472
1903,1903,2-s2.0-4043121116
1907,1907,2-s2.0-2442497493
1912,1912,2-s2.0-1542611557
1918,1918,2-s2.0-33646847652
1926,1926,2-s2.0-1842681514
1931,1931,2-s2.0-1542442445
1932,1932,2-s2.0-1542274560
1941,1941,2-s2.0-1442358607
1942,1942,2-s2.0-1442309787
1944,1944,2-s2.0-70350728487
1945,1945,2-s2.0-3543027456
1950,1950,2-s2.0-0347003631
1954,1954,2-s2.0-8644241595
1957,1957,2-s2.0-85145521351
1968,1968,2-s2.0-85071208214
1978,1978,2-s2.0-85025375776
1980,1980,2-s2.0-85023882349
1985,1985,2-s2.0-85012080006
1992,1992,2-s2.0-84995575590
1993,1993,2-s2.0-84992882752
2005,2005,2-s2.0-84907482785
2008,2008,2-s2.0-84890144600
2010,2010,2-s2.0-84872064225
2033,2033,2-s2.0-54049110547
2035,2035,2-s2.0-5044223909
2040,2040,2-s2.0-4844223598
2042,2042,2-s2.0-4544319034
2043,2043,2-s2.0-4544278565
2044,2044,2-s2.0-4344661134
2045,2045,2-s2.0-4344635328
2049,2049,2-s2.0-42449100371
2054,2054,2-s2.0-3543037643
2055,2055,2-s2.0-3543031078
2067,2067,2-s2.0-33646140212
2070,2070,2-s2.0-3142716002
2081,2081,2-s2.0-2942567538
2083,2083,2-s2.0-28744454046
2089,2089,2-s2.0-2442628556
2093,2093,2-s2.0-2442494907
2098,2098,2-s2.0-23344444231
2108,2108,2-s2.0-1842432618
2110,2110,2-s2.0-16644368674
2118,2118,2-s2.0-14044250002
2131,2131,2-s2.0-1142263247
2133,2133,2-s2.0-11244283955
2135,2135,2-s2.0-10844270355
2136,2136,2-s2.0-10844262483
2139,2139,2-s2.0-10044251187
2144,2144,2-s2.0-0742305995
2147,2147,2-s2.0-0742288695
2154,2154,2-s2.0-29244455339
2158,2158,2-s2.0-28544443161
2175,2175,2-s2.0-84885809123
2180,2180,2-s2.0-84885739438
2182,2182,2-s2.0-84885725233
2186,2186,2-s2.0-84869076638
2188,2188,2-s2.0-84867431436
2190,2190,2-s2.0-84867425087
2199,2199,2-s2.0-84867376102
2200,2200,2-s2.0-84867375736
2203,2203,2-s2.0-84865768669
2205,2205,2-s2.0-84865624676
2206,2206,2-s2.0-84865434148
2208,2208,2-s2.0-84859266818
2209,2209,2-s2.0-84856975578
2214,2214,2-s2.0-77954047358
2218,2218,2-s2.0-63849163935
2222,2222,2-s2.0-57449099143
2227,2227,2-s2.0-34547111671
2228,2228,2-s2.0-33947290025
2232,2232,2-s2.0-33947260077
2240,2240,2-s2.0-33947202742
2251,2251,2-s2.0-33845283871
2263,2263,2-s2.0-33745806178
2264,2264,2-s2.0-33745711980
2275,2275,2-s2.0-33645152544
2282,2282,2-s2.0-29844440450
2285,2285,2-s2.0-29444454722
2293,2293,2-s2.0-85082026917
2296,2296,2-s2.0-85054319709
2306,2306,2-s2.0-27844608983
2311,2311,2-s2.0-26844527360
2313,2313,2-s2.0-26644473897
2315,2315,2-s2.0-29344463901
2319,2319,2-s2.0-33644670379
2339,2339,2-s2.0-26244455739
2340,2340,2-s2.0-24344465799
2345,2345,2-s2.0-85007354717
2355,2355,2-s2.0-28044446311
2359,2359,2-s2.0-27144482249
2362,2362,2-s2.0-24344442797
2365,2365,2-s2.0-23144457608
2370,2370,2-s2.0-22844442613
2373,2373,2-s2.0-60950094297
2381,2381,2-s2.0-23944500138
2383,2383,2-s2.0-23844471264
2387,2387,2-s2.0-22544475361
2388,2388,2-s2.0-22544471865
2392,2392,2-s2.0-21344452799
2397,2397,2-s2.0-33646460475
2399,2399,2-s2.0-32144449044
2402,2402,2-s2.0-27844531703
2411,2411,2-s2.0-84906112791
2413,2413,2-s2.0-20444455111
2418,2418,2-s2.0-20344397947
2419,2419,2-s2.0-22444434722
2422,2422,2-s2.0-33646805412
2435,2435,2-s2.0-23044477933
2439,2439,2-s2.0-21644467069
2450,2450,2-s2.0-27944431772
2455,2455,2-s2.0-18844452681
2458,2458,2-s2.0-17744385147
2467,2467,2-s2.0-60849111620
2469,2469,2-s2.0-27644524529
2472,2472,2-s2.0-26044437729
2477,2477,2-s2.0-18644382084
2478,2478,2-s2.0-17444410847
2494,2494,2-s2.0-27844470704
2496,2496,2-s2.0-27844468215
2498,2498,2-s2.0-23944494695
2507,2507,2-s2.0-17444365828
2521,2521,2-s2.0-17444405904
2525,2525,2-s2.0-17844393414
2536,2536,2-s2.0-84923999642
2542,2542,2-s2.0-85141615492
2543,2543,2-s2.0-85115733666
2544,2544,2-s2.0-85094833071
2545,2545,2-s2.0-85079313734
2547,2547,2-s2.0-85072439795
2552,2552,2-s2.0-85071526859
2559,2559,2-s2.0-85070595303
2569,2569,2-s2.0-85029921015
2570,2570,2-s2.0-85025307635
2572,2572,2-s2.0-85024595103
2575,2575,2-s2.0-85024164346
2587,2587,2-s2.0-85008388416
2588,2588,2-s2.0-84992897931
2593,2593,2-s2.0-84967693254
2604,2604,2-s2.0-84958171364
2606,2606,2-s2.0-84958165789
2608,2608,2-s2.0-84958158131
2613,2613,2-s2.0-84951299207
2614,2614,2-s2.0-84938785294
2615,2615,2-s2.0-84938577214
2621,2621,2-s2.0-84928426369
2622,2622,2-s2.0-84927113548
2634,2634,2-s2.0-84904268687
2646,2646,2-s2.0-84896965226
2647,2647,2-s2.0-84896952955
2653,2653,2-s2.0-84855948751
2657,2657,2-s2.0-79952777054
2658,2658,2-s2.0-78649885510
2660,2660,2-s2.0-77955972082
2661,2661,2-s2.0-77950639426
2671,2671,2-s2.0-35048873292
2677,2677,2-s2.0-34247123383
2679,2679,2-s2.0-33750388967
2704,2704,2-s2.0-29344473331
2707,2707,2-s2.0-28844473894
2708,2708,2-s2.0-28044470964
2709,2709,2-s2.0-27844543189
2712,2712,2-s2.0-27744525056
2720,2720,2-s2.0-26944500203
2726,2726,2-s2.0-25144441055
2731,2731,2-s2.0-24144451910
2746,2746,2-s2.0-22544480555
2748,2748,2-s2.0-22544480036
2752,2752,2-s2.0-22544477841
2755,2755,2-s2.0-22544475597
2759,2759,2-s2.0-22544473659
2765,2765,2-s2.0-22544468812
2768,2768,2-s2.0-22544467797
2770,2770,2-s2.0-22544467787
2774,2774,2-s2.0-22544465838
2787,2787,2-s2.0-22544454507
2788,2788,2-s2.0-22544454465
2789,2789,2-s2.0-22544454453
2792,2792,2-s2.0-22544447808
2793,2793,2-s2.0-22544445882
2805,2805,2-s2.0-22544433754
2811,2811,2-s2.0-21644464821
2818,2818,2-s2.0-20444475423
2823,2823,2-s2.0-19444363580
2828,2828,2-s2.0-17544365329
2834,2834,2-s2.0-17044433422
2840,2840,2-s2.0-14944372924
2841,2841,2-s2.0-14844333546
2844,2844,2-s2.0-14644427186
2848,2848,2-s2.0-13944259024
2852,2852,2-s2.0-12844265538
2854,2854,2-s2.0-12744262896
2859,2859,2-s2.0-11244299484
2865,2865,2-s2.0-33845712567
2871,2871,2-s2.0-85069685987
2872,2872,2-s2.0-85007593410
2873,2873,2-s2.0-84906614008
2884,2884,2-s2.0-84878099229
2885,2885,2-s2.0-84878098792
2888,2888,2-s2.0-84878052566
2890,2890,2-s2.0-84875589402
2891,2891,2-s2.0-84872120064
2892,2892,2-s2.0-84872107145
2902,2902,2-s2.0-78049516494
2909,2909,2-s2.0-70450228454
2920,2920,2-s2.0-49949094075
2924,2924,2-s2.0-48749115515
2928,2928,2-s2.0-48749088122
2929,2929,2-s2.0-48749086770
2943,2943,2-s2.0-36649020719
2950,2950,2-s2.0-34548359131
2952,2952,2-s2.0-34548227888
2955,2955,2-s2.0-34547324207
2979,2979,2-s2.0-33845587985
2980,2980,2-s2.0-33845444410
2981,2981,2-s2.0-33845327517
2986,2986,2-s2.0-33750691037
2990,2990,2-s2.0-33644646004
2995,2995,2-s2.0-33751027418
2998,2998,2-s2.0-33750628612
3000,3000,2-s2.0-33750512132
3005,3005,2-s2.0-33751012710
3011,3011,2-s2.0-33750573132
3013,3013,2-s2.0-33750354315
3020,3020,2-s2.0-33750708263
3025,3025,2-s2.0-33750473335
3032,3032,2-s2.0-33749518532
3036,3036,2-s2.0-85069729236
3046,3046,2-s2.0-33750178522
3066,3066,2-s2.0-33748894182
3070,3070,2-s2.0-43949130604
3075,3075,2-s2.0-33749070195
3078,3078,2-s2.0-33748297433
3080,3080,2-s2.0-33746803694
3085,3085,2-s2.0-33746539485
3087,3087,2-s2.0-84991042076
3091,3091,2-s2.0-35148835072
3092,3092,2-s2.0-35148834119
3114,3114,2-s2.0-33749567176
3117,3117,2-s2.0-33748441950
3118,3118,2-s2.0-33747644445
3122,3122,2-s2.0-33745962847
3126,3126,2-s2.0-33744956214
3148,3148,2-s2.0-33744781840
3156,3156,2-s2.0-33744939475
3157,3157,2-s2.0-33744521791
3158,3158,2-s2.0-33646742198
3161,3161,2-s2.0-33646345369
3165,3165,2-s2.0-77952107714
3167,3167,2-s2.0-33749261065
3170,3170,2-s2.0-33747890841
3188,3188,2-s2.0-33646459318
3189,3189,2-s2.0-33646080575
3195,3195,2-s2.0-33645157476
3212,3212,2-s2.0-33751207127
3223,3223,2-s2.0-33645716358
3226,3226,2-s2.0-33645681101
3228,3228,2-s2.0-33645516147
3229,3229,2-s2.0-33644900518
3230,3230,2-s2.0-33644881977
3235,3235,2-s2.0-31344450355
3237,3237,2-s2.0-85147628915
3240,3240,2-s2.0-85141110260
3252,3252,2-s2.0-85068002748
3257,3257,2-s2.0-85067921433
3261,3261,2-s2.0-85052723342
3262,3262,2-s2.0-85045649603
3266,3266,2-s2.0-85029130264
3279,3279,2-s2.0-85029117171
3280,3280,2-s2.0-85029114714
3282,3282,2-s2.0-85029110786
3284,3284,2-s2.0-85029104814
3287,3287,2-s2.0-85029094262
3291,3291,2-s2.0-85029092945
3293,3293,2-s2.0-85029084378
3295,3295,2-s2.0-85029081182
3297,3297,2-s2.0-85029079596
3304,3304,2-s2.0-85029072327
3308,3308,2-s2.0-85029065165
3310,3310,2-s2.0-85029060527
3311,3311,2-s2.0-85029058113
3321,3321,2-s2.0-85029035108
3328,3328,2-s2.0-85029025666
3333,3333,2-s2.0-85026807021
3340,3340,2-s2.0-85016709017
3344,3344,2-s2.0-85001603365
3345,3345,2-s2.0-84995416471
3347,3347,2-s2.0-84993790581
3354,3354,2-s2.0-84990909814
3358,3358,2-s2.0-84990348170
3360,3360,2-s2.0-84978763728
3365,3365,2-s2.0-84957732266
3370,3370,2-s2.0-84938828707
3375,3375,2-s2.0-84926260733
3381,3381,2-s2.0-84926256145
3387,3387,2-s2.0-84926250435
3388,3388,2-s2.0-84926247758
3393,3393,2-s2.0-84923492340
3401,3401,2-s2.0-84923408832
3411,3411,2-s2.0-84897003741
3416,3416,2-s2.0-84896291582
3421,3421,2-s2.0-84895891732
3422,3422,2-s2.0-84892869011
3426,3426,2-s2.0-84877974384
3428,3428,2-s2.0-84877949736
3436,3436,2-s2.0-84867412356
3442,3442,2-s2.0-80052221682
3459,3459,2-s2.0-53849136004
3466,3466,2-s2.0-48749098321
3484,3484,2-s2.0-37349108448
3494,3494,2-s2.0-33847644379
3495,3495,2-s2.0-33847340167
3510,3510,2-s2.0-33845685252
3513,3513,2-s2.0-33845532661
3529,3529,2-s2.0-33750221211
3537,3537,2-s2.0-33750016351
3539,3539,2-s2.0-33749395814
3540,3540,2-s2.0-33749392074
3551,3551,2-s2.0-33746586915
3554,3554,2-s2.0-33746344653
3558,3558,2-s2.0-33745869375
3565,3565,2-s2.0-33745272242
3567,3567,2-s2.0-33646846107
3570,3570,2-s2.0-33646598046
3571,3571,2-s2.0-33646559859
3577,3577,2-s2.0-33646056968
3578,3578,2-s2.0-33645963790
3594,3594,2-s2.0-33144489019
3596,3596,2-s2.0-32344444976
3597,3597,2-s2.0-32044471565
3598,3598,2-s2.0-32044457370
3603,3603,2-s2.0-30744443801
3610,3610,2-s2.0-29444453046
3615,3615,2-s2.0-105011790940
3622,3622,2-s2.0-37349105333
3624,3624,2-s2.0-36849035445
3636,3636,2-s2.0-84892817459
3638,3638,2-s2.0-84892794219
3648,3648,2-s2.0-84890527777
3649,3649,2-s2.0-84890072028
3650,3650,2-s2.0-84890026394
3653,3653,2-s2.0-84887949599
3658,3658,2-s2.0-84880807496
3659,3659,2-s2.0-84880237876
3662,3662,2-s2.0-84878243638
3664,3664,2-s2.0-84875272354
3666,3666,2-s2.0-84871557502
3667,3667,2-s2.0-84870359130
3674,3674,2-s2.0-84867484104
3677,3677,2-s2.0-84867464133
3683,3683,2-s2.0-84867394792
3684,3684,2-s2.0-84867367671
3687,3687,2-s2.0-84863116273
3689,3689,2-s2.0-84859615480
3693,3693,2-s2.0-84858607881
3698,3698,2-s2.0-80051511854
3700,3700,2-s2.0-79955787725
3705,3705,2-s2.0-78650953712
3706,3706,2-s2.0-78650925065
3721,3721,2-s2.0-71449115292
3724,3724,2-s2.0-71449083617
3727,3727,2-s2.0-70350029288
3738,3738,2-s2.0-63049102796
3739,3739,2-s2.0-63049100565
3748,3748,2-s2.0-55849151352
3751,3751,2-s2.0-55649086188
3753,3753,2-s2.0-55249099345
3758,3758,2-s2.0-51549089027
3763,3763,2-s2.0-50449085853
3764,3764,2-s2.0-50249158684
3765,3765,2-s2.0-50249145700
3768,3768,2-s2.0-50049130484
3773,3773,2-s2.0-50049111877
3774,3774,2-s2.0-50049110345
3776,3776,2-s2.0-50049106797
3793,3793,2-s2.0-49649124943
3797,3797,2-s2.0-48349125500
3801,3801,2-s2.0-48149105509
3805,3805,2-s2.0-47649126139
3809,3809,2-s2.0-47349118304
3813,3813,2-s2.0-46449122257
3819,3819,2-s2.0-44649181384
3820,3820,2-s2.0-42549105098
3825,3825,2-s2.0-39749162810
3833,3833,2-s2.0-38049011964
3835,3835,2-s2.0-37849038699
3838,3838,2-s2.0-37849013631
3844,3844,2-s2.0-37349131049
3854,3854,2-s2.0-37349026702
3855,3855,2-s2.0-37349026294
3857,3857,2-s2.0-36849023122
3859,3859,2-s2.0-36549013109
3862,3862,2-s2.0-36148959043
3867,3867,2-s2.0-35348987148
3876,3876,2-s2.0-36348995397
3877,3877,2-s2.0-36348987202
3885,3885,2-s2.0-41449085533
3890,3890,2-s2.0-36248954944
3891,3891,2-s2.0-36049033016
3895,3895,2-s2.0-35348941340
3898,3898,2-s2.0-34547092539
3903,3903,2-s2.0-85068024680
3907,3907,2-s2.0-36048978680
3918,3918,2-s2.0-34748860862
3919,3919,2-s2.0-34748854809
3929,3929,2-s2.0-34848874567
3930,3930,2-s2.0-34848868183
3931,3931,2-s2.0-34548678859
3938,3938,2-s2.0-41849120499
3943,3943,2-s2.0-35148845495
3945,3945,2-s2.0-34648823386
3949,3949,2-s2.0-34548497137
3973,3973,2-s2.0-85068024634
3978,3978,2-s2.0-38949195989
3983,3983,2-s2.0-34548658931
3992,3992,2-s2.0-34547224607
4003,4003,2-s2.0-34848901464
4010,4010,2-s2.0-34447634063
4018,4018,2-s2.0-33947723663
4029,4029,2-s2.0-34548429172
4048,4048,2-s2.0-34249319807
4049,4049,2-s2.0-34249994935
4056,4056,2-s2.0-34347388057
4060,4060,2-s2.0-34249278836
4061,4061,2-s2.0-34249059721
4063,4063,2-s2.0-34248395544
4069,4069,2-s2.0-34247585208
4070,4070,2-s2.0-84988036848
4073,4073,2-s2.0-84991615250
4079,4079,2-s2.0-35649002019
4084,4084,2-s2.0-34248218596
4088,4088,2-s2.0-34247639524
4095,4095,2-s2.0-33947429144
4106,4106,2-s2.0-35348943420
4114,4114,2-s2.0-34248330977
4118,4118,2-s2.0-34247138308
4122,4122,2-s2.0-33947231199
4126,4126,2-s2.0-33847659521
4127,4127,2-s2.0-33846902047
4131,4131,2-s2.0-33846089003
4133,4133,2-s2.0-33846910190
4134,4134,2-s2.0-33947500098
4145,4145,2-s2.0-33845871999
4146,4146,2-s2.0-33845869549
4149,4149,2-s2.0-33845673675
4150,4150,2-s2.0-33845653586
4152,4152,2-s2.0-33845639617
4153,4153,2-s2.0-33845627004
4161,4161,2-s2.0-85144937978
4162,4162,2-s2.0-85142590535
4166,4166,2-s2.0-85140054585
4167,4167,2-s2.0-85139992313
4176,4176,2-s2.0-85067985171
4189,4189,2-s2.0-85029128414
4193,4193,2-s2.0-85029124329
4196,4196,2-s2.0-85029121601
4201,4201,2-s2.0-85029103889
4208,4208,2-s2.0-85029098507
4211,4211,2-s2.0-85029091383
4232,4232,2-s2.0-85029073119
4235,4235,2-s2.0-85029069222
4236,4236,2-s2.0-85029065473
4239,4239,2-s2.0-85029064570
4242,4242,2-s2.0-85029062692
4247,4247,2-s2.0-85029058090
4249,4249,2-s2.0-85029055067
4250,4250,2-s2.0-85029053398
4251,4251,2-s2.0-85029051467
4252,4252,2-s2.0-85029051233
4254,4254,2-s2.0-85029049239
4259,4259,2-s2.0-85029047520
4262,4262,2-s2.0-85029041521
4265,4265,2-s2.0-85029036882
4273,4273,2-s2.0-85029027141
4275,4275,2-s2.0-85029024041
4279,4279,2-s2.0-85023804903
4281,4281,2-s2.0-85023718426
4283,4283,2-s2.0-85022208499
4288,4288,2-s2.0-85011320302
4296,4296,2-s2.0-84978813175
4301,4301,2-s2.0-84967702713
4318,4318,2-s2.0-84958044985
4319,4319,2-s2.0-84958040847
4329,4329,2-s2.0-84927016237
4344,4344,2-s2.0-84905719988
4345,4345,2-s2.0-84901704795
4347,4347,2-s2.0-84897498131
4349,4349,2-s2.0-84896992606
4352,4352,2-s2.0-84896920036
4367,4367,2-s2.0-84861042068
4370,4370,2-s2.0-84858310586
4375,4375,2-s2.0-80051539015
4376,4376,2-s2.0-80051497509
4378,4378,2-s2.0-79957946174
4380,4380,2-s2.0-79751522631
4394,4394,2-s2.0-70350713479
4400,4400,2-s2.0-64049092650
4401,4401,2-s2.0-63749120572
4407,4407,2-s2.0-51249142866
4411,4411,2-s2.0-47549084895
4417,4417,2-s2.0-40549098985
4419,4419,2-s2.0-38449118637
4432,4432,2-s2.0-36349032754
4433,4433,2-s2.0-36048936981
4434,4434,2-s2.0-35649028847
4436,4436,2-s2.0-35648946459
4439,4439,2-s2.0-35348918304
4443,4443,2-s2.0-34848923303
4469,4469,2-s2.0-34250344917
4484,4484,2-s2.0-34248389382
4488,4488,2-s2.0-34247625118
4494,4494,2-s2.0-34047231324
4495,4495,2-s2.0-34047212294
4496,4496,2-s2.0-34047158833
4516,4516,2-s2.0-33751506420
4517,4517,2-s2.0-33750604512
4519,4519,2-s2.0-57849098840
4520,4520,2-s2.0-57849097152
4521,4521,2-s2.0-57849163584
4522,4522,2-s2.0-57849145623
4537,4537,2-s2.0-57349189034
4549,4549,2-s2.0-84902706123
4550,4550,2-s2.0-84902389322
4553,4553,2-s2.0-84897668706
4557,4557,2-s2.0-84897588099
4558,4558,2-s2.0-84896819753
4561,4561,2-s2.0-84892927123
4564,4564,2-s2.0-84892241263
4565,4565,2-s2.0-84892236801
4566,4566,2-s2.0-84891680657
4571,4571,2-s2.0-84889995831
4577,4577,2-s2.0-84889963244
4578,4578,2-s2.0-84889960841
4582,4582,2-s2.0-84885411921
4590,4590,2-s2.0-84874771095
4592,4592,2-s2.0-84873575975
4595,4595,2-s2.0-84872111071
4596,4596,2-s2.0-84872105506
4600,4600,2-s2.0-84870347069
4605,4605,2-s2.0-84867386340
4608,4608,2-s2.0-84867372688
4618,4618,2-s2.0-84859265027
4622,4622,2-s2.0-84855161476
4630,4630,2-s2.0-79953707845
4642,4642,2-s2.0-78650759257
4644,4644,2-s2.0-78650759035
4645,4645,2-s2.0-78650758977
4659,4659,2-s2.0-77953035401
4663,4663,2-s2.0-77950500664
4666,4666,2-s2.0-77950486835
4673,4673,2-s2.0-75449099475
4679,4679,2-s2.0-70350542544
4689,4689,2-s2.0-67651252544
4693,4693,2-s2.0-67549118621
4694,4694,2-s2.0-67549083112
4698,4698,2-s2.0-65349115402
4699,4699,2-s2.0-65249162272
4702,4702,2-s2.0-63849163501
4707,4707,2-s2.0-62649161003
4708,4708,2-s2.0-62649156799
4713,4713,2-s2.0-62449299131
4717,4717,2-s2.0-60849136332
4718,4718,2-s2.0-60649086930
4720,4720,2-s2.0-60549103048
4724,4724,2-s2.0-59449096214
4726,4726,2-s2.0-58849108312
4727,4727,2-s2.0-58649089782
4740,4740,2-s2.0-58149179530
4745,4745,2-s2.0-58049193924
4748,4748,2-s2.0-58049134685
4749,4749,2-s2.0-57749140601
4751,4751,2-s2.0-57349185724
4758,4758,2-s2.0-55149091365
4764,4764,2-s2.0-53349089882
4765,4765,2-s2.0-49449099709
4766,4766,2-s2.0-45349094747
4771,4771,2-s2.0-56349101167
4772,4772,2-s2.0-56749101906
4780,4780,2-s2.0-55749094526
4783,4783,2-s2.0-55349099187
4792,4792,2-s2.0-63849213840
4800,4800,2-s2.0-53849125007
4812,4812,2-s2.0-48549086201
4820,4820,2-s2.0-53049083731
4821,4821,2-s2.0-53349164253
4834,4834,2-s2.0-54249158870
4840,4840,2-s2.0-52149107569
4848,4848,2-s2.0-52949106082
4854,4854,2-s2.0-51849149932
4865,4865,2-s2.0-51149095793
4872,4872,2-s2.0-70449720963
4877,4877,2-s2.0-69249110551
4891,4891,2-s2.0-50849140172
4892,4892,2-s2.0-50249160074
4893,4893,2-s2.0-50249156558
4895,4895,2-s2.0-50249127277
4902,4902,2-s2.0-49549124527
4903,4903,2-s2.0-49349110499
4904,4904,2-s2.0-48749130825
4915,4915,2-s2.0-50649119452
4939,4939,2-s2.0-46549083775
4950,4950,2-s2.0-47749138942
4954,4954,2-s2.0-48249149914
4955,4955,2-s2.0-47249164388
4962,4962,2-s2.0-77953795682
4964,4964,2-s2.0-67649207709
4965,4965,2-s2.0-52049125264
4968,4968,2-s2.0-49149103168
4972,4972,2-s2.0-46349101245
4981,4981,2-s2.0-45249091686
4994,4994,2-s2.0-49649104546
4995,4995,2-s2.0-49649084505
4996,4996,2-s2.0-47149084926
4997,4997,2-s2.0-46649107108
5003,5003,2-s2.0-45849086905
5010,5010,2-s2.0-44749092277
5012,5012,2-s2.0-44749084468
5015,5015,2-s2.0-44449142951
5020,5020,2-s2.0-45849132042
5030,5030,2-s2.0-84883062075
5031,5031,2-s2.0-84879955211
5039,5039,2-s2.0-42949178940
5042,5042,2-s2.0-42549093750
5044,5044,2-s2.0-42449086938
5046,5046,2-s2.0-41649109207
5051,5051,2-s2.0-85009240239
5053,5053,2-s2.0-51749089317
5056,5056,2-s2.0-48849099842
5058,5058,2-s2.0-43949124188
5060,5060,2-s2.0-42149120669
5065,5065,2-s2.0-41549083821
5074,5074,2-s2.0-40649116140
5082,5082,2-s2.0-85056857833
5091,5091,2-s2.0-40749152720
5098,5098,2-s2.0-38549097697
5115,5115,2-s2.0-41949133711
5134,5134,2-s2.0-38049134166
5142,5142,2-s2.0-85195723564
5149,5149,2-s2.0-85147063367
5154,5154,2-s2.0-85147052416
5157,5157,2-s2.0-85122133575
5170,5170,2-s2.0-85056030572
5184,5184,2-s2.0-85029115963
5194,5194,2-s2.0-85029107942
5212,5212,2-s2.0-85029090501
5215,5215,2-s2.0-85029087089
5217,5217,2-s2.0-85029084257
5221,5221,2-s2.0-85029082476
5230,5230,2-s2.0-85029075127
5234,5234,2-s2.0-85029070897
5239,5239,2-s2.0-85029067011
5241,5241,2-s2.0-85029066500
5244,5244,2-s2.0-85029062479
5247,5247,2-s2.0-85029059923
5249,5249,2-s2.0-85029056322
5255,5255,2-s2.0-85029050447
5256,5256,2-s2.0-85029050438
5257,5257,2-s2.0-85029049453
5261,5261,2-s2.0-85029044258
5269,5269,2-s2.0-85029034410
5276,5276,2-s2.0-85029029634
5277,5277,2-s2.0-85029029226
5283,5283,2-s2.0-85029022159
5287,5287,2-s2.0-85023873057
5295,5295,2-s2.0-85011457718
5301,5301,2-s2.0-84990321142
5304,5304,2-s2.0-84967566823
5308,5308,2-s2.0-84938808893
5323,5323,2-s2.0-84907051624
5334,5334,2-s2.0-84896648032
5339,5339,2-s2.0-84896286903
5342,5342,2-s2.0-84896075985
5347,5347,2-s2.0-84876183127
5348,5348,2-s2.0-84867467502
5356,5356,2-s2.0-84862979084
5377,5377,2-s2.0-78049448384
5381,5381,2-s2.0-77958555151
5382,5382,2-s2.0-77952428629
5387,5387,2-s2.0-77950345859
5392,5392,2-s2.0-70349651217
5398,5398,2-s2.0-68949161996
5408,5408,2-s2.0-64549160680
5411,5411,2-s2.0-63749093517
5413,5413,2-s2.0-63449092016
5421,5421,2-s2.0-60449106442
5423,5423,2-s2.0-60249099082
5430,5430,2-s2.0-58049219977
5438,5438,2-s2.0-56749174442
5443,5443,2-s2.0-55349126443
5456,5456,2-s2.0-52249122172
5464,5464,2-s2.0-50649122782
5473,5473,2-s2.0-48249083036
5494,5494,2-s2.0-43849099972
5502,5502,2-s2.0-42449090341
5505,5505,2-s2.0-41849114549
5509,5509,2-s2.0-40449099058
5510,5510,2-s2.0-40349116226
5512,5512,2-s2.0-40249110640
5513,5513,2-s2.0-40249106179
5518,5518,2-s2.0-39149086661
5521,5521,2-s2.0-38549090726
5525,5525,2-s2.0-37549011811
5535,5535,2-s2.0-105012808139
5538,5538,2-s2.0-105011782385
5542,5542,2-s2.0-105003360876
5543,5543,2-s2.0-72449152307
5546,5546,2-s2.0-70249107174
5555,5555,2-s2.0-85013845356
5557,5557,2-s2.0-71549132531
5560,5560,2-s2.0-85164582406
5565,5565,2-s2.0-84899195819
5566,5566,2-s2.0-84898262394
5567,5567,2-s2.0-84895331482
5575,5575,2-s2.0-84892807049
5582,5582,2-s2.0-84892245096
5585,5585,2-s2.0-84891676604
5587,5587,2-s2.0-84891467641
5588,5588,2-s2.0-84891380804
5590,5590,2-s2.0-84889998703
5594,5594,2-s2.0-84889980290
5600,5600,2-s2.0-84883046586
5609,5609,2-s2.0-84870278084
5613,5613,2-s2.0-84867366117
5620,5620,2-s2.0-84867278806
5622,5622,2-s2.0-84867274426
5624,5624,2-s2.0-84865283688
5631,5631,2-s2.0-84856890180
5641,5641,2-s2.0-78650591333
5642,5642,2-s2.0-78650532176
5647,5647,2-s2.0-78149337610
5649,5649,2-s2.0-78149313516
5650,5650,2-s2.0-78049413620
5652,5652,2-s2.0-77956224708
5654,5654,2-s2.0-77956208019
5666,5666,2-s2.0-77955130808
5667,5667,2-s2.0-77954683271
5681,5681,2-s2.0-77952739847
5682,5682,2-s2.0-77952721149
5687,5687,2-s2.0-77952099274
5691,5691,2-s2.0-77951496886
5692,5692,2-s2.0-77951492777
5705,5705,2-s2.0-77951454198
5710,5710,2-s2.0-77951435057
5711,5711,2-s2.0-77951433200
5720,5720,2-s2.0-77950886453
5745,5745,2-s2.0-76249121507
5753,5753,2-s2.0-74549117183
5755,5755,2-s2.0-74349107272
5757,5757,2-s2.0-74049091752
5770,5770,2-s2.0-70749116931
5782,5782,2-s2.0-79952873457
5786,5786,2-s2.0-70450170473
5800,5800,2-s2.0-77954094927
5804,5804,2-s2.0-70350516205
5807,5807,2-s2.0-70350489641
5808,5808,2-s2.0-70350425991
5817,5817,2-s2.0-75349089082
5818,5818,2-s2.0-74949123251
5822,5822,2-s2.0-71049141285
5823,5823,2-s2.0-70450211193
5829,5829,2-s2.0-70350724391
5831,5831,2-s2.0-70349215522
5844,5844,2-s2.0-70349832169
5850,5850,2-s2.0-70349633177
5862,5862,2-s2.0-71149089606
5864,5864,2-s2.0-70449403652
5866,5866,2-s2.0-70449339916
5869,5869,2-s2.0-70349209380
5875,5875,2-s2.0-69549112885
5876,5876,2-s2.0-70349443353
5883,5883,2-s2.0-69949155174
5888,5888,2-s2.0-69749128700
5890,5890,2-s2.0-69749110332
5892,5892,2-s2.0-69749086193
5898,5898,2-s2.0-69349096698
5899,5899,2-s2.0-69349095249
5908,5908,2-s2.0-77950171870
5920,5920,2-s2.0-70350736586
5929,5929,2-s2.0-70349275881
5948,5948,2-s2.0-67349133603
5951,5951,2-s2.0-69149087448
5956,5956,2-s2.0-69149086362
5957,5957,2-s2.0-68649111457
5962,5962,2-s2.0-68149141724
5965,5965,2-s2.0-68149122391
5969,5969,2-s2.0-84867320774
5976,5976,2-s2.0-70349513619
5979,5979,2-s2.0-67949124849
5980,5980,2-s2.0-67349267678
5990,5990,2-s2.0-69449093273
5995,5995,2-s2.0-67650556630
5996,5996,2-s2.0-67650538632
6012,6012,2-s2.0-71549141265
6015,6015,2-s2.0-70149103997
6019,6019,2-s2.0-68949189539
6025,6025,2-s2.0-67649230931
6028,6028,2-s2.0-67349189874
6030,6030,2-s2.0-67349135354
6032,6032,2-s2.0-67649295041
6047,6047,2-s2.0-67649273838
6048,6048,2-s2.0-67649273800
6050,6050,2-s2.0-67649271025
6053,6053,2-s2.0-67649261606
6060,6060,2-s2.0-84893660230
6063,6063,2-s2.0-67149088591
6071,6071,2-s2.0-78650168174
6076,6076,2-s2.0-75549089283
6082,6082,2-s2.0-70350460064
6088,6088,2-s2.0-67650647929
6090,6090,2-s2.0-67649697771
6096,6096,2-s2.0-67349283364
6125,6125,2-s2.0-67650594940
6138,6138,2-s2.0-70349515138
6145,6145,2-s2.0-68249144589
6151,6151,2-s2.0-66749143686
6155,6155,2-s2.0-64949146130
6165,6165,2-s2.0-84909300705
6176,6176,2-s2.0-85043469953
6179,6179,2-s2.0-84864977406
6182,6182,2-s2.0-70449578749
6187,6187,2-s2.0-69349090436
6200,6200,2-s2.0-61449094658
6218,6218,2-s2.0-62149106593
6224,6224,2-s2.0-61449130473
6229,6229,2-s2.0-84871675450
6243,6243,2-s2.0-66849129358
6253,6253,2-s2.0-63049092723
6256,6256,2-s2.0-62649113987
6257,6257,2-s2.0-62449326933
6259,6259,2-s2.0-60449111950
6267,6267,2-s2.0-70349823433
6269,6269,2-s2.0-67349084638
6272,6272,2-s2.0-68149134856
6273,6273,2-s2.0-68149133001
6274,6274,2-s2.0-84924053573
6277,6277,2-s2.0-85014449146
6283,6283,2-s2.0-63149146163
6289,6289,2-s2.0-61449247423
6298,6298,2-s2.0-58649108324
6301,6301,2-s2.0-60249099749
6304,6304,2-s2.0-58149263000
6313,6313,2-s2.0-85147069660
6315,6315,2-s2.0-85147066063
6318,6318,2-s2.0-85147061963
6323,6323,2-s2.0-85142829888
6328,6328,2-s2.0-85142790674
6336,6336,2-s2.0-85078849883
6354,6354,2-s2.0-85040469498
6356,6356,2-s2.0-85029126500
6357,6357,2-s2.0-85029123538
6359,6359,2-s2.0-85029120132
6361,6361,2-s2.0-85029118002
6367,6367,2-s2.0-85029111859
6378,6378,2-s2.0-85029093589
6384,6384,2-s2.0-85029087199
6388,6388,2-s2.0-85029085079
6394,6394,2-s2.0-85029078764
6395,6395,2-s2.0-85029077645
6398,6398,2-s2.0-85029075411
6401,6401,2-s2.0-85029071114
6408,6408,2-s2.0-85029065278
6418,6418,2-s2.0-85029047130
6421,6421,2-s2.0-85029041562
6435,6435,2-s2.0-85026264072
6439,6439,2-s2.0-85024520079
6443,6443,2-s2.0-85020003746
6445,6445,2-s2.0-85009583567
6458,6458,2-s2.0-84938786812
6462,6462,2-s2.0-84938777319
6465,6465,2-s2.0-84938764793
6471,6471,2-s2.0-84930854440
6479,6479,2-s2.0-84923592061
6480,6480,2-s2.0-84923441945
6485,6485,2-s2.0-84904315440
6489,6489,2-s2.0-84903589670
6505,6505,2-s2.0-84887398805
6506,6506,2-s2.0-84883525353
6510,6510,2-s2.0-84875973012
6513,6513,2-s2.0-84867450542
6516,6516,2-s2.0-84865367506
6518,6518,2-s2.0-84859990128
6519,6519,2-s2.0-84859968796
6521,6521,2-s2.0-84858962371
6523,6523,2-s2.0-84856988496
6526,6526,2-s2.0-84855966085
6550,6550,2-s2.0-78049469344
6554,6554,2-s2.0-77955977222
6555,6555,2-s2.0-77955933041
6562,6562,2-s2.0-77952686656
6565,6565,2-s2.0-77952648226
6567,6567,2-s2.0-77952571916
6570,6570,2-s2.0-77951432040
6581,6581,2-s2.0-77950196897
6583,6583,2-s2.0-77950151846
6586,6586,2-s2.0-77949481156
6591,6591,2-s2.0-73949129761
6594,6594,2-s2.0-73149108869
6599,6599,2-s2.0-71749114141
6601,6601,2-s2.0-71449122027
6605,6605,2-s2.0-70449375328
6606,6606,2-s2.0-70449336790
6614,6614,2-s2.0-70349662194
6615,6615,2-s2.0-70349646995
6622,6622,2-s2.0-70349083650
6629,6629,2-s2.0-69449092494
6633,6633,2-s2.0-69349089259
6644,6644,2-s2.0-68349133202
6651,6651,2-s2.0-67749132614
6653,6653,2-s2.0-67651161964
6657,6657,2-s2.0-67649668664
6662,6662,2-s2.0-67649249297
6667,6667,2-s2.0-66849093648
6668,6668,2-s2.0-66249143367
6676,6676,2-s2.0-62449329314
6680,6680,2-s2.0-61849089480
6681,6681,2-s2.0-61449242933
6689,6689,2-s2.0-60849139390
6695,6695,2-s2.0-60549085934
6700,6700,2-s2.0-59749095997
6701,6701,2-s2.0-59749094506
6705,6705,2-s2.0-59249092388
6711,6711,2-s2.0-58149520142
6715,6715,2-s2.0-58149163099
6716,6716,2-s2.0-58149139408
6726,6726,2-s2.0-56349092023
6733,6733,2-s2.0-78650525400
6734,6734,2-s2.0-78650483559
6746,6746,2-s2.0-78649845492
6747,6747,2-s2.0-78649832392
6750,6750,2-s2.0-78649808712
6752,6752,2-s2.0-78649802787
6754,6754,2-s2.0-78649652853
6765,6765,2-s2.0-84898236260
6767,6767,2-s2.0-84897178564
6770,6770,2-s2.0-84894841441
6778,6778,2-s2.0-84892298416
6785,6785,2-s2.0-84892227052
6786,6786,2-s2.0-84892224927
6788,6788,2-s2.0-84892102494
6795,6795,2-s2.0-84889967584
6800,6800,2-s2.0-84886385538
6801,6801,2-s2.0-84884465450
6806,6806,2-s2.0-84881364148
6807,6807,2-s2.0-84881345814
6809,6809,2-s2.0-84880561051
6812,6812,2-s2.0-84880544390
6813,6813,2-s2.0-84880542161
6816,6816,2-s2.0-84878604249
6821,6821,2-s2.0-84877838182
6829,6829,2-s2.0-84870687170
6838,6838,2-s2.0-84866637932
6839,6839,2-s2.0-84864988098
6840,6840,2-s2.0-84864547468
6846,6846,2-s2.0-84863141887
6848,6848,2-s2.0-84862110387
6875,6875,2-s2.0-84856142033
6881,6881,2-s2.0-80053907627
6897,6897,2-s2.0-79959882973
6902,6902,2-s2.0-79959461076
6904,6904,2-s2.0-79959432857
6910,6910,2-s2.0-79959255445
6913,6913,2-s2.0-79958715353
6916,6916,2-s2.0-79958698838
6919,6919,2-s2.0-79958177345
6923,6923,2-s2.0-79957530412
6925,6925,2-s2.0-79956145107
6931,6931,2-s2.0-79955144697
6937,6937,2-s2.0-79952709143
6946,6946,2-s2.0-79952134862
6950,6950,2-s2.0-79951968953
6960,6960,2-s2.0-79951914202
6961,6961,2-s2.0-79951914103
6964,6964,2-s2.0-79951895580
6967,6967,2-s2.0-79951869318
6971,6971,2-s2.0-79951841265
6973,6973,2-s2.0-79951815124
6976,6976,2-s2.0-78951479613
6986,6986,2-s2.0-78751528228
6996,6996,2-s2.0-78650959096
7003,7003,2-s2.0-78650653754
7004,7004,2-s2.0-78650566605
7008,7008,2-s2.0-78650392881
7013,7013,2-s2.0-78649655481
7020,7020,2-s2.0-78649435442
7039,7039,2-s2.0-77958110136
7046,7046,2-s2.0-78649380584
7055,7055,2-s2.0-78349254669
7065,7065,2-s2.0-78049414485
7073,7073,2-s2.0-77958599538
7076,7076,2-s2.0-77958595057
7091,7091,2-s2.0-77958536938
7095,7095,2-s2.0-85156539926
7096,7096,2-s2.0-80053338988
7099,7099,2-s2.0-80053317108
7109,7109,2-s2.0-78649234315
7112,7112,2-s2.0-78149250513
7123,7123,2-s2.0-78049388646
7130,7130,2-s2.0-77958072058
7134,7134,2-s2.0-77957721844
7139,7139,2-s2.0-77957719045
7143,7143,2-s2.0-77957717706
7151,7151,2-s2.0-77957713246
7155,7155,2-s2.0-77957710391
7159,7159,2-s2.0-77957706654
7164,7164,2-s2.0-77957700862
7167,7167,2-s2.0-77957698367
7175,7175,2-s2.0-77957690713
7177,7177,2-s2.0-77957747287
7190,7190,2-s2.0-79957884339
7209,7209,2-s2.0-77956799917
7214,7214,2-s2.0-77957059988
7220,7220,2-s2.0-77956864872
7221,7221,2-s2.0-77956567131
7227,7227,2-s2.0-77956515647
7234,7234,2-s2.0-77956360688
7239,7239,2-s2.0-77957021341
7252,7252,2-s2.0-84921831948
7267,7267,2-s2.0-77957140649
7268,7268,2-s2.0-77956791074
7269,7269,2-s2.0-77956779662
7271,7271,2-s2.0-77956395986
7282,7282,2-s2.0-77956003356
7289,7289,2-s2.0-77955861416
7291,7291,2-s2.0-77955811874
7302,7302,2-s2.0-77955453910
7303,7303,2-s2.0-84917051428
7304,7304,2-s2.0-77955283616
7306,7306,2-s2.0-77956319543
7307,7307,2-s2.0-77955133139
7314,7314,2-s2.0-79960230824
7325,7325,2-s2.0-77956317824
7328,7328,2-s2.0-77954738611
7334,7334,2-s2.0-77949658132
7339,7339,2-s2.0-77954946986
7343,7343,2-s2.0-77954935931
7347,7347,2-s2.0-77954909032
7350,7350,2-s2.0-77958098846
7362,7362,2-s2.0-77954773320
7364,7364,2-s2.0-77954454101
7371,7371,2-s2.0-77957906116
7373,7373,2-s2.0-77954231024
7374,7374,2-s2.0-77954207884
7388,7388,2-s2.0-78751613887
7390,7390,2-s2.0-77957036900
7392,7392,2-s2.0-77955587909
7393,7393,2-s2.0-77955572174
7399,7399,2-s2.0-77954094340
7405,7405,2-s2.0-77953533202
7409,7409,2-s2.0-77952927723
7413,7413,2-s2.0-77953899472
7418,7418,2-s2.0-79956185037
7421,7421,2-s2.0-85157723389
7427,7427,2-s2.0-77953184906
7431,7431,2-s2.0-77953031280
7432,7432,2-s2.0-84867561555
7433,7433,2-s2.0-80052991931
7435,7435,2-s2.0-79959871472
7442,7442,2-s2.0-77954021249
7444,7444,2-s2.0-77953623094
7462,7462,2-s2.0-77957888863
7463,7463,2-s2.0-77952230350
7464,7464,2-s2.0-77952197451
7465,7465,2-s2.0-77952194703
7472,7472,2-s2.0-77952021997
7474,7474,2-s2.0-77952155522
7477,7477,2-s2.0-84917182852
7482,7482,2-s2.0-79960506092
7483,7483,2-s2.0-77955800766
7485,7485,2-s2.0-77954431907
7487,7487,2-s2.0-77953932803
7493,7493,2-s2.0-77952094137
7499,7499,2-s2.0-77951779636
7502,7502,2-s2.0-77950301233
7518,7518,2-s2.0-79960254537
7525,7525,2-s2.0-79960297235
7526,7526,2-s2.0-79960280215
7531,7531,2-s2.0-79960245727
7534,7534,2-s2.0-79960236601
7538,7538,2-s2.0-79960214727
7541,7541,2-s2.0-79960201987
7545,7545,2-s2.0-77954489006
7547,7547,2-s2.0-77952423946
7551,7551,2-s2.0-77951088033
7557,7557,2-s2.0-75949092756
7574,7574,2-s2.0-79960306252
7594,7594,2-s2.0-77951076333
7599,7599,2-s2.0-77949568817
7605,7605,2-s2.0-77949291584
7612,7612,2-s2.0-75849140320
7620,7620,2-s2.0-76449103980
7627,7627,2-s2.0-85056729746
7637,7637,2-s2.0-77950929536
7640,7640,2-s2.0-77949415674
7644,7644,2-s2.0-76649130509
7668,7668,2-s2.0-73949124821
7673,7673,2-s2.0-85162048551
7677,7677,2-s2.0-85143090445
7680,7680,2-s2.0-85123157868
7690,7690,2-s2.0-85106022850
7692,7692,2-s2.0-85102302215
7693,7693,2-s2.0-85102002363
7694,7694,2-s2.0-85087310529
7697,7697,2-s2.0-85081511647
7701,7701,2-s2.0-85068144753
7714,7714,2-s2.0-85032887301
7717,7717,2-s2.0-85029942017
7719,7719,2-s2.0-85029130752
7722,7722,2-s2.0-85029125940
7731,7731,2-s2.0-85029119967
7760,7760,2-s2.0-85029096600
7766,7766,2-s2.0-85029092809
7777,7777,2-s2.0-85029083634
7778,7778,2-s2.0-85029082585
7796,7796,2-s2.0-85029073281
7797,7797,2-s2.0-85029072415
7802,7802,2-s2.0-85029066923
7805,7805,2-s2.0-85029065226
7807,7807,2-s2.0-85029064236
7822,7822,2-s2.0-85029055306
7854,7854,2-s2.0-85029028158
7866,7866,2-s2.0-85024520018
7868,7868,2-s2.0-85016764511
7874,7874,2-s2.0-85001555426
7899,7899,2-s2.0-84937035183
7905,7905,2-s2.0-84929394083
7909,7909,2-s2.0-84925402017
7913,7913,2-s2.0-84907073889
7921,7921,2-s2.0-84901040321
7926,7926,2-s2.0-84897578463
7938,7938,2-s2.0-84890814294
7945,7945,2-s2.0-84874614811
7948,7948,2-s2.0-84872971395
7962,7962,2-s2.0-80053047442
7964,7964,2-s2.0-80051494797
7969,7969,2-s2.0-79960833719
7980,7980,2-s2.0-79956080154
7990,7990,2-s2.0-79952795210
7993,7993,2-s2.0-79952290869
7995,7995,2-s2.0-79952098960
7996,7996,2-s2.0-79951569406
8001,8001,2-s2.0-78751552693
8002,8002,2-s2.0-78651513531
8008,8008,2-s2.0-78651262257
8015,8015,2-s2.0-78651248244
8016,8016,2-s2.0-78651247411
8017,8017,2-s2.0-78651238706
8019,8019,2-s2.0-78651234629
8024,8024,2-s2.0-78651228885
8032,8032,2-s2.0-78649761050
8033,8033,2-s2.0-78649604908
8035,8035,2-s2.0-78649595801
8058,8058,2-s2.0-77958100909
8059,8059,2-s2.0-77958037780
8074,8074,2-s2.0-77957266163
8085,8085,2-s2.0-77955477741
8087,8087,2-s2.0-77955356623
8090,8090,2-s2.0-77955120889
8094,8094,2-s2.0-77954782877
8099,8099,2-s2.0-77954486829
8107,8107,2-s2.0-77953569033
8108,8108,2-s2.0-77953480112
8112,8112,2-s2.0-77953180760
8119,8119,2-s2.0-77953059122
8122,8122,2-s2.0-77953045975
8127,8127,2-s2.0-77952852881
8131,8131,2-s2.0-77952771722
8143,8143,2-s2.0-77951982216
8146,8146,2-s2.0-77951782241
8153,8153,2-s2.0-77951278797
8162,8162,2-s2.0-77950872928
8169,8169,2-s2.0-76749122906
8179,8179,2-s2.0-72449178318
8183,8183,2-s2.0-72149100156
8184,8184,2-s2.0-72149086392
8188,8188,2-s2.0-105013733833
8189,8189,2-s2.0-105013696869
8190,8190,2-s2.0-105011438992
8191,8191,2-s2.0-85078208147
8196,8196,2-s2.0-84255184388
8197,8197,2-s2.0-84255172025
8203,8203,2-s2.0-83755173745
8204,8204,2-s2.0-105011579261
8217,8217,2-s2.0-82955173852
8223,8223,2-s2.0-82555168927
8239,8239,2-s2.0-84899219774
8242,8242,2-s2.0-84899180155
8243,8243,2-s2.0-84899176478
8245,8245,2-s2.0-84898397150
8246,8246,2-s2.0-84898321738
8247,8247,2-s2.0-84898146865
8250,8250,2-s2.0-84896438852
8253,8253,2-s2.0-84895375401
8256,8256,2-s2.0-84895290635
8259,8259,2-s2.0-84895251658
8262,8262,2-s2.0-84895202390
8263,8263,2-s2.0-84893000422
8266,8266,2-s2.0-84892940868
8271,8271,2-s2.0-84892287276
8292,8292,2-s2.0-84873653115
8294,8294,2-s2.0-84873633431
8298,8298,2-s2.0-84870821805
8302,8302,2-s2.0-84867477442
8303,8303,2-s2.0-84867469089
8313,8313,2-s2.0-84866076418
8343,8343,2-s2.0-84863246225
8345,8345,2-s2.0-84863067054
8349,8349,2-s2.0-84862293506
8351,8351,2-s2.0-84861038842
8354,8354,2-s2.0-84860479169
8355,8355,2-s2.0-84860464127
8356,8356,2-s2.0-84860463417
8358,8358,2-s2.0-84860454465
8362,8362,2-s2.0-84860353298
8363,8363,2-s2.0-84860261998
8367,8367,2-s2.0-84859738101
8372,8372,2-s2.0-84859337664
8377,8377,2-s2.0-84858975852
8385,8385,2-s2.0-84858779304
8386,8386,2-s2.0-84858778404
8398,8398,2-s2.0-84858766521
8402,8402,2-s2.0-84858761475
8409,8409,2-s2.0-84858606891
8411,8411,2-s2.0-84858427852
8420,8420,2-s2.0-84858259387
8424,8424,2-s2.0-84858241826
8435,8435,2-s2.0-84858163867
8438,8438,2-s2.0-84857593873
8439,8439,2-s2.0-84857569353
8453,8453,2-s2.0-84856750463
8464,8464,2-s2.0-84856133991
8465,8465,2-s2.0-84856132923
8467,8467,2-s2.0-84856016320
8479,8479,2-s2.0-84255163141
8484,8484,2-s2.0-82255166989
8491,8491,2-s2.0-80255138755
8496,8496,2-s2.0-80051697650
8499,8499,2-s2.0-79960863770
8501,8501,2-s2.0-79960232978
8505,8505,2-s2.0-80054060996
8510,8510,2-s2.0-81855167426
8517,8517,2-s2.0-81155152137
8526,8526,2-s2.0-84869460479
8552,8552,2-s2.0-80053557374
8553,8553,2-s2.0-80053549393
8557,8557,2-s2.0-80053315476
8558,8558,2-s2.0-80053307080
8578,8578,2-s2.0-80054030171
8580,8580,2-s2.0-80054027948
8587,8587,2-s2.0-80053359677
8590,8590,2-s2.0-84888401094
8592,8592,2-s2.0-84880816742
8596,8596,2-s2.0-84860525640
8603,8603,2-s2.0-84855548404
8604,8604,2-s2.0-82555190984
8609,8609,2-s2.0-80054008763
8611,8611,2-s2.0-80053957640
8614,8614,2-s2.0-80053521292
8625,8625,2-s2.0-80052641129
8626,8626,2-s2.0-80052312899
8628,8628,2-s2.0-80052204911
8631,8631,2-s2.0-79960963858
8639,8639,2-s2.0-80053234250
8640,8640,2-s2.0-80053011666
8642,8642,2-s2.0-80052983905
8649,8649,2-s2.0-84949569836
8656,8656,2-s2.0-80052719876
8660,8660,2-s2.0-80052513776
8661,8661,2-s2.0-80052494445
8664,8664,2-s2.0-80052387137
8668,8668,2-s2.0-80052378696
8670,8670,2-s2.0-80052376724
8672,8672,2-s2.0-80052369429
8675,8675,2-s2.0-80052343556
8678,8678,2-s2.0-80052339265
8684,8684,2-s2.0-80052279752
8692,8692,2-s2.0-84858245421
8706,8706,2-s2.0-80053076982
8710,8710,2-s2.0-80052811772
8711,8711,2-s2.0-80052601229
8719,8719,2-s2.0-80052396440
8734,8734,2-s2.0-80051938363
8737,8737,2-s2.0-80051473541
8739,8739,2-s2.0-79961244767
8741,8741,2-s2.0-79961126602
8744,8744,2-s2.0-79960986079
8749,8749,2-s2.0-79960520290
8754,8754,2-s2.0-79751531680
8784,8784,2-s2.0-80052943572
8786,8786,2-s2.0-80052210498
8799,8799,2-s2.0-79960568337
8800,8800,2-s2.0-79960203731
8816,8816,2-s2.0-79960472382
8817,8817,2-s2.0-79960435509
8824,8824,2-s2.0-79960296482
8826,8826,2-s2.0-79960290420
8830,8830,2-s2.0-79960270524
8831,8831,2-s2.0-79960245377
8832,8832,2-s2.0-79960244377
8842,8842,2-s2.0-79960084102
8843,8843,2-s2.0-79960078231
8849,8849,2-s2.0-85064430497
8853,8853,2-s2.0-84883462824
8855,8855,2-s2.0-84867469894
8862,8862,2-s2.0-80054857878
8864,8864,2-s2.0-80052849222
8874,8874,2-s2.0-79960415094
8877,8877,2-s2.0-79960070473
8888,8888,2-s2.0-79959336068
8890,8890,2-s2.0-79958856104
8904,8904,2-s2.0-79959438784
8909,8909,2-s2.0-79959301457
8912,8912,2-s2.0-79959216611
8913,8913,2-s2.0-79959212571
8917,8917,2-s2.0-84875410941
8919,8919,2-s2.0-79958282901
8922,8922,2-s2.0-79958700351
8925,8925,2-s2.0-84965180990
8944,8944,2-s2.0-80051966445
8946,8946,2-s2.0-80051958099
8952,8952,2-s2.0-79958811489
8954,8954,2-s2.0-79958774036
8955,8955,2-s2.0-79958269371
8957,8957,2-s2.0-79958020571
8960,8960,2-s2.0-79957938813
8967,8967,2-s2.0-79955899297
8971,8971,2-s2.0-79955520814
8972,8972,2-s2.0-79954950130
8975,8975,2-s2.0-79954701321
8983,8983,2-s2.0-79956010726
8984,8984,2-s2.0-79955993139
8988,8988,2-s2.0-79955884509
9002,9002,2-s2.0-80053462337
9008,9008,2-s2.0-79959451651
9011,9011,2-s2.0-79958180710
9013,9013,2-s2.0-79957959163
9016,9016,2-s2.0-79957447566
9028,9028,2-s2.0-79953695671
9032,9032,2-s2.0-79952280071
9034,9034,2-s2.0-105013066036
9039,9039,2-s2.0-79954559209
9053,9053,2-s2.0-84957549656
9055,9055,2-s2.0-84885726809
9056,9056,2-s2.0-79960592309
9057,9057,2-s2.0-79958258900
9058,9058,2-s2.0-79958201524
9063,9063,2-s2.0-79956157374
9064,9064,2-s2.0-79956098767
9065,9065,2-s2.0-79955472514
9069,9069,2-s2.0-79953859251
9077,9077,2-s2.0-79952900209
9079,9079,2-s2.0-79952899535
9092,9092,2-s2.0-79951947206
9098,9098,2-s2.0-79952523685
9100,9100,2-s2.0-79953193770
9102,9102,2-s2.0-79953193065
9117,9117,2-s2.0-80053075566
9128,9128,2-s2.0-79953139048
9129,9129,2-s2.0-79953065407
9132,9132,2-s2.0-79952767841
9134,9134,2-s2.0-79952683041
9143,9143,2-s2.0-79951960220
9145,9145,2-s2.0-79951953128
9148,9148,2-s2.0-79951818147
9150,9150,2-s2.0-79951803065
9151,9151,2-s2.0-79951787591
9159,9159,2-s2.0-78751610476
9171,9171,2-s2.0-84892016535
9173,9173,2-s2.0-84880825881
9178,9178,2-s2.0-79955643823
9189,9189,2-s2.0-79451469194
9199,9199,2-s2.0-79952755954
9203,9203,2-s2.0-79952640122
9213,9213,2-s2.0-85129393932
9216,9216,2-s2.0-85115655619
9221,9221,2-s2.0-85101929598
9225,9225,2-s2.0-85088584632
9226,9226,2-s2.0-85088184689
9227,9227,2-s2.0-85085720368
9229,9229,2-s2.0-85081766980
9230,9230,2-s2.0-85078929838
9231,9231,2-s2.0-85078923443
9238,9238,2-s2.0-85067926730
9239,9239,2-s2.0-85067923282
9243,9243,2-s2.0-85055929504
9249,9249,2-s2.0-85044405193
9254,9254,2-s2.0-85032940272
9256,9256,2-s2.0-85032910141
9259,9259,2-s2.0-85029131867
9261,9261,2-s2.0-85029129038
9271,9271,2-s2.0-85029121576
9273,9273,2-s2.0-85029119842
9279,9279,2-s2.0-85029116737
9284,9284,2-s2.0-85029113495
9297,9297,2-s2.0-85029101879
9300,9300,2-s2.0-85029100627
9301,9301,2-s2.0-85029099233
9305,9305,2-s2.0-85029095024
9307,9307,2-s2.0-85029094927
9323,9323,2-s2.0-85029087449
9329,9329,2-s2.0-85029083025
9332,9332,2-s2.0-85029080552
9343,9343,2-s2.0-85029071880
9346,9346,2-s2.0-85029070110
9349,9349,2-s2.0-85029066742
9352,9352,2-s2.0-85029064621
9359,9359,2-s2.0-85029056646
9360,9360,2-s2.0-85029056601
9363,9363,2-s2.0-85029054262
9366,9366,2-s2.0-85029052436
9369,9369,2-s2.0-85029051508
9370,9370,2-s2.0-85029050870
9379,9379,2-s2.0-85029040557
9393,9393,2-s2.0-85029031618
9400,9400,2-s2.0-85029028139
9404,9404,2-s2.0-85029026341
9415,9415,2-s2.0-85024774632
9433,9433,2-s2.0-85011340737
9442,9442,2-s2.0-84967584855
9451,9451,2-s2.0-84947199390
9458,9458,2-s2.0-84946721367
9468,9468,2-s2.0-84945896810
9469,9469,2-s2.0-84941345876
9470,9470,2-s2.0-84938570275
9472,9472,2-s2.0-84931455490
9475,9475,2-s2.0-84926389631
9488,9488,2-s2.0-84923442411
9489,9489,2-s2.0-84922661168
9494,9494,2-s2.0-84917719458
9498,9498,2-s2.0-84904750177
9500,9500,2-s2.0-84904721751
9508,9508,2-s2.0-84898252470
9509,9509,2-s2.0-84897079154
9510,9510,2-s2.0-84896302983
9520,9520,2-s2.0-84892049231
9521,9521,2-s2.0-84892043652
9524,9524,2-s2.0-84889953760
9526,9526,2-s2.0-84885648794
9528,9528,2-s2.0-84884920678
9530,9530,2-s2.0-84879831195
9536,9536,2-s2.0-84874062649
9541,9541,2-s2.0-84870789580
9559,9559,2-s2.0-84857875231
9562,9562,2-s2.0-84857866752
9569,9569,2-s2.0-84856532899
9570,9570,2-s2.0-84856532450
9575,9575,2-s2.0-84856161074
9588,9588,2-s2.0-84055213513
9591,9591,2-s2.0-81855166021
9592,9592,2-s2.0-81555195483
9593,9593,2-s2.0-81355164440
9594,9594,2-s2.0-81255142501
9596,9596,2-s2.0-80855141527
9598,9598,2-s2.0-80054917364
9617,9617,2-s2.0-80052347642
9619,9619,2-s2.0-80052187328
9629,9629,2-s2.0-80051513053
9637,9637,2-s2.0-79960173800
9639,9639,2-s2.0-79958124463
9641,9641,2-s2.0-79957470343
9645,9645,2-s2.0-79955700488
9646,9646,2-s2.0-79955687670
9648,9648,2-s2.0-79955413132
9651,9651,2-s2.0-79953715193
9660,9660,2-s2.0-79952817075
9672,9672,2-s2.0-79551580308
9680,9680,2-s2.0-78751618985
9682,9682,2-s2.0-78651476377
9688,9688,2-s2.0-78650884376
9691,9691,2-s2.0-78650663274
9705,9705,2-s2.0-78149362532
9709,9709,2-s2.0-77957723717
9710,9710,2-s2.0-105013326058
9714,9714,2-s2.0-105011218978
9718,9718,2-s2.0-84871604873
9720,9720,2-s2.0-84871591182
9721,9721,2-s2.0-84871578658
9723,9723,2-s2.0-85078212676
9724,9724,2-s2.0-84871506208
9732,9732,2-s2.0-84871239432
9733,9733,2-s2.0-84891583630
9737,9737,2-s2.0-84870975492
9741,9741,2-s2.0-84870892382
9743,9743,2-s2.0-84870819087
9745,9745,2-s2.0-84870751075
9757,9757,2-s2.0-84899218947
9769,9769,2-s2.0-84895246258
9772,9772,2-s2.0-84893199181
9776,9776,2-s2.0-84892399905
9792,9792,2-s2.0-84883696426
9794,9794,2-s2.0-84883536878
9796,9796,2-s2.0-84883504753
9797,9797,2-s2.0-84883495752
9802,9802,2-s2.0-84880268219
9810,9810,2-s2.0-84878727921
9820,9820,2-s2.0-84876887593
9822,9822,2-s2.0-84876576854
9827,9827,2-s2.0-84875988194
9845,9845,2-s2.0-84874685898
9847,9847,2-s2.0-84874671097
9850,9850,2-s2.0-84874545394
9872,9872,2-s2.0-84873202664
9873,9873,2-s2.0-84873196300
9874,9874,2-s2.0-84873185128
9877,9877,2-s2.0-84873161000
9888,9888,2-s2.0-84872870914
9896,9896,2-s2.0-84872461546
9915,9915,2-s2.0-84871793487
9925,9925,2-s2.0-84870787609
9931,9931,2-s2.0-84869164442
9932,9932,2-s2.0-84869135406
9933,9933,2-s2.0-84869130343
9947,9947,2-s2.0-84866148936
9955,9955,2-s2.0-84869485390
9974,9974,2-s2.0-105003522314
9977,9977,2-s2.0-84868617614
9983,9983,2-s2.0-84868035097
9987,9987,2-s2.0-84931317323
9994,9994,2-s2.0-84874429746
9996,9996,2-s2.0-84871291921
10001,10001,2-s2.0-84869786534
10007,10007,2-s2.0-84867955668
10011,10011,2-s2.0-84867710872
10013,10013,2-s2.0-84867590868
10016,10016,2-s2.0-84867533677
10027,10027,2-s2.0-84867787250
10029,10029,2-s2.0-84867750721
10030,10030,2-s2.0-84867705687
10031,10031,2-s2.0-84867688987
10037,10037,2-s2.0-84867320021
10043,10043,2-s2.0-84867028106
10044,10044,2-s2.0-84867025679
10046,10046,2-s2.0-84867017190
10052,10052,2-s2.0-84866878801
10057,10057,2-s2.0-84873575692
10058,10058,2-s2.0-84872828847
10074,10074,2-s2.0-84866463297
10081,10081,2-s2.0-84866307458
10082,10082,2-s2.0-85066686968
10085,10085,2-s2.0-84923448345
10091,10091,2-s2.0-84865590575
10093,10093,2-s2.0-84865962813
10095,10095,2-s2.0-84865498770
10105,10105,2-s2.0-84870654963
10107,10107,2-s2.0-84868296533
10118,10118,2-s2.0-84866499958
10128,10128,2-s2.0-84865957589
10134,10134,2-s2.0-84865730826
10143,10143,2-s2.0-84865300713
10158,10158,2-s2.0-84863779826
10166,10166,2-s2.0-84865559048
10173,10173,2-s2.0-84865335596
10175,10175,2-s2.0-84865239176
10186,10186,2-s2.0-84864744704
10190,10190,2-s2.0-84930807201
10196,10196,2-s2.0-84930582275
10202,10202,2-s2.0-84926287243
10206,10206,2-s2.0-84922016187
10207,10207,2-s2.0-84912561696
10208,10208,2-s2.0-84905025154
10210,10210,2-s2.0-84902673693
10211,10211,2-s2.0-84902658090
10217,10217,2-s2.0-84892423738
10218,10218,2-s2.0-84888031760
10219,10219,2-s2.0-84885961084
10240,10240,2-s2.0-84865368471
10242,10242,2-s2.0-84864843899
10244,10244,2-s2.0-84864296620
10254,10254,2-s2.0-84864311497
10263,10263,2-s2.0-84864120788
10265,10265,2-s2.0-84864114811
10266,10266,2-s2.0-84864749463
10275,10275,2-s2.0-84863611042
10280,10280,2-s2.0-84862999210
10287,10287,2-s2.0-85061347725
10291,10291,2-s2.0-84890946677
10295,10295,2-s2.0-84870268194
10298,10298,2-s2.0-84868613508
10302,10302,2-s2.0-84864761517
10309,10309,2-s2.0-84864223189
10312,10312,2-s2.0-84863604461
10316,10316,2-s2.0-84863576460
10318,10318,2-s2.0-84863558605
10341,10341,2-s2.0-84861181550
10345,10345,2-s2.0-84860567539
10351,10351,2-s2.0-84862655111
10354,10354,2-s2.0-84862658168
10355,10355,2-s2.0-84862301521
10359,10359,2-s2.0-84861923103
10361,10361,2-s2.0-85096918025
10362,10362,2-s2.0-84983401424
10363,10363,2-s2.0-84874085834
10366,10366,2-s2.0-84866417900
10367,10367,2-s2.0-84866358407
10374,10374,2-s2.0-84863851117
10387,10387,2-s2.0-84862508365
10393,10393,2-s2.0-84861676246
10396,10396,2-s2.0-84861465312
10398,10398,2-s2.0-84861225976
10402,10402,2-s2.0-84860887304
10405,10405,2-s2.0-84860691333
10406,10406,2-s2.0-84860682767
10411,10411,2-s2.0-84858429102
10422,10422,2-s2.0-84893754515
10425,10425,2-s2.0-84862063622
10432,10432,2-s2.0-84860803653
10439,10439,2-s2.0-84860725116
10441,10441,2-s2.0-84860343226
10444,10444,2-s2.0-84901019931
10450,10450,2-s2.0-84863922944
10451,10451,2-s2.0-84863887718
10453,10453,2-s2.0-84861522804
10459,10459,2-s2.0-84860127079
10465,10465,2-s2.0-84859270681
10468,10468,2-s2.0-84859270097
10470,10470,2-s2.0-84859269580
10479,10479,2-s2.0-84859257337
10480,10480,2-s2.0-84859223872
10481,10481,2-s2.0-84858782570
10483,10483,2-s2.0-84857058435
10487,10487,2-s2.0-84855430200
10490,10490,2-s2.0-84983099925
10492,10492,2-s2.0-84883234714
10493,10493,2-s2.0-84859612392
10502,10502,2-s2.0-84859206847
10511,10511,2-s2.0-84863752896
10513,10513,2-s2.0-84862500186
10520,10520,2-s2.0-84859709906
10522,10522,2-s2.0-84859497298
10525,10525,2-s2.0-84859397882
10538,10538,2-s2.0-84858207281
10545,10545,2-s2.0-84858957290
10549,10549,2-s2.0-84858780406
10551,10551,2-s2.0-84922761052
10557,10557,2-s2.0-84859337958
10558,10558,2-s2.0-84858060055
10567,10567,2-s2.0-84861507985
10570,10570,2-s2.0-84859625009
10573,10573,2-s2.0-84859501989
10583,10583,2-s2.0-84858656787
10588,10588,2-s2.0-84858633985
10591,10591,2-s2.0-84858269345
10592,10592,2-s2.0-84858205301
10594,10594,2-s2.0-84858036069
10597,10597,2-s2.0-84857709627
10600,10600,2-s2.0-84857261935
10616,10616,2-s2.0-84857319020
10618,10618,2-s2.0-84857044506
10622,10622,2-s2.0-84949178161
10623,10623,2-s2.0-84934323732
10626,10626,2-s2.0-84930862849
10629,10629,2-s2.0-84930840785
10638,10638,2-s2.0-84864560210
10639,10639,2-s2.0-84863143921
10640,10640,2-s2.0-84861801975
10648,10648,2-s2.0-84858328446
10649,10649,2-s2.0-84858233329
10651,10651,2-s2.0-84857777685
10659,10659,2-s2.0-84856430978
10660,10660,2-s2.0-84856335709
10671,10671,2-s2.0-84855644437
10674,10674,2-s2.0-84855336422
10675,10675,2-s2.0-84855317010
10685,10685,2-s2.0-84856045497
10688,10688,2-s2.0-84864715690
10691,10691,2-s2.0-84855255607
10701,10701,2-s2.0-85140251392
10705,10705,2-s2.0-85123146348
10706,10706,2-s2.0-85123143826
10712,10712,2-s2.0-85122372297
10714,10714,2-s2.0-85122340346
10716,10716,2-s2.0-85115626830
10722,10722,2-s2.0-85088724050
10725,10725,2-s2.0-85079299288
10727,10727,2-s2.0-85078876442
10730,10730,2-s2.0-85076191566
10734,10734,2-s2.0-85071517938
10745,10745,2-s2.0-85070943500
10749,10749,2-s2.0-85070593382
10752,10752,2-s2.0-85067991274
10753,10753,2-s2.0-85067943234
10763,10763,2-s2.0-85042119746
10774,10774,2-s2.0-85030155245
10777,10777,2-s2.0-85029128825
10782,10782,2-s2.0-85029120900
10791,10791,2-s2.0-85029115765
10794,10794,2-s2.0-85029114421
10802,10802,2-s2.0-85029110966
10804,10804,2-s2.0-85029110372
10807,10807,2-s2.0-85029108105
10809,10809,2-s2.0-85029104066
10818,10818,2-s2.0-85029101646
10820,10820,2-s2.0-85029100437
10826,10826,2-s2.0-85029093936
10862,10862,2-s2.0-85029065694
10869,10869,2-s2.0-85029061609
10877,10877,2-s2.0-85029053641
10878,10878,2-s2.0-85029053477
10879,10879,2-s2.0-85029051720
10881,10881,2-s2.0-85029049053
10884,10884,2-s2.0-85029047981
10889,10889,2-s2.0-85029045049
10908,10908,2-s2.0-85029026447
10910,10910,2-s2.0-85029024552
10911,10911,2-s2.0-85029024457
10912,10912,2-s2.0-85029023804
10917,10917,2-s2.0-85027528288
10921,10921,2-s2.0-85026215604
10923,10923,2-s2.0-85024848569
10927,10927,2-s2.0-85021009605
10929,10929,2-s2.0-85016069612
10932,10932,2-s2.0-85014037885
10936,10936,2-s2.0-85008525571
10939,10939,2-s2.0-84996564238
10940,10940,2-s2.0-84996524229
10942,10942,2-s2.0-84990361626
10943,10943,2-s2.0-84988368659
10953,10953,2-s2.0-84958108676
10955,10955,2-s2.0-84957972414
10960,10960,2-s2.0-84948114205
10961,10961,2-s2.0-84948111260
10967,10967,2-s2.0-84947899894
10968,10968,2-s2.0-84947899512
10979,10979,2-s2.0-84939556421
10980,10980,2-s2.0-84939528306
10982,10982,2-s2.0-84939523312
10992,10992,2-s2.0-84939496000
10998,10998,2-s2.0-84931833377
11001,11001,2-s2.0-84929814934
11015,11015,2-s2.0-84920699438
11017,11017,2-s2.0-84920548035
11019,11019,2-s2.0-84919946209
11023,11023,2-s2.0-84912559085
11031,11031,2-s2.0-84906200557
11034,11034,2-s2.0-84905745980
11037,11037,2-s2.0-84902357995
11043,11043,2-s2.0-84897815614
11053,11053,2-s2.0-84896355876
11054,11054,2-s2.0-84896343254
11055,11055,2-s2.0-84896329571
11071,11071,2-s2.0-84887862647
11081,11081,2-s2.0-84878067336
11086,11086,2-s2.0-84877329895
11097,11097,2-s2.0-84874806345
11098,11098,2-s2.0-84874673723
11104,11104,2-s2.0-84872320637
11108,11108,2-s2.0-84872087518
11113,11113,2-s2.0-84871597916
11129,11129,2-s2.0-84870340851
11135,11135,2-s2.0-84869835353
11137,11137,2-s2.0-84869820893
11142,11142,2-s2.0-84869387433
11148,11148,2-s2.0-84867680301
11158,11158,2-s2.0-84866540330
11163,11163,2-s2.0-84866067746
11174,11174,2-s2.0-84865051951
11195,11195,2-s2.0-84863938812
11201,11201,2-s2.0-84863854440
11209,11209,2-s2.0-84863799531
11216,11216,2-s2.0-84863690503
11227,11227,2-s2.0-84863031800
11228,11228,2-s2.0-84862546374
11229,11229,2-s2.0-84862540977
11232,11232,2-s2.0-84862332682
11237,11237,2-s2.0-84861779474
11239,11239,2-s2.0-84861496583
11260,11260,2-s2.0-84859484880
11263,11263,2-s2.0-84859044779
11264,11264,2-s2.0-84858591824
11265,11265,2-s2.0-84858426643
11278,11278,2-s2.0-84856760549
11282,11282,2-s2.0-84856484937
11285,11285,2-s2.0-84856418536
11293,11293,2-s2.0-84855849578
11296,11296,2-s2.0-84855524847
11317,11317,2-s2.0-105012704543
11318,11318,2-s2.0-105012692688
11320,11320,2-s2.0-105012685668
11321,11321,2-s2.0-105012678483
11322,11322,2-s2.0-105012677308
11323,11323,2-s2.0-105012667277
11324,11324,2-s2.0-105012652905
11326,11326,2-s2.0-105012528621
11330,11330,2-s2.0-105012017513
11337,11337,2-s2.0-105011000244
11343,11343,2-s2.0-84944382904
11360,11360,2-s2.0-84889787819
11379,11379,2-s2.0-84906600258
11383,11383,2-s2.0-84900630112
11389,11389,2-s2.0-84897883122
11392,11392,2-s2.0-84896847634
11395,11395,2-s2.0-84896584765
11396,11396,2-s2.0-84895369084
11402,11402,2-s2.0-84894251442
11405,11405,2-s2.0-84894168980
11408,11408,2-s2.0-84894142245
11418,11418,2-s2.0-84893340581
11419,11419,2-s2.0-84893332793
11424,11424,2-s2.0-84893308260
11431,11431,2-s2.0-84893261748
11434,11434,2-s2.0-84893233125
11463,11463,2-s2.0-84892580790
11464,11464,2-s2.0-84892568061
11468,11468,2-s2.0-84892516883
11470,11470,2-s2.0-84892485430
11481,11481,2-s2.0-84891531995
11488,11488,2-s2.0-84890356885
11489,11489,2-s2.0-84890303649
11492,11492,2-s2.0-84889658338
11501,11501,2-s2.0-84888849464
11502,11502,2-s2.0-84888845698
11504,11504,2-s2.0-84888833583
11506,11506,2-s2.0-84888434906
11510,11510,2-s2.0-84888065405
11512,11512,2-s2.0-84888060142
11524,11524,2-s2.0-84887320386
11525,11525,2-s2.0-84887305832
11541,11541,2-s2.0-84887861212
11547,11547,2-s2.0-84887197779
11554,11554,2-s2.0-84933036945
11559,11559,2-s2.0-84930702707
11563,11563,2-s2.0-84929662119
11569,11569,2-s2.0-84890214771
11587,11587,2-s2.0-84886916188
11589,11589,2-s2.0-84886615003
11590,11590,2-s2.0-84886614919
11598,11598,2-s2.0-84885592982
11599,11599,2-s2.0-84885459633
11602,11602,2-s2.0-84885045934
11609,11609,2-s2.0-84886566755
11613,11613,2-s2.0-84886505280
11614,11614,2-s2.0-84886492167
11617,11617,2-s2.0-84886481374
11619,11619,2-s2.0-84886442343
11623,11623,2-s2.0-84885984080
11624,11624,2-s2.0-84886940858
11627,11627,2-s2.0-84886903924
11628,11628,2-s2.0-84886881044
11637,11637,2-s2.0-84885622144
11644,11644,2-s2.0-84885205575
11646,11646,2-s2.0-84885083081
11647,11647,2-s2.0-84885066804
11648,11648,2-s2.0-84885049490
11652,11652,2-s2.0-84884889950
11662,11662,2-s2.0-84892536745
11676,11676,2-s2.0-84884874836
11688,11688,2-s2.0-84884586257
11701,11701,2-s2.0-84881527023
11704,11704,2-s2.0-84880931713
11709,11709,2-s2.0-84880344119
11710,11710,2-s2.0-84879524485
11719,11719,2-s2.0-84884344586
11722,11722,2-s2.0-84884341471
11747,11747,2-s2.0-84884328911
11753,11753,2-s2.0-84884325026
11757,11757,2-s2.0-84884321665
11758,11758,2-s2.0-84884321381
11761,11761,2-s2.0-84884319121
11766,11766,2-s2.0-84884316090
11768,11768,2-s2.0-84884315306
11771,11771,2-s2.0-84884313337
11778,11778,2-s2.0-84884311215
11779,11779,2-s2.0-84884311154
11780,11780,2-s2.0-84884311038
11791,11791,2-s2.0-84884301162
11805,11805,2-s2.0-84884293551
11808,11808,2-s2.0-84876490787
11814,11814,2-s2.0-84883730161
11817,11817,2-s2.0-84883549178
11821,11821,2-s2.0-84883502381
11823,11823,2-s2.0-84883486504
11828,11828,2-s2.0-84883297445
11834,11834,2-s2.0-84881317408
11842,11842,2-s2.0-84896801437
11851,11851,2-s2.0-84884580979
11853,11853,2-s2.0-84884169330
11854,11854,2-s2.0-84884159637
11860,11860,2-s2.0-84883227390
11861,11861,2-s2.0-84882718509
11865,11865,2-s2.0-84882260553
11868,11868,2-s2.0-84881627406
11879,11879,2-s2.0-84881023844
11880,11880,2-s2.0-84880817986
11883,11883,2-s2.0-84880795321
11889,11889,2-s2.0-84879651297
11893,11893,2-s2.0-84945162787
11894,11894,2-s2.0-84944891527
11905,11905,2-s2.0-84881637187
11908,11908,2-s2.0-84881520557
11912,11912,2-s2.0-84881395679
11921,11921,2-s2.0-84881098721
11929,11929,2-s2.0-84880977312
11935,11935,2-s2.0-84880910991
11939,11939,2-s2.0-84880880639
11941,11941,2-s2.0-84880872696
11943,11943,2-s2.0-84880865222
11945,11945,2-s2.0-84880856310
11948,11948,2-s2.0-84930454114
11950,11950,2-s2.0-84930447222
11951,11951,2-s2.0-84922250895
11953,11953,2-s2.0-84910001761
11955,11955,2-s2.0-84893710820
11983,11983,2-s2.0-84881357955
11994,11994,2-s2.0-84880065050
12010,12010,2-s2.0-84880534065
12022,12022,2-s2.0-84880051146
12028,12028,2-s2.0-84879968404
12034,12034,2-s2.0-84879937272
12041,12041,2-s2.0-84879667109
12042,12042,2-s2.0-84879665797
12050,12050,2-s2.0-84879532348
12056,12056,2-s2.0-85045022001
12058,12058,2-s2.0-85006389500
12070,12070,2-s2.0-84880812292
12071,12071,2-s2.0-84880022109
12073,12073,2-s2.0-84879600625
12075,12075,2-s2.0-84879391687
12083,12083,2-s2.0-84878604103
12087,12087,2-s2.0-84946749107
12090,12090,2-s2.0-85096746291
12092,12092,2-s2.0-84879042664
12097,12097,2-s2.0-84878790693
12105,12105,2-s2.0-84892879948
12108,12108,2-s2.0-84892848002
12124,12124,2-s2.0-84878639051
12133,12133,2-s2.0-84877915367
12134,12134,2-s2.0-84877633029
12135,12135,2-s2.0-84877621361
12146,12146,2-s2.0-84875781241
12154,12154,2-s2.0-84946781482
12155,12155,2-s2.0-84946780600
12167,12167,2-s2.0-84946713399
12170,12170,2-s2.0-84945368858
12171,12171,2-s2.0-84878982940
12180,12180,2-s2.0-84877156798
12186,12186,2-s2.0-84948977265
12203,12203,2-s2.0-84884382748
12204,12204,2-s2.0-84882623342
12206,12206,2-s2.0-84878733567
12207,12207,2-s2.0-84878594039
12209,12209,2-s2.0-84878210925
12212,12212,2-s2.0-84878054555
12222,12222,2-s2.0-84876831800
12225,12225,2-s2.0-84876168443
12226,12226,2-s2.0-84876166055
12238,12238,2-s2.0-84875189333
12239,12239,2-s2.0-84874792788
12242,12242,2-s2.0-84876580024
12247,12247,2-s2.0-84876482828
12255,12255,2-s2.0-84876310686
12256,12256,2-s2.0-84876309706
12258,12258,2-s2.0-84876132447
12265,12265,2-s2.0-84876072752
12270,12270,2-s2.0-84909090881
12271,12271,2-s2.0-84875475846
12278,12278,2-s2.0-84879089058
12280,12280,2-s2.0-84878601680
12282,12282,2-s2.0-84877941636
12293,12293,2-s2.0-84876022902
12302,12302,2-s2.0-84875495708
12303,12303,2-s2.0-84875443627
12306,12306,2-s2.0-84875410559
12310,12310,2-s2.0-84875267929
12314,12314,2-s2.0-84873525639
12320,12320,2-s2.0-84875256426
12324,12324,2-s2.0-84874960561
12325,12325,2-s2.0-85016886246
12328,12328,2-s2.0-84874881747
12330,12330,2-s2.0-84874844829
12335,12335,2-s2.0-85014477366
12337,12337,2-s2.0-84963545523
12340,12340,2-s2.0-84892888954
12342,12342,2-s2.0-84892841063
12348,12348,2-s2.0-84879021530
12369,12369,2-s2.0-84874928455
12375,12375,2-s2.0-84874631959
12379,12379,2-s2.0-84874601148
12381,12381,2-s2.0-84874414887
12382,12382,2-s2.0-84874315400
12385,12385,2-s2.0-84874244274
12387,12387,2-s2.0-84874132427
12390,12390,2-s2.0-84873729778
12397,12397,2-s2.0-84873550541
12402,12402,2-s2.0-84873523327
12406,12406,2-s2.0-84873142659
12413,12413,2-s2.0-84884317672
12419,12419,2-s2.0-84873928832
12422,12422,2-s2.0-84873625188
12426,12426,2-s2.0-84873847461
12429,12429,2-s2.0-85027953302
12435,12435,2-s2.0-84876709740
12437,12437,2-s2.0-84874831394
12438,12438,2-s2.0-84874451290
12448,12448,2-s2.0-84872837747
12460,12460,2-s2.0-84866174984
12463,12463,2-s2.0-84872928661
12467,12467,2-s2.0-84990171340
12470,12470,2-s2.0-85119306994
12475,12475,2-s2.0-84871775018
12476,12476,2-s2.0-84925785728
12477,12477,2-s2.0-8744288418
12478,12478,2-s2.0-85200899402
12487,12487,2-s2.0-85164865480
12492,12492,2-s2.0-85139669421
12493,12493,2-s2.0-85139649595
12499,12499,2-s2.0-85136716226
12504,12504,2-s2.0-85136637088
12505,12505,2-s2.0-85136630574
12509,12509,2-s2.0-85123141102
12520,12520,2-s2.0-85102002973
12526,12526,2-s2.0-85101983133
12550,12550,2-s2.0-85076142806
12566,12566,2-s2.0-85069179914
12569,12569,2-s2.0-85068064774
12578,12578,2-s2.0-85067980687
12587,12587,2-s2.0-85067949565
12599,12599,2-s2.0-85065131427
12604,12604,2-s2.0-85064363277
12606,12606,2-s2.0-85062076692
12610,12610,2-s2.0-85055927493
12616,12616,2-s2.0-85043447490
12627,12627,2-s2.0-85029659876
12636,12636,2-s2.0-85028687023
12640,12640,2-s2.0-85028662913
12642,12642,2-s2.0-85028642416
12643,12643,2-s2.0-85028633314
12648,12648,2-s2.0-85024084861
12654,12654,2-s2.0-85023985542
12666,12666,2-s2.0-85015545190
12669,12669,2-s2.0-85011363203
12670,12670,2-s2.0-85011362652
12678,12678,2-s2.0-84996659324
12679,12679,2-s2.0-84995460745
12680,12680,2-s2.0-84995442504
12683,12683,2-s2.0-84992546284
12688,12688,2-s2.0-84983301232
12691,12691,2-s2.0-84977134558
12692,12692,2-s2.0-84976457471
12696,12696,2-s2.0-84962872736
12702,12702,2-s2.0-84957432493
12703,12703,2-s2.0-84957080813
12704,12704,2-s2.0-84957033388
12707,12707,2-s2.0-84956610600
12709,12709,2-s2.0-84955730769
12712,12712,2-s2.0-84955394743
12714,12714,2-s2.0-84954147178
12715,12715,2-s2.0-84953218559
12716,12716,2-s2.0-84952245402
12735,12735,2-s2.0-84940313971
12736,12736,2-s2.0-84939890913
12737,12737,2-s2.0-84938873672
12741,12741,2-s2.0-84937770408
12746,12746,2-s2.0-84930882303
12750,12750,2-s2.0-84929749950
12752,12752,2-s2.0-84929032521
12775,12775,2-s2.0-84923518454
12778,12778,2-s2.0-84923506423
12781,12781,2-s2.0-84923448851
12783,12783,2-s2.0-84923415349
12793,12793,2-s2.0-84920911464
12795,12795,2-s2.0-84920759193
12796,12796,2-s2.0-84920749665
12808,12808,2-s2.0-84917236426
12814,12814,2-s2.0-84911002346
12815,12815,2-s2.0-84909390192
12819,12819,2-s2.0-84908966602
12825,12825,2-s2.0-84907749895
12830,12830,2-s2.0-84906667592
12834,12834,2-s2.0-84906047790
12837,12837,2-s2.0-84905371141
12838,12838,2-s2.0-84905233107
12839,12839,2-s2.0-84905192293
12849,12849,2-s2.0-84904658461
12852,12852,2-s2.0-84904635093
12857,12857,2-s2.0-84904607927
12862,12862,2-s2.0-84904001248
12865,12865,2-s2.0-84903679044
12867,12867,2-s2.0-84903665124
12874,12874,2-s2.0-84903466163
12876,12876,2-s2.0-84903287370
12881,12881,2-s2.0-84902682745
12882,12882,2-s2.0-84902682739
12887,12887,2-s2.0-84902669951
12892,12892,2-s2.0-84902665654
12895,12895,2-s2.0-84902319709
12902,12902,2-s2.0-84901488657
12903,12903,2-s2.0-84901482848
12915,12915,2-s2.0-84899874857
12916,12916,2-s2.0-84899855677
12917,12917,2-s2.0-84899576281
12920,12920,2-s2.0-84898815383
12921,12921,2-s2.0-84898802620
12924,12924,2-s2.0-84898655925
12925,12925,2-s2.0-84898652852
12932,12932,2-s2.0-84898612913
12936,12936,2-s2.0-84898017977
12943,12943,2-s2.0-84896984976
12946,12946,2-s2.0-84896931062
12951,12951,2-s2.0-84896539583
12953,12953,2-s2.0-84896469686
12955,12955,2-s2.0-84896467040
12957,12957,2-s2.0-84896450390
12963,12963,2-s2.0-84896132323
12979,12979,2-s2.0-84893682759
12984,12984,2-s2.0-84893655855
12988,12988,2-s2.0-84893514331
13001,13001,2-s2.0-84890770956
13005,13005,2-s2.0-84890707115
13007,13007,2-s2.0-84890691468
13008,13008,2-s2.0-84890687796
13019,13019,2-s2.0-84890370857
13022,13022,2-s2.0-84890160963
13024,13024,2-s2.0-84888368243
13027,13027,2-s2.0-84888247199
13031,13031,2-s2.0-84888120655
13035,13035,2-s2.0-84887557929
13040,13040,2-s2.0-84887400899
13049,13049,2-s2.0-84886292985
13050,13050,2-s2.0-84886277050
13056,13056,2-s2.0-84885635165
13065,13065,2-s2.0-84884859367
13077,13077,2-s2.0-84884393348
13085,13085,2-s2.0-84883818882
13094,13094,2-s2.0-84883594102
13096,13096,2-s2.0-84883572969
13101,13101,2-s2.0-84883386432
13103,13103,2-s2.0-84883175316
13111,13111,2-s2.0-84882623034
13112,13112,2-s2.0-84881642643
13126,13126,2-s2.0-84880992333
13130,13130,2-s2.0-84880779648
13132,13132,2-s2.0-84880747203
13133,13133,2-s2.0-84880692028
13142,13142,2-s2.0-84880412058
13149,13149,2-s2.0-84880034888
13150,13150,2-s2.0-84880006170
13152,13152,2-s2.0-84879961095
13153,13153,2-s2.0-84879747887
13154,13154,2-s2.0-84879729612
13159,13159,2-s2.0-84879366482
13160,13160,2-s2.0-84879319991
13162,13162,2-s2.0-84879253784
13169,13169,2-s2.0-84878709851
13170,13170,2-s2.0-84878684960
13171,13171,2-s2.0-84878640576
13176,13176,2-s2.0-84878449821
13179,13179,2-s2.0-84878417480
13196,13196,2-s2.0-84876259488
13198,13198,2-s2.0-84876243073
13200,13200,2-s2.0-84876206956
13205,13205,2-s2.0-84875941546
13211,13211,2-s2.0-84875373430
13216,13216,2-s2.0-84875240906
13224,13224,2-s2.0-84874576554
13227,13227,2-s2.0-84874168700
13232,13232,2-s2.0-84873875057
13246,13246,2-s2.0-84872727719
13247,13247,2-s2.0-84872707733
13249,13249,2-s2.0-84872654535
13252,13252,2-s2.0-84872112628
13253,13253,2-s2.0-84871932548
13258,13258,2-s2.0-84871378678
13268,13268,2-s2.0-84870473963
13280,13280,2-s2.0-105012690742
13283,13283,2-s2.0-105011419949
13295,13295,2-s2.0-84957960243
13296,13296,2-s2.0-84957958533
13301,13301,2-s2.0-84957942378
13311,13311,2-s2.0-84914158565
13312,13312,2-s2.0-84914155172
13320,13320,2-s2.0-84937128749
13347,13347,2-s2.0-84922118716
13348,13348,2-s2.0-84922088625
13354,13354,2-s2.0-84920612063
13355,13355,2-s2.0-84920607871
13366,13366,2-s2.0-84919928669
13370,13370,2-s2.0-84919917958
13374,13374,2-s2.0-84919915732
13378,13378,2-s2.0-84919764969
13380,13380,2-s2.0-84918820922
13384,13384,2-s2.0-84910670017
13396,13396,2-s2.0-84908122124
13399,13399,2-s2.0-84914127133
13401,13401,2-s2.0-84912533409
13406,13406,2-s2.0-85107252997
13407,13407,2-s2.0-85107249425
13408,13408,2-s2.0-85107247040
13417,13417,2-s2.0-84908468699
13422,13422,2-s2.0-84911457080
13426,13426,2-s2.0-84922433490
13429,13429,2-s2.0-84914682280
13434,13434,2-s2.0-84913619093
13442,13442,2-s2.0-84929461679
13446,13446,2-s2.0-84930893993
13451,13451,2-s2.0-84921937671
13455,13455,2-s2.0-84919913237
13457,13457,2-s2.0-84919909428
13461,13461,2-s2.0-84915759993
13462,13462,2-s2.0-84912127431
13464,13464,2-s2.0-84908511185
13475,13475,2-s2.0-84908124332
13476,13476,2-s2.0-84959897597
13480,13480,2-s2.0-84910659930
13484,13484,2-s2.0-84911917332
13487,13487,2-s2.0-84907892310
13492,13492,2-s2.0-84910020010
13499,13499,2-s2.0-84926129763
13500,13500,2-s2.0-84926113109
13502,13502,2-s2.0-84921484045
13508,13508,2-s2.0-84918795303
13512,13512,2-s2.0-84911448048
13521,13521,2-s2.0-84983318680
13527,13527,2-s2.0-84955664004
13529,13529,2-s2.0-84948139575
13535,13535,2-s2.0-84928875416
13538,13538,2-s2.0-84921812216
13542,13542,2-s2.0-84911004297
13544,13544,2-s2.0-84910132983
13547,13547,2-s2.0-84907592906
13548,13548,2-s2.0-84907568000
13552,13552,2-s2.0-84907189381
13555,13555,2-s2.0-84945423242
13558,13558,2-s2.0-84912042091
13559,13559,2-s2.0-84908101498
13560,13560,2-s2.0-84908644454
13587,13587,2-s2.0-85027936159
13592,13592,2-s2.0-84944219998
13594,13594,2-s2.0-84939432119
13596,13596,2-s2.0-84931829027
13606,13606,2-s2.0-84907273207
13608,13608,2-s2.0-84907198878
13625,13625,2-s2.0-84957428083
13631,13631,2-s2.0-84926309425
13635,13635,2-s2.0-84908431262
13638,13638,2-s2.0-84907915658
13639,13639,2-s2.0-84907915609
13640,13640,2-s2.0-84907915487
13641,13641,2-s2.0-84907915440
13642,13642,2-s2.0-84907915335
13654,13654,2-s2.0-84907428428
13656,13656,2-s2.0-84905274513
13667,13667,2-s2.0-84904908871
13668,13668,2-s2.0-84942236617
13676,13676,2-s2.0-84903150057
13678,13678,2-s2.0-84903772746
13680,13680,2-s2.0-85065455790
13684,13684,2-s2.0-85052538421
13694,13694,2-s2.0-84953335429
13698,13698,2-s2.0-84953206866
13699,13699,2-s2.0-84952328651
13701,13701,2-s2.0-84952308842
13706,13706,2-s2.0-84927657231
13710,13710,2-s2.0-84919457455
13718,13718,2-s2.0-84946008333
13719,13719,2-s2.0-84945984871
13723,13723,2-s2.0-84927529863
13725,13725,2-s2.0-85076054042
13728,13728,2-s2.0-84902199999
13738,13738,2-s2.0-85014902054
13739,13739,2-s2.0-84924257623
13741,13741,2-s2.0-84918769062
13745,13745,2-s2.0-84897767116
13748,13748,2-s2.0-84946104273
13753,13753,2-s2.0-84902793559
13754,13754,2-s2.0-84902105349
13759,13759,2-s2.0-84900542666
13763,13763,2-s2.0-84930014444
13767,13767,2-s2.0-84907581494
13775,13775,2-s2.0-84946001665
13777,13777,2-s2.0-84945984974
13778,13778,2-s2.0-84899928721
13784,13784,2-s2.0-84978234992
13791,13791,2-s2.0-84918541395
13806,13806,2-s2.0-84959483229
13807,13807,2-s2.0-84949580268
13818,13818,2-s2.0-84898765899
13829,13829,2-s2.0-84894497716
13835,13835,2-s2.0-84888313965
13837,13837,2-s2.0-84887902006
13846,13846,2-s2.0-84946693009
13850,13850,2-s2.0-84946686937
13855,13855,2-s2.0-84946693524
13861,13861,2-s2.0-84896809427
13870,13870,2-s2.0-84979851655
13873,13873,2-s2.0-84929536387
13875,13875,2-s2.0-84897906335
13886,13886,2-s2.0-84895108663
13889,13889,2-s2.0-84895084798
13893,13893,2-s2.0-84894325738
13897,13897,2-s2.0-84893760497
13899,13899,2-s2.0-84893313634
13904,13904,2-s2.0-84889689893
13910,13910,2-s2.0-85135982187
13914,13914,2-s2.0-84949106555
13925,13925,2-s2.0-84898883793
13931,13931,2-s2.0-84895901425
13936,13936,2-s2.0-84894321656
13942,13942,2-s2.0-84893525506
13954,13954,2-s2.0-84892441039
13956,13956,2-s2.0-84888197880
13957,13957,2-s2.0-84888197418
13970,13970,2-s2.0-84922933043
13973,13973,2-s2.0-84922876750
13975,13975,2-s2.0-84946688513
13977,13977,2-s2.0-84892610798
13994,13994,2-s2.0-85171632714
13997,13997,2-s2.0-85145862664
13999,13999,2-s2.0-85145292572
14000,14000,2-s2.0-85144991391
14010,14010,2-s2.0-85127721616
14011,14011,2-s2.0-85127719964
14016,14016,2-s2.0-85127678288
14017,14017,2-s2.0-85127675288
14031,14031,2-s2.0-85117623732
14041,14041,2-s2.0-85101159326
14046,14046,2-s2.0-85087259122
14048,14048,2-s2.0-85086558010
14050,14050,2-s2.0-85086537991
14056,14056,2-s2.0-85078835543
14059,14059,2-s2.0-85077708536
14065,14065,2-s2.0-85071519079
14074,14074,2-s2.0-85065556079
14076,14076,2-s2.0-85063853444
14079,14079,2-s2.0-85054908775
14085,14085,2-s2.0-85040826900
14086,14086,2-s2.0-85040808243
14087,14087,2-s2.0-85040598399
14088,14088,2-s2.0-85040555360
14111,14111,2-s2.0-85025661501
14112,14112,2-s2.0-85025454648
14117,14117,2-s2.0-85020325747
14118,14118,2-s2.0-85020325106
14124,14124,2-s2.0-85017727625
14129,14129,2-s2.0-85015975579
14135,14135,2-s2.0-85011588299
14136,14136,2-s2.0-85011422901
14155,14155,2-s2.0-84988269457
14159,14159,2-s2.0-84981724649
14167,14167,2-s2.0-84969217683
14181,14181,2-s2.0-84961890592
14197,14197,2-s2.0-84957095687
14204,14204,2-s2.0-84955751429
14205,14205,2-s2.0-84955749594
14211,14211,2-s2.0-84955363087
14214,14214,2-s2.0-84955241641
14218,14218,2-s2.0-84954617988
14220,14220,2-s2.0-84954349161
14226,14226,2-s2.0-84953885444
14227,14227,2-s2.0-84953878175
14229,14229,2-s2.0-84948966574
14244,14244,2-s2.0-84944182912
14248,14248,2-s2.0-84944069878
14249,14249,2-s2.0-84943747979
14256,14256,2-s2.0-84940479009
14260,14260,2-s2.0-84940266125
14263,14263,2-s2.0-84940203301
14270,14270,2-s2.0-84939230410
14276,14276,2-s2.0-84938151791
14277,14277,2-s2.0-84938151243
14278,14278,2-s2.0-84938150756
14296,14296,2-s2.0-84929774038
14297,14297,2-s2.0-84929671559
14302,14302,2-s2.0-84929159039
14304,14304,2-s2.0-84928568301
14309,14309,2-s2.0-84928111439
14321,14321,2-s2.0-84926472400
14327,14327,2-s2.0-84925371076
14333,14333,2-s2.0-84924404834
14335,14335,2-s2.0-84924234461
14350,14350,2-s2.0-84923865384
14358,14358,2-s2.0-84923606121
14362,14362,2-s2.0-84923534466
14364,14364,2-s2.0-84923531242
14379,14379,2-s2.0-84922287207
14385,14385,2-s2.0-84922111440
14400,14400,2-s2.0-84920696622
14406,14406,2-s2.0-84920110855
14408,14408,2-s2.0-84919785190
14416,14416,2-s2.0-84918834320
14419,14419,2-s2.0-84918572824
14429,14429,2-s2.0-84916239811
14441,14441,2-s2.0-84912535387
14459,14459,2-s2.0-84910059863
14465,14465,2-s2.0-84909441204
14471,14471,2-s2.0-84908347038
14475,14475,2-s2.0-84908079784
14477,14477,2-s2.0-84908079710
14484,14484,2-s2.0-84907985500
14486,14486,2-s2.0-84907960953
14487,14487,2-s2.0-84907922330
14491,14491,2-s2.0-84907856478
14494,14494,2-s2.0-84907740672
14499,14499,2-s2.0-84907403611
14510,14510,2-s2.0-84907278575
14513,14513,2-s2.0-84907219163
14515,14515,2-s2.0-84907021010
14517,14517,2-s2.0-84906973939
14524,14524,2-s2.0-84906748510
14527,14527,2-s2.0-84906689719
14529,14529,2-s2.0-84906674348
14535,14535,2-s2.0-84906567432
14540,14540,2-s2.0-84906556640
14541,14541,2-s2.0-84906549860
14542,14542,2-s2.0-84906536960
14543,14543,2-s2.0-84906534525
14545,14545,2-s2.0-84906505770
14549,14549,2-s2.0-84906337353
14551,14551,2-s2.0-84906330767
14556,14556,2-s2.0-84906302757
14561,14561,2-s2.0-84906097775
14563,14563,2-s2.0-84906060857
14567,14567,2-s2.0-84905905631
14569,14569,2-s2.0-84905860793
14575,14575,2-s2.0-84905826132
14588,14588,2-s2.0-84905445511
14601,14601,2-s2.0-84905196766
14612,14612,2-s2.0-84905190700
14618,14618,2-s2.0-84905188580
14634,14634,2-s2.0-84905181742
14635,14635,2-s2.0-84905181731
14636,14636,2-s2.0-84905181296
14640,14640,2-s2.0-84905179411
14641,14641,2-s2.0-84905179258
14645,14645,2-s2.0-84905176686
14647,14647,2-s2.0-84905176637
14654,14654,2-s2.0-84905175667
14661,14661,2-s2.0-84905169846
14665,14665,2-s2.0-84905168416
14675,14675,2-s2.0-84905165389
14677,14677,2-s2.0-84905165382
14679,14679,2-s2.0-84905165170
14682,14682,2-s2.0-84905159212
14683,14683,2-s2.0-84905159191
14688,14688,2-s2.0-84905109965
14691,14691,2-s2.0-84905051802
14693,14693,2-s2.0-84905041157
14706,14706,2-s2.0-84904730525
14711,14711,2-s2.0-84904661900
14713,14713,2-s2.0-84904652576
14714,14714,2-s2.0-84904650867
14715,14715,2-s2.0-84904647268
14722,14722,2-s2.0-84904600858
14725,14725,2-s2.0-84904576905
14733,14733,2-s2.0-84904490738
14737,14737,2-s2.0-84904479949
14754,14754,2-s2.0-84904195340
14755,14755,2-s2.0-84904194834
14756,14756,2-s2.0-84904194078
14763,14763,2-s2.0-84904161086
14766,14766,2-s2.0-84904021233
14768,14768,2-s2.0-84903996983
14778,14778,2-s2.0-84903851602
14781,14781,2-s2.0-84903760617
14782,14782,2-s2.0-84903740272
14797,14797,2-s2.0-84903465822
14812,14812,2-s2.0-84903148831
14816,14816,2-s2.0-84902986373
14818,14818,2-s2.0-84902855475
14822,14822,2-s2.0-84902778266
14826,14826,2-s2.0-84902689819
14830,14830,2-s2.0-84902675984
14837,14837,2-s2.0-84902592492
14843,14843,2-s2.0-84902479728
14847,14847,2-s2.0-84902456344
14849,14849,2-s2.0-84902361961
14851,14851,2-s2.0-84902347397
14853,14853,2-s2.0-84902341226
14855,14855,2-s2.0-84902340748
14864,14864,2-s2.0-84902291310
14865,14865,2-s2.0-84902270813
14869,14869,2-s2.0-84902262442
14870,14870,2-s2.0-84902242642
14894,14894,2-s2.0-84901807388
14901,14901,2-s2.0-84901642122
14906,14906,2-s2.0-84901626301
14910,14910,2-s2.0-84901619869
14911,14911,2-s2.0-84901616043
14917,14917,2-s2.0-84901594082
14927,14927,2-s2.0-84901410970
14931,14931,2-s2.0-84901379935
14934,14934,2-s2.0-84901344673
14937,14937,2-s2.0-84901305848
14940,14940,2-s2.0-84901060610
14942,14942,2-s2.0-84901041431
14946,14946,2-s2.0-84901007708
14954,14954,2-s2.0-84900588989
14956,14956,2-s2.0-84900550320
14962,14962,2-s2.0-84900434017
14964,14964,2-s2.0-84900023615
14965,14965,2-s2.0-84899994655
14974,14974,2-s2.0-84899852547
14977,14977,2-s2.0-84899805409
14981,14981,2-s2.0-84899739086
14989,14989,2-s2.0-84899671267
15002,15002,2-s2.0-84899423804
15027,15027,2-s2.0-84898542274
15034,15034,2-s2.0-84898044437
15065,15065,2-s2.0-84897527963
15066,15066,2-s2.0-84897508432
15069,15069,2-s2.0-84897457434
15073,15073,2-s2.0-84897426147
15080,15080,2-s2.0-84897081688
15083,15083,2-s2.0-84897058446
15084,15084,2-s2.0-84897055199
15089,15089,2-s2.0-84896994270
15095,15095,2-s2.0-84896667380
15097,15097,2-s2.0-84896649977
15101,15101,2-s2.0-84896597785
15103,15103,2-s2.0-84896526902
15107,15107,2-s2.0-84896484424
15114,15114,2-s2.0-84896300736
15125,15125,2-s2.0-84894907316
15128,15128,2-s2.0-84894620030
15138,15138,2-s2.0-84893958475
15144,15144,2-s2.0-84893635005
15159,15159,2-s2.0-84892841600
15165,15165,2-s2.0-84892518350
15169,15169,2-s2.0-84892485605
15180,15180,2-s2.0-84892144852
15191,15191,2-s2.0-84890832454
15204,15204,2-s2.0-84889650823
15211,15211,2-s2.0-84887819035
15212,15212,2-s2.0-84887339567
15224,15224,2-s2.0-14844294716
15226,15226,2-s2.0-105004612736
15230,15230,2-s2.0-84919651657
15234,15234,2-s2.0-84962406606
15248,15248,2-s2.0-84949009159
15256,15256,2-s2.0-84960437845
15267,15267,2-s2.0-84960405432
15268,15268,2-s2.0-84960395847
15293,15293,2-s2.0-85182129267
15297,15297,2-s2.0-85051699174
15307,15307,2-s2.0-84983356631
15313,15313,2-s2.0-84961139440
15322,15322,2-s2.0-84957596133
15328,15328,2-s2.0-84955183081
15330,15330,2-s2.0-84953406883
15364,15364,2-s2.0-84949092850
15376,15376,2-s2.0-84946830325
15381,15381,2-s2.0-84942854354
15385,15385,2-s2.0-84938782890
15399,15399,2-s2.0-84960854171
15401,15401,2-s2.0-84959367708
15402,15402,2-s2.0-84945400937
15408,15408,2-s2.0-84964789308
15410,15410,2-s2.0-84964780728
15411,15411,2-s2.0-84964774525
15420,15420,2-s2.0-84964714907
15424,15424,2-s2.0-85064923098
15437,15437,2-s2.0-84957872161
15438,15438,2-s2.0-84957867746
15440,15440,2-s2.0-84955207941
15452,15452,2-s2.0-84947228589
15455,15455,2-s2.0-84947023667
15456,15456,2-s2.0-84946842947
15461,15461,2-s2.0-84944900663
15463,15463,2-s2.0-84944897019
15464,15464,2-s2.0-84944875546
15473,15473,2-s2.0-84942890692
15476,15476,2-s2.0-84950267282
15479,15479,2-s2.0-84945579539
15481,15481,2-s2.0-84962719019
15486,15486,2-s2.0-84984565354
15490,15490,2-s2.0-84941875846
15494,15494,2-s2.0-84941997619
15495,15495,2-s2.0-84982802733
15496,15496,2-s2.0-84959316764
15511,15511,2-s2.0-85014777252
15512,15512,2-s2.0-85014760043
15523,15523,2-s2.0-84942366570
15534,15534,2-s2.0-84949439701
15536,15536,2-s2.0-84947035373
15539,15539,2-s2.0-84945477409
15540,15540,2-s2.0-84944886641
15542,15542,2-s2.0-84942572552
15546,15546,2-s2.0-85030527245
15552,15552,2-s2.0-84960464878
15555,15555,2-s2.0-84947588871
15567,15567,2-s2.0-84944038791
15584,15584,2-s2.0-84962482238
15592,15592,2-s2.0-84988952351
15594,15594,2-s2.0-84942193310
15599,15599,2-s2.0-84938893105
15606,15606,2-s2.0-84961755672
15623,15623,2-s2.0-84941124282
15624,15624,2-s2.0-84941037754
15632,15632,2-s2.0-84960206835
15636,15636,2-s2.0-84939467374
15640,15640,2-s2.0-84956597740
15647,15647,2-s2.0-85182132667
15652,15652,2-s2.0-84962778090
15653,15653,2-s2.0-84960119686
15665,15665,2-s2.0-84941413408
15667,15667,2-s2.0-84940397062
15669,15669,2-s2.0-84939777437
15680,15680,2-s2.0-84937027279
15692,15692,2-s2.0-84943311703
15695,15695,2-s2.0-84937978729
15696,15696,2-s2.0-85014904577
15697,15697,2-s2.0-85014888482
15703,15703,2-s2.0-84959459768
15711,15711,2-s2.0-84971367724
15712,15712,2-s2.0-84936880733
15715,15715,2-s2.0-84957075007
15716,15716,2-s2.0-84957054028
15718,15718,2-s2.0-84959299821
15719,15719,2-s2.0-84938923604
15720,15720,2-s2.0-84936998971
15732,15732,2-s2.0-85027943382
15756,15756,2-s2.0-84940874799
15758,15758,2-s2.0-84940841357
15760,15760,2-s2.0-84938965786
15762,15762,2-s2.0-84938575544
15765,15765,2-s2.0-84937232026
15771,15771,2-s2.0-84942086547
15775,15775,2-s2.0-84941286282
15782,15782,2-s2.0-84943302942
15785,15785,2-s2.0-84937911709
15794,15794,2-s2.0-84957102783
15806,15806,2-s2.0-84957940114
15809,15809,2-s2.0-84930790108
15820,15820,2-s2.0-84930374344
15828,15828,2-s2.0-84949756513
15836,15836,2-s2.0-84930766744
15849,15849,2-s2.0-84938976012
15853,15853,2-s2.0-84936845817
15855,15855,2-s2.0-84932645761
15859,15859,2-s2.0-85027931134
15861,15861,2-s2.0-84996608718
15862,15862,2-s2.0-84993929863
15868,15868,2-s2.0-84944541436
15869,15869,2-s2.0-84941599935
15882,15882,2-s2.0-84936130746
15889,15889,2-s2.0-84930088093
15893,15893,2-s2.0-84926486628
15896,15896,2-s2.0-84938247637
15903,15903,2-s2.0-84939503748
15905,15905,2-s2.0-84951922902
15920,15920,2-s2.0-84938955972
15926,15926,2-s2.0-84942784973
15928,15928,2-s2.0-84942784410
15943,15943,2-s2.0-84942741158
15947,15947,2-s2.0-84930390344
15950,15950,2-s2.0-85075374353
15951,15951,2-s2.0-85050401781
15956,15956,2-s2.0-84981738040
15961,15961,2-s2.0-84942345947
15962,15962,2-s2.0-84941919961
15973,15973,2-s2.0-84929340329
15974,15974,2-s2.0-84929300997
15976,15976,2-s2.0-84926520442
15985,15985,2-s2.0-84957404021
15997,15997,2-s2.0-84927794827
15998,15998,2-s2.0-84927784211
16009,16009,2-s2.0-84954025826
16011,16011,2-s2.0-84930321698
16023,16023,2-s2.0-84939996613
16024,16024,2-s2.0-84939953298
16034,16034,2-s2.0-84929674426
16039,16039,2-s2.0-84929001004
16042,16042,2-s2.0-84927721718
16046,16046,2-s2.0-84925463348
16052,16052,2-s2.0-84946073538
16053,16053,2-s2.0-84946069916
16054,16054,2-s2.0-84946066257
16056,16056,2-s2.0-84946029315
16059,16059,2-s2.0-84928471943
16065,16065,2-s2.0-84951006010
16067,16067,2-s2.0-84929310860
16074,16074,2-s2.0-84928377550
16075,16075,2-s2.0-84928104156
16082,16082,2-s2.0-84929660961
16084,16084,2-s2.0-85027928770
16086,16086,2-s2.0-84947424985
16089,16089,2-s2.0-84938744354
16091,16091,2-s2.0-84938551913
16097,16097,2-s2.0-84930908432
16100,16100,2-s2.0-84929468161
16103,16103,2-s2.0-84928948674
16104,16104,2-s2.0-84928366405
16120,16120,2-s2.0-84956628188
16122,16122,2-s2.0-84939987395
16133,16133,2-s2.0-84929692265
16139,16139,2-s2.0-84928249743
16141,16141,2-s2.0-84928239938
16142,16142,2-s2.0-84928239376
16145,16145,2-s2.0-84928235114
16146,16146,2-s2.0-84928229802
16147,16147,2-s2.0-84928226968
16151,16151,2-s2.0-84928103442
16155,16155,2-s2.0-84926355853
16156,16156,2-s2.0-84926286800
16157,16157,2-s2.0-84925000885
16158,16158,2-s2.0-84925000877
16161,16161,2-s2.0-84923641272
16162,16162,2-s2.0-84922976334
16163,16163,2-s2.0-84922592577
16166,16166,2-s2.0-84920921278
16172,16172,2-s2.0-84957388210
16173,16173,2-s2.0-84948448825
16174,16174,2-s2.0-84958685888
16180,16180,2-s2.0-85043446001
16186,16186,2-s2.0-85016305086
16188,16188,2-s2.0-84926217481
16200,16200,2-s2.0-84924804261
16203,16203,2-s2.0-84924865766
16217,16217,2-s2.0-84919844287
16218,16218,2-s2.0-84981191129
16220,16220,2-s2.0-85053704933
16221,16221,2-s2.0-85041332598
16224,16224,2-s2.0-84991823737
16233,16233,2-s2.0-84938997802
16234,16234,2-s2.0-84929957661
16236,16236,2-s2.0-84929946540
16245,16245,2-s2.0-84925609764
16248,16248,2-s2.0-84925396538
16257,16257,2-s2.0-84924371209
16266,16266,2-s2.0-84923125082
16267,16267,2-s2.0-84922987411
16274,16274,2-s2.0-84922360640
16277,16277,2-s2.0-84921038688
16278,16278,2-s2.0-84920267450
16280,16280,2-s2.0-84917690754
16286,16286,2-s2.0-84957060191
16287,16287,2-s2.0-84942474361
16294,16294,2-s2.0-84942415333
16297,16297,2-s2.0-84925483810
16300,16300,2-s2.0-85020363925
16301,16301,2-s2.0-84938153612
16305,16305,2-s2.0-84938152550
16314,16314,2-s2.0-84938151411
16330,16330,2-s2.0-84938117856
16333,16333,2-s2.0-84938099349
16342,16342,2-s2.0-85150297181
16344,16344,2-s2.0-85073998801
16350,16350,2-s2.0-84930854626
16355,16355,2-s2.0-84922618553
16360,16360,2-s2.0-84921628567
16362,16362,2-s2.0-84921278316
16365,16365,2-s2.0-84909957732
16369,16369,2-s2.0-84892584187
16377,16377,2-s2.0-84919683839
16384,16384,2-s2.0-84922569337
16385,16385,2-s2.0-84921795858
16404,16404,2-s2.0-85151218796
16408,16408,2-s2.0-85151210017
16413,16413,2-s2.0-85151175793
16414,16414,2-s2.0-85151175264
16430,16430,2-s2.0-85116848275
16431,16431,2-s2.0-85116568439
16435,16435,2-s2.0-85116536672
16439,16439,2-s2.0-85110775796
16440,16440,2-s2.0-85110742652
16444,16444,2-s2.0-85101997773
16452,16452,2-s2.0-85100104963
16461,16461,2-s2.0-85086540733
16468,16468,2-s2.0-85082416013
16469,16469,2-s2.0-85080908282
16470,16470,2-s2.0-85079451084
16474,16474,2-s2.0-85078818556
16487,16487,2-s2.0-85065233963
16490,16490,2-s2.0-85063817197
16495,16495,2-s2.0-85060185783
16501,16501,2-s2.0-85054269206
16505,16505,2-s2.0-85052644024
16507,16507,2-s2.0-85050077725
16523,16523,2-s2.0-85039899805
16526,16526,2-s2.0-85039457489
16530,16530,2-s2.0-85035001205
16532,16532,2-s2.0-85032980137
16537,16537,2-s2.0-85032117792
16544,16544,2-s2.0-85028133396
16552,16552,2-s2.0-85020124381
16554,16554,2-s2.0-85018906179
16555,16555,2-s2.0-85018902418
16568,16568,2-s2.0-85018318260
16584,16584,2-s2.0-85011629254
16597,16597,2-s2.0-85006377273
16599,16599,2-s2.0-85005944405
16602,16602,2-s2.0-85000400154
16604,16604,2-s2.0-84996546711
16608,16608,2-s2.0-84993783328
16610,16610,2-s2.0-84993660878
16620,16620,2-s2.0-84991577468
16621,16621,2-s2.0-84991250535
16623,16623,2-s2.0-84990936335
16625,16625,2-s2.0-84989160292
16627,16627,2-s2.0-84986631546
16632,16632,2-s2.0-84983361480
16634,16634,2-s2.0-84983146249
16636,16636,2-s2.0-84982994845
16644,16644,2-s2.0-84977542275
16646,16646,2-s2.0-84977142942
16647,16647,2-s2.0-84977142300
16648,16648,2-s2.0-84977139526
16652,16652,2-s2.0-84977074000
16664,16664,2-s2.0-84971280507
16665,16665,2-s2.0-84971231483
16669,16669,2-s2.0-84969802914
16671,16671,2-s2.0-84969508712
16672,16672,2-s2.0-84969220111
16686,16686,2-s2.0-84968854056
16687,16687,2-s2.0-84968833688
16697,16697,2-s2.0-84968747338
16707,16707,2-s2.0-84964330937
16714,16714,2-s2.0-84963543099
16724,16724,2-s2.0-84962689301
16732,16732,2-s2.0-84960353591
16750,16750,2-s2.0-84958692735
16757,16757,2-s2.0-84957664906
16760,16760,2-s2.0-84957589694
16764,16764,2-s2.0-84957556258
16785,16785,2-s2.0-84955379580
16786,16786,2-s2.0-84955167356
16787,16787,2-s2.0-84955162799
16789,16789,2-s2.0-84955150646
16796,16796,2-s2.0-84954551493
16802,16802,2-s2.0-84954193023
16806,16806,2-s2.0-84954026910
16807,16807,2-s2.0-84953881524
16814,16814,2-s2.0-84953636619
16816,16816,2-s2.0-84953324540
16821,16821,2-s2.0-84952720067
16826,16826,2-s2.0-84952325604
16848,16848,2-s2.0-84949114122
16851,16851,2-s2.0-84949034332
16858,16858,2-s2.0-84948774641
16859,16859,2-s2.0-84948773211
16868,16868,2-s2.0-84948181687
16872,16872,2-s2.0-84948165222
16878,16878,2-s2.0-84947914118
16885,16885,2-s2.0-84947555239
16889,16889,2-s2.0-84947294597
16902,16902,2-s2.0-84946900896
16904,16904,2-s2.0-84946725505
16905,16905,2-s2.0-84946714389
16913,16913,2-s2.0-84945549500
16934,16934,2-s2.0-84944710819
16944,16944,2-s2.0-84944596858
16954,16954,2-s2.0-84944519601
16965,16965,2-s2.0-84943804208
16967,16967,2-s2.0-84943799520
16977,16977,2-s2.0-84943537724
16978,16978,2-s2.0-84943530121
16984,16984,2-s2.0-84943387021
16990,16990,2-s2.0-84943255494
16993,16993,2-s2.0-84943190700
16995,16995,2-s2.0-84943186670
16998,16998,2-s2.0-84943168322
16999,16999,2-s2.0-84943164103
17003,17003,2-s2.0-84943157642
17008,17008,2-s2.0-84942930030
17009,17009,2-s2.0-84942927662
17012,17012,2-s2.0-84942915494
17014,17014,2-s2.0-84942887556
17024,17024,2-s2.0-84942437091
17037,17037,2-s2.0-84941997048
17040,17040,2-s2.0-84941996043
17044,17044,2-s2.0-84941995482
17049,17049,2-s2.0-84941995092
17052,17052,2-s2.0-84941994933
17053,17053,2-s2.0-84941994799
17056,17056,2-s2.0-84941994594
17060,17060,2-s2.0-84941993716
17061,17061,2-s2.0-84941993563
17062,17062,2-s2.0-84941993417
17064,17064,2-s2.0-84941993115
17066,17066,2-s2.0-84941993001
17072,17072,2-s2.0-84941279062
17073,17073,2-s2.0-84941095648
17075,17075,2-s2.0-84941043080
17076,17076,2-s2.0-84941005709
17086,17086,2-s2.0-84940643017
17094,17094,2-s2.0-84940093529
17098,17098,2-s2.0-84939163364
17100,17100,2-s2.0-84938940613
17103,17103,2-s2.0-84938819807
17105,17105,2-s2.0-84938795521
17114,17114,2-s2.0-84938082369
17117,17117,2-s2.0-84937511949
17122,17122,2-s2.0-84937117617
17134,17134,2-s2.0-84931839690
17135,17135,2-s2.0-84931828999
17136,17136,2-s2.0-84931749266
17141,17141,2-s2.0-84930854953
17156,17156,2-s2.0-84930352104
17158,17158,2-s2.0-84930346306
17167,17167,2-s2.0-84930077674
17175,17175,2-s2.0-84929873914
17176,17176,2-s2.0-84929850165
17180,17180,2-s2.0-84929332691
17197,17197,2-s2.0-84928663315
17198,17198,2-s2.0-84928631871
17214,17214,2-s2.0-84927699431
17221,17221,2-s2.0-84926442987
17228,17228,2-s2.0-84926311977
17229,17229,2-s2.0-84926183834
17235,17235,2-s2.0-84925397079
17238,17238,2-s2.0-84925360030
17252,17252,2-s2.0-84924404715
17258,17258,2-s2.0-84923832674
17264,17264,2-s2.0-84923171660
17267,17267,2-s2.0-84923039001
17270,17270,2-s2.0-84922974315
17271,17271,2-s2.0-84922967301
17277,17277,2-s2.0-84922567323
17285,17285,2-s2.0-84922284463
17289,17289,2-s2.0-84922124260
17293,17293,2-s2.0-84921932931
17294,17294,2-s2.0-84921929449
17304,17304,2-s2.0-84920982699
17305,17305,2-s2.0-84920982397
17309,17309,2-s2.0-84920289009
17319,17319,2-s2.0-84919426447
17330,17330,2-s2.0-84910593542
17351,17351,2-s2.0-105012508143
17353,17353,2-s2.0-105012501686
17361,17361,2-s2.0-105011895785
17366,17366,2-s2.0-105011891248
17370,17370,2-s2.0-105011890663
17373,17373,2-s2.0-105011889931
17377,17377,2-s2.0-105011885219
17393,17393,2-s2.0-85098504154
17414,17414,2-s2.0-85097512713
17415,17415,2-s2.0-85150401442
17423,17423,2-s2.0-85102972718
17428,17428,2-s2.0-85102971644
17431,17431,2-s2.0-85104202650
17435,17435,2-s2.0-85108554062
17438,17438,2-s2.0-85098501010
17441,17441,2-s2.0-85103504997
17442,17442,2-s2.0-85103478841
17443,17443,2-s2.0-85101734019
17447,17447,2-s2.0-85179704294
17454,17454,2-s2.0-85114052644
17459,17459,2-s2.0-85106849600
17463,17463,2-s2.0-85106832361
17469,17469,2-s2.0-85106793643
17472,17472,2-s2.0-85106767080
17476,17476,2-s2.0-85105506189
17480,17480,2-s2.0-85103887655
17485,17485,2-s2.0-85101447262
17489,17489,2-s2.0-85100898169
17490,17490,2-s2.0-85100259042
17492,17492,2-s2.0-85100021581
17504,17504,2-s2.0-85099083003
17509,17509,2-s2.0-85098508366
17518,17518,2-s2.0-85097925586
17529,17529,2-s2.0-85097294452
17532,17532,2-s2.0-85097264058
17536,17536,2-s2.0-85097071025
17542,17542,2-s2.0-85096574759
17545,17545,2-s2.0-85096394605
17552,17552,2-s2.0-85095571367
17558,17558,2-s2.0-85093923584
17559,17559,2-s2.0-85093917855
17564,17564,2-s2.0-85092531723
17568,17568,2-s2.0-85092028439
17586,17586,2-s2.0-85089740233
17587,17587,2-s2.0-85089528125
17589,17589,2-s2.0-85089448199
17598,17598,2-s2.0-85087777635
17604,17604,2-s2.0-85087054701
17605,17605,2-s2.0-85086118708
17607,17607,2-s2.0-85085659079
17616,17616,2-s2.0-85083636032
17622,17622,2-s2.0-85081742312
17631,17631,2-s2.0-85078238259
17632,17632,2-s2.0-85077902164
17634,17634,2-s2.0-85077355144
17638,17638,2-s2.0-85075808550
17645,17645,2-s2.0-85067398248
17656,17656,2-s2.0-85099477840
17657,17657,2-s2.0-85099463763
17681,17681,2-s2.0-85097207216
17683,17683,2-s2.0-85097276484
17685,17685,2-s2.0-85097297915
17692,17692,2-s2.0-85098861614
17694,17694,2-s2.0-85099639973
17698,17698,2-s2.0-85099301986
17704,17704,2-s2.0-85098625692
17714,17714,2-s2.0-85095575549
17717,17717,2-s2.0-85092360703
17718,17718,2-s2.0-85100300455
17727,17727,2-s2.0-85101933377
17734,17734,2-s2.0-85102142089
17741,17741,2-s2.0-85099737867
17743,17743,2-s2.0-85096603111
17744,17744,2-s2.0-85096594116
17748,17748,2-s2.0-85096552234
17749,17749,2-s2.0-85096526644
17752,17752,2-s2.0-85096535411
17753,17753,2-s2.0-85096210752
17758,17758,2-s2.0-85098125436
17771,17771,2-s2.0-85096400540
17772,17772,2-s2.0-85096317603
17773,17773,2-s2.0-85096305457
17776,17776,2-s2.0-85096228362
17789,17789,2-s2.0-85094665834
17801,17801,2-s2.0-85091006843
17805,17805,2-s2.0-85089974621
17815,17815,2-s2.0-85086365616
17821,17821,2-s2.0-85085350881
17824,17824,2-s2.0-85084468415
17832,17832,2-s2.0-85077461570
17833,17833,2-s2.0-85077240924
17835,17835,2-s2.0-85068121635
17838,17838,2-s2.0-85046658530
17840,17840,2-s2.0-85101292904
17842,17842,2-s2.0-85097648815
17846,17846,2-s2.0-85096473364
17847,17847,2-s2.0-85096470667
17848,17848,2-s2.0-85096408499
17851,17851,2-s2.0-85096438872
17866,17866,2-s2.0-85096414142
17870,17870,2-s2.0-85096412024
17881,17881,2-s2.0-85096408882
17889,17889,2-s2.0-85096895722
17890,17890,2-s2.0-85098105759
17902,17902,2-s2.0-85100544926
17903,17903,2-s2.0-85100543415
17908,17908,2-s2.0-85098593895
17910,17910,2-s2.0-85098587626
17916,17916,2-s2.0-85098568606
17918,17918,2-s2.0-85098565832
17919,17919,2-s2.0-85098563958
17921,17921,2-s2.0-85098559973
17941,17941,2-s2.0-85087178616
17948,17948,2-s2.0-85094177960
17949,17949,2-s2.0-85198537795
17961,17961,2-s2.0-85093855658
17965,17965,2-s2.0-85071013072
17968,17968,2-s2.0-85057235294
17980,17980,2-s2.0-85097990716
17981,17981,2-s2.0-85097331805
17986,17986,2-s2.0-85095778365
17999,17999,2-s2.0-85092719459
18002,18002,2-s2.0-85092572821
18014,18014,2-s2.0-85090581978
18026,18026,2-s2.0-85086118732
18028,18028,2-s2.0-85085956882
18036,18036,2-s2.0-85081213354
18040,18040,2-s2.0-85077529329
18045,18045,2-s2.0-85075361380
18054,18054,2-s2.0-85072017546
18065,18065,2-s2.0-85092890406
18071,18071,2-s2.0-85097248530
18075,18075,2-s2.0-85097243087
18081,18081,2-s2.0-85097215731
18088,18088,2-s2.0-85092799775
18094,18094,2-s2.0-85092794411
18100,18100,2-s2.0-85092788981
18101,18101,2-s2.0-85092786614
18106,18106,2-s2.0-85092777083
18109,18109,2-s2.0-85092772829
18110,18110,2-s2.0-85092760389
18113,18113,2-s2.0-85149670989
18116,18116,2-s2.0-85138019808
18123,18123,2-s2.0-85119094120
18134,18134,2-s2.0-85091418889
18136,18136,2-s2.0-85101028456
18140,18140,2-s2.0-85107224310
18144,18144,2-s2.0-85107204268
18156,18156,2-s2.0-85103329413
18159,18159,2-s2.0-85087522451
18160,18160,2-s2.0-85080138666
18163,18163,2-s2.0-85211756126
18164,18164,2-s2.0-85164207457
18169,18169,2-s2.0-85106597606
18175,18175,2-s2.0-85097317218
18185,18185,2-s2.0-85093863193
18187,18187,2-s2.0-85093117215
18189,18189,2-s2.0-85093098752
18191,18191,2-s2.0-85092800094
18193,18193,2-s2.0-85092637951
18202,18202,2-s2.0-85091791816
18204,18204,2-s2.0-85091657691
18208,18208,2-s2.0-85091464682
18213,18213,2-s2.0-85090951729
18218,18218,2-s2.0-85090763501
18226,18226,2-s2.0-85090417278
18232,18232,2-s2.0-85089944345
18233,18233,2-s2.0-85089776315
18235,18235,2-s2.0-85089663919
18240,18240,2-s2.0-85089008494
18245,18245,2-s2.0-85087895543
18248,18248,2-s2.0-85087551839
18260,18260,2-s2.0-85085387570
18267,18267,2-s2.0-85082800298
18271,18271,2-s2.0-85079469489
18282,18282,2-s2.0-85075438546
18289,18289,2-s2.0-85065961172
18298,18298,2-s2.0-85082328625
18308,18308,2-s2.0-85086081138
18331,18331,2-s2.0-85099904147
18335,18335,2-s2.0-85099060542
18337,18337,2-s2.0-85099051820
18343,18343,2-s2.0-85096184288
18350,18350,2-s2.0-85093113179
18354,18354,2-s2.0-85092614602
18357,18357,2-s2.0-85092052492
18359,18359,2-s2.0-85092033793
18365,18365,2-s2.0-85091531288
18369,18369,2-s2.0-85090476622
18374,18374,2-s2.0-85090137882
18385,18385,2-s2.0-85089563094
18392,18392,2-s2.0-85089262623
18397,18397,2-s2.0-85089071176
18401,18401,2-s2.0-85088293426
18407,18407,2-s2.0-85086585510
18409,18409,2-s2.0-85086151075
18411,18411,2-s2.0-85086036594
18418,18418,2-s2.0-85084765592
18420,18420,2-s2.0-85084377380
18422,18422,2-s2.0-85084037392
18429,18429,2-s2.0-85079703678
18430,18430,2-s2.0-85079183505
18431,18431,2-s2.0-85079145522
18434,18434,2-s2.0-85077643469
18435,18435,2-s2.0-85076987428
18436,18436,2-s2.0-85075908389
18443,18443,2-s2.0-85062658988
18449,18449,2-s2.0-85089578191
18451,18451,2-s2.0-85092301691
18452,18452,2-s2.0-85090722116
18454,18454,2-s2.0-85093683891
18465,18465,2-s2.0-85088979045
18477,18477,2-s2.0-85089087738
18481,18481,2-s2.0-85089077796
18488,18488,2-s2.0-85089850045
18489,18489,2-s2.0-85089846988
18492,18492,2-s2.0-85089836442
18496,18496,2-s2.0-85109354089
18500,18500,2-s2.0-85150728550
18504,18504,2-s2.0-85089081447
18508,18508,2-s2.0-85087921768
18510,18510,2-s2.0-85087920587
18512,18512,2-s2.0-85087913073
18513,18513,2-s2.0-85087909731
18515,18515,2-s2.0-85087900734
18516,18516,2-s2.0-85087899823
18523,18523,2-s2.0-85087880435
18543,18543,2-s2.0-85063283172
18546,18546,2-s2.0-85095715888
18552,18552,2-s2.0-85087834491
18563,18563,2-s2.0-85079170159
18564,18564,2-s2.0-85078622942
18566,18566,2-s2.0-85075459886
18578,18578,2-s2.0-85092092385
18579,18579,2-s2.0-85091827793
18594,18594,2-s2.0-85089706295
18605,18605,2-s2.0-85088592997
18612,18612,2-s2.0-85087833330
18616,18616,2-s2.0-85087745395
18622,18622,2-s2.0-85087139679
18624,18624,2-s2.0-85086934610
18625,18625,2-s2.0-85086564550
18626,18626,2-s2.0-85086448440
18627,18627,2-s2.0-85086125914
18628,18628,2-s2.0-85086096531
18632,18632,2-s2.0-85085138314
18636,18636,2-s2.0-85083790612
18639,18639,2-s2.0-85082725658
18657,18657,2-s2.0-85069850513
18665,18665,2-s2.0-85137114597
18675,18675,2-s2.0-85103500828
18681,18681,2-s2.0-85085239031
18682,18682,2-s2.0-85095798629
18685,18685,2-s2.0-85095797386
18698,18698,2-s2.0-85095789656
18699,18699,2-s2.0-85095789182
18712,18712,2-s2.0-85095784010
18721,18721,2-s2.0-85095780349
18722,18722,2-s2.0-85095780287
18724,18724,2-s2.0-85095779280
18734,18734,2-s2.0-85095771126
18745,18745,2-s2.0-85095761089
18747,18747,2-s2.0-85095760907
18752,18752,2-s2.0-85095758965
18756,18756,2-s2.0-85095756597
18761,18761,2-s2.0-85095751307
18785,18785,2-s2.0-85095738783
18786,18786,2-s2.0-85095738724
18788,18788,2-s2.0-85095738232
18797,18797,2-s2.0-85095733337
18801,18801,2-s2.0-85095731327
18802,18802,2-s2.0-85095731202
18810,18810,2-s2.0-85095727478
18811,18811,2-s2.0-85095727179
18812,18812,2-s2.0-85095726654
18815,18815,2-s2.0-85095725064
18818,18818,2-s2.0-85095724408
18824,18824,2-s2.0-85088319081
18825,18825,2-s2.0-85088313318
18826,18826,2-s2.0-85088308681
18829,18829,2-s2.0-85088292833
18831,18831,2-s2.0-85088285414
18855,18855,2-s2.0-85086462255
18873,18873,2-s2.0-85087491415
18877,18877,2-s2.0-85087481379
18883,18883,2-s2.0-85086627473
18884,18884,2-s2.0-85086712996
18890,18890,2-s2.0-85105515213
18902,18902,2-s2.0-85104267429
18906,18906,2-s2.0-85094095756
18908,18908,2-s2.0-85091960688
18911,18911,2-s2.0-85091627746
18927,18927,2-s2.0-85089020911
18928,18928,2-s2.0-85088992958
18931,18931,2-s2.0-85088188090
18935,18935,2-s2.0-85087788375
18943,18943,2-s2.0-85087097800
18944,18944,2-s2.0-85087092469
18945,18945,2-s2.0-85086936791
18946,18946,2-s2.0-85086833111
18955,18955,2-s2.0-85086014301
18958,18958,2-s2.0-85085889364
18974,18974,2-s2.0-85084855642
18976,18976,2-s2.0-85084846810
18980,18980,2-s2.0-85084816863
19004,19004,2-s2.0-85082823294
19011,19011,2-s2.0-85080902080
19017,19017,2-s2.0-85079231647
19021,19021,2-s2.0-85078181961
19024,19024,2-s2.0-85076796228
19026,19026,2-s2.0-85076035648
19028,19028,2-s2.0-85074540343
19038,19038,2-s2.0-85068868115
19043,19043,2-s2.0-85059894045
19045,19045,2-s2.0-85059595504
19049,19049,2-s2.0-85046464397
19056,19056,2-s2.0-85086472539
19060,19060,2-s2.0-85086466156
19073,19073,2-s2.0-85086446401
19074,19074,2-s2.0-85086443050
19075,19075,2-s2.0-85086442431
19079,19079,2-s2.0-85086439799
19086,19086,2-s2.0-85086436340
19093,19093,2-s2.0-85086431883
19097,19097,2-s2.0-85062473519
19098,19098,2-s2.0-85087555788
19099,19099,2-s2.0-85086158394
19100,19100,2-s2.0-85085683814
19115,19115,2-s2.0-85085524245
19129,19129,2-s2.0-85085498792
19132,19132,2-s2.0-85085495385
19163,19163,2-s2.0-85074028391
19167,19167,2-s2.0-85063546271
19169,19169,2-s2.0-85057523762
19171,19171,2-s2.0-85088099551
19173,19173,2-s2.0-85145850284
19174,19174,2-s2.0-85084762918
19178,19178,2-s2.0-85084754438
19181,19181,2-s2.0-85084744005
19196,19196,2-s2.0-85084541920
19198,19198,2-s2.0-85084524878
19201,19201,2-s2.0-85088560488
19204,19204,2-s2.0-85087126624
19208,19208,2-s2.0-85080874269
19215,19215,2-s2.0-85088309037
19216,19216,2-s2.0-85087047055
19218,19218,2-s2.0-85086466312
19225,19225,2-s2.0-85085353132
19226,19226,2-s2.0-85085343857
19229,19229,2-s2.0-85085014451
19232,19232,2-s2.0-85084681092
19233,19233,2-s2.0-85084625706
19247,19247,2-s2.0-85084206075
19248,19248,2-s2.0-85084198926
19254,19254,2-s2.0-85083544277
19256,19256,2-s2.0-85083367731
19257,19257,2-s2.0-85083360274
19279,19279,2-s2.0-85075332671
19280,19280,2-s2.0-85074430830
19282,19282,2-s2.0-85073937851
19291,19291,2-s2.0-85115239576
19293,19293,2-s2.0-85115214668
19294,19294,2-s2.0-85115208772
19311,19311,2-s2.0-85089421857
19316,19316,2-s2.0-85084646610
19324,19324,2-s2.0-85086181927
19346,19346,2-s2.0-85188569325
19347,19347,2-s2.0-85165066653
19348,19348,2-s2.0-85164998556
19357,19357,2-s2.0-85091177414
19369,19369,2-s2.0-85087918437
19373,19373,2-s2.0-85087905035
19374,19374,2-s2.0-85087904681
19376,19376,2-s2.0-85087901341
19387,19387,2-s2.0-85087882099
19400,19400,2-s2.0-85086894375
19427,19427,2-s2.0-85084242025
19429,19429,2-s2.0-85084196937
19434,19434,2-s2.0-85083553470
19438,19438,2-s2.0-85083508531
19449,19449,2-s2.0-85083281971
19450,19450,2-s2.0-85083279171
19451,19451,2-s2.0-85083250984
19454,19454,2-s2.0-85083174167
19455,19455,2-s2.0-85083168755
19456,19456,2-s2.0-85083159223
19461,19461,2-s2.0-85082934523
19464,19464,2-s2.0-85081663129
19465,19465,2-s2.0-85081619624
19468,19468,2-s2.0-85081242545
19485,19485,2-s2.0-85076615457
19488,19488,2-s2.0-85075260724
19495,19495,2-s2.0-85062792694
19500,19500,2-s2.0-85170674173
19509,19509,2-s2.0-85082989615
19510,19510,2-s2.0-85082986541
19512,19512,2-s2.0-85082985426
19524,19524,2-s2.0-85082984753
19526,19526,2-s2.0-85082972703
19536,19536,2-s2.0-85082994921
19537,19537,2-s2.0-85082994832
19543,19543,2-s2.0-85082992698
19551,19551,2-s2.0-85082985375
19557,19557,2-s2.0-85082709632
19558,19558,2-s2.0-85082678453
19561,19561,2-s2.0-85082657270
19566,19566,2-s2.0-85082618978
19569,19569,2-s2.0-85082597913
19578,19578,2-s2.0-85082571047
19580,19580,2-s2.0-85081904693
19581,19581,2-s2.0-85086947611
19591,19591,2-s2.0-85082196352
19594,19594,2-s2.0-85081384428
19602,19602,2-s2.0-85081405589
19604,19604,2-s2.0-85081386043
19612,19612,2-s2.0-85081348191
19622,19622,2-s2.0-85081300125
19627,19627,2-s2.0-85086626829
19633,19633,2-s2.0-85091114237
19634,19634,2-s2.0-85091109705
19638,19638,2-s2.0-85091092144
19644,19644,2-s2.0-85091063350
19645,19645,2-s2.0-85090674636
19647,19647,2-s2.0-85090245988
19653,19653,2-s2.0-85087476012
19656,19656,2-s2.0-85086132003
19659,19659,2-s2.0-85085982884
19661,19661,2-s2.0-85085659626
19670,19670,2-s2.0-85083788095
19686,19686,2-s2.0-85082432781
19688,19688,2-s2.0-85082326285
19690,19690,2-s2.0-85081691233
19692,19692,2-s2.0-85081245631
19696,19696,2-s2.0-85081006224
19697,19697,2-s2.0-85080998465
19702,19702,2-s2.0-85079521416
19706,19706,2-s2.0-85078792318
19721,19721,2-s2.0-85076826270
19722,19722,2-s2.0-85076745261
19725,19725,2-s2.0-85076607430
19729,19729,2-s2.0-85075275556
19731,19731,2-s2.0-85074852547
19738,19738,2-s2.0-85072988828
19745,19745,2-s2.0-85067875684
19749,19749,2-s2.0-85065016078
19750,19750,2-s2.0-85064911586
19754,19754,2-s2.0-85062330806
19758,19758,2-s2.0-85058951458
19765,19765,2-s2.0-85082884882
19767,19767,2-s2.0-85081630409
19768,19768,2-s2.0-85081624829
19770,19770,2-s2.0-85081615640
19771,19771,2-s2.0-85081599267
19779,19779,2-s2.0-85081553621
19785,19785,2-s2.0-85066907766
19786,19786,2-s2.0-85066853295
19787,19787,2-s2.0-85081215552
19791,19791,2-s2.0-85128372350
19793,19793,2-s2.0-85079217364
19798,19798,2-s2.0-85083183349
19799,19799,2-s2.0-85079841609
19802,19802,2-s2.0-85091692286
19820,19820,2-s2.0-85085925366
19824,19824,2-s2.0-85084009547
19833,19833,2-s2.0-85080932483
19840,19840,2-s2.0-85079606522
19843,19843,2-s2.0-85079529379
19844,19844,2-s2.0-85079495126
19852,19852,2-s2.0-85077980134
19854,19854,2-s2.0-85077477449
19855,19855,2-s2.0-85077164383
19857,19857,2-s2.0-85075935804
19861,19861,2-s2.0-85075401913
19866,19866,2-s2.0-85074772473
19867,19867,2-s2.0-85074199611
19895,19895,2-s2.0-85079066955
19899,19899,2-s2.0-85079138456
19901,19901,2-s2.0-85079100167
19902,19902,2-s2.0-85079095794
19910,19910,2-s2.0-85078969984
19911,19911,2-s2.0-85078965058
19913,19913,2-s2.0-85078258268
19916,19916,2-s2.0-85217922066
19917,19917,2-s2.0-85079085251
19923,19923,2-s2.0-85082321423
19926,19926,2-s2.0-85077909397
19928,19928,2-s2.0-85077090354
19938,19938,2-s2.0-85074051970
19943,19943,2-s2.0-85071320707
19952,19952,2-s2.0-85065439315
19957,19957,2-s2.0-85063567315
19960,19960,2-s2.0-85055043622
19964,19964,2-s2.0-85218155143
19965,19965,2-s2.0-85218087383
19967,19967,2-s2.0-85217413131
19971,19971,2-s2.0-85201628394
19976,19976,2-s2.0-85185351742
19982,19982,2-s2.0-85173831258
19991,19991,2-s2.0-85160308670
19996,19996,2-s2.0-85152747523
19998,19998,2-s2.0-85151041194
20003,20003,2-s2.0-85150569870
20009,20009,2-s2.0-85150384381
20011,20011,2-s2.0-85150104406
20028,20028,2-s2.0-85148810716
20029,20029,2-s2.0-85148801383
20032,20032,2-s2.0-85147941139
20035,20035,2-s2.0-85146023247
20038,20038,2-s2.0-85145635026
20044,20044,2-s2.0-85141630270
20049,20049,2-s2.0-85141583510
20052,20052,2-s2.0-85140561449
20067,20067,2-s2.0-85136035853
20088,20088,2-s2.0-85129448930
20098,20098,2-s2.0-85127587693
20101,20101,2-s2.0-85127558136
20109,20109,2-s2.0-85125178743
20111,20111,2-s2.0-85124747760
20117,20117,2-s2.0-85122958017
20118,20118,2-s2.0-85122931467
20120,20120,2-s2.0-85122333525
20123,20123,2-s2.0-85121548992
20133,20133,2-s2.0-85119240854
20140,20140,2-s2.0-85118347648
20148,20148,2-s2.0-85117038937
20149,20149,2-s2.0-85116528720
20151,20151,2-s2.0-85115715567
20158,20158,2-s2.0-85113186384
20162,20162,2-s2.0-85112797307
20168,20168,2-s2.0-85111309078
20173,20173,2-s2.0-85110605616
20177,20177,2-s2.0-85108830774
20185,20185,2-s2.0-85107236228
20193,20193,2-s2.0-85107207756
20200,20200,2-s2.0-85107194907
20202,20202,2-s2.0-85107188019
20203,20203,2-s2.0-85107186175
20211,20211,2-s2.0-85106636302
20212,20212,2-s2.0-85106564216
20219,20219,2-s2.0-85105815029
20222,20222,2-s2.0-85105800257
20223,20223,2-s2.0-85105795716
20231,20231,2-s2.0-85105069137
20235,20235,2-s2.0-85104393646
20239,20239,2-s2.0-85104012653
20240,20240,2-s2.0-85104009976
20246,20246,2-s2.0-85103819349
20248,20248,2-s2.0-85103536298
20249,20249,2-s2.0-85103515333
20251,20251,2-s2.0-85103339476
20256,20256,2-s2.0-85102956351
20263,20263,2-s2.0-85102924701
20274,20274,2-s2.0-85102857426
20276,20276,2-s2.0-85102852527
20283,20283,2-s2.0-85102678620
20286,20286,2-s2.0-85102479451
20288,20288,2-s2.0-85102380482
20297,20297,2-s2.0-85101942884
20317,20317,2-s2.0-85101222311
20320,20320,2-s2.0-85101091704
20333,20333,2-s2.0-85100917968
20335,20335,2-s2.0-85100917783
20337,20337,2-s2.0-85100916299
20339,20339,2-s2.0-85100910387
20348,20348,2-s2.0-85100697618
20353,20353,2-s2.0-85100392283
20367,20367,2-s2.0-85099557361
20369,20369,2-s2.0-85099520333
20375,20375,2-s2.0-85099423485
20377,20377,2-s2.0-85099355184
20382,20382,2-s2.0-85099283769
20390,20390,2-s2.0-85098952917
20394,20394,2-s2.0-85098853859
20405,20405,2-s2.0-85098558451
20406,20406,2-s2.0-85098557063
20414,20414,2-s2.0-85098496273
20422,20422,2-s2.0-85098150527
20436,20436,2-s2.0-85098055039
20440,20440,2-s2.0-85098003119
20442,20442,2-s2.0-85097996689
20446,20446,2-s2.0-85097943604
20451,20451,2-s2.0-85097867852
20458,20458,2-s2.0-85097809057
20460,20460,2-s2.0-85097784410
20463,20463,2-s2.0-85097672290
20464,20464,2-s2.0-85097650737
20469,20469,2-s2.0-85097567969
20470,20470,2-s2.0-85097565133
20471,20471,2-s2.0-85097563188
20473,20473,2-s2.0-85097450831
20494,20494,2-s2.0-85097154729
20498,20498,2-s2.0-85097039973
20520,20520,2-s2.0-85096753743
20521,20521,2-s2.0-85096749221
20523,20523,2-s2.0-85096714477
20524,20524,2-s2.0-85096702396
20531,20531,2-s2.0-85096612062
20532,20532,2-s2.0-85096611419
20537,20537,2-s2.0-85096583693
20538,20538,2-s2.0-85096580718
20542,20542,2-s2.0-85096555608
20550,20550,2-s2.0-85096542270
20551,20551,2-s2.0-85096537094
20553,20553,2-s2.0-85096530161
20555,20555,2-s2.0-85096526082
20556,20556,2-s2.0-85096519704
20569,20569,2-s2.0-85096199702
20577,20577,2-s2.0-85096132200
20583,20583,2-s2.0-85096096165
20586,20586,2-s2.0-85096032531
20590,20590,2-s2.0-85095978822
20591,20591,2-s2.0-85095970615
20593,20593,2-s2.0-85095886602
20595,20595,2-s2.0-85095785120
20603,20603,2-s2.0-85095461664
20609,20609,2-s2.0-85094979502
20611,20611,2-s2.0-85094927133
20618,20618,2-s2.0-85094149766
20619,20619,2-s2.0-85094149580
20621,20621,2-s2.0-85094131107
20624,20624,2-s2.0-85093941911
20630,20630,2-s2.0-85093095936
20645,20645,2-s2.0-85092529550
20648,20648,2-s2.0-85092487993
20651,20651,2-s2.0-85092469646
20654,20654,2-s2.0-85092440589
20655,20655,2-s2.0-85092434638
20657,20657,2-s2.0-85092399983
20664,20664,2-s2.0-85092227113
20666,20666,2-s2.0-85092196698
20673,20673,2-s2.0-85091986947
20677,20677,2-s2.0-85091892040
20680,20680,2-s2.0-85091843818
20686,20686,2-s2.0-85091724320
20690,20690,2-s2.0-85091668153
20702,20702,2-s2.0-85091455072
20703,20703,2-s2.0-85091448527
20704,20704,2-s2.0-85091448201
20705,20705,2-s2.0-85091443913
20715,20715,2-s2.0-85091297101
20716,20716,2-s2.0-85091237812
20719,20719,2-s2.0-85091133891
20730,20730,2-s2.0-85090794071
20731,20731,2-s2.0-85090773287
20735,20735,2-s2.0-85090750217
20737,20737,2-s2.0-85090743585
20739,20739,2-s2.0-85090719507
20742,20742,2-s2.0-85090710600
20743,20743,2-s2.0-85090698378
20752,20752,2-s2.0-85090577586
20756,20756,2-s2.0-85090374153
20758,20758,2-s2.0-85090372983
20767,20767,2-s2.0-85090169984
20772,20772,2-s2.0-85089898093
20774,20774,2-s2.0-85089774698
20782,20782,2-s2.0-85089638635
20785,20785,2-s2.0-85089616455
20794,20794,2-s2.0-85089563136
20802,20802,2-s2.0-85089462277
20804,20804,2-s2.0-85089326772
20810,20810,2-s2.0-85089310146
20811,20811,2-s2.0-85089307769
20831,20831,2-s2.0-85089032325
20834,20834,2-s2.0-85089027049
20838,20838,2-s2.0-85088954780
20844,20844,2-s2.0-85088880322
20845,20845,2-s2.0-85088871235
20848,20848,2-s2.0-85088775955
20853,20853,2-s2.0-85088716050
20859,20859,2-s2.0-85088595686
20867,20867,2-s2.0-85088516749
20868,20868,2-s2.0-85088515819
20869,20869,2-s2.0-85088483808
20870,20870,2-s2.0-85088476989
20882,20882,2-s2.0-85088443054
20883,20883,2-s2.0-85088441599
20885,20885,2-s2.0-85088437398
20893,20893,2-s2.0-85088387331
20897,20897,2-s2.0-85088296205
20905,20905,2-s2.0-85087874981
20906,20906,2-s2.0-85087843601
20915,20915,2-s2.0-85087776915
20921,20921,2-s2.0-85087622031
20925,20925,2-s2.0-85087519008
20934,20934,2-s2.0-85087318587
20936,20936,2-s2.0-85087289520
20939,20939,2-s2.0-85087143895
20943,20943,2-s2.0-85086971024
20951,20951,2-s2.0-85086839924
20952,20952,2-s2.0-85086838677
20959,20959,2-s2.0-85086671716
20960,20960,2-s2.0-85086669356
20961,20961,2-s2.0-85086669336
20966,20966,2-s2.0-85086583981
20973,20973,2-s2.0-85086333782
20975,20975,2-s2.0-85086323438
20979,20979,2-s2.0-85086261578
20980,20980,2-s2.0-85086253916
20982,20982,2-s2.0-85086251030
20985,20985,2-s2.0-85086177247
20990,20990,2-s2.0-85086131963
20995,20995,2-s2.0-85085927760
21000,21000,2-s2.0-85085738848
21008,21008,2-s2.0-85085624968
21012,21012,2-s2.0-85085471640
21015,21015,2-s2.0-85085337848
21017,21017,2-s2.0-85085312340
21018,21018,2-s2.0-85085307738
21024,21024,2-s2.0-85085085013
21027,21027,2-s2.0-85085044052
21030,21030,2-s2.0-85085012671
21035,21035,2-s2.0-85084984585
21037,21037,2-s2.0-85084932606
21039,21039,2-s2.0-85084789936
21044,21044,2-s2.0-85084672042
21046,21046,2-s2.0-85084601919
21053,21053,2-s2.0-85084452502
21059,21059,2-s2.0-85084298708
21068,21068,2-s2.0-85084150715
21086,21086,2-s2.0-85083708078
21087,21087,2-s2.0-85083704118
21089,21089,2-s2.0-85083648829
21093,21093,2-s2.0-85083504300
21095,21095,2-s2.0-85083380221
21098,21098,2-s2.0-85083247129
21101,21101,2-s2.0-85083094303
21106,21106,2-s2.0-85083057772
21108,21108,2-s2.0-85083044253
21110,21110,2-s2.0-85082996191
21121,21121,2-s2.0-85082846865
21128,21128,2-s2.0-85082686159
21135,21135,2-s2.0-85082401369
21136,21136,2-s2.0-85082400899
21142,21142,2-s2.0-85082397401
21145,21145,2-s2.0-85082392925
21152,21152,2-s2.0-85082385794
21162,21162,2-s2.0-85082136522
21163,21163,2-s2.0-85082111702
21170,21170,2-s2.0-85081914906
21178,21178,2-s2.0-85081611453
21181,21181,2-s2.0-85081385755
21186,21186,2-s2.0-85081235889
21202,21202,2-s2.0-85080138112
21210,21210,2-s2.0-85079752882
21211,21211,2-s2.0-85079684767
21212,21212,2-s2.0-85079612315
21221,21221,2-s2.0-85079478264
21223,21223,2-s2.0-85079445867
21229,21229,2-s2.0-85079244454
21241,21241,2-s2.0-85078820009
21253,21253,2-s2.0-85078349319
21257,21257,2-s2.0-85078216392
21258,21258,2-s2.0-85078212408
21259,21259,2-s2.0-85078153379
21270,21270,2-s2.0-85077928971
21273,21273,2-s2.0-85077823894
21292,21292,2-s2.0-85077445026
21297,21297,2-s2.0-85077229561
21303,21303,2-s2.0-85077159511
21315,21315,2-s2.0-85075563467
21316,21316,2-s2.0-85075496811
21320,21320,2-s2.0-85074792260
21327,21327,2-s2.0-85073989351
21329,21329,2-s2.0-85073546281
21339,21339,2-s2.0-85071491584
21344,21344,2-s2.0-85071284409
21351,21351,2-s2.0-85068918183
21354,21354,2-s2.0-85068103979
21357,21357,2-s2.0-85067109626
21359,21359,2-s2.0-85065833449
21362,21362,2-s2.0-85065725727
21365,21365,2-s2.0-85065703992
21375,21375,2-s2.0-85064569957
21385,21385,2-s2.0-85052990747
21386,21386,2-s2.0-85049697868
21393,21393,2-s2.0-105013387768
21396,21396,2-s2.0-105013385166
21398,21398,2-s2.0-105013382073
21403,21403,2-s2.0-105013368997
21409,21409,2-s2.0-105013353783
21416,21416,2-s2.0-105013344845
21417,21417,2-s2.0-105013342680
21428,21428,2-s2.0-105013321385
21431,21431,2-s2.0-105013319590
21436,21436,2-s2.0-105013311304
21442,21442,2-s2.0-105013297270
21446,21446,2-s2.0-105013286691
21450,21450,2-s2.0-105013278477
21454,21454,2-s2.0-105013273804
21465,21465,2-s2.0-105013251511
21485,21485,2-s2.0-105013217212
21486,21486,2-s2.0-105013215436
21488,21488,2-s2.0-105013202912
21492,21492,2-s2.0-105013193031
21496,21496,2-s2.0-105013183490
21499,21499,2-s2.0-105013169488
21501,21501,2-s2.0-105013165823
21503,21503,2-s2.0-105013162354
21512,21512,2-s2.0-105008157355
21515,21515,2-s2.0-105001652453
21517,21517,2-s2.0-105001381868
21530,21530,2-s2.0-85078137179
21535,21535,2-s2.0-85078077716
21537,21537,2-s2.0-85078496575
21547,21547,2-s2.0-85077713907
21550,21550,2-s2.0-85077685927
21559,21559,2-s2.0-85077813537
21561,21561,2-s2.0-85153760938
21568,21568,2-s2.0-85078290238
21571,21571,2-s2.0-85076698834
21572,21572,2-s2.0-85076156429
21576,21576,2-s2.0-85076422663
21581,21581,2-s2.0-85172132797
21582,21582,2-s2.0-85152565277
21586,21586,2-s2.0-85122679955
21594,21594,2-s2.0-85096605792
21597,21597,2-s2.0-85096589573
21601,21601,2-s2.0-85096574716
21606,21606,2-s2.0-85096542627
21610,21610,2-s2.0-85096518617
21618,21618,2-s2.0-85086777404
21624,21624,2-s2.0-85084409279
21625,21625,2-s2.0-85084146755
21626,21626,2-s2.0-85084070655
21630,21630,2-s2.0-85082386281
21638,21638,2-s2.0-85080891183
21641,21641,2-s2.0-85079686745
21644,21644,2-s2.0-85078616711
21650,21650,2-s2.0-85077510622
21654,21654,2-s2.0-85077345689
21662,21662,2-s2.0-85076878230
21672,21672,2-s2.0-85076438836
21673,21673,2-s2.0-85076397914
21679,21679,2-s2.0-85075779431
21686,21686,2-s2.0-85074737382
21693,21693,2-s2.0-85074213487
21699,21699,2-s2.0-85073536044
21700,21700,2-s2.0-85073249964
21702,21702,2-s2.0-85072892114
21703,21703,2-s2.0-85072553184
21707,21707,2-s2.0-85070722110
21721,21721,2-s2.0-85066118413
21726,21726,2-s2.0-85064840972
21727,21727,2-s2.0-85064836114
21732,21732,2-s2.0-85062421587
21740,21740,2-s2.0-85055721438
21748,21748,2-s2.0-85136895454
21754,21754,2-s2.0-85136839057
21766,21766,2-s2.0-85078019428
21767,21767,2-s2.0-85078018349
21769,21769,2-s2.0-85077989548
21772,21772,2-s2.0-85077813383
21775,21775,2-s2.0-85077821754
21776,21776,2-s2.0-85077817369
21777,21777,2-s2.0-85069653727
21779,21779,2-s2.0-85076233476
21791,21791,2-s2.0-85076117398
21793,21793,2-s2.0-85076116834
21811,21811,2-s2.0-85076092178
21816,21816,2-s2.0-85076088517
21842,21842,2-s2.0-85077688589
21847,21847,2-s2.0-85076642460
21852,21852,2-s2.0-85070502196
21858,21858,2-s2.0-85075399255
21863,21863,2-s2.0-85075390049
21868,21868,2-s2.0-85075381918
21872,21872,2-s2.0-85075372111
21873,21873,2-s2.0-85075371584
21882,21882,2-s2.0-85075350527
21888,21888,2-s2.0-85075333872
21896,21896,2-s2.0-85076771399
21898,21898,2-s2.0-85076730493
21899,21899,2-s2.0-85076730466
21907,21907,2-s2.0-85075387894
21913,21913,2-s2.0-85075348292
21915,21915,2-s2.0-85075336165
21917,21917,2-s2.0-85075330829
21920,21920,2-s2.0-85081368594
21930,21930,2-s2.0-85081189713
21943,21943,2-s2.0-85082985087
21948,21948,2-s2.0-85081618922
21953,21953,2-s2.0-85080880031
21961,21961,2-s2.0-85078901171
21965,21965,2-s2.0-85078659586
21972,21972,2-s2.0-85075531325
21973,21973,2-s2.0-85075506208
21975,21975,2-s2.0-85075493526
21978,21978,2-s2.0-85075477971
21979,21979,2-s2.0-85075369044
21981,21981,2-s2.0-85075251211
21989,21989,2-s2.0-85074478092
21990,21990,2-s2.0-85074370790
21994,21994,2-s2.0-85074293404
21995,21995,2-s2.0-85074127877
21998,21998,2-s2.0-85073805122
22000,22000,2-s2.0-85073530597
22008,22008,2-s2.0-85071304611
22014,22014,2-s2.0-85068876256
22018,22018,2-s2.0-85067897496
22020,22020,2-s2.0-85064213362
22024,22024,2-s2.0-85056352713
22025,22025,2-s2.0-85055997263
22027,22027,2-s2.0-85049693106
22029,22029,2-s2.0-85043718383
22045,22045,2-s2.0-85074910834
22047,22047,2-s2.0-85074902921
22057,22057,2-s2.0-85078483545
22058,22058,2-s2.0-85078457187
22061,22061,2-s2.0-85075261044
22071,22071,2-s2.0-85075254285
22073,22073,2-s2.0-85075251678
22089,22089,2-s2.0-85075238044
22090,22090,2-s2.0-85075234549
22093,22093,2-s2.0-85075232884
22102,22102,2-s2.0-85074926747
22111,22111,2-s2.0-85063335939
22119,22119,2-s2.0-85050964643
22120,22120,2-s2.0-85075440200
22128,22128,2-s2.0-85075441587
22129,22129,2-s2.0-85075435648
22130,22130,2-s2.0-85075432366
22131,22131,2-s2.0-85075421031
22135,22135,2-s2.0-85064223115
22137,22137,2-s2.0-85071645882
22147,22147,2-s2.0-85073249048
22149,22149,2-s2.0-85073240118
22155,22155,2-s2.0-85073229829
22159,22159,2-s2.0-85073215870
22160,22160,2-s2.0-85073212922
22163,22163,2-s2.0-85073194323
22167,22167,2-s2.0-85073190767
22168,22168,2-s2.0-85073189471
22169,22169,2-s2.0-85073188313
22182,22182,2-s2.0-85070215367
22184,22184,2-s2.0-85068498141
22203,22203,2-s2.0-85088294670
22221,22221,2-s2.0-85082456122
22242,22242,2-s2.0-85081114764
22247,22247,2-s2.0-85079535692
22250,22250,2-s2.0-85079271126
22259,22259,2-s2.0-85078096530
22262,22262,2-s2.0-85078048000
22263,22263,2-s2.0-85078035763
22266,22266,2-s2.0-85077090201
22274,22274,2-s2.0-85074606968
22277,22277,2-s2.0-85074279297
22278,22278,2-s2.0-85074194645
22280,22280,2-s2.0-85074038827
22282,22282,2-s2.0-85074009346
22283,22283,2-s2.0-85073966846
22289,22289,2-s2.0-85073618660
22291,22291,2-s2.0-85073238469
22297,22297,2-s2.0-85072708904
22302,22302,2-s2.0-85072084973
22304,22304,2-s2.0-85071563734
22313,22313,2-s2.0-85067239444
22336,22336,2-s2.0-85040772751
22341,22341,2-s2.0-85077829069
22342,22342,2-s2.0-85076746245
22343,22343,2-s2.0-85084225799
22351,22351,2-s2.0-85086753201
22360,22360,2-s2.0-85068188830
22361,22361,2-s2.0-85068035701
22362,22362,2-s2.0-85067289213
22364,22364,2-s2.0-85064217444
22368,22368,2-s2.0-85069540395
22379,22379,2-s2.0-85072658483
22381,22381,2-s2.0-85073195982
22391,22391,2-s2.0-85072580626
22393,22393,2-s2.0-85065157894
22401,22401,2-s2.0-85074375927
22402,22402,2-s2.0-85073829622
22408,22408,2-s2.0-85096589360
22427,22427,2-s2.0-85077771461
22432,22432,2-s2.0-85075735055
22434,22434,2-s2.0-85075020556
22446,22446,2-s2.0-85073574098
22456,22456,2-s2.0-85073267706
22459,22459,2-s2.0-85072574265
22460,22460,2-s2.0-85072321174
22464,22464,2-s2.0-85071749645
22471,22471,2-s2.0-85070894958
22486,22486,2-s2.0-85067200729
22487,22487,2-s2.0-85065835961
22495,22495,2-s2.0-85042287461
22510,22510,2-s2.0-85071562324
22511,22511,2-s2.0-85065080555
22523,22523,2-s2.0-85051628652
22532,22532,2-s2.0-85071848126
22533,22533,2-s2.0-85068517000
22541,22541,2-s2.0-85077830518
22552,22552,2-s2.0-85083660406
22555,22555,2-s2.0-85075637471
22558,22558,2-s2.0-85074476527
22560,22560,2-s2.0-85073711833
22563,22563,2-s2.0-85073331518
22566,22566,2-s2.0-85073284480
22579,22579,2-s2.0-85071875228
22589,22589,2-s2.0-85068962794
22611,22611,2-s2.0-85071284552
22625,22625,2-s2.0-85057978420
22649,22649,2-s2.0-85054492090
22650,22650,2-s2.0-85052088888
22652,22652,2-s2.0-85092049624
22653,22653,2-s2.0-85082006921
22655,22655,2-s2.0-85070939853
22656,22656,2-s2.0-85070656506
22658,22658,2-s2.0-85070305924
22663,22663,2-s2.0-85068095833
22668,22668,2-s2.0-85064817790
22678,22678,2-s2.0-85070891309
22694,22694,2-s2.0-85075885354
22702,22702,2-s2.0-85073288399
22711,22711,2-s2.0-85071719397
22718,22718,2-s2.0-85070991188
22720,22720,2-s2.0-85070612426
22721,22721,2-s2.0-85070596509
22727,22727,2-s2.0-85068861298
22733,22733,2-s2.0-85068259773
22745,22745,2-s2.0-85063680536
22747,22747,2-s2.0-85062821485
22750,22750,2-s2.0-85057231814
22756,22756,2-s2.0-85034964995
22766,22766,2-s2.0-85077672049
22785,22785,2-s2.0-85069953910
22786,22786,2-s2.0-85147179960
22787,22787,2-s2.0-85072232707
22795,22796,2-s2.0-85078812768
22797,22798,2-s2.0-85078809298
22803,22804,2-s2.0-85078806097
22805,22806,2-s2.0-85078805756
22808,22809,2-s2.0-85078803760
22809,22810,2-s2.0-85078801515
22814,22815,2-s2.0-85078797939
22817,22818,2-s2.0-85078797389
22828,22829,2-s2.0-85078791284
22832,22833,2-s2.0-85078790266
22834,22835,2-s2.0-85078788844
22836,22837,2-s2.0-85078786841
22841,22842,2-s2.0-85078785768
22844,22845,2-s2.0-85078784273
22864,22865,2-s2.0-85078773655
22865,22866,2-s2.0-85078773467
22871,22872,2-s2.0-85078769532
22875,22876,2-s2.0-85078768320
22881,22882,2-s2.0-85078759402
22887,22888,2-s2.0-85078756661
22890,22891,2-s2.0-85078752291
22893,22894,2-s2.0-85078747706
22896,22897,2-s2.0-85078745595
22897,22898,2-s2.0-85078745043
22902,22903,2-s2.0-85078739900
22907,22908,2-s2.0-85078737089
22909,22910,2-s2.0-85078736834
22911,22912,2-s2.0-85078736472
22921,22922,2-s2.0-85078728764
22924,22925,2-s2.0-85078727253
22939,22940,2-s2.0-85078721789
22940,22941,2-s2.0-85078721667
22949,22950,2-s2.0-85078072014
22956,22957,2-s2.0-85065720488
22960,22961,2-s2.0-85060632473
22962,22963,2-s2.0-85054298742
22977,22978,2-s2.0-85067812905
22979,22980,2-s2.0-85067783787
22984,22985,2-s2.0-85164188130
22985,22986,2-s2.0-85067192000
23006,23007,2-s2.0-85070971663
23014,23015,2-s2.0-85069725724
23019,23020,2-s2.0-85068476098
23021,23022,2-s2.0-85068399827
23023,23024,2-s2.0-85067398059
23028,23029,2-s2.0-85066950410
23030,23031,2-s2.0-85066504858
23040,23041,2-s2.0-85065429150
23042,23043,2-s2.0-85064672656
23045,23046,2-s2.0-85064614719
23053,23054,2-s2.0-85062793104
23057,23058,2-s2.0-85061201680
23071,23072,2-s2.0-85052932234
23074,23075,2-s2.0-85049583270
23084,23085,2-s2.0-85072160483
23091,23092,2-s2.0-85071926216
23094,23095,2-s2.0-85061195165
23097,23098,2-s2.0-85049931919
23098,23099,2-s2.0-85067070595
23101,23102,2-s2.0-85067006334
23113,23114,2-s2.0-85066916644
23114,23115,2-s2.0-85066909133
23129,23130,2-s2.0-85068909874
23133,23134,2-s2.0-85062533512
23143,23144,2-s2.0-85065960217
23148,23149,2-s2.0-85065187945
23157,23158,2-s2.0-85106770016
23159,23160,2-s2.0-85080115271
23164,23165,2-s2.0-85073807529
23166,23167,2-s2.0-85073783216
23168,23169,2-s2.0-85073694102
23170,23171,2-s2.0-85072845554
23171,23172,2-s2.0-85072837565
23172,23173,2-s2.0-85070676460
23175,23176,2-s2.0-85070287341
23178,23179,2-s2.0-85069893150
23184,23185,2-s2.0-85068087322
23185,23186,2-s2.0-85068000862
23186,23187,2-s2.0-85067875656
23187,23188,2-s2.0-85067566876
23190,23191,2-s2.0-85066958196
23198,23199,2-s2.0-85065799187
23202,23203,2-s2.0-85064255764
23203,23204,2-s2.0-85063762919
23216,23217,2-s2.0-85058941762
23222,23223,2-s2.0-85052519081
23230,23231,2-s2.0-85070579255
23238,23239,2-s2.0-85065325845
23240,23241,2-s2.0-85065318918
23242,23243,2-s2.0-85065313736
23247,23248,2-s2.0-85065309530
23265,23266,2-s2.0-85063776577
23268,23269,2-s2.0-85061732578
23272,23273,2-s2.0-85065613772
23274,23275,2-s2.0-85064894448
23281,23282,2-s2.0-85044115998
23282,23283,2-s2.0-85043465168
23285,23286,2-s2.0-85096990514
23291,23292,2-s2.0-85092220977
23296,23297,2-s2.0-85064879410
23297,23298,2-s2.0-85064878225
23308,23309,2-s2.0-85065436210
23322,23323,2-s2.0-85061291326
23328,23329,2-s2.0-85058690085
23335,23336,2-s2.0-85048762183
23337,23338,2-s2.0-85045754756
23339,23340,2-s2.0-85041341864
23354,23355,2-s2.0-85071369206
23357,23358,2-s2.0-85069186917
23370,23371,2-s2.0-85067431503
23374,23375,2-s2.0-85067352070
23375,23376,2-s2.0-85067259627
23385,23386,2-s2.0-85063873375
23388,23389,2-s2.0-85063074770
23393,23394,2-s2.0-85059867080
23398,23399,2-s2.0-85059270052
23401,23402,2-s2.0-85057449485
23407,23408,2-s2.0-85052480957
23412,23413,2-s2.0-85064396848
23434,23435,2-s2.0-85062328181
23435,23436,2-s2.0-85062282754
23451,23452,2-s2.0-85042112889
23453,23454,2-s2.0-85064416899
23455,23456,2-s2.0-85064405369
23457,23458,2-s2.0-85063912718
23459,23460,2-s2.0-85063410083
23464,23465,2-s2.0-85063400354
23467,23468,2-s2.0-85063399352
23483,23484,2-s2.0-85063384473
23485,23486,2-s2.0-85063382385
23487,23488,2-s2.0-85063380397
23497,23498,2-s2.0-85063367478
23498,23499,2-s2.0-85063367454
23508,23509,2-s2.0-85063095597
23511,23512,2-s2.0-85069181093
23514,23515,2-s2.0-85061433128
23516,23517,2-s2.0-85063054031
23524,23525,2-s2.0-85066411271
23525,23526,2-s2.0-85065095095
23548,23549,2-s2.0-85075031956
23549,23550,2-s2.0-85075027130
23555,23556,2-s2.0-85075008291
23569,23570,2-s2.0-85074981418
23573,23574,2-s2.0-85074970021
23580,23581,2-s2.0-85074784248
23581,23582,2-s2.0-85074783355
23584,23585,2-s2.0-85074354612
23587,23588,2-s2.0-85069494279
23596,23597,2-s2.0-85067502506
23597,23598,2-s2.0-85067500879
23600,23601,2-s2.0-85065540360
23603,23604,2-s2.0-85065076702
23606,23607,2-s2.0-85063738828
23609,23610,2-s2.0-85063447116
23614,23615,2-s2.0-85062232619
23617,23618,2-s2.0-85061986675
23619,23620,2-s2.0-85061656890
23624,23625,2-s2.0-85060543862
23626,23627,2-s2.0-85060052545
23630,23631,2-s2.0-85055046832
23641,23642,2-s2.0-85048089452
23648,23649,2-s2.0-85042455061
23660,23661,2-s2.0-85062083968
23662,23663,2-s2.0-85064411529
23664,23665,2-s2.0-85064396601
23666,23667,2-s2.0-85064384868
23672,23673,2-s2.0-85063188659
23673,23674,2-s2.0-85052072127
23677,23678,2-s2.0-85061803875
23680,23681,2-s2.0-85061769318
23685,23686,2-s2.0-85021154242
23687,23688,2-s2.0-85061595826
23691,23692,2-s2.0-85061103250
23698,23699,2-s2.0-85057266702
23699,23700,2-s2.0-85062574116
23707,23708,2-s2.0-85141115136
23709,23710,2-s2.0-85096601426
23710,23711,2-s2.0-85072982712
23720,23721,2-s2.0-85061904403
23722,23723,2-s2.0-85060148000
23733,23734,2-s2.0-85058467603
23752,23753,2-s2.0-84987746449
23756,23757,2-s2.0-85061253138
23758,23759,2-s2.0-85058113931
23775,23776,2-s2.0-85061924945
23776,23777,2-s2.0-85123042558
23782,23783,2-s2.0-85066406455
23784,23785,2-s2.0-85149385781
23795,23796,2-s2.0-85060954912
23799,23800,2-s2.0-85059738413
23802,23803,2-s2.0-85058170928
23806,23807,2-s2.0-85056188730
23821,23822,2-s2.0-86000150870
23825,23826,2-s2.0-85197202941
23831,23832,2-s2.0-85180804339
23833,23834,2-s2.0-85180794029
23834,23835,2-s2.0-85180791206
23841,23842,2-s2.0-85180767744
23844,23845,2-s2.0-85180759681
23866,23867,2-s2.0-85168606074
23886,23887,2-s2.0-85150708963
23890,23891,2-s2.0-85150448868
23895,23896,2-s2.0-85149784500
23897,23898,2-s2.0-85149588116
23906,23907,2-s2.0-85149099671
23911,23912,2-s2.0-85147699501
23913,23914,2-s2.0-85147149949
23915,23916,2-s2.0-85146394855
23917,23918,2-s2.0-85144215485
23922,23923,2-s2.0-85142830132
23927,23928,2-s2.0-85142012257
23935,23936,2-s2.0-85141534414
23941,23942,2-s2.0-85141449716
23961,23962,2-s2.0-85134951841
23962,23963,2-s2.0-85134729911
23963,23964,2-s2.0-85134188441
23966,23967,2-s2.0-85133997887
23967,23968,2-s2.0-85133996618
23970,23971,2-s2.0-85133994301
23975,23976,2-s2.0-85133989123
23987,23988,2-s2.0-85128787353
23991,23992,2-s2.0-85126398425
23993,23994,2-s2.0-85125322690
23995,23996,2-s2.0-85124988751
23998,23999,2-s2.0-85124427346
24000,24001,2-s2.0-85122442015
24004,24005,2-s2.0-85121535459
24012,24013,2-s2.0-85118379658
24018,24019,2-s2.0-85117062991
24021,24022,2-s2.0-85116304119
24025,24026,2-s2.0-85114902588
24031,24032,2-s2.0-85112367471
24039,24040,2-s2.0-85110336844
24041,24042,2-s2.0-85108204688
24049,24050,2-s2.0-85105114727
24057,24058,2-s2.0-85103962493
24062,24063,2-s2.0-85102720982
24064,24065,2-s2.0-85101622029
24066,24067,2-s2.0-85100886051
24067,24068,2-s2.0-85100798833
24068,24069,2-s2.0-85100558070
24075,24076,2-s2.0-85099437899
24084,24085,2-s2.0-85098036067
24091,24092,2-s2.0-85097980310
24092,24093,2-s2.0-85097979101
24106,24107,2-s2.0-85093105053
24108,24109,2-s2.0-85093077680
24109,24110,2-s2.0-85093068514
24111,24112,2-s2.0-85092234075
24112,24113,2-s2.0-85092173273
24114,24115,2-s2.0-85091490639
24118,24119,2-s2.0-85091095583
24121,24122,2-s2.0-85090641727
24123,24124,2-s2.0-85090576029
24132,24133,2-s2.0-85087748252
24139,24140,2-s2.0-85086938913
24145,24146,2-s2.0-85086287850
24156,24157,2-s2.0-85085569156
24158,24159,2-s2.0-85085459573
24164,24165,2-s2.0-85085320905
24168,24169,2-s2.0-85085163361
24169,24170,2-s2.0-85084911831
24170,24171,2-s2.0-85084889171
24178,24179,2-s2.0-85084017305
24180,24181,2-s2.0-85083941952
24186,24187,2-s2.0-85083472773
24189,24190,2-s2.0-85083216275
24194,24195,2-s2.0-85083157666
24195,24196,2-s2.0-85083098931
24206,24207,2-s2.0-85082534569
24210,24211,2-s2.0-85082528602
24213,24214,2-s2.0-85082524318
24214,24215,2-s2.0-85082523334
24219,24220,2-s2.0-85082511107
24220,24221,2-s2.0-85082510486
24228,24229,2-s2.0-85081917698
24229,24230,2-s2.0-85081907725
24235,24236,2-s2.0-85081597269
24239,24240,2-s2.0-85081362720
24248,24249,2-s2.0-85080520801
24249,24250,2-s2.0-85080145542
24252,24253,2-s2.0-85080112310
24256,24257,2-s2.0-85079755425
24257,24258,2-s2.0-85079691497
24259,24260,2-s2.0-85079523528
24260,24261,2-s2.0-85079501092
24268,24269,2-s2.0-85079395564
24271,24272,2-s2.0-85079383107
24273,24274,2-s2.0-85079381071
24281,24282,2-s2.0-85079197328
24283,24284,2-s2.0-85079187418
24298,24299,2-s2.0-85079121587
24305,24306,2-s2.0-85078965388
24308,24309,2-s2.0-85078957712
24325,24326,2-s2.0-85078644199
24346,24347,2-s2.0-85078052222
24357,24358,2-s2.0-85077933533
24363,24364,2-s2.0-85077840397
24364,24365,2-s2.0-85077838749
24380,24381,2-s2.0-85077443540
24381,24382,2-s2.0-85077438683
24384,24385,2-s2.0-85077371590
24389,24390,2-s2.0-85077250093
24399,24400,2-s2.0-85076945188
24432,24433,2-s2.0-85075987360
24439,24440,2-s2.0-85075795969
24441,24442,2-s2.0-85075731132
24454,24455,2-s2.0-85075283052
24460,24461,2-s2.0-85075154743
24461,24462,2-s2.0-85075150661
24469,24470,2-s2.0-85075004703
24473,24474,2-s2.0-85074951683
24476,24477,2-s2.0-85074923059
24478,24479,2-s2.0-85074896840
24492,24493,2-s2.0-85074495166
24500,24501,2-s2.0-85074335233
24502,24503,2-s2.0-85074254403
24507,24508,2-s2.0-85074159571
24517,24518,2-s2.0-85074071263
24518,24519,2-s2.0-85074069248
24521,24522,2-s2.0-85074034268
24527,24528,2-s2.0-85073762093
24528,24529,2-s2.0-85073757727
24537,24538,2-s2.0-85073661057
24538,24539,2-s2.0-85073660438
24539,24540,2-s2.0-85073660387
24554,24555,2-s2.0-85073448986
24555,24556,2-s2.0-85073442711
24566,24567,2-s2.0-85073350005
24574,24575,2-s2.0-85073277577
24578,24579,2-s2.0-85073156677
24579,24580,2-s2.0-85073155861
24582,24583,2-s2.0-85073105642
24586,24587,2-s2.0-85073051005
24590,24591,2-s2.0-85073015526
24613,24614,2-s2.0-85072800610
24621,24622,2-s2.0-85072749104
24623,24624,2-s2.0-85072726706
24628,24629,2-s2.0-85072525820
24631,24632,2-s2.0-85072512261
24633,24634,2-s2.0-85072341657
24635,24636,2-s2.0-85072326206
24638,24639,2-s2.0-85072314495
24647,24648,2-s2.0-85071782562
24654,24655,2-s2.0-85071718748
24660,24661,2-s2.0-85071507373
24667,24668,2-s2.0-85071458689
24669,24670,2-s2.0-85071454641
24680,24681,2-s2.0-85071356814
24698,24699,2-s2.0-85070931778
24703,24704,2-s2.0-85070905781
24709,24710,2-s2.0-85070869953
24718,24719,2-s2.0-85070813270
24719,24720,2-s2.0-85070809962
24721,24722,2-s2.0-85070801041
24735,24736,2-s2.0-85070540327
24739,24740,2-s2.0-85070380597
24757,24758,2-s2.0-85069757470
24759,24760,2-s2.0-85069736050
24764,24765,2-s2.0-85069645950
24772,24773,2-s2.0-85069527151
24773,24774,2-s2.0-85069524888
24775,24776,2-s2.0-85069512869
24782,24783,2-s2.0-85069488578
24784,24785,2-s2.0-85069487200
24790,24791,2-s2.0-85069461431
24791,24792,2-s2.0-85069450269
24793,24794,2-s2.0-85069445911
24795,24796,2-s2.0-85069437364
24815,24816,2-s2.0-85068794214
24817,24818,2-s2.0-85068774069
24824,24825,2-s2.0-85068651539
24827,24828,2-s2.0-85068614465
24828,24829,2-s2.0-85068608954
24830,24831,2-s2.0-85068590234
24834,24835,2-s2.0-85068459246
24836,24837,2-s2.0-85068430267
24840,24841,2-s2.0-85068341169
24841,24842,2-s2.0-85068333380
24855,24856,2-s2.0-85067967861
24857,24858,2-s2.0-85067942235
24867,24868,2-s2.0-85067566081
24868,24869,2-s2.0-85067562998
24877,24878,2-s2.0-85067349551
24879,24880,2-s2.0-85067258838
24883,24884,2-s2.0-85067235155
24891,24892,2-s2.0-85067118377
24892,24893,2-s2.0-85067116872
24893,24894,2-s2.0-85067116824
24906,24907,2-s2.0-85067091552
24909,24910,2-s2.0-85066962305
24910,24911,2-s2.0-85066962276
24915,24916,2-s2.0-85066938760
24922,24923,2-s2.0-85066828664
24931,24932,2-s2.0-85066490563
24934,24935,2-s2.0-85066439180
24940,24941,2-s2.0-85066323421
24942,24943,2-s2.0-85066314662
24943,24944,2-s2.0-85066306892
24945,24946,2-s2.0-85066119895
24951,24952,2-s2.0-85066039748
24952,24953,2-s2.0-85066025656
24958,24959,2-s2.0-85065881154
24964,24965,2-s2.0-85065707989
24965,24966,2-s2.0-85065701543
24968,24969,2-s2.0-85065550419
24971,24972,2-s2.0-85065531744
24974,24975,2-s2.0-85065524794
24977,24978,2-s2.0-85065481566
24979,24980,2-s2.0-85065476937
25001,25002,2-s2.0-85065199151
25002,25003,2-s2.0-85065120419
25004,25005,2-s2.0-85065098304
25007,25008,2-s2.0-85065080235
25008,25009,2-s2.0-85065065314
25018,25019,2-s2.0-85064810087
25022,25023,2-s2.0-85064652989
25023,25024,2-s2.0-85064650160
25024,25025,2-s2.0-85064641408
25037,25038,2-s2.0-85064162381
25038,25039,2-s2.0-85064135419
25042,25043,2-s2.0-85063940728
25046,25047,2-s2.0-85063886977
25055,25056,2-s2.0-85063696788
25056,25057,2-s2.0-85063689268
25061,25062,2-s2.0-85063589446
25065,25066,2-s2.0-85063298329
25068,25069,2-s2.0-85063274800
25086,25087,2-s2.0-85062299151
25088,25089,2-s2.0-85062207788
25096,25097,2-s2.0-85061553727
25102,25103,2-s2.0-85061367148
25103,25104,2-s2.0-85061350977
25110,25111,2-s2.0-85060550708
25116,25117,2-s2.0-85059795475
25118,25119,2-s2.0-85059694440
25121,25122,2-s2.0-85059672299
25122,25123,2-s2.0-85059591721
25123,25124,2-s2.0-85059503831
25125,25126,2-s2.0-85059166182
25128,25129,2-s2.0-85058975588
25129,25130,2-s2.0-85058801547
25135,25136,2-s2.0-85057712709
25150,25151,2-s2.0-85055102677
25151,25152,2-s2.0-85054834778
25155,25156,2-s2.0-85054424975
25160,25161,2-s2.0-85054262854
25164,25165,2-s2.0-85053848740
25175,25176,2-s2.0-85049627489
25179,25180,2-s2.0-85048618082
25180,25181,2-s2.0-85047668145
25181,25182,2-s2.0-85047464977
25183,25184,2-s2.0-85046796802
25186,25187,2-s2.0-85046001792
25188,25189,2-s2.0-85045099475
25189,25190,2-s2.0-85044635403
25192,25193,2-s2.0-85042883688
25211,25212,2-s2.0-105004327985
25212,25213,2-s2.0-105000383963
25220,25221,2-s2.0-85061476761
25221,25222,2-s2.0-85061513150
25222,25223,2-s2.0-85061503197
25225,25226,2-s2.0-85061333975
25228,25229,2-s2.0-85061314225
25231,25232,2-s2.0-85061037396
25234,25235,2-s2.0-85060892910
25242,25243,2-s2.0-85076904246
25247,25248,2-s2.0-85058238379
25248,25249,2-s2.0-85054477806
25250,25251,2-s2.0-85058309851
25251,25252,2-s2.0-85054817148
25252,25253,2-s2.0-85054691363
25257,25258,2-s2.0-85060291494
25258,25259,2-s2.0-85060285824
25259,25260,2-s2.0-85060284562
25267,25268,2-s2.0-85069786361
25270,25271,2-s2.0-85058417769
25280,25281,2-s2.0-85058330800
25281,25282,2-s2.0-85058325324
25288,25289,2-s2.0-85163026312
25292,25293,2-s2.0-85074848382
25295,25296,2-s2.0-85072819282
25299,25300,2-s2.0-85068361572
25300,25301,2-s2.0-85068006756
25319,25320,2-s2.0-85059687154
25322,25323,2-s2.0-85059254876
25327,25328,2-s2.0-85058646543
25329,25330,2-s2.0-85057983360
25332,25333,2-s2.0-85057519139
25335,25336,2-s2.0-85056671683
25338,25339,2-s2.0-85056651567
25345,25346,2-s2.0-85056130246
25350,25351,2-s2.0-85055985754
25356,25357,2-s2.0-85055810196
25359,25360,2-s2.0-85055657424
25370,25371,2-s2.0-85052453485
25371,25372,2-s2.0-85052192388
25375,25376,2-s2.0-85051753737
25377,25378,2-s2.0-85051713496
25383,25384,2-s2.0-85048892794
25384,25385,2-s2.0-85048564999
25394,25395,2-s2.0-85044278602
25410,25411,2-s2.0-85006380014
25417,25418,2-s2.0-85064267416
25420,25421,2-s2.0-85057258065
25421,25422,2-s2.0-85060063602
25425,25426,2-s2.0-85060039748
25427,25428,2-s2.0-85060027560
25428,25429,2-s2.0-85060024799
25434,25435,2-s2.0-85055083735
25435,25436,2-s2.0-85053302028
25437,25438,2-s2.0-85046014450
25445,25446,2-s2.0-85057288761
25459,25460,2-s2.0-85058053757
25467,25468,2-s2.0-85041606877
25469,25470,2-s2.0-85015160070
25474,25475,2-s2.0-85071572916
25490,25491,2-s2.0-85058969300
25491,25492,2-s2.0-85058945497
25496,25497,2-s2.0-85058182053
25497,25498,2-s2.0-85058149329
25503,25504,2-s2.0-85056646063
25510,25511,2-s2.0-85055464784
25511,25512,2-s2.0-85055171412
25528,25529,2-s2.0-85051497373
25542,25543,2-s2.0-85045995605
25543,25544,2-s2.0-85044930787
25546,25547,2-s2.0-85043248817
25550,25551,2-s2.0-85029589795
25555,25556,2-s2.0-85057357840
25558,25559,2-s2.0-85057058071
25569,25570,2-s2.0-85042906933
25574,25575,2-s2.0-85055355482
25575,25576,2-s2.0-85055354041
25583,25584,2-s2.0-85055330759
25590,25591,2-s2.0-85055318444
25591,25592,2-s2.0-85055317381
25592,25593,2-s2.0-85055316725
25593,25594,2-s2.0-85055315111
25598,25599,2-s2.0-85056847360
25601,25602,2-s2.0-85096908842
25602,25603,2-s2.0-85075373312
25610,25611,2-s2.0-85021825583
25625,25626,2-s2.0-85084028029
25629,25630,2-s2.0-85071046757
25630,25631,2-s2.0-85071039486
25633,25634,2-s2.0-85063294574
25635,25636,2-s2.0-85061910134
25645,25646,2-s2.0-85058653193
25652,25653,2-s2.0-85056176292
25664,25665,2-s2.0-85054475693
25676,25677,2-s2.0-85051381000
25697,25698,2-s2.0-85054104059
25704,25705,2-s2.0-85055555244
25714,25715,2-s2.0-85055440959
25726,25727,2-s2.0-85055411811
25734,25735,2-s2.0-85053145095
25741,25742,2-s2.0-85041595040
25751,25752,2-s2.0-85055478688
25755,25756,2-s2.0-85046433412
25756,25757,2-s2.0-85044502920
25760,25761,2-s2.0-85069459674
25762,25763,2-s2.0-85063812787
25769,25770,2-s2.0-85060809419
25770,25771,2-s2.0-85060792988
25778,25779,2-s2.0-85057549230
25779,25780,2-s2.0-85056445549
25785,25786,2-s2.0-85054740349
25790,25791,2-s2.0-85054377153
25791,25792,2-s2.0-85054376637
25800,25801,2-s2.0-85053818788
25809,25810,2-s2.0-85053200189
25811,25812,2-s2.0-85053186078
25820,25821,2-s2.0-85051270705
25838,25839,2-s2.0-85046743359
25841,25842,2-s2.0-85045075830
25842,25843,2-s2.0-85044394462
25854,25855,2-s2.0-85021088901
25857,25858,2-s2.0-85019543963
25861,25862,2-s2.0-85051064948
25862,25863,2-s2.0-85152186590
25865,25866,2-s2.0-85058895442
25870,25871,2-s2.0-85058872479
25874,25875,2-s2.0-85062787804
25882,25883,2-s2.0-85063249160
25886,25887,2-s2.0-85063248712
25892,25893,2-s2.0-85063248138
25899,25900,2-s2.0-85063247375
25901,25902,2-s2.0-85051553730
25903,25904,2-s2.0-85051535473
25904,25905,2-s2.0-85051529828
25906,25907,2-s2.0-85051512249
25908,25909,2-s2.0-85051477734
25917,25918,2-s2.0-85054899119
25923,25924,2-s2.0-85029453632
25934,25935,2-s2.0-85051546436
25940,25941,2-s2.0-85051140505
25944,25945,2-s2.0-85051112244
25954,25955,2-s2.0-85049471900
25963,25964,2-s2.0-85048575881
25976,25977,2-s2.0-85042072827
25980,25981,2-s2.0-85050605083
25982,25983,2-s2.0-85096685112
25983,25984,2-s2.0-85096638193
25985,25986,2-s2.0-85051240516
25989,25990,2-s2.0-85051496464
26005,26006,2-s2.0-85062639554
26012,26013,2-s2.0-85048762047
26017,26018,2-s2.0-85034102809
26021,26022,2-s2.0-85016204755
26022,26023,2-s2.0-84981502667
26030,26031,2-s2.0-85046646970
26042,26043,2-s2.0-85065980053
26043,26044,2-s2.0-85065724524
26048,26049,2-s2.0-85064732686
26053,26054,2-s2.0-85063543745
26063,26064,2-s2.0-85063490120
26085,26086,2-s2.0-85062734825
26086,26087,2-s2.0-85062726584
26097,26098,2-s2.0-85062106704
26098,26099,2-s2.0-85062098144
26101,26102,2-s2.0-85062084217
26106,26107,2-s2.0-85062056270
26111,26112,2-s2.0-85051228540
26118,26119,2-s2.0-85063594299
26122,26123,2-s2.0-85061394228
26141,26142,2-s2.0-85050829079
26146,26147,2-s2.0-85049905169
26151,26152,2-s2.0-85048934349
26155,26156,2-s2.0-85048631129
26156,26157,2-s2.0-85048349184
26165,26166,2-s2.0-85046116033
26174,26175,2-s2.0-85044372069
26178,26179,2-s2.0-85038614492
26180,26181,2-s2.0-85033381654
26181,26182,2-s2.0-85019615849
26187,26188,2-s2.0-85050246036
26188,26189,2-s2.0-85049803112
26197,26198,2-s2.0-85049888341
26200,26201,2-s2.0-85051457714
26212,26213,2-s2.0-85051218399
26215,26216,2-s2.0-85051211287
26225,26226,2-s2.0-85051191675
26228,26229,2-s2.0-85051184807
26233,26234,2-s2.0-85051180713
26235,26236,2-s2.0-85051177610
26238,26239,2-s2.0-85051170386
26248,26249,2-s2.0-85051567974
26254,26255,2-s2.0-85053708657
26255,26256,2-s2.0-85053694031
26256,26257,2-s2.0-85053677149
26257,26258,2-s2.0-85050148448
26265,26266,2-s2.0-85048872558
26269,26270,2-s2.0-85048859480
26270,26271,2-s2.0-85048858347
26276,26277,2-s2.0-85049930774
26283,26284,2-s2.0-85052502023
26300,26301,2-s2.0-85061191859
26308,26309,2-s2.0-85058719630
26310,26311,2-s2.0-85056115149
26318,26319,2-s2.0-85050820584
26321,26322,2-s2.0-85049410209
26325,26326,2-s2.0-85048707533
26338,26339,2-s2.0-85046070887
26340,26341,2-s2.0-85045769379
26347,26348,2-s2.0-85044276208
26352,26353,2-s2.0-85042391260
26353,26354,2-s2.0-85042362365
26360,26361,2-s2.0-85040570716
26363,26364,2-s2.0-85028466642
26364,26365,2-s2.0-85028462913
26366,26367,2-s2.0-85026453486
26370,26371,2-s2.0-85014214532
26372,26373,2-s2.0-85008500689
26398,26399,2-s2.0-85048122244
26403,26404,2-s2.0-85048113341
26408,26409,2-s2.0-85048104833
26411,26412,2-s2.0-85048103045
26415,26416,2-s2.0-85048097951
26419,26420,2-s2.0-85048089874
26426,26427,2-s2.0-85048071537
26428,26429,2-s2.0-85048065068
26429,26430,2-s2.0-85092042285
26434,26435,2-s2.0-85033372081
26438,26439,2-s2.0-85048061595
26446,26447,2-s2.0-85048057587
26455,26456,2-s2.0-85048048532
26460,26461,2-s2.0-85048041687
26461,26462,2-s2.0-85048041124
26464,26465,2-s2.0-85048036418
26475,26476,2-s2.0-85046993867
26476,26477,2-s2.0-85048099259
26488,26489,2-s2.0-85052120421
26492,26493,2-s2.0-85049480527
26510,26511,2-s2.0-85053651220
26516,26517,2-s2.0-85074427367
26521,26522,2-s2.0-85061675225
26531,26532,2-s2.0-85047547242
26534,26535,2-s2.0-85047363119
26539,26540,2-s2.0-85046662153
26548,26549,2-s2.0-85042226018
26555,26556,2-s2.0-85039710405
26557,26558,2-s2.0-85033463877
26571,26572,2-s2.0-85078746134
26574,26575,2-s2.0-85074993478
26577,26578,2-s2.0-85047425940
26580,26581,2-s2.0-85046292569
26592,26593,2-s2.0-85047732600
26595,26596,2-s2.0-85066473140
26597,26598,2-s2.0-85031816104
26619,26620,2-s2.0-85048067676
26624,26625,2-s2.0-85053743681
26629,26630,2-s2.0-85045686273
26632,26633,2-s2.0-85045678462
26633,26634,2-s2.0-85045676319
26636,26637,2-s2.0-85045665974
26643,26644,2-s2.0-85045653562
26649,26650,2-s2.0-85045635830
26650,26651,2-s2.0-85045634583
26651,26652,2-s2.0-85045632278
26653,26654,2-s2.0-85045627035
26661,26662,2-s2.0-85045478915
26670,26671,2-s2.0-85042228180
26673,26674,2-s2.0-85038103373
26674,26675,2-s2.0-85033377432
26680,26681,2-s2.0-85028532412
26682,26683,2-s2.0-85007388578
26684,26685,2-s2.0-85212955227
26694,26695,2-s2.0-85060810739
26712,26713,2-s2.0-85044519033
26714,26715,2-s2.0-85044504164
26717,26718,2-s2.0-85044299979
26718,26719,2-s2.0-85043700102
26741,26742,2-s2.0-85047245006
26761,26762,2-s2.0-85043989445
26762,26763,2-s2.0-85044518448
26770,26771,2-s2.0-85045443764
26779,26780,2-s2.0-85048418064
26784,26785,2-s2.0-85046607175
26793,26794,2-s2.0-85063742719
26798,26799,2-s2.0-85061204347
26804,26805,2-s2.0-85056413824
26805,26806,2-s2.0-85056378847
26809,26810,2-s2.0-85048324276
26812,26813,2-s2.0-85048269879
26816,26817,2-s2.0-85048254125
26820,26821,2-s2.0-85046777367
26831,26832,2-s2.0-85043702357
26832,26833,2-s2.0-85043313161
26836,26837,2-s2.0-85042086257
26837,26838,2-s2.0-85041959671
26838,26839,2-s2.0-85041855094
26853,26854,2-s2.0-85039416745
26873,26874,2-s2.0-84992756713
26874,26875,2-s2.0-84988419470
26878,26879,2-s2.0-85050945566
26880,26881,2-s2.0-85050945154
26886,26887,2-s2.0-85050926374
26887,26888,2-s2.0-85050921569
26889,26890,2-s2.0-85050921282
26900,26901,2-s2.0-85047466398
26905,26906,2-s2.0-85046105540
26914,26915,2-s2.0-85046078146
26915,26916,2-s2.0-85046071523
26917,26918,2-s2.0-85046034554
26922,26923,2-s2.0-85044413652
26925,26926,2-s2.0-85042332058
26926,26927,2-s2.0-85042331980
26932,26933,2-s2.0-85042323175
26935,26936,2-s2.0-85042319948
26940,26941,2-s2.0-85042307852
26944,26945,2-s2.0-85042298109
26949,26950,2-s2.0-85042278607
26956,26957,2-s2.0-85042261884
26957,26958,2-s2.0-85042260934
26960,26961,2-s2.0-85042255981
26961,26962,2-s2.0-85042255714
26967,26968,2-s2.0-85042147235
26972,26973,2-s2.0-85046744565
26974,26975,2-s2.0-85044990927
26981,26982,2-s2.0-85042126805
26983,26984,2-s2.0-85042113102
26984,26985,2-s2.0-85042112679
26987,26988,2-s2.0-85042100491
26990,26991,2-s2.0-85042089966
26991,26992,2-s2.0-85042086626
26994,26995,2-s2.0-85042069233
26995,26996,2-s2.0-85042067812
27017,27018,2-s2.0-85042083089
27019,27020,2-s2.0-85041426596
27022,27023,2-s2.0-85040129937
27024,27025,2-s2.0-85039863471
27025,27026,2-s2.0-85038887587
27030,27031,2-s2.0-85034096983
27033,27034,2-s2.0-85031496156
27044,27045,2-s2.0-85010737682
27046,27047,2-s2.0-84994339400
27049,27050,2-s2.0-84964453155
27055,27056,2-s2.0-85041650688
27076,27077,2-s2.0-85040995909
27080,27081,2-s2.0-85040980548
27083,27084,2-s2.0-85040977750
27086,27087,2-s2.0-85040970133
27088,27089,2-s2.0-85040963999
27089,27090,2-s2.0-85040372825
27098,27099,2-s2.0-85040976732
27099,27100,2-s2.0-85040970939
27103,27104,2-s2.0-85058106475
27116,27117,2-s2.0-85041211056
27127,27128,2-s2.0-85028557531
27129,27130,2-s2.0-85021250941
27130,27131,2-s2.0-85021160507
27132,27133,2-s2.0-85020505547
27138,27139,2-s2.0-85013073195
27141,27142,2-s2.0-84983339210
27143,27144,2-s2.0-85218779390
27146,27147,2-s2.0-85182997065
27148,27149,2-s2.0-85168521892
27157,27158,2-s2.0-85147639506
27168,27169,2-s2.0-85141575213
27171,27172,2-s2.0-85140176182
27172,27173,2-s2.0-85140105075
27176,27177,2-s2.0-85139553663
27181,27182,2-s2.0-85136073066
27187,27188,2-s2.0-85126499812
27189,27190,2-s2.0-85120950455
27192,27193,2-s2.0-85112827786
27199,27200,2-s2.0-85102176693
27200,27201,2-s2.0-85102010481
27212,27213,2-s2.0-85092350411
27217,27218,2-s2.0-85089642944
27220,27221,2-s2.0-85088275439
27221,27222,2-s2.0-85088269718
27222,27223,2-s2.0-85088242365
27227,27228,2-s2.0-85086387191
27252,27253,2-s2.0-85082527419
27254,27255,2-s2.0-85082514393
27261,27262,2-s2.0-85081906324
27267,27268,2-s2.0-85078714749
27275,27276,2-s2.0-85074803026
27277,27278,2-s2.0-85074315300
27284,27285,2-s2.0-85072631328
27288,27289,2-s2.0-85071882941
27301,27302,2-s2.0-85070282754
27302,27303,2-s2.0-85069936546
27312,27313,2-s2.0-85068854857
27315,27316,2-s2.0-85068818608
27317,27318,2-s2.0-85068428086
27322,27323,2-s2.0-85067944039
27324,27325,2-s2.0-85067809071
27325,27326,2-s2.0-85067787679
27326,27327,2-s2.0-85067690067
27329,27330,2-s2.0-85067271015
27335,27336,2-s2.0-85066489651
27343,27344,2-s2.0-85065343303
27349,27350,2-s2.0-85065319290
27350,27351,2-s2.0-85065315389
27358,27359,2-s2.0-85065302753
27360,27361,2-s2.0-85065297809
27368,27369,2-s2.0-85064720150
27372,27373,2-s2.0-85064671281
27377,27378,2-s2.0-85064608149
27382,27383,2-s2.0-85064342125
27396,27397,2-s2.0-85063635343
27397,27398,2-s2.0-85063635295
27398,27399,2-s2.0-85063629694
27404,27405,2-s2.0-85063605486
27417,27418,2-s2.0-85063419225
27424,27425,2-s2.0-85063338927
27431,27432,2-s2.0-85063103423
27432,27433,2-s2.0-85062961874
27441,27442,2-s2.0-85062494750
27450,27451,2-s2.0-85062064729
27455,27456,2-s2.0-85061829972
27462,27463,2-s2.0-85061736528
27464,27465,2-s2.0-85061712145
27468,27469,2-s2.0-85061577367
27472,27473,2-s2.0-85061486426
27474,27475,2-s2.0-85061363882
27480,27481,2-s2.0-85061243693
27482,27483,2-s2.0-85061237077
27483,27484,2-s2.0-85061227192
27494,27495,2-s2.0-85060811391
27500,27501,2-s2.0-85060625569
27506,27507,2-s2.0-85060552599
27508,27509,2-s2.0-85060549161
27521,27522,2-s2.0-85060312707
27530,27531,2-s2.0-85060278443
27535,27536,2-s2.0-85060064863
27538,27539,2-s2.0-85060006013
27545,27546,2-s2.0-85059634450
27547,27548,2-s2.0-85059618285
27560,27561,2-s2.0-85059177286
27574,27575,2-s2.0-85058889605
27578,27579,2-s2.0-85058572791
27579,27580,2-s2.0-85058417410
27580,27581,2-s2.0-85058380538
27582,27583,2-s2.0-85058212468
27585,27586,2-s2.0-85058192322
27600,27601,2-s2.0-85057960785
27611,27612,2-s2.0-85057493307
27614,27615,2-s2.0-85057397582
27619,27620,2-s2.0-85057204826
27625,27626,2-s2.0-85056992052
27626,27627,2-s2.0-85056869498
27627,27628,2-s2.0-85056832119
27628,27629,2-s2.0-85056717702
27632,27633,2-s2.0-85056639926
27635,27636,2-s2.0-85056479966
27640,27641,2-s2.0-85056451998
27646,27647,2-s2.0-85056140399
27647,27648,2-s2.0-85056128484
27662,27663,2-s2.0-85055717103
27676,27677,2-s2.0-85055681529
27680,27681,2-s2.0-85055676461
27681,27682,2-s2.0-85055674800
27689,27690,2-s2.0-85055514597
27693,27694,2-s2.0-85055427845
27698,27699,2-s2.0-85055340570
27700,27701,2-s2.0-85055332796
27706,27707,2-s2.0-85054842935
27712,27713,2-s2.0-85054649634
27716,27717,2-s2.0-85054632389
27720,27721,2-s2.0-85054601813
27724,27725,2-s2.0-85054282166
27726,27727,2-s2.0-85054168782
27727,27728,2-s2.0-85054154939
27742,27743,2-s2.0-85053846618
27743,27744,2-s2.0-85053830054
27755,27756,2-s2.0-85053103773
27765,27766,2-s2.0-85052631202
27766,27767,2-s2.0-85052601708
27770,27771,2-s2.0-85052301367
27774,27775,2-s2.0-85051845951
27779,27780,2-s2.0-85051367909
27780,27781,2-s2.0-85051211172
27781,27782,2-s2.0-85051140279
27786,27787,2-s2.0-85050968112
27797,27798,2-s2.0-85050471564
27823,27824,2-s2.0-85049548621
27827,27828,2-s2.0-85049535611
27830,27831,2-s2.0-85049429565
27833,27834,2-s2.0-85049358946
27836,27837,2-s2.0-85049190836
27847,27848,2-s2.0-85048808373
27855,27856,2-s2.0-85048756104
27859,27860,2-s2.0-85048709884
27861,27862,2-s2.0-85048699999
27863,27864,2-s2.0-85048594660
27864,27865,2-s2.0-85048564863
27874,27875,2-s2.0-85048362127
27877,27878,2-s2.0-85048343287
27879,27880,2-s2.0-85048240354
27883,27884,2-s2.0-85048192793
27889,27890,2-s2.0-85047827573
27891,27892,2-s2.0-85047771637
27906,27907,2-s2.0-85047460882
27909,27910,2-s2.0-85047366227
27914,27915,2-s2.0-85047331721
27922,27923,2-s2.0-85046758994
27924,27925,2-s2.0-85046706089
27932,27933,2-s2.0-85046362851
27934,27935,2-s2.0-85046169550
27943,27944,2-s2.0-85045925679
27951,27952,2-s2.0-85045591006
27952,27953,2-s2.0-85045533269
27956,27957,2-s2.0-85045221217
27964,27965,2-s2.0-85044517264
27976,27977,2-s2.0-85043451125
27977,27978,2-s2.0-85043376269
27983,27984,2-s2.0-85042558943
27990,27991,2-s2.0-85042547595
27993,27994,2-s2.0-85042541223
28008,28009,2-s2.0-85042283931
28009,28010,2-s2.0-85042273202
28025,28026,2-s2.0-85041540038
28026,28027,2-s2.0-85041537645
28030,28031,2-s2.0-85041393786
28035,28036,2-s2.0-85041167817
28053,28054,2-s2.0-85040039627
28056,28057,2-s2.0-85039748888
28060,28061,2-s2.0-85037871358
28071,28072,2-s2.0-85035083929
28072,28073,2-s2.0-85035058818
28089,28090,2-s2.0-85029580957
28095,28096,2-s2.0-85029421616
28097,28098,2-s2.0-85028524691
28104,28105,2-s2.0-85022326166
28117,28118,2-s2.0-85013115174
28120,28121,2-s2.0-85008213291
28124,28125,2-s2.0-84987667419
28125,28126,2-s2.0-84981156263
28133,28134,2-s2.0-105011023079
28135,28136,2-s2.0-105011021861
28147,28148,2-s2.0-105010792283
28149,28150,2-s2.0-105010531969
28150,28151,2-s2.0-105010530176
28151,28152,2-s2.0-105010525718
28152,28153,2-s2.0-105010506993
28155,28156,2-s2.0-105010469703
28159,28160,2-s2.0-105010436114
28166,28167,2-s2.0-105009078978
28169,28170,2-s2.0-105008589537
28171,28172,2-s2.0-85040245609
28172,28173,2-s2.0-85046539647
28173,28174,2-s2.0-85039849201
28177,28178,2-s2.0-85038841615
28181,28182,2-s2.0-85043294353
28183,28184,2-s2.0-85043292596
28193,28194,2-s2.0-85043261529
28208,28209,2-s2.0-85021951036
28220,28221,2-s2.0-85075536100
28227,28228,2-s2.0-85057642439
28230,28231,2-s2.0-85057640955
28231,28232,2-s2.0-85057640896
28232,28233,2-s2.0-85057640777
28234,28235,2-s2.0-85057637360
28239,28240,2-s2.0-85051762199
28240,28241,2-s2.0-85050027508
28248,28249,2-s2.0-85047422490
28251,28252,2-s2.0-85045991811
28257,28258,2-s2.0-85042073108
28261,28262,2-s2.0-85041172549
28263,28264,2-s2.0-85040465252
28272,28273,2-s2.0-85038813172
28280,28281,2-s2.0-85037033652
28287,28288,2-s2.0-85034112895
28291,28292,2-s2.0-85032927817
28292,28293,2-s2.0-85032727206
28301,28302,2-s2.0-85029308557
28304,28305,2-s2.0-85028729716
28316,28317,2-s2.0-85021813482
28319,28320,2-s2.0-85020459077
28321,28322,2-s2.0-85018844422
28325,28326,2-s2.0-85017191904
28328,28329,2-s2.0-84980048078
28332,28333,2-s2.0-105002718815
28336,28337,2-s2.0-85048277660
28337,28338,2-s2.0-85044250051
28343,28344,2-s2.0-85042405815
28366,28367,2-s2.0-85040578845
28368,28369,2-s2.0-85046550127
28380,28381,2-s2.0-85040026295
28383,28384,2-s2.0-85039937107
28386,28387,2-s2.0-85031110605
28388,28389,2-s2.0-85017424178
28391,28392,2-s2.0-84996490624
28392,28393,2-s2.0-84984674622
28393,28394,2-s2.0-84980047624
28395,28396,2-s2.0-84969179543
28400,28401,2-s2.0-85046802223
28406,28407,2-s2.0-85041471415
28411,28412,2-s2.0-85036536163
28417,28418,2-s2.0-85035198631
28418,28419,2-s2.0-85035194059
28437,28438,2-s2.0-85032669046
28438,28439,2-s2.0-85032385368
28439,28440,2-s2.0-85031765962
28447,28448,2-s2.0-85031398477
28456,28457,2-s2.0-85025694519
28459,28460,2-s2.0-85024476407
28460,28461,2-s2.0-85021808413
28463,28464,2-s2.0-85020532043
28471,28472,2-s2.0-105012052008
28473,28474,2-s2.0-105012051874
28479,28480,2-s2.0-105012046870
28483,28484,2-s2.0-105012043789
28484,28485,2-s2.0-105012042872
28487,28488,2-s2.0-85041441573
28491,28492,2-s2.0-85034586966
28492,28493,2-s2.0-85034578794
28493,28494,2-s2.0-85034576286
28506,28507,2-s2.0-85044586093
28513,28514,2-s2.0-85078355598
28534,28535,2-s2.0-85037104600
28538,28539,2-s2.0-85046837887
28552,28553,2-s2.0-85033395410
28564,28565,2-s2.0-85021405179
28576,28577,2-s2.0-85057646627
28580,28581,2-s2.0-85051361203
28583,28584,2-s2.0-85043391189
28584,28585,2-s2.0-85042623537
28590,28591,2-s2.0-85033231892
28592,28593,2-s2.0-85031428890
28593,28594,2-s2.0-85031093002
28594,28595,2-s2.0-85031087883
28603,28604,2-s2.0-85029510840
28605,28606,2-s2.0-85029224141
28615,28616,2-s2.0-85026508686
28617,28618,2-s2.0-85025164293
28640,28641,2-s2.0-85032382392
28643,28644,2-s2.0-85032380970
28645,28646,2-s2.0-85032378139
28646,28647,2-s2.0-85032377476
28661,28662,2-s2.0-85032353824
28662,28663,2-s2.0-85032349295
28664,28665,2-s2.0-85032346868
28668,28669,2-s2.0-85032342319
28671,28672,2-s2.0-85032335962
28672,28673,2-s2.0-85032335514
28679,28680,2-s2.0-85037142655
28684,28685,2-s2.0-85032629769
28694,28695,2-s2.0-85030704729
28703,28704,2-s2.0-85065930927
28708,28709,2-s2.0-85052225198
28709,28710,2-s2.0-85048677557
28723,28724,2-s2.0-85018288139
28724,28725,2-s2.0-85016069119
28730,28731,2-s2.0-85042173674
28733,28734,2-s2.0-85034244348
28734,28735,2-s2.0-85034051295
28744,28745,2-s2.0-85029365613
28756,28757,2-s2.0-85027314800
28775,28776,2-s2.0-85010214420
28782,28783,2-s2.0-84958760034
28783,28784,2-s2.0-84956986022
28787,28788,2-s2.0-105012671057
28789,28790,2-s2.0-85030323562
28790,28791,2-s2.0-85030091068
28795,28796,2-s2.0-85011585253
28801,28802,2-s2.0-85030183838
28809,28810,2-s2.0-85035770453
28811,28812,2-s2.0-85035750109
28814,28815,2-s2.0-84991508672
28815,28816,2-s2.0-85206907311
28827,28828,2-s2.0-85028353507
28835,28836,2-s2.0-85028300791
28837,28838,2-s2.0-85057049489
28838,28839,2-s2.0-85030259345
28840,28841,2-s2.0-85030246414
28843,28844,2-s2.0-85030222233
28848,28849,2-s2.0-85041820981
28855,28856,2-s2.0-85030778420
28862,28863,2-s2.0-85029806815
28866,28867,2-s2.0-85028558479
28867,28868,2-s2.0-85028014696
28871,28872,2-s2.0-85026266027
28877,28878,2-s2.0-85025432424
28878,28879,2-s2.0-85024480274
28894,28895,2-s2.0-85007173715
28896,28897,2-s2.0-84983391608
28898,28899,2-s2.0-84962820698
28913,28914,2-s2.0-85029357025
28916,28917,2-s2.0-85027893233
28918,28919,2-s2.0-85027729105
28938,28939,2-s2.0-84987680085
28939,28940,2-s2.0-84970027538
28947,28948,2-s2.0-85023607062
28953,28954,2-s2.0-84996615317
28963,28964,2-s2.0-85050355646
28974,28975,2-s2.0-85061945176
28977,28978,2-s2.0-85049480997
28980,28981,2-s2.0-85047275198
28989,28990,2-s2.0-85040328702
28993,28994,2-s2.0-85035781219
29010,29011,2-s2.0-85025695487
29017,29018,2-s2.0-85021313959
29018,29019,2-s2.0-85021289573
29025,29026,2-s2.0-85020403092
29030,29031,2-s2.0-85017450201
29037,29038,2-s2.0-84992694909
29053,29054,2-s2.0-85029543113
29054,29055,2-s2.0-85029492646
29055,29056,2-s2.0-85029491637
29056,29057,2-s2.0-85025129989
29059,29060,2-s2.0-85031792263
29072,29073,2-s2.0-85030571873
29081,29082,2-s2.0-85030569361
29083,29084,2-s2.0-85030568351
29090,29091,2-s2.0-85030567773
29112,29113,2-s2.0-85030562784
29119,29120,2-s2.0-85030561597
29121,29122,2-s2.0-85030560591
29125,29126,2-s2.0-85030559705
29141,29142,2-s2.0-85030555534
29152,29153,2-s2.0-85030552203
29154,29155,2-s2.0-85030551394
29184,29185,2-s2.0-85030547220
29192,29193,2-s2.0-85030546263
29193,29194,2-s2.0-85030546250
29194,29195,2-s2.0-85030546146
29200,29201,2-s2.0-85030544957
29201,29202,2-s2.0-85030544683
29202,29203,2-s2.0-85030543407
29208,29209,2-s2.0-85030541165
29214,29215,2-s2.0-85030539972
29218,29219,2-s2.0-85030539720
29220,29221,2-s2.0-85030539073
29224,29225,2-s2.0-85030537886
29232,29233,2-s2.0-85030535237
29234,29235,2-s2.0-85030534936
29235,29236,2-s2.0-85030534836
29242,29243,2-s2.0-85030533496
29252,29253,2-s2.0-85030529758
29258,29259,2-s2.0-85030528702
29259,29260,2-s2.0-85030528655
29261,29262,2-s2.0-85030528141
29264,29265,2-s2.0-85030527849
29277,29278,2-s2.0-85027530924
29287,29288,2-s2.0-85023647269
29300,29301,2-s2.0-85023632598
29311,29312,2-s2.0-85023618324
29313,29314,2-s2.0-85023613546
29324,29325,2-s2.0-85020451584
29334,29335,2-s2.0-85056986853
29340,29341,2-s2.0-85028541992
29350,29351,2-s2.0-85020443475
29357,29358,2-s2.0-85019371727
29359,29360,2-s2.0-85019350817
29369,29370,2-s2.0-85018271669
29374,29375,2-s2.0-85014376001
29376,29377,2-s2.0-85014127427
29380,29381,2-s2.0-85009471743
29383,29384,2-s2.0-85006367258
29385,29386,2-s2.0-84988940570
29396,29397,2-s2.0-85020623793
29405,29406,2-s2.0-85031693605
29408,29409,2-s2.0-85020295510
29416,29417,2-s2.0-85000925705
29418,29419,2-s2.0-84979538877
29430,29431,2-s2.0-85026218685
29431,29432,2-s2.0-85021146910
29436,29437,2-s2.0-85020120055
29440,29441,2-s2.0-84995528427
29446,29447,2-s2.0-85057067812
29448,29449,2-s2.0-85038431258
29451,29452,2-s2.0-85045691208
29455,29456,2-s2.0-85026862848
29463,29464,2-s2.0-85020899630
29464,29465,2-s2.0-85020897775
29469,29470,2-s2.0-85020874666
29473,29474,2-s2.0-85020085199
29478,29479,2-s2.0-85019836411
29486,29487,2-s2.0-85018771280
29492,29493,2-s2.0-85018505707
29493,29494,2-s2.0-85018503099
29494,29495,2-s2.0-85018502907
29503,29504,2-s2.0-85017410064
29504,29505,2-s2.0-85017178796
29509,29510,2-s2.0-85015751249
29518,29519,2-s2.0-85007482533
29524,29525,2-s2.0-84975767832
29547,29548,2-s2.0-85020173323
29549,29550,2-s2.0-85020162934
29550,29551,2-s2.0-85020160877
29555,29556,2-s2.0-85021323816
29562,29563,2-s2.0-85018426246
29566,29567,2-s2.0-85018385309
29574,29575,2-s2.0-85020534364
29577,29578,2-s2.0-85016263595
29580,29581,2-s2.0-84987625206
29582,29583,2-s2.0-84980410014
29584,29585,2-s2.0-84961214564
29585,29586,2-s2.0-84958553523
29586,29587,2-s2.0-84938631824
29588,29589,2-s2.0-85077195497
29599,29600,2-s2.0-85026231224
29606,29607,2-s2.0-85020869029
29612,29613,2-s2.0-85018395483
29617,29618,2-s2.0-85017369528
29618,29619,2-s2.0-85017223492
29619,29620,2-s2.0-85017151889
29632,29633,2-s2.0-85013243451
29633,29634,2-s2.0-85012225908
29634,29635,2-s2.0-85010638282
29635,29636,2-s2.0-85010300667
29644,29645,2-s2.0-84991387594
29645,29646,2-s2.0-84978701749
29646,29647,2-s2.0-84973130507
29650,29651,2-s2.0-84949506912
29653,29654,2-s2.0-84928345026
29654,29655,2-s2.0-85045077613
29655,29656,2-s2.0-85016495901
29657,29658,2-s2.0-85018527273
29658,29659,2-s2.0-85017267405
29661,29662,2-s2.0-85017256300
29664,29665,2-s2.0-85017243591
29668,29669,2-s2.0-85017237196
29670,29671,2-s2.0-85017218141
29701,29702,2-s2.0-85018242854
29706,29707,2-s2.0-85021784557
29707,29708,2-s2.0-85016408912
29708,29709,2-s2.0-85024394192
29710,29711,2-s2.0-85012031650
29719,29720,2-s2.0-85097484090
29720,29721,2-s2.0-85088685158
29723,29724,2-s2.0-85080890839
29724,29725,2-s2.0-85078485437
29726,29727,2-s2.0-85060060430
29732,29733,2-s2.0-85033703219
29735,29736,2-s2.0-85028245396
29737,29738,2-s2.0-85021273194
29740,29741,2-s2.0-85019074607
29750,29751,2-s2.0-85015980997
29752,29753,2-s2.0-85015205827
29758,29759,2-s2.0-85014991059
29761,29762,2-s2.0-85014668909
29777,29778,2-s2.0-85011636671
29783,29784,2-s2.0-85007143629
29784,29785,2-s2.0-85006150340
29791,29792,2-s2.0-84995579352
29794,29795,2-s2.0-84994050078
29795,29796,2-s2.0-84991764918
29814,29815,2-s2.0-84996618772
29815,29816,2-s2.0-84992317440
29824,29825,2-s2.0-85015816181
29829,29830,2-s2.0-85012055046
29832,29833,2-s2.0-85014048245
29836,29837,2-s2.0-85015395442
29840,29841,2-s2.0-85072249376
29842,29843,2-s2.0-85053413795
29849,29850,2-s2.0-85015741530
29851,29852,2-s2.0-85015732814
29864,29865,2-s2.0-85009067256
29873,29874,2-s2.0-84987642330
29876,29877,2-s2.0-84982843801
29877,29878,2-s2.0-84974851176
29882,29883,2-s2.0-84947792604
29884,29885,2-s2.0-84940570649
29886,29887,2-s2.0-84939228937
29894,29895,2-s2.0-85013468475
29899,29900,2-s2.0-85014005497
29926,29927,2-s2.0-85009253299
29928,29929,2-s2.0-85008418042
29930,29931,2-s2.0-85007137538
29934,29935,2-s2.0-85000352204
29936,29937,2-s2.0-84992366114
29950,29951,2-s2.0-86000458334
29962,29963,2-s2.0-85145145333
29966,29967,2-s2.0-85144466661
29977,29978,2-s2.0-85139566415
29981,29982,2-s2.0-85139304435
29983,29984,2-s2.0-85139251663
29986,29987,2-s2.0-85139208293
29988,29989,2-s2.0-85138958054
29994,29995,2-s2.0-85135593352
29997,29998,2-s2.0-85133038869
30005,30006,2-s2.0-85106880105
30008,30009,2-s2.0-85103830596
30014,30015,2-s2.0-85101986159
30018,30019,2-s2.0-85101959077
30019,30020,2-s2.0-85101959008
30024,30025,2-s2.0-85101908135
30028,30029,2-s2.0-85095723697
30034,30035,2-s2.0-85091076905
30052,30053,2-s2.0-85076314057
30063,30064,2-s2.0-85073365086
30072,30073,2-s2.0-85071446745
30075,30076,2-s2.0-85071422853
30081,30082,2-s2.0-85069177505
30085,30086,2-s2.0-85067469285
30088,30089,2-s2.0-85065692750
30090,30091,2-s2.0-85065309135
30092,30093,2-s2.0-85063614743
30093,30094,2-s2.0-85063550732
30095,30096,2-s2.0-85062463075
30099,30100,2-s2.0-85061160639
30100,30101,2-s2.0-85060785096
30138,30139,2-s2.0-85051442283
30140,30141,2-s2.0-85051438978
30149,30150,2-s2.0-85051423386
30151,30152,2-s2.0-85051419401
30153,30154,2-s2.0-85051414302
30167,30168,2-s2.0-85049240983
30169,30170,2-s2.0-85049230691
30185,30186,2-s2.0-85047536764
30188,30189,2-s2.0-85046420175
30190,30191,2-s2.0-85046296335
30195,30196,2-s2.0-85045984480
30202,30203,2-s2.0-85044829909
30205,30206,2-s2.0-85044643386
30206,30207,2-s2.0-85044610732
30221,30222,2-s2.0-85042600825
30222,30223,2-s2.0-85042599528
30224,30225,2-s2.0-85042589014
30225,30226,2-s2.0-85042588616
30231,30232,2-s2.0-85042467577
30235,30236,2-s2.0-85042421019
30236,30237,2-s2.0-85041916302
30237,30238,2-s2.0-85041845469
30240,30241,2-s2.0-85041535662
30244,30245,2-s2.0-85041443410
30245,30246,2-s2.0-85041441865
30254,30255,2-s2.0-85041133431
30256,30257,2-s2.0-85041126266
30262,30263,2-s2.0-85041098557
30268,30269,2-s2.0-85040714652
30272,30273,2-s2.0-85040254215
30282,30283,2-s2.0-85039903341
30299,30300,2-s2.0-85037856261
30315,30316,2-s2.0-85037157140
30319,30320,2-s2.0-85037033096
30333,30334,2-s2.0-85036457567
30349,30350,2-s2.0-85035340315
30356,30357,2-s2.0-85035329107
30357,30358,2-s2.0-85035326688
30361,30362,2-s2.0-85035117906
30362,30363,2-s2.0-85035115281
30367,30368,2-s2.0-85035028670
30371,30372,2-s2.0-85034970575
30374,30375,2-s2.0-85034781407
30378,30379,2-s2.0-85034765437
30379,30380,2-s2.0-85034762320
30382,30383,2-s2.0-85034740251
30398,30399,2-s2.0-85034238410
30400,30401,2-s2.0-85034235232
30405,30406,2-s2.0-85034226031
30406,30407,2-s2.0-85034220454
30407,30408,2-s2.0-85034210538
30408,30409,2-s2.0-85034210133
30423,30424,2-s2.0-85032499948
30434,30435,2-s2.0-85032332039
30437,30438,2-s2.0-85032012493
30440,30441,2-s2.0-85031818070
30442,30443,2-s2.0-85031779924
30456,30457,2-s2.0-85030769673
30458,30459,2-s2.0-85030766246
30460,30461,2-s2.0-85030762533
30472,30473,2-s2.0-85029842937
30488,30489,2-s2.0-85029523545
30495,30496,2-s2.0-85029473299
30498,30499,2-s2.0-85029447474
30507,30508,2-s2.0-85028948233
30508,30509,2-s2.0-85028935036
30513,30514,2-s2.0-85028775335
30514,30515,2-s2.0-85028770203
30517,30518,2-s2.0-85028621972
30526,30527,2-s2.0-85028346811
30531,30532,2-s2.0-85028309073
30534,30535,2-s2.0-85028298678
30541,30542,2-s2.0-85027993346
30543,30544,2-s2.0-85027977181
30550,30551,2-s2.0-85027846541
30552,30553,2-s2.0-85027519417
30563,30564,2-s2.0-85026781311
30564,30565,2-s2.0-85026743184
30567,30568,2-s2.0-85026655156
30568,30569,2-s2.0-85026641877
30569,30570,2-s2.0-85026555704
30577,30578,2-s2.0-85025627974
30581,30582,2-s2.0-85025457303
30589,30590,2-s2.0-85025153459
30602,30603,2-s2.0-85024482404
30606,30607,2-s2.0-85024126208
30607,30608,2-s2.0-85023780174
30616,30617,2-s2.0-85023173973
30629,30630,2-s2.0-85021803844
30630,30631,2-s2.0-85021788273
30632,30633,2-s2.0-85021779739
30635,30636,2-s2.0-85021727605
30640,30641,2-s2.0-85021699607
30645,30646,2-s2.0-85021438001
30647,30648,2-s2.0-85021431363
30655,30656,2-s2.0-85021147757
30656,30657,2-s2.0-85021128185
30661,30662,2-s2.0-85021082243
30662,30663,2-s2.0-85021046434
30670,30671,2-s2.0-85020774187
30671,30672,2-s2.0-85020736018
30672,30673,2-s2.0-85020671256
30681,30682,2-s2.0-85020465806
30694,30695,2-s2.0-85020203505
30696,30697,2-s2.0-85020091467
30701,30702,2-s2.0-85019761801
30703,30704,2-s2.0-85019744961
30704,30705,2-s2.0-85019658752
30718,30719,2-s2.0-85018710357
30721,30722,2-s2.0-85018531766
30723,30724,2-s2.0-85018462704
30725,30726,2-s2.0-85018416666
30728,30729,2-s2.0-85018343327
30730,30731,2-s2.0-85018287601
30731,30732,2-s2.0-85018240823
30732,30733,2-s2.0-85018239539
30733,30734,2-s2.0-85018164925
30739,30740,2-s2.0-85017202053
30757,30758,2-s2.0-85015209152
30758,30759,2-s2.0-85015208032
30760,30761,2-s2.0-85015167137
30763,30764,2-s2.0-85015155674
30766,30767,2-s2.0-85014781011
30781,30782,2-s2.0-85012899415
30784,30785,2-s2.0-85012225007
30785,30786,2-s2.0-85012201526
30786,30787,2-s2.0-85011857450
30796,30797,2-s2.0-85011269779
30801,30802,2-s2.0-85010699950
30803,30804,2-s2.0-85010685225
30812,30813,2-s2.0-85010066742
30820,30821,2-s2.0-85009960935
30825,30826,2-s2.0-85008498809
30827,30828,2-s2.0-85008261151
30830,30831,2-s2.0-85007371495
30838,30839,2-s2.0-84997173296
30840,30841,2-s2.0-84996799384
30841,30842,2-s2.0-84996527541
30847,30848,2-s2.0-84989327831
30849,30850,2-s2.0-84989220469
30858,30859,2-s2.0-84973816553
30860,30861,2-s2.0-84969264839
30861,30862,2-s2.0-84958078510
30867,30868,2-s2.0-84880408539
30868,30869,2-s2.0-69349102596
30869,30870,2-s2.0-105012016506
30877,30878,2-s2.0-105009803925
30885,30886,2-s2.0-105008630841
30886,30887,2-s2.0-105008620830
30897,30898,2-s2.0-84981502718
30908,30909,2-s2.0-85010791395
30911,30912,2-s2.0-85010390662
30912,30913,2-s2.0-85010384466
30916,30917,2-s2.0-85009830167
30929,30930,2-s2.0-85018981861
30931,30932,2-s2.0-85018335915
30946,30947,2-s2.0-85007236789
30951,30952,2-s2.0-85006841996
30969,30970,2-s2.0-85006054277
30972,30973,2-s2.0-85004009070
30977,30978,2-s2.0-84996486571
30986,30987,2-s2.0-84994330120
30991,30992,2-s2.0-84991079078
31002,31003,2-s2.0-84981203377
31011,31012,2-s2.0-84940706988
31014,31015,2-s2.0-84931858611
31017,31018,2-s2.0-85015017543
31019,31020,2-s2.0-85007165322
31024,31025,2-s2.0-85006925700
31025,31026,2-s2.0-85006925028
31026,31027,2-s2.0-85006922960
31031,31032,2-s2.0-85006869767
31034,31035,2-s2.0-85006840032
31038,31039,2-s2.0-85006830346
31042,31043,2-s2.0-85006826418
31054,31055,2-s2.0-85006817294
31060,31061,2-s2.0-85006804233
31063,31064,2-s2.0-85006801924
31064,31065,2-s2.0-85006797947
31066,31067,2-s2.0-85006789895
31078,31079,2-s2.0-85006757006
31092,31093,2-s2.0-85006699357
31093,31094,2-s2.0-85018637499
31094,31095,2-s2.0-85041225259
31106,31107,2-s2.0-85003021740
31107,31108,2-s2.0-84999808851
31110,31111,2-s2.0-84969832848
31119,31120,2-s2.0-85002373937
31122,31123,2-s2.0-85000786155
31123,31124,2-s2.0-85005993329
31124,31125,2-s2.0-85032102944
31130,31131,2-s2.0-85008163211
31139,31140,2-s2.0-85033683285
31142,31143,2-s2.0-85028254916
31145,31146,2-s2.0-85013382070
31150,31151,2-s2.0-85007189914
31160,31161,2-s2.0-84994638578
31162,31163,2-s2.0-84994441034
31165,31166,2-s2.0-84992695201
31166,31167,2-s2.0-84991706625
31170,31171,2-s2.0-84991384066
31175,31176,2-s2.0-84989869295
31178,31179,2-s2.0-84984628474
31179,31180,2-s2.0-84982281289
31184,31185,2-s2.0-84976433553
31186,31187,2-s2.0-84966705277
31190,31191,2-s2.0-84954567286
31196,31197,2-s2.0-84927949098
31203,31204,2-s2.0-85000501995
31208,31209,2-s2.0-84983770568
31210,31211,2-s2.0-84989229084
31211,31212,2-s2.0-84984697662
31220,31221,2-s2.0-85018568913
31223,31224,2-s2.0-84994381525
31231,31232,2-s2.0-84994495713
31235,31236,2-s2.0-84994112023
31236,31237,2-s2.0-84994096842
31239,31240,2-s2.0-84993159407
31242,31243,2-s2.0-84965028252
31244,31245,2-s2.0-84961203295
31249,31250,2-s2.0-85097376723
31264,31265,2-s2.0-85007398126
31276,31277,2-s2.0-84991677022
31278,31279,2-s2.0-84990929302
31283,31284,2-s2.0-84988448011
31287,31288,2-s2.0-84988354436
31291,31292,2-s2.0-84987881646
31293,31294,2-s2.0-84985919993
31295,31296,2-s2.0-84984823816
31304,31305,2-s2.0-84976307723
31306,31307,2-s2.0-84974851799
31308,31309,2-s2.0-84971280462
31321,31322,2-s2.0-84892418709
31348,31349,2-s2.0-84945242227
31350,31351,2-s2.0-84933556912
31367,31368,2-s2.0-84995679722
31381,31382,2-s2.0-84986587021
31395,31396,2-s2.0-84983801000
31397,31398,2-s2.0-84983335655
31404,31405,2-s2.0-84982881451
31421,31422,2-s2.0-84961832135
31425,31426,2-s2.0-84945260802
31426,31427,2-s2.0-84941347370
31427,31428,2-s2.0-84931846944
31428,31429,2-s2.0-84928740210
31431,31432,2-s2.0-84990944490
31453,31454,2-s2.0-84988499089
31455,31456,2-s2.0-84988452257
31457,31458,2-s2.0-84978664310
31463,31464,2-s2.0-84939510953
31466,31467,2-s2.0-84982131423
31468,31469,2-s2.0-84991489970
31469,31470,2-s2.0-84991489926
31470,31471,2-s2.0-84990044998
31473,31474,2-s2.0-84988912027
31479,31480,2-s2.0-84982182459
31494,31495,2-s2.0-84977598213
31495,31496,2-s2.0-84977550398
31497,31498,2-s2.0-84975275472
31501,31502,2-s2.0-84975128632
31512,31513,2-s2.0-84970973819
31521,31522,2-s2.0-84963614821
31538,31539,2-s2.0-84983450439
31554,31555,2-s2.0-84979740725
31563,31564,2-s2.0-84980030890
31564,31565,2-s2.0-84979753561
31567,31568,2-s2.0-84979527253
31570,31571,2-s2.0-84961923802
31578,31579,2-s2.0-85020393322
31582,31583,2-s2.0-84978932855
31589,31590,2-s2.0-84961864496
31593,31594,2-s2.0-84945157803
31597,31598,2-s2.0-85106443803
31598,31599,2-s2.0-85065091957
31600,31601,2-s2.0-85035043364
31601,31602,2-s2.0-85027934210
31603,31604,2-s2.0-84992468364
31610,31611,2-s2.0-84979697064
31613,31614,2-s2.0-84978896032
31618,31619,2-s2.0-84978164178
31620,31621,2-s2.0-84978120910
31636,31637,2-s2.0-84964964376
31637,31638,2-s2.0-84964963571
31638,31639,2-s2.0-84963701007
31640,31641,2-s2.0-84962132777
31647,31648,2-s2.0-84954433700
31648,31649,2-s2.0-84954413921
31651,31652,2-s2.0-84945162093
31653,31654,2-s2.0-84944544229
31661,31662,2-s2.0-84979529978
31665,31666,2-s2.0-84983356193
31670,31671,2-s2.0-84983339904
31674,31675,2-s2.0-84983319614
31675,31676,2-s2.0-84983316066
31678,31679,2-s2.0-84983311799
31679,31680,2-s2.0-84983304264
31683,31684,2-s2.0-84983284338
31685,31686,2-s2.0-84983283616
31691,31692,2-s2.0-84983261412
31694,31695,2-s2.0-84983242634
31696,31697,2-s2.0-84985963108
31705,31706,2-s2.0-84977569765
31709,31710,2-s2.0-84975230304
31710,31711,2-s2.0-84979785001
31715,31716,2-s2.0-85075401980
31723,31724,2-s2.0-84979663966
31725,31726,2-s2.0-84979073420
31733,31734,2-s2.0-84978052446
31734,31735,2-s2.0-84977580795
31735,31736,2-s2.0-84977134471
31736,31737,2-s2.0-84976592196
31740,31741,2-s2.0-84971657239
31741,31742,2-s2.0-84970016745
31749,31750,2-s2.0-84966560341
31751,31752,2-s2.0-84965126933
31752,31753,2-s2.0-84965082783
31758,31759,2-s2.0-84963692171
31764,31765,2-s2.0-84962376216
31779,31780,2-s2.0-84922124621
31781,31782,2-s2.0-84921326406
31786,31787,2-s2.0-84964553150
31799,31800,2-s2.0-84994681157
31800,31801,2-s2.0-84994672100
31803,31804,2-s2.0-84994644599
31804,31805,2-s2.0-84994637540
31806,31807,2-s2.0-84994631206
31807,31808,2-s2.0-84994627577
31810,31811,2-s2.0-84994609178
31815,31816,2-s2.0-84994559558
31819,31820,2-s2.0-84973659494
31820,31821,2-s2.0-84971655096
31833,31834,2-s2.0-85021122947
31835,31836,2-s2.0-84996484103
31839,31840,2-s2.0-84978872983
31848,31849,2-s2.0-84971508183
31853,31854,2-s2.0-84964600662
31869,31870,2-s2.0-84951953169
31873,31874,2-s2.0-84949555281
31874,31875,2-s2.0-84946423705
31877,31878,2-s2.0-84930741538
31881,31882,2-s2.0-84973664445
31883,31884,2-s2.0-84973621765
31885,31886,2-s2.0-84976492907
31890,31891,2-s2.0-84970021755
31896,31897,2-s2.0-84969980356
31898,31899,2-s2.0-84969972277
31910,31911,2-s2.0-84969921552
31913,31914,2-s2.0-84969921252
31917,31918,2-s2.0-84969909598
31918,31919,2-s2.0-84969909551
31924,31925,2-s2.0-84962274924
31940,31941,2-s2.0-84975284917
31941,31942,2-s2.0-84975258072
31948,31949,2-s2.0-84959220185
31961,31962,2-s2.0-84984846181
31962,31963,2-s2.0-84984829475
31974,31975,2-s2.0-84964749486
31995,31996,2-s2.0-84962759795
31998,31999,2-s2.0-84962641593
31999,32000,2-s2.0-84962630115
32000,32001,2-s2.0-84962629422
32001,32002,2-s2.0-84962091529
32003,32004,2-s2.0-84961211393
32010,32011,2-s2.0-84960532912
32030,32031,2-s2.0-84969651790
32033,32034,2-s2.0-84962167139
32041,32042,2-s2.0-84963532517
32045,32046,2-s2.0-84988432044
32046,32047,2-s2.0-84988385339
32049,32050,2-s2.0-84964674928
32055,32056,2-s2.0-84978971111
32058,32059,2-s2.0-84958113791
32063,32064,2-s2.0-85022176500
32069,32070,2-s2.0-84983018730
32076,32077,2-s2.0-84966318784
32082,32083,2-s2.0-84962355983
32090,32091,2-s2.0-84959464923
32103,32104,2-s2.0-84958055596
32110,32111,2-s2.0-84956544208
32117,32118,2-s2.0-84987707832
32142,32143,2-s2.0-84963815608
32144,32145,2-s2.0-85016497173
32148,32149,2-s2.0-84954377748
32154,32155,2-s2.0-84995704285
32177,32178,2-s2.0-84942354150
32180,32181,2-s2.0-84960154640
32181,32182,2-s2.0-84959470580
32182,32183,2-s2.0-84978112091
32186,32187,2-s2.0-84948809204
32191,32192,2-s2.0-85028256335
32193,32194,2-s2.0-84964422443
32197,32198,2-s2.0-85041660202
32201,32202,2-s2.0-84960232898
32203,32204,2-s2.0-84959372543
32206,32207,2-s2.0-84959192253
32208,32209,2-s2.0-84959079346
32213,32214,2-s2.0-84955725561
32232,32233,2-s2.0-85168464819
32236,32237,2-s2.0-85148127039
32238,32239,2-s2.0-85145478871
32239,32240,2-s2.0-85145269245
32242,32243,2-s2.0-85140329928
32252,32253,2-s2.0-85136963302
32261,32262,2-s2.0-85110768674
32267,32268,2-s2.0-85099322469
32268,32269,2-s2.0-85097997515
32270,32271,2-s2.0-85093962820
32277,32278,2-s2.0-85086849496
32279,32280,2-s2.0-85086546725
32300,32301,2-s2.0-85071437932
32308,32309,2-s2.0-85068882104
32320,32321,2-s2.0-85066269882
32325,32326,2-s2.0-85063836876
32328,32329,2-s2.0-85060576671
32336,32337,2-s2.0-85059846076
32338,32339,2-s2.0-85058509840
32345,32346,2-s2.0-85052784263
32354,32355,2-s2.0-85047231358
32361,32362,2-s2.0-85042553932
32369,32370,2-s2.0-85042529706
32370,32371,2-s2.0-85042529260
32374,32375,2-s2.0-85042521489
32409,32410,2-s2.0-85028700606
32414,32415,2-s2.0-85027025747
32418,32419,2-s2.0-85026659452
32430,32431,2-s2.0-85025467922
32431,32432,2-s2.0-85025467441
32438,32439,2-s2.0-85022341909
32441,32442,2-s2.0-85022084508
32442,32443,2-s2.0-85022049949
32451,32452,2-s2.0-85021661064
32456,32457,2-s2.0-85020815023
32468,32469,2-s2.0-85019423915
32469,32470,2-s2.0-85019196598
32476,32477,2-s2.0-85019002242
32479,32480,2-s2.0-85018967611
32494,32495,2-s2.0-85018916888
32498,32499,2-s2.0-85018912821
32514,32515,2-s2.0-85018882327
32518,32519,2-s2.0-85018871372
32523,32524,2-s2.0-85018863785
32525,32526,2-s2.0-85018860785
32529,32530,2-s2.0-85018641177
32534,32535,2-s2.0-85018581919
32544,32545,2-s2.0-85018320129
32557,32558,2-s2.0-85017588112
32560,32561,2-s2.0-85017177623
32561,32562,2-s2.0-85017171521
32568,32569,2-s2.0-85016951702
32569,32570,2-s2.0-85016798817
32580,32581,2-s2.0-85016455828
32581,32582,2-s2.0-85016428622
32582,32583,2-s2.0-85016422843
32584,32585,2-s2.0-85016135506
32585,32586,2-s2.0-85016130797
32587,32588,2-s2.0-85016105444
32590,32591,2-s2.0-85015984152
32594,32595,2-s2.0-85015239262
32598,32599,2-s2.0-85015153929
32610,32611,2-s2.0-85014120413
32616,32617,2-s2.0-85013884565
32617,32618,2-s2.0-85013676237
32621,32622,2-s2.0-85013350289
32623,32624,2-s2.0-85013082164
32625,32626,2-s2.0-85012932352
32635,32636,2-s2.0-85011685223
32639,32640,2-s2.0-85011097293
32642,32643,2-s2.0-85010961024
32657,32658,2-s2.0-85009675174
32676,32677,2-s2.0-85009152767
32679,32680,2-s2.0-85009059953
32683,32684,2-s2.0-85008352130
32692,32693,2-s2.0-85007450264
32695,32696,2-s2.0-85007374487
32696,32697,2-s2.0-85007370792
32697,32698,2-s2.0-85007061049
32702,32703,2-s2.0-85006856681
32707,32708,2-s2.0-85006761089
32711,32712,2-s2.0-85006485812
32712,32713,2-s2.0-85006375516
32717,32718,2-s2.0-85006054071
32726,32727,2-s2.0-85003451599
32727,32728,2-s2.0-85003443843
32737,32738,2-s2.0-85000866259
32741,32742,2-s2.0-85000580225
32746,32747,2-s2.0-84999289143
32754,32755,2-s2.0-84996931858
32757,32758,2-s2.0-84996848905
32761,32762,2-s2.0-84996605541
32763,32764,2-s2.0-84996566004
32767,32768,2-s2.0-84995752728
32771,32772,2-s2.0-84995676728
32774,32775,2-s2.0-84995514595
32779,32780,2-s2.0-84994851453
32784,32785,2-s2.0-84994474502
32786,32787,2-s2.0-84994297208
32799,32800,2-s2.0-84992588826
32801,32802,2-s2.0-84992562563
32804,32805,2-s2.0-84992482496
32806,32807,2-s2.0-84992391347
32807,32808,2-s2.0-84992166092
32814,32815,2-s2.0-84991045281
32815,32816,2-s2.0-84990859008
32816,32817,2-s2.0-84990397358
32818,32819,2-s2.0-84990050330
32844,32845,2-s2.0-84988039974
32845,32846,2-s2.0-84988026347
32849,32850,2-s2.0-84987947841
32862,32863,2-s2.0-84987740582
32864,32865,2-s2.0-84986556399
32867,32868,2-s2.0-84984924341
32872,32873,2-s2.0-84984698523
32874,32875,2-s2.0-84984650066
32884,32885,2-s2.0-84982883650
32885,32886,2-s2.0-84982273156
32894,32895,2-s2.0-84981318525
32902,32903,2-s2.0-84979523788
32911,32912,2-s2.0-84978945346
32916,32917,2-s2.0-84978884015
32919,32920,2-s2.0-84978870563
32921,32922,2-s2.0-84978863355
32923,32924,2-s2.0-84978842661
32931,32932,2-s2.0-84978304027
32932,32933,2-s2.0-84978296373
32935,32936,2-s2.0-84978288768
32939,32940,2-s2.0-84978245778
32959,32960,2-s2.0-84976520729
32962,32963,2-s2.0-84976466380
32967,32968,2-s2.0-84975840333
32988,32989,2-s2.0-84968901921
32990,32991,2-s2.0-84968698117
33001,33002,2-s2.0-84968571727
33006,33007,2-s2.0-84968542289
33008,33009,2-s2.0-84968531387
33010,33011,2-s2.0-84968531344
33021,33022,2-s2.0-84964325867
33024,33025,2-s2.0-84964026267
33025,33026,2-s2.0-84963815491
33039,33040,2-s2.0-84961918567
33040,33041,2-s2.0-84961644637
33041,33042,2-s2.0-84961262442
33042,33043,2-s2.0-84961210665
33044,33045,2-s2.0-84960940704
33048,33049,2-s2.0-84960447988
33049,33050,2-s2.0-84960440752
33055,33056,2-s2.0-84960328880
33059,33060,2-s2.0-84959522379
33061,33062,2-s2.0-84959420629
33065,33066,2-s2.0-84959215877
33084,33085,2-s2.0-84957690736
33086,33087,2-s2.0-84957431404
33090,33091,2-s2.0-84956835555
33093,33094,2-s2.0-84956587539
33099,33100,2-s2.0-84955105159
33102,33103,2-s2.0-84954403095
33112,33113,2-s2.0-84949092383
33115,33116,2-s2.0-84948845523
33124,33125,2-s2.0-84942935491
33129,33130,2-s2.0-84927539455
33131,33132,2-s2.0-105012681200
33134,33135,2-s2.0-105008162874
33154,33155,2-s2.0-105012966391
33156,33157,2-s2.0-85217784293
33160,33161,2-s2.0-85219701606
33161,33162,2-s2.0-85219692380
33162,33163,2-s2.0-85219352024
33163,33164,2-s2.0-85219015054
33166,33167,2-s2.0-85218684098
33167,33168,2-s2.0-85218248164
33172,33173,2-s2.0-85218166685
33191,33192,2-s2.0-105011687352
33194,33195,2-s2.0-105011144683
33196,33197,2-s2.0-105010620078
33202,33203,2-s2.0-105009970102
33208,33209,2-s2.0-105009549405
33211,33212,2-s2.0-105009535530
33213,33214,2-s2.0-105009206485
33216,33217,2-s2.0-105008570994
33217,33218,2-s2.0-105008552553
33224,33225,2-s2.0-105007733633
33232,33233,2-s2.0-105005797964
33233,33234,2-s2.0-105005794068
33239,33240,2-s2.0-105004433740
33246,33247,2-s2.0-105002943186
33247,33248,2-s2.0-105002896598
33257,33258,2-s2.0-105013812959
33261,33262,2-s2.0-105013507569
33271,33272,2-s2.0-105007814104
33276,33277,2-s2.0-105012390700
33283,33284,2-s2.0-105011346709
33285,33286,2-s2.0-105010676541
33288,33289,2-s2.0-105009417972
33291,33292,2-s2.0-105008286160
33294,33295,2-s2.0-105007796209
33297,33298,2-s2.0-105005505512
33302,33303,2-s2.0-86000744470
33304,33305,2-s2.0-85219685389
33306,33307,2-s2.0-85219159654
33307,33308,2-s2.0-85218906112
33309,33310,2-s2.0-85216976314
33311,33312,2-s2.0-85212123343
33325,33326,2-s2.0-105012284418
33329,33330,2-s2.0-105011515200
33332,33333,2-s2.0-105009850510
33333,33334,2-s2.0-105009833026
33349,33350,2-s2.0-105003712439
33355,33356,2-s2.0-105001030455
33360,33361,2-s2.0-86000524504
33372,33373,2-s2.0-85200971134
33373,33374,2-s2.0-85200035050
33374,33375,2-s2.0-85196711221
33390,33391,2-s2.0-105012291405
33416,33417,2-s2.0-105008915113
33431,33432,2-s2.0-105005890246
33437,33438,2-s2.0-105005108412
33439,33440,2-s2.0-105004463511
33441,33442,2-s2.0-105004304359
33451,33452,2-s2.0-105000991086
33457,33458,2-s2.0-105013655215
33459,33460,2-s2.0-105013623658
33460,33461,2-s2.0-105013619925
33462,33463,2-s2.0-105009271604
33470,33471,2-s2.0-105013071225
33478,33479,2-s2.0-105009278588
33486,33487,2-s2.0-105007932160
33487,33488,2-s2.0-105007775435
33489,33490,2-s2.0-85209206995
33490,33491,2-s2.0-105013009910
33493,33494,2-s2.0-105012916287
33498,33499,2-s2.0-85218782345
33507,33508,2-s2.0-85214711942
33511,33512,2-s2.0-85206807114
33515,33516,2-s2.0-105013812657
33516,33517,2-s2.0-105013751760
33524,33525,2-s2.0-105012290708
33528,33529,2-s2.0-105011733895
33529,33530,2-s2.0-105011705521
33531,33532,2-s2.0-105011676818
33538,33539,2-s2.0-105011544246
33543,33544,2-s2.0-105011507819
33548,33549,2-s2.0-105011498898
33554,33555,2-s2.0-105010938291
33559,33560,2-s2.0-105010587681
33566,33567,2-s2.0-105008697869
33568,33569,2-s2.0-105008021036
33573,33574,2-s2.0-105006888184
33585,33586,2-s2.0-105013335590
33588,33589,2-s2.0-105010871711
33591,33592,2-s2.0-105010089717
33598,33599,2-s2.0-105011873707
33616,33617,2-s2.0-105009363814
33620,33621,2-s2.0-105012208402
33621,33622,2-s2.0-105012185709
33622,33623,2-s2.0-105012181011
33630,33631,2-s2.0-105008579477
33637,33638,2-s2.0-105009235053
33638,33639,2-s2.0-105009232367
33640,33641,2-s2.0-105009227110
33642,33643,2-s2.0-105009219581
33652,33653,2-s2.0-105011411904
33662,33663,2-s2.0-85218827225
33664,33665,2-s2.0-85217981041
33679,33680,2-s2.0-85215369994
33680,33681,2-s2.0-85215223103
33681,33682,2-s2.0-85214934611
33697,33698,2-s2.0-85211170277
33699,33700,2-s2.0-85208454134
33707,33708,2-s2.0-85204174372
33709,33710,2-s2.0-85202886648
33717,33718,2-s2.0-85193041268
33718,33719,2-s2.0-85192002701
33723,33724,2-s2.0-85186208568
33726,33727,2-s2.0-85175802911
33727,33728,2-s2.0-85174959871
33732,33733,2-s2.0-105010587066
33733,33734,2-s2.0-105010356554
33735,33736,2-s2.0-105010281775
33740,33741,2-s2.0-105009908893
33742,33743,2-s2.0-105009881203
33744,33745,2-s2.0-105009624933
33748,33749,2-s2.0-105009375339
33752,33753,2-s2.0-105009292980
33762,33763,2-s2.0-105009252756
33767,33768,2-s2.0-105009019510
33769,33770,2-s2.0-105008957965
33772,33773,2-s2.0-105008915086
33775,33776,2-s2.0-105008174313
33778,33779,2-s2.0-105007786167
33783,33784,2-s2.0-105007733730
33784,33785,2-s2.0-105007730747
33785,33786,2-s2.0-105007652421
33797,33798,2-s2.0-105005977217
33799,33800,2-s2.0-105005971558
33803,33804,2-s2.0-105005210256
33807,33808,2-s2.0-105004219331
33809,33810,2-s2.0-105004041062
33810,33811,2-s2.0-105003918068
33811,33812,2-s2.0-105003875752
33814,33815,2-s2.0-105003560226
33817,33818,2-s2.0-105003312496
33824,33825,2-s2.0-105002319576
33825,33826,2-s2.0-105002292603
33837,33838,2-s2.0-105002701964
33846,33847,2-s2.0-105007725234
33847,33848,2-s2.0-105007677171
33850,33851,2-s2.0-105009217216
33858,33859,2-s2.0-105008927112
33862,33863,2-s2.0-105005989581
33872,33873,2-s2.0-105003982740
33874,33875,2-s2.0-105007288992
33875,33876,2-s2.0-105004481287
33876,33877,2-s2.0-105001846284
33880,33881,2-s2.0-105004453387
33881,33882,2-s2.0-105010803415
33884,33885,2-s2.0-105004405806
33886,33887,2-s2.0-86000663890
33888,33889,2-s2.0-86000521886
33890,33891,2-s2.0-85219133984
33895,33896,2-s2.0-85218773217
33903,33904,2-s2.0-85216339394
33909,33910,2-s2.0-85211361439
33923,33924,2-s2.0-85173678136
33924,33925,2-s2.0-105013137730
33930,33931,2-s2.0-105009749145
33932,33933,2-s2.0-105007951410
33958,33959,2-s2.0-105003814238
33968,33969,2-s2.0-105002495334
33972,33973,2-s2.0-105002267335
33973,33974,2-s2.0-105002263384
33976,33977,2-s2.0-105002229183
33980,33981,2-s2.0-105002011339
33984,33985,2-s2.0-105001366055
33990,33991,2-s2.0-105005277022
33998,33999,2-s2.0-105005748528
34004,34005,2-s2.0-105005380027
34010,34011,2-s2.0-105004289733
34014,34015,2-s2.0-105002953104
34015,34016,2-s2.0-105004049898
34016,34017,2-s2.0-105004006384
34023,34024,2-s2.0-105004782283
34032,34033,2-s2.0-105007010191
34034,34035,2-s2.0-105004786545
34041,34042,2-s2.0-86000426923
34042,34043,2-s2.0-85219745580
34043,34044,2-s2.0-85219735188
34049,34050,2-s2.0-85219053337
34051,34052,2-s2.0-85219004381
34054,34055,2-s2.0-85217973715
34056,34057,2-s2.0-85217950320
34067,34068,2-s2.0-85215362991
34069,34070,2-s2.0-85215002672
34070,34071,2-s2.0-85214796267
34071,34072,2-s2.0-85214664212
34072,34073,2-s2.0-85214575984
34080,34081,2-s2.0-85195292817
34085,34086,2-s2.0-105010883564
34087,34088,2-s2.0-105007532931
34089,34090,2-s2.0-105007097336
34091,34092,2-s2.0-105006656124
34092,34093,2-s2.0-105005963727
34095,34096,2-s2.0-105004596291
34104,34105,2-s2.0-105003848450
34144,34145,2-s2.0-105001636634
34157,34158,2-s2.0-105002337410
34159,34160,2-s2.0-105002336909
34163,34164,2-s2.0-105002320169
34164,34165,2-s2.0-105002318896
34165,34166,2-s2.0-105002316280
34168,34169,2-s2.0-105002315142
34178,34179,2-s2.0-105002298204
34181,34182,2-s2.0-105002290594
34190,34191,2-s2.0-85217753703
34196,34197,2-s2.0-105001806347
34202,34203,2-s2.0-105001854217
34203,34204,2-s2.0-105001088192
34206,34207,2-s2.0-105001081439
34211,34212,2-s2.0-105001673379
34212,34213,2-s2.0-105000214281
34226,34227,2-s2.0-86000629183
34228,34229,2-s2.0-86000577179
34229,34230,2-s2.0-86000461738
34235,34236,2-s2.0-85219718565
34237,34238,2-s2.0-85219093580
34242,34243,2-s2.0-85218085288
34248,34249,2-s2.0-85216835531
34250,34251,2-s2.0-85215759398
34254,34255,2-s2.0-85214452231
34255,34256,2-s2.0-85214085481
34272,34273,2-s2.0-85206078814
34273,34274,2-s2.0-85205593255
34275,34276,2-s2.0-85200115565
34280,34281,2-s2.0-85196267694
34281,34282,2-s2.0-85192187132
34292,34293,2-s2.0-85172100250
34300,34301,2-s2.0-105011938198
34304,34305,2-s2.0-105008914483
34307,34308,2-s2.0-105007243371
34321,34322,2-s2.0-105003727967
34325,34326,2-s2.0-105003016045
34332,34333,2-s2.0-105002055104
34335,34336,2-s2.0-105001972520
34337,34338,2-s2.0-105001957214
34343,34344,2-s2.0-105001637801
34362,34363,2-s2.0-105001155372
34364,34365,2-s2.0-105001136422
34365,34366,2-s2.0-105001126800
34366,34367,2-s2.0-105001089620
34376,34377,2-s2.0-105001070250
34391,34392,2-s2.0-105000061025
34400,34401,2-s2.0-86000267981
34405,34406,2-s2.0-86000223369
34417,34418,2-s2.0-85218930010
34422,34423,2-s2.0-85217809172
34428,34429,2-s2.0-85219506249
34429,34430,2-s2.0-85215010648
34432,34433,2-s2.0-86000715290
34434,34435,2-s2.0-86000186143
34444,34445,2-s2.0-85218907670
34451,34452,2-s2.0-85218449444
34463,34464,2-s2.0-85216255862
34467,34468,2-s2.0-85212795467
34477,34478,2-s2.0-85210355824
34487,34488,2-s2.0-85207879652
34492,34493,2-s2.0-85205269509
34502,34503,2-s2.0-85202917684
34505,34506,2-s2.0-85200338656
34508,34509,2-s2.0-85196643335
34514,34515,2-s2.0-85192863144
34515,34516,2-s2.0-85192861039
34522,34523,2-s2.0-85147504224
34525,34526,2-s2.0-105007334016
34542,34543,2-s2.0-85219412509
34559,34560,2-s2.0-85215837788
34594,34595,2-s2.0-86000458340
34605,34606,2-s2.0-86000374072
34606,34607,2-s2.0-86000373432
34613,34614,2-s2.0-86000308290
34623,34624,2-s2.0-86000018792
34638,34639,2-s2.0-85219554004
34641,34642,2-s2.0-85219510899
34647,34648,2-s2.0-85219111846
34648,34649,2-s2.0-85219073622
34654,34655,2-s2.0-85218976494
34657,34658,2-s2.0-85218879084
34671,34672,2-s2.0-85218753641
34672,34673,2-s2.0-85218737034
34681,34682,2-s2.0-85218691570
34682,34683,2-s2.0-85218689065
34696,34697,2-s2.0-85218081712
34709,34710,2-s2.0-85217875795
34715,34716,2-s2.0-85217838330
34723,34724,2-s2.0-85217655558
34734,34735,2-s2.0-85217521472
34744,34745,2-s2.0-85217298590
34747,34748,2-s2.0-85217231588
34753,34754,2-s2.0-85217174881
34756,34757,2-s2.0-85217157913
34758,34759,2-s2.0-85217136430
34759,34760,2-s2.0-85217117535
34770,34771,2-s2.0-85217035199
34774,34775,2-s2.0-85217022217
34779,34780,2-s2.0-85216853727
34781,34782,2-s2.0-85216811937
34784,34785,2-s2.0-85216793990
34786,34787,2-s2.0-85216751656
34797,34798,2-s2.0-85216504249
34799,34800,2-s2.0-85216469392
34805,34806,2-s2.0-85216376240
34806,34807,2-s2.0-85216375119
34809,34810,2-s2.0-85216232702
34816,34817,2-s2.0-85216010571
34817,34818,2-s2.0-85215999448
34822,34823,2-s2.0-85215953360
34823,34824,2-s2.0-85215951878
34826,34827,2-s2.0-85215936953
34836,34837,2-s2.0-85215605892
34837,34838,2-s2.0-85215587236
34851,34852,2-s2.0-85215227619
34857,34858,2-s2.0-85214991067
34860,34861,2-s2.0-85214927160
34870,34871,2-s2.0-85214580387
34872,34873,2-s2.0-85214520352
34876,34877,2-s2.0-85214419164
34882,34883,2-s2.0-85214389595
34889,34890,2-s2.0-85214132937
34895,34896,2-s2.0-85214086662
34900,34901,2-s2.0-85213896678
34903,34904,2-s2.0-85213825209
34908,34909,2-s2.0-85213535817
34928,34929,2-s2.0-85212153684
34934,34935,2-s2.0-85211373529
34936,34937,2-s2.0-85211325752
34938,34939,2-s2.0-85211142663
34942,34943,2-s2.0-85210176580
34944,34945,2-s2.0-85210130775
34946,34947,2-s2.0-85210025877
34957,34958,2-s2.0-85209589973
34963,34964,2-s2.0-85208552717
34969,34970,2-s2.0-85207831596
34972,34973,2-s2.0-85207478192
34973,34974,2-s2.0-85207456796
34974,34975,2-s2.0-85207262052
34978,34979,2-s2.0-85206637032
34981,34982,2-s2.0-85206486761
34984,34985,2-s2.0-85206478779
34989,34990,2-s2.0-85205484477
34994,34995,2-s2.0-85204239890
34997,34998,2-s2.0-85204029681
35002,35003,2-s2.0-85203308974
35003,35004,2-s2.0-85203183042
35010,35011,2-s2.0-85200206068
35025,35026,2-s2.0-85197625922
35035,35036,2-s2.0-85193989562
35039,35040,2-s2.0-85190996608
35054,35055,2-s2.0-85186226038
35065,35066,2-s2.0-85179954397
35072,35073,2-s2.0-85174201156
35085,35086,2-s2.0-85150814306
35088,35089,2-s2.0-85141082563
35090,35091,2-s2.0-85131381963
35101,35102,2-s2.0-105013780855
35103,35104,2-s2.0-105013764088
35113,35114,2-s2.0-105013742337
35120,35121,2-s2.0-105013655501
35121,35122,2-s2.0-105013655266
35128,35129,2-s2.0-105013617188
35129,35130,2-s2.0-105013597499
35131,35132,2-s2.0-105013588249
35137,35138,2-s2.0-105013580925
35140,35141,2-s2.0-105013570504
35143,35144,2-s2.0-105013564437
35146,35147,2-s2.0-105013561752
35149,35150,2-s2.0-105013557681
35151,35152,2-s2.0-105013554479
35172,35173,2-s2.0-105013481155
35178,35179,2-s2.0-105013387671
35191,35192,2-s2.0-105013168139
35205,35206,2-s2.0-105013117120
35211,35212,2-s2.0-105013097991
35222,35223,2-s2.0-105013028006
35224,35225,2-s2.0-105013027591
35225,35226,2-s2.0-105013027189
35229,35230,2-s2.0-105013022604
35235,35236,2-s2.0-105013019777
35243,35244,2-s2.0-105012977580
35245,35246,2-s2.0-105012969769
35246,35247,2-s2.0-105012961815
35259,35260,2-s2.0-105012882112
35267,35268,2-s2.0-105012769855
35270,35271,2-s2.0-105012732113
35273,35274,2-s2.0-105012695907
35283,35284,2-s2.0-105012651279
35287,35288,2-s2.0-105012595061
35289,35290,2-s2.0-105012591090
35290,35291,2-s2.0-105012585465
35293,35294,2-s2.0-105012549365
35294,35295,2-s2.0-105012512699
35296,35297,2-s2.0-105012494096
35305,35306,2-s2.0-105012424215
35314,35315,2-s2.0-105012389286
35320,35321,2-s2.0-105012310673
35324,35325,2-s2.0-105012282322
35329,35330,2-s2.0-105012221208
35331,35332,2-s2.0-105012185104
35332,35333,2-s2.0-105012180231
35334,35335,2-s2.0-105012174749
35338,35339,2-s2.0-105012153267
35365,35366,2-s2.0-105011993907
35371,35372,2-s2.0-105011965279
35375,35376,2-s2.0-105011954450
35377,35378,2-s2.0-105011949578
35384,35385,2-s2.0-105011848801
35386,35387,2-s2.0-105011828967
35390,35391,2-s2.0-105011823875
35392,35393,2-s2.0-105011819601
35394,35395,2-s2.0-105011817993
35405,35406,2-s2.0-105011723810
35410,35411,2-s2.0-105011682700
35416,35417,2-s2.0-105011589261
35423,35424,2-s2.0-105011508913
35425,35426,2-s2.0-105011495420
35437,35438,2-s2.0-105011358069
35446,35447,2-s2.0-105011200980
35447,35448,2-s2.0-105011187201
35448,35449,2-s2.0-105011165981
35452,35453,2-s2.0-105011098699
35454,35455,2-s2.0-105011076490
35464,35465,2-s2.0-105011041631
35467,35468,2-s2.0-105010973137
35470,35471,2-s2.0-105010960039
35477,35478,2-s2.0-105010916903
35478,35479,2-s2.0-105010916722
35502,35503,2-s2.0-105010642806
35507,35508,2-s2.0-105010604690
35509,35510,2-s2.0-105010601452
35513,35514,2-s2.0-105010579848
35518,35519,2-s2.0-105010495561
35519,35520,2-s2.0-105010473437
35528,35529,2-s2.0-105010261920
35538,35539,2-s2.0-105010094404
35539,35540,2-s2.0-105010062633
35540,35541,2-s2.0-105010058898
35544,35545,2-s2.0-105010005601
35548,35549,2-s2.0-105009966552
35551,35552,2-s2.0-105009908854
35552,35553,2-s2.0-105009903035
35556,35557,2-s2.0-105009882680
35558,35559,2-s2.0-105009875156
35563,35564,2-s2.0-105009802286
35564,35565,2-s2.0-105009777224
35566,35567,2-s2.0-105009745614
35575,35576,2-s2.0-105009547923
35577,35578,2-s2.0-105009540109
35581,35582,2-s2.0-105009523908
35582,35583,2-s2.0-105009523480
35590,35591,2-s2.0-105009466652
35598,35599,2-s2.0-105009399586
35599,35600,2-s2.0-105009359605
35604,35605,2-s2.0-105009328121
35605,35606,2-s2.0-105009300979
35607,35608,2-s2.0-105009286698
35618,35619,2-s2.0-105009230451
35636,35637,2-s2.0-105009094286
35640,35641,2-s2.0-105009076694
35645,35646,2-s2.0-105009032013
35651,35652,2-s2.0-105008939741
35660,35661,2-s2.0-105008755214
35670,35671,2-s2.0-105008655854
35673,35674,2-s2.0-105008555559
35677,35678,2-s2.0-105008516937
35682,35683,2-s2.0-105008490732
35684,35685,2-s2.0-105008471609
35692,35693,2-s2.0-105008371306
35702,35703,2-s2.0-105008265847
35714,35715,2-s2.0-105008223623
35720,35721,2-s2.0-105008212604
35725,35726,2-s2.0-105008208756
35735,35736,2-s2.0-105008202413
35746,35747,2-s2.0-105008193181
35751,35752,2-s2.0-105008185755
35754,35755,2-s2.0-105008181002
35758,35759,2-s2.0-105008177908
35760,35761,2-s2.0-105008177376
35761,35762,2-s2.0-105008177287
35763,35764,2-s2.0-105008175916
35764,35765,2-s2.0-105008160075
35768,35769,2-s2.0-105008020229
35783,35784,2-s2.0-105007844331
35787,35788,2-s2.0-105007797103
35788,35789,2-s2.0-105007780518
35793,35794,2-s2.0-105007758313
35794,35795,2-s2.0-105007752970
35799,35800,2-s2.0-105007675286
35803,35804,2-s2.0-105007648397
35808,35809,2-s2.0-105007562638
35809,35810,2-s2.0-105007558581
35818,35819,2-s2.0-105007442566
35820,35821,2-s2.0-105007435871
35821,35822,2-s2.0-105007434071
35829,35830,2-s2.0-105007411545
35848,35849,2-s2.0-105007249322
35849,35850,2-s2.0-105007243092
35850,35851,2-s2.0-105007241434
35871,35872,2-s2.0-105007040512
35882,35883,2-s2.0-105006983934
35883,35884,2-s2.0-105006975495
35884,35885,2-s2.0-105006967338
35891,35892,2-s2.0-105006901598
35899,35900,2-s2.0-105006845961
35900,35901,2-s2.0-105006845800
35910,35911,2-s2.0-105006815634
35914,35915,2-s2.0-105006805124
35915,35916,2-s2.0-105006790058
35921,35922,2-s2.0-105006745707
35928,35929,2-s2.0-105006625014
35932,35933,2-s2.0-105006563531
35933,35934,2-s2.0-105006530454
35936,35937,2-s2.0-105006476488
35947,35948,2-s2.0-105005910132
35950,35951,2-s2.0-105005901604
35964,35965,2-s2.0-105005810557
35965,35966,2-s2.0-105005806407
35966,35967,2-s2.0-105005802743
35968,35969,2-s2.0-105005789311
35969,35970,2-s2.0-105005785574
35980,35981,2-s2.0-105005712646
36000,36001,2-s2.0-105005422977
36010,36011,2-s2.0-105005231187
36012,36013,2-s2.0-105005188280
36023,36024,2-s2.0-105005138598
36031,36032,2-s2.0-105005064139
36032,36033,2-s2.0-105005062138
36034,36035,2-s2.0-105005056630
36036,36037,2-s2.0-105005054196
36046,36047,2-s2.0-105004997757
36048,36049,2-s2.0-105004984488
36050,36051,2-s2.0-105004982714
36059,36060,2-s2.0-105004882045
36062,36063,2-s2.0-105004836997
36066,36067,2-s2.0-105004777529
36071,36072,2-s2.0-105004734095
36079,36080,2-s2.0-105004621183
36081,36082,2-s2.0-105004616779
36085,36086,2-s2.0-105004611758
36086,36087,2-s2.0-105004610885
36087,36088,2-s2.0-105004609733
36095,36096,2-s2.0-105004550258
36097,36098,2-s2.0-105004479762
36102,36103,2-s2.0-105004451568
36105,36106,2-s2.0-105004437107
36106,36107,2-s2.0-105004436503
36110,36111,2-s2.0-105004370802
36111,36112,2-s2.0-105004362790
36112,36113,2-s2.0-105004349706
36117,36118,2-s2.0-105004340736
36119,36120,2-s2.0-105004279843
36129,36130,2-s2.0-105004072120
36135,36136,2-s2.0-105004037533
36143,36144,2-s2.0-105004001094
36145,36146,2-s2.0-105003975339
36148,36149,2-s2.0-105003929502
36150,36151,2-s2.0-105003909453
36151,36152,2-s2.0-105003905533
36154,36155,2-s2.0-105003872508
36158,36159,2-s2.0-105003774979
36165,36166,2-s2.0-105003749596
36168,36169,2-s2.0-105003726602
36169,36170,2-s2.0-105003724892
36170,36171,2-s2.0-105003724338
36173,36174,2-s2.0-105003701323
36175,36176,2-s2.0-105003677637
36179,36180,2-s2.0-105003640984
36186,36187,2-s2.0-105003638244
36187,36188,2-s2.0-105003633443
36189,36190,2-s2.0-105003631517
36199,36200,2-s2.0-105003589022
36202,36203,2-s2.0-105003532295
36208,36209,2-s2.0-105003430687
36211,36212,2-s2.0-105003418818
36216,36217,2-s2.0-105003393816
36221,36222,2-s2.0-105003338507
36223,36224,2-s2.0-105003323700
36234,36235,2-s2.0-105003232607
36236,36237,2-s2.0-105003207846
36238,36239,2-s2.0-105003204606
36239,36240,2-s2.0-105003196294
36242,36243,2-s2.0-105003194210
36256,36257,2-s2.0-105003027045
36258,36259,2-s2.0-105002972886
36263,36264,2-s2.0-105002789450
36264,36265,2-s2.0-105002786316
36273,36274,2-s2.0-105002730588
36284,36285,2-s2.0-105002637420
36285,36286,2-s2.0-105002619195
36286,36287,2-s2.0-105002604733
36288,36289,2-s2.0-105002592510
36298,36299,2-s2.0-105002452777
36299,36300,2-s2.0-105002439415
36300,36301,2-s2.0-105002437290
36303,36304,2-s2.0-105002429959
36304,36305,2-s2.0-105002427879
36305,36306,2-s2.0-105002425941
36310,36311,2-s2.0-105002364616
36329,36330,2-s2.0-105002133234
36330,36331,2-s2.0-105002129392
36331,36332,2-s2.0-105002074838
36333,36334,2-s2.0-105002050895
36334,36335,2-s2.0-105002045625
36344,36345,2-s2.0-105001990229
36345,36346,2-s2.0-105001988805
36347,36348,2-s2.0-105001977097
36349,36350,2-s2.0-105001962134
36353,36354,2-s2.0-105001939376
36356,36357,2-s2.0-105001877320
36364,36365,2-s2.0-105001830132
36367,36368,2-s2.0-105001822129
36369,36370,2-s2.0-105001806298
36375,36376,2-s2.0-105001745708
36379,36380,2-s2.0-105001718655
36385,36386,2-s2.0-105001591530
36390,36391,2-s2.0-105001569855
36400,36401,2-s2.0-105001474432
36405,36406,2-s2.0-105001419953
36409,36410,2-s2.0-105001414169
36410,36411,2-s2.0-105001410926
36416,36417,2-s2.0-105001369923
36417,36418,2-s2.0-105001364265
36426,36427,2-s2.0-105001338784
36429,36430,2-s2.0-105001310082
36432,36433,2-s2.0-105001293038
36437,36438,2-s2.0-105001256732
36442,36443,2-s2.0-105001203983
36447,36448,2-s2.0-105001168177
36448,36449,2-s2.0-105001139977
36450,36451,2-s2.0-105001132200
36455,36456,2-s2.0-105001070652
36457,36458,2-s2.0-105001048707
36464,36465,2-s2.0-105000974202
36474,36475,2-s2.0-105000727660
36489,36490,2-s2.0-105000469359
36494,36495,2-s2.0-105000410107
36502,36503,2-s2.0-105000223949
36503,36504,2-s2.0-105000203597
36504,36505,2-s2.0-105000194188
36508,36509,2-s2.0-105000143573
36513,36514,2-s2.0-105000104479
36515,36516,2-s2.0-105000080050
36516,36517,2-s2.0-105000078795
36522,36523,2-s2.0-85214425273
36535,36536,2-s2.0-85212019769
36537,36538,2-s2.0-85212791938
36539,36540,2-s2.0-105008604727
36541,36542,2-s2.0-105008595697
36545,36546,2-s2.0-85213032048
36548,36549,2-s2.0-85209952664
36554,36555,2-s2.0-85212977042
36555,36556,2-s2.0-85212970776
36556,36557,2-s2.0-85212967899
36558,36559,2-s2.0-85212963898
36570,36571,2-s2.0-105005817818
36574,36575,2-s2.0-85219123765
36577,36578,2-s2.0-85218462356
36585,36586,2-s2.0-85217407195
36594,36595,2-s2.0-85215072231
36598,36599,2-s2.0-85214406854
36599,36600,2-s2.0-85214259683
36610,36611,2-s2.0-85213429789
36612,36613,2-s2.0-85213411121
36622,36623,2-s2.0-85212686650
36625,36626,2-s2.0-85212656242
36626,36627,2-s2.0-85212624625
36629,36630,2-s2.0-85212599981
36630,36631,2-s2.0-85212598175
36636,36637,2-s2.0-85212074891
36637,36638,2-s2.0-85212023997
36641,36642,2-s2.0-85211781929
36647,36648,2-s2.0-85211373844
36658,36659,2-s2.0-85211114811
36664,36665,2-s2.0-85211008944
36673,36674,2-s2.0-85210391958
36675,36676,2-s2.0-85210172032
36679,36680,2-s2.0-85209802405
36681,36682,2-s2.0-85209717570
36686,36687,2-s2.0-85209481089
36692,36693,2-s2.0-85209152948
36695,36696,2-s2.0-85208602816
36700,36701,2-s2.0-85208143743
36707,36708,2-s2.0-85207854858
36709,36710,2-s2.0-85207812188
36710,36711,2-s2.0-85207782302
36711,36712,2-s2.0-85207685151
36716,36717,2-s2.0-85206850227
36721,36722,2-s2.0-85206540609
36727,36728,2-s2.0-85205997554
36735,36736,2-s2.0-85205773150
36745,36746,2-s2.0-85205136857
36748,36749,2-s2.0-85204777872
36749,36750,2-s2.0-85204756746
36754,36755,2-s2.0-85204313587
36761,36762,2-s2.0-85204056536
36765,36766,2-s2.0-85203620103
36767,36768,2-s2.0-85203534726
36768,36769,2-s2.0-85203310807
36771,36772,2-s2.0-85203124307
36783,36784,2-s2.0-85201406415
36803,36804,2-s2.0-85197412637
36804,36805,2-s2.0-85197379395
36806,36807,2-s2.0-85196804274
36810,36811,2-s2.0-85196319076
36814,36815,2-s2.0-85195422616
36825,36826,2-s2.0-85192135263
36826,36827,2-s2.0-85192055625
36828,36829,2-s2.0-85191724057
36845,36846,2-s2.0-85188156641
36846,36847,2-s2.0-85188052175
36850,36851,2-s2.0-85186581331
36860,36861,2-s2.0-85182993005
36863,36864,2-s2.0-85181729378
36868,36869,2-s2.0-85174502059
36872,36873,2-s2.0-85171376505
36877,36878,2-s2.0-85163722263
36880,36881,2-s2.0-85161520884
36882,36883,2-s2.0-85142377664
36884,36885,2-s2.0-105011382048
36893,36894,2-s2.0-105000760763
36900,36901,2-s2.0-85189954271
36902,36903,2-s2.0-86000207331
36913,36914,2-s2.0-85212896108
36919,36920,2-s2.0-105001887845
36930,36931,2-s2.0-85210261260
36941,36942,2-s2.0-85208390971
36954,36955,2-s2.0-85215594166
36955,36956,2-s2.0-85215592053
36962,36963,2-s2.0-85215559728
36966,36967,2-s2.0-85215363062
36967,36968,2-s2.0-85212048475
36969,36970,2-s2.0-85211577384
36971,36972,2-s2.0-85211162598
36979,36980,2-s2.0-85210598836
36982,36983,2-s2.0-85210439345
36985,36986,2-s2.0-85210371277
36992,36993,2-s2.0-85209920249
36998,36999,2-s2.0-85208756370
37006,37007,2-s2.0-85205460951
37033,37034,2-s2.0-85200043182
37044,37045,2-s2.0-85197423836
37049,37050,2-s2.0-85192259881
37051,37052,2-s2.0-85191973774
37055,37056,2-s2.0-85189471293
37065,37066,2-s2.0-85142096059
37070,37071,2-s2.0-85212584398
37078,37079,2-s2.0-85201099976
37079,37080,2-s2.0-85216347068
37080,37081,2-s2.0-85209093868
37086,37087,2-s2.0-85206414827
37094,37095,2-s2.0-85207187754
37101,37102,2-s2.0-85207161465
37105,37106,2-s2.0-85207093578
37106,37107,2-s2.0-85207072657
37108,37109,2-s2.0-85219707644
37113,37114,2-s2.0-85211452304
37132,37133,2-s2.0-85207721898
37134,37135,2-s2.0-85207721309
37135,37136,2-s2.0-85207720058
37147,37148,2-s2.0-85207309200
37148,37149,2-s2.0-85207188946
37154,37155,2-s2.0-85204991820
37160,37161,2-s2.0-85202010912
37170,37171,2-s2.0-85200342951
37171,37172,2-s2.0-85200150394
37175,37176,2-s2.0-85199485925
37177,37178,2-s2.0-85199430039
37180,37181,2-s2.0-85199424985
37183,37184,2-s2.0-85198419200
37184,37185,2-s2.0-85198129853
37187,37188,2-s2.0-85197922988
37188,37189,2-s2.0-85197653231
37194,37195,2-s2.0-85196530207
37196,37197,2-s2.0-85196270090
37198,37199,2-s2.0-85196003388
37212,37213,2-s2.0-85193278978
37213,37214,2-s2.0-85192975858
37216,37217,2-s2.0-85190496293
37229,37230,2-s2.0-85179366348
37230,37231,2-s2.0-85178951878
37232,37233,2-s2.0-85167831686
37233,37234,2-s2.0-85166353121
37236,37237,2-s2.0-85161418072
37241,37242,2-s2.0-85132381989
37245,37246,2-s2.0-85207168976
37248,37249,2-s2.0-85196936144
37249,37250,2-s2.0-105007128887
37254,37255,2-s2.0-85209182522
37260,37261,2-s2.0-85206085416
37261,37262,2-s2.0-85204981116
37269,37270,2-s2.0-105007490589
37272,37273,2-s2.0-85206072020
37274,37275,2-s2.0-85204385477
37277,37278,2-s2.0-85202268112
37278,37279,2-s2.0-85204757836
37279,37280,2-s2.0-86000333943
37280,37281,2-s2.0-85218948211
37282,37283,2-s2.0-85218803927
37287,37288,2-s2.0-85215086790
37295,37296,2-s2.0-85209766579
37302,37303,2-s2.0-85209734101
37307,37308,2-s2.0-85209179834
37310,37311,2-s2.0-85206474863
37313,37314,2-s2.0-85206256937
37321,37322,2-s2.0-85205225027
37325,37326,2-s2.0-85205043290
37328,37329,2-s2.0-85204339580
37337,37338,2-s2.0-85203553003
37343,37344,2-s2.0-85201562042
37350,37351,2-s2.0-85201280129
37352,37353,2-s2.0-85200796073
37353,37354,2-s2.0-85200791631
37384,37385,2-s2.0-85197561625
37387,37388,2-s2.0-85196827699
37394,37395,2-s2.0-85195416639
37406,37407,2-s2.0-85192185276
37412,37413,2-s2.0-85190464106
37416,37417,2-s2.0-85186563383
37418,37419,2-s2.0-85185923620
37426,37427,2-s2.0-85165330112
37435,37436,2-s2.0-105013759811
37440,37441,2-s2.0-85205906936
37459,37460,2-s2.0-85201575781
37471,37472,2-s2.0-85200446065
37472,37473,2-s2.0-85204273036
37474,37475,2-s2.0-85211987004
37476,37477,2-s2.0-85198136169
37479,37480,2-s2.0-85207296362
37485,37486,2-s2.0-85204617031
37495,37496,2-s2.0-85202753582
37508,37509,2-s2.0-85202481073
37509,37510,2-s2.0-85202478289
37518,37519,2-s2.0-85201483316
37530,37531,2-s2.0-85199543735
37533,37534,2-s2.0-85199167468
37536,37537,2-s2.0-85198078422
37546,37547,2-s2.0-85195858920
37552,37553,2-s2.0-85194269463
37556,37557,2-s2.0-85194177017
37561,37562,2-s2.0-85193228413
37571,37572,2-s2.0-85191331663
37577,37578,2-s2.0-85188475935
37584,37585,2-s2.0-85185444341
37589,37590,2-s2.0-85182233319
37590,37591,2-s2.0-85180195547
37602,37603,2-s2.0-85148625182
37603,37604,2-s2.0-85143147385
37611,37612,2-s2.0-85197876154
37617,37618,2-s2.0-85202714465
37618,37619,2-s2.0-85200546534
37619,37620,2-s2.0-85200545465
37626,37627,2-s2.0-85201111332
37628,37629,2-s2.0-85201105461
37629,37630,2-s2.0-85201101652
37632,37633,2-s2.0-85201085815
37663,37664,2-s2.0-85208726480
37665,37666,2-s2.0-85208712814
37666,37667,2-s2.0-85208711351
37671,37672,2-s2.0-85208629300
37677,37678,2-s2.0-85206514483
37681,37682,2-s2.0-85205449048
37684,37685,2-s2.0-85204347663
37688,37689,2-s2.0-85201900057
37723,37724,2-s2.0-85199126666
37728,37729,2-s2.0-85198110248
37729,37730,2-s2.0-85197455799
37732,37733,2-s2.0-85197380951
37745,37746,2-s2.0-85193295162
37746,37747,2-s2.0-85192994497
37748,37749,2-s2.0-85192090223
37762,37763,2-s2.0-85183044748
37770,37771,2-s2.0-85178233435
37771,37772,2-s2.0-85171560208
37777,37778,2-s2.0-85159069950
37791,37792,2-s2.0-85200904614
37795,37796,2-s2.0-85202079937
37796,37797,2-s2.0-85202079361
37798,37799,2-s2.0-85202078733
37801,37802,2-s2.0-85202078078
37818,37819,2-s2.0-85202072002
37819,37820,2-s2.0-85202071360
37821,37822,2-s2.0-85202070548
37825,37826,2-s2.0-85202068809
37827,37828,2-s2.0-85202068507
37828,37829,2-s2.0-85202068489
37832,37833,2-s2.0-85202066910
37840,37841,2-s2.0-85202065118
37849,37850,2-s2.0-85202063265
37860,37861,2-s2.0-85202059853
37864,37865,2-s2.0-85202057666
37866,37867,2-s2.0-85202056735
37871,37872,2-s2.0-85202055277
37873,37874,2-s2.0-85202054955
37875,37876,2-s2.0-85202054096
37877,37878,2-s2.0-85202053091
37880,37881,2-s2.0-85202051962
37883,37884,2-s2.0-85202050888
37885,37886,2-s2.0-85202050533
37891,37892,2-s2.0-85202048684
37893,37894,2-s2.0-85202047709
37894,37895,2-s2.0-85202047392
37895,37896,2-s2.0-85202046866
37896,37897,2-s2.0-85202046218
37899,37900,2-s2.0-85202045448
37900,37901,2-s2.0-85202044741
37901,37902,2-s2.0-85202044003
37904,37905,2-s2.0-85202043046
37907,37908,2-s2.0-85202042220
37915,37916,2-s2.0-85202038760
37916,37917,2-s2.0-85202038685
37918,37919,2-s2.0-85202038119
37928,37929,2-s2.0-85202035389
37930,37931,2-s2.0-85202035112
37934,37935,2-s2.0-85202033822
37942,37943,2-s2.0-85202031718
37945,37946,2-s2.0-85202030931
37957,37958,2-s2.0-85202024125
37962,37963,2-s2.0-85202022668
37970,37971,2-s2.0-85202020829
37992,37993,2-s2.0-85202015014
38000,38001,2-s2.0-85202013752
38010,38011,2-s2.0-85202011833
38015,38016,2-s2.0-85202010284
38021,38022,2-s2.0-85205367598
38025,38026,2-s2.0-85198345614
38031,38032,2-s2.0-85197935528
38040,38041,2-s2.0-85196812098
38042,38043,2-s2.0-85193734230
38043,38044,2-s2.0-85192807229
38044,38045,2-s2.0-85196548022
38086,38087,2-s2.0-85198751143
38089,38090,2-s2.0-85198387553
38097,38098,2-s2.0-85197805110
38111,38112,2-s2.0-85197137684
38114,38115,2-s2.0-85196904044
38128,38129,2-s2.0-85195483744
38129,38130,2-s2.0-85195462727
38130,38131,2-s2.0-85195439225
38131,38132,2-s2.0-85195167064
38140,38141,2-s2.0-85193696785
38142,38143,2-s2.0-85193619888
38143,38144,2-s2.0-85193597476
38144,38145,2-s2.0-85193470027
38148,38149,2-s2.0-85193028083
38150,38151,2-s2.0-85192839063
38152,38153,2-s2.0-85192383806
38156,38157,2-s2.0-85192320826
38163,38164,2-s2.0-85191722632
38168,38169,2-s2.0-85190728014
38169,38170,2-s2.0-85190673300
38175,38176,2-s2.0-85189967249
38177,38178,2-s2.0-85189889528
38180,38181,2-s2.0-85189538987
38184,38185,2-s2.0-85189164813
38192,38193,2-s2.0-85187577946
38193,38194,2-s2.0-85187241726
38204,38205,2-s2.0-85183016539
38205,38206,2-s2.0-85182946901
38210,38211,2-s2.0-85182461519
38214,38215,2-s2.0-85181741498
38217,38218,2-s2.0-85179311876
38223,38224,2-s2.0-85176767409
38229,38230,2-s2.0-85171667683
38234,38235,2-s2.0-85163042546
38240,38241,2-s2.0-85153191464
38250,38251,2-s2.0-85131077745
38258,38259,2-s2.0-85194822872
38262,38263,2-s2.0-85194770888
38264,38265,2-s2.0-85194745013
38269,38270,2-s2.0-85194715721
38275,38276,2-s2.0-85196242299
38278,38279,2-s2.0-85194073871
38281,38282,2-s2.0-85191960483
38290,38291,2-s2.0-85199026830
38291,38292,2-s2.0-85196236209
38306,38307,2-s2.0-85202904521
38308,38309,2-s2.0-85202182687
38313,38314,2-s2.0-85200133905
38318,38319,2-s2.0-85197860429
38324,38325,2-s2.0-85195610156
38325,38326,2-s2.0-85195605656
38334,38335,2-s2.0-85194384704
38343,38344,2-s2.0-85194187086
38344,38345,2-s2.0-85194173274
38350,38351,2-s2.0-85193062093
38364,38365,2-s2.0-85189084915
38370,38371,2-s2.0-85187908581
38371,38372,2-s2.0-85187621822
38374,38375,2-s2.0-85186463739
38386,38387,2-s2.0-85174602790
38390,38391,2-s2.0-85164168215
38392,38393,2-s2.0-85147382776
38398,38399,2-s2.0-85193022088
38399,38400,2-s2.0-85193020123
38407,38408,2-s2.0-85192993821
38411,38412,2-s2.0-85192845422
38427,38428,2-s2.0-85191946880
38429,38430,2-s2.0-85192568710
38433,38434,2-s2.0-85199519432
38435,38436,2-s2.0-85195559280
38439,38440,2-s2.0-85191014418
38440,38441,2-s2.0-85191009093
38463,38464,2-s2.0-85190692946
38478,38479,2-s2.0-85195288817
38482,38483,2-s2.0-85194147476
38484,38485,2-s2.0-85193749736
38486,38487,2-s2.0-85193351442
38494,38495,2-s2.0-85191568759
38513,38514,2-s2.0-85189336994
38519,38520,2-s2.0-85187194189
38523,38524,2-s2.0-85186547861
38532,38533,2-s2.0-85183834467
38536,38537,2-s2.0-85180189256
38543,38544,2-s2.0-85175536427
38548,38549,2-s2.0-85173524878
38552,38553,2-s2.0-85166581713
38564,38565,2-s2.0-85143706945
38572,38573,2-s2.0-85137785840
38579,38580,2-s2.0-85128820587
38585,38586,2-s2.0-85189970378
38588,38589,2-s2.0-85189329651
38599,38600,2-s2.0-85190885726
38601,38602,2-s2.0-85187550547
38608,38609,2-s2.0-85189165934
38612,38613,2-s2.0-85189136990
38619,38620,2-s2.0-85189345052
38624,38625,2-s2.0-85188447875
38630,38631,2-s2.0-85189238564
38632,38633,2-s2.0-85217432180
38639,38640,2-s2.0-85201199382
38641,38642,2-s2.0-85200042905
38646,38647,2-s2.0-85194771788
38647,38648,2-s2.0-85193973030
38653,38654,2-s2.0-85192005465
38659,38660,2-s2.0-85189482205
38668,38669,2-s2.0-85188820073
38680,38681,2-s2.0-85187724645
38681,38682,2-s2.0-85187201380
38694,38695,2-s2.0-85185397639
38695,38696,2-s2.0-85185305361
38696,38697,2-s2.0-85185185530
38697,38698,2-s2.0-85185172892
38701,38702,2-s2.0-85183945090
38703,38704,2-s2.0-85183832474
38710,38711,2-s2.0-85180525115
38712,38713,2-s2.0-85179923688
38714,38715,2-s2.0-85179618462
38718,38719,2-s2.0-85174606899
38719,38720,2-s2.0-85174230938
38726,38727,2-s2.0-85163290659
38727,38728,2-s2.0-85160699137
38735,38736,2-s2.0-85141749963
38744,38745,2-s2.0-85189130386
38745,38746,2-s2.0-85189128988
38746,38747,2-s2.0-85189063986
38753,38754,2-s2.0-85186524913
38754,38755,2-s2.0-85186521592
38756,38757,2-s2.0-85186518543
38759,38760,2-s2.0-85186517704
38769,38770,2-s2.0-105007492538
38774,38775,2-s2.0-85189971186
38775,38776,2-s2.0-85184613415
38778,38779,2-s2.0-85184589962
38779,38780,2-s2.0-85184583490
38806,38807,2-s2.0-85187299335
38807,38808,2-s2.0-85187295536
38821,38822,2-s2.0-85185930352
38822,38823,2-s2.0-85185908404
38824,38825,2-s2.0-85185553677
38829,38830,2-s2.0-85184379084
38860,38861,2-s2.0-85153773904
38861,38862,2-s2.0-85142379755
38864,38865,2-s2.0-85137924413
38875,38876,2-s2.0-85201014912
38876,38877,2-s2.0-85193947328
38877,38878,2-s2.0-85184613340
38891,38892,2-s2.0-85182569491
38897,38898,2-s2.0-85173497048
38898,38899,2-s2.0-85164359269
38900,38901,2-s2.0-86000628331
38901,38902,2-s2.0-86000621682
38902,38903,2-s2.0-86000613762
38909,38910,2-s2.0-86000261078
38910,38911,2-s2.0-86000252954
38913,38914,2-s2.0-86000096993
38920,38921,2-s2.0-86000028935
38921,38922,2-s2.0-86000022416
38929,38930,2-s2.0-85219475011
38940,38941,2-s2.0-85219346475
38943,38944,2-s2.0-85219308837
38949,38950,2-s2.0-85219267283
38953,38954,2-s2.0-85219227876
38956,38957,2-s2.0-85219166175
38958,38959,2-s2.0-85219137629
38962,38963,2-s2.0-85218886327
38963,38964,2-s2.0-85218884017
38964,38965,2-s2.0-85218783121
38969,38970,2-s2.0-85218666199
38973,38974,2-s2.0-85218652701
38977,38978,2-s2.0-85218647451
38978,38979,2-s2.0-85218642558
38979,38980,2-s2.0-85218642115
38982,38983,2-s2.0-85218639847
39004,39005,2-s2.0-85218623995
39005,39006,2-s2.0-85218623862
39008,39009,2-s2.0-85218622703
39009,39010,2-s2.0-85218621083
39011,39012,2-s2.0-85218469649
39034,39035,2-s2.0-85218029850
39042,39043,2-s2.0-85217822232
39043,39044,2-s2.0-85217754737
39047,39048,2-s2.0-85217697654
39048,39049,2-s2.0-85217682474
39052,39053,2-s2.0-85217619703
39053,39054,2-s2.0-85217559594
39056,39057,2-s2.0-85217506315
39062,39063,2-s2.0-85217240750
39063,39064,2-s2.0-85217233144
39075,39076,2-s2.0-85216877283
39084,39085,2-s2.0-85216790397
39087,39088,2-s2.0-85216787113
39114,39115,2-s2.0-85216406228
39117,39118,2-s2.0-85216367797
39118,39119,2-s2.0-85216275885
39130,39131,2-s2.0-85215940436
39132,39133,2-s2.0-85215927213
39142,39143,2-s2.0-85215663516
39144,39145,2-s2.0-85215598070
39145,39146,2-s2.0-85215591331
39148,39149,2-s2.0-85215503703
39159,39160,2-s2.0-85215079804
39164,39165,2-s2.0-85214977630
39172,39173,2-s2.0-85214792101
39179,39180,2-s2.0-85214509055
39180,39181,2-s2.0-85214504690
39182,39183,2-s2.0-85214437392
39186,39187,2-s2.0-85214390694
39192,39193,2-s2.0-85214253347
39193,39194,2-s2.0-85214243887
39200,39201,2-s2.0-85214001260
39204,39205,2-s2.0-85213967946
39206,39207,2-s2.0-85213834097
39207,39208,2-s2.0-85213817519
39209,39210,2-s2.0-85213732221
39211,39212,2-s2.0-85213561287
39216,39217,2-s2.0-85213391392
39220,39221,2-s2.0-85213342370
39221,39222,2-s2.0-85213339501
39222,39223,2-s2.0-85213328086
39223,39224,2-s2.0-85213326190
39226,39227,2-s2.0-85213071656
39228,39229,2-s2.0-85213054724
39229,39230,2-s2.0-85213037374
39234,39235,2-s2.0-85212962698
39238,39239,2-s2.0-85212949123
39242,39243,2-s2.0-85212921939
39243,39244,2-s2.0-85212918655
39246,39247,2-s2.0-85212888758
39249,39250,2-s2.0-85212866757
39258,39259,2-s2.0-85212766320
39260,39261,2-s2.0-85212756229
39265,39266,2-s2.0-85212593942
39269,39270,2-s2.0-85212515455
39287,39288,2-s2.0-85212152732
39294,39295,2-s2.0-85212113040
39299,39300,2-s2.0-85212086840
39301,39302,2-s2.0-85212073792
39308,39309,2-s2.0-85212057324
39311,39312,2-s2.0-85212043688
39316,39317,2-s2.0-85212015397
39322,39323,2-s2.0-85211901347
39323,39324,2-s2.0-85211882246
39327,39328,2-s2.0-85211821083
39330,39331,2-s2.0-85211740442
39335,39336,2-s2.0-85211607448
39356,39357,2-s2.0-85211437339
39360,39361,2-s2.0-85211322606
39362,39363,2-s2.0-85211272590
39365,39366,2-s2.0-85211164528
39370,39371,2-s2.0-85211143003
39373,39374,2-s2.0-85211130452
39375,39376,2-s2.0-85211124447
39377,39378,2-s2.0-85211119083
39379,39380,2-s2.0-85211108012
39381,39382,2-s2.0-85211101967
39384,39385,2-s2.0-85211092168
39385,39386,2-s2.0-85211086625
39390,39391,2-s2.0-85210948044
39391,39392,2-s2.0-85210945354
39393,39394,2-s2.0-85210931955
39394,39395,2-s2.0-85210925133
39395,39396,2-s2.0-85210924828
39397,39398,2-s2.0-85210882803
39400,39401,2-s2.0-85210863760
39417,39418,2-s2.0-85210382807
39419,39420,2-s2.0-85210361826
39424,39425,2-s2.0-85210242768
39428,39429,2-s2.0-85210097100
39437,39438,2-s2.0-85209950937
39449,39450,2-s2.0-85209772732
39453,39454,2-s2.0-85209640344
39454,39455,2-s2.0-85209626615
39457,39458,2-s2.0-85209556307
39458,39459,2-s2.0-85209554812
39462,39463,2-s2.0-85209356130
39468,39469,2-s2.0-85209225016
39476,39477,2-s2.0-85209150665
39491,39492,2-s2.0-85208857288
39501,39502,2-s2.0-85208728811
39502,39503,2-s2.0-85208713794
39509,39510,2-s2.0-85208541633
39510,39511,2-s2.0-85208531331
39517,39518,2-s2.0-85208429587
39520,39521,2-s2.0-85208368006
39521,39522,2-s2.0-85208357045
39528,39529,2-s2.0-85208255650
39530,39531,2-s2.0-85208201495
39536,39537,2-s2.0-85208102233
39541,39542,2-s2.0-85207944826
39545,39546,2-s2.0-85207838641
39547,39548,2-s2.0-85207819468
39551,39552,2-s2.0-85207587533
39558,39559,2-s2.0-85207401486
39571,39572,2-s2.0-85207223516
39573,39574,2-s2.0-85207188246
39575,39576,2-s2.0-85207125464
39577,39578,2-s2.0-85207086352
39581,39582,2-s2.0-85207039935
39585,39586,2-s2.0-85207007624
39591,39592,2-s2.0-85206878199
39600,39601,2-s2.0-85206679950
39603,39604,2-s2.0-85206655139
39609,39610,2-s2.0-85206636657
39612,39613,2-s2.0-85206619920
39615,39616,2-s2.0-85206572389
39623,39624,2-s2.0-85206410222
39626,39627,2-s2.0-85206249385
39629,39630,2-s2.0-85206238210
39630,39631,2-s2.0-85206209986
39631,39632,2-s2.0-85206165444
39633,39634,2-s2.0-85206132612
39636,39637,2-s2.0-85206114904
39637,39638,2-s2.0-85206110852
39638,39639,2-s2.0-85206101012
39639,39640,2-s2.0-85206100186
39640,39641,2-s2.0-85206095475
39641,39642,2-s2.0-85206065895
39654,39655,2-s2.0-85206029672
39659,39660,2-s2.0-85205990320
39667,39668,2-s2.0-85205702575
39669,39670,2-s2.0-85205697627
39676,39677,2-s2.0-85205596004
39683,39684,2-s2.0-85205575216
39685,39686,2-s2.0-85205563161
39695,39696,2-s2.0-85205541079
39700,39701,2-s2.0-85205530714
39701,39702,2-s2.0-85205495823
39705,39706,2-s2.0-85205390601
39714,39715,2-s2.0-85205361132
39715,39716,2-s2.0-85205360664
39718,39719,2-s2.0-85205346087
39723,39724,2-s2.0-85205311994
39728,39729,2-s2.0-85205256270
39730,39731,2-s2.0-85205234446
39739,39740,2-s2.0-85205080574
39740,39741,2-s2.0-85205064279
39742,39743,2-s2.0-85205025388
39759,39760,2-s2.0-85204603668
39761,39762,2-s2.0-85204565399
39762,39763,2-s2.0-85204564491
39766,39767,2-s2.0-85204521663
39768,39769,2-s2.0-85204432225
39769,39770,2-s2.0-85204426943
39772,39773,2-s2.0-85204403299
39773,39774,2-s2.0-85204392123
39789,39790,2-s2.0-85204313706
39797,39798,2-s2.0-85204199365
39812,39813,2-s2.0-85203841711
39828,39829,2-s2.0-85203599967
39837,39838,2-s2.0-85203499980
39842,39843,2-s2.0-85203341420
39844,39845,2-s2.0-85203291565
39846,39847,2-s2.0-85203200857
39851,39852,2-s2.0-85203021955
39859,39860,2-s2.0-85202927766
39864,39865,2-s2.0-85202911568
39869,39870,2-s2.0-85202840118
39871,39872,2-s2.0-85202823610
39873,39874,2-s2.0-85202798034
39877,39878,2-s2.0-85202737965
39882,39883,2-s2.0-85202552540
39883,39884,2-s2.0-85202550916
39885,39886,2-s2.0-85202536459
39904,39905,2-s2.0-85202033958
39908,39909,2-s2.0-85201973996
39909,39910,2-s2.0-85201964931
39911,39912,2-s2.0-85201961570
39918,39919,2-s2.0-85201830240
39920,39921,2-s2.0-85201794830
39927,39928,2-s2.0-85201709987
39932,39933,2-s2.0-85201643117
39933,39934,2-s2.0-85201636088
39935,39936,2-s2.0-85201586304
39937,39938,2-s2.0-85201440942
39941,39942,2-s2.0-85201416271
39954,39955,2-s2.0-85201365981
39961,39962,2-s2.0-85201282888
39962,39963,2-s2.0-85201269954
39966,39967,2-s2.0-85201217409
39972,39973,2-s2.0-85201011355
39974,39975,2-s2.0-85201007298
39979,39980,2-s2.0-85200959441
39982,39983,2-s2.0-85200882701
39983,39984,2-s2.0-85200836142
39989,39990,2-s2.0-85200789826
39991,39992,2-s2.0-85200772548
39996,39997,2-s2.0-85200748492
40010,40011,2-s2.0-85200576219
40013,40014,2-s2.0-85200567748
40019,40020,2-s2.0-85200549278
40021,40022,2-s2.0-85200544291
40032,40033,2-s2.0-85200495331
40033,40034,2-s2.0-85200493665
40039,40040,2-s2.0-85200477317
40044,40045,2-s2.0-85200452182
40046,40047,2-s2.0-85200435433
40049,40050,2-s2.0-85200405169
40050,40051,2-s2.0-85200399597
40065,40066,2-s2.0-85200353119
40067,40068,2-s2.0-85200345052
40068,40069,2-s2.0-85200343405
40070,40071,2-s2.0-85200336506
40079,40080,2-s2.0-85200267071
40082,40083,2-s2.0-85200259830
40086,40087,2-s2.0-85200250274
40091,40092,2-s2.0-85200216921
40093,40094,2-s2.0-85200208907
40097,40098,2-s2.0-85200146024
40099,40100,2-s2.0-85200128276
40103,40104,2-s2.0-85200032710
40104,40105,2-s2.0-85200011383
40107,40108,2-s2.0-85199971979
40108,40109,2-s2.0-85199970375
40121,40122,2-s2.0-85199644029
40127,40128,2-s2.0-85199613701
40137,40138,2-s2.0-85199581789
40142,40143,2-s2.0-85199537132
40144,40145,2-s2.0-85199503962
40147,40148,2-s2.0-85199438465
40152,40153,2-s2.0-85199349606
40185,40186,2-s2.0-85199082959
40191,40192,2-s2.0-85199069818
40195,40196,2-s2.0-85199058624
40200,40201,2-s2.0-85199046426
40201,40202,2-s2.0-85199046277
40202,40203,2-s2.0-85199043429
40204,40205,2-s2.0-85199038934
40206,40207,2-s2.0-85199033283
40208,40209,2-s2.0-85199031214
40217,40218,2-s2.0-85198707162
40219,40220,2-s2.0-85198699778
40222,40223,2-s2.0-85198651567
40235,40236,2-s2.0-85198410873
40245,40246,2-s2.0-85198368486
40255,40256,2-s2.0-85198333330
40264,40265,2-s2.0-85198215416
40265,40266,2-s2.0-85198215186
40267,40268,2-s2.0-85198205073
40270,40271,2-s2.0-85198153351
40278,40279,2-s2.0-85197923083
40279,40280,2-s2.0-85197922351
40282,40283,2-s2.0-85197876069
40286,40287,2-s2.0-85197798790
40293,40294,2-s2.0-85197661733
40302,40303,2-s2.0-85197489052
40303,40304,2-s2.0-85197485596
40304,40305,2-s2.0-85197467698
40307,40308,2-s2.0-85197415402
40317,40318,2-s2.0-85197254080
40332,40333,2-s2.0-85196876471
40333,40334,2-s2.0-85196869916
40335,40336,2-s2.0-85196849777
40341,40342,2-s2.0-85196755831
40342,40343,2-s2.0-85196755016
40361,40362,2-s2.0-85196170257
40362,40363,2-s2.0-85196167532
40363,40364,2-s2.0-85196165943
40367,40368,2-s2.0-85196148711
40371,40372,2-s2.0-85196082017
40376,40377,2-s2.0-85195965950
40380,40381,2-s2.0-85195833545
40381,40382,2-s2.0-85195830146
40386,40387,2-s2.0-85195695778
40392,40393,2-s2.0-85195575040
40407,40408,2-s2.0-85195375952
40410,40411,2-s2.0-85195362740
40412,40413,2-s2.0-85195308023
40418,40419,2-s2.0-85195222180
40421,40422,2-s2.0-85195148219
40424,40425,2-s2.0-85195116409
40433,40434,2-s2.0-85194828027
40442,40443,2-s2.0-85194487641
40448,40449,2-s2.0-85194348223
40452,40453,2-s2.0-85194258338
40453,40454,2-s2.0-85194252661
40464,40465,2-s2.0-85193994726
40467,40468,2-s2.0-85193966753
40483,40484,2-s2.0-85193686795
40487,40488,2-s2.0-85193486653
40500,40501,2-s2.0-85193213549
40504,40505,2-s2.0-85193005626
40511,40512,2-s2.0-85192885000
40515,40516,2-s2.0-85192857675
40525,40526,2-s2.0-85192741026
40531,40532,2-s2.0-85192569546
40532,40533,2-s2.0-85192567903
40533,40534,2-s2.0-85192549348
40544,40545,2-s2.0-85192213558
40555,40556,2-s2.0-85192020834
40556,40557,2-s2.0-85192018096
40560,40561,2-s2.0-85192009758
40564,40565,2-s2.0-85191991627
40569,40570,2-s2.0-85191958542
40573,40574,2-s2.0-85191833613
40575,40576,2-s2.0-85191809044
40577,40578,2-s2.0-85191751902
40580,40581,2-s2.0-85191710357
40581,40582,2-s2.0-85191701604
40583,40584,2-s2.0-85191573507
40592,40593,2-s2.0-85191304948
40595,40596,2-s2.0-85191234178
40598,40599,2-s2.0-85191083369
40605,40606,2-s2.0-85190988051
40608,40609,2-s2.0-85190890313
40609,40610,2-s2.0-85190880703
40613,40614,2-s2.0-85190674209
40620,40621,2-s2.0-85190375415
40622,40623,2-s2.0-85190368679
40629,40630,2-s2.0-85190254993
40636,40637,2-s2.0-85189988028
40640,40641,2-s2.0-85189913545
40643,40644,2-s2.0-85189862405
40647,40648,2-s2.0-85189810792
40648,40649,2-s2.0-85189776094
40651,40652,2-s2.0-85189662663
40652,40653,2-s2.0-85189640831
40656,40657,2-s2.0-85189535883
40663,40664,2-s2.0-85189480488
40669,40670,2-s2.0-85189372374
40671,40672,2-s2.0-85189366696
40672,40673,2-s2.0-85189358816
40675,40676,2-s2.0-85189311817
40679,40680,2-s2.0-85189184630
40681,40682,2-s2.0-85189144010
40682,40683,2-s2.0-85189104793
40693,40694,2-s2.0-85188881377
40701,40702,2-s2.0-85188605133
40706,40707,2-s2.0-85188443801
40719,40720,2-s2.0-85188238713
40720,40721,2-s2.0-85188139570
40726,40727,2-s2.0-85188082783
40738,40739,2-s2.0-85187783925
40740,40741,2-s2.0-85187696946
40742,40743,2-s2.0-85187659342
40749,40750,2-s2.0-85187418423
40751,40752,2-s2.0-85187279319
40754,40755,2-s2.0-85187229693
40761,40762,2-s2.0-85187133801
40762,40763,2-s2.0-85187119654
40767,40768,2-s2.0-85187011662
40768,40769,2-s2.0-85186946427
40771,40772,2-s2.0-85186926961
40780,40781,2-s2.0-85186714446
40787,40788,2-s2.0-85186582759
40788,40789,2-s2.0-85186570037
40789,40790,2-s2.0-85186569609
40793,40794,2-s2.0-85186464952
40798,40799,2-s2.0-85186410928
40802,40803,2-s2.0-85186361834
40803,40804,2-s2.0-85186319155
40815,40816,2-s2.0-85185912420
40816,40817,2-s2.0-85185723900
40819,40820,2-s2.0-85185705211
40830,40831,2-s2.0-85185523521
40834,40835,2-s2.0-85185468324
40841,40842,2-s2.0-85185285788
40842,40843,2-s2.0-85185196314
40844,40845,2-s2.0-85185175018
40847,40848,2-s2.0-85185169475
40851,40852,2-s2.0-85185006494
40853,40854,2-s2.0-85184923673
40859,40860,2-s2.0-85184869714
40867,40868,2-s2.0-85184667173
40869,40870,2-s2.0-85184552520
40875,40876,2-s2.0-85184419112
40878,40879,2-s2.0-85184369541
40879,40880,2-s2.0-85184368094
40888,40889,2-s2.0-85184254224
40890,40891,2-s2.0-85184244876
40892,40893,2-s2.0-85184196623
40893,40894,2-s2.0-85184172158
40898,40899,2-s2.0-85184018692
40902,40903,2-s2.0-85183740158
40910,40911,2-s2.0-85183423345
40917,40918,2-s2.0-85183341422
40918,40919,2-s2.0-85183179542
40920,40921,2-s2.0-85183175450
40922,40923,2-s2.0-85183159499
40932,40933,2-s2.0-85182949306
40954,40955,2-s2.0-85181894472
40955,40956,2-s2.0-85181877663
40956,40957,2-s2.0-85181802467
40962,40963,2-s2.0-85181224518
40975,40976,2-s2.0-85180339437
40996,40997,2-s2.0-85178633819
40999,41000,2-s2.0-85178077174
41008,41009,2-s2.0-85176380097
41009,41010,2-s2.0-85176259458
41013,41014,2-s2.0-85176123984
41016,41017,2-s2.0-85175577921
41019,41020,2-s2.0-85175449205
41020,41021,2-s2.0-85175066049
41032,41033,2-s2.0-85174292045
41036,41037,2-s2.0-85173821327
41038,41039,2-s2.0-85173744122
41040,41041,2-s2.0-85173533853
41042,41043,2-s2.0-85173484090
41047,41048,2-s2.0-85171388911
41051,41052,2-s2.0-85170290366
41052,41053,2-s2.0-85170281075
41061,41062,2-s2.0-85168006025
41072,41073,2-s2.0-85165322233
41080,41081,2-s2.0-85162231080
41081,41082,2-s2.0-85161683459
41082,41083,2-s2.0-85161665826
41089,41090,2-s2.0-85159687504
41099,41100,2-s2.0-85153585045
41101,41102,2-s2.0-85153389026
41103,41104,2-s2.0-85152428346
41104,41105,2-s2.0-85152368427
41108,41109,2-s2.0-85150841866
41109,41110,2-s2.0-85150817245
41113,41114,2-s2.0-85150505252
41115,41116,2-s2.0-85149775169
41117,41118,2-s2.0-85149063798
41121,41122,2-s2.0-85148520939
41123,41124,2-s2.0-85147806439
41126,41127,2-s2.0-85147660388
41129,41130,2-s2.0-85147222266
41139,41140,2-s2.0-85146243576
41141,41142,2-s2.0-85146221722
41143,41144,2-s2.0-85145097625
41146,41147,2-s2.0-85144061092
41147,41148,2-s2.0-85143902364
41157,41158,2-s2.0-85139923682
41160,41161,2-s2.0-85139252826
41162,41163,2-s2.0-85139123124
41165,41166,2-s2.0-85138307872
41167,41168,2-s2.0-85137775127
41185,41186,2-s2.0-85131078123
41187,41188,2-s2.0-85130611497
41189,41190,2-s2.0-85130052263
41195,41196,2-s2.0-85127274804
41202,41203,2-s2.0-85124291499
41205,41206,2-s2.0-85124118790
41210,41211,2-s2.0-85118461951
41215,41216,2-s2.0-85105329676
41216,41217,2-s2.0-85101917626
41219,41220,2-s2.0-105011026857
41226,41227,2-s2.0-105010435428
41231,41232,2-s2.0-105009581008
41235,41236,2-s2.0-105009056214
41240,41241,2-s2.0-105008170632
41244,41245,2-s2.0-105008051799
41245,41246,2-s2.0-105008051031
41251,41252,2-s2.0-105007591955
41252,41253,2-s2.0-105007590492
41258,41259,2-s2.0-105007446178
41260,41261,2-s2.0-105007100273
41263,41264,2-s2.0-105006708479
41264,41265,2-s2.0-105005956692
41265,41266,2-s2.0-105005907132
41271,41272,2-s2.0-105005833663
41298,41299,2-s2.0-105005826211
41302,41303,2-s2.0-105005825393
41316,41317,2-s2.0-105005044945
41317,41318,2-s2.0-105004973065
41320,41321,2-s2.0-105004798465
41330,41331,2-s2.0-105004521678
41332,41333,2-s2.0-105004520097
41337,41338,2-s2.0-105004342342
41341,41342,2-s2.0-105004099066
41343,41344,2-s2.0-105004096513
41356,41357,2-s2.0-105003241819
41365,41366,2-s2.0-105002209444
41367,41368,2-s2.0-105002206285
41379,41380,2-s2.0-105002186986
41381,41382,2-s2.0-105001905481
41383,41384,2-s2.0-105001894485
41393,41394,2-s2.0-105001613978
41398,41399,2-s2.0-105000843681
41402,41403,2-s2.0-105000805444
41405,41406,2-s2.0-105000786177
41406,41407,2-s2.0-105000785312
41410,41411,2-s2.0-105000771094
41416,41417,2-s2.0-105000750758
41422,41423,2-s2.0-105000725434
41424,41425,2-s2.0-105000710681
41428,41429,2-s2.0-105000705253
41431,41432,2-s2.0-105000699997
41436,41437,2-s2.0-105000685993
41439,41440,2-s2.0-105000680345
41442,41443,2-s2.0-105000663710
41443,41444,2-s2.0-105000658850
41444,41445,2-s2.0-105000656018
41446,41447,2-s2.0-105000650980
41448,41449,2-s2.0-105000647490
41466,41467,2-s2.0-105000107176
41484,41485,2-s2.0-85183500829
41485,41486,2-s2.0-85182650262
41489,41490,2-s2.0-85180767388
41491,41492,2-s2.0-85176888359
41495,41496,2-s2.0-85183501470
41498,41499,2-s2.0-85180286628
41500,41501,2-s2.0-85181570625
41501,41502,2-s2.0-85179170725
41503,41504,2-s2.0-85180548212
41504,41505,2-s2.0-85180385935
41506,41507,2-s2.0-85182290018
41510,41511,2-s2.0-85189158300
41511,41512,2-s2.0-85218243431
41520,41521,2-s2.0-85188438751
41528,41529,2-s2.0-85184679868
41538,41539,2-s2.0-85181826662
41568,41569,2-s2.0-85179773942
41579,41580,2-s2.0-85178563642
41580,41581,2-s2.0-85178417893
41604,41605,2-s2.0-85175041996
41607,41608,2-s2.0-85174942229
41611,41612,2-s2.0-85174270985
41615,41616,2-s2.0-85173751416
41619,41620,2-s2.0-85173516296
41622,41623,2-s2.0-85172119646
41627,41628,2-s2.0-85171183415
41630,41631,2-s2.0-85170410199
41631,41632,2-s2.0-85169703059
41643,41644,2-s2.0-85166567591
41646,41647,2-s2.0-85165302874
41647,41648,2-s2.0-85165257457
41674,41675,2-s2.0-85152714441
41688,41689,2-s2.0-85148207463
41691,41692,2-s2.0-85146996556
41695,41696,2-s2.0-85145946810
41701,41702,2-s2.0-85140084474
41707,41708,2-s2.0-85127722911
41710,41711,2-s2.0-105006519012
41716,41717,2-s2.0-85179875126
41721,41722,2-s2.0-85175673532
41722,41723,2-s2.0-85175672170
41723,41724,2-s2.0-85175670960
41739,41740,2-s2.0-85179860852
41746,41747,2-s2.0-85177184702
41758,41759,2-s2.0-85183421671
41762,41763,2-s2.0-85196215098
41763,41764,2-s2.0-85192193426
41769,41770,2-s2.0-85181687975
41781,41782,2-s2.0-85178626135
41783,41784,2-s2.0-85178295289
41787,41788,2-s2.0-85178131432
41789,41790,2-s2.0-85177599735
41790,41791,2-s2.0-85177583823
41794,41795,2-s2.0-85176808745
41795,41796,2-s2.0-85176742898
41797,41798,2-s2.0-85176594625
41798,41799,2-s2.0-85176443959
41807,41808,2-s2.0-85174586197
41809,41810,2-s2.0-85174006761
41819,41820,2-s2.0-85170356297
41824,41825,2-s2.0-85169113073
41826,41827,2-s2.0-85167793068
41829,41830,2-s2.0-85165718148
41835,41836,2-s2.0-85158104609
41845,41846,2-s2.0-85150803612
41846,41847,2-s2.0-85150527416
41849,41850,2-s2.0-85148619538
41857,41858,2-s2.0-85182743491
41865,41866,2-s2.0-85176106138
41872,41873,2-s2.0-85177601426
41875,41876,2-s2.0-85177583461
41883,41884,2-s2.0-85181674161
41887,41888,2-s2.0-85176215123
41891,41892,2-s2.0-85212685036
41897,41898,2-s2.0-85178294719
41912,41913,2-s2.0-85199229977
41917,41918,2-s2.0-85180466319
41921,41922,2-s2.0-85177239260
41922,41923,2-s2.0-85177062921
41929,41930,2-s2.0-85175337222
41936,41937,2-s2.0-85175070307
41944,41945,2-s2.0-85174261380
41948,41949,2-s2.0-85174158524
41950,41951,2-s2.0-85173977228
41958,41959,2-s2.0-85170677381
41962,41963,2-s2.0-85168532833
41973,41974,2-s2.0-85164455640
41975,41976,2-s2.0-85164348704
41978,41979,2-s2.0-85163979325
42007,42008,2-s2.0-85138705398
42010,42011,2-s2.0-85087916197
42011,42012,2-s2.0-85194130601
42014,42015,2-s2.0-85194129847
42017,42018,2-s2.0-85194128753
42019,42020,2-s2.0-85194128109
42023,42024,2-s2.0-85194127572
42031,42032,2-s2.0-85197635998
42033,42034,2-s2.0-85197591520
42035,42036,2-s2.0-85175237759
42038,42039,2-s2.0-85172861956
42039,42040,2-s2.0-85175967221
42043,42044,2-s2.0-85175363265
42051,42052,2-s2.0-85174736673
42053,42054,2-s2.0-85169889512
42054,42055,2-s2.0-85182743876
42063,42064,2-s2.0-85209574265
42066,42067,2-s2.0-85203063526
42075,42076,2-s2.0-85178946945
42076,42077,2-s2.0-85177892942
42079,42080,2-s2.0-85177072624
42081,42082,2-s2.0-85176400663
42083,42084,2-s2.0-85175868961
42085,42086,2-s2.0-85175715523
42094,42095,2-s2.0-85174590354
42100,42101,2-s2.0-85173548563
42105,42106,2-s2.0-85172889293
42106,42107,2-s2.0-85172827681
42129,42130,2-s2.0-85170243185
42147,42148,2-s2.0-85163974791
42152,42153,2-s2.0-85162211533
42153,42154,2-s2.0-85162115728
42165,42166,2-s2.0-85148351193
42173,42174,2-s2.0-85143510091
42177,42178,2-s2.0-85140366715
42179,42180,2-s2.0-85138343766
42184,42185,2-s2.0-85133582501
42187,42188,2-s2.0-85123479503
42196,42197,2-s2.0-85174203194
42203,42204,2-s2.0-85180124869
42209,42210,2-s2.0-85174485288
42215,42216,2-s2.0-85176728303
42221,42222,2-s2.0-85176801201
42227,42228,2-s2.0-85176774563
42231,42232,2-s2.0-85174275108
42233,42234,2-s2.0-85169529720
42235,42236,2-s2.0-85169515262
42236,42237,2-s2.0-85202937086
42239,42240,2-s2.0-85173507210
42241,42242,2-s2.0-85173073548
42242,42243,2-s2.0-85172936644
42246,42247,2-s2.0-85171480086
42254,42255,2-s2.0-85168952783
42260,42261,2-s2.0-85168222865
42261,42262,2-s2.0-85168008651
42262,42263,2-s2.0-85167789581
42263,42264,2-s2.0-85167788968
42278,42279,2-s2.0-85154557867
42281,42282,2-s2.0-85152079000
42290,42291,2-s2.0-85149732249
42293,42294,2-s2.0-85147389643
42294,42295,2-s2.0-85147346829
42307,42308,2-s2.0-85139088911
42315,42316,2-s2.0-85128180182
42317,42318,2-s2.0-85126049928
42320,42321,2-s2.0-85120455929
42322,42323,2-s2.0-85184167178
42326,42327,2-s2.0-85177068572
42330,42331,2-s2.0-85164459305
42339,42340,2-s2.0-85165896340
42350,42351,2-s2.0-85165268932
42353,42354,2-s2.0-85205273817
42355,42356,2-s2.0-85199330505
42357,42358,2-s2.0-85184961101
42365,42366,2-s2.0-85175112416
42394,42395,2-s2.0-85166232295
42398,42399,2-s2.0-85164261623
42403,42404,2-s2.0-85161993374
42405,42406,2-s2.0-85159809329
42422,42423,2-s2.0-85151054686
42439,42440,2-s2.0-85120964149
42440,42441,2-s2.0-85113612825
42448,42449,2-s2.0-85178945661
42450,42451,2-s2.0-85176812722
42467,42468,2-s2.0-85172164482
42481,42482,2-s2.0-85172144843
42489,42490,2-s2.0-85172137347
42496,42497,2-s2.0-85172125789
42497,42498,2-s2.0-85172125566
42506,42507,2-s2.0-85172116015
42508,42509,2-s2.0-85172110788
42512,42513,2-s2.0-85172105156
42516,42517,2-s2.0-85172101939
42522,42523,2-s2.0-85172098499
42524,42525,2-s2.0-85172097053
42526,42527,2-s2.0-85172095158
42528,42529,2-s2.0-85172093730
42547,42548,2-s2.0-85172069003
42552,42553,2-s2.0-85165686283
42553,42554,2-s2.0-85165674174
42559,42560,2-s2.0-85179886884
42566,42567,2-s2.0-85170180894
42577,42578,2-s2.0-85166649201
42579,42580,2-s2.0-85166987469
42587,42588,2-s2.0-85166953330
42593,42594,2-s2.0-85166926548
42596,42597,2-s2.0-85166919067
42600,42601,2-s2.0-85166911719
42603,42604,2-s2.0-85163700597
42605,42606,2-s2.0-85163689990
42606,42607,2-s2.0-85163683222
42607,42608,2-s2.0-85163677794
42608,42609,2-s2.0-85163664951
42611,42612,2-s2.0-85163639348
42612,42613,2-s2.0-85163602343
42622,42623,2-s2.0-85204251929
42624,42625,2-s2.0-85199015920
42629,42630,2-s2.0-85174804038
42630,42631,2-s2.0-85174197963
42635,42636,2-s2.0-85168440880
42639,42640,2-s2.0-85166421991
42640,42641,2-s2.0-85166304531
42646,42647,2-s2.0-85164266837
42655,42656,2-s2.0-85163931580
42658,42659,2-s2.0-85163723918
42661,42662,2-s2.0-85163703932
42669,42670,2-s2.0-85161923022
42672,42673,2-s2.0-85161497260
42674,42675,2-s2.0-85161193673
42676,42677,2-s2.0-85160409648
42679,42680,2-s2.0-85159110113
42681,42682,2-s2.0-85158869061
42685,42686,2-s2.0-85151482310
42686,42687,2-s2.0-85151297204
42691,42692,2-s2.0-85150253238
42696,42697,2-s2.0-85149332729
42701,42702,2-s2.0-85148996565
42717,42718,2-s2.0-85142194439
42718,42719,2-s2.0-85141611197
42733,42734,2-s2.0-85126517996
42745,42746,2-s2.0-85161429356
42746,42747,2-s2.0-85160853068
42747,42748,2-s2.0-85160319985
42748,42749,2-s2.0-85160853926
42750,42751,2-s2.0-85162723653
42753,42754,2-s2.0-85160910878
42755,42756,2-s2.0-85160482998
42757,42758,2-s2.0-85188097378
42760,42761,2-s2.0-85160097362
42762,42763,2-s2.0-85160036028
42763,42764,2-s2.0-85153339507
42767,42768,2-s2.0-85166767108
42772,42773,2-s2.0-85163787478
42782,42783,2-s2.0-85160277861
42790,42791,2-s2.0-85159863148
42791,42792,2-s2.0-85159606115
42796,42797,2-s2.0-85159212098
42810,42811,2-s2.0-85149843489
42830,42831,2-s2.0-85106406547
42846,42847,2-s2.0-85152696491
42848,42849,2-s2.0-85158163756
42857,42858,2-s2.0-85136459580
42861,42862,2-s2.0-85169618927
42864,42865,2-s2.0-85165674604
42865,42866,2-s2.0-85165660523
42885,42886,2-s2.0-85159115965
42898,42899,2-s2.0-85153704327
42904,42905,2-s2.0-85153520630
42910,42911,2-s2.0-85152650595
42914,42915,2-s2.0-85152100478
42917,42918,2-s2.0-85151487169
42918,42919,2-s2.0-85150951000
42923,42924,2-s2.0-85149908987
42928,42929,2-s2.0-85148338896
42935,42936,2-s2.0-85146895742
42936,42937,2-s2.0-85146274662
42938,42939,2-s2.0-85145820680
42939,42940,2-s2.0-85145689016
42940,42941,2-s2.0-85144194391
42942,42943,2-s2.0-85143622746
42972,42973,2-s2.0-85152656022
42975,42976,2-s2.0-85164148016
42978,42979,2-s2.0-85151508013
42984,42985,2-s2.0-85151235734
42987,42988,2-s2.0-85163787446
42992,42993,2-s2.0-85166134519
42998,42999,2-s2.0-85151568048
43001,43002,2-s2.0-85150419641
43002,43003,2-s2.0-85150395258
43007,43008,2-s2.0-85150341146
43011,43012,2-s2.0-85149754371
43012,43013,2-s2.0-85149737067
43014,43015,2-s2.0-85152317409
43019,43020,2-s2.0-85149881462
43024,43025,2-s2.0-85149814390
43025,43026,2-s2.0-85217374159
43030,43031,2-s2.0-85193259851
43031,43032,2-s2.0-85185464739
43033,43034,2-s2.0-85176395145
43035,43036,2-s2.0-85171371794
43038,43039,2-s2.0-85167979669
43049,43050,2-s2.0-85160548689
43050,43051,2-s2.0-85160248353
43051,43052,2-s2.0-85159368278
43053,43054,2-s2.0-85159225947
43055,43056,2-s2.0-85158825339
43068,43069,2-s2.0-85151280768
43075,43076,2-s2.0-85151073896
43077,43078,2-s2.0-85151072366
43082,43083,2-s2.0-85151042710
43089,43090,2-s2.0-85150078351
43090,43091,2-s2.0-85150060353
43091,43092,2-s2.0-85150013509
43095,43096,2-s2.0-85149656315
43128,43129,2-s2.0-85137486664
43129,43130,2-s2.0-85137456568
43136,43137,2-s2.0-85128971011
43138,43139,2-s2.0-85128356961
43141,43142,2-s2.0-85125242902
43157,43158,2-s2.0-85101136399
43165,43166,2-s2.0-85148643055
43166,43167,2-s2.0-105000214863
43169,43170,2-s2.0-85180206613
43171,43172,2-s2.0-85148656264
43176,43177,2-s2.0-85148644186
43178,43179,2-s2.0-85148638494
43179,43180,2-s2.0-85148637159
43187,43188,2-s2.0-85148601338
43188,43189,2-s2.0-85148590555
43191,43192,2-s2.0-85148582884
43198,43199,2-s2.0-85219715306
43199,43200,2-s2.0-85208494500
43210,43211,2-s2.0-85149425479
43213,43214,2-s2.0-85149282843
43217,43218,2-s2.0-85149031974
43227,43228,2-s2.0-85148702072
43257,43258,2-s2.0-85140269336
43268,43269,2-s2.0-85135257779
43269,43270,2-s2.0-85135113914
43273,43274,2-s2.0-85132355403
43274,43275,2-s2.0-85129625623
43283,43284,2-s2.0-85117511591
43285,43286,2-s2.0-85103663718
43286,43287,2-s2.0-85103028082
43303,43304,2-s2.0-85147804179
43310,43311,2-s2.0-85147144036
43311,43312,2-s2.0-85163057622
43313,43314,2-s2.0-85179307918
43326,43327,2-s2.0-85141957455
43327,43328,2-s2.0-85141945332
43332,43333,2-s2.0-85146895415
43352,43353,2-s2.0-85216779356
43353,43354,2-s2.0-85216778178
43360,43361,2-s2.0-85214682962
43362,43363,2-s2.0-85213879547
43367,43368,2-s2.0-85208909604
43368,43369,2-s2.0-85208339323
43375,43376,2-s2.0-85207208698
43382,43383,2-s2.0-85205581125
43387,43388,2-s2.0-85205533430
43393,43394,2-s2.0-85204189810
43394,43395,2-s2.0-85204120075
43396,43397,2-s2.0-85203291889
43401,43402,2-s2.0-85200975557
43405,43406,2-s2.0-85199327271
43408,43409,2-s2.0-85198604312
43409,43410,2-s2.0-85198228274
43410,43411,2-s2.0-85197820610
43412,43413,2-s2.0-85197807456
43414,43415,2-s2.0-85197763164
43416,43417,2-s2.0-85197717794
43429,43430,2-s2.0-85195957843
43441,43442,2-s2.0-85194752645
43447,43448,2-s2.0-85194723114
43450,43451,2-s2.0-85194250763
43452,43453,2-s2.0-85194016453
43457,43458,2-s2.0-85193028702
43461,43462,2-s2.0-85192981230
43468,43469,2-s2.0-85192062723
43473,43474,2-s2.0-85191170260
43477,43478,2-s2.0-85190946087
43485,43486,2-s2.0-85189415438
43492,43493,2-s2.0-85189182598
43494,43495,2-s2.0-85189147564
43496,43497,2-s2.0-85189108698
43500,43501,2-s2.0-85188464868
43504,43505,2-s2.0-85188011793
43516,43517,2-s2.0-85187281443
43537,43538,2-s2.0-85186227064
43544,43545,2-s2.0-85185889327
43549,43550,2-s2.0-85185820390
43552,43553,2-s2.0-85185527911
43554,43555,2-s2.0-85185458225
43555,43556,2-s2.0-85185410389
43558,43559,2-s2.0-85185324701
43561,43562,2-s2.0-85185221166
43564,43565,2-s2.0-85185186784
43565,43566,2-s2.0-85185185704
43569,43570,2-s2.0-85185005809
43571,43572,2-s2.0-85184987707
43574,43575,2-s2.0-85184853589
43578,43579,2-s2.0-85184801318
43579,43580,2-s2.0-85184796686
43580,43581,2-s2.0-85184776271
43586,43587,2-s2.0-85184357577
43587,43588,2-s2.0-85184337880
43596,43597,2-s2.0-85184019601
43598,43599,2-s2.0-85183950592
43601,43602,2-s2.0-85183870409
43603,43604,2-s2.0-85183560758
43604,43605,2-s2.0-85183544976
43605,43606,2-s2.0-85183471932
43606,43607,2-s2.0-85183460331
43614,43615,2-s2.0-85183039861
43618,43619,2-s2.0-85183023047
43620,43621,2-s2.0-85183020262
43621,43622,2-s2.0-85183018310
43624,43625,2-s2.0-85183007541
43637,43638,2-s2.0-85182981693
43643,43644,2-s2.0-85182931183
43660,43661,2-s2.0-85182593143
43665,43666,2-s2.0-85182345257
43672,43673,2-s2.0-85182254990
43678,43679,2-s2.0-85181971302
43679,43680,2-s2.0-85181963199
43687,43688,2-s2.0-85181767468
43690,43691,2-s2.0-85181723058
43697,43698,2-s2.0-85181512859
43698,43699,2-s2.0-85181448350
43701,43702,2-s2.0-85181236903
43705,43706,2-s2.0-85181001070
43709,43710,2-s2.0-85180960738
43711,43712,2-s2.0-85180860285
43714,43715,2-s2.0-85180813342
43725,43726,2-s2.0-85180799821
43726,43727,2-s2.0-85180798714
43731,43732,2-s2.0-85180790750
43734,43735,2-s2.0-85180789411
43740,43741,2-s2.0-85180769114
43741,43742,2-s2.0-85180767183
43748,43749,2-s2.0-85180759267
43754,43755,2-s2.0-85180753388
43757,43758,2-s2.0-85180750470
43758,43759,2-s2.0-85180747239
43761,43762,2-s2.0-85180701896
43770,43771,2-s2.0-85180586776
43783,43784,2-s2.0-85180338687
43784,43785,2-s2.0-85180323472
43788,43789,2-s2.0-85180253748
43804,43805,2-s2.0-85180017187
43807,43808,2-s2.0-85180004582
43818,43819,2-s2.0-85179848398
43828,43829,2-s2.0-85179842401
43831,43832,2-s2.0-85179840077
43834,43835,2-s2.0-85179755755
43838,43839,2-s2.0-85179696969
43840,43841,2-s2.0-85179674425
43846,43847,2-s2.0-85179550033
43847,43848,2-s2.0-85179523890
43856,43857,2-s2.0-85179320396
43864,43865,2-s2.0-85179008974
43865,43866,2-s2.0-85179006012
43866,43867,2-s2.0-85179005569
43874,43875,2-s2.0-85178935004
43878,43879,2-s2.0-85178517652
43884,43885,2-s2.0-85178388306
43886,43887,2-s2.0-85178367952
43888,43889,2-s2.0-85178361734
43894,43895,2-s2.0-85178210104
43895,43896,2-s2.0-85178205082
43901,43902,2-s2.0-85178110641
43905,43906,2-s2.0-85178042014
43926,43927,2-s2.0-85177421014
43940,43941,2-s2.0-85176730319
43942,43943,2-s2.0-85176606651
43946,43947,2-s2.0-85176573246
43947,43948,2-s2.0-85176558637
43951,43952,2-s2.0-85176463255
43956,43957,2-s2.0-85176377507
43957,43958,2-s2.0-85176372709
43958,43959,2-s2.0-85176366363
43960,43961,2-s2.0-85176344062
43965,43966,2-s2.0-85176279841
43968,43969,2-s2.0-85176231166
43972,43973,2-s2.0-85176005545
43982,43983,2-s2.0-85175814667
43988,43989,2-s2.0-85175642275
43993,43994,2-s2.0-85175558985
43997,43998,2-s2.0-85175464995
44001,44002,2-s2.0-85175444191
44009,44010,2-s2.0-85175350303
44013,44014,2-s2.0-85175322349
44020,44021,2-s2.0-85175042950
44022,44023,2-s2.0-85174975296
44023,44024,2-s2.0-85174969362
44024,44025,2-s2.0-85174968456
44036,44037,2-s2.0-85174692814
44038,44039,2-s2.0-85174664630
44041,44042,2-s2.0-85174582068
44047,44048,2-s2.0-85174525924
44054,44055,2-s2.0-85174507556
44056,44057,2-s2.0-85174501440
44057,44058,2-s2.0-85174496186
44060,44061,2-s2.0-85174451300
44063,44064,2-s2.0-85174303757
44065,44066,2-s2.0-85174281690
44076,44077,2-s2.0-85174163495
44078,44079,2-s2.0-85174143569
44080,44081,2-s2.0-85174041493
44086,44087,2-s2.0-85173956133
44090,44091,2-s2.0-85173926686
44095,44096,2-s2.0-85173850312
44096,44097,2-s2.0-85173843942
44098,44099,2-s2.0-85173839907
44099,44100,2-s2.0-85173839806
44101,44102,2-s2.0-85173802461
44102,44103,2-s2.0-85173792859
44112,44113,2-s2.0-85173670701
44114,44115,2-s2.0-85173658309
44115,44116,2-s2.0-85173655387
44121,44122,2-s2.0-85173624272
44122,44123,2-s2.0-85173622272
44140,44141,2-s2.0-85173099015
44154,44155,2-s2.0-85172781056
44156,44157,2-s2.0-85172707870
44167,44168,2-s2.0-85172317472
44169,44170,2-s2.0-85172293588
44170,44171,2-s2.0-85172247432
44172,44173,2-s2.0-85172224442
44173,44174,2-s2.0-85172212643
44183,44184,2-s2.0-85172013837
44193,44194,2-s2.0-85171737371
44198,44199,2-s2.0-85171584437
44201,44202,2-s2.0-85171561158
44203,44204,2-s2.0-85171499833
44208,44209,2-s2.0-85171430471
44214,44215,2-s2.0-85171183292
44222,44223,2-s2.0-85170697402
44233,44234,2-s2.0-85170525892
44236,44237,2-s2.0-85170232365
44237,44238,2-s2.0-85170213397
44243,44244,2-s2.0-85170091911
44256,44257,2-s2.0-85169913365
44257,44258,2-s2.0-85169913216
44263,44264,2-s2.0-85169903765
44265,44266,2-s2.0-85169898493
44270,44271,2-s2.0-85169884490
44276,44277,2-s2.0-85169878535
44277,44278,2-s2.0-85169840861
44278,44279,2-s2.0-85169838478
44285,44286,2-s2.0-85169818599
44291,44292,2-s2.0-85169802390
44293,44294,2-s2.0-85169798569
44301,44302,2-s2.0-85169696973
44305,44306,2-s2.0-85169592679
44328,44329,2-s2.0-85168996322
44329,44330,2-s2.0-85168992901
44337,44338,2-s2.0-85168919669
44340,44341,2-s2.0-85168909686
44342,44343,2-s2.0-85168874460
44344,44345,2-s2.0-85168839436
44350,44351,2-s2.0-85168627106
44353,44354,2-s2.0-85168482708
44373,44374,2-s2.0-85168001551
44375,44376,2-s2.0-85167962245
44376,44377,2-s2.0-85167930653
44379,44380,2-s2.0-85167879577
44382,44383,2-s2.0-85167811932
44389,44390,2-s2.0-85167721588
44398,44399,2-s2.0-85167569914
44400,44401,2-s2.0-85167465707
44419,44420,2-s2.0-85166930762
44420,44421,2-s2.0-85166773676
44422,44423,2-s2.0-85166658129
44432,44433,2-s2.0-85166391073
44435,44436,2-s2.0-85166283645
44436,44437,2-s2.0-85166232653
44447,44448,2-s2.0-85166056734
44450,44451,2-s2.0-85166006856
44457,44458,2-s2.0-85165688783
44459,44460,2-s2.0-85165665757
44461,44462,2-s2.0-85165655502
44464,44465,2-s2.0-85165574710
44465,44466,2-s2.0-85165505188
44473,44474,2-s2.0-85165396274
44475,44476,2-s2.0-85165378712
44476,44477,2-s2.0-85165356247
44481,44482,2-s2.0-85165235982
44482,44483,2-s2.0-85165195981
44487,44488,2-s2.0-85165140336
44489,44490,2-s2.0-85165126476
44495,44496,2-s2.0-85165008224
44496,44497,2-s2.0-85164976212
44497,44498,2-s2.0-85164971537
44505,44506,2-s2.0-85164911798
44510,44511,2-s2.0-85164750598
44516,44517,2-s2.0-85164620880
44525,44526,2-s2.0-85164524888
44526,44527,2-s2.0-85164481036
44533,44534,2-s2.0-85164440364
44534,44535,2-s2.0-85164413938
44535,44536,2-s2.0-85164404275
44536,44537,2-s2.0-85164400985
44538,44539,2-s2.0-85164347202
44545,44546,2-s2.0-85164143184
44556,44557,2-s2.0-85163847162
44558,44559,2-s2.0-85163833175
44571,44572,2-s2.0-85163783425
44575,44576,2-s2.0-85163620769
44577,44578,2-s2.0-85163615778
44581,44582,2-s2.0-85163471058
44582,44583,2-s2.0-85163411501
44595,44596,2-s2.0-85163320293
44599,44600,2-s2.0-85163167083
44603,44604,2-s2.0-85163135064
44610,44611,2-s2.0-85162879473
44615,44616,2-s2.0-85162804725
44622,44623,2-s2.0-85162740932
44623,44624,2-s2.0-85162736769
44626,44627,2-s2.0-85162692826
44630,44631,2-s2.0-85162621983
44641,44642,2-s2.0-85162008612
44643,44644,2-s2.0-85161894503
44647,44648,2-s2.0-85161701814
44660,44661,2-s2.0-85161377129
44664,44665,2-s2.0-85161317410
44665,44666,2-s2.0-85161315857
44668,44669,2-s2.0-85161287833
44671,44672,2-s2.0-85161272319
44682,44683,2-s2.0-85160721852
44689,44690,2-s2.0-85160594968
44692,44693,2-s2.0-85160501291
44708,44709,2-s2.0-85160065293
44716,44717,2-s2.0-85159909744
44722,44723,2-s2.0-85159877344
44726,44727,2-s2.0-85159838677
44734,44735,2-s2.0-85159719324
44740,44741,2-s2.0-85159330699
44743,44744,2-s2.0-85159222750
44759,44760,2-s2.0-85158932423
44766,44767,2-s2.0-85158870579
44768,44769,2-s2.0-85158815548
44782,44783,2-s2.0-85158093974
44785,44786,2-s2.0-85156272274
44787,44788,2-s2.0-85156167750
44797,44798,2-s2.0-85153883050
44805,44806,2-s2.0-85153859537
44809,44810,2-s2.0-85153801651
44822,44823,2-s2.0-85153530238
44831,44832,2-s2.0-85153387141
44836,44837,2-s2.0-85153345983
44839,44840,2-s2.0-85153265928
44851,44852,2-s2.0-85153102505
44852,44853,2-s2.0-85153043387
44855,44856,2-s2.0-85152788549
44868,44869,2-s2.0-85152527098
44876,44877,2-s2.0-85152423420
44879,44880,2-s2.0-85152405319
44882,44883,2-s2.0-85152389096
44886,44887,2-s2.0-85152358934
44896,44897,2-s2.0-85152076180
44897,44898,2-s2.0-85152046184
44902,44903,2-s2.0-85151923587
44907,44908,2-s2.0-85151533893
44917,44918,2-s2.0-85151166550
44918,44919,2-s2.0-85151143103
44919,44920,2-s2.0-85151120150
44923,44924,2-s2.0-85151064582
44931,44932,2-s2.0-85151020543
44934,44935,2-s2.0-85150913172
44948,44949,2-s2.0-85150356687
44949,44950,2-s2.0-85150300981
44951,44952,2-s2.0-85150284848
44953,44954,2-s2.0-85150223901
44956,44957,2-s2.0-85150181563
44957,44958,2-s2.0-85150173306
44962,44963,2-s2.0-85150019256
44968,44969,2-s2.0-85149704785
44974,44975,2-s2.0-85149645172
44975,44976,2-s2.0-85149644964
44981,44982,2-s2.0-85149550724
44982,44983,2-s2.0-85149538425
44988,44989,2-s2.0-85149409988
44990,44991,2-s2.0-85149370981
44992,44993,2-s2.0-85149304571
44998,44999,2-s2.0-85148752353
45009,45010,2-s2.0-85148518541
45013,45014,2-s2.0-85148344299
45015,45016,2-s2.0-85148240201
45020,45021,2-s2.0-85148210313
45025,45026,2-s2.0-85147859362
45028,45029,2-s2.0-85147729328
45030,45031,2-s2.0-85147657456
45037,45038,2-s2.0-85147234178
45038,45039,2-s2.0-85147181222
45049,45050,2-s2.0-85146739141
45051,45052,2-s2.0-85146736130
45053,45054,2-s2.0-85146637721
45055,45056,2-s2.0-85146530694
45064,45065,2-s2.0-85146227633
45068,45069,2-s2.0-85146216448
45072,45073,2-s2.0-85145969626
45081,45082,2-s2.0-85145668659
45083,45084,2-s2.0-85145482370
45084,45085,2-s2.0-85145458839
45087,45088,2-s2.0-85145448275
45090,45091,2-s2.0-85145039529
45092,45093,2-s2.0-85144954143
45094,45095,2-s2.0-85144822979
45096,45097,2-s2.0-85144691600
45100,45101,2-s2.0-85144230837
45102,45103,2-s2.0-85144172366
45104,45105,2-s2.0-85143837760
45105,45106,2-s2.0-85143800280
45106,45107,2-s2.0-85143609725
45114,45115,2-s2.0-85143210200
45117,45118,2-s2.0-85142336691
45130,45131,2-s2.0-85141570265
45143,45144,2-s2.0-85140260646
45145,45146,2-s2.0-85140023097
45146,45147,2-s2.0-85139840659
45154,45155,2-s2.0-85138414685
45158,45159,2-s2.0-85138246327
45161,45162,2-s2.0-85137842898
45167,45168,2-s2.0-85137411118
45177,45178,2-s2.0-85135770861
45187,45188,2-s2.0-85133207388
45193,45194,2-s2.0-85132622487
45202,45203,2-s2.0-85131052860
45208,45209,2-s2.0-85130395846
45209,45210,2-s2.0-85130137299
45217,45218,2-s2.0-85128956400
45218,45219,2-s2.0-85128730541
45223,45224,2-s2.0-85127543433
45226,45227,2-s2.0-85126767057
45228,45229,2-s2.0-85126562608
45234,45235,2-s2.0-85123705483
45237,45238,2-s2.0-85122670281
45245,45246,2-s2.0-85121471319
45246,45247,2-s2.0-85121356988
45250,45251,2-s2.0-85119892616
45253,45254,2-s2.0-85119357728
45265,45266,2-s2.0-85115274122
45270,45271,2-s2.0-85114796262
45277,45278,2-s2.0-85113767423
45286,45287,2-s2.0-85112051130
45291,45292,2-s2.0-85110723200
45295,45296,2-s2.0-85107895404
45298,45299,2-s2.0-85106301932
45310,45311,2-s2.0-85102705735
45313,45314,2-s2.0-85100529953
45315,45316,2-s2.0-85099583347
45318,45319,2-s2.0-85096115473
45324,45325,2-s2.0-85086510235
45330,45331,2-s2.0-105008511268
45331,45332,2-s2.0-105007218688
45339,45340,2-s2.0-105005956385
45349,45350,2-s2.0-105005945852
45359,45360,2-s2.0-105005933433
45365,45366,2-s2.0-85105133338
45371,45372,2-s2.0-85146713588
45374,45375,2-s2.0-85146674475
45391,45392,2-s2.0-85144887282
45393,45394,2-s2.0-85188079986
45399,45400,2-s2.0-85145031773
45401,45402,2-s2.0-85170056132
45407,45408,2-s2.0-85143594747
45412,45413,2-s2.0-85144149956
45418,45419,2-s2.0-85144131770
45421,45422,2-s2.0-85144124404
45426,45427,2-s2.0-85144112308
45431,45432,2-s2.0-85144104185
45436,45437,2-s2.0-85113780251
45441,45442,2-s2.0-85205877471
45447,45448,2-s2.0-85162864667
45448,45449,2-s2.0-85162858533
45450,45451,2-s2.0-85161069089
45466,45467,2-s2.0-85149000070
45468,45469,2-s2.0-85148949325
45471,45472,2-s2.0-85148935654
45480,45481,2-s2.0-85146282895
45481,45482,2-s2.0-85146263418
45482,45483,2-s2.0-85146225717
45492,45493,2-s2.0-85144859490
45496,45497,2-s2.0-85144730943
45505,45506,2-s2.0-85144480360
45510,45511,2-s2.0-85143974793
45512,45513,2-s2.0-85143822492
45513,45514,2-s2.0-85143789623
45517,45518,2-s2.0-85143625573
45533,45534,2-s2.0-85141434094
45538,45539,2-s2.0-85140855734
45540,45541,2-s2.0-85140827637
45564,45565,2-s2.0-85138450378
45568,45569,2-s2.0-85138280967
45573,45574,2-s2.0-85137612381
45576,45577,2-s2.0-85136982482
45580,45581,2-s2.0-85135692824
45581,45582,2-s2.0-85135510244
45595,45596,2-s2.0-85132412910
45637,45638,2-s2.0-85118836722
45641,45642,2-s2.0-85115237432
45650,45651,2-s2.0-85099346547
45653,45654,2-s2.0-85095998017
45661,45662,2-s2.0-85144069197
45663,45664,2-s2.0-85144058947
45665,45666,2-s2.0-85144054824
45666,45667,2-s2.0-85144051835
45671,45672,2-s2.0-85144036265
45674,45675,2-s2.0-85143892451
45681,45682,2-s2.0-85151054192
45683,45684,2-s2.0-85151048664
45684,45685,2-s2.0-85144079364
45687,45688,2-s2.0-85144052409
45689,45690,2-s2.0-85144042257
45705,45706,2-s2.0-85142922457
45715,45716,2-s2.0-85143118568
45716,45717,2-s2.0-85209084331
45722,45723,2-s2.0-85168614787
45723,45724,2-s2.0-85161282210
45729,45730,2-s2.0-85149321190
45741,45742,2-s2.0-85146922235
45743,45744,2-s2.0-85146780214
45747,45748,2-s2.0-85144861114
45749,45750,2-s2.0-85143872122
45754,45755,2-s2.0-85142478284
45765,45766,2-s2.0-85141839090
45766,45767,2-s2.0-85141827603
45767,45768,2-s2.0-85141823977
45769,45770,2-s2.0-85141795320
45773,45774,2-s2.0-85141571544
45781,45782,2-s2.0-85137330626
45794,45795,2-s2.0-85132234645
45797,45798,2-s2.0-85131100901
45809,45810,2-s2.0-85106577669
45818,45819,2-s2.0-85153996832
45826,45827,2-s2.0-85153995133
45835,45836,2-s2.0-85138277725
45840,45841,2-s2.0-85141530444
45843,45844,2-s2.0-85141355977
45844,45845,2-s2.0-85146970607
45851,45852,2-s2.0-85141132262
45854,45855,2-s2.0-85143712476
45863,45864,2-s2.0-85161983066
45866,45867,2-s2.0-85097240259
45875,45876,2-s2.0-85163411541
45878,45879,2-s2.0-85147029676
45882,45883,2-s2.0-85141940446
45884,45885,2-s2.0-85141615729
45889,45890,2-s2.0-85141240263
45890,45891,2-s2.0-85141026818
45896,45897,2-s2.0-85140620599
45909,45910,2-s2.0-85139975890
45918,45919,2-s2.0-85139868422
45929,45930,2-s2.0-85138420365
45933,45934,2-s2.0-85136933517
45936,45937,2-s2.0-85135952779
45940,45941,2-s2.0-85134345589
45941,45942,2-s2.0-85133274584
45942,45943,2-s2.0-85132225961
45945,45946,2-s2.0-85131513568
45948,45949,2-s2.0-85130211249
45955,45956,2-s2.0-85124157763
45956,45957,2-s2.0-85123489021
45957,45958,2-s2.0-85123237941
45961,45962,2-s2.0-85118565531
45963,45964,2-s2.0-85117084770
45966,45967,2-s2.0-85115152191
45970,45971,2-s2.0-85113141429
45973,45974,2-s2.0-85110771674
45975,45976,2-s2.0-85109396538
45990,45991,2-s2.0-85147432544
45994,45995,2-s2.0-85139336945
45998,45999,2-s2.0-85139969362
46001,46002,2-s2.0-85139957417
46002,46003,2-s2.0-85139952188
46003,46004,2-s2.0-85139940548
46005,46006,2-s2.0-85139937393
46011,46012,2-s2.0-85139917004
46017,46018,2-s2.0-85159688788
46025,46026,2-s2.0-85211137268
46045,46046,2-s2.0-85145381078
46048,46049,2-s2.0-85143414356
46050,46051,2-s2.0-85143061864
46051,46052,2-s2.0-85142855722
46052,46053,2-s2.0-85142855672
46059,46060,2-s2.0-85142675950
46061,46062,2-s2.0-85142319316
46067,46068,2-s2.0-85140228064
46075,46076,2-s2.0-85138693947
46076,46077,2-s2.0-85138688015
46077,46078,2-s2.0-85138676661
46078,46079,2-s2.0-85138674418
46084,46085,2-s2.0-85138585982
46086,46087,2-s2.0-85138202714
46088,46089,2-s2.0-85138091046
46093,46094,2-s2.0-85136977648
46094,46095,2-s2.0-85136568333
46095,46096,2-s2.0-85136283783
46107,46108,2-s2.0-85133964644
46112,46113,2-s2.0-85133721452
46122,46123,2-s2.0-85132181262
46130,46131,2-s2.0-85130217908
46132,46133,2-s2.0-85129750217
46133,46134,2-s2.0-85129504684
46136,46137,2-s2.0-85127590290
46137,46138,2-s2.0-85126787064
46139,46140,2-s2.0-85126342585
46145,46146,2-s2.0-85123255918
46153,46154,2-s2.0-85112472169
46161,46162,2-s2.0-105005277890
46168,46169,2-s2.0-85137198945
46174,46175,2-s2.0-85138312386
46182,46183,2-s2.0-85138300966
46184,46185,2-s2.0-85138297033
46188,46189,2-s2.0-85138290168
46195,46196,2-s2.0-85138280268
46201,46202,2-s2.0-85138272942
46215,46216,2-s2.0-85138251298
46220,46221,2-s2.0-85138246569
46222,46223,2-s2.0-85138243988
46225,46226,2-s2.0-85138238573
46243,46244,2-s2.0-85138005649
46245,46246,2-s2.0-85135300808
46248,46249,2-s2.0-85127838937
46249,46250,2-s2.0-85100111974
46255,46256,2-s2.0-85137541321
46263,46264,2-s2.0-85137080025
46266,46267,2-s2.0-85137108717
46267,46268,2-s2.0-85136934750
46276,46277,2-s2.0-85139458072
46293,46294,2-s2.0-85136875863
46304,46305,2-s2.0-85135574641
46312,46313,2-s2.0-85134345081
46316,46317,2-s2.0-85133415886
46324,46325,2-s2.0-85131460836
46336,46337,2-s2.0-85115111969
46338,46339,2-s2.0-85109328142
46339,46340,2-s2.0-85109256095
46342,46343,2-s2.0-85105009688
46355,46356,2-s2.0-85135699766
46359,46360,2-s2.0-85140041265
46383,46384,2-s2.0-85134668400
46384,46385,2-s2.0-85134653219
46387,46388,2-s2.0-85134649176
46389,46390,2-s2.0-85134645014
46394,46395,2-s2.0-85134538296
46395,46396,2-s2.0-85134480500
46398,46399,2-s2.0-85134431066
46401,46402,2-s2.0-85143747698
46406,46407,2-s2.0-85151474845
46418,46419,2-s2.0-85141670304
46425,46426,2-s2.0-85138712499
46427,46428,2-s2.0-85138103967
46436,46437,2-s2.0-85134947868
46441,46442,2-s2.0-85134535515
46443,46444,2-s2.0-85134223641
46449,46450,2-s2.0-85133843115
46452,46453,2-s2.0-85133720669
46458,46459,2-s2.0-85133652011
46460,46461,2-s2.0-85133583484
46464,46465,2-s2.0-85133398434
46475,46476,2-s2.0-85131650752
46477,46478,2-s2.0-85131066112
46484,46485,2-s2.0-85126248439
46500,46501,2-s2.0-85092897970
46502,46503,2-s2.0-85147602827
46506,46507,2-s2.0-85134150830
46510,46511,2-s2.0-85134533284
46513,46514,2-s2.0-85134155300
46515,46516,2-s2.0-85188724476
46517,46518,2-s2.0-85136933933
46518,46519,2-s2.0-85136907758
46521,46522,2-s2.0-85133662903
46523,46524,2-s2.0-85135101760
46532,46533,2-s2.0-105001574184
46537,46538,2-s2.0-85133440827
46555,46556,2-s2.0-85159318517
46556,46557,2-s2.0-85146395573
46559,46560,2-s2.0-85139072668
46562,46563,2-s2.0-85136577877
46568,46569,2-s2.0-85135452468
46591,46592,2-s2.0-85132305668
46596,46597,2-s2.0-85132169846
46597,46598,2-s2.0-85132150090
46602,46603,2-s2.0-85131902352
46604,46605,2-s2.0-85131772389
46607,46608,2-s2.0-85131603005
46608,46609,2-s2.0-85131599227
46611,46612,2-s2.0-85131416516
46614,46615,2-s2.0-85131315661
46626,46627,2-s2.0-85129612202
46635,46636,2-s2.0-85127970346
46648,46649,2-s2.0-85126595065
46656,46657,2-s2.0-85125898762
46659,46660,2-s2.0-85125490262
46660,46661,2-s2.0-85125367006
46666,46667,2-s2.0-85123177187
46667,46668,2-s2.0-85122795363
46673,46674,2-s2.0-85119052253
46686,46687,2-s2.0-85105931413
46690,46691,2-s2.0-85102023608
46695,46696,2-s2.0-85087867506
46703,46704,2-s2.0-85129451731
46708,46709,2-s2.0-85131595870
46709,46710,2-s2.0-85130776649
46711,46712,2-s2.0-85137308854
46713,46714,2-s2.0-85130752738
46720,46721,2-s2.0-85129717294
46735,46736,2-s2.0-85136317358
46737,46738,2-s2.0-85135622922
46740,46741,2-s2.0-85133663244
46744,46745,2-s2.0-85133010017
46746,46747,2-s2.0-85132739916
46755,46756,2-s2.0-85130949253
46759,46760,2-s2.0-85130729752
46760,46761,2-s2.0-85130705814
46761,46762,2-s2.0-85130702388
46765,46766,2-s2.0-85130277331
46776,46777,2-s2.0-85128251440
46778,46779,2-s2.0-85128061739
46779,46780,2-s2.0-85127908860
46791,46792,2-s2.0-85123096854
46792,46793,2-s2.0-85122763366
46793,46794,2-s2.0-85122758074
46799,46800,2-s2.0-85119286996
46813,46814,2-s2.0-85105885186
46816,46817,2-s2.0-85190665596
46818,46819,2-s2.0-85129750527
46833,46834,2-s2.0-85128643887
46837,46838,2-s2.0-85153357936
46844,46845,2-s2.0-85135772039
46845,46846,2-s2.0-85135626531
46858,46859,2-s2.0-85129625062
46863,46864,2-s2.0-85129153831
46878,46879,2-s2.0-85128044154
46881,46882,2-s2.0-85127922461
46882,46883,2-s2.0-85127858788
46890,46891,2-s2.0-85127448567
46896,46897,2-s2.0-85126383488
46901,46902,2-s2.0-85124574023
46908,46909,2-s2.0-85123483367
46909,46910,2-s2.0-85123247673
46911,46912,2-s2.0-85122531054
46915,46916,2-s2.0-85121305144
46922,46923,2-s2.0-85114687525
46923,46924,2-s2.0-85114350762
46926,46927,2-s2.0-85113151777
46952,46953,2-s2.0-85123358288
46958,46959,2-s2.0-85132034190
46960,46961,2-s2.0-85127397116
46967,46968,2-s2.0-85205699567
46969,46970,2-s2.0-85182830659
46971,46972,2-s2.0-85144055875
46975,46976,2-s2.0-85139004299
46982,46983,2-s2.0-85130974413
46992,46993,2-s2.0-85128613120
47001,47002,2-s2.0-85127073560
47011,47012,2-s2.0-85126572452
47017,47018,2-s2.0-85126232746
47030,47031,2-s2.0-85124172673
47033,47034,2-s2.0-85123854020
47037,47038,2-s2.0-85123608312
47043,47044,2-s2.0-85121237420
47054,47055,2-s2.0-85113188687
47069,47070,2-s2.0-85103403108
47076,47077,2-s2.0-85096990245
47078,47079,2-s2.0-85087627196
47085,47086,2-s2.0-85084244502
47088,47089,2-s2.0-85136501456
47091,47092,2-s2.0-85146433542
47097,47098,2-s2.0-85137172343
47105,47106,2-s2.0-85124286656
47107,47108,2-s2.0-85125405854
47111,47112,2-s2.0-85154584482
47115,47116,2-s2.0-85217686498
47119,47120,2-s2.0-85164161649
47122,47123,2-s2.0-85158846390
47123,47124,2-s2.0-85129230799
47135,47136,2-s2.0-85125080811
47143,47144,2-s2.0-85124547861
47153,47154,2-s2.0-85123598725
47154,47155,2-s2.0-85123556304
47159,47160,2-s2.0-85122921520
47160,47161,2-s2.0-85122405820
47162,47163,2-s2.0-85121989141
47163,47164,2-s2.0-85121537915
47165,47166,2-s2.0-85121047353
47172,47173,2-s2.0-85113733680
47173,47174,2-s2.0-85111798563
47176,47177,2-s2.0-85110252101
47182,47183,2-s2.0-85101763472
47185,47186,2-s2.0-85085497356
47188,47189,2-s2.0-85124585144
47193,47194,2-s2.0-85124949115
47198,47199,2-s2.0-85123997410
47202,47203,2-s2.0-85124328361
47205,47206,2-s2.0-85124276322
47208,47209,2-s2.0-85129161596
47211,47212,2-s2.0-85129130447
47213,47214,2-s2.0-85125083098
47214,47215,2-s2.0-85125046450
47228,47229,2-s2.0-85219519104
47237,47238,2-s2.0-85217036773
47240,47241,2-s2.0-85216761826
47241,47242,2-s2.0-85216750290
47243,47244,2-s2.0-85216727678
47263,47264,2-s2.0-85194343905
47265,47266,2-s2.0-85192731368
47297,47298,2-s2.0-85180630756
47305,47306,2-s2.0-85179865878
47306,47307,2-s2.0-85179499699
47308,47309,2-s2.0-85179327404
47314,47315,2-s2.0-85174849080
47330,47331,2-s2.0-85174130471
47336,47337,2-s2.0-85174099149
47337,47338,2-s2.0-85174083774
47344,47345,2-s2.0-85172136601
47346,47347,2-s2.0-85172118691
47347,47348,2-s2.0-85172106857
47354,47355,2-s2.0-85171132090
47356,47357,2-s2.0-85170254347
47360,47361,2-s2.0-85169478177
47364,47365,2-s2.0-85168796073
47365,47366,2-s2.0-85168393065
47367,47368,2-s2.0-85168325013
47368,47369,2-s2.0-85167987364
47372,47373,2-s2.0-85167601941
47377,47378,2-s2.0-85167585090
47388,47389,2-s2.0-85165057962
47390,47391,2-s2.0-85164985661
47402,47403,2-s2.0-85163515026
47408,47409,2-s2.0-85163295407
47413,47414,2-s2.0-85161427176
47420,47421,2-s2.0-85160735226
47421,47422,2-s2.0-85160491930
47429,47430,2-s2.0-85159656196
47436,47437,2-s2.0-85159356722
47441,47442,2-s2.0-85159318120
47446,47447,2-s2.0-85159089745
47498,47499,2-s2.0-85152676735
47499,47500,2-s2.0-85152630960
47501,47502,2-s2.0-85152121494
47503,47504,2-s2.0-85151770761
47509,47510,2-s2.0-85151364513
47512,47513,2-s2.0-85151037274
47513,47514,2-s2.0-85151028094
47516,47517,2-s2.0-85151016195
47518,47519,2-s2.0-85151015408
47519,47520,2-s2.0-85151013313
47520,47521,2-s2.0-85151000443
47523,47524,2-s2.0-85150679504
47528,47529,2-s2.0-85150575797
47548,47549,2-s2.0-85150378270
47553,47554,2-s2.0-85150016156
47555,47556,2-s2.0-85149940216
47558,47559,2-s2.0-85149840135
47559,47560,2-s2.0-85149812672
47568,47569,2-s2.0-85149168427
47570,47571,2-s2.0-85148941420
47576,47577,2-s2.0-85148672689
47579,47580,2-s2.0-85148537502
47583,47584,2-s2.0-85148518298
47584,47585,2-s2.0-85148515074
47590,47591,2-s2.0-85148432168
47592,47593,2-s2.0-85148395060
47594,47595,2-s2.0-85148330152
47602,47603,2-s2.0-85148039021
47606,47607,2-s2.0-85147982968
47608,47609,2-s2.0-85147940193
47611,47612,2-s2.0-85147782612
47622,47623,2-s2.0-85147532327
47623,47624,2-s2.0-85147529973
47624,47625,2-s2.0-85147529729
47629,47630,2-s2.0-85147522136
47635,47636,2-s2.0-85147507744
47638,47639,2-s2.0-85147504109
47639,47640,2-s2.0-85147503355
47643,47644,2-s2.0-85147500424
47645,47646,2-s2.0-85147499159
47646,47647,2-s2.0-85147498758
47648,47649,2-s2.0-85147496519
47651,47652,2-s2.0-85147492714
47654,47655,2-s2.0-85147385372
47657,47658,2-s2.0-85147322405
47660,47661,2-s2.0-85146985583
47664,47665,2-s2.0-85146912482
47671,47672,2-s2.0-85146748392
47673,47674,2-s2.0-85146723131
47674,47675,2-s2.0-85146722799
47677,47678,2-s2.0-85146697445
47681,47682,2-s2.0-85146674277
47686,47687,2-s2.0-85146646027
47688,47689,2-s2.0-85146596221
47689,47690,2-s2.0-85146565468
47698,47699,2-s2.0-85146421783
47704,47705,2-s2.0-85146394566
47713,47714,2-s2.0-85146188274
47716,47717,2-s2.0-85146119433
47720,47721,2-s2.0-85145973944
47721,47722,2-s2.0-85145946905
47726,47727,2-s2.0-85145897959
47727,47728,2-s2.0-85145897074
47734,47735,2-s2.0-85145773892
47748,47749,2-s2.0-85145409622
47755,47756,2-s2.0-85144923297
47763,47764,2-s2.0-85144653807
47764,47765,2-s2.0-85144573237
47765,47766,2-s2.0-85144497524
47766,47767,2-s2.0-85144454483
47771,47772,2-s2.0-85144399354
47772,47773,2-s2.0-85144381306
47776,47777,2-s2.0-85144354957
47785,47786,2-s2.0-85144121059
47791,47792,2-s2.0-85143910142
47793,47794,2-s2.0-85143864904
47794,47795,2-s2.0-85143837354
47800,47801,2-s2.0-85143806922
47807,47808,2-s2.0-85143795442
47817,47818,2-s2.0-85143766570
47818,47819,2-s2.0-85143760327
47819,47820,2-s2.0-85143755877
47821,47822,2-s2.0-85143631627
47824,47825,2-s2.0-85143481036
47830,47831,2-s2.0-85143209011
47840,47841,2-s2.0-85143071456
47842,47843,2-s2.0-85143051839
47845,47846,2-s2.0-85142840595
47850,47851,2-s2.0-85142780206
47851,47852,2-s2.0-85142743920
47863,47864,2-s2.0-85142535304
47864,47865,2-s2.0-85142526642
47867,47868,2-s2.0-85142458607
47881,47882,2-s2.0-85142345346
47895,47896,2-s2.0-85142179395
47907,47908,2-s2.0-85141757559
47915,47916,2-s2.0-85141664288
47925,47926,2-s2.0-85141509096
47939,47940,2-s2.0-85141208674
47961,47962,2-s2.0-85140813075
47973,47974,2-s2.0-85140597569
47980,47981,2-s2.0-85140484184
47993,47994,2-s2.0-85140167848
47994,47995,2-s2.0-85140163465
47995,47996,2-s2.0-85140158390
47997,47998,2-s2.0-85140146825
48000,48001,2-s2.0-85140018834
48008,48009,2-s2.0-85139674799
48032,48033,2-s2.0-85139285089
48035,48036,2-s2.0-85139223338
48037,48038,2-s2.0-85139154347
48038,48039,2-s2.0-85139114163
48039,48040,2-s2.0-85139110459
48040,48041,2-s2.0-85139109826
48042,48043,2-s2.0-85139067847
48046,48047,2-s2.0-85139029581
48049,48050,2-s2.0-85138808349
48050,48051,2-s2.0-85138765378
48053,48054,2-s2.0-85138608243
48060,48061,2-s2.0-85138517726
48070,48071,2-s2.0-85138197463
48071,48072,2-s2.0-85138192652
48074,48075,2-s2.0-85138145353
48075,48076,2-s2.0-85138135789
48080,48081,2-s2.0-85137846427
48084,48085,2-s2.0-85137748244
48090,48091,2-s2.0-85137616291
48117,48118,2-s2.0-85136926065
48121,48122,2-s2.0-85136828802
48138,48139,2-s2.0-85136124320
48139,48140,2-s2.0-85136116039
48143,48144,2-s2.0-85135946944
48145,48146,2-s2.0-85135918174
48156,48157,2-s2.0-85135795458
48165,48166,2-s2.0-85135486064
48173,48174,2-s2.0-85135309558
48184,48185,2-s2.0-85135150836
48188,48189,2-s2.0-85135052603
48191,48192,2-s2.0-85135017352
48193,48194,2-s2.0-85134991371
48201,48202,2-s2.0-85134881921
48210,48211,2-s2.0-85134760129
48216,48217,2-s2.0-85134621359
48227,48228,2-s2.0-85134386092
48229,48230,2-s2.0-85134346577
48234,48235,2-s2.0-85134299799
48239,48240,2-s2.0-85134193812
48245,48246,2-s2.0-85134060218
48249,48250,2-s2.0-85133976464
48255,48256,2-s2.0-85133944799
48259,48260,2-s2.0-85133920894
48263,48264,2-s2.0-85133713034
48272,48273,2-s2.0-85133491306
48276,48277,2-s2.0-85133471187
48277,48278,2-s2.0-85133465938
48282,48283,2-s2.0-85133411120
48291,48292,2-s2.0-85133028653
48293,48294,2-s2.0-85132986692
48296,48297,2-s2.0-85132871087
48306,48307,2-s2.0-85132651789
48309,48310,2-s2.0-85132529949
48312,48313,2-s2.0-85132435913
48322,48323,2-s2.0-85132279634
48334,48335,2-s2.0-85131946137
48335,48336,2-s2.0-85131908908
48337,48338,2-s2.0-85131818737
48343,48344,2-s2.0-85131520770
48347,48348,2-s2.0-85131155218
48350,48351,2-s2.0-85131072989
48361,48362,2-s2.0-85130895363
48371,48372,2-s2.0-85130747845
48378,48379,2-s2.0-85130686130
48388,48389,2-s2.0-85130550324
48390,48391,2-s2.0-85130509056
48392,48393,2-s2.0-85130503805
48394,48395,2-s2.0-85130490318
48403,48404,2-s2.0-85130455292
48404,48405,2-s2.0-85130452399
48405,48406,2-s2.0-85130444554
48413,48414,2-s2.0-85130348779
48417,48418,2-s2.0-85130143647
48422,48423,2-s2.0-85129985173
48426,48427,2-s2.0-85129907883
48430,48431,2-s2.0-85129880137
48438,48439,2-s2.0-85129676814
48440,48441,2-s2.0-85129665801
48454,48455,2-s2.0-85129398191
48455,48456,2-s2.0-85129392518
48456,48457,2-s2.0-85129370103
48457,48458,2-s2.0-85129369769
48466,48467,2-s2.0-85129178857
48471,48472,2-s2.0-85129093840
48478,48479,2-s2.0-85128987299
48485,48486,2-s2.0-85128923642
48487,48488,2-s2.0-85128907990
48490,48491,2-s2.0-85128863988
48494,48495,2-s2.0-85128789462
48496,48497,2-s2.0-85128760835
48498,48499,2-s2.0-85128717261
48500,48501,2-s2.0-85128694882
48502,48503,2-s2.0-85128675767
48511,48512,2-s2.0-85128381147
48512,48513,2-s2.0-85128371461
48524,48525,2-s2.0-85127910880
48528,48529,2-s2.0-85127855758
48531,48532,2-s2.0-85127805373
48533,48534,2-s2.0-85127631449
48534,48535,2-s2.0-85127608298
48536,48537,2-s2.0-85127581374
48539,48540,2-s2.0-85127561917
48546,48547,2-s2.0-85127456677
48547,48548,2-s2.0-85127386049
48550,48551,2-s2.0-85127253683
48557,48558,2-s2.0-85127051566
48558,48559,2-s2.0-85127048521
48561,48562,2-s2.0-85127018761
48567,48568,2-s2.0-85126634642
48579,48580,2-s2.0-85126097543
48583,48584,2-s2.0-85125910912
48591,48592,2-s2.0-85125720440
48596,48597,2-s2.0-85125590162
48601,48602,2-s2.0-85125458831
48602,48603,2-s2.0-85125453122
48610,48611,2-s2.0-85125254393
48614,48615,2-s2.0-85125168640
48619,48620,2-s2.0-85125082881
48623,48624,2-s2.0-85124960861
48626,48627,2-s2.0-85124870585
48627,48628,2-s2.0-85124840660
48629,48630,2-s2.0-85124765299
48632,48633,2-s2.0-85124717425
48633,48634,2-s2.0-85124713354
48636,48637,2-s2.0-85124654221
48642,48643,2-s2.0-85124565671
48645,48646,2-s2.0-85124483854
48647,48648,2-s2.0-85124417544
48650,48651,2-s2.0-85124291929
48651,48652,2-s2.0-85124279502
48662,48663,2-s2.0-85123932264
48674,48675,2-s2.0-85123709607
48675,48676,2-s2.0-85123699892
48676,48677,2-s2.0-85123693961
48677,48678,2-s2.0-85123641721
48679,48680,2-s2.0-85123627645
48682,48683,2-s2.0-85123574190
48683,48684,2-s2.0-85123570606
48684,48685,2-s2.0-85123548345
48688,48689,2-s2.0-85123517419
48690,48691,2-s2.0-85123469503
48693,48694,2-s2.0-85123453092
48695,48696,2-s2.0-85123451500
48696,48697,2-s2.0-85123408860
48706,48707,2-s2.0-85122880449
48711,48712,2-s2.0-85122790388
48712,48713,2-s2.0-85122780806
48715,48716,2-s2.0-85122667375
48753,48754,2-s2.0-85120811987
48754,48755,2-s2.0-85120651644
48757,48758,2-s2.0-85120523630
48765,48766,2-s2.0-85119507427
48767,48768,2-s2.0-85119285832
48773,48774,2-s2.0-85119149884
48774,48775,2-s2.0-85119148367
48781,48782,2-s2.0-85118624383
48783,48784,2-s2.0-85118588026
48786,48787,2-s2.0-85118433570
48795,48796,2-s2.0-85117920220
48799,48800,2-s2.0-85117566620
48809,48810,2-s2.0-85116577557
48812,48813,2-s2.0-85116532382
48821,48822,2-s2.0-85115617919
48826,48827,2-s2.0-85114440200
48831,48832,2-s2.0-85113140498
48832,48833,2-s2.0-85112776704
48841,48842,2-s2.0-85112183320
48842,48843,2-s2.0-85112035417
48847,48848,2-s2.0-85111661081
48853,48854,2-s2.0-85111557473
48860,48861,2-s2.0-85110980515
48868,48869,2-s2.0-85109390467
48869,48870,2-s2.0-85109350253
48871,48872,2-s2.0-85108874941
48904,48905,2-s2.0-85102935345
48917,48918,2-s2.0-85100669644
48918,48919,2-s2.0-85100570426
48920,48921,2-s2.0-85099949178
48925,48926,2-s2.0-85099401967
48926,48927,2-s2.0-85099385151
48931,48932,2-s2.0-85098668879
48940,48941,2-s2.0-85096771740
48946,48947,2-s2.0-85095796220
48950,48951,2-s2.0-85094911834
48952,48953,2-s2.0-85092747777
48960,48961,2-s2.0-85091183627
48971,48972,2-s2.0-85087479665
48974,48975,2-s2.0-85087126355
48992,48993,2-s2.0-85070953164
49001,49002,2-s2.0-105009608147
49009,49010,2-s2.0-105003779100
49025,49026,2-s2.0-85124050230
49032,49033,2-s2.0-85125877156
49033,49034,2-s2.0-85126183631
49034,49035,2-s2.0-85127571894
49040,49041,2-s2.0-85123380152
49042,49043,2-s2.0-85123071542
49052,49053,2-s2.0-85121347319
49053,49054,2-s2.0-85158861378
49060,49061,2-s2.0-85132432489
49066,49067,2-s2.0-85129596236
49068,49069,2-s2.0-85127212386
49073,49074,2-s2.0-85127123460
49082,49083,2-s2.0-85123898808
49083,49084,2-s2.0-85123717976
49086,49087,2-s2.0-85123635225
49094,49095,2-s2.0-85123353158
49095,49096,2-s2.0-85123281720
49097,49098,2-s2.0-85122507758
49100,49101,2-s2.0-85122281098
49101,49102,2-s2.0-85122232596
49104,49105,2-s2.0-85122004159
49106,49107,2-s2.0-85121911091
49107,49108,2-s2.0-85121838181
49108,49109,2-s2.0-85121765567
49112,49113,2-s2.0-85121461250
49121,49122,2-s2.0-85121221805
49124,49125,2-s2.0-85121125287
49127,49128,2-s2.0-85120943685
49129,49130,2-s2.0-85120831477
49135,49136,2-s2.0-85120760685
49148,49149,2-s2.0-85119264257
49159,49160,2-s2.0-85118281504
49169,49170,2-s2.0-85116574462
49182,49183,2-s2.0-85115026909
49208,49209,2-s2.0-85107900612
49211,49212,2-s2.0-85107326746
49223,49224,2-s2.0-85105541934
49230,49231,2-s2.0-85103889902
49232,49233,2-s2.0-85103421946
49238,49239,2-s2.0-85102553409
49240,49241,2-s2.0-85102173811
49242,49243,2-s2.0-85101976576
49246,49247,2-s2.0-85101485884
49250,49251,2-s2.0-85099655135
49255,49256,2-s2.0-85093501061
49258,49259,2-s2.0-85092653923
49260,49261,2-s2.0-85091513206
49280,49281,2-s2.0-85121240527
49286,49287,2-s2.0-85129603915
49288,49289,2-s2.0-85126634916
49293,49294,2-s2.0-85126599979
49301,49302,2-s2.0-85117691330
49321,49322,2-s2.0-85132745796
49324,49325,2-s2.0-85121610594
49348,49349,2-s2.0-85118979649
49366,49367,2-s2.0-85114434723
49369,49370,2-s2.0-85114150033
49373,49374,2-s2.0-85112362072
49382,49383,2-s2.0-85107496618
49383,49384,2-s2.0-85107183139
49385,49386,2-s2.0-85106506722
49390,49391,2-s2.0-85106338383
49393,49394,2-s2.0-85104149155
49396,49397,2-s2.0-85102629473
49401,49402,2-s2.0-85070477226
49407,49408,2-s2.0-85122101292
49411,49412,2-s2.0-85122077779
49412,49413,2-s2.0-85122067346
49416,49417,2-s2.0-85122470952
49432,49433,2-s2.0-85117919603
49438,49439,2-s2.0-85119403625
49441,49442,2-s2.0-85115616868
49445,49446,2-s2.0-85117615759
49447,49448,2-s2.0-85117263285
49450,49451,2-s2.0-85219700160
49463,49464,2-s2.0-85118635395
49467,49468,2-s2.0-85117532643
49471,49472,2-s2.0-85117398480
49472,49473,2-s2.0-85117337543
49481,49482,2-s2.0-85116751430
49488,49489,2-s2.0-85116389966
49491,49492,2-s2.0-85116322286
49496,49497,2-s2.0-85116067782
49497,49498,2-s2.0-85116057675
49505,49506,2-s2.0-85115224033
49513,49514,2-s2.0-85114150079
49520,49521,2-s2.0-85113625856
49537,49538,2-s2.0-85106805422
49545,49546,2-s2.0-85101274572
49554,49555,2-s2.0-85089286733
49557,49558,2-s2.0-85085395808
49569,49570,2-s2.0-85116497154
49583,49584,2-s2.0-85114839533
49584,49585,2-s2.0-85134684218
49593,49594,2-s2.0-85164161238
49596,49597,2-s2.0-85137384453
49612,49613,2-s2.0-85118096794
49615,49616,2-s2.0-85117098387
49619,49620,2-s2.0-85116279961
49620,49621,2-s2.0-85116159431
49624,49625,2-s2.0-85116105612
49629,49630,2-s2.0-85115750287
49631,49632,2-s2.0-85115353192
49637,49638,2-s2.0-85115001579
49639,49640,2-s2.0-85114645724
49642,49643,2-s2.0-85114426124
49648,49649,2-s2.0-85113808678
49655,49656,2-s2.0-85112765672
49657,49658,2-s2.0-85111504115
49666,49667,2-s2.0-85109087518
49669,49670,2-s2.0-85108425454
49677,49678,2-s2.0-85104608196
49706,49707,2-s2.0-85189351550
49709,49710,2-s2.0-85114213734
49723,49724,2-s2.0-85113390972
49724,49725,2-s2.0-85113353735
49741,49742,2-s2.0-85112775916
49745,49746,2-s2.0-85112860253
49750,49751,2-s2.0-85112839541
49758,49759,2-s2.0-85112819091
49761,49762,2-s2.0-85112807111
49771,49772,2-s2.0-85112780346
49772,49773,2-s2.0-85112779897
49773,49774,2-s2.0-85112776062
49774,49775,2-s2.0-85112763890
49777,49778,2-s2.0-85112756415
49785,49786,2-s2.0-85112230840
49787,49788,2-s2.0-85131530070
49796,49797,2-s2.0-85113949041
49802,49803,2-s2.0-85112631276
49804,49805,2-s2.0-85112375839
49805,49806,2-s2.0-85112341331
49815,49816,2-s2.0-85111701240
49817,49818,2-s2.0-85111633557
49823,49824,2-s2.0-85111206544
49834,49835,2-s2.0-85104607788
49841,49842,2-s2.0-85101583906
49844,49845,2-s2.0-85101533309
49852,49853,2-s2.0-85095134966
49856,49857,2-s2.0-85087815896
49865,49866,2-s2.0-85092585210
49878,49879,2-s2.0-85124570158
49883,49884,2-s2.0-85124565872
49885,49886,2-s2.0-85124565254
49891,49892,2-s2.0-85124560388
49898,49899,2-s2.0-85124550148
49903,49904,2-s2.0-85124543881
49906,49907,2-s2.0-85124534554
49907,49908,2-s2.0-85124532232
49922,49923,2-s2.0-85124519501
49928,49929,2-s2.0-85124511198
49934,49935,2-s2.0-85124503630
49938,49939,2-s2.0-85123716860
49940,49941,2-s2.0-85117593715
49943,49944,2-s2.0-85119005734
49946,49947,2-s2.0-85117920912
49956,49957,2-s2.0-85112403841
49959,49960,2-s2.0-85117575679
49977,49978,2-s2.0-85111359593
49985,49986,2-s2.0-85148626775
49992,49993,2-s2.0-85132824470
49997,49998,2-s2.0-85123576281
50002,50003,2-s2.0-85114891262
50016,50017,2-s2.0-85112298267
50022,50023,2-s2.0-85111576664
50023,50024,2-s2.0-85111447789
50029,50030,2-s2.0-85111017838
50042,50043,2-s2.0-85109746550
50043,50044,2-s2.0-85109614218
50049,50050,2-s2.0-85108852049
50055,50056,2-s2.0-85108302880
50058,50059,2-s2.0-85106252756
50064,50065,2-s2.0-85104957490
50067,50068,2-s2.0-85104130779
50069,50070,2-s2.0-85103397391
50079,50080,2-s2.0-85091106804
50097,50098,2-s2.0-105001597880
50101,50102,2-s2.0-85128113019
50106,50107,2-s2.0-85112113460
50109,50110,2-s2.0-85112043203
50110,50111,2-s2.0-85110243835
50113,50114,2-s2.0-85115792279
50121,50122,2-s2.0-85127974618
50125,50126,2-s2.0-85112490651
50128,50129,2-s2.0-85112489006
50135,50136,2-s2.0-85118093255
50140,50141,2-s2.0-85101407341
50150,50151,2-s2.0-85108575667
50154,50155,2-s2.0-85108568197
50155,50156,2-s2.0-85108564293
50156,50157,2-s2.0-85108562750
50164,50165,2-s2.0-85108540818
50176,50177,2-s2.0-85108516439
50177,50178,2-s2.0-85108513871
50179,50180,2-s2.0-85108512583
50181,50182,2-s2.0-85108506899
50185,50186,2-s2.0-85108503359
50194,50195,2-s2.0-85108696676
50195,50196,2-s2.0-85108569554
50203,50204,2-s2.0-85219667576
50215,50216,2-s2.0-85137411220
50217,50218,2-s2.0-85130316730
50224,50225,2-s2.0-85118857903
50231,50232,2-s2.0-85116202190
50233,50234,2-s2.0-85116096117
50238,50239,2-s2.0-85112721581
50264,50265,2-s2.0-85107777915
50270,50271,2-s2.0-85107344142
50275,50276,2-s2.0-85106492008
50308,50309,2-s2.0-85102625228
50319,50320,2-s2.0-85100590663
50320,50321,2-s2.0-85099990511
50327,50328,2-s2.0-85086036282
50328,50329,2-s2.0-85084669022
50332,50333,2-s2.0-85079453107
50337,50338,2-s2.0-85107788983
50343,50344,2-s2.0-85140060369
50344,50345,2-s2.0-85137248232
50347,50348,2-s2.0-85125370864
50349,50350,2-s2.0-85125156992
50357,50358,2-s2.0-85108024932
50359,50360,2-s2.0-85108024570
50364,50365,2-s2.0-85149433335
50374,50375,2-s2.0-85108151138
50375,50376,2-s2.0-85108141669
50377,50378,2-s2.0-85150118323
50388,50389,2-s2.0-85161584884
50398,50399,2-s2.0-85105965416
50401,50402,2-s2.0-85105963437
50402,50403,2-s2.0-85105962933
50405,50406,2-s2.0-85105954786
50413,50414,2-s2.0-85105935311
50417,50418,2-s2.0-85105930685
50418,50419,2-s2.0-85105928901
50419,50420,2-s2.0-85105928751
50446,50447,2-s2.0-85105931931
50448,50449,2-s2.0-85110321913
50449,50450,2-s2.0-85106375260
50450,50451,2-s2.0-85106372996
50455,50456,2-s2.0-85148520924
50471,50472,2-s2.0-85109092236
50475,50476,2-s2.0-85108201503
50492,50493,2-s2.0-85105289158
50499,50500,2-s2.0-85104229331
50504,50505,2-s2.0-85103356167
50505,50506,2-s2.0-85103211549
50508,50509,2-s2.0-85102081004
50509,50510,2-s2.0-85102059277
50518,50519,2-s2.0-85100031701
50519,50520,2-s2.0-85099976194
50530,50531,2-s2.0-85083284468
50531,50532,2-s2.0-85105934634
50536,50537,2-s2.0-85112352498
50537,50538,2-s2.0-85105622620
50538,50539,2-s2.0-85108487643
50539,50540,2-s2.0-85108470741
50543,50544,2-s2.0-85105754858
50546,50547,2-s2.0-85198558832
50549,50550,2-s2.0-85198514113
50557,50558,2-s2.0-85112464206
50559,50560,2-s2.0-85112460380
50565,50566,2-s2.0-85112453467
50574,50575,2-s2.0-85112418548
50600,50601,2-s2.0-85112835723
50601,50602,2-s2.0-85112830757
50604,50605,2-s2.0-85104213688
50608,50609,2-s2.0-85104683321
50619,50620,2-s2.0-85104662837
50621,50622,2-s2.0-85104658541
50626,50627,2-s2.0-85104643908
50630,50631,2-s2.0-85104640682
50640,50641,2-s2.0-85104623571
50647,50648,2-s2.0-85104605904
50650,50651,2-s2.0-85104597712
50658,50659,2-s2.0-85104581590
50666,50667,2-s2.0-85105458307
50667,50668,2-s2.0-85104640473
50673,50674,2-s2.0-85104715605
50674,50675,2-s2.0-85104256573
50678,50679,2-s2.0-85103859858
50688,50689,2-s2.0-85200133970
50690,50691,2-s2.0-85175807672
50696,50697,2-s2.0-85131738578
50698,50699,2-s2.0-85125913924
50703,50704,2-s2.0-85109671087
50704,50705,2-s2.0-85108187080
50706,50707,2-s2.0-85106648079
50708,50709,2-s2.0-85106589611
50712,50713,2-s2.0-85106280018
50730,50731,2-s2.0-85105430005
50745,50746,2-s2.0-85104010712
50747,50748,2-s2.0-85103797747
50760,50761,2-s2.0-85100516955
50763,50764,2-s2.0-85099922267
50765,50766,2-s2.0-85099548001
50772,50773,2-s2.0-85095575258
50773,50774,2-s2.0-85093939651
50774,50775,2-s2.0-85092659868
50775,50776,2-s2.0-85091351359
50780,50781,2-s2.0-85084001760
50781,50782,2-s2.0-85083984388
50782,50783,2-s2.0-85083807687
50785,50786,2-s2.0-85078851739
50806,50807,2-s2.0-85103844048
50812,50813,2-s2.0-85103841483
50818,50819,2-s2.0-85103832821
50820,50821,2-s2.0-85103828991
50824,50825,2-s2.0-85103821895
50826,50827,2-s2.0-85103817884
50828,50829,2-s2.0-85103815333
50832,50833,2-s2.0-85107473614
50834,50835,2-s2.0-85106414423
50843,50844,2-s2.0-85103469421
50849,50850,2-s2.0-85103456972
50850,50851,2-s2.0-85103455452
50854,50855,2-s2.0-85103447234
50855,50856,2-s2.0-85103446187
50858,50859,2-s2.0-85103438958
50863,50864,2-s2.0-85103753569
50866,50867,2-s2.0-85103597179
50870,50871,2-s2.0-85103549665
50875,50876,2-s2.0-85103491712
50882,50883,2-s2.0-85103587115
50884,50885,2-s2.0-85103579640
50886,50887,2-s2.0-85103564964
50892,50893,2-s2.0-85103520808
50896,50897,2-s2.0-85103506729
50899,50900,2-s2.0-85103483184
50906,50907,2-s2.0-85103447800
50908,50909,2-s2.0-85103339531
50924,50925,2-s2.0-85103138131
50927,50928,2-s2.0-85103121687
50934,50935,2-s2.0-85103082805
50939,50940,2-s2.0-85107060521
50945,50946,2-s2.0-85105841517
50960,50961,2-s2.0-85108323574
50964,50965,2-s2.0-85103335163
50965,50966,2-s2.0-85103334892
50966,50967,2-s2.0-85103332534
50967,50968,2-s2.0-85103329341
50969,50970,2-s2.0-85103326788
50975,50976,2-s2.0-85103314408
50977,50978,2-s2.0-85103307281
50979,50980,2-s2.0-85103581034
50982,50983,2-s2.0-85103074911
50984,50985,2-s2.0-85102953186
50990,50991,2-s2.0-85102471038
50991,50992,2-s2.0-85102466364
50998,50999,2-s2.0-85102419450
50999,51000,2-s2.0-85102418238
51001,51002,2-s2.0-85102275879
51010,51011,2-s2.0-85108121650
51013,51014,2-s2.0-85106308211
51016,51017,2-s2.0-85105851078
51023,51024,2-s2.0-85104591548
51047,51048,2-s2.0-85102617082
51048,51049,2-s2.0-85102564796
51049,51050,2-s2.0-85102560783
51058,51059,2-s2.0-85101217271
51061,51062,2-s2.0-85100753629
51066,51067,2-s2.0-85100316959
51071,51072,2-s2.0-85099718344
51072,51073,2-s2.0-85099686428
51075,51076,2-s2.0-85097217593
51076,51077,2-s2.0-85097033139
51077,51078,2-s2.0-85097021935
51079,51080,2-s2.0-85096936354
51082,51083,2-s2.0-85096393045
51097,51098,2-s2.0-85087458222
51100,51101,2-s2.0-85086151588
51105,51106,2-s2.0-85084990178
51120,51121,2-s2.0-85107111141
51122,51123,2-s2.0-85101938542
51127,51128,2-s2.0-85102388744
51134,51135,2-s2.0-85101790929
51135,51136,2-s2.0-85102376277
51145,51146,2-s2.0-85101796543
51148,51149,2-s2.0-85102208546
51151,51152,2-s2.0-85101779318
51152,51153,2-s2.0-85101745104
51153,51154,2-s2.0-85102376789
51154,51155,2-s2.0-85101875524
51160,51161,2-s2.0-85101614781
51162,51163,2-s2.0-85101274479
51168,51169,2-s2.0-85109556985
51176,51177,2-s2.0-85102346392
51179,51180,2-s2.0-85102337142
51180,51181,2-s2.0-85102334289
51189,51190,2-s2.0-85100896166
51196,51197,2-s2.0-85158816490
51221,51222,2-s2.0-85100996318
51230,51231,2-s2.0-85100350731
51235,51236,2-s2.0-85099795808
51245,51246,2-s2.0-85094629838
51251,51252,2-s2.0-85090057743
51252,51253,2-s2.0-85089993063
51254,51255,2-s2.0-85089866097
51256,51257,2-s2.0-85089583117
51258,51259,2-s2.0-85088583058
51275,51276,2-s2.0-85091822831
51283,51284,2-s2.0-85091632269
51288,51289,2-s2.0-85118733951
51290,51291,2-s2.0-85109119453
51294,51295,2-s2.0-85102401645
51300,51301,2-s2.0-85102339143
51301,51302,2-s2.0-85102337140
51304,51305,2-s2.0-85102246651
51314,51315,2-s2.0-85101821433
51321,51322,2-s2.0-85101805291
51339,51340,2-s2.0-85100582411
51341,51342,2-s2.0-85101629908
51357,51358,2-s2.0-85101357849
51358,51359,2-s2.0-85101354837
51364,51365,2-s2.0-85101311686
51371,51372,2-s2.0-85100732217
51373,51374,2-s2.0-105001556955
51383,51384,2-s2.0-85069866804
51384,51385,2-s2.0-85148831880
51397,51398,2-s2.0-85216894008
51406,51407,2-s2.0-85205553416
51410,51411,2-s2.0-85194344584
51412,51413,2-s2.0-85193897894
51416,51417,2-s2.0-85189413994
51417,51418,2-s2.0-85187754525
51421,51422,2-s2.0-85182281358
51423,51424,2-s2.0-85182254607
51428,51429,2-s2.0-85180781841
51435,51436,2-s2.0-85180632615
51440,51441,2-s2.0-85180629654
51441,51442,2-s2.0-85180628489
51448,51449,2-s2.0-85180621416
51454,51455,2-s2.0-85179844766
51457,51458,2-s2.0-85179841841
51460,51461,2-s2.0-85179839162
51462,51463,2-s2.0-85179837580
51475,51476,2-s2.0-85175478918
51482,51483,2-s2.0-85173233796
51483,51484,2-s2.0-85172709178
51497,51498,2-s2.0-85164847853
51500,51501,2-s2.0-85162193595
51505,51506,2-s2.0-85159489591
51508,51509,2-s2.0-85159442783
51513,51514,2-s2.0-85159007318
51523,51524,2-s2.0-85153474076
51526,51527,2-s2.0-85151188495
51532,51533,2-s2.0-85150115052
51535,51536,2-s2.0-85148524098
51536,51537,2-s2.0-85147802349
51552,51553,2-s2.0-85146111743
51556,51557,2-s2.0-85144145278
51564,51565,2-s2.0-85140182345
51565,51566,2-s2.0-85140175033
51566,51567,2-s2.0-85140174449
51569,51570,2-s2.0-85140163600
51571,51572,2-s2.0-85140160922
51578,51579,2-s2.0-85139361662
51582,51583,2-s2.0-85139284137
51591,51592,2-s2.0-85137951741
51607,51608,2-s2.0-85134798789
51610,51611,2-s2.0-85134378609
51618,51619,2-s2.0-85133259578
51625,51626,2-s2.0-85132664616
51635,51636,2-s2.0-85131469006
51641,51642,2-s2.0-85131278239
51648,51649,2-s2.0-85130928095
51654,51655,2-s2.0-85130091079
51656,51657,2-s2.0-85130005952
51658,51659,2-s2.0-85129956443
51666,51667,2-s2.0-85129105507
51667,51668,2-s2.0-85129094191
51670,51671,2-s2.0-85128956780
51673,51674,2-s2.0-85128909082
51683,51684,2-s2.0-85128331642
51689,51690,2-s2.0-85128195917
51694,51695,2-s2.0-85127933293
51695,51696,2-s2.0-85127918554
51696,51697,2-s2.0-85127891815
51713,51714,2-s2.0-85127240076
51718,51719,2-s2.0-85127189844
51719,51720,2-s2.0-85127149280
51720,51721,2-s2.0-85127144690
51723,51724,2-s2.0-85127091262
51733,51734,2-s2.0-85126740102
51735,51736,2-s2.0-85126579882
51746,51747,2-s2.0-85125640639
51755,51756,2-s2.0-85125042302
51756,51757,2-s2.0-85125010339
51770,51771,2-s2.0-85124666985
51772,51773,2-s2.0-85124583204
51773,51774,2-s2.0-85124515420
51779,51780,2-s2.0-85124313456
51791,51792,2-s2.0-85123843762
51800,51801,2-s2.0-85123823438
51805,51806,2-s2.0-85123756802
51810,51811,2-s2.0-85123622269
51816,51817,2-s2.0-85123467174
51823,51824,2-s2.0-85123215256
51824,51825,2-s2.0-85123203700
51825,51826,2-s2.0-85123172742
51826,51827,2-s2.0-85123088594
51828,51829,2-s2.0-85123058022
51839,51840,2-s2.0-85122933155
51843,51844,2-s2.0-85122921507
51847,51848,2-s2.0-85122889535
51858,51859,2-s2.0-85122703654
51859,51860,2-s2.0-85122595644
51871,51872,2-s2.0-85122163844
51875,51876,2-s2.0-85122034048
51876,51877,2-s2.0-85122029486
51880,51881,2-s2.0-85121863399
51884,51885,2-s2.0-85121788785
51888,51889,2-s2.0-85121741551
51890,51891,2-s2.0-85121710980
51896,51897,2-s2.0-85121653199
51897,51898,2-s2.0-85121648960
51903,51904,2-s2.0-85121397804
51908,51909,2-s2.0-85121314131
51916,51917,2-s2.0-85121041751
51918,51919,2-s2.0-85121029517
51922,51923,2-s2.0-85121026670
51930,51931,2-s2.0-85120825630
51939,51940,2-s2.0-85120677590
51942,51943,2-s2.0-85120422228
51948,51949,2-s2.0-85120389102
51951,51952,2-s2.0-85120387880
51955,51956,2-s2.0-85120347110
51960,51961,2-s2.0-85120057737
51962,51963,2-s2.0-85120037481
51971,51972,2-s2.0-85119703778
51973,51974,2-s2.0-85119492185
51975,51976,2-s2.0-85119373029
51985,51986,2-s2.0-85118933577
51987,51988,2-s2.0-85118902075
51996,51997,2-s2.0-85118708328
51997,51998,2-s2.0-85118679171
51999,52000,2-s2.0-85118654946
52007,52008,2-s2.0-85118213601
52012,52013,2-s2.0-85118119782
52014,52015,2-s2.0-85118106504
52020,52021,2-s2.0-85117935471
52025,52026,2-s2.0-85117911368
52051,52052,2-s2.0-85116919452
52052,52053,2-s2.0-85116905934
52055,52056,2-s2.0-85116822328
52056,52057,2-s2.0-85116746193
52060,52061,2-s2.0-85116732231
52061,52062,2-s2.0-85116726285
52068,52069,2-s2.0-85116462071
52070,52071,2-s2.0-85116442274
52073,52074,2-s2.0-85116319930
52078,52079,2-s2.0-85116022138
52087,52088,2-s2.0-85115784684
52097,52098,2-s2.0-85115732420
52108,52109,2-s2.0-85115317921
52110,52111,2-s2.0-85115302969
52111,52112,2-s2.0-85115290731
52113,52114,2-s2.0-85115238411
52115,52116,2-s2.0-85115226737
52118,52119,2-s2.0-85115106263
52126,52127,2-s2.0-85114783174
52129,52130,2-s2.0-85114749632
52134,52135,2-s2.0-85114433580
52135,52136,2-s2.0-85114429449
52138,52139,2-s2.0-85114238511
52157,52158,2-s2.0-85113736758
52159,52160,2-s2.0-85113708140
52164,52165,2-s2.0-85113459180
52167,52168,2-s2.0-85113438062
52173,52174,2-s2.0-85113407762
52179,52180,2-s2.0-85113387430
52186,52187,2-s2.0-85113316198
52193,52194,2-s2.0-85112813923
52196,52197,2-s2.0-85112809513
52199,52200,2-s2.0-85112718109
52203,52204,2-s2.0-85112687473
52204,52205,2-s2.0-85112683521
52208,52209,2-s2.0-85112587555
52227,52228,2-s2.0-85112313225
52233,52234,2-s2.0-85112103971
52234,52235,2-s2.0-85112085632
52235,52236,2-s2.0-85112050226
52237,52238,2-s2.0-85111966153
52239,52240,2-s2.0-85111890370
52245,52246,2-s2.0-85111416627
52247,52248,2-s2.0-85111389781
52249,52250,2-s2.0-85111366828
52252,52253,2-s2.0-85111362468
52255,52256,2-s2.0-85111329815
52262,52263,2-s2.0-85111145169
52269,52270,2-s2.0-85111056197
52287,52288,2-s2.0-85109898998
52296,52297,2-s2.0-85109730416
52297,52298,2-s2.0-85109680772
52298,52299,2-s2.0-85109667435
52300,52301,2-s2.0-85109628399
52303,52304,2-s2.0-85109444304
52308,52309,2-s2.0-85109259120
52309,52310,2-s2.0-85109175722
52315,52316,2-s2.0-85108993071
52320,52321,2-s2.0-85108713996
52321,52322,2-s2.0-85108698302
52325,52326,2-s2.0-85108570757
52341,52342,2-s2.0-85108280000
52346,52347,2-s2.0-85108167796
52352,52353,2-s2.0-85107953565
52354,52355,2-s2.0-85107896923
52359,52360,2-s2.0-85107704066
52370,52371,2-s2.0-85107446887
52374,52375,2-s2.0-85107351410
52386,52387,2-s2.0-85106960838
52387,52388,2-s2.0-85106943389
52409,52410,2-s2.0-85106412296
52419,52420,2-s2.0-85105950337
52422,52423,2-s2.0-85105938707
52444,52445,2-s2.0-85105594362
52448,52449,2-s2.0-85105500603
52457,52458,2-s2.0-85105277280
52468,52469,2-s2.0-85104803598
52472,52473,2-s2.0-85104708289
52478,52479,2-s2.0-85104488040
52479,52480,2-s2.0-85104484862
52501,52502,2-s2.0-85103990536
52502,52503,2-s2.0-85103981435
52507,52508,2-s2.0-85103931042
52512,52513,2-s2.0-85103887358
52517,52518,2-s2.0-85103722168
52532,52533,2-s2.0-85103498679
52541,52542,2-s2.0-85103413091
52542,52543,2-s2.0-85103373293
52550,52551,2-s2.0-85103255105
52558,52559,2-s2.0-85103050567
52568,52569,2-s2.0-85102776534
52569,52570,2-s2.0-85102716748
52573,52574,2-s2.0-85102678193
52577,52578,2-s2.0-85102428757
52578,52579,2-s2.0-85102412438
52580,52581,2-s2.0-85102315681
52583,52584,2-s2.0-85102242504
52592,52593,2-s2.0-85101793904
52593,52594,2-s2.0-85101784320
52594,52595,2-s2.0-85101783392
52604,52605,2-s2.0-85101533738
52606,52607,2-s2.0-85101531471
52611,52612,2-s2.0-85101361557
52616,52617,2-s2.0-85101135005
52627,52628,2-s2.0-85100686319
52629,52630,2-s2.0-85100592687
52637,52638,2-s2.0-85100427914
52644,52645,2-s2.0-85100234702
52646,52647,2-s2.0-85100178096
52648,52649,2-s2.0-85100137138
52663,52664,2-s2.0-85099531727
52667,52668,2-s2.0-85099417126
52668,52669,2-s2.0-85099381154
52670,52671,2-s2.0-85099362180
52671,52672,2-s2.0-85099357048
52673,52674,2-s2.0-85099231010
52675,52676,2-s2.0-85099117069
52676,52677,2-s2.0-85099116561
52692,52693,2-s2.0-85098262464
52696,52697,2-s2.0-85098132906
52697,52698,2-s2.0-85098048914
52706,52707,2-s2.0-85097254665
52713,52714,2-s2.0-85097074707
52714,52715,2-s2.0-85097020408
52715,52716,2-s2.0-85096926010
52722,52723,2-s2.0-85096479205
52724,52725,2-s2.0-85096226597
52727,52728,2-s2.0-85095939919
52730,52731,2-s2.0-85095589836
52731,52732,2-s2.0-85095427949
52738,52739,2-s2.0-85092773562
52741,52742,2-s2.0-85092576878
52754,52755,2-s2.0-85091679489
52755,52756,2-s2.0-85091634655
52758,52759,2-s2.0-85091531159
52762,52763,2-s2.0-85091030355
52768,52769,2-s2.0-85090249493
52770,52771,2-s2.0-85090191199
52772,52773,2-s2.0-85090096583
52780,52781,2-s2.0-85090035108
52795,52796,2-s2.0-85089393849
52797,52798,2-s2.0-85089138597
52798,52799,2-s2.0-85089095995
52801,52802,2-s2.0-85088867103
52802,52803,2-s2.0-85088749197
52816,52817,2-s2.0-85087039099
52817,52818,2-s2.0-85087032045
52834,52835,2-s2.0-85084452601
52835,52836,2-s2.0-85084449993
52837,52838,2-s2.0-85084404381
52839,52840,2-s2.0-85084318933
52845,52846,2-s2.0-85083384048
52851,52852,2-s2.0-85081755712
52861,52862,2-s2.0-85079703916
52879,52880,2-s2.0-85076426591
52882,52883,2-s2.0-85075973803
52886,52887,2-s2.0-85075121696
52892,52893,2-s2.0-85074571465
52898,52899,2-s2.0-85073776942
52905,52906,2-s2.0-85068210567
52906,52907,2-s2.0-85066622335
52911,52912,2-s2.0-85052126734
52915,52916,2-s2.0-105008239346
52923,52924,2-s2.0-85219720480
52935,52936,2-s2.0-85106780878
52938,52939,2-s2.0-85083218862
52940,52941,2-s2.0-85058815156
52943,52944,2-s2.0-84887567892
