corpus_position,source_row_abs,EID_o_identificador
0,0,2-s2.0-0033669846
7,7,2-s2.0-8644291002
9,9,2-s2.0-8644280479
12,12,2-s2.0-8644274072
14,14,2-s2.0-8644265989
18,18,2-s2.0-8644250535
20,20,2-s2.0-8644246700
25,25,2-s2.0-8644223322
26,26,2-s2.0-8644220516
29,29,2-s2.0-85065364308
30,30,2-s2.0-85040416124
55,55,2-s2.0-0034474519
59,59,2-s2.0-0034472448
60,60,2-s2.0-0034471187
62,62,2-s2.0-0034470904
65,65,2-s2.0-0034429301
73,73,2-s2.0-0034718894
76,76,2-s2.0-0034644591
83,83,2-s2.0-0013238159
89,89,2-s2.0-0034284969
90,90,2-s2.0-84952651568
91,91,2-s2.0-85164500141
93,93,2-s2.0-1542610676
99,99,2-s2.0-0011939734
102,102,2-s2.0-3042529073
109,109,2-s2.0-34547226829
110,110,2-s2.0-0342955492
113,113,2-s2.0-0034635405
118,118,2-s2.0-85089443123
119,119,2-s2.0-85066224145
122,122,2-s2.0-85024001305
125,125,2-s2.0-85014988680
133,133,2-s2.0-84993769373
138,138,2-s2.0-84968583581
139,139,2-s2.0-84965100236
141,141,2-s2.0-84950110067
145,145,2-s2.0-84944074638
149,149,2-s2.0-84901245662
154,154,2-s2.0-77951276094
158,158,2-s2.0-53949124323
159,159,2-s2.0-53949096088
160,160,2-s2.0-53349093437
166,166,2-s2.0-35649002265
170,170,2-s2.0-33750632339
173,173,2-s2.0-33646819206
177,177,2-s2.0-29444456229
179,179,2-s2.0-24944517592
180,180,2-s2.0-24944486066
182,182,2-s2.0-24044474205
183,183,2-s2.0-23044524645
187,187,2-s2.0-23044519525
194,194,2-s2.0-22844453574
203,203,2-s2.0-13244297204
206,206,2-s2.0-0345985087
209,209,2-s2.0-0042913225
214,214,2-s2.0-0042225063
219,219,2-s2.0-0039925209
228,228,2-s2.0-0034612689
244,244,2-s2.0-0034343126
246,246,2-s2.0-0034339338
247,247,2-s2.0-0034338990
251,251,2-s2.0-0034203611
265,265,2-s2.0-0034000841
269,269,2-s2.0-0033922031
273,273,2-s2.0-0033877154
275,275,2-s2.0-0033872309
279,279,2-s2.0-0033760724
282,282,2-s2.0-0033740743
301,301,2-s2.0-0005732953
305,305,2-s2.0-0000717304
307,307,2-s2.0-0035856945
330,330,2-s2.0-8744285308
338,338,2-s2.0-8744271122
339,339,2-s2.0-8744267190
343,343,2-s2.0-8744256844
345,345,2-s2.0-8744248398
352,352,2-s2.0-8744232373
356,356,2-s2.0-8744219617
357,357,2-s2.0-85073143125
358,358,2-s2.0-85026672860
363,363,2-s2.0-78751527266
365,365,2-s2.0-52649096412
368,368,2-s2.0-4944260811
371,371,2-s2.0-34249893927
373,373,2-s2.0-32944458322
375,375,2-s2.0-30844441866
379,379,2-s2.0-0038495450
381,381,2-s2.0-0035786659
395,395,2-s2.0-0035571544
403,403,2-s2.0-0035622660
405,405,2-s2.0-0013296673
408,408,2-s2.0-0344429192
409,409,2-s2.0-85171829373
411,411,2-s2.0-85070608828
428,428,2-s2.0-4544320468
438,438,2-s2.0-0346997406
442,442,2-s2.0-0035279548
444,444,2-s2.0-0035271059
459,459,2-s2.0-85072449893
463,463,2-s2.0-85047686427
464,464,2-s2.0-85042110617
469,469,2-s2.0-85023812916
478,478,2-s2.0-85009039286
479,479,2-s2.0-85008776536
482,482,2-s2.0-84993737850
485,485,2-s2.0-84992829366
487,487,2-s2.0-84992782820
493,493,2-s2.0-84926254016
499,499,2-s2.0-84901268889
517,517,2-s2.0-5644247748
520,520,2-s2.0-52749098367
527,527,2-s2.0-4243062315
538,538,2-s2.0-33344460828
541,541,2-s2.0-27944457920
553,553,2-s2.0-19644370421
565,565,2-s2.0-15944401437
578,578,2-s2.0-0037970947
590,590,2-s2.0-0035615685
595,595,2-s2.0-0035584559
597,597,2-s2.0-0035579635
600,600,2-s2.0-0035537853
602,602,2-s2.0-0035532086
614,614,2-s2.0-0035434521
622,622,2-s2.0-0035359369
630,630,2-s2.0-0035223759
644,644,2-s2.0-0035122957
648,648,2-s2.0-0035037337
651,651,2-s2.0-0034981480
654,654,2-s2.0-0034961420
656,656,2-s2.0-0034830126
657,657,2-s2.0-0034822964
665,665,2-s2.0-0012630197
666,666,2-s2.0-0012584908
674,674,2-s2.0-8744302086
686,686,2-s2.0-8744276635
687,687,2-s2.0-8744274294
697,697,2-s2.0-8744254764
705,705,2-s2.0-8744240301
716,716,2-s2.0-8744225628
726,726,2-s2.0-84867302294
728,728,2-s2.0-84862506439
731,731,2-s2.0-4944260278
733,733,2-s2.0-33947533512
740,740,2-s2.0-23844443890
744,744,2-s2.0-1842579640
751,751,2-s2.0-0347069061
755,755,2-s2.0-0037657661
764,764,2-s2.0-0036954288
765,765,2-s2.0-0036954280
768,768,2-s2.0-0036954087
769,769,2-s2.0-0036953978
780,780,2-s2.0-0036948963
794,794,2-s2.0-0036875925
803,803,2-s2.0-0036795923
816,816,2-s2.0-84945962878
818,818,2-s2.0-0037118764
823,823,2-s2.0-0036263814
827,827,2-s2.0-84857809935
829,829,2-s2.0-0036622041
830,830,2-s2.0-0035998790
831,831,2-s2.0-0037165998
834,834,2-s2.0-0036228251
837,837,2-s2.0-0036573193
850,850,2-s2.0-0036499137
860,860,2-s2.0-85088183454
874,874,2-s2.0-85057365695
884,884,2-s2.0-84996214022
890,890,2-s2.0-84964545685
896,896,2-s2.0-84964502148
902,902,2-s2.0-84959053346
908,908,2-s2.0-84938769368
915,915,2-s2.0-84893487951
917,917,2-s2.0-84874996098
926,926,2-s2.0-79956147606
937,937,2-s2.0-54049084462
948,948,2-s2.0-37249079782
951,951,2-s2.0-34447131851
966,966,2-s2.0-3042517635
971,971,2-s2.0-23844509230
972,972,2-s2.0-23844493146
977,977,2-s2.0-23044528724
979,979,2-s2.0-21244505256
986,986,2-s2.0-0345295031
989,989,2-s2.0-0038115630
991,991,2-s2.0-0037648752
996,996,2-s2.0-0036992518
1000,1000,2-s2.0-0036965725
1006,1006,2-s2.0-0036884458
1008,1008,2-s2.0-0036861856
1016,1016,2-s2.0-0036696391
1022,1022,2-s2.0-0036613838
1023,1023,2-s2.0-0036613602
1025,1025,2-s2.0-0036580110
1029,1029,2-s2.0-0036480507
1033,1033,2-s2.0-0036459730
1048,1048,2-s2.0-0036138135
1050,1050,2-s2.0-0036133437
1054,1054,2-s2.0-0036065352
1055,1055,2-s2.0-0036060734
1061,1061,2-s2.0-0036014602
1064,1064,2-s2.0-0036003714
1071,1071,2-s2.0-0012004559
1073,1073,2-s2.0-85133281749
1076,1076,2-s2.0-0348048771
1077,1077,2-s2.0-0346965846
1084,1084,2-s2.0-8744312919
1089,1089,2-s2.0-8744308211
1097,1097,2-s2.0-8744300844
1106,1106,2-s2.0-8744290914
1109,1109,2-s2.0-8744285597
1113,1113,2-s2.0-8744275312
1115,1115,2-s2.0-8744267394
1122,1122,2-s2.0-8744255391
1123,1123,2-s2.0-8744254700
1126,1126,2-s2.0-8744253499
1131,1131,2-s2.0-8744247232
1133,1133,2-s2.0-8744243388
1134,1134,2-s2.0-8744241733
1135,1135,2-s2.0-8744238149
1138,1138,2-s2.0-8744236027
1146,1146,2-s2.0-8744225943
1151,1151,2-s2.0-8744220471
1160,1160,2-s2.0-68449083694
1161,1161,2-s2.0-4944235369
1171,1171,2-s2.0-3843082912
1172,1172,2-s2.0-3843058015
1187,1187,2-s2.0-22344442645
1190,1190,2-s2.0-20844438498
1193,1193,2-s2.0-18844380232
1195,1195,2-s2.0-1842533317
1198,1198,2-s2.0-1642560805
1206,1206,2-s2.0-1642479174
1211,1211,2-s2.0-1642438271
1214,1214,2-s2.0-1642438217
1215,1215,2-s2.0-1642438215
1218,1218,2-s2.0-1642436738
1223,1223,2-s2.0-1542432966
1227,1227,2-s2.0-1542400655
1229,1229,2-s2.0-1542377610
1232,1232,2-s2.0-0942288965
1235,1235,2-s2.0-0346361701
1239,1239,2-s2.0-0242363795
1242,1242,2-s2.0-0344827255
1249,1249,2-s2.0-85083930225
1252,1252,2-s2.0-84909264513
1269,1269,2-s2.0-84905779797
1272,1272,2-s2.0-84905763986
1274,1274,2-s2.0-85164672741
1280,1280,2-s2.0-3142581342
1281,1281,2-s2.0-2942704957
1284,1284,2-s2.0-0347132397
1289,1289,2-s2.0-0141567814
1293,1293,2-s2.0-0042074631
1298,1298,2-s2.0-0038491415
1309,1309,2-s2.0-79958085813
1314,1314,2-s2.0-0041365927
1318,1318,2-s2.0-84903659328
1319,1319,2-s2.0-84903655994
1324,1324,2-s2.0-0038505601
1329,1329,2-s2.0-0037245285
1341,1341,2-s2.0-18744413672
1349,1349,2-s2.0-0037361643
1355,1355,2-s2.0-0037297430
1358,1358,2-s2.0-9444295419
1362,1362,2-s2.0-85140185608
1363,1363,2-s2.0-85140105306
1367,1367,2-s2.0-85139609319
1378,1378,2-s2.0-85138950531
1388,1388,2-s2.0-85066206074
1393,1393,2-s2.0-85064450000
1404,1404,2-s2.0-85023567830
1411,1411,2-s2.0-85001874930
1419,1419,2-s2.0-84951179733
1420,1420,2-s2.0-84949817602
1430,1430,2-s2.0-84946057974
1436,1436,2-s2.0-84946029991
1437,1437,2-s2.0-84946019447
1439,1439,2-s2.0-84945968931
1443,1443,2-s2.0-84945547840
1450,1450,2-s2.0-84927067428
1458,1458,2-s2.0-84902221359
1459,1459,2-s2.0-84896878648
1463,1463,2-s2.0-84867435669
1468,1468,2-s2.0-84867384209
1470,1470,2-s2.0-84867349863
1493,1493,2-s2.0-54949152553
1507,1507,2-s2.0-35048868430
1508,1508,2-s2.0-35048855746
1513,1513,2-s2.0-34147099834
1515,1515,2-s2.0-33750071512
1520,1520,2-s2.0-3042644142
1526,1526,2-s2.0-21944448095
1527,1527,2-s2.0-21644488147
1534,1534,2-s2.0-1842579390
1535,1535,2-s2.0-1642523612
1551,1551,2-s2.0-105007130897
1553,1553,2-s2.0-0742289154
1560,1560,2-s2.0-0344253672
1566,1566,2-s2.0-0142215459
1572,1572,2-s2.0-0141906755
1581,1581,2-s2.0-0043283901
1584,1584,2-s2.0-0042662639
1587,1587,2-s2.0-0042243564
1591,1591,2-s2.0-0041513297
1594,1594,2-s2.0-0038708317
1596,1596,2-s2.0-0038687922
1599,1599,2-s2.0-0038454698
1602,1602,2-s2.0-0038349427
1607,1607,2-s2.0-0037833480
1612,1612,2-s2.0-0037653485
1614,1614,2-s2.0-0037515389
1619,1619,2-s2.0-0037341151
1624,1624,2-s2.0-0037274693
1627,1627,2-s2.0-0037258887
1628,1628,2-s2.0-0037257290
1631,1631,2-s2.0-0001799864
1636,1636,2-s2.0-10044272953
1637,1637,2-s2.0-10044269915
1642,1642,2-s2.0-84901145864
1649,1649,2-s2.0-84867382448
1657,1657,2-s2.0-4444252177
1662,1662,2-s2.0-35048863440
1670,1670,2-s2.0-33845702198
1675,1675,2-s2.0-27944447610
1678,1678,2-s2.0-23944455055
1681,1681,2-s2.0-21644483609
1692,1692,2-s2.0-21644454413
1712,1712,2-s2.0-13244272106
1727,1727,2-s2.0-8344289057
1739,1739,2-s2.0-10044221942
1743,1743,2-s2.0-5444272481
1744,1744,2-s2.0-5444271933
1749,1749,2-s2.0-5444264595
1750,1750,2-s2.0-5444263410
1760,1760,2-s2.0-5444255692
1763,1763,2-s2.0-5444254531
1771,1771,2-s2.0-5444248171
1778,1778,2-s2.0-5444240963
1792,1792,2-s2.0-5444230927
1796,1796,2-s2.0-5444223656
1802,1802,2-s2.0-5444219584
1805,1805,2-s2.0-4644364492
1817,1817,2-s2.0-4544259604
1825,1825,2-s2.0-6344239290
1826,1826,2-s2.0-5444263960
1846,1846,2-s2.0-84916955465
1849,1849,2-s2.0-4344565046
1867,1867,2-s2.0-2942615237
1883,1883,2-s2.0-84908983745
1885,1885,2-s2.0-34247265791
1890,1890,2-s2.0-2542539067
1903,1903,2-s2.0-4043121116
1908,1908,2-s2.0-1942503950
1916,1916,2-s2.0-84055164416
1926,1926,2-s2.0-1842681514
1934,1934,2-s2.0-10744224323
1944,1944,2-s2.0-70350728487
1948,1948,2-s2.0-0842346340
1951,1951,2-s2.0-9744264111
1956,1956,2-s2.0-85183258933
1959,1959,2-s2.0-85138957649
1961,1961,2-s2.0-85138864263
1968,1968,2-s2.0-85071208214
1975,1975,2-s2.0-85044701025
1978,1978,2-s2.0-85025375776
1980,1980,2-s2.0-85023882349
1981,1981,2-s2.0-85023737509
1988,1988,2-s2.0-85011468699
1993,1993,2-s2.0-84992882752
2001,2001,2-s2.0-84923610111
2009,2009,2-s2.0-84884339471
2022,2022,2-s2.0-7244229735
2032,2032,2-s2.0-5444234282
2051,2051,2-s2.0-4043064352
2053,2053,2-s2.0-3543047390
2054,2054,2-s2.0-3543037643
2057,2057,2-s2.0-35048858817
2062,2062,2-s2.0-34248694004
2072,2072,2-s2.0-3142672982
2073,2073,2-s2.0-3042818128
2078,2078,2-s2.0-2942703941
2086,2086,2-s2.0-2642527133
2087,2087,2-s2.0-2542576952
2092,2092,2-s2.0-2442529865
2101,2101,2-s2.0-21244505821
2102,2102,2-s2.0-21244485073
2104,2104,2-s2.0-20444449288
2106,2106,2-s2.0-1942538443
2107,2107,2-s2.0-18544378847
2112,2112,2-s2.0-1642414978
2114,2114,2-s2.0-1642269273
2115,2115,2-s2.0-1542634814
2128,2128,2-s2.0-12344263717
2133,2133,2-s2.0-11244283955
2134,2134,2-s2.0-11144285031
2137,2137,2-s2.0-10844230393
2139,2139,2-s2.0-10044251187
2148,2148,2-s2.0-0742288694
2150,2150,2-s2.0-0347481463
2153,2153,2-s2.0-29544440548
2154,2154,2-s2.0-29244455339
2162,2162,2-s2.0-84896818064
2170,2170,2-s2.0-84892214131
2178,2178,2-s2.0-84885763070
2179,2179,2-s2.0-84885759355
2181,2181,2-s2.0-84885731714
2182,2182,2-s2.0-84885725233
2185,2185,2-s2.0-84874372185
2194,2194,2-s2.0-84867410546
2210,2210,2-s2.0-84856974016
2212,2212,2-s2.0-79960328507
2225,2225,2-s2.0-42549140864
2233,2233,2-s2.0-33947259493
2235,2235,2-s2.0-33947239861
2237,2237,2-s2.0-33947235636
2241,2241,2-s2.0-33947202711
2249,2249,2-s2.0-33845303947
2251,2251,2-s2.0-33845283871
2256,2256,2-s2.0-33749438892
2269,2269,2-s2.0-33645651232
2271,2271,2-s2.0-33645645807
2273,2273,2-s2.0-33645638374
2275,2275,2-s2.0-33645152544
2277,2277,2-s2.0-33644505546
2281,2281,2-s2.0-30744444431
2284,2284,2-s2.0-29544442161
2288,2288,2-s2.0-29144463745
2292,2292,2-s2.0-28044457204
2294,2294,2-s2.0-27744517159
2311,2311,2-s2.0-26844527360
2327,2327,2-s2.0-26644455924
2330,2330,2-s2.0-23744496081
2335,2335,2-s2.0-24944471226
2336,2336,2-s2.0-24944437000
2337,2337,2-s2.0-33749684299
2339,2339,2-s2.0-26244455739
2343,2343,2-s2.0-23944489376
2355,2355,2-s2.0-28044446311
2356,2356,2-s2.0-27844489622
2376,2376,2-s2.0-31444433401
2389,2389,2-s2.0-22544463142
2394,2394,2-s2.0-85057208976
2395,2395,2-s2.0-84993038032
2397,2397,2-s2.0-33646460475
2408,2408,2-s2.0-20944451643
2410,2410,2-s2.0-19644385540
2420,2420,2-s2.0-85024262955
2421,2421,2-s2.0-79960271381
2423,2423,2-s2.0-33646788064
2426,2426,2-s2.0-27944504755
2430,2430,2-s2.0-27844511445
2438,2438,2-s2.0-21644488472
2448,2448,2-s2.0-17444387824
2451,2451,2-s2.0-27844503633
2453,2453,2-s2.0-21244452657
2454,2454,2-s2.0-20744440153
2480,2480,2-s2.0-12344266132
2485,2485,2-s2.0-27944494881
2486,2486,2-s2.0-27944471060
2487,2487,2-s2.0-27944456466
2490,2490,2-s2.0-27844561578
2493,2493,2-s2.0-27844521438
2494,2494,2-s2.0-27844470704
2495,2495,2-s2.0-27844469771
2500,2500,2-s2.0-21244441590
2514,2514,2-s2.0-14844293607
2518,2518,2-s2.0-14744272278
2524,2524,2-s2.0-18344396772
2530,2530,2-s2.0-13544270220
2531,2531,2-s2.0-13544256614
2532,2532,2-s2.0-12844259577
2538,2538,2-s2.0-12944288012
2550,2550,2-s2.0-85071556670
2551,2551,2-s2.0-85071537725
2552,2552,2-s2.0-85071526859
2555,2555,2-s2.0-85071208903
2567,2567,2-s2.0-85032750850
2570,2570,2-s2.0-85025307635
2580,2580,2-s2.0-85023859719
2587,2587,2-s2.0-85008388416
2588,2588,2-s2.0-84992897931
2593,2593,2-s2.0-84967693254
2606,2606,2-s2.0-84958165789
2607,2607,2-s2.0-84958165682
2619,2619,2-s2.0-84928761675
2629,2629,2-s2.0-84908391584
2630,2630,2-s2.0-84908391578
2638,2638,2-s2.0-84902515317
2649,2649,2-s2.0-84896929539
2652,2652,2-s2.0-84867436346
2655,2655,2-s2.0-80052775827
2661,2661,2-s2.0-77950639426
2664,2664,2-s2.0-68149083954
2669,2669,2-s2.0-42749107239
2676,2676,2-s2.0-34250019865
2681,2681,2-s2.0-33750125413
2688,2688,2-s2.0-33746587856
2692,2692,2-s2.0-33646186108
2698,2698,2-s2.0-33644842764
2700,2700,2-s2.0-33644700402
2710,2710,2-s2.0-27844493901
2713,2713,2-s2.0-27544506985
2737,2737,2-s2.0-22544487512
2738,2738,2-s2.0-22544486907
2744,2744,2-s2.0-22544481169
2745,2745,2-s2.0-22544480825
2752,2752,2-s2.0-22544477841
2755,2755,2-s2.0-22544475597
2765,2765,2-s2.0-22544468812
2772,2772,2-s2.0-22544467508
2775,2775,2-s2.0-22544465601
2776,2776,2-s2.0-22544464164
2777,2777,2-s2.0-22544461920
2781,2781,2-s2.0-22544460530
2786,2786,2-s2.0-22544456595
2792,2792,2-s2.0-22544447808
2799,2799,2-s2.0-22544439708
2803,2803,2-s2.0-22544437869
2804,2804,2-s2.0-22544436990
2806,2806,2-s2.0-22544432554
2811,2811,2-s2.0-21644464821
2812,2812,2-s2.0-21344444107
2819,2819,2-s2.0-20444454327
2830,2830,2-s2.0-17444369362
2839,2839,2-s2.0-15444362840
2840,2840,2-s2.0-14944372924
2846,2846,2-s2.0-14044259965
2847,2847,2-s2.0-13944269902
2848,2848,2-s2.0-13944259024
2849,2849,2-s2.0-13844256569
2857,2857,2-s2.0-12344250977
2859,2859,2-s2.0-11244299484
2860,2860,2-s2.0-11044239371
2869,2869,2-s2.0-33845214330
2870,2870,2-s2.0-85165455381
2880,2880,2-s2.0-84884375688
2897,2897,2-s2.0-84867387002
2900,2900,2-s2.0-84867255758
2901,2901,2-s2.0-78649566758
2903,2903,2-s2.0-77957708913
2906,2906,2-s2.0-77949533495
2908,2908,2-s2.0-70450257992
2912,2912,2-s2.0-70349212510
2922,2922,2-s2.0-48749123362
2926,2926,2-s2.0-48749109505
2929,2929,2-s2.0-48749086770
2932,2932,2-s2.0-46949088658
2936,2936,2-s2.0-46249094861
2941,2941,2-s2.0-38349014555
2943,2943,2-s2.0-36649020719
2954,2954,2-s2.0-34547490591
2957,2957,2-s2.0-34249332032
2970,2970,2-s2.0-33847205393
2977,2977,2-s2.0-33845967868
2987,2987,2-s2.0-33750484008
2993,2993,2-s2.0-33751212456
3006,3006,2-s2.0-33750928429
3019,3019,2-s2.0-33750358070
3020,3020,2-s2.0-33750708263
3026,3026,2-s2.0-33750010154
3028,3028,2-s2.0-84911216351
3030,3030,2-s2.0-33749557230
3034,3034,2-s2.0-33749142955
3038,3038,2-s2.0-34547198279
3042,3042,2-s2.0-33750921455
3044,3044,2-s2.0-33750291494
3045,3045,2-s2.0-33750286268
3049,3049,2-s2.0-33749647302
3053,3053,2-s2.0-33749408725
3054,3054,2-s2.0-33748953872
3060,3060,2-s2.0-33748956306
3067,3067,2-s2.0-33748890703
3072,3072,2-s2.0-33751017980
3077,3077,2-s2.0-33748582291
3088,3088,2-s2.0-37149050847
3093,3093,2-s2.0-35148828901
3099,3099,2-s2.0-33750601676
3102,3102,2-s2.0-33748281957
3112,3112,2-s2.0-33745606215
3114,3114,2-s2.0-33749567176
3118,3118,2-s2.0-33747644445
3119,3119,2-s2.0-33747609821
3124,3124,2-s2.0-33745934059
3142,3142,2-s2.0-33745610048
3144,3144,2-s2.0-33745098022
3159,3159,2-s2.0-33646685715
3162,3162,2-s2.0-33645960167
3190,3190,2-s2.0-33645464379
3197,3197,2-s2.0-33645150292
3198,3198,2-s2.0-33645146223
3200,3200,2-s2.0-33645092898
3208,3208,2-s2.0-33644683433
3224,3224,2-s2.0-33645703762
3228,3228,2-s2.0-33645516147
3238,3238,2-s2.0-85145523540
3239,3239,2-s2.0-85141571657
3241,3241,2-s2.0-85140669884
3246,3246,2-s2.0-85117689761
3247,3247,2-s2.0-85101253168
3248,3248,2-s2.0-85101232057
3254,3254,2-s2.0-85067979772
3255,3255,2-s2.0-85067957427
3259,3259,2-s2.0-85067913930
3261,3261,2-s2.0-85052723342
3266,3266,2-s2.0-85029130264
3268,3268,2-s2.0-85029128137
3271,3271,2-s2.0-85029124227
3275,3275,2-s2.0-85029119311
3280,3280,2-s2.0-85029114714
3287,3287,2-s2.0-85029094262
3298,3298,2-s2.0-85029077736
3299,3299,2-s2.0-85029077466
3313,3313,2-s2.0-85029053836
3315,3315,2-s2.0-85029050924
3320,3320,2-s2.0-85029037478
3325,3325,2-s2.0-85029032906
3327,3327,2-s2.0-85029029132
3346,3346,2-s2.0-84994795316
3349,3349,2-s2.0-84993683671
3351,3351,2-s2.0-84990978823
3359,3359,2-s2.0-84986573058
3383,3383,2-s2.0-84926255453
3385,3385,2-s2.0-84926252293
3386,3386,2-s2.0-84926250726
3396,3396,2-s2.0-84923471601
3399,3399,2-s2.0-84923449274
3402,3402,2-s2.0-84923402432
3404,3404,2-s2.0-84920632109
3409,3409,2-s2.0-84902263620
3410,3410,2-s2.0-84900623846
3418,3418,2-s2.0-84896005947
3420,3420,2-s2.0-84895985031
3426,3426,2-s2.0-84877974384
3427,3427,2-s2.0-84877964558
3468,3468,2-s2.0-48749088908
3469,3469,2-s2.0-48749086473
3475,3475,2-s2.0-41149170189
3476,3476,2-s2.0-41149121079
3481,3481,2-s2.0-37849186678
3490,3490,2-s2.0-34548636216
3495,3495,2-s2.0-33847340167
3496,3496,2-s2.0-33847281494
3504,3504,2-s2.0-33846181401
3507,3507,2-s2.0-33845886101
3510,3510,2-s2.0-33845685252
3512,3512,2-s2.0-33845545319
3532,3532,2-s2.0-33750206360
3537,3537,2-s2.0-33750016351
3553,3553,2-s2.0-33746354934
3561,3561,2-s2.0-33745627469
3563,3563,2-s2.0-33745482973
3569,3569,2-s2.0-33646746626
3572,3572,2-s2.0-33646521977
3573,3573,2-s2.0-33646507516
3574,3574,2-s2.0-33646137392
3576,3576,2-s2.0-33646063540
3578,3578,2-s2.0-33645963790
3582,3582,2-s2.0-33645347318
3584,3584,2-s2.0-33645297660
3585,3585,2-s2.0-33645085559
3592,3592,2-s2.0-33644798516
3594,3594,2-s2.0-33144489019
3597,3597,2-s2.0-32044471565
3602,3602,2-s2.0-30744450910
3607,3607,2-s2.0-29844445190
3631,3631,2-s2.0-84897156961
3642,3642,2-s2.0-84892358876
3644,3644,2-s2.0-84892244272
3648,3648,2-s2.0-84890527777
3650,3650,2-s2.0-84890026394
3651,3651,2-s2.0-84889989835
3656,3656,2-s2.0-84885224262
3657,3657,2-s2.0-84882978718
3659,3659,2-s2.0-84880237876
3672,3672,2-s2.0-84867789698
3673,3673,2-s2.0-84867485593
3674,3674,2-s2.0-84867484104
3675,3675,2-s2.0-84867483631
3677,3677,2-s2.0-84867464133
3681,3681,2-s2.0-84867442319
3687,3687,2-s2.0-84863116273
3689,3689,2-s2.0-84859615480
3694,3694,2-s2.0-84856947186
3695,3695,2-s2.0-84856937954
3710,3710,2-s2.0-77958007998
3719,3719,2-s2.0-71449126940
3756,3756,2-s2.0-52949129642
3759,3759,2-s2.0-51049109352
3761,3761,2-s2.0-50449092685
3770,3770,2-s2.0-50049117770
3771,3771,2-s2.0-50049115825
3775,3775,2-s2.0-50049108701
3777,3777,2-s2.0-50049104782
3781,3781,2-s2.0-50049099619
3787,3787,2-s2.0-50049083020
3788,3788,2-s2.0-49849089704
3790,3790,2-s2.0-49749136106
3792,3792,2-s2.0-49649129279
3793,3793,2-s2.0-49649124943
3811,3811,2-s2.0-46749100933
3815,3815,2-s2.0-46449086154
3824,3824,2-s2.0-39749199067
3827,3827,2-s2.0-38849186591
3832,3832,2-s2.0-38049086129
3835,3835,2-s2.0-37849038699
3838,3838,2-s2.0-37849013631
3845,3845,2-s2.0-37349123288
3846,3846,2-s2.0-37349123287
3847,3847,2-s2.0-37349103948
3871,3871,2-s2.0-34548040445
3873,3873,2-s2.0-34248994197
3874,3874,2-s2.0-33847634460
3880,3880,2-s2.0-36348931583
3913,3913,2-s2.0-35348873891
3915,3915,2-s2.0-35148838431
3921,3921,2-s2.0-34548832770
3926,3926,2-s2.0-34548711848
3929,3929,2-s2.0-34848874567
3937,3937,2-s2.0-41849127120
3939,3939,2-s2.0-37249081982
3941,3941,2-s2.0-35348888910
3947,3947,2-s2.0-34548628978
3952,3952,2-s2.0-34548101376
3955,3955,2-s2.0-34547875764
3959,3959,2-s2.0-34447527916
3968,3968,2-s2.0-34547699979
3969,3969,2-s2.0-34547681852
3972,3972,2-s2.0-85068024671
3977,3977,2-s2.0-49449100924
3978,3978,2-s2.0-38949195989
3979,3979,2-s2.0-34948880222
3987,3987,2-s2.0-34548091375
3993,3993,2-s2.0-34447322609
4000,4000,2-s2.0-34447318849
4003,4003,2-s2.0-34848901464
4006,4006,2-s2.0-34547367341
4009,4009,2-s2.0-34547125315
4016,4016,2-s2.0-34250349540
4017,4017,2-s2.0-34249903909
4025,4025,2-s2.0-84919793543
4029,4029,2-s2.0-34548429172
4030,4030,2-s2.0-34548190556
4035,4035,2-s2.0-34250792216
4053,4053,2-s2.0-49449105324
4054,4054,2-s2.0-38049105624
4055,4055,2-s2.0-34347403534
4056,4056,2-s2.0-34347388057
4064,4064,2-s2.0-34147190874
4066,4066,2-s2.0-34147112314
4067,4067,2-s2.0-33947144716
4071,4071,2-s2.0-34147184695
4077,4077,2-s2.0-70349996726
4092,4092,2-s2.0-34247372597
4094,4094,2-s2.0-34047156626
4105,4105,2-s2.0-52149123035
4107,4107,2-s2.0-34250741874
4120,4120,2-s2.0-33947266122
4122,4122,2-s2.0-33947231199
4123,4123,2-s2.0-33947214616
4124,4124,2-s2.0-33847752577
4125,4125,2-s2.0-33847667476
4149,4149,2-s2.0-33845673675
4154,4154,2-s2.0-33845625635
4165,4165,2-s2.0-85140055353
4171,4171,2-s2.0-85073136545
4177,4177,2-s2.0-85067972068
4181,4181,2-s2.0-85061668529
4182,4182,2-s2.0-85055708578
4183,4183,2-s2.0-85055673918
4189,4189,2-s2.0-85029128414
4195,4195,2-s2.0-85029123403
4207,4207,2-s2.0-85029100353
4209,4209,2-s2.0-85029097561
4213,4213,2-s2.0-85029091149
4215,4215,2-s2.0-85029089149
4238,4238,2-s2.0-85029064809
4244,4244,2-s2.0-85029060204
4252,4252,2-s2.0-85029051233
4271,4271,2-s2.0-85029028950
4280,4280,2-s2.0-85023789745
4283,4283,2-s2.0-85022208499
4292,4292,2-s2.0-84994833591
4297,4297,2-s2.0-84969269055
4310,4310,2-s2.0-84967373556
4313,4313,2-s2.0-84958061433
4318,4318,2-s2.0-84958044985
4321,4321,2-s2.0-84951148573
4326,4326,2-s2.0-84938570409
4328,4328,2-s2.0-84927115542
4331,4331,2-s2.0-84926995667
4333,4333,2-s2.0-84926313924
4339,4339,2-s2.0-84912015891
4340,4340,2-s2.0-84910074396
4344,4344,2-s2.0-84905719988
4345,4345,2-s2.0-84901704795
4348,4348,2-s2.0-84897009983
4358,4358,2-s2.0-84892487640
4364,4364,2-s2.0-84872244459
4365,4365,2-s2.0-84872150981
4370,4370,2-s2.0-84858310586
4380,4380,2-s2.0-79751522631
4381,4381,2-s2.0-78650446824
4416,4416,2-s2.0-40949145758
4422,4422,2-s2.0-38049161927
4434,4434,2-s2.0-35649028847
4437,4437,2-s2.0-35448976958
4442,4442,2-s2.0-34948822360
4449,4449,2-s2.0-34648831910
4454,4454,2-s2.0-34547702673
4466,4466,2-s2.0-34347245224
4470,4470,2-s2.0-34249779824
4471,4471,2-s2.0-34249736460
4481,4481,2-s2.0-34249069809
4485,4485,2-s2.0-34248333499
4502,4502,2-s2.0-33847335032
4512,4512,2-s2.0-33845386058
4514,4514,2-s2.0-33751534503
4515,4515,2-s2.0-33751520039
4517,4517,2-s2.0-33750604512
4520,4520,2-s2.0-57849097152
4528,4528,2-s2.0-57649100556
4535,4535,2-s2.0-57349110076
4542,4542,2-s2.0-57049097705
4547,4547,2-s2.0-85125802115
4552,4552,2-s2.0-84898100677
4558,4558,2-s2.0-84896819753
4560,4560,2-s2.0-84895258062
4567,4567,2-s2.0-84891388863
4572,4572,2-s2.0-84889990965
4573,4573,2-s2.0-84889979529
4575,4575,2-s2.0-84889971274
4578,4578,2-s2.0-84889960841
4580,4580,2-s2.0-84888269225
4581,4581,2-s2.0-84885414881
4592,4592,2-s2.0-84873575975
4606,4606,2-s2.0-84867381252
4607,4607,2-s2.0-84867375767
4615,4615,2-s2.0-84861091997
4624,4624,2-s2.0-80052564485
4641,4641,2-s2.0-78650759350
4643,4643,2-s2.0-78650759150
4645,4645,2-s2.0-78650758977
4650,4650,2-s2.0-78149396694
4651,4651,2-s2.0-77958120702
4652,4652,2-s2.0-77957958887
4655,4655,2-s2.0-77956282157
4656,4656,2-s2.0-77956134999
4657,4657,2-s2.0-77953336477
4658,4658,2-s2.0-77953330492
4663,4663,2-s2.0-77950500664
4664,4664,2-s2.0-77950496211
4667,4667,2-s2.0-77950311171
4677,4677,2-s2.0-70450159575
4684,4684,2-s2.0-70349084041
4689,4689,2-s2.0-67651252544
4690,4690,2-s2.0-67649488268
4692,4692,2-s2.0-67549134360
4699,4699,2-s2.0-65249162272
4705,4705,2-s2.0-63049125802
4706,4706,2-s2.0-62949189597
4716,4716,2-s2.0-61949298840
4734,4734,2-s2.0-58449085007
4736,4736,2-s2.0-58349083556
4744,4744,2-s2.0-58049209466
4746,4746,2-s2.0-58049189318
4757,4757,2-s2.0-55249085430
4767,4767,2-s2.0-56649123197
4768,4768,2-s2.0-56649112720
4777,4777,2-s2.0-56049103604
4787,4787,2-s2.0-55049114275
4789,4789,2-s2.0-54949123060
4790,4790,2-s2.0-54949104712
4803,4803,2-s2.0-53849109501
4813,4813,2-s2.0-56149091347
4816,4816,2-s2.0-54249101843
4827,4827,2-s2.0-55449096967
4836,4836,2-s2.0-52649118134
4843,4843,2-s2.0-48549088760
4845,4845,2-s2.0-54249151560
4848,4848,2-s2.0-52949106082
4854,4854,2-s2.0-51849149932
4857,4857,2-s2.0-51849101196
4858,4858,2-s2.0-51549087602
4862,4862,2-s2.0-51249118679
4874,4874,2-s2.0-69249154738
4876,4876,2-s2.0-69249124223
4879,4879,2-s2.0-57549086697
4888,4888,2-s2.0-51449087810
4893,4893,2-s2.0-50249156558
4895,4895,2-s2.0-50249127277
4901,4901,2-s2.0-49649119666
4903,4903,2-s2.0-49349110499
4926,4926,2-s2.0-55549112592
4945,4945,2-s2.0-45049085891
4946,4946,2-s2.0-44749093228
4947,4947,2-s2.0-43549124111
4958,4958,2-s2.0-47049107342
4959,4959,2-s2.0-47049094485
4965,4965,2-s2.0-52049125264
4970,4970,2-s2.0-47649105222
4978,4978,2-s2.0-44149089310
4979,4979,2-s2.0-43849101647
4980,4980,2-s2.0-43449103924
4986,4986,2-s2.0-84995742383
4990,4990,2-s2.0-57749181793
4993,4993,2-s2.0-49649126938
5002,5002,2-s2.0-45849147016
5008,5008,2-s2.0-44849108133
5017,5017,2-s2.0-44149095043
5037,5037,2-s2.0-44249087857
5038,5038,2-s2.0-43149092472
5040,5040,2-s2.0-42649136903
5041,5041,2-s2.0-42549100988
5045,5045,2-s2.0-41849101370
5046,5046,2-s2.0-41649109207
5052,5052,2-s2.0-42149151106
5056,5056,2-s2.0-48849099842
5057,5057,2-s2.0-45149087386
5061,5061,2-s2.0-41949137572
5065,5065,2-s2.0-41549083821
5070,5070,2-s2.0-41149124952
5072,5072,2-s2.0-41149083880
5076,5076,2-s2.0-42749083918
5084,5084,2-s2.0-64749109516
5093,5093,2-s2.0-40649103475
5094,5094,2-s2.0-39149107776
5101,5101,2-s2.0-36749082466
5107,5107,2-s2.0-84992996377
5111,5111,2-s2.0-38949180970
5125,5125,2-s2.0-38349167312
5127,5127,2-s2.0-38349114254
5133,5133,2-s2.0-38049150366
5142,5142,2-s2.0-85195723564
5145,5145,2-s2.0-85147081940
5149,5149,2-s2.0-85147063367
5153,5153,2-s2.0-85147054192
5154,5154,2-s2.0-85147052416
5155,5155,2-s2.0-85145514938
5161,5161,2-s2.0-85081509736
5163,5163,2-s2.0-85078863104
5164,5164,2-s2.0-85078838999
5173,5173,2-s2.0-85029131556
5200,5200,2-s2.0-85029102879
5204,5204,2-s2.0-85029098111
5212,5212,2-s2.0-85029090501
5213,5213,2-s2.0-85029090229
5219,5219,2-s2.0-85029082781
5221,5221,2-s2.0-85029082476
5225,5225,2-s2.0-85029079457
5234,5234,2-s2.0-85029070897
5237,5237,2-s2.0-85029067534
5241,5241,2-s2.0-85029066500
5243,5243,2-s2.0-85029062707
5248,5248,2-s2.0-85029056542
5250,5250,2-s2.0-85029055084
5252,5252,2-s2.0-85029052393
5253,5253,2-s2.0-85029052147
5260,5260,2-s2.0-85029044599
5268,5268,2-s2.0-85029034621
5273,5273,2-s2.0-85029030446
5278,5278,2-s2.0-85029028927
5287,5287,2-s2.0-85023873057
5290,5290,2-s2.0-85016100081
5292,5292,2-s2.0-85011510980
5293,5293,2-s2.0-85011476627
5296,5296,2-s2.0-85008812532
5305,5305,2-s2.0-84967529526
5309,5309,2-s2.0-84938808494
5311,5311,2-s2.0-84938797460
5312,5312,2-s2.0-84938794879
5313,5313,2-s2.0-84938791137
5316,5316,2-s2.0-84938585603
5317,5317,2-s2.0-84928931408
5323,5323,2-s2.0-84907051624
5324,5324,2-s2.0-84904366668
5333,5333,2-s2.0-84897767889
5337,5337,2-s2.0-84896294298
5339,5339,2-s2.0-84896286903
5347,5347,2-s2.0-84876183127
5348,5348,2-s2.0-84867467502
5350,5350,2-s2.0-84867459500
5359,5359,2-s2.0-84858215902
5374,5374,2-s2.0-78650775003
5388,5388,2-s2.0-77949996765
5393,5393,2-s2.0-70349645361
5409,5409,2-s2.0-63849264255
5413,5413,2-s2.0-63449092016
5414,5414,2-s2.0-63149147400
5417,5417,2-s2.0-62149136625
5418,5418,2-s2.0-61149375556
5423,5423,2-s2.0-60249099082
5433,5433,2-s2.0-58049193770
5438,5438,2-s2.0-56749174442
5441,5441,2-s2.0-55949085220
5447,5447,2-s2.0-55149109485
5448,5448,2-s2.0-54349110334
5452,5452,2-s2.0-54049116714
5455,5455,2-s2.0-53649092942
5458,5458,2-s2.0-52249091545
5459,5459,2-s2.0-52249089131
5466,5466,2-s2.0-49749144848
5475,5475,2-s2.0-47949124403
5480,5480,2-s2.0-46949109343
5482,5482,2-s2.0-46749108913
5486,5486,2-s2.0-45849135635
5490,5490,2-s2.0-43849109171
5494,5494,2-s2.0-43849099972
5505,5505,2-s2.0-41849114549
5506,5506,2-s2.0-41749101532
5508,5508,2-s2.0-41149109009
5526,5526,2-s2.0-37549002845
5527,5527,2-s2.0-37449015804
5530,5530,2-s2.0-36749071587
5531,5531,2-s2.0-36749006238
5532,5532,2-s2.0-36549048963
5538,5538,2-s2.0-105011782385
5544,5544,2-s2.0-72449124316
5554,5554,2-s2.0-71549167619
5558,5558,2-s2.0-71549116082
5560,5560,2-s2.0-85164582406
5561,5561,2-s2.0-84906627400
5566,5566,2-s2.0-84898262394
5571,5571,2-s2.0-84892907939
5578,5578,2-s2.0-84892791903
5584,5584,2-s2.0-84891937894
5592,5592,2-s2.0-84889992185
5594,5594,2-s2.0-84889980290
5599,5599,2-s2.0-84883084155
5608,5608,2-s2.0-84870346733
5610,5610,2-s2.0-84870232063
5617,5617,2-s2.0-84867352963
5618,5618,2-s2.0-84867351961
5625,5625,2-s2.0-84861923780
5640,5640,2-s2.0-78651541781
5653,5653,2-s2.0-77956209390
5679,5679,2-s2.0-77953098820
5684,5684,2-s2.0-77952297852
5686,5686,2-s2.0-77952104723
5692,5692,2-s2.0-77951492777
5695,5695,2-s2.0-77951484929
5696,5696,2-s2.0-77951481908
5706,5706,2-s2.0-77951452422
5720,5720,2-s2.0-77950886453
5722,5722,2-s2.0-77950636214
5730,5730,2-s2.0-77949358992
5738,5738,2-s2.0-77049119208
5753,5753,2-s2.0-74549117183
5756,5756,2-s2.0-74049094417
5761,5761,2-s2.0-72249104876
5764,5764,2-s2.0-72149123904
5765,5765,2-s2.0-71949085654
5770,5770,2-s2.0-70749116931
5773,5773,2-s2.0-70450225418
5777,5777,2-s2.0-69749126972
5781,5781,2-s2.0-60849088857
5797,5797,2-s2.0-70350614673
5807,5807,2-s2.0-70350489641
5813,5813,2-s2.0-78149400738
5816,5816,2-s2.0-76149108827
5835,5835,2-s2.0-70350623207
5844,5844,2-s2.0-70349832169
5846,5846,2-s2.0-70350460034
5849,5849,2-s2.0-70349634142
5850,5850,2-s2.0-70349633177
5855,5855,2-s2.0-77953510212
5856,5856,2-s2.0-77951006727
5862,5862,2-s2.0-71149089606
5872,5872,2-s2.0-67449164344
5896,5896,2-s2.0-69349103761
5901,5901,2-s2.0-85023676263
5905,5905,2-s2.0-78650298412
5913,5913,2-s2.0-73249129594
5924,5924,2-s2.0-70350057495
5928,5928,2-s2.0-70349459672
5939,5939,2-s2.0-69249178352
5944,5944,2-s2.0-68949110336
5947,5947,2-s2.0-67349192580
5951,5951,2-s2.0-69149087448
5952,5952,2-s2.0-70350547764
5957,5957,2-s2.0-68649111457
5960,5960,2-s2.0-68249083492
5964,5964,2-s2.0-68149122392
5966,5966,2-s2.0-68149116295
5974,5974,2-s2.0-71449098205
5975,5975,2-s2.0-70350742936
5988,5988,2-s2.0-67651252918
5995,5995,2-s2.0-67650556630
6004,6004,2-s2.0-84924761000
6006,6006,2-s2.0-67649403554
6029,6029,2-s2.0-67349183723
6030,6030,2-s2.0-67349135354
6032,6032,2-s2.0-67649295041
6033,6033,2-s2.0-67649294886
6039,6039,2-s2.0-67649286055
6045,6045,2-s2.0-67649273858
6047,6047,2-s2.0-67649273838
6048,6048,2-s2.0-67649273800
6051,6051,2-s2.0-67649270911
6053,6053,2-s2.0-67649261606
6055,6055,2-s2.0-67649255540
6065,6065,2-s2.0-68049142988
6069,6069,2-s2.0-84917305048
6072,6072,2-s2.0-77955159134
6073,6073,2-s2.0-77951461648
6075,6075,2-s2.0-75549091365
6077,6077,2-s2.0-75149135590
6089,6089,2-s2.0-67650280418
6090,6090,2-s2.0-67649697771
6105,6105,2-s2.0-67349096664
6115,6115,2-s2.0-65749085498
6119,6119,2-s2.0-67349267366
6120,6120,2-s2.0-65549110342
6125,6125,2-s2.0-67650594940
6130,6130,2-s2.0-65349188165
6132,6132,2-s2.0-78650512830
6134,6134,2-s2.0-70449578750
6135,6135,2-s2.0-70449560902
6155,6155,2-s2.0-64949146130
6156,6156,2-s2.0-63949086433
6159,6159,2-s2.0-60249100506
6169,6169,2-s2.0-67349239341
6170,6170,2-s2.0-84893687387
6176,6176,2-s2.0-85043469953
6194,6194,2-s2.0-64949136371
6195,6195,2-s2.0-64349113383
6202,6202,2-s2.0-60949087743
6204,6204,2-s2.0-60649087510
6206,6206,2-s2.0-59049088577
6212,6212,2-s2.0-84855653400
6214,6214,2-s2.0-70449619266
6218,6218,2-s2.0-62149106593
6223,6223,2-s2.0-61549118212
6224,6224,2-s2.0-61449130473
6235,6235,2-s2.0-68149183279
6238,6238,2-s2.0-67649656300
6257,6257,2-s2.0-62449326933
6260,6260,2-s2.0-60349107420
6265,6265,2-s2.0-59149098947
6282,6282,2-s2.0-70649110071
6284,6284,2-s2.0-62749177279
6287,6287,2-s2.0-62649089278
6296,6296,2-s2.0-59149100929
6311,6311,2-s2.0-85147072490
6312,6312,2-s2.0-85147071618
6330,6330,2-s2.0-85126373534
6336,6336,2-s2.0-85078849883
6356,6356,2-s2.0-85029126500
6361,6361,2-s2.0-85029118002
6363,6363,2-s2.0-85029116680
6366,6366,2-s2.0-85029114086
6370,6370,2-s2.0-85029110529
6375,6375,2-s2.0-85029103970
6379,6379,2-s2.0-85029092892
6380,6380,2-s2.0-85029092757
6384,6384,2-s2.0-85029087199
6388,6388,2-s2.0-85029085079
6391,6391,2-s2.0-85029082461
6394,6394,2-s2.0-85029078764
6400,6400,2-s2.0-85029073453
6404,6404,2-s2.0-85029068033
6418,6418,2-s2.0-85029047130
6423,6423,2-s2.0-85029040335
6424,6424,2-s2.0-85029040175
6449,6449,2-s2.0-84969863248
6454,6454,2-s2.0-84951027616
6455,6455,2-s2.0-84945188120
6458,6458,2-s2.0-84938786812
6460,6460,2-s2.0-84938777720
6464,6464,2-s2.0-84938769651
6466,6466,2-s2.0-84938681530
6473,6473,2-s2.0-84928410951
6479,6479,2-s2.0-84923592061
6480,6480,2-s2.0-84923441945
6481,6481,2-s2.0-84920585866
6483,6483,2-s2.0-84904352765
6484,6484,2-s2.0-84904334387
6489,6489,2-s2.0-84903589670
6496,6496,2-s2.0-84896661697
6501,6501,2-s2.0-84889974843
6509,6509,2-s2.0-84876168119
6512,6512,2-s2.0-84868361927
6516,6516,2-s2.0-84865367506
6532,6532,2-s2.0-79960771872
6535,6535,2-s2.0-79959934492
6537,6537,2-s2.0-79959741454
6542,6542,2-s2.0-79952832060
6543,6543,2-s2.0-79952778833
6545,6545,2-s2.0-79951826838
6553,6553,2-s2.0-77956268751
6563,6563,2-s2.0-77952667362
6564,6564,2-s2.0-77952653853
6576,6576,2-s2.0-77950280726
6585,6585,2-s2.0-77949513749
6598,6598,2-s2.0-71749117085
6600,6600,2-s2.0-71649097082
6601,6601,2-s2.0-71449122027
6605,6605,2-s2.0-70449375328
6609,6609,2-s2.0-70350534254
6611,6611,2-s2.0-70350397896
6624,6624,2-s2.0-70149106586
6626,6626,2-s2.0-69949083537
6629,6629,2-s2.0-69449092494
6630,6630,2-s2.0-69349103030
6633,6633,2-s2.0-69349089259
6634,6634,2-s2.0-69349088416
6645,6645,2-s2.0-68349114815
6647,6647,2-s2.0-68149126531
6648,6648,2-s2.0-68149121980
6653,6653,2-s2.0-67651161964
6654,6654,2-s2.0-67651148017
6662,6662,2-s2.0-67649249297
6669,6669,2-s2.0-65749091840
6672,6672,2-s2.0-64549091480
6681,6681,2-s2.0-61449242933
6683,6683,2-s2.0-61449214093
6691,6691,2-s2.0-60849100249
6694,6694,2-s2.0-60649104372
6698,6698,2-s2.0-60249091711
6701,6701,2-s2.0-59749094506
6715,6715,2-s2.0-58149163099
6722,6722,2-s2.0-57649138025
6726,6726,2-s2.0-56349092023
6729,6729,2-s2.0-105003842466
6731,6731,2-s2.0-78650587508
6734,6734,2-s2.0-78650483559
6739,6739,2-s2.0-78649896331
6740,6740,2-s2.0-78649884874
6742,6742,2-s2.0-78649861197
6743,6743,2-s2.0-78649855325
6749,6749,2-s2.0-78649812520
6757,6757,2-s2.0-84901554711
6768,6768,2-s2.0-84896408766
6772,6772,2-s2.0-84892828485
6775,6775,2-s2.0-84892352753
6776,6776,2-s2.0-84892345648
6777,6777,2-s2.0-84892316155
6778,6778,2-s2.0-84892298416
6780,6780,2-s2.0-84892274298
6786,6786,2-s2.0-84892224927
6799,6799,2-s2.0-84886392194
6803,6803,2-s2.0-84884425859
6820,6820,2-s2.0-84877908794
6825,6825,2-s2.0-84873571359
6830,6830,2-s2.0-84870651481
6845,6845,2-s2.0-84863170240
6847,6847,2-s2.0-84863129805
6855,6855,2-s2.0-84859143256
6864,6864,2-s2.0-84857473363
6867,6867,2-s2.0-84856892085
6868,6868,2-s2.0-84856882244
6869,6869,2-s2.0-84856877572
6871,6871,2-s2.0-84856849334
6872,6872,2-s2.0-84856637780
6873,6873,2-s2.0-84856622776
6879,6879,2-s2.0-80055085028
6888,6888,2-s2.0-79961175492
6894,6894,2-s2.0-79960265198
6895,6895,2-s2.0-79960204974
6898,6898,2-s2.0-79959709893
6912,6912,2-s2.0-79958718580
6914,6914,2-s2.0-79958714412
6916,6916,2-s2.0-79958698838
6917,6917,2-s2.0-79958698406
6927,6927,2-s2.0-79955615915
6934,6934,2-s2.0-79952952823
6939,6939,2-s2.0-79952540749
6941,6941,2-s2.0-79952403948
6943,6943,2-s2.0-79952365941
6952,6952,2-s2.0-79951940941
6954,6954,2-s2.0-79951935227
6964,6964,2-s2.0-79951895580
6969,6969,2-s2.0-79951860084
6988,6988,2-s2.0-78751518359
6994,6994,2-s2.0-78651334398
7010,7010,2-s2.0-78650039447
7013,7013,2-s2.0-78649655481
7016,7016,2-s2.0-78649489744
7021,7021,2-s2.0-78649429045
7026,7026,2-s2.0-78449245676
7033,7033,2-s2.0-78149495492
7035,7035,2-s2.0-77958577735
7041,7041,2-s2.0-77956268970
7050,7050,2-s2.0-78649242690
7061,7061,2-s2.0-78149380798
7064,7064,2-s2.0-78049439286
7069,7069,2-s2.0-78049313768
7072,7072,2-s2.0-77958609742
7080,7080,2-s2.0-77958580260
7081,7081,2-s2.0-77958571977
7083,7083,2-s2.0-77958569850
7089,7089,2-s2.0-77958553409
7091,7091,2-s2.0-77958536938
7095,7095,2-s2.0-85156539926
7099,7099,2-s2.0-80053317108
7101,7101,2-s2.0-79960645301
7110,7110,2-s2.0-78349294501
7113,7113,2-s2.0-78149250263
7114,7114,2-s2.0-78149244782
7115,7115,2-s2.0-78149243475
7116,7116,2-s2.0-78049528157
7118,7118,2-s2.0-77958556524
7121,7121,2-s2.0-77957843091
7143,7143,2-s2.0-77957717706
7147,7147,2-s2.0-77957716940
7148,7148,2-s2.0-77957716391
7152,7152,2-s2.0-77957712716
7161,7161,2-s2.0-77957705676
7162,7162,2-s2.0-77957704602
7168,7168,2-s2.0-77957697184
7169,7169,2-s2.0-77957696692
7171,7171,2-s2.0-77957694691
7174,7174,2-s2.0-77957692644
7178,7178,2-s2.0-77957371049
7187,7187,2-s2.0-84864554918
7196,7196,2-s2.0-78649490419
7198,7198,2-s2.0-78649436403
7204,7204,2-s2.0-77957238655
7209,7209,2-s2.0-77956799917
7217,7217,2-s2.0-77956947339
7219,7219,2-s2.0-84867513420
7224,7224,2-s2.0-77956528812
7229,7229,2-s2.0-77956434652
7232,7232,2-s2.0-77956390559
7233,7233,2-s2.0-77956375704
7240,7240,2-s2.0-77956243293
7242,7242,2-s2.0-77956238844
7243,7243,2-s2.0-77956238542
7245,7245,2-s2.0-84993073662
7251,7251,2-s2.0-84949543431
7252,7252,2-s2.0-84921831948
7253,7253,2-s2.0-84897483491
7262,7262,2-s2.0-78149398340
7264,7264,2-s2.0-77958059102
7265,7265,2-s2.0-77957885724
7266,7266,2-s2.0-77957343459
7267,7267,2-s2.0-77957140649
7277,7277,2-s2.0-77955235060
7281,7281,2-s2.0-77956006752
7289,7289,2-s2.0-77955861416
7290,7290,2-s2.0-77955816989
7291,7291,2-s2.0-77955811874
7296,7296,2-s2.0-77955620304
7298,7298,2-s2.0-77955603921
7303,7303,2-s2.0-84917051428
7310,7310,2-s2.0-79960659287
7315,7315,2-s2.0-79960224515
7320,7320,2-s2.0-78149436826
7321,7321,2-s2.0-77958513254
7323,7323,2-s2.0-77956999505
7326,7326,2-s2.0-77955469776
7329,7329,2-s2.0-77954654219
7334,7334,2-s2.0-77949658132
7339,7339,2-s2.0-77954946986
7346,7346,2-s2.0-77954912471
7347,7347,2-s2.0-77954909032
7349,7349,2-s2.0-77954891518
7352,7352,2-s2.0-84867494533
7354,7354,2-s2.0-85014198710
7357,7357,2-s2.0-77954562431
7358,7358,2-s2.0-77954787833
7360,7360,2-s2.0-77954779150
7370,7370,2-s2.0-77954432919
7373,7373,2-s2.0-77954231024
7376,7376,2-s2.0-85087476911
7377,7377,2-s2.0-85048933578
7390,7390,2-s2.0-77957036900
7392,7392,2-s2.0-77955587909
7397,7397,2-s2.0-77954713337
7402,7402,2-s2.0-77953965552
7414,7414,2-s2.0-80052020545
7416,7416,2-s2.0-77953775476
7417,7417,2-s2.0-77953733304
7418,7418,2-s2.0-79956185037
7420,7420,2-s2.0-77955877755
7428,7428,2-s2.0-77953088359
7440,7440,2-s2.0-77954918988
7445,7445,2-s2.0-77953561711
7452,7452,2-s2.0-77952877152
7457,7457,2-s2.0-77951928171
7458,7458,2-s2.0-77951667556
7464,7464,2-s2.0-77952197451
7465,7465,2-s2.0-77952194703
7473,7473,2-s2.0-77953422182
7483,7483,2-s2.0-77955800766
7484,7484,2-s2.0-77955796751
7489,7489,2-s2.0-77952991721
7517,7517,2-s2.0-77951587495
7525,7525,2-s2.0-79960297235
7532,7532,2-s2.0-79960244372
7537,7537,2-s2.0-79960215151
7538,7538,2-s2.0-79960214727
7542,7542,2-s2.0-79957646585
7543,7543,2-s2.0-77957724045
7567,7567,2-s2.0-84867497131
7572,7572,2-s2.0-77649092989
7604,7604,2-s2.0-77949295768
7607,7607,2-s2.0-77749324092
7609,7609,2-s2.0-77649277957
7610,7610,2-s2.0-77649199810
7611,7611,2-s2.0-76749128935
7624,7624,2-s2.0-77954688987
7630,7630,2-s2.0-79959691260
7636,7636,2-s2.0-77951430569
7641,7641,2-s2.0-77649176620
7644,7644,2-s2.0-76649130509
7645,7645,2-s2.0-76649121903
7666,7666,2-s2.0-77958491986
7668,7668,2-s2.0-73949124821
7671,7671,2-s2.0-85198351533
7675,7675,2-s2.0-85145118489
7682,7682,2-s2.0-85123148680
7685,7685,2-s2.0-85121883297
7690,7690,2-s2.0-85106022850
7692,7692,2-s2.0-85102302215
7694,7694,2-s2.0-85087310529
7698,7698,2-s2.0-85072353917
7699,7699,2-s2.0-85068189082
7702,7702,2-s2.0-85067879405
7705,7705,2-s2.0-85059889810
7727,7727,2-s2.0-85029121829
7732,7732,2-s2.0-85029119681
7733,7733,2-s2.0-85029119293
7736,7736,2-s2.0-85029117344
7743,7743,2-s2.0-85029112631
7746,7746,2-s2.0-85029109883
7750,7750,2-s2.0-85029106219
7751,7751,2-s2.0-85029104732
7755,7755,2-s2.0-85029103165
7757,7757,2-s2.0-85029100547
7759,7759,2-s2.0-85029097401
7761,7761,2-s2.0-85029096051
7773,7773,2-s2.0-85029086786
7775,7775,2-s2.0-85029084816
7776,7776,2-s2.0-85029084351
7777,7777,2-s2.0-85029083634
7784,7784,2-s2.0-85029080102
7785,7785,2-s2.0-85029079432
7790,7790,2-s2.0-85029075666
7795,7795,2-s2.0-85029073366
7796,7796,2-s2.0-85029073281
7806,7806,2-s2.0-85029064976
7810,7810,2-s2.0-85029061549
7811,7811,2-s2.0-85029060771
7832,7832,2-s2.0-85029046290
7834,7834,2-s2.0-85029044282
7849,7849,2-s2.0-85029030374
7857,7857,2-s2.0-85029025626
7860,7860,2-s2.0-85029022351
7863,7863,2-s2.0-85024833160
7866,7866,2-s2.0-85024520018
7888,7888,2-s2.0-84938718015
7897,7897,2-s2.0-84938701006
7898,7898,2-s2.0-84938686488
7901,7901,2-s2.0-84930848515
7904,7904,2-s2.0-84930023252
7910,7910,2-s2.0-84923912302
7924,7924,2-s2.0-84898873875
7928,7928,2-s2.0-84897214356
7938,7938,2-s2.0-84890814294
7947,7947,2-s2.0-84873524154
7952,7952,2-s2.0-84864604046
7955,7955,2-s2.0-84858694020
7960,7960,2-s2.0-81355154660
7962,7962,2-s2.0-80053047442
7966,7966,2-s2.0-79961229456
7978,7978,2-s2.0-79959867606
7979,7979,2-s2.0-79956230592
7992,7992,2-s2.0-79952382136
7993,7993,2-s2.0-79952290869
7994,7994,2-s2.0-79952278198
8008,8008,2-s2.0-78651262257
8016,8016,2-s2.0-78651247411
8019,8019,2-s2.0-78651234629
8023,8023,2-s2.0-78651231050
8026,8026,2-s2.0-78651227000
8027,8027,2-s2.0-78651226583
8035,8035,2-s2.0-78649595801
8039,8039,2-s2.0-78649436955
8046,8046,2-s2.0-78149319148
8048,8048,2-s2.0-78049242496
8054,8054,2-s2.0-77958525344
8058,8058,2-s2.0-77958100909
8064,8064,2-s2.0-77957888288
8068,8068,2-s2.0-77957792375
8072,8072,2-s2.0-77957314343
8073,8073,2-s2.0-77957300279
8076,8076,2-s2.0-77956740459
8082,8082,2-s2.0-77955723148
8083,8083,2-s2.0-77955541660
8085,8085,2-s2.0-77955477741
8090,8090,2-s2.0-77955120889
8095,8095,2-s2.0-77954711608
8099,8099,2-s2.0-77954486829
8104,8104,2-s2.0-77953845897
8106,8106,2-s2.0-77953630483
8107,8107,2-s2.0-77953569033
8114,8114,2-s2.0-77953080353
8115,8115,2-s2.0-77953076790
8124,8124,2-s2.0-77953040476
8127,8127,2-s2.0-77952852881
8135,8135,2-s2.0-77952696441
8142,8142,2-s2.0-77952006652
8143,8143,2-s2.0-77951982216
8149,8149,2-s2.0-77951478560
8169,8169,2-s2.0-76749122906
8172,8172,2-s2.0-76149115240
8187,8187,2-s2.0-70349451229
8189,8189,2-s2.0-105013696869
8195,8195,2-s2.0-84255184446
8203,8203,2-s2.0-83755173745
8210,8210,2-s2.0-83455217676
8213,8213,2-s2.0-82955214670
8221,8221,2-s2.0-82555205449
8222,8222,2-s2.0-82555202660
8226,8226,2-s2.0-82455210319
8230,8230,2-s2.0-82455167040
8232,8232,2-s2.0-84940176542
8233,8233,2-s2.0-84903931181
8239,8239,2-s2.0-84899219774
8242,8242,2-s2.0-84899180155
8246,8246,2-s2.0-84898321738
8249,8249,2-s2.0-84896585755
8251,8251,2-s2.0-84896426090
8258,8258,2-s2.0-84895273295
8263,8263,2-s2.0-84893000422
8266,8266,2-s2.0-84892940868
8270,8270,2-s2.0-84892314410
8275,8275,2-s2.0-84892102358
8278,8278,2-s2.0-84890232411
8279,8279,2-s2.0-84883559056
8280,8280,2-s2.0-84883120346
8281,8281,2-s2.0-84883104115
8282,8282,2-s2.0-84882701059
8285,8285,2-s2.0-84880627551
8289,8289,2-s2.0-84873689803
8304,8304,2-s2.0-84867468511
8308,8308,2-s2.0-84867319226
8313,8313,2-s2.0-84866076418
8314,8314,2-s2.0-84865677334
8319,8319,2-s2.0-84865091512
8325,8325,2-s2.0-84864664748
8327,8327,2-s2.0-84864644033
8338,8338,2-s2.0-84864055579
8345,8345,2-s2.0-84863067054
8346,8346,2-s2.0-84863047804
8354,8354,2-s2.0-84860479169
8355,8355,2-s2.0-84860464127
8356,8356,2-s2.0-84860463417
8360,8360,2-s2.0-84860439555
8361,8361,2-s2.0-84860431461
8363,8363,2-s2.0-84860261998
8367,8367,2-s2.0-84859738101
8371,8371,2-s2.0-84859381944
8383,8383,2-s2.0-84858784395
8387,8387,2-s2.0-84858778003
8394,8394,2-s2.0-84858770448
8395,8395,2-s2.0-84858769737
8403,8403,2-s2.0-84858759997
8406,8406,2-s2.0-84858758200
8407,8407,2-s2.0-84858756876
8412,8412,2-s2.0-84858418861
8418,8418,2-s2.0-84858260817
8429,8429,2-s2.0-84858223711
8430,8430,2-s2.0-84858222986
8432,8432,2-s2.0-84858215562
8447,8447,2-s2.0-84857306042
8450,8450,2-s2.0-84857041414
8454,8454,2-s2.0-84856742759
8465,8465,2-s2.0-84856132923
8474,8474,2-s2.0-84855237742
8476,8476,2-s2.0-84555195871
8504,8504,2-s2.0-78751623285
8513,8513,2-s2.0-81355142763
8514,8514,2-s2.0-81355132306
8521,8521,2-s2.0-80455123867
8523,8523,2-s2.0-105003522103
8530,8530,2-s2.0-84859299191
8537,8537,2-s2.0-84855229360
8551,8551,2-s2.0-80053644027
8553,8553,2-s2.0-80053549393
8562,8562,2-s2.0-79958251477
8566,8566,2-s2.0-81255208469
8573,8573,2-s2.0-80054039619
8574,8574,2-s2.0-80054035709
8577,8577,2-s2.0-80054033631
8578,8578,2-s2.0-80054030171
8579,8579,2-s2.0-80054029319
8596,8596,2-s2.0-84860525640
8602,8602,2-s2.0-84856302857
8606,8606,2-s2.0-81255188094
8607,8607,2-s2.0-81055139717
8609,8609,2-s2.0-80054008763
8617,8617,2-s2.0-80053452244
8620,8620,2-s2.0-80053043104
8622,8622,2-s2.0-80052964005
8623,8623,2-s2.0-80052790648
8624,8624,2-s2.0-80052694129
8634,8634,2-s2.0-80053197555
8640,8640,2-s2.0-80053011666
8653,8653,2-s2.0-80052740868
8656,8656,2-s2.0-80052719876
8658,8658,2-s2.0-80052859017
8678,8678,2-s2.0-80052339265
8682,8682,2-s2.0-80052317714
8692,8692,2-s2.0-84858245421
8698,8698,2-s2.0-80053576972
8699,8699,2-s2.0-80053576636
8703,8703,2-s2.0-80053480228
8708,8708,2-s2.0-80052860764
8718,8718,2-s2.0-80052397844
8721,8721,2-s2.0-80052288535
8722,8722,2-s2.0-80052267638
8723,8723,2-s2.0-80052259474
8728,8728,2-s2.0-80052123325
8748,8748,2-s2.0-79960566728
8753,8753,2-s2.0-79952988444
8761,8761,2-s2.0-80051647274
8770,8770,2-s2.0-79960865003
8772,8772,2-s2.0-84884341479
8776,8776,2-s2.0-84867453001
8780,8780,2-s2.0-82355188315
8783,8783,2-s2.0-80053463734
8790,8790,2-s2.0-80051677684
8792,8792,2-s2.0-79961011967
8794,8794,2-s2.0-79960837211
8798,8798,2-s2.0-79960777042
8801,8801,2-s2.0-79959995055
8804,8804,2-s2.0-79959729318
8808,8808,2-s2.0-79960589456
8822,8822,2-s2.0-79960325267
8824,8824,2-s2.0-79960296482
8828,8828,2-s2.0-79960279845
8834,8834,2-s2.0-79960219195
8849,8849,2-s2.0-85064430497
8853,8853,2-s2.0-84883462824
8858,8858,2-s2.0-84860420881
8871,8871,2-s2.0-79960774422
8873,8873,2-s2.0-79960473275
8874,8874,2-s2.0-79960415094
8883,8883,2-s2.0-79959570873
8887,8887,2-s2.0-79959494699
8890,8890,2-s2.0-79958856104
8895,8895,2-s2.0-79956318781
8898,8898,2-s2.0-79956298317
8915,8915,2-s2.0-79959207031
8919,8919,2-s2.0-79958282901
8920,8920,2-s2.0-79958255858
8923,8923,2-s2.0-85164513196
8939,8939,2-s2.0-80052006834
8951,8951,2-s2.0-79958824438
8954,8954,2-s2.0-79958774036
8957,8957,2-s2.0-79958020571
8959,8959,2-s2.0-79957955143
8961,8961,2-s2.0-79957637621
8974,8974,2-s2.0-79954735903
8984,8984,2-s2.0-79955993139
8987,8987,2-s2.0-79955957463
8992,8992,2-s2.0-79955763311
9004,9004,2-s2.0-80051725102
9010,9010,2-s2.0-79958263201
9011,9011,2-s2.0-79958180710
9015,9015,2-s2.0-79957490442
9017,9017,2-s2.0-79956292595
9022,9022,2-s2.0-79955754244
9025,9025,2-s2.0-79954706238
9026,9026,2-s2.0-79953784041
9035,9035,2-s2.0-79955544134
9051,9051,2-s2.0-79953799970
9060,9060,2-s2.0-79958145016
9068,9068,2-s2.0-79953878451
9071,9071,2-s2.0-79953838964
9078,9078,2-s2.0-79952899671
9079,9079,2-s2.0-79952899535
9082,9082,2-s2.0-79952898090
9091,9091,2-s2.0-79952496885
9098,9098,2-s2.0-79952523685
9101,9101,2-s2.0-79953193066
9102,9102,2-s2.0-79953193065
9104,9104,2-s2.0-79953166062
9116,9116,2-s2.0-80053078960
9118,9118,2-s2.0-80053056358
9128,9128,2-s2.0-79953139048
9133,9133,2-s2.0-79952741220
9135,9135,2-s2.0-79952571741
9139,9139,2-s2.0-79952293208
9154,9154,2-s2.0-79951756387
9155,9155,2-s2.0-79951490819
9159,9159,2-s2.0-78751610476
9162,9162,2-s2.0-79952749173
9166,9166,2-s2.0-79851494723
9176,9176,2-s2.0-84858971242
9182,9182,2-s2.0-79952904118
9185,9185,2-s2.0-79951896168
9186,9186,2-s2.0-79951564428
9194,9194,2-s2.0-78650936673
9198,9198,2-s2.0-105009205279
9211,9211,2-s2.0-85139458495
9219,9219,2-s2.0-85101971197
9226,9226,2-s2.0-85088184689
9237,9237,2-s2.0-85067934538
9239,9239,2-s2.0-85067923282
9241,9241,2-s2.0-85060274513
9247,9247,2-s2.0-85054839781
9265,9265,2-s2.0-85029128056
9267,9267,2-s2.0-85029125106
9277,9277,2-s2.0-85029117752
9280,9280,2-s2.0-85029116005
9281,9281,2-s2.0-85029115981
9291,9291,2-s2.0-85029109350
9297,9297,2-s2.0-85029101879
9309,9309,2-s2.0-85029093614
9310,9310,2-s2.0-85029092063
9320,9320,2-s2.0-85029088504
9324,9324,2-s2.0-85029086822
9330,9330,2-s2.0-85029082944
9338,9338,2-s2.0-85029077528
9343,9343,2-s2.0-85029071880
9347,9347,2-s2.0-85029069936
9357,9357,2-s2.0-85029061951
9366,9366,2-s2.0-85029052436
9370,9370,2-s2.0-85029050870
9380,9380,2-s2.0-85029040428
9383,9383,2-s2.0-85029037596
9390,9390,2-s2.0-85029032726
9394,9394,2-s2.0-85029031290
9397,9397,2-s2.0-85029030090
9399,9399,2-s2.0-85029028672
9401,9401,2-s2.0-85029028050
9402,9402,2-s2.0-85029028018
9403,9403,2-s2.0-85029026398
9404,9404,2-s2.0-85029026341
9405,9405,2-s2.0-85029024000
9413,9413,2-s2.0-85027948679
9421,9421,2-s2.0-85014747381
9427,9427,2-s2.0-85011382961
9434,9434,2-s2.0-85011340395
9444,9444,2-s2.0-84967502459
9449,9449,2-s2.0-84951931239
9450,9450,2-s2.0-84951109784
9456,9456,2-s2.0-84946737641
9458,9458,2-s2.0-84946721367
9461,9461,2-s2.0-84945956592
9463,9463,2-s2.0-84945933565
9477,9477,2-s2.0-84925355580
9479,9479,2-s2.0-84925099268
9489,9489,2-s2.0-84922661168
9495,9495,2-s2.0-84909040289
9502,9502,2-s2.0-84901193688
9514,9514,2-s2.0-84896204425
9516,9516,2-s2.0-84892897836
9519,9519,2-s2.0-84892502249
9520,9520,2-s2.0-84892049231
9521,9521,2-s2.0-84892043652
9526,9526,2-s2.0-84885648794
9528,9528,2-s2.0-84884920678
9536,9536,2-s2.0-84874062649
9537,9537,2-s2.0-84873565558
9541,9541,2-s2.0-84870789580
9569,9569,2-s2.0-84856532899
9570,9570,2-s2.0-84856532450
9572,9572,2-s2.0-84856204474
9575,9575,2-s2.0-84856161074
9581,9581,2-s2.0-84855811342
9589,9589,2-s2.0-82955189787
9591,9591,2-s2.0-81855166021
9593,9593,2-s2.0-81355164440
9597,9597,2-s2.0-80055066426
9600,9600,2-s2.0-80054003027
9608,9608,2-s2.0-80053042656
9609,9609,2-s2.0-80053028170
9612,9612,2-s2.0-80052758913
9615,9615,2-s2.0-80052574193
9620,9620,2-s2.0-80052066010
9621,9621,2-s2.0-80051919815
9630,9630,2-s2.0-79961067067
9640,9640,2-s2.0-79957533983
9651,9651,2-s2.0-79953715193
9654,9654,2-s2.0-79953698768
9655,9655,2-s2.0-79953689957
9656,9656,2-s2.0-79953687126
9660,9660,2-s2.0-79952817075
9670,9670,2-s2.0-79551603820
9672,9672,2-s2.0-79551580308
9681,9681,2-s2.0-78651500938
9694,9694,2-s2.0-78650311124
9698,9698,2-s2.0-78650278853
9705,9705,2-s2.0-78149362532
9712,9712,2-s2.0-105011457522
9714,9714,2-s2.0-105011218978
9715,9715,2-s2.0-105010810782
9722,9722,2-s2.0-84871567457
9723,9723,2-s2.0-85078212676
9727,9727,2-s2.0-84871484927
9728,9728,2-s2.0-84871481355
9730,9730,2-s2.0-85199960590
9732,9732,2-s2.0-84871239432
9736,9736,2-s2.0-84905046746
9737,9737,2-s2.0-84870975492
9740,9740,2-s2.0-84870898434
9741,9741,2-s2.0-84870892382
9746,9746,2-s2.0-84870657559
9747,9747,2-s2.0-84870281345
9750,9750,2-s2.0-85057012180
9753,9753,2-s2.0-84905779104
9761,9761,2-s2.0-84898366119
9766,9766,2-s2.0-84898123677
9770,9770,2-s2.0-84895237925
9774,9774,2-s2.0-84892752619
9779,9779,2-s2.0-84891958268
9781,9781,2-s2.0-84888334796
9789,9789,2-s2.0-84883729947
9791,9791,2-s2.0-84883707814
9793,9793,2-s2.0-84883538876
9794,9794,2-s2.0-84883536878
9796,9796,2-s2.0-84883504753
9797,9797,2-s2.0-84883495752
9802,9802,2-s2.0-84880268219
9803,9803,2-s2.0-84880121022
9805,9805,2-s2.0-84879893202
9807,9807,2-s2.0-84879615434
9814,9814,2-s2.0-84878064378
9822,9822,2-s2.0-84876576854
9830,9830,2-s2.0-84875665866
9831,9831,2-s2.0-84875653509
9835,9835,2-s2.0-84875261422
9838,9838,2-s2.0-84874728074
9840,9840,2-s2.0-84874715574
9856,9856,2-s2.0-84874260660
9859,9859,2-s2.0-84874156757
9862,9862,2-s2.0-84873634626
9875,9875,2-s2.0-84873169407
9876,9876,2-s2.0-84873163951
9877,9877,2-s2.0-84873161000
9897,9897,2-s2.0-84872439932
9906,9906,2-s2.0-84872148931
9913,9913,2-s2.0-84871954897
9914,9914,2-s2.0-84871833995
9921,9921,2-s2.0-84871038359
9925,9925,2-s2.0-84870787609
9937,9937,2-s2.0-84869117208
9940,9940,2-s2.0-84868338297
9944,9944,2-s2.0-84867604195
9962,9962,2-s2.0-84869149951
9967,9967,2-s2.0-84869008074
9977,9977,2-s2.0-84868617614
9978,9978,2-s2.0-84868149429
9991,9991,2-s2.0-84874613589
9995,9995,2-s2.0-84874310452
10004,10004,2-s2.0-84869163001
10015,10015,2-s2.0-84867573248
10021,10021,2-s2.0-84865264962
10023,10023,2-s2.0-84863097294
10049,10049,2-s2.0-84866922061
10050,10050,2-s2.0-84866910679
10051,10051,2-s2.0-84866907873
10055,10055,2-s2.0-84874220905
10056,10056,2-s2.0-84873602295
10059,10059,2-s2.0-84871034197
10066,10066,2-s2.0-84867253219
10075,10075,2-s2.0-84865991453
10077,10077,2-s2.0-84864350249
10080,10080,2-s2.0-84866607520
10084,10084,2-s2.0-84923496390
10085,10085,2-s2.0-84923448345
10086,10086,2-s2.0-84866068466
10088,10088,2-s2.0-84865809560
10089,10089,2-s2.0-84865725494
10101,10101,2-s2.0-84892169079
10106,10106,2-s2.0-84868577641
10113,10113,2-s2.0-84866896630
10118,10118,2-s2.0-84866499958
10119,10119,2-s2.0-84866367948
10126,10126,2-s2.0-84866000609
10131,10131,2-s2.0-84865795891
10136,10136,2-s2.0-84865716932
10145,10145,2-s2.0-84865228740
10146,10146,2-s2.0-84864960395
10157,10157,2-s2.0-84863782321
10164,10164,2-s2.0-84857529877
10166,10166,2-s2.0-84865559048
10167,10167,2-s2.0-84865415046
10170,10170,2-s2.0-84865356797
10174,10174,2-s2.0-84865312931
10185,10185,2-s2.0-84864777040
10191,10191,2-s2.0-84930591909
10194,10194,2-s2.0-84930586137
10195,10195,2-s2.0-84930583004
10201,10201,2-s2.0-84926294216
10203,10203,2-s2.0-84924134454
10205,10205,2-s2.0-84922623748
10208,10208,2-s2.0-84905025154
10218,10218,2-s2.0-84888031760
10222,10222,2-s2.0-84884525551
10225,10225,2-s2.0-84884505881
10233,10233,2-s2.0-84866336711
10240,10240,2-s2.0-84865368471
10241,10241,2-s2.0-84865356266
10244,10244,2-s2.0-84864296620
10248,10248,2-s2.0-84863865958
10256,10256,2-s2.0-84864303301
10260,10260,2-s2.0-84864140353
10269,10269,2-s2.0-84864047625
10273,10273,2-s2.0-84863665113
10279,10279,2-s2.0-84863100327
10292,10292,2-s2.0-84890917678
10299,10299,2-s2.0-84867190103
10300,10300,2-s2.0-84865807813
10310,10310,2-s2.0-84863850516
10320,10320,2-s2.0-84863442345
10321,10321,2-s2.0-84863324132
10322,10322,2-s2.0-84863320308
10330,10330,2-s2.0-84862624040
10332,10332,2-s2.0-84861906654
10333,10333,2-s2.0-84861875506
10335,10335,2-s2.0-84861872919
10343,10343,2-s2.0-84861145486
10372,10372,2-s2.0-84864313742
10382,10382,2-s2.0-84862572205
10389,10389,2-s2.0-84861818502
10390,10390,2-s2.0-84861772093
10391,10391,2-s2.0-84861743629
10395,10395,2-s2.0-84861470241
10398,10398,2-s2.0-84861225976
10399,10399,2-s2.0-84861224974
10413,10413,2-s2.0-84856741295
10417,10417,2-s2.0-84861468739
10421,10421,2-s2.0-84861432001
10424,10424,2-s2.0-84862093747
10433,10433,2-s2.0-84860795334
10435,10435,2-s2.0-84860760248
10436,10436,2-s2.0-84861188781
10437,10437,2-s2.0-84860560900
10438,10438,2-s2.0-84885535699
10442,10442,2-s2.0-84860328271
10453,10453,2-s2.0-84861522804
10454,10454,2-s2.0-84861493485
10471,10471,2-s2.0-84859268147
10478,10478,2-s2.0-84859264434
10482,10482,2-s2.0-84858781619
10491,10491,2-s2.0-84859755677
10501,10501,2-s2.0-84859207553
10503,10503,2-s2.0-84859054134
10511,10511,2-s2.0-84863752896
10526,10526,2-s2.0-84859328565
10527,10527,2-s2.0-84859200156
10530,10530,2-s2.0-84859180348
10541,10541,2-s2.0-84858986609
10549,10549,2-s2.0-84858780406
10561,10561,2-s2.0-84897838199
10574,10574,2-s2.0-84859336805
10577,10577,2-s2.0-84859014975
10590,10590,2-s2.0-84858306271
10592,10592,2-s2.0-84858205301
10598,10598,2-s2.0-84857466234
10599,10599,2-s2.0-84857446586
10600,10600,2-s2.0-84857261935
10603,10603,2-s2.0-84857058469
10604,10604,2-s2.0-84857040471
10609,10609,2-s2.0-84855496891
10613,10613,2-s2.0-84155162794
10622,10622,2-s2.0-84949178161
10623,10623,2-s2.0-84934323732
10636,10636,2-s2.0-84892140163
10637,10637,2-s2.0-84873272408
10638,10638,2-s2.0-84864560210
10639,10639,2-s2.0-84863143921
10643,10643,2-s2.0-84860864062
10648,10648,2-s2.0-84858328446
10653,10653,2-s2.0-84857263778
10655,10655,2-s2.0-84857099890
10656,10656,2-s2.0-84857013637
10662,10662,2-s2.0-84856235599
10663,10663,2-s2.0-84856104713
10671,10671,2-s2.0-84855644437
10679,10679,2-s2.0-84862953202
10687,10687,2-s2.0-84891584388
10690,10690,2-s2.0-84855895100
10694,10694,2-s2.0-85171938986
10696,10696,2-s2.0-85164866098
10700,10700,2-s2.0-85145095733
10701,10701,2-s2.0-85140251392
10704,10704,2-s2.0-85123151685
10709,10709,2-s2.0-85122399628
10716,10716,2-s2.0-85115626830
10731,10731,2-s2.0-85076176616
10732,10732,2-s2.0-85072507257
10733,10733,2-s2.0-85071795569
10735,10735,2-s2.0-85071136677
10736,10736,2-s2.0-85071121846
10747,10747,2-s2.0-85070634310
10753,10753,2-s2.0-85067943234
10757,10757,2-s2.0-85065681526
10772,10772,2-s2.0-85030988675
10778,10778,2-s2.0-85029127167
10779,10779,2-s2.0-85029125202
10780,10780,2-s2.0-85029122931
10786,10786,2-s2.0-85029119431
10792,10792,2-s2.0-85029114897
10799,10799,2-s2.0-85029112340
10801,10801,2-s2.0-85029111641
10805,10805,2-s2.0-85029110192
10820,10820,2-s2.0-85029100437
10824,10824,2-s2.0-85029096800
10827,10827,2-s2.0-85029092496
10834,10834,2-s2.0-85029086020
10847,10847,2-s2.0-85029078091
10852,10852,2-s2.0-85029074773
10853,10853,2-s2.0-85029073686
10871,10871,2-s2.0-85029061290
10874,10874,2-s2.0-85029057674
10889,10889,2-s2.0-85029045049
10897,10897,2-s2.0-85029037264
10900,10900,2-s2.0-85029036201
10904,10904,2-s2.0-85029029588
10906,10906,2-s2.0-85029027880
10908,10908,2-s2.0-85029026447
10924,10924,2-s2.0-85024542870
10926,10926,2-s2.0-85023862485
10928,10928,2-s2.0-85017648392
10931,10931,2-s2.0-85015694721
10935,10935,2-s2.0-85011617275
10936,10936,2-s2.0-85008525571
10940,10940,2-s2.0-84996524229
10942,10942,2-s2.0-84990361626
10950,10950,2-s2.0-84958124364
10952,10952,2-s2.0-84958113132
10955,10955,2-s2.0-84957972414
10957,10957,2-s2.0-84955633205
10958,10958,2-s2.0-84954583483
10963,10963,2-s2.0-84948103373
10965,10965,2-s2.0-84948071908
10969,10969,2-s2.0-84946894310
10970,10970,2-s2.0-84946099795
10980,10980,2-s2.0-84939528306
10984,10984,2-s2.0-84939515850
10989,10989,2-s2.0-84939498325
10993,10993,2-s2.0-84939482963
10999,10999,2-s2.0-84931413055
11009,11009,2-s2.0-84925616349
11013,11013,2-s2.0-84922686994
11014,11014,2-s2.0-84921657215
11043,11043,2-s2.0-84897815614
11044,11044,2-s2.0-84897780308
11046,11046,2-s2.0-84897381773
11049,11049,2-s2.0-84896459004
11050,11050,2-s2.0-84896455896
11055,11055,2-s2.0-84896329571
11057,11057,2-s2.0-84893531471
11070,11070,2-s2.0-84887908357
11072,11072,2-s2.0-84887284506
11079,11079,2-s2.0-84879473486
11083,11083,2-s2.0-84877865529
11086,11086,2-s2.0-84877329895
11092,11092,2-s2.0-84875234272
11093,11093,2-s2.0-84875202596
11099,11099,2-s2.0-84874370871
11114,11114,2-s2.0-84871593395
11120,11120,2-s2.0-84871539094
11123,11123,2-s2.0-84871155279
11131,11131,2-s2.0-84869889620
11140,11140,2-s2.0-84869778338
11147,11147,2-s2.0-84867688143
11149,11149,2-s2.0-84867554330
11152,11152,2-s2.0-84866840226
11156,11156,2-s2.0-84866541753
11160,11160,2-s2.0-84866423906
11164,11164,2-s2.0-84865854497
11170,11170,2-s2.0-84865365476
11172,11172,2-s2.0-84865086915
11176,11176,2-s2.0-84864880037
11179,11179,2-s2.0-84864875891
11181,11181,2-s2.0-84864874353
11183,11183,2-s2.0-84864871022
11194,11194,2-s2.0-84863963805
11199,11199,2-s2.0-84863872014
11201,11201,2-s2.0-84863854440
11207,11207,2-s2.0-84863820315
11208,11208,2-s2.0-84863817859
11210,11210,2-s2.0-84863797952
11211,11211,2-s2.0-84863790134
11213,11213,2-s2.0-84863787342
11225,11225,2-s2.0-84863048082
11231,11231,2-s2.0-84862335755
11234,11234,2-s2.0-84862272683
11236,11236,2-s2.0-84861791127
11240,11240,2-s2.0-84861155873
11247,11247,2-s2.0-84860814645
11251,11251,2-s2.0-84860354209
11257,11257,2-s2.0-84859506543
11262,11262,2-s2.0-84859055462
11264,11264,2-s2.0-84858591824
11271,11271,2-s2.0-84857021142
11273,11273,2-s2.0-84856983679
11274,11274,2-s2.0-84856893697
11276,11276,2-s2.0-84856860558
11283,11283,2-s2.0-84856455742
11284,11284,2-s2.0-84856441492
11285,11285,2-s2.0-84856418536
11295,11295,2-s2.0-84855730108
11319,11319,2-s2.0-105012686228
11328,11328,2-s2.0-105012500496
11329,11329,2-s2.0-105012318606
11332,11332,2-s2.0-105011922887
11336,11336,2-s2.0-105011000913
11337,11337,2-s2.0-105011000244
11338,11338,2-s2.0-105010999502
11339,11339,2-s2.0-105002508839
11342,11342,2-s2.0-84944389242
11348,11348,2-s2.0-84890235666
11355,11355,2-s2.0-84890082107
11356,11356,2-s2.0-84890080295
11360,11360,2-s2.0-84889787819
11364,11364,2-s2.0-84892573273
11365,11365,2-s2.0-84892389132
11368,11368,2-s2.0-84888990233
11369,11369,2-s2.0-84888397525
11375,11375,2-s2.0-85164573828
11376,11376,2-s2.0-84994332389
11387,11387,2-s2.0-84898101523
11388,11388,2-s2.0-84898098297
11393,11393,2-s2.0-84896762209
11401,11401,2-s2.0-84894252360
11405,11405,2-s2.0-84894168980
11406,11406,2-s2.0-84894147295
11409,11409,2-s2.0-84894122836
11416,11416,2-s2.0-84893608648
11421,11421,2-s2.0-84893322715
11423,11423,2-s2.0-84893310505
11429,11429,2-s2.0-84893272610
11436,11436,2-s2.0-84893224539
11439,11439,2-s2.0-84893180390
11445,11445,2-s2.0-84892917745
11452,11452,2-s2.0-84892739665
11458,11458,2-s2.0-84892655293
11460,11460,2-s2.0-84892651563
11462,11462,2-s2.0-84892638082
11465,11465,2-s2.0-84892542816
11467,11467,2-s2.0-84892521111
11470,11470,2-s2.0-84892485430
11471,11471,2-s2.0-84892461783
11482,11482,2-s2.0-84891311305
11487,11487,2-s2.0-84890433529
11493,11493,2-s2.0-84889646160
11495,11495,2-s2.0-84889596336
11509,11509,2-s2.0-84888262239
11511,11511,2-s2.0-84888063339
11515,11515,2-s2.0-84888048109
11516,11516,2-s2.0-84888046388
11518,11518,2-s2.0-84888028919
11536,11536,2-s2.0-84887946651
11541,11541,2-s2.0-84887861212
11542,11542,2-s2.0-84887859908
11545,11545,2-s2.0-84890464176
11559,11559,2-s2.0-84930702707
11567,11567,2-s2.0-84897603690
11568,11568,2-s2.0-84890372294
11570,11570,2-s2.0-84890145226
11574,11574,2-s2.0-84888410683
11581,11581,2-s2.0-84887357200
11585,11585,2-s2.0-84887072410
11588,11588,2-s2.0-84886786971
11594,11594,2-s2.0-84885663779
11598,11598,2-s2.0-84885592982
11602,11602,2-s2.0-84885045934
11609,11609,2-s2.0-84886566755
11617,11617,2-s2.0-84886481374
11622,11622,2-s2.0-84886045687
11625,11625,2-s2.0-84886935614
11628,11628,2-s2.0-84886881044
11632,11632,2-s2.0-85089260661
11636,11636,2-s2.0-84885656105
11638,11638,2-s2.0-84885349458
11640,11640,2-s2.0-84885232518
11641,11641,2-s2.0-84885226266
11652,11652,2-s2.0-84884889950
11660,11660,2-s2.0-84893603984
11669,11669,2-s2.0-84885961334
11680,11680,2-s2.0-84884802333
11682,11682,2-s2.0-84884657320
11689,11689,2-s2.0-84884568632
11694,11694,2-s2.0-84884530267
11696,11696,2-s2.0-84884479326
11708,11708,2-s2.0-84880368503
11712,11712,2-s2.0-84945347423
11714,11714,2-s2.0-84944901315
11716,11716,2-s2.0-84921689379
11718,11718,2-s2.0-84884344748
11724,11724,2-s2.0-84884339982
11725,11725,2-s2.0-84884339769
11726,11726,2-s2.0-84884338779
11731,11731,2-s2.0-84884336814
11735,11735,2-s2.0-84884334925
11741,11741,2-s2.0-84884333251
11742,11742,2-s2.0-84884332936
11743,11743,2-s2.0-84884332322
11747,11747,2-s2.0-84884328911
11753,11753,2-s2.0-84884325026
11755,11755,2-s2.0-84884322493
11761,11761,2-s2.0-84884319121
11766,11766,2-s2.0-84884316090
11768,11768,2-s2.0-84884315306
11776,11776,2-s2.0-84884311970
11783,11783,2-s2.0-84884309461
11788,11788,2-s2.0-84884304355
11789,11789,2-s2.0-84884303895
11815,11815,2-s2.0-84883657997
11816,11816,2-s2.0-84883633860
11819,11819,2-s2.0-84883528315
11825,11825,2-s2.0-84883470612
11826,11826,2-s2.0-84883383568
11827,11827,2-s2.0-84883333613
11830,11830,2-s2.0-84883276862
11831,11831,2-s2.0-84883894434
11840,11840,2-s2.0-84929851875
11844,11844,2-s2.0-84890175478
11859,11859,2-s2.0-84883319616
11867,11867,2-s2.0-84881639013
11872,11872,2-s2.0-84881077318
11874,11874,2-s2.0-84881050251
11882,11882,2-s2.0-84880799476
11884,11884,2-s2.0-84880777703
11885,11885,2-s2.0-84880755568
11891,11891,2-s2.0-84945351242
11892,11892,2-s2.0-84945333854
11898,11898,2-s2.0-84883004257
11899,11899,2-s2.0-84882977341
11903,11903,2-s2.0-84883121112
11909,11909,2-s2.0-84881499001
11917,11917,2-s2.0-84881188983
11922,11922,2-s2.0-84881020537
11929,11929,2-s2.0-84880977312
11930,11930,2-s2.0-84880977083
11939,11939,2-s2.0-84880880639
11941,11941,2-s2.0-84880872696
11944,11944,2-s2.0-84880858704
11954,11954,2-s2.0-84893712626
11956,11956,2-s2.0-84893710353
11972,11972,2-s2.0-84884531927
11976,11976,2-s2.0-84884525299
11986,11986,2-s2.0-84880754083
11987,11987,2-s2.0-84880750202
11994,11994,2-s2.0-84880065050
12008,12008,2-s2.0-84880630265
12017,12017,2-s2.0-84880121075
12033,12033,2-s2.0-84879939293
12034,12034,2-s2.0-84879937272
12041,12041,2-s2.0-84879667109
12050,12050,2-s2.0-84879532348
12056,12056,2-s2.0-85045022001
12057,12057,2-s2.0-85020058369
12060,12060,2-s2.0-84929852603
12062,12062,2-s2.0-84893667047
12068,12068,2-s2.0-84885668641
12072,12072,2-s2.0-84879621246
12076,12076,2-s2.0-84879382863
12081,12081,2-s2.0-84878641633
12083,12083,2-s2.0-84878604103
12087,12087,2-s2.0-84946749107
12088,12088,2-s2.0-85211411019
12093,12093,2-s2.0-84882433750
12094,12094,2-s2.0-84878936756
12105,12105,2-s2.0-84892879948
12108,12108,2-s2.0-84892848002
12111,12111,2-s2.0-84887557505
12114,12114,2-s2.0-84882257319
12118,12118,2-s2.0-84880259010
12123,12123,2-s2.0-84878778884
12125,12125,2-s2.0-84878487834
12129,12129,2-s2.0-84878088576
12132,12132,2-s2.0-84877917839
12135,12135,2-s2.0-84877621361
12141,12141,2-s2.0-84877056281
12142,12142,2-s2.0-84877025608
12147,12147,2-s2.0-84875781184
12148,12148,2-s2.0-84875242137
12149,12149,2-s2.0-84874776045
12152,12152,2-s2.0-84872517307
12154,12154,2-s2.0-84946781482
12155,12155,2-s2.0-84946780600
12158,12158,2-s2.0-84946752222
12164,12164,2-s2.0-84946732672
12172,12172,2-s2.0-84878349563
12176,12176,2-s2.0-84877781872
12178,12178,2-s2.0-84877761040
12179,12179,2-s2.0-84877266351
12183,12183,2-s2.0-84876891130
12189,12189,2-s2.0-84876790704
12193,12193,2-s2.0-84892899252
12196,12196,2-s2.0-84891640294
12198,12198,2-s2.0-84888113384
12200,12200,2-s2.0-84887343939
12209,12209,2-s2.0-84878210925
12210,12210,2-s2.0-84878203637
12212,12212,2-s2.0-84878054555
12213,12213,2-s2.0-84877879937
12218,12218,2-s2.0-84877257081
12222,12222,2-s2.0-84876831800
12223,12223,2-s2.0-84876702753
12234,12234,2-s2.0-84875368310
12239,12239,2-s2.0-84874792788
12241,12241,2-s2.0-84876589417
12245,12245,2-s2.0-85015039718
12249,12249,2-s2.0-84933670763
12255,12255,2-s2.0-84876310686
12259,12259,2-s2.0-84876122237
12270,12270,2-s2.0-84909090881
12273,12273,2-s2.0-84892890738
12279,12279,2-s2.0-84878737697
12284,12284,2-s2.0-84877833518
12285,12285,2-s2.0-84876545765
12293,12293,2-s2.0-84876022902
12297,12297,2-s2.0-84875847092
12301,12301,2-s2.0-84875499471
12302,12302,2-s2.0-84875495708
12304,12304,2-s2.0-84875433246
12309,12309,2-s2.0-84875364562
12321,12321,2-s2.0-84875156137
12325,12325,2-s2.0-85016886246
12331,12331,2-s2.0-84874887353
12332,12332,2-s2.0-84874504960
12333,12333,2-s2.0-85082029947
12337,12337,2-s2.0-84963545523
12338,12338,2-s2.0-84949180142
12344,12344,2-s2.0-84892835707
12346,12346,2-s2.0-84892002485
12360,12360,2-s2.0-84875443268
12361,12361,2-s2.0-84875380029
12382,12382,2-s2.0-84874315400
12401,12401,2-s2.0-84873523401
12404,12404,2-s2.0-84873296190
12407,12407,2-s2.0-84872540119
12408,12408,2-s2.0-84870066116
12412,12412,2-s2.0-84898092976
12421,12421,2-s2.0-84873644012
12423,12423,2-s2.0-84874189698
12438,12438,2-s2.0-84874451290
12444,12444,2-s2.0-84873405885
12448,12448,2-s2.0-84872837747
12467,12467,2-s2.0-84990171340
12469,12469,2-s2.0-84881191009
12471,12471,2-s2.0-84872161408
12476,12476,2-s2.0-84925785728
12492,12492,2-s2.0-85139669421
12497,12497,2-s2.0-85138332021
12499,12499,2-s2.0-85136716226
12503,12503,2-s2.0-85136645094
12504,12504,2-s2.0-85136637088
12514,12514,2-s2.0-85102013638
12518,12518,2-s2.0-85102007186
12519,12519,2-s2.0-85102005133
12530,12530,2-s2.0-85101966749
12532,12532,2-s2.0-85101961328
12533,12533,2-s2.0-85101956075
12535,12535,2-s2.0-85098051525
12549,12549,2-s2.0-85078540557
12550,12550,2-s2.0-85076142806
12555,12555,2-s2.0-85071529149
12563,12563,2-s2.0-85070000173
12566,12566,2-s2.0-85069179914
12567,12567,2-s2.0-85068094137
12569,12569,2-s2.0-85068064774
12573,12573,2-s2.0-85068012489
12580,12580,2-s2.0-85067978551
12582,12582,2-s2.0-85067965106
12583,12583,2-s2.0-85067960932
12585,12585,2-s2.0-85067950527
12587,12587,2-s2.0-85067949565
12592,12592,2-s2.0-85067914930
12598,12598,2-s2.0-85065678015
12599,12599,2-s2.0-85065131427
12615,12615,2-s2.0-85044335510
12617,12617,2-s2.0-85043295230
12626,12626,2-s2.0-85031422545
12631,12631,2-s2.0-85029304015
12637,12637,2-s2.0-85028682267
12639,12639,2-s2.0-85028664646
12642,12642,2-s2.0-85028642416
12662,12662,2-s2.0-85017609803
12672,12672,2-s2.0-85009386338
12675,12675,2-s2.0-85006672434
12678,12678,2-s2.0-84996659324
12680,12680,2-s2.0-84995442504
12688,12688,2-s2.0-84983301232
12693,12693,2-s2.0-84968840675
12694,12694,2-s2.0-84968755027
12706,12706,2-s2.0-84956684056
12708,12708,2-s2.0-84955757556
12709,12709,2-s2.0-84955730769
12710,12710,2-s2.0-84955646469
12712,12712,2-s2.0-84955394743
12718,12718,2-s2.0-84949944662
12724,12724,2-s2.0-84946165805
12725,12725,2-s2.0-84945951890
12730,12730,2-s2.0-84943376419
12734,12734,2-s2.0-84940339904
12758,12758,2-s2.0-84926973806
12767,12767,2-s2.0-84924967361
12768,12768,2-s2.0-84923919764
12772,12772,2-s2.0-84923673321
12781,12781,2-s2.0-84923448851
12782,12782,2-s2.0-84923430713
12783,12783,2-s2.0-84923415349
12796,12796,2-s2.0-84920749665
12813,12813,2-s2.0-84911028295
12818,12818,2-s2.0-84909088630
12826,12826,2-s2.0-84907731585
12845,12845,2-s2.0-84904696566
12851,12851,2-s2.0-84904638429
12858,12858,2-s2.0-84904596316
12864,12864,2-s2.0-84903688427
12870,12870,2-s2.0-84903522400
12875,12875,2-s2.0-84903448421
12883,12883,2-s2.0-84902682738
12890,12890,2-s2.0-84902668815
12895,12895,2-s2.0-84902319709
12900,12900,2-s2.0-84901811028
12908,12908,2-s2.0-84900461489
12915,12915,2-s2.0-84899874857
12923,12923,2-s2.0-84898658276
12928,12928,2-s2.0-84898639590
12935,12935,2-s2.0-84898192336
12944,12944,2-s2.0-84896972424
12945,12945,2-s2.0-84896964690
12949,12949,2-s2.0-84896641993
12956,12956,2-s2.0-84896459626
12958,12958,2-s2.0-84896448625
12959,12959,2-s2.0-84896446275
12962,12962,2-s2.0-84896275753
12967,12967,2-s2.0-84894568096
12977,12977,2-s2.0-84893761840
12986,12986,2-s2.0-84893584641
12995,12995,2-s2.0-84892990871
12997,12997,2-s2.0-84892900053
13002,13002,2-s2.0-84890763209
13005,13005,2-s2.0-84890707115
13007,13007,2-s2.0-84890691468
13008,13008,2-s2.0-84890687796
13016,13016,2-s2.0-84890576900
13021,13021,2-s2.0-84890179583
13026,13026,2-s2.0-84888315758
13040,13040,2-s2.0-84887400899
13043,13043,2-s2.0-84886807965
13044,13044,2-s2.0-84886746301
13046,13046,2-s2.0-84886714346
13059,13059,2-s2.0-84885353913
13066,13066,2-s2.0-84884857671
13096,13096,2-s2.0-84883572969
13101,13101,2-s2.0-84883386432
13102,13102,2-s2.0-84883332048
13107,13107,2-s2.0-84883071353
13117,13117,2-s2.0-84881352361
13120,13120,2-s2.0-84881335117
13123,13123,2-s2.0-84881319725
13133,13133,2-s2.0-84880692028
13134,13134,2-s2.0-84880688306
13143,13143,2-s2.0-84880271119
13144,13144,2-s2.0-84880205444
13146,13146,2-s2.0-84880071902
13151,13151,2-s2.0-84880005237
13159,13159,2-s2.0-84879366482
13169,13169,2-s2.0-84878709851
13175,13175,2-s2.0-84878453192
13187,13187,2-s2.0-84878046736
13188,13188,2-s2.0-84878030235
13192,13192,2-s2.0-84876558589
13198,13198,2-s2.0-84876243073
13214,13214,2-s2.0-84875322576
13220,13220,2-s2.0-84874995635
13223,13223,2-s2.0-84874602032
13224,13224,2-s2.0-84874576554
13228,13228,2-s2.0-84874085562
13230,13230,2-s2.0-84873878986
13231,13231,2-s2.0-84873876240
13233,13233,2-s2.0-84873872253
13249,13249,2-s2.0-84872654535
13272,13272,2-s2.0-84869771742
13277,13277,2-s2.0-54749156123
13281,13281,2-s2.0-105011464443
13284,13284,2-s2.0-105011000501
13286,13286,2-s2.0-0040868732
13287,13287,2-s2.0-0039090501
13289,13289,2-s2.0-84957975401
13291,13291,2-s2.0-84957969867
13298,13298,2-s2.0-84957947850
13304,13304,2-s2.0-84957935825
13305,13305,2-s2.0-84957933115
13319,13319,2-s2.0-84945476935
13322,13322,2-s2.0-84940704196
13323,13323,2-s2.0-85164484729
13326,13326,2-s2.0-85039552251
13330,13330,2-s2.0-85020098392
13343,13343,2-s2.0-84926459816
13344,13344,2-s2.0-84922998065
13351,13351,2-s2.0-84920627688
13352,13352,2-s2.0-84920626073
13354,13354,2-s2.0-84920612063
13359,13359,2-s2.0-84920572678
13364,13364,2-s2.0-84919948282
13368,13368,2-s2.0-84919922281
13387,13387,2-s2.0-84908462061
13398,13398,2-s2.0-84919494774
13399,13399,2-s2.0-84914127133
13400,13400,2-s2.0-84912565223
13401,13401,2-s2.0-84912533409
13402,13402,2-s2.0-84912533313
13405,13405,2-s2.0-85107256732
13410,13410,2-s2.0-85107243660
13414,13414,2-s2.0-84949202600
13417,13417,2-s2.0-84908468699
13418,13418,2-s2.0-84919346192
13419,13419,2-s2.0-84903379408
13433,13433,2-s2.0-84911406877
13439,13439,2-s2.0-84929493405
13443,13443,2-s2.0-84949180449
13446,13446,2-s2.0-84930893993
13451,13451,2-s2.0-84921937671
13453,13453,2-s2.0-84919926916
13465,13465,2-s2.0-84907591434
13469,13469,2-s2.0-84945344669
13493,13493,2-s2.0-84908595981
13505,13505,2-s2.0-84908665792
13506,13506,2-s2.0-84987942196
13507,13507,2-s2.0-84919493721
13516,13516,2-s2.0-85027917640
13517,13517,2-s2.0-85014859044
13520,13520,2-s2.0-85008222463
13528,13528,2-s2.0-84953394609
13529,13529,2-s2.0-84948139575
13531,13531,2-s2.0-84939887547
13533,13533,2-s2.0-84930822077
13534,13534,2-s2.0-84929862854
13535,13535,2-s2.0-84928875416
13542,13542,2-s2.0-84911004297
13543,13543,2-s2.0-84911001797
13553,13553,2-s2.0-84896412358
13559,13559,2-s2.0-84908101498
13570,13570,2-s2.0-84912015231
13574,13574,2-s2.0-84985930630
13575,13575,2-s2.0-84905105966
13579,13579,2-s2.0-84907351591
13589,13589,2-s2.0-84957429917
13592,13592,2-s2.0-84944219998
13599,13599,2-s2.0-84927581210
13603,13603,2-s2.0-84920416554
13636,13636,2-s2.0-84907918407
13637,13637,2-s2.0-84907917458
13640,13640,2-s2.0-84907915487
13645,13645,2-s2.0-84907912301
13647,13647,2-s2.0-84907911424
13648,13648,2-s2.0-84907911166
13655,13655,2-s2.0-84907428379
13660,13660,2-s2.0-84960215877
13666,13666,2-s2.0-84905197293
13668,13668,2-s2.0-84942236617
13671,13671,2-s2.0-84908654365
13674,13674,2-s2.0-84903544352
13681,13681,2-s2.0-85061502395
13682,13682,2-s2.0-85061376715
13687,13687,2-s2.0-84957398077
13690,13690,2-s2.0-84957371888
13699,13699,2-s2.0-84952328651
13711,13711,2-s2.0-84907435250
13713,13713,2-s2.0-84904344751
13714,13714,2-s2.0-84904323147
13715,13715,2-s2.0-84904292988
13717,13717,2-s2.0-84949744877
13723,13723,2-s2.0-84927529863
13731,13731,2-s2.0-84987792280
13732,13732,2-s2.0-84901837795
13737,13737,2-s2.0-85018869820
13738,13738,2-s2.0-85014902054
13743,13743,2-s2.0-84903161133
13744,13744,2-s2.0-84899132312
13755,13755,2-s2.0-84901649820
13757,13757,2-s2.0-84901429274
13761,13761,2-s2.0-84899818212
13762,13762,2-s2.0-84931846930
13779,13779,2-s2.0-84938780253
13780,13780,2-s2.0-84929048649
13782,13782,2-s2.0-84901741133
13790,13790,2-s2.0-84949924117
13802,13802,2-s2.0-85055941552
13807,13807,2-s2.0-84949580268
13808,13808,2-s2.0-84949569517
13816,13816,2-s2.0-84906824036
13817,13817,2-s2.0-84898791594
13818,13818,2-s2.0-84898765899
13820,13820,2-s2.0-84898758527
13832,13832,2-s2.0-84894238938
13834,13834,2-s2.0-84890900957
13842,13842,2-s2.0-84897875924
13845,13845,2-s2.0-84983130786
13846,13846,2-s2.0-84946693009
13849,13849,2-s2.0-84896745091
13850,13850,2-s2.0-84946686937
13856,13856,2-s2.0-84897788459
13859,13859,2-s2.0-84895088253
13862,13862,2-s2.0-85066250660
13865,13865,2-s2.0-84897611670
13866,13866,2-s2.0-85082081696
13873,13873,2-s2.0-84929536387
13889,13889,2-s2.0-84895084798
13892,13892,2-s2.0-84894635989
13896,13896,2-s2.0-84893819794
13897,13897,2-s2.0-84893760497
13906,13906,2-s2.0-84888026759
13907,13907,2-s2.0-84887399950
13909,13909,2-s2.0-84896109186
13915,13915,2-s2.0-84946531007
13926,13926,2-s2.0-84893166513
13929,13929,2-s2.0-84930902999
13930,13930,2-s2.0-84925670053
13932,13932,2-s2.0-84895900336
13934,13934,2-s2.0-84894533649
13935,13935,2-s2.0-84894514161
13936,13936,2-s2.0-84894321656
13944,13944,2-s2.0-84893021733
13949,13949,2-s2.0-84892886600
13953,13953,2-s2.0-84892454776
13962,13962,2-s2.0-85006312325
13971,13971,2-s2.0-84922880063
13973,13973,2-s2.0-84922876750
13980,13980,2-s2.0-84946691486
13982,13982,2-s2.0-84891675345
13986,13986,2-s2.0-84897580156
13993,13993,2-s2.0-85171689928
13994,13994,2-s2.0-85171632714
13999,13999,2-s2.0-85145292572
14003,14003,2-s2.0-85142592605
14007,14007,2-s2.0-85139184204
14009,14009,2-s2.0-85127726158
14010,14010,2-s2.0-85127721616
14011,14011,2-s2.0-85127719964
14013,14013,2-s2.0-85127707353
14017,14017,2-s2.0-85127675288
14035,14035,2-s2.0-85105653119
14037,14037,2-s2.0-85105621881
14042,14042,2-s2.0-85101115588
14043,14043,2-s2.0-85101104609
14046,14046,2-s2.0-85087259122
14048,14048,2-s2.0-85086558010
14058,14058,2-s2.0-85078828546
14059,14059,2-s2.0-85077708536
14066,14066,2-s2.0-85071419613
14067,14067,2-s2.0-85069599055
14072,14072,2-s2.0-85066918518
14075,14075,2-s2.0-85064367680
14079,14079,2-s2.0-85054908775
14086,14086,2-s2.0-85040808243
14087,14087,2-s2.0-85040598399
14095,14095,2-s2.0-85030541907
14097,14097,2-s2.0-85029626391
14107,14107,2-s2.0-85028634576
14126,14126,2-s2.0-85016929638
14128,14128,2-s2.0-85016810633
14129,14129,2-s2.0-85015975579
14134,14134,2-s2.0-85012041076
14137,14137,2-s2.0-85011406126
14157,14157,2-s2.0-84987926136
14172,14172,2-s2.0-84964313380
14179,14179,2-s2.0-84962270344
14189,14189,2-s2.0-84958542603
14196,14196,2-s2.0-84957096289
14205,14205,2-s2.0-84955749594
14209,14209,2-s2.0-84955644969
14211,14211,2-s2.0-84955363087
14212,14212,2-s2.0-84955275005
14217,14217,2-s2.0-84954625426
14219,14219,2-s2.0-84954605872
14225,14225,2-s2.0-84953889198
14229,14229,2-s2.0-84948966574
14236,14236,2-s2.0-84948065617
14244,14244,2-s2.0-84944182912
14248,14248,2-s2.0-84944069878
14250,14250,2-s2.0-84943257118
14256,14256,2-s2.0-84940479009
14260,14260,2-s2.0-84940266125
14262,14262,2-s2.0-84940203828
14263,14263,2-s2.0-84940203301
14264,14264,2-s2.0-84940201377
14265,14265,2-s2.0-84940197604
14292,14292,2-s2.0-84931094291
14295,14295,2-s2.0-84930083116
14301,14301,2-s2.0-84929231822
14302,14302,2-s2.0-84929159039
14305,14305,2-s2.0-84928546456
14307,14307,2-s2.0-84928250456
14316,14316,2-s2.0-84927513596
14322,14322,2-s2.0-84926346550
14332,14332,2-s2.0-84924420664
14335,14335,2-s2.0-84924234461
14337,14337,2-s2.0-84923974629
14342,14342,2-s2.0-84923924412
14349,14349,2-s2.0-84923875669
14353,14353,2-s2.0-84923764970
14373,14373,2-s2.0-84922807439
14376,14376,2-s2.0-84922762655
14378,14378,2-s2.0-84922348322
14383,14383,2-s2.0-84922262925
14384,14384,2-s2.0-84922146060
14386,14386,2-s2.0-84922051904
14387,14387,2-s2.0-84921914406
14394,14394,2-s2.0-84921333725
14397,14397,2-s2.0-84920999864
14401,14401,2-s2.0-84920586041
14410,14410,2-s2.0-84919773710
14412,14412,2-s2.0-84919733111
14414,14414,2-s2.0-84919715614
14417,14417,2-s2.0-84918831725
14421,14421,2-s2.0-84918553284
14422,14422,2-s2.0-84917743293
14429,14429,2-s2.0-84916239811
14433,14433,2-s2.0-84915829376
14439,14439,2-s2.0-84914102353
14448,14448,2-s2.0-84911914839
14449,14449,2-s2.0-84911888251
14451,14451,2-s2.0-84911423540
14453,14453,2-s2.0-84910650516
14460,14460,2-s2.0-84910048862
14466,14466,2-s2.0-84908616941
14472,14472,2-s2.0-84908255774
14473,14473,2-s2.0-84908239411
14478,14478,2-s2.0-84908077700
14484,14484,2-s2.0-84907985500
14486,14486,2-s2.0-84907960953
14488,14488,2-s2.0-84907885758
14494,14494,2-s2.0-84907740672
14496,14496,2-s2.0-84907674676
14497,14497,2-s2.0-84907600365
14498,14498,2-s2.0-84907499321
14505,14505,2-s2.0-84907289488
14513,14513,2-s2.0-84907219163
14518,14518,2-s2.0-84906939359
14521,14521,2-s2.0-84906857067
14529,14529,2-s2.0-84906674348
14533,14533,2-s2.0-84906572857
14537,14537,2-s2.0-84906562621
14539,14539,2-s2.0-84906561575
14544,14544,2-s2.0-84906534144
14546,14546,2-s2.0-84906352289
14549,14549,2-s2.0-84906337353
14551,14551,2-s2.0-84906330767
14554,14554,2-s2.0-84906320589
14558,14558,2-s2.0-84906264259
14561,14561,2-s2.0-84906097775
14562,14562,2-s2.0-84906090014
14570,14570,2-s2.0-84905858434
14572,14572,2-s2.0-84905835361
14574,14574,2-s2.0-84905826368
14575,14575,2-s2.0-84905826132
14583,14583,2-s2.0-84905586025
14588,14588,2-s2.0-84905445511
14590,14590,2-s2.0-84905376035
14591,14591,2-s2.0-84905373074
14597,14597,2-s2.0-84905197270
14605,14605,2-s2.0-84905191949
14610,14610,2-s2.0-84905190705
14612,14612,2-s2.0-84905190700
14624,14624,2-s2.0-84905186331
14625,14625,2-s2.0-84905186328
14633,14633,2-s2.0-84905181991
14634,14634,2-s2.0-84905181742
14638,14638,2-s2.0-84905180164
14642,14642,2-s2.0-84905179012
14649,14649,2-s2.0-84905176541
14650,14650,2-s2.0-84905176274
14651,14651,2-s2.0-84905175894
14675,14675,2-s2.0-84905165389
14679,14679,2-s2.0-84905165170
14682,14682,2-s2.0-84905159212
14683,14683,2-s2.0-84905159191
14684,14684,2-s2.0-84905159148
14686,14686,2-s2.0-84905157770
14700,14700,2-s2.0-84904883663
14702,14702,2-s2.0-84904813911
14710,14710,2-s2.0-84904667827
14720,14720,2-s2.0-84904613924
14726,14726,2-s2.0-84904575680
14730,14730,2-s2.0-84904498452
14736,14736,2-s2.0-84904480018
14737,14737,2-s2.0-84904479949
14739,14739,2-s2.0-84904415980
14741,14741,2-s2.0-84904395703
14744,14744,2-s2.0-84904383825
14763,14763,2-s2.0-84904161086
14786,14786,2-s2.0-84903642476
14791,14791,2-s2.0-84903528240
14792,14792,2-s2.0-84903523322
14800,14800,2-s2.0-84903461299
14805,14805,2-s2.0-84903313406
14807,14807,2-s2.0-84903274091
14820,14820,2-s2.0-84902797472
14823,14823,2-s2.0-84902777518
14832,14832,2-s2.0-84902675021
14833,14833,2-s2.0-84902674064
14834,14834,2-s2.0-84902659990
14836,14836,2-s2.0-84902593472
14839,14839,2-s2.0-84902531346
14844,14844,2-s2.0-84902479004
14855,14855,2-s2.0-84902340748
14857,14857,2-s2.0-84902327251
14859,14859,2-s2.0-84902320558
14860,14860,2-s2.0-84902319373
14862,14862,2-s2.0-84902313857
14864,14864,2-s2.0-84902291310
14865,14865,2-s2.0-84902270813
14868,14868,2-s2.0-84902263627
14870,14870,2-s2.0-84902242642
14872,14872,2-s2.0-84902121270
14878,14878,2-s2.0-84901978573
14881,14881,2-s2.0-84901944788
14886,14886,2-s2.0-84901914518
14887,14887,2-s2.0-84901914257
14904,14904,2-s2.0-84901631407
14906,14906,2-s2.0-84901626301
14910,14910,2-s2.0-84901619869
14920,14920,2-s2.0-84901461380
14929,14929,2-s2.0-84901401004
14933,14933,2-s2.0-84901352828
14934,14934,2-s2.0-84901344673
14939,14939,2-s2.0-84901187724
14944,14944,2-s2.0-84901011737
14949,14949,2-s2.0-84900867040
14960,14960,2-s2.0-84900464282
14969,14969,2-s2.0-84899947739
14974,14974,2-s2.0-84899852547
14987,14987,2-s2.0-84899690891
14989,14989,2-s2.0-84899671267
14993,14993,2-s2.0-84899631668
14997,14997,2-s2.0-84899544074
15017,15017,2-s2.0-84898826380
15019,15019,2-s2.0-84898804701
15021,15021,2-s2.0-84898772309
15025,15025,2-s2.0-84898546365
15028,15028,2-s2.0-84898542202
15038,15038,2-s2.0-84898012514
15039,15039,2-s2.0-84898010611
15054,15054,2-s2.0-84897782134
15064,15064,2-s2.0-84897568513
15067,15067,2-s2.0-84897469699
15069,15069,2-s2.0-84897457434
15074,15074,2-s2.0-84897403792
15075,15075,2-s2.0-84897383384
15080,15080,2-s2.0-84897081688
15083,15083,2-s2.0-84897058446
15094,15094,2-s2.0-84896674311
15096,15096,2-s2.0-84896656723
15100,15100,2-s2.0-84896607009
15104,15104,2-s2.0-84896525074
15106,15106,2-s2.0-84896501194
15116,15116,2-s2.0-84896265988
15120,15120,2-s2.0-84895728895
15149,15149,2-s2.0-84893523338
15150,15150,2-s2.0-84893519080
15151,15151,2-s2.0-84893400102
15154,15154,2-s2.0-84893214348
15160,15160,2-s2.0-84892749345
15165,15165,2-s2.0-84892518350
15170,15170,2-s2.0-84892453975
15176,15176,2-s2.0-84892417742
15178,15178,2-s2.0-84892396106
15179,15179,2-s2.0-84892366967
15181,15181,2-s2.0-84891927516
15192,15192,2-s2.0-84890819120
15193,15193,2-s2.0-84890802263
15202,15202,2-s2.0-84890059780
15211,15211,2-s2.0-84887819035
15215,15215,2-s2.0-84886030408
15232,15232,2-s2.0-84951087286
15236,15236,2-s2.0-84942412974
15242,15242,2-s2.0-84964584551
15260,15260,2-s2.0-84960429951
15271,15271,2-s2.0-84960386933
15274,15274,2-s2.0-84960368334
15282,15282,2-s2.0-84960338169
15286,15286,2-s2.0-84960330878
15293,15293,2-s2.0-85182129267
15297,15297,2-s2.0-85051699174
15305,15305,2-s2.0-84987897319
15307,15307,2-s2.0-84983356631
15322,15322,2-s2.0-84957596133
15326,15326,2-s2.0-84955362252
15330,15330,2-s2.0-84953406883
15332,15332,2-s2.0-84953402736
15338,15338,2-s2.0-84953383182
15343,15343,2-s2.0-84953381517
15344,15344,2-s2.0-84953380480
15349,15349,2-s2.0-84953376723
15353,15353,2-s2.0-84950137955
15357,15357,2-s2.0-84949635822
15360,15360,2-s2.0-84949226632
15362,15362,2-s2.0-84949095886
15368,15368,2-s2.0-84948452923
15370,15370,2-s2.0-84948394705
15372,15372,2-s2.0-84947560069
15377,15377,2-s2.0-84945589958
15382,15382,2-s2.0-84942600324
15393,15393,2-s2.0-84947022743
15395,15395,2-s2.0-84946494217
15396,15396,2-s2.0-84946491094
15398,15398,2-s2.0-84940587684
15401,15401,2-s2.0-84959367708
15403,15403,2-s2.0-84959371132
15404,15404,2-s2.0-84957823952
15407,15407,2-s2.0-84964790931
15416,15416,2-s2.0-84964743258
15419,15419,2-s2.0-84964715391
15420,15420,2-s2.0-84964714907
15424,15424,2-s2.0-85064923098
15428,15428,2-s2.0-84942372725
15438,15438,2-s2.0-84957867746
15448,15448,2-s2.0-84947424767
15465,15465,2-s2.0-84944160420
15467,15467,2-s2.0-84943761988
15479,15479,2-s2.0-84945579539
15493,15493,2-s2.0-84948565727
15495,15495,2-s2.0-84982802733
15500,15500,2-s2.0-84959534151
15506,15506,2-s2.0-84959873042
15510,15510,2-s2.0-84944221540
15514,15514,2-s2.0-85014742278
15525,15525,2-s2.0-85029350311
15544,15544,2-s2.0-85052898856
15560,15560,2-s2.0-84945968626
15562,15562,2-s2.0-84945191974
15570,15570,2-s2.0-84943449384
15575,15575,2-s2.0-84942862422
15577,15577,2-s2.0-84941732268
15583,15583,2-s2.0-84929625758
15585,15585,2-s2.0-84960951220
15589,15589,2-s2.0-84940034994
15595,15595,2-s2.0-84941993854
15598,15598,2-s2.0-84955606531
15599,15599,2-s2.0-84938893105
15602,15602,2-s2.0-84938847169
15615,15615,2-s2.0-84938983268
15616,15616,2-s2.0-84938902878
15635,15635,2-s2.0-84940943851
15640,15640,2-s2.0-84956597740
15643,15643,2-s2.0-84944878792
15654,15654,2-s2.0-84957922515
15656,15656,2-s2.0-84957900346
15657,15657,2-s2.0-84954526609
15660,15660,2-s2.0-84943246916
15662,15662,2-s2.0-84942908958
15664,15664,2-s2.0-84941891208
15666,15666,2-s2.0-84940823641
15670,15670,2-s2.0-84939771287
15673,15673,2-s2.0-84939565817
15675,15675,2-s2.0-84939480500
15680,15680,2-s2.0-84937027279
15690,15690,2-s2.0-84940551727
15700,15700,2-s2.0-84937638479
15701,15701,2-s2.0-84937635460
15708,15708,2-s2.0-84933178781
15710,15710,2-s2.0-105004720230
15719,15719,2-s2.0-84938923604
15726,15726,2-s2.0-84955071007
15727,15727,2-s2.0-84957086609
15728,15728,2-s2.0-84957059555
15735,15735,2-s2.0-84957580161
15739,15739,2-s2.0-84957555697
15746,15746,2-s2.0-84945492501
15759,15759,2-s2.0-84940041424
15762,15762,2-s2.0-84938575544
15771,15771,2-s2.0-84942086547
15772,15772,2-s2.0-84941313253
15789,15789,2-s2.0-84933180965
15793,15793,2-s2.0-84957398752
15798,15798,2-s2.0-84937042434
15808,15808,2-s2.0-84930802846
15813,15813,2-s2.0-84959284361
15815,15815,2-s2.0-84936760518
15826,15826,2-s2.0-84949792509
15831,15831,2-s2.0-84939199036
15832,15832,2-s2.0-84938423948
15845,15845,2-s2.0-84941745833
15854,15854,2-s2.0-84934762961
15857,15857,2-s2.0-84930589038
15859,15859,2-s2.0-85027931134
15866,15866,2-s2.0-84960311946
15868,15868,2-s2.0-84944541436
15873,15873,2-s2.0-84938775758
15876,15876,2-s2.0-84937938552
15885,15885,2-s2.0-84932194963
15886,15886,2-s2.0-84931466382
15891,15891,2-s2.0-84929310384
15896,15896,2-s2.0-84938247637
15901,15901,2-s2.0-84929703774
15906,15906,2-s2.0-84961966596
15907,15907,2-s2.0-84961886541
15910,15910,2-s2.0-84939654677
15913,15913,2-s2.0-84942756380
15915,15915,2-s2.0-84930251101
15917,15917,2-s2.0-85096785772
15921,15921,2-s2.0-84942693989
15933,15933,2-s2.0-84942777368
15934,15934,2-s2.0-84942776480
15935,15935,2-s2.0-84942776315
15937,15937,2-s2.0-84942773837
15938,15938,2-s2.0-84942761041
15946,15946,2-s2.0-84934900145
15952,15952,2-s2.0-85045443524
15957,15957,2-s2.0-84971578715
15972,15972,2-s2.0-84929359243
15976,15976,2-s2.0-84926520442
15978,15978,2-s2.0-84926065008
15980,15980,2-s2.0-84924288110
15983,15983,2-s2.0-84891514321
15987,15987,2-s2.0-84939602526
15990,15990,2-s2.0-84925389467
16002,16002,2-s2.0-84955290568
16005,16005,2-s2.0-84926675617
16006,16006,2-s2.0-84990203904
16009,16009,2-s2.0-84954025826
16012,16012,2-s2.0-84929956896
16019,16019,2-s2.0-84960381813
16021,16021,2-s2.0-84949638009
16024,16024,2-s2.0-84939953298
16026,16026,2-s2.0-84931826549
16029,16029,2-s2.0-84930834989
16031,16031,2-s2.0-84930380981
16033,16033,2-s2.0-84929908510
16035,16035,2-s2.0-84929404794
16039,16039,2-s2.0-84929001004
16040,16040,2-s2.0-84928827910
16048,16048,2-s2.0-84891657006
16052,16052,2-s2.0-84946073538
16056,16056,2-s2.0-84946029315
16059,16059,2-s2.0-84928471943
16061,16061,2-s2.0-84931058601
16071,16071,2-s2.0-84929223339
16081,16081,2-s2.0-84938837795
16092,16092,2-s2.0-84938546653
16094,16094,2-s2.0-84937632174
16095,16095,2-s2.0-84937404542
16096,16096,2-s2.0-84930921315
16097,16097,2-s2.0-84930908432
16098,16098,2-s2.0-84930906731
16104,16104,2-s2.0-84928366405
16108,16108,2-s2.0-84926514127
16109,16109,2-s2.0-84926384979
16114,16114,2-s2.0-85071303369
16115,16115,2-s2.0-85030754562
16120,16120,2-s2.0-84956628188
16121,16121,2-s2.0-84956608648
16142,16142,2-s2.0-84928239376
16155,16155,2-s2.0-84926355853
16158,16158,2-s2.0-84925000877
16165,16165,2-s2.0-84921290230
16168,16168,2-s2.0-84913568848
16176,16176,2-s2.0-84934340175
16177,16177,2-s2.0-84929493780
16189,16189,2-s2.0-84923378392
16193,16193,2-s2.0-84928251752
16208,16208,2-s2.0-84929121166
16213,16213,2-s2.0-84961302161
16214,16214,2-s2.0-84939839255
16218,16218,2-s2.0-84981191129
16226,16226,2-s2.0-84939875086
16238,16238,2-s2.0-84928234095
16251,16251,2-s2.0-84925368985
16256,16256,2-s2.0-84924428638
16258,16258,2-s2.0-84924368817
16276,16276,2-s2.0-84921501418
16280,16280,2-s2.0-84917690754
16290,16290,2-s2.0-84942436979
16295,16295,2-s2.0-84936157029
16296,16296,2-s2.0-84929266721
16297,16297,2-s2.0-84925483810
16302,16302,2-s2.0-84938153446
16308,16308,2-s2.0-84938152540
16309,16309,2-s2.0-84938152405
16314,16314,2-s2.0-84938151411
16315,16315,2-s2.0-84938151378
16321,16321,2-s2.0-84938149438
16327,16327,2-s2.0-84938118053
16328,16328,2-s2.0-84938117936
16329,16329,2-s2.0-84938117895
16333,16333,2-s2.0-84938099349
16341,16341,2-s2.0-84924216465
16344,16344,2-s2.0-85073998801
16349,16349,2-s2.0-84930854877
16359,16359,2-s2.0-84921699712
16365,16365,2-s2.0-84909957732
16374,16374,2-s2.0-84940557987
16379,16379,2-s2.0-84939800562
16400,16400,2-s2.0-85181382346
16413,16413,2-s2.0-85151175793
16414,16414,2-s2.0-85151175264
16423,16423,2-s2.0-85136590166
16428,16428,2-s2.0-85128014399
16438,16438,2-s2.0-85116320253
16442,16442,2-s2.0-85103993826
16443,16443,2-s2.0-85102629962
16445,16445,2-s2.0-85101994764
16447,16447,2-s2.0-85101972993
16448,16448,2-s2.0-85101935746
16462,16462,2-s2.0-85086364327
16466,16466,2-s2.0-85082900306
16467,16467,2-s2.0-85082432094
16468,16468,2-s2.0-85082416013
16472,16472,2-s2.0-85078856916
16475,16475,2-s2.0-85076104535
16476,16476,2-s2.0-85075259709
16485,16485,2-s2.0-85065453815
16491,16491,2-s2.0-85062666638
16495,16495,2-s2.0-85060185783
16497,16497,2-s2.0-85057170026
16502,16502,2-s2.0-85053488765
16517,16517,2-s2.0-85039983106
16537,16537,2-s2.0-85032117792
16545,16545,2-s2.0-85027468764
16548,16548,2-s2.0-85026624847
16554,16554,2-s2.0-85018906179
16560,16560,2-s2.0-85018882481
16566,16566,2-s2.0-85018773632
16571,16571,2-s2.0-85017633457
16581,16581,2-s2.0-85013645091
16585,16585,2-s2.0-85011294466
16589,16589,2-s2.0-85008474184
16599,16599,2-s2.0-85005944405
16613,16613,2-s2.0-84991720717
16621,16621,2-s2.0-84991250535
16624,16624,2-s2.0-84989171957
16629,16629,2-s2.0-84985026371
16635,16635,2-s2.0-84983001785
16640,16640,2-s2.0-84981729477
16641,16641,2-s2.0-84981714792
16648,16648,2-s2.0-84977139526
16652,16652,2-s2.0-84977074000
16657,16657,2-s2.0-84976359033
16658,16658,2-s2.0-84973442711
16660,16660,2-s2.0-84973334475
16672,16672,2-s2.0-84969220111
16674,16674,2-s2.0-84969172328
16675,16675,2-s2.0-84969145241
16679,16679,2-s2.0-84968919404
16680,16680,2-s2.0-84968918511
16682,16682,2-s2.0-84968902002
16689,16689,2-s2.0-84968830648
16693,16693,2-s2.0-84968784382
16699,16699,2-s2.0-84968724838
16700,16700,2-s2.0-84968724780
16701,16701,2-s2.0-84968719104
16703,16703,2-s2.0-84965421447
16707,16707,2-s2.0-84964330937
16734,16734,2-s2.0-84960155657
16737,16737,2-s2.0-84960117146
16743,16743,2-s2.0-84958984933
16751,16751,2-s2.0-84958692482
16754,16754,2-s2.0-84958068600
16756,16756,2-s2.0-84957683901
16759,16759,2-s2.0-84957597481
16762,16762,2-s2.0-84957576101
16763,16763,2-s2.0-84957564400
16765,16765,2-s2.0-84957544887
16790,16790,2-s2.0-84955147255
16802,16802,2-s2.0-84954193023
16805,16805,2-s2.0-84954028137
16810,16810,2-s2.0-84953864872
16814,16814,2-s2.0-84953636619
16821,16821,2-s2.0-84952720067
16822,16822,2-s2.0-84952700920
16824,16824,2-s2.0-84952668446
16830,16830,2-s2.0-84951766936
16831,16831,2-s2.0-84951181823
16835,16835,2-s2.0-84950246617
16837,16837,2-s2.0-84950160206
16851,16851,2-s2.0-84949034332
16862,16862,2-s2.0-84948754221
16874,16874,2-s2.0-84948136064
16883,16883,2-s2.0-84947591688
16885,16885,2-s2.0-84947555239
16887,16887,2-s2.0-84947425960
16889,16889,2-s2.0-84947294597
16891,16891,2-s2.0-84947238796
16894,16894,2-s2.0-84947078301
16896,16896,2-s2.0-84947071932
16915,16915,2-s2.0-84945268457
16916,16916,2-s2.0-84945268103
16917,16917,2-s2.0-84945162409
16925,16925,2-s2.0-84945133363
16937,16937,2-s2.0-84944685123
16946,16946,2-s2.0-84944577869
16949,16949,2-s2.0-84944560692
16960,16960,2-s2.0-84944234743
16963,16963,2-s2.0-84944068820
16965,16965,2-s2.0-84943804208
16975,16975,2-s2.0-84943540877
16976,16976,2-s2.0-84943539707
16977,16977,2-s2.0-84943537724
16980,16980,2-s2.0-84943427654
16982,16982,2-s2.0-84943419765
16987,16987,2-s2.0-84943328934
16989,16989,2-s2.0-84943270519
16991,16991,2-s2.0-84943228662
16992,16992,2-s2.0-84943195067
16996,16996,2-s2.0-84943183240
17006,17006,2-s2.0-84942940345
17008,17008,2-s2.0-84942930030
17012,17012,2-s2.0-84942915494
17019,17019,2-s2.0-84942859492
17025,17025,2-s2.0-84942113980
17029,17029,2-s2.0-84941998052
17030,17030,2-s2.0-84941998045
17034,17034,2-s2.0-84941997551
17042,17042,2-s2.0-84941995656
17045,17045,2-s2.0-84941995468
17048,17048,2-s2.0-84941995238
17053,17053,2-s2.0-84941994799
17055,17055,2-s2.0-84941994664
17073,17073,2-s2.0-84941095648
17079,17079,2-s2.0-84940847924
17084,17084,2-s2.0-84940669621
17087,17087,2-s2.0-84940542770
17090,17090,2-s2.0-84940516153
17097,17097,2-s2.0-84939442407
17127,17127,2-s2.0-84936144745
17134,17134,2-s2.0-84931839690
17137,17137,2-s2.0-84931048972
17138,17138,2-s2.0-84931033411
17143,17143,2-s2.0-84930670523
17144,17144,2-s2.0-84930591495
17153,17153,2-s2.0-84930368622
17155,17155,2-s2.0-84930353709
17157,17157,2-s2.0-84930351493
17159,17159,2-s2.0-84930340415
17164,17164,2-s2.0-84930328885
17173,17173,2-s2.0-84929914581
17177,17177,2-s2.0-84929739056
17183,17183,2-s2.0-84929118694
17184,17184,2-s2.0-84929072324
17185,17185,2-s2.0-84929008802
17188,17188,2-s2.0-84928892008
17190,17190,2-s2.0-84928740533
17191,17191,2-s2.0-84928730861
17193,17193,2-s2.0-84928721165
17196,17196,2-s2.0-84928666603
17197,17197,2-s2.0-84928663315
17203,17203,2-s2.0-84928345542
17205,17205,2-s2.0-84928328308
17207,17207,2-s2.0-84928227188
17215,17215,2-s2.0-84927654566
17219,17219,2-s2.0-84926468958
17220,17220,2-s2.0-84926459423
17222,17222,2-s2.0-84926442329
17223,17223,2-s2.0-84926421161
17242,17242,2-s2.0-84924991871
17249,17249,2-s2.0-84924577510
17250,17250,2-s2.0-84924421991
17259,17259,2-s2.0-84923698352
17264,17264,2-s2.0-84923171660
17273,17273,2-s2.0-84922932608
17288,17288,2-s2.0-84922211018
17289,17289,2-s2.0-84922124260
17292,17292,2-s2.0-84921942544
17299,17299,2-s2.0-84921715334
17305,17305,2-s2.0-84920982397
17311,17311,2-s2.0-84920281891
17327,17327,2-s2.0-84914166902
17335,17335,2-s2.0-84907495140
17341,17341,2-s2.0-105012553514
17362,17362,2-s2.0-105011895605
17389,17389,2-s2.0-85099683660
17390,17390,2-s2.0-85099565022
17393,17393,2-s2.0-85098504154
17397,17397,2-s2.0-85102288642
17410,17410,2-s2.0-85102466145
17414,17414,2-s2.0-85097512713
17421,17421,2-s2.0-85102977108
17423,17423,2-s2.0-85102972718
17424,17424,2-s2.0-85102972498
17426,17426,2-s2.0-85102972424
17429,17429,2-s2.0-85102970242
17434,17434,2-s2.0-85096461509
17438,17438,2-s2.0-85098501010
17440,17440,2-s2.0-85103515367
17445,17445,2-s2.0-85097595345
17452,17452,2-s2.0-85117562180
17454,17454,2-s2.0-85114052644
17457,17457,2-s2.0-85112852825
17459,17459,2-s2.0-85106849600
17463,17463,2-s2.0-85106832361
17464,17464,2-s2.0-85106825012
17470,17470,2-s2.0-85106781661
17476,17476,2-s2.0-85105506189
17492,17492,2-s2.0-85100021581
17499,17499,2-s2.0-85099422731
17501,17501,2-s2.0-85099164189
17502,17502,2-s2.0-85099088719
17506,17506,2-s2.0-85098883073
17507,17507,2-s2.0-85098793500
17520,17520,2-s2.0-85097589504
17529,17529,2-s2.0-85097294452
17535,17535,2-s2.0-85097112641
17542,17542,2-s2.0-85096574759
17551,17551,2-s2.0-85095573202
17553,17553,2-s2.0-85094915674
17561,17561,2-s2.0-85093495965
17562,17562,2-s2.0-85092626622
17586,17586,2-s2.0-85089740233
17587,17587,2-s2.0-85089528125
17589,17589,2-s2.0-85089448199
17602,17602,2-s2.0-85087126018
17606,17606,2-s2.0-85086042122
17607,17607,2-s2.0-85085659079
17608,17608,2-s2.0-85085585688
17612,17612,2-s2.0-85084123400
17617,17617,2-s2.0-85082952193
17625,17625,2-s2.0-85079044917
17627,17627,2-s2.0-85078680061
17632,17632,2-s2.0-85077902164
17635,17635,2-s2.0-85077030356
17636,17636,2-s2.0-85076606015
17637,17637,2-s2.0-85076113958
17643,17643,2-s2.0-85068868466
17646,17646,2-s2.0-85066072766
17649,17649,2-s2.0-85048758189
17652,17652,2-s2.0-85164199562
17653,17653,2-s2.0-85164186008
17663,17663,2-s2.0-85097983681
17674,17674,2-s2.0-85099539766
17675,17675,2-s2.0-85099478099
17684,17684,2-s2.0-85099974113
17692,17692,2-s2.0-85098861614
17694,17694,2-s2.0-85099639973
17698,17698,2-s2.0-85099301986
17699,17699,2-s2.0-85099296619
17704,17704,2-s2.0-85098625692
17717,17717,2-s2.0-85092360703
17727,17727,2-s2.0-85101933377
17729,17729,2-s2.0-85101906759
17730,17730,2-s2.0-85099538705
17733,17733,2-s2.0-85095435389
17736,17736,2-s2.0-85100740469
17746,17746,2-s2.0-85096571012
17751,17751,2-s2.0-85099292166
17766,17766,2-s2.0-85096765249
17772,17772,2-s2.0-85096317603
17775,17775,2-s2.0-85096234867
17776,17776,2-s2.0-85096228362
17785,17785,2-s2.0-85095750620
17795,17795,2-s2.0-85094166618
17797,17797,2-s2.0-85094157404
17799,17799,2-s2.0-85093652275
17800,17800,2-s2.0-85091146016
17821,17821,2-s2.0-85085350881
17823,17823,2-s2.0-85084482410
17828,17828,2-s2.0-85079415018
17831,17831,2-s2.0-85078054551
17833,17833,2-s2.0-85077240924
17838,17838,2-s2.0-85046658530
17862,17862,2-s2.0-85096418744
17864,17864,2-s2.0-85096414412
17869,17869,2-s2.0-85096412206
17889,17889,2-s2.0-85096895722
17891,17891,2-s2.0-85096971719
17897,17897,2-s2.0-85095456709
17903,17903,2-s2.0-85100543415
17918,17918,2-s2.0-85098565832
17919,17919,2-s2.0-85098563958
17922,17922,2-s2.0-85098556971
17939,17939,2-s2.0-85092289050
17948,17948,2-s2.0-85094177960
17949,17949,2-s2.0-85198537795
17950,17950,2-s2.0-85198529046
17969,17969,2-s2.0-85153961095
17972,17972,2-s2.0-85105515144
17983,17983,2-s2.0-85096105426
17992,17992,2-s2.0-85093650684
17994,17994,2-s2.0-85093113893
17995,17995,2-s2.0-85092916629
18001,18001,2-s2.0-85092574716
18005,18005,2-s2.0-85092339661
18006,18006,2-s2.0-85092237434
18010,18010,2-s2.0-85091733096
18012,18012,2-s2.0-85091104417
18014,18014,2-s2.0-85090581978
18015,18015,2-s2.0-85090236972
18029,18029,2-s2.0-85085640755
18030,18030,2-s2.0-85085100191
18034,18034,2-s2.0-85082706857
18038,18038,2-s2.0-85078498469
18039,18039,2-s2.0-85077677795
18040,18040,2-s2.0-85077529329
18045,18045,2-s2.0-85075361380
18054,18054,2-s2.0-85072017546
18063,18063,2-s2.0-105003007582
18064,18064,2-s2.0-85092900042
18066,18066,2-s2.0-85092696310
18067,18067,2-s2.0-85092677782
18072,18072,2-s2.0-85097247796
18076,18076,2-s2.0-85097242483
18078,18078,2-s2.0-85097226298
18082,18082,2-s2.0-85097214499
18083,18083,2-s2.0-85091237798
18087,18087,2-s2.0-85092799891
18100,18100,2-s2.0-85092788981
18102,18102,2-s2.0-85092785037
18108,18108,2-s2.0-85092774984
18112,18112,2-s2.0-85092755334
18116,18116,2-s2.0-85138019808
18120,18120,2-s2.0-85078835486
18124,18124,2-s2.0-85097051210
18125,18125,2-s2.0-85092672151
18137,18137,2-s2.0-85123042519
18143,18143,2-s2.0-85107204511
18147,18147,2-s2.0-85107197449
18152,18152,2-s2.0-85107179558
18153,18153,2-s2.0-85091246415
18157,18157,2-s2.0-85091031696
18163,18163,2-s2.0-85211756126
18172,18172,2-s2.0-85101333825
18178,18178,2-s2.0-85097137739
18179,18179,2-s2.0-85097022684
18198,18198,2-s2.0-85092001261
18201,18201,2-s2.0-85091838697
18212,18212,2-s2.0-85091129167
18218,18218,2-s2.0-85090763501
18221,18221,2-s2.0-85090563589
18237,18237,2-s2.0-85089587047
18244,18244,2-s2.0-85088138214
18246,18246,2-s2.0-85087741993
18251,18251,2-s2.0-85087148682
18253,18253,2-s2.0-85086864506
18258,18258,2-s2.0-85086105253
18261,18261,2-s2.0-85085002343
18265,18265,2-s2.0-85084083207
18266,18266,2-s2.0-85082873182
18269,18269,2-s2.0-85080979460
18277,18277,2-s2.0-85077154423
18282,18282,2-s2.0-85075438546
18290,18290,2-s2.0-85065788201
18294,18294,2-s2.0-85097820755
18295,18295,2-s2.0-85106581133
18297,18297,2-s2.0-85090421099
18299,18299,2-s2.0-85091169722
18301,18301,2-s2.0-85075205281
18311,18311,2-s2.0-85090010419
18320,18320,2-s2.0-85087355631
18324,18324,2-s2.0-85107181203
18331,18331,2-s2.0-85099904147
18334,18334,2-s2.0-85099060803
18341,18341,2-s2.0-85097653513
18344,18344,2-s2.0-85095752250
18345,18345,2-s2.0-85094681341
18346,18346,2-s2.0-85094661605
18358,18358,2-s2.0-85092035277
18368,18368,2-s2.0-85090616679
18375,18375,2-s2.0-85090121493
18382,18382,2-s2.0-85089704237
18383,18383,2-s2.0-85089663089
18386,18386,2-s2.0-85089551334
18387,18387,2-s2.0-85089539988
18391,18391,2-s2.0-85089498723
18392,18392,2-s2.0-85089262623
18397,18397,2-s2.0-85089071176
18400,18400,2-s2.0-85088578568
18403,18403,2-s2.0-85088244213
18407,18407,2-s2.0-85086585510
18421,18421,2-s2.0-85084085211
18426,18426,2-s2.0-85083338976
18431,18431,2-s2.0-85079145522
18433,18433,2-s2.0-85077679658
18434,18434,2-s2.0-85077643469
18444,18444,2-s2.0-85060915152
18454,18454,2-s2.0-85093683891
18462,18462,2-s2.0-85088986398
18468,18468,2-s2.0-85094209772
18471,18471,2-s2.0-85089103150
18473,18473,2-s2.0-85089102821
18476,18476,2-s2.0-85089088137
18477,18477,2-s2.0-85089087738
18480,18480,2-s2.0-85089080445
18486,18486,2-s2.0-85167729919
18489,18489,2-s2.0-85089846988
18490,18490,2-s2.0-85089843651
18501,18501,2-s2.0-85150697309
18506,18506,2-s2.0-85087925556
18507,18507,2-s2.0-85087922885
18511,18511,2-s2.0-85087916676
18515,18515,2-s2.0-85087900734
18517,18517,2-s2.0-85087897990
18527,18527,2-s2.0-85087876405
18528,18528,2-s2.0-85087875719
18533,18533,2-s2.0-85087865572
18538,18538,2-s2.0-85078594731
18540,18540,2-s2.0-85068798544
18557,18557,2-s2.0-85087797132
18562,18562,2-s2.0-85081290346
18571,18571,2-s2.0-85107965028
18587,18587,2-s2.0-85090390607
18594,18594,2-s2.0-85089706295
18610,18610,2-s2.0-85087937321
18612,18612,2-s2.0-85087833330
18615,18615,2-s2.0-85087764899
18616,18616,2-s2.0-85087745395
18626,18626,2-s2.0-85086448440
18628,18628,2-s2.0-85086096531
18633,18633,2-s2.0-85085106137
18637,18637,2-s2.0-85083667204
18644,18644,2-s2.0-85078426155
18649,18649,2-s2.0-85076840090
18660,18660,2-s2.0-105003001384
18662,18662,2-s2.0-85091915121
18680,18680,2-s2.0-85087515684
18685,18685,2-s2.0-85095797386
18688,18688,2-s2.0-85095794845
18701,18701,2-s2.0-85095789044
18702,18702,2-s2.0-85095788498
18705,18705,2-s2.0-85095787881
18707,18707,2-s2.0-85095786762
18711,18711,2-s2.0-85095785830
18724,18724,2-s2.0-85095779280
18726,18726,2-s2.0-85095777628
18738,18738,2-s2.0-85095768246
18740,18740,2-s2.0-85095765479
18745,18745,2-s2.0-85095761089
18749,18749,2-s2.0-85095759906
18750,18750,2-s2.0-85095759636
18751,18751,2-s2.0-85095759604
18774,18774,2-s2.0-85095745844
18789,18789,2-s2.0-85095737317
18793,18793,2-s2.0-85095735246
18808,18808,2-s2.0-85095727772
18812,18812,2-s2.0-85095726654
18817,18817,2-s2.0-85095724574
18818,18818,2-s2.0-85095724408
18825,18825,2-s2.0-85088313318
18841,18841,2-s2.0-85088101853
18842,18842,2-s2.0-85087942245
18859,18859,2-s2.0-85086436342
18861,18861,2-s2.0-85086432746
18866,18866,2-s2.0-85087525339
18874,18874,2-s2.0-85087487783
18880,18880,2-s2.0-85087013011
18886,18886,2-s2.0-85105535049
18888,18888,2-s2.0-85105529134
18895,18895,2-s2.0-85105471224
18908,18908,2-s2.0-85091960688
18920,18920,2-s2.0-85090560669
18923,18923,2-s2.0-85089663815
18925,18925,2-s2.0-85089027256
18930,18930,2-s2.0-85088927251
18934,18934,2-s2.0-85087792706
18939,18939,2-s2.0-85087460422
18942,18942,2-s2.0-85087112037
18943,18943,2-s2.0-85087097800
18955,18955,2-s2.0-85086014301
18956,18956,2-s2.0-85085936255
18958,18958,2-s2.0-85085889364
18960,18960,2-s2.0-85085871153
18967,18967,2-s2.0-85085028299
18972,18972,2-s2.0-85084917131
18974,18974,2-s2.0-85084855642
18976,18976,2-s2.0-85084846810
18981,18981,2-s2.0-85084797376
18983,18983,2-s2.0-85084789986
19004,19004,2-s2.0-85082823294
19012,19012,2-s2.0-85080141781
19014,19014,2-s2.0-85079894557
19017,19017,2-s2.0-85079231647
19023,19023,2-s2.0-85077061169
19025,19025,2-s2.0-85076595236
19029,19029,2-s2.0-85074051431
19035,19035,2-s2.0-85070250256
19042,19042,2-s2.0-85063217523
19045,19045,2-s2.0-85059595504
19051,19051,2-s2.0-85086479201
19053,19053,2-s2.0-85086474137
19057,19057,2-s2.0-85086471289
19059,19059,2-s2.0-85086468290
19060,19060,2-s2.0-85086466156
19062,19062,2-s2.0-85086464113
19063,19063,2-s2.0-85086464044
19066,19066,2-s2.0-85086460066
19068,19068,2-s2.0-85086457007
19069,19069,2-s2.0-85086456740
19072,19072,2-s2.0-85086449590
19085,19085,2-s2.0-85086437256
19088,19088,2-s2.0-85086434899
19090,19090,2-s2.0-85086433776
19099,19099,2-s2.0-85086158394
19101,19101,2-s2.0-85077083135
19109,19109,2-s2.0-85085530504
19113,19113,2-s2.0-85085525223
19117,19117,2-s2.0-85085523629
19122,19122,2-s2.0-85085511683
19126,19126,2-s2.0-85085502677
19127,19127,2-s2.0-85085501743
19132,19132,2-s2.0-85085495385
19134,19134,2-s2.0-85085492531
19135,19135,2-s2.0-85085491103
19144,19144,2-s2.0-85085483185
19151,19151,2-s2.0-85085474827
19157,19157,2-s2.0-85090889107
19162,19162,2-s2.0-85083661363
19163,19163,2-s2.0-85074028391
19165,19165,2-s2.0-85073958378
19167,19167,2-s2.0-85063546271
19171,19171,2-s2.0-85088099551
19172,19172,2-s2.0-85078026224
19177,19177,2-s2.0-85084760425
19178,19178,2-s2.0-85084754438
19181,19181,2-s2.0-85084744005
19182,19182,2-s2.0-85084742973
19190,19190,2-s2.0-85084731073
19192,19192,2-s2.0-85084692428
19200,19200,2-s2.0-85085010716
19201,19201,2-s2.0-85088560488
19203,19203,2-s2.0-85087376123
19208,19208,2-s2.0-85080874269
19211,19211,2-s2.0-85091232603
19212,19212,2-s2.0-85090698705
19218,19218,2-s2.0-85086466312
19219,19219,2-s2.0-85086271068
19222,19222,2-s2.0-85085888689
19258,19258,2-s2.0-85083225885
19267,19267,2-s2.0-85079807129
19270,19270,2-s2.0-85079454840
19271,19271,2-s2.0-85079363178
19273,19273,2-s2.0-85078255524
19276,19276,2-s2.0-85076517523
19290,19290,2-s2.0-85115277417
19298,19298,2-s2.0-85085327363
19303,19303,2-s2.0-85084342611
19308,19308,2-s2.0-85140688795
19309,19309,2-s2.0-85090815646
19312,19312,2-s2.0-85091108906
19320,19320,2-s2.0-85086231137
19324,19324,2-s2.0-85086181927
19330,19330,2-s2.0-85081757499
19336,19336,2-s2.0-85074402384
19338,19338,2-s2.0-85073998184
19345,19345,2-s2.0-85063283803
19348,19348,2-s2.0-85164998556
19349,19349,2-s2.0-85104000272
19358,19358,2-s2.0-85091171395
19365,19365,2-s2.0-85087926802
19370,19370,2-s2.0-85087917041
19381,19381,2-s2.0-85087891192
19388,19388,2-s2.0-85087879405
19391,19391,2-s2.0-85087868368
19392,19392,2-s2.0-85087865563
19393,19393,2-s2.0-85087864474
19399,19399,2-s2.0-85086894944
19403,19403,2-s2.0-85086888317
19415,19415,2-s2.0-85084741037
19419,19419,2-s2.0-85084650169
19421,19421,2-s2.0-85084636847
19424,19424,2-s2.0-85084498199
19436,19436,2-s2.0-85083514619
19444,19444,2-s2.0-85083462936
19445,19445,2-s2.0-85083453170
19447,19447,2-s2.0-85083285057
19448,19448,2-s2.0-85083283022
19450,19450,2-s2.0-85083279171
19452,19452,2-s2.0-85083240445
19453,19453,2-s2.0-85083221499
19468,19468,2-s2.0-85081242545
19473,19473,2-s2.0-85079586114
19474,19474,2-s2.0-85078832154
19475,19475,2-s2.0-85078770631
19479,19479,2-s2.0-85077711622
19481,19481,2-s2.0-85077362928
19482,19482,2-s2.0-85077170577
19484,19484,2-s2.0-85076829218
19488,19488,2-s2.0-85075260724
19506,19506,2-s2.0-85082996998
19520,19520,2-s2.0-85082991673
19525,19525,2-s2.0-85082982617
19530,19530,2-s2.0-85082998239
19532,19532,2-s2.0-85082997927
19534,19534,2-s2.0-85082996736
19540,19540,2-s2.0-85082994258
19544,19544,2-s2.0-85082991162
19550,19550,2-s2.0-85082986505
19552,19552,2-s2.0-85082985155
19558,19558,2-s2.0-85082678453
19559,19559,2-s2.0-85082661574
19568,19568,2-s2.0-85082598076
19577,19577,2-s2.0-85082571453
19580,19580,2-s2.0-85081904693
19581,19581,2-s2.0-85086947611
19582,19582,2-s2.0-85078920135
19584,19584,2-s2.0-85105238082
19587,19587,2-s2.0-85082705901
19591,19591,2-s2.0-85082196352
19593,19593,2-s2.0-85081393038
19596,19596,2-s2.0-85081322239
19599,19599,2-s2.0-85081410358
19602,19602,2-s2.0-85081405589
19610,19610,2-s2.0-85081359547
19612,19612,2-s2.0-85081348191
19613,19613,2-s2.0-85081348118
19623,19623,2-s2.0-85075714309
19627,19627,2-s2.0-85086626829
19630,19630,2-s2.0-85100533052
19632,19632,2-s2.0-85091119722
19634,19634,2-s2.0-85091109705
19635,19635,2-s2.0-85091109399
19637,19637,2-s2.0-85091093138
19642,19642,2-s2.0-85091074645
19643,19643,2-s2.0-85091074010
19661,19661,2-s2.0-85085659626
19675,19675,2-s2.0-85082922903
19700,19700,2-s2.0-85080031224
19704,19704,2-s2.0-85079011087
19716,19716,2-s2.0-85077524614
19722,19722,2-s2.0-85076745261
19725,19725,2-s2.0-85076607430
19732,19732,2-s2.0-85074646033
19734,19734,2-s2.0-85073963172
19738,19738,2-s2.0-85072988828
19739,19739,2-s2.0-85072077318
19751,19751,2-s2.0-85064337835
19752,19752,2-s2.0-85063765904
19756,19756,2-s2.0-85060566527
19757,19757,2-s2.0-85059637638
19764,19764,2-s2.0-85083394505
19765,19765,2-s2.0-85082884882
19786,19786,2-s2.0-85066853295
19791,19791,2-s2.0-85128372350
19792,19792,2-s2.0-85080927712
19793,19793,2-s2.0-85079217364
19800,19800,2-s2.0-85104997265
19804,19804,2-s2.0-85077617135
19813,19813,2-s2.0-85087462113
19819,19819,2-s2.0-85085948771
19825,19825,2-s2.0-85083660576
19827,19827,2-s2.0-85081641735
19839,19839,2-s2.0-85079669964
19840,19840,2-s2.0-85079606522
19844,19844,2-s2.0-85079495126
19858,19858,2-s2.0-85075878125
19861,19861,2-s2.0-85075401913
19867,19867,2-s2.0-85074199611
19874,19874,2-s2.0-85067794746
19877,19877,2-s2.0-85063214722
19878,19878,2-s2.0-85060086014
19879,19879,2-s2.0-85059695265
19884,19884,2-s2.0-85040704024
19890,19890,2-s2.0-85073546856
19892,19892,2-s2.0-85081189275
19900,19900,2-s2.0-85079104409
19905,19905,2-s2.0-85107814709
19908,19908,2-s2.0-85078980820
19919,19919,2-s2.0-85089702421
19921,19921,2-s2.0-85082334893
19927,19927,2-s2.0-85077161099
19941,19941,2-s2.0-85073953515
19950,19950,2-s2.0-85066837289
19953,19953,2-s2.0-85065387255
19958,19958,2-s2.0-85061987315
19960,19960,2-s2.0-85055043622
19961,19961,2-s2.0-85052103047
19966,19966,2-s2.0-85217534786
19967,19967,2-s2.0-85217413131
19975,19975,2-s2.0-85186920777
19980,19980,2-s2.0-85173874326
19986,19986,2-s2.0-85168616827
19993,19993,2-s2.0-85153229758
19996,19996,2-s2.0-85152747523
20006,20006,2-s2.0-85150559307
20010,20010,2-s2.0-85150115087
20011,20011,2-s2.0-85150104406
20033,20033,2-s2.0-85147476651
20034,20034,2-s2.0-85147302049
20052,20052,2-s2.0-85140561449
20057,20057,2-s2.0-85140265746
20064,20064,2-s2.0-85136404615
20071,20071,2-s2.0-85136011413
20073,20073,2-s2.0-85136008517
20077,20077,2-s2.0-85135753278
20091,20091,2-s2.0-85127613400
20105,20105,2-s2.0-85126996852
20106,20106,2-s2.0-85126491590
20109,20109,2-s2.0-85125178743
20110,20110,2-s2.0-85124834582
20125,20125,2-s2.0-85121535716
20129,20129,2-s2.0-85121486811
20133,20133,2-s2.0-85119240854
20141,20141,2-s2.0-85118336908
20148,20148,2-s2.0-85117038937
20155,20155,2-s2.0-85115647332
20163,20163,2-s2.0-85112574666
20168,20168,2-s2.0-85111309078
20170,20170,2-s2.0-85111279807
20184,20184,2-s2.0-85107298791
20197,20197,2-s2.0-85107199305
20200,20200,2-s2.0-85107194907
20207,20207,2-s2.0-85107042981
20218,20218,2-s2.0-85105922378
20221,20221,2-s2.0-85105811468
20230,20230,2-s2.0-85105107052
20231,20231,2-s2.0-85105069137
20240,20240,2-s2.0-85104009976
20247,20247,2-s2.0-85103660721
20251,20251,2-s2.0-85103339476
20253,20253,2-s2.0-85103076857
20266,20266,2-s2.0-85102902499
20273,20273,2-s2.0-85102872102
20280,20280,2-s2.0-85102708630
20292,20292,2-s2.0-85102269101
20303,20303,2-s2.0-85101919051
20306,20306,2-s2.0-85101904680
20313,20313,2-s2.0-85101262708
20319,20319,2-s2.0-85101112093
20320,20320,2-s2.0-85101091704
20325,20325,2-s2.0-85100942030
20326,20326,2-s2.0-85100941455
20327,20327,2-s2.0-85100928287
20328,20328,2-s2.0-85100926865
20349,20349,2-s2.0-85100646984
20361,20361,2-s2.0-85099904979
20364,20364,2-s2.0-85099664958
20365,20365,2-s2.0-85099604187
20372,20372,2-s2.0-85099504724
20373,20373,2-s2.0-85099498614
20382,20382,2-s2.0-85099283769
20391,20391,2-s2.0-85098950930
20396,20396,2-s2.0-85098757757
20399,20399,2-s2.0-85098600952
20404,20404,2-s2.0-85098558644
20412,20412,2-s2.0-85098535748
20416,20416,2-s2.0-85098289776
20423,20423,2-s2.0-85098090210
20430,20430,2-s2.0-85098061976
20437,20437,2-s2.0-85098051781
20438,20438,2-s2.0-85098050989
20441,20441,2-s2.0-85097999648
20447,20447,2-s2.0-85097904013
20453,20453,2-s2.0-85097866790
20454,20454,2-s2.0-85097864455
20457,20457,2-s2.0-85097830722
20458,20458,2-s2.0-85097809057
20471,20471,2-s2.0-85097563188
20475,20475,2-s2.0-85097447616
20483,20483,2-s2.0-85097383065
20484,20484,2-s2.0-85097381437
20486,20486,2-s2.0-85097364973
20503,20503,2-s2.0-85096958667
20509,20509,2-s2.0-85096918786
20510,20510,2-s2.0-85096905431
20511,20511,2-s2.0-85096900545
20519,20519,2-s2.0-85096764624
20520,20520,2-s2.0-85096753743
20525,20525,2-s2.0-85096690788
20541,20541,2-s2.0-85096555685
20545,20545,2-s2.0-85096552974
20547,20547,2-s2.0-85096547975
20548,20548,2-s2.0-85096547882
20556,20556,2-s2.0-85096519704
20559,20559,2-s2.0-85096493671
20560,20560,2-s2.0-85096489108
20568,20568,2-s2.0-85096290295
20574,20574,2-s2.0-85096141994
20575,20575,2-s2.0-85096135877
20578,20578,2-s2.0-85096108011
20581,20581,2-s2.0-85096099305
20583,20583,2-s2.0-85096096165
20588,20588,2-s2.0-85096031528
20594,20594,2-s2.0-85095829510
20598,20598,2-s2.0-85095603353
20602,20602,2-s2.0-85095583388
20631,20631,2-s2.0-85093083934
20632,20632,2-s2.0-85093081355
20639,20639,2-s2.0-85092768357
20641,20641,2-s2.0-85092719877
20644,20644,2-s2.0-85092629488
20648,20648,2-s2.0-85092487993
20655,20655,2-s2.0-85092434638
20657,20657,2-s2.0-85092399983
20667,20667,2-s2.0-85092185853
20668,20668,2-s2.0-85092172302
20683,20683,2-s2.0-85091817558
20690,20690,2-s2.0-85091668153
20691,20691,2-s2.0-85091662805
20695,20695,2-s2.0-85091569071
20699,20699,2-s2.0-85091488412
20701,20701,2-s2.0-85091465897
20703,20703,2-s2.0-85091448527
20710,20710,2-s2.0-85091417130
20720,20720,2-s2.0-85091117219
20723,20723,2-s2.0-85090898538
20750,20750,2-s2.0-85090610157
20751,20751,2-s2.0-85090607215
20755,20755,2-s2.0-85090438112
20757,20757,2-s2.0-85090373476
20773,20773,2-s2.0-85089823503
20785,20785,2-s2.0-85089616455
20788,20788,2-s2.0-85089609527
20790,20790,2-s2.0-85089596949
20794,20794,2-s2.0-85089563136
20800,20800,2-s2.0-85089489606
20802,20802,2-s2.0-85089462277
20807,20807,2-s2.0-85089323769
20812,20812,2-s2.0-85089307191
20813,20813,2-s2.0-85089266501
20814,20814,2-s2.0-85089265800
20816,20816,2-s2.0-85089240057
20820,20820,2-s2.0-85089216152
20835,20835,2-s2.0-85089024421
20839,20839,2-s2.0-85088920348
20841,20841,2-s2.0-85088917315
20853,20853,2-s2.0-85088716050
20854,20854,2-s2.0-85088715370
20856,20856,2-s2.0-85088706002
20857,20857,2-s2.0-85088705483
20858,20858,2-s2.0-85088693525
20859,20859,2-s2.0-85088595686
20861,20861,2-s2.0-85088563401
20867,20867,2-s2.0-85088516749
20888,20888,2-s2.0-85088429975
20890,20890,2-s2.0-85088422504
20891,20891,2-s2.0-85088407669
20895,20895,2-s2.0-85088369385
20906,20906,2-s2.0-85087843601
20909,20909,2-s2.0-85087838445
20915,20915,2-s2.0-85087776915
20925,20925,2-s2.0-85087519008
20940,20940,2-s2.0-85087126553
20945,20945,2-s2.0-85086936097
20947,20947,2-s2.0-85086917713
20949,20949,2-s2.0-85086911350
20950,20950,2-s2.0-85086861956
20951,20951,2-s2.0-85086839924
20954,20954,2-s2.0-85086737508
20962,20962,2-s2.0-85086669054
20969,20969,2-s2.0-85086463552
20976,20976,2-s2.0-85086322473
20991,20991,2-s2.0-85086091861
20994,20994,2-s2.0-85085929164
21001,21001,2-s2.0-85085732711
21006,21006,2-s2.0-85085694879
21017,21017,2-s2.0-85085312340
21018,21018,2-s2.0-85085307738
21019,21019,2-s2.0-85085210007
21023,21023,2-s2.0-85085123694
21024,21024,2-s2.0-85085085013
21027,21027,2-s2.0-85085044052
21044,21044,2-s2.0-85084672042
21051,21051,2-s2.0-85084508375
21064,21064,2-s2.0-85084188658
21073,21073,2-s2.0-85083728467
21081,21081,2-s2.0-85083716305
21083,21083,2-s2.0-85083712826
21084,21084,2-s2.0-85083712488
21085,21085,2-s2.0-85083708110
21087,21087,2-s2.0-85083704118
21089,21089,2-s2.0-85083648829
21093,21093,2-s2.0-85083504300
21097,21097,2-s2.0-85083248743
21099,21099,2-s2.0-85083186107
21111,21111,2-s2.0-85082995774
21116,21116,2-s2.0-85082982903
21121,21121,2-s2.0-85082846865
21127,21127,2-s2.0-85082716807
21129,21129,2-s2.0-85082682686
21139,21139,2-s2.0-85082398852
21148,21148,2-s2.0-85082389238
21149,21149,2-s2.0-85082388446
21161,21161,2-s2.0-85082232146
21166,21166,2-s2.0-85082064252
21175,21175,2-s2.0-85081665724
21182,21182,2-s2.0-85081345943
21184,21184,2-s2.0-85081248090
21187,21187,2-s2.0-85081206160
21188,21188,2-s2.0-85081199792
21190,21190,2-s2.0-85081066644
21199,21199,2-s2.0-85080858702
21212,21212,2-s2.0-85079612315
21215,21215,2-s2.0-85079570336
21238,21238,2-s2.0-85078995651
21241,21241,2-s2.0-85078820009
21242,21242,2-s2.0-85078758311
21246,21246,2-s2.0-85078732128
21247,21247,2-s2.0-85078503740
21249,21249,2-s2.0-85078490175
21255,21255,2-s2.0-85078275466
21256,21256,2-s2.0-85078267983
21259,21259,2-s2.0-85078153379
21269,21269,2-s2.0-85077936919
21282,21282,2-s2.0-85077812372
21284,21284,2-s2.0-85077765233
21286,21286,2-s2.0-85077630552
21292,21292,2-s2.0-85077445026
21301,21301,2-s2.0-85077190420
21303,21303,2-s2.0-85077159511
21305,21305,2-s2.0-85077026072
21311,21311,2-s2.0-85076322236
21314,21314,2-s2.0-85075624562
21321,21321,2-s2.0-85074698705
21334,21334,2-s2.0-85072542525
21336,21336,2-s2.0-85071835867
21338,21338,2-s2.0-85071552497
21339,21339,2-s2.0-85071491584
21344,21344,2-s2.0-85071284409
21347,21347,2-s2.0-85070020305
21354,21354,2-s2.0-85068103979
21358,21358,2-s2.0-85065928445
21360,21360,2-s2.0-85065735945
21365,21365,2-s2.0-85065703992
21366,21366,2-s2.0-85065698742
21370,21370,2-s2.0-85064674695
21378,21378,2-s2.0-85063140095
21379,21379,2-s2.0-85062346926
21381,21381,2-s2.0-85058633123
21384,21384,2-s2.0-85053542067
21392,21392,2-s2.0-105013388104
21404,21404,2-s2.0-105013364129
21406,21406,2-s2.0-105013360742
21412,21412,2-s2.0-105013349659
21415,21415,2-s2.0-105013345399
21425,21425,2-s2.0-105013328157
21428,21428,2-s2.0-105013321385
21430,21430,2-s2.0-105013320444
21431,21431,2-s2.0-105013319590
21437,21437,2-s2.0-105013310251
21442,21442,2-s2.0-105013297270
21443,21443,2-s2.0-105013296057
21446,21446,2-s2.0-105013286691
21454,21454,2-s2.0-105013273804
21462,21462,2-s2.0-105013258350
21465,21465,2-s2.0-105013251511
21467,21467,2-s2.0-105013249893
21471,21471,2-s2.0-105013239058
21472,21472,2-s2.0-105013238177
21480,21480,2-s2.0-105013224860
21488,21488,2-s2.0-105013202912
21500,21500,2-s2.0-105013168666
21502,21502,2-s2.0-105013165245
21506,21506,2-s2.0-105013160753
21521,21521,2-s2.0-85077171387
21522,21522,2-s2.0-85078219642
21523,21523,2-s2.0-85078218240
21526,21526,2-s2.0-85078169194
21529,21529,2-s2.0-85078152073
21536,21536,2-s2.0-85078076336
21546,21546,2-s2.0-85077716405
21547,21547,2-s2.0-85077713907
21548,21548,2-s2.0-85077709819
21569,21569,2-s2.0-85113712261
21575,21575,2-s2.0-85076424472
21584,21584,2-s2.0-85122756647
21592,21592,2-s2.0-85102253748
21593,21593,2-s2.0-85102046351
21594,21594,2-s2.0-85096605792
21596,21596,2-s2.0-85096592892
21598,21598,2-s2.0-85096585131
21607,21607,2-s2.0-85096542514
21609,21609,2-s2.0-85096538251
21610,21610,2-s2.0-85096518617
21616,21616,2-s2.0-85090228232
21619,21619,2-s2.0-85086479255
21622,21622,2-s2.0-85084738020
21623,21623,2-s2.0-85084732457
21626,21626,2-s2.0-85084070655
21644,21644,2-s2.0-85078616711
21649,21649,2-s2.0-85077551763
21650,21650,2-s2.0-85077510622
21663,21663,2-s2.0-85076788827
21668,21668,2-s2.0-85076682098
21670,21670,2-s2.0-85076529279
21673,21673,2-s2.0-85076397914
21674,21674,2-s2.0-85076298818
21676,21676,2-s2.0-85075894230
21681,21681,2-s2.0-85075519548
21687,21687,2-s2.0-85074712895
21689,21689,2-s2.0-85074481163
21690,21690,2-s2.0-85074434839
21698,21698,2-s2.0-85073581217
21700,21700,2-s2.0-85073249964
21702,21702,2-s2.0-85072892114
21720,21720,2-s2.0-85066244984
21723,21723,2-s2.0-85065191571
21725,21725,2-s2.0-85065046120
21726,21726,2-s2.0-85064840972
21730,21730,2-s2.0-85063159182
21737,21737,2-s2.0-85056653356
21745,21745,2-s2.0-105009596789
21747,21747,2-s2.0-85136896020
21749,21749,2-s2.0-85136887918
21761,21761,2-s2.0-85078576505
21778,21778,2-s2.0-85066923220
21779,21779,2-s2.0-85076233476
21782,21782,2-s2.0-85076121291
21788,21788,2-s2.0-85076119779
21794,21794,2-s2.0-85076115333
21797,21797,2-s2.0-85076113530
21799,21799,2-s2.0-85076110267
21806,21806,2-s2.0-85076098024
21816,21816,2-s2.0-85076088517
21834,21834,2-s2.0-85077724703
21846,21846,2-s2.0-85077675218
21855,21855,2-s2.0-85053498730
21882,21882,2-s2.0-85075350527
21894,21894,2-s2.0-85076774250
21903,21903,2-s2.0-85076671365
21918,21918,2-s2.0-85048795866
21921,21921,2-s2.0-85076117963
21922,21922,2-s2.0-85076116028
21923,21923,2-s2.0-85076113073
21926,21926,2-s2.0-85076085081
21928,21928,2-s2.0-85076010436
21938,21938,2-s2.0-85185446528
21940,21940,2-s2.0-85089385960
21948,21948,2-s2.0-85081618922
21951,21951,2-s2.0-85081063142
21957,21957,2-s2.0-85079270209
21960,21960,2-s2.0-85078915146
21969,21969,2-s2.0-85076466260
21970,21970,2-s2.0-85075658919
21971,21971,2-s2.0-85075595666
21972,21972,2-s2.0-85075531325
21977,21977,2-s2.0-85075478878
21978,21978,2-s2.0-85075477971
21979,21979,2-s2.0-85075369044
21991,21991,2-s2.0-85074368476
21999,21999,2-s2.0-85073538867
22006,22006,2-s2.0-85072225064
22010,22010,2-s2.0-85070979507
22011,22011,2-s2.0-85069897274
22013,22013,2-s2.0-85068998045
22017,22017,2-s2.0-85068111977
22031,22031,2-s2.0-85042448361
22032,22032,2-s2.0-85042075866
22034,22034,2-s2.0-85081369936
22038,22038,2-s2.0-85074941409
22039,22039,2-s2.0-85074939776
22045,22045,2-s2.0-85074910834
22053,22053,2-s2.0-85079069452
22057,22057,2-s2.0-85078483545
22059,22059,2-s2.0-85075261476
22062,22062,2-s2.0-85075259533
22064,22064,2-s2.0-85075257644
22068,22068,2-s2.0-85075255425
22071,22071,2-s2.0-85075254285
22074,22074,2-s2.0-85075251677
22075,22075,2-s2.0-85075251188
22088,22088,2-s2.0-85075238045
22098,22098,2-s2.0-85075230825
22101,22101,2-s2.0-85075228678
22104,22104,2-s2.0-85074845605
22108,22108,2-s2.0-85069522150
22112,22112,2-s2.0-85063228901
22113,22113,2-s2.0-85061184137
22115,22115,2-s2.0-85050653027
22138,22138,2-s2.0-85125021601
22139,22139,2-s2.0-85074199781
22148,22148,2-s2.0-85073244069
22150,22150,2-s2.0-85073239936
22152,22152,2-s2.0-85073235876
22159,22159,2-s2.0-85073215870
22169,22169,2-s2.0-85073188313
22172,22172,2-s2.0-85070946471
22173,22173,2-s2.0-85070901151
22184,22184,2-s2.0-85068498141
22193,22193,2-s2.0-85150716228
22221,22221,2-s2.0-85082456122
22224,22224,2-s2.0-85082443459
22236,22236,2-s2.0-85081134065
22242,22242,2-s2.0-85081114764
22243,22243,2-s2.0-85081055070
22245,22245,2-s2.0-85079883249
22258,22258,2-s2.0-85078122105
22260,22260,2-s2.0-85078085252
22263,22263,2-s2.0-85078035763
22268,22268,2-s2.0-85077037695
22270,22270,2-s2.0-85075624879
22274,22274,2-s2.0-85074606968
22278,22278,2-s2.0-85074194645
22279,22279,2-s2.0-85074175739
22280,22280,2-s2.0-85074038827
22282,22282,2-s2.0-85074009346
22284,22284,2-s2.0-85073960114
22289,22289,2-s2.0-85073618660
22291,22291,2-s2.0-85073238469
22293,22293,2-s2.0-85073198486
22294,22294,2-s2.0-85073183421
22303,22303,2-s2.0-85071678367
22307,22307,2-s2.0-85069922292
22308,22308,2-s2.0-85068997122
22312,22312,2-s2.0-85067243158
22315,22315,2-s2.0-85066326403
22318,22318,2-s2.0-85065441815
22320,22320,2-s2.0-85065123661
22322,22322,2-s2.0-85064346921
22331,22331,2-s2.0-85054510746
22334,22334,2-s2.0-85041613526
22350,22350,2-s2.0-85086753811
22356,22356,2-s2.0-85073159987
22364,22364,2-s2.0-85064217444
22365,22365,2-s2.0-85061696316
22368,22368,2-s2.0-85069540395
22382,22382,2-s2.0-85072832492
22385,22385,2-s2.0-85072800632
22386,22386,2-s2.0-85072582457
22388,22388,2-s2.0-85072566479
22396,22396,2-s2.0-85063625335
22399,22399,2-s2.0-85075722316
22406,22406,2-s2.0-85108503807
22414,22414,2-s2.0-85086768094
22416,22416,2-s2.0-85081283912
22418,22418,2-s2.0-85081212770
22424,22424,2-s2.0-85078234511
22430,22430,2-s2.0-85077070292
22439,22439,2-s2.0-85074213678
22442,22442,2-s2.0-85074061692
22450,22450,2-s2.0-85073533457
22453,22453,2-s2.0-85073448834
22460,22460,2-s2.0-85072321174
22462,22462,2-s2.0-85072049075
22468,22468,2-s2.0-85071280298
22472,22472,2-s2.0-85070718755
22474,22474,2-s2.0-85070643537
22482,22482,2-s2.0-85068821159
22489,22489,2-s2.0-85063910258
22497,22497,2-s2.0-85072090000
22498,22498,2-s2.0-85072089488
22499,22499,2-s2.0-85072088424
22507,22507,2-s2.0-85072122562
22518,22518,2-s2.0-85072195383
22521,22521,2-s2.0-85073674311
22523,22523,2-s2.0-85051628652
22525,22525,2-s2.0-85071863142
22528,22528,2-s2.0-85041004063
22531,22531,2-s2.0-85071853077
22534,22534,2-s2.0-85067698732
22536,22536,2-s2.0-85089092016
22537,22537,2-s2.0-85073334713
22539,22539,2-s2.0-85064093595
22575,22575,2-s2.0-85073219622
22583,22583,2-s2.0-85070468737
22584,22584,2-s2.0-85070460695
22585,22585,2-s2.0-85070460355
22592,22592,2-s2.0-85067081045
22594,22594,2-s2.0-85066915432
22598,22598,2-s2.0-85064449138
22603,22603,2-s2.0-85060478286
22604,22604,2-s2.0-85059865670
22605,22605,2-s2.0-85059850717
22606,22606,2-s2.0-85058931874
22607,22607,2-s2.0-85055861432
22619,22619,2-s2.0-85069974445
22623,22623,2-s2.0-85070006825
22624,22624,2-s2.0-85069233087
22626,22626,2-s2.0-85056311017
22636,22636,2-s2.0-85073909090
22643,22643,2-s2.0-85063271259
22644,22644,2-s2.0-85060944958
22648,22648,2-s2.0-85055040701
22650,22650,2-s2.0-85052088888
22669,22669,2-s2.0-85064601618
22672,22672,2-s2.0-85061101982
22691,22691,2-s2.0-85078540873
22692,22692,2-s2.0-85077985718
22697,22697,2-s2.0-85074202602
22700,22700,2-s2.0-85073361833
22705,22705,2-s2.0-85072916948
22706,22706,2-s2.0-85072708198
22707,22707,2-s2.0-85072206455
22710,22710,2-s2.0-85071747939
22713,22713,2-s2.0-85071239775
22714,22714,2-s2.0-85071194687
22716,22716,2-s2.0-85071036941
22719,22719,2-s2.0-85070960615
22721,22721,2-s2.0-85070596509
22723,22723,2-s2.0-85070479824
22730,22730,2-s2.0-85068263485
22733,22733,2-s2.0-85068259773
22736,22736,2-s2.0-85067624757
22738,22738,2-s2.0-85066865133
22740,22740,2-s2.0-85066826851
22741,22741,2-s2.0-85066273318
22754,22754,2-s2.0-85049860778
22757,22757,2-s2.0-85150057026
22777,22777,2-s2.0-85073051612
22781,22781,2-s2.0-85069971213
22787,22787,2-s2.0-85072232707
22789,22789,2-s2.0-85097583320
22791,22791,2-s2.0-85097574909
22794,22795,2-s2.0-85078812845
22799,22800,2-s2.0-85078809050
22803,22804,2-s2.0-85078806097
22804,22805,2-s2.0-85078806032
22808,22809,2-s2.0-85078803760
22810,22811,2-s2.0-85078800231
22815,22816,2-s2.0-85078797631
22816,22817,2-s2.0-85078797507
22821,22822,2-s2.0-85078795840
22826,22827,2-s2.0-85078791565
22836,22837,2-s2.0-85078786841
22844,22845,2-s2.0-85078784273
22845,22846,2-s2.0-85078784248
22851,22852,2-s2.0-85078781621
22854,22855,2-s2.0-85078779017
22856,22857,2-s2.0-85078777888
22857,22858,2-s2.0-85078777763
22862,22863,2-s2.0-85078774719
22866,22867,2-s2.0-85078773366
22869,22870,2-s2.0-85078771643
22877,22878,2-s2.0-85078767367
22885,22886,2-s2.0-85078757285
22886,22887,2-s2.0-85078757078
22889,22890,2-s2.0-85078753802
22891,22892,2-s2.0-85078751816
22892,22893,2-s2.0-85078747726
22899,22900,2-s2.0-85078742885
22906,22907,2-s2.0-85078737484
22920,22921,2-s2.0-85078728789
22922,22923,2-s2.0-85078728508
22930,22931,2-s2.0-85078725979
22932,22933,2-s2.0-85078725215
22934,22935,2-s2.0-85078724645
22938,22939,2-s2.0-85078722628
22943,22944,2-s2.0-85078720209
22949,22950,2-s2.0-85078072014
22960,22961,2-s2.0-85060632473
22962,22963,2-s2.0-85054298742
22963,22964,2-s2.0-85052595083
22971,22972,2-s2.0-85068763742
22982,22983,2-s2.0-85069734327
22983,22984,2-s2.0-85068048561
22985,22986,2-s2.0-85067192000
22987,22988,2-s2.0-85111692100
22989,22990,2-s2.0-85081615539
22992,22993,2-s2.0-85078621206
22997,22998,2-s2.0-85074332319
23009,23010,2-s2.0-85070490262
23016,23017,2-s2.0-85069261018
23019,23020,2-s2.0-85068476098
23023,23024,2-s2.0-85067398059
23024,23025,2-s2.0-85067306168
23028,23029,2-s2.0-85066950410
23034,23035,2-s2.0-85065843919
23035,23036,2-s2.0-85065776971
23037,23038,2-s2.0-85065589984
23039,23040,2-s2.0-85065430579
23047,23048,2-s2.0-85064259871
23059,23060,2-s2.0-85060689076
23060,23061,2-s2.0-85059862595
23066,23067,2-s2.0-85058679362
23072,23073,2-s2.0-85050582529
23081,23082,2-s2.0-85063678929
23088,23089,2-s2.0-85026857051
23092,23093,2-s2.0-85048879352
23093,23094,2-s2.0-85006922915
23094,23095,2-s2.0-85061195165
23107,23108,2-s2.0-85065991082
23108,23109,2-s2.0-85065973152
23113,23114,2-s2.0-85066916644
23136,23137,2-s2.0-85058700504
23138,23139,2-s2.0-85055435933
23139,23140,2-s2.0-85048745777
23141,23142,2-s2.0-85066152411
23143,23144,2-s2.0-85065960217
23146,23147,2-s2.0-85067295224
23152,23153,2-s2.0-85106844622
23154,23155,2-s2.0-85106794255
23160,23161,2-s2.0-85078042157
23168,23169,2-s2.0-85073694102
23170,23171,2-s2.0-85072845554
23173,23174,2-s2.0-85070290640
23176,23177,2-s2.0-85070274803
23177,23178,2-s2.0-85069947619
23180,23181,2-s2.0-85069759219
23201,23202,2-s2.0-85064681352
23203,23204,2-s2.0-85063762919
23205,23206,2-s2.0-85063030365
23208,23209,2-s2.0-85061296632
23210,23211,2-s2.0-85060857748
23214,23215,2-s2.0-85059849025
23223,23224,2-s2.0-85051000251
23231,23232,2-s2.0-85070574449
23234,23235,2-s2.0-85065414607
23238,23239,2-s2.0-85065325845
23250,23251,2-s2.0-85065306168
23253,23254,2-s2.0-85065296869
23254,23255,2-s2.0-85065296311
23262,23263,2-s2.0-85067299877
23270,23271,2-s2.0-85070369938
23273,23274,2-s2.0-85065104881
23280,23281,2-s2.0-85045025879
23282,23283,2-s2.0-85043465168
23296,23297,2-s2.0-85064879410
23303,23304,2-s2.0-85063987640
23307,23308,2-s2.0-85065714665
23327,23328,2-s2.0-85058981654
23337,23338,2-s2.0-85045754756
23349,23350,2-s2.0-85074215080
23360,23361,2-s2.0-85067492095
23366,23367,2-s2.0-85067460427
23368,23369,2-s2.0-85067445548
23369,23370,2-s2.0-85067443012
23370,23371,2-s2.0-85067431503
23379,23380,2-s2.0-85065594392
23380,23381,2-s2.0-85065439937
23382,23383,2-s2.0-85065316271
23388,23389,2-s2.0-85063074770
23389,23390,2-s2.0-85062835585
23390,23391,2-s2.0-85062819501
23399,23400,2-s2.0-85058714957
23400,23401,2-s2.0-85058658700
23405,23406,2-s2.0-85053543515
23406,23407,2-s2.0-85053378246
23412,23413,2-s2.0-85064396848
23415,23416,2-s2.0-85063900151
23424,23425,2-s2.0-85064391277
23431,23432,2-s2.0-85063230025
23435,23436,2-s2.0-85062282754
23442,23443,2-s2.0-85055891017
23454,23455,2-s2.0-85064409444
23462,23463,2-s2.0-85063407357
23463,23464,2-s2.0-85063400691
23469,23470,2-s2.0-85063398371
23471,23472,2-s2.0-85063394811
23474,23475,2-s2.0-85063393344
23479,23480,2-s2.0-85063389387
23482,23483,2-s2.0-85063387143
23503,23504,2-s2.0-85063347445
23505,23506,2-s2.0-85061183718
23507,23508,2-s2.0-85063101089
23512,23513,2-s2.0-85069168357
23526,23527,2-s2.0-85064522591
23534,23535,2-s2.0-85059572795
23546,23547,2-s2.0-85079616803
23554,23555,2-s2.0-85075009756
23556,23557,2-s2.0-85075004936
23561,23562,2-s2.0-85074997294
23562,23563,2-s2.0-85074996926
23565,23566,2-s2.0-85074993802
23570,23571,2-s2.0-85074980554
23572,23573,2-s2.0-85074972009
23574,23575,2-s2.0-85074968796
23578,23579,2-s2.0-85074799034
23580,23581,2-s2.0-85074784248
23592,23593,2-s2.0-85067624858
23598,23599,2-s2.0-85066402359
23604,23605,2-s2.0-85063755643
23610,23611,2-s2.0-85063089797
23617,23618,2-s2.0-85061986675
23618,23619,2-s2.0-85061832834
23637,23638,2-s2.0-85051373981
23641,23642,2-s2.0-85048089452
23649,23650,2-s2.0-85040519901
23653,23654,2-s2.0-85064354617
23656,23657,2-s2.0-85062846003
23676,23677,2-s2.0-85039838090
23680,23681,2-s2.0-85061769318
23684,23685,2-s2.0-85021184654
23690,23691,2-s2.0-85061106993
23699,23700,2-s2.0-85062574116
23700,23701,2-s2.0-85061158287
23703,23704,2-s2.0-85061138711
23734,23735,2-s2.0-85057613239
23738,23739,2-s2.0-85056475226
23740,23741,2-s2.0-85053711687
23743,23744,2-s2.0-85050997108
23749,23750,2-s2.0-85044505821
23752,23753,2-s2.0-84987746449
23755,23756,2-s2.0-85041905908
23760,23761,2-s2.0-85057008448
23772,23773,2-s2.0-85085384300
23781,23782,2-s2.0-85058182387
23782,23783,2-s2.0-85066406455
23784,23785,2-s2.0-85149385781
23785,23786,2-s2.0-85068663864
23786,23787,2-s2.0-85066414892
23787,23788,2-s2.0-85064910990
23794,23795,2-s2.0-85061058747
23800,23801,2-s2.0-85059094484
23802,23803,2-s2.0-85058170928
23811,23812,2-s2.0-85052114905
23813,23814,2-s2.0-85048808910
23819,23820,2-s2.0-85032195159
23821,23822,2-s2.0-86000150870
23827,23828,2-s2.0-85189462725
23830,23831,2-s2.0-85180809274
23836,23837,2-s2.0-85180790153
23840,23841,2-s2.0-85180769902
23841,23842,2-s2.0-85180767744
23863,23864,2-s2.0-85173833941
23865,23866,2-s2.0-85173795282
23866,23867,2-s2.0-85168606074
23867,23868,2-s2.0-85168571965
23872,23873,2-s2.0-85160467886
23875,23876,2-s2.0-85153918385
23877,23878,2-s2.0-85151528808
23879,23880,2-s2.0-85151391562
23885,23886,2-s2.0-85150750829
23886,23887,2-s2.0-85150708963
23895,23896,2-s2.0-85149784500
23898,23899,2-s2.0-85149574693
23903,23904,2-s2.0-85149509530
23905,23906,2-s2.0-85149244586
23909,23910,2-s2.0-85148527021
23922,23923,2-s2.0-85142830132
23931,23932,2-s2.0-85141611407
23942,23943,2-s2.0-85141448700
23961,23962,2-s2.0-85134951841
23968,23969,2-s2.0-85133995688
23969,23970,2-s2.0-85133995151
23972,23973,2-s2.0-85133991187
23980,23981,2-s2.0-85131485931
23985,23986,2-s2.0-85129021140
23989,23990,2-s2.0-85128365798
23996,23997,2-s2.0-85124569471
24004,24005,2-s2.0-85121535459
24013,24014,2-s2.0-85118226561
24018,24019,2-s2.0-85117062991
24019,24020,2-s2.0-85116837089
24032,24033,2-s2.0-85112207148
24046,24047,2-s2.0-85105504768
24052,24053,2-s2.0-85104553212
24056,24057,2-s2.0-85104233386
24057,24058,2-s2.0-85103962493
24058,24059,2-s2.0-85103346876
24066,24067,2-s2.0-85100886051
24069,24070,2-s2.0-85100534372
24077,24078,2-s2.0-85099365843
24078,24079,2-s2.0-85099192199
24083,24084,2-s2.0-85098286146
24088,24089,2-s2.0-85098005021
24092,24093,2-s2.0-85097979101
24093,24094,2-s2.0-85097975246
24109,24110,2-s2.0-85093068514
24111,24112,2-s2.0-85092234075
24116,24117,2-s2.0-85091412569
24122,24123,2-s2.0-85090626278
24124,24125,2-s2.0-85090237873
24131,24132,2-s2.0-85088399777
24137,24138,2-s2.0-85087501637
24138,24139,2-s2.0-85087464764
24146,24147,2-s2.0-85086287154
24155,24156,2-s2.0-85085791901
24164,24165,2-s2.0-85085320905
24167,24168,2-s2.0-85085164019
24168,24169,2-s2.0-85085163361
24169,24170,2-s2.0-85084911831
24176,24177,2-s2.0-85084170913
24178,24179,2-s2.0-85084017305
24179,24180,2-s2.0-85083947269
24182,24183,2-s2.0-85083550750
24185,24186,2-s2.0-85083490166
24205,24206,2-s2.0-85082536052
24211,24212,2-s2.0-85082528166
24214,24215,2-s2.0-85082523334
24216,24217,2-s2.0-85082516530
24217,24218,2-s2.0-85082512210
24219,24220,2-s2.0-85082511107
24224,24225,2-s2.0-85082259252
24231,24232,2-s2.0-85081698171
24237,24238,2-s2.0-85081369734
24239,24240,2-s2.0-85081362720
24241,24242,2-s2.0-85081322996
24245,24246,2-s2.0-85080955761
24249,24250,2-s2.0-85080145542
24251,24252,2-s2.0-85080124404
24270,24271,2-s2.0-85079393580
24271,24272,2-s2.0-85079383107
24272,24273,2-s2.0-85079382868
24278,24279,2-s2.0-85079267034
24282,24283,2-s2.0-85079188162
24284,24285,2-s2.0-85079180402
24298,24299,2-s2.0-85079121587
24299,24300,2-s2.0-85079116463
24300,24301,2-s2.0-85079061846
24301,24302,2-s2.0-85079029870
24307,24308,2-s2.0-85078960982
24309,24310,2-s2.0-85078950223
24318,24319,2-s2.0-85078751082
24330,24331,2-s2.0-85078476929
24337,24338,2-s2.0-85078344271
24354,24355,2-s2.0-85077992683
24363,24364,2-s2.0-85077840397
24364,24365,2-s2.0-85077838749
24366,24367,2-s2.0-85077816917
24367,24368,2-s2.0-85077811386
24373,24374,2-s2.0-85077529268
24379,24380,2-s2.0-85077458921
24380,24381,2-s2.0-85077443540
24383,24384,2-s2.0-85077381160
24396,24397,2-s2.0-85077115605
24401,24402,2-s2.0-85076862277
24406,24407,2-s2.0-85076770538
24410,24411,2-s2.0-85076534635
24413,24414,2-s2.0-85076407968
24417,24418,2-s2.0-85076360882
24426,24427,2-s2.0-85076257272
24427,24428,2-s2.0-85076255584
24428,24429,2-s2.0-85076232813
24429,24430,2-s2.0-85076091187
24430,24431,2-s2.0-85076023898
24440,24441,2-s2.0-85075789723
24442,24443,2-s2.0-85075691457
24452,24453,2-s2.0-85075285353
24453,24454,2-s2.0-85075283448
24454,24455,2-s2.0-85075283052
24455,24456,2-s2.0-85075276573
24474,24475,2-s2.0-85074940602
24482,24483,2-s2.0-85074815840
24485,24486,2-s2.0-85074729792
24488,24489,2-s2.0-85074585177
24489,24490,2-s2.0-85074560216
24496,24497,2-s2.0-85074469346
24506,24507,2-s2.0-85074165526
24511,24512,2-s2.0-85074130540
24514,24515,2-s2.0-85074098527
24519,24520,2-s2.0-85074046851
24520,24521,2-s2.0-85074038482
24524,24525,2-s2.0-85073854110
24533,24534,2-s2.0-85073711369
24537,24538,2-s2.0-85073661057
24542,24543,2-s2.0-85073655558
24545,24546,2-s2.0-85073595194
24547,24548,2-s2.0-85073574865
24548,24549,2-s2.0-85073571227
24549,24550,2-s2.0-85073555054
24559,24560,2-s2.0-85073388167
24569,24570,2-s2.0-85073325951
24578,24579,2-s2.0-85073156677
24579,24580,2-s2.0-85073155861
24580,24581,2-s2.0-85073148487
24586,24587,2-s2.0-85073051005
24587,24588,2-s2.0-85073036471
24594,24595,2-s2.0-85072978183
24603,24604,2-s2.0-85072914048
24615,24616,2-s2.0-85072797552
24620,24621,2-s2.0-85072749251
24624,24625,2-s2.0-85072685619
24625,24626,2-s2.0-85072685217
24634,24635,2-s2.0-85072334780
24638,24639,2-s2.0-85072314495
24644,24645,2-s2.0-85071930104
24648,24649,2-s2.0-85071744201
24649,24650,2-s2.0-85071735052
24651,24652,2-s2.0-85071722956
24652,24653,2-s2.0-85071721433
24654,24655,2-s2.0-85071718748
24658,24659,2-s2.0-85071524126
24666,24667,2-s2.0-85071474678
24671,24672,2-s2.0-85071425196
24673,24674,2-s2.0-85071422608
24676,24677,2-s2.0-85071371773
24679,24680,2-s2.0-85071359295
24680,24681,2-s2.0-85071356814
24685,24686,2-s2.0-85071196085
24688,24689,2-s2.0-85071160243
24693,24694,2-s2.0-85071047876
24706,24707,2-s2.0-85070879952
24712,24713,2-s2.0-85070856444
24714,24715,2-s2.0-85070833193
24716,24717,2-s2.0-85070826275
24722,24723,2-s2.0-85070798260
24723,24724,2-s2.0-85070796477
24726,24727,2-s2.0-85070718223
24730,24731,2-s2.0-85070670518
24731,24732,2-s2.0-85070651049
24752,24753,2-s2.0-85069837356
24753,24754,2-s2.0-85069831314
24757,24758,2-s2.0-85069757470
24761,24762,2-s2.0-85069699944
24762,24763,2-s2.0-85069691473
24765,24766,2-s2.0-85069644662
24771,24772,2-s2.0-85069530132
24778,24779,2-s2.0-85069498500
24783,24784,2-s2.0-85069488357
24795,24796,2-s2.0-85069437364
24802,24803,2-s2.0-85069230775
24814,24815,2-s2.0-85068831906
24815,24816,2-s2.0-85068794214
24817,24818,2-s2.0-85068774069
24827,24828,2-s2.0-85068614465
24828,24829,2-s2.0-85068608954
24843,24844,2-s2.0-85068321319
24851,24852,2-s2.0-85068053536
24857,24858,2-s2.0-85067942235
24866,24867,2-s2.0-85067604571
24868,24869,2-s2.0-85067562998
24872,24873,2-s2.0-85067548016
24877,24878,2-s2.0-85067349551
24878,24879,2-s2.0-85067259698
24882,24883,2-s2.0-85067237129
24887,24888,2-s2.0-85067128355
24890,24891,2-s2.0-85067120184
24894,24895,2-s2.0-85067114758
24897,24898,2-s2.0-85067105516
24898,24899,2-s2.0-85067102576
24899,24900,2-s2.0-85067101747
24909,24910,2-s2.0-85066962305
24911,24912,2-s2.0-85066959837
24914,24915,2-s2.0-85066944279
24916,24917,2-s2.0-85066928280
24917,24918,2-s2.0-85066906070
24928,24929,2-s2.0-85066496071
24941,24942,2-s2.0-85066319556
24956,24957,2-s2.0-85065969562
24963,24964,2-s2.0-85065747545
24964,24965,2-s2.0-85065707989
24968,24969,2-s2.0-85065550419
24969,24970,2-s2.0-85065550296
24970,24971,2-s2.0-85065544393
24972,24973,2-s2.0-85065531359
24984,24985,2-s2.0-85065336334
24988,24989,2-s2.0-85065288102
24990,24991,2-s2.0-85065257663
24992,24993,2-s2.0-85065237626
24993,24994,2-s2.0-85065234415
25002,25003,2-s2.0-85065120419
25012,25013,2-s2.0-85065015879
25013,25014,2-s2.0-85064991863
25018,25019,2-s2.0-85064810087
25020,25021,2-s2.0-85064689321
25025,25026,2-s2.0-85064628008
25026,25027,2-s2.0-85064617429
25030,25031,2-s2.0-85064504950
25036,25037,2-s2.0-85064167146
25042,25043,2-s2.0-85063940728
25044,25045,2-s2.0-85063906323
25045,25046,2-s2.0-85063901652
25048,25049,2-s2.0-85063808482
25051,25052,2-s2.0-85063784942
25070,25071,2-s2.0-85063197303
25074,25075,2-s2.0-85063059592
25075,25076,2-s2.0-85063054407
25077,25078,2-s2.0-85063011077
25091,25092,2-s2.0-85062043550
25102,25103,2-s2.0-85061367148
25108,25109,2-s2.0-85060689025
25111,25112,2-s2.0-85060540514
25113,25114,2-s2.0-85060019395
25114,25115,2-s2.0-85059916498
25118,25119,2-s2.0-85059694440
25121,25122,2-s2.0-85059672299
25125,25126,2-s2.0-85059166182
25128,25129,2-s2.0-85058975588
25131,25132,2-s2.0-85058533683
25135,25136,2-s2.0-85057712709
25142,25143,2-s2.0-85056644144
25148,25149,2-s2.0-85055948312
25150,25151,2-s2.0-85055102677
25160,25161,2-s2.0-85054262854
25164,25165,2-s2.0-85053848740
25175,25176,2-s2.0-85049627489
25177,25178,2-s2.0-85049515407
25179,25180,2-s2.0-85048618082
25184,25185,2-s2.0-85046704207
25187,25188,2-s2.0-85045247488
25197,25198,2-s2.0-85028972432
25199,25200,2-s2.0-105013727753
25205,25206,2-s2.0-105009806886
25209,25210,2-s2.0-105009200861
25211,25212,2-s2.0-105004327985
25212,25213,2-s2.0-105000383963
25217,25218,2-s2.0-85101274127
25226,25227,2-s2.0-85061328864
25227,25228,2-s2.0-85061319110
25228,25229,2-s2.0-85061314225
25231,25232,2-s2.0-85061037396
25235,25236,2-s2.0-85060890196
25243,25244,2-s2.0-85060992611
25245,25246,2-s2.0-85060307292
25247,25248,2-s2.0-85058238379
25251,25252,2-s2.0-85054817148
25260,25261,2-s2.0-85060277934
25267,25268,2-s2.0-85069786361
25272,25273,2-s2.0-85058321502
25273,25274,2-s2.0-85058300680
25276,25277,2-s2.0-85060601349
25288,25289,2-s2.0-85163026312
25302,25303,2-s2.0-85063730767
25306,25307,2-s2.0-85061860078
25316,25317,2-s2.0-85060870887
25333,25334,2-s2.0-85057126691
25337,25338,2-s2.0-85056659680
25338,25339,2-s2.0-85056651567
25342,25343,2-s2.0-85056604633
25347,25348,2-s2.0-85056104080
25350,25351,2-s2.0-85055985754
25353,25354,2-s2.0-85055842087
25355,25356,2-s2.0-85055823817
25356,25357,2-s2.0-85055810196
25364,25365,2-s2.0-85055075069
25371,25372,2-s2.0-85052192388
25375,25376,2-s2.0-85051753737
25377,25378,2-s2.0-85051713496
25379,25380,2-s2.0-85050490266
25391,25392,2-s2.0-85045093437
25397,25398,2-s2.0-85041902665
25402,25403,2-s2.0-85034259137
25408,25409,2-s2.0-85017500792
25412,25413,2-s2.0-85060873279
25414,25415,2-s2.0-85067965923
25415,25416,2-s2.0-85059981393
25430,25431,2-s2.0-85060010719
25434,25435,2-s2.0-85055083735
25436,25437,2-s2.0-85052126067
25448,25449,2-s2.0-85059011081
25455,25456,2-s2.0-85058613475
25473,25474,2-s2.0-85074888917
25475,25476,2-s2.0-85070529385
25478,25479,2-s2.0-85063783930
25483,25484,2-s2.0-85061635938
25485,25486,2-s2.0-85061623799
25492,25493,2-s2.0-85058928993
25504,25505,2-s2.0-85056628488
25510,25511,2-s2.0-85055464784
25514,25515,2-s2.0-85054815626
25529,25530,2-s2.0-85050544077
25535,25536,2-s2.0-85048319290
25537,25538,2-s2.0-85047920512
25559,25560,2-s2.0-85057046189
25562,25563,2-s2.0-85057110042
25563,25564,2-s2.0-85058554515
25572,25573,2-s2.0-85050694832
25575,25576,2-s2.0-85055354041
25587,25588,2-s2.0-85055321165
25594,25595,2-s2.0-85055314037
25596,25597,2-s2.0-85054480836
25597,25598,2-s2.0-85058343554
25599,25600,2-s2.0-85054015274
25612,25613,2-s2.0-85060084455
25614,25615,2-s2.0-85057305623
25627,25628,2-s2.0-85071109076
25629,25630,2-s2.0-85071046757
25630,25631,2-s2.0-85071039486
25638,25639,2-s2.0-85061670297
25643,25644,2-s2.0-85059940538
25653,25654,2-s2.0-85055859288
25654,25655,2-s2.0-85055830310
25655,25656,2-s2.0-85055714960
25658,25659,2-s2.0-85055273955
25659,25660,2-s2.0-85055112555
25670,25671,2-s2.0-85053077353
25676,25677,2-s2.0-85051381000
25687,25688,2-s2.0-85035780837
25698,25699,2-s2.0-85059834815
25701,25702,2-s2.0-85054160578
25711,25712,2-s2.0-85055447606
25716,25717,2-s2.0-85055439361
25719,25720,2-s2.0-85055429492
25730,25731,2-s2.0-85058160738
25731,25732,2-s2.0-85055676364
25732,25733,2-s2.0-85049572903
25749,25750,2-s2.0-85056108429
25751,25752,2-s2.0-85055478688
25753,25754,2-s2.0-85049654911
25762,25763,2-s2.0-85063812787
25764,25765,2-s2.0-85063794013
25771,25772,2-s2.0-85059879031
25775,25776,2-s2.0-85058473732
25777,25778,2-s2.0-85058434745
25778,25779,2-s2.0-85057549230
25786,25787,2-s2.0-85054494898
25794,25795,2-s2.0-85054165873
25795,25796,2-s2.0-85054025947
25803,25804,2-s2.0-85053594381
25807,25808,2-s2.0-85053217713
25809,25810,2-s2.0-85053200189
25810,25811,2-s2.0-85053196704
25826,25827,2-s2.0-85049870247
25829,25830,2-s2.0-85049596409
25832,25833,2-s2.0-85048803681
25833,25834,2-s2.0-85048801370
25837,25838,2-s2.0-85047072206
25848,25849,2-s2.0-85039426854
25849,25850,2-s2.0-85038395552
25853,25854,2-s2.0-85021799451
25854,25855,2-s2.0-85021088901
25858,25859,2-s2.0-85006508374
25860,25861,2-s2.0-85053866112
25866,25867,2-s2.0-85058891604
25869,25870,2-s2.0-85058877206
25877,25878,2-s2.0-85048034151
25881,25882,2-s2.0-85063249366
25895,25896,2-s2.0-85063247943
25900,25901,2-s2.0-85051539708
25904,25905,2-s2.0-85051529828
25905,25906,2-s2.0-85051527163
25911,25912,2-s2.0-85052499370
25925,25926,2-s2.0-85096777989
25931,25932,2-s2.0-85054969688
25939,25940,2-s2.0-85051145701
25953,25954,2-s2.0-85049786130
25954,25955,2-s2.0-85049471900
25956,25957,2-s2.0-85049445660
25957,25958,2-s2.0-85049443601
25976,25977,2-s2.0-85042072827
25980,25981,2-s2.0-85050605083
25984,25985,2-s2.0-85096636989
25986,25987,2-s2.0-85152359487
25988,25989,2-s2.0-85059227966
25995,25996,2-s2.0-85063225651
26003,26004,2-s2.0-85050849489
26004,26005,2-s2.0-105012172585
26022,26023,2-s2.0-84981502667
26026,26027,2-s2.0-85048881900
26027,26028,2-s2.0-85048862326
26030,26031,2-s2.0-85046646970
26032,26033,2-s2.0-85044716391
26035,26036,2-s2.0-85038004626
26036,26037,2-s2.0-85035331122
26046,26047,2-s2.0-85065210430
26052,26053,2-s2.0-85063545061
26059,26060,2-s2.0-85063526882
26060,26061,2-s2.0-85063521241
26068,26069,2-s2.0-85063470677
26069,26070,2-s2.0-85063470606
26085,26086,2-s2.0-85062734825
26086,26087,2-s2.0-85062726584
26095,26096,2-s2.0-85062188011
26099,26100,2-s2.0-85062097633
26102,26103,2-s2.0-85062082384
26103,26104,2-s2.0-85062076147
26108,26109,2-s2.0-85052021991
26110,26111,2-s2.0-85052012237
26111,26112,2-s2.0-85051228540
26116,26117,2-s2.0-85067578689
26119,26120,2-s2.0-85063591357
26127,26128,2-s2.0-85059971925
26146,26147,2-s2.0-85049905169
26162,26163,2-s2.0-85046962174
26169,26170,2-s2.0-85045231987
26172,26173,2-s2.0-85044668072
26173,26174,2-s2.0-85044453707
26198,26199,2-s2.0-85049171899
26200,26201,2-s2.0-85051457714
26205,26206,2-s2.0-85051233953
26214,26215,2-s2.0-85051213338
26220,26221,2-s2.0-85051194836
26222,26223,2-s2.0-85051192792
26223,26224,2-s2.0-85051192097
26233,26234,2-s2.0-85051180713
26235,26236,2-s2.0-85051177610
26238,26239,2-s2.0-85051170386
26242,26243,2-s2.0-85051164466
26244,26245,2-s2.0-85061361745
26256,26257,2-s2.0-85053677149
26258,26259,2-s2.0-85049584194
26260,26261,2-s2.0-85075848510
26265,26266,2-s2.0-85048872558
26271,26272,2-s2.0-85045108087
26275,26276,2-s2.0-85049987211
26277,26278,2-s2.0-85046663313
26297,26298,2-s2.0-85061206790
26304,26305,2-s2.0-85061180514
26307,26308,2-s2.0-85058791284
26312,26313,2-s2.0-85052871726
26317,26318,2-s2.0-85051123631
26327,26328,2-s2.0-85048695184
26342,26343,2-s2.0-85045027406
26346,26347,2-s2.0-85044293218
26352,26353,2-s2.0-85042391260
26366,26367,2-s2.0-85026453486
26367,26368,2-s2.0-85019564391
26368,26369,2-s2.0-85015644570
26375,26376,2-s2.0-84991665903
26378,26379,2-s2.0-84984923487
26392,26393,2-s2.0-85048142440
26393,26394,2-s2.0-85048139744
26400,26401,2-s2.0-85048117016
26405,26406,2-s2.0-85048108894
26407,26408,2-s2.0-85048107710
26408,26409,2-s2.0-85048104833
26409,26410,2-s2.0-85048104577
26417,26418,2-s2.0-85048092212
26419,26420,2-s2.0-85048089874
26427,26428,2-s2.0-85048069726
26440,26441,2-s2.0-85048061285
26446,26447,2-s2.0-85048057587
26447,26448,2-s2.0-85048057300
26448,26449,2-s2.0-85048056511
26456,26457,2-s2.0-85048046586
26457,26458,2-s2.0-85048046347
26458,26459,2-s2.0-85048046139
26459,26460,2-s2.0-85048044568
26465,26466,2-s2.0-85048036283
26466,26467,2-s2.0-85048035823
26469,26470,2-s2.0-85048034435
26474,26475,2-s2.0-105007878940
26477,26478,2-s2.0-85048898251
26481,26482,2-s2.0-85048376864
26484,26485,2-s2.0-85046875611
26494,26495,2-s2.0-85049471564
26503,26504,2-s2.0-85038629389
26509,26510,2-s2.0-85042929857
26511,26512,2-s2.0-85047737766
26513,26514,2-s2.0-85091726132
26527,26528,2-s2.0-85047940279
26530,26531,2-s2.0-85047846677
26538,26539,2-s2.0-85047179785
26539,26540,2-s2.0-85046662153
26544,26545,2-s2.0-85044925312
26548,26549,2-s2.0-85042226018
26552,26553,2-s2.0-85041483467
26566,26567,2-s2.0-85096768490
26577,26578,2-s2.0-85047425940
26580,26581,2-s2.0-85046292569
26582,26583,2-s2.0-85048717908
26586,26587,2-s2.0-85047766076
26591,26592,2-s2.0-85047736291
26593,26594,2-s2.0-85049683439
26596,26597,2-s2.0-85057988028
26603,26604,2-s2.0-85046958791
26617,26618,2-s2.0-85048085640
26624,26625,2-s2.0-85053743681
26637,26638,2-s2.0-85045662322
26639,26640,2-s2.0-85045661517
26644,26645,2-s2.0-85045653223
26645,26646,2-s2.0-85045651265
26651,26652,2-s2.0-85045632278
26652,26653,2-s2.0-85045630094
26657,26658,2-s2.0-85048733481
26658,26659,2-s2.0-85051425528
26659,26660,2-s2.0-85051676500
26664,26665,2-s2.0-85044964626
26668,26669,2-s2.0-85043329289
26670,26671,2-s2.0-85042228180
26684,26685,2-s2.0-85212955227
26685,26686,2-s2.0-85138718120
26689,26690,2-s2.0-85069474660
26691,26692,2-s2.0-85061751518
26694,26695,2-s2.0-85060810739
26697,26698,2-s2.0-85056422916
26701,26702,2-s2.0-85050203330
26704,26705,2-s2.0-85049626752
26710,26711,2-s2.0-85044851345
26721,26722,2-s2.0-85042215199
26723,26724,2-s2.0-85041123842
26724,26725,2-s2.0-85040661844
26733,26734,2-s2.0-84996607021
26734,26735,2-s2.0-84990925775
26739,26740,2-s2.0-105003001528
26751,26752,2-s2.0-85045842627
26764,26765,2-s2.0-85045918416
26766,26767,2-s2.0-85045886928
26772,26773,2-s2.0-85032796795
26778,26779,2-s2.0-84959037970
26785,26786,2-s2.0-85042592175
26787,26788,2-s2.0-85091180121
26793,26794,2-s2.0-85063742719
26800,26801,2-s2.0-85061181687
26809,26810,2-s2.0-85048324276
26815,26816,2-s2.0-85048261282
26824,26825,2-s2.0-85045900478
26829,26830,2-s2.0-85044192635
26832,26833,2-s2.0-85043313161
26842,26843,2-s2.0-85041722050
26843,26844,2-s2.0-85041712722
26849,26850,2-s2.0-85041098201
26850,26851,2-s2.0-85040661095
26852,26853,2-s2.0-85040081307
26857,26858,2-s2.0-85037972222
26858,26859,2-s2.0-85037719992
26862,26863,2-s2.0-85033709563
26869,26870,2-s2.0-85018887007
26874,26875,2-s2.0-84988419470
26878,26879,2-s2.0-85050945566
26881,26882,2-s2.0-85050937293
26885,26886,2-s2.0-85050930262
26887,26888,2-s2.0-85050921569
26888,26889,2-s2.0-85050921369
26893,26894,2-s2.0-85050914423
26894,26895,2-s2.0-85050911230
26920,26921,2-s2.0-85044436130
26921,26922,2-s2.0-85044425010
26926,26927,2-s2.0-85042331980
26928,26929,2-s2.0-85042329136
26935,26936,2-s2.0-85042319948
26936,26937,2-s2.0-85042319487
26938,26939,2-s2.0-85042312588
26939,26940,2-s2.0-85042309519
26948,26949,2-s2.0-85042279479
26953,26954,2-s2.0-85042271612
26963,26964,2-s2.0-85039904500
26971,26972,2-s2.0-85044166530
26973,26974,2-s2.0-85028532877
26981,26982,2-s2.0-85042126805
26990,26991,2-s2.0-85042089966
26993,26994,2-s2.0-85042081234
26997,26998,2-s2.0-85075796184
27002,27003,2-s2.0-85048749612
27003,27004,2-s2.0-85047667382
27016,27017,2-s2.0-85042163913
27019,27020,2-s2.0-85041426596
27023,27024,2-s2.0-85040117101
27030,27031,2-s2.0-85034096983
27035,27036,2-s2.0-85030849914
27052,27053,2-s2.0-85041181177
27055,27056,2-s2.0-85041650688
27056,27057,2-s2.0-85041647400
27057,27058,2-s2.0-85040935411
27067,27068,2-s2.0-85055700954
27069,27070,2-s2.0-85055676289
27073,27074,2-s2.0-85041011678
27076,27077,2-s2.0-85040995909
27078,27079,2-s2.0-85040986982
27082,27083,2-s2.0-85040979177
27091,27092,2-s2.0-85046156961
27092,27093,2-s2.0-85054786471
27095,27096,2-s2.0-85041006976
27108,27109,2-s2.0-85045064408
27112,27113,2-s2.0-85043678167
27113,27114,2-s2.0-85041351006
27114,27115,2-s2.0-85041331286
27118,27119,2-s2.0-85038555931
27120,27121,2-s2.0-85038024471
27122,27123,2-s2.0-85035116966
27125,27126,2-s2.0-85033728181
27134,27135,2-s2.0-85018952739
27135,27136,2-s2.0-85015977581
27139,27140,2-s2.0-84995700036
27149,27150,2-s2.0-85168440681
27152,27153,2-s2.0-85150542991
27153,27154,2-s2.0-85149578692
27158,27159,2-s2.0-85146612380
27159,27160,2-s2.0-85146584515
27160,27161,2-s2.0-85146556031
27166,27167,2-s2.0-85142090669
27172,27173,2-s2.0-85140105075
27176,27177,2-s2.0-85139553663
27179,27180,2-s2.0-85137315576
27192,27193,2-s2.0-85112827786
27201,27202,2-s2.0-85101101489
27208,27209,2-s2.0-85096909722
27209,27210,2-s2.0-85096270390
27230,27231,2-s2.0-85085622706
27231,27232,2-s2.0-85085465655
27235,27236,2-s2.0-85085431346
27236,27237,2-s2.0-85085428277
27238,27239,2-s2.0-85085417906
27253,27254,2-s2.0-85082524651
27260,27261,2-s2.0-85082286079
27261,27262,2-s2.0-85081906324
27275,27276,2-s2.0-85074803026
27277,27278,2-s2.0-85074315300
27283,27284,2-s2.0-85072679974
27285,27286,2-s2.0-85072521354
27286,27287,2-s2.0-85072127082
27289,27290,2-s2.0-85071753220
27294,27295,2-s2.0-85071537059
27296,27297,2-s2.0-85071374339
27297,27298,2-s2.0-85071363000
27301,27302,2-s2.0-85070282754
27306,27307,2-s2.0-85069431660
27311,27312,2-s2.0-85068863522
27314,27315,2-s2.0-85068827715
27318,27319,2-s2.0-85068096098
27334,27335,2-s2.0-85066492948
27335,27336,2-s2.0-85066489651
27340,27341,2-s2.0-85066141675
27342,27343,2-s2.0-85065553520
27344,27345,2-s2.0-85065339677
27345,27346,2-s2.0-85065339560
27346,27347,2-s2.0-85065336211
27350,27351,2-s2.0-85065315389
27353,27354,2-s2.0-85065310846
27356,27357,2-s2.0-85065304961
27362,27363,2-s2.0-85065290854
27364,27365,2-s2.0-85065287435
27367,27368,2-s2.0-85064934041
27376,27377,2-s2.0-85064622737
27386,27387,2-s2.0-85064099387
27390,27391,2-s2.0-85063756056
27399,27400,2-s2.0-85063621557
27403,27404,2-s2.0-85063608117
27404,27405,2-s2.0-85063605486
27405,27406,2-s2.0-85063605163
27406,27407,2-s2.0-85063550303
27409,27410,2-s2.0-85063519449
27410,27411,2-s2.0-85063498542
27412,27413,2-s2.0-85063457307
27421,27422,2-s2.0-85063343824
27422,27423,2-s2.0-85063342574
27428,27429,2-s2.0-85063321643
27429,27430,2-s2.0-85063251963
27449,27450,2-s2.0-85062068611
27460,27461,2-s2.0-85061745131
27465,27466,2-s2.0-85061698464
27467,27468,2-s2.0-85061649796
27469,27470,2-s2.0-85061533079
27474,27475,2-s2.0-85061363882
27479,27480,2-s2.0-85061245703
27480,27481,2-s2.0-85061243693
27482,27483,2-s2.0-85061237077
27488,27489,2-s2.0-85061051819
27503,27504,2-s2.0-85060556132
27511,27512,2-s2.0-85060526695
27514,27515,2-s2.0-85060513660
27515,27516,2-s2.0-85060481808
27516,27517,2-s2.0-85060476783
27517,27518,2-s2.0-85060441511
27525,27526,2-s2.0-85060292413
27539,27540,2-s2.0-85059870095
27550,27551,2-s2.0-85059562419
27553,27554,2-s2.0-85059366410
27557,27558,2-s2.0-85059240359
27561,27562,2-s2.0-85059031268
27565,27566,2-s2.0-85058969496
27569,27570,2-s2.0-85058947220
27572,27573,2-s2.0-85058939095
27591,27592,2-s2.0-85058148575
27595,27596,2-s2.0-85057997367
27603,27604,2-s2.0-85057762680
27609,27610,2-s2.0-85057587322
27615,27616,2-s2.0-85057385269
27617,27618,2-s2.0-85057232945
27628,27629,2-s2.0-85056717702
27632,27633,2-s2.0-85056639926
27635,27636,2-s2.0-85056479966
27638,27639,2-s2.0-85056458927
27644,27645,2-s2.0-85056168359
27646,27647,2-s2.0-85056140399
27649,27650,2-s2.0-85056108878
27652,27653,2-s2.0-85056080850
27657,27658,2-s2.0-85055725742
27658,27659,2-s2.0-85055723295
27666,27667,2-s2.0-85055702048
27671,27672,2-s2.0-85055690341
27679,27680,2-s2.0-85055677926
27684,27685,2-s2.0-85055670676
27690,27691,2-s2.0-85055472749
27701,27702,2-s2.0-85055324543
27704,27705,2-s2.0-85054936103
27707,27708,2-s2.0-85054818911
27709,27710,2-s2.0-85054659825
27713,27714,2-s2.0-85054649455
27716,27717,2-s2.0-85054632389
27718,27719,2-s2.0-85054613224
27721,27722,2-s2.0-85054543655
27722,27723,2-s2.0-85054412511
27724,27725,2-s2.0-85054282166
27727,27728,2-s2.0-85054154939
27742,27743,2-s2.0-85053846618
27743,27744,2-s2.0-85053830054
27744,27745,2-s2.0-85053803759
27752,27753,2-s2.0-85053191205
27755,27756,2-s2.0-85053103773
27762,27763,2-s2.0-85052687966
27765,27766,2-s2.0-85052631202
27767,27768,2-s2.0-85052601011
27777,27778,2-s2.0-85051627036
27778,27779,2-s2.0-85051537099
27781,27782,2-s2.0-85051140279
27782,27783,2-s2.0-85051134028
27789,27790,2-s2.0-85050928156
27801,27802,2-s2.0-85050410688
27818,27819,2-s2.0-85049552612
27824,27825,2-s2.0-85049548138
27836,27837,2-s2.0-85049190836
27847,27848,2-s2.0-85048808373
27850,27851,2-s2.0-85048791045
27854,27855,2-s2.0-85048763974
27857,27858,2-s2.0-85048749317
27859,27860,2-s2.0-85048709884
27875,27876,2-s2.0-85048357049
27878,27879,2-s2.0-85048337339
27884,27885,2-s2.0-85047978745
27908,27909,2-s2.0-85047422751
27931,27932,2-s2.0-85046484855
27941,27942,2-s2.0-85045954942
27942,27943,2-s2.0-85045951522
27958,27959,2-s2.0-85045019137
27961,27962,2-s2.0-85044990337
27962,27963,2-s2.0-85044989852
27963,27964,2-s2.0-85044543781
27966,27967,2-s2.0-85044452272
28000,28001,2-s2.0-85042523061
28007,28008,2-s2.0-85042314224
28025,28026,2-s2.0-85041540038
28030,28031,2-s2.0-85041393786
28037,28038,2-s2.0-85041097104
28040,28041,2-s2.0-85041054083
28056,28057,2-s2.0-85039748888
28061,28062,2-s2.0-85037740276
28065,28066,2-s2.0-85036541899
28069,28070,2-s2.0-85035098959
28074,28075,2-s2.0-85035040910
28088,28089,2-s2.0-85029666147
28094,28095,2-s2.0-85029432358
28095,28096,2-s2.0-85029421616
28099,28100,2-s2.0-85026772319
28102,28103,2-s2.0-85024002094
28103,28104,2-s2.0-85022340724
28107,28108,2-s2.0-85022181929
28130,28131,2-s2.0-105013701994
28134,28135,2-s2.0-105011022059
28138,28139,2-s2.0-105011010830
28143,28144,2-s2.0-105010803691
28144,28145,2-s2.0-105010802933
28154,28155,2-s2.0-105010491900
28158,28159,2-s2.0-105010446432
28160,28161,2-s2.0-105010427434
28161,28162,2-s2.0-105010424608
28167,28168,2-s2.0-105009078301
28171,28172,2-s2.0-85040245609
28178,28179,2-s2.0-85040075067
28185,28186,2-s2.0-85043287150
28187,28188,2-s2.0-85043278939
28192,28193,2-s2.0-85043262186
28193,28194,2-s2.0-85043261529
28199,28200,2-s2.0-85043250525
28201,28202,2-s2.0-85043250343
28219,28220,2-s2.0-85108558736
28220,28221,2-s2.0-85075536100
28227,28228,2-s2.0-85057642439
28233,28234,2-s2.0-85057640462
28235,28236,2-s2.0-85055689160
28245,28246,2-s2.0-85048711527
28248,28249,2-s2.0-85047422490
28252,28253,2-s2.0-85045612259
28257,28258,2-s2.0-85042073108
28264,28265,2-s2.0-85040461774
28266,28267,2-s2.0-85040461139
28271,28272,2-s2.0-85038836986
28282,28283,2-s2.0-85035004547
28283,28284,2-s2.0-85034981309
28286,28287,2-s2.0-85034443945
28291,28292,2-s2.0-85032927817
28298,28299,2-s2.0-85031738645
28299,28300,2-s2.0-85031047008
28301,28302,2-s2.0-85029308557
28306,28307,2-s2.0-85028608362
28309,28310,2-s2.0-85027518509
28310,28311,2-s2.0-85026844639
28329,28330,2-s2.0-105002732178
28330,28331,2-s2.0-105002731284
28353,28354,2-s2.0-85046061056
28362,28363,2-s2.0-85038827758
28364,28365,2-s2.0-85035309997
28369,28370,2-s2.0-85037056893
28371,28372,2-s2.0-85050601098
28372,28373,2-s2.0-85054248273
28387,28388,2-s2.0-85029603756
28401,28402,2-s2.0-85045029217
28402,28403,2-s2.0-85044436218
28403,28404,2-s2.0-85043475523
28406,28407,2-s2.0-85041471415
28408,28409,2-s2.0-85040222197
28417,28418,2-s2.0-85035198631
28419,28420,2-s2.0-85035192289
28424,28425,2-s2.0-85035009527
28425,28426,2-s2.0-85034949309
28429,28430,2-s2.0-85034265374
28431,28432,2-s2.0-85033551487
28432,28433,2-s2.0-85033501572
28439,28440,2-s2.0-85031765962
28441,28442,2-s2.0-85031428941
28444,28445,2-s2.0-85031422117
28454,28455,2-s2.0-85028315857
28458,28459,2-s2.0-85024490901
28461,28462,2-s2.0-85021770524
28464,28465,2-s2.0-85020409336
28475,28476,2-s2.0-105012051347
28482,28483,2-s2.0-105012044793
28496,28497,2-s2.0-85040171339
28500,28501,2-s2.0-85040111985
28511,28512,2-s2.0-85038420003
28513,28514,2-s2.0-85078355598
28521,28522,2-s2.0-85039922132
28529,28530,2-s2.0-85037053625
28531,28532,2-s2.0-85034759297
28534,28535,2-s2.0-85037104600
28538,28539,2-s2.0-85046837887
28552,28553,2-s2.0-85033395410
28555,28556,2-s2.0-85032655156
28557,28558,2-s2.0-85031414355
28562,28563,2-s2.0-85027845629
28564,28565,2-s2.0-85021405179
28568,28569,2-s2.0-85009289865
28569,28570,2-s2.0-84994166952
28583,28584,2-s2.0-85043391189
28606,28607,2-s2.0-85029218301
28610,28611,2-s2.0-85027989625
28624,28625,2-s2.0-85011890601
28626,28627,2-s2.0-84992382802
28639,28640,2-s2.0-85032383114
28644,28645,2-s2.0-85032378703
28646,28647,2-s2.0-85032377476
28649,28650,2-s2.0-85032374211
28684,28685,2-s2.0-85032629769
28699,28700,2-s2.0-85057073459
28716,28717,2-s2.0-85065506782
28729,28730,2-s2.0-85045626531
28732,28733,2-s2.0-85036643995
28736,28737,2-s2.0-85031034399
28754,28755,2-s2.0-85027398036
28764,28765,2-s2.0-85021937261
28765,28766,2-s2.0-85020891954
28766,28767,2-s2.0-85020119843
28775,28776,2-s2.0-85010214420
28779,28780,2-s2.0-84978646288
28780,28781,2-s2.0-84962921279
28787,28788,2-s2.0-105012671057
28788,28789,2-s2.0-85035023547
28789,28790,2-s2.0-85030323562
28795,28796,2-s2.0-85011585253
28797,28798,2-s2.0-85040003237
28807,28808,2-s2.0-85035815628
28812,28813,2-s2.0-85028365558
28815,28816,2-s2.0-85206907311
28816,28817,2-s2.0-85057625888
28818,28819,2-s2.0-85034442367
28819,28820,2-s2.0-85034436851
28824,28825,2-s2.0-84959205315
28834,28835,2-s2.0-85028309641
28856,28857,2-s2.0-85030776879
28857,28858,2-s2.0-85030775723
28866,28867,2-s2.0-85028558479
28894,28895,2-s2.0-85007173715
28907,28908,2-s2.0-85026197513
28909,28910,2-s2.0-85028547447
28913,28914,2-s2.0-85029357025
28915,28916,2-s2.0-85028939922
28922,28923,2-s2.0-85048140815
28929,28930,2-s2.0-85041470760
28940,28941,2-s2.0-84961214566
28942,28943,2-s2.0-85029942643
28949,28950,2-s2.0-85020526452
28953,28954,2-s2.0-84996615317
28954,28955,2-s2.0-84994682249
28974,28975,2-s2.0-85061945176
28981,28982,2-s2.0-85047263556
28982,28983,2-s2.0-85047262827
28984,28985,2-s2.0-85047194790
28991,28992,2-s2.0-85039413463
28994,28995,2-s2.0-85035768589
28997,28998,2-s2.0-85032658155
28998,28999,2-s2.0-85031785251
29000,29001,2-s2.0-85030863678
29002,29003,2-s2.0-85030716254
29011,29012,2-s2.0-85025593285
29020,29021,2-s2.0-85021068961
29022,29023,2-s2.0-85020869247
29024,29025,2-s2.0-85020511598
29028,29029,2-s2.0-85019105729
29029,29030,2-s2.0-85018566594
29038,29039,2-s2.0-84978658416
29041,29042,2-s2.0-84969902359
29042,29043,2-s2.0-84954288244
29044,29045,2-s2.0-85021657277
29048,29049,2-s2.0-85045909752
29051,29052,2-s2.0-85031029349
29058,29059,2-s2.0-85021363841
29059,29060,2-s2.0-85031792263
29070,29071,2-s2.0-85030572248
29080,29081,2-s2.0-85030569597
29084,29085,2-s2.0-85030568323
29086,29087,2-s2.0-85030568035
29089,29090,2-s2.0-85030567776
29091,29092,2-s2.0-85030567684
29097,29098,2-s2.0-85030566731
29098,29099,2-s2.0-85030566534
29109,29110,2-s2.0-85030563848
29114,29115,2-s2.0-85030562574
29117,29118,2-s2.0-85030561973
29120,29121,2-s2.0-85030561097
29121,29122,2-s2.0-85030560591
29124,29125,2-s2.0-85030560063
29131,29132,2-s2.0-85030558285
29132,29133,2-s2.0-85030558224
29144,29145,2-s2.0-85030554092
29159,29160,2-s2.0-85030550365
29167,29168,2-s2.0-85030549504
29171,29172,2-s2.0-85030549077
29173,29174,2-s2.0-85030548618
29175,29176,2-s2.0-85030548452
29180,29181,2-s2.0-85030547909
29184,29185,2-s2.0-85030547220
29185,29186,2-s2.0-85030547088
29187,29188,2-s2.0-85030546694
29191,29192,2-s2.0-85030546318
29193,29194,2-s2.0-85030546250
29203,29204,2-s2.0-85030543342
29204,29205,2-s2.0-85030541977
29215,29216,2-s2.0-85030539965
29216,29217,2-s2.0-85030539928
29217,29218,2-s2.0-85030539786
29219,29220,2-s2.0-85030539535
29220,29221,2-s2.0-85030539073
29222,29223,2-s2.0-85030538477
29235,29236,2-s2.0-85030534836
29250,29251,2-s2.0-85030530918
29251,29252,2-s2.0-85030529795
29256,29257,2-s2.0-85030528971
29265,29266,2-s2.0-85030527783
29268,29269,2-s2.0-85030526822
29279,29280,2-s2.0-85027520076
29292,29293,2-s2.0-85021121748
29293,29294,2-s2.0-85022216619
29296,29297,2-s2.0-85023643572
29299,29300,2-s2.0-85023634827
29302,29303,2-s2.0-85023630791
29306,29307,2-s2.0-85023625362
29307,29308,2-s2.0-85023624766
29314,29315,2-s2.0-85023612041
29316,29317,2-s2.0-85023606567
29317,29318,2-s2.0-85023598051
29329,29330,2-s2.0-85072398385
29331,29332,2-s2.0-85070369758
29341,29342,2-s2.0-85026209140
29348,29349,2-s2.0-85020477961
29349,29350,2-s2.0-85020474123
29358,29359,2-s2.0-85019353581
29359,29360,2-s2.0-85019350817
29363,29364,2-s2.0-85019125222
29382,29383,2-s2.0-85008145378
29395,29396,2-s2.0-85020639285
29396,29397,2-s2.0-85020623793
29401,29402,2-s2.0-84963568004
29405,29406,2-s2.0-85031693605
29408,29409,2-s2.0-85020295510
29414,29415,2-s2.0-85019871899
29426,29427,2-s2.0-85054207584
29431,29432,2-s2.0-85021146910
29441,29442,2-s2.0-84994893535
29446,29447,2-s2.0-85057067812
29452,29453,2-s2.0-85035042927
29455,29456,2-s2.0-85026862848
29457,29458,2-s2.0-85021758187
29479,29480,2-s2.0-85019657854
29483,29484,2-s2.0-85018970276
29490,29491,2-s2.0-85018523006
29492,29493,2-s2.0-85018505707
29495,29496,2-s2.0-85018502212
29499,29500,2-s2.0-85018408647
29502,29503,2-s2.0-85018279626
29523,29524,2-s2.0-84977085434
29526,29527,2-s2.0-105002729760
29531,29532,2-s2.0-85020236489
29533,29534,2-s2.0-85020232253
29541,29542,2-s2.0-85020197720
29545,29546,2-s2.0-85020190570
29549,29550,2-s2.0-85020162934
29565,29566,2-s2.0-85018395541
29566,29567,2-s2.0-85018385309
29573,29574,2-s2.0-85021114928
29575,29576,2-s2.0-85018855524
29577,29578,2-s2.0-85016263595
29579,29580,2-s2.0-85000997337
29589,29590,2-s2.0-85062071040
29595,29596,2-s2.0-85035754065
29596,29597,2-s2.0-85029820734
29597,29598,2-s2.0-85028340139
29599,29600,2-s2.0-85026231224
29600,29601,2-s2.0-85025455982
29602,29603,2-s2.0-85024492284
29603,29604,2-s2.0-85021746310
29605,29606,2-s2.0-85021271339
29606,29607,2-s2.0-85020869029
29608,29609,2-s2.0-85019731150
29626,29627,2-s2.0-85015062967
29629,29630,2-s2.0-85013878066
29630,29631,2-s2.0-85013797584
29641,29642,2-s2.0-84997646360
29643,29644,2-s2.0-84992371876
29651,29652,2-s2.0-84944711520
29654,29655,2-s2.0-85045077613
29656,29657,2-s2.0-85028461577
29657,29658,2-s2.0-85018527273
29660,29661,2-s2.0-85017259394
29668,29669,2-s2.0-85017237196
29670,29671,2-s2.0-85017218141
29679,29680,2-s2.0-85021369504
29687,29688,2-s2.0-85017121943
29688,29689,2-s2.0-84966711069
29692,29693,2-s2.0-85016484577
29694,29695,2-s2.0-85018304665
29697,29698,2-s2.0-85018282602
29698,29699,2-s2.0-85018282364
29704,29705,2-s2.0-85016520616
29709,29710,2-s2.0-85014995952
29715,29716,2-s2.0-85018397664
29723,29724,2-s2.0-85080890839
29730,29731,2-s2.0-85034012411
29739,29740,2-s2.0-85019682066
29740,29741,2-s2.0-85019074607
29752,29753,2-s2.0-85015205827
29758,29759,2-s2.0-85014991059
29759,29760,2-s2.0-85014942357
29763,29764,2-s2.0-85014503284
29768,29769,2-s2.0-85013849971
29776,29777,2-s2.0-85013076648
29782,29783,2-s2.0-85008889836
29783,29784,2-s2.0-85007143629
29788,29789,2-s2.0-85000580214
29791,29792,2-s2.0-84995579352
29802,29803,2-s2.0-84957648975
29816,29817,2-s2.0-84990194664
29832,29833,2-s2.0-85014048245
29839,29840,2-s2.0-85015169668
29845,29846,2-s2.0-85016288041
29846,29847,2-s2.0-85016111137
29848,29849,2-s2.0-85015780533
29851,29852,2-s2.0-85015732814
29861,29862,2-s2.0-85011579199
29866,29867,2-s2.0-85008316385
29869,29870,2-s2.0-85006150682
29871,29872,2-s2.0-84994676935
29878,29879,2-s2.0-84973160113
29879,29880,2-s2.0-84966474646
29880,29881,2-s2.0-84962299518
29885,29886,2-s2.0-84939452614
29886,29887,2-s2.0-84939228937
29891,29892,2-s2.0-85063159627
29893,29894,2-s2.0-85015019529
29896,29897,2-s2.0-85013413623
29901,29902,2-s2.0-85012908491
29907,29908,2-s2.0-85021344131
29908,29909,2-s2.0-85013298035
29909,29910,2-s2.0-85016489318
29911,29912,2-s2.0-85012010885
29925,29926,2-s2.0-85009953639
29926,29927,2-s2.0-85009253299
29927,29928,2-s2.0-85009247825
29933,29934,2-s2.0-85002695271
29935,29936,2-s2.0-84997764940
29942,29943,2-s2.0-84973882702
29943,29944,2-s2.0-84965082067
29944,29945,2-s2.0-84963830515
29946,29947,2-s2.0-84936984573
29955,29956,2-s2.0-85182117361
29957,29958,2-s2.0-85171492368
29959,29960,2-s2.0-85151568704
29968,29969,2-s2.0-85144402344
29971,29972,2-s2.0-85142851368
29973,29974,2-s2.0-85141630525
29979,29980,2-s2.0-85139554479
30012,30013,2-s2.0-85102001587
30014,30015,2-s2.0-85101986159
30016,30017,2-s2.0-85101971956
30020,30021,2-s2.0-85101958951
30023,30024,2-s2.0-85101922853
30029,30030,2-s2.0-85092410773
30030,30031,2-s2.0-85091150671
30032,30033,2-s2.0-85091131823
30034,30035,2-s2.0-85091076905
30042,30043,2-s2.0-85082909270
30047,30048,2-s2.0-85081939984
30048,30049,2-s2.0-85081363302
30055,30056,2-s2.0-85075363627
30059,30060,2-s2.0-85074616094
30067,30068,2-s2.0-85071618990
30072,30073,2-s2.0-85071446745
30075,30076,2-s2.0-85071422853
30085,30086,2-s2.0-85067469285
30086,30087,2-s2.0-85067466097
30088,30089,2-s2.0-85065692750
30091,30092,2-s2.0-85065075382
30094,30095,2-s2.0-85062845288
30098,30099,2-s2.0-85061358364
30105,30106,2-s2.0-85057344431
30106,30107,2-s2.0-85056831469
30108,30109,2-s2.0-85055990154
30113,30114,2-s2.0-85054927130
30123,30124,2-s2.0-85054162797
30124,30125,2-s2.0-85054159143
30126,30127,2-s2.0-85053719503
30140,30141,2-s2.0-85051438978
30147,30148,2-s2.0-85051425909
30150,30151,2-s2.0-85051422227
30152,30153,2-s2.0-85051416216
30157,30158,2-s2.0-85049901151
30161,30162,2-s2.0-85049419884
30164,30165,2-s2.0-85049246443
30165,30166,2-s2.0-85049243763
30171,30172,2-s2.0-85048698953
30172,30173,2-s2.0-85048697176
30176,30177,2-s2.0-85048659279
30191,30192,2-s2.0-85046287632
30194,30195,2-s2.0-85046076532
30204,30205,2-s2.0-85044670313
30208,30209,2-s2.0-85044470431
30219,30220,2-s2.0-85042615021
30227,30228,2-s2.0-85042506304
30246,30247,2-s2.0-85041436672
30257,30258,2-s2.0-85041119733
30264,30265,2-s2.0-85041094075
30268,30269,2-s2.0-85040714652
30269,30270,2-s2.0-85040550811
30272,30273,2-s2.0-85040254215
30278,30279,2-s2.0-85040098074
30282,30283,2-s2.0-85039903341
30284,30285,2-s2.0-85039561686
30285,30286,2-s2.0-85039078007
30294,30295,2-s2.0-85038446021
30297,30298,2-s2.0-85038124180
30298,30299,2-s2.0-85037856969
30300,30301,2-s2.0-85037840651
30308,30309,2-s2.0-85037696403
30311,30312,2-s2.0-85037552402
30314,30315,2-s2.0-85037330297
30324,30325,2-s2.0-85036620029
30327,30328,2-s2.0-85036475659
30336,30337,2-s2.0-85035362599
30337,30338,2-s2.0-85035361479
30346,30347,2-s2.0-85035343362
30348,30349,2-s2.0-85035341362
30349,30350,2-s2.0-85035340315
30362,30363,2-s2.0-85035115281
30369,30370,2-s2.0-85035010826
30370,30371,2-s2.0-85034971841
30371,30372,2-s2.0-85034970575
30377,30378,2-s2.0-85034768791
30378,30379,2-s2.0-85034765437
30379,30380,2-s2.0-85034762320
30381,30382,2-s2.0-85034757816
30388,30389,2-s2.0-85034667509
30393,30394,2-s2.0-85034263301
30398,30399,2-s2.0-85034238410
30405,30406,2-s2.0-85034226031
30407,30408,2-s2.0-85034210538
30408,30409,2-s2.0-85034210133
30412,30413,2-s2.0-85033408519
30413,30414,2-s2.0-85033377246
30415,30416,2-s2.0-85033362919
30429,30430,2-s2.0-85032382300
30435,30436,2-s2.0-85032295625
30437,30438,2-s2.0-85032012493
30449,30450,2-s2.0-85031286170
30452,30453,2-s2.0-85030846695
30455,30456,2-s2.0-85030774480
30457,30458,2-s2.0-85030766937
30461,30462,2-s2.0-85030755326
30464,30465,2-s2.0-85030543931
30469,30470,2-s2.0-85030029295
30470,30471,2-s2.0-85030026828
30471,30472,2-s2.0-85029844302
30472,30473,2-s2.0-85029842937
30478,30479,2-s2.0-85029784309
30496,30497,2-s2.0-85029470696
30499,30500,2-s2.0-85029437688
30503,30504,2-s2.0-85029106858
30505,30506,2-s2.0-85029006990
30506,30507,2-s2.0-85028992977
30510,30511,2-s2.0-85028860394
30511,30512,2-s2.0-85028838729
30513,30514,2-s2.0-85028775335
30521,30522,2-s2.0-85028582518
30530,30531,2-s2.0-85028309809
30543,30544,2-s2.0-85027977181
30544,30545,2-s2.0-85027973118
30546,30547,2-s2.0-85027968099
30549,30550,2-s2.0-85027871461
30564,30565,2-s2.0-85026743184
30577,30578,2-s2.0-85025627974
30583,30584,2-s2.0-85025437435
30586,30587,2-s2.0-85025174120
30589,30590,2-s2.0-85025153459
30592,30593,2-s2.0-85025119274
30597,30598,2-s2.0-85025079163
30618,30619,2-s2.0-85022219284
30625,30626,2-s2.0-85021901709
30628,30629,2-s2.0-85021829486
30637,30638,2-s2.0-85021722484
30642,30643,2-s2.0-85021639258
30645,30646,2-s2.0-85021438001
30646,30647,2-s2.0-85021437787
30651,30652,2-s2.0-85021240491
30656,30657,2-s2.0-85021128185
30658,30659,2-s2.0-85021098559
30661,30662,2-s2.0-85021082243
30663,30664,2-s2.0-85020927680
30664,30665,2-s2.0-85020866398
30669,30670,2-s2.0-85020799373
30673,30674,2-s2.0-85020632881
30676,30677,2-s2.0-85020529564
30685,30686,2-s2.0-85020432518
30686,30687,2-s2.0-85020410096
30691,30692,2-s2.0-85020287928
30702,30703,2-s2.0-85019751832
30704,30705,2-s2.0-85019658752
30705,30706,2-s2.0-85019596053
30717,30718,2-s2.0-85018768225
30718,30719,2-s2.0-85018710357
30719,30720,2-s2.0-85018586358
30721,30722,2-s2.0-85018531766
30727,30728,2-s2.0-85018348497
30730,30731,2-s2.0-85018287601
30746,30747,2-s2.0-85016287592
30758,30759,2-s2.0-85015208032
30774,30775,2-s2.0-85014273140
30776,30777,2-s2.0-85014217115
30779,30780,2-s2.0-85013093342
30780,30781,2-s2.0-85012952353
30781,30782,2-s2.0-85012899415
30790,30791,2-s2.0-85011303898
30791,30792,2-s2.0-85011290977
30793,30794,2-s2.0-85011281221
30794,30795,2-s2.0-85011277982
30796,30797,2-s2.0-85011269779
30798,30799,2-s2.0-85010892523
30800,30801,2-s2.0-85010701055
30801,30802,2-s2.0-85010699950
30804,30805,2-s2.0-85010653976
30822,30823,2-s2.0-85009181029
30827,30828,2-s2.0-85008261151
30828,30829,2-s2.0-85008235142
30829,30830,2-s2.0-85007441070
30832,30833,2-s2.0-85006175153
30837,30838,2-s2.0-85000870007
30843,30844,2-s2.0-84992643452
30844,30845,2-s2.0-84992584855
30846,30847,2-s2.0-84991501150
30847,30848,2-s2.0-84989327831
30849,30850,2-s2.0-84989220469
30851,30852,2-s2.0-84988731070
30855,30856,2-s2.0-84980041655
30856,30857,2-s2.0-84978898137
30863,30864,2-s2.0-84941358641
30870,30871,2-s2.0-105011027680
30872,30873,2-s2.0-105010089269
30890,30891,2-s2.0-105006952542
30902,30903,2-s2.0-85009096914
30907,30908,2-s2.0-85003936017
30913,30914,2-s2.0-85010369433
30914,30915,2-s2.0-85010303866
30920,30921,2-s2.0-85106762617
30923,30924,2-s2.0-85055338304
30927,30928,2-s2.0-85021033840
30929,30930,2-s2.0-85018981861
30943,30944,2-s2.0-85008252626
30947,30948,2-s2.0-85007020522
30967,30968,2-s2.0-85006375044
30968,30969,2-s2.0-85006340439
30979,30980,2-s2.0-84994779413
30981,30982,2-s2.0-84994765400
30982,30983,2-s2.0-84994761829
30983,30984,2-s2.0-84994475011
31007,31008,2-s2.0-84951181830
31008,31009,2-s2.0-84949571191
31014,31015,2-s2.0-84931858611
31015,31016,2-s2.0-85014178708
31016,31017,2-s2.0-85012012689
31017,31018,2-s2.0-85015017543
31019,31020,2-s2.0-85007165322
31023,31024,2-s2.0-85006940786
31027,31028,2-s2.0-85006905571
31028,31029,2-s2.0-85006886594
31031,31032,2-s2.0-85006869767
31032,31033,2-s2.0-85006857934
31033,31034,2-s2.0-85006856486
31034,31035,2-s2.0-85006840032
31047,31048,2-s2.0-85006823512
31051,31052,2-s2.0-85006818117
31055,31056,2-s2.0-85006815377
31060,31061,2-s2.0-85006804233
31065,31066,2-s2.0-85006790217
31068,31069,2-s2.0-85006789313
31070,31071,2-s2.0-85006784410
31072,31073,2-s2.0-85006762228
31074,31075,2-s2.0-85006760651
31077,31078,2-s2.0-85006757190
31081,31082,2-s2.0-85006744095
31101,31102,2-s2.0-85006857903
31109,31110,2-s2.0-84973115817
31113,31114,2-s2.0-85002923371
31121,31122,2-s2.0-85022063602
31123,31124,2-s2.0-85005993329
31136,31137,2-s2.0-85040525106
31142,31143,2-s2.0-85028254916
31143,31144,2-s2.0-85018584472
31144,31145,2-s2.0-85018301150
31149,31150,2-s2.0-85007227228
31164,31165,2-s2.0-84994050134
31174,31175,2-s2.0-84990984054
31177,31178,2-s2.0-84984832889
31184,31185,2-s2.0-84976433553
31185,31186,2-s2.0-84976416482
31190,31191,2-s2.0-84954567286
31205,31206,2-s2.0-84997447772
31206,31207,2-s2.0-84997107026
31209,31210,2-s2.0-84989261654
31211,31212,2-s2.0-84984697662
31215,31216,2-s2.0-84995688322
31221,31222,2-s2.0-85018540934
31224,31225,2-s2.0-84994236345
31225,31226,2-s2.0-85018595777
31235,31236,2-s2.0-84994112023
31240,31241,2-s2.0-84969776546
31245,31246,2-s2.0-84924463076
31257,31258,2-s2.0-85027953403
31258,31259,2-s2.0-85026464318
31261,31262,2-s2.0-85013374191
31266,31267,2-s2.0-85003634447
31270,31271,2-s2.0-84995610912
31271,31272,2-s2.0-84995610417
31272,31273,2-s2.0-84994078684
31278,31279,2-s2.0-84990929302
31282,31283,2-s2.0-84988450783
31284,31285,2-s2.0-84988428953
31289,31290,2-s2.0-84988020160
31298,31299,2-s2.0-84982266718
31299,31300,2-s2.0-84982104032
31306,31307,2-s2.0-84974851799
31327,31328,2-s2.0-85016050825
31331,31332,2-s2.0-84992047453
31333,31334,2-s2.0-84991799977
31338,31339,2-s2.0-84993929467
31341,31342,2-s2.0-84986575772
31351,31352,2-s2.0-84921333737
31355,31356,2-s2.0-85027147725
31359,31360,2-s2.0-85018858546
31364,31365,2-s2.0-85006163529
31371,31372,2-s2.0-84990886760
31378,31379,2-s2.0-84986617584
31386,31387,2-s2.0-84986222767
31387,31388,2-s2.0-84985995769
31390,31391,2-s2.0-84984920933
31391,31392,2-s2.0-84984911552
31392,31393,2-s2.0-84984904128
31396,31397,2-s2.0-84983605295
31406,31407,2-s2.0-84982133160
31408,31409,2-s2.0-84980011674
31415,31416,2-s2.0-84971673916
31418,31419,2-s2.0-84964329066
31422,31423,2-s2.0-84955095573
31431,31432,2-s2.0-84990944490
31435,31436,2-s2.0-84986211774
31442,31443,2-s2.0-85016877463
31444,31445,2-s2.0-85018220507
31449,31450,2-s2.0-84985937191
31452,31453,2-s2.0-84983350374
31458,31459,2-s2.0-84976309712
31462,31463,2-s2.0-84939832994
31464,31465,2-s2.0-84985961259
31475,31476,2-s2.0-84988014484
31483,31484,2-s2.0-84980371931
31489,31490,2-s2.0-84978141905
31505,31506,2-s2.0-84971014309
31510,31511,2-s2.0-84970977764
31511,31512,2-s2.0-84970976530
31516,31517,2-s2.0-84969785160
31535,31536,2-s2.0-84991829441
31539,31540,2-s2.0-84983428365
31551,31552,2-s2.0-84979788626
31554,31555,2-s2.0-84979740725
31565,31566,2-s2.0-84991457515
31567,31568,2-s2.0-84979527253
31568,31569,2-s2.0-84976449761
31570,31571,2-s2.0-84961923802
31572,31573,2-s2.0-84958533681
31574,31575,2-s2.0-84948147170
31585,31586,2-s2.0-84975221876
31593,31594,2-s2.0-84945157803
31600,31601,2-s2.0-85035043364
31622,31623,2-s2.0-84978036004
31624,31625,2-s2.0-84977072808
31626,31627,2-s2.0-84975842673
31629,31630,2-s2.0-84973332893
31630,31631,2-s2.0-84973124527
31637,31638,2-s2.0-84964963571
31638,31639,2-s2.0-84963701007
31640,31641,2-s2.0-84962132777
31649,31650,2-s2.0-84954119349
31653,31654,2-s2.0-84944544229
31654,31655,2-s2.0-84940469181
31655,31656,2-s2.0-84924567113
31663,31664,2-s2.0-84983364609
31666,31667,2-s2.0-84983349247
31670,31671,2-s2.0-84983339904
31690,31691,2-s2.0-84983261939
31702,31703,2-s2.0-85076387512
31706,31707,2-s2.0-84977539916
31708,31709,2-s2.0-84977503033
31713,31714,2-s2.0-84973379978
31714,31715,2-s2.0-84969972737
31719,31720,2-s2.0-85012000371
31722,31723,2-s2.0-84979884857
31728,31729,2-s2.0-84978828812
31736,31737,2-s2.0-84976592196
31748,31749,2-s2.0-84966560579
31753,31754,2-s2.0-84965020788
31760,31761,2-s2.0-84963525881
31761,31762,2-s2.0-84962735564
31768,31769,2-s2.0-84959106707
31773,31774,2-s2.0-84952701003
31775,31776,2-s2.0-84933565296
31778,31779,2-s2.0-84922949151
31779,31780,2-s2.0-84922124621
31782,31783,2-s2.0-84905315961
31786,31787,2-s2.0-84964553150
31790,31791,2-s2.0-84962068293
31791,31792,2-s2.0-84929598145
31794,31795,2-s2.0-85107576446
31796,31797,2-s2.0-84973364562
31797,31798,2-s2.0-84962802862
31806,31807,2-s2.0-84994631206
31808,31809,2-s2.0-84994625416
31813,31814,2-s2.0-84994583201
31818,31819,2-s2.0-84987858688
31825,31826,2-s2.0-84973097812
31830,31831,2-s2.0-84937798574
31831,31832,2-s2.0-85056625683
31835,31836,2-s2.0-84996484103
31838,31839,2-s2.0-84985952151
31843,31844,2-s2.0-84973872500
31852,31853,2-s2.0-84964909249
31875,31876,2-s2.0-84940705978
31895,31896,2-s2.0-84969980366
31897,31898,2-s2.0-84969974204
31900,31901,2-s2.0-84969972174
31902,31903,2-s2.0-84969963064
31906,31907,2-s2.0-84969932207
31911,31912,2-s2.0-84969921387
31912,31913,2-s2.0-84969921296
31930,31931,2-s2.0-84964914143
31932,31933,2-s2.0-84961215766
31933,31934,2-s2.0-84966344959
31935,31936,2-s2.0-84966333775
31949,31950,2-s2.0-84959208549
31953,31954,2-s2.0-85059566077
31955,31956,2-s2.0-85031490894
31965,31966,2-s2.0-84974593985
31970,31971,2-s2.0-84965027279
31978,31979,2-s2.0-84964608750
31979,31980,2-s2.0-84964577902
31981,31982,2-s2.0-84964545677
31985,31986,2-s2.0-84964047161
31990,31991,2-s2.0-84962858076
31995,31996,2-s2.0-84962759795
32013,32014,2-s2.0-84959101485
32017,32018,2-s2.0-84954289710
32023,32024,2-s2.0-85028568546
32026,32027,2-s2.0-84971654644
32043,32044,2-s2.0-84995451088
32052,32053,2-s2.0-84964597330
32059,32060,2-s2.0-84958111835
32061,32062,2-s2.0-84955389363
32062,32063,2-s2.0-85066619567
32063,32064,2-s2.0-85022176500
32075,32076,2-s2.0-84969134546
32077,32078,2-s2.0-84966318509
32081,32082,2-s2.0-84962504913
32085,32086,2-s2.0-84960920373
32086,32087,2-s2.0-84960848499
32093,32094,2-s2.0-84959250999
32095,32096,2-s2.0-84959219295
32096,32097,2-s2.0-84959206778
32101,32102,2-s2.0-84958177847
32108,32109,2-s2.0-84956834049
32112,32113,2-s2.0-84949812147
32114,32115,2-s2.0-84942864013
32115,32116,2-s2.0-84924559498
32116,32117,2-s2.0-85008440595
32121,32122,2-s2.0-84982993344
32128,32129,2-s2.0-84955422507
32132,32133,2-s2.0-84955346754
32134,32135,2-s2.0-84959202496
32136,32137,2-s2.0-84984581096
32139,32140,2-s2.0-84964374664
32146,32147,2-s2.0-84954393591
32147,32148,2-s2.0-84954385109
32148,32149,2-s2.0-84954377748
32160,32161,2-s2.0-84958726124
32162,32163,2-s2.0-84957927993
32170,32171,2-s2.0-84954383441
32174,32175,2-s2.0-84953639041
32178,32179,2-s2.0-84942354148
32179,32180,2-s2.0-84964584276
32184,32185,2-s2.0-84963785091
32188,32189,2-s2.0-84963846443
32198,32199,2-s2.0-84983103222
32200,32201,2-s2.0-84961253171
32204,32205,2-s2.0-84959338227
32209,32210,2-s2.0-84959053648
32213,32214,2-s2.0-84955725561
32227,32228,2-s2.0-85175119990
32229,32230,2-s2.0-85172124990
32232,32233,2-s2.0-85168464819
32234,32235,2-s2.0-85158921654
32235,32236,2-s2.0-85153650493
32247,32248,2-s2.0-85139204291
32251,32252,2-s2.0-85137499078
32252,32253,2-s2.0-85136963302
32257,32258,2-s2.0-85121535258
32265,32266,2-s2.0-85105234567
32268,32269,2-s2.0-85097997515
32275,32276,2-s2.0-85087738985
32276,32277,2-s2.0-85087268595
32286,32287,2-s2.0-85082485316
32296,32297,2-s2.0-85071510379
32299,32300,2-s2.0-85071450630
32301,32302,2-s2.0-85071436369
32304,32305,2-s2.0-85071414262
32313,32314,2-s2.0-85068161687
32326,32327,2-s2.0-85062088820
32337,32338,2-s2.0-85059628058
32339,32340,2-s2.0-85058226589
32341,32342,2-s2.0-85055240444
32342,32343,2-s2.0-85054703017
32360,32361,2-s2.0-85042650138
32364,32365,2-s2.0-85042547314
32366,32367,2-s2.0-85042540830
32368,32369,2-s2.0-85042538202
32377,32378,2-s2.0-85042423926
32380,32381,2-s2.0-85041923053
32384,32385,2-s2.0-85039054695
32385,32386,2-s2.0-85039034174
32389,32390,2-s2.0-85033787962
32391,32392,2-s2.0-85032904603
32406,32407,2-s2.0-85028972734
32419,32420,2-s2.0-85026636350
32420,32421,2-s2.0-85026548669
32421,32422,2-s2.0-85026537660
32422,32423,2-s2.0-85026533836
32425,32426,2-s2.0-85025824555
32427,32428,2-s2.0-85025804050
32442,32443,2-s2.0-85022049949
32443,32444,2-s2.0-85021993254
32449,32450,2-s2.0-85021681606
32452,32453,2-s2.0-85021652480
32459,32460,2-s2.0-85020778070
32462,32463,2-s2.0-85020720989
32463,32464,2-s2.0-85020701915
32464,32465,2-s2.0-85020694214
32474,32475,2-s2.0-85019075586
32477,32478,2-s2.0-85019001940
32483,32484,2-s2.0-85018937995
32486,32487,2-s2.0-85018932907
32488,32489,2-s2.0-85018923209
32502,32503,2-s2.0-85018908436
32516,32517,2-s2.0-85018880210
32519,32520,2-s2.0-85018869616
32524,32525,2-s2.0-85018862007
32530,32531,2-s2.0-85018620991
32537,32538,2-s2.0-85018563519
32544,32545,2-s2.0-85018320129
32551,32552,2-s2.0-85018205846
32568,32569,2-s2.0-85016951702
32573,32574,2-s2.0-85016512780
32574,32575,2-s2.0-85016506132
32581,32582,2-s2.0-85016428622
32586,32587,2-s2.0-85016121869
32588,32589,2-s2.0-85016095324
32593,32594,2-s2.0-85015370189
32613,32614,2-s2.0-85014088318
32615,32616,2-s2.0-85014061905
32617,32618,2-s2.0-85013676237
32630,32631,2-s2.0-85011945185
32642,32643,2-s2.0-85010961024
32652,32653,2-s2.0-85009684392
32661,32662,2-s2.0-85009663347
32673,32674,2-s2.0-85009433273
32684,32685,2-s2.0-85008352127
32685,32686,2-s2.0-85008343566
32686,32687,2-s2.0-85008334926
32687,32688,2-s2.0-85008256582
32690,32691,2-s2.0-85007574941
32701,32702,2-s2.0-85006918744
32712,32713,2-s2.0-85006375516
32718,32719,2-s2.0-85006041124
32724,32725,2-s2.0-85003632884
32729,32730,2-s2.0-85002951456
32730,32731,2-s2.0-85002588814
32756,32757,2-s2.0-84996865928
32758,32759,2-s2.0-84996843641
32764,32765,2-s2.0-84996565445
32765,32766,2-s2.0-84996537947
32773,32774,2-s2.0-84995549416
32782,32783,2-s2.0-84994807566
32788,32789,2-s2.0-84994238892
32789,32790,2-s2.0-84994229341
32792,32793,2-s2.0-84994157606
32794,32795,2-s2.0-84994099247
32798,32799,2-s2.0-84992588858
32799,32800,2-s2.0-84992588826
32804,32805,2-s2.0-84992482496
32807,32808,2-s2.0-84992166092
32809,32810,2-s2.0-84991515516
32821,32822,2-s2.0-84990026725
32826,32827,2-s2.0-84989808309
32838,32839,2-s2.0-84988600839
32852,32853,2-s2.0-84987933170
32860,32861,2-s2.0-84987800426
32867,32868,2-s2.0-84984924341
32868,32869,2-s2.0-84984910873
32869,32870,2-s2.0-84984849065
32871,32872,2-s2.0-84984799891
32872,32873,2-s2.0-84984698523
32873,32874,2-s2.0-84984657071
32892,32893,2-s2.0-84981502061
32895,32896,2-s2.0-84981318418
32905,32906,2-s2.0-84979164556
32908,32909,2-s2.0-84979074008
32916,32917,2-s2.0-84978884015
32926,32927,2-s2.0-84978817915
32930,32931,2-s2.0-84978529119
32933,32934,2-s2.0-84978296054
32934,32935,2-s2.0-84978289295
32941,32942,2-s2.0-84978208242
32945,32946,2-s2.0-84978179984
32951,32952,2-s2.0-84977597297
32957,32958,2-s2.0-84976556618
32964,32965,2-s2.0-84976439850
32974,32975,2-s2.0-84974686114
32985,32986,2-s2.0-84969765251
32987,32988,2-s2.0-84968912300
32993,32994,2-s2.0-84968655412
33002,33003,2-s2.0-84968571639
33005,33006,2-s2.0-84968548035
33006,33007,2-s2.0-84968542289
33014,33015,2-s2.0-84965031449
33015,33016,2-s2.0-84964977073
33020,33021,2-s2.0-84964345571
33021,33022,2-s2.0-84964325867
33026,33027,2-s2.0-84963767544
33028,33029,2-s2.0-84963739697
33033,33034,2-s2.0-84962225449
33036,33037,2-s2.0-84962179916
33054,33055,2-s2.0-84960384382
33057,33058,2-s2.0-84959567706
33083,33084,2-s2.0-84957804335
33086,33087,2-s2.0-84957431404
33087,33088,2-s2.0-84957402204
33088,33089,2-s2.0-84957076315
33091,33092,2-s2.0-84956755865
33110,33111,2-s2.0-84949098327
33114,33115,2-s2.0-84948945960
33124,33125,2-s2.0-84942935491
33134,33135,2-s2.0-105008162874
33135,33136,2-s2.0-105008161441
33148,33149,2-s2.0-105011346152
33150,33151,2-s2.0-105011342821
33153,33154,2-s2.0-105009910321
33157,33158,2-s2.0-85212756442
33159,33160,2-s2.0-86000322737
33160,33161,2-s2.0-85219701606
33165,33166,2-s2.0-85218692877
33171,33172,2-s2.0-85218176438
33173,33174,2-s2.0-85218135597
33177,33178,2-s2.0-85214232247
33179,33180,2-s2.0-105013641822
33190,33191,2-s2.0-105011712875
33196,33197,2-s2.0-105010620078
33199,33200,2-s2.0-105010166870
33201,33202,2-s2.0-105009981382
33202,33203,2-s2.0-105009970102
33209,33210,2-s2.0-105009544855
33213,33214,2-s2.0-105009206485
33217,33218,2-s2.0-105008552553
33220,33221,2-s2.0-105008320008
33221,33222,2-s2.0-105008229460
33226,33227,2-s2.0-105007635620
33236,33237,2-s2.0-105005120261
33241,33242,2-s2.0-105004351424
33249,33250,2-s2.0-105001592051
33257,33258,2-s2.0-105013812959
33265,33266,2-s2.0-105013153292
33269,33270,2-s2.0-105009016306
33273,33274,2-s2.0-105006987280
33282,33283,2-s2.0-105011518789
33305,33306,2-s2.0-85219245250
33318,33319,2-s2.0-105013224943
33321,33322,2-s2.0-105012723999
33327,33328,2-s2.0-105011949562
33330,33331,2-s2.0-105011154204
33333,33334,2-s2.0-105009833026
33334,33335,2-s2.0-105008333442
33347,33348,2-s2.0-105004177424
33357,33358,2-s2.0-105013536143
33363,33364,2-s2.0-85217173754
33364,33365,2-s2.0-85216753951
33366,33367,2-s2.0-85209193104
33367,33368,2-s2.0-85207765368
33370,33371,2-s2.0-85201953804
33372,33373,2-s2.0-85200971134
33373,33374,2-s2.0-85200035050
33374,33375,2-s2.0-85196711221
33382,33383,2-s2.0-105013040774
33390,33391,2-s2.0-105012291405
33394,33395,2-s2.0-105011871245
33395,33396,2-s2.0-105011867290
33396,33397,2-s2.0-105011847297
33404,33405,2-s2.0-105011188463
33409,33410,2-s2.0-105009692785
33417,33418,2-s2.0-105008763494
33419,33420,2-s2.0-105008407206
33429,33430,2-s2.0-105006438599
33434,33435,2-s2.0-105005784070
33440,33441,2-s2.0-105004462531
33443,33444,2-s2.0-105002761872
33446,33447,2-s2.0-105002149378
33448,33449,2-s2.0-105001487342
33462,33463,2-s2.0-105009271604
33465,33466,2-s2.0-105013092061
33466,33467,2-s2.0-105011846151
33475,33476,2-s2.0-105013081683
33482,33483,2-s2.0-105011676888
33485,33486,2-s2.0-105009287805
33489,33490,2-s2.0-85209206995
33502,33503,2-s2.0-85217815637
33515,33516,2-s2.0-105013812657
33518,33519,2-s2.0-105013649331
33529,33530,2-s2.0-105011705521
33536,33537,2-s2.0-105011608281
33542,33543,2-s2.0-105011517062
33544,33545,2-s2.0-105011506698
33551,33552,2-s2.0-105011480980
33552,33553,2-s2.0-105011406462
33561,33562,2-s2.0-105010440718
33563,33564,2-s2.0-105009655133
33567,33568,2-s2.0-105008350113
33569,33570,2-s2.0-105007534350
33580,33581,2-s2.0-105003951736
33585,33586,2-s2.0-105013335590
33586,33587,2-s2.0-105013163543
33589,33590,2-s2.0-105010153077
33595,33596,2-s2.0-105012671812
33600,33601,2-s2.0-105011823991
33605,33606,2-s2.0-105010637120
33613,33614,2-s2.0-105010323161
33625,33626,2-s2.0-105012157891
33633,33634,2-s2.0-105009244132
33647,33648,2-s2.0-105009208240
33649,33650,2-s2.0-105008005213
33654,33655,2-s2.0-105011410506
33656,33657,2-s2.0-105008413918
33658,33659,2-s2.0-86000735415
33662,33663,2-s2.0-85218827225
33665,33666,2-s2.0-85217970445
33674,33675,2-s2.0-85217180359
33682,33683,2-s2.0-85214236820
33686,33687,2-s2.0-85213727143
33689,33690,2-s2.0-85212688309
33691,33692,2-s2.0-85212603718
33694,33695,2-s2.0-85212107256
33698,33699,2-s2.0-85210179612
33700,33701,2-s2.0-85207860969
33703,33704,2-s2.0-85207037973
33718,33719,2-s2.0-85192002701
33719,33720,2-s2.0-85191940769
33725,33726,2-s2.0-85176952108
33732,33733,2-s2.0-105010587066
33733,33734,2-s2.0-105010356554
33740,33741,2-s2.0-105009908893
33745,33746,2-s2.0-105009615387
33748,33749,2-s2.0-105009375339
33749,33750,2-s2.0-105009375037
33750,33751,2-s2.0-105009299904
33751,33752,2-s2.0-105009293876
33752,33753,2-s2.0-105009292980
33754,33755,2-s2.0-105009276361
33768,33769,2-s2.0-105008998171
33774,33775,2-s2.0-105008421451
33777,33778,2-s2.0-105007788798
33788,33789,2-s2.0-105007482854
33793,33794,2-s2.0-105007169954
33797,33798,2-s2.0-105005977217
33798,33799,2-s2.0-105005977138
33812,33813,2-s2.0-105003672876
33816,33817,2-s2.0-105003323406
33818,33819,2-s2.0-105002888134
33821,33822,2-s2.0-105002578426
33831,33832,2-s2.0-105001497493
33837,33838,2-s2.0-105002701964
33839,33840,2-s2.0-105011885797
33843,33844,2-s2.0-85204134596
33854,33855,2-s2.0-105007032776
33858,33859,2-s2.0-105008927112
33862,33863,2-s2.0-105005989581
33863,33864,2-s2.0-105003990413
33867,33868,2-s2.0-105003985877
33868,33869,2-s2.0-105003985821
33881,33882,2-s2.0-105010803415
33882,33883,2-s2.0-105010801815
33884,33885,2-s2.0-105004405806
33896,33897,2-s2.0-85218702808
33898,33899,2-s2.0-85218091586
33903,33904,2-s2.0-85216339394
33909,33910,2-s2.0-85211361439
33910,33911,2-s2.0-85211342012
33911,33912,2-s2.0-85210871608
33915,33916,2-s2.0-85210503610
33920,33921,2-s2.0-85204181441
33921,33922,2-s2.0-85189502271
33933,33934,2-s2.0-105007906128
33935,33936,2-s2.0-105006786890
33936,33937,2-s2.0-105006786000
33939,33940,2-s2.0-105006739664
33941,33942,2-s2.0-105006729230
33951,33952,2-s2.0-105005073912
33960,33961,2-s2.0-105003759041
33971,33972,2-s2.0-105002267734
33975,33976,2-s2.0-105002238888
33976,33977,2-s2.0-105002229183
33979,33980,2-s2.0-105002044184
33981,33982,2-s2.0-105001699267
33983,33984,2-s2.0-105001391225
33997,33998,2-s2.0-105005749117
33998,33999,2-s2.0-105005748528
34002,34003,2-s2.0-105005724132
34005,34006,2-s2.0-105005289840
34009,34010,2-s2.0-105010011413
34011,34012,2-s2.0-105005382157
34028,34029,2-s2.0-105003906062
34030,34031,2-s2.0-105003411367
34037,34038,2-s2.0-105007411612
34038,34039,2-s2.0-105007637905
34048,34049,2-s2.0-85219061181
34058,34059,2-s2.0-85217020111
34061,34062,2-s2.0-85216839334
34064,34065,2-s2.0-85216389789
34076,34077,2-s2.0-85210770519
34081,34082,2-s2.0-85192516900
34085,34086,2-s2.0-105010883564
34089,34090,2-s2.0-105007097336
34092,34093,2-s2.0-105005963727
34094,34095,2-s2.0-105005096244
34096,34097,2-s2.0-105004592868
34098,34099,2-s2.0-105004058987
34101,34102,2-s2.0-105003886472
34106,34107,2-s2.0-105003701369
34109,34110,2-s2.0-105003668718
34115,34116,2-s2.0-105003476218
34124,34125,2-s2.0-105003385044
34129,34130,2-s2.0-105002942319
34130,34131,2-s2.0-105002934849
34138,34139,2-s2.0-105001871881
34145,34146,2-s2.0-105001503359
34149,34150,2-s2.0-105001076227
34157,34158,2-s2.0-105002337410
34162,34163,2-s2.0-105002325618
34165,34166,2-s2.0-105002316280
34172,34173,2-s2.0-105002311195
34180,34181,2-s2.0-105002291996
34187,34188,2-s2.0-105006818729
34188,34189,2-s2.0-105002675162
34191,34192,2-s2.0-105007646615
34196,34197,2-s2.0-105001806347
34197,34198,2-s2.0-105001084767
34200,34201,2-s2.0-86000785388
34201,34202,2-s2.0-85217998968
34204,34205,2-s2.0-105001831556
34211,34212,2-s2.0-105001673379
34225,34226,2-s2.0-86000632751
34226,34227,2-s2.0-86000629183
34235,34236,2-s2.0-85219718565
34247,34248,2-s2.0-85217357696
34248,34249,2-s2.0-85216835531
34260,34261,2-s2.0-85211177211
34262,34263,2-s2.0-85211138551
34263,34264,2-s2.0-85211113935
34264,34265,2-s2.0-85210949959
34266,34267,2-s2.0-85209912395
34268,34269,2-s2.0-85208382126
34270,34271,2-s2.0-85207492092
34272,34273,2-s2.0-85206078814
34283,34284,2-s2.0-85190443842
34288,34289,2-s2.0-85182248429
34295,34296,2-s2.0-105012974695
34299,34300,2-s2.0-105011985681
34300,34301,2-s2.0-105011938198
34303,34304,2-s2.0-105010271193
34308,34309,2-s2.0-105007235770
34317,34318,2-s2.0-105005649761
34318,34319,2-s2.0-105004362295
34324,34325,2-s2.0-105003104155
34326,34327,2-s2.0-105002974746
34334,34335,2-s2.0-105001978949
34339,34340,2-s2.0-105001842561
34351,34352,2-s2.0-105001556855
34371,34372,2-s2.0-105001078352
34378,34379,2-s2.0-105001064538
34385,34386,2-s2.0-105000682580
34386,34387,2-s2.0-105000653321
34390,34391,2-s2.0-105000378999
34398,34399,2-s2.0-85217614750
34399,34400,2-s2.0-105000296116
34400,34401,2-s2.0-86000267981
34409,34410,2-s2.0-105005890432
34413,34414,2-s2.0-85218937158
34421,34422,2-s2.0-85218710857
34425,34426,2-s2.0-85219540804
34427,34428,2-s2.0-85219508868
34436,34437,2-s2.0-86000154672
34442,34443,2-s2.0-85219100954
34447,34448,2-s2.0-85218894173
34456,34457,2-s2.0-85217829829
34458,34459,2-s2.0-85217513432
34459,34460,2-s2.0-85217506548
34461,34462,2-s2.0-85217200485
34469,34470,2-s2.0-85211188619
34471,34472,2-s2.0-85210861164
34473,34474,2-s2.0-85210601837
34475,34476,2-s2.0-85210550375
34480,34481,2-s2.0-85208914007
34481,34482,2-s2.0-85208625981
34483,34484,2-s2.0-85208577270
34488,34489,2-s2.0-85207516606
34490,34491,2-s2.0-85207006737
34506,34507,2-s2.0-85198490237
34509,34510,2-s2.0-85195592841
34514,34515,2-s2.0-85192863144
34517,34518,2-s2.0-85185471206
34518,34519,2-s2.0-85183718425
34527,34528,2-s2.0-105003437655
34533,34534,2-s2.0-85214492216
34541,34542,2-s2.0-85219446200
34542,34543,2-s2.0-85219412509
34543,34544,2-s2.0-85219402270
34544,34545,2-s2.0-85219382739
34552,34553,2-s2.0-85218068404
34553,34554,2-s2.0-85218068216
34566,34567,2-s2.0-105003592766
34569,34570,2-s2.0-105002505330
34572,34573,2-s2.0-85217874428
34574,34575,2-s2.0-85214106995
34575,34576,2-s2.0-85213299627
34580,34581,2-s2.0-86000672729
34583,34584,2-s2.0-86000568279
34585,34586,2-s2.0-86000552495
34587,34588,2-s2.0-86000530322
34615,34616,2-s2.0-86000301332
34622,34623,2-s2.0-86000023478
34624,34625,2-s2.0-86000012822
34625,34626,2-s2.0-86000009792
34636,34637,2-s2.0-85219574686
34639,34640,2-s2.0-85219531123
34646,34647,2-s2.0-85219149381
34652,34653,2-s2.0-85219016638
34656,34657,2-s2.0-85218887527
34659,34660,2-s2.0-85218840149
34660,34661,2-s2.0-85218818521
34661,34662,2-s2.0-85218808585
34666,34667,2-s2.0-85218783652
34667,34668,2-s2.0-85218782782
34673,34674,2-s2.0-85218733511
34678,34679,2-s2.0-85218710340
34686,34687,2-s2.0-85218265362
34687,34688,2-s2.0-85218254719
34704,34705,2-s2.0-85218009327
34710,34711,2-s2.0-85217865742
34717,34718,2-s2.0-85217808218
34726,34727,2-s2.0-85217644463
34727,34728,2-s2.0-85217642684
34729,34730,2-s2.0-85217624492
34741,34742,2-s2.0-85217376973
34742,34743,2-s2.0-85217373221
34743,34744,2-s2.0-85217323451
34748,34749,2-s2.0-85217206319
34767,34768,2-s2.0-85217058469
34776,34777,2-s2.0-85216967665
34777,34778,2-s2.0-85216898987
34782,34783,2-s2.0-85216806657
34783,34784,2-s2.0-85216796605
34788,34789,2-s2.0-85216715359
34799,34800,2-s2.0-85216469392
34800,34801,2-s2.0-85216458532
34802,34803,2-s2.0-85216428204
34805,34806,2-s2.0-85216376240
34807,34808,2-s2.0-85216347857
34820,34821,2-s2.0-85215963561
34821,34822,2-s2.0-85215957686
34825,34826,2-s2.0-85215941479
34828,34829,2-s2.0-85215931356
34829,34830,2-s2.0-85215925375
34835,34836,2-s2.0-85215678968
34836,34837,2-s2.0-85215605892
34849,34850,2-s2.0-85215257121
34876,34877,2-s2.0-85214419164
34883,34884,2-s2.0-85214381558
34890,34891,2-s2.0-85214126777
34892,34893,2-s2.0-85214108125
34897,34898,2-s2.0-85213962153
34911,34912,2-s2.0-85212986329
34916,34917,2-s2.0-85212753913
34929,34930,2-s2.0-85212152150
34930,34931,2-s2.0-85211967268
34935,34936,2-s2.0-85211362221
34938,34939,2-s2.0-85211142663
34949,34950,2-s2.0-85209945853
34951,34952,2-s2.0-85209906843
34957,34958,2-s2.0-85209589973
34958,34959,2-s2.0-85209134268
34959,34960,2-s2.0-85209102112
34961,34962,2-s2.0-85208953536
34984,34985,2-s2.0-85206478779
34985,34986,2-s2.0-85206457221
34989,34990,2-s2.0-85205484477
34990,34991,2-s2.0-85205282754
34992,34993,2-s2.0-85204679322
34999,35000,2-s2.0-85203542021
35012,35013,2-s2.0-85199859994
35018,35019,2-s2.0-85199321923
35025,35026,2-s2.0-85197625922
35026,35027,2-s2.0-85197562966
35027,35028,2-s2.0-85197270352
35029,35030,2-s2.0-85196072613
35032,35033,2-s2.0-85195125640
35037,35038,2-s2.0-85192854185
35055,35056,2-s2.0-85185695412
35056,35057,2-s2.0-85185259863
35057,35058,2-s2.0-85184443244
35060,35061,2-s2.0-85182237613
35062,35063,2-s2.0-85181699369
35067,35068,2-s2.0-85175031638
35070,35071,2-s2.0-85174231138
35072,35073,2-s2.0-85174201156
35073,35074,2-s2.0-85173780307
35086,35087,2-s2.0-85147774261
35092,35093,2-s2.0-105013802558
35093,35094,2-s2.0-105013802106
35094,35095,2-s2.0-105013796345
35101,35102,2-s2.0-105013780855
35132,35133,2-s2.0-105013585197
35136,35137,2-s2.0-105013581632
35142,35143,2-s2.0-105013564607
35151,35152,2-s2.0-105013554479
35154,35155,2-s2.0-105013546364
35166,35167,2-s2.0-105013537543
35168,35169,2-s2.0-105013522500
35170,35171,2-s2.0-105013507083
35173,35174,2-s2.0-105013468093
35177,35178,2-s2.0-105013397396
35181,35182,2-s2.0-105013361491
35183,35184,2-s2.0-105013330730
35185,35186,2-s2.0-105013321649
35191,35192,2-s2.0-105013168139
35196,35197,2-s2.0-105013138280
35201,35202,2-s2.0-105013126966
35211,35212,2-s2.0-105013097991
35220,35221,2-s2.0-105013073960
35222,35223,2-s2.0-105013028006
35226,35227,2-s2.0-105013027090
35229,35230,2-s2.0-105013022604
35232,35233,2-s2.0-105013021115
35233,35234,2-s2.0-105013021018
35235,35236,2-s2.0-105013019777
35255,35256,2-s2.0-105012928369
35259,35260,2-s2.0-105012882112
35264,35265,2-s2.0-105012855154
35270,35271,2-s2.0-105012732113
35271,35272,2-s2.0-105012707736
35272,35273,2-s2.0-105012705867
35286,35287,2-s2.0-105012601441
35289,35290,2-s2.0-105012591090
35290,35291,2-s2.0-105012585465
35292,35293,2-s2.0-105012577480
35304,35305,2-s2.0-105012424500
35306,35307,2-s2.0-105012423560
35307,35308,2-s2.0-105012423077
35320,35321,2-s2.0-105012310673
35322,35323,2-s2.0-105012302469
35329,35330,2-s2.0-105012221208
35332,35333,2-s2.0-105012180231
35337,35338,2-s2.0-105012155671
35340,35341,2-s2.0-105012149604
35341,35342,2-s2.0-105012149000
35343,35344,2-s2.0-105012128063
35346,35347,2-s2.0-105012099356
35348,35349,2-s2.0-105012093719
35361,35362,2-s2.0-105012021241
35364,35365,2-s2.0-105012018968
35367,35368,2-s2.0-105011986505
35371,35372,2-s2.0-105011965279
35372,35373,2-s2.0-105011960518
35377,35378,2-s2.0-105011949578
35393,35394,2-s2.0-105011819533
35394,35395,2-s2.0-105011817993
35395,35396,2-s2.0-105011817210
35396,35397,2-s2.0-105011816909
35398,35399,2-s2.0-105011815528
35399,35400,2-s2.0-105011762038
35401,35402,2-s2.0-105011746043
35408,35409,2-s2.0-105011686677
35414,35415,2-s2.0-105011601017
35431,35432,2-s2.0-105011478693
35432,35433,2-s2.0-105011476092
35436,35437,2-s2.0-105011373104
35443,35444,2-s2.0-105011249305
35447,35448,2-s2.0-105011187201
35465,35466,2-s2.0-105011035854
35470,35471,2-s2.0-105010960039
35474,35475,2-s2.0-105010941922
35485,35486,2-s2.0-105010872079
35486,35487,2-s2.0-105010861821
35488,35489,2-s2.0-105010856001
35498,35499,2-s2.0-105010689260
35507,35508,2-s2.0-105010604690
35525,35526,2-s2.0-105010345514
35527,35528,2-s2.0-105010301270
35531,35532,2-s2.0-105010201996
35534,35535,2-s2.0-105010146242
35545,35546,2-s2.0-105009991062
35546,35547,2-s2.0-105009990855
35555,35556,2-s2.0-105009883291
35556,35557,2-s2.0-105009882680
35560,35561,2-s2.0-105009828342
35570,35571,2-s2.0-105009683569
35578,35579,2-s2.0-105009536202
35581,35582,2-s2.0-105009523908
35582,35583,2-s2.0-105009523480
35591,35592,2-s2.0-105009465094
35595,35596,2-s2.0-105009403474
35596,35597,2-s2.0-105009402707
35600,35601,2-s2.0-105009338776
35610,35611,2-s2.0-105009261275
35611,35612,2-s2.0-105009255789
35612,35613,2-s2.0-105009249070
35614,35615,2-s2.0-105009247307
35616,35617,2-s2.0-105009236527
35622,35623,2-s2.0-105009225727
35630,35631,2-s2.0-105009144968
35666,35667,2-s2.0-105008673286
35672,35673,2-s2.0-105008578014
35676,35677,2-s2.0-105008522436
35685,35686,2-s2.0-105008459230
35689,35690,2-s2.0-105008394742
35690,35691,2-s2.0-105008387621
35691,35692,2-s2.0-105008371738
35708,35709,2-s2.0-105008229215
35715,35716,2-s2.0-105008222654
35717,35718,2-s2.0-105008218868
35725,35726,2-s2.0-105008208756
35730,35731,2-s2.0-105008205943
35734,35735,2-s2.0-105008203541
35735,35736,2-s2.0-105008202413
35737,35738,2-s2.0-105008201404
35739,35740,2-s2.0-105008198510
35743,35744,2-s2.0-105008195189
35745,35746,2-s2.0-105008193918
35749,35750,2-s2.0-105008186040
35751,35752,2-s2.0-105008185755
35754,35755,2-s2.0-105008181002
35759,35760,2-s2.0-105008177778
35764,35765,2-s2.0-105008160075
35771,35772,2-s2.0-105007985296
35773,35774,2-s2.0-105007950794
35780,35781,2-s2.0-105007883795
35781,35782,2-s2.0-105007873769
35790,35791,2-s2.0-105007769305
35794,35795,2-s2.0-105007752970
35800,35801,2-s2.0-105007673203
35804,35805,2-s2.0-105007627629
35806,35807,2-s2.0-105007579702
35812,35813,2-s2.0-105007543457
35820,35821,2-s2.0-105007435871
35823,35824,2-s2.0-105007412960
35830,35831,2-s2.0-105007391954
35837,35838,2-s2.0-105007345077
35844,35845,2-s2.0-105007304988
35845,35846,2-s2.0-105007298660
35847,35848,2-s2.0-105007288645
35852,35853,2-s2.0-105007216184
35854,35855,2-s2.0-105007195437
35857,35858,2-s2.0-105007172896
35866,35867,2-s2.0-105007098380
35868,35869,2-s2.0-105007088276
35870,35871,2-s2.0-105007043042
35871,35872,2-s2.0-105007040512
35874,35875,2-s2.0-105007031911
35887,35888,2-s2.0-105006917117
35888,35889,2-s2.0-105006915158
35890,35891,2-s2.0-105006902029
35897,35898,2-s2.0-105006874101
35898,35899,2-s2.0-105006867311
35899,35900,2-s2.0-105006845961
35901,35902,2-s2.0-105006832096
35906,35907,2-s2.0-105006821176
35908,35909,2-s2.0-105006817108
35909,35910,2-s2.0-105006816826
35912,35913,2-s2.0-105006809633
35916,35917,2-s2.0-105006788880
35919,35920,2-s2.0-105006769012
35927,35928,2-s2.0-105006635414
35934,35935,2-s2.0-105006514285
35937,35938,2-s2.0-105006475451
35940,35941,2-s2.0-105006420104
35944,35945,2-s2.0-105005946916
35948,35949,2-s2.0-105005906607
35952,35953,2-s2.0-105005898617
35955,35956,2-s2.0-105005872052
35973,35974,2-s2.0-105005766358
35980,35981,2-s2.0-105005712646
35982,35983,2-s2.0-105005690503
35997,35998,2-s2.0-105005464420
35998,35999,2-s2.0-105005443412
36003,36004,2-s2.0-105005391904
36004,36005,2-s2.0-105005361535
36017,36018,2-s2.0-105005150309
36031,36032,2-s2.0-105005064139
36037,36038,2-s2.0-105005052240
36042,36043,2-s2.0-105005032260
36055,36056,2-s2.0-105004947894
36065,36066,2-s2.0-105004789178
36074,36075,2-s2.0-105004633807
36075,36076,2-s2.0-105004629059
36077,36078,2-s2.0-105004622623
36078,36079,2-s2.0-105004622180
36081,36082,2-s2.0-105004616779
36086,36087,2-s2.0-105004610885
36087,36088,2-s2.0-105004609733
36090,36091,2-s2.0-105004597181
36091,36092,2-s2.0-105004597031
36106,36107,2-s2.0-105004436503
36112,36113,2-s2.0-105004349706
36115,36116,2-s2.0-105004345875
36116,36117,2-s2.0-105004340929
36121,36122,2-s2.0-105004254000
36126,36127,2-s2.0-105004171844
36132,36133,2-s2.0-105004050402
36137,36138,2-s2.0-105004008071
36140,36141,2-s2.0-105004006047
36141,36142,2-s2.0-105004005541
36144,36145,2-s2.0-105003998590
36148,36149,2-s2.0-105003929502
36151,36152,2-s2.0-105003905533
36159,36160,2-s2.0-105003772481
36163,36164,2-s2.0-105003766520
36169,36170,2-s2.0-105003724892
36175,36176,2-s2.0-105003677637
36178,36179,2-s2.0-105003641921
36189,36190,2-s2.0-105003631517
36194,36195,2-s2.0-105003627003
36208,36209,2-s2.0-105003430687
36215,36216,2-s2.0-105003396789
36216,36217,2-s2.0-105003393816
36218,36219,2-s2.0-105003387329
36220,36221,2-s2.0-105003371060
36229,36230,2-s2.0-105003252513
36231,36232,2-s2.0-105003238904
36240,36241,2-s2.0-105003195505
36242,36243,2-s2.0-105003194210
36249,36250,2-s2.0-105003140629
36254,36255,2-s2.0-105003084847
36255,36256,2-s2.0-105003045880
36263,36264,2-s2.0-105002789450
36265,36266,2-s2.0-105002772886
36270,36271,2-s2.0-105002737530
36277,36278,2-s2.0-105002706249
36283,36284,2-s2.0-105002642922
36285,36286,2-s2.0-105002619195
36287,36288,2-s2.0-105002595997
36290,36291,2-s2.0-105002556824
36295,36296,2-s2.0-105002483920
36301,36302,2-s2.0-105002437181
36303,36304,2-s2.0-105002429959
36306,36307,2-s2.0-105002425559
36309,36310,2-s2.0-105002369476
36314,36315,2-s2.0-105002322110
36315,36316,2-s2.0-105002320542
36326,36327,2-s2.0-105002165813
36327,36328,2-s2.0-105002162444
36333,36334,2-s2.0-105002050895
36335,36336,2-s2.0-105002043671
36336,36337,2-s2.0-105002042191
36338,36339,2-s2.0-105002006602
36351,36352,2-s2.0-105001944220
36354,36355,2-s2.0-105001938379
36356,36357,2-s2.0-105001877320
36365,36366,2-s2.0-105001828787
36368,36369,2-s2.0-105001821275
36370,36371,2-s2.0-105001803281
36376,36377,2-s2.0-105001741834
36377,36378,2-s2.0-105001728928
36385,36386,2-s2.0-105001591530
36395,36396,2-s2.0-105001504538
36396,36397,2-s2.0-105001498000
36400,36401,2-s2.0-105001474432
36406,36407,2-s2.0-105001417760
36408,36409,2-s2.0-105001414368
36410,36411,2-s2.0-105001410926
36414,36415,2-s2.0-105001381647
36418,36419,2-s2.0-105001362508
36430,36431,2-s2.0-105001308655
36431,36432,2-s2.0-105001294565
36443,36444,2-s2.0-105001198601
36444,36445,2-s2.0-105001193387
36449,36450,2-s2.0-105001135942
36457,36458,2-s2.0-105001048707
36463,36464,2-s2.0-105000983223
36476,36477,2-s2.0-105000723253
36482,36483,2-s2.0-105000555717
36483,36484,2-s2.0-105000550469
36486,36487,2-s2.0-105000501328
36495,36496,2-s2.0-105000397356
36517,36518,2-s2.0-105000077593
36519,36520,2-s2.0-105000018594
36523,36524,2-s2.0-85214879236
36524,36525,2-s2.0-85203641512
36526,36527,2-s2.0-85192712082
36532,36533,2-s2.0-85214505405
36533,36534,2-s2.0-85212008136
36535,36536,2-s2.0-85212019769
36546,36547,2-s2.0-85210588557
36548,36549,2-s2.0-85209952664
36549,36550,2-s2.0-85206961741
36562,36563,2-s2.0-85212955139
36567,36568,2-s2.0-85212925255
36568,36569,2-s2.0-85212923150
36578,36579,2-s2.0-85217968871
36584,36585,2-s2.0-85217523937
36586,36587,2-s2.0-85217377269
36595,36596,2-s2.0-85215068255
36601,36602,2-s2.0-85213508507
36604,36605,2-s2.0-85213480213
36607,36608,2-s2.0-85213457929
36612,36613,2-s2.0-85213411121
36618,36619,2-s2.0-85212970210
36620,36621,2-s2.0-85212796828
36622,36623,2-s2.0-85212686650
36625,36626,2-s2.0-85212656242
36628,36629,2-s2.0-85212601309
36630,36631,2-s2.0-85212598175
36631,36632,2-s2.0-85212520634
36635,36636,2-s2.0-85212154698
36642,36643,2-s2.0-85211771259
36654,36655,2-s2.0-85211143728
36661,36662,2-s2.0-85211085301
36662,36663,2-s2.0-85211082498
36663,36664,2-s2.0-85211011829
36665,36666,2-s2.0-85210997987
36668,36669,2-s2.0-85210941271
36675,36676,2-s2.0-85210172032
36678,36679,2-s2.0-85209895336
36679,36680,2-s2.0-85209802405
36681,36682,2-s2.0-85209717570
36685,36686,2-s2.0-85209536900
36692,36693,2-s2.0-85209152948
36696,36697,2-s2.0-85208462358
36701,36702,2-s2.0-85208141743
36703,36704,2-s2.0-85208127099
36705,36706,2-s2.0-85208062359
36706,36707,2-s2.0-85208045219
36712,36713,2-s2.0-85207430447
36716,36717,2-s2.0-85206850227
36722,36723,2-s2.0-85206475400
36725,36726,2-s2.0-85206086210
36740,36741,2-s2.0-85205306967
36760,36761,2-s2.0-85204142606
36762,36763,2-s2.0-85204051493
36764,36765,2-s2.0-85203703607
36767,36768,2-s2.0-85203534726
36774,36775,2-s2.0-85202891990
36780,36781,2-s2.0-85201782633
36786,36787,2-s2.0-85201303293
36788,36789,2-s2.0-85200762079
36789,36790,2-s2.0-85200040636
36800,36801,2-s2.0-85197850548
36808,36809,2-s2.0-85196657896
36809,36810,2-s2.0-85196488392
36811,36812,2-s2.0-85196097829
36819,36820,2-s2.0-85194838950
36826,36827,2-s2.0-85192055625
36827,36828,2-s2.0-85192048228
36829,36830,2-s2.0-85191174182
36839,36840,2-s2.0-85188531410
36850,36851,2-s2.0-85186581331
36855,36856,2-s2.0-85185283357
36865,36866,2-s2.0-85177851965
36866,36867,2-s2.0-85176790339
36868,36869,2-s2.0-85174502059
36869,36870,2-s2.0-85173741872
36870,36871,2-s2.0-85173060620
36873,36874,2-s2.0-85169101119
36883,36884,2-s2.0-85140114035
36894,36895,2-s2.0-105000325238
36898,36899,2-s2.0-85212520370
36899,36900,2-s2.0-85210345234
36900,36901,2-s2.0-85189954271
36901,36902,2-s2.0-86000266183
36902,36903,2-s2.0-86000207331
36908,36909,2-s2.0-85210819430
36910,36911,2-s2.0-85212910896
36914,36915,2-s2.0-85212895524
36919,36920,2-s2.0-105001887845
36938,36939,2-s2.0-85208171952
36940,36941,2-s2.0-85215511661
36943,36944,2-s2.0-85206263753
36951,36952,2-s2.0-85215603309
36960,36961,2-s2.0-85215573833
36962,36963,2-s2.0-85215559728
36965,36966,2-s2.0-85215378357
36974,36975,2-s2.0-85210994786
36978,36979,2-s2.0-85210902993
36980,36981,2-s2.0-85210585063
36991,36992,2-s2.0-85210026303
36996,36997,2-s2.0-85209719393
37004,37005,2-s2.0-85207384247
37010,37011,2-s2.0-85204356413
37014,37015,2-s2.0-85203267694
37018,37019,2-s2.0-85202490403
37022,37023,2-s2.0-85201962697
37025,37026,2-s2.0-85201823525
37028,37029,2-s2.0-85200975015
37031,37032,2-s2.0-85200383744
37035,37036,2-s2.0-85199980833
37039,37040,2-s2.0-85198910229
37044,37045,2-s2.0-85197423836
37048,37049,2-s2.0-85193275483
37053,37054,2-s2.0-85190138071
37055,37056,2-s2.0-85189471293
37063,37064,2-s2.0-85165364836
37064,37065,2-s2.0-85153038332
37067,37068,2-s2.0-105009454315
37080,37081,2-s2.0-85209093868
37084,37085,2-s2.0-85206424243
37091,37092,2-s2.0-85206060263
37095,37096,2-s2.0-85207177798
37118,37119,2-s2.0-85210108424
37125,37126,2-s2.0-85208384387
37131,37132,2-s2.0-85207735097
37136,37137,2-s2.0-85207718233
37145,37146,2-s2.0-85207402603
37149,37150,2-s2.0-85206572117
37154,37155,2-s2.0-85204991820
37156,37157,2-s2.0-85204873396
37167,37168,2-s2.0-85201108630
37172,37173,2-s2.0-85200033883
37183,37184,2-s2.0-85198419200
37185,37186,2-s2.0-85198081363
37193,37194,2-s2.0-85196623650
37195,37196,2-s2.0-85196529224
37197,37198,2-s2.0-85196111049
37205,37206,2-s2.0-85194825459
37207,37208,2-s2.0-85194502217
37209,37210,2-s2.0-85194133256
37210,37211,2-s2.0-85193978159
37219,37220,2-s2.0-85187885833
37220,37221,2-s2.0-85186416453
37223,37224,2-s2.0-85182660088
37226,37227,2-s2.0-85180240542
37233,37234,2-s2.0-85166353121
37247,37248,2-s2.0-85204648590
37251,37252,2-s2.0-85207308910
37252,37253,2-s2.0-85210880273
37259,37260,2-s2.0-85206563129
37260,37261,2-s2.0-85206085416
37267,37268,2-s2.0-85204945155
37272,37273,2-s2.0-85206072020
37275,37276,2-s2.0-85205573805
37277,37278,2-s2.0-85202268112
37279,37280,2-s2.0-86000333943
37283,37284,2-s2.0-85218740581
37288,37289,2-s2.0-85212705296
37291,37292,2-s2.0-85211178989
37303,37304,2-s2.0-85209726165
37304,37305,2-s2.0-85209643656
37306,37307,2-s2.0-85209196553
37316,37317,2-s2.0-85205255899
37320,37321,2-s2.0-85205227586
37324,37325,2-s2.0-85205217038
37330,37331,2-s2.0-85204050480
37340,37341,2-s2.0-85201762702
37348,37349,2-s2.0-85201364508
37349,37350,2-s2.0-85201324875
37352,37353,2-s2.0-85200796073
37357,37358,2-s2.0-85200740044
37361,37362,2-s2.0-85200193654
37364,37365,2-s2.0-85200111335
37370,37371,2-s2.0-85199164153
37376,37377,2-s2.0-85198990449
37377,37378,2-s2.0-85198722459
37381,37382,2-s2.0-85198341568
37385,37386,2-s2.0-85197439577
37391,37392,2-s2.0-85196139322
37392,37393,2-s2.0-85196026101
37393,37394,2-s2.0-85195537423
37394,37395,2-s2.0-85195416639
37398,37399,2-s2.0-85194837877
37400,37401,2-s2.0-85194390910
37402,37403,2-s2.0-85193474775
37403,37404,2-s2.0-85192903955
37404,37405,2-s2.0-85192853531
37408,37409,2-s2.0-85192079423
37412,37413,2-s2.0-85190464106
37416,37417,2-s2.0-85186563383
37417,37418,2-s2.0-85186456282
37428,37429,2-s2.0-85163700981
37440,37441,2-s2.0-85205906936
37441,37442,2-s2.0-85203439008
37445,37446,2-s2.0-85203169484
37446,37447,2-s2.0-85203051046
37449,37450,2-s2.0-85205216307
37450,37451,2-s2.0-85202005520
37454,37455,2-s2.0-85204847020
37466,37467,2-s2.0-85202153388
37468,37469,2-s2.0-85203488847
37482,37483,2-s2.0-85205831906
37485,37486,2-s2.0-85204617031
37488,37489,2-s2.0-85204302735
37491,37492,2-s2.0-85203438244
37494,37495,2-s2.0-85202782984
37502,37503,2-s2.0-85202606066
37505,37506,2-s2.0-85202599836
37508,37509,2-s2.0-85202481073
37510,37511,2-s2.0-85202475169
37517,37518,2-s2.0-85201539102
37526,37527,2-s2.0-85201046288
37527,37528,2-s2.0-85200814242
37537,37538,2-s2.0-85198062376
37538,37539,2-s2.0-85197625800
37541,37542,2-s2.0-85197143431
37545,37546,2-s2.0-85196624415
37551,37552,2-s2.0-85194371915
37552,37553,2-s2.0-85194269463
37555,37556,2-s2.0-85194181817
37560,37561,2-s2.0-85193683747
37572,37573,2-s2.0-85190558375
37579,37580,2-s2.0-85188182391
37590,37591,2-s2.0-85180195547
37613,37614,2-s2.0-85212508874
37625,37626,2-s2.0-85201115367
37628,37629,2-s2.0-85201105461
37634,37635,2-s2.0-85201073245
37638,37639,2-s2.0-85200141411
37640,37641,2-s2.0-85198586550
37642,37643,2-s2.0-85199892623
37659,37660,2-s2.0-85208756557
37670,37671,2-s2.0-85208690090
37673,37674,2-s2.0-85201415038
37678,37679,2-s2.0-85206203223
37688,37689,2-s2.0-85201900057
37695,37696,2-s2.0-85200831718
37696,37697,2-s2.0-85200776922
37698,37699,2-s2.0-85200635144
37724,37725,2-s2.0-85198706358
37727,37728,2-s2.0-85198329362
37730,37731,2-s2.0-85197397934
37737,37738,2-s2.0-85195875782
37738,37739,2-s2.0-85195285690
37753,37754,2-s2.0-85188827376
37755,37756,2-s2.0-85187481243
37759,37760,2-s2.0-85186250738
37765,37766,2-s2.0-85179309647
37769,37770,2-s2.0-85178491685
37778,37779,2-s2.0-85150710761
37810,37811,2-s2.0-85202075701
37814,37815,2-s2.0-85202073727
37815,37816,2-s2.0-85202073698
37820,37821,2-s2.0-85202070734
37826,37827,2-s2.0-85202068751
37828,37829,2-s2.0-85202068489
37831,37832,2-s2.0-85202066921
37836,37837,2-s2.0-85202066314
37848,37849,2-s2.0-85202063406
37849,37850,2-s2.0-85202063265
37857,37858,2-s2.0-85202060696
37859,37860,2-s2.0-85202059977
37861,37862,2-s2.0-85202059257
37867,37868,2-s2.0-85202056388
37877,37878,2-s2.0-85202053091
37884,37885,2-s2.0-85202050844
37903,37904,2-s2.0-85202043157
37904,37905,2-s2.0-85202043046
37911,37912,2-s2.0-85202040671
37914,37915,2-s2.0-85202038782
37924,37925,2-s2.0-85202035948
37928,37929,2-s2.0-85202035389
37937,37938,2-s2.0-85202033183
37940,37941,2-s2.0-85202032996
37942,37943,2-s2.0-85202031718
37945,37946,2-s2.0-85202030931
37960,37961,2-s2.0-85202023007
37966,37967,2-s2.0-85202021580
37967,37968,2-s2.0-85202021228
37979,37980,2-s2.0-85202017623
37994,37995,2-s2.0-85202014433
38004,38005,2-s2.0-85202013065
38012,38013,2-s2.0-85202011254
38014,38015,2-s2.0-85202011008
38016,38017,2-s2.0-85202009924
38021,38022,2-s2.0-85205367598
38028,38029,2-s2.0-85192961639
38029,38030,2-s2.0-85199345945
38030,38031,2-s2.0-85197137756
38031,38032,2-s2.0-85197935528
38036,38037,2-s2.0-85202743432
38039,38040,2-s2.0-85202515579
38046,38047,2-s2.0-85196057663
38049,38050,2-s2.0-85196183781
38055,38056,2-s2.0-85192548178
38057,38058,2-s2.0-85219740429
38059,38060,2-s2.0-85216388327
38065,38066,2-s2.0-85207826459
38080,38081,2-s2.0-85200376690
38081,38082,2-s2.0-85199442235
38089,38090,2-s2.0-85198387553
38093,38094,2-s2.0-85198061329
38100,38101,2-s2.0-85197261424
38101,38102,2-s2.0-85197202781
38104,38105,2-s2.0-85197188449
38108,38109,2-s2.0-85197149823
38115,38116,2-s2.0-85196903968
38117,38118,2-s2.0-85196781169
38118,38119,2-s2.0-85196779490
38120,38121,2-s2.0-85196142953
38122,38123,2-s2.0-85195864660
38125,38126,2-s2.0-85195693480
38129,38130,2-s2.0-85195462727
38132,38133,2-s2.0-85194867061
38134,38135,2-s2.0-85194158128
38140,38141,2-s2.0-85193696785
38142,38143,2-s2.0-85193619888
38152,38153,2-s2.0-85192383806
38154,38155,2-s2.0-85192361811
38164,38165,2-s2.0-85191685579
38171,38172,2-s2.0-85190655380
38179,38180,2-s2.0-85189561192
38187,38188,2-s2.0-85188463182
38188,38189,2-s2.0-85188015440
38201,38202,2-s2.0-85184860169
38204,38205,2-s2.0-85183016539
38205,38206,2-s2.0-85182946901
38207,38208,2-s2.0-85182846925
38214,38215,2-s2.0-85181741498
38216,38217,2-s2.0-85179682484
38224,38225,2-s2.0-85174240050
38229,38230,2-s2.0-85171667683
38248,38249,2-s2.0-85142275504
38252,38253,2-s2.0-85116479776
38253,38254,2-s2.0-85107869302
38256,38257,2-s2.0-85201633773
38259,38260,2-s2.0-85192868376
38264,38265,2-s2.0-85194745013
38288,38289,2-s2.0-85187894668
38291,38292,2-s2.0-85196236209
38303,38304,2-s2.0-85217015248
38317,38318,2-s2.0-85197943294
38320,38321,2-s2.0-85197252254
38352,38353,2-s2.0-85193001664
38354,38355,2-s2.0-85192702733
38355,38356,2-s2.0-85192520028
38360,38361,2-s2.0-85190406666
38364,38365,2-s2.0-85189084915
38367,38368,2-s2.0-85188553241
38380,38381,2-s2.0-85183917796
38390,38391,2-s2.0-85164168215
38395,38396,2-s2.0-85198505271
38400,38401,2-s2.0-85193018854
38407,38408,2-s2.0-85192993821
38410,38411,2-s2.0-85192954698
38411,38412,2-s2.0-85192845422
38414,38415,2-s2.0-85192362459
38422,38423,2-s2.0-85191976319
38424,38425,2-s2.0-85191968393
38425,38426,2-s2.0-85191963301
38428,38429,2-s2.0-85191945558
38429,38430,2-s2.0-85192568710
38436,38437,2-s2.0-85191028256
38437,38438,2-s2.0-85191027173
38445,38446,2-s2.0-85190968365
38446,38447,2-s2.0-85190966157
38448,38449,2-s2.0-85190950153
38449,38450,2-s2.0-85190945189
38450,38451,2-s2.0-85191701886
38457,38458,2-s2.0-85204466574
38467,38468,2-s2.0-85190674584
38471,38472,2-s2.0-85190642596
38472,38473,2-s2.0-85214787381
38473,38474,2-s2.0-85202665099
38501,38502,2-s2.0-85191292133
38507,38508,2-s2.0-85190482506
38520,38521,2-s2.0-85186998949
38524,38525,2-s2.0-85186462906
38528,38529,2-s2.0-85184740863
38541,38542,2-s2.0-85176410255
38547,38548,2-s2.0-85173537045
38552,38553,2-s2.0-85166581713
38561,38562,2-s2.0-85149070568
38564,38565,2-s2.0-85143706945
38566,38567,2-s2.0-85141472552
38570,38571,2-s2.0-85139265016
38571,38572,2-s2.0-85137928219
38576,38577,2-s2.0-85191345968
38581,38582,2-s2.0-85185354954
38585,38586,2-s2.0-85189970378
38609,38610,2-s2.0-85189151495
38612,38613,2-s2.0-85189136990
38623,38624,2-s2.0-85188452067
38626,38627,2-s2.0-85189705862
38628,38629,2-s2.0-85187551883
38630,38631,2-s2.0-85189238564
38653,38654,2-s2.0-85192005465
38656,38657,2-s2.0-85190272894
38667,38668,2-s2.0-85188821610
38670,38671,2-s2.0-85188779736
38677,38678,2-s2.0-85188447824
38682,38683,2-s2.0-85187156786
38685,38686,2-s2.0-85186870047
38687,38688,2-s2.0-85186695258
38699,38700,2-s2.0-85184908201
38700,38701,2-s2.0-85184192278
38706,38707,2-s2.0-85182703701
38717,38718,2-s2.0-85176142944
38721,38722,2-s2.0-85172678833
38724,38725,2-s2.0-85164486266
38729,38730,2-s2.0-85159801162
38732,38733,2-s2.0-85147761672
38735,38736,2-s2.0-85141749963
38746,38747,2-s2.0-85189063986
38762,38763,2-s2.0-85186510411
38766,38767,2-s2.0-85186499209
38768,38769,2-s2.0-85184500836
38785,38786,2-s2.0-85192779442
38791,38792,2-s2.0-85190418967
38794,38795,2-s2.0-85190100612
38796,38797,2-s2.0-85188470169
38797,38798,2-s2.0-85188445849
38798,38799,2-s2.0-85188445808
38800,38801,2-s2.0-85188322782
38805,38806,2-s2.0-85188056486
38808,38809,2-s2.0-85187268600
38812,38813,2-s2.0-85186628262
38815,38816,2-s2.0-85186253306
38819,38820,2-s2.0-85185930801
38822,38823,2-s2.0-85185908404
38829,38830,2-s2.0-85184379084
38830,38831,2-s2.0-85183996050
38834,38835,2-s2.0-85179708786
38844,38845,2-s2.0-85175971116
38849,38850,2-s2.0-85169170713
38850,38851,2-s2.0-85166926725
38859,38860,2-s2.0-85159074800
38864,38865,2-s2.0-85137924413
38872,38873,2-s2.0-85184307296
38875,38876,2-s2.0-85201014912
38880,38881,2-s2.0-85184579458
38883,38884,2-s2.0-85174228825
38885,38886,2-s2.0-85183296618
38890,38891,2-s2.0-85182579277
38892,38893,2-s2.0-85182550421
38898,38899,2-s2.0-85164359269
38902,38903,2-s2.0-86000613762
38912,38913,2-s2.0-86000113246
38917,38918,2-s2.0-86000056834
38923,38924,2-s2.0-85219693884
38924,38925,2-s2.0-85219651660
38928,38929,2-s2.0-85219555730
38934,38935,2-s2.0-85219425110
38935,38936,2-s2.0-85219419374
38947,38948,2-s2.0-85219287733
38949,38950,2-s2.0-85219267283
38950,38951,2-s2.0-85219262998
38953,38954,2-s2.0-85219227876
38954,38955,2-s2.0-85219216544
38962,38963,2-s2.0-85218886327
38978,38979,2-s2.0-85218642558
39001,39002,2-s2.0-85218625948
39004,39005,2-s2.0-85218623995
39014,39015,2-s2.0-85218351341
39019,39020,2-s2.0-85218220795
39023,39024,2-s2.0-85218191488
39028,39029,2-s2.0-85218136262
39033,39034,2-s2.0-85218039534
39038,39039,2-s2.0-85217996440
39039,39040,2-s2.0-85217983430
39053,39054,2-s2.0-85217559594
39057,39058,2-s2.0-85217501468
39058,39059,2-s2.0-85217480883
39065,39066,2-s2.0-85217214383
39071,39072,2-s2.0-85216995040
39078,39079,2-s2.0-85216801690
39084,39085,2-s2.0-85216790397
39087,39088,2-s2.0-85216787113
39088,39089,2-s2.0-85216786774
39090,39091,2-s2.0-85216778659
39101,39102,2-s2.0-85216719131
39103,39104,2-s2.0-85216680950
39106,39107,2-s2.0-85216554850
39111,39112,2-s2.0-85216464973
39113,39114,2-s2.0-85216408670
39116,39117,2-s2.0-85216385090
39117,39118,2-s2.0-85216367797
39118,39119,2-s2.0-85216275885
39125,39126,2-s2.0-85216083742
39127,39128,2-s2.0-85216033857
39132,39133,2-s2.0-85215927213
39133,39134,2-s2.0-85215816137
39136,39137,2-s2.0-85215688790
39137,39138,2-s2.0-85215688658
39138,39139,2-s2.0-85215687367
39139,39140,2-s2.0-85215686956
39143,39144,2-s2.0-85215602061
39148,39149,2-s2.0-85215503703
39151,39152,2-s2.0-85215358921
39156,39157,2-s2.0-85215132280
39168,39169,2-s2.0-85214863879
39170,39171,2-s2.0-85214813646
39178,39179,2-s2.0-85214636536
39197,39198,2-s2.0-85214100833
39200,39201,2-s2.0-85214001260
39203,39204,2-s2.0-85213976181
39208,39209,2-s2.0-85213812274
39219,39220,2-s2.0-85213344699
39223,39224,2-s2.0-85213326190
39224,39225,2-s2.0-85213315203
39227,39228,2-s2.0-85213057055
39240,39241,2-s2.0-85212928673
39242,39243,2-s2.0-85212921939
39251,39252,2-s2.0-85212838914
39252,39253,2-s2.0-85212819649
39257,39258,2-s2.0-85212779035
39269,39270,2-s2.0-85212515455
39270,39271,2-s2.0-85212501869
39272,39273,2-s2.0-85212484429
39273,39274,2-s2.0-85212480987
39289,39290,2-s2.0-85212146961
39293,39294,2-s2.0-85212114709
39294,39295,2-s2.0-85212113040
39304,39305,2-s2.0-85212069889
39312,39313,2-s2.0-85212041279
39315,39316,2-s2.0-85212018784
39320,39321,2-s2.0-85211951667
39322,39323,2-s2.0-85211901347
39323,39324,2-s2.0-85211882246
39329,39330,2-s2.0-85211792418
39337,39338,2-s2.0-85211602347
39339,39340,2-s2.0-85211576995
39348,39349,2-s2.0-85211485242
39357,39358,2-s2.0-85211377967
39368,39369,2-s2.0-85211153290
39377,39378,2-s2.0-85211119083
39388,39389,2-s2.0-85211081234
39399,39400,2-s2.0-85210868919
39400,39401,2-s2.0-85210863760
39407,39408,2-s2.0-85210740422
39415,39416,2-s2.0-85210416944
39416,39417,2-s2.0-85210415097
39422,39423,2-s2.0-85210251396
39425,39426,2-s2.0-85210227477
39434,39435,2-s2.0-85210006470
39443,39444,2-s2.0-85209872297
39449,39450,2-s2.0-85209772732
39464,39465,2-s2.0-85209241970
39472,39473,2-s2.0-85209190369
39474,39475,2-s2.0-85209181109
39481,39482,2-s2.0-85209105268
39482,39483,2-s2.0-85209103618
39486,39487,2-s2.0-85209063082
39487,39488,2-s2.0-85208989859
39489,39490,2-s2.0-85208904298
39506,39507,2-s2.0-85208588475
39517,39518,2-s2.0-85208429587
39519,39520,2-s2.0-85208373029
39520,39521,2-s2.0-85208368006
39527,39528,2-s2.0-85208255856
39534,39535,2-s2.0-85208136202
39551,39552,2-s2.0-85207587533
39556,39557,2-s2.0-85207472630
39557,39558,2-s2.0-85207423480
39561,39562,2-s2.0-85207357329
39568,39569,2-s2.0-85207254715
39569,39570,2-s2.0-85207247112
39571,39572,2-s2.0-85207223516
39577,39578,2-s2.0-85207086352
39578,39579,2-s2.0-85207048590
39585,39586,2-s2.0-85207007624
39589,39590,2-s2.0-85206919927
39594,39595,2-s2.0-85206819220
39598,39599,2-s2.0-85206687027
39603,39604,2-s2.0-85206655139
39604,39605,2-s2.0-85206653050
39607,39608,2-s2.0-85206643694
39620,39621,2-s2.0-85206492320
39630,39631,2-s2.0-85206209986
39636,39637,2-s2.0-85206114904
39645,39646,2-s2.0-85206055511
39650,39651,2-s2.0-85206039069
39656,39657,2-s2.0-85206025471
39664,39665,2-s2.0-85205929650
39666,39667,2-s2.0-85205719945
39678,39679,2-s2.0-85205588255
39681,39682,2-s2.0-85205578836
39689,39690,2-s2.0-85205550635
39690,39691,2-s2.0-85205548581
39691,39692,2-s2.0-85205546678
39692,39693,2-s2.0-85205545232
39694,39695,2-s2.0-85205541935
39696,39697,2-s2.0-85205540553
39700,39701,2-s2.0-85205530714
39702,39703,2-s2.0-85205460047
39705,39706,2-s2.0-85205390601
39710,39711,2-s2.0-85205371957
39717,39718,2-s2.0-85205347444
39729,39730,2-s2.0-85205239841
39731,39732,2-s2.0-85205228987
39734,39735,2-s2.0-85205144606
39735,39736,2-s2.0-85205117816
39739,39740,2-s2.0-85205080574
39740,39741,2-s2.0-85205064279
39742,39743,2-s2.0-85205025388
39746,39747,2-s2.0-85204945404
39749,39750,2-s2.0-85204872033
39753,39754,2-s2.0-85204783481
39762,39763,2-s2.0-85204564491
39767,39768,2-s2.0-85204502588
39777,39778,2-s2.0-85204382383
39801,39802,2-s2.0-85204084500
39804,39805,2-s2.0-85204023517
39806,39807,2-s2.0-85204018734
39808,39809,2-s2.0-85203982385
39817,39818,2-s2.0-85203820342
39819,39820,2-s2.0-85203796228
39838,39839,2-s2.0-85203459748
39846,39847,2-s2.0-85203200857
39847,39848,2-s2.0-85203084742
39849,39850,2-s2.0-85203068695
39859,39860,2-s2.0-85202927766
39862,39863,2-s2.0-85202913560
39865,39866,2-s2.0-85202903792
39866,39867,2-s2.0-85202894014
39870,39871,2-s2.0-85202834737
39874,39875,2-s2.0-85202797582
39881,39882,2-s2.0-85202578371
39893,39894,2-s2.0-85202214371
39894,39895,2-s2.0-85202209037
39897,39898,2-s2.0-85202177505
39912,39913,2-s2.0-85201958687
39915,39916,2-s2.0-85201908305
39916,39917,2-s2.0-85201901634
39919,39920,2-s2.0-85201802429
39929,39930,2-s2.0-85201706676
39932,39933,2-s2.0-85201643117
39933,39934,2-s2.0-85201636088
39945,39946,2-s2.0-85201397941
39950,39951,2-s2.0-85201380695
39955,39956,2-s2.0-85201323785
39956,39957,2-s2.0-85201315306
39964,39965,2-s2.0-85201230833
39965,39966,2-s2.0-85201219309
39966,39967,2-s2.0-85201217409
39968,39969,2-s2.0-85201209977
39969,39970,2-s2.0-85201126979
39972,39973,2-s2.0-85201011355
39977,39978,2-s2.0-85200963867
39979,39980,2-s2.0-85200959441
39984,39985,2-s2.0-85200816872
40006,40007,2-s2.0-85200648164
40008,40009,2-s2.0-85200595926
40011,40012,2-s2.0-85200571133
40016,40017,2-s2.0-85200558590
40021,40022,2-s2.0-85200544291
40023,40024,2-s2.0-85200536936
40024,40025,2-s2.0-85200517180
40025,40026,2-s2.0-85200517096
40026,40027,2-s2.0-85200516955
40044,40045,2-s2.0-85200452182
40049,40050,2-s2.0-85200405169
40054,40055,2-s2.0-85200387681
40055,40056,2-s2.0-85200385903
40058,40059,2-s2.0-85200377017
40059,40060,2-s2.0-85200370105
40064,40065,2-s2.0-85200359072
40065,40066,2-s2.0-85200353119
40070,40071,2-s2.0-85200336506
40072,40073,2-s2.0-85200328913
40076,40077,2-s2.0-85200273416
40081,40082,2-s2.0-85200263593
40090,40091,2-s2.0-85200217373
40091,40092,2-s2.0-85200216921
40092,40093,2-s2.0-85200210518
40097,40098,2-s2.0-85200146024
40115,40116,2-s2.0-85199765387
40119,40120,2-s2.0-85199662119
40121,40122,2-s2.0-85199644029
40123,40124,2-s2.0-85199628356
40125,40126,2-s2.0-85199621275
40131,40132,2-s2.0-85199602254
40136,40137,2-s2.0-85199582635
40141,40142,2-s2.0-85199540242
40156,40157,2-s2.0-85199306215
40161,40162,2-s2.0-85199200159
40170,40171,2-s2.0-85199158682
40175,40176,2-s2.0-85199115005
40188,40189,2-s2.0-85199075738
40193,40194,2-s2.0-85199063314
40194,40195,2-s2.0-85199062647
40195,40196,2-s2.0-85199058624
40203,40204,2-s2.0-85199040875
40207,40208,2-s2.0-85199031966
40211,40212,2-s2.0-85199023950
40214,40215,2-s2.0-85198754868
40218,40219,2-s2.0-85198706596
40222,40223,2-s2.0-85198651567
40225,40226,2-s2.0-85198631750
40239,40240,2-s2.0-85198382371
40240,40241,2-s2.0-85198380171
40250,40251,2-s2.0-85198352452
40251,40252,2-s2.0-85198350583
40260,40261,2-s2.0-85198227216
40262,40263,2-s2.0-85198224305
40269,40270,2-s2.0-85198153599
40278,40279,2-s2.0-85197923083
40285,40286,2-s2.0-85197800728
40293,40294,2-s2.0-85197661733
40296,40297,2-s2.0-85197605340
40299,40300,2-s2.0-85197562782
40311,40312,2-s2.0-85197369987
40312,40313,2-s2.0-85197308792
40321,40322,2-s2.0-85197193502
40333,40334,2-s2.0-85196869916
40336,40337,2-s2.0-85196838964
40337,40338,2-s2.0-85196795628
40339,40340,2-s2.0-85196756812
40343,40344,2-s2.0-85196753227
40347,40348,2-s2.0-85196644394
40349,40350,2-s2.0-85196581953
40366,40367,2-s2.0-85196161505
40367,40368,2-s2.0-85196148711
40368,40369,2-s2.0-85196101885
40374,40375,2-s2.0-85195988562
40375,40376,2-s2.0-85195982237
40383,40384,2-s2.0-85195786059
40389,40390,2-s2.0-85195596552
40413,40414,2-s2.0-85195307176
40417,40418,2-s2.0-85195254247
40423,40424,2-s2.0-85195125857
40427,40428,2-s2.0-85195019590
40429,40430,2-s2.0-85194920129
40434,40435,2-s2.0-85194815091
40436,40437,2-s2.0-85194768633
40438,40439,2-s2.0-85194732306
40442,40443,2-s2.0-85194487641
40445,40446,2-s2.0-85194468256
40450,40451,2-s2.0-85194337644
40453,40454,2-s2.0-85194252661
40456,40457,2-s2.0-85194230524
40457,40458,2-s2.0-85194178002
40459,40460,2-s2.0-85194133275
40464,40465,2-s2.0-85193994726
40469,40470,2-s2.0-85193927288
40482,40483,2-s2.0-85193689500
40483,40484,2-s2.0-85193686795
40491,40492,2-s2.0-85193377642
40502,40503,2-s2.0-85193079819
40509,40510,2-s2.0-85192964975
40511,40512,2-s2.0-85192885000
40512,40513,2-s2.0-85192883308
40519,40520,2-s2.0-85192841234
40540,40541,2-s2.0-85192296881
40543,40544,2-s2.0-85192250814
40546,40547,2-s2.0-85192192299
40564,40565,2-s2.0-85191991627
40566,40567,2-s2.0-85191961795
40569,40570,2-s2.0-85191958542
40571,40572,2-s2.0-85191841784
40575,40576,2-s2.0-85191809044
40581,40582,2-s2.0-85191701604
40592,40593,2-s2.0-85191304948
40594,40595,2-s2.0-85191237740
40597,40598,2-s2.0-85191125035
40598,40599,2-s2.0-85191083369
40599,40600,2-s2.0-85191071305
40601,40602,2-s2.0-85191054891
40604,40605,2-s2.0-85190988898
40607,40608,2-s2.0-85190932983
40617,40618,2-s2.0-85190384707
40624,40625,2-s2.0-85190360990
40625,40626,2-s2.0-85190354805
40629,40630,2-s2.0-85190254993
40630,40631,2-s2.0-85190254427
40633,40634,2-s2.0-85190127041
40635,40636,2-s2.0-85190065481
40636,40637,2-s2.0-85189988028
40662,40663,2-s2.0-85189485006
40675,40676,2-s2.0-85189311817
40679,40680,2-s2.0-85189184630
40685,40686,2-s2.0-85189030801
40687,40688,2-s2.0-85188998573
40692,40693,2-s2.0-85188907136
40695,40696,2-s2.0-85188834445
40696,40697,2-s2.0-85188820351
40703,40704,2-s2.0-85188577557
40713,40714,2-s2.0-85188325455
40714,40715,2-s2.0-85188320906
40722,40723,2-s2.0-85188127101
40727,40728,2-s2.0-85188070718
40731,40732,2-s2.0-85187882564
40734,40735,2-s2.0-85187867052
40739,40740,2-s2.0-85187780703
40752,40753,2-s2.0-85187251749
40758,40759,2-s2.0-85187171570
40759,40760,2-s2.0-85187166342
40770,40771,2-s2.0-85186938864
40774,40775,2-s2.0-85186894843
40780,40781,2-s2.0-85186714446
40783,40784,2-s2.0-85186687820
40786,40787,2-s2.0-85186585514
40795,40796,2-s2.0-85186455925
40801,40802,2-s2.0-85186389465
40807,40808,2-s2.0-85186230646
40811,40812,2-s2.0-85185961074
40820,40821,2-s2.0-85185697388
40824,40825,2-s2.0-85185658352
40834,40835,2-s2.0-85185468324
40835,40836,2-s2.0-85185440625
40838,40839,2-s2.0-85185335694
40849,40850,2-s2.0-85185154519
40850,40851,2-s2.0-85185127637
40851,40852,2-s2.0-85185006494
40855,40856,2-s2.0-85184897180
40856,40857,2-s2.0-85184893827
40865,40866,2-s2.0-85184700148
40866,40867,2-s2.0-85184695824
40869,40870,2-s2.0-85184552520
40878,40879,2-s2.0-85184369541
40881,40882,2-s2.0-85184325250
40885,40886,2-s2.0-85184299769
40886,40887,2-s2.0-85184288818
40891,40892,2-s2.0-85184204292
40898,40899,2-s2.0-85184018692
40907,40908,2-s2.0-85183645082
40914,40915,2-s2.0-85183384648
40921,40922,2-s2.0-85183161649
40938,40939,2-s2.0-85182798699
40968,40969,2-s2.0-85180834433
40969,40970,2-s2.0-85180828486
40973,40974,2-s2.0-85180402717
40975,40976,2-s2.0-85180339437
40979,40980,2-s2.0-85180093068
40988,40989,2-s2.0-85179721077
40995,40996,2-s2.0-85179031288
41005,41006,2-s2.0-85176920146
41014,41015,2-s2.0-85175959146
41025,41026,2-s2.0-85174807812
41032,41033,2-s2.0-85174292045
41036,41037,2-s2.0-85173821327
41038,41039,2-s2.0-85173744122
41041,41042,2-s2.0-85173501112
41042,41043,2-s2.0-85173484090
41044,41045,2-s2.0-85172786135
41046,41047,2-s2.0-85171632261
41053,41054,2-s2.0-85170272899
41060,41061,2-s2.0-85168283821
41063,41064,2-s2.0-85166768205
41067,41068,2-s2.0-85166264113
41069,41070,2-s2.0-85165893659
41070,41071,2-s2.0-85165511443
41073,41074,2-s2.0-85164419234
41076,41077,2-s2.0-85163009868
41084,41085,2-s2.0-85161531006
41085,41086,2-s2.0-85161491128
41104,41105,2-s2.0-85152368427
41105,41106,2-s2.0-85151966582
41110,41111,2-s2.0-85150778581
41113,41114,2-s2.0-85150505252
41117,41118,2-s2.0-85149063798
41119,41120,2-s2.0-85148570830
41123,41124,2-s2.0-85147806439
41128,41129,2-s2.0-85147304646
41130,41131,2-s2.0-85147010883
41131,41132,2-s2.0-85146992154
41133,41134,2-s2.0-85146771712
41134,41135,2-s2.0-85146678501
41143,41144,2-s2.0-85145097625
41144,41145,2-s2.0-85144254843
41145,41146,2-s2.0-85144149741
41146,41147,2-s2.0-85144061092
41147,41148,2-s2.0-85143902364
41148,41149,2-s2.0-85143404803
41150,41151,2-s2.0-85142494217
41151,41152,2-s2.0-85142450572
41154,41155,2-s2.0-85141055115
41157,41158,2-s2.0-85139923682
41176,41177,2-s2.0-85134712680
41184,41185,2-s2.0-85131093347
41186,41187,2-s2.0-85131058193
41193,41194,2-s2.0-85129185408
41194,41195,2-s2.0-85128230105
41196,41197,2-s2.0-85127239778
41202,41203,2-s2.0-85124291499
41208,41209,2-s2.0-85122521841
41209,41210,2-s2.0-85121839487
41220,41221,2-s2.0-105010531583
41221,41222,2-s2.0-105010518224
41223,41224,2-s2.0-105010492688
41224,41225,2-s2.0-105010486147
41228,41229,2-s2.0-105010238679
41236,41237,2-s2.0-105008668603
41239,41240,2-s2.0-105008198693
41244,41245,2-s2.0-105008051799
41247,41248,2-s2.0-105007833477
41250,41251,2-s2.0-105007593138
41252,41253,2-s2.0-105007590492
41253,41254,2-s2.0-105007589473
41260,41261,2-s2.0-105007100273
41261,41262,2-s2.0-105006849360
41267,41268,2-s2.0-105005864021
41268,41269,2-s2.0-105005836368
41269,41270,2-s2.0-105005835164
41274,41275,2-s2.0-105005833010
41275,41276,2-s2.0-105005833005
41282,41283,2-s2.0-105005830585
41287,41288,2-s2.0-105005829040
41289,41290,2-s2.0-105005828934
41293,41294,2-s2.0-105005827130
41294,41295,2-s2.0-105005826895
41299,41300,2-s2.0-105005826145
41310,41311,2-s2.0-105005668248
41323,41324,2-s2.0-105004551342
41324,41325,2-s2.0-105004547498
41330,41331,2-s2.0-105004521678
41341,41342,2-s2.0-105004099066
41342,41343,2-s2.0-105004097017
41344,41345,2-s2.0-105004059331
41346,41347,2-s2.0-105003920610
41349,41350,2-s2.0-105003749545
41351,41352,2-s2.0-105003702575
41383,41384,2-s2.0-105001894485
41389,41390,2-s2.0-105001663071
41392,41393,2-s2.0-105001619931
41395,41396,2-s2.0-105001499281
41399,41400,2-s2.0-105000816331
41401,41402,2-s2.0-105000812111
41403,41404,2-s2.0-105000803043
41423,41424,2-s2.0-105000716590
41427,41428,2-s2.0-105000709032
41437,41438,2-s2.0-105000681669
41444,41445,2-s2.0-105000656018
41447,41448,2-s2.0-105000647694
41451,41452,2-s2.0-105000614162
41459,41460,2-s2.0-105000319142
41462,41463,2-s2.0-105000214831
41463,41464,2-s2.0-105000190047
41464,41465,2-s2.0-105000128920
41468,41469,2-s2.0-105000045989
41470,41471,2-s2.0-105000023459
41471,41472,2-s2.0-85181718119
41479,41480,2-s2.0-85183771902
41484,41485,2-s2.0-85183500829
41485,41486,2-s2.0-85182650262
41486,41487,2-s2.0-85180597780
41492,41493,2-s2.0-85176885825
41495,41496,2-s2.0-85183501470
41500,41501,2-s2.0-85181570625
41502,41503,2-s2.0-105000871201
41505,41506,2-s2.0-85183577849
41516,41517,2-s2.0-85199197072
41528,41529,2-s2.0-85184679868
41531,41532,2-s2.0-85184389511
41541,41542,2-s2.0-85181773211
41550,41551,2-s2.0-85181537021
41555,41556,2-s2.0-85180699092
41565,41566,2-s2.0-85179853570
41567,41568,2-s2.0-85179827606
41574,41575,2-s2.0-85179442849
41576,41577,2-s2.0-85178961299
41578,41579,2-s2.0-85178605500
41579,41580,2-s2.0-85178563642
41587,41588,2-s2.0-85177163396
41592,41593,2-s2.0-85175805876
41598,41599,2-s2.0-85175421986
41601,41602,2-s2.0-85175069651
41602,41603,2-s2.0-85175066501
41607,41608,2-s2.0-85174942229
41610,41611,2-s2.0-85174810150
41622,41623,2-s2.0-85172119646
41636,41637,2-s2.0-85167813784
41644,41645,2-s2.0-85166427417
41646,41647,2-s2.0-85165302874
41648,41649,2-s2.0-85164659720
41664,41665,2-s2.0-85160278220
41667,41668,2-s2.0-85159703737
41672,41673,2-s2.0-85158151212
41674,41675,2-s2.0-85152714441
41680,41681,2-s2.0-85151416945
41685,41686,2-s2.0-85149968109
41688,41689,2-s2.0-85148207463
41700,41701,2-s2.0-85142424318
41701,41702,2-s2.0-85140084474
41702,41703,2-s2.0-85139454717
41703,41704,2-s2.0-85139056703
41711,41712,2-s2.0-85176887018
41712,41713,2-s2.0-85176885523
41713,41714,2-s2.0-85163195060
41718,41719,2-s2.0-85175674898
41724,41725,2-s2.0-85175669752
41730,41731,2-s2.0-85195278154
41736,41737,2-s2.0-105005419750
41737,41738,2-s2.0-85203115822
41744,41745,2-s2.0-85179835410
41759,41760,2-s2.0-85178075748
41771,41772,2-s2.0-85181239038
41775,41776,2-s2.0-85179107131
41776,41777,2-s2.0-85179084259
41777,41778,2-s2.0-85179078342
41782,41783,2-s2.0-85178316787
41784,41785,2-s2.0-85178287120
41789,41790,2-s2.0-85177599735
41794,41795,2-s2.0-85176808745
41812,41813,2-s2.0-85173503432
41815,41816,2-s2.0-85171750371
41831,41832,2-s2.0-85163297330
41832,41833,2-s2.0-85160052269
41847,41848,2-s2.0-85149990172
41855,41856,2-s2.0-85101146587
41857,41858,2-s2.0-85182743491
41864,41865,2-s2.0-85178579697
41865,41866,2-s2.0-85176106138
41873,41874,2-s2.0-85177589140
41875,41876,2-s2.0-85177583461
41879,41880,2-s2.0-85177562658
41880,41881,2-s2.0-85177562369
41881,41882,2-s2.0-85177560512
41886,41887,2-s2.0-85176614086
41891,41892,2-s2.0-85212685036
41893,41894,2-s2.0-85175662050
41896,41897,2-s2.0-85178298031
41913,41914,2-s2.0-85192776919
41940,41941,2-s2.0-85174908843
41947,41948,2-s2.0-85174173336
41956,41957,2-s2.0-85173072338
41965,41966,2-s2.0-85167577678
41974,41975,2-s2.0-85164439081
41979,41980,2-s2.0-85163799065
41980,41981,2-s2.0-85163303085
41983,41984,2-s2.0-85160678148
41984,41985,2-s2.0-85159660869
42000,42001,2-s2.0-85145422280
42012,42013,2-s2.0-85194130387
42025,42026,2-s2.0-85194126679
42026,42027,2-s2.0-85194126625
42035,42036,2-s2.0-85175237759
42041,42042,2-s2.0-85183472636
42046,42047,2-s2.0-85182728613
42050,42051,2-s2.0-85175086563
42053,42054,2-s2.0-85169889512
42055,42056,2-s2.0-85194129694
42069,42070,2-s2.0-85188962567
42071,42072,2-s2.0-85180347940
42083,42084,2-s2.0-85175868961
42084,42085,2-s2.0-85175847571
42086,42087,2-s2.0-85175494063
42090,42091,2-s2.0-85175421010
42093,42094,2-s2.0-85174620307
42099,42100,2-s2.0-85173963581
42105,42106,2-s2.0-85172889293
42107,42108,2-s2.0-85172800492
42108,42109,2-s2.0-85172277710
42113,42114,2-s2.0-85172104486
42121,42122,2-s2.0-85171166276
42122,42123,2-s2.0-85170829993
42125,42126,2-s2.0-85170661337
42126,42127,2-s2.0-85170404139
42129,42130,2-s2.0-85170243185
42131,42132,2-s2.0-85169795324
42156,42157,2-s2.0-85161178661
42162,42163,2-s2.0-85152627637
42173,42174,2-s2.0-85143510091
42175,42176,2-s2.0-85141636451
42186,42187,2-s2.0-85128814862
42195,42196,2-s2.0-85195553316
42200,42201,2-s2.0-85180125748
42201,42202,2-s2.0-85180125339
42202,42203,2-s2.0-85180124989
42204,42205,2-s2.0-85167356027
42215,42216,2-s2.0-85176728303
42224,42225,2-s2.0-85176791762
42229,42230,2-s2.0-85176747574
42231,42232,2-s2.0-85174275108
42240,42241,2-s2.0-85173494875
42241,42242,2-s2.0-85173073548
42243,42244,2-s2.0-85172764861
42245,42246,2-s2.0-85171698433
42254,42255,2-s2.0-85168952783
42255,42256,2-s2.0-85168796197
42261,42262,2-s2.0-85168008651
42262,42263,2-s2.0-85167789581
42263,42264,2-s2.0-85167788968
42271,42272,2-s2.0-85163011501
42284,42285,2-s2.0-85150615406
42288,42289,2-s2.0-85149871770
42295,42296,2-s2.0-85147297310
42296,42297,2-s2.0-85147177116
42300,42301,2-s2.0-85146163282
42305,42306,2-s2.0-85141406976
42327,42328,2-s2.0-85167863557
42330,42331,2-s2.0-85164459305
42334,42335,2-s2.0-85174256781
42352,42353,2-s2.0-85205302694
42356,42357,2-s2.0-85192820510
42361,42362,2-s2.0-85175118157
42369,42370,2-s2.0-85173788627
42377,42378,2-s2.0-85168697697
42378,42379,2-s2.0-85168693388
42381,42382,2-s2.0-85168676474
42383,42384,2-s2.0-85168663636
42389,42390,2-s2.0-85167919574
42390,42391,2-s2.0-85167568597
42396,42397,2-s2.0-85165907524
42398,42399,2-s2.0-85164261623
42399,42400,2-s2.0-85163766377
42411,42412,2-s2.0-85153239617
42416,42417,2-s2.0-85152086997
42419,42420,2-s2.0-85151988679
42420,42421,2-s2.0-85151982179
42427,42428,2-s2.0-85146822299
42428,42429,2-s2.0-85145860181
42434,42435,2-s2.0-85141953456
42436,42437,2-s2.0-85131395187
42440,42441,2-s2.0-85113612825
42443,42444,2-s2.0-85101130749
42444,42445,2-s2.0-85091112146
42445,42446,2-s2.0-105005589564
42460,42461,2-s2.0-85172169896
42462,42463,2-s2.0-85172167186
42466,42467,2-s2.0-85172165750
42471,42472,2-s2.0-85172161775
42472,42473,2-s2.0-85172158499
42485,42486,2-s2.0-85172143385
42489,42490,2-s2.0-85172137347
42508,42509,2-s2.0-85172110788
42513,42514,2-s2.0-85172105154
42514,42515,2-s2.0-85172104963
42521,42522,2-s2.0-85172098980
42547,42548,2-s2.0-85172069003
42554,42555,2-s2.0-85165643985
42558,42559,2-s2.0-85163530440
42568,42569,2-s2.0-85170172470
42573,42574,2-s2.0-85166759282
42575,42576,2-s2.0-85166752067
42587,42588,2-s2.0-85166953330
42608,42609,2-s2.0-85163664951
42609,42610,2-s2.0-85163663632
42613,42614,2-s2.0-85163600475
42616,42617,2-s2.0-85163591630
42625,42626,2-s2.0-85189051509
42634,42635,2-s2.0-85172708863
42638,42639,2-s2.0-85167686332
42639,42640,2-s2.0-85166421991
42641,42642,2-s2.0-85166217164
42653,42654,2-s2.0-85164028276
42660,42661,2-s2.0-85163708201
42661,42662,2-s2.0-85163703932
42669,42670,2-s2.0-85161923022
42681,42682,2-s2.0-85158869061
42682,42683,2-s2.0-85153404188
42683,42684,2-s2.0-85152489411
42689,42690,2-s2.0-85150520432
42690,42691,2-s2.0-85150263232
42695,42696,2-s2.0-85149715687
42698,42699,2-s2.0-85149295317
42700,42701,2-s2.0-85149260661
42704,42705,2-s2.0-85147585722
42705,42706,2-s2.0-85146959604
42708,42709,2-s2.0-85146088280
42715,42716,2-s2.0-85143405110
42730,42731,2-s2.0-85131588108
42738,42739,2-s2.0-85103455660
42740,42741,2-s2.0-85149445197
42743,42744,2-s2.0-85162049195
42747,42748,2-s2.0-85160319985
42752,42753,2-s2.0-85160935231
42753,42754,2-s2.0-85160910878
42755,42756,2-s2.0-85160482998
42756,42757,2-s2.0-85156249620
42760,42761,2-s2.0-85160097362
42766,42767,2-s2.0-85192727811
42768,42769,2-s2.0-85166745282
42774,42775,2-s2.0-85162874383
42779,42780,2-s2.0-85160830935
42781,42782,2-s2.0-85160287127
42789,42790,2-s2.0-85159884988
42793,42794,2-s2.0-85159302289
42794,42795,2-s2.0-85159280226
42809,42810,2-s2.0-85150387550
42812,42813,2-s2.0-85149023257
42814,42815,2-s2.0-85148623675
42815,42816,2-s2.0-85145979376
42824,42825,2-s2.0-85138673977
42832,42833,2-s2.0-85159714345
42840,42841,2-s2.0-85159814091
42842,42843,2-s2.0-85163338521
42846,42847,2-s2.0-85152696491
42848,42849,2-s2.0-85158163756
42854,42855,2-s2.0-85153564578
42864,42865,2-s2.0-85165674604
42868,42869,2-s2.0-85165639821
42876,42877,2-s2.0-85160737072
42878,42879,2-s2.0-85160702134
42881,42882,2-s2.0-85159652511
42886,42887,2-s2.0-85158113227
42901,42902,2-s2.0-85153698830
42912,42913,2-s2.0-85152297827
42918,42919,2-s2.0-85150951000
42924,42925,2-s2.0-85149738562
42926,42927,2-s2.0-85148674013
42931,42932,2-s2.0-85147714874
42932,42933,2-s2.0-85147678070
42933,42934,2-s2.0-85147280955
42935,42936,2-s2.0-85146895742
42940,42941,2-s2.0-85144194391
42942,42943,2-s2.0-85143622746
42958,42959,2-s2.0-85133320408
42960,42961,2-s2.0-85131585219
42965,42966,2-s2.0-85118839850
42974,42975,2-s2.0-85151063545
42985,42986,2-s2.0-85151232447
42986,42987,2-s2.0-85165044328
42993,42994,2-s2.0-85158990308
42998,42999,2-s2.0-85151568048
43011,43012,2-s2.0-85149754371
43012,43013,2-s2.0-85149737067
43024,43025,2-s2.0-85149814390
43025,43026,2-s2.0-85217374159
43026,43027,2-s2.0-85208368301
43031,43032,2-s2.0-85185464739
43043,43044,2-s2.0-85166258358
43045,43046,2-s2.0-85164675472
43046,43047,2-s2.0-85162948621
43047,43048,2-s2.0-85162050645
43051,43052,2-s2.0-85159368278
43052,43053,2-s2.0-85159324205
43064,43065,2-s2.0-85151834890
43068,43069,2-s2.0-85151280768
43072,43073,2-s2.0-85151082905
43087,43088,2-s2.0-85150277330
43100,43101,2-s2.0-85147372572
43102,43103,2-s2.0-85147128934
43110,43111,2-s2.0-85145615616
43112,43113,2-s2.0-85144638139
43114,43115,2-s2.0-85144520766
43122,43123,2-s2.0-85140654980
43123,43124,2-s2.0-85140592657
43129,43130,2-s2.0-85137456568
43132,43133,2-s2.0-85132672603
43133,43134,2-s2.0-85129899029
43135,43136,2-s2.0-85129269092
43149,43150,2-s2.0-85109962068
43153,43154,2-s2.0-85104071750
43159,43160,2-s2.0-85152718910
43163,43164,2-s2.0-85159067743
43177,43178,2-s2.0-85148640296
43180,43181,2-s2.0-85148635345
43183,43184,2-s2.0-85148624684
43190,43191,2-s2.0-85148582979
43198,43199,2-s2.0-85219715306
43208,43209,2-s2.0-85151157902
43212,43213,2-s2.0-85149285663
43214,43215,2-s2.0-85149250975
43218,43219,2-s2.0-85148964637
43221,43222,2-s2.0-85148769061
43222,43223,2-s2.0-85148763971
43229,43230,2-s2.0-85148685184
43230,43231,2-s2.0-85148678928
43231,43232,2-s2.0-85148678906
43237,43238,2-s2.0-85148295805
43238,43239,2-s2.0-85148111007
43239,43240,2-s2.0-85147861674
43261,43262,2-s2.0-85139225766
43267,43268,2-s2.0-85136026833
43270,43271,2-s2.0-85134712825
43271,43272,2-s2.0-85133944382
43274,43275,2-s2.0-85129625623
43286,43287,2-s2.0-85103028082
43295,43296,2-s2.0-85147293554
43298,43299,2-s2.0-85147289264
43303,43304,2-s2.0-85147804179
43305,43306,2-s2.0-85147450268
43308,43309,2-s2.0-85147215668
43315,43316,2-s2.0-85146531558
43319,43320,2-s2.0-85146519494
43321,43322,2-s2.0-85146513230
43323,43324,2-s2.0-85146505092
43326,43327,2-s2.0-85141957455
43332,43333,2-s2.0-85146895415
43334,43335,2-s2.0-85146266498
43338,43339,2-s2.0-85170366809
43342,43343,2-s2.0-85146500383
43345,43346,2-s2.0-85219049578
43346,43347,2-s2.0-85218781334
43356,43357,2-s2.0-85216041596
43357,43358,2-s2.0-85214696703
43360,43361,2-s2.0-85214682962
43362,43363,2-s2.0-85213879547
43366,43367,2-s2.0-85209197632
43371,43372,2-s2.0-85208297637
43385,43386,2-s2.0-85205543841
43390,43391,2-s2.0-85204765165
43406,43407,2-s2.0-85199323530
43408,43409,2-s2.0-85198604312
43412,43413,2-s2.0-85197807456
43413,43414,2-s2.0-85197782082
43425,43426,2-s2.0-85196457220
43430,43431,2-s2.0-85195906013
43433,43434,2-s2.0-85195677043
43442,43443,2-s2.0-85194751483
43445,43446,2-s2.0-85194750347
43447,43448,2-s2.0-85194723114
43467,43468,2-s2.0-85192444532
43469,43470,2-s2.0-85191466428
43470,43471,2-s2.0-85191459533
43472,43473,2-s2.0-85191171006
43474,43475,2-s2.0-85191156647
43482,43483,2-s2.0-85190022778
43483,43484,2-s2.0-85189554284
43492,43493,2-s2.0-85189182598
43500,43501,2-s2.0-85188464868
43501,43502,2-s2.0-85188028705
43502,43503,2-s2.0-85188019027
43507,43508,2-s2.0-85187982089
43510,43511,2-s2.0-85187549346
43514,43515,2-s2.0-85187413353
43517,43518,2-s2.0-85187242420
43525,43526,2-s2.0-85186665686
43528,43529,2-s2.0-85186649644
43530,43531,2-s2.0-85186559287
43533,43534,2-s2.0-85186474371
43536,43537,2-s2.0-85186239953
43537,43538,2-s2.0-85186227064
43538,43539,2-s2.0-85186121450
43540,43541,2-s2.0-85185983134
43547,43548,2-s2.0-85185845850
43548,43549,2-s2.0-85185829758
43550,43551,2-s2.0-85185803122
43552,43553,2-s2.0-85185527911
43558,43559,2-s2.0-85185324701
43570,43571,2-s2.0-85185003407
43579,43580,2-s2.0-85184796686
43580,43581,2-s2.0-85184776271
43599,43600,2-s2.0-85183878345
43600,43601,2-s2.0-85183873752
43605,43606,2-s2.0-85183471932
43610,43611,2-s2.0-85183058572
43625,43626,2-s2.0-85183007540
43630,43631,2-s2.0-85182991173
43637,43638,2-s2.0-85182981693
43639,43640,2-s2.0-85182952471
43644,43645,2-s2.0-85182927152
43652,43653,2-s2.0-85182717024
43664,43665,2-s2.0-85182356597
43665,43666,2-s2.0-85182345257
43672,43673,2-s2.0-85182254990
43681,43682,2-s2.0-85181911641
43694,43695,2-s2.0-85181534337
43703,43704,2-s2.0-85181013287
43704,43705,2-s2.0-85181002922
43707,43708,2-s2.0-85180992430
43715,43716,2-s2.0-85180812100
43721,43722,2-s2.0-85180805903
43725,43726,2-s2.0-85180799821
43726,43727,2-s2.0-85180798714
43743,43744,2-s2.0-85180763440
43748,43749,2-s2.0-85180759267
43749,43750,2-s2.0-85180758714
43751,43752,2-s2.0-85180755058
43763,43764,2-s2.0-85180685240
43769,43770,2-s2.0-85180597656
43773,43774,2-s2.0-85180562368
43774,43775,2-s2.0-85180525799
43780,43781,2-s2.0-85180424686
43786,43787,2-s2.0-85180284151
43792,43793,2-s2.0-85180152311
43794,43795,2-s2.0-85180057304
43805,43806,2-s2.0-85180016942
43807,43808,2-s2.0-85180004582
43809,43810,2-s2.0-85179988193
43813,43814,2-s2.0-85179854165
43815,43816,2-s2.0-85179850768
43826,43827,2-s2.0-85179843436
43837,43838,2-s2.0-85179737463
43839,43840,2-s2.0-85179688151
43840,43841,2-s2.0-85179674425
43842,43843,2-s2.0-85179640761
43851,43852,2-s2.0-85179480456
43855,43856,2-s2.0-85179325009
43857,43858,2-s2.0-85179303303
43864,43865,2-s2.0-85179008974
43865,43866,2-s2.0-85179006012
43875,43876,2-s2.0-85178915210
43876,43877,2-s2.0-85178590285
43878,43879,2-s2.0-85178517652
43892,43893,2-s2.0-85178296784
43895,43896,2-s2.0-85178205082
43896,43897,2-s2.0-85178188640
43903,43904,2-s2.0-85178055474
43907,43908,2-s2.0-85177997666
43909,43910,2-s2.0-85177729384
43920,43921,2-s2.0-85177476884
43924,43925,2-s2.0-85177446714
43926,43927,2-s2.0-85177421014
43930,43931,2-s2.0-85177168354
43931,43932,2-s2.0-85177077018
43938,43939,2-s2.0-85176760331
43940,43941,2-s2.0-85176730319
43943,43944,2-s2.0-85176603718
43944,43945,2-s2.0-85176602212
43946,43947,2-s2.0-85176573246
43950,43951,2-s2.0-85176473765
43953,43954,2-s2.0-85176410799
43954,43955,2-s2.0-85176380653
43957,43958,2-s2.0-85176372709
43958,43959,2-s2.0-85176366363
43959,43960,2-s2.0-85176366270
43964,43965,2-s2.0-85176302232
43971,43972,2-s2.0-85176087913
43977,43978,2-s2.0-85175976159
43980,43981,2-s2.0-85175827121
43983,43984,2-s2.0-85175811205
43997,43998,2-s2.0-85175464995
43999,44000,2-s2.0-85175453623
44005,44006,2-s2.0-85175380132
44009,44010,2-s2.0-85175350303
44014,44015,2-s2.0-85175297574
44016,44017,2-s2.0-85175196624
44017,44018,2-s2.0-85175114326
44022,44023,2-s2.0-85174975296
44035,44036,2-s2.0-85174694156
44036,44037,2-s2.0-85174692814
44048,44049,2-s2.0-85174522779
44055,44056,2-s2.0-85174502577
44065,44066,2-s2.0-85174281690
44073,44074,2-s2.0-85174228661
44075,44076,2-s2.0-85174176806
44076,44077,2-s2.0-85174163495
44077,44078,2-s2.0-85174155004
44082,44083,2-s2.0-85173981945
44091,44092,2-s2.0-85173918791
44108,44109,2-s2.0-85173707560
44109,44110,2-s2.0-85173687169
44116,44117,2-s2.0-85173648516
44117,44118,2-s2.0-85173642343
44119,44120,2-s2.0-85173636378
44120,44121,2-s2.0-85173636274
44129,44130,2-s2.0-85173558863
44131,44132,2-s2.0-85173525300
44157,44158,2-s2.0-85172706068
44159,44160,2-s2.0-85172665340
44165,44166,2-s2.0-85172355411
44174,44175,2-s2.0-85172205777
44176,44177,2-s2.0-85172152691
44183,44184,2-s2.0-85172013837
44186,44187,2-s2.0-85171998731
44188,44189,2-s2.0-85171990889
44200,44201,2-s2.0-85171562991
44204,44205,2-s2.0-85171491862
44207,44208,2-s2.0-85171436115
44215,44216,2-s2.0-85171169495
44239,44240,2-s2.0-85170197705
44246,44247,2-s2.0-85169937319
44249,44250,2-s2.0-85169935720
44251,44252,2-s2.0-85169930956
44252,44253,2-s2.0-85169926816
44256,44257,2-s2.0-85169913365
44260,44261,2-s2.0-85169910532
44264,44265,2-s2.0-85169901876
44274,44275,2-s2.0-85169879691
44275,44276,2-s2.0-85169879581
44282,44283,2-s2.0-85169821691
44286,44287,2-s2.0-85169817941
44297,44298,2-s2.0-85169785257
44304,44305,2-s2.0-85169606790
44309,44310,2-s2.0-85169437359
44314,44315,2-s2.0-85169374433
44315,44316,2-s2.0-85169369322
44320,44321,2-s2.0-85169333103
44321,44322,2-s2.0-85169043912
44323,44324,2-s2.0-85169027151
44328,44329,2-s2.0-85168996322
44335,44336,2-s2.0-85168925877
44337,44338,2-s2.0-85168919669
44338,44339,2-s2.0-85168917142
44341,44342,2-s2.0-85168899295
44343,44344,2-s2.0-85168842934
44348,44349,2-s2.0-85168665745
44349,44350,2-s2.0-85168661789
44356,44357,2-s2.0-85168452529
44358,44359,2-s2.0-85168379731
44359,44360,2-s2.0-85168367588
44365,44366,2-s2.0-85168202968
44366,44367,2-s2.0-85168155406
44368,44369,2-s2.0-85168128318
44374,44375,2-s2.0-85167997531
44379,44380,2-s2.0-85167879577
44383,44384,2-s2.0-85167774076
44387,44388,2-s2.0-85167766817
44399,44400,2-s2.0-85167513393
44400,44401,2-s2.0-85167465707
44402,44403,2-s2.0-85167459718
44408,44409,2-s2.0-85167428761
44414,44415,2-s2.0-85167363594
44425,44426,2-s2.0-85166630806
44426,44427,2-s2.0-85166619836
44427,44428,2-s2.0-85166552711
44432,44433,2-s2.0-85166391073
44439,44440,2-s2.0-85166188889
44440,44441,2-s2.0-85166179417
44442,44443,2-s2.0-85166107926
44447,44448,2-s2.0-85166056734
44452,44453,2-s2.0-85165977226
44453,44454,2-s2.0-85165961341
44456,44457,2-s2.0-85165869097
44460,44461,2-s2.0-85165657967
44471,44472,2-s2.0-85165423620
44472,44473,2-s2.0-85165408351
44481,44482,2-s2.0-85165235982
44482,44483,2-s2.0-85165195981
44488,44489,2-s2.0-85165129783
44489,44490,2-s2.0-85165126476
44496,44497,2-s2.0-85164976212
44500,44501,2-s2.0-85164951706
44501,44502,2-s2.0-85164934889
44502,44503,2-s2.0-85164925051
44509,44510,2-s2.0-85164818648
44516,44517,2-s2.0-85164620880
44520,44521,2-s2.0-85164582256
44531,44532,2-s2.0-85164451957
44538,44539,2-s2.0-85164347202
44539,44540,2-s2.0-85164330788
44546,44547,2-s2.0-85164016389
44556,44557,2-s2.0-85163847162
44564,44565,2-s2.0-85163818342
44565,44566,2-s2.0-85163815963
44575,44576,2-s2.0-85163620769
44579,44580,2-s2.0-85163510226
44588,44589,2-s2.0-85163390958
44591,44592,2-s2.0-85163363188
44595,44596,2-s2.0-85163320293
44610,44611,2-s2.0-85162879473
44614,44615,2-s2.0-85162815663
44617,44618,2-s2.0-85162787081
44618,44619,2-s2.0-85162786822
44621,44622,2-s2.0-85162750715
44629,44630,2-s2.0-85162636565
44631,44632,2-s2.0-85162228544
44635,44636,2-s2.0-85162170288
44640,44641,2-s2.0-85162069118
44643,44644,2-s2.0-85161894503
44645,44646,2-s2.0-85161878159
44648,44649,2-s2.0-85161597275
44660,44661,2-s2.0-85161377129
44684,44685,2-s2.0-85160686177
44697,44698,2-s2.0-85160437828
44699,44700,2-s2.0-85160398238
44704,44705,2-s2.0-85160218850
44709,44710,2-s2.0-85160011937
44712,44713,2-s2.0-85159947980
44719,44720,2-s2.0-85159892886
44727,44728,2-s2.0-85159827068
44735,44736,2-s2.0-85159715787
44737,44738,2-s2.0-85159667925
44741,44742,2-s2.0-85159305649
44747,44748,2-s2.0-85159161497
44761,44762,2-s2.0-85158914155
44766,44767,2-s2.0-85158870579
44769,44770,2-s2.0-85158164582
44782,44783,2-s2.0-85158093974
44785,44786,2-s2.0-85156272274
44787,44788,2-s2.0-85156167750
44789,44790,2-s2.0-85154556028
44792,44793,2-s2.0-85153964427
44794,44795,2-s2.0-85153895436
44798,44799,2-s2.0-85153883044
44799,44800,2-s2.0-85153879739
44803,44804,2-s2.0-85153864112
44812,44813,2-s2.0-85153734711
44815,44816,2-s2.0-85153714828
44817,44818,2-s2.0-85153710053
44828,44829,2-s2.0-85153395550
44837,44838,2-s2.0-85153333480
44838,44839,2-s2.0-85153279842
44846,44847,2-s2.0-85153219404
44849,44850,2-s2.0-85153180861
44856,44857,2-s2.0-85152783603
44875,44876,2-s2.0-85152440542
44876,44877,2-s2.0-85152423420
44886,44887,2-s2.0-85152358934
44889,44890,2-s2.0-85152276712
44890,44891,2-s2.0-85152256932
44898,44899,2-s2.0-85151990133
44901,44902,2-s2.0-85151923736
44905,44906,2-s2.0-85151833709
44911,44912,2-s2.0-85151445703
44914,44915,2-s2.0-85151278196
44922,44923,2-s2.0-85151066622
44923,44924,2-s2.0-85151064582
44927,44928,2-s2.0-85151054454
44936,44937,2-s2.0-85150847217
44940,44941,2-s2.0-85150611067
44944,44945,2-s2.0-85150453801
44947,44948,2-s2.0-85150385035
44952,44953,2-s2.0-85150275742
44960,44961,2-s2.0-85150062125
44964,44965,2-s2.0-85149950829
44965,44966,2-s2.0-85149852033
44968,44969,2-s2.0-85149704785
44979,44980,2-s2.0-85149575098
44993,44994,2-s2.0-85149126285
44995,44996,2-s2.0-85148901666
45000,45001,2-s2.0-85148708551
45001,45002,2-s2.0-85148688993
45010,45011,2-s2.0-85148516592
45014,45015,2-s2.0-85148241157
45015,45016,2-s2.0-85148240201
45018,45019,2-s2.0-85148225296
45019,45020,2-s2.0-85148224312
45020,45021,2-s2.0-85148210313
45022,45023,2-s2.0-85148018142
45043,45044,2-s2.0-85146825791
45046,45047,2-s2.0-85146784546
45055,45056,2-s2.0-85146530694
45056,45057,2-s2.0-85146453974
45060,45061,2-s2.0-85146333321
45062,45063,2-s2.0-85146320473
45063,45064,2-s2.0-85146240730
45070,45071,2-s2.0-85145979274
45073,45074,2-s2.0-85145964260
45084,45085,2-s2.0-85145458839
45090,45091,2-s2.0-85145039529
45092,45093,2-s2.0-85144954143
45112,45113,2-s2.0-85143235929
45114,45115,2-s2.0-85143210200
45141,45142,2-s2.0-85140461624
45147,45148,2-s2.0-85139506319
45148,45149,2-s2.0-85139475664
45156,45157,2-s2.0-85138384979
45157,45158,2-s2.0-85138316227
45161,45162,2-s2.0-85137842898
45162,45163,2-s2.0-85137754902
45169,45170,2-s2.0-85136964417
45181,45182,2-s2.0-85135007086
45196,45197,2-s2.0-85132586459
45202,45203,2-s2.0-85131052860
45204,45205,2-s2.0-85130912934
45211,45212,2-s2.0-85129337029
45212,45213,2-s2.0-85129313773
45216,45217,2-s2.0-85129153664
45223,45224,2-s2.0-85127543433
45228,45229,2-s2.0-85126562608
45239,45240,2-s2.0-85122389978
45243,45244,2-s2.0-85121572689
45244,45245,2-s2.0-85121498540
45261,45262,2-s2.0-85116071941
45263,45264,2-s2.0-85115797001
45265,45266,2-s2.0-85115274122
45275,45276,2-s2.0-85114432260
45281,45282,2-s2.0-85112493578
45284,45285,2-s2.0-85112166784
45293,45294,2-s2.0-85109337716
45296,45297,2-s2.0-85107618003
45304,45305,2-s2.0-85103656793
45308,45309,2-s2.0-85103615712
45309,45310,2-s2.0-85103171310
45322,45323,2-s2.0-85089994463
45323,45324,2-s2.0-85087026535
45326,45327,2-s2.0-67650687609
45328,45329,2-s2.0-105013577604
45330,45331,2-s2.0-105008511268
45332,45333,2-s2.0-105005990971
45334,45335,2-s2.0-105005961741
45352,45353,2-s2.0-105005942596
45356,45357,2-s2.0-105005939759
45358,45359,2-s2.0-105005937752
45360,45361,2-s2.0-105004071284
45366,45367,2-s2.0-85196363970
45370,45371,2-s2.0-85146714365
45372,45373,2-s2.0-85146706802
45388,45389,2-s2.0-85145507115
45395,45396,2-s2.0-85145325555
45400,45401,2-s2.0-85135975340
45401,45402,2-s2.0-85170056132
45402,45403,2-s2.0-85145068145
45404,45405,2-s2.0-85166308584
45406,45407,2-s2.0-85144134003
45408,45409,2-s2.0-85144161298
45410,45411,2-s2.0-85144160142
45413,45414,2-s2.0-85144148540
45428,45429,2-s2.0-85144109846
45431,45432,2-s2.0-85144104185
45453,45454,2-s2.0-85159860473
45455,45456,2-s2.0-85152541135
45468,45469,2-s2.0-85148949325
45471,45472,2-s2.0-85148935654
45475,45476,2-s2.0-85147763743
45484,45485,2-s2.0-85145616237
45490,45491,2-s2.0-85144943312
45493,45494,2-s2.0-85144856608
45499,45500,2-s2.0-85144698548
45502,45503,2-s2.0-85144679591
45510,45511,2-s2.0-85143974793
45519,45520,2-s2.0-85143607691
45532,45533,2-s2.0-85141502077
45534,45535,2-s2.0-85141362208
45539,45540,2-s2.0-85140832574
45541,45542,2-s2.0-85140825902
45546,45547,2-s2.0-85139849915
45559,45560,2-s2.0-85138804765
45563,45564,2-s2.0-85138581415
45575,45576,2-s2.0-85137509652
45582,45583,2-s2.0-85135509656
45584,45585,2-s2.0-85135270482
45587,45588,2-s2.0-85134748037
45592,45593,2-s2.0-85133281216
45595,45596,2-s2.0-85132412910
45613,45614,2-s2.0-85129070821
45614,45615,2-s2.0-85128974462
45619,45620,2-s2.0-85127135438
45623,45624,2-s2.0-85124397412
45626,45627,2-s2.0-85123883727
45627,45628,2-s2.0-85123096800
45628,45629,2-s2.0-85122423395
45630,45631,2-s2.0-85122299098
45636,45637,2-s2.0-85118871825
45637,45638,2-s2.0-85118836722
45640,45641,2-s2.0-85115639819
45646,45647,2-s2.0-85105530331
45652,45653,2-s2.0-85097242238
45653,45654,2-s2.0-85095998017
45654,45655,2-s2.0-85095733809
45666,45667,2-s2.0-85144051835
45668,45669,2-s2.0-85144041769
45671,45672,2-s2.0-85144036265
45672,45673,2-s2.0-85144026278
45679,45680,2-s2.0-85151058379
45687,45688,2-s2.0-85144052409
45705,45706,2-s2.0-85142922457
45706,45707,2-s2.0-85142473396
45709,45710,2-s2.0-85142210845
45715,45716,2-s2.0-85143118568
45717,45718,2-s2.0-85192730270
45731,45732,2-s2.0-85149003278
45736,45737,2-s2.0-85148631144
45742,45743,2-s2.0-85146812269
45745,45746,2-s2.0-85146381306
45746,45747,2-s2.0-85146280044
45750,45751,2-s2.0-85143428748
45751,45752,2-s2.0-85142826003
45759,45760,2-s2.0-85142162359
45762,45763,2-s2.0-85141850331
45763,45764,2-s2.0-85141849975
45766,45767,2-s2.0-85141827603
45774,45775,2-s2.0-85141448509
45779,45780,2-s2.0-85138530304
45789,45790,2-s2.0-85134778128
45799,45800,2-s2.0-85130196428
45809,45810,2-s2.0-85106577669
45810,45811,2-s2.0-85105966885
45811,45812,2-s2.0-85089894346
45820,45821,2-s2.0-85153996632
45826,45827,2-s2.0-85153995133
45829,45830,2-s2.0-85142144128
45843,45844,2-s2.0-85141355977
45863,45864,2-s2.0-85161983066
45872,45873,2-s2.0-85219695697
45881,45882,2-s2.0-85142892422
45887,45888,2-s2.0-85141380201
45892,45893,2-s2.0-85140897586
45901,45902,2-s2.0-85140484785
45907,45908,2-s2.0-85140144707
45929,45930,2-s2.0-85138420365
45932,45933,2-s2.0-85137618256
45945,45946,2-s2.0-85131513568
45947,45948,2-s2.0-85130710668
45948,45949,2-s2.0-85130211249
45952,45953,2-s2.0-85125399733
45953,45954,2-s2.0-85124770568
45954,45955,2-s2.0-85124426979
45961,45962,2-s2.0-85118565531
45965,45966,2-s2.0-85115231668
45967,45968,2-s2.0-85114191175
45973,45974,2-s2.0-85110771674
45977,45978,2-s2.0-85102126835
45982,45983,2-s2.0-85139471603
45985,45986,2-s2.0-85145884681
45988,45989,2-s2.0-105001567828
45989,45990,2-s2.0-85146923068
45993,45994,2-s2.0-85139349838
46006,46007,2-s2.0-85139935047
46012,46013,2-s2.0-85139908250
46016,46017,2-s2.0-85137671007
46023,46024,2-s2.0-85139819162
46025,46026,2-s2.0-85211137268
46032,46033,2-s2.0-85164110012
46035,46036,2-s2.0-85152278273
46045,46046,2-s2.0-85145381078
46049,46050,2-s2.0-85143073652
46055,46056,2-s2.0-85142785295
46059,46060,2-s2.0-85142675950
46072,46073,2-s2.0-85138990088
46073,46074,2-s2.0-85138717615
46075,46076,2-s2.0-85138693947
46077,46078,2-s2.0-85138676661
46080,46081,2-s2.0-85138634913
46085,46086,2-s2.0-85138361099
46091,46092,2-s2.0-85137835749
46096,46097,2-s2.0-85136269980
46106,46107,2-s2.0-85134345205
46114,46115,2-s2.0-85133585216
46115,46116,2-s2.0-85133294348
46120,46121,2-s2.0-85132773478
46127,46128,2-s2.0-85131699013
46141,46142,2-s2.0-85126225965
46147,46148,2-s2.0-85121380587
46155,46156,2-s2.0-85109034811
46159,46160,2-s2.0-85089978867
46160,46161,2-s2.0-105005279147
46171,46172,2-s2.0-85137984115
46176,46177,2-s2.0-85138309326
46177,46178,2-s2.0-85138308080
46180,46181,2-s2.0-85138304943
46188,46189,2-s2.0-85138290168
46198,46199,2-s2.0-85138277520
46202,46203,2-s2.0-85138272761
46203,46204,2-s2.0-85138272614
46214,46215,2-s2.0-85138251575
46219,46220,2-s2.0-85138247229
46221,46222,2-s2.0-85138245261
46226,46227,2-s2.0-85138235203
46233,46234,2-s2.0-85138232014
46234,46235,2-s2.0-85138229443
46236,46237,2-s2.0-85138228530
46250,46251,2-s2.0-85136388457
46253,46254,2-s2.0-85137224525
46255,46256,2-s2.0-85137541321
46259,46260,2-s2.0-85136521238
46263,46264,2-s2.0-85137080025
46276,46277,2-s2.0-85139458072
46278,46279,2-s2.0-85137709214
46285,46286,2-s2.0-85137278582
46289,46290,2-s2.0-85136977584
46295,46296,2-s2.0-85136826036
46300,46301,2-s2.0-85136578315
46301,46302,2-s2.0-85136546497
46316,46317,2-s2.0-85133415886
46324,46325,2-s2.0-85131460836
46328,46329,2-s2.0-85130114782
46336,46337,2-s2.0-85115111969
46340,46341,2-s2.0-85107482372
46347,46348,2-s2.0-85143394067
46348,46349,2-s2.0-85143385593
46351,46352,2-s2.0-85135714860
46356,46357,2-s2.0-85135696635
46357,46358,2-s2.0-85135684554
46368,46369,2-s2.0-85135270065
46370,46371,2-s2.0-85133466613
46372,46373,2-s2.0-85135088271
46382,46383,2-s2.0-85134669321
46384,46385,2-s2.0-85134653219
46388,46389,2-s2.0-85134648118
46389,46390,2-s2.0-85134645014
46398,46399,2-s2.0-85134431066
46399,46400,2-s2.0-85134430841
46400,46401,2-s2.0-85134017842
46406,46407,2-s2.0-85151474845
46410,46411,2-s2.0-85144119460
46412,46413,2-s2.0-85142281999
46414,46415,2-s2.0-85142231082
46417,46418,2-s2.0-85142213650
46423,46424,2-s2.0-85140215466
46428,46429,2-s2.0-85136874821
46430,46431,2-s2.0-85136357764
46434,46435,2-s2.0-85135446297
46435,46436,2-s2.0-85135109832
46441,46442,2-s2.0-85134535515
46444,46445,2-s2.0-85134049808
46447,46448,2-s2.0-85133927427
46467,46468,2-s2.0-85133238185
46471,46472,2-s2.0-85132883776
46474,46475,2-s2.0-85132193794
46478,46479,2-s2.0-85130961450
46483,46484,2-s2.0-85126641949
46486,46487,2-s2.0-85125419332
46488,46489,2-s2.0-85123642754
46493,46494,2-s2.0-85105959869
46497,46498,2-s2.0-85102281138
46501,46502,2-s2.0-85088033863
46503,46504,2-s2.0-85137685665
46515,46516,2-s2.0-85188724476
46524,46525,2-s2.0-85133708003
46541,46542,2-s2.0-85126195365
46543,46544,2-s2.0-85132875641
46551,46552,2-s2.0-85173514643
46552,46553,2-s2.0-85173478363
46555,46556,2-s2.0-85159318517
46571,46572,2-s2.0-85135238530
46574,46575,2-s2.0-85134831418
46583,46584,2-s2.0-85132977765
46586,46587,2-s2.0-85132789670
46592,46593,2-s2.0-85132292678
46595,46596,2-s2.0-85132176181
46596,46597,2-s2.0-85132169846
46597,46598,2-s2.0-85132150090
46599,46600,2-s2.0-85132045487
46605,46606,2-s2.0-85131772055
46609,46610,2-s2.0-85131554029
46610,46611,2-s2.0-85131521759
46621,46622,2-s2.0-85130248388
46631,46632,2-s2.0-85128803590
46635,46636,2-s2.0-85127970346
46646,46647,2-s2.0-85126874111
46652,46653,2-s2.0-85126037573
46670,46671,2-s2.0-85121390625
46674,46675,2-s2.0-85118136111
46692,46693,2-s2.0-85091142329
46694,46695,2-s2.0-85088292875
46719,46720,2-s2.0-85129717974
46721,46722,2-s2.0-85130265705
46725,46726,2-s2.0-85194901619
46727,46728,2-s2.0-85161916830
46730,46731,2-s2.0-85150345575
46732,46733,2-s2.0-85145401531
46738,46739,2-s2.0-85135394283
46741,46742,2-s2.0-85133529375
46754,46755,2-s2.0-85130971819
46758,46759,2-s2.0-85130745914
46763,46764,2-s2.0-85130496059
46767,46768,2-s2.0-85130128518
46772,46773,2-s2.0-85129633887
46792,46793,2-s2.0-85122763366
46795,46796,2-s2.0-85121139966
46803,46804,2-s2.0-85118610945
46807,46808,2-s2.0-85113833252
46809,46810,2-s2.0-85110962471
46819,46820,2-s2.0-85140219612
46822,46823,2-s2.0-85129938730
46823,46824,2-s2.0-85129888722
46828,46829,2-s2.0-85144359917
46829,46830,2-s2.0-85131293926
46831,46832,2-s2.0-85128884502
46838,46839,2-s2.0-85142084893
46844,46845,2-s2.0-85135772039
46847,46848,2-s2.0-85132629671
46848,46849,2-s2.0-85131888707
46849,46850,2-s2.0-85131748767
46851,46852,2-s2.0-85131163432
46856,46857,2-s2.0-85129636527
46860,46861,2-s2.0-85129488723
46862,46863,2-s2.0-85129195301
46872,46873,2-s2.0-85128414157
46874,46875,2-s2.0-85128349740
46879,46880,2-s2.0-85127940246
46880,46881,2-s2.0-85127929897
46882,46883,2-s2.0-85127858788
46894,46895,2-s2.0-85126666936
46898,46899,2-s2.0-85126042759
46899,46900,2-s2.0-85125280090
46903,46904,2-s2.0-85124487675
46905,46906,2-s2.0-85124428325
46915,46916,2-s2.0-85121305144
46918,46919,2-s2.0-85117238559
46919,46920,2-s2.0-85115698526
46920,46921,2-s2.0-85115438961
46921,46922,2-s2.0-85114794844
46927,46928,2-s2.0-85108986533
46928,46929,2-s2.0-85108346906
46937,46938,2-s2.0-85092705810
46940,46941,2-s2.0-85085126128
46941,46942,2-s2.0-85084423204
46947,46948,2-s2.0-85144309188
46960,46961,2-s2.0-85127397116
46962,46963,2-s2.0-85127092725
46963,46964,2-s2.0-85127414406
46964,46965,2-s2.0-85127385229
46965,46966,2-s2.0-85127373452
46966,46967,2-s2.0-85219658964
46976,46977,2-s2.0-85138175008
46981,46982,2-s2.0-85131954489
46983,46984,2-s2.0-85130172100
46987,46988,2-s2.0-85129252679
46996,46997,2-s2.0-85127622274
47003,47004,2-s2.0-85126953282
47010,47011,2-s2.0-85126643639
47011,47012,2-s2.0-85126572452
47012,47013,2-s2.0-85126509060
47018,47019,2-s2.0-85126030470
47022,47023,2-s2.0-85125730491
47024,47025,2-s2.0-85125593266
47030,47031,2-s2.0-85124172673
47031,47032,2-s2.0-85124130644
47038,47039,2-s2.0-85123290616
47039,47040,2-s2.0-85123230901
47041,47042,2-s2.0-85122144934
47042,47043,2-s2.0-85121650951
47045,47046,2-s2.0-85119973624
47052,47053,2-s2.0-85113776641
47054,47055,2-s2.0-85113188687
47061,47062,2-s2.0-85111089106
47062,47063,2-s2.0-85109370869
47066,47067,2-s2.0-85104967459
47071,47072,2-s2.0-85101858680
47073,47074,2-s2.0-85100608133
47074,47075,2-s2.0-85099987664
47075,47076,2-s2.0-85097485163
47079,47080,2-s2.0-85087386761
47089,47090,2-s2.0-85137149944
47093,47094,2-s2.0-85126114130
47096,47097,2-s2.0-85137173270
47097,47098,2-s2.0-85137172343
47101,47102,2-s2.0-85125559256
47109,47110,2-s2.0-85125319447
47111,47112,2-s2.0-85154584482
47112,47113,2-s2.0-85124883824
47114,47115,2-s2.0-85128762256
47132,47133,2-s2.0-85125362498
47133,47134,2-s2.0-85125102555
47136,47137,2-s2.0-85125064408
47139,47140,2-s2.0-85124834754
47142,47143,2-s2.0-85124706999
47146,47147,2-s2.0-85123974793
47155,47156,2-s2.0-85123454185
47158,47159,2-s2.0-85123237484
47163,47164,2-s2.0-85121537915
47165,47166,2-s2.0-85121047353
47169,47170,2-s2.0-85117065681
47175,47176,2-s2.0-85110964509
47177,47178,2-s2.0-85108327405
47178,47179,2-s2.0-85108091481
47187,47188,2-s2.0-85126372842
47190,47191,2-s2.0-85124982587
47193,47194,2-s2.0-85124949115
47196,47197,2-s2.0-85124260879
47197,47198,2-s2.0-85124194226
47200,47201,2-s2.0-85125942334
47204,47205,2-s2.0-85124293714
47207,47208,2-s2.0-85129181807
47217,47218,2-s2.0-85115962799
47223,47224,2-s2.0-85124292168
47226,47227,2-s2.0-85113692598
47228,47229,2-s2.0-85219519104
47234,47235,2-s2.0-85218724983
47235,47236,2-s2.0-85217634463
47237,47238,2-s2.0-85217036773
47241,47242,2-s2.0-85216750290
47245,47246,2-s2.0-85211992964
47257,47258,2-s2.0-85198595587
47259,47260,2-s2.0-85196626916
47271,47272,2-s2.0-85188859681
47283,47284,2-s2.0-85181210797
47287,47288,2-s2.0-85180804684
47288,47289,2-s2.0-85180801427
47289,47290,2-s2.0-85180796286
47299,47300,2-s2.0-85180627730
47305,47306,2-s2.0-85179865878
47306,47307,2-s2.0-85179499699
47308,47309,2-s2.0-85179327404
47310,47311,2-s2.0-85177184761
47313,47314,2-s2.0-85175037738
47314,47315,2-s2.0-85174849080
47322,47323,2-s2.0-85174815396
47325,47326,2-s2.0-85174809527
47326,47327,2-s2.0-85174807962
47335,47336,2-s2.0-85174102580
47346,47347,2-s2.0-85172118691
47350,47351,2-s2.0-85171787703
47356,47357,2-s2.0-85170254347
47364,47365,2-s2.0-85168796073
47368,47369,2-s2.0-85167987364
47387,47388,2-s2.0-85165072714
47406,47407,2-s2.0-85163422709
47414,47415,2-s2.0-85161224735
47424,47425,2-s2.0-85160055881
47429,47430,2-s2.0-85159656196
47430,47431,2-s2.0-85159604260
47433,47434,2-s2.0-85159464854
47437,47438,2-s2.0-85159341889
47440,47441,2-s2.0-85159326039
47443,47444,2-s2.0-85159300636
47446,47447,2-s2.0-85159089745
47447,47448,2-s2.0-85159032717
47452,47453,2-s2.0-85159021937
47455,47456,2-s2.0-85158988898
47456,47457,2-s2.0-85158987421
47459,47460,2-s2.0-85158972428
47460,47461,2-s2.0-85158972245
47467,47468,2-s2.0-85158931451
47468,47469,2-s2.0-85158930402
47471,47472,2-s2.0-85158853784
47472,47473,2-s2.0-85158821382
47473,47474,2-s2.0-85156728055
47476,47477,2-s2.0-85156109247
47482,47483,2-s2.0-85153967714
47483,47484,2-s2.0-85153956216
47487,47488,2-s2.0-85153814533
47488,47489,2-s2.0-85153741176
47490,47491,2-s2.0-85153440713
47491,47492,2-s2.0-85153425705
47492,47493,2-s2.0-85153425447
47493,47494,2-s2.0-85153391596
47494,47495,2-s2.0-85153379900
47497,47498,2-s2.0-85152848754
47498,47499,2-s2.0-85152676735
47500,47501,2-s2.0-85152231270
47505,47506,2-s2.0-85151688749
47508,47509,2-s2.0-85151416043
47509,47510,2-s2.0-85151364513
47510,47511,2-s2.0-85151089516
47531,47532,2-s2.0-85150570135
47532,47533,2-s2.0-85150569265
47533,47534,2-s2.0-85150564174
47534,47535,2-s2.0-85150563350
47540,47541,2-s2.0-85150555610
47552,47553,2-s2.0-85150021900
47556,47557,2-s2.0-85149906785
47565,47566,2-s2.0-85149366890
47579,47580,2-s2.0-85148537502
47585,47586,2-s2.0-85148509830
47587,47588,2-s2.0-85148497433
47593,47594,2-s2.0-85148361782
47599,47600,2-s2.0-85148077099
47602,47603,2-s2.0-85148039021
47604,47605,2-s2.0-85147997275
47622,47623,2-s2.0-85147532327
47630,47631,2-s2.0-85147521245
47633,47634,2-s2.0-85147517682
47635,47636,2-s2.0-85147507744
47639,47640,2-s2.0-85147503355
47646,47647,2-s2.0-85147498758
47647,47648,2-s2.0-85147498504
47650,47651,2-s2.0-85147493551
47654,47655,2-s2.0-85147385372
47668,47669,2-s2.0-85146786762
47670,47671,2-s2.0-85146759164
47672,47673,2-s2.0-85146733799
47676,47677,2-s2.0-85146699490
47677,47678,2-s2.0-85146697445
47680,47681,2-s2.0-85146686897
47686,47687,2-s2.0-85146646027
47692,47693,2-s2.0-85146531058
47697,47698,2-s2.0-85146427176
47701,47702,2-s2.0-85146396132
47704,47705,2-s2.0-85146394566
47715,47716,2-s2.0-85146122070
47720,47721,2-s2.0-85145973944
47736,47737,2-s2.0-85145772962
47738,47739,2-s2.0-85145770334
47746,47747,2-s2.0-85145433773
47766,47767,2-s2.0-85144454483
47768,47769,2-s2.0-85144440973
47784,47785,2-s2.0-85144139656
47785,47786,2-s2.0-85144121059
47787,47788,2-s2.0-85144096576
47788,47789,2-s2.0-85144082976
47791,47792,2-s2.0-85143910142
47793,47794,2-s2.0-85143864904
47798,47799,2-s2.0-85143821054
47800,47801,2-s2.0-85143806922
47803,47804,2-s2.0-85143801256
47806,47807,2-s2.0-85143798624
47809,47810,2-s2.0-85143792430
47812,47813,2-s2.0-85143777825
47832,47833,2-s2.0-85143174330
47838,47839,2-s2.0-85143074653
47858,47859,2-s2.0-85142590426
47869,47870,2-s2.0-85142456140
47879,47880,2-s2.0-85142369429
47883,47884,2-s2.0-85142302627
47892,47893,2-s2.0-85142229196
47898,47899,2-s2.0-85141822767
47900,47901,2-s2.0-85141811582
47901,47902,2-s2.0-85141809821
47903,47904,2-s2.0-85141787000
47917,47918,2-s2.0-85141648853
47926,47927,2-s2.0-85141500186
47935,47936,2-s2.0-85141220333
47942,47943,2-s2.0-85141168536
47951,47952,2-s2.0-85140952466
47960,47961,2-s2.0-85140833804
47962,47963,2-s2.0-85140773748
47968,47969,2-s2.0-85140618374
47970,47971,2-s2.0-85140616501
47974,47975,2-s2.0-85140595922
47975,47976,2-s2.0-85140593353
47984,47985,2-s2.0-85140391383
47989,47990,2-s2.0-85140260285
47991,47992,2-s2.0-85140171904
47994,47995,2-s2.0-85140163465
47999,48000,2-s2.0-85140044236
48006,48007,2-s2.0-85139737402
48012,48013,2-s2.0-85139507692
48020,48021,2-s2.0-85139426937
48021,48022,2-s2.0-85139424642
48027,48028,2-s2.0-85139352509
48034,48035,2-s2.0-85139228584
48041,48042,2-s2.0-85139075076
48044,48045,2-s2.0-85139054511
48050,48051,2-s2.0-85138765378
48056,48057,2-s2.0-85138598392
48074,48075,2-s2.0-85138145353
48080,48081,2-s2.0-85137846427
48084,48085,2-s2.0-85137748244
48093,48094,2-s2.0-85137568629
48099,48100,2-s2.0-85137261295
48108,48109,2-s2.0-85136979558
48114,48115,2-s2.0-85136932695
48116,48117,2-s2.0-85136926271
48117,48118,2-s2.0-85136926065
48120,48121,2-s2.0-85136830308
48127,48128,2-s2.0-85136470429
48135,48136,2-s2.0-85136153464
48149,48150,2-s2.0-85135824915
48156,48157,2-s2.0-85135795458
48159,48160,2-s2.0-85135770753
48168,48169,2-s2.0-85135468419
48171,48172,2-s2.0-85135416134
48173,48174,2-s2.0-85135309558
48174,48175,2-s2.0-85135293559
48175,48176,2-s2.0-85135284185
48185,48186,2-s2.0-85135096946
48187,48188,2-s2.0-85135061732
48189,48190,2-s2.0-85135023221
48197,48198,2-s2.0-85134902264
48203,48204,2-s2.0-85134877393
48204,48205,2-s2.0-85134877134
48205,48206,2-s2.0-85134855345
48209,48210,2-s2.0-85134785279
48216,48217,2-s2.0-85134621359
48229,48230,2-s2.0-85134346577
48233,48234,2-s2.0-85134317891
48234,48235,2-s2.0-85134299799
48241,48242,2-s2.0-85134186765
48255,48256,2-s2.0-85133944799
48260,48261,2-s2.0-85133805955
48268,48269,2-s2.0-85133524917
48269,48270,2-s2.0-85133516578
48280,48281,2-s2.0-85133433482
48301,48302,2-s2.0-85132677241
48306,48307,2-s2.0-85132651789
48313,48314,2-s2.0-85132398582
48323,48324,2-s2.0-85132277212
48328,48329,2-s2.0-85132164980
48330,48331,2-s2.0-85132127245
48333,48334,2-s2.0-85131953334
48335,48336,2-s2.0-85131908908
48336,48337,2-s2.0-85131891064
48341,48342,2-s2.0-85131553880
48344,48345,2-s2.0-85131410455
48361,48362,2-s2.0-85130895363
48368,48369,2-s2.0-85130771044
48372,48373,2-s2.0-85130743704
48378,48379,2-s2.0-85130686130
48379,48380,2-s2.0-85130684494
48380,48381,2-s2.0-85130626211
48386,48387,2-s2.0-85130586377
48389,48390,2-s2.0-85130542098
48399,48400,2-s2.0-85130460565
48408,48409,2-s2.0-85130431278
48410,48411,2-s2.0-85130390288
48412,48413,2-s2.0-85130348923
48421,48422,2-s2.0-85130010516
48425,48426,2-s2.0-85129966224
48426,48427,2-s2.0-85129907883
48432,48433,2-s2.0-85129843745
48434,48435,2-s2.0-85129821860
48435,48436,2-s2.0-85129817834
48437,48438,2-s2.0-85129781948
48443,48444,2-s2.0-85129590497
48462,48463,2-s2.0-85129223599
48473,48474,2-s2.0-85129083125
48477,48478,2-s2.0-85128987727
48479,48480,2-s2.0-85128981437
48480,48481,2-s2.0-85128976168
48487,48488,2-s2.0-85128907990
48488,48489,2-s2.0-85128881400
48490,48491,2-s2.0-85128863988
48496,48497,2-s2.0-85128760835
48501,48502,2-s2.0-85128687277
48502,48503,2-s2.0-85128675767
48510,48511,2-s2.0-85128414622
48513,48514,2-s2.0-85128365679
48521,48522,2-s2.0-85127979214
48525,48526,2-s2.0-85127876557
48533,48534,2-s2.0-85127631449
48534,48535,2-s2.0-85127608298
48538,48539,2-s2.0-85127563407
48542,48543,2-s2.0-85127552293
48546,48547,2-s2.0-85127456677
48549,48550,2-s2.0-85127317952
48557,48558,2-s2.0-85127051566
48569,48570,2-s2.0-85126545636
48571,48572,2-s2.0-85126366622
48572,48573,2-s2.0-85126361463
48575,48576,2-s2.0-85126199997
48578,48579,2-s2.0-85126117153
48579,48580,2-s2.0-85126097543
48580,48581,2-s2.0-85126042293
48581,48582,2-s2.0-85125993183
48582,48583,2-s2.0-85125951654
48594,48595,2-s2.0-85125697585
48596,48597,2-s2.0-85125590162
48599,48600,2-s2.0-85125545391
48603,48604,2-s2.0-85125391662
48611,48612,2-s2.0-85125245722
48617,48618,2-s2.0-85125107466
48626,48627,2-s2.0-85124870585
48638,48639,2-s2.0-85124598848
48643,48644,2-s2.0-85124515166
48645,48646,2-s2.0-85124483854
48659,48660,2-s2.0-85124134566
48666,48667,2-s2.0-85123916877
48669,48670,2-s2.0-85123831175
48672,48673,2-s2.0-85123761815
48675,48676,2-s2.0-85123699892
48677,48678,2-s2.0-85123641721
48680,48681,2-s2.0-85123605415
48683,48684,2-s2.0-85123570606
48684,48685,2-s2.0-85123548345
48686,48687,2-s2.0-85123530490
48695,48696,2-s2.0-85123451500
48696,48697,2-s2.0-85123408860
48698,48699,2-s2.0-85123396994
48699,48700,2-s2.0-85123358397
48702,48703,2-s2.0-85123289097
48718,48719,2-s2.0-85122483355
48732,48733,2-s2.0-85121815332
48737,48738,2-s2.0-85121583299
48740,48741,2-s2.0-85121434684
48753,48754,2-s2.0-85120811987
48775,48776,2-s2.0-85119141772
48782,48783,2-s2.0-85118620425
48790,48791,2-s2.0-85118135170
48795,48796,2-s2.0-85117920220
48805,48806,2-s2.0-85116991742
48806,48807,2-s2.0-85116623154
48828,48829,2-s2.0-85113730597
48832,48833,2-s2.0-85112776704
48834,48835,2-s2.0-85112541653
48842,48843,2-s2.0-85112035417
48848,48849,2-s2.0-85111615773
48849,48850,2-s2.0-85111594092
48852,48853,2-s2.0-85111558926
48854,48855,2-s2.0-85111502743
48858,48859,2-s2.0-85111461796
48863,48864,2-s2.0-85110206485
48865,48866,2-s2.0-85110032242
48871,48872,2-s2.0-85108874941
48872,48873,2-s2.0-85108636235
48873,48874,2-s2.0-85108281141
48876,48877,2-s2.0-85108182395
48879,48880,2-s2.0-85107516836
48882,48883,2-s2.0-85106756256
48884,48885,2-s2.0-85106693517
48885,48886,2-s2.0-85106345438
48892,48893,2-s2.0-85105369465
48901,48902,2-s2.0-85103913295
48903,48904,2-s2.0-85103045404
48905,48906,2-s2.0-85102925043
48909,48910,2-s2.0-85102523896
48919,48920,2-s2.0-85100110642
48922,48923,2-s2.0-85099768023
48936,48937,2-s2.0-85097193107
48944,48945,2-s2.0-85096117365
48949,48950,2-s2.0-85094928717
48956,48957,2-s2.0-85091870033
48957,48958,2-s2.0-85091728848
48958,48959,2-s2.0-85091612013
48960,48961,2-s2.0-85091183627
48968,48969,2-s2.0-85089021089
48969,48970,2-s2.0-85087505061
48974,48975,2-s2.0-85087126355
48979,48980,2-s2.0-85086587903
48981,48982,2-s2.0-85084576013
48984,48985,2-s2.0-85082471753
48988,48989,2-s2.0-85078909976
48995,48996,2-s2.0-85066895883
49002,49003,2-s2.0-105009197176
49004,49005,2-s2.0-105005882384
49008,49009,2-s2.0-105003870886
49011,49012,2-s2.0-105002029348
49012,49013,2-s2.0-105001400095
49015,49016,2-s2.0-85132027780
49016,49017,2-s2.0-85124543480
49018,49019,2-s2.0-85133958162
49021,49022,2-s2.0-85123124631
49050,49051,2-s2.0-85122432416
49056,49057,2-s2.0-85150494322
49064,49065,2-s2.0-85129643753
49066,49067,2-s2.0-85129596236
49070,49071,2-s2.0-85127175102
49072,49073,2-s2.0-85127137914
49076,49077,2-s2.0-85125628199
49077,49078,2-s2.0-85125622950
49078,49079,2-s2.0-85125616915
49096,49097,2-s2.0-85122517850
49097,49098,2-s2.0-85122507758
49100,49101,2-s2.0-85122281098
49101,49102,2-s2.0-85122232596
49102,49103,2-s2.0-85122031523
49103,49104,2-s2.0-85122017705
49112,49113,2-s2.0-85121461250
49118,49119,2-s2.0-85121278033
49123,49124,2-s2.0-85121205358
49136,49137,2-s2.0-85120620649
49140,49141,2-s2.0-85120348955
49152,49153,2-s2.0-85118875341
49159,49160,2-s2.0-85118281504
49160,49161,2-s2.0-85118279968
49162,49163,2-s2.0-85118178829
49165,49166,2-s2.0-85117419921
49170,49171,2-s2.0-85116417939
49173,49174,2-s2.0-85115808352
49190,49191,2-s2.0-85113634406
49198,49199,2-s2.0-85111325393
49201,49202,2-s2.0-85110528190
49203,49204,2-s2.0-85109735095
49207,49208,2-s2.0-85108299550
49210,49211,2-s2.0-85107481386
49216,49217,2-s2.0-85106006526
49221,49222,2-s2.0-85105702994
49231,49232,2-s2.0-85103745866
49234,49235,2-s2.0-85103347057
49236,49237,2-s2.0-85103000274
49245,49246,2-s2.0-85101685765
49255,49256,2-s2.0-85093501061
49273,49274,2-s2.0-85123284690
49276,49277,2-s2.0-85119590481
49280,49281,2-s2.0-85121240527
49283,49284,2-s2.0-85121551593
49289,49290,2-s2.0-85126633246
49292,49293,2-s2.0-85126624062
49294,49295,2-s2.0-85126575717
49302,49303,2-s2.0-85114456177
49306,49307,2-s2.0-85119871606
49308,49309,2-s2.0-85120172807
49311,49312,2-s2.0-85120320532
49317,49318,2-s2.0-85125450939
49332,49333,2-s2.0-85120006906
49336,49337,2-s2.0-85119837537
49340,49341,2-s2.0-85119288263
49351,49352,2-s2.0-85118550332
49359,49360,2-s2.0-85118123455
49361,49362,2-s2.0-85117397488
49363,49364,2-s2.0-85116999053
49371,49372,2-s2.0-85113720222
49374,49375,2-s2.0-85112136656
49381,49382,2-s2.0-85107588115
49382,49383,2-s2.0-85107496618
49387,49388,2-s2.0-85106432090
49389,49390,2-s2.0-85106342939
49399,49400,2-s2.0-85084076157
49404,49405,2-s2.0-85119927242
49412,49413,2-s2.0-85122067346
49418,49419,2-s2.0-85121622654
49426,49427,2-s2.0-85119264217
49427,49428,2-s2.0-85145635469
49428,49429,2-s2.0-85118643067
49432,49433,2-s2.0-85117919603
49433,49434,2-s2.0-85119253618
49438,49439,2-s2.0-85119403625
49439,49440,2-s2.0-85117890276
49444,49445,2-s2.0-85117603186
49456,49457,2-s2.0-85123371861
49457,49458,2-s2.0-85121733093
49464,49465,2-s2.0-85118590295
49465,49466,2-s2.0-85118411861
49470,49471,2-s2.0-85117449902
49481,49482,2-s2.0-85116751430
49482,49483,2-s2.0-85116668347
49490,49491,2-s2.0-85116347641
49492,49493,2-s2.0-85116317070
49500,49501,2-s2.0-85115994970
49502,49503,2-s2.0-85115826906
49503,49504,2-s2.0-85115781940
49513,49514,2-s2.0-85114150079
49523,49524,2-s2.0-85112246644
49529,49530,2-s2.0-85108680354
49531,49532,2-s2.0-85108558433
49532,49533,2-s2.0-85108313563
49534,49535,2-s2.0-85107489096
49536,49537,2-s2.0-85107405224
49537,49538,2-s2.0-85106805422
49544,49545,2-s2.0-85102176993
49562,49563,2-s2.0-85119973043
49568,49569,2-s2.0-85119095668
49569,49570,2-s2.0-85116497154
49571,49572,2-s2.0-85113197920
49572,49573,2-s2.0-85149235008
49577,49578,2-s2.0-85164124370
49582,49583,2-s2.0-85114898860
49583,49584,2-s2.0-85114839533
49584,49585,2-s2.0-85134684218
49586,49587,2-s2.0-85134652708
49591,49592,2-s2.0-85186191318
49593,49594,2-s2.0-85164161238
49598,49599,2-s2.0-85125586260
49601,49602,2-s2.0-85123839572
49609,49610,2-s2.0-85118455989
49610,49611,2-s2.0-85118097168
49614,49615,2-s2.0-85117106991
49619,49620,2-s2.0-85116279961
49623,49624,2-s2.0-85116114525
49628,49629,2-s2.0-85115752337
49633,49634,2-s2.0-85115293875
49639,49640,2-s2.0-85114645724
49640,49641,2-s2.0-85114602832
49646,49647,2-s2.0-85114046157
49654,49655,2-s2.0-85112832379
49655,49656,2-s2.0-85112765672
49656,49657,2-s2.0-85111779815
49658,49659,2-s2.0-85111201231
49665,49666,2-s2.0-85109484849
49674,49675,2-s2.0-85106330783
49689,49690,2-s2.0-85097602639
49695,49696,2-s2.0-85091284282
49696,49697,2-s2.0-85089286780
49697,49698,2-s2.0-85086773228
49699,49700,2-s2.0-85083388674
49700,49701,2-s2.0-85076216075
49711,49712,2-s2.0-85114200422
49716,49717,2-s2.0-85118962806
49728,49729,2-s2.0-85114204376
49735,49736,2-s2.0-85117464689
49737,49738,2-s2.0-85113392457
49738,49739,2-s2.0-85113352903
49740,49741,2-s2.0-85125205523
49743,49744,2-s2.0-85115064391
49744,49745,2-s2.0-85116781368
49746,49747,2-s2.0-85112859915
49753,49754,2-s2.0-85112829820
49758,49759,2-s2.0-85112819091
49778,49779,2-s2.0-85112755593
49782,49783,2-s2.0-85116117145
49783,49784,2-s2.0-85112350454
49788,49789,2-s2.0-85123693860
49795,49796,2-s2.0-85114106821
49803,49804,2-s2.0-85112595684
49805,49806,2-s2.0-85112341331
49807,49808,2-s2.0-85112193324
49811,49812,2-s2.0-85112042005
49813,49814,2-s2.0-85111796125
49816,49817,2-s2.0-85111674911
49820,49821,2-s2.0-85111580386
49824,49825,2-s2.0-85111011013
49829,49830,2-s2.0-85108093425
49834,49835,2-s2.0-85104607788
49840,49841,2-s2.0-85101588249
49843,49844,2-s2.0-85101568250
49847,49848,2-s2.0-85101508349
49858,49859,2-s2.0-85086788464
49859,49860,2-s2.0-85086669147
49863,49864,2-s2.0-85072103856
49875,49876,2-s2.0-85124573774
49883,49884,2-s2.0-85124565872
49896,49897,2-s2.0-85124551587
49899,49900,2-s2.0-85124548509
49900,49901,2-s2.0-85124548450
49902,49903,2-s2.0-85124544287
49906,49907,2-s2.0-85124534554
49913,49914,2-s2.0-85124528172
49918,49919,2-s2.0-85124523724
49930,49931,2-s2.0-85124509210
49931,49932,2-s2.0-85124506968
49941,49942,2-s2.0-85125557010
49948,49949,2-s2.0-85112465475
49953,49954,2-s2.0-85112429281
49978,49979,2-s2.0-85111110796
50002,50003,2-s2.0-85114891262
50004,50005,2-s2.0-85114869887
50013,50014,2-s2.0-85112738676
50015,50016,2-s2.0-85112736569
50017,50018,2-s2.0-85112280524
50035,50036,2-s2.0-85110355015
50037,50038,2-s2.0-85110306390
50055,50056,2-s2.0-85108302880
50062,50063,2-s2.0-85105313978
50064,50065,2-s2.0-85104957490
50066,50067,2-s2.0-85104149565
50070,50071,2-s2.0-85103216384
50071,50072,2-s2.0-85103164408
50076,50077,2-s2.0-85100966898
50079,50080,2-s2.0-85091106804
50081,50082,2-s2.0-85089454510
50084,50085,2-s2.0-85087723572
50094,50095,2-s2.0-85110285226
50098,50099,2-s2.0-85109024936
50100,50101,2-s2.0-85108986722
50112,50113,2-s2.0-85110136842
50122,50123,2-s2.0-85118175225
50130,50131,2-s2.0-85109767051
50131,50132,2-s2.0-85109765882
50148,50149,2-s2.0-85108576086
50154,50155,2-s2.0-85108568197
50164,50165,2-s2.0-85108540818
50173,50174,2-s2.0-85108527576
50180,50181,2-s2.0-85108508548
50184,50185,2-s2.0-85108504358
50189,50190,2-s2.0-85134534116
50190,50191,2-s2.0-85108669527
50199,50200,2-s2.0-85114273948
50200,50201,2-s2.0-85114272581
50202,50203,2-s2.0-85108250403
50203,50204,2-s2.0-85219667576
50210,50211,2-s2.0-85138597554
50218,50219,2-s2.0-85127194803
50226,50227,2-s2.0-85118244556
50228,50229,2-s2.0-85118232518
50234,50235,2-s2.0-85115374599
50244,50245,2-s2.0-85111146223
50250,50251,2-s2.0-85109321832
50256,50257,2-s2.0-85108458302
50257,50258,2-s2.0-85108323835
50267,50268,2-s2.0-85107495409
50270,50271,2-s2.0-85107344142
50272,50273,2-s2.0-85107176941
50275,50276,2-s2.0-85106492008
50288,50289,2-s2.0-85105377359
50292,50293,2-s2.0-85105204960
50296,50297,2-s2.0-85104494033
50299,50300,2-s2.0-85103619481
50301,50302,2-s2.0-85103265876
50302,50303,2-s2.0-85103233259
50310,50311,2-s2.0-85102308118
50312,50313,2-s2.0-85101646676
50314,50315,2-s2.0-85101093673
50325,50326,2-s2.0-85090308075
50347,50348,2-s2.0-85125370864
50351,50352,2-s2.0-85108029872
50355,50356,2-s2.0-85108026345
50365,50366,2-s2.0-85149432704
50366,50367,2-s2.0-85110955824
50370,50371,2-s2.0-85108164226
50382,50383,2-s2.0-85137048461
50387,50388,2-s2.0-85107368574
50399,50400,2-s2.0-85105964552
50402,50403,2-s2.0-85105962933
50404,50405,2-s2.0-85105960744
50407,50408,2-s2.0-85105950680
50410,50411,2-s2.0-85105938997
50417,50418,2-s2.0-85105930685
50421,50422,2-s2.0-85105927948
50422,50423,2-s2.0-85105927240
50433,50434,2-s2.0-85105912919
50446,50447,2-s2.0-85105931931
50449,50450,2-s2.0-85106375260
50451,50452,2-s2.0-85106360538
50453,50454,2-s2.0-85106953439
50456,50457,2-s2.0-85133392781
50464,50465,2-s2.0-85112047520
50468,50469,2-s2.0-85109351739
50470,50471,2-s2.0-85109096056
50475,50476,2-s2.0-85108201503
50492,50493,2-s2.0-85105289158
50497,50498,2-s2.0-85104852091
50499,50500,2-s2.0-85104229331
50501,50502,2-s2.0-85103624143
50507,50508,2-s2.0-85102139339
50509,50510,2-s2.0-85102059277
50511,50512,2-s2.0-85101476999
50512,50513,2-s2.0-85101431479
50514,50515,2-s2.0-85100719704
50521,50522,2-s2.0-85099238648
50523,50524,2-s2.0-85098762929
50524,50525,2-s2.0-85097068416
50525,50526,2-s2.0-85096841800
50526,50527,2-s2.0-85095992682
50537,50538,2-s2.0-85105622620
50538,50539,2-s2.0-85108487643
50546,50547,2-s2.0-85198558832
50553,50554,2-s2.0-85112472983
50563,50564,2-s2.0-85112455217
50564,50565,2-s2.0-85112454219
50565,50566,2-s2.0-85112453467
50568,50569,2-s2.0-85112446053
50580,50581,2-s2.0-85112405081
50581,50582,2-s2.0-85112404572
50582,50583,2-s2.0-85106724201
50584,50585,2-s2.0-85162037227
50599,50600,2-s2.0-85112845605
50602,50603,2-s2.0-85105989941
50612,50613,2-s2.0-85104678730
50615,50616,2-s2.0-85104671981
50622,50623,2-s2.0-85104657157
50626,50627,2-s2.0-85104643908
50637,50638,2-s2.0-85104629296
50649,50650,2-s2.0-85104605164
50651,50652,2-s2.0-85104595579
50660,50661,2-s2.0-85104571334
50666,50667,2-s2.0-85105458307
50668,50669,2-s2.0-85114603474
50675,50676,2-s2.0-85104233502
50677,50678,2-s2.0-85103860818
50682,50683,2-s2.0-85103837212
50690,50691,2-s2.0-85175807672
50697,50698,2-s2.0-85131687171
50698,50699,2-s2.0-85125913924
50705,50706,2-s2.0-85107163819
50714,50715,2-s2.0-85106267101
50719,50720,2-s2.0-85105558678
50735,50736,2-s2.0-85104985260
50736,50737,2-s2.0-85104755447
50740,50741,2-s2.0-85104126176
50746,50747,2-s2.0-85103807203
50748,50749,2-s2.0-85103768974
50761,50762,2-s2.0-85100465454
50781,50782,2-s2.0-85083984388
50790,50791,2-s2.0-85062800207
50791,50792,2-s2.0-105003015801
50796,50797,2-s2.0-85103853020
50803,50804,2-s2.0-85103849205
50805,50806,2-s2.0-85103846904
50829,50830,2-s2.0-85103815156
50832,50833,2-s2.0-85107473614
50834,50835,2-s2.0-85106414423
50835,50836,2-s2.0-85107451635
50836,50837,2-s2.0-85104444079
50854,50855,2-s2.0-85103447234
50862,50863,2-s2.0-85103437384
50863,50864,2-s2.0-85103753569
50866,50867,2-s2.0-85103597179
50867,50868,2-s2.0-85103565673
50883,50884,2-s2.0-85103582564
50893,50894,2-s2.0-85103520200
50894,50895,2-s2.0-85103509619
50898,50899,2-s2.0-85103498279
50902,50903,2-s2.0-85103465265
50907,50908,2-s2.0-85113100125
50908,50909,2-s2.0-85103339531
50914,50915,2-s2.0-85103317631
50915,50916,2-s2.0-85103316548
50919,50920,2-s2.0-85103274713
50922,50923,2-s2.0-85103253112
50936,50937,2-s2.0-85107076397
50938,50939,2-s2.0-85107068526
50944,50945,2-s2.0-85130956765
50945,50946,2-s2.0-85105841517
50951,50952,2-s2.0-85103326323
50953,50954,2-s2.0-85102932984
50958,50959,2-s2.0-85105255347
50962,50963,2-s2.0-85103344473
50965,50966,2-s2.0-85103334892
50971,50972,2-s2.0-85103318660
50975,50976,2-s2.0-85103314408
50977,50978,2-s2.0-85103307281
50978,50979,2-s2.0-85101764116
51004,51005,2-s2.0-85128682931
51007,51008,2-s2.0-85118817525
51010,51011,2-s2.0-85108121650
51023,51024,2-s2.0-85104591548
51027,51028,2-s2.0-85104261642
51032,51033,2-s2.0-85104029478
51034,51035,2-s2.0-85103845716
51035,51036,2-s2.0-85103659420
51037,51038,2-s2.0-85103518011
51039,51040,2-s2.0-85103188647
51041,51042,2-s2.0-85103090863
51043,51044,2-s2.0-85103017172
51044,51045,2-s2.0-85103003649
51049,51050,2-s2.0-85102560783
51051,51052,2-s2.0-85102452620
51056,51057,2-s2.0-85101469025
51062,51063,2-s2.0-85100675918
51069,51070,2-s2.0-85099827625
51071,51072,2-s2.0-85099718344
51075,51076,2-s2.0-85097217593
51087,51088,2-s2.0-85091869083
51090,51091,2-s2.0-85091069666
51095,51096,2-s2.0-85089390780
51096,51097,2-s2.0-85088598040
51115,51116,2-s2.0-85075367204
51122,51123,2-s2.0-85101938542
51123,51124,2-s2.0-85109248165
51130,51131,2-s2.0-85102381966
51136,51137,2-s2.0-85102339860
51140,51141,2-s2.0-85101847314
51142,51143,2-s2.0-85101836121
51145,51146,2-s2.0-85101796543
51152,51153,2-s2.0-85101745104
51172,51173,2-s2.0-85102367803
51182,51183,2-s2.0-85103264186
51183,51184,2-s2.0-85102144655
51185,51186,2-s2.0-85101776224
51187,51188,2-s2.0-85101129694
51189,51190,2-s2.0-85100896166
51193,51194,2-s2.0-85182712073
51203,51204,2-s2.0-85105042281
51204,51205,2-s2.0-85103333520
51206,51207,2-s2.0-85103305770
51210,51211,2-s2.0-85102353314
51216,51217,2-s2.0-85101194463
51219,51220,2-s2.0-85101173895
51220,51221,2-s2.0-85101153267
51222,51223,2-s2.0-85100838921
51223,51224,2-s2.0-85100835236
51229,51230,2-s2.0-85100381695
51231,51232,2-s2.0-85100319646
51234,51235,2-s2.0-85099975231
51239,51240,2-s2.0-85099204845
51245,51246,2-s2.0-85094629838
51246,51247,2-s2.0-85094112872
51255,51256,2-s2.0-85089677855
51257,51258,2-s2.0-85089286958
51259,51260,2-s2.0-85087028629
51260,51261,2-s2.0-85086425821
51261,51262,2-s2.0-85086100315
51263,51264,2-s2.0-85082760666
51276,51277,2-s2.0-85091813410
51307,51308,2-s2.0-85101855500
51313,51314,2-s2.0-85101834924
51318,51319,2-s2.0-85101817526
51334,51335,2-s2.0-85095751554
51335,51336,2-s2.0-85208910814
51337,51338,2-s2.0-85144276453
51359,51360,2-s2.0-85101354749
51382,51383,2-s2.0-85092783509
51385,51386,2-s2.0-85148789347
51388,51389,2-s2.0-85099795288
51393,51394,2-s2.0-85218737686
51401,51402,2-s2.0-85216754635
51402,51403,2-s2.0-85216753872
51405,51406,2-s2.0-85207302867
51408,51409,2-s2.0-85202804450
51413,51414,2-s2.0-85192622793
51417,51418,2-s2.0-85187754525
51428,51429,2-s2.0-85180781841
51432,51433,2-s2.0-85180749550
51434,51435,2-s2.0-85180634215
51436,51437,2-s2.0-85180632231
51451,51452,2-s2.0-85179852215
51453,51454,2-s2.0-85179845940
51456,51457,2-s2.0-85179843037
51460,51461,2-s2.0-85179839162
51462,51463,2-s2.0-85179837580
51469,51470,2-s2.0-85177524422
51478,51479,2-s2.0-85175101285
51480,51481,2-s2.0-85174296119
51483,51484,2-s2.0-85172709178
51490,51491,2-s2.0-85168615102
51496,51497,2-s2.0-85164851551
51498,51499,2-s2.0-85163510989
51508,51509,2-s2.0-85159442783
51509,51510,2-s2.0-85159407473
51511,51512,2-s2.0-85159404506
51513,51514,2-s2.0-85159007318
51514,51515,2-s2.0-85159006621
51543,51544,2-s2.0-85146148324
51546,51547,2-s2.0-85146120995
51552,51553,2-s2.0-85146111743
51555,51556,2-s2.0-85144413916
51557,51558,2-s2.0-85143562275
51561,51562,2-s2.0-85141242502
51562,51563,2-s2.0-85140737258
51563,51564,2-s2.0-85140344593
51570,51571,2-s2.0-85140163024
51578,51579,2-s2.0-85139361662
51585,51586,2-s2.0-85138317252
51588,51589,2-s2.0-85138009880
51590,51591,2-s2.0-85137957347
51591,51592,2-s2.0-85137951741
51594,51595,2-s2.0-85137147191
51598,51599,2-s2.0-85136250551
51599,51600,2-s2.0-85136044798
51601,51602,2-s2.0-85135934935
51615,51616,2-s2.0-85133895343
51616,51617,2-s2.0-85133513171
51617,51618,2-s2.0-85133416180
51618,51619,2-s2.0-85133259578
51624,51625,2-s2.0-85132671077
51628,51629,2-s2.0-85132257898
51636,51637,2-s2.0-85131406486
51653,51654,2-s2.0-85130092557
51657,51658,2-s2.0-85130005682
51661,51662,2-s2.0-85129868622
51664,51665,2-s2.0-85129807482
51665,51666,2-s2.0-85129108517
51670,51671,2-s2.0-85128956780
51681,51682,2-s2.0-85128349968
51684,51685,2-s2.0-85128322804
51686,51687,2-s2.0-85128291614
51688,51689,2-s2.0-85128277778
51689,51690,2-s2.0-85128195917
51703,51704,2-s2.0-85127574030
51707,51708,2-s2.0-85127538653
51709,51710,2-s2.0-85127426797
51710,51711,2-s2.0-85127264583
51722,51723,2-s2.0-85127126572
51724,51725,2-s2.0-85127031803
51725,51726,2-s2.0-85127005830
51738,51739,2-s2.0-85126354834
51742,51743,2-s2.0-85125939729
51744,51745,2-s2.0-85125917083
51749,51750,2-s2.0-85125592983
51750,51751,2-s2.0-85125438299
51751,51752,2-s2.0-85125319357
51756,51757,2-s2.0-85125010339
51757,51758,2-s2.0-85124940007
51759,51760,2-s2.0-85124806505
51761,51762,2-s2.0-85124805555
51762,51763,2-s2.0-85124803235
51765,51766,2-s2.0-85124798377
51766,51767,2-s2.0-85124795619
51769,51770,2-s2.0-85124672128
51790,51791,2-s2.0-85123844432
51791,51792,2-s2.0-85123843762
51805,51806,2-s2.0-85123756802
51810,51811,2-s2.0-85123622269
51813,51814,2-s2.0-85123570302
51818,51819,2-s2.0-85123381558
51822,51823,2-s2.0-85123240103
51823,51824,2-s2.0-85123215256
51836,51837,2-s2.0-85122947879
51838,51839,2-s2.0-85122940196
51845,51846,2-s2.0-85122914449
51853,51854,2-s2.0-85122813179
51859,51860,2-s2.0-85122595644
51861,51862,2-s2.0-85122377199
51865,51866,2-s2.0-85122249086
51866,51867,2-s2.0-85122244043
51871,51872,2-s2.0-85122163844
51886,51887,2-s2.0-85121748030
51889,51890,2-s2.0-85121727058
51891,51892,2-s2.0-85121680849
51894,51895,2-s2.0-85121661005
51896,51897,2-s2.0-85121653199
51899,51900,2-s2.0-85121641092
51911,51912,2-s2.0-85121147503
51913,51914,2-s2.0-85121114334
51915,51916,2-s2.0-85121045825
51916,51917,2-s2.0-85121041751
51931,51932,2-s2.0-85120815369
51934,51935,2-s2.0-85120712660
51940,51941,2-s2.0-85120584298
51962,51963,2-s2.0-85120037481
51970,51971,2-s2.0-85119851706
51974,51975,2-s2.0-85119454723
51976,51977,2-s2.0-85119324291
51988,51989,2-s2.0-85118885558
51995,51996,2-s2.0-85118764298
51996,51997,2-s2.0-85118708328
51997,51998,2-s2.0-85118679171
52005,52006,2-s2.0-85118255591
52010,52011,2-s2.0-85118151988
52021,52022,2-s2.0-85117934327
52028,52029,2-s2.0-85117886946
52030,52031,2-s2.0-85117826813
52036,52037,2-s2.0-85117683630
52041,52042,2-s2.0-85117473166
52043,52044,2-s2.0-85117416145
52044,52045,2-s2.0-85117406075
52047,52048,2-s2.0-85117245064
52055,52056,2-s2.0-85116822328
52058,52059,2-s2.0-85116743546
52059,52060,2-s2.0-85116736910
52060,52061,2-s2.0-85116732231
52079,52080,2-s2.0-85116018003
52084,52085,2-s2.0-85115792514
52090,52091,2-s2.0-85115772712
52091,52092,2-s2.0-85115761022
52103,52104,2-s2.0-85115434770
52112,52113,2-s2.0-85115269771
52123,52124,2-s2.0-85114815937
52131,52132,2-s2.0-85114726607
52133,52134,2-s2.0-85114604921
52135,52136,2-s2.0-85114429449
52139,52140,2-s2.0-85114215250
52141,52142,2-s2.0-85114166294
52144,52145,2-s2.0-85114035695
52146,52147,2-s2.0-85113960573
52150,52151,2-s2.0-85113879871
52156,52157,2-s2.0-85113753732
52160,52161,2-s2.0-85113544870
52173,52174,2-s2.0-85113407762
52176,52177,2-s2.0-85113397819
52178,52179,2-s2.0-85113390804
52181,52182,2-s2.0-85113364395
52183,52184,2-s2.0-85113351299
52188,52189,2-s2.0-85112853025
52191,52192,2-s2.0-85112842649
52193,52194,2-s2.0-85112813923
52198,52199,2-s2.0-85112734008
52211,52212,2-s2.0-85112567801
52215,52216,2-s2.0-85112540297
52232,52233,2-s2.0-85112111707
52244,52245,2-s2.0-85111424458
52248,52249,2-s2.0-85111377421
52254,52255,2-s2.0-85111347257
52257,52258,2-s2.0-85111294395
52258,52259,2-s2.0-85111248736
52261,52262,2-s2.0-85111147181
52265,52266,2-s2.0-85111115099
52269,52270,2-s2.0-85111056197
52271,52272,2-s2.0-85111006711
52278,52279,2-s2.0-85110578642
52281,52282,2-s2.0-85110122492
52292,52293,2-s2.0-85109791507
52298,52299,2-s2.0-85109667435
52300,52301,2-s2.0-85109628399
52301,52302,2-s2.0-85109622898
52304,52305,2-s2.0-85109391422
52313,52314,2-s2.0-85109037281
52318,52319,2-s2.0-85108819768
52326,52327,2-s2.0-85108558532
52327,52328,2-s2.0-85108556145
52328,52329,2-s2.0-85108554733
52331,52332,2-s2.0-85108525007
52333,52334,2-s2.0-85108515745
52340,52341,2-s2.0-85108293257
52348,52349,2-s2.0-85108141872
52350,52351,2-s2.0-85108019333
52352,52353,2-s2.0-85107953565
52355,52356,2-s2.0-85107874764
52360,52361,2-s2.0-85107620145
52361,52362,2-s2.0-85107606743
52363,52364,2-s2.0-85107533815
52366,52367,2-s2.0-85107509530
52369,52370,2-s2.0-85107473758
52374,52375,2-s2.0-85107351410
52394,52395,2-s2.0-85106696096
52396,52397,2-s2.0-85106626494
52397,52398,2-s2.0-85106606686
52399,52400,2-s2.0-85106586172
52401,52402,2-s2.0-85106584742
52404,52405,2-s2.0-85106537464
52405,52406,2-s2.0-85106507838
52406,52407,2-s2.0-85106470586
52408,52409,2-s2.0-85106428597
52415,52416,2-s2.0-85106222419
52425,52426,2-s2.0-85105918294
52430,52431,2-s2.0-85105874504
52455,52456,2-s2.0-85105327477
52467,52468,2-s2.0-85104842109
52471,52472,2-s2.0-85104732840
52473,52474,2-s2.0-85104565864
52476,52477,2-s2.0-85104497236
52484,52485,2-s2.0-85104401628
52489,52490,2-s2.0-85104302125
52490,52491,2-s2.0-85104299573
52506,52507,2-s2.0-85103937633
52507,52508,2-s2.0-85103931042
52513,52514,2-s2.0-85103874430
52521,52522,2-s2.0-85103650294
52527,52528,2-s2.0-85103520984
52540,52541,2-s2.0-85103440676
52543,52544,2-s2.0-85103341778
52544,52545,2-s2.0-85103340250
52545,52546,2-s2.0-85103334424
52548,52549,2-s2.0-85103277358
52551,52552,2-s2.0-85103236855
52553,52554,2-s2.0-85103181000
52557,52558,2-s2.0-85103090473
52560,52561,2-s2.0-85103009943
52565,52566,2-s2.0-85102866075
52573,52574,2-s2.0-85102678193
52580,52581,2-s2.0-85102315681
52591,52592,2-s2.0-85101906300
52594,52595,2-s2.0-85101783392
52596,52597,2-s2.0-85101781008
52597,52598,2-s2.0-85101740419
52599,52600,2-s2.0-85101610842
52601,52602,2-s2.0-85101591493
52606,52607,2-s2.0-85101531471
52608,52609,2-s2.0-85101503621
52611,52612,2-s2.0-85101361557
52613,52614,2-s2.0-85101243883
52620,52621,2-s2.0-85101067791
52622,52623,2-s2.0-85100961189
52634,52635,2-s2.0-85100527804
52642,52643,2-s2.0-85100299873
52644,52645,2-s2.0-85100234702
52646,52647,2-s2.0-85100178096
52647,52648,2-s2.0-85100166028
52654,52655,2-s2.0-85099858348
52664,52665,2-s2.0-85099486944
52667,52668,2-s2.0-85099417126
52670,52671,2-s2.0-85099362180
52672,52673,2-s2.0-85099321627
52683,52684,2-s2.0-85098962590
52685,52686,2-s2.0-85098849772
52689,52690,2-s2.0-85098770694
52701,52702,2-s2.0-85097791525
52702,52703,2-s2.0-85097533358
52704,52705,2-s2.0-85097450107
52717,52718,2-s2.0-85096751728
52718,52719,2-s2.0-85096741942
52723,52724,2-s2.0-85096414367
52725,52726,2-s2.0-85096213233
52726,52727,2-s2.0-85096096666
52727,52728,2-s2.0-85095939919
52729,52730,2-s2.0-85095735697
52731,52732,2-s2.0-85095427949
52739,52740,2-s2.0-85092710911
52751,52752,2-s2.0-85091854386
52755,52756,2-s2.0-85091634655
52758,52759,2-s2.0-85091531159
52760,52761,2-s2.0-85091507319
52773,52774,2-s2.0-85090096370
52778,52779,2-s2.0-85090046821
52779,52780,2-s2.0-85090044702
52792,52793,2-s2.0-85089467285
52793,52794,2-s2.0-85089461609
52807,52808,2-s2.0-85087514469
52809,52810,2-s2.0-85087374530
52811,52812,2-s2.0-85087352719
52814,52815,2-s2.0-85087121542
52821,52822,2-s2.0-85086380858
52827,52828,2-s2.0-85085278930
52834,52835,2-s2.0-85084452601
52835,52836,2-s2.0-85084449993
52837,52838,2-s2.0-85084404381
52838,52839,2-s2.0-85084401728
52840,52841,2-s2.0-85084316144
52847,52848,2-s2.0-85082672430
52848,52849,2-s2.0-85082560275
52851,52852,2-s2.0-85081755712
52856,52857,2-s2.0-85081723844
52870,52871,2-s2.0-85077690270
52877,52878,2-s2.0-85076917767
52887,52888,2-s2.0-85075086631
52891,52892,2-s2.0-85074688312
52895,52896,2-s2.0-85073973506
52897,52898,2-s2.0-85073800939
52904,52905,2-s2.0-85068615096
52916,52917,2-s2.0-105007829067
52917,52918,2-s2.0-105004467423
52920,52921,2-s2.0-105003808086
52925,52926,2-s2.0-85153491570
52937,52938,2-s2.0-85128988849
52940,52941,2-s2.0-85058815156
