corpus_position,source_row_abs,EID_o_identificador
12,12,2-s2.0-8644274072
13,13,2-s2.0-8644271674
14,14,2-s2.0-8644265989
16,16,2-s2.0-8644260091
17,17,2-s2.0-8644252721
20,20,2-s2.0-8644246700
21,21,2-s2.0-8644243858
31,31,2-s2.0-85007591202
37,37,2-s2.0-79953050978
43,43,2-s2.0-3242785671
45,45,2-s2.0-23044520334
51,51,2-s2.0-0034546460
58,58,2-s2.0-0034473636
60,60,2-s2.0-0034471187
74,74,2-s2.0-0034718890
85,85,2-s2.0-85181189739
87,87,2-s2.0-20444489467
90,90,2-s2.0-84952651568
92,92,2-s2.0-85007838156
93,93,2-s2.0-1542610676
94,94,2-s2.0-0042687934
98,98,2-s2.0-0034607969
106,106,2-s2.0-84937047204
116,116,2-s2.0-0342313511
124,124,2-s2.0-85023485385
129,129,2-s2.0-85010402719
131,131,2-s2.0-85007856616
137,137,2-s2.0-84974678940
147,147,2-s2.0-84904048503
150,150,2-s2.0-84871922064
155,155,2-s2.0-70349431774
165,165,2-s2.0-4544259846
166,166,2-s2.0-35649002265
167,167,2-s2.0-34548171607
168,168,2-s2.0-34249899754
174,174,2-s2.0-3042575151
179,179,2-s2.0-24944517592
183,183,2-s2.0-23044524645
200,200,2-s2.0-19544366573
206,206,2-s2.0-0345985087
208,208,2-s2.0-0242619753
209,209,2-s2.0-0042913225
216,216,2-s2.0-0042185340
217,217,2-s2.0-0041684689
219,219,2-s2.0-0039925209
226,226,2-s2.0-0034734148
231,231,2-s2.0-0034580888
232,232,2-s2.0-0034550207
233,233,2-s2.0-0034546995
247,247,2-s2.0-0034338990
251,251,2-s2.0-0034203611
254,254,2-s2.0-0034199435
255,255,2-s2.0-0034196474
257,257,2-s2.0-0034166549
264,264,2-s2.0-0034004242
266,266,2-s2.0-0033994556
279,279,2-s2.0-0033760724
281,281,2-s2.0-0033757424
289,289,2-s2.0-0033661305
291,291,2-s2.0-0033623394
295,295,2-s2.0-0011973861
296,296,2-s2.0-0011969908
301,301,2-s2.0-0005732953
303,303,2-s2.0-0001033861
305,305,2-s2.0-0000717304
308,308,2-s2.0-8744318257
310,310,2-s2.0-8744315776
322,322,2-s2.0-8744301797
324,324,2-s2.0-8744301209
328,328,2-s2.0-8744292840
333,333,2-s2.0-8744275607
337,337,2-s2.0-8744272666
345,345,2-s2.0-8744248398
360,360,2-s2.0-84891666555
375,375,2-s2.0-30844441866
393,393,2-s2.0-0035649414
396,396,2-s2.0-0035569964
398,398,2-s2.0-0035554665
401,401,2-s2.0-0035292951
410,410,2-s2.0-85158760701
412,412,2-s2.0-0035497719
419,419,2-s2.0-0035422936
422,422,2-s2.0-0034970479
428,428,2-s2.0-4544320468
445,445,2-s2.0-0035264841
448,448,2-s2.0-0035608424
449,449,2-s2.0-0035257725
454,454,2-s2.0-6344226771
456,456,2-s2.0-85131785485
466,466,2-s2.0-85024073013
469,469,2-s2.0-85023812916
470,470,2-s2.0-85011528595
472,472,2-s2.0-85010629684
477,477,2-s2.0-85009547716
485,485,2-s2.0-84992829366
487,487,2-s2.0-84992782820
506,506,2-s2.0-84872860010
512,512,2-s2.0-77952004585
516,516,2-s2.0-61149692982
518,518,2-s2.0-56149108211
522,522,2-s2.0-52549118202
523,523,2-s2.0-52549098654
524,524,2-s2.0-52549084621
526,526,2-s2.0-44849143383
528,528,2-s2.0-4043087809
537,537,2-s2.0-33745203899
540,540,2-s2.0-27944489082
541,541,2-s2.0-27944457920
550,550,2-s2.0-19644390279
551,551,2-s2.0-19644381920
554,554,2-s2.0-19644363835
572,572,2-s2.0-0039838616
577,577,2-s2.0-0038775899
580,580,2-s2.0-0035824237
588,588,2-s2.0-0035646069
593,593,2-s2.0-0035599981
596,596,2-s2.0-0035581880
598,598,2-s2.0-0035564541
599,599,2-s2.0-0035562902
604,604,2-s2.0-0035531849
609,609,2-s2.0-0035475485
612,612,2-s2.0-0035438376
616,616,2-s2.0-0035394582
617,617,2-s2.0-0035381111
619,619,2-s2.0-0035376604
630,630,2-s2.0-0035223759
631,631,2-s2.0-0035216353
633,633,2-s2.0-0035204699
650,650,2-s2.0-0034985340
651,651,2-s2.0-0034981480
658,658,2-s2.0-0034818440
668,668,2-s2.0-0009889502
669,669,2-s2.0-0000624536
682,682,2-s2.0-8744285546
693,693,2-s2.0-8744263741
701,701,2-s2.0-8744246388
707,707,2-s2.0-8744239672
709,709,2-s2.0-8744237043
731,731,2-s2.0-4944260278
746,746,2-s2.0-18344365029
749,749,2-s2.0-11244295374
753,753,2-s2.0-0038671886
758,758,2-s2.0-0036992281
759,759,2-s2.0-0036989180
767,767,2-s2.0-0036954089
768,768,2-s2.0-0036954087
778,778,2-s2.0-0036949207
801,801,2-s2.0-1842450025
803,803,2-s2.0-0036795923
809,809,2-s2.0-0036757770
811,811,2-s2.0-0036336430
826,826,2-s2.0-85024256291
832,832,2-s2.0-0037165988
841,841,2-s2.0-17444374732
842,842,2-s2.0-0036528164
844,844,2-s2.0-0036005479
856,856,2-s2.0-0036002516
862,862,2-s2.0-85071344093
866,866,2-s2.0-85066183730
873,873,2-s2.0-85057399391
875,875,2-s2.0-85057083942
891,891,2-s2.0-84964542781
894,894,2-s2.0-84964507882
896,896,2-s2.0-84964502148
897,897,2-s2.0-84964447135
909,909,2-s2.0-84937376240
911,911,2-s2.0-84923766708
912,912,2-s2.0-84911431620
928,928,2-s2.0-77952430743
934,934,2-s2.0-62949191235
936,936,2-s2.0-60349109728
938,938,2-s2.0-53149093842
940,940,2-s2.0-52649109287
941,941,2-s2.0-52649103513
943,943,2-s2.0-5144219613
944,944,2-s2.0-4944258304
953,953,2-s2.0-34249138404
958,958,2-s2.0-33751113680
966,966,2-s2.0-3042517635
970,970,2-s2.0-25144480755
976,976,2-s2.0-23044533207
978,978,2-s2.0-21944440040
982,982,2-s2.0-17444370977
984,984,2-s2.0-12844249194
986,986,2-s2.0-0345295031
988,988,2-s2.0-0039486304
997,997,2-s2.0-0036991453
1000,1000,2-s2.0-0036965725
1005,1005,2-s2.0-0036949772
1006,1006,2-s2.0-0036884458
1016,1016,2-s2.0-0036696391
1018,1018,2-s2.0-0036687052
1022,1022,2-s2.0-0036613838
1031,1031,2-s2.0-0036465333
1037,1037,2-s2.0-0036376955
1040,1040,2-s2.0-0036375306
1042,1042,2-s2.0-0036347356
1048,1048,2-s2.0-0036138135
1049,1049,2-s2.0-0036134198
1050,1050,2-s2.0-0036133437
1061,1061,2-s2.0-0036014602
1072,1072,2-s2.0-0010061572
1082,1082,2-s2.0-8744317090
1086,1086,2-s2.0-8744310801
1095,1095,2-s2.0-8744302021
1096,1096,2-s2.0-8744301883
1105,1105,2-s2.0-8744293010
1109,1109,2-s2.0-8744285597
1114,1114,2-s2.0-8744272270
1119,1119,2-s2.0-8744259920
1123,1123,2-s2.0-8744254700
1151,1151,2-s2.0-8744220471
1156,1156,2-s2.0-84882501919
1159,1159,2-s2.0-79955121764
1163,1163,2-s2.0-4143148888
1166,1166,2-s2.0-3843119948
1167,1167,2-s2.0-3843118841
1169,1169,2-s2.0-3843105869
1173,1173,2-s2.0-3543040057
1176,1176,2-s2.0-33847641222
1177,1177,2-s2.0-33845223666
1179,1179,2-s2.0-33744970376
1187,1187,2-s2.0-22344442645
1189,1189,2-s2.0-20844447879
1191,1191,2-s2.0-18844432170
1194,1194,2-s2.0-1842585954
1201,1201,2-s2.0-1642519814
1206,1206,2-s2.0-1642479174
1208,1208,2-s2.0-1642438965
1212,1212,2-s2.0-1642438221
1217,1217,2-s2.0-1642438014
1222,1222,2-s2.0-1542516767
1223,1223,2-s2.0-1542432966
1224,1224,2-s2.0-1542432735
1233,1233,2-s2.0-0347900402
1234,1234,2-s2.0-0346640232
1235,1235,2-s2.0-0346361701
1245,1245,2-s2.0-0142041430
1248,1248,2-s2.0-0242577441
1251,1251,2-s2.0-0013327006
1256,1256,2-s2.0-85150157920
1267,1267,2-s2.0-84908902307
1270,1270,2-s2.0-84905766175
1276,1276,2-s2.0-85020225363
1277,1277,2-s2.0-84982214600
1278,1278,2-s2.0-33746483389
1280,1280,2-s2.0-3142581342
1281,1281,2-s2.0-2942704957
1289,1289,2-s2.0-0141567814
1291,1291,2-s2.0-0041804150
1300,1300,2-s2.0-0037477603
1310,1310,2-s2.0-3042840196
1318,1318,2-s2.0-84903659328
1319,1319,2-s2.0-84903655994
1320,1320,2-s2.0-84896674354
1326,1326,2-s2.0-0038290399
1331,1331,2-s2.0-84956754655
1332,1332,2-s2.0-77953256586
1336,1336,2-s2.0-0037644569
1345,1345,2-s2.0-0037373945
1352,1352,2-s2.0-3042604835
1370,1370,2-s2.0-85139344728
1379,1379,2-s2.0-85138944889
1383,1383,2-s2.0-85138900319
1386,1386,2-s2.0-85133054352
1387,1387,2-s2.0-85075051278
1394,1394,2-s2.0-85064305759
1397,1397,2-s2.0-85032773277
1398,1398,2-s2.0-85032753574
1404,1404,2-s2.0-85023567830
1411,1411,2-s2.0-85001874930
1412,1412,2-s2.0-85001820113
1414,1414,2-s2.0-84986147801
1416,1416,2-s2.0-84978320685
1423,1423,2-s2.0-84946092876
1431,1431,2-s2.0-84946057064
1434,1434,2-s2.0-84946039493
1447,1447,2-s2.0-84943640298
1452,1452,2-s2.0-84917521265
1455,1455,2-s2.0-84904366767
1460,1460,2-s2.0-84876317752
1472,1472,2-s2.0-8344251855
1489,1489,2-s2.0-6344265691
1490,1490,2-s2.0-6344256880
1496,1496,2-s2.0-4243057181
1502,1502,2-s2.0-3843064564
1503,1503,2-s2.0-3843056907
1522,1522,2-s2.0-3042555357
1525,1525,2-s2.0-22944443721
1532,1532,2-s2.0-19244372768
1545,1545,2-s2.0-13644276179
1547,1547,2-s2.0-1142287626
1553,1553,2-s2.0-0742289154
1554,1554,2-s2.0-0642312907
1557,1557,2-s2.0-0345375537
1565,1565,2-s2.0-0142230528
1567,1567,2-s2.0-0142213437
1576,1576,2-s2.0-0141706959
1577,1577,2-s2.0-0141638467
1584,1584,2-s2.0-0042662639
1597,1597,2-s2.0-0038675360
1603,1603,2-s2.0-0038241042
1607,1607,2-s2.0-0037833480
1616,1616,2-s2.0-0037390911
1624,1624,2-s2.0-0037274693
1626,1626,2-s2.0-0037269229
1627,1627,2-s2.0-0037258887
1628,1628,2-s2.0-0037257290
1630,1630,2-s2.0-0012232979
1635,1635,2-s2.0-10044298751
1641,1641,2-s2.0-84909027323
1642,1642,2-s2.0-84901145864
1643,1643,2-s2.0-84898165895
1644,1644,2-s2.0-84890506636
1647,1647,2-s2.0-84867408981
1649,1649,2-s2.0-84867382448
1656,1656,2-s2.0-50449083881
1658,1658,2-s2.0-40849128491
1659,1659,2-s2.0-3843136150
1674,1674,2-s2.0-3042678849
1680,1680,2-s2.0-21644488350
1681,1681,2-s2.0-21644483609
1694,1694,2-s2.0-21644437924
1695,1695,2-s2.0-21644437158
1703,1703,2-s2.0-18844407510
1704,1704,2-s2.0-18344384951
1708,1708,2-s2.0-14544290557
1709,1709,2-s2.0-14344265725
1716,1716,2-s2.0-12344334345
1728,1728,2-s2.0-7444256822
1730,1730,2-s2.0-8544270126
1757,1757,2-s2.0-5444257584
1761,1761,2-s2.0-5444255092
1771,1771,2-s2.0-5444248171
1772,1772,2-s2.0-5444246319
1777,1777,2-s2.0-5444241029
1779,1779,2-s2.0-5444240931
1784,1784,2-s2.0-5444236500
1786,1786,2-s2.0-5444236442
1792,1792,2-s2.0-5444230927
1794,1794,2-s2.0-5444228426
1796,1796,2-s2.0-5444223656
1799,1799,2-s2.0-5444222155
1802,1802,2-s2.0-5444219584
1803,1803,2-s2.0-5344281292
1806,1806,2-s2.0-5044219552
1809,1809,2-s2.0-6944226388
1820,1820,2-s2.0-4344584982
1822,1822,2-s2.0-9344254905
1824,1824,2-s2.0-85040386277
1825,1825,2-s2.0-6344239290
1827,1827,2-s2.0-5444232049
1829,1829,2-s2.0-4644268490
1830,1830,2-s2.0-4644232013
1835,1835,2-s2.0-33644544721
1839,1839,2-s2.0-3943075808
1849,1849,2-s2.0-4344565046
1852,1852,2-s2.0-4043174934
1857,1857,2-s2.0-3042595353
1865,1865,2-s2.0-2942668272
1867,1867,2-s2.0-2942615237
1870,1870,2-s2.0-84986132499
1885,1885,2-s2.0-34247265791
1888,1888,2-s2.0-2642551636
1891,1891,2-s2.0-2442692897
1898,1898,2-s2.0-3042567434
1903,1903,2-s2.0-4043121116
1904,1904,2-s2.0-2942565733
1906,1906,2-s2.0-2442630384
1915,1915,2-s2.0-84885722642
1919,1919,2-s2.0-33646834921
1922,1922,2-s2.0-2942653148
1929,1929,2-s2.0-1642394705
1931,1931,2-s2.0-1542442445
1933,1933,2-s2.0-10844227450
1944,1944,2-s2.0-70350728487
1945,1945,2-s2.0-3543027456
1946,1946,2-s2.0-2342570397
1947,1947,2-s2.0-1442337819
1953,1953,2-s2.0-9244231790
1954,1954,2-s2.0-8644241595
1959,1959,2-s2.0-85138957649
1964,1964,2-s2.0-85137423433
1974,1974,2-s2.0-85052320024
1998,1998,2-s2.0-84928282786
2006,2006,2-s2.0-84903675710
2007,2007,2-s2.0-84902400017
2016,2016,2-s2.0-79960624184
2020,2020,2-s2.0-77954246425
2022,2022,2-s2.0-7244229735
2025,2025,2-s2.0-70350285149
2031,2031,2-s2.0-5444258076
2041,2041,2-s2.0-46349102450
2044,2044,2-s2.0-4344661134
2049,2049,2-s2.0-42449100371
2052,2052,2-s2.0-39049189213
2053,2053,2-s2.0-3543047390
2060,2060,2-s2.0-35048817931
2063,2063,2-s2.0-33750476708
2064,2064,2-s2.0-33749521935
2065,2065,2-s2.0-33748571007
2067,2067,2-s2.0-33646140212
2068,2068,2-s2.0-3342937545
2072,2072,2-s2.0-3142672982
2076,2076,2-s2.0-3042648555
2078,2078,2-s2.0-2942703941
2101,2101,2-s2.0-21244505821
2107,2107,2-s2.0-18544378847
2108,2108,2-s2.0-1842432618
2116,2116,2-s2.0-14944355103
2139,2139,2-s2.0-10044251187
2143,2143,2-s2.0-0842267620
2155,2155,2-s2.0-28744441442
2163,2163,2-s2.0-84895684165
2171,2171,2-s2.0-84892124497
2175,2175,2-s2.0-84885809123
2177,2177,2-s2.0-84885777856
2178,2178,2-s2.0-84885763070
2184,2184,2-s2.0-84883040316
2189,2189,2-s2.0-84867426483
2199,2199,2-s2.0-84867376102
2207,2207,2-s2.0-84859578670
2216,2216,2-s2.0-77953503615
2226,2226,2-s2.0-38549173829
2249,2249,2-s2.0-33845303947
2251,2251,2-s2.0-33845283871
2254,2254,2-s2.0-33751289584
2260,2260,2-s2.0-33746159412
2262,2262,2-s2.0-33745809131
2266,2266,2-s2.0-33645924687
2273,2273,2-s2.0-33645638374
2284,2284,2-s2.0-29544442161
2287,2287,2-s2.0-29244439352
2307,2307,2-s2.0-27744540472
2309,2309,2-s2.0-27744470274
2310,2310,2-s2.0-27744436542
2313,2313,2-s2.0-26644473897
2315,2315,2-s2.0-29344463901
2318,2318,2-s2.0-33750840143
2320,2320,2-s2.0-32644445555
2325,2325,2-s2.0-27944432208
2338,2338,2-s2.0-33644809746
2340,2340,2-s2.0-24344465799
2343,2343,2-s2.0-23944489376
2344,2344,2-s2.0-23944477921
2347,2347,2-s2.0-33749818046
2349,2349,2-s2.0-33645013709
2355,2355,2-s2.0-28044446311
2359,2359,2-s2.0-27144482249
2364,2364,2-s2.0-23644439234
2367,2367,2-s2.0-33747490952
2369,2369,2-s2.0-23244445492
2382,2382,2-s2.0-23944486352
2387,2387,2-s2.0-22544475361
2390,2390,2-s2.0-22544444240
2393,2393,2-s2.0-20944442371
2394,2394,2-s2.0-85057208976
2399,2399,2-s2.0-32144449044
2400,2400,2-s2.0-30444443427
2401,2401,2-s2.0-30444439395
2405,2405,2-s2.0-24044440786
2409,2409,2-s2.0-20544443875
2410,2410,2-s2.0-19644385540
2413,2413,2-s2.0-20444455111
2417,2417,2-s2.0-20344403512
2424,2424,2-s2.0-33644502945
2425,2425,2-s2.0-28244475801
2435,2435,2-s2.0-23044477933
2449,2449,2-s2.0-33749853401
2452,2452,2-s2.0-24144436630
2469,2469,2-s2.0-27644524529
2471,2471,2-s2.0-26044443287
2483,2483,2-s2.0-27944507969
2486,2486,2-s2.0-27944471060
2490,2490,2-s2.0-27844561578
2497,2497,2-s2.0-27444433224
2502,2502,2-s2.0-18844390717
2506,2506,2-s2.0-17444383511
2509,2509,2-s2.0-16844375894
2512,2512,2-s2.0-14944349840
2513,2513,2-s2.0-14844300206
2520,2520,2-s2.0-84909436887
2524,2524,2-s2.0-18344396772
2532,2532,2-s2.0-12844259577
2538,2538,2-s2.0-12944288012
2540,2540,2-s2.0-85186164711
2542,2542,2-s2.0-85141615492
2548,2548,2-s2.0-85072426994
2550,2550,2-s2.0-85071556670
2551,2551,2-s2.0-85071537725
2554,2554,2-s2.0-85071344502
2562,2562,2-s2.0-85069611005
2571,2571,2-s2.0-85024806554
2574,2574,2-s2.0-85024200111
2575,2575,2-s2.0-85024164346
2579,2579,2-s2.0-85023872064
2585,2585,2-s2.0-85008829460
2586,2586,2-s2.0-85008813605
2588,2588,2-s2.0-84992897931
2595,2595,2-s2.0-84967560746
2607,2607,2-s2.0-84958165682
2608,2608,2-s2.0-84958158131
2609,2609,2-s2.0-84958153483
2612,2612,2-s2.0-84951309848
2617,2617,2-s2.0-84928768268
2621,2621,2-s2.0-84928426369
2637,2637,2-s2.0-84902524351
2641,2641,2-s2.0-84900413309
2652,2652,2-s2.0-84867436346
2660,2660,2-s2.0-77955972082
2661,2661,2-s2.0-77950639426
2663,2663,2-s2.0-77949544506
2665,2665,2-s2.0-61949416683
2668,2668,2-s2.0-47049109919
2670,2670,2-s2.0-35048883017
2671,2671,2-s2.0-35048873292
2674,2674,2-s2.0-34547407412
2681,2681,2-s2.0-33750125413
2682,2682,2-s2.0-33750061627
2687,2687,2-s2.0-33746655832
2690,2690,2-s2.0-33646502808
2702,2702,2-s2.0-33344477881
2710,2710,2-s2.0-27844493901
2711,2711,2-s2.0-27844467665
2726,2726,2-s2.0-25144441055
2740,2740,2-s2.0-22544485107
2745,2745,2-s2.0-22544480825
2749,2749,2-s2.0-22544479468
2751,2751,2-s2.0-22544477872
2752,2752,2-s2.0-22544477841
2755,2755,2-s2.0-22544475597
2772,2772,2-s2.0-22544467508
2774,2774,2-s2.0-22544465838
2778,2778,2-s2.0-22544461673
2788,2788,2-s2.0-22544454465
2790,2790,2-s2.0-22544454195
2797,2797,2-s2.0-22544443066
2803,2803,2-s2.0-22544437869
2805,2805,2-s2.0-22544433754
2806,2806,2-s2.0-22544432554
2810,2810,2-s2.0-22144455989
2814,2814,2-s2.0-21244472393
2831,2831,2-s2.0-17144411139
2843,2843,2-s2.0-14644430398
2846,2846,2-s2.0-14044259965
2856,2856,2-s2.0-12344267598
2860,2860,2-s2.0-11044239371
2869,2869,2-s2.0-33845214330
2871,2871,2-s2.0-85069685987
2877,2877,2-s2.0-84890006331
2885,2885,2-s2.0-84878098792
2886,2886,2-s2.0-84878087918
2895,2895,2-s2.0-84867418726
2898,2898,2-s2.0-84867373473
2899,2899,2-s2.0-84867272465
2916,2916,2-s2.0-58249114965
2917,2917,2-s2.0-58249098483
2922,2922,2-s2.0-48749123362
2936,2936,2-s2.0-46249094861
2942,2942,2-s2.0-37349073740
2950,2950,2-s2.0-34548359131
2955,2955,2-s2.0-34547324207
2956,2956,2-s2.0-34547235508
2957,2957,2-s2.0-34249332032
2959,2959,2-s2.0-34248696871
2965,2965,2-s2.0-33947698935
2967,2967,2-s2.0-33847221159
2969,2969,2-s2.0-33847207527
2970,2970,2-s2.0-33847205393
2976,2976,2-s2.0-33845989523
2977,2977,2-s2.0-33845967868
2998,2998,2-s2.0-33750628612
3000,3000,2-s2.0-33750512132
3011,3011,2-s2.0-33750573132
3014,3014,2-s2.0-33750180064
3020,3020,2-s2.0-33750708263
3025,3025,2-s2.0-33750473335
3030,3030,2-s2.0-33749557230
3037,3037,2-s2.0-84876118964
3040,3040,2-s2.0-33947623678
3046,3046,2-s2.0-33750178522
3068,3068,2-s2.0-33748314597
3084,3084,2-s2.0-33746766983
3087,3087,2-s2.0-84991042076
3089,3089,2-s2.0-35148876407
3090,3090,2-s2.0-35148860981
3097,3097,2-s2.0-33845215867
3101,3101,2-s2.0-33749079393
3103,3103,2-s2.0-33747808672
3107,3107,2-s2.0-33745922043
3109,3109,2-s2.0-33746638330
3116,3116,2-s2.0-33748466511
3118,3118,2-s2.0-33747644445
3119,3119,2-s2.0-33747609821
3123,3123,2-s2.0-33745962456
3134,3134,2-s2.0-33746853956
3141,3141,2-s2.0-33745632384
3150,3150,2-s2.0-33646853693
3152,3152,2-s2.0-33646727799
3154,3154,2-s2.0-85167431068
3157,3157,2-s2.0-33744521791
3162,3162,2-s2.0-33645960167
3165,3165,2-s2.0-77952107714
3167,3167,2-s2.0-33749261065
3168,3168,2-s2.0-33749244597
3170,3170,2-s2.0-33747890841
3175,3175,2-s2.0-33646438086
3176,3176,2-s2.0-33646257558
3177,3177,2-s2.0-33645003896
3183,3183,2-s2.0-33750740744
3184,3184,2-s2.0-33745597330
3192,3192,2-s2.0-33645229976
3193,3193,2-s2.0-33645221823
3194,3194,2-s2.0-33645160798
3203,3203,2-s2.0-33644747236
3204,3204,2-s2.0-33644646246
3213,3213,2-s2.0-32444444339
3215,3215,2-s2.0-30844446663
3219,3219,2-s2.0-33746452609
3221,3221,2-s2.0-33646809033
3228,3228,2-s2.0-33645516147
3231,3231,2-s2.0-32944459667
3233,3233,2-s2.0-29144458290
3234,3234,2-s2.0-84991041655
3235,3235,2-s2.0-31344450355
3238,3238,2-s2.0-85145523540
3251,3251,2-s2.0-85068012138
3253,3253,2-s2.0-85067990706
3261,3261,2-s2.0-85052723342
3270,3270,2-s2.0-85029124886
3271,3271,2-s2.0-85029124227
3275,3275,2-s2.0-85029119311
3280,3280,2-s2.0-85029114714
3285,3285,2-s2.0-85029104227
3289,3289,2-s2.0-85029093569
3290,3290,2-s2.0-85029092997
3304,3304,2-s2.0-85029072327
3310,3310,2-s2.0-85029060527
3314,3314,2-s2.0-85029053768
3323,3323,2-s2.0-85029033247
3325,3325,2-s2.0-85029032906
3327,3327,2-s2.0-85029029132
3333,3333,2-s2.0-85026807021
3347,3347,2-s2.0-84993790581
3348,3348,2-s2.0-84993708955
3349,3349,2-s2.0-84993683671
3354,3354,2-s2.0-84990909814
3358,3358,2-s2.0-84990348170
3366,3366,2-s2.0-84949205161
3372,3372,2-s2.0-84927051972
3379,3379,2-s2.0-84926257173
3386,3386,2-s2.0-84926250726
3387,3387,2-s2.0-84926250435
3390,3390,2-s2.0-84926246921
3407,3407,2-s2.0-84911999886
3409,3409,2-s2.0-84902263620
3419,3419,2-s2.0-84895996552
3420,3420,2-s2.0-84895985031
3421,3421,2-s2.0-84895891732
3428,3428,2-s2.0-84877949736
3429,3429,2-s2.0-84877073524
3433,3433,2-s2.0-84867419740
3434,3434,2-s2.0-84867417858
3436,3436,2-s2.0-84867412356
3440,3440,2-s2.0-84860029044
3452,3452,2-s2.0-70349755234
3460,3460,2-s2.0-49049084148
3473,3473,2-s2.0-42149134179
3480,3480,2-s2.0-38549147127
3483,3483,2-s2.0-37349111561
3486,3486,2-s2.0-37149007278
3488,3488,2-s2.0-34848901675
3495,3495,2-s2.0-33847340167
3503,3503,2-s2.0-33846185875
3505,3505,2-s2.0-33846150397
3511,3511,2-s2.0-33845547000
3512,3512,2-s2.0-33845545319
3514,3514,2-s2.0-33845532571
3517,3517,2-s2.0-33845300524
3528,3528,2-s2.0-33750278674
3534,3534,2-s2.0-33750200008
3539,3539,2-s2.0-33749395814
3541,3541,2-s2.0-33749361533
3547,3547,2-s2.0-33748162315
3554,3554,2-s2.0-33746344653
3555,3555,2-s2.0-33746168560
3556,3556,2-s2.0-33745916460
3557,3557,2-s2.0-33745908228
3561,3561,2-s2.0-33745627469
3564,3564,2-s2.0-33745349917
3569,3569,2-s2.0-33646746626
3575,3575,2-s2.0-33646074799
3576,3576,2-s2.0-33646063540
3583,3583,2-s2.0-33645337109
3597,3597,2-s2.0-32044471565
3630,3630,2-s2.0-84899662114
3631,3631,2-s2.0-84897156961
3636,3636,2-s2.0-84892817459
3653,3653,2-s2.0-84887949599
3671,3671,2-s2.0-84869801869
3674,3674,2-s2.0-84867484104
3675,3675,2-s2.0-84867483631
3677,3677,2-s2.0-84867464133
3682,3682,2-s2.0-84867437242
3690,3690,2-s2.0-84859235608
3693,3693,2-s2.0-84858607881
3695,3695,2-s2.0-84856937954
3696,3696,2-s2.0-84856904419
3703,3703,2-s2.0-78651492559
3707,3707,2-s2.0-78650176807
3709,3709,2-s2.0-78649235886
3714,3714,2-s2.0-77950683850
3726,3726,2-s2.0-70350390085
3731,3731,2-s2.0-66949130692
3733,3733,2-s2.0-63049138111
3738,3738,2-s2.0-63049102796
3743,3743,2-s2.0-58049156105
3758,3758,2-s2.0-51549089027
3763,3763,2-s2.0-50449085853
3768,3768,2-s2.0-50049130484
3775,3775,2-s2.0-50049108701
3782,3782,2-s2.0-50049097209
3785,3785,2-s2.0-50049087587
3789,3789,2-s2.0-49749138918
3798,3798,2-s2.0-48349104785
3803,3803,2-s2.0-48049087171
3804,3804,2-s2.0-47849124585
3806,3806,2-s2.0-47649125592
3812,3812,2-s2.0-46449133511
3828,3828,2-s2.0-38749104249
3834,3834,2-s2.0-37849051013
3843,3843,2-s2.0-37449005087
3844,3844,2-s2.0-37349131049
3845,3845,2-s2.0-37349123288
3847,3847,2-s2.0-37349103948
3849,3849,2-s2.0-37349068640
3850,3850,2-s2.0-37349054230
3853,3853,2-s2.0-37349033689
3858,3858,2-s2.0-36549065321
3878,3878,2-s2.0-36348983874
3882,3882,2-s2.0-84893152178
3894,3894,2-s2.0-35349005363
3895,3895,2-s2.0-35348941340
3904,3904,2-s2.0-80053340085
3905,3905,2-s2.0-39449101548
3907,3907,2-s2.0-36048978680
3914,3914,2-s2.0-35348819515
3919,3919,2-s2.0-34748854809
3926,3926,2-s2.0-34548711848
3927,3927,2-s2.0-34548082317
3934,3934,2-s2.0-34548335300
3942,3942,2-s2.0-35148855629
3951,3951,2-s2.0-34548277939
3955,3955,2-s2.0-34547875764
3961,3961,2-s2.0-34047178827
3967,3967,2-s2.0-36348988545
3973,3973,2-s2.0-85068024634
3982,3982,2-s2.0-34548852840
3989,3989,2-s2.0-34547767487
3992,3992,2-s2.0-34547224607
3996,3996,2-s2.0-34347225539
3998,3998,2-s2.0-34547587272
4001,4001,2-s2.0-34447296979
4022,4022,2-s2.0-34250210765
4024,4024,2-s2.0-34249808814
4025,4025,2-s2.0-84919793543
4035,4035,2-s2.0-34250792216
4036,4036,2-s2.0-34250185743
4039,4039,2-s2.0-34249026700
4046,4046,2-s2.0-34147145421
4047,4047,2-s2.0-33947705689
4065,4065,2-s2.0-34147130778
4066,4066,2-s2.0-34147112314
4072,4072,2-s2.0-85006347412
4083,4083,2-s2.0-34248376898
4087,4087,2-s2.0-34247866597
4088,4088,2-s2.0-34247639524
4089,4089,2-s2.0-34247617288
4092,4092,2-s2.0-34247372597
4093,4093,2-s2.0-34247244121
4098,4098,2-s2.0-33845477232
4102,4102,2-s2.0-33847725834
4107,4107,2-s2.0-34250741874
4118,4118,2-s2.0-34247138308
4123,4123,2-s2.0-33947214616
4124,4124,2-s2.0-33847752577
4130,4130,2-s2.0-33846358191
4136,4136,2-s2.0-33846810051
4139,4139,2-s2.0-33947729020
4142,4142,2-s2.0-33846858850
4153,4153,2-s2.0-33845627004
4154,4154,2-s2.0-33845625635
4160,4160,2-s2.0-85183287668
4164,4164,2-s2.0-85140085349
4168,4168,2-s2.0-85115650444
4183,4183,2-s2.0-85055673918
4194,4194,2-s2.0-85029124073
4196,4196,2-s2.0-85029121601
4206,4206,2-s2.0-85029100657
4214,4214,2-s2.0-85029089893
4216,4216,2-s2.0-85029086195
4221,4221,2-s2.0-85029080226
4225,4225,2-s2.0-85029078816
4227,4227,2-s2.0-85029077692
4234,4234,2-s2.0-85029070913
4236,4236,2-s2.0-85029065473
4243,4243,2-s2.0-85029061879
4244,4244,2-s2.0-85029060204
4253,4253,2-s2.0-85029050102
4258,4258,2-s2.0-85029047551
4268,4268,2-s2.0-85029033736
4284,4284,2-s2.0-85011485355
4286,4286,2-s2.0-85011452099
4289,4289,2-s2.0-85008808846
4295,4295,2-s2.0-84983169925
4298,4298,2-s2.0-84969194557
4301,4301,2-s2.0-84967702713
4307,4307,2-s2.0-84967520910
4318,4318,2-s2.0-84958044985
4327,4327,2-s2.0-84928706060
4328,4328,2-s2.0-84927115542
4329,4329,2-s2.0-84927016237
4332,4332,2-s2.0-84926981140
4335,4335,2-s2.0-84924606008
4339,4339,2-s2.0-84912015891
4354,4354,2-s2.0-84896258907
4359,4359,2-s2.0-84891681506
4360,4360,2-s2.0-84886391756
4375,4375,2-s2.0-80051539015
4378,4378,2-s2.0-79957946174
4383,4383,2-s2.0-78049426990
4385,4385,2-s2.0-77955310207
4389,4389,2-s2.0-77949566949
4390,4390,2-s2.0-77649131649
4391,4391,2-s2.0-72449207852
4392,4392,2-s2.0-72449204489
4397,4397,2-s2.0-69249172153
4429,4429,2-s2.0-37149040116
4430,4430,2-s2.0-37049032137
4434,4434,2-s2.0-35649028847
4435,4435,2-s2.0-35649007463
4436,4436,2-s2.0-35648946459
4442,4442,2-s2.0-34948822360
4444,4444,2-s2.0-34848866214
4445,4445,2-s2.0-34848831728
4453,4453,2-s2.0-34547899539
4454,4454,2-s2.0-34547702673
4455,4455,2-s2.0-34547702388
4464,4464,2-s2.0-34447288913
4471,4471,2-s2.0-34249736460
4478,4478,2-s2.0-34249081410
4481,4481,2-s2.0-34249069809
4484,4484,2-s2.0-34248389382
4491,4491,2-s2.0-34247550300
4492,4492,2-s2.0-34247242304
4495,4495,2-s2.0-34047212294
4506,4506,2-s2.0-33846602768
4511,4511,2-s2.0-33845591161
4512,4512,2-s2.0-33845386058
4516,4516,2-s2.0-33751506420
4520,4520,2-s2.0-57849097152
4523,4523,2-s2.0-57849125023
4526,4526,2-s2.0-57749094785
4530,4530,2-s2.0-57449100456
4533,4533,2-s2.0-57349195590
4534,4534,2-s2.0-57349115254
4535,4535,2-s2.0-57349110076
4536,4536,2-s2.0-58149260007
4539,4539,2-s2.0-57349084135
4547,4547,2-s2.0-85125802115
4550,4550,2-s2.0-84902389322
4552,4552,2-s2.0-84898100677
4554,4554,2-s2.0-84897617498
4556,4556,2-s2.0-84897596642
4557,4557,2-s2.0-84897588099
4559,4559,2-s2.0-84896229297
4570,4570,2-s2.0-84890002822
4574,4574,2-s2.0-84889972294
4579,4579,2-s2.0-84889956140
4593,4593,2-s2.0-84873180636
4596,4596,2-s2.0-84872105506
4603,4603,2-s2.0-84867411095
4606,4606,2-s2.0-84867381252
4607,4607,2-s2.0-84867375767
4609,4609,2-s2.0-84867369200
4618,4618,2-s2.0-84859265027
4619,4619,2-s2.0-84859221508
4622,4622,2-s2.0-84855161476
4631,4631,2-s2.0-79952898593
4633,4633,2-s2.0-79951874654
4639,4639,2-s2.0-78650759698
4641,4641,2-s2.0-78650759350
4642,4642,2-s2.0-78650759257
4645,4645,2-s2.0-78650758977
4664,4664,2-s2.0-77950496211
4671,4671,2-s2.0-75649146990
4675,4675,2-s2.0-75449089196
4677,4677,2-s2.0-70450159575
4683,4683,2-s2.0-70349091348
4685,4685,2-s2.0-69549124718
4691,4691,2-s2.0-67649220486
4694,4694,2-s2.0-67549083112
4695,4695,2-s2.0-67349140179
4704,4704,2-s2.0-63149164910
4706,4706,2-s2.0-62949189597
4715,4715,2-s2.0-62249172198
4716,4716,2-s2.0-61949298840
4720,4720,2-s2.0-60549103048
4723,4723,2-s2.0-60549090254
4726,4726,2-s2.0-58849108312
4729,4729,2-s2.0-58449114212
4731,4731,2-s2.0-58449100026
4736,4736,2-s2.0-58349083556
4737,4737,2-s2.0-58149361442
4739,4739,2-s2.0-58149252124
4752,4752,2-s2.0-57249094283
4763,4763,2-s2.0-53349143231
4766,4766,2-s2.0-45349094747
4771,4771,2-s2.0-56349101167
4777,4777,2-s2.0-56049103604
4782,4782,2-s2.0-55349148719
4786,4786,2-s2.0-55249095573
4791,4791,2-s2.0-85006320728
4798,4798,2-s2.0-55749086557
4800,4800,2-s2.0-53849125007
4801,4801,2-s2.0-53849115008
4808,4808,2-s2.0-48549099541
4821,4821,2-s2.0-53349164253
4822,4822,2-s2.0-85045860279
4825,4825,2-s2.0-55949131982
4852,4852,2-s2.0-51949099986
4853,4853,2-s2.0-51849158766
4864,4864,2-s2.0-50949124484
4876,4876,2-s2.0-69249124223
4881,4881,2-s2.0-52949140175
4885,4885,2-s2.0-52149097376
4908,4908,2-s2.0-48449095923
4915,4915,2-s2.0-50649119452
4929,4929,2-s2.0-78149450804
4930,4930,2-s2.0-53349099939
4931,4931,2-s2.0-51349133045
4934,4934,2-s2.0-50849102046
4943,4943,2-s2.0-45649083567
4944,4944,2-s2.0-45449102857
4946,4946,2-s2.0-44749093228
4947,4947,2-s2.0-43549124111
4948,4948,2-s2.0-47749148823
4957,4957,2-s2.0-47249097119
4969,4969,2-s2.0-48249111804
4974,4974,2-s2.0-44949146357
4980,4980,2-s2.0-43449103924
4988,4988,2-s2.0-79955373845
4996,4996,2-s2.0-47149084926
5001,5001,2-s2.0-45949105325
5004,5004,2-s2.0-45749129861
5008,5008,2-s2.0-44849108133
5009,5009,2-s2.0-44749094123
5012,5012,2-s2.0-44749084468
5018,5018,2-s2.0-43849094671
5025,5025,2-s2.0-43949093865
5028,5028,2-s2.0-42949089299
5036,5036,2-s2.0-44349106540
5038,5038,2-s2.0-43149092472
5039,5039,2-s2.0-42949178940
5040,5040,2-s2.0-42649136903
5041,5041,2-s2.0-42549100988
5047,5047,2-s2.0-41149137772
5049,5049,2-s2.0-84911125018
5051,5051,2-s2.0-85009240239
5056,5056,2-s2.0-48849099842
5059,5059,2-s2.0-43449127510
5061,5061,2-s2.0-41949137572
5067,5067,2-s2.0-41149161217
5069,5069,2-s2.0-41149141954
5073,5073,2-s2.0-40849126783
5077,5077,2-s2.0-43849096603
5078,5078,2-s2.0-84904776766
5079,5079,2-s2.0-41149178780
5082,5082,2-s2.0-85056857833
5083,5083,2-s2.0-84920162453
5086,5086,2-s2.0-43349093919
5095,5095,2-s2.0-39049119672
5103,5103,2-s2.0-50249134139
5107,5107,2-s2.0-84992996377
5113,5113,2-s2.0-78049451390
5120,5120,2-s2.0-39149092351
5122,5122,2-s2.0-38949152440
5127,5127,2-s2.0-38349114254
5135,5135,2-s2.0-38049128946
5138,5138,2-s2.0-84906001711
5141,5141,2-s2.0-37249087956
5152,5152,2-s2.0-85147057468
5157,5157,2-s2.0-85122133575
5182,5182,2-s2.0-85029119519
5189,5189,2-s2.0-85029112140
5191,5191,2-s2.0-85029111129
5195,5195,2-s2.0-85029107686
5208,5208,2-s2.0-85029093687
5214,5214,2-s2.0-85029088673
5224,5224,2-s2.0-85029079474
5226,5226,2-s2.0-85029079338
5233,5233,2-s2.0-85029071947
5235,5235,2-s2.0-85029070118
5247,5247,2-s2.0-85029059923
5253,5253,2-s2.0-85029052147
5257,5257,2-s2.0-85029049453
5258,5258,2-s2.0-85029045339
5264,5264,2-s2.0-85029039240
5272,5272,2-s2.0-85029030502
5274,5274,2-s2.0-85029030287
5276,5276,2-s2.0-85029029634
5283,5283,2-s2.0-85029022159
5286,5286,2-s2.0-85024569150
5289,5289,2-s2.0-85021239739
5293,5293,2-s2.0-85011476627
5294,5294,2-s2.0-85011472549
5296,5296,2-s2.0-85008812532
5304,5304,2-s2.0-84967566823
5315,5315,2-s2.0-84938686188
5321,5321,2-s2.0-84923917668
5324,5324,2-s2.0-84904366668
5326,5326,2-s2.0-84904019208
5343,5343,2-s2.0-84892132696
5348,5348,2-s2.0-84867467502
5350,5350,2-s2.0-84867459500
5352,5352,2-s2.0-84867437633
5353,5353,2-s2.0-84867414903
5364,5364,2-s2.0-80051516688
5376,5376,2-s2.0-78449276352
5381,5381,2-s2.0-77958555151
5386,5386,2-s2.0-77950688888
5395,5395,2-s2.0-69849125244
5401,5401,2-s2.0-68149156033
5402,5402,2-s2.0-68049144432
5405,5405,2-s2.0-67349269388
5411,5411,2-s2.0-63749093517
5412,5412,2-s2.0-63449106576
5414,5414,2-s2.0-63149147400
5417,5417,2-s2.0-62149136625
5418,5418,2-s2.0-61149375556
5432,5432,2-s2.0-58049198075
5439,5439,2-s2.0-56449123114
5440,5440,2-s2.0-56249086455
5448,5448,2-s2.0-54349110334
5458,5458,2-s2.0-52249091545
5466,5466,2-s2.0-49749144848
5478,5478,2-s2.0-47749151013
5481,5481,2-s2.0-46749113840
5496,5496,2-s2.0-43449119204
5499,5499,2-s2.0-43249089790
5503,5503,2-s2.0-42149159504
5508,5508,2-s2.0-41149109009
5513,5513,2-s2.0-40249106179
5518,5518,2-s2.0-39149086661
5526,5526,2-s2.0-37549002845
5528,5528,2-s2.0-36949009666
5534,5534,2-s2.0-105012811738
5538,5538,2-s2.0-105011782385
5544,5544,2-s2.0-72449124316
5551,5551,2-s2.0-71749099359
5570,5570,2-s2.0-84895192522
5577,5577,2-s2.0-84892801624
5578,5578,2-s2.0-84892791903
5582,5582,2-s2.0-84892245096
5593,5593,2-s2.0-84889991255
5599,5599,2-s2.0-84883084155
5605,5605,2-s2.0-84871856993
5608,5608,2-s2.0-84870346733
5609,5609,2-s2.0-84870278084
5621,5621,2-s2.0-84867275614
5633,5633,2-s2.0-84855535551
5635,5635,2-s2.0-79955560487
5641,5641,2-s2.0-78650591333
5643,5643,2-s2.0-78649833461
5646,5646,2-s2.0-78649291772
5659,5659,2-s2.0-77955628324
5663,5663,2-s2.0-77955320542
5665,5665,2-s2.0-77955242841
5671,5671,2-s2.0-77953690622
5673,5673,2-s2.0-77953639560
5674,5674,2-s2.0-77953633489
5687,5687,2-s2.0-77952099274
5688,5688,2-s2.0-77951878701
5692,5692,2-s2.0-77951492777
5695,5695,2-s2.0-77951484929
5698,5698,2-s2.0-77951478886
5699,5699,2-s2.0-77951473120
5700,5700,2-s2.0-77951466991
5711,5711,2-s2.0-77951433200
5723,5723,2-s2.0-77950599416
5726,5726,2-s2.0-77950115582
5739,5739,2-s2.0-77049103823
5756,5756,2-s2.0-74049094417
5760,5760,2-s2.0-72449136818
5762,5762,2-s2.0-72249095015
5764,5764,2-s2.0-72149123904
5765,5765,2-s2.0-71949085654
5771,5771,2-s2.0-70749097472
5779,5779,2-s2.0-68049109121
5789,5789,2-s2.0-84992972025
5795,5795,2-s2.0-70350714925
5800,5800,2-s2.0-77954094927
5802,5802,2-s2.0-70350518106
5809,5809,2-s2.0-70350401146
5833,5833,2-s2.0-70350610320
5834,5834,2-s2.0-70350678984
5837,5837,2-s2.0-70350243036
5839,5839,2-s2.0-84945352043
5853,5853,2-s2.0-85136094416
5857,5857,2-s2.0-77649140277
5862,5862,2-s2.0-71149089606
5869,5869,2-s2.0-70349209380
5872,5872,2-s2.0-67449164344
5878,5878,2-s2.0-70349185928
5880,5880,2-s2.0-70249099880
5881,5881,2-s2.0-70349277200
5889,5889,2-s2.0-69749111270
5900,5900,2-s2.0-69249239119
5904,5904,2-s2.0-79952062874
5906,5906,2-s2.0-77957656813
5918,5918,2-s2.0-70449338419
5920,5920,2-s2.0-70350736586
5922,5922,2-s2.0-70350297689
5928,5928,2-s2.0-70349459672
5933,5933,2-s2.0-70249116417
5936,5936,2-s2.0-69949124662
5937,5937,2-s2.0-69449099786
5938,5938,2-s2.0-69249189440
5950,5950,2-s2.0-69149099008
5952,5952,2-s2.0-70350547764
5953,5953,2-s2.0-69049108996
5954,5954,2-s2.0-68949094513
5959,5959,2-s2.0-68249121021
5976,5976,2-s2.0-70349513619
5978,5978,2-s2.0-68849092338
5984,5984,2-s2.0-64449083865
5985,5985,2-s2.0-64449083603
5992,5992,2-s2.0-67650694966
5997,5997,2-s2.0-67650536158
6001,6001,2-s2.0-84893709068
6007,6007,2-s2.0-67649394442
6009,6009,2-s2.0-77952565210
6010,6010,2-s2.0-77649109312
6011,6011,2-s2.0-74249114342
6012,6012,2-s2.0-71549141265
6037,6037,2-s2.0-67649292149
6048,6048,2-s2.0-67649273800
6049,6049,2-s2.0-67649271040
6054,6054,2-s2.0-67649255558
6058,6058,2-s2.0-77953794973
6069,6069,2-s2.0-84917305048
6073,6073,2-s2.0-77951461648
6079,6079,2-s2.0-70649106827
6082,6082,2-s2.0-70350460064
6100,6100,2-s2.0-67349198550
6102,6102,2-s2.0-67349126855
6109,6109,2-s2.0-66249121764
6118,6118,2-s2.0-84909244993
6119,6119,2-s2.0-67349267366
6121,6121,2-s2.0-67349126603
6129,6129,2-s2.0-78549277700
6131,6131,2-s2.0-84863164693
6132,6132,2-s2.0-78650512830
6133,6133,2-s2.0-77949824876
6141,6141,2-s2.0-70349501723
6146,6146,2-s2.0-67651246920
6157,6157,2-s2.0-61849093190
6161,6161,2-s2.0-84893646243
6169,6169,2-s2.0-67349239341
6171,6171,2-s2.0-65549165546
6176,6176,2-s2.0-85043469953
6179,6179,2-s2.0-84864977406
6189,6189,2-s2.0-69349087395
6195,6195,2-s2.0-64349113383
6199,6199,2-s2.0-61749093784
6202,6202,2-s2.0-60949087743
6203,6203,2-s2.0-60849109526
6211,6211,2-s2.0-84855691125
6217,6217,2-s2.0-62149140502
6220,6220,2-s2.0-77049092419
6222,6222,2-s2.0-61649084723
6230,6230,2-s2.0-84861848437
6234,6234,2-s2.0-77952098222
6236,6236,2-s2.0-67651238339
6242,6242,2-s2.0-66849141098
6249,6249,2-s2.0-64949173422
6254,6254,2-s2.0-62949102823
6261,6261,2-s2.0-60349101768
6262,6262,2-s2.0-60249099773
6263,6263,2-s2.0-60149107860
6268,6268,2-s2.0-70349932814
6272,6272,2-s2.0-68149134856
6276,6276,2-s2.0-60249097556
6280,6280,2-s2.0-77649298220
6282,6282,2-s2.0-70649110071
6283,6283,2-s2.0-63149146163
6300,6300,2-s2.0-58249104214
6305,6305,2-s2.0-58049179638
6306,6306,2-s2.0-85200875802
6315,6315,2-s2.0-85147066063
6317,6317,2-s2.0-85147063177
6326,6326,2-s2.0-85142814692
6327,6327,2-s2.0-85142811772
6335,6335,2-s2.0-85083430078
6340,6340,2-s2.0-85068227484
6351,6351,2-s2.0-85048964735
6353,6353,2-s2.0-85048074540
6355,6355,2-s2.0-85029128601
6356,6356,2-s2.0-85029126500
6359,6359,2-s2.0-85029120132
6362,6362,2-s2.0-85029117162
6367,6367,2-s2.0-85029111859
6376,6376,2-s2.0-85029100083
6377,6377,2-s2.0-85029098942
6382,6382,2-s2.0-85029090087
6390,6390,2-s2.0-85029083440
6400,6400,2-s2.0-85029073453
6411,6411,2-s2.0-85029057420
6413,6413,2-s2.0-85029053605
6415,6415,2-s2.0-85029051193
6416,6416,2-s2.0-85029050838
6426,6426,2-s2.0-85029038730
6429,6429,2-s2.0-85029034145
6443,6443,2-s2.0-85020003746
6453,6453,2-s2.0-84951062678
6461,6461,2-s2.0-84938777574
6468,6468,2-s2.0-84931457664
6476,6476,2-s2.0-84924541930
6479,6479,2-s2.0-84923592061
6485,6485,2-s2.0-84904315440
6498,6498,2-s2.0-84895901344
6501,6501,2-s2.0-84889974843
6502,6502,2-s2.0-84888589620
6507,6507,2-s2.0-84880623383
6522,6522,2-s2.0-84857018649
6525,6525,2-s2.0-84856257266
6532,6532,2-s2.0-79960771872
6537,6537,2-s2.0-79959741454
6542,6542,2-s2.0-79952832060
6545,6545,2-s2.0-79951826838
6548,6548,2-s2.0-78650686126
6563,6563,2-s2.0-77952667362
6566,6566,2-s2.0-77952614816
6570,6570,2-s2.0-77951432040
6573,6573,2-s2.0-77950719114
6576,6576,2-s2.0-77950280726
6578,6578,2-s2.0-77950262676
6581,6581,2-s2.0-77950196897
6584,6584,2-s2.0-77950128420
6596,6596,2-s2.0-73049100891
6598,6598,2-s2.0-71749117085
6604,6604,2-s2.0-70449586781
6608,6608,2-s2.0-70350627391
6614,6614,2-s2.0-70349662194
6620,6620,2-s2.0-70349392404
6623,6623,2-s2.0-70149108294
6627,6627,2-s2.0-69649095977
6630,6630,2-s2.0-69349103030
6642,6642,2-s2.0-68349145997
6644,6644,2-s2.0-68349133202
6648,6648,2-s2.0-68149121980
6650,6650,2-s2.0-67749133589
6656,6656,2-s2.0-67649729258
6674,6674,2-s2.0-63449114792
6676,6676,2-s2.0-62449329314
6714,6714,2-s2.0-58149187989
6717,6717,2-s2.0-58149111235
6718,6718,2-s2.0-58049147502
6719,6719,2-s2.0-57849118847
6720,6720,2-s2.0-57849112702
6725,6725,2-s2.0-56549090413
6738,6738,2-s2.0-78650016129
6739,6739,2-s2.0-78649896331
6746,6746,2-s2.0-78649845492
6753,6753,2-s2.0-85052722369
6755,6755,2-s2.0-78649499639
6758,6758,2-s2.0-84901533041
6761,6761,2-s2.0-84899379369
6763,6763,2-s2.0-84898566175
6764,6764,2-s2.0-84898296364
6774,6774,2-s2.0-84892361017
6777,6777,2-s2.0-84892316155
6778,6778,2-s2.0-84892298416
6785,6785,2-s2.0-84892227052
6803,6803,2-s2.0-84884425859
6810,6810,2-s2.0-84880556400
6812,6812,2-s2.0-84880544390
6816,6816,2-s2.0-84878604249
6820,6820,2-s2.0-84877908794
6824,6824,2-s2.0-84873697629
6826,6826,2-s2.0-84871567847
6827,6827,2-s2.0-84871455656
6832,6832,2-s2.0-84868270284
6838,6838,2-s2.0-84866637932
6839,6839,2-s2.0-84864988098
6841,6841,2-s2.0-84863883796
6848,6848,2-s2.0-84862110387
6849,6849,2-s2.0-84862086947
6857,6857,2-s2.0-84857681345
6861,6861,2-s2.0-84857663978
6866,6866,2-s2.0-84857007051
6868,6868,2-s2.0-84856882244
6873,6873,2-s2.0-84856622776
6876,6876,2-s2.0-82755176691
6888,6888,2-s2.0-79961175492
6893,6893,2-s2.0-79960269087
6897,6897,2-s2.0-79959882973
6906,6906,2-s2.0-79959426982
6912,6912,2-s2.0-79958718580
6919,6919,2-s2.0-79958177345
6920,6920,2-s2.0-79958107530
6923,6923,2-s2.0-79957530412
6927,6927,2-s2.0-79955615915
6930,6930,2-s2.0-79955153472
6931,6931,2-s2.0-79955144697
6933,6933,2-s2.0-79953101870
6934,6934,2-s2.0-79952952823
6941,6941,2-s2.0-79952403948
6951,6951,2-s2.0-79951941056
6952,6952,2-s2.0-79951940941
6956,6956,2-s2.0-79951927379
6962,6962,2-s2.0-79951913224
6968,6968,2-s2.0-79951867884
6971,6971,2-s2.0-79951841265
6982,6982,2-s2.0-78751552589
6992,6992,2-s2.0-78751478287
7000,7000,2-s2.0-78650705236
7006,7006,2-s2.0-78650552145
7009,7009,2-s2.0-78650321293
7012,7012,2-s2.0-78649865534
7018,7018,2-s2.0-78649438706
7019,7019,2-s2.0-78649435911
7024,7024,2-s2.0-78649396282
7031,7031,2-s2.0-78149499573
7033,7033,2-s2.0-78149495492
7035,7035,2-s2.0-77958577735
7043,7043,2-s2.0-77955166499
7056,7056,2-s2.0-78149423661
7057,7057,2-s2.0-78149393031
7059,7059,2-s2.0-78650616977
7062,7062,2-s2.0-78149250444
7066,7066,2-s2.0-78049409606
7071,7071,2-s2.0-77958612284
7081,7081,2-s2.0-77958571977
7082,7082,2-s2.0-77958570905
7093,7093,2-s2.0-77958526526
7097,7097,2-s2.0-80053334118
7103,7103,2-s2.0-78650401966
7108,7108,2-s2.0-78649361967
7122,7122,2-s2.0-77954085833
7124,7124,2-s2.0-77958500814
7136,7136,2-s2.0-77957720129
7137,7137,2-s2.0-77957719804
7139,7139,2-s2.0-77957719045
7144,7144,2-s2.0-77957717529
7155,7155,2-s2.0-77957710391
7156,7156,2-s2.0-77957710237
7161,7161,2-s2.0-77957705676
7162,7162,2-s2.0-77957704602
7172,7172,2-s2.0-77957693311
7184,7184,2-s2.0-77957141621
7186,7186,2-s2.0-84947426894
7192,7192,2-s2.0-78651393758
7197,7197,2-s2.0-78649482881
7198,7198,2-s2.0-78649436403
7200,7200,2-s2.0-78149392989
7201,7201,2-s2.0-77958167529
7208,7208,2-s2.0-77956802001
7213,7213,2-s2.0-77957079612
7219,7219,2-s2.0-84867513420
7224,7224,2-s2.0-77956528812
7226,7226,2-s2.0-77956520630
7227,7227,2-s2.0-77956515647
7254,7254,2-s2.0-79959869320
7257,7257,2-s2.0-78651536378
7259,7259,2-s2.0-78650735233
7263,7263,2-s2.0-77958472047
7264,7264,2-s2.0-77958059102
7272,7272,2-s2.0-77956050228
7276,7276,2-s2.0-77956027848
7277,7277,2-s2.0-77955235060
7285,7285,2-s2.0-77955908911
7287,7287,2-s2.0-77955869533
7300,7300,2-s2.0-77957229566
7301,7301,2-s2.0-77957226294
7307,7307,2-s2.0-77955133139
7324,7324,2-s2.0-77956878235
7326,7326,2-s2.0-77955469776
7329,7329,2-s2.0-77954654219
7335,7335,2-s2.0-77949654444
7338,7338,2-s2.0-77954948111
7339,7339,2-s2.0-77954946986
7350,7350,2-s2.0-77958098846
7365,7365,2-s2.0-77954445299
7366,7366,2-s2.0-77954445139
7367,7367,2-s2.0-77954443978
7368,7368,2-s2.0-77954436559
7371,7371,2-s2.0-77957906116
7373,7373,2-s2.0-77954231024
7374,7374,2-s2.0-77954207884
7376,7376,2-s2.0-85087476911
7383,7383,2-s2.0-79957905945
7390,7390,2-s2.0-77957036900
7395,7395,2-s2.0-77954841001
7401,7401,2-s2.0-77953970296
7404,7404,2-s2.0-77953546380
7408,7408,2-s2.0-77952930299
7409,7409,2-s2.0-77952927723
7413,7413,2-s2.0-77953899472
7421,7421,2-s2.0-85157723389
7428,7428,2-s2.0-77953088359
7435,7435,2-s2.0-79959871472
7437,7437,2-s2.0-79952063237
7446,7446,2-s2.0-77953497142
7448,7448,2-s2.0-77952974499
7453,7453,2-s2.0-77952703659
7454,7454,2-s2.0-77952430757
7456,7456,2-s2.0-77951960440
7458,7458,2-s2.0-77951667556
7461,7461,2-s2.0-84867566759
7467,7467,2-s2.0-77952175210
7468,7468,2-s2.0-77952166348
7470,7470,2-s2.0-77952138617
7479,7479,2-s2.0-77951630139
7480,7480,2-s2.0-84919754624
7481,7481,2-s2.0-80755177232
7487,7487,2-s2.0-77953932803
7489,7489,2-s2.0-77952991721
7495,7495,2-s2.0-77952089588
7496,7496,2-s2.0-77951923734
7497,7497,2-s2.0-77951868866
7498,7498,2-s2.0-77951859385
7500,7500,2-s2.0-77951657635
7501,7501,2-s2.0-77951536714
7504,7504,2-s2.0-77949323017
7509,7509,2-s2.0-81255154931
7511,7511,2-s2.0-77956421691
7520,7520,2-s2.0-77951029886
7524,7524,2-s2.0-84921630625
7537,7537,2-s2.0-79960215151
7540,7540,2-s2.0-79960206362
7544,7544,2-s2.0-77956001556
7551,7551,2-s2.0-77951088033
7552,7552,2-s2.0-77950933435
7555,7555,2-s2.0-77649341409
7561,7561,2-s2.0-84885782926
7565,7565,2-s2.0-77953929322
7573,7573,2-s2.0-84870852973
7574,7574,2-s2.0-79960306252
7575,7575,2-s2.0-79960296456
7582,7582,2-s2.0-77955150209
7587,7587,2-s2.0-77952250674
7592,7592,2-s2.0-77951141902
7595,7595,2-s2.0-77951064518
7597,7597,2-s2.0-77950290220
7602,7602,2-s2.0-77949481626
7606,7606,2-s2.0-77949276337
7609,7609,2-s2.0-77649277957
7617,7617,2-s2.0-76749106640
7622,7622,2-s2.0-77953934652
7631,7631,2-s2.0-77957815298
7649,7649,2-s2.0-76449093555
7653,7653,2-s2.0-74249086551
7654,7654,2-s2.0-73749087329
7655,7655,2-s2.0-73549120212
7659,7659,2-s2.0-71249102921
7662,7662,2-s2.0-84900988675
7664,7664,2-s2.0-84867525574
7666,7666,2-s2.0-77958491986
7679,7679,2-s2.0-85127631690
7683,7683,2-s2.0-85121888426
7690,7690,2-s2.0-85106022850
7691,7691,2-s2.0-85105875449
7698,7698,2-s2.0-85072353917
7701,7701,2-s2.0-85068144753
7702,7702,2-s2.0-85067879405
7714,7714,2-s2.0-85032887301
7723,7723,2-s2.0-85029124113
7732,7732,2-s2.0-85029119681
7736,7736,2-s2.0-85029117344
7738,7738,2-s2.0-85029115528
7743,7743,2-s2.0-85029112631
7756,7756,2-s2.0-85029100580
7760,7760,2-s2.0-85029096600
7768,7768,2-s2.0-85029090575
7789,7789,2-s2.0-85029077754
7806,7806,2-s2.0-85029064976
7807,7807,2-s2.0-85029064236
7809,7809,2-s2.0-85029062705
7812,7812,2-s2.0-85029060299
7818,7818,2-s2.0-85029056494
7820,7820,2-s2.0-85029055521
7821,7821,2-s2.0-85029055309
7827,7827,2-s2.0-85029048786
7831,7831,2-s2.0-85029046677
7833,7833,2-s2.0-85029045680
7844,7844,2-s2.0-85029034765
7846,7846,2-s2.0-85029032994
7852,7852,2-s2.0-85029028684
7853,7853,2-s2.0-85029028380
7857,7857,2-s2.0-85029025626
7869,7869,2-s2.0-85016606500
7875,7875,2-s2.0-84995389700
7880,7880,2-s2.0-84957361910
7885,7885,2-s2.0-84941273227
7888,7888,2-s2.0-84938718015
7890,7890,2-s2.0-84938704856
7901,7901,2-s2.0-84930848515
7912,7912,2-s2.0-84907082841
7921,7921,2-s2.0-84901040321
7922,7922,2-s2.0-84901020111
7930,7930,2-s2.0-84896650839
7933,7933,2-s2.0-84896302503
7935,7935,2-s2.0-84896283838
7938,7938,2-s2.0-84890814294
7943,7943,2-s2.0-84879013538
7948,7948,2-s2.0-84872971395
7954,7954,2-s2.0-84859787324
7961,7961,2-s2.0-80053103484
7979,7979,2-s2.0-79956230592
7980,7980,2-s2.0-79956080154
7982,7982,2-s2.0-79955913626
7987,7987,2-s2.0-79952957858
8005,8005,2-s2.0-78651403244
8008,8008,2-s2.0-78651262257
8010,8010,2-s2.0-78651255889
8011,8011,2-s2.0-78651253066
8033,8033,2-s2.0-78649604908
8038,8038,2-s2.0-78649501069
8039,8039,2-s2.0-78649436955
8043,8043,2-s2.0-78249247479
8049,8049,2-s2.0-77958584062
8053,8053,2-s2.0-77958536394
8058,8058,2-s2.0-77958100909
8062,8062,2-s2.0-77958018039
8063,8063,2-s2.0-77957919618
8074,8074,2-s2.0-77957266163
8076,8076,2-s2.0-77956740459
8083,8083,2-s2.0-77955541660
8084,8084,2-s2.0-77955497442
8086,8086,2-s2.0-77955383115
8087,8087,2-s2.0-77955356623
8105,8105,2-s2.0-77953761960
8115,8115,2-s2.0-77953076790
8118,8118,2-s2.0-77953065288
8124,8124,2-s2.0-77953040476
8125,8125,2-s2.0-77952958757
8126,8126,2-s2.0-77952863899
8128,8128,2-s2.0-77952838826
8143,8143,2-s2.0-77951982216
8154,8154,2-s2.0-77951270897
8158,8158,2-s2.0-77951219923
8162,8162,2-s2.0-77950872928
8166,8166,2-s2.0-77949901167
8172,8172,2-s2.0-76149115240
8173,8173,2-s2.0-75049086220
8182,8182,2-s2.0-72149105893
8189,8189,2-s2.0-105013696869
8190,8190,2-s2.0-105011438992
8193,8193,2-s2.0-84255193455
8194,8194,2-s2.0-84255191586
8195,8195,2-s2.0-84255184446
8197,8197,2-s2.0-84255172025
8207,8207,2-s2.0-83655196765
8215,8215,2-s2.0-82955186160
8222,8222,2-s2.0-82555202660
8224,8224,2-s2.0-82555163336
8228,8228,2-s2.0-82455186158
8234,8234,2-s2.0-84899323218
8240,8240,2-s2.0-84899196315
8251,8251,2-s2.0-84896426090
8258,8258,2-s2.0-84895273295
8260,8260,2-s2.0-84895229435
8272,8272,2-s2.0-84892269077
8276,8276,2-s2.0-84892039568
8277,8277,2-s2.0-84892008185
8280,8280,2-s2.0-84883120346
8284,8284,2-s2.0-84881453035
8291,8291,2-s2.0-84873659965
8296,8296,2-s2.0-84872588912
8298,8298,2-s2.0-84870821805
8308,8308,2-s2.0-84867319226
8311,8311,2-s2.0-84867118981
8312,8312,2-s2.0-84866264337
8315,8315,2-s2.0-84865642180
8316,8316,2-s2.0-84865489631
8328,8328,2-s2.0-84864266845
8329,8329,2-s2.0-84864221190
8332,8332,2-s2.0-84864103204
8333,8333,2-s2.0-84864094439
8341,8341,2-s2.0-84863601346
8344,8344,2-s2.0-84863077679
8355,8355,2-s2.0-84860464127
8356,8356,2-s2.0-84860463417
8360,8360,2-s2.0-84860439555
8361,8361,2-s2.0-84860431461
8363,8363,2-s2.0-84860261998
8366,8366,2-s2.0-84859746613
8370,8370,2-s2.0-84859412891
8372,8372,2-s2.0-84859337664
8376,8376,2-s2.0-84859044636
8387,8387,2-s2.0-84858778003
8389,8389,2-s2.0-84858777569
8400,8400,2-s2.0-84858763838
8402,8402,2-s2.0-84858761475
8411,8411,2-s2.0-84858427852
8417,8417,2-s2.0-84858269551
8418,8418,2-s2.0-84858260817
8420,8420,2-s2.0-84858259387
8421,8421,2-s2.0-84858257144
8427,8427,2-s2.0-84858227011
8430,8430,2-s2.0-84858222986
8431,8431,2-s2.0-84858220878
8432,8432,2-s2.0-84858215562
8437,8437,2-s2.0-84858162436
8444,8444,2-s2.0-84857430251
8447,8447,2-s2.0-84857306042
8459,8459,2-s2.0-84856444511
8470,8470,2-s2.0-84855771398
8473,8473,2-s2.0-84855551752
8477,8477,2-s2.0-84555178742
8478,8478,2-s2.0-84555177781
8494,8494,2-s2.0-80052283345
8495,8495,2-s2.0-80052277766
8498,8498,2-s2.0-79960876297
8508,8508,2-s2.0-81855181603
8510,8510,2-s2.0-81855167426
8513,8513,2-s2.0-81355142763
8533,8533,2-s2.0-84856764811
8538,8538,2-s2.0-84055197783
8539,8539,2-s2.0-84055191490
8542,8542,2-s2.0-82055187211
8554,8554,2-s2.0-80053523084
8556,8556,2-s2.0-80053326638
8562,8562,2-s2.0-79958251477
8566,8566,2-s2.0-81255208469
8575,8575,2-s2.0-80054035294
8580,8580,2-s2.0-80054027948
8581,8581,2-s2.0-80054026525
8586,8586,2-s2.0-80053505322
8588,8588,2-s2.0-84956775052
8596,8596,2-s2.0-84860525640
8599,8599,2-s2.0-84859073889
8606,8606,2-s2.0-81255188094
8617,8617,2-s2.0-80053452244
8619,8619,2-s2.0-80053335067
8624,8624,2-s2.0-80052694129
8626,8626,2-s2.0-80052312899
8628,8628,2-s2.0-80052204911
8629,8629,2-s2.0-80051670513
8633,8633,2-s2.0-84949765552
8635,8635,2-s2.0-105010992559
8642,8642,2-s2.0-80052983905
8646,8646,2-s2.0-80052884611
8658,8658,2-s2.0-80052859017
8660,8660,2-s2.0-80052513776
8670,8670,2-s2.0-80052376724
8672,8672,2-s2.0-80052369429
8673,8673,2-s2.0-80052364311
8680,8680,2-s2.0-80052332564
8682,8682,2-s2.0-80052317714
8685,8685,2-s2.0-85102504452
8690,8690,2-s2.0-84859365685
8706,8706,2-s2.0-80053076982
8707,8707,2-s2.0-80052993270
8708,8708,2-s2.0-80052860764
8709,8709,2-s2.0-80052836930
8717,8717,2-s2.0-80052400548
8731,8731,2-s2.0-80052097321
8737,8737,2-s2.0-80051473541
8746,8746,2-s2.0-79960897386
8748,8748,2-s2.0-79960566728
8750,8750,2-s2.0-79960488777
8754,8754,2-s2.0-79751531680
8757,8757,2-s2.0-80051760415
8763,8763,2-s2.0-80051579770
8774,8774,2-s2.0-84867457966
8777,8777,2-s2.0-83455179965
8780,8780,2-s2.0-82355188315
8781,8781,2-s2.0-82355165180
8786,8786,2-s2.0-80052210498
8794,8794,2-s2.0-79960837211
8809,8809,2-s2.0-79960541311
8811,8811,2-s2.0-79960526995
8813,8813,2-s2.0-79960507054
8814,8814,2-s2.0-79960482867
8822,8822,2-s2.0-79960325267
8828,8828,2-s2.0-79960279845
8832,8832,2-s2.0-79960244377
8836,8836,2-s2.0-79960212028
8837,8837,2-s2.0-79960211974
8844,8844,2-s2.0-79960063312
8848,8848,2-s2.0-85064435646
8863,8863,2-s2.0-80054023848
8870,8870,2-s2.0-79960906826
8906,8906,2-s2.0-79959342450
8919,8919,2-s2.0-79958282901
8921,8921,2-s2.0-79959952981
8932,8932,2-s2.0-80755155980
8934,8934,2-s2.0-80052280855
8940,8940,2-s2.0-80051995512
8944,8944,2-s2.0-80051966445
8945,8945,2-s2.0-80051964055
8952,8952,2-s2.0-79958811489
8953,8953,2-s2.0-79958808155
8960,8960,2-s2.0-79957938813
8968,8968,2-s2.0-79955895549
8980,8980,2-s2.0-85127998183
8994,8994,2-s2.0-79955454704
8999,8999,2-s2.0-84856139649
9008,9008,2-s2.0-79959451651
9012,9012,2-s2.0-79958174037
9019,9019,2-s2.0-79956097508
9020,9020,2-s2.0-79955984452
9025,9025,2-s2.0-79954706238
9027,9027,2-s2.0-79953707648
9028,9028,2-s2.0-79953695671
9031,9031,2-s2.0-79952445361
9038,9038,2-s2.0-79955074521
9048,9048,2-s2.0-79954438159
9053,9053,2-s2.0-84957549656
9056,9056,2-s2.0-79960592309
9058,9058,2-s2.0-79958201524
9060,9060,2-s2.0-79958145016
9077,9077,2-s2.0-79952900209
9079,9079,2-s2.0-79952899535
9080,9080,2-s2.0-79952899136
9081,9081,2-s2.0-79952898819
9088,9088,2-s2.0-79952627202
9095,9095,2-s2.0-79952903950
9119,9119,2-s2.0-80052738171
9123,9123,2-s2.0-79959288204
9124,9124,2-s2.0-79955036048
9129,9129,2-s2.0-79953065407
9134,9134,2-s2.0-79952683041
9135,9135,2-s2.0-79952571741
9143,9143,2-s2.0-79951960220
9145,9145,2-s2.0-79951953128
9148,9148,2-s2.0-79951818147
9166,9166,2-s2.0-79851494723
9174,9174,2-s2.0-84867510911
9175,9175,2-s2.0-84867503121
9177,9177,2-s2.0-79955958039
9178,9178,2-s2.0-79955643823
9180,9180,2-s2.0-79953705641
9188,9188,2-s2.0-79551479481
9190,9190,2-s2.0-79251558762
9193,9193,2-s2.0-78650952254
9194,9194,2-s2.0-78650936673
9198,9198,2-s2.0-105009205279
9199,9199,2-s2.0-79952755954
9200,9200,2-s2.0-78651433993
9204,9204,2-s2.0-85200478987
9215,9215,2-s2.0-85123149741
9216,9216,2-s2.0-85115655619
9223,9223,2-s2.0-85093101824
9228,9228,2-s2.0-85084044607
9229,9229,2-s2.0-85081766980
9248,9248,2-s2.0-85044783903
9253,9253,2-s2.0-85037730315
9259,9259,2-s2.0-85029131867
9263,9263,2-s2.0-85029128678
9264,9264,2-s2.0-85029128633
9266,9266,2-s2.0-85029127789
9270,9270,2-s2.0-85029122880
9271,9271,2-s2.0-85029121576
9296,9296,2-s2.0-85029102812
9305,9305,2-s2.0-85029095024
9307,9307,2-s2.0-85029094927
9309,9309,2-s2.0-85029093614
9312,9312,2-s2.0-85029090916
9328,9328,2-s2.0-85029084374
9335,9335,2-s2.0-85029078553
9340,9340,2-s2.0-85029075888
9344,9344,2-s2.0-85029071758
9352,9352,2-s2.0-85029064621
9358,9358,2-s2.0-85029060212
9359,9359,2-s2.0-85029056646
9366,9366,2-s2.0-85029052436
9384,9384,2-s2.0-85029036970
9386,9386,2-s2.0-85029035967
9389,9389,2-s2.0-85029033535
9397,9397,2-s2.0-85029030090
9402,9402,2-s2.0-85029028018
9403,9403,2-s2.0-85029026398
9411,9411,2-s2.0-85028314226
9430,9430,2-s2.0-85011370909
9439,9439,2-s2.0-84984875430
9440,9440,2-s2.0-84976634390
9441,9441,2-s2.0-84967662121
9450,9450,2-s2.0-84951109784
9451,9451,2-s2.0-84947199390
9452,9452,2-s2.0-84946834013
9462,9462,2-s2.0-84945936677
9471,9471,2-s2.0-84936886794
9472,9472,2-s2.0-84931455490
9473,9473,2-s2.0-84931392433
9475,9475,2-s2.0-84926389631
9478,9478,2-s2.0-84925129304
9480,9480,2-s2.0-84925067789
9492,9492,2-s2.0-84919778577
9494,9494,2-s2.0-84917719458
9499,9499,2-s2.0-84904727517
9500,9500,2-s2.0-84904721751
9501,9501,2-s2.0-84901341912
9503,9503,2-s2.0-84901190553
9506,9506,2-s2.0-84898822504
9507,9507,2-s2.0-84898254003
9512,9512,2-s2.0-84896286852
9524,9524,2-s2.0-84889953760
9547,9547,2-s2.0-84865068805
9551,9551,2-s2.0-84863421406
9559,9559,2-s2.0-84857875231
9566,9566,2-s2.0-84857564958
9573,9573,2-s2.0-84856185055
9581,9581,2-s2.0-84855811342
9607,9607,2-s2.0-80053048269
9609,9609,2-s2.0-80053028170
9612,9612,2-s2.0-80052758913
9615,9615,2-s2.0-80052574193
9618,9618,2-s2.0-80052295594
9624,9624,2-s2.0-80051675852
9639,9639,2-s2.0-79958124463
9641,9641,2-s2.0-79957470343
9661,9661,2-s2.0-79952748670
9672,9672,2-s2.0-79551580308
9679,9679,2-s2.0-78751682184
9690,9690,2-s2.0-78650764160
9691,9691,2-s2.0-78650663274
9700,9700,2-s2.0-78650182213
9704,9704,2-s2.0-78149501092
9712,9712,2-s2.0-105011457522
9729,9729,2-s2.0-84871479789
9730,9730,2-s2.0-85199960590
9732,9732,2-s2.0-84871239432
9739,9739,2-s2.0-84870925111
9740,9740,2-s2.0-84870898434
9744,9744,2-s2.0-84870801471
9755,9755,2-s2.0-84905299316
9759,9759,2-s2.0-84899189838
9762,9762,2-s2.0-84898259011
9770,9770,2-s2.0-84895237925
9773,9773,2-s2.0-84892924828
9779,9779,2-s2.0-84891958268
9780,9780,2-s2.0-84890719135
9782,9782,2-s2.0-84888322446
9787,9787,2-s2.0-84884413369
9797,9797,2-s2.0-84883495752
9806,9806,2-s2.0-84879677485
9825,9825,2-s2.0-84876208375
9835,9835,2-s2.0-84875261422
9837,9837,2-s2.0-84874748829
9838,9838,2-s2.0-84874728074
9845,9845,2-s2.0-84874685898
9847,9847,2-s2.0-84874671097
9851,9851,2-s2.0-84874525947
9862,9862,2-s2.0-84873634626
9869,9869,2-s2.0-84873281490
9870,9870,2-s2.0-84873243495
9871,9871,2-s2.0-84873242772
9880,9880,2-s2.0-84873150331
9881,9881,2-s2.0-84873130288
9883,9883,2-s2.0-84873116201
9892,9892,2-s2.0-84872481503
9894,9894,2-s2.0-84872473995
9898,9898,2-s2.0-84872414864
9900,9900,2-s2.0-84872292168
9901,9901,2-s2.0-84872238242
9904,9904,2-s2.0-84872154057
9910,9910,2-s2.0-84872048514
9914,9914,2-s2.0-84871833995
9931,9931,2-s2.0-84869164442
9935,9935,2-s2.0-84869124899
9937,9937,2-s2.0-84869117208
9948,9948,2-s2.0-84865070836
9958,9958,2-s2.0-84869432073
9959,9959,2-s2.0-84869431809
9966,9966,2-s2.0-84869034912
9967,9967,2-s2.0-84869008074
9969,9969,2-s2.0-84869486449
9974,9974,2-s2.0-105003522314
9985,9985,2-s2.0-84949175464
9997,9997,2-s2.0-84870774002
10005,10005,2-s2.0-84868022604
10006,10006,2-s2.0-84868011724
10007,10007,2-s2.0-84867955668
10010,10010,2-s2.0-84867831377
10021,10021,2-s2.0-84865264962
10022,10022,2-s2.0-84865224510
10023,10023,2-s2.0-84863097294
10033,10033,2-s2.0-84867610378
10037,10037,2-s2.0-84867320021
10039,10039,2-s2.0-84867460314
10043,10043,2-s2.0-84867028106
10048,10048,2-s2.0-84866976091
10049,10049,2-s2.0-84866922061
10055,10055,2-s2.0-84874220905
10056,10056,2-s2.0-84873602295
10060,10060,2-s2.0-84870592839
10068,10068,2-s2.0-84867222844
10069,10069,2-s2.0-84867098166
10077,10077,2-s2.0-84864350249
10080,10080,2-s2.0-84866607520
10087,10087,2-s2.0-84866061764
10096,10096,2-s2.0-85059916912
10100,10100,2-s2.0-84892848721
10102,10102,2-s2.0-84892161256
10103,10103,2-s2.0-84872082508
10104,10104,2-s2.0-84871071761
10109,10109,2-s2.0-84867078121
10112,10112,2-s2.0-84866910677
10118,10118,2-s2.0-84866499958
10125,10125,2-s2.0-84866149122
10126,10126,2-s2.0-84866000609
10128,10128,2-s2.0-84865957589
10129,10129,2-s2.0-84865827851
10131,10131,2-s2.0-84865795891
10135,10135,2-s2.0-84865721766
10150,10150,2-s2.0-84864573638
10152,10152,2-s2.0-84864554627
10159,10159,2-s2.0-84863779302
10168,10168,2-s2.0-105010783866
10176,10176,2-s2.0-85014216369
10178,10178,2-s2.0-84865088413
10179,10179,2-s2.0-84864998316
10182,10182,2-s2.0-84864687641
10186,10186,2-s2.0-84864744704
10191,10191,2-s2.0-84930591909
10192,10192,2-s2.0-84930588172
10194,10194,2-s2.0-84930586137
10209,10209,2-s2.0-84903786461
10211,10211,2-s2.0-84902658090
10219,10219,2-s2.0-84885961084
10228,10228,2-s2.0-84875659503
10237,10237,2-s2.0-84865430415
10244,10244,2-s2.0-84864296620
10248,10248,2-s2.0-84863865958
10253,10253,2-s2.0-84860884723
10261,10261,2-s2.0-84864134277
10271,10271,2-s2.0-84883253688
10273,10273,2-s2.0-84863665113
10274,10274,2-s2.0-84863618599
10278,10278,2-s2.0-84863194080
10280,10280,2-s2.0-84862999210
10291,10291,2-s2.0-84890946677
10297,10297,2-s2.0-84868626646
10300,10300,2-s2.0-84865807813
10301,10301,2-s2.0-84865128730
10309,10309,2-s2.0-84864223189
10312,10312,2-s2.0-84863604461
10316,10316,2-s2.0-84863576460
10319,10319,2-s2.0-84863543577
10320,10320,2-s2.0-84863442345
10322,10322,2-s2.0-84863320308
10323,10323,2-s2.0-84863319358
10330,10330,2-s2.0-84862624040
10345,10345,2-s2.0-84860567539
10349,10349,2-s2.0-84862992530
10353,10353,2-s2.0-84862560517
10354,10354,2-s2.0-84862658168
10364,10364,2-s2.0-84869770706
10370,10370,2-s2.0-84864573921
10383,10383,2-s2.0-84862565419
10387,10387,2-s2.0-84862508365
10388,10388,2-s2.0-84862191724
10405,10405,2-s2.0-84860691333
10409,10409,2-s2.0-84860365626
10414,10414,2-s2.0-84856703633
10425,10425,2-s2.0-84862063622
10427,10427,2-s2.0-84861008029
10430,10430,2-s2.0-84860807009
10441,10441,2-s2.0-84860343226
10451,10451,2-s2.0-84863887718
10454,10454,2-s2.0-84861493485
10458,10458,2-s2.0-84860132156
10467,10467,2-s2.0-84859270386
10470,10470,2-s2.0-84859269580
10471,10471,2-s2.0-84859268147
10488,10488,2-s2.0-84863865966
10489,10489,2-s2.0-84859914197
10493,10493,2-s2.0-84859612392
10498,10498,2-s2.0-84859298244
10503,10503,2-s2.0-84859054134
10505,10505,2-s2.0-85039558021
10511,10511,2-s2.0-84863752896
10512,10512,2-s2.0-84862802144
10516,10516,2-s2.0-84861108513
10543,10543,2-s2.0-84858965258
10544,10544,2-s2.0-84858964788
10547,10547,2-s2.0-84858952660
10549,10549,2-s2.0-84858780406
10552,10552,2-s2.0-84920691781
10553,10553,2-s2.0-84863348103
10556,10556,2-s2.0-84988267118
10562,10562,2-s2.0-84874292940
10566,10566,2-s2.0-84863293397
10572,10572,2-s2.0-84859512438
10574,10574,2-s2.0-84859336805
10577,10577,2-s2.0-84859014975
10578,10578,2-s2.0-84858844395
10587,10587,2-s2.0-84858640250
10590,10590,2-s2.0-84858306271
10592,10592,2-s2.0-84858205301
10595,10595,2-s2.0-84857808878
10611,10611,2-s2.0-84155170874
10612,10612,2-s2.0-84155163024
10618,10618,2-s2.0-84857044506
10620,10620,2-s2.0-84856782019
10629,10629,2-s2.0-84930840785
10631,10631,2-s2.0-84930832915
10638,10638,2-s2.0-84864560210
10643,10643,2-s2.0-84860864062
10654,10654,2-s2.0-84857256959
10656,10656,2-s2.0-84857013637
10658,10658,2-s2.0-84856737926
10659,10659,2-s2.0-84856430978
10666,10666,2-s2.0-84855699572
10672,10672,2-s2.0-84855355276
10678,10678,2-s2.0-81855218017
10682,10682,2-s2.0-84856063597
10683,10683,2-s2.0-84856054946
10685,10685,2-s2.0-84856045497
10686,10686,2-s2.0-84856042991
10693,10693,2-s2.0-85171942334
10698,10698,2-s2.0-85150367048
10701,10701,2-s2.0-85140251392
10705,10705,2-s2.0-85123146348
10708,10708,2-s2.0-85122400838
10709,10709,2-s2.0-85122399628
10711,10711,2-s2.0-85122394302
10730,10730,2-s2.0-85076191566
10733,10733,2-s2.0-85071795569
10738,10738,2-s2.0-85071111149
10743,10743,2-s2.0-85071077734
10744,10744,2-s2.0-85071002821
10750,10750,2-s2.0-85070572476
10752,10752,2-s2.0-85067991274
10754,10754,2-s2.0-85067142543
10758,10758,2-s2.0-85065680339
10761,10761,2-s2.0-85049694595
10768,10768,2-s2.0-85032882584
10776,10776,2-s2.0-85029131457
10785,10785,2-s2.0-85029119477
10787,10787,2-s2.0-85029118214
10789,10789,2-s2.0-85029117886
10790,10790,2-s2.0-85029116145
10796,10796,2-s2.0-85029113137
10798,10798,2-s2.0-85029112441
10815,10815,2-s2.0-85029102389
10826,10826,2-s2.0-85029093936
10828,10828,2-s2.0-85029090877
10833,10833,2-s2.0-85029087985
10841,10841,2-s2.0-85029079322
10847,10847,2-s2.0-85029078091
10852,10852,2-s2.0-85029074773
10853,10853,2-s2.0-85029073686
10855,10855,2-s2.0-85029071591
10856,10856,2-s2.0-85029070951
10866,10866,2-s2.0-85029064324
10867,10867,2-s2.0-85029062934
10872,10872,2-s2.0-85029059973
10874,10874,2-s2.0-85029057674
10883,10883,2-s2.0-85029048019
10886,10886,2-s2.0-85029046418
10887,10887,2-s2.0-85029046101
10889,10889,2-s2.0-85029045049
10893,10893,2-s2.0-85029037778
10895,10895,2-s2.0-85029037360
10898,10898,2-s2.0-85029037081
10899,10899,2-s2.0-85029036872
10900,10900,2-s2.0-85029036201
10901,10901,2-s2.0-85029033987
10908,10908,2-s2.0-85029026447
10916,10916,2-s2.0-85027918910
10925,10925,2-s2.0-85023887045
10926,10926,2-s2.0-85023862485
10936,10936,2-s2.0-85008525571
10937,10937,2-s2.0-85006649620
10941,10941,2-s2.0-84995402632
10942,10942,2-s2.0-84990361626
10952,10952,2-s2.0-84958113132
10959,10959,2-s2.0-84948120898
10972,10972,2-s2.0-84944089150
10974,10974,2-s2.0-84941288226
10977,10977,2-s2.0-84940014937
10978,10978,2-s2.0-84939561204
10997,10997,2-s2.0-84934760443
11007,11007,2-s2.0-84925660159
11009,11009,2-s2.0-84925616349
11014,11014,2-s2.0-84921657215
11016,11016,2-s2.0-84920689868
11019,11019,2-s2.0-84919946209
11023,11023,2-s2.0-84912559085
11029,11029,2-s2.0-84906704210
11033,11033,2-s2.0-84905749790
11035,11035,2-s2.0-84904719420
11036,11036,2-s2.0-84904697512
11040,11040,2-s2.0-84899123748
11047,11047,2-s2.0-84897002779
11050,11050,2-s2.0-84896455896
11052,11052,2-s2.0-84896362154
11056,11056,2-s2.0-84895361677
11073,11073,2-s2.0-84887280008
11077,11077,2-s2.0-84881049397
11083,11083,2-s2.0-84877865529
11095,11095,2-s2.0-84874995206
11106,11106,2-s2.0-84872103025
11107,11107,2-s2.0-84872100437
11112,11112,2-s2.0-84871601084
11122,11122,2-s2.0-84871535184
11126,11126,2-s2.0-84870652972
11127,11127,2-s2.0-84870457604
11133,11133,2-s2.0-84869846267
11135,11135,2-s2.0-84869835353
11139,11139,2-s2.0-84869790413
11143,11143,2-s2.0-84868303260
11150,11150,2-s2.0-84867388492
11159,11159,2-s2.0-84866529918
11162,11162,2-s2.0-84866075289
11166,11166,2-s2.0-84865656085
11168,11168,2-s2.0-84865421618
11176,11176,2-s2.0-84864880037
11178,11178,2-s2.0-84864878588
11179,11179,2-s2.0-84864875891
11180,11180,2-s2.0-84864875444
11181,11181,2-s2.0-84864874353
11182,11182,2-s2.0-84864871344
11193,11193,2-s2.0-84864246650
11195,11195,2-s2.0-84863938812
11196,11196,2-s2.0-84863921898
11206,11206,2-s2.0-84863828905
11218,11218,2-s2.0-84863672257
11221,11221,2-s2.0-84863197613
11224,11224,2-s2.0-84863069678
11236,11236,2-s2.0-84861791127
11238,11238,2-s2.0-84861546854
11245,11245,2-s2.0-84860893949
11252,11252,2-s2.0-84860168602
11258,11258,2-s2.0-84859499527
11264,11264,2-s2.0-84858591824
11270,11270,2-s2.0-84857073294
11273,11273,2-s2.0-84856983679
11289,11289,2-s2.0-84856163961
11291,11291,2-s2.0-84855926369
11293,11293,2-s2.0-84855849578
11296,11296,2-s2.0-84855524847
11297,11297,2-s2.0-84855507954
11298,11298,2-s2.0-84855216581
11299,11299,2-s2.0-84255188390
11308,11308,2-s2.0-81255209184
11309,11309,2-s2.0-81255184714
11315,11315,2-s2.0-33749085678
11322,11322,2-s2.0-105012677308
11331,11331,2-s2.0-105012011784
11332,11332,2-s2.0-105011922887
11333,11333,2-s2.0-105011918398
11340,11340,2-s2.0-105002498588
11346,11346,2-s2.0-84890614296
11347,11347,2-s2.0-84921461206
11358,11358,2-s2.0-84890015739
11361,11361,2-s2.0-84889779180
11375,11375,2-s2.0-85164573828
11379,11379,2-s2.0-84906600258
11382,11382,2-s2.0-84902658375
11385,11385,2-s2.0-84898255711
11391,11391,2-s2.0-84897854528
11393,11393,2-s2.0-84896762209
11397,11397,2-s2.0-84895319076
11401,11401,2-s2.0-84894252360
11405,11405,2-s2.0-84894168980
11421,11421,2-s2.0-84893322715
11425,11425,2-s2.0-84893299565
11426,11426,2-s2.0-84893285189
11432,11432,2-s2.0-84893260132
11435,11435,2-s2.0-84893226810
11439,11439,2-s2.0-84893180390
11441,11441,2-s2.0-84893093786
11448,11448,2-s2.0-84892904557
11454,11454,2-s2.0-84892712122
11472,11472,2-s2.0-84892371637
11477,11477,2-s2.0-84891897089
11480,11480,2-s2.0-84891805736
11481,11481,2-s2.0-84891531995
11482,11482,2-s2.0-84891311305
11483,11483,2-s2.0-84890607411
11489,11489,2-s2.0-84890303649
11503,11503,2-s2.0-84888839463
11513,11513,2-s2.0-84888059815
11518,11518,2-s2.0-84888028919
11530,11530,2-s2.0-84886303487
11531,11531,2-s2.0-84885947354
11534,11534,2-s2.0-84888376097
11544,11544,2-s2.0-84887533969
11557,11557,2-s2.0-84931371135
11563,11563,2-s2.0-84929662119
11582,11582,2-s2.0-84887344734
11584,11584,2-s2.0-84887330573
11596,11596,2-s2.0-84885660246
11610,11610,2-s2.0-84886537148
11613,11613,2-s2.0-84886505280
11624,11624,2-s2.0-84886940858
11625,11625,2-s2.0-84886935614
11627,11627,2-s2.0-84886903924
11629,11629,2-s2.0-84886874027
11631,11631,2-s2.0-85089260906
11633,11633,2-s2.0-85079584636
11643,11643,2-s2.0-84885214371
11644,11644,2-s2.0-84885205575
11646,11646,2-s2.0-84885083081
11650,11650,2-s2.0-84884948250
11659,11659,2-s2.0-84930036591
11668,11668,2-s2.0-84886027252
11671,11671,2-s2.0-84885956561
11672,11672,2-s2.0-84885952225
11689,11689,2-s2.0-84884568632
11701,11701,2-s2.0-84881527023
11709,11709,2-s2.0-84880344119
11712,11712,2-s2.0-84945347423
11713,11713,2-s2.0-84944907732
11714,11714,2-s2.0-84944901315
11716,11716,2-s2.0-84921689379
11719,11719,2-s2.0-84884344586
11723,11723,2-s2.0-84884340140
11728,11728,2-s2.0-84884337171
11729,11729,2-s2.0-84884337001
11733,11733,2-s2.0-84884335509
11740,11740,2-s2.0-84884333421
11741,11741,2-s2.0-84884333251
11752,11752,2-s2.0-84884326356
11758,11758,2-s2.0-84884321381
11763,11763,2-s2.0-84884317240
11771,11771,2-s2.0-84884313337
11789,11789,2-s2.0-84884303895
11790,11790,2-s2.0-84884301633
11805,11805,2-s2.0-84884293551
11812,11812,2-s2.0-84883829523
11813,11813,2-s2.0-84883824202
11818,11818,2-s2.0-84883533020
11825,11825,2-s2.0-84883470612
11832,11832,2-s2.0-84883867025
11834,11834,2-s2.0-84881317408
11839,11839,2-s2.0-84983254074
11842,11842,2-s2.0-84896801437
11844,11844,2-s2.0-84890175478
11857,11857,2-s2.0-84883628988
11859,11859,2-s2.0-84883319616
11862,11862,2-s2.0-84882695636
11869,11869,2-s2.0-84881303213
11888,11888,2-s2.0-84880062287
11893,11893,2-s2.0-84945162787
11894,11894,2-s2.0-84944891527
11900,11900,2-s2.0-84882688231
11904,11904,2-s2.0-84882241877
11918,11918,2-s2.0-84881186180
11929,11929,2-s2.0-84880977312
11933,11933,2-s2.0-84880938620
11942,11942,2-s2.0-84880872408
11951,11951,2-s2.0-84922250895
11955,11955,2-s2.0-84893710820
11962,11962,2-s2.0-84893678877
11967,11967,2-s2.0-84893637136
11969,11969,2-s2.0-84889033058
11972,11972,2-s2.0-84884531927
11983,11983,2-s2.0-84881357955
11989,11989,2-s2.0-84880598283
11995,11995,2-s2.0-84880060230
11996,11996,2-s2.0-84880055588
12001,12001,2-s2.0-84878440774
12003,12003,2-s2.0-84877338168
12008,12008,2-s2.0-84880630265
12011,12011,2-s2.0-84880518302
12017,12017,2-s2.0-84880121075
12027,12027,2-s2.0-84883487690
12028,12028,2-s2.0-84879968404
12029,12029,2-s2.0-84879968384
12030,12030,2-s2.0-84879956205
12039,12039,2-s2.0-84880026496
12042,12042,2-s2.0-84879665797
12045,12045,2-s2.0-84879655008
12048,12048,2-s2.0-84879633033
12050,12050,2-s2.0-84879532348
12053,12053,2-s2.0-84880083597
12061,12061,2-s2.0-84894300923
12067,12067,2-s2.0-84889660305
12081,12081,2-s2.0-84878641633
12085,12085,2-s2.0-84876021543
12089,12089,2-s2.0-85096764190
12092,12092,2-s2.0-84879042664
12094,12094,2-s2.0-84878936756
12095,12095,2-s2.0-84878871724
12097,12097,2-s2.0-84878790693
12103,12103,2-s2.0-84932650116
12106,12106,2-s2.0-84892866305
12110,12110,2-s2.0-84892837081
12113,12113,2-s2.0-84882453207
12116,12116,2-s2.0-84880963587
12118,12118,2-s2.0-84880259010
12119,12119,2-s2.0-84879962767
12122,12122,2-s2.0-84879270535
12125,12125,2-s2.0-84878487834
12126,12126,2-s2.0-84878487102
12131,12131,2-s2.0-84878044293
12135,12135,2-s2.0-84877621361
12136,12136,2-s2.0-84877597762
12145,12145,2-s2.0-84875783704
12147,12147,2-s2.0-84875781184
12148,12148,2-s2.0-84875242137
12165,12165,2-s2.0-84946723205
12170,12170,2-s2.0-84945368858
12172,12172,2-s2.0-84878349563
12180,12180,2-s2.0-84877156798
12181,12181,2-s2.0-84876977475
12184,12184,2-s2.0-85057051361
12195,12195,2-s2.0-84891647831
12219,12219,2-s2.0-84877248899
12227,12227,2-s2.0-84876153566
12244,12244,2-s2.0-85040729138
12246,12246,2-s2.0-84876561016
12247,12247,2-s2.0-84876482828
12248,12248,2-s2.0-85024132419
12249,12249,2-s2.0-84933670763
12251,12251,2-s2.0-84876211275
12252,12252,2-s2.0-84876344569
12259,12259,2-s2.0-84876122237
12266,12266,2-s2.0-84876009878
12286,12286,2-s2.0-84876532673
12288,12288,2-s2.0-84876153317
12296,12296,2-s2.0-84875869269
12308,12308,2-s2.0-84875365339
12315,12315,2-s2.0-84872853201
12318,12318,2-s2.0-84875327511
12336,12336,2-s2.0-84977134540
12337,12337,2-s2.0-84963545523
12338,12338,2-s2.0-84949180142
12344,12344,2-s2.0-84892835707
12345,12345,2-s2.0-84892539947
12347,12347,2-s2.0-84880713935
12351,12351,2-s2.0-84877973111
12356,12356,2-s2.0-84875940453
12358,12358,2-s2.0-84875542341
12364,12364,2-s2.0-84875344829
12375,12375,2-s2.0-84874631959
12382,12382,2-s2.0-84874315400
12384,12384,2-s2.0-84874292021
12390,12390,2-s2.0-84873729778
12393,12393,2-s2.0-84873680702
12395,12395,2-s2.0-84873645288
12396,12396,2-s2.0-84873615466
12410,12410,2-s2.0-84944551917
12418,12418,2-s2.0-84873955876
12427,12427,2-s2.0-85179194781
12439,12439,2-s2.0-84874415878
12442,12442,2-s2.0-84873702167
12449,12449,2-s2.0-84872796887
12459,12459,2-s2.0-84868491457
12461,12461,2-s2.0-84890551051
12472,12472,2-s2.0-84872138768
12476,12476,2-s2.0-84925785728
12480,12480,2-s2.0-85200880236
12488,12488,2-s2.0-85142583029
12495,12495,2-s2.0-85139631329
12499,12499,2-s2.0-85136716226
12500,12500,2-s2.0-85136695888
12505,12505,2-s2.0-85136630574
12517,12517,2-s2.0-85102007502
12518,12518,2-s2.0-85102007186
12527,12527,2-s2.0-85101982058
12528,12528,2-s2.0-85101969596
12530,12530,2-s2.0-85101966749
12531,12531,2-s2.0-85101963874
12537,12537,2-s2.0-85087673672
12544,12544,2-s2.0-85084013900
12546,12546,2-s2.0-85078928766
12547,12547,2-s2.0-85078928479
12554,12554,2-s2.0-85071533786
12556,12556,2-s2.0-85070972653
12577,12577,2-s2.0-85067984912
12584,12584,2-s2.0-85067958814
12587,12587,2-s2.0-85067949565
12588,12588,2-s2.0-85067939165
12590,12590,2-s2.0-85067926917
12592,12592,2-s2.0-85067914930
12595,12595,2-s2.0-85066263310
12596,12596,2-s2.0-85065949274
12615,12615,2-s2.0-85044335510
12623,12623,2-s2.0-85035138981
12624,12624,2-s2.0-85033253493
12627,12627,2-s2.0-85029659876
12640,12640,2-s2.0-85028662913
12643,12643,2-s2.0-85028633314
12662,12662,2-s2.0-85017609803
12664,12664,2-s2.0-85016558090
12669,12669,2-s2.0-85011363203
12672,12672,2-s2.0-85009386338
12680,12680,2-s2.0-84995442504
12685,12685,2-s2.0-84989905748
12688,12688,2-s2.0-84983301232
12696,12696,2-s2.0-84962872736
12703,12703,2-s2.0-84957080813
12706,12706,2-s2.0-84956684056
12709,12709,2-s2.0-84955730769
12715,12715,2-s2.0-84953218559
12717,12717,2-s2.0-84950008774
12719,12719,2-s2.0-84948182149
12728,12728,2-s2.0-84944034231
12730,12730,2-s2.0-84943376419
12732,12732,2-s2.0-84940487057
12736,12736,2-s2.0-84939890913
12741,12741,2-s2.0-84937770408
12742,12742,2-s2.0-84937038925
12743,12743,2-s2.0-84936503495
12746,12746,2-s2.0-84930882303
12750,12750,2-s2.0-84929749950
12753,12753,2-s2.0-84928863841
12761,12761,2-s2.0-84925824321
12765,12765,2-s2.0-84925740093
12768,12768,2-s2.0-84923919764
12774,12774,2-s2.0-84923600989
12781,12781,2-s2.0-84923448851
12783,12783,2-s2.0-84923415349
12793,12793,2-s2.0-84920911464
12800,12800,2-s2.0-84918913666
12805,12805,2-s2.0-84917691366
12806,12806,2-s2.0-84917391588
12807,12807,2-s2.0-84917266735
12808,12808,2-s2.0-84917236426
12810,12810,2-s2.0-84913604107
12812,12812,2-s2.0-84911089763
12818,12818,2-s2.0-84909088630
12840,12840,2-s2.0-84905175348
12842,12842,2-s2.0-84904756403
12846,12846,2-s2.0-84904675226
12850,12850,2-s2.0-84904643126
12851,12851,2-s2.0-84904638429
12854,12854,2-s2.0-84904624122
12863,12863,2-s2.0-84903730403
12864,12864,2-s2.0-84903688427
12865,12865,2-s2.0-84903679044
12869,12869,2-s2.0-84903578141
12870,12870,2-s2.0-84903522400
12873,12873,2-s2.0-84903468245
12875,12875,2-s2.0-84903448421
12879,12879,2-s2.0-84902682856
12888,12888,2-s2.0-84902669950
12889,12889,2-s2.0-84902668821
12891,12891,2-s2.0-84902668442
12894,12894,2-s2.0-84902461114
12912,12912,2-s2.0-84900309236
12928,12928,2-s2.0-84898639590
12934,12934,2-s2.0-84898457813
12938,12938,2-s2.0-84897547521
12941,12941,2-s2.0-84897048083
12957,12957,2-s2.0-84896450390
12958,12958,2-s2.0-84896448625
12964,12964,2-s2.0-84895400742
12972,12972,2-s2.0-84894206937
12973,12973,2-s2.0-84894122968
12986,12986,2-s2.0-84893584641
12995,12995,2-s2.0-84892990871
13006,13006,2-s2.0-84890701898
13013,13013,2-s2.0-84890658348
13018,13018,2-s2.0-84890414885
13020,13020,2-s2.0-84890355520
13023,13023,2-s2.0-84889576684
13036,13036,2-s2.0-84887514083
13039,13039,2-s2.0-84887408449
13044,13044,2-s2.0-84886746301
13046,13046,2-s2.0-84886714346
13047,13047,2-s2.0-84886693217
13058,13058,2-s2.0-84885356380
13069,13069,2-s2.0-84884685294
13070,13070,2-s2.0-84884523508
13088,13088,2-s2.0-84883656930
13096,13096,2-s2.0-84883572969
13109,13109,2-s2.0-84882785183
13112,13112,2-s2.0-84881642643
13116,13116,2-s2.0-84881359443
13117,13117,2-s2.0-84881352361
13124,13124,2-s2.0-84881238086
13127,13127,2-s2.0-84880946237
13143,13143,2-s2.0-84880271119
13150,13150,2-s2.0-84880006170
13153,13153,2-s2.0-84879747887
13158,13158,2-s2.0-84879510685
13165,13165,2-s2.0-84878937669
13171,13171,2-s2.0-84878640576
13174,13174,2-s2.0-84878495185
13176,13176,2-s2.0-84878449821
13178,13178,2-s2.0-84878423286
13180,13180,2-s2.0-84878411927
13187,13187,2-s2.0-84878046736
13198,13198,2-s2.0-84876243073
13231,13231,2-s2.0-84873876240
13232,13232,2-s2.0-84873875057
13234,13234,2-s2.0-84873871026
13240,13240,2-s2.0-84873807172
13242,13242,2-s2.0-84873405146
13245,13245,2-s2.0-84872740601
13252,13252,2-s2.0-84872112628
13262,13262,2-s2.0-84871212428
13270,13270,2-s2.0-84869850477
13281,13281,2-s2.0-105011464443
13282,13282,2-s2.0-105011429976
13286,13286,2-s2.0-0040868732
13300,13300,2-s2.0-84957944055
13305,13305,2-s2.0-84957933115
13311,13311,2-s2.0-84914158565
13321,13321,2-s2.0-84919783161
13324,13324,2-s2.0-85101307045
13325,13325,2-s2.0-85044089938
13326,13326,2-s2.0-85039552251
13331,13331,2-s2.0-85012140982
13342,13342,2-s2.0-84927611707
13345,13345,2-s2.0-84922822126
13349,13349,2-s2.0-84920870986
13352,13352,2-s2.0-84920626073
13357,13357,2-s2.0-84920592178
13359,13359,2-s2.0-84920572678
13377,13377,2-s2.0-84919866208
13386,13386,2-s2.0-84909644562
13396,13396,2-s2.0-84908122124
13398,13398,2-s2.0-84919494774
13399,13399,2-s2.0-84914127133
13404,13404,2-s2.0-84908206109
13405,13405,2-s2.0-85107256732
13416,13416,2-s2.0-84913570781
13418,13418,2-s2.0-84919346192
13431,13431,2-s2.0-84912017114
13432,13432,2-s2.0-84911972653
13436,13436,2-s2.0-84937598798
13438,13438,2-s2.0-85027944116
13459,13459,2-s2.0-84919633898
13462,13462,2-s2.0-84912127431
13465,13465,2-s2.0-84907591434
13480,13480,2-s2.0-84910659930
13486,13486,2-s2.0-84911430872
13489,13489,2-s2.0-84911918221
13490,13490,2-s2.0-84908563240
13491,13491,2-s2.0-84909595135
13498,13498,2-s2.0-84908503268
13503,13503,2-s2.0-84910100833
13505,13505,2-s2.0-84908665792
13507,13507,2-s2.0-84919493721
13510,13510,2-s2.0-84917729705
13520,13520,2-s2.0-85008222463
13524,13524,2-s2.0-84956726846
13527,13527,2-s2.0-84955664004
13528,13528,2-s2.0-84953394609
13530,13530,2-s2.0-84939891114
13533,13533,2-s2.0-84930822077
13535,13535,2-s2.0-84928875416
13536,13536,2-s2.0-84928490668
13546,13546,2-s2.0-84907767049
13556,13556,2-s2.0-84945387651
13559,13559,2-s2.0-84908101498
13560,13560,2-s2.0-84908644454
13572,13572,2-s2.0-84985994261
13575,13575,2-s2.0-84905105966
13583,13583,2-s2.0-84906907655
13584,13584,2-s2.0-84890466813
13586,13586,2-s2.0-85048265435
13592,13592,2-s2.0-84944219998
13594,13594,2-s2.0-84939432119
13597,13597,2-s2.0-84931337171
13600,13600,2-s2.0-84925629072
13610,13610,2-s2.0-84907002594
13619,13619,2-s2.0-84925946009
13628,13628,2-s2.0-84926386642
13635,13635,2-s2.0-84908431262
13645,13645,2-s2.0-84907912301
13649,13649,2-s2.0-84907583022
13658,13658,2-s2.0-84960277144
13673,13673,2-s2.0-84925731877
13684,13684,2-s2.0-85052538421
13689,13689,2-s2.0-84957372493
13694,13694,2-s2.0-84953335429
13698,13698,2-s2.0-84953206866
13708,13708,2-s2.0-84926320711
13710,13710,2-s2.0-84919457455
13714,13714,2-s2.0-84904323147
13737,13737,2-s2.0-85018869820
13744,13744,2-s2.0-84899132312
13746,13746,2-s2.0-84896807768
13759,13759,2-s2.0-84900542666
13761,13761,2-s2.0-84899818212
13765,13765,2-s2.0-84928859824
13779,13779,2-s2.0-84938780253
13781,13781,2-s2.0-84901741885
13794,13794,2-s2.0-84899052619
13796,13796,2-s2.0-85030545955
13798,13798,2-s2.0-84899084986
13805,13805,2-s2.0-84959514300
13809,13809,2-s2.0-84949568236
13819,13819,2-s2.0-84898758834
13822,13822,2-s2.0-84898732678
13823,13823,2-s2.0-84898720526
13829,13829,2-s2.0-84894497716
13831,13831,2-s2.0-84894269241
13832,13832,2-s2.0-84894238938
13834,13834,2-s2.0-84890900957
13835,13835,2-s2.0-84888313965
13842,13842,2-s2.0-84897875924
13854,13854,2-s2.0-85029293068
13855,13855,2-s2.0-84946693524
13858,13858,2-s2.0-84897655668
13870,13870,2-s2.0-84979851655
13871,13871,2-s2.0-84943011778
13872,13872,2-s2.0-84940266011
13874,13874,2-s2.0-84919499427
13880,13880,2-s2.0-84897820299
13883,13883,2-s2.0-84896814962
13889,13889,2-s2.0-84895084798
13890,13890,2-s2.0-84894905215
13894,13894,2-s2.0-84894265787
13902,13902,2-s2.0-84891416701
13905,13905,2-s2.0-84888082401
13914,13914,2-s2.0-84949106555
13921,13921,2-s2.0-84893477027
13940,13940,2-s2.0-84893646831
13953,13953,2-s2.0-84892454776
13954,13954,2-s2.0-84892441039
13966,13966,2-s2.0-84892501801
13967,13967,2-s2.0-84892490028
13975,13975,2-s2.0-84946688513
13988,13988,2-s2.0-84891592699
13990,13990,2-s2.0-85193923221
13991,13991,2-s2.0-85180779899
13998,13998,2-s2.0-85145299801
14007,14007,2-s2.0-85139184204
14013,14013,2-s2.0-85127707353
14022,14022,2-s2.0-85127651494
14026,14026,2-s2.0-85127641612
14027,14027,2-s2.0-85127627401
14030,14030,2-s2.0-85121045743
14033,14033,2-s2.0-85107530041
14035,14035,2-s2.0-85105653119
14047,14047,2-s2.0-85086638175
14053,14053,2-s2.0-85082126396
14054,14054,2-s2.0-85081870811
14057,14057,2-s2.0-85078830075
14059,14059,2-s2.0-85077708536
14064,14064,2-s2.0-85071794527
14070,14070,2-s2.0-85069494396
14075,14075,2-s2.0-85064367680
14078,14078,2-s2.0-85059185816
14087,14087,2-s2.0-85040598399
14089,14089,2-s2.0-85040553013
14094,14094,2-s2.0-85033352780
14095,14095,2-s2.0-85030541907
14096,14096,2-s2.0-85030110753
14097,14097,2-s2.0-85029626391
14108,14108,2-s2.0-85027920573
14111,14111,2-s2.0-85025661501
14114,14114,2-s2.0-85021989360
14118,14118,2-s2.0-85020325106
14121,14121,2-s2.0-85020319583
14122,14122,2-s2.0-85020010132
14129,14129,2-s2.0-85015975579
14130,14130,2-s2.0-85015153730
14131,14131,2-s2.0-85013031062
14132,14132,2-s2.0-85012050553
14134,14134,2-s2.0-85012041076
14136,14136,2-s2.0-85011422901
14139,14139,2-s2.0-85011332626
14141,14141,2-s2.0-85009665436
14146,14146,2-s2.0-85002261177
14149,14149,2-s2.0-84994338328
14151,14151,2-s2.0-84994099170
14160,14160,2-s2.0-84978987842
14176,14176,2-s2.0-84963815595
14200,14200,2-s2.0-84957051148
14201,14201,2-s2.0-84956553510
14215,14215,2-s2.0-84955140318
14217,14217,2-s2.0-84954625426
14224,14224,2-s2.0-84953897478
14234,14234,2-s2.0-84948133096
14236,14236,2-s2.0-84948065617
14244,14244,2-s2.0-84944182912
14245,14245,2-s2.0-84944128737
14252,14252,2-s2.0-84942582225
14253,14253,2-s2.0-84941882004
14268,14268,2-s2.0-84939558638
14269,14269,2-s2.0-84939552629
14270,14270,2-s2.0-84939230410
14274,14274,2-s2.0-84938153848
14275,14275,2-s2.0-84938152825
14279,14279,2-s2.0-84938125397
14280,14280,2-s2.0-84938117756
14286,14286,2-s2.0-84937772873
14291,14291,2-s2.0-84933524858
14299,14299,2-s2.0-84929251767
14312,14312,2-s2.0-84927765454
14316,14316,2-s2.0-84927513596
14317,14317,2-s2.0-84927133386
14318,14318,2-s2.0-84927124436
14319,14319,2-s2.0-84926683614
14328,14328,2-s2.0-84925344941
14337,14337,2-s2.0-84923974629
14342,14342,2-s2.0-84923924412
14344,14344,2-s2.0-84923902707
14348,14348,2-s2.0-84923884414
14349,14349,2-s2.0-84923875669
14364,14364,2-s2.0-84923531242
14372,14372,2-s2.0-84922812114
14379,14379,2-s2.0-84922287207
14384,14384,2-s2.0-84922146060
14385,14385,2-s2.0-84922111440
14386,14386,2-s2.0-84922051904
14390,14390,2-s2.0-84921787952
14399,14399,2-s2.0-84920939940
14402,14402,2-s2.0-84920487589
14403,14403,2-s2.0-84920448888
14406,14406,2-s2.0-84920110855
14408,14408,2-s2.0-84919785190
14414,14414,2-s2.0-84919715614
14420,14420,2-s2.0-84918555986
14421,14421,2-s2.0-84918553284
14424,14424,2-s2.0-84917689662
14430,14430,2-s2.0-84916229310
14439,14439,2-s2.0-84914102353
14449,14449,2-s2.0-84911888251
14451,14451,2-s2.0-84911423540
14452,14452,2-s2.0-84911360538
14456,14456,2-s2.0-84910102395
14458,14458,2-s2.0-84910090561
14468,14468,2-s2.0-84908516674
14472,14472,2-s2.0-84908255774
14473,14473,2-s2.0-84908239411
14483,14483,2-s2.0-84907992683
14489,14489,2-s2.0-84907879579
14503,14503,2-s2.0-84907299296
14505,14505,2-s2.0-84907289488
14507,14507,2-s2.0-84907286411
14517,14517,2-s2.0-84906973939
14528,14528,2-s2.0-84906688449
14532,14532,2-s2.0-84906658393
14534,14534,2-s2.0-84906570402
14540,14540,2-s2.0-84906556640
14541,14541,2-s2.0-84906549860
14545,14545,2-s2.0-84906505770
14547,14547,2-s2.0-84906347773
14549,14549,2-s2.0-84906337353
14554,14554,2-s2.0-84906320589
14559,14559,2-s2.0-84906236280
14564,14564,2-s2.0-84906060376
14570,14570,2-s2.0-84905858434
14586,14586,2-s2.0-84905494184
14590,14590,2-s2.0-84905376035
14594,14594,2-s2.0-84905197636
14605,14605,2-s2.0-84905191949
14608,14608,2-s2.0-84905190737
14610,14610,2-s2.0-84905190705
14615,14615,2-s2.0-84905190502
14618,14618,2-s2.0-84905188580
14620,14620,2-s2.0-84905186905
14632,14632,2-s2.0-84905182004
14636,14636,2-s2.0-84905181296
14648,14648,2-s2.0-84905176549
14655,14655,2-s2.0-84905172300
14659,14659,2-s2.0-84905170763
14666,14666,2-s2.0-84905168412
14668,14668,2-s2.0-84905167603
14669,14669,2-s2.0-84905166403
14671,14671,2-s2.0-84905166341
14683,14683,2-s2.0-84905159191
14686,14686,2-s2.0-84905157770
14693,14693,2-s2.0-84905041157
14694,14694,2-s2.0-84905034393
14703,14703,2-s2.0-84904809054
14705,14705,2-s2.0-84904739482
14729,14729,2-s2.0-84904501525
14731,14731,2-s2.0-84904498430
14742,14742,2-s2.0-84904392246
14747,14747,2-s2.0-84904355290
14748,14748,2-s2.0-84904315041
14751,14751,2-s2.0-84904216776
14763,14763,2-s2.0-84904161086
14765,14765,2-s2.0-84904053652
14779,14779,2-s2.0-84903816364
14783,14783,2-s2.0-84903735381
14788,14788,2-s2.0-84903592093
14796,14796,2-s2.0-84903467823
14800,14800,2-s2.0-84903461299
14805,14805,2-s2.0-84903313406
14807,14807,2-s2.0-84903274091
14810,14810,2-s2.0-84903177496
14816,14816,2-s2.0-84902986373
14822,14822,2-s2.0-84902778266
14824,14824,2-s2.0-84902763888
14825,14825,2-s2.0-84902689837
14841,14841,2-s2.0-84902500155
14843,14843,2-s2.0-84902479728
14851,14851,2-s2.0-84902347397
14857,14857,2-s2.0-84902327251
14860,14860,2-s2.0-84902319373
14867,14867,2-s2.0-84902264672
14868,14868,2-s2.0-84902263627
14870,14870,2-s2.0-84902242642
14871,14871,2-s2.0-84902127023
14883,14883,2-s2.0-84901934341
14884,14884,2-s2.0-84901926065
14887,14887,2-s2.0-84901914257
14900,14900,2-s2.0-84901642741
14905,14905,2-s2.0-84901626583
14908,14908,2-s2.0-84901622622
14910,14910,2-s2.0-84901619869
14914,14914,2-s2.0-84901603074
14917,14917,2-s2.0-84901594082
14918,14918,2-s2.0-84901589609
14921,14921,2-s2.0-84901458500
14922,14922,2-s2.0-84901449170
14934,14934,2-s2.0-84901344673
14936,14936,2-s2.0-84901317760
14937,14937,2-s2.0-84901305848
14938,14938,2-s2.0-84901190312
14943,14943,2-s2.0-84901029422
14952,14952,2-s2.0-84900823629
14962,14962,2-s2.0-84900434017
14965,14965,2-s2.0-84899994655
14966,14966,2-s2.0-84899985043
14969,14969,2-s2.0-84899947739
14972,14972,2-s2.0-84899898319
14973,14973,2-s2.0-84899878373
14977,14977,2-s2.0-84899805409
14984,14984,2-s2.0-84899723209
14987,14987,2-s2.0-84899690891
14990,14990,2-s2.0-84899657687
15002,15002,2-s2.0-84899423804
15003,15003,2-s2.0-84899418505
15017,15017,2-s2.0-84898826380
15018,15018,2-s2.0-84898825253
15023,15023,2-s2.0-84898647120
15024,15024,2-s2.0-84898547645
15038,15038,2-s2.0-84898012514
15043,15043,2-s2.0-84897974310
15044,15044,2-s2.0-84897970693
15050,15050,2-s2.0-84897939173
15057,15057,2-s2.0-84897639371
15063,15063,2-s2.0-84897580620
15075,15075,2-s2.0-84897383384
15078,15078,2-s2.0-84897096545
15080,15080,2-s2.0-84897081688
15082,15082,2-s2.0-84897072208
15087,15087,2-s2.0-84897022111
15089,15089,2-s2.0-84896994270
15096,15096,2-s2.0-84896656723
15097,15097,2-s2.0-84896649977
15099,15099,2-s2.0-84896629191
15101,15101,2-s2.0-84896597785
15106,15106,2-s2.0-84896501194
15107,15107,2-s2.0-84896484424
15123,15123,2-s2.0-84895174718
15124,15124,2-s2.0-84895118714
15126,15126,2-s2.0-84894830612
15133,15133,2-s2.0-84894269822
15136,15136,2-s2.0-84894255259
15144,15144,2-s2.0-84893635005
15148,15148,2-s2.0-84893554598
15149,15149,2-s2.0-84893523338
15153,15153,2-s2.0-84893228070
15157,15157,2-s2.0-84892952738
15158,15158,2-s2.0-84892851985
15161,15161,2-s2.0-84892559144
15163,15163,2-s2.0-84892542070
15164,15164,2-s2.0-84892539225
15173,15173,2-s2.0-84892434382
15179,15179,2-s2.0-84892366967
15184,15184,2-s2.0-84891639936
15185,15185,2-s2.0-84891481814
15188,15188,2-s2.0-84890878396
15194,15194,2-s2.0-84890791955
15197,15197,2-s2.0-84890703721
15198,15198,2-s2.0-84890496089
15202,15202,2-s2.0-84890059780
15208,15208,2-s2.0-84888872109
15216,15216,2-s2.0-84885909161
15218,15218,2-s2.0-84885734487
15224,15224,2-s2.0-14844294716
15228,15228,2-s2.0-84963984171
15230,15230,2-s2.0-84919651657
15235,15235,2-s2.0-84949809323
15238,15238,2-s2.0-84964677880
15239,15239,2-s2.0-84964675056
15243,15243,2-s2.0-84964579442
15248,15248,2-s2.0-84949009159
15253,15253,2-s2.0-84960457827
15261,15261,2-s2.0-84960429168
15263,15263,2-s2.0-84960420249
15266,15266,2-s2.0-84960408657
15276,15276,2-s2.0-84960359956
15278,15278,2-s2.0-84960353328
15279,15279,2-s2.0-84960352070
15281,15281,2-s2.0-84960342094
15298,15298,2-s2.0-85047179552
15299,15299,2-s2.0-85035150540
15305,15305,2-s2.0-84987897319
15310,15310,2-s2.0-84971434979
15315,15315,2-s2.0-84960111310
15322,15322,2-s2.0-84957596133
15326,15326,2-s2.0-84955362252
15331,15331,2-s2.0-84953402799
15335,15335,2-s2.0-84953395834
15342,15342,2-s2.0-84953381659
15343,15343,2-s2.0-84953381517
15349,15349,2-s2.0-84953376723
15352,15352,2-s2.0-84950237835
15369,15369,2-s2.0-84948450058
15373,15373,2-s2.0-84947487460
15375,15375,2-s2.0-84947225526
15377,15377,2-s2.0-84945589958
15387,15387,2-s2.0-84924664042
15401,15401,2-s2.0-84959367708
15409,15409,2-s2.0-84964786382
15411,15411,2-s2.0-84964774525
15412,15412,2-s2.0-84964765674
15418,15418,2-s2.0-84964721780
15423,15423,2-s2.0-85066139375
15424,15424,2-s2.0-85064923098
15425,15425,2-s2.0-84959870263
15426,15426,2-s2.0-84943457212
15433,15433,2-s2.0-84987858769
15438,15438,2-s2.0-84957867746
15451,15451,2-s2.0-84947228963
15452,15452,2-s2.0-84947228589
15454,15454,2-s2.0-84947057397
15456,15456,2-s2.0-84946842947
15466,15466,2-s2.0-84943811042
15480,15480,2-s2.0-84962723931
15481,15481,2-s2.0-84962719019
15484,15484,2-s2.0-84942198538
15485,15485,2-s2.0-84942197472
15492,15492,2-s2.0-84949105315
15500,15500,2-s2.0-84959534151
15506,15506,2-s2.0-84959873042
15510,15510,2-s2.0-84944221540
15538,15538,2-s2.0-84945478894
15547,15547,2-s2.0-85019553435
15558,15558,2-s2.0-84947545306
15559,15559,2-s2.0-84945979851
15564,15564,2-s2.0-84944722856
15571,15571,2-s2.0-84943400429
15572,15572,2-s2.0-84943381992
15577,15577,2-s2.0-84941732268
15578,15578,2-s2.0-84939806588
15579,15579,2-s2.0-84939565238
15584,15584,2-s2.0-84962482238
15585,15585,2-s2.0-84960951220
15588,15588,2-s2.0-84940038595
15589,15589,2-s2.0-84940034994
15591,15591,2-s2.0-84929706996
15596,15596,2-s2.0-84962173280
15600,15600,2-s2.0-84938891885
15608,15608,2-s2.0-84961730724
15611,15611,2-s2.0-84959866247
15616,15616,2-s2.0-84938902878
15619,15619,2-s2.0-84957899749
15630,15630,2-s2.0-84960243949
15634,15634,2-s2.0-84945477017
15640,15640,2-s2.0-84956597740
15642,15642,2-s2.0-84946478410
15643,15643,2-s2.0-84944878792
15644,15644,2-s2.0-84942195711
15646,15646,2-s2.0-84940786407
15652,15652,2-s2.0-84962778090
15656,15656,2-s2.0-84957900346
15658,15658,2-s2.0-84946594179
15660,15660,2-s2.0-84943246916
15661,15661,2-s2.0-84943170113
15665,15665,2-s2.0-84941413408
15667,15667,2-s2.0-84940397062
15668,15668,2-s2.0-84940384739
15669,15669,2-s2.0-84939777437
15670,15670,2-s2.0-84939771287
15675,15675,2-s2.0-84939480500
15688,15688,2-s2.0-84956515047
15694,15694,2-s2.0-84940653622
15695,15695,2-s2.0-84937978729
15707,15707,2-s2.0-84933178950
15720,15720,2-s2.0-84936998971
15722,15722,2-s2.0-84940668419
15735,15735,2-s2.0-84957580161
15743,15743,2-s2.0-84957541159
15745,15745,2-s2.0-84946555071
15749,15749,2-s2.0-84941367982
15751,15751,2-s2.0-84941363985
15753,15753,2-s2.0-84941351009
15762,15762,2-s2.0-84938575544
15765,15765,2-s2.0-84937232026
15771,15771,2-s2.0-84942086547
15780,15780,2-s2.0-69349104275
15782,15782,2-s2.0-84943302942
15786,15786,2-s2.0-84941897751
15787,15787,2-s2.0-84937965436
15793,15793,2-s2.0-84957398752
15800,15800,2-s2.0-84937032859
15803,15803,2-s2.0-84957991556
15806,15806,2-s2.0-84957940114
15811,15811,2-s2.0-84959312863
15822,15822,2-s2.0-85025427067
15825,15825,2-s2.0-84949804373
15841,15841,2-s2.0-85020686641
15846,15846,2-s2.0-84941644292
15851,15851,2-s2.0-84938401475
15854,15854,2-s2.0-84934762961
15857,15857,2-s2.0-84930589038
15864,15864,2-s2.0-84975299147
15865,15865,2-s2.0-84964871869
15868,15868,2-s2.0-84944541436
15874,15874,2-s2.0-84938740355
15876,15876,2-s2.0-84937938552
15878,15878,2-s2.0-84937874563
15880,15880,2-s2.0-84936761609
15881,15881,2-s2.0-84936220049
15882,15882,2-s2.0-84936130746
15885,15885,2-s2.0-84932194963
15896,15896,2-s2.0-84938247637
15907,15907,2-s2.0-84961886541
15917,15917,2-s2.0-85096785772
15919,15919,2-s2.0-84991724845
15923,15923,2-s2.0-84942808129
15935,15935,2-s2.0-84942776315
15936,15936,2-s2.0-84942775878
15943,15943,2-s2.0-84942741158
15945,15945,2-s2.0-84930403413
15957,15957,2-s2.0-84971578715
15963,15963,2-s2.0-84940009238
15970,15970,2-s2.0-84930905774
15971,15971,2-s2.0-84929377873
15979,15979,2-s2.0-84925354069
15988,15988,2-s2.0-84929296883
16012,16012,2-s2.0-84929956896
16015,16015,2-s2.0-85130418091
16016,16016,2-s2.0-85055099501
16017,16017,2-s2.0-84960494493
16031,16031,2-s2.0-84930380981
16039,16039,2-s2.0-84929001004
16045,16045,2-s2.0-84927660873
16046,16046,2-s2.0-84925463348
16047,16047,2-s2.0-84922295551
16049,16049,2-s2.0-84958233753
16050,16050,2-s2.0-84929094283
16056,16056,2-s2.0-84946029315
16061,16061,2-s2.0-84931058601
16065,16065,2-s2.0-84951006010
16070,16070,2-s2.0-84929494415
16078,16078,2-s2.0-84958959098
16081,16081,2-s2.0-84938837795
16083,16083,2-s2.0-84930330583
16097,16097,2-s2.0-84930908432
16100,16100,2-s2.0-84929468161
16112,16112,2-s2.0-84920600359
16113,16113,2-s2.0-84926456975
16118,16118,2-s2.0-84956805340
16121,16121,2-s2.0-84956608648
16125,16125,2-s2.0-84939891006
16132,16132,2-s2.0-84929916815
16135,16135,2-s2.0-84929208752
16137,16137,2-s2.0-84928255721
16144,16144,2-s2.0-84928237642
16161,16161,2-s2.0-84923641272
16167,16167,2-s2.0-84919924152
16184,16184,2-s2.0-85043439263
16185,16185,2-s2.0-85043435507
16186,16186,2-s2.0-85016305086
16188,16188,2-s2.0-84926217481
16191,16191,2-s2.0-84928252374
16195,16195,2-s2.0-84928248337
16198,16198,2-s2.0-84955620249
16209,16209,2-s2.0-84927170458
16216,16216,2-s2.0-84921926171
16223,16223,2-s2.0-84995688917
16234,16234,2-s2.0-84929957661
16242,16242,2-s2.0-84926286030
16246,16246,2-s2.0-84925484075
16249,16249,2-s2.0-84925393321
16253,16253,2-s2.0-84924502897
16256,16256,2-s2.0-84924428638
16257,16257,2-s2.0-84924371209
16261,16261,2-s2.0-84924207678
16262,16262,2-s2.0-84923612329
16269,16269,2-s2.0-84922594206
16271,16271,2-s2.0-84922444611
16272,16272,2-s2.0-84922431781
16285,16285,2-s2.0-84957370935
16287,16287,2-s2.0-84942474361
16288,16288,2-s2.0-84942465582
16289,16289,2-s2.0-84942456016
16291,16291,2-s2.0-84942436496
16292,16292,2-s2.0-84942424594
16295,16295,2-s2.0-84936157029
16302,16302,2-s2.0-84938153446
16307,16307,2-s2.0-84938152543
16309,16309,2-s2.0-84938152405
16310,16310,2-s2.0-84938151621
16320,16320,2-s2.0-84938149457
16326,16326,2-s2.0-84938118153
16329,16329,2-s2.0-84938117895
16330,16330,2-s2.0-84938117856
16332,16332,2-s2.0-84938099585
16339,16339,2-s2.0-84925547678
16343,16343,2-s2.0-85138273156
16344,16344,2-s2.0-85073998801
16347,16347,2-s2.0-84990920572
16355,16355,2-s2.0-84922618553
16360,16360,2-s2.0-84921628567
16384,16384,2-s2.0-84922569337
16386,16386,2-s2.0-84921780409
16399,16399,2-s2.0-85204607255
16404,16404,2-s2.0-85151218796
16405,16405,2-s2.0-85151218729
16406,16406,2-s2.0-85151215846
16410,16410,2-s2.0-85151204059
16416,16416,2-s2.0-85151172064
16420,16420,2-s2.0-85140328832
16421,16421,2-s2.0-85139456896
16425,16425,2-s2.0-85130914147
16427,16427,2-s2.0-85128044167
16432,16432,2-s2.0-85116559005
16441,16441,2-s2.0-85110574435
16442,16442,2-s2.0-85103993826
16443,16443,2-s2.0-85102629962
16444,16444,2-s2.0-85101997773
16453,16453,2-s2.0-85098008623
16468,16468,2-s2.0-85082416013
16471,16471,2-s2.0-85079008969
16478,16478,2-s2.0-85073357626
16481,16481,2-s2.0-85068009209
16484,16484,2-s2.0-85066107216
16501,16501,2-s2.0-85054269206
16503,16503,2-s2.0-85052845901
16508,16508,2-s2.0-85049544909
16512,16512,2-s2.0-85044032366
16527,16527,2-s2.0-85039424389
16528,16528,2-s2.0-85039413581
16532,16532,2-s2.0-85032980137
16536,16536,2-s2.0-85032328360
16541,16541,2-s2.0-85030087986
16549,16549,2-s2.0-85026554735
16563,16563,2-s2.0-85018866047
16570,16570,2-s2.0-85017645128
16576,16576,2-s2.0-85017573425
16588,16588,2-s2.0-85008947592
16591,16591,2-s2.0-85007375858
16592,16592,2-s2.0-85006508389
16594,16594,2-s2.0-85006489583
16599,16599,2-s2.0-85005944405
16613,16613,2-s2.0-84991720717
16616,16616,2-s2.0-84991669603
16621,16621,2-s2.0-84991250535
16624,16624,2-s2.0-84989171957
16633,16633,2-s2.0-84983247122
16636,16636,2-s2.0-84982994845
16638,16638,2-s2.0-84982893295
16639,16639,2-s2.0-84982683656
16644,16644,2-s2.0-84977542275
16650,16650,2-s2.0-84977109055
16653,16653,2-s2.0-84977071260
16669,16669,2-s2.0-84969802914
16672,16672,2-s2.0-84969220111
16680,16680,2-s2.0-84968918511
16681,16681,2-s2.0-84968911891
16684,16684,2-s2.0-84968880434
16694,16694,2-s2.0-84968764287
16699,16699,2-s2.0-84968724838
16704,16704,2-s2.0-84964969173
16706,16706,2-s2.0-84964844670
16713,16713,2-s2.0-84963548587
16718,16718,2-s2.0-84962771962
16722,16722,2-s2.0-84962709170
16725,16725,2-s2.0-84962677886
16727,16727,2-s2.0-84961919076
16746,16746,2-s2.0-84958720593
16748,16748,2-s2.0-84958700993
16765,16765,2-s2.0-84957544887
16768,16768,2-s2.0-84957085016
16771,16771,2-s2.0-84956770050
16778,16778,2-s2.0-84955696133
16779,16779,2-s2.0-84955645649
16787,16787,2-s2.0-84955162799
16792,16792,2-s2.0-84955130837
16796,16796,2-s2.0-84954551493
16797,16797,2-s2.0-84954485945
16810,16810,2-s2.0-84953864872
16820,16820,2-s2.0-84952772503
16823,16823,2-s2.0-84952685405
16826,16826,2-s2.0-84952325604
16827,16827,2-s2.0-84952309508
16828,16828,2-s2.0-84952012334
16843,16843,2-s2.0-84949787923
16848,16848,2-s2.0-84949114122
16850,16850,2-s2.0-84949035233
16854,16854,2-s2.0-84949009088
16855,16855,2-s2.0-84949009013
16858,16858,2-s2.0-84948774641
16861,16861,2-s2.0-84948759048
16862,16862,2-s2.0-84948754221
16864,16864,2-s2.0-84948743155
16865,16865,2-s2.0-84948742771
16868,16868,2-s2.0-84948181687
16873,16873,2-s2.0-84948150675
16885,16885,2-s2.0-84947555239
16886,16886,2-s2.0-84947438793
16900,16900,2-s2.0-84946915367
16906,16906,2-s2.0-84946433568
16912,16912,2-s2.0-84945902265
16923,16923,2-s2.0-84945134824
16927,16927,2-s2.0-84945130142
16936,16936,2-s2.0-84944705634
16938,16938,2-s2.0-84944631289
16939,16939,2-s2.0-84944629327
16940,16940,2-s2.0-84944625391
16941,16941,2-s2.0-84944610380
16943,16943,2-s2.0-84944605956
16948,16948,2-s2.0-84944565810
16950,16950,2-s2.0-84944559858
16963,16963,2-s2.0-84944068820
16966,16966,2-s2.0-84943800510
16984,16984,2-s2.0-84943387021
16994,16994,2-s2.0-84943190523
17005,17005,2-s2.0-84943142990
17007,17007,2-s2.0-84942935422
17014,17014,2-s2.0-84942887556
17017,17017,2-s2.0-84942866777
17023,17023,2-s2.0-84942693398
17024,17024,2-s2.0-84942437091
17026,17026,2-s2.0-84942077381
17028,17028,2-s2.0-84941998086
17033,17033,2-s2.0-84941997577
17037,17037,2-s2.0-84941997048
17042,17042,2-s2.0-84941995656
17044,17044,2-s2.0-84941995482
17046,17046,2-s2.0-84941995373
17050,17050,2-s2.0-84941995017
17064,17064,2-s2.0-84941993115
17068,17068,2-s2.0-84941992769
17069,17069,2-s2.0-84941992673
17075,17075,2-s2.0-84941043080
17076,17076,2-s2.0-84941005709
17078,17078,2-s2.0-84940972607
17081,17081,2-s2.0-84940742555
17082,17082,2-s2.0-84940726381
17084,17084,2-s2.0-84940669621
17086,17086,2-s2.0-84940643017
17104,17104,2-s2.0-84938813061
17105,17105,2-s2.0-84938795521
17107,17107,2-s2.0-84938697692
17108,17108,2-s2.0-84938594164
17113,17113,2-s2.0-84938150114
17115,17115,2-s2.0-84938052993
17131,17131,2-s2.0-84935107591
17134,17134,2-s2.0-84931839690
17136,17136,2-s2.0-84931749266
17138,17138,2-s2.0-84931033411
17140,17140,2-s2.0-84930857824
17141,17141,2-s2.0-84930854953
17142,17142,2-s2.0-84930704450
17148,17148,2-s2.0-84930584633
17162,17162,2-s2.0-84930333412
17165,17165,2-s2.0-84930324893
17172,17172,2-s2.0-84929936450
17185,17185,2-s2.0-84929008802
17189,17189,2-s2.0-84928744630
17190,17190,2-s2.0-84928740533
17193,17193,2-s2.0-84928721165
17196,17196,2-s2.0-84928666603
17197,17197,2-s2.0-84928663315
17198,17198,2-s2.0-84928631871
17204,17204,2-s2.0-84928341884
17209,17209,2-s2.0-84928140007
17214,17214,2-s2.0-84927699431
17215,17215,2-s2.0-84927654566
17217,17217,2-s2.0-84926658493
17222,17222,2-s2.0-84926442329
17229,17229,2-s2.0-84926183834
17230,17230,2-s2.0-84925956836
17232,17232,2-s2.0-84925847090
17245,17245,2-s2.0-84924800640
17247,17247,2-s2.0-84924737023
17248,17248,2-s2.0-84924601267
17254,17254,2-s2.0-84924165021
17258,17258,2-s2.0-84923832674
17260,17260,2-s2.0-84923640799
17263,17263,2-s2.0-84923253755
17264,17264,2-s2.0-84923171660
17265,17265,2-s2.0-84923125665
17271,17271,2-s2.0-84922967301
17272,17272,2-s2.0-84922933748
17273,17273,2-s2.0-84922932608
17281,17281,2-s2.0-84922423821
17282,17282,2-s2.0-84922327215
17283,17283,2-s2.0-84922326381
17286,17286,2-s2.0-84922276482
17290,17290,2-s2.0-84921948036
17301,17301,2-s2.0-84921308768
17302,17302,2-s2.0-84921059198
17313,17313,2-s2.0-84919983961
17319,17319,2-s2.0-84919426447
17322,17322,2-s2.0-84918824353
17324,17324,2-s2.0-84918549058
17325,17325,2-s2.0-84916890391
17328,17328,2-s2.0-84912086643
17332,17332,2-s2.0-84908388658
17342,17342,2-s2.0-105012549017
17345,17345,2-s2.0-105012541763
17352,17352,2-s2.0-105012504596
17354,17354,2-s2.0-105011901142
17362,17362,2-s2.0-105011895605
17368,17368,2-s2.0-105011890781
17370,17370,2-s2.0-105011890663
17371,17371,2-s2.0-105011890609
17373,17373,2-s2.0-105011889931
17381,17381,2-s2.0-105011803593
17382,17382,2-s2.0-105011790587
17383,17383,2-s2.0-105010444018
17390,17390,2-s2.0-85099565022
17394,17394,2-s2.0-85198510250
17397,17397,2-s2.0-85102288642
17400,17400,2-s2.0-85110452962
17418,17418,2-s2.0-85098055277
17421,17421,2-s2.0-85102977108
17422,17422,2-s2.0-85102973937
17424,17424,2-s2.0-85102972498
17438,17438,2-s2.0-85098501010
17443,17443,2-s2.0-85101734019
17448,17448,2-s2.0-85169144523
17463,17463,2-s2.0-85106832361
17468,17468,2-s2.0-85106796640
17473,17473,2-s2.0-85106067647
17478,17478,2-s2.0-85104573975
17482,17482,2-s2.0-85103114736
17488,17488,2-s2.0-85101231511
17491,17491,2-s2.0-85100135366
17496,17496,2-s2.0-85099495204
17501,17501,2-s2.0-85099164189
17504,17504,2-s2.0-85099083003
17506,17506,2-s2.0-85098883073
17510,17510,2-s2.0-85098323998
17520,17520,2-s2.0-85097589504
17524,17524,2-s2.0-85097438263
17525,17525,2-s2.0-85097429988
17528,17528,2-s2.0-85097389198
17534,17534,2-s2.0-85097164196
17543,17543,2-s2.0-85096568583
17552,17552,2-s2.0-85095571367
17558,17558,2-s2.0-85093923584
17561,17561,2-s2.0-85093495965
17564,17564,2-s2.0-85092531723
17566,17566,2-s2.0-85092107465
17567,17567,2-s2.0-85092030717
17569,17569,2-s2.0-85091976136
17573,17573,2-s2.0-85091413013
17577,17577,2-s2.0-85091001606
17579,17579,2-s2.0-85090737190
17589,17589,2-s2.0-85089448199
17598,17598,2-s2.0-85087777635
17612,17612,2-s2.0-85084123400
17621,17621,2-s2.0-85081892582
17623,17623,2-s2.0-85081586477
17626,17626,2-s2.0-85078825463
17630,17630,2-s2.0-85078285028
17643,17643,2-s2.0-85068868466
17644,17644,2-s2.0-85068322256
17650,17650,2-s2.0-85034837089
17651,17651,2-s2.0-85097058093
17652,17652,2-s2.0-85164199562
17656,17656,2-s2.0-85099477840
17662,17662,2-s2.0-85097987952
17663,17663,2-s2.0-85097983681
17670,17670,2-s2.0-85099556464
17685,17685,2-s2.0-85097297915
17686,17686,2-s2.0-85123042512
17693,17693,2-s2.0-85099729512
17694,17694,2-s2.0-85099639973
17696,17696,2-s2.0-85099319685
17704,17704,2-s2.0-85098625692
17709,17709,2-s2.0-85096910289
17714,17714,2-s2.0-85095575549
17715,17715,2-s2.0-85096578081
17718,17718,2-s2.0-85100300455
17720,17720,2-s2.0-85089867738
17724,17724,2-s2.0-85104584536
17731,17731,2-s2.0-85096351785
17732,17732,2-s2.0-85096986977
17741,17741,2-s2.0-85099737867
17745,17745,2-s2.0-85096586685
17747,17747,2-s2.0-85096563879
17767,17767,2-s2.0-85096698955
17782,17782,2-s2.0-85095844911
17794,17794,2-s2.0-85094214413
17803,17803,2-s2.0-85090761444
17811,17811,2-s2.0-85088220499
17814,17814,2-s2.0-85086372512
17824,17824,2-s2.0-85084468415
17826,17826,2-s2.0-85083197609
17828,17828,2-s2.0-85079415018
17829,17829,2-s2.0-85078927452
17832,17832,2-s2.0-85077461570
17841,17841,2-s2.0-85101212929
17844,17844,2-s2.0-85096503391
17845,17845,2-s2.0-85096493787
17859,17859,2-s2.0-85096420877
17875,17875,2-s2.0-85096410491
17883,17883,2-s2.0-85096408327
17884,17884,2-s2.0-85094151590
17889,17889,2-s2.0-85096895722
17893,17893,2-s2.0-85123041321
17898,17898,2-s2.0-85104529909
17901,17901,2-s2.0-85100568737
17904,17904,2-s2.0-85099339133
17911,17911,2-s2.0-85098586525
17920,17920,2-s2.0-85098563007
17929,17929,2-s2.0-85098535357
17931,17931,2-s2.0-85103740476
17934,17934,2-s2.0-85093069572
17952,17952,2-s2.0-85094914051
17962,17962,2-s2.0-85092898392
17967,17967,2-s2.0-85058209052
17971,17971,2-s2.0-85106850895
17972,17972,2-s2.0-85105515144
17975,17975,2-s2.0-85103259941
17977,17977,2-s2.0-85099973172
17978,17978,2-s2.0-85099960425
17986,17986,2-s2.0-85095778365
18002,18002,2-s2.0-85092572821
18008,18008,2-s2.0-85092155403
18010,18010,2-s2.0-85091733096
18028,18028,2-s2.0-85085956882
18033,18033,2-s2.0-85084326517
18041,18041,2-s2.0-85076888276
18043,18043,2-s2.0-85075915287
18049,18049,2-s2.0-85074827921
18062,18062,2-s2.0-105003028845
18071,18071,2-s2.0-85097248530
18072,18072,2-s2.0-85097247796
18077,18077,2-s2.0-85097231127
18080,18080,2-s2.0-85097219271
18081,18081,2-s2.0-85097215731
18088,18088,2-s2.0-85092799775
18094,18094,2-s2.0-85092794411
18099,18099,2-s2.0-85092792147
18102,18102,2-s2.0-85092785037
18106,18106,2-s2.0-85092777083
18114,18114,2-s2.0-85096565009
18118,18118,2-s2.0-85096458136
18121,18121,2-s2.0-85066985768
18125,18125,2-s2.0-85092672151
18130,18130,2-s2.0-85079364594
18131,18131,2-s2.0-85151153728
18150,18150,2-s2.0-85107186488
18153,18153,2-s2.0-85091246415
18157,18157,2-s2.0-85091031696
18158,18158,2-s2.0-85090443800
18163,18163,2-s2.0-85211756126
18172,18172,2-s2.0-85101333825
18174,18174,2-s2.0-85097846229
18177,18177,2-s2.0-85097143004
18181,18181,2-s2.0-85095855522
18182,18182,2-s2.0-85095751462
18184,18184,2-s2.0-85095438187
18185,18185,2-s2.0-85093863193
18186,18186,2-s2.0-85093655199
18215,18215,2-s2.0-85090810984
18216,18216,2-s2.0-85090798937
18222,18222,2-s2.0-85090530981
18227,18227,2-s2.0-85090346495
18228,18228,2-s2.0-85090334726
18232,18232,2-s2.0-85089944345
18236,18236,2-s2.0-85089599774
18239,18239,2-s2.0-85089183477
18244,18244,2-s2.0-85088138214
18248,18248,2-s2.0-85087551839
18249,18249,2-s2.0-85087317094
18250,18250,2-s2.0-85087164902
18252,18252,2-s2.0-85086883965
18274,18274,2-s2.0-85078782199
18278,18278,2-s2.0-85077145863
18282,18282,2-s2.0-85075438546
18288,18288,2-s2.0-85066075632
18290,18290,2-s2.0-85065788201
18293,18293,2-s2.0-85058013801
18294,18294,2-s2.0-85097820755
18297,18297,2-s2.0-85090421099
18299,18299,2-s2.0-85091169722
18301,18301,2-s2.0-85075205281
18302,18302,2-s2.0-85068541026
18303,18303,2-s2.0-85099827202
18304,18304,2-s2.0-85085911659
18305,18305,2-s2.0-85089256558
18307,18307,2-s2.0-85092138560
18316,18316,2-s2.0-85090799947
18319,18319,2-s2.0-85064525898
18325,18325,2-s2.0-85105012353
18328,18328,2-s2.0-85104952204
18330,18330,2-s2.0-85104855515
18334,18334,2-s2.0-85099060803
18339,18339,2-s2.0-85099026428
18343,18343,2-s2.0-85096184288
18354,18354,2-s2.0-85092614602
18357,18357,2-s2.0-85092052492
18370,18370,2-s2.0-85090448224
18386,18386,2-s2.0-85089551334
18398,18398,2-s2.0-85088933994
18399,18399,2-s2.0-85088634852
18400,18400,2-s2.0-85088578568
18410,18410,2-s2.0-85086048409
18412,18412,2-s2.0-85085977548
18413,18413,2-s2.0-85085963116
18418,18418,2-s2.0-85084765592
18420,18420,2-s2.0-85084377380
18422,18422,2-s2.0-85084037392
18427,18427,2-s2.0-85082737082
18428,18428,2-s2.0-85082186220
18430,18430,2-s2.0-85079183505
18432,18432,2-s2.0-85078606531
18433,18433,2-s2.0-85077679658
18442,18442,2-s2.0-85070887150
18450,18450,2-s2.0-85089565446
18454,18454,2-s2.0-85093683891
18455,18455,2-s2.0-85093664372
18457,18457,2-s2.0-85089273989
18462,18462,2-s2.0-85088986398
18465,18465,2-s2.0-85088979045
18470,18470,2-s2.0-85089105649
18478,18478,2-s2.0-85089083115
18484,18484,2-s2.0-85089066000
18487,18487,2-s2.0-85090197234
18489,18489,2-s2.0-85089846988
18490,18490,2-s2.0-85089843651
18494,18494,2-s2.0-85089829745
18496,18496,2-s2.0-85109354089
18505,18505,2-s2.0-85087927270
18512,18512,2-s2.0-85087913073
18524,18524,2-s2.0-85087879156
18545,18545,2-s2.0-85097953372
18551,18551,2-s2.0-85087841424
18563,18563,2-s2.0-85079170159
18569,18569,2-s2.0-85127614351
18571,18571,2-s2.0-85107965028
18573,18573,2-s2.0-85094681749
18576,18576,2-s2.0-85092636794
18580,18580,2-s2.0-85091486915
18595,18595,2-s2.0-85089704045
18604,18604,2-s2.0-85088834482
18624,18624,2-s2.0-85086934610
18634,18634,2-s2.0-85084980461
18635,18635,2-s2.0-85084954565
18644,18644,2-s2.0-85078426155
18646,18646,2-s2.0-85077144900
18658,18658,2-s2.0-85049613258
18663,18663,2-s2.0-85088260744
18664,18664,2-s2.0-85104004840
18667,18667,2-s2.0-85086051158
18678,18678,2-s2.0-85099267661
18681,18681,2-s2.0-85085239031
18686,18686,2-s2.0-85095797214
18689,18689,2-s2.0-85095793958
18692,18692,2-s2.0-85095791051
18693,18693,2-s2.0-85095790935
18694,18694,2-s2.0-85095790762
18697,18697,2-s2.0-85095789951
18704,18704,2-s2.0-85095788120
18707,18707,2-s2.0-85095786762
18710,18710,2-s2.0-85095785870
18716,18716,2-s2.0-85095781798
18725,18725,2-s2.0-85095778491
18733,18733,2-s2.0-85095771922
18734,18734,2-s2.0-85095771126
18736,18736,2-s2.0-85095769751
18753,18753,2-s2.0-85095758370
18754,18754,2-s2.0-85095757234
18755,18755,2-s2.0-85095756693
18758,18758,2-s2.0-85095752149
18796,18796,2-s2.0-85095733527
18797,18797,2-s2.0-85095733337
18799,18799,2-s2.0-85095732887
18807,18807,2-s2.0-85095727953
18809,18809,2-s2.0-85095727536
18816,18816,2-s2.0-85095724815
18818,18818,2-s2.0-85095724408
18819,18819,2-s2.0-85092047198
18820,18820,2-s2.0-85091962733
18821,18821,2-s2.0-85087410016
18823,18823,2-s2.0-85090556896
18825,18825,2-s2.0-85088313318
18827,18827,2-s2.0-85088303007
18831,18831,2-s2.0-85088285414
18832,18832,2-s2.0-85087726970
18833,18833,2-s2.0-85087718625
18867,18867,2-s2.0-85087524976
18873,18873,2-s2.0-85087491415
18875,18875,2-s2.0-85087486583
18879,18879,2-s2.0-85087478644
18883,18883,2-s2.0-85086627473
18885,18885,2-s2.0-85085905596
18887,18887,2-s2.0-85105529886
18895,18895,2-s2.0-85105471224
18907,18907,2-s2.0-85093103172
18927,18927,2-s2.0-85089020911
18932,18932,2-s2.0-85087926614
18937,18937,2-s2.0-85087748167
18938,18938,2-s2.0-85087504732
18946,18946,2-s2.0-85086833111
18947,18947,2-s2.0-85086818279
18948,18948,2-s2.0-85086621969
18953,18953,2-s2.0-85086117294
18959,18959,2-s2.0-85085880713
18962,18962,2-s2.0-85085620227
18965,18965,2-s2.0-85085308523
18968,18968,2-s2.0-85085015359
18970,18970,2-s2.0-85084963965
18972,18972,2-s2.0-85084917131
18975,18975,2-s2.0-85084847236
18991,18991,2-s2.0-85084243489
18995,18995,2-s2.0-85084059217
18998,18998,2-s2.0-85083439163
19009,19009,2-s2.0-85081312362
19010,19010,2-s2.0-85081164315
19015,19015,2-s2.0-85079770092
19017,19017,2-s2.0-85079231647
19028,19028,2-s2.0-85074540343
19031,19031,2-s2.0-85073950763
19036,19036,2-s2.0-85070079871
19041,19041,2-s2.0-85065441663
19046,19046,2-s2.0-85059041541
19048,19048,2-s2.0-85047660866
19055,19055,2-s2.0-85086472908
19058,19058,2-s2.0-85086468771
19062,19062,2-s2.0-85086464113
19066,19066,2-s2.0-85086460066
19075,19075,2-s2.0-85086442431
19076,19076,2-s2.0-85086441905
19081,19081,2-s2.0-85086439515
19087,19087,2-s2.0-85086435254
19091,19091,2-s2.0-85086433209
19104,19104,2-s2.0-85063198676
19114,19114,2-s2.0-85085525008
19123,19123,2-s2.0-85085509805
19126,19126,2-s2.0-85085502677
19137,19137,2-s2.0-85085489176
19143,19143,2-s2.0-85085485184
19144,19144,2-s2.0-85085483185
19158,19158,2-s2.0-85084963062
19159,19159,2-s2.0-85093663248
19166,19166,2-s2.0-85065096252
19172,19172,2-s2.0-85078026224
19178,19178,2-s2.0-85084754438
19189,19189,2-s2.0-85084731917
19198,19198,2-s2.0-85084524878
19204,19204,2-s2.0-85087126624
19215,19215,2-s2.0-85088309037
19221,19221,2-s2.0-85085965397
19223,19223,2-s2.0-85085709904
19230,19230,2-s2.0-85084856819
19232,19232,2-s2.0-85084681092
19233,19233,2-s2.0-85084625706
19235,19235,2-s2.0-85084500563
19236,19236,2-s2.0-85084498494
19240,19240,2-s2.0-85084408803
19241,19241,2-s2.0-85084404780
19247,19247,2-s2.0-85084206075
19251,19251,2-s2.0-85083962690
19260,19260,2-s2.0-85082192705
19264,19264,2-s2.0-85081347059
19267,19267,2-s2.0-85079807129
19271,19271,2-s2.0-85079363178
19273,19273,2-s2.0-85078255524
19289,19289,2-s2.0-85051519510
19299,19299,2-s2.0-85087142560
19306,19306,2-s2.0-85090244347
19307,19307,2-s2.0-85083584965
19309,19309,2-s2.0-85090815646
19310,19310,2-s2.0-85089432065
19313,19313,2-s2.0-85090001708
19318,19318,2-s2.0-85117634263
19319,19319,2-s2.0-85083889881
19325,19325,2-s2.0-85086180373
19326,19326,2-s2.0-85085365354
19327,19327,2-s2.0-85083779936
19329,19329,2-s2.0-85083347810
19334,19334,2-s2.0-85078928419
19339,19339,2-s2.0-85071990601
19341,19341,2-s2.0-85068166268
19343,19343,2-s2.0-85065419981
19344,19344,2-s2.0-85065401758
19346,19346,2-s2.0-85188569325
19365,19365,2-s2.0-85087926802
19374,19374,2-s2.0-85087904681
19375,19375,2-s2.0-85087901686
19376,19376,2-s2.0-85087901341
19378,19378,2-s2.0-85087898555
19379,19379,2-s2.0-85087897841
19382,19382,2-s2.0-85087886315
19384,19384,2-s2.0-85087885405
19389,19389,2-s2.0-85087877062
19392,19392,2-s2.0-85087865563
19395,19395,2-s2.0-85087855096
19399,19399,2-s2.0-85086894944
19403,19403,2-s2.0-85086888317
19409,19409,2-s2.0-85085389419
19417,19417,2-s2.0-85084665671
19418,19418,2-s2.0-85084655694
19422,19422,2-s2.0-85084565895
19429,19429,2-s2.0-85084196937
19439,19439,2-s2.0-85083507249
19443,19443,2-s2.0-85083465121
19459,19459,2-s2.0-85083058954
19464,19464,2-s2.0-85081663129
19466,19466,2-s2.0-85081541036
19472,19472,2-s2.0-85079737824
19473,19473,2-s2.0-85079586114
19477,19477,2-s2.0-85078502042
19479,19479,2-s2.0-85077711622
19483,19483,2-s2.0-85076933291
19490,19490,2-s2.0-85073769538
19495,19495,2-s2.0-85062792694
19497,19497,2-s2.0-85051641179
19501,19501,2-s2.0-85076164716
19503,19503,2-s2.0-85085922192
19508,19508,2-s2.0-85082991811
19510,19510,2-s2.0-85082986541
19517,19517,2-s2.0-85083179674
19518,19518,2-s2.0-85083018417
19521,19521,2-s2.0-85082991251
19529,19529,2-s2.0-85082998814
19532,19532,2-s2.0-85082997927
19534,19534,2-s2.0-85082996736
19537,19537,2-s2.0-85082994832
19538,19538,2-s2.0-85082994585
19545,19545,2-s2.0-85082989630
19547,19547,2-s2.0-85082987759
19549,19549,2-s2.0-85082987363
19552,19552,2-s2.0-85082985155
19557,19557,2-s2.0-85082709632
19558,19558,2-s2.0-85082678453
19559,19559,2-s2.0-85082661574
19562,19562,2-s2.0-85082623210
19563,19563,2-s2.0-85082621536
19570,19570,2-s2.0-85082596503
19574,19574,2-s2.0-85082582259
19579,19579,2-s2.0-85082567070
19584,19584,2-s2.0-85105238082
19586,19586,2-s2.0-85098752313
19589,19589,2-s2.0-85071049383
19590,19590,2-s2.0-85081529370
19594,19594,2-s2.0-85081384428
19601,19601,2-s2.0-85081408001
19605,19605,2-s2.0-85081385637
19617,19617,2-s2.0-85081337986
19625,19625,2-s2.0-85064565402
19631,19631,2-s2.0-85091120187
19635,19635,2-s2.0-85091109399
19642,19642,2-s2.0-85091074645
19646,19646,2-s2.0-85090256970
19665,19665,2-s2.0-85085357864
19685,19685,2-s2.0-85082518140
19696,19696,2-s2.0-85081006224
19703,19703,2-s2.0-85079462867
19707,19707,2-s2.0-85078732828
19709,19709,2-s2.0-85078674745
19711,19711,2-s2.0-85078145199
19713,19713,2-s2.0-85077985287
19716,19716,2-s2.0-85077524614
19745,19745,2-s2.0-85067875684
19755,19755,2-s2.0-85060958567
19764,19764,2-s2.0-85083394505
19768,19768,2-s2.0-85081624829
19773,19773,2-s2.0-85081585324
19775,19775,2-s2.0-85081565928
19787,19787,2-s2.0-85081215552
19789,19789,2-s2.0-85145869010
19794,19794,2-s2.0-85070962745
19798,19798,2-s2.0-85083183349
19802,19802,2-s2.0-85091692286
19803,19803,2-s2.0-85091692096
19818,19818,2-s2.0-85085958489
19828,19828,2-s2.0-85081327519
19831,19831,2-s2.0-85081136642
19833,19833,2-s2.0-85080932483
19839,19839,2-s2.0-85079669964
19842,19842,2-s2.0-85079533317
19844,19844,2-s2.0-85079495126
19858,19858,2-s2.0-85075878125
19864,19864,2-s2.0-85075340895
19865,19865,2-s2.0-85074994764
19871,19871,2-s2.0-85071052432
19872,19872,2-s2.0-85070888617
19879,19879,2-s2.0-85059695265
19887,19887,2-s2.0-85090701638
19898,19898,2-s2.0-85075131460
19907,19907,2-s2.0-85079013685
19914,19914,2-s2.0-85078246734
19916,19916,2-s2.0-85217922066
19923,19923,2-s2.0-85082321423
19927,19927,2-s2.0-85077161099
19939,19939,2-s2.0-85074050069
19940,19940,2-s2.0-85074012623
19950,19950,2-s2.0-85066837289
19957,19957,2-s2.0-85063567315
19962,19962,2-s2.0-86000794553
19964,19964,2-s2.0-85218155143
19966,19966,2-s2.0-85217534786
19969,19969,2-s2.0-85214357698
19976,19976,2-s2.0-85185351742
19978,19978,2-s2.0-85180679733
19983,19983,2-s2.0-85171503316
19984,19984,2-s2.0-85171494622
19995,19995,2-s2.0-85152837350
19999,19999,2-s2.0-85150745947
20009,20009,2-s2.0-85150384381
20016,20016,2-s2.0-85149539134
20018,20018,2-s2.0-85149526096
20019,20019,2-s2.0-85149524328
20020,20020,2-s2.0-85149506943
20021,20021,2-s2.0-85149505748
20032,20032,2-s2.0-85147941139
20044,20044,2-s2.0-85141630270
20047,20047,2-s2.0-85141592048
20049,20049,2-s2.0-85141583510
20052,20052,2-s2.0-85140561449
20060,20060,2-s2.0-85138239497
20061,20061,2-s2.0-85137807332
20064,20064,2-s2.0-85136404615
20076,20076,2-s2.0-85135987731
20086,20086,2-s2.0-85129687248
20091,20091,2-s2.0-85127613400
20097,20097,2-s2.0-85127589183
20104,20104,2-s2.0-85127112343
20107,20107,2-s2.0-85126434358
20110,20110,2-s2.0-85124834582
20127,20127,2-s2.0-85121523790
20133,20133,2-s2.0-85119240854
20150,20150,2-s2.0-85116323987
20153,20153,2-s2.0-85115697422
20158,20158,2-s2.0-85113186384
20165,20165,2-s2.0-85111372876
20179,20179,2-s2.0-85108504105
20185,20185,2-s2.0-85107236228
20186,20186,2-s2.0-85107236050
20188,20188,2-s2.0-85107231425
20197,20197,2-s2.0-85107199305
20201,20201,2-s2.0-85107188395
20202,20202,2-s2.0-85107188019
20206,20206,2-s2.0-85107177337
20209,20209,2-s2.0-85106774915
20210,20210,2-s2.0-85106766540
20216,20216,2-s2.0-85105961352
20220,20220,2-s2.0-85105814643
20221,20221,2-s2.0-85105811468
20222,20222,2-s2.0-85105800257
20233,20233,2-s2.0-85104468223
20237,20237,2-s2.0-85104294138
20239,20239,2-s2.0-85104012653
20241,20241,2-s2.0-85103946059
20247,20247,2-s2.0-85103660721
20250,20250,2-s2.0-85103344634
20258,20258,2-s2.0-85102944008
20260,20260,2-s2.0-85102935849
20262,20262,2-s2.0-85102925567
20268,20268,2-s2.0-85102895707
20273,20273,2-s2.0-85102872102
20286,20286,2-s2.0-85102479451
20297,20297,2-s2.0-85101942884
20310,20310,2-s2.0-85101573309
20314,20314,2-s2.0-85101254512
20341,20341,2-s2.0-85100868794
20349,20349,2-s2.0-85100646984
20360,20360,2-s2.0-85100007750
20361,20361,2-s2.0-85099904979
20371,20371,2-s2.0-85099508342
20386,20386,2-s2.0-85099063651
20389,20389,2-s2.0-85099033464
20396,20396,2-s2.0-85098757757
20399,20399,2-s2.0-85098600952
20409,20409,2-s2.0-85098545964
20421,20421,2-s2.0-85098156664
20427,20427,2-s2.0-85098070750
20430,20430,2-s2.0-85098061976
20434,20434,2-s2.0-85098059517
20438,20438,2-s2.0-85098050989
20442,20442,2-s2.0-85097996689
20443,20443,2-s2.0-85097993110
20445,20445,2-s2.0-85097982465
20450,20450,2-s2.0-85097869167
20455,20455,2-s2.0-85097835691
20458,20458,2-s2.0-85097809057
20467,20467,2-s2.0-85097597318
20472,20472,2-s2.0-85097545284
20478,20478,2-s2.0-85097442533
20479,20479,2-s2.0-85097439221
20480,20480,2-s2.0-85097411271
20484,20484,2-s2.0-85097381437
20485,20485,2-s2.0-85097379164
20486,20486,2-s2.0-85097364973
20488,20488,2-s2.0-85097326366
20492,20492,2-s2.0-85097240713
20496,20496,2-s2.0-85097094572
20500,20500,2-s2.0-85096980880
20503,20503,2-s2.0-85096958667
20506,20506,2-s2.0-85096944303
20507,20507,2-s2.0-85096932812
20511,20511,2-s2.0-85096900545
20516,20516,2-s2.0-85096800400
20517,20517,2-s2.0-85096784135
20521,20521,2-s2.0-85096749221
20522,20522,2-s2.0-85096728657
20530,20530,2-s2.0-85096615033
20537,20537,2-s2.0-85096583693
20546,20546,2-s2.0-85096552155
20551,20551,2-s2.0-85096537094
20554,20554,2-s2.0-85096526289
20555,20555,2-s2.0-85096526082
20579,20579,2-s2.0-85096107493
20583,20583,2-s2.0-85096096165
20586,20586,2-s2.0-85096032531
20592,20592,2-s2.0-85095970139
20598,20598,2-s2.0-85095603353
20600,20600,2-s2.0-85095590945
20601,20601,2-s2.0-85095584149
20603,20603,2-s2.0-85095461664
20614,20614,2-s2.0-85094879403
20615,20615,2-s2.0-85094876838
20618,20618,2-s2.0-85094149766
20619,20619,2-s2.0-85094149580
20620,20620,2-s2.0-85094144499
20626,20626,2-s2.0-85093854598
20629,20629,2-s2.0-85093117545
20636,20636,2-s2.0-85092904203
20644,20644,2-s2.0-85092629488
20653,20653,2-s2.0-85092442369
20657,20657,2-s2.0-85092399983
20659,20659,2-s2.0-85092343505
20688,20688,2-s2.0-85091706995
20692,20692,2-s2.0-85091648255
20695,20695,2-s2.0-85091569071
20717,20717,2-s2.0-85091176720
20718,20718,2-s2.0-85091144489
20719,20719,2-s2.0-85091133891
20723,20723,2-s2.0-85090898538
20728,20728,2-s2.0-85090826402
20732,20732,2-s2.0-85090759527
20735,20735,2-s2.0-85090750217
20761,20761,2-s2.0-85090361870
20765,20765,2-s2.0-85090250350
20768,20768,2-s2.0-85090100787
20769,20769,2-s2.0-85090100545
20773,20773,2-s2.0-85089823503
20781,20781,2-s2.0-85089640951
20785,20785,2-s2.0-85089616455
20788,20788,2-s2.0-85089609527
20796,20796,2-s2.0-85089560303
20797,20797,2-s2.0-85089542372
20800,20800,2-s2.0-85089489606
20802,20802,2-s2.0-85089462277
20805,20805,2-s2.0-85089325750
20806,20806,2-s2.0-85089325215
20815,20815,2-s2.0-85089246686
20818,20818,2-s2.0-85089238542
20820,20820,2-s2.0-85089216152
20823,20823,2-s2.0-85089182919
20825,20825,2-s2.0-85089164016
20835,20835,2-s2.0-85089024421
20837,20837,2-s2.0-85089016293
20840,20840,2-s2.0-85088918972
20847,20847,2-s2.0-85088804354
20848,20848,2-s2.0-85088775955
20849,20849,2-s2.0-85088752630
20851,20851,2-s2.0-85088741770
20852,20852,2-s2.0-85088730395
20856,20856,2-s2.0-85088706002
20859,20859,2-s2.0-85088595686
20874,20874,2-s2.0-85088462637
20877,20877,2-s2.0-85088454039
20894,20894,2-s2.0-85088375248
20915,20915,2-s2.0-85087776915
20916,20916,2-s2.0-85087769887
20920,20920,2-s2.0-85087624453
20924,20924,2-s2.0-85087544381
20930,20930,2-s2.0-85087420410
20932,20932,2-s2.0-85087385014
20941,20941,2-s2.0-85087057617
20943,20943,2-s2.0-85086971024
20949,20949,2-s2.0-85086911350
20950,20950,2-s2.0-85086861956
20959,20959,2-s2.0-85086671716
20965,20965,2-s2.0-85086643674
20970,20970,2-s2.0-85086463153
20974,20974,2-s2.0-85086332466
20979,20979,2-s2.0-85086261578
20994,20994,2-s2.0-85085929164
21001,21001,2-s2.0-85085732711
21004,21004,2-s2.0-85085706363
21006,21006,2-s2.0-85085694879
21016,21016,2-s2.0-85085323518
21020,21020,2-s2.0-85085196431
21023,21023,2-s2.0-85085123694
21028,21028,2-s2.0-85085035239
21035,21035,2-s2.0-85084984585
21038,21038,2-s2.0-85084932036
21045,21045,2-s2.0-85084651303
21066,21066,2-s2.0-85084174505
21081,21081,2-s2.0-85083716305
21084,21084,2-s2.0-85083712488
21085,21085,2-s2.0-85083708110
21087,21087,2-s2.0-85083704118
21090,21090,2-s2.0-85083635160
21096,21096,2-s2.0-85083257039
21102,21102,2-s2.0-85083083829
21107,21107,2-s2.0-85083047415
21125,21125,2-s2.0-85082763487
21126,21126,2-s2.0-85082745592
21128,21128,2-s2.0-85082686159
21130,21130,2-s2.0-85082676397
21136,21136,2-s2.0-85082400899
21142,21142,2-s2.0-85082397401
21156,21156,2-s2.0-85082381444
21159,21159,2-s2.0-85082301956
21171,21171,2-s2.0-85081901724
21172,21172,2-s2.0-85081725758
21178,21178,2-s2.0-85081611453
21181,21181,2-s2.0-85081385755
21185,21185,2-s2.0-85081240994
21189,21189,2-s2.0-85081067591
21194,21194,2-s2.0-85080900996
21196,21196,2-s2.0-85080894490
21197,21197,2-s2.0-85080894222
21207,21207,2-s2.0-85079813961
21209,21209,2-s2.0-85079768527
21213,21213,2-s2.0-85079572895
21215,21215,2-s2.0-85079570336
21217,21217,2-s2.0-85079549927
21233,21233,2-s2.0-85079166401
21236,21236,2-s2.0-85079101500
21239,21239,2-s2.0-85078983514
21240,21240,2-s2.0-85078906064
21242,21242,2-s2.0-85078758311
21245,21245,2-s2.0-85078737477
21251,21251,2-s2.0-85078420073
21253,21253,2-s2.0-85078349319
21256,21256,2-s2.0-85078267983
21258,21258,2-s2.0-85078212408
21259,21259,2-s2.0-85078153379
21260,21260,2-s2.0-85078139770
21263,21263,2-s2.0-85078066858
21265,21265,2-s2.0-85078014933
21268,21268,2-s2.0-85077990338
21269,21269,2-s2.0-85077936919
21272,21272,2-s2.0-85077876382
21280,21280,2-s2.0-85077814989
21293,21293,2-s2.0-85077401721
21294,21294,2-s2.0-85077337094
21295,21295,2-s2.0-85077309992
21298,21298,2-s2.0-85077219712
21300,21300,2-s2.0-85077206114
21302,21302,2-s2.0-85077186660
21306,21306,2-s2.0-85077018988
21314,21314,2-s2.0-85075624562
21315,21315,2-s2.0-85075563467
21318,21318,2-s2.0-85075324267
21320,21320,2-s2.0-85074792260
21321,21321,2-s2.0-85074698705
21324,21324,2-s2.0-85074170702
21326,21326,2-s2.0-85073989679
21341,21341,2-s2.0-85071464290
21344,21344,2-s2.0-85071284409
21350,21350,2-s2.0-85069486780
21351,21351,2-s2.0-85068918183
21353,21353,2-s2.0-85068592743
21358,21358,2-s2.0-85065928445
21382,21382,2-s2.0-85057305727
21387,21387,2-s2.0-85044788740
21389,21389,2-s2.0-105013395495
21390,21390,2-s2.0-105013391847
21397,21397,2-s2.0-105013384871
21411,21411,2-s2.0-105013351663
21416,21416,2-s2.0-105013344845
21421,21421,2-s2.0-105013336500
21423,21423,2-s2.0-105013335663
21424,21424,2-s2.0-105013334319
21425,21425,2-s2.0-105013328157
21428,21428,2-s2.0-105013321385
21436,21436,2-s2.0-105013311304
21442,21442,2-s2.0-105013297270
21447,21447,2-s2.0-105013281689
21458,21458,2-s2.0-105013267710
21459,21459,2-s2.0-105013263818
21483,21483,2-s2.0-105013220023
21487,21487,2-s2.0-105013209559
21488,21488,2-s2.0-105013202912
21493,21493,2-s2.0-105013192076
21499,21499,2-s2.0-105013169488
21503,21503,2-s2.0-105013162354
21505,21505,2-s2.0-105013161056
21517,21517,2-s2.0-105001381868
21522,21522,2-s2.0-85078219642
21525,21525,2-s2.0-85078193998
21526,21526,2-s2.0-85078169194
21530,21530,2-s2.0-85078137179
21532,21532,2-s2.0-85078112631
21533,21533,2-s2.0-85078086044
21536,21536,2-s2.0-85078076336
21544,21544,2-s2.0-85079348480
21559,21559,2-s2.0-85077813537
21561,21561,2-s2.0-85153760938
21566,21566,2-s2.0-85071969279
21573,21573,2-s2.0-85076444673
21574,21574,2-s2.0-85076444667
21578,21578,2-s2.0-85076408535
21579,21579,2-s2.0-85076406535
21587,21587,2-s2.0-85122654334
21594,21594,2-s2.0-85096605792
21600,21600,2-s2.0-85096578266
21603,21603,2-s2.0-85096556539
21608,21608,2-s2.0-85096538789
21620,21620,2-s2.0-85084760209
21625,21625,2-s2.0-85084146755
21641,21641,2-s2.0-85079686745
21650,21650,2-s2.0-85077510622
21670,21670,2-s2.0-85076529279
21672,21672,2-s2.0-85076438836
21680,21680,2-s2.0-85075749893
21684,21684,2-s2.0-85075038316
21688,21688,2-s2.0-85074506004
21690,21690,2-s2.0-85074434839
21691,21691,2-s2.0-85074423738
21695,21695,2-s2.0-85073918732
21697,21697,2-s2.0-85073831617
21702,21702,2-s2.0-85072892114
21703,21703,2-s2.0-85072553184
21714,21714,2-s2.0-85068933353
21715,21715,2-s2.0-85068880809
21728,21728,2-s2.0-85064269071
21731,21731,2-s2.0-85063111126
21736,21736,2-s2.0-85057779201
21742,21742,2-s2.0-85049804897
21747,21747,2-s2.0-85136896020
21750,21750,2-s2.0-85136885331
21756,21756,2-s2.0-85078578612
21759,21759,2-s2.0-85078576661
21764,21764,2-s2.0-85078574390
21765,21765,2-s2.0-85078573830
21766,21766,2-s2.0-85078019428
21772,21772,2-s2.0-85077813383
21778,21778,2-s2.0-85066923220
21784,21784,2-s2.0-85076120541
21792,21792,2-s2.0-85076117104
21797,21797,2-s2.0-85076113530
21811,21811,2-s2.0-85076092178
21813,21813,2-s2.0-85076090381
21815,21815,2-s2.0-85076088761
21822,21822,2-s2.0-85076083379
21824,21824,2-s2.0-85076082293
21825,21825,2-s2.0-85077799377
21834,21834,2-s2.0-85077724703
21841,21841,2-s2.0-85077695235
21842,21842,2-s2.0-85077688589
21850,21850,2-s2.0-85073260311
21853,21853,2-s2.0-85062371394
21855,21855,2-s2.0-85053498730
21857,21857,2-s2.0-85075482775
21865,21865,2-s2.0-85075386825
21875,21875,2-s2.0-85075366019
21881,21881,2-s2.0-85075355340
21882,21882,2-s2.0-85075350527
21896,21896,2-s2.0-85076771399
21918,21918,2-s2.0-85048795866
21920,21920,2-s2.0-85081368594
21928,21928,2-s2.0-85076010436
21935,21935,2-s2.0-85068145782
21952,21952,2-s2.0-85080909581
21955,21955,2-s2.0-85079355715
21957,21957,2-s2.0-85079270209
21959,21959,2-s2.0-85078936807
21971,21971,2-s2.0-85075595666
21972,21972,2-s2.0-85075531325
21977,21977,2-s2.0-85075478878
21987,21987,2-s2.0-85074557618
21991,21991,2-s2.0-85074368476
21994,21994,2-s2.0-85074293404
21995,21995,2-s2.0-85074127877
21999,21999,2-s2.0-85073538867
22005,22005,2-s2.0-85072250520
22018,22018,2-s2.0-85067897496
22026,22026,2-s2.0-85052615559
22031,22031,2-s2.0-85042448361
22039,22039,2-s2.0-85074939776
22042,22042,2-s2.0-85074919366
22046,22046,2-s2.0-85074905853
22050,22050,2-s2.0-85080089791
22056,22056,2-s2.0-85075231397
22061,22061,2-s2.0-85075261044
22062,22062,2-s2.0-85075259533
22063,22063,2-s2.0-85075257874
22067,22067,2-s2.0-85075255824
22070,22070,2-s2.0-85075254536
22072,22072,2-s2.0-85075252521
22077,22077,2-s2.0-85075250561
22086,22086,2-s2.0-85075239651
22087,22087,2-s2.0-85075238255
22088,22088,2-s2.0-85075238045
22093,22093,2-s2.0-85075232884
22099,22099,2-s2.0-85075229229
22101,22101,2-s2.0-85075228678
22102,22102,2-s2.0-85074926747
22104,22104,2-s2.0-85074845605
22105,22105,2-s2.0-85074835847
22112,22112,2-s2.0-85063228901
22113,22113,2-s2.0-85061184137
22121,22121,2-s2.0-85075023089
22124,22124,2-s2.0-85075477270
22127,22127,2-s2.0-85075442316
22150,22150,2-s2.0-85073239936
22157,22157,2-s2.0-85073218844
22187,22187,2-s2.0-85061838812
22190,22190,2-s2.0-85150742412
22191,22191,2-s2.0-85150729682
22193,22193,2-s2.0-85150716228
22195,22195,2-s2.0-85138233406
22207,22207,2-s2.0-85084340472
22208,22208,2-s2.0-85082506400
22210,22210,2-s2.0-85082504042
22219,22219,2-s2.0-85082468566
22221,22221,2-s2.0-85082456122
22227,22227,2-s2.0-85082439208
22230,22230,2-s2.0-85082176094
22232,22232,2-s2.0-85082167001
22239,22239,2-s2.0-85081117554
22241,22241,2-s2.0-85081116816
22246,22246,2-s2.0-85079558255
22247,22247,2-s2.0-85079535692
22251,22251,2-s2.0-85079218754
22259,22259,2-s2.0-85078096530
22261,22261,2-s2.0-85078064317
22262,22262,2-s2.0-85078048000
22264,22264,2-s2.0-85077983372
22267,22267,2-s2.0-85077089311
22269,22269,2-s2.0-85076310946
22270,22270,2-s2.0-85075624879
22273,22273,2-s2.0-85074779696
22275,22275,2-s2.0-85074503108
22277,22277,2-s2.0-85074279297
22279,22279,2-s2.0-85074175739
22283,22283,2-s2.0-85073966846
22287,22287,2-s2.0-85073749086
22289,22289,2-s2.0-85073618660
22291,22291,2-s2.0-85073238469
22304,22304,2-s2.0-85071563734
22309,22309,2-s2.0-85068649704
22313,22313,2-s2.0-85067239444
22315,22315,2-s2.0-85066326403
22316,22316,2-s2.0-85065733255
22318,22318,2-s2.0-85065441815
22319,22319,2-s2.0-85065340784
22327,22327,2-s2.0-85060709207
22329,22329,2-s2.0-85055707287
22335,22335,2-s2.0-85041500659
22341,22341,2-s2.0-85077829069
22346,22346,2-s2.0-85073344052
22347,22347,2-s2.0-85073339103
22358,22358,2-s2.0-85070950337
22361,22361,2-s2.0-85068035701
22370,22370,2-s2.0-85077352018
22372,22372,2-s2.0-85079869232
22376,22376,2-s2.0-85072667910
22383,22383,2-s2.0-85074067305
22385,22385,2-s2.0-85072800632
22386,22386,2-s2.0-85072582457
22387,22387,2-s2.0-85072576106
22388,22388,2-s2.0-85072566479
22392,22392,2-s2.0-85066092058
22394,22394,2-s2.0-85064506430
22398,22398,2-s2.0-85076091365
22402,22402,2-s2.0-85073829622
22403,22403,2-s2.0-85068913998
22406,22406,2-s2.0-85108503807
22409,22409,2-s2.0-85092376383
22433,22433,2-s2.0-85075370523
22436,22436,2-s2.0-85074928885
22445,22445,2-s2.0-85073626044
22465,22465,2-s2.0-85071715295
22474,22474,2-s2.0-85070643537
22480,22480,2-s2.0-85069556680
22481,22481,2-s2.0-85068844432
22483,22483,2-s2.0-85067914467
22530,22530,2-s2.0-85071868297
22532,22532,2-s2.0-85071848126
22534,22534,2-s2.0-85067698732
22538,22538,2-s2.0-85066979000
22542,22542,2-s2.0-85077826051
22545,22545,2-s2.0-85164788330
22557,22557,2-s2.0-85074701785
22564,22564,2-s2.0-85073326142
22566,22566,2-s2.0-85073284480
22569,22569,2-s2.0-85073265643
22573,22573,2-s2.0-85073233953
22578,22578,2-s2.0-85073196693
22579,22579,2-s2.0-85071875228
22596,22596,2-s2.0-85066433488
22597,22597,2-s2.0-85065870441
22598,22598,2-s2.0-85064449138
22611,22611,2-s2.0-85071284552
22621,22621,2-s2.0-85076657600
22623,22623,2-s2.0-85070006825
22625,22625,2-s2.0-85057978420
22626,22626,2-s2.0-85056311017
22631,22631,2-s2.0-85123040982
22635,22635,2-s2.0-85072881401
22640,22640,2-s2.0-85065066973
22646,22646,2-s2.0-85055484478
22649,22649,2-s2.0-85054492090
22657,22657,2-s2.0-85070640168
22662,22662,2-s2.0-85068205598
22665,22665,2-s2.0-85065708292
22670,22670,2-s2.0-85063797066
22683,22683,2-s2.0-85124131146
22685,22685,2-s2.0-85102421727
22687,22687,2-s2.0-85085604332
22690,22690,2-s2.0-85080875623
22696,22696,2-s2.0-85075030848
22697,22697,2-s2.0-85074202602
22705,22705,2-s2.0-85072916948
22711,22711,2-s2.0-85071719397
22714,22714,2-s2.0-85071194687
22719,22719,2-s2.0-85070960615
22727,22727,2-s2.0-85068861298
22733,22733,2-s2.0-85068259773
22742,22742,2-s2.0-85066131950
22750,22750,2-s2.0-85057231814
22755,22755,2-s2.0-85049302650
22763,22763,2-s2.0-85073147451
22777,22777,2-s2.0-85073051612
22789,22789,2-s2.0-85097583320
22793,22793,2-s2.0-85078813087
22806,22807,2-s2.0-85078805314
22808,22809,2-s2.0-85078803760
22813,22814,2-s2.0-85078798243
22815,22816,2-s2.0-85078797631
22817,22818,2-s2.0-85078797389
22827,22828,2-s2.0-85078791377
22830,22831,2-s2.0-85078790581
22834,22835,2-s2.0-85078788844
22840,22841,2-s2.0-85078786381
22853,22854,2-s2.0-85078781382
22854,22855,2-s2.0-85078779017
22855,22856,2-s2.0-85078778751
22858,22859,2-s2.0-85078777545
22861,22862,2-s2.0-85078774863
22867,22868,2-s2.0-85078772605
22873,22874,2-s2.0-85078769068
22875,22876,2-s2.0-85078768320
22878,22879,2-s2.0-85078764784
22883,22884,2-s2.0-85078757875
22886,22887,2-s2.0-85078757078
22900,22901,2-s2.0-85078742037
22903,22904,2-s2.0-85078738960
22904,22905,2-s2.0-85078738772
22905,22906,2-s2.0-85078737544
22912,22913,2-s2.0-85078735663
22915,22916,2-s2.0-85078731860
22920,22921,2-s2.0-85078728789
22936,22937,2-s2.0-85078723431
22938,22939,2-s2.0-85078722628
22942,22943,2-s2.0-85078720444
22943,22944,2-s2.0-85078720209
22944,22945,2-s2.0-85078720165
22949,22950,2-s2.0-85078072014
22950,22951,2-s2.0-85070871425
22953,22954,2-s2.0-85065837654
22955,22956,2-s2.0-85065731796
22959,22960,2-s2.0-85061902932
22965,22966,2-s2.0-85048682836
22966,22967,2-s2.0-85047114463
22974,22975,2-s2.0-85067831000
22977,22978,2-s2.0-85067812905
22986,22987,2-s2.0-85067175054
22990,22991,2-s2.0-85081175643
22991,22992,2-s2.0-85078792740
23002,23003,2-s2.0-85072518679
23007,23008,2-s2.0-85070831202
23012,23013,2-s2.0-85070087609
23014,23015,2-s2.0-85069725724
23015,23016,2-s2.0-85069480223
23017,23018,2-s2.0-85068936749
23024,23025,2-s2.0-85067306168
23033,23034,2-s2.0-85065906882
23035,23036,2-s2.0-85065776971
23037,23038,2-s2.0-85065589984
23040,23041,2-s2.0-85065429150
23044,23045,2-s2.0-85064652096
23046,23047,2-s2.0-85064566148
23049,23050,2-s2.0-85063942078
23050,23051,2-s2.0-85063113452
23051,23052,2-s2.0-85062823463
23054,23055,2-s2.0-85062721536
23062,23063,2-s2.0-85059844628
23064,23065,2-s2.0-85059680648
23069,23070,2-s2.0-85057028380
23075,23076,2-s2.0-85049551944
23083,23084,2-s2.0-85072168136
23087,23088,2-s2.0-85052159985
23088,23089,2-s2.0-85026857051
23092,23093,2-s2.0-85048879352
23102,23103,2-s2.0-85065738830
23104,23105,2-s2.0-85083950404
23108,23109,2-s2.0-85065973152
23111,23112,2-s2.0-85067679807
23112,23113,2-s2.0-85066917304
23116,23117,2-s2.0-85066903097
23117,23118,2-s2.0-85066901449
23133,23134,2-s2.0-85062533512
23142,23143,2-s2.0-85065990051
23166,23167,2-s2.0-85073783216
23167,23168,2-s2.0-85073745116
23177,23178,2-s2.0-85069947619
23178,23179,2-s2.0-85069893150
23179,23180,2-s2.0-85069861882
23188,23189,2-s2.0-85067551484
23193,23194,2-s2.0-85066133142
23199,23200,2-s2.0-85065552325
23200,23201,2-s2.0-85065115338
23211,23212,2-s2.0-85060699050
23218,23219,2-s2.0-85054325708
23228,23229,2-s2.0-85070636491
23229,23230,2-s2.0-85070583752
23231,23232,2-s2.0-85070574449
23232,23233,2-s2.0-85065785023
23233,23234,2-s2.0-85065316117
23237,23238,2-s2.0-85065330774
23240,23241,2-s2.0-85065318918
23241,23242,2-s2.0-85065316796
23243,23244,2-s2.0-85065312654
23244,23245,2-s2.0-85065311593
23246,23247,2-s2.0-85065309673
23257,23258,2-s2.0-85065292770
23267,23268,2-s2.0-85065915659
23277,23278,2-s2.0-85052155643
23282,23283,2-s2.0-85043465168
23283,23284,2-s2.0-85028601670
23285,23286,2-s2.0-85096990514
23286,23287,2-s2.0-85096985216
23287,23288,2-s2.0-85096967161
23288,23289,2-s2.0-85096956753
23302,23303,2-s2.0-85102154345
23303,23304,2-s2.0-85063987640
23314,23315,2-s2.0-85063883290
23315,23316,2-s2.0-85063882636
23319,23320,2-s2.0-85062445151
23323,23324,2-s2.0-85061256409
23328,23329,2-s2.0-85058690085
23340,23341,2-s2.0-85041340636
23341,23342,2-s2.0-85087760894
23346,23347,2-s2.0-85087488621
23357,23358,2-s2.0-85069186917
23370,23371,2-s2.0-85067431503
23371,23372,2-s2.0-85067426570
23379,23380,2-s2.0-85065594392
23381,23382,2-s2.0-85065398578
23383,23384,2-s2.0-85064458694
23392,23393,2-s2.0-85060764623
23393,23394,2-s2.0-85059867080
23394,23395,2-s2.0-85059855110
23397,23398,2-s2.0-85059475668
23400,23401,2-s2.0-85058658700
23403,23404,2-s2.0-85054458922
23410,23411,2-s2.0-85063712411
23425,23426,2-s2.0-85064382246
23426,23427,2-s2.0-85064377426
23428,23429,2-s2.0-85063236763
23432,23433,2-s2.0-85063214437
23435,23436,2-s2.0-85062282754
23436,23437,2-s2.0-85061190883
23437,23438,2-s2.0-85060661511
23448,23449,2-s2.0-85045049651
23453,23454,2-s2.0-85064416899
23456,23457,2-s2.0-85064577762
23457,23458,2-s2.0-85063912718
23459,23460,2-s2.0-85063410083
23460,23461,2-s2.0-85063410051
23462,23463,2-s2.0-85063407357
23466,23467,2-s2.0-85063399924
23470,23471,2-s2.0-85063395674
23478,23479,2-s2.0-85063390282
23482,23483,2-s2.0-85063387143
23484,23485,2-s2.0-85063384396
23486,23487,2-s2.0-85063381110
23488,23489,2-s2.0-85063380123
23492,23493,2-s2.0-85063370487
23493,23494,2-s2.0-85063369978
23500,23501,2-s2.0-85063365707
23502,23503,2-s2.0-85063365224
23505,23506,2-s2.0-85061183718
23516,23517,2-s2.0-85063054031
23517,23518,2-s2.0-85063046854
23521,23522,2-s2.0-85064344287
23522,23523,2-s2.0-85064334334
23529,23530,2-s2.0-85062801679
23531,23532,2-s2.0-85062771329
23533,23534,2-s2.0-85061268983
23534,23535,2-s2.0-85059572795
23537,23538,2-s2.0-85054394268
23538,23539,2-s2.0-85053282462
23541,23542,2-s2.0-85123445183
23545,23546,2-s2.0-85087922540
23548,23549,2-s2.0-85075031956
23549,23550,2-s2.0-85075027130
23552,23553,2-s2.0-85075011537
23554,23555,2-s2.0-85075009756
23556,23557,2-s2.0-85075004936
23567,23568,2-s2.0-85074983671
23569,23570,2-s2.0-85074981418
23573,23574,2-s2.0-85074970021
23585,23586,2-s2.0-85069936501
23586,23587,2-s2.0-85069503241
23610,23611,2-s2.0-85063089797
23613,23614,2-s2.0-85062620356
23614,23615,2-s2.0-85062232619
23621,23622,2-s2.0-85061257584
23625,23626,2-s2.0-85060204388
23627,23628,2-s2.0-85058801140
23630,23631,2-s2.0-85055046832
23633,23634,2-s2.0-85054067480
23635,23636,2-s2.0-85053471703
23650,23651,2-s2.0-85038812636
23654,23655,2-s2.0-85064353489
23657,23658,2-s2.0-85062831960
23667,23668,2-s2.0-85064383800
23672,23673,2-s2.0-85063188659
23673,23674,2-s2.0-85052072127
23679,23680,2-s2.0-85061784327
23681,23682,2-s2.0-85055989318
23682,23683,2-s2.0-85037652304
23694,23695,2-s2.0-85061096001
23696,23697,2-s2.0-85061087230
23712,23713,2-s2.0-85067896547
23724,23725,2-s2.0-85059820638
23729,23730,2-s2.0-85058650034
23740,23741,2-s2.0-85053711687
23741,23742,2-s2.0-85053454159
23753,23754,2-s2.0-85061183044
23755,23756,2-s2.0-85041905908
23759,23760,2-s2.0-85060602625
23761,23762,2-s2.0-85127996947
23776,23777,2-s2.0-85123042558
23777,23778,2-s2.0-85123042555
23781,23782,2-s2.0-85058182387
23788,23789,2-s2.0-85063144718
23789,23790,2-s2.0-85062274450
23793,23794,2-s2.0-85061064176
23795,23796,2-s2.0-85060954912
23802,23803,2-s2.0-85058170928
23804,23805,2-s2.0-85057347325
23805,23806,2-s2.0-85057342030
23807,23808,2-s2.0-85055678016
23822,23823,2-s2.0-86000132779
23829,23830,2-s2.0-85180885789
23839,23840,2-s2.0-85180774177
23850,23851,2-s2.0-85180736996
23852,23853,2-s2.0-85180632494
23854,23855,2-s2.0-85180632347
23855,23856,2-s2.0-85180626982
23860,23861,2-s2.0-85173893493
23863,23864,2-s2.0-85173833941
23869,23870,2-s2.0-85168563344
23872,23873,2-s2.0-85160467886
23873,23874,2-s2.0-85160331261
23876,23877,2-s2.0-85151552016
23877,23878,2-s2.0-85151528808
23879,23880,2-s2.0-85151391562
23887,23888,2-s2.0-85150572657
23891,23892,2-s2.0-85150413219
23899,23900,2-s2.0-85149571501
23901,23902,2-s2.0-85149540611
23908,23909,2-s2.0-85149005189
23911,23912,2-s2.0-85147699501
23912,23913,2-s2.0-85147296416
23916,23917,2-s2.0-85145228809
23926,23927,2-s2.0-85142059646
23931,23932,2-s2.0-85141611407
23937,23938,2-s2.0-85141476663
23940,23941,2-s2.0-85141454796
23946,23947,2-s2.0-85141092403
23955,23956,2-s2.0-85139401477
23956,23957,2-s2.0-85138894044
23962,23963,2-s2.0-85134729911
23963,23964,2-s2.0-85134188441
23973,23974,2-s2.0-85133989801
23975,23976,2-s2.0-85133989123
23980,23981,2-s2.0-85131485931
23987,23988,2-s2.0-85128787353
23998,23999,2-s2.0-85124427346
23999,24000,2-s2.0-85124104980
24000,24001,2-s2.0-85122442015
24002,24003,2-s2.0-85122048209
24004,24005,2-s2.0-85121535459
24018,24019,2-s2.0-85117062991
24029,24030,2-s2.0-85113844385
24032,24033,2-s2.0-85112207148
24039,24040,2-s2.0-85110336844
24040,24041,2-s2.0-85109627829
24056,24057,2-s2.0-85104233386
24059,24060,2-s2.0-85103295208
24064,24065,2-s2.0-85101622029
24065,24066,2-s2.0-85101507263
24069,24070,2-s2.0-85100534372
24079,24080,2-s2.0-85099168644
24083,24084,2-s2.0-85098286146
24084,24085,2-s2.0-85098036067
24097,24098,2-s2.0-85095988425
24099,24100,2-s2.0-85095415797
24100,24101,2-s2.0-85095327899
24107,24108,2-s2.0-85093084423
24111,24112,2-s2.0-85092234075
24118,24119,2-s2.0-85091095583
24132,24133,2-s2.0-85087748252
24135,24136,2-s2.0-85087642294
24154,24155,2-s2.0-85085812282
24166,24167,2-s2.0-85085167874
24176,24177,2-s2.0-85084170913
24181,24182,2-s2.0-85083700359
24183,24184,2-s2.0-85083523590
24186,24187,2-s2.0-85083472773
24202,24203,2-s2.0-85082537797
24206,24207,2-s2.0-85082534569
24207,24208,2-s2.0-85082532709
24209,24210,2-s2.0-85082529613
24210,24211,2-s2.0-85082528602
24216,24217,2-s2.0-85082516530
24221,24222,2-s2.0-85082498151
24222,24223,2-s2.0-85082486827
24231,24232,2-s2.0-85081698171
24234,24235,2-s2.0-85081669374
24244,24245,2-s2.0-85081170778
24252,24253,2-s2.0-85080112310
24253,24254,2-s2.0-85079815301
24256,24257,2-s2.0-85079755425
24258,24259,2-s2.0-85079569828
24267,24268,2-s2.0-85079399973
24272,24273,2-s2.0-85079382868
24279,24280,2-s2.0-85079198752
24286,24287,2-s2.0-85079167104
24295,24296,2-s2.0-85079128084
24307,24308,2-s2.0-85078960982
24311,24312,2-s2.0-85078886608
24318,24319,2-s2.0-85078751082
24331,24332,2-s2.0-85078462573
24332,24333,2-s2.0-85078461453
24334,24335,2-s2.0-85078409275
24335,24336,2-s2.0-85078360670
24337,24338,2-s2.0-85078344271
24338,24339,2-s2.0-85078336386
24346,24347,2-s2.0-85078052222
24349,24350,2-s2.0-85078025846
24350,24351,2-s2.0-85078024710
24360,24361,2-s2.0-85077867077
24363,24364,2-s2.0-85077840397
24367,24368,2-s2.0-85077811386
24374,24375,2-s2.0-85077509732
24375,24376,2-s2.0-85077508291
24376,24377,2-s2.0-85077503660
24379,24380,2-s2.0-85077458921
24382,24383,2-s2.0-85077433225
24383,24384,2-s2.0-85077381160
24389,24390,2-s2.0-85077250093
24392,24393,2-s2.0-85077165771
24395,24396,2-s2.0-85077115910
24397,24398,2-s2.0-85077007849
24398,24399,2-s2.0-85076947189
24399,24400,2-s2.0-85076945188
24400,24401,2-s2.0-85076903850
24401,24402,2-s2.0-85076862277
24410,24411,2-s2.0-85076534635
24420,24421,2-s2.0-85076342758
24421,24422,2-s2.0-85076342275
24424,24425,2-s2.0-85076262972
24431,24432,2-s2.0-85076020937
24433,24434,2-s2.0-85075982452
24439,24440,2-s2.0-85075795969
24441,24442,2-s2.0-85075731132
24446,24447,2-s2.0-85075582005
24447,24448,2-s2.0-85075546536
24448,24449,2-s2.0-85075468044
24451,24452,2-s2.0-85075285765
24458,24459,2-s2.0-85075186835
24465,24466,2-s2.0-85075021701
24470,24471,2-s2.0-85074982406
24477,24478,2-s2.0-85074915881
24486,24487,2-s2.0-85074700429
24488,24489,2-s2.0-85074585177
24491,24492,2-s2.0-85074533962
24499,24500,2-s2.0-85074336975
24500,24501,2-s2.0-85074335233
24501,24502,2-s2.0-85074264899
24503,24504,2-s2.0-85074251764
24504,24505,2-s2.0-85074199259
24505,24506,2-s2.0-85074169877
24525,24526,2-s2.0-85073799751
24528,24529,2-s2.0-85073757727
24531,24532,2-s2.0-85073715239
24532,24533,2-s2.0-85073711434
24537,24538,2-s2.0-85073661057
24542,24543,2-s2.0-85073655558
24565,24566,2-s2.0-85073354612
24567,24568,2-s2.0-85073343154
24575,24576,2-s2.0-85073238893
24590,24591,2-s2.0-85073015526
24592,24593,2-s2.0-85072998707
24603,24604,2-s2.0-85072914048
24604,24605,2-s2.0-85072913683
24606,24607,2-s2.0-85072835833
24631,24632,2-s2.0-85072512261
24632,24633,2-s2.0-85072378646
24633,24634,2-s2.0-85072341657
24635,24636,2-s2.0-85072326206
24640,24641,2-s2.0-85072294842
24644,24645,2-s2.0-85071930104
24650,24651,2-s2.0-85071730378
24661,24662,2-s2.0-85071505471
24662,24663,2-s2.0-85071499127
24663,24664,2-s2.0-85071487090
24664,24665,2-s2.0-85071485065
24665,24666,2-s2.0-85071482888
24667,24668,2-s2.0-85071458689
24677,24678,2-s2.0-85071367948
24682,24683,2-s2.0-85071280723
24692,24693,2-s2.0-85071056941
24701,24702,2-s2.0-85070919295
24702,24703,2-s2.0-85070915929
24713,24714,2-s2.0-85070839585
24717,24718,2-s2.0-85070814565
24735,24736,2-s2.0-85070540327
24738,24739,2-s2.0-85070518941
24739,24740,2-s2.0-85070380597
24740,24741,2-s2.0-85070327489
24744,24745,2-s2.0-85070026532
24745,24746,2-s2.0-85070009946
24746,24747,2-s2.0-85069950390
24747,24748,2-s2.0-85069937692
24750,24751,2-s2.0-85069872556
24774,24775,2-s2.0-85069519840
24776,24777,2-s2.0-85069511821
24779,24780,2-s2.0-85069498394
24785,24786,2-s2.0-85069482803
24791,24792,2-s2.0-85069450269
24796,24797,2-s2.0-85069435080
24802,24803,2-s2.0-85069230775
24805,24806,2-s2.0-85069187459
24808,24809,2-s2.0-85069152603
24811,24812,2-s2.0-85068974261
24822,24823,2-s2.0-85068738181
24826,24827,2-s2.0-85068615016
24828,24829,2-s2.0-85068608954
24838,24839,2-s2.0-85068375273
24839,24840,2-s2.0-85068346785
24841,24842,2-s2.0-85068333380
24849,24850,2-s2.0-85068118379
24851,24852,2-s2.0-85068053536
24878,24879,2-s2.0-85067259698
24901,24902,2-s2.0-85067100491
24908,24909,2-s2.0-85067014060
24913,24914,2-s2.0-85066945052
24917,24918,2-s2.0-85066906070
24918,24919,2-s2.0-85066882396
24919,24920,2-s2.0-85066880073
24922,24923,2-s2.0-85066828664
24929,24930,2-s2.0-85066494272
24932,24933,2-s2.0-85066489209
24937,24938,2-s2.0-85066335025
24943,24944,2-s2.0-85066306892
24957,24958,2-s2.0-85065881967
24959,24960,2-s2.0-85065873659
24968,24969,2-s2.0-85065550419
24970,24971,2-s2.0-85065544393
24973,24974,2-s2.0-85065525593
24975,24976,2-s2.0-85065502718
24986,24987,2-s2.0-85065313660
24991,24992,2-s2.0-85065255873
25004,25005,2-s2.0-85065098304
25005,25006,2-s2.0-85065081409
25014,25015,2-s2.0-85064947538
25016,25017,2-s2.0-85064825513
25020,25021,2-s2.0-85064689321
25021,25022,2-s2.0-85064684423
25022,25023,2-s2.0-85064652989
25023,25024,2-s2.0-85064650160
25028,25029,2-s2.0-85064562958
25044,25045,2-s2.0-85063906323
25046,25047,2-s2.0-85063886977
25051,25052,2-s2.0-85063784942
25052,25053,2-s2.0-85063747115
25057,25058,2-s2.0-85063673119
25058,25059,2-s2.0-85063669660
25065,25066,2-s2.0-85063298329
25066,25067,2-s2.0-85063288244
25070,25071,2-s2.0-85063197303
25071,25072,2-s2.0-85063191164
25073,25074,2-s2.0-85063065401
25074,25075,2-s2.0-85063059592
25082,25083,2-s2.0-85062665146
25083,25084,2-s2.0-85062555409
25087,25088,2-s2.0-85062208207
25090,25091,2-s2.0-85062078304
25097,25098,2-s2.0-85061523618
25128,25129,2-s2.0-85058975588
25131,25132,2-s2.0-85058533683
25137,25138,2-s2.0-85057300388
25138,25139,2-s2.0-85057106669
25141,25142,2-s2.0-85057024389
25142,25143,2-s2.0-85056644144
25143,25144,2-s2.0-85056628545
25151,25152,2-s2.0-85054834778
25170,25171,2-s2.0-85052197472
25187,25188,2-s2.0-85045247488
25191,25192,2-s2.0-85043687351
25201,25202,2-s2.0-105013702695
25204,25205,2-s2.0-105009819503
25223,25224,2-s2.0-85061492594
25224,25225,2-s2.0-85061485380
25227,25228,2-s2.0-85061319110
25242,25243,2-s2.0-85076904246
25250,25251,2-s2.0-85058309851
25252,25253,2-s2.0-85054691363
25253,25254,2-s2.0-85060307582
25266,25267,2-s2.0-85069797127
25275,25276,2-s2.0-85060647491
25290,25291,2-s2.0-85084850194
25295,25296,2-s2.0-85072819282
25296,25297,2-s2.0-85070401137
25299,25300,2-s2.0-85068361572
25300,25301,2-s2.0-85068006756
25305,25306,2-s2.0-85061894443
25313,25314,2-s2.0-85061181832
25314,25315,2-s2.0-85061180025
25330,25331,2-s2.0-85057845890
25341,25342,2-s2.0-85056605882
25346,25347,2-s2.0-85056117023
25349,25350,2-s2.0-85056092617
25351,25352,2-s2.0-85055858338
25354,25355,2-s2.0-85055828347
25363,25364,2-s2.0-85055076606
25366,25367,2-s2.0-85053903249
25367,25368,2-s2.0-85053686388
25370,25371,2-s2.0-85052453485
25372,25373,2-s2.0-85051998925
25374,25375,2-s2.0-85051769024
25375,25376,2-s2.0-85051753737
25396,25397,2-s2.0-85042133348
25400,25401,2-s2.0-85038229633
25419,25420,2-s2.0-85058990509
25435,25436,2-s2.0-85053302028
25438,25439,2-s2.0-85044471870
25447,25448,2-s2.0-85059030121
25448,25449,2-s2.0-85059011081
25451,25452,2-s2.0-85061312217
25452,25453,2-s2.0-85057562394
25454,25455,2-s2.0-85058012562
25464,25465,2-s2.0-85052137464
25466,25467,2-s2.0-85045662362
25467,25468,2-s2.0-85041606877
25470,25471,2-s2.0-85010972353
25471,25472,2-s2.0-85105055863
25477,25478,2-s2.0-85063790356
25479,25480,2-s2.0-85063769048
25486,25487,2-s2.0-85061273056
25488,25489,2-s2.0-85059017447
25507,25508,2-s2.0-85055867465
25511,25512,2-s2.0-85055171412
25517,25518,2-s2.0-85054644997
25523,25524,2-s2.0-85054168019
25526,25527,2-s2.0-85054035405
25527,25528,2-s2.0-85053541191
25532,25533,2-s2.0-85049858637
25536,25537,2-s2.0-85048061924
25538,25539,2-s2.0-85047798114
25546,25547,2-s2.0-85043248817
25548,25549,2-s2.0-85039922870
25554,25555,2-s2.0-85064638436
25555,25556,2-s2.0-85057357840
25560,25561,2-s2.0-85057328982
25566,25567,2-s2.0-85056722287
25573,25574,2-s2.0-85056859355
25574,25575,2-s2.0-85055355482
25577,25578,2-s2.0-85055350995
25582,25583,2-s2.0-85055331219
25586,25587,2-s2.0-85055321283
25588,25589,2-s2.0-85055320506
25593,25594,2-s2.0-85055315111
25603,25604,2-s2.0-85056696181
25610,25611,2-s2.0-85021825583
25617,25618,2-s2.0-85055120426
25625,25626,2-s2.0-85084028029
25629,25630,2-s2.0-85071046757
25631,25632,2-s2.0-85070814299
25635,25636,2-s2.0-85061910134
25637,25638,2-s2.0-85061671568
25639,25640,2-s2.0-85061379989
25646,25647,2-s2.0-85058229383
25653,25654,2-s2.0-85055859288
25684,25685,2-s2.0-85045839739
25692,25693,2-s2.0-105002715124
25707,25708,2-s2.0-85055472147
25709,25710,2-s2.0-85055454302
25716,25717,2-s2.0-85055439361
25718,25719,2-s2.0-85055433190
25720,25721,2-s2.0-85055424441
25721,25722,2-s2.0-85055422564
25733,25734,2-s2.0-85054608210
25735,25736,2-s2.0-85054035583
25743,25744,2-s2.0-85038127167
25744,25745,2-s2.0-85027197639
25749,25750,2-s2.0-85056108429
25765,25766,2-s2.0-85063766968
25767,25768,2-s2.0-85061213825
25769,25770,2-s2.0-85060809419
25770,25771,2-s2.0-85060792988
25772,25773,2-s2.0-85059592964
25774,25775,2-s2.0-85059557884
25777,25778,2-s2.0-85058434745
25779,25780,2-s2.0-85056445549
25786,25787,2-s2.0-85054494898
25789,25790,2-s2.0-85054384009
25792,25793,2-s2.0-85054374514
25804,25805,2-s2.0-85053338413
25806,25807,2-s2.0-85053230050
25809,25810,2-s2.0-85053200189
25813,25814,2-s2.0-85052842090
25816,25817,2-s2.0-85052516562
25819,25820,2-s2.0-85051937316
25822,25823,2-s2.0-85051065252
25832,25833,2-s2.0-85048803681
25841,25842,2-s2.0-85045075830
25843,25844,2-s2.0-85043368418
25846,25847,2-s2.0-85040638294
25854,25855,2-s2.0-85021088901
25874,25875,2-s2.0-85062787804
25875,25876,2-s2.0-85053582549
25890,25891,2-s2.0-85063248283
25892,25893,2-s2.0-85063248138
25893,25894,2-s2.0-85063248135
25894,25895,2-s2.0-85063248104
25906,25907,2-s2.0-85051512249
25907,25908,2-s2.0-85051482650
25917,25918,2-s2.0-85054899119
25935,25936,2-s2.0-85051534200
25942,25943,2-s2.0-85051127935
25946,25947,2-s2.0-85051106949
25949,25950,2-s2.0-85050373891
25962,25963,2-s2.0-85048925887
25968,25969,2-s2.0-85046751488
25975,25976,2-s2.0-85042265986
25982,25983,2-s2.0-85096685112
25983,25984,2-s2.0-85096638193
25986,25987,2-s2.0-85152359487
25990,25991,2-s2.0-85048926469
25992,25993,2-s2.0-85083472759
25993,25994,2-s2.0-85063239088
25997,25998,2-s2.0-85063205292
26001,26002,2-s2.0-85064098148
26009,26010,2-s2.0-85048822650
26018,26019,2-s2.0-85033482882
26023,26024,2-s2.0-85060926311
26025,26026,2-s2.0-85049069766
26033,26034,2-s2.0-85043333588
26036,26037,2-s2.0-85035331122
26037,26038,2-s2.0-85028570088
26042,26043,2-s2.0-85065980053
26047,26048,2-s2.0-85065168181
26048,26049,2-s2.0-85064732686
26054,26055,2-s2.0-85063542148
26055,26056,2-s2.0-85063541079
26057,26058,2-s2.0-85063534012
26059,26060,2-s2.0-85063526882
26063,26064,2-s2.0-85063490120
26074,26075,2-s2.0-85063442262
26075,26076,2-s2.0-85063430336
26076,26077,2-s2.0-85063429361
26089,26090,2-s2.0-85062721801
26108,26109,2-s2.0-85052021991
26110,26111,2-s2.0-85052012237
26114,26115,2-s2.0-85081980460
26119,26120,2-s2.0-85063591357
26123,26124,2-s2.0-85061392194
26125,26126,2-s2.0-85061370424
26132,26133,2-s2.0-85053552928
26137,26138,2-s2.0-85052376544
26141,26142,2-s2.0-85050829079
26150,26151,2-s2.0-85048989109
26157,26158,2-s2.0-85047952989
26159,26160,2-s2.0-85047318570
26160,26161,2-s2.0-85047258075
26169,26170,2-s2.0-85045231987
26174,26175,2-s2.0-85044372069
26182,26183,2-s2.0-85053650644
26188,26189,2-s2.0-85049803112
26193,26194,2-s2.0-85049917075
26200,26201,2-s2.0-85051457714
26205,26206,2-s2.0-85051233953
26207,26208,2-s2.0-85051232451
26212,26213,2-s2.0-85051218399
26215,26216,2-s2.0-85051211287
26222,26223,2-s2.0-85051192792
26228,26229,2-s2.0-85051184807
26229,26230,2-s2.0-85051184323
26230,26231,2-s2.0-85051183637
26232,26233,2-s2.0-85051181220
26238,26239,2-s2.0-85051170386
26240,26241,2-s2.0-85051166148
26248,26249,2-s2.0-85051567974
26250,26251,2-s2.0-85051497609
26257,26258,2-s2.0-85050148448
26269,26270,2-s2.0-85048859480
26272,26273,2-s2.0-85058595321
26281,26282,2-s2.0-85059706608
26288,26289,2-s2.0-85077025058
26289,26290,2-s2.0-85064744742
26294,26295,2-s2.0-85061676802
26301,26302,2-s2.0-85061190136
26310,26311,2-s2.0-85056115149
26311,26312,2-s2.0-85054414300
26314,26315,2-s2.0-85052521458
26318,26319,2-s2.0-85050820584
26320,26321,2-s2.0-85049611123
26325,26326,2-s2.0-85048707533
26333,26334,2-s2.0-85047523646
26338,26339,2-s2.0-85046070887
26339,26340,2-s2.0-85046016406
26346,26347,2-s2.0-85044293218
26348,26349,2-s2.0-85044221988
26360,26361,2-s2.0-85040570716
26366,26367,2-s2.0-85026453486
26369,26370,2-s2.0-85014933873
26370,26371,2-s2.0-85014214532
26373,26374,2-s2.0-85008256605
26377,26378,2-s2.0-84988965260
26387,26388,2-s2.0-85020234169
26390,26391,2-s2.0-85054827507
26392,26393,2-s2.0-85048142440
26393,26394,2-s2.0-85048139744
26413,26414,2-s2.0-85048100981
26420,26421,2-s2.0-85048089019
26433,26434,2-s2.0-85038364065
26435,26436,2-s2.0-85032004811
26441,26442,2-s2.0-85048059879
26443,26444,2-s2.0-85048059518
26446,26447,2-s2.0-85048057587
26448,26449,2-s2.0-85048056511
26451,26452,2-s2.0-85048051339
26453,26454,2-s2.0-85048049648
26466,26467,2-s2.0-85048035823
26478,26479,2-s2.0-85048877953
26482,26483,2-s2.0-85048359701
26483,26484,2-s2.0-85046732078
26488,26489,2-s2.0-85052120421
26490,26491,2-s2.0-85049626350
26509,26510,2-s2.0-85042929857
26516,26517,2-s2.0-85074427367
26520,26521,2-s2.0-85063726548
26528,26529,2-s2.0-85047877510
26532,26533,2-s2.0-85047460844
26535,26536,2-s2.0-85047313010
26544,26545,2-s2.0-85044925312
26550,26551,2-s2.0-85041509903
26558,26559,2-s2.0-85027064471
26561,26562,2-s2.0-85096811396
26564,26565,2-s2.0-85096789007
26575,26576,2-s2.0-85051221688
26577,26578,2-s2.0-85047425940
26578,26579,2-s2.0-85047412467
26580,26581,2-s2.0-85046292569
26585,26586,2-s2.0-85047771046
26590,26591,2-s2.0-85047737727
26593,26594,2-s2.0-85049683439
26597,26598,2-s2.0-85031816104
26602,26603,2-s2.0-85046966833
26608,26609,2-s2.0-85048121734
26610,26611,2-s2.0-85048114197
26611,26612,2-s2.0-85048108588
26617,26618,2-s2.0-85048085640
26618,26619,2-s2.0-85048083334
26622,26623,2-s2.0-85060496066
26624,26625,2-s2.0-85053743681
26625,26626,2-s2.0-85045287827
26627,26628,2-s2.0-85046602057
26630,26631,2-s2.0-85045681177
26635,26636,2-s2.0-85045668905
26639,26640,2-s2.0-85045661517
26645,26646,2-s2.0-85045651265
26649,26650,2-s2.0-85045635830
26652,26653,2-s2.0-85045630094
26657,26658,2-s2.0-85048733481
26658,26659,2-s2.0-85051425528
26664,26665,2-s2.0-85044964626
26666,26667,2-s2.0-85043496833
26674,26675,2-s2.0-85033377432
26679,26680,2-s2.0-85028534466
26688,26689,2-s2.0-85069518042
26690,26691,2-s2.0-85068710835
26699,26700,2-s2.0-85050508921
26702,26703,2-s2.0-85049659590
26703,26704,2-s2.0-85049647538
26706,26707,2-s2.0-85045119923
26716,26717,2-s2.0-85044384586
26723,26724,2-s2.0-85041123842
26727,26728,2-s2.0-85025173628
26730,26731,2-s2.0-85020275240
26731,26732,2-s2.0-85011565750
26734,26735,2-s2.0-84990925775
26737,26738,2-s2.0-84970046727
26740,26741,2-s2.0-105002996239
26741,26742,2-s2.0-85047245006
26742,26743,2-s2.0-85046808108
26743,26744,2-s2.0-85045139163
26749,26750,2-s2.0-85044325562
26754,26755,2-s2.0-85046816269
26756,26757,2-s2.0-85019112113
26757,26758,2-s2.0-85073141658
26767,26768,2-s2.0-85045876389
26777,26778,2-s2.0-84976901301
26797,26798,2-s2.0-85061210179
26798,26799,2-s2.0-85061204347
26804,26805,2-s2.0-85056413824
26807,26808,2-s2.0-85050386067
26812,26813,2-s2.0-85048269879
26813,26814,2-s2.0-85048267129
26818,26819,2-s2.0-85046810242
26822,26823,2-s2.0-85046753595
26826,26827,2-s2.0-85045532174
26829,26830,2-s2.0-85044192635
26830,26831,2-s2.0-85043784585
26833,26834,2-s2.0-85042696873
26842,26843,2-s2.0-85041722050
26844,26845,2-s2.0-85041711993
26849,26850,2-s2.0-85041098201
26852,26853,2-s2.0-85040081307
26860,26861,2-s2.0-85035319752
26861,26862,2-s2.0-85034836807
26862,26863,2-s2.0-85033709563
26879,26880,2-s2.0-85050945505
26896,26897,2-s2.0-85050906732
26911,26912,2-s2.0-85046085358
26916,26917,2-s2.0-85046035596
26917,26918,2-s2.0-85046034554
26930,26931,2-s2.0-85042323965
26946,26947,2-s2.0-85042288182
26955,26956,2-s2.0-85042268742
26958,26959,2-s2.0-85042259575
26963,26964,2-s2.0-85039904500
26964,26965,2-s2.0-85029699968
26973,26974,2-s2.0-85028532877
26984,26985,2-s2.0-85042112679
26990,26991,2-s2.0-85042089966
26991,26992,2-s2.0-85042086626
26994,26995,2-s2.0-85042069233
26995,26996,2-s2.0-85042067812
26996,26997,2-s2.0-85042066619
27003,27004,2-s2.0-85047667382
27006,27007,2-s2.0-85044527946
27007,27008,2-s2.0-85044325953
27015,27016,2-s2.0-85042353756
27021,27022,2-s2.0-85040706346
27025,27026,2-s2.0-85038887587
27026,27027,2-s2.0-85038407106
27044,27045,2-s2.0-85010737682
27047,27048,2-s2.0-84994201635
27058,27059,2-s2.0-85034638744
27062,27063,2-s2.0-85040860976
27070,27071,2-s2.0-85055658281
27083,27084,2-s2.0-85040977750
27084,27085,2-s2.0-85040977636
27086,27087,2-s2.0-85040970133
27089,27090,2-s2.0-85040372825
27097,27098,2-s2.0-85040980597
27098,27099,2-s2.0-85040976732
27108,27109,2-s2.0-85045064408
27115,27116,2-s2.0-85041230163
27118,27119,2-s2.0-85038555931
27121,27122,2-s2.0-85037977298
27122,27123,2-s2.0-85035116966
27123,27124,2-s2.0-85034261438
27127,27128,2-s2.0-85028557531
27128,27129,2-s2.0-85021424328
27146,27147,2-s2.0-85182997065
27149,27150,2-s2.0-85168440681
27161,27162,2-s2.0-85146550632
27168,27169,2-s2.0-85141575213
27170,27171,2-s2.0-85140693295
27176,27177,2-s2.0-85139553663
27184,27185,2-s2.0-85135569186
27198,27199,2-s2.0-85102874721
27201,27202,2-s2.0-85101101489
27202,27203,2-s2.0-85101075245
27210,27211,2-s2.0-85094897182
27218,27219,2-s2.0-85089469572
27225,27226,2-s2.0-85087398819
27228,27229,2-s2.0-85086195644
27235,27236,2-s2.0-85085431346
27238,27239,2-s2.0-85085417906
27240,27241,2-s2.0-85084016874
27245,27246,2-s2.0-85083257875
27254,27255,2-s2.0-85082514393
27263,27264,2-s2.0-85080900895
27271,27272,2-s2.0-85077344080
27277,27278,2-s2.0-85074315300
27289,27290,2-s2.0-85071753220
27290,27291,2-s2.0-85071702010
27293,27294,2-s2.0-85071599432
27296,27297,2-s2.0-85071374339
27298,27299,2-s2.0-85071000105
27300,27301,2-s2.0-85070830558
27307,27308,2-s2.0-85069370888
27311,27312,2-s2.0-85068863522
27316,27317,2-s2.0-85068620045
27321,27322,2-s2.0-85067960784
27324,27325,2-s2.0-85067809071
27325,27326,2-s2.0-85067787679
27328,27329,2-s2.0-85067271053
27330,27331,2-s2.0-85067002448
27331,27332,2-s2.0-85066961509
27332,27333,2-s2.0-85066837706
27339,27340,2-s2.0-85066144101
27358,27359,2-s2.0-85065302753
27359,27360,2-s2.0-85065298914
27363,27364,2-s2.0-85065289711
27370,27371,2-s2.0-85064686682
27374,27375,2-s2.0-85064632620
27375,27376,2-s2.0-85064631237
27376,27377,2-s2.0-85064622737
27382,27383,2-s2.0-85064342125
27385,27386,2-s2.0-85064125011
27387,27388,2-s2.0-85064063295
27399,27400,2-s2.0-85063621557
27400,27401,2-s2.0-85063618641
27408,27409,2-s2.0-85063530434
27422,27423,2-s2.0-85063342574
27436,27437,2-s2.0-85062573111
27437,27438,2-s2.0-85062553382
27438,27439,2-s2.0-85062534094
27439,27440,2-s2.0-85062510834
27464,27465,2-s2.0-85061712145
27466,27467,2-s2.0-85061658763
27470,27471,2-s2.0-85061526511
27479,27480,2-s2.0-85061245703
27485,27486,2-s2.0-85061136726
27486,27487,2-s2.0-85061122361
27492,27493,2-s2.0-85060820860
27503,27504,2-s2.0-85060556132
27511,27512,2-s2.0-85060526695
27515,27516,2-s2.0-85060481808
27517,27518,2-s2.0-85060441511
27521,27522,2-s2.0-85060312707
27522,27523,2-s2.0-85060309956
27523,27524,2-s2.0-85060308099
27524,27525,2-s2.0-85060294285
27528,27529,2-s2.0-85060285014
27531,27532,2-s2.0-85060277541
27544,27545,2-s2.0-85059639168
27549,27550,2-s2.0-85059587084
27567,27568,2-s2.0-85058958929
27574,27575,2-s2.0-85058889605
27577,27578,2-s2.0-85058623166
27579,27580,2-s2.0-85058417410
27597,27598,2-s2.0-85057979531
27603,27604,2-s2.0-85057762680
27606,27607,2-s2.0-85057714821
27609,27610,2-s2.0-85057587322
27620,27621,2-s2.0-85057148066
27623,27624,2-s2.0-85057026377
27626,27627,2-s2.0-85056869498
27627,27628,2-s2.0-85056832119
27632,27633,2-s2.0-85056639926
27646,27647,2-s2.0-85056140399
27656,27657,2-s2.0-85055726980
27670,27671,2-s2.0-85055697531
27676,27677,2-s2.0-85055681529
27677,27678,2-s2.0-85055679788
27679,27680,2-s2.0-85055677926
27686,27687,2-s2.0-85055624525
27690,27691,2-s2.0-85055472749
27709,27710,2-s2.0-85054659825
27712,27713,2-s2.0-85054649634
27717,27718,2-s2.0-85054627159
27725,27726,2-s2.0-85054212957
27727,27728,2-s2.0-85054154939
27735,27736,2-s2.0-85053910590
27737,27738,2-s2.0-85053867227
27740,27741,2-s2.0-85053856860
27742,27743,2-s2.0-85053846618
27744,27745,2-s2.0-85053803759
27747,27748,2-s2.0-85053411401
27771,27772,2-s2.0-85052197726
27777,27778,2-s2.0-85051627036
27783,27784,2-s2.0-85051129684
27786,27787,2-s2.0-85050968112
27791,27792,2-s2.0-85050691020
27794,27795,2-s2.0-85050597704
27796,27797,2-s2.0-85050499148
27804,27805,2-s2.0-85050227902
27806,27807,2-s2.0-85050013728
27810,27811,2-s2.0-85049940139
27818,27819,2-s2.0-85049552612
27826,27827,2-s2.0-85049542138
27841,27842,2-s2.0-85048976214
27856,27857,2-s2.0-85048755349
27858,27859,2-s2.0-85048719897
27870,27871,2-s2.0-85048434253
27873,27874,2-s2.0-85048363690
27874,27875,2-s2.0-85048362127
27875,27876,2-s2.0-85048357049
27886,27887,2-s2.0-85047880444
27888,27889,2-s2.0-85047855843
27890,27891,2-s2.0-85047777315
27894,27895,2-s2.0-85047750010
27898,27899,2-s2.0-85047648968
27900,27901,2-s2.0-85047623608
27901,27902,2-s2.0-85047605044
27910,27911,2-s2.0-85047361421
27918,27919,2-s2.0-85047144061
27925,27926,2-s2.0-85046662048
27926,27927,2-s2.0-85046657028
27928,27929,2-s2.0-85046491749
27934,27935,2-s2.0-85046169550
27935,27936,2-s2.0-85046092378
27937,27938,2-s2.0-85046032670
27940,27941,2-s2.0-85045969324
27944,27945,2-s2.0-85045919764
27954,27955,2-s2.0-85045306553
27955,27956,2-s2.0-85045282093
27962,27963,2-s2.0-85044989852
27964,27965,2-s2.0-85044517264
27967,27968,2-s2.0-85044423492
27973,27974,2-s2.0-85044138754
27974,27975,2-s2.0-85044118076
27978,27979,2-s2.0-85043370674
27979,27980,2-s2.0-85043235754
27986,27987,2-s2.0-85042553180
27989,27990,2-s2.0-85042549818
28003,28004,2-s2.0-85042414083
28004,28005,2-s2.0-85042403435
28005,28006,2-s2.0-85042371338
28007,28008,2-s2.0-85042314224
28012,28013,2-s2.0-85042128626
28013,28014,2-s2.0-85042116039
28021,28022,2-s2.0-85041816485
28027,28028,2-s2.0-85041532221
28036,28037,2-s2.0-85041102570
28040,28041,2-s2.0-85041054083
28053,28054,2-s2.0-85040039627
28058,28059,2-s2.0-85038581567
28059,28060,2-s2.0-85038031884
28074,28075,2-s2.0-85035040910
28091,28092,2-s2.0-85029454147
28100,28101,2-s2.0-85025837892
28102,28103,2-s2.0-85024002094
28103,28104,2-s2.0-85022340724
28112,28113,2-s2.0-85021222516
28119,28120,2-s2.0-85011901249
28121,28122,2-s2.0-85006164419
28128,28129,2-s2.0-105013723731
28135,28136,2-s2.0-105011021861
28139,28140,2-s2.0-105011006362
28145,28146,2-s2.0-105010801282
28149,28150,2-s2.0-105010531969
28152,28153,2-s2.0-105010506993
28178,28179,2-s2.0-85040075067
28183,28184,2-s2.0-85043292596
28191,28192,2-s2.0-85043265548
28192,28193,2-s2.0-85043262186
28195,28196,2-s2.0-85043254879
28196,28197,2-s2.0-85043254514
28203,28204,2-s2.0-85043243762
28207,28208,2-s2.0-85042920395
28211,28212,2-s2.0-85037861726
28214,28215,2-s2.0-85041826889
28229,28230,2-s2.0-85057641716
28230,28231,2-s2.0-85057640955
28231,28232,2-s2.0-85057640896
28232,28233,2-s2.0-85057640777
28236,28237,2-s2.0-85051823598
28237,28238,2-s2.0-85051789297
28244,28245,2-s2.0-85049120978
28262,28263,2-s2.0-85040618699
28276,28277,2-s2.0-85037110153
28280,28281,2-s2.0-85037033652
28285,28286,2-s2.0-85034453738
28291,28292,2-s2.0-85032927817
28293,28294,2-s2.0-85032698051
28300,28301,2-s2.0-85030457703
28302,28303,2-s2.0-85029167778
28305,28306,2-s2.0-85028673697
28306,28307,2-s2.0-85028608362
28312,28313,2-s2.0-85026497349
28324,28325,2-s2.0-85017501814
28333,28334,2-s2.0-85042743879
28347,28348,2-s2.0-85041338786
28348,28349,2-s2.0-85034652318
28349,28350,2-s2.0-85038364241
28351,28352,2-s2.0-85020526977
28358,28359,2-s2.0-85040582072
28359,28360,2-s2.0-85040580005
28370,28371,2-s2.0-84962085853
28378,28379,2-s2.0-85040767877
28383,28384,2-s2.0-85039937107
28387,28388,2-s2.0-85029603756
28393,28394,2-s2.0-84980047624
28394,28395,2-s2.0-84975506148
28396,28397,2-s2.0-84954290126
28402,28403,2-s2.0-85044436218
28404,28405,2-s2.0-85043225943
28412,28413,2-s2.0-85036513864
28416,28417,2-s2.0-85035199525
28417,28418,2-s2.0-85035198631
28425,28426,2-s2.0-85034949309
28430,28431,2-s2.0-85034260185
28436,28437,2-s2.0-85032710008
28437,28438,2-s2.0-85032669046
28440,28441,2-s2.0-85031695540
28444,28445,2-s2.0-85031422117
28449,28450,2-s2.0-85030636465
28457,28458,2-s2.0-85024504558
28459,28460,2-s2.0-85024476407
28464,28465,2-s2.0-85020409336
28466,28467,2-s2.0-85020086744
28470,28471,2-s2.0-85032950596
28474,28475,2-s2.0-105012051629
28475,28476,2-s2.0-105012051347
28480,28481,2-s2.0-105012046390
28485,28486,2-s2.0-85041446263
28491,28492,2-s2.0-85034586966
28492,28493,2-s2.0-85034578794
28502,28503,2-s2.0-85040105702
28509,28510,2-s2.0-85038961429
28513,28514,2-s2.0-85078355598
28514,28515,2-s2.0-85034063255
28518,28519,2-s2.0-85014664940
28528,28529,2-s2.0-85037614062
28530,28531,2-s2.0-85031790836
28535,28536,2-s2.0-85037077737
28544,28545,2-s2.0-85057186537
28553,28554,2-s2.0-85033375787
28557,28558,2-s2.0-85031414355
28571,28572,2-s2.0-85136369135
28572,28573,2-s2.0-85076383247
28579,28580,2-s2.0-85052516430
28580,28581,2-s2.0-85051361203
28605,28606,2-s2.0-85029224141
28608,28609,2-s2.0-85028011986
28613,28614,2-s2.0-85026912582
28617,28618,2-s2.0-85025164293
28623,28624,2-s2.0-85015659440
28633,28634,2-s2.0-85032386803
28639,28640,2-s2.0-85032383114
28645,28646,2-s2.0-85032378139
28653,28654,2-s2.0-85032369775
28657,28658,2-s2.0-85032366066
28663,28664,2-s2.0-85032348752
28664,28665,2-s2.0-85032346868
28665,28666,2-s2.0-85032345464
28675,28676,2-s2.0-85032331489
28679,28680,2-s2.0-85037142655
28680,28681,2-s2.0-85033729970
28683,28684,2-s2.0-85030689806
28692,28693,2-s2.0-85044925515
28699,28700,2-s2.0-85057073459
28700,28701,2-s2.0-85032264727
28709,28710,2-s2.0-85048677557
28716,28717,2-s2.0-85065506782
28718,28719,2-s2.0-84986212744
28745,28746,2-s2.0-85029321903
28749,28750,2-s2.0-85028705620
28752,28753,2-s2.0-85027693251
28756,28757,2-s2.0-85027314800
28758,28759,2-s2.0-85027137056
28771,28772,2-s2.0-85017431436
28773,28774,2-s2.0-85014516401
28786,28787,2-s2.0-105012675069
28787,28788,2-s2.0-105012671057
28791,28792,2-s2.0-85020097522
28796,28797,2-s2.0-84982309238
28797,28798,2-s2.0-85040003237
28800,28801,2-s2.0-85030755599
28820,28821,2-s2.0-85029675877
28821,28822,2-s2.0-85027036508
28822,28823,2-s2.0-85018436488
28830,28831,2-s2.0-85028333925
28832,28833,2-s2.0-85028321708
28833,28834,2-s2.0-85028316372
28842,28843,2-s2.0-85030235740
28857,28858,2-s2.0-85030775723
28860,28861,2-s2.0-85030767527
28876,28877,2-s2.0-85025461847
28877,28878,2-s2.0-85025432424
28881,28882,2-s2.0-85021784658
28886,28887,2-s2.0-85017662061
28894,28895,2-s2.0-85007173715
28899,28900,2-s2.0-84955607869
28900,28901,2-s2.0-84945219101
28904,28905,2-s2.0-85034247399
28907,28908,2-s2.0-85026197513
28910,28911,2-s2.0-85026626085
28914,28915,2-s2.0-85027834539
28915,28916,2-s2.0-85028939922
28917,28918,2-s2.0-85025803165
28919,28920,2-s2.0-85027002722
28926,28927,2-s2.0-85027575136
28934,28935,2-s2.0-85007506913
28947,28948,2-s2.0-85023607062
28949,28950,2-s2.0-85020526452
28951,28952,2-s2.0-85019706313
28953,28954,2-s2.0-84996615317
28954,28955,2-s2.0-84994682249
28956,28957,2-s2.0-84952658891
28957,28958,2-s2.0-85172750662
28958,28959,2-s2.0-85051050213
28963,28964,2-s2.0-85050355646
28965,28966,2-s2.0-85049299019
28966,28967,2-s2.0-85046974031
28969,28970,2-s2.0-85172634751
28970,28971,2-s2.0-85130693689
28974,28975,2-s2.0-85061945176
28980,28981,2-s2.0-85047275198
28982,28983,2-s2.0-85047262827
28988,28989,2-s2.0-85044997211
28990,28991,2-s2.0-85039777877
28991,28992,2-s2.0-85039413463
28992,28993,2-s2.0-85036545511
29008,29009,2-s2.0-85026748596
29020,29021,2-s2.0-85021068961
29026,29027,2-s2.0-85020230672
29040,29041,2-s2.0-84969921342
29049,29050,2-s2.0-85044501614
29054,29055,2-s2.0-85029492646
29061,29062,2-s2.0-85026327891
29064,29065,2-s2.0-85026309191
29065,29066,2-s2.0-85026295972
29067,29068,2-s2.0-85026290558
29078,29079,2-s2.0-85030570353
29082,29083,2-s2.0-85030569112
29088,29089,2-s2.0-85030567861
29092,29093,2-s2.0-85030567660
29099,29100,2-s2.0-85030566357
29100,29101,2-s2.0-85030566045
29107,29108,2-s2.0-85030563966
29111,29112,2-s2.0-85030563081
29114,29115,2-s2.0-85030562574
29126,29127,2-s2.0-85030559396
29141,29142,2-s2.0-85030555534
29143,29144,2-s2.0-85030554383
29153,29154,2-s2.0-85030551612
29162,29163,2-s2.0-85030550164
29166,29167,2-s2.0-85030549678
29170,29171,2-s2.0-85030549231
29174,29175,2-s2.0-85030548474
29175,29176,2-s2.0-85030548452
29177,29178,2-s2.0-85030548141
29185,29186,2-s2.0-85030547088
29186,29187,2-s2.0-85030546881
29189,29190,2-s2.0-85030546515
29190,29191,2-s2.0-85030546375
29216,29217,2-s2.0-85030539928
29217,29218,2-s2.0-85030539786
29225,29226,2-s2.0-85030537634
29239,29240,2-s2.0-85030533804
29242,29243,2-s2.0-85030533496
29247,29248,2-s2.0-85030531710
29248,29249,2-s2.0-85030531488
29255,29256,2-s2.0-85030529286
29261,29262,2-s2.0-85030528141
29264,29265,2-s2.0-85030527849
29265,29266,2-s2.0-85030527783
29268,29269,2-s2.0-85030526822
29269,29270,2-s2.0-85030526674
29275,29276,2-s2.0-85024845719
29276,29277,2-s2.0-84994238887
29289,29290,2-s2.0-85023599530
29302,29303,2-s2.0-85023630791
29309,29310,2-s2.0-85023624623
29312,29313,2-s2.0-85023616595
29319,29320,2-s2.0-85020398789
29327,29328,2-s2.0-85020405671
29328,29329,2-s2.0-85009239965
29333,29334,2-s2.0-85061940957
29335,29336,2-s2.0-85046535279
29338,29339,2-s2.0-85037721841
29346,29347,2-s2.0-85020674275
29365,29366,2-s2.0-85019054780
29368,29369,2-s2.0-85018362764
29373,29374,2-s2.0-85015748037
29374,29375,2-s2.0-85014376001
29383,29384,2-s2.0-85006367258
29390,29391,2-s2.0-85025602674
29393,29394,2-s2.0-85020672715
29394,29395,2-s2.0-85020652256
29396,29397,2-s2.0-85020623793
29400,29401,2-s2.0-84978652676
29401,29402,2-s2.0-84963568004
29407,29408,2-s2.0-85020315547
29409,29410,2-s2.0-85020286262
29410,29411,2-s2.0-85020284931
29411,29412,2-s2.0-85020272772
29417,29418,2-s2.0-84979993857
29418,29419,2-s2.0-84979538877
29420,29421,2-s2.0-85020730949
29422,29423,2-s2.0-85054264707
29434,29435,2-s2.0-85051862528
29448,29449,2-s2.0-85038431258
29450,29451,2-s2.0-85058808650
29451,29452,2-s2.0-85045691208
29454,29455,2-s2.0-85028763348
29459,29460,2-s2.0-85021134218
29496,29497,2-s2.0-85018485816
29497,29498,2-s2.0-85018477367
29499,29500,2-s2.0-85018408647
29507,29508,2-s2.0-85016604525
29514,29515,2-s2.0-85012237844
29518,29519,2-s2.0-85007482533
29521,29522,2-s2.0-84991716218
29522,29523,2-s2.0-84977575403
29526,29527,2-s2.0-105002729760
29527,29528,2-s2.0-85018325601
29529,29530,2-s2.0-85019424238
29538,29539,2-s2.0-85020208748
29541,29542,2-s2.0-85020197720
29557,29558,2-s2.0-85034401338
29563,29564,2-s2.0-85018405464
29567,29568,2-s2.0-85018383810
29568,29569,2-s2.0-85021425598
29569,29570,2-s2.0-85017240845
29575,29576,2-s2.0-85018855524
29576,29577,2-s2.0-85018168396
29582,29583,2-s2.0-84980410014
29589,29590,2-s2.0-85062071040
29613,29614,2-s2.0-85018173851
29616,29617,2-s2.0-85017378960
29636,29637,2-s2.0-85007618577
29638,29639,2-s2.0-85006096646
29639,29640,2-s2.0-85004073498
29643,29644,2-s2.0-84992371876
29647,29648,2-s2.0-84973121352
29648,29649,2-s2.0-84953214013
29651,29652,2-s2.0-84944711520
29654,29655,2-s2.0-85045077613
29655,29656,2-s2.0-85016495901
29658,29659,2-s2.0-85017267405
29664,29665,2-s2.0-85017243591
29667,29668,2-s2.0-85017237991
29668,29669,2-s2.0-85017237196
29671,29672,2-s2.0-85017202824
29672,29673,2-s2.0-85017200602
29676,29677,2-s2.0-85016621889
29686,29687,2-s2.0-85017201856
29692,29693,2-s2.0-85016484577
29704,29705,2-s2.0-85016520616
29712,29713,2-s2.0-84961211073
29723,29724,2-s2.0-85080890839
29730,29731,2-s2.0-85034012411
29731,29732,2-s2.0-85033995475
29748,29749,2-s2.0-85016175238
29749,29750,2-s2.0-85016101781
29753,29754,2-s2.0-85015099547
29754,29755,2-s2.0-85015089571
29763,29764,2-s2.0-85014503284
29765,29766,2-s2.0-85014410044
29767,29768,2-s2.0-85013966663
29777,29778,2-s2.0-85011636671
29778,29779,2-s2.0-85011534479
29781,29782,2-s2.0-85009732697
29789,29790,2-s2.0-84996614733
29790,29791,2-s2.0-84995791133
29802,29803,2-s2.0-84957648975
29810,29811,2-s2.0-85019445343
29814,29815,2-s2.0-84996618772
29817,29818,2-s2.0-84988667363
29818,29819,2-s2.0-84988646839
29820,29821,2-s2.0-85095790186
29830,29831,2-s2.0-85012052749
29832,29833,2-s2.0-85014048245
29833,29834,2-s2.0-84992169442
29840,29841,2-s2.0-85072249376
29852,29853,2-s2.0-85014074756
29856,29857,2-s2.0-85011867620
29864,29865,2-s2.0-85009067256
29866,29867,2-s2.0-85008316385
29873,29874,2-s2.0-84987642330
29879,29880,2-s2.0-84966474646
29883,29884,2-s2.0-84946429745
29886,29887,2-s2.0-84939228937
29895,29896,2-s2.0-85013418864
29900,29901,2-s2.0-85013845970
29905,29906,2-s2.0-85009450735
29916,29917,2-s2.0-85031298247
29921,29922,2-s2.0-85019055809
29931,29932,2-s2.0-85003601535
29934,29935,2-s2.0-85000352204
29935,29936,2-s2.0-84997764940
29943,29944,2-s2.0-84965082067
29944,29945,2-s2.0-84963830515
29950,29951,2-s2.0-86000458334
29955,29956,2-s2.0-85182117361
29956,29957,2-s2.0-85171942592
29958,29959,2-s2.0-85162643942
29968,29969,2-s2.0-85144402344
29970,29971,2-s2.0-85144339128
29972,29973,2-s2.0-85142566620
29977,29978,2-s2.0-85139566415
29985,29986,2-s2.0-85139217653
29986,29987,2-s2.0-85139208293
29989,29990,2-s2.0-85138894087
29994,29995,2-s2.0-85135593352
29995,29996,2-s2.0-85134458756
29996,29997,2-s2.0-85134450153
29998,29999,2-s2.0-85128006229
30006,30007,2-s2.0-85106549178
30013,30014,2-s2.0-85101995148
30021,30022,2-s2.0-85101955778
30024,30025,2-s2.0-85101908135
30026,30027,2-s2.0-85099822437
30033,30034,2-s2.0-85091119041
30042,30043,2-s2.0-85082909270
30050,30051,2-s2.0-85080933401
30052,30053,2-s2.0-85076314057
30053,30054,2-s2.0-85075893428
30054,30055,2-s2.0-85075564405
30055,30056,2-s2.0-85075363627
30074,30075,2-s2.0-85071433969
30087,30088,2-s2.0-85066113706
30099,30100,2-s2.0-85061160639
30102,30103,2-s2.0-85059826939
30105,30106,2-s2.0-85057344431
30108,30109,2-s2.0-85055990154
30115,30116,2-s2.0-85054228235
30118,30119,2-s2.0-85054183410
30122,30123,2-s2.0-85054164297
30136,30137,2-s2.0-85051543116
30152,30153,2-s2.0-85051416216
30165,30166,2-s2.0-85049243763
30169,30170,2-s2.0-85049230691
30176,30177,2-s2.0-85048659279
30179,30180,2-s2.0-85048465929
30181,30182,2-s2.0-85048142250
30189,30190,2-s2.0-85046378939
30192,30193,2-s2.0-85046264094
30196,30197,2-s2.0-85045903993
30199,30200,2-s2.0-85045635927
30201,30202,2-s2.0-85045241745
30219,30220,2-s2.0-85042615021
30223,30224,2-s2.0-85042594338
30226,30227,2-s2.0-85042508306
30230,30231,2-s2.0-85042468833
30232,30233,2-s2.0-85042464206
30251,30252,2-s2.0-85041211090
30254,30255,2-s2.0-85041133431
30262,30263,2-s2.0-85041098557
30266,30267,2-s2.0-85040927415
30268,30269,2-s2.0-85040714652
30291,30292,2-s2.0-85038822519
30293,30294,2-s2.0-85038614913
30294,30295,2-s2.0-85038446021
30296,30297,2-s2.0-85038229720
30300,30301,2-s2.0-85037840651
30305,30306,2-s2.0-85037822742
30306,30307,2-s2.0-85037715473
30307,30308,2-s2.0-85037704126
30311,30312,2-s2.0-85037552402
30314,30315,2-s2.0-85037330297
30316,30317,2-s2.0-85037134504
30319,30320,2-s2.0-85037033096
30320,30321,2-s2.0-85036657065
30323,30324,2-s2.0-85036625985
30329,30330,2-s2.0-85036472600
30331,30332,2-s2.0-85036465280
30336,30337,2-s2.0-85035362599
30337,30338,2-s2.0-85035361479
30362,30363,2-s2.0-85035115281
30364,30365,2-s2.0-85035102726
30368,30369,2-s2.0-85035027160
30386,30387,2-s2.0-85034735348
30391,30392,2-s2.0-85034423699
30394,30395,2-s2.0-85034255302
30398,30399,2-s2.0-85034238410
30414,30415,2-s2.0-85033365657
30415,30416,2-s2.0-85033362919
30416,30417,2-s2.0-85032981962
30417,30418,2-s2.0-85032923961
30423,30424,2-s2.0-85032499948
30434,30435,2-s2.0-85032332039
30438,30439,2-s2.0-85031995626
30454,30455,2-s2.0-85030791586
30460,30461,2-s2.0-85030762533
30467,30468,2-s2.0-85030110662
30469,30470,2-s2.0-85030029295
30470,30471,2-s2.0-85030026828
30477,30478,2-s2.0-85029785412
30482,30483,2-s2.0-85029753138
30485,30486,2-s2.0-85029595757
30491,30492,2-s2.0-85029512725
30493,30494,2-s2.0-85029509225
30497,30498,2-s2.0-85029468298
30499,30500,2-s2.0-85029437688
30500,30501,2-s2.0-85029358526
30506,30507,2-s2.0-85028992977
30510,30511,2-s2.0-85028860394
30514,30515,2-s2.0-85028770203
30515,30516,2-s2.0-85028703830
30517,30518,2-s2.0-85028621972
30522,30523,2-s2.0-85028468819
30524,30525,2-s2.0-85028402878
30525,30526,2-s2.0-85028395891
30530,30531,2-s2.0-85028309809
30533,30534,2-s2.0-85028300133
30534,30535,2-s2.0-85028298678
30540,30541,2-s2.0-85028005628
30541,30542,2-s2.0-85027993346
30545,30546,2-s2.0-85027969360
30548,30549,2-s2.0-85027885439
30549,30550,2-s2.0-85027871461
30550,30551,2-s2.0-85027846541
30561,30562,2-s2.0-85026786677
30569,30570,2-s2.0-85026555704
30571,30572,2-s2.0-85026503285
30582,30583,2-s2.0-85025448773
30585,30586,2-s2.0-85025427091
30586,30587,2-s2.0-85025174120
30592,30593,2-s2.0-85025119274
30602,30603,2-s2.0-85024482404
30605,30606,2-s2.0-85024127088
30612,30613,2-s2.0-85023644100
30614,30615,2-s2.0-85023595828
30622,30623,2-s2.0-85022036225
30626,30627,2-s2.0-85021886937
30630,30631,2-s2.0-85021788273
30631,30632,2-s2.0-85021784696
30638,30639,2-s2.0-85021721768
30640,30641,2-s2.0-85021699607
30646,30647,2-s2.0-85021437787
30650,30651,2-s2.0-85021413647
30651,30652,2-s2.0-85021240491
30659,30660,2-s2.0-85021095568
30660,30661,2-s2.0-85021093169
30662,30663,2-s2.0-85021046434
30665,30666,2-s2.0-85020862060
30667,30668,2-s2.0-85020837948
30671,30672,2-s2.0-85020736018
30672,30673,2-s2.0-85020671256
30674,30675,2-s2.0-85020533094
30680,30681,2-s2.0-85020481213
30681,30682,2-s2.0-85020465806
30687,30688,2-s2.0-85020395657
30696,30697,2-s2.0-85020091467
30709,30710,2-s2.0-85019556196
30715,30716,2-s2.0-85018984441
30717,30718,2-s2.0-85018768225
30726,30727,2-s2.0-85018400611
30727,30728,2-s2.0-85018348497
30732,30733,2-s2.0-85018239539
30735,30736,2-s2.0-85017439617
30737,30738,2-s2.0-85017336291
30741,30742,2-s2.0-85017102772
30743,30744,2-s2.0-85016562787
30747,30748,2-s2.0-85016086956
30750,30751,2-s2.0-85015909942
30755,30756,2-s2.0-85015218588
30757,30758,2-s2.0-85015209152
30761,30762,2-s2.0-85015159047
30764,30765,2-s2.0-85014855560
30773,30774,2-s2.0-85014274610
30777,30778,2-s2.0-85013771946
30781,30782,2-s2.0-85012899415
30783,30784,2-s2.0-85012888101
30793,30794,2-s2.0-85011281221
30800,30801,2-s2.0-85010701055
30801,30802,2-s2.0-85010699950
30804,30805,2-s2.0-85010653976
30808,30809,2-s2.0-85010433483
30820,30821,2-s2.0-85009960935
30821,30822,2-s2.0-85009288109
30824,30825,2-s2.0-85009136802
30829,30830,2-s2.0-85007441070
30833,30834,2-s2.0-85006059558
30834,30835,2-s2.0-85002292015
30838,30839,2-s2.0-84997173296
30844,30845,2-s2.0-84992584855
30862,30863,2-s2.0-84941661705
30864,30865,2-s2.0-84940907699
30868,30869,2-s2.0-69349102596
30869,30870,2-s2.0-105012016506
30872,30873,2-s2.0-105010089269
30877,30878,2-s2.0-105009803925
30878,30879,2-s2.0-105009796009
30879,30880,2-s2.0-105009790267
30886,30887,2-s2.0-105008620830
30889,30890,2-s2.0-105007384812
30890,30891,2-s2.0-105006952542
30895,30896,2-s2.0-85132374089
30899,30900,2-s2.0-85010417603
30909,30910,2-s2.0-85010460291
30910,30911,2-s2.0-85010427090
30915,30916,2-s2.0-85010442900
30917,30918,2-s2.0-85009740883
30923,30924,2-s2.0-85055338304
30934,30935,2-s2.0-85017714536
30939,30940,2-s2.0-85011898511
30940,30941,2-s2.0-85011395609
30948,30949,2-s2.0-85007017604
30951,30952,2-s2.0-85006841996
30952,30953,2-s2.0-85006516169
30955,30956,2-s2.0-85006459261
30958,30959,2-s2.0-85006454874
30959,30960,2-s2.0-85006423732
30964,30965,2-s2.0-85006399798
30981,30982,2-s2.0-84994765400
30982,30983,2-s2.0-84994761829
30994,30995,2-s2.0-84987974286
30998,30999,2-s2.0-84984853563
31001,31002,2-s2.0-84982111794
31012,31013,2-s2.0-84936805719
31019,31020,2-s2.0-85007165322
31020,31021,2-s2.0-85007012821
31022,31023,2-s2.0-85006944023
31027,31028,2-s2.0-85006905571
31029,31030,2-s2.0-85006886568
31056,31057,2-s2.0-85006815357
31061,31062,2-s2.0-85006802875
31086,31087,2-s2.0-85006717002
31090,31091,2-s2.0-85006710897
31094,31095,2-s2.0-85041225259
31101,31102,2-s2.0-85006857903
31103,31104,2-s2.0-85006804597
31105,31106,2-s2.0-85119751306
31111,31112,2-s2.0-85027201068
31120,31121,2-s2.0-85001975589
31125,31126,2-s2.0-85008235160
31129,31130,2-s2.0-85008199580
31141,31142,2-s2.0-85033664146
31148,31149,2-s2.0-85007236199
31151,31152,2-s2.0-85007189494
31154,31155,2-s2.0-85007148162
31165,31166,2-s2.0-84992695201
31169,31170,2-s2.0-84991385257
31170,31171,2-s2.0-84991384066
31177,31178,2-s2.0-84984832889
31180,31181,2-s2.0-84982234150
31182,31183,2-s2.0-84978647042
31189,31190,2-s2.0-84958522997
31194,31195,2-s2.0-84940069637
31198,31199,2-s2.0-84998723873
31199,31200,2-s2.0-85044616596
31201,31202,2-s2.0-85015221358
31207,31208,2-s2.0-85018170190
31213,31214,2-s2.0-84978655787
31215,31216,2-s2.0-84995688322
31220,31221,2-s2.0-85018568913
31221,31222,2-s2.0-85018540934
31222,31223,2-s2.0-85009074717
31236,31237,2-s2.0-84994096842
31253,31254,2-s2.0-85057061058
31258,31259,2-s2.0-85026464318
31272,31273,2-s2.0-84994078684
31276,31277,2-s2.0-84991677022
31278,31279,2-s2.0-84990929302
31279,31280,2-s2.0-84989315938
31281,31282,2-s2.0-84988637642
31290,31291,2-s2.0-84987926267
31299,31300,2-s2.0-84982104032
31308,31309,2-s2.0-84971280462
31312,31313,2-s2.0-84964355616
31319,31320,2-s2.0-84950297954
31326,31327,2-s2.0-85046022758
31342,31343,2-s2.0-85066265497
31347,31348,2-s2.0-84951287029
31351,31352,2-s2.0-84921333737
31353,31354,2-s2.0-85074047523
31359,31360,2-s2.0-85018858546
31367,31368,2-s2.0-84995679722
31375,31376,2-s2.0-84988914107
31378,31379,2-s2.0-84986617584
31382,31383,2-s2.0-84986575981
31390,31391,2-s2.0-84984920933
31400,31401,2-s2.0-84982995014
31402,31403,2-s2.0-84982915344
31410,31411,2-s2.0-84979619694
31421,31422,2-s2.0-84961832135
31424,31425,2-s2.0-84945319319
31430,31431,2-s2.0-84988850432
31436,31437,2-s2.0-84984796564
31440,31441,2-s2.0-84984832838
31444,31445,2-s2.0-85018220507
31445,31446,2-s2.0-84989860075
31447,31448,2-s2.0-84958034791
31459,31460,2-s2.0-84976254407
31466,31467,2-s2.0-84982131423
31471,31472,2-s2.0-84989839526
31472,31473,2-s2.0-84988913557
31473,31474,2-s2.0-84988912027
31476,31477,2-s2.0-84984984249
31482,31483,2-s2.0-84980413820
31485,31486,2-s2.0-84978484205
31486,31487,2-s2.0-84978289149
31489,31490,2-s2.0-84978141905
31492,31493,2-s2.0-84978033509
31495,31496,2-s2.0-84977550398
31507,31508,2-s2.0-84971011006
31513,31514,2-s2.0-84970956348
31514,31515,2-s2.0-84970954405
31526,31527,2-s2.0-84925238608
31529,31530,2-s2.0-84982237016
31536,31537,2-s2.0-84986000841
31541,31542,2-s2.0-84983392967
31553,31554,2-s2.0-84979752369
31554,31555,2-s2.0-84979740725
31564,31565,2-s2.0-84979753561
31569,31570,2-s2.0-84967157593
31571,31572,2-s2.0-84961203775
31580,31581,2-s2.0-85011022634
31583,31584,2-s2.0-84977624002
31588,31589,2-s2.0-84962339453
31590,31591,2-s2.0-84961199333
31593,31594,2-s2.0-84945157803
31594,31595,2-s2.0-84941247641
31595,31596,2-s2.0-84940704287
31598,31599,2-s2.0-85065091957
31599,31600,2-s2.0-85047736051
31601,31602,2-s2.0-85027934210
31609,31610,2-s2.0-84982804410
31619,31620,2-s2.0-84978152798
31620,31621,2-s2.0-84978120910
31631,31632,2-s2.0-84971493069
31632,31633,2-s2.0-84971260943
31635,31636,2-s2.0-84964967772
31642,31643,2-s2.0-84960106407
31650,31651,2-s2.0-84951765785
31651,31652,2-s2.0-84945162093
31656,31657,2-s2.0-84924273128
31658,31659,2-s2.0-84907646112
31663,31664,2-s2.0-84983364609
31667,31668,2-s2.0-84983349033
31668,31669,2-s2.0-84983347789
31674,31675,2-s2.0-84983319614
31675,31676,2-s2.0-84983316066
31681,31682,2-s2.0-84983294427
31683,31684,2-s2.0-84983284338
31711,31712,2-s2.0-84979752461
31717,31718,2-s2.0-85015672547
31718,31719,2-s2.0-85015668354
31725,31726,2-s2.0-84979073420
31732,31733,2-s2.0-84978085770
31736,31737,2-s2.0-84976592196
31739,31740,2-s2.0-84971667860
31740,31741,2-s2.0-84971657239
31752,31753,2-s2.0-84965082783
31757,31758,2-s2.0-84963747114
31773,31774,2-s2.0-84952701003
31799,31800,2-s2.0-84994681157
31804,31805,2-s2.0-84994637540
31808,31809,2-s2.0-84994625416
31814,31815,2-s2.0-84994571130
31821,31822,2-s2.0-84974588656
31822,31823,2-s2.0-84973407705
31825,31826,2-s2.0-84973097812
31829,31830,2-s2.0-84961201949
31830,31831,2-s2.0-84937798574
31840,31841,2-s2.0-84978215753
31841,31842,2-s2.0-84977943166
31843,31844,2-s2.0-84973872500
31848,31849,2-s2.0-84971508183
31849,31850,2-s2.0-84969164988
31852,31853,2-s2.0-84964909249
31862,31863,2-s2.0-84960341480
31864,31865,2-s2.0-84960079626
31882,31883,2-s2.0-84973623244
31884,31885,2-s2.0-84976522415
31885,31886,2-s2.0-84976492907
31894,31895,2-s2.0-84969988170
31905,31906,2-s2.0-84969940580
31913,31914,2-s2.0-84969921252
31914,31915,2-s2.0-84969920368
31929,31930,2-s2.0-84964915495
31932,31933,2-s2.0-84961215766
31935,31936,2-s2.0-84966333775
31936,31937,2-s2.0-85031394022
31937,31938,2-s2.0-84961659747
31950,31951,2-s2.0-84953235000
31956,31957,2-s2.0-85025082509
31958,31959,2-s2.0-85018388418
31967,31968,2-s2.0-84973867019
31977,31978,2-s2.0-84964687267
31979,31980,2-s2.0-84964577902
32007,32008,2-s2.0-84961127472
32008,32009,2-s2.0-84960932907
32012,32013,2-s2.0-84959118990
32020,32021,2-s2.0-85001759442
32021,32022,2-s2.0-84971646073
32023,32024,2-s2.0-85028568546
32041,32042,2-s2.0-84963532517
32047,32048,2-s2.0-84975482900
32051,32052,2-s2.0-84964613542
32052,32053,2-s2.0-84964597330
32056,32057,2-s2.0-84960910601
32065,32066,2-s2.0-85006966201
32076,32077,2-s2.0-84966318784
32085,32086,2-s2.0-84960920373
32086,32087,2-s2.0-84960848499
32091,32092,2-s2.0-84959325178
32099,32100,2-s2.0-84958779865
32101,32102,2-s2.0-84958177847
32105,32106,2-s2.0-84958049073
32106,32107,2-s2.0-84957812687
32116,32117,2-s2.0-85008440595
32120,32121,2-s2.0-84982999554
32121,32122,2-s2.0-84982993344
32127,32128,2-s2.0-84968583553
32128,32129,2-s2.0-84955422507
32145,32146,2-s2.0-84958969379
32151,32152,2-s2.0-85061882738
32152,32153,2-s2.0-85044396211
32153,32154,2-s2.0-85008697763
32155,32156,2-s2.0-84964335713
32164,32165,2-s2.0-84956717637
32166,32167,2-s2.0-84955212187
32170,32171,2-s2.0-84954383441
32178,32179,2-s2.0-84942354148
32179,32180,2-s2.0-84964584276
32180,32181,2-s2.0-84960154640
32195,32196,2-s2.0-84964380986
32197,32198,2-s2.0-85041660202
32211,32212,2-s2.0-84958152669
32212,32213,2-s2.0-84956827682
32218,32219,2-s2.0-84947046921
32222,32223,2-s2.0-84930156781
32229,32230,2-s2.0-85172124990
32231,32232,2-s2.0-85171596500
32236,32237,2-s2.0-85148127039
32250,32251,2-s2.0-85137539422
32253,32254,2-s2.0-85135567924
32265,32266,2-s2.0-85105234567
32266,32267,2-s2.0-85100843216
32277,32278,2-s2.0-85086849496
32279,32280,2-s2.0-85086546725
32286,32287,2-s2.0-85082485316
32292,32293,2-s2.0-85071947744
32301,32302,2-s2.0-85071436369
32313,32314,2-s2.0-85068161687
32314,32315,2-s2.0-85068156284
32331,32332,2-s2.0-85060163316
32334,32335,2-s2.0-85060134766
32340,32341,2-s2.0-85057158214
32343,32344,2-s2.0-85054684563
32346,32347,2-s2.0-85052395181
32349,32350,2-s2.0-85051173996
32350,32351,2-s2.0-85050219070
32353,32354,2-s2.0-85047539678
32356,32357,2-s2.0-85046398235
32362,32363,2-s2.0-85042548800
32364,32365,2-s2.0-85042547314
32366,32367,2-s2.0-85042540830
32368,32369,2-s2.0-85042538202
32369,32370,2-s2.0-85042529706
32378,32379,2-s2.0-85042406256
32381,32382,2-s2.0-85041332969
32386,32387,2-s2.0-85037971921
32389,32390,2-s2.0-85033787962
32397,32398,2-s2.0-85031754329
32401,32402,2-s2.0-85030859663
32414,32415,2-s2.0-85027025747
32416,32417,2-s2.0-85026754569
32419,32420,2-s2.0-85026636350
32425,32426,2-s2.0-85025824555
32426,32427,2-s2.0-85025819594
32434,32435,2-s2.0-85024865019
32441,32442,2-s2.0-85022084508
32449,32450,2-s2.0-85021681606
32453,32454,2-s2.0-85021634230
32454,32455,2-s2.0-85021629295
32455,32456,2-s2.0-85021287978
32467,32468,2-s2.0-85019479985
32470,32471,2-s2.0-85019167889
32480,32481,2-s2.0-85018947588
32481,32482,2-s2.0-85018942763
32482,32483,2-s2.0-85018941398
32484,32485,2-s2.0-85018937458
32485,32486,2-s2.0-85018933926
32487,32488,2-s2.0-85018923760
32494,32495,2-s2.0-85018916888
32496,32497,2-s2.0-85018915390
32504,32505,2-s2.0-85018906198
32518,32519,2-s2.0-85018871372
32520,32521,2-s2.0-85018866256
32527,32528,2-s2.0-85018747542
32541,32542,2-s2.0-85018482149
32542,32543,2-s2.0-85018411516
32555,32556,2-s2.0-85017634248
32556,32557,2-s2.0-85017590472
32560,32561,2-s2.0-85017177623
32563,32564,2-s2.0-85017090974
32575,32576,2-s2.0-85016505111
32576,32577,2-s2.0-85016500333
32578,32579,2-s2.0-85016467354
32589,32590,2-s2.0-85016077405
32595,32596,2-s2.0-85015173020
32602,32603,2-s2.0-85014928042
32617,32618,2-s2.0-85013676237
32619,32620,2-s2.0-85013667776
32621,32622,2-s2.0-85013350289
32622,32623,2-s2.0-85013158271
32626,32627,2-s2.0-85012303025
32634,32635,2-s2.0-85011706298
32636,32637,2-s2.0-85011654104
32638,32639,2-s2.0-85011105189
32639,32640,2-s2.0-85011097293
32641,32642,2-s2.0-85011048663
32644,32645,2-s2.0-85010333021
32646,32647,2-s2.0-85010014503
32649,32650,2-s2.0-85009820258
32654,32655,2-s2.0-85009681315
32655,32656,2-s2.0-85009676058
32656,32657,2-s2.0-85009675191
32661,32662,2-s2.0-85009663347
32682,32683,2-s2.0-85008423069
32688,32689,2-s2.0-85007591491
32689,32690,2-s2.0-85007575426
32701,32702,2-s2.0-85006918744
32709,32710,2-s2.0-85006699785
32717,32718,2-s2.0-85006054071
32719,32720,2-s2.0-85006026369
32723,32724,2-s2.0-85005957388
32726,32727,2-s2.0-85003451599
32727,32728,2-s2.0-85003443843
32731,32732,2-s2.0-85002441938
32733,32734,2-s2.0-85002152509
32738,32739,2-s2.0-85000819179
32744,32745,2-s2.0-85000399523
32745,32746,2-s2.0-84999780394
32749,32750,2-s2.0-84999188075
32753,32754,2-s2.0-84996993132
32765,32766,2-s2.0-84996537947
32766,32767,2-s2.0-84995783635
32767,32768,2-s2.0-84995752728
32779,32780,2-s2.0-84994851453
32781,32782,2-s2.0-84994840390
32794,32795,2-s2.0-84994099247
32796,32797,2-s2.0-84992640332
32797,32798,2-s2.0-84992612744
32798,32799,2-s2.0-84992588858
32814,32815,2-s2.0-84991045281
32842,32843,2-s2.0-84988498962
32850,32851,2-s2.0-84987945012
32851,32852,2-s2.0-84987940375
32853,32854,2-s2.0-84987933067
32872,32873,2-s2.0-84984698523
32876,32877,2-s2.0-84983805344
32878,32879,2-s2.0-84983760990
32885,32886,2-s2.0-84982273156
32887,32888,2-s2.0-84982189603
32891,32892,2-s2.0-84981507355
32892,32893,2-s2.0-84981502061
32897,32898,2-s2.0-84980316309
32899,32900,2-s2.0-84979656162
32900,32901,2-s2.0-84979644207
32906,32907,2-s2.0-84979158440
32930,32931,2-s2.0-84978529119
32932,32933,2-s2.0-84978296373
32941,32942,2-s2.0-84978208242
32947,32948,2-s2.0-84978100421
32949,32950,2-s2.0-84978066057
32952,32953,2-s2.0-84977543011
32967,32968,2-s2.0-84975840333
32974,32975,2-s2.0-84974686114
32980,32981,2-s2.0-84973131017
32990,32991,2-s2.0-84968698117
32994,32995,2-s2.0-84968648364
32996,32997,2-s2.0-84968619418
33006,33007,2-s2.0-84968542289
33009,33010,2-s2.0-84968531360
33014,33015,2-s2.0-84965031449
33020,33021,2-s2.0-84964345571
33022,33023,2-s2.0-84964300514
33023,33024,2-s2.0-84964053982
33030,33031,2-s2.0-84962859930
33035,33036,2-s2.0-84962189623
33045,33046,2-s2.0-84960928403
33046,33047,2-s2.0-84960839672
33053,33054,2-s2.0-84960388786
33059,33060,2-s2.0-84959522379
33060,33061,2-s2.0-84959476029
33068,33069,2-s2.0-84959123691
33073,33074,2-s2.0-84958691081
33074,33075,2-s2.0-84958550015
33081,33082,2-s2.0-84957922257
33087,33088,2-s2.0-84957402204
33088,33089,2-s2.0-84957076315
33092,33093,2-s2.0-84956701173
33095,33096,2-s2.0-84955469253
33099,33100,2-s2.0-84955105159
33100,33101,2-s2.0-84954618973
33106,33107,2-s2.0-84951866534
33128,33129,2-s2.0-84940717403
33137,33138,2-s2.0-105013644449
33139,33140,2-s2.0-105013513675
33140,33141,2-s2.0-105013150308
33146,33147,2-s2.0-105011354407
33147,33148,2-s2.0-105011352944
33157,33158,2-s2.0-85212756442
33160,33161,2-s2.0-85219701606
33181,33182,2-s2.0-105013464687
33182,33183,2-s2.0-105012984056
33185,33186,2-s2.0-105012756080
33190,33191,2-s2.0-105011712875
33193,33194,2-s2.0-105011162687
33197,33198,2-s2.0-105010619704
33216,33217,2-s2.0-105008570994
33226,33227,2-s2.0-105007635620
33234,33235,2-s2.0-105005519863
33238,33239,2-s2.0-105004670577
33239,33240,2-s2.0-105004433740
33247,33248,2-s2.0-105002896598
33248,33249,2-s2.0-105002667406
33264,33265,2-s2.0-105013198193
33270,33271,2-s2.0-105009007809
33278,33279,2-s2.0-105012196704
33279,33280,2-s2.0-105012125488
33281,33282,2-s2.0-105011753158
33288,33289,2-s2.0-105009417972
33294,33295,2-s2.0-105007796209
33302,33303,2-s2.0-86000744470
33308,33309,2-s2.0-85217249803
33315,33316,2-s2.0-85196413847
33325,33326,2-s2.0-105012284418
33328,33329,2-s2.0-105011741336
33331,33332,2-s2.0-105010105495
33335,33336,2-s2.0-105007621928
33340,33341,2-s2.0-105005587771
33351,33352,2-s2.0-105003086087
33354,33355,2-s2.0-105001832778
33355,33356,2-s2.0-105001030455
33359,33360,2-s2.0-105012944870
33362,33363,2-s2.0-85217775807
33368,33369,2-s2.0-85207351612
33369,33370,2-s2.0-85203701755
33373,33374,2-s2.0-85200035050
33385,33386,2-s2.0-105012895106
33394,33395,2-s2.0-105011871245
33402,33403,2-s2.0-105011280277
33403,33404,2-s2.0-105011207024
33408,33409,2-s2.0-105009869210
33431,33432,2-s2.0-105005890246
33437,33438,2-s2.0-105005108412
33446,33447,2-s2.0-105002149378
33447,33448,2-s2.0-105001710960
33452,33453,2-s2.0-105000832924
33456,33457,2-s2.0-105013155831
33460,33461,2-s2.0-105013619925
33461,33462,2-s2.0-105013616048
33462,33463,2-s2.0-105009271604
33463,33464,2-s2.0-105007914572
33466,33467,2-s2.0-105011846151
33469,33470,2-s2.0-105013071275
33481,33482,2-s2.0-105013445171
33488,33489,2-s2.0-105011699532
33495,33496,2-s2.0-105012910522
33497,33498,2-s2.0-85219544404
33498,33499,2-s2.0-85218782345
33505,33506,2-s2.0-85217409101
33507,33508,2-s2.0-85214711942
33520,33521,2-s2.0-105013092389
33525,33526,2-s2.0-105012227506
33528,33529,2-s2.0-105011733895
33535,33536,2-s2.0-105011617556
33538,33539,2-s2.0-105011544246
33540,33541,2-s2.0-105011537644
33545,33546,2-s2.0-105011504448
33547,33548,2-s2.0-105011499805
33549,33550,2-s2.0-105011496539
33553,33554,2-s2.0-105011319022
33555,33556,2-s2.0-105010844995
33556,33557,2-s2.0-105010765138
33557,33558,2-s2.0-105010694319
33558,33559,2-s2.0-105010599416
33564,33565,2-s2.0-105008957165
33569,33570,2-s2.0-105007534350
33576,33577,2-s2.0-105005443482
33578,33579,2-s2.0-105004889113
33584,33585,2-s2.0-105000965755
33586,33587,2-s2.0-105013163543
33591,33592,2-s2.0-105010089717
33594,33595,2-s2.0-105009318236
33595,33596,2-s2.0-105012671812
33601,33602,2-s2.0-105011823438
33606,33607,2-s2.0-105010633152
33607,33608,2-s2.0-105010604012
33608,33609,2-s2.0-105010597096
33611,33612,2-s2.0-105010329733
33626,33627,2-s2.0-105009052783
33627,33628,2-s2.0-105008528939
33628,33629,2-s2.0-105012334182
33631,33632,2-s2.0-105008080908
33638,33639,2-s2.0-105009232367
33639,33640,2-s2.0-105009228911
33644,33645,2-s2.0-105009215985
33647,33648,2-s2.0-105009208240
33650,33651,2-s2.0-105011412502
33655,33656,2-s2.0-105011410049
33660,33661,2-s2.0-85218838528
33678,33679,2-s2.0-85216525085
33679,33680,2-s2.0-85215369994
33686,33687,2-s2.0-85213727143
33697,33698,2-s2.0-85211170277
33702,33703,2-s2.0-85207682067
33704,33705,2-s2.0-85206827748
33716,33717,2-s2.0-85193725838
33719,33720,2-s2.0-85191940769
33731,33732,2-s2.0-105010652340
33734,33735,2-s2.0-105010313819
33741,33742,2-s2.0-105009907693
33742,33743,2-s2.0-105009881203
33750,33751,2-s2.0-105009299904
33753,33754,2-s2.0-105009276754
33756,33757,2-s2.0-105009270160
33761,33762,2-s2.0-105009258820
33763,33764,2-s2.0-105009212769
33769,33770,2-s2.0-105008957965
33772,33773,2-s2.0-105008915086
33773,33774,2-s2.0-105008507030
33774,33775,2-s2.0-105008421451
33777,33778,2-s2.0-105007788798
33781,33782,2-s2.0-105007745916
33782,33783,2-s2.0-105007745819
33787,33788,2-s2.0-105007549091
33794,33795,2-s2.0-105006811746
33801,33802,2-s2.0-105005649083
33802,33803,2-s2.0-105005265719
33804,33805,2-s2.0-105005120079
33809,33810,2-s2.0-105004041062
33814,33815,2-s2.0-105003560226
33816,33817,2-s2.0-105003323406
33818,33819,2-s2.0-105002888134
33819,33820,2-s2.0-105002742309
33820,33821,2-s2.0-105002667934
33824,33825,2-s2.0-105002319576
33831,33832,2-s2.0-105001497493
33835,33836,2-s2.0-105000543802
33836,33837,2-s2.0-105007975348
33839,33840,2-s2.0-105011885797
33844,33845,2-s2.0-105007892545
33847,33848,2-s2.0-105007677171
33856,33857,2-s2.0-105007100184
33857,33858,2-s2.0-105007099840
33861,33862,2-s2.0-105006720394
33865,33866,2-s2.0-105003987362
33873,33874,2-s2.0-105008285541
33874,33875,2-s2.0-105007288992
33886,33887,2-s2.0-86000663890
33892,33893,2-s2.0-85219093190
33895,33896,2-s2.0-85218773217
33897,33898,2-s2.0-85218108896
33900,33901,2-s2.0-85218078868
33921,33922,2-s2.0-85189502271
33935,33936,2-s2.0-105006786890
33944,33945,2-s2.0-105006570955
33953,33954,2-s2.0-105004901007
33955,33956,2-s2.0-105004662455
33956,33957,2-s2.0-105004180093
33965,33966,2-s2.0-105002834417
33966,33967,2-s2.0-105002580039
33972,33973,2-s2.0-105002267335
33974,33975,2-s2.0-105002257780
33977,33978,2-s2.0-105002158708
33987,33988,2-s2.0-105000630449
34000,34001,2-s2.0-105005734818
34001,34002,2-s2.0-105005731018
34008,34009,2-s2.0-105012407759
34010,34011,2-s2.0-105004289733
34014,34015,2-s2.0-105002953104
34018,34019,2-s2.0-105004787513
34026,34027,2-s2.0-105003700558
34041,34042,2-s2.0-86000426923
34042,34043,2-s2.0-85219745580
34057,34058,2-s2.0-85217140814
34060,34061,2-s2.0-85216874420
34062,34063,2-s2.0-85216831338
34064,34065,2-s2.0-85216389789
34066,34067,2-s2.0-85215970696
34068,34069,2-s2.0-85215102696
34071,34072,2-s2.0-85214664212
34074,34075,2-s2.0-85211719003
34077,34078,2-s2.0-85210694785
34079,34080,2-s2.0-85196371027
34085,34086,2-s2.0-105010883564
34089,34090,2-s2.0-105007097336
34093,34094,2-s2.0-105005235208
34094,34095,2-s2.0-105005096244
34111,34112,2-s2.0-105003644771
34119,34120,2-s2.0-105003438506
34121,34122,2-s2.0-105003408038
34122,34123,2-s2.0-105003405867
34125,34126,2-s2.0-105003380630
34130,34131,2-s2.0-105002934849
34139,34140,2-s2.0-105001861969
34156,34157,2-s2.0-105002338296
34162,34163,2-s2.0-105002325618
34169,34170,2-s2.0-105002315040
34177,34178,2-s2.0-105002300602
34189,34190,2-s2.0-105002428031
34192,34193,2-s2.0-105007632948
34193,34194,2-s2.0-105003666378
34198,34199,2-s2.0-105001367000
34205,34206,2-s2.0-85214764293
34216,34217,2-s2.0-105000456409
34222,34223,2-s2.0-86000786942
34226,34227,2-s2.0-86000629183
34228,34229,2-s2.0-86000577179
34241,34242,2-s2.0-85218242750
34250,34251,2-s2.0-85215759398
34251,34252,2-s2.0-85214823817
34256,34257,2-s2.0-85213562092
34260,34261,2-s2.0-85211177211
34268,34269,2-s2.0-85208382126
34270,34271,2-s2.0-85207492092
34277,34278,2-s2.0-85197789110
34278,34279,2-s2.0-85197666469
34284,34285,2-s2.0-85189476343
34292,34293,2-s2.0-85172100250
34293,34294,2-s2.0-85166954932
34302,34303,2-s2.0-105010583759
34304,34305,2-s2.0-105008914483
34306,34307,2-s2.0-105007249834
34311,34312,2-s2.0-105005999616
34320,34321,2-s2.0-105004236203
34328,34329,2-s2.0-105002643662
34359,34360,2-s2.0-105001250075
34367,34368,2-s2.0-105001089111
34371,34372,2-s2.0-105001078352
34375,34376,2-s2.0-105001072919
34379,34380,2-s2.0-105001064481
34385,34386,2-s2.0-105000682580
34387,34388,2-s2.0-105000557933
34392,34393,2-s2.0-105000000517
34398,34399,2-s2.0-85217614750
34400,34401,2-s2.0-86000267981
34401,34402,2-s2.0-86000257927
34409,34410,2-s2.0-105005890432
34416,34417,2-s2.0-85218931116
34421,34422,2-s2.0-85218710857
34459,34460,2-s2.0-85217506548
34465,34466,2-s2.0-85214898904
34467,34468,2-s2.0-85212795467
34475,34476,2-s2.0-85210550375
34491,34492,2-s2.0-85205701505
34500,34501,2-s2.0-85202930697
34506,34507,2-s2.0-85198490237
34517,34518,2-s2.0-85185471206
34518,34519,2-s2.0-85183718425
34519,34520,2-s2.0-85183429881
34520,34521,2-s2.0-85178948750
34533,34534,2-s2.0-85214492216
34534,34535,2-s2.0-85196081717
34539,34540,2-s2.0-85219535582
34543,34544,2-s2.0-85219402270
34545,34546,2-s2.0-85219368143
34551,34552,2-s2.0-85219222833
34554,34555,2-s2.0-85214330310
34557,34558,2-s2.0-85218414774
34558,34559,2-s2.0-85181927729
34570,34571,2-s2.0-86000584760
34575,34576,2-s2.0-85213299627
34577,34578,2-s2.0-105004741631
34584,34585,2-s2.0-86000557978
34585,34586,2-s2.0-86000552495
34599,34600,2-s2.0-86000385705
34608,34609,2-s2.0-86000372203
34616,34617,2-s2.0-86000178957
34618,34619,2-s2.0-86000120445
34622,34623,2-s2.0-86000023478
34626,34627,2-s2.0-85219745460
34642,34643,2-s2.0-85219507393
34647,34648,2-s2.0-85219111846
34652,34653,2-s2.0-85219016638
34655,34656,2-s2.0-85218904738
34661,34662,2-s2.0-85218808585
34668,34669,2-s2.0-85218768923
34670,34671,2-s2.0-85218754293
34675,34676,2-s2.0-85218723922
34676,34677,2-s2.0-85218719277
34678,34679,2-s2.0-85218710340
34690,34691,2-s2.0-85218171856
34696,34697,2-s2.0-85218081712
34698,34699,2-s2.0-85218066722
34703,34704,2-s2.0-85218016712
34716,34717,2-s2.0-85217808851
34718,34719,2-s2.0-85217778970
34722,34723,2-s2.0-85217669823
34723,34724,2-s2.0-85217655558
34727,34728,2-s2.0-85217642684
34729,34730,2-s2.0-85217624492
34732,34733,2-s2.0-85217551506
34733,34734,2-s2.0-85217538481
34735,34736,2-s2.0-85217483850
34737,34738,2-s2.0-85217452075
34748,34749,2-s2.0-85217206319
34752,34753,2-s2.0-85217175389
34756,34757,2-s2.0-85217157913
34762,34763,2-s2.0-85217104829
34764,34765,2-s2.0-85217099010
34774,34775,2-s2.0-85217022217
34778,34779,2-s2.0-85216859634
34784,34785,2-s2.0-85216793990
34786,34787,2-s2.0-85216751656
34787,34788,2-s2.0-85216746681
34798,34799,2-s2.0-85216471235
34800,34801,2-s2.0-85216458532
34806,34807,2-s2.0-85216375119
34807,34808,2-s2.0-85216347857
34808,34809,2-s2.0-85216293755
34812,34813,2-s2.0-85216198600
34816,34817,2-s2.0-85216010571
34821,34822,2-s2.0-85215957686
34822,34823,2-s2.0-85215953360
34827,34828,2-s2.0-85215935711
34830,34831,2-s2.0-85215855077
34833,34834,2-s2.0-85215787018
34839,34840,2-s2.0-85215553718
34841,34842,2-s2.0-85215529118
34855,34856,2-s2.0-85215086550
34856,34857,2-s2.0-85214998656
34857,34858,2-s2.0-85214991067
34858,34859,2-s2.0-85214987918
34876,34877,2-s2.0-85214419164
34879,34880,2-s2.0-85214397501
34888,34889,2-s2.0-85214193309
34903,34904,2-s2.0-85213825209
34910,34911,2-s2.0-85213017922
34912,34913,2-s2.0-85212968672
34915,34916,2-s2.0-85212786564
34922,34923,2-s2.0-85212333621
34925,34926,2-s2.0-85212247577
34934,34935,2-s2.0-85211373529
34938,34939,2-s2.0-85211142663
34941,34942,2-s2.0-85210311196
34943,34944,2-s2.0-85210150799
34945,34946,2-s2.0-85210094811
34948,34949,2-s2.0-85210001291
34951,34952,2-s2.0-85209906843
34953,34954,2-s2.0-85209673896
34957,34958,2-s2.0-85209589973
34969,34970,2-s2.0-85207831596
34973,34974,2-s2.0-85207456796
34974,34975,2-s2.0-85207262052
34976,34977,2-s2.0-85206984530
34978,34979,2-s2.0-85206637032
34989,34990,2-s2.0-85205484477
35004,35005,2-s2.0-85202913206
35005,35006,2-s2.0-85202771222
35006,35007,2-s2.0-85202712741
35013,35014,2-s2.0-85199801866
35016,35017,2-s2.0-85199388055
35019,35020,2-s2.0-85198828795
35022,35023,2-s2.0-85197785995
35023,35024,2-s2.0-85197697944
35027,35028,2-s2.0-85197270352
35029,35030,2-s2.0-85196072613
35039,35040,2-s2.0-85190996608
35041,35042,2-s2.0-85190293650
35042,35043,2-s2.0-85189915005
35046,35047,2-s2.0-85189140557
35050,35051,2-s2.0-85187489730
35062,35063,2-s2.0-85181699369
35063,35064,2-s2.0-85180449160
35069,35070,2-s2.0-85174523718
35077,35078,2-s2.0-85165679133
35091,35092,2-s2.0-105013811223
35096,35097,2-s2.0-105013790379
35107,35108,2-s2.0-105013758910
35110,35111,2-s2.0-105013755705
35115,35116,2-s2.0-105013719772
35123,35124,2-s2.0-105013648795
35124,35125,2-s2.0-105013641681
35128,35129,2-s2.0-105013617188
35129,35130,2-s2.0-105013597499
35135,35136,2-s2.0-105013581735
35136,35137,2-s2.0-105013581632
35140,35141,2-s2.0-105013570504
35143,35144,2-s2.0-105013564437
35145,35146,2-s2.0-105013563270
35154,35155,2-s2.0-105013546364
35155,35156,2-s2.0-105013542758
35171,35172,2-s2.0-105013492468
35175,35176,2-s2.0-105013462930
35178,35179,2-s2.0-105013387671
35188,35189,2-s2.0-105013208913
35191,35192,2-s2.0-105013168139
35196,35197,2-s2.0-105013138280
35197,35198,2-s2.0-105013133910
35198,35199,2-s2.0-105013129752
35199,35200,2-s2.0-105013128418
35200,35201,2-s2.0-105013128252
35202,35203,2-s2.0-105013123850
35209,35210,2-s2.0-105013102913
35210,35211,2-s2.0-105013101068
35213,35214,2-s2.0-105013088670
35220,35221,2-s2.0-105013073960
35223,35224,2-s2.0-105013027907
35230,35231,2-s2.0-105013021650
35231,35232,2-s2.0-105013021311
35234,35235,2-s2.0-105013019833
35242,35243,2-s2.0-105012978195
35258,35259,2-s2.0-105012908288
35271,35272,2-s2.0-105012707736
35290,35291,2-s2.0-105012585465
35295,35296,2-s2.0-105012511424
35299,35300,2-s2.0-105012445506
35301,35302,2-s2.0-105012425966
35305,35306,2-s2.0-105012424215
35306,35307,2-s2.0-105012423560
35312,35313,2-s2.0-105012406387
35314,35315,2-s2.0-105012389286
35322,35323,2-s2.0-105012302469
35326,35327,2-s2.0-105012279890
35329,35330,2-s2.0-105012221208
35333,35334,2-s2.0-105012176906
35334,35335,2-s2.0-105012174749
35335,35336,2-s2.0-105012174151
35340,35341,2-s2.0-105012149604
35345,35346,2-s2.0-105012119285
35348,35349,2-s2.0-105012093719
35352,35353,2-s2.0-105012034442
35358,35359,2-s2.0-105012027508
35366,35367,2-s2.0-105011990177
35376,35377,2-s2.0-105011951662
35379,35380,2-s2.0-105011938414
35390,35391,2-s2.0-105011823875
35391,35392,2-s2.0-105011821774
35395,35396,2-s2.0-105011817210
35397,35398,2-s2.0-105011815577
35401,35402,2-s2.0-105011746043
35410,35411,2-s2.0-105011682700
35421,35422,2-s2.0-105011513881
35424,35425,2-s2.0-105011507996
35425,35426,2-s2.0-105011495420
35440,35441,2-s2.0-105011262507
35445,35446,2-s2.0-105011238001
35451,35452,2-s2.0-105011141745
35459,35460,2-s2.0-105011052586
35462,35463,2-s2.0-105011043830
35463,35464,2-s2.0-105011042913
35464,35465,2-s2.0-105011041631
35465,35466,2-s2.0-105011035854
35471,35472,2-s2.0-105010956792
35478,35479,2-s2.0-105010916722
35480,35481,2-s2.0-105010910762
35482,35483,2-s2.0-105010884741
35492,35493,2-s2.0-105010732807
35508,35509,2-s2.0-105010601773
35509,35510,2-s2.0-105010601452
35510,35511,2-s2.0-105010597534
35512,35513,2-s2.0-105010591501
35522,35523,2-s2.0-105010428099
35528,35529,2-s2.0-105010261920
35529,35530,2-s2.0-105010244542
35540,35541,2-s2.0-105010058898
35542,35543,2-s2.0-105010044866
35554,35555,2-s2.0-105009895068
35562,35563,2-s2.0-105009809134
35563,35564,2-s2.0-105009802286
35567,35568,2-s2.0-105009699341
35572,35573,2-s2.0-105009635511
35573,35574,2-s2.0-105009614878
35576,35577,2-s2.0-105009545231
35588,35589,2-s2.0-105009495709
35591,35592,2-s2.0-105009465094
35603,35604,2-s2.0-105009332135
35607,35608,2-s2.0-105009286698
35608,35609,2-s2.0-105009273254
35609,35610,2-s2.0-105009271661
35612,35613,2-s2.0-105009249070
35613,35614,2-s2.0-105009248866
35618,35619,2-s2.0-105009230451
35622,35623,2-s2.0-105009225727
35628,35629,2-s2.0-105009208954
35635,35636,2-s2.0-105009111615
35655,35656,2-s2.0-105008809759
35663,35664,2-s2.0-105008704204
35667,35668,2-s2.0-105008671843
35671,35672,2-s2.0-105008579758
35682,35683,2-s2.0-105008490732
35683,35684,2-s2.0-105008482396
35686,35687,2-s2.0-105008451929
35695,35696,2-s2.0-105008317449
35715,35716,2-s2.0-105008222654
35716,35717,2-s2.0-105008220671
35717,35718,2-s2.0-105008218868
35726,35727,2-s2.0-105008207903
35734,35735,2-s2.0-105008203541
35739,35740,2-s2.0-105008198510
35740,35741,2-s2.0-105008197853
35743,35744,2-s2.0-105008195189
35749,35750,2-s2.0-105008186040
35755,35756,2-s2.0-105008180944
35758,35759,2-s2.0-105008177908
35762,35763,2-s2.0-105008176103
35763,35764,2-s2.0-105008175916
35764,35765,2-s2.0-105008160075
35769,35770,2-s2.0-105008005544
35770,35771,2-s2.0-105008001611
35774,35775,2-s2.0-105007942049
35780,35781,2-s2.0-105007883795
35792,35793,2-s2.0-105007764560
35814,35815,2-s2.0-105007529506
35827,35828,2-s2.0-105007411844
35842,35843,2-s2.0-105007315031
35848,35849,2-s2.0-105007249322
35853,35854,2-s2.0-105007201951
35858,35859,2-s2.0-105007149780
35862,35863,2-s2.0-105007139607
35868,35869,2-s2.0-105007088276
35873,35874,2-s2.0-105007033834
35876,35877,2-s2.0-105007029710
35883,35884,2-s2.0-105006975495
35889,35890,2-s2.0-105006913289
35891,35892,2-s2.0-105006901598
35899,35900,2-s2.0-105006845961
35906,35907,2-s2.0-105006821176
35915,35916,2-s2.0-105006790058
35916,35917,2-s2.0-105006788880
35921,35922,2-s2.0-105006745707
35925,35926,2-s2.0-105006664560
35933,35934,2-s2.0-105006530454
35938,35939,2-s2.0-105006463307
35944,35945,2-s2.0-105005946916
35947,35948,2-s2.0-105005910132
35978,35979,2-s2.0-105005719729
35979,35980,2-s2.0-105005714510
35983,35984,2-s2.0-105005640005
35984,35985,2-s2.0-105005633603
35990,35991,2-s2.0-105005583242
35998,35999,2-s2.0-105005443412
36005,36006,2-s2.0-105005291625
36016,36017,2-s2.0-105005160607
36018,36019,2-s2.0-105005147851
36021,36022,2-s2.0-105005140362
36024,36025,2-s2.0-105005138317
36040,36041,2-s2.0-105005034130
36042,36043,2-s2.0-105005032260
36061,36062,2-s2.0-105004851598
36063,36064,2-s2.0-105004816401
36071,36072,2-s2.0-105004734095
36072,36073,2-s2.0-105004640282
36075,36076,2-s2.0-105004629059
36092,36093,2-s2.0-105004558074
36103,36104,2-s2.0-105004450032
36105,36106,2-s2.0-105004437107
36110,36111,2-s2.0-105004370802
36112,36113,2-s2.0-105004349706
36123,36124,2-s2.0-105004229788
36126,36127,2-s2.0-105004171844
36139,36140,2-s2.0-105004006772
36147,36148,2-s2.0-105003936393
36157,36158,2-s2.0-105003815319
36160,36161,2-s2.0-105003769720
36162,36163,2-s2.0-105003768272
36167,36168,2-s2.0-105003733763
36171,36172,2-s2.0-105003715828
36176,36177,2-s2.0-105003655754
36180,36181,2-s2.0-105003640556
36191,36192,2-s2.0-105003630611
36192,36193,2-s2.0-105003629422
36193,36194,2-s2.0-105003629290
36199,36200,2-s2.0-105003589022
36200,36201,2-s2.0-105003588014
36202,36203,2-s2.0-105003532295
36210,36211,2-s2.0-105003426144
36219,36220,2-s2.0-105003376083
36229,36230,2-s2.0-105003252513
36241,36242,2-s2.0-105003195197
36247,36248,2-s2.0-105003151537
36249,36250,2-s2.0-105003140629
36251,36252,2-s2.0-105003129899
36252,36253,2-s2.0-105003108266
36269,36270,2-s2.0-105002760617
36270,36271,2-s2.0-105002737530
36271,36272,2-s2.0-105002735246
36278,36279,2-s2.0-105002696014
36283,36284,2-s2.0-105002642922
36286,36287,2-s2.0-105002604733
36290,36291,2-s2.0-105002556824
36292,36293,2-s2.0-105002528863
36297,36298,2-s2.0-105002458453
36298,36299,2-s2.0-105002452777
36306,36307,2-s2.0-105002425559
36318,36319,2-s2.0-105002251969
36322,36323,2-s2.0-105002204976
36327,36328,2-s2.0-105002162444
36329,36330,2-s2.0-105002133234
36331,36332,2-s2.0-105002074838
36335,36336,2-s2.0-105002043671
36338,36339,2-s2.0-105002006602
36339,36340,2-s2.0-105002005141
36343,36344,2-s2.0-105001990790
36345,36346,2-s2.0-105001988805
36346,36347,2-s2.0-105001986603
36362,36363,2-s2.0-105001838973
36363,36364,2-s2.0-105001832197
36364,36365,2-s2.0-105001830132
36368,36369,2-s2.0-105001821275
36369,36370,2-s2.0-105001806298
36373,36374,2-s2.0-105001798868
36390,36391,2-s2.0-105001569855
36391,36392,2-s2.0-105001547416
36397,36398,2-s2.0-105001496711
36404,36405,2-s2.0-105001427757
36406,36407,2-s2.0-105001417760
36409,36410,2-s2.0-105001414169
36411,36412,2-s2.0-105001391464
36417,36418,2-s2.0-105001364265
36424,36425,2-s2.0-105001341510
36426,36427,2-s2.0-105001338784
36434,36435,2-s2.0-105001278969
36444,36445,2-s2.0-105001193387
36452,36453,2-s2.0-105001082946
36455,36456,2-s2.0-105001070652
36456,36457,2-s2.0-105001062546
36458,36459,2-s2.0-105001044227
36459,36460,2-s2.0-105001039981
36472,36473,2-s2.0-105000747068
36475,36476,2-s2.0-105000723912
36476,36477,2-s2.0-105000723253
36486,36487,2-s2.0-105000501328
36506,36507,2-s2.0-105000165241
36518,36519,2-s2.0-105000028840
36521,36522,2-s2.0-85215093662
36525,36526,2-s2.0-85201419100
36537,36538,2-s2.0-85212791938
36540,36541,2-s2.0-105008596790
36542,36543,2-s2.0-105008588144
36544,36545,2-s2.0-85219616355
36548,36549,2-s2.0-85209952664
36560,36561,2-s2.0-85212960417
36565,36566,2-s2.0-85212931350
36575,36576,2-s2.0-85218848369
36580,36581,2-s2.0-85217717304
36586,36587,2-s2.0-85217377269
36598,36599,2-s2.0-85214406854
36618,36619,2-s2.0-85212970210
36619,36620,2-s2.0-85212961437
36631,36632,2-s2.0-85212520634
36634,36635,2-s2.0-85212400601
36643,36644,2-s2.0-85211768956
36645,36646,2-s2.0-85211466157
36656,36657,2-s2.0-85211129775
36658,36659,2-s2.0-85211114811
36659,36660,2-s2.0-85211108869
36662,36663,2-s2.0-85211082498
36678,36679,2-s2.0-85209895336
36690,36691,2-s2.0-85209174611
36708,36709,2-s2.0-85207830842
36713,36714,2-s2.0-85207383901
36720,36721,2-s2.0-85206620827
36724,36725,2-s2.0-85206183215
36725,36726,2-s2.0-85206086210
36728,36729,2-s2.0-85205984425
36729,36730,2-s2.0-85205967834
36735,36736,2-s2.0-85205773150
36737,36738,2-s2.0-85205421546
36740,36741,2-s2.0-85205306967
36751,36752,2-s2.0-85204567976
36752,36753,2-s2.0-85204550051
36754,36755,2-s2.0-85204313587
36762,36763,2-s2.0-85204051493
36765,36766,2-s2.0-85203620103
36766,36767,2-s2.0-85203549926
36767,36768,2-s2.0-85203534726
36769,36770,2-s2.0-85203258184
36771,36772,2-s2.0-85203124307
36789,36790,2-s2.0-85200040636
36798,36799,2-s2.0-85198256980
36801,36802,2-s2.0-85197727802
36806,36807,2-s2.0-85196804274
36816,36817,2-s2.0-85195386049
36819,36820,2-s2.0-85194838950
36830,36831,2-s2.0-85191048905
36832,36833,2-s2.0-85190455254
36833,36834,2-s2.0-85190268317
36835,36836,2-s2.0-85189815398
36836,36837,2-s2.0-85189649500
36847,36848,2-s2.0-85187876897
36850,36851,2-s2.0-85186581331
36859,36860,2-s2.0-85183016659
36862,36863,2-s2.0-85182805221
36863,36864,2-s2.0-85181729378
36868,36869,2-s2.0-85174502059
36872,36873,2-s2.0-85171376505
36876,36877,2-s2.0-85164930224
36883,36884,2-s2.0-85140114035
36886,36887,2-s2.0-105009592465
36888,36889,2-s2.0-105006820199
36897,36898,2-s2.0-105000221747
36898,36899,2-s2.0-85212520370
36908,36909,2-s2.0-85210819430
36910,36911,2-s2.0-85212910896
36919,36920,2-s2.0-105001887845
36923,36924,2-s2.0-85215708516
36926,36927,2-s2.0-85207458966
36931,36932,2-s2.0-85210250027
36934,36935,2-s2.0-85208648806
36935,36936,2-s2.0-85208642142
36941,36942,2-s2.0-85208390971
36942,36943,2-s2.0-85207123710
36946,36947,2-s2.0-85197673696
36948,36949,2-s2.0-85206809343
36949,36950,2-s2.0-85215629827
36952,36953,2-s2.0-85215602275
36953,36954,2-s2.0-85215594641
36955,36956,2-s2.0-85215592053
36957,36958,2-s2.0-85215582518
36958,36959,2-s2.0-85215579803
36965,36966,2-s2.0-85215378357
36972,36973,2-s2.0-85211152469
36981,36982,2-s2.0-85210559003
36984,36985,2-s2.0-85210378809
36985,36986,2-s2.0-85210371277
36990,36991,2-s2.0-85210171877
36993,36994,2-s2.0-85209785528
36997,36998,2-s2.0-85208943855
37005,37006,2-s2.0-85206477784
37007,37008,2-s2.0-85205301807
37009,37010,2-s2.0-85204364005
37014,37015,2-s2.0-85203267694
37021,37022,2-s2.0-85201977447
37028,37029,2-s2.0-85200975015
37037,37038,2-s2.0-85199788787
37049,37050,2-s2.0-85192259881
37052,37053,2-s2.0-85190998797
37064,37065,2-s2.0-85153038332
37079,37080,2-s2.0-85216347068
37085,37086,2-s2.0-85206416620
37086,37087,2-s2.0-85206414827
37095,37096,2-s2.0-85207177798
37097,37098,2-s2.0-85207167170
37102,37103,2-s2.0-105001572484
37106,37107,2-s2.0-85207072657
37114,37115,2-s2.0-85211180581
37118,37119,2-s2.0-85210108424
37119,37120,2-s2.0-85210035448
37121,37122,2-s2.0-85209749094
37127,37128,2-s2.0-85208138796
37128,37129,2-s2.0-85208106701
37129,37130,2-s2.0-85208079009
37130,37131,2-s2.0-85207773986
37132,37133,2-s2.0-85207721898
37134,37135,2-s2.0-85207721309
37141,37142,2-s2.0-85207708433
37142,37143,2-s2.0-85207477331
37175,37176,2-s2.0-85199485925
37180,37181,2-s2.0-85199424985
37183,37184,2-s2.0-85198419200
37186,37187,2-s2.0-85197935860
37187,37188,2-s2.0-85197922988
37188,37189,2-s2.0-85197653231
37189,37190,2-s2.0-85197527391
37192,37193,2-s2.0-85197102747
37200,37201,2-s2.0-85195513373
37212,37213,2-s2.0-85193278978
37216,37217,2-s2.0-85190496293
37217,37218,2-s2.0-85189622350
37222,37223,2-s2.0-85185144271
37225,37226,2-s2.0-85181459677
37229,37230,2-s2.0-85179366348
37230,37231,2-s2.0-85178951878
37248,37249,2-s2.0-85196936144
37251,37252,2-s2.0-85207308910
37254,37255,2-s2.0-85209182522
37262,37263,2-s2.0-85214131490
37273,37274,2-s2.0-85204399777
37280,37281,2-s2.0-85218948211
37289,37290,2-s2.0-85212677666
37291,37292,2-s2.0-85211178989
37295,37296,2-s2.0-85209766579
37300,37301,2-s2.0-85209749012
37311,37312,2-s2.0-85206360830
37313,37314,2-s2.0-85206256937
37319,37320,2-s2.0-85205235347
37330,37331,2-s2.0-85204050480
37331,37332,2-s2.0-85204023139
37340,37341,2-s2.0-85201762702
37341,37342,2-s2.0-85201691839
37344,37345,2-s2.0-85201549387
37346,37347,2-s2.0-85201368900
37352,37353,2-s2.0-85200796073
37353,37354,2-s2.0-85200791631
37355,37356,2-s2.0-85200747736
37359,37360,2-s2.0-85200673854
37360,37361,2-s2.0-85200578458
37361,37362,2-s2.0-85200193654
37373,37374,2-s2.0-85199126849
37382,37383,2-s2.0-85198114012
37390,37391,2-s2.0-85196165182
37399,37400,2-s2.0-85194750115
37413,37414,2-s2.0-85187429999
37422,37423,2-s2.0-85182989583
37427,37428,2-s2.0-85165089898
37429,37430,2-s2.0-85162247522
37430,37431,2-s2.0-85161997341
37441,37442,2-s2.0-85203439008
37442,37443,2-s2.0-85201457613
37444,37445,2-s2.0-85205917402
37447,37448,2-s2.0-85194502446
37449,37450,2-s2.0-85205216307
37454,37455,2-s2.0-85204847020
37461,37462,2-s2.0-85202529547
37486,37487,2-s2.0-85204405478
37490,37491,2-s2.0-85203465903
37491,37492,2-s2.0-85203438244
37495,37496,2-s2.0-85202753582
37496,37497,2-s2.0-85202640860
37497,37498,2-s2.0-85202636798
37502,37503,2-s2.0-85202606066
37519,37520,2-s2.0-85201398065
37525,37526,2-s2.0-85201101158
37543,37544,2-s2.0-85196798657
37553,37554,2-s2.0-85194267453
37561,37562,2-s2.0-85193228413
37563,37564,2-s2.0-85192998145
37577,37578,2-s2.0-85188475935
37585,37586,2-s2.0-85184474964
37590,37591,2-s2.0-85180195547
37605,37606,2-s2.0-85126058124
37617,37618,2-s2.0-85202714465
37620,37621,2-s2.0-85200544162
37625,37626,2-s2.0-85201115367
37630,37631,2-s2.0-85201097939
37634,37635,2-s2.0-85201073245
37637,37638,2-s2.0-85191879063
37644,37645,2-s2.0-85199884899
37646,37647,2-s2.0-85198644589
37653,37654,2-s2.0-85198625921
37654,37655,2-s2.0-85199786318
37661,37662,2-s2.0-85208743094
37665,37666,2-s2.0-85208712814
37666,37667,2-s2.0-85208711351
37688,37689,2-s2.0-85201900057
37690,37691,2-s2.0-85201541891
37691,37692,2-s2.0-85201219231
37700,37701,2-s2.0-85200169144
37701,37702,2-s2.0-85199879438
37707,37708,2-s2.0-85199659301
37715,37716,2-s2.0-85199581732
37718,37719,2-s2.0-85199520347
37724,37725,2-s2.0-85198706358
37725,37726,2-s2.0-85198668033
37731,37732,2-s2.0-85197386492
37737,37738,2-s2.0-85195875782
37752,37753,2-s2.0-85189168848
37754,37755,2-s2.0-85188168522
37756,37757,2-s2.0-85187116798
37771,37772,2-s2.0-85171560208
37784,37785,2-s2.0-85209894437
37797,37798,2-s2.0-85202079097
37808,37809,2-s2.0-85202075929
37811,37812,2-s2.0-85202074890
37812,37813,2-s2.0-85202074547
37823,37824,2-s2.0-85202069227
37836,37837,2-s2.0-85202066314
37850,37851,2-s2.0-85202063149
37851,37852,2-s2.0-85202062410
37854,37855,2-s2.0-85202061259
37858,37859,2-s2.0-85202060002
37873,37874,2-s2.0-85202054955
37874,37875,2-s2.0-85202054829
37883,37884,2-s2.0-85202050888
37891,37892,2-s2.0-85202048684
37895,37896,2-s2.0-85202046866
37899,37900,2-s2.0-85202045448
37901,37902,2-s2.0-85202044003
37911,37912,2-s2.0-85202040671
37917,37918,2-s2.0-85202038493
37919,37920,2-s2.0-85202037936
37923,37924,2-s2.0-85202036082
37924,37925,2-s2.0-85202035948
37927,37928,2-s2.0-85202035543
37940,37941,2-s2.0-85202032996
37944,37945,2-s2.0-85202031102
37946,37947,2-s2.0-85202030424
37950,37951,2-s2.0-85202028297
37956,37957,2-s2.0-85202026048
37970,37971,2-s2.0-85202020829
37977,37978,2-s2.0-85202018413
37983,37984,2-s2.0-85202016928
37986,37987,2-s2.0-85202016564
37987,37988,2-s2.0-85202016507
38001,38002,2-s2.0-85202013558
38006,38007,2-s2.0-85202012323
38017,38018,2-s2.0-85202009765
38021,38022,2-s2.0-85205367598
38023,38024,2-s2.0-85205356404
38030,38031,2-s2.0-85197137756
38036,38037,2-s2.0-85202743432
38040,38041,2-s2.0-85196812098
38042,38043,2-s2.0-85193734230
38045,38046,2-s2.0-85196500694
38048,38049,2-s2.0-85201549234
38060,38061,2-s2.0-85213852679
38064,38065,2-s2.0-85210450139
38067,38068,2-s2.0-85207207310
38071,38072,2-s2.0-85203279688
38076,38077,2-s2.0-85201523074
38077,38078,2-s2.0-85201297878
38080,38081,2-s2.0-85200376690
38082,38083,2-s2.0-85199402301
38086,38087,2-s2.0-85198751143
38088,38089,2-s2.0-85198397682
38094,38095,2-s2.0-85198052808
38098,38099,2-s2.0-85197741637
38099,38100,2-s2.0-85197275033
38103,38104,2-s2.0-85197190780
38108,38109,2-s2.0-85197149823
38112,38113,2-s2.0-85197135549
38115,38116,2-s2.0-85196903968
38118,38119,2-s2.0-85196779490
38129,38130,2-s2.0-85195462727
38135,38136,2-s2.0-85194141514
38139,38140,2-s2.0-85193714466
38141,38142,2-s2.0-85193692679
38145,38146,2-s2.0-85193414409
38146,38147,2-s2.0-85193331778
38150,38151,2-s2.0-85192839063
38161,38162,2-s2.0-85191832232
38163,38164,2-s2.0-85191722632
38165,38166,2-s2.0-85190824002
38169,38170,2-s2.0-85190673300
38171,38172,2-s2.0-85190655380
38178,38179,2-s2.0-85189804918
38179,38180,2-s2.0-85189561192
38182,38183,2-s2.0-85189455224
38194,38195,2-s2.0-85187006929
38195,38196,2-s2.0-85186937938
38198,38199,2-s2.0-85186843813
38205,38206,2-s2.0-85182946901
38216,38217,2-s2.0-85179682484
38219,38220,2-s2.0-85178245614
38223,38224,2-s2.0-85176767409
38231,38232,2-s2.0-85169824047
38235,38236,2-s2.0-85161466081
38239,38240,2-s2.0-85156258793
38244,38245,2-s2.0-85148509701
38247,38248,2-s2.0-85144575976
38250,38251,2-s2.0-85131077745
38255,38256,2-s2.0-105003954994
38263,38264,2-s2.0-85194747241
38266,38267,2-s2.0-85194719421
38267,38268,2-s2.0-85194717922
38269,38270,2-s2.0-85194715721
38270,38271,2-s2.0-85194713781
38278,38279,2-s2.0-85194073871
38285,38286,2-s2.0-85192046992
38292,38293,2-s2.0-85195628944
38302,38303,2-s2.0-85217037908
38306,38307,2-s2.0-85202904521
38307,38308,2-s2.0-85202885205
38311,38312,2-s2.0-85201199936
38323,38324,2-s2.0-85195828843
38331,38332,2-s2.0-85194910485
38338,38339,2-s2.0-85194247012
38348,38349,2-s2.0-85194070698
38358,38359,2-s2.0-85190762876
38359,38360,2-s2.0-85190495262
38362,38363,2-s2.0-85190127751
38367,38368,2-s2.0-85188553241
38373,38374,2-s2.0-85186555625
38374,38375,2-s2.0-85186463739
38377,38378,2-s2.0-85185678734
38382,38383,2-s2.0-85180484653
38398,38399,2-s2.0-85193022088
38408,38409,2-s2.0-85192970422
38411,38412,2-s2.0-85192845422
38415,38416,2-s2.0-105011396091
38419,38420,2-s2.0-85192017931
38420,38421,2-s2.0-85191987911
38425,38426,2-s2.0-85191963301
38426,38427,2-s2.0-85191957105
38428,38429,2-s2.0-85191945558
38443,38444,2-s2.0-85190985093
38448,38449,2-s2.0-85190950153
38449,38450,2-s2.0-85190945189
38452,38453,2-s2.0-85190871452
38458,38459,2-s2.0-85203712522
38464,38465,2-s2.0-85190691100
38469,38470,2-s2.0-85190662981
38472,38473,2-s2.0-85214787381
38477,38478,2-s2.0-85195520887
38485,38486,2-s2.0-85193575670
38490,38491,2-s2.0-85192305173
38498,38499,2-s2.0-85191331745
38508,38509,2-s2.0-85190481414
38509,38510,2-s2.0-85190462172
38514,38515,2-s2.0-85188512425
38520,38521,2-s2.0-85186998949
38528,38529,2-s2.0-85184740863
38529,38530,2-s2.0-85183962945
38539,38540,2-s2.0-85177180368
38548,38549,2-s2.0-85173524878
38556,38557,2-s2.0-85162963241
38568,38569,2-s2.0-85139789528
38579,38580,2-s2.0-85128820587
38580,38581,2-s2.0-85186442183
38582,38583,2-s2.0-85150774558
38586,38587,2-s2.0-85188657408
38590,38591,2-s2.0-85189309389
38592,38593,2-s2.0-85189295031
38593,38594,2-s2.0-85188566514
38596,38597,2-s2.0-85204467011
38600,38601,2-s2.0-85190835074
38607,38608,2-s2.0-85189169144
38609,38610,2-s2.0-85189151495
38614,38615,2-s2.0-85188425542
38625,38626,2-s2.0-85197908585
38635,38636,2-s2.0-85211730691
38644,38645,2-s2.0-85195674998
38651,38652,2-s2.0-85193228062
38654,38655,2-s2.0-85190960669
38662,38663,2-s2.0-85189133761
38666,38667,2-s2.0-85188822502
38668,38669,2-s2.0-85188820073
38692,38693,2-s2.0-85185611178
38697,38698,2-s2.0-85185172892
38702,38703,2-s2.0-85183833547
38706,38707,2-s2.0-85182703701
38713,38714,2-s2.0-85179808873
38722,38723,2-s2.0-85170063351
38723,38724,2-s2.0-85165871836
38727,38728,2-s2.0-85160699137
38728,38729,2-s2.0-85160609772
38729,38730,2-s2.0-85159801162
38735,38736,2-s2.0-85141749963
38745,38746,2-s2.0-85189128988
38746,38747,2-s2.0-85189063986
38750,38751,2-s2.0-85186538297
38753,38754,2-s2.0-85186524913
38754,38755,2-s2.0-85186521592
38755,38756,2-s2.0-85186521060
38761,38762,2-s2.0-85186517075
38770,38771,2-s2.0-85185226799
38778,38779,2-s2.0-85184589962
38783,38784,2-s2.0-85200677331
38787,38788,2-s2.0-85190476168
38790,38791,2-s2.0-85190423464
38799,38800,2-s2.0-85188427644
38803,38804,2-s2.0-85188277041
38819,38820,2-s2.0-85185930801
38821,38822,2-s2.0-85185930352
38827,38828,2-s2.0-85184503655
38830,38831,2-s2.0-85183996050
38832,38833,2-s2.0-85183109018
38844,38845,2-s2.0-85175971116
38845,38846,2-s2.0-85174578794
38847,38848,2-s2.0-85171309097
38852,38853,2-s2.0-85161868657
38857,38858,2-s2.0-85160263028
38860,38861,2-s2.0-85153773904
38862,38863,2-s2.0-85138715022
38864,38865,2-s2.0-85137924413
38865,38866,2-s2.0-85136102968
38867,38868,2-s2.0-85185380332
38872,38873,2-s2.0-85184307296
38873,38874,2-s2.0-85193970296
38879,38880,2-s2.0-85184609241
38880,38881,2-s2.0-85184579458
38881,38882,2-s2.0-85184576563
38885,38886,2-s2.0-85183296618
38890,38891,2-s2.0-85182579277
38904,38905,2-s2.0-86000455553
38917,38918,2-s2.0-86000056834
38924,38925,2-s2.0-85219651660
38926,38927,2-s2.0-85219628636
38928,38929,2-s2.0-85219555730
38929,38930,2-s2.0-85219475011
38932,38933,2-s2.0-85219435527
38938,38939,2-s2.0-85219374782
38944,38945,2-s2.0-85219308421
38952,38953,2-s2.0-85219237995
38959,38960,2-s2.0-85219069069
38960,38961,2-s2.0-85218923882
38973,38974,2-s2.0-85218652701
38974,38975,2-s2.0-85218652018
38979,38980,2-s2.0-85218642115
38982,38983,2-s2.0-85218639847
38983,38984,2-s2.0-85218639660
38988,38989,2-s2.0-85218636608
38990,38991,2-s2.0-85218632657
38992,38993,2-s2.0-85218632059
38998,38999,2-s2.0-85218628921
39001,39002,2-s2.0-85218625948
39011,39012,2-s2.0-85218469649
39012,39013,2-s2.0-85218453756
39029,39030,2-s2.0-85218096275
39036,39037,2-s2.0-85218025850
39040,39041,2-s2.0-85217873045
39044,39045,2-s2.0-85217732406
39048,39049,2-s2.0-85217682474
39052,39053,2-s2.0-85217619703
39059,39060,2-s2.0-85217333930
39062,39063,2-s2.0-85217240750
39066,39067,2-s2.0-85217198874
39070,39071,2-s2.0-85217004329
39074,39075,2-s2.0-85216921148
39076,39077,2-s2.0-85216813793
39079,39080,2-s2.0-85216800151
39080,39081,2-s2.0-85216798385
39095,39096,2-s2.0-85216750988
39106,39107,2-s2.0-85216554850
39107,39108,2-s2.0-85216554823
39110,39111,2-s2.0-85216530103
39111,39112,2-s2.0-85216464973
39118,39119,2-s2.0-85216275885
39123,39124,2-s2.0-85216106077
39124,39125,2-s2.0-85216095574
39136,39137,2-s2.0-85215688790
39151,39152,2-s2.0-85215358921
39152,39153,2-s2.0-85215306553
39164,39165,2-s2.0-85214977630
39172,39173,2-s2.0-85214792101
39173,39174,2-s2.0-85214790029
39175,39176,2-s2.0-85214766111
39180,39181,2-s2.0-85214504690
39181,39182,2-s2.0-85214467834
39186,39187,2-s2.0-85214390694
39192,39193,2-s2.0-85214253347
39193,39194,2-s2.0-85214243887
39195,39196,2-s2.0-85214209246
39200,39201,2-s2.0-85214001260
39206,39207,2-s2.0-85213834097
39207,39208,2-s2.0-85213817519
39216,39217,2-s2.0-85213391392
39225,39226,2-s2.0-85213220106
39231,39232,2-s2.0-85213015998
39238,39239,2-s2.0-85212949123
39245,39246,2-s2.0-85212891417
39249,39250,2-s2.0-85212866757
39252,39253,2-s2.0-85212819649
39258,39259,2-s2.0-85212766320
39262,39263,2-s2.0-85212663109
39264,39265,2-s2.0-85212653498
39265,39266,2-s2.0-85212593942
39266,39267,2-s2.0-85212538096
39269,39270,2-s2.0-85212515455
39270,39271,2-s2.0-85212501869
39288,39289,2-s2.0-85212148797
39307,39308,2-s2.0-85212057839
39315,39316,2-s2.0-85212018784
39317,39318,2-s2.0-85212013596
39322,39323,2-s2.0-85211901347
39344,39345,2-s2.0-85211498513
39360,39361,2-s2.0-85211322606
39363,39364,2-s2.0-85211201973
39370,39371,2-s2.0-85211143003
39374,39375,2-s2.0-85211124941
39375,39376,2-s2.0-85211124447
39383,39384,2-s2.0-85211099234
39392,39393,2-s2.0-85210943996
39396,39397,2-s2.0-85210897659
39402,39403,2-s2.0-85210841319
39416,39417,2-s2.0-85210415097
39429,39430,2-s2.0-85210087520
39435,39436,2-s2.0-85209997162
39436,39437,2-s2.0-85209996148
39455,39456,2-s2.0-85209580177
39462,39463,2-s2.0-85209356130
39466,39467,2-s2.0-85209230554
39467,39468,2-s2.0-85209230044
39469,39470,2-s2.0-85209215614
39470,39471,2-s2.0-85209205846
39478,39479,2-s2.0-85209143055
39487,39488,2-s2.0-85208989859
39488,39489,2-s2.0-85208936596
39492,39493,2-s2.0-85208829143
39498,39499,2-s2.0-85208789575
39499,39500,2-s2.0-85208752949
39500,39501,2-s2.0-85208738736
39504,39505,2-s2.0-85208612157
39505,39506,2-s2.0-85208597381
39513,39514,2-s2.0-85208459619
39516,39517,2-s2.0-85208432898
39517,39518,2-s2.0-85208429587
39520,39521,2-s2.0-85208368006
39521,39522,2-s2.0-85208357045
39526,39527,2-s2.0-85208277262
39532,39533,2-s2.0-85208180969
39537,39538,2-s2.0-85207961293
39539,39540,2-s2.0-85207956082
39543,39544,2-s2.0-85207854963
39551,39552,2-s2.0-85207587533
39553,39554,2-s2.0-85207530258
39559,39560,2-s2.0-85207380228
39579,39580,2-s2.0-85207045845
39581,39582,2-s2.0-85207039935
39585,39586,2-s2.0-85207007624
39590,39591,2-s2.0-85206883555
39591,39592,2-s2.0-85206878199
39594,39595,2-s2.0-85206819220
39599,39600,2-s2.0-85206686106
39603,39604,2-s2.0-85206655139
39609,39610,2-s2.0-85206636657
39621,39622,2-s2.0-85206491429
39629,39630,2-s2.0-85206238210
39637,39638,2-s2.0-85206110852
39638,39639,2-s2.0-85206101012
39650,39651,2-s2.0-85206039069
39658,39659,2-s2.0-85205995808
39661,39662,2-s2.0-85205970135
39672,39673,2-s2.0-85205600941
39676,39677,2-s2.0-85205596004
39690,39691,2-s2.0-85205548581
39700,39701,2-s2.0-85205530714
39701,39702,2-s2.0-85205495823
39705,39706,2-s2.0-85205390601
39714,39715,2-s2.0-85205361132
39722,39723,2-s2.0-85205315321
39725,39726,2-s2.0-85205307616
39726,39727,2-s2.0-85205270421
39738,39739,2-s2.0-85205088504
39740,39741,2-s2.0-85205064279
39746,39747,2-s2.0-85204945404
39757,39758,2-s2.0-85204682341
39766,39767,2-s2.0-85204521663
39796,39797,2-s2.0-85204200683
39799,39800,2-s2.0-85204123503
39804,39805,2-s2.0-85204023517
39810,39811,2-s2.0-85203874008
39813,39814,2-s2.0-85203834870
39820,39821,2-s2.0-85203790175
39832,39833,2-s2.0-85203581021
39839,39840,2-s2.0-85203449273
39845,39846,2-s2.0-85203289119
39847,39848,2-s2.0-85203084742
39855,39856,2-s2.0-85202970202
39867,39868,2-s2.0-85202882303
39870,39871,2-s2.0-85202834737
39871,39872,2-s2.0-85202823610
39881,39882,2-s2.0-85202578371
39889,39890,2-s2.0-85202477019
39890,39891,2-s2.0-85202454228
39903,39904,2-s2.0-85202044951
39905,39906,2-s2.0-85202020074
39909,39910,2-s2.0-85201964931
39920,39921,2-s2.0-85201794830
39925,39926,2-s2.0-85201726082
39931,39932,2-s2.0-85201660561
39935,39936,2-s2.0-85201586304
39940,39941,2-s2.0-85201421626
39941,39942,2-s2.0-85201416271
39967,39968,2-s2.0-85201213606
39974,39975,2-s2.0-85201007298
39979,39980,2-s2.0-85200959441
39981,39982,2-s2.0-85200941835
39982,39983,2-s2.0-85200882701
39983,39984,2-s2.0-85200836142
39998,39999,2-s2.0-85200726188
40000,40001,2-s2.0-85200725320
40008,40009,2-s2.0-85200595926
40010,40011,2-s2.0-85200576219
40016,40017,2-s2.0-85200558590
40017,40018,2-s2.0-85200551961
40019,40020,2-s2.0-85200549278
40020,40021,2-s2.0-85200545471
40024,40025,2-s2.0-85200517180
40028,40029,2-s2.0-85200512096
40034,40035,2-s2.0-85200493101
40041,40042,2-s2.0-85200462034
40048,40049,2-s2.0-85200408652
40050,40051,2-s2.0-85200399597
40052,40053,2-s2.0-85200393585
40056,40057,2-s2.0-85200383843
40059,40060,2-s2.0-85200370105
40065,40066,2-s2.0-85200353119
40066,40067,2-s2.0-85200349549
40067,40068,2-s2.0-85200345052
40070,40071,2-s2.0-85200336506
40074,40075,2-s2.0-85200277140
40079,40080,2-s2.0-85200267071
40082,40083,2-s2.0-85200259830
40083,40084,2-s2.0-85200259277
40089,40090,2-s2.0-85200220675
40090,40091,2-s2.0-85200217373
40091,40092,2-s2.0-85200216921
40092,40093,2-s2.0-85200210518
40100,40101,2-s2.0-85200040487
40101,40102,2-s2.0-85200039559
40106,40107,2-s2.0-85199997804
40121,40122,2-s2.0-85199644029
40123,40124,2-s2.0-85199628356
40130,40131,2-s2.0-85199610746
40133,40134,2-s2.0-85199598248
40134,40135,2-s2.0-85199589237
40135,40136,2-s2.0-85199585195
40147,40148,2-s2.0-85199438465
40157,40158,2-s2.0-85199303327
40160,40161,2-s2.0-85199203528
40168,40169,2-s2.0-85199160288
40172,40173,2-s2.0-85199135738
40178,40179,2-s2.0-85199105799
40188,40189,2-s2.0-85199075738
40189,40190,2-s2.0-85199074207
40190,40191,2-s2.0-85199073726
40205,40206,2-s2.0-85199033851
40207,40208,2-s2.0-85199031966
40221,40222,2-s2.0-85198654765
40226,40227,2-s2.0-85198593690
40230,40231,2-s2.0-85198519597
40231,40232,2-s2.0-85198510961
40237,40238,2-s2.0-85198392322
40240,40241,2-s2.0-85198380171
40247,40248,2-s2.0-85198366475
40253,40254,2-s2.0-85198343448
40257,40258,2-s2.0-85198322981
40258,40259,2-s2.0-85198308559
40264,40265,2-s2.0-85198215416
40271,40272,2-s2.0-85198129752
40277,40278,2-s2.0-85197934522
40278,40279,2-s2.0-85197923083
40281,40282,2-s2.0-85197901282
40283,40284,2-s2.0-85197814232
40285,40286,2-s2.0-85197800728
40288,40289,2-s2.0-85197776322
40299,40300,2-s2.0-85197562782
40303,40304,2-s2.0-85197485596
40314,40315,2-s2.0-85197282740
40325,40326,2-s2.0-85197098011
40329,40330,2-s2.0-85196949330
40333,40334,2-s2.0-85196869916
40344,40345,2-s2.0-85196733116
40348,40349,2-s2.0-85196641429
40349,40350,2-s2.0-85196581953
40353,40354,2-s2.0-85196471591
40354,40355,2-s2.0-85196392793
40357,40358,2-s2.0-85196300987
40363,40364,2-s2.0-85196165943
40364,40365,2-s2.0-85196165897
40377,40378,2-s2.0-85195926500
40378,40379,2-s2.0-85195836410
40383,40384,2-s2.0-85195786059
40390,40391,2-s2.0-85195579480
40398,40399,2-s2.0-85195464907
40402,40403,2-s2.0-85195429708
40407,40408,2-s2.0-85195375952
40408,40409,2-s2.0-85195375360
40409,40410,2-s2.0-85195364294
40420,40421,2-s2.0-85195175244
40426,40427,2-s2.0-85195020165
40435,40436,2-s2.0-85194772655
40444,40445,2-s2.0-85194472260
40448,40449,2-s2.0-85194348223
40457,40458,2-s2.0-85194178002
40481,40482,2-s2.0-85193691456
40485,40486,2-s2.0-85193682598
40490,40491,2-s2.0-85193462823
40499,40500,2-s2.0-85193236312
40508,40509,2-s2.0-85192977910
40511,40512,2-s2.0-85192885000
40520,40521,2-s2.0-85192831056
40523,40524,2-s2.0-85192772748
40524,40525,2-s2.0-85192763122
40542,40543,2-s2.0-85192272711
40548,40549,2-s2.0-85192167567
40553,40554,2-s2.0-85192085798
40554,40555,2-s2.0-85192054891
40559,40560,2-s2.0-85192010112
40564,40565,2-s2.0-85191991627
40565,40566,2-s2.0-85191971655
40567,40568,2-s2.0-85191961146
40570,40571,2-s2.0-85191851938
40573,40574,2-s2.0-85191833613
40582,40583,2-s2.0-85191614947
40586,40587,2-s2.0-85191470768
40587,40588,2-s2.0-85191394280
40591,40592,2-s2.0-85191326066
40593,40594,2-s2.0-85191287407
40598,40599,2-s2.0-85191083369
40599,40600,2-s2.0-85191071305
40600,40601,2-s2.0-85191066041
40605,40606,2-s2.0-85190988051
40608,40609,2-s2.0-85190890313
40613,40614,2-s2.0-85190674209
40619,40620,2-s2.0-85190378304
40626,40627,2-s2.0-85190309221
40627,40628,2-s2.0-85190300508
40629,40630,2-s2.0-85190254993
40632,40633,2-s2.0-85190172823
40636,40637,2-s2.0-85189988028
40639,40640,2-s2.0-85189920013
40655,40656,2-s2.0-85189545637
40659,40660,2-s2.0-85189513408
40680,40681,2-s2.0-85189154479
40684,40685,2-s2.0-85189041760
40687,40688,2-s2.0-85188998573
40689,40690,2-s2.0-85188959555
40700,40701,2-s2.0-85188612703
40703,40704,2-s2.0-85188577557
40713,40714,2-s2.0-85188325455
40717,40718,2-s2.0-85188247645
40718,40719,2-s2.0-85188240392
40724,40725,2-s2.0-85188085420
40731,40732,2-s2.0-85187882564
40733,40734,2-s2.0-85187877470
40739,40740,2-s2.0-85187780703
40740,40741,2-s2.0-85187696946
40746,40747,2-s2.0-85187466487
40751,40752,2-s2.0-85187279319
40759,40760,2-s2.0-85187166342
40763,40764,2-s2.0-85187113863
40765,40766,2-s2.0-85187013340
40766,40767,2-s2.0-85187013115
40767,40768,2-s2.0-85187011662
40773,40774,2-s2.0-85186907224
40776,40777,2-s2.0-85186877227
40785,40786,2-s2.0-85186600174
40788,40789,2-s2.0-85186570037
40792,40793,2-s2.0-85186532460
40797,40798,2-s2.0-85186430840
40804,40805,2-s2.0-85186262386
40806,40807,2-s2.0-85186238144
40807,40808,2-s2.0-85186230646
40808,40809,2-s2.0-85186229105
40809,40810,2-s2.0-85186226065
40812,40813,2-s2.0-85185949671
40814,40815,2-s2.0-85185930861
40817,40818,2-s2.0-85185711985
40824,40825,2-s2.0-85185658352
40826,40827,2-s2.0-85185581640
40835,40836,2-s2.0-85185440625
40836,40837,2-s2.0-85185439677
40839,40840,2-s2.0-85185313829
40841,40842,2-s2.0-85185285788
40842,40843,2-s2.0-85185196314
40847,40848,2-s2.0-85185169475
40849,40850,2-s2.0-85185154519
40851,40852,2-s2.0-85185006494
40853,40854,2-s2.0-85184923673
40865,40866,2-s2.0-85184700148
40873,40874,2-s2.0-85184461139
40881,40882,2-s2.0-85184325250
40886,40887,2-s2.0-85184288818
40891,40892,2-s2.0-85184204292
40892,40893,2-s2.0-85184196623
40893,40894,2-s2.0-85184172158
40895,40896,2-s2.0-85184138828
40899,40900,2-s2.0-85183904029
40914,40915,2-s2.0-85183384648
40918,40919,2-s2.0-85183179542
40919,40920,2-s2.0-85183176558
40923,40924,2-s2.0-85183147317
40925,40926,2-s2.0-85183110169
40931,40932,2-s2.0-85182997696
40939,40940,2-s2.0-85182742795
40940,40941,2-s2.0-85182734519
40946,40947,2-s2.0-85182224448
40948,40949,2-s2.0-85182101370
40953,40954,2-s2.0-85181896040
40958,40959,2-s2.0-85181503248
40963,40964,2-s2.0-85181219682
40966,40967,2-s2.0-85180988978
40968,40969,2-s2.0-85180834433
40980,40981,2-s2.0-85180092014
40983,40984,2-s2.0-85180034120
40985,40986,2-s2.0-85179909193
40994,40995,2-s2.0-85179047906
40998,40999,2-s2.0-85178253959
41006,41007,2-s2.0-85176911181
41010,41011,2-s2.0-85176229712
41018,41019,2-s2.0-85175462609
41020,41021,2-s2.0-85175066049
41022,41023,2-s2.0-85174966537
41033,41034,2-s2.0-85174049916
41034,41035,2-s2.0-85174039617
41035,41036,2-s2.0-85173982522
41036,41037,2-s2.0-85173821327
41038,41039,2-s2.0-85173744122
41039,41040,2-s2.0-85173551065
41040,41041,2-s2.0-85173533853
41046,41047,2-s2.0-85171632261
41056,41057,2-s2.0-85169565876
41064,41065,2-s2.0-85166760801
41065,41066,2-s2.0-85166747487
41070,41071,2-s2.0-85165511443
41077,41078,2-s2.0-85162896240
41081,41082,2-s2.0-85161683459
41090,41091,2-s2.0-85159663350
41096,41097,2-s2.0-85158864061
41098,41099,2-s2.0-85153594748
41099,41100,2-s2.0-85153585045
41112,41113,2-s2.0-85150719725
41113,41114,2-s2.0-85150505252
41116,41117,2-s2.0-85149583926
41117,41118,2-s2.0-85149063798
41137,41138,2-s2.0-85146453410
41138,41139,2-s2.0-85146243897
41141,41142,2-s2.0-85146221722
41142,41143,2-s2.0-85145506656
41149,41150,2-s2.0-85142888872
41150,41151,2-s2.0-85142494217
41151,41152,2-s2.0-85142450572
41154,41155,2-s2.0-85141055115
41160,41161,2-s2.0-85139252826
41162,41163,2-s2.0-85139123124
41168,41169,2-s2.0-85137109187
41169,41170,2-s2.0-85136189836
41173,41174,2-s2.0-85135442356
41174,41175,2-s2.0-85135187373
41176,41177,2-s2.0-85134712680
41195,41196,2-s2.0-85127274804
41206,41207,2-s2.0-85123848625
41209,41210,2-s2.0-85121839487
41226,41227,2-s2.0-105010435428
41227,41228,2-s2.0-105010414467
41239,41240,2-s2.0-105008198693
41240,41241,2-s2.0-105008170632
41244,41245,2-s2.0-105008051799
41258,41259,2-s2.0-105007446178
41260,41261,2-s2.0-105007100273
41269,41270,2-s2.0-105005835164
41270,41271,2-s2.0-105005834283
41292,41293,2-s2.0-105005827366
41293,41294,2-s2.0-105005827130
41297,41298,2-s2.0-105005826490
41298,41299,2-s2.0-105005826211
41299,41300,2-s2.0-105005826145
41300,41301,2-s2.0-105005825943
41303,41304,2-s2.0-105005825339
41316,41317,2-s2.0-105005044945
41318,41319,2-s2.0-105004953482
41323,41324,2-s2.0-105004551342
41329,41330,2-s2.0-105004524017
41334,41335,2-s2.0-105004510194
41337,41338,2-s2.0-105004342342
41338,41339,2-s2.0-105004157021
41342,41343,2-s2.0-105004097017
41348,41349,2-s2.0-105003837076
41353,41354,2-s2.0-105003464078
41356,41357,2-s2.0-105003241819
41360,41361,2-s2.0-105002865252
41367,41368,2-s2.0-105002206285
41371,41372,2-s2.0-105002202363
41374,41375,2-s2.0-105002200323
41386,41387,2-s2.0-105001857762
41392,41393,2-s2.0-105001619931
41395,41396,2-s2.0-105001499281
41409,41410,2-s2.0-105000774583
41412,41413,2-s2.0-105000761204
41413,41414,2-s2.0-105000761194
41416,41417,2-s2.0-105000750758
41425,41426,2-s2.0-105000709374
41426,41427,2-s2.0-105000709084
41427,41428,2-s2.0-105000709032
41432,41433,2-s2.0-105000697523
41433,41434,2-s2.0-105000695231
41435,41436,2-s2.0-105000690721
41442,41443,2-s2.0-105000663710
41450,41451,2-s2.0-105000616551
41455,41456,2-s2.0-105000437476
41460,41461,2-s2.0-105000262378
41461,41462,2-s2.0-105000232371
41463,41464,2-s2.0-105000190047
41464,41465,2-s2.0-105000128920
41472,41473,2-s2.0-85181204688
41473,41474,2-s2.0-85180867517
41474,41475,2-s2.0-85180909142
41478,41479,2-s2.0-85180903616
41483,41484,2-s2.0-85183515948
41484,41485,2-s2.0-85183500829
41486,41487,2-s2.0-85180597780
41488,41489,2-s2.0-85192186379
41489,41490,2-s2.0-85180767388
41491,41492,2-s2.0-85176888359
41494,41495,2-s2.0-85183502407
41501,41502,2-s2.0-85179170725
41508,41509,2-s2.0-85173996360
41515,41516,2-s2.0-85206935523
41523,41524,2-s2.0-85187870386
41524,41525,2-s2.0-85186105245
41526,41527,2-s2.0-85185483193
41529,41530,2-s2.0-85184612851
41532,41533,2-s2.0-85184172754
41535,41536,2-s2.0-85183732095
41536,41537,2-s2.0-85183358910
41539,41540,2-s2.0-85181776395
41542,41543,2-s2.0-85181772171
41549,41550,2-s2.0-85181537451
41557,41558,2-s2.0-85180663131
41561,41562,2-s2.0-85180234937
41565,41566,2-s2.0-85179853570
41568,41569,2-s2.0-85179773942
41576,41577,2-s2.0-85178961299
41582,41583,2-s2.0-85177753878
41586,41587,2-s2.0-85177169556
41598,41599,2-s2.0-85175421986
41602,41603,2-s2.0-85175066501
41603,41604,2-s2.0-85175066064
41605,41606,2-s2.0-85175024478
41606,41607,2-s2.0-85174956339
41620,41621,2-s2.0-85173132154
41632,41633,2-s2.0-85168949590
41635,41636,2-s2.0-85168326461
41639,41640,2-s2.0-85167464326
41643,41644,2-s2.0-85166567591
41647,41648,2-s2.0-85165257457
41648,41649,2-s2.0-85164659720
41652,41653,2-s2.0-85163088803
41670,41671,2-s2.0-85158926199
41676,41677,2-s2.0-85152535129
41682,41683,2-s2.0-85150791908
41686,41687,2-s2.0-85149209614
41687,41688,2-s2.0-85148726321
41689,41690,2-s2.0-85147350157
41692,41693,2-s2.0-85146691674
41702,41703,2-s2.0-85139454717
41704,41705,2-s2.0-85136179890
41707,41708,2-s2.0-85127722911
41708,41709,2-s2.0-85124257505
41720,41721,2-s2.0-85175673920
41727,41728,2-s2.0-85175666448
41729,41730,2-s2.0-85195293222
41734,41735,2-s2.0-85141940796
41735,41736,2-s2.0-85182602451
41737,41738,2-s2.0-85203115822
41742,41743,2-s2.0-85175959508
41743,41744,2-s2.0-85172768790
41747,41748,2-s2.0-85134630173
41752,41753,2-s2.0-105001598064
41754,41755,2-s2.0-105001582191
41763,41764,2-s2.0-85192193426
41767,41768,2-s2.0-85182458072
41782,41783,2-s2.0-85178316787
41783,41784,2-s2.0-85178295289
41787,41788,2-s2.0-85178131432
41790,41791,2-s2.0-85177583823
41802,41803,2-s2.0-85175739098
41803,41804,2-s2.0-85175255052
41822,41823,2-s2.0-85169787439
41828,41829,2-s2.0-85165874051
41831,41832,2-s2.0-85163297330
41832,41833,2-s2.0-85160052269
41842,41843,2-s2.0-85151452527
41845,41846,2-s2.0-85150803612
41847,41848,2-s2.0-85149990172
41849,41850,2-s2.0-85148619538
41852,41853,2-s2.0-85138720985
41857,41858,2-s2.0-85182743491
41860,41861,2-s2.0-85183205088
41862,41863,2-s2.0-85180748984
41867,41868,2-s2.0-85174865546
41870,41871,2-s2.0-85177608900
41872,41873,2-s2.0-85177601426
41873,41874,2-s2.0-85177589140
41876,41877,2-s2.0-85177578958
41877,41878,2-s2.0-85177569721
41883,41884,2-s2.0-85181674161
41904,41905,2-s2.0-85189006885
41923,41924,2-s2.0-85177034253
41932,41933,2-s2.0-85175253563
41940,41941,2-s2.0-85174908843
41953,41954,2-s2.0-85173502836
41954,41955,2-s2.0-85173277833
41957,41958,2-s2.0-85172482579
41958,41959,2-s2.0-85170677381
41977,41978,2-s2.0-85164003399
41978,41979,2-s2.0-85163979325
41979,41980,2-s2.0-85163799065
41980,41981,2-s2.0-85163303085
41986,41987,2-s2.0-85159067302
41993,41994,2-s2.0-85151946223
41994,41995,2-s2.0-85151359035
42004,42005,2-s2.0-85141729373
42005,42006,2-s2.0-85141432399
42015,42016,2-s2.0-85194129133
42020,42021,2-s2.0-85194128009
42022,42023,2-s2.0-85194127775
42031,42032,2-s2.0-85197635998
42034,42035,2-s2.0-85175249499
42038,42039,2-s2.0-85172861956
42039,42040,2-s2.0-85175967221
42050,42051,2-s2.0-85175086563
42051,42052,2-s2.0-85174736673
42058,42059,2-s2.0-85175465230
42059,42060,2-s2.0-85146243207
42060,42061,2-s2.0-85217857301
42064,42065,2-s2.0-85204250387
42068,42069,2-s2.0-85194257967
42069,42070,2-s2.0-85188962567
42070,42071,2-s2.0-85181555907
42071,42072,2-s2.0-85180347940
42074,42075,2-s2.0-85179307447
42078,42079,2-s2.0-85177213482
42079,42080,2-s2.0-85177072624
42095,42096,2-s2.0-85174241888
42096,42097,2-s2.0-85174164745
42097,42098,2-s2.0-85174162711
42098,42099,2-s2.0-85174034287
42100,42101,2-s2.0-85173548563
42102,42103,2-s2.0-85172940121
42103,42104,2-s2.0-85172933232
42105,42106,2-s2.0-85172889293
42109,42110,2-s2.0-85172155535
42111,42112,2-s2.0-85172138814
42112,42113,2-s2.0-85172133070
42116,42117,2-s2.0-85172070777
42128,42129,2-s2.0-85170282204
42135,42136,2-s2.0-85168542392
42139,42140,2-s2.0-85167418600
42140,42141,2-s2.0-85166981909
42145,42146,2-s2.0-85164508782
42147,42148,2-s2.0-85163974791
42149,42150,2-s2.0-85162967359
42152,42153,2-s2.0-85162211533
42154,42155,2-s2.0-85161968485
42155,42156,2-s2.0-85161717939
42156,42157,2-s2.0-85161178661
42157,42158,2-s2.0-85160305669
42162,42163,2-s2.0-85152627637
42163,42164,2-s2.0-85148571642
42165,42166,2-s2.0-85148351193
42171,42172,2-s2.0-85145290682
42174,42175,2-s2.0-85142884624
42175,42176,2-s2.0-85141636451
42182,42183,2-s2.0-85137526304
42183,42184,2-s2.0-85136533191
42188,42189,2-s2.0-85123114392
42191,42192,2-s2.0-105012426208
42200,42201,2-s2.0-85180125748
42203,42204,2-s2.0-85180124869
42206,42207,2-s2.0-85204633637
42212,42213,2-s2.0-85176769241
42213,42214,2-s2.0-85176749712
42225,42226,2-s2.0-85176788375
42246,42247,2-s2.0-85171480086
42249,42250,2-s2.0-85169090763
42251,42252,2-s2.0-85169079280
42253,42254,2-s2.0-85169051455
42259,42260,2-s2.0-85168659815
42261,42262,2-s2.0-85168008651
42263,42264,2-s2.0-85167788968
42278,42279,2-s2.0-85154557867
42282,42283,2-s2.0-85151983983
42283,42284,2-s2.0-85151569616
42291,42292,2-s2.0-85149380213
42294,42295,2-s2.0-85147346829
42306,42307,2-s2.0-85139935884
42313,42314,2-s2.0-85128911353
42321,42322,2-s2.0-85166405088
42324,42325,2-s2.0-85167992635
42325,42326,2-s2.0-85176816075
42328,42329,2-s2.0-85167697953
42329,42330,2-s2.0-85168910849
42335,42336,2-s2.0-85174245800
42358,42359,2-s2.0-85184960489
42365,42366,2-s2.0-85175112416
42373,42374,2-s2.0-85172336513
42382,42383,2-s2.0-85168671066
42383,42384,2-s2.0-85168663636
42401,42402,2-s2.0-85163509138
42402,42403,2-s2.0-85162095073
42405,42406,2-s2.0-85159809329
42409,42410,2-s2.0-85153703889
42415,42416,2-s2.0-85152263620
42416,42417,2-s2.0-85152086997
42422,42423,2-s2.0-85151054686
42428,42429,2-s2.0-85145860181
42430,42431,2-s2.0-85145213772
42437,42438,2-s2.0-85128723785
42451,42452,2-s2.0-85176799474
42452,42453,2-s2.0-85176780637
42453,42454,2-s2.0-85176762444
42455,42456,2-s2.0-85176748020
42461,42462,2-s2.0-85172167888
42467,42468,2-s2.0-85172164482
42469,42470,2-s2.0-85172162118
42471,42472,2-s2.0-85172161775
42476,42477,2-s2.0-85172150532
42487,42488,2-s2.0-85172140126
42489,42490,2-s2.0-85172137347
42492,42493,2-s2.0-85172128651
42505,42506,2-s2.0-85172116382
42507,42508,2-s2.0-85172111684
42511,42512,2-s2.0-85172105191
42513,42514,2-s2.0-85172105154
42514,42515,2-s2.0-85172104963
42523,42524,2-s2.0-85172097823
42529,42530,2-s2.0-85172093579
42533,42534,2-s2.0-85172090227
42540,42541,2-s2.0-85172080748
42551,42552,2-s2.0-85163591436
42554,42555,2-s2.0-85165643985
42558,42559,2-s2.0-85163530440
42560,42561,2-s2.0-85212101753
42568,42569,2-s2.0-85170172470
42570,42571,2-s2.0-85170157503
42572,42573,2-s2.0-85166777406
42580,42581,2-s2.0-85166986287
42589,42590,2-s2.0-85166940888
42590,42591,2-s2.0-85166932278
42592,42593,2-s2.0-85166930911
42597,42598,2-s2.0-85166918010
42605,42606,2-s2.0-85163689990
42606,42607,2-s2.0-85163683222
42607,42608,2-s2.0-85163677794
42612,42613,2-s2.0-85163602343
42614,42615,2-s2.0-85163596522
42617,42618,2-s2.0-85163577574
42618,42619,2-s2.0-85163351470
42619,42620,2-s2.0-85162868897
42626,42627,2-s2.0-85188547358
42637,42638,2-s2.0-85168164133
42641,42642,2-s2.0-85166217164
42647,42648,2-s2.0-85164207574
42654,42655,2-s2.0-85163999681
42655,42656,2-s2.0-85163931580
42658,42659,2-s2.0-85163723918
42660,42661,2-s2.0-85163708201
42663,42664,2-s2.0-85163623038
42675,42676,2-s2.0-85160670502
42685,42686,2-s2.0-85151482310
42687,42688,2-s2.0-85151008965
42688,42689,2-s2.0-85150763762
42695,42696,2-s2.0-85149715687
42700,42701,2-s2.0-85149260661
42711,42712,2-s2.0-85145736913
42712,42713,2-s2.0-85144197160
42714,42715,2-s2.0-85143515321
42715,42716,2-s2.0-85143405110
42719,42720,2-s2.0-85141364900
42728,42729,2-s2.0-85133568614
42730,42731,2-s2.0-85131588108
42732,42733,2-s2.0-85127287738
42733,42734,2-s2.0-85126517996
42735,42736,2-s2.0-85125283469
42740,42741,2-s2.0-85149445197
42749,42750,2-s2.0-85180161596
42751,42752,2-s2.0-85160942122
42755,42756,2-s2.0-85160482998
42758,42759,2-s2.0-85160101500
42762,42763,2-s2.0-85160036028
42765,42766,2-s2.0-85192753271
42770,42771,2-s2.0-85165310860
42771,42772,2-s2.0-85164349272
42791,42792,2-s2.0-85159606115
42794,42795,2-s2.0-85159280226
42796,42797,2-s2.0-85159212098
42799,42800,2-s2.0-85156122757
42800,42801,2-s2.0-85153607238
42802,42803,2-s2.0-85153518762
42815,42816,2-s2.0-85145979376
42818,42819,2-s2.0-85141551108
42820,42821,2-s2.0-85141140378
42826,42827,2-s2.0-85125897125
42828,42829,2-s2.0-85113157486
42838,42839,2-s2.0-85159648823
42845,42846,2-s2.0-85153802736
42847,42848,2-s2.0-85159671124
42848,42849,2-s2.0-85158163756
42850,42851,2-s2.0-85171295067
42860,42861,2-s2.0-85169775319
42864,42865,2-s2.0-85165674604
42871,42872,2-s2.0-85163054591
42872,42873,2-s2.0-85163008316
42880,42881,2-s2.0-85160244308
42883,42884,2-s2.0-85159286475
42900,42901,2-s2.0-85153701217
42913,42914,2-s2.0-85152170122
42916,42917,2-s2.0-85151508363
42935,42936,2-s2.0-85146895742
42938,42939,2-s2.0-85145820680
42944,42945,2-s2.0-85141792353
42956,42957,2-s2.0-85135695449
42958,42959,2-s2.0-85133320408
42960,42961,2-s2.0-85131585219
42962,42963,2-s2.0-85127367963
42963,42964,2-s2.0-85125152529
42972,42973,2-s2.0-85152656022
42973,42974,2-s2.0-85160531303
42978,42979,2-s2.0-85151508013
42981,42982,2-s2.0-85151258265
42991,42992,2-s2.0-85163063581
42994,42995,2-s2.0-85158964278
42996,42997,2-s2.0-85158920444
42998,42999,2-s2.0-85151568048
43000,43001,2-s2.0-85151499988
43006,43007,2-s2.0-85150391700
43009,43010,2-s2.0-85151235050
43011,43012,2-s2.0-85149754371
43014,43015,2-s2.0-85152317409
43017,43018,2-s2.0-85149887571
43020,43021,2-s2.0-85149866595
43024,43025,2-s2.0-85149814390
43034,43035,2-s2.0-85172123369
43040,43041,2-s2.0-85167971552
43045,43046,2-s2.0-85164675472
43055,43056,2-s2.0-85158825339
43056,43057,2-s2.0-85158158699
43058,43059,2-s2.0-85153747445
43064,43065,2-s2.0-85151834890
43067,43068,2-s2.0-85151285985
43068,43069,2-s2.0-85151280768
43072,43073,2-s2.0-85151082905
43075,43076,2-s2.0-85151073896
43078,43079,2-s2.0-85151071431
43085,43086,2-s2.0-85150757378
43092,43093,2-s2.0-85149950207
43093,43094,2-s2.0-85149930591
43102,43103,2-s2.0-85147128934
43106,43107,2-s2.0-85146131798
43109,43110,2-s2.0-85145722675
43112,43113,2-s2.0-85144638139
43114,43115,2-s2.0-85144520766
43115,43116,2-s2.0-85144506497
43120,43121,2-s2.0-85143830109
43121,43122,2-s2.0-85143625472
43127,43128,2-s2.0-85137923579
43129,43130,2-s2.0-85137456568
43145,43146,2-s2.0-85123715085
43150,43151,2-s2.0-85107181711
43156,43157,2-s2.0-85103025924
43163,43164,2-s2.0-85159067743
43169,43170,2-s2.0-85180206613
43173,43174,2-s2.0-85148653572
43176,43177,2-s2.0-85148644186
43180,43181,2-s2.0-85148635345
43181,43182,2-s2.0-85148630445
43183,43184,2-s2.0-85148624684
43191,43192,2-s2.0-85148582884
43200,43201,2-s2.0-85197462916
43204,43205,2-s2.0-85164126677
43209,43210,2-s2.0-85149637314
43223,43224,2-s2.0-85148762589
43229,43230,2-s2.0-85148685184
43245,43246,2-s2.0-85145604216
43247,43248,2-s2.0-85145157949
43257,43258,2-s2.0-85140269336
43279,43280,2-s2.0-85124849071
43290,43291,2-s2.0-85147314316
43293,43294,2-s2.0-85147300556
43298,43299,2-s2.0-85147289264
43302,43303,2-s2.0-85148466287
43316,43317,2-s2.0-85146531014
43322,43323,2-s2.0-85146510546
43323,43324,2-s2.0-85146505092
43327,43328,2-s2.0-85141945332
43332,43333,2-s2.0-85146895415
43347,43348,2-s2.0-85218744561
43352,43353,2-s2.0-85216779356
43363,43364,2-s2.0-85212521486
43369,43370,2-s2.0-85208321676
43370,43371,2-s2.0-85208305274
43371,43372,2-s2.0-85208297637
43372,43373,2-s2.0-85208293186
43376,43377,2-s2.0-85207196192
43382,43383,2-s2.0-85205581125
43387,43388,2-s2.0-85205533430
43390,43391,2-s2.0-85204765165
43391,43392,2-s2.0-85204546531
43406,43407,2-s2.0-85199323530
43407,43408,2-s2.0-85199129056
43410,43411,2-s2.0-85197820610
43411,43412,2-s2.0-85197809702
43416,43417,2-s2.0-85197717794
43423,43424,2-s2.0-85197054276
43428,43429,2-s2.0-85195974200
43434,43435,2-s2.0-85195642098
43442,43443,2-s2.0-85194751483
43451,43452,2-s2.0-85194182672
43453,43454,2-s2.0-85193982298
43457,43458,2-s2.0-85193028702
43463,43464,2-s2.0-85192835717
43464,43465,2-s2.0-85192490253
43465,43466,2-s2.0-85192467585
43472,43473,2-s2.0-85191171006
43475,43476,2-s2.0-85191151363
43477,43478,2-s2.0-85190946087
43491,43492,2-s2.0-85189318934
43493,43494,2-s2.0-85189148214
43495,43496,2-s2.0-85189141338
43502,43503,2-s2.0-85188019027
43508,43509,2-s2.0-85187927041
43512,43513,2-s2.0-85187490751
43521,43522,2-s2.0-85186709518
43524,43525,2-s2.0-85186667837
43527,43528,2-s2.0-85186659951
43530,43531,2-s2.0-85186559287
43531,43532,2-s2.0-85186524897
43532,43533,2-s2.0-85186493696
43536,43537,2-s2.0-85186239953
43544,43545,2-s2.0-85185889327
43545,43546,2-s2.0-85185868393
43547,43548,2-s2.0-85185845850
43548,43549,2-s2.0-85185829758
43558,43559,2-s2.0-85185324701
43561,43562,2-s2.0-85185221166
43562,43563,2-s2.0-85185217367
43575,43576,2-s2.0-85184852511
43585,43586,2-s2.0-85184414315
43587,43588,2-s2.0-85184337880
43596,43597,2-s2.0-85184019601
43608,43609,2-s2.0-85183363034
43628,43629,2-s2.0-85182999415
43630,43631,2-s2.0-85182991173
43635,43636,2-s2.0-85182984546
43641,43642,2-s2.0-85182944241
43645,43646,2-s2.0-85182923772
43655,43656,2-s2.0-85182668427
43656,43657,2-s2.0-85182663061
43659,43660,2-s2.0-85182597264
43660,43661,2-s2.0-85182593143
43664,43665,2-s2.0-85182356597
43675,43676,2-s2.0-85182019984
43679,43680,2-s2.0-85181963199
43689,43690,2-s2.0-85181726240
43690,43691,2-s2.0-85181723058
43696,43697,2-s2.0-85181514627
43706,43707,2-s2.0-85180996631
43708,43709,2-s2.0-85180972625
43718,43719,2-s2.0-85180807387
43721,43722,2-s2.0-85180805903
43722,43723,2-s2.0-85180803410
43736,43737,2-s2.0-85180782759
43737,43738,2-s2.0-85180779662
43738,43739,2-s2.0-85180779063
43739,43740,2-s2.0-85180776455
43740,43741,2-s2.0-85180769114
43741,43742,2-s2.0-85180767183
43753,43754,2-s2.0-85180753588
43758,43759,2-s2.0-85180747239
43759,43760,2-s2.0-85180744983
43771,43772,2-s2.0-85180579878
43773,43774,2-s2.0-85180562368
43778,43779,2-s2.0-85180458721
43785,43786,2-s2.0-85180285023
43790,43791,2-s2.0-85180191184
43791,43792,2-s2.0-85180158572
43796,43797,2-s2.0-85180056212
43800,43801,2-s2.0-85180036962
43802,43803,2-s2.0-85180029505
43805,43806,2-s2.0-85180016942
43811,43812,2-s2.0-85179864432
43814,43815,2-s2.0-85179852157
43815,43816,2-s2.0-85179850768
43826,43827,2-s2.0-85179843436
43828,43829,2-s2.0-85179842401
43835,43836,2-s2.0-85179738771
43836,43837,2-s2.0-85179738187
43843,43844,2-s2.0-85179627332
43847,43848,2-s2.0-85179523890
43852,43853,2-s2.0-85179478439
43854,43855,2-s2.0-85179341973
43857,43858,2-s2.0-85179303303
43858,43859,2-s2.0-85179184101
43863,43864,2-s2.0-85179011511
43865,43866,2-s2.0-85179006012
43866,43867,2-s2.0-85179005569
43869,43870,2-s2.0-85179001612
43875,43876,2-s2.0-85178915210
43881,43882,2-s2.0-85178505865
43885,43886,2-s2.0-85178371506
43890,43891,2-s2.0-85178344373
43895,43896,2-s2.0-85178205082
43900,43901,2-s2.0-85178127251
43902,43903,2-s2.0-85178072065
43904,43905,2-s2.0-85178044506
43906,43907,2-s2.0-85178028544
43913,43914,2-s2.0-85177572610
43919,43920,2-s2.0-85177488491
43922,43923,2-s2.0-85177470596
43923,43924,2-s2.0-85177451380
43924,43925,2-s2.0-85177446714
43972,43973,2-s2.0-85176005545
43975,43976,2-s2.0-85175980818
43982,43983,2-s2.0-85175814667
43987,43988,2-s2.0-85175699357
43996,43997,2-s2.0-85175488259
43997,43998,2-s2.0-85175464995
44000,44001,2-s2.0-85175450201
44008,44009,2-s2.0-85175355055
44009,44010,2-s2.0-85175350303
44011,44012,2-s2.0-85175339830
44012,44013,2-s2.0-85175325027
44020,44021,2-s2.0-85175042950
44025,44026,2-s2.0-85174932590
44034,44035,2-s2.0-85174694829
44035,44036,2-s2.0-85174694156
44037,44038,2-s2.0-85174690313
44039,44040,2-s2.0-85174624659
44046,44047,2-s2.0-85174542039
44054,44055,2-s2.0-85174507556
44064,44065,2-s2.0-85174299357
44073,44074,2-s2.0-85174228661
44078,44079,2-s2.0-85174143569
44081,44082,2-s2.0-85174028834
44085,44086,2-s2.0-85173972736
44091,44092,2-s2.0-85173918791
44096,44097,2-s2.0-85173843942
44098,44099,2-s2.0-85173839907
44099,44100,2-s2.0-85173839806
44101,44102,2-s2.0-85173802461
44109,44110,2-s2.0-85173687169
44117,44118,2-s2.0-85173642343
44118,44119,2-s2.0-85173640537
44128,44129,2-s2.0-85173567582
44139,44140,2-s2.0-85173250905
44149,44150,2-s2.0-85172874630
44153,44154,2-s2.0-85172804527
44154,44155,2-s2.0-85172781056
44157,44158,2-s2.0-85172706068
44158,44159,2-s2.0-85172694325
44178,44179,2-s2.0-85172108764
44181,44182,2-s2.0-85172093684
44194,44195,2-s2.0-85171590418
44203,44204,2-s2.0-85171499833
44209,44210,2-s2.0-85171303465
44211,44212,2-s2.0-85171259515
44213,44214,2-s2.0-85171195163
44221,44222,2-s2.0-85170699129
44222,44223,2-s2.0-85170697402
44229,44230,2-s2.0-85170643630
44230,44231,2-s2.0-85170636794
44252,44253,2-s2.0-85169926816
44268,44269,2-s2.0-85169888870
44274,44275,2-s2.0-85169879691
44283,44284,2-s2.0-85169820277
44293,44294,2-s2.0-85169798569
44296,44297,2-s2.0-85169787251
44302,44303,2-s2.0-85169614365
44305,44306,2-s2.0-85169592679
44306,44307,2-s2.0-85169566217
44307,44308,2-s2.0-85169555199
44313,44314,2-s2.0-85169377442
44316,44317,2-s2.0-85169365196
44321,44322,2-s2.0-85169043912
44331,44332,2-s2.0-85168985553
44332,44333,2-s2.0-85168978401
44343,44344,2-s2.0-85168842934
44345,44346,2-s2.0-85168798245
44351,44352,2-s2.0-85168551630
44353,44354,2-s2.0-85168482708
44357,44358,2-s2.0-85168443328
44363,44364,2-s2.0-85168275417
44367,44368,2-s2.0-85168147043
44369,44370,2-s2.0-85168116637
44379,44380,2-s2.0-85167879577
44389,44390,2-s2.0-85167721588
44392,44393,2-s2.0-85167626684
44399,44400,2-s2.0-85167513393
44404,44405,2-s2.0-85167452897
44407,44408,2-s2.0-85167431244
44424,44425,2-s2.0-85166640884
44425,44426,2-s2.0-85166630806
44426,44427,2-s2.0-85166619836
44428,44429,2-s2.0-85166529300
44433,44434,2-s2.0-85166319603
44440,44441,2-s2.0-85166179417
44443,44444,2-s2.0-85166087080
44447,44448,2-s2.0-85166056734
44457,44458,2-s2.0-85165688783
44461,44462,2-s2.0-85165655502
44462,44463,2-s2.0-85165641094
44470,44471,2-s2.0-85165430632
44477,44478,2-s2.0-85165294242
44478,44479,2-s2.0-85165260772
44481,44482,2-s2.0-85165235982
44487,44488,2-s2.0-85165140336
44490,44491,2-s2.0-85165109898
44491,44492,2-s2.0-85165107722
44494,44495,2-s2.0-85165022879
44506,44507,2-s2.0-85164909869
44511,44512,2-s2.0-85164738744
44517,44518,2-s2.0-85164617606
44528,44529,2-s2.0-85164465839
44541,44542,2-s2.0-85164178148
44547,44548,2-s2.0-85163946097
44549,44550,2-s2.0-85163925836
44552,44553,2-s2.0-85163880597
44560,44561,2-s2.0-85163826156
44586,44587,2-s2.0-85163393475
44587,44588,2-s2.0-85163391698
44605,44606,2-s2.0-85163023319
44611,44612,2-s2.0-85162861041
44625,44626,2-s2.0-85162696980
44629,44630,2-s2.0-85162636565
44632,44633,2-s2.0-85162226627
44637,44638,2-s2.0-85162150681
44639,44640,2-s2.0-85162113616
44645,44646,2-s2.0-85161878159
44657,44658,2-s2.0-85161399412
44664,44665,2-s2.0-85161317410
44667,44668,2-s2.0-85161307153
44676,44677,2-s2.0-85161152127
44679,44680,2-s2.0-85160865020
44682,44683,2-s2.0-85160721852
44690,44691,2-s2.0-85160559810
44694,44695,2-s2.0-85160490027
44695,44696,2-s2.0-85160485745
44697,44698,2-s2.0-85160437828
44703,44704,2-s2.0-85160219348
44704,44705,2-s2.0-85160218850
44705,44706,2-s2.0-85160141867
44710,44711,2-s2.0-85159967080
44719,44720,2-s2.0-85159892886
44729,44730,2-s2.0-85159822004
44736,44737,2-s2.0-85159685144
44747,44748,2-s2.0-85159161497
44761,44762,2-s2.0-85158914155
44770,44771,2-s2.0-85158162844
44774,44775,2-s2.0-85158139464
44777,44778,2-s2.0-85158135923
44788,44789,2-s2.0-85156130126
44792,44793,2-s2.0-85153964427
44798,44799,2-s2.0-85153883044
44803,44804,2-s2.0-85153864112
44809,44810,2-s2.0-85153801651
44815,44816,2-s2.0-85153714828
44816,44817,2-s2.0-85153714270
44821,44822,2-s2.0-85153609535
44822,44823,2-s2.0-85153530238
44824,44825,2-s2.0-85153512634
44833,44834,2-s2.0-85153377026
44851,44852,2-s2.0-85153102505
44857,44858,2-s2.0-85152710411
44860,44861,2-s2.0-85152684682
44865,44866,2-s2.0-85152586220
44871,44872,2-s2.0-85152471963
44875,44876,2-s2.0-85152440542
44885,44886,2-s2.0-85152368260
44887,44888,2-s2.0-85152284109
44898,44899,2-s2.0-85151990133
44904,44905,2-s2.0-85151866692
44906,44907,2-s2.0-85151637208
44915,44916,2-s2.0-85151259221
44924,44925,2-s2.0-85151063142
44934,44935,2-s2.0-85150913172
44944,44945,2-s2.0-85150453801
44946,44947,2-s2.0-85150412294
44963,44964,2-s2.0-85150000585
44971,44972,2-s2.0-85149655003
44973,44974,2-s2.0-85149646968
44983,44984,2-s2.0-85149482549
44986,44987,2-s2.0-85149465937
44989,44990,2-s2.0-85149378255
44990,44991,2-s2.0-85149370981
45000,45001,2-s2.0-85148708551
45005,45006,2-s2.0-85148618775
45024,45025,2-s2.0-85147974272
45025,45026,2-s2.0-85147859362
45030,45031,2-s2.0-85147657456
45037,45038,2-s2.0-85147234178
45039,45040,2-s2.0-85147143812
45054,45055,2-s2.0-85146637633
45057,45058,2-s2.0-85146434944
45069,45070,2-s2.0-85146081632
45070,45071,2-s2.0-85145979274
45076,45077,2-s2.0-85145901430
45079,45080,2-s2.0-85145820323
45080,45081,2-s2.0-85145773803
45081,45082,2-s2.0-85145668659
45089,45090,2-s2.0-85145284555
45103,45104,2-s2.0-85144121393
45106,45107,2-s2.0-85143609725
45108,45109,2-s2.0-85143418611
45111,45112,2-s2.0-85143273607
45118,45119,2-s2.0-85142299068
45121,45122,2-s2.0-85142150327
45123,45124,2-s2.0-85142133911
45124,45125,2-s2.0-85142064526
45132,45133,2-s2.0-85141441318
45135,45136,2-s2.0-85141189824
45139,45140,2-s2.0-85140957917
45150,45151,2-s2.0-85139199718
45153,45154,2-s2.0-85138997345
45164,45165,2-s2.0-85137672214
45168,45169,2-s2.0-85137383948
45169,45170,2-s2.0-85136964417
45173,45174,2-s2.0-85136263375
45175,45176,2-s2.0-85135817867
45176,45177,2-s2.0-85135776294
45177,45178,2-s2.0-85135770861
45182,45183,2-s2.0-85134492131
45186,45187,2-s2.0-85133453073
45216,45217,2-s2.0-85129153664
45218,45219,2-s2.0-85128730541
45219,45220,2-s2.0-85128478210
45225,45226,2-s2.0-85127152181
45227,45228,2-s2.0-85126656012
45233,45234,2-s2.0-85123845919
45236,45237,2-s2.0-85122849441
45239,45240,2-s2.0-85122389978
45240,45241,2-s2.0-85122148995
45243,45244,2-s2.0-85121572689
45247,45248,2-s2.0-85121289519
45249,45250,2-s2.0-85119991726
45250,45251,2-s2.0-85119892616
45260,45261,2-s2.0-85116311447
45280,45281,2-s2.0-85112593523
45291,45292,2-s2.0-85110723200
45298,45299,2-s2.0-85106301932
45299,45300,2-s2.0-85105407911
45301,45302,2-s2.0-85104863357
45307,45308,2-s2.0-85103621704
45308,45309,2-s2.0-85103615712
45312,45313,2-s2.0-85100594573
45314,45315,2-s2.0-85100271087
45323,45324,2-s2.0-85087026535
45325,45326,2-s2.0-85084797274
45326,45327,2-s2.0-67650687609
45329,45330,2-s2.0-105010656737
45332,45333,2-s2.0-105005990971
45334,45335,2-s2.0-105005961741
45343,45344,2-s2.0-105005951877
45355,45356,2-s2.0-105005940035
45362,45363,2-s2.0-85153616548
45371,45372,2-s2.0-85146713588
45382,45383,2-s2.0-85146639550
45403,45404,2-s2.0-85144111413
45406,45407,2-s2.0-85144134003
45414,45415,2-s2.0-85144147612
45417,45418,2-s2.0-85144135855
45426,45427,2-s2.0-85144112308
45430,45431,2-s2.0-85144104581
45431,45432,2-s2.0-85144104185
45435,45436,2-s2.0-85144561604
45439,45440,2-s2.0-85211180951
45441,45442,2-s2.0-85205877471
45449,45450,2-s2.0-85162855890
45451,45452,2-s2.0-85160209088
45452,45453,2-s2.0-85159935473
45453,45454,2-s2.0-85159860473
45457,45458,2-s2.0-85152526375
45460,45461,2-s2.0-85152428533
45467,45468,2-s2.0-85148955903
45470,45471,2-s2.0-85148936683
45475,45476,2-s2.0-85147763743
45476,45477,2-s2.0-85147271294
45480,45481,2-s2.0-85146282895
45483,45484,2-s2.0-85145885906
45485,45486,2-s2.0-85145426002
45486,45487,2-s2.0-85145319806
45488,45489,2-s2.0-85145177475
45495,45496,2-s2.0-85144841432
45497,45498,2-s2.0-85144729061
45500,45501,2-s2.0-85144691403
45501,45502,2-s2.0-85144685209
45504,45505,2-s2.0-85144512814
45505,45506,2-s2.0-85144480360
45508,45509,2-s2.0-85144148864
45513,45514,2-s2.0-85143789623
45518,45519,2-s2.0-85143612247
45519,45520,2-s2.0-85143607691
45521,45522,2-s2.0-85143117849
45532,45533,2-s2.0-85141502077
45540,45541,2-s2.0-85140827637
45544,45545,2-s2.0-85139913933
45545,45546,2-s2.0-85139850632
45549,45550,2-s2.0-85139736233
45554,45555,2-s2.0-85139324281
45559,45560,2-s2.0-85138804765
45560,45561,2-s2.0-85138787316
45571,45572,2-s2.0-85137716984
45575,45576,2-s2.0-85137509652
45578,45579,2-s2.0-85135924428
45584,45585,2-s2.0-85135270482
45588,45589,2-s2.0-85134672191
45590,45591,2-s2.0-85133852842
45598,45599,2-s2.0-85132128608
45602,45603,2-s2.0-85131585637
45603,45604,2-s2.0-85131431846
45611,45612,2-s2.0-85129912713
45619,45620,2-s2.0-85127135438
45620,45621,2-s2.0-85125072588
45624,45625,2-s2.0-85124297546
45632,45633,2-s2.0-85122208809
45633,45634,2-s2.0-85121424978
45634,45635,2-s2.0-85119600529
45642,45643,2-s2.0-85114358768
45647,45648,2-s2.0-85103160976
45654,45655,2-s2.0-85095733809
45661,45662,2-s2.0-85144069197
45674,45675,2-s2.0-85143892451
45680,45681,2-s2.0-85151058058
45681,45682,2-s2.0-85151054192
45682,45683,2-s2.0-85151049524
45683,45684,2-s2.0-85151048664
45685,45686,2-s2.0-85144069990
45690,45691,2-s2.0-85144040804
45697,45698,2-s2.0-85141980468
45710,45711,2-s2.0-85142250246
45711,45712,2-s2.0-85142176762
45715,45716,2-s2.0-85143118568
45733,45734,2-s2.0-85148946818
45738,45739,2-s2.0-85148520317
45739,45740,2-s2.0-85147210751
45744,45745,2-s2.0-85146475232
45753,45754,2-s2.0-85142698628
45764,45765,2-s2.0-85141839703
45767,45768,2-s2.0-85141823977
45786,45787,2-s2.0-85136169626
45787,45788,2-s2.0-85135322056
45801,45802,2-s2.0-85126435128
45802,45803,2-s2.0-85126357329
45804,45805,2-s2.0-85122879555
45806,45807,2-s2.0-85120326681
45814,45815,2-s2.0-85153998291
45818,45819,2-s2.0-85153996832
45821,45822,2-s2.0-85153995988
45823,45824,2-s2.0-85153995547
45827,45828,2-s2.0-85153614404
45828,45829,2-s2.0-85146254168
45832,45833,2-s2.0-85148634286
45834,45835,2-s2.0-85141993039
45838,45839,2-s2.0-85141632665
45840,45841,2-s2.0-85141530444
45849,45850,2-s2.0-85153995763
45851,45852,2-s2.0-85141132262
45856,45857,2-s2.0-85140904800
45865,45866,2-s2.0-85140216371
45872,45873,2-s2.0-85219695697
45878,45879,2-s2.0-85147029676
45881,45882,2-s2.0-85142892422
45883,45884,2-s2.0-85141635895
45885,45886,2-s2.0-85141530111
45896,45897,2-s2.0-85140620599
45898,45899,2-s2.0-85140612969
45904,45905,2-s2.0-85140395691
45914,45915,2-s2.0-85139944328
45931,45932,2-s2.0-85138212145
45935,45936,2-s2.0-85136022062
45936,45937,2-s2.0-85135952779
45938,45939,2-s2.0-85135343692
45940,45941,2-s2.0-85134345589
45951,45952,2-s2.0-85126107923
45953,45954,2-s2.0-85124770568
45963,45964,2-s2.0-85117084770
45981,45982,2-s2.0-85139498359
45982,45983,2-s2.0-85139471603
45986,45987,2-s2.0-85169476187
45989,45990,2-s2.0-85146923068
45994,45995,2-s2.0-85139336945
45999,46000,2-s2.0-85139964608
46000,46001,2-s2.0-85139959229
46011,46012,2-s2.0-85139917004
46018,46019,2-s2.0-85141887431
46038,46039,2-s2.0-85146153407
46047,46048,2-s2.0-85145225623
46051,46052,2-s2.0-85142855722
46052,46053,2-s2.0-85142855672
46054,46055,2-s2.0-85142795165
46058,46059,2-s2.0-85142739551
46059,46060,2-s2.0-85142675950
46062,46063,2-s2.0-85141814006
46068,46069,2-s2.0-85139441862
46076,46077,2-s2.0-85138688015
46077,46078,2-s2.0-85138676661
46080,46081,2-s2.0-85138634913
46081,46082,2-s2.0-85138614556
46084,46085,2-s2.0-85138585982
46094,46095,2-s2.0-85136568333
46100,46101,2-s2.0-85135754937
46102,46103,2-s2.0-85135426860
46112,46113,2-s2.0-85133721452
46114,46115,2-s2.0-85133585216
46120,46121,2-s2.0-85132773478
46121,46122,2-s2.0-85132230371
46123,46124,2-s2.0-85132178253
46127,46128,2-s2.0-85131699013
46130,46131,2-s2.0-85130217908
46137,46138,2-s2.0-85126787064
46140,46141,2-s2.0-85126337597
46144,46145,2-s2.0-85123472062
46151,46152,2-s2.0-85115741797
46153,46154,2-s2.0-85112472169
46161,46162,2-s2.0-105005277890
46164,46165,2-s2.0-85143693392
46165,46166,2-s2.0-85138162447
46168,46169,2-s2.0-85137198945
46174,46175,2-s2.0-85138312386
46180,46181,2-s2.0-85138304943
46185,46186,2-s2.0-85138297006
46186,46187,2-s2.0-85138295410
46190,46191,2-s2.0-85138287585
46196,46197,2-s2.0-85138280085
46201,46202,2-s2.0-85138272942
46207,46208,2-s2.0-85138265800
46209,46210,2-s2.0-85138262347
46211,46212,2-s2.0-85138257930
46217,46218,2-s2.0-85138250060
46219,46220,2-s2.0-85138247229
46228,46229,2-s2.0-85138234397
46239,46240,2-s2.0-85138224106
46246,46247,2-s2.0-85137910913
46256,46257,2-s2.0-85136780657
46257,46258,2-s2.0-85136556639
46258,46259,2-s2.0-85136105709
46259,46260,2-s2.0-85136521238
46263,46264,2-s2.0-85137080025
46267,46268,2-s2.0-85136934750
46270,46271,2-s2.0-85198558644
46277,46278,2-s2.0-85138712478
46279,46280,2-s2.0-85137682877
46288,46289,2-s2.0-85137102576
46290,46291,2-s2.0-85136962200
46293,46294,2-s2.0-85136875863
46305,46306,2-s2.0-85135345155
46320,46321,2-s2.0-85132807391
46326,46327,2-s2.0-85130385265
46328,46329,2-s2.0-85130114782
46336,46337,2-s2.0-85115111969
46340,46341,2-s2.0-85107482372
46344,46345,2-s2.0-85143433416
46346,46347,2-s2.0-85143423541
46356,46357,2-s2.0-85135696635
46362,46363,2-s2.0-85134998732
46367,46368,2-s2.0-85145360288
46368,46369,2-s2.0-85135270065
46374,46375,2-s2.0-85134717532
46375,46376,2-s2.0-85134717077
46381,46382,2-s2.0-85134670580
46386,46387,2-s2.0-85134649424
46389,46390,2-s2.0-85134645014
46390,46391,2-s2.0-85134643436
46403,46404,2-s2.0-85180261620
46404,46405,2-s2.0-85179720408
46405,46406,2-s2.0-85176950901
46411,46412,2-s2.0-85143975972
46420,46421,2-s2.0-85141378447
46426,46427,2-s2.0-85138692464
46433,46434,2-s2.0-85135535160
46440,46441,2-s2.0-85134541138
46456,46457,2-s2.0-85133692139
46457,46458,2-s2.0-85133666983
46459,46460,2-s2.0-85133643015
46466,46467,2-s2.0-85133315896
46472,46473,2-s2.0-85132854123
46475,46476,2-s2.0-85131650752
46483,46484,2-s2.0-85126641949
46486,46487,2-s2.0-85125419332
46487,46488,2-s2.0-85124623487
46500,46501,2-s2.0-85092897970
46514,46515,2-s2.0-85133369649
46520,46521,2-s2.0-85136855864
46521,46522,2-s2.0-85133662903
46522,46523,2-s2.0-85130892899
46529,46530,2-s2.0-85137173019
46531,46532,2-s2.0-85133499967
46545,46546,2-s2.0-85132869172
46548,46549,2-s2.0-85217741272
46555,46556,2-s2.0-85159318517
46558,46559,2-s2.0-85142133509
46565,46566,2-s2.0-85135831915
46566,46567,2-s2.0-85135825025
46583,46584,2-s2.0-85132977765
46586,46587,2-s2.0-85132789670
46597,46598,2-s2.0-85132150090
46601,46602,2-s2.0-85131903946
46602,46603,2-s2.0-85131902352
46604,46605,2-s2.0-85131772389
46621,46622,2-s2.0-85130248388
46627,46628,2-s2.0-85129611164
46629,46630,2-s2.0-85129414027
46631,46632,2-s2.0-85128803590
46643,46644,2-s2.0-85127170244
46646,46647,2-s2.0-85126874111
46651,46652,2-s2.0-85126056616
46653,46654,2-s2.0-85125999343
46660,46661,2-s2.0-85125367006
46668,46669,2-s2.0-85122348498
46675,46676,2-s2.0-85116882529
46680,46681,2-s2.0-85111386756
46694,46695,2-s2.0-85088292875
46695,46696,2-s2.0-85087867506
46697,46698,2-s2.0-85131766838
46704,46705,2-s2.0-85129288947
46707,46708,2-s2.0-85137167255
46719,46720,2-s2.0-85129717974
46739,46740,2-s2.0-85133679790
46748,46749,2-s2.0-85132733924
46749,46750,2-s2.0-85132396985
46756,46757,2-s2.0-85130920102
46764,46765,2-s2.0-85130392972
46773,46774,2-s2.0-85129359483
46777,46778,2-s2.0-85128209891
46781,46782,2-s2.0-85127258453
46784,46785,2-s2.0-85124873847
46785,46786,2-s2.0-85124622284
46797,46798,2-s2.0-85120054502
46798,46799,2-s2.0-85119902798
46800,46801,2-s2.0-85119180586
46802,46803,2-s2.0-85119131232
46807,46808,2-s2.0-85113833252
46816,46817,2-s2.0-85190665596
46835,46836,2-s2.0-85132661845
46853,46854,2-s2.0-85129918556
46857,46858,2-s2.0-85129630681
46860,46861,2-s2.0-85129488723
46861,46862,2-s2.0-85129455768
46868,46869,2-s2.0-85128613234
46869,46870,2-s2.0-85128569985
46873,46874,2-s2.0-85128412554
46888,46889,2-s2.0-85127489984
46893,46894,2-s2.0-85126683816
46906,46907,2-s2.0-85123952174
46907,46908,2-s2.0-85123786957
46921,46922,2-s2.0-85114794844
46923,46924,2-s2.0-85114350762
46928,46929,2-s2.0-85108346906
46929,46930,2-s2.0-85103212324
46932,46933,2-s2.0-85099771138
46934,46935,2-s2.0-85096523554
46937,46938,2-s2.0-85092705810
46941,46942,2-s2.0-85084423204
46943,46944,2-s2.0-85128291080
46946,46947,2-s2.0-85127773688
46957,46958,2-s2.0-85133267949
46967,46968,2-s2.0-85205699567
46970,46971,2-s2.0-85148224123
46977,46978,2-s2.0-85137561282
46992,46993,2-s2.0-85128613120
47017,47018,2-s2.0-85126232746
47018,47019,2-s2.0-85126030470
47031,47032,2-s2.0-85124130644
47033,47034,2-s2.0-85123854020
47045,47046,2-s2.0-85119973624
47053,47054,2-s2.0-85113515436
47059,47060,2-s2.0-85111706289
47061,47062,2-s2.0-85111089106
47067,47068,2-s2.0-85104729276
47073,47074,2-s2.0-85100608133
47074,47075,2-s2.0-85099987664
47078,47079,2-s2.0-85087627196
47084,47085,2-s2.0-85084462715
47087,47088,2-s2.0-105005268824
47091,47092,2-s2.0-85146433542
47096,47097,2-s2.0-85137173270
47097,47098,2-s2.0-85137172343
47098,47099,2-s2.0-85137172133
47100,47101,2-s2.0-85125565570
47116,47117,2-s2.0-85211347944
47132,47133,2-s2.0-85125362498
47133,47134,2-s2.0-85125102555
47145,47146,2-s2.0-85124067155
47155,47156,2-s2.0-85123454185
47159,47160,2-s2.0-85122921520
47160,47161,2-s2.0-85122405820
47163,47164,2-s2.0-85121537915
47166,47167,2-s2.0-85120606479
47180,47181,2-s2.0-85107509288
47184,47185,2-s2.0-85099973797
47188,47189,2-s2.0-85124585144
47196,47197,2-s2.0-85124260879
47197,47198,2-s2.0-85124194226
47202,47203,2-s2.0-85124328361
47214,47215,2-s2.0-85125046450
47215,47216,2-s2.0-85124843807
47216,47217,2-s2.0-85118723102
47219,47220,2-s2.0-85114092871
47222,47223,2-s2.0-85123190532
47227,47228,2-s2.0-85219572513
47241,47242,2-s2.0-85216750290
47243,47244,2-s2.0-85216727678
47251,47252,2-s2.0-85205557394
47252,47253,2-s2.0-85205557105
47261,47262,2-s2.0-85195318598
47264,47265,2-s2.0-85193888940
47276,47277,2-s2.0-85181394628
47281,47282,2-s2.0-85181217046
47284,47285,2-s2.0-85180815715
47287,47288,2-s2.0-85180804684
47288,47289,2-s2.0-85180801427
47291,47292,2-s2.0-85180784371
47299,47300,2-s2.0-85180627730
47308,47309,2-s2.0-85179327404
47313,47314,2-s2.0-85175037738
47324,47325,2-s2.0-85174809648
47328,47329,2-s2.0-85174139525
47333,47334,2-s2.0-85174123136
47337,47338,2-s2.0-85174083774
47338,47339,2-s2.0-85174083131
47342,47343,2-s2.0-85172324464
47347,47348,2-s2.0-85172106857
47349,47350,2-s2.0-85172009583
47355,47356,2-s2.0-85170262898
47364,47365,2-s2.0-85168796073
47366,47367,2-s2.0-85168348928
47367,47368,2-s2.0-85168325013
47372,47373,2-s2.0-85167601941
47378,47379,2-s2.0-85167569699
47380,47381,2-s2.0-85167567034
47383,47384,2-s2.0-85165124773
47392,47393,2-s2.0-85164539027
47394,47395,2-s2.0-85163875972
47395,47396,2-s2.0-85163846874
47399,47400,2-s2.0-85163804006
47402,47403,2-s2.0-85163515026
47406,47407,2-s2.0-85163422709
47407,47408,2-s2.0-85163422079
47415,47416,2-s2.0-85161219574
47418,47419,2-s2.0-85160928959
47436,47437,2-s2.0-85159356722
47437,47438,2-s2.0-85159341889
47450,47451,2-s2.0-85159026175
47466,47467,2-s2.0-85158939274
47469,47470,2-s2.0-85158928320
47478,47479,2-s2.0-85154609269
47483,47484,2-s2.0-85153956216
47487,47488,2-s2.0-85153814533
47490,47491,2-s2.0-85153440713
47497,47498,2-s2.0-85152848754
47500,47501,2-s2.0-85152231270
47506,47507,2-s2.0-85151561588
47508,47509,2-s2.0-85151416043
47509,47510,2-s2.0-85151364513
47510,47511,2-s2.0-85151089516
47512,47513,2-s2.0-85151037274
47514,47515,2-s2.0-85151017164
47520,47521,2-s2.0-85151000443
47521,47522,2-s2.0-85150975805
47523,47524,2-s2.0-85150679504
47529,47530,2-s2.0-85150574966
47530,47531,2-s2.0-85150571362
47537,47538,2-s2.0-85150560321
47543,47544,2-s2.0-85150539766
47547,47548,2-s2.0-85150455183
47552,47553,2-s2.0-85150021900
47556,47557,2-s2.0-85149906785
47560,47561,2-s2.0-85149652816
47570,47571,2-s2.0-85148941420
47572,47573,2-s2.0-85148888686
47575,47576,2-s2.0-85148750132
47577,47578,2-s2.0-85148603965
47581,47582,2-s2.0-85148525447
47589,47590,2-s2.0-85148469565
47592,47593,2-s2.0-85148395060
47597,47598,2-s2.0-85148283609
47601,47602,2-s2.0-85148041928
47605,47606,2-s2.0-85147989446
47614,47615,2-s2.0-85147734888
47621,47622,2-s2.0-85147534128
47625,47626,2-s2.0-85147528508
47626,47627,2-s2.0-85147528326
47632,47633,2-s2.0-85147517919
47635,47636,2-s2.0-85147507744
47637,47638,2-s2.0-85147506574
47638,47639,2-s2.0-85147504109
47645,47646,2-s2.0-85147499159
47652,47653,2-s2.0-85147492460
47653,47654,2-s2.0-85147492086
47668,47669,2-s2.0-85146786762
47672,47673,2-s2.0-85146733799
47679,47680,2-s2.0-85146688874
47682,47683,2-s2.0-85146672514
47685,47686,2-s2.0-85146655849
47687,47688,2-s2.0-85146627635
47688,47689,2-s2.0-85146596221
47692,47693,2-s2.0-85146531058
47698,47699,2-s2.0-85146421783
47700,47701,2-s2.0-85146396265
47702,47703,2-s2.0-85146395540
47712,47713,2-s2.0-85146215280
47714,47715,2-s2.0-85146154208
47717,47718,2-s2.0-85146117322
47720,47721,2-s2.0-85145973944
47721,47722,2-s2.0-85145946905
47725,47726,2-s2.0-85145898652
47731,47732,2-s2.0-85145782019
47733,47734,2-s2.0-85145776174
47736,47737,2-s2.0-85145772962
47739,47740,2-s2.0-85145768453
47740,47741,2-s2.0-85145744737
47758,47759,2-s2.0-85144807522
47763,47764,2-s2.0-85144653807
47780,47781,2-s2.0-85144179393
47781,47782,2-s2.0-85144160272
47786,47787,2-s2.0-85144109573
47787,47788,2-s2.0-85144096576
47788,47789,2-s2.0-85144082976
47795,47796,2-s2.0-85143835172
47801,47802,2-s2.0-85143804378
47809,47810,2-s2.0-85143792430
47811,47812,2-s2.0-85143780210
47817,47818,2-s2.0-85143766570
47822,47823,2-s2.0-85143610433
47826,47827,2-s2.0-85143459013
47827,47828,2-s2.0-85143458659
47830,47831,2-s2.0-85143209011
47832,47833,2-s2.0-85143174330
47844,47845,2-s2.0-85142843631
47854,47855,2-s2.0-85142627762
47855,47856,2-s2.0-85142618875
47858,47859,2-s2.0-85142590426
47865,47866,2-s2.0-85142484943
47867,47868,2-s2.0-85142458607
47888,47889,2-s2.0-85142263794
47892,47893,2-s2.0-85142229196
47904,47905,2-s2.0-85141775287
47909,47910,2-s2.0-85141752283
47911,47912,2-s2.0-85141747369
47917,47918,2-s2.0-85141648853
47926,47927,2-s2.0-85141500186
47932,47933,2-s2.0-85141332170
47938,47939,2-s2.0-85141213640
47941,47942,2-s2.0-85141173664
47944,47945,2-s2.0-85141132476
47954,47955,2-s2.0-85140913737
47959,47960,2-s2.0-85140880240
47964,47965,2-s2.0-85140654278
47966,47967,2-s2.0-85140635387
47967,47968,2-s2.0-85140619166
47970,47971,2-s2.0-85140616501
47982,47983,2-s2.0-85140407368
47991,47992,2-s2.0-85140171904
47999,48000,2-s2.0-85140044236
48004,48005,2-s2.0-85139783553
48007,48008,2-s2.0-85139732866
48009,48010,2-s2.0-85139665730
48010,48011,2-s2.0-85139609836
48031,48032,2-s2.0-85139293792
48044,48045,2-s2.0-85139054511
48051,48052,2-s2.0-85138713276
48055,48056,2-s2.0-85138598444
48056,48057,2-s2.0-85138598392
48062,48063,2-s2.0-85138382304
48063,48064,2-s2.0-85138378388
48068,48069,2-s2.0-85138260058
48075,48076,2-s2.0-85138135789
48101,48102,2-s2.0-85137169265
48107,48108,2-s2.0-85137000403
48110,48111,2-s2.0-85136963889
48133,48134,2-s2.0-85136270297
48136,48137,2-s2.0-85136133516
48137,48138,2-s2.0-85136128403
48158,48159,2-s2.0-85135782554
48163,48164,2-s2.0-85135529027
48166,48167,2-s2.0-85135483509
48169,48170,2-s2.0-85135451063
48172,48173,2-s2.0-85135313966
48175,48176,2-s2.0-85135284185
48178,48179,2-s2.0-85135260604
48186,48187,2-s2.0-85135074823
48192,48193,2-s2.0-85135003263
48193,48194,2-s2.0-85134991371
48203,48204,2-s2.0-85134877393
48214,48215,2-s2.0-85134686548
48215,48216,2-s2.0-85134667515
48216,48217,2-s2.0-85134621359
48234,48235,2-s2.0-85134299799
48241,48242,2-s2.0-85134186765
48242,48243,2-s2.0-85134179705
48253,48254,2-s2.0-85133960822
48264,48265,2-s2.0-85133642809
48276,48277,2-s2.0-85133471187
48283,48284,2-s2.0-85133385583
48287,48288,2-s2.0-85133206301
48294,48295,2-s2.0-85132985069
48299,48300,2-s2.0-85132763329
48307,48308,2-s2.0-85132591105
48332,48333,2-s2.0-85132007220
48333,48334,2-s2.0-85131953334
48334,48335,2-s2.0-85131946137
48337,48338,2-s2.0-85131818737
48341,48342,2-s2.0-85131553880
48349,48350,2-s2.0-85131095738
48350,48351,2-s2.0-85131072989
48360,48361,2-s2.0-85130900075
48368,48369,2-s2.0-85130771044
48389,48390,2-s2.0-85130542098
48390,48391,2-s2.0-85130509056
48393,48394,2-s2.0-85130498840
48404,48405,2-s2.0-85130452399
48405,48406,2-s2.0-85130444554
48413,48414,2-s2.0-85130348779
48415,48416,2-s2.0-85130249563
48420,48421,2-s2.0-85130037735
48422,48423,2-s2.0-85129985173
48444,48445,2-s2.0-85129530701
48447,48448,2-s2.0-85129442445
48449,48450,2-s2.0-85129440072
48454,48455,2-s2.0-85129398191
48456,48457,2-s2.0-85129370103
48457,48458,2-s2.0-85129369769
48468,48469,2-s2.0-85129168045
48475,48476,2-s2.0-85129028843
48482,48483,2-s2.0-85128943506
48485,48486,2-s2.0-85128923642
48486,48487,2-s2.0-85128912511
48490,48491,2-s2.0-85128863988
48501,48502,2-s2.0-85128687277
48503,48504,2-s2.0-85128631010
48509,48510,2-s2.0-85128419974
48510,48511,2-s2.0-85128414622
48511,48512,2-s2.0-85128381147
48516,48517,2-s2.0-85128218174
48550,48551,2-s2.0-85127253683
48566,48567,2-s2.0-85126641703
48572,48573,2-s2.0-85126361463
48575,48576,2-s2.0-85126199997
48581,48582,2-s2.0-85125993183
48590,48591,2-s2.0-85125732745
48595,48596,2-s2.0-85125646265
48597,48598,2-s2.0-85125585839
48600,48601,2-s2.0-85125467861
48603,48604,2-s2.0-85125391662
48608,48609,2-s2.0-85125261041
48614,48615,2-s2.0-85125168640
48620,48621,2-s2.0-85125052002
48624,48625,2-s2.0-85124891588
48628,48629,2-s2.0-85124772982
48632,48633,2-s2.0-85124717425
48639,48640,2-s2.0-85124588056
48640,48641,2-s2.0-85124586069
48642,48643,2-s2.0-85124565671
48647,48648,2-s2.0-85124417544
48649,48650,2-s2.0-85124359348
48656,48657,2-s2.0-85124154081
48679,48680,2-s2.0-85123627645
48692,48693,2-s2.0-85123464386
48695,48696,2-s2.0-85123451500
48698,48699,2-s2.0-85123396994
48703,48704,2-s2.0-85123226871
48705,48706,2-s2.0-85122893035
48711,48712,2-s2.0-85122790388
48712,48713,2-s2.0-85122780806
48713,48714,2-s2.0-85122751896
48721,48722,2-s2.0-85122450548
48723,48724,2-s2.0-85122276964
48731,48732,2-s2.0-85121846272
48736,48737,2-s2.0-85121635385
48740,48741,2-s2.0-85121434684
48778,48779,2-s2.0-85119128203
48781,48782,2-s2.0-85118624383
48788,48789,2-s2.0-85118183692
48789,48790,2-s2.0-85118152796
48810,48811,2-s2.0-85116555739
48815,48816,2-s2.0-85116336101
48816,48817,2-s2.0-85116243955
48830,48831,2-s2.0-85113163109
48832,48833,2-s2.0-85112776704
48851,48852,2-s2.0-85111561629
48861,48862,2-s2.0-85110894474
48866,48867,2-s2.0-85109981870
48871,48872,2-s2.0-85108874941
48872,48873,2-s2.0-85108636235
48878,48879,2-s2.0-85107987525
48879,48880,2-s2.0-85107516836
48880,48881,2-s2.0-85107471959
48883,48884,2-s2.0-85106715854
48890,48891,2-s2.0-85105455432
48895,48896,2-s2.0-85105156997
48898,48899,2-s2.0-85104721226
48908,48909,2-s2.0-85102598036
48910,48911,2-s2.0-85102460685
48911,48912,2-s2.0-85101601898
48922,48923,2-s2.0-85099768023
48933,48934,2-s2.0-85097975861
48942,48943,2-s2.0-85096331247
48944,48945,2-s2.0-85096117365
48946,48947,2-s2.0-85095796220
48947,48948,2-s2.0-85095746216
48954,48955,2-s2.0-85092405673
48956,48957,2-s2.0-85091870033
48962,48963,2-s2.0-85090994240
48968,48969,2-s2.0-85089021089
48970,48971,2-s2.0-85087480103
48977,48978,2-s2.0-85086855659
48979,48980,2-s2.0-85086587903
48985,48986,2-s2.0-85082434636
49020,49021,2-s2.0-85127579621
49021,49022,2-s2.0-85123124631
49037,49038,2-s2.0-85122097487
49050,49051,2-s2.0-85122432416
49051,49052,2-s2.0-85190669815
49063,49064,2-s2.0-85130465179
49064,49065,2-s2.0-85129643753
49070,49071,2-s2.0-85127175102
49074,49075,2-s2.0-85127098884
49076,49077,2-s2.0-85125628199
49079,49080,2-s2.0-85125152132
49090,49091,2-s2.0-85123580653
49099,49100,2-s2.0-85122281863
49102,49103,2-s2.0-85122031523
49103,49104,2-s2.0-85122017705
49109,49110,2-s2.0-85121692642
49112,49113,2-s2.0-85121461250
49113,49114,2-s2.0-85121395253
49114,49115,2-s2.0-85121379939
49115,49116,2-s2.0-85121353449
49121,49122,2-s2.0-85121221805
49126,49127,2-s2.0-85120945600
49131,49132,2-s2.0-85120797948
49132,49133,2-s2.0-85120797589
49138,49139,2-s2.0-85120576162
49141,49142,2-s2.0-85120341349
49147,49148,2-s2.0-85119297171
49154,49155,2-s2.0-85118802012
49155,49156,2-s2.0-85118607843
49162,49163,2-s2.0-85118178829
49165,49166,2-s2.0-85117419921
49170,49171,2-s2.0-85116417939
49186,49187,2-s2.0-85114186664
49193,49194,2-s2.0-85112703602
49199,49200,2-s2.0-85111116987
49200,49201,2-s2.0-85111036036
49220,49221,2-s2.0-85105736076
49227,49228,2-s2.0-85105198474
49236,49237,2-s2.0-85103000274
49246,49247,2-s2.0-85101485884
49258,49259,2-s2.0-85092653923
49268,49269,2-s2.0-105003013726
49270,49271,2-s2.0-85123532567
49277,49278,2-s2.0-85163664640
49280,49281,2-s2.0-85121240527
49282,49283,2-s2.0-85119343244
49289,49290,2-s2.0-85126633246
49308,49309,2-s2.0-85120172807
49316,49317,2-s2.0-85119421389
49317,49318,2-s2.0-85125450939
49321,49322,2-s2.0-85132745796
49338,49339,2-s2.0-85119699378
49343,49344,2-s2.0-85119212953
49348,49349,2-s2.0-85118979649
49353,49354,2-s2.0-85118364022
49355,49356,2-s2.0-85118225816
49357,49358,2-s2.0-85118189889
49361,49362,2-s2.0-85117397488
49362,49363,2-s2.0-85117207722
49368,49369,2-s2.0-85114178343
49369,49370,2-s2.0-85114150033
49373,49374,2-s2.0-85112362072
49381,49382,2-s2.0-85107588115
49384,49385,2-s2.0-85106763372
49399,49400,2-s2.0-85084076157
49400,49401,2-s2.0-85073937973
49408,49409,2-s2.0-85122100366
49417,49418,2-s2.0-85122431246
49432,49433,2-s2.0-85117919603
49447,49448,2-s2.0-85117263285
49468,49469,2-s2.0-85117509660
49472,49473,2-s2.0-85117337543
49484,49485,2-s2.0-85116541745
49486,49487,2-s2.0-85116497243
49490,49491,2-s2.0-85116347641
49493,49494,2-s2.0-85116315680
49505,49506,2-s2.0-85115224033
49520,49521,2-s2.0-85113625856
49521,49522,2-s2.0-85113609184
49528,49529,2-s2.0-85109773831
49532,49533,2-s2.0-85108313563
49536,49537,2-s2.0-85107405224
49538,49539,2-s2.0-85105407493
49539,49540,2-s2.0-85104087833
49540,49541,2-s2.0-85103401987
49547,49548,2-s2.0-85099560829
49548,49549,2-s2.0-85097306079
49555,49556,2-s2.0-85087855936
49559,49560,2-s2.0-85073992163
49565,49566,2-s2.0-85105206336
49574,49575,2-s2.0-85122994515
49575,49576,2-s2.0-85190934023
49577,49578,2-s2.0-85164124370
49580,49581,2-s2.0-85115406983
49583,49584,2-s2.0-85114839533
49593,49594,2-s2.0-85164161238
49595,49596,2-s2.0-85154015684
49600,49601,2-s2.0-85124662073
49604,49605,2-s2.0-85122785434
49609,49610,2-s2.0-85118455989
49622,49623,2-s2.0-85116123950
49625,49626,2-s2.0-85116050279
49632,49633,2-s2.0-85115320333
49633,49634,2-s2.0-85115293875
49647,49648,2-s2.0-85114035706
49648,49649,2-s2.0-85113808678
49649,49650,2-s2.0-85113729691
49650,49651,2-s2.0-85113522743
49654,49655,2-s2.0-85112832379
49660,49661,2-s2.0-85110757731
49663,49664,2-s2.0-85109980884
49666,49667,2-s2.0-85109087518
49667,49668,2-s2.0-85108995492
49668,49669,2-s2.0-85108545683
49669,49670,2-s2.0-85108425454
49672,49673,2-s2.0-85106927876
49678,49679,2-s2.0-85103731155
49679,49680,2-s2.0-85103329157
49680,49681,2-s2.0-85103162671
49684,49685,2-s2.0-85100452693
49686,49687,2-s2.0-85099925267
49690,49691,2-s2.0-85096372849
49694,49695,2-s2.0-85091726944
49695,49696,2-s2.0-85091284282
49703,49704,2-s2.0-85060984476
49708,49709,2-s2.0-85114214545
49711,49712,2-s2.0-85114200422
49716,49717,2-s2.0-85118962806
49718,49719,2-s2.0-85114393743
49720,49721,2-s2.0-85147836485
49728,49729,2-s2.0-85114204376
49730,49731,2-s2.0-85109818381
49742,49743,2-s2.0-85112750740
49747,49748,2-s2.0-85112851717
49751,49752,2-s2.0-85112837643
49752,49753,2-s2.0-85112830792
49753,49754,2-s2.0-85112829820
49756,49757,2-s2.0-85112823344
49763,49764,2-s2.0-85112804993
49764,49765,2-s2.0-85112799959
49768,49769,2-s2.0-85129070370
49769,49770,2-s2.0-85112785377
49772,49773,2-s2.0-85112779897
49784,49785,2-s2.0-85112333530
49788,49789,2-s2.0-85123693860
49791,49792,2-s2.0-85116709005
49793,49794,2-s2.0-85116124402
49797,49798,2-s2.0-85113534932
49807,49808,2-s2.0-85112193324
49811,49812,2-s2.0-85112042005
49812,49813,2-s2.0-85112036183
49820,49821,2-s2.0-85111580386
49826,49827,2-s2.0-85109942158
49828,49829,2-s2.0-85108317852
49832,49833,2-s2.0-85106418533
49839,49840,2-s2.0-85101627618
49840,49841,2-s2.0-85101588249
49844,49845,2-s2.0-85101533309
49850,49851,2-s2.0-85098501588
49864,49865,2-s2.0-85096341744
49866,49867,2-s2.0-85092553594
49867,49868,2-s2.0-85117374717
49880,49881,2-s2.0-85124568075
49883,49884,2-s2.0-85124565872
49888,49889,2-s2.0-85124563999
49890,49891,2-s2.0-85124561755
49899,49900,2-s2.0-85124548509
49907,49908,2-s2.0-85124532232
49911,49912,2-s2.0-85124530046
49918,49919,2-s2.0-85124523724
49919,49920,2-s2.0-85124523144
49927,49928,2-s2.0-85124512547
49931,49932,2-s2.0-85124506968
49933,49934,2-s2.0-85124503724
49934,49935,2-s2.0-85124503630
49935,49936,2-s2.0-85124502479
49952,49953,2-s2.0-85112432929
49953,49954,2-s2.0-85112429281
49959,49960,2-s2.0-85117575679
49962,49963,2-s2.0-85111919474
49973,49974,2-s2.0-85108893017
49974,49975,2-s2.0-85110769702
49976,49977,2-s2.0-85111927246
49977,49978,2-s2.0-85111359593
49984,49985,2-s2.0-85153600545
49985,49986,2-s2.0-85148626775
49991,49992,2-s2.0-85135453655
49994,49995,2-s2.0-85127541647
50006,50007,2-s2.0-85114478484
50013,50014,2-s2.0-85112738676
50017,50018,2-s2.0-85112280524
50018,50019,2-s2.0-85112114920
50022,50023,2-s2.0-85111576664
50031,50032,2-s2.0-85110651988
50037,50038,2-s2.0-85110306390
50040,50041,2-s2.0-85109780409
50041,50042,2-s2.0-85109752310
50052,50053,2-s2.0-85108566641
50053,50054,2-s2.0-85108387210
50060,50061,2-s2.0-85105926147
50072,50073,2-s2.0-85103112567
50073,50074,2-s2.0-85101809740
50081,50082,2-s2.0-85089454510
50083,50084,2-s2.0-85088555232
50088,50089,2-s2.0-85079707737
50093,50094,2-s2.0-85110501556
50097,50098,2-s2.0-105001597880
50100,50101,2-s2.0-85108986722
50107,50108,2-s2.0-85112099305
50114,50115,2-s2.0-85115784332
50119,50120,2-s2.0-85109301008
50121,50122,2-s2.0-85127974618
50125,50126,2-s2.0-85112490651
50130,50131,2-s2.0-85109767051
50133,50134,2-s2.0-85132280635
50143,50144,2-s2.0-85108647430
50149,50150,2-s2.0-85108575866
50150,50151,2-s2.0-85108575667
50163,50164,2-s2.0-85108546313
50168,50169,2-s2.0-85108536631
50176,50177,2-s2.0-85108516439
50188,50189,2-s2.0-85152548827
50190,50191,2-s2.0-85108669527
50211,50212,2-s2.0-85138517258
50222,50223,2-s2.0-85122722226
50226,50227,2-s2.0-85118244556
50229,50230,2-s2.0-85117421663
50232,50233,2-s2.0-85116166099
50243,50244,2-s2.0-85111159171
50260,50261,2-s2.0-85108241940
50263,50264,2-s2.0-85107975769
50265,50266,2-s2.0-85107538643
50268,50269,2-s2.0-85107437441
50281,50282,2-s2.0-85106246366
50286,50287,2-s2.0-85105596417
50288,50289,2-s2.0-85105377359
50292,50293,2-s2.0-85105204960
50293,50294,2-s2.0-85104954211
50295,50296,2-s2.0-85104521706
50297,50298,2-s2.0-85104121765
50300,50301,2-s2.0-85103612630
50304,50305,2-s2.0-85103174698
50305,50306,2-s2.0-85103162956
50312,50313,2-s2.0-85101646676
50318,50319,2-s2.0-85100614060
50326,50327,2-s2.0-85087307873
50327,50328,2-s2.0-85086036282
50329,50330,2-s2.0-85083864475
50330,50331,2-s2.0-85082794571
50336,50337,2-s2.0-85107812525
50343,50344,2-s2.0-85140060369
50345,50346,2-s2.0-85131896738
50347,50348,2-s2.0-85125370864
50350,50351,2-s2.0-85108030091
50354,50355,2-s2.0-85108028255
50364,50365,2-s2.0-85149433335
50369,50370,2-s2.0-85108172005
50376,50377,2-s2.0-85108138834
50378,50379,2-s2.0-85150113300
50379,50380,2-s2.0-85150099014
50397,50398,2-s2.0-85117563974
50400,50401,2-s2.0-85105964138
50404,50405,2-s2.0-85105960744
50406,50407,2-s2.0-85105951054
50413,50414,2-s2.0-85105935311
50416,50417,2-s2.0-85105932032
50417,50418,2-s2.0-85105930685
50421,50422,2-s2.0-85105927948
50438,50439,2-s2.0-85106654390
50448,50449,2-s2.0-85110321913
50457,50458,2-s2.0-85132726510
50467,50468,2-s2.0-85109372094
50469,50470,2-s2.0-85109317499
50470,50471,2-s2.0-85109096056
50475,50476,2-s2.0-85108201503
50477,50478,2-s2.0-85107673351
50483,50484,2-s2.0-85106605999
50488,50489,2-s2.0-85105686844
50494,50495,2-s2.0-85105010742
50502,50503,2-s2.0-85103556299
50506,50507,2-s2.0-85102702158
50512,50513,2-s2.0-85101431479
50514,50515,2-s2.0-85100719704
50526,50527,2-s2.0-85095992682
50529,50530,2-s2.0-85087754653
50530,50531,2-s2.0-85083284468
50531,50532,2-s2.0-85105934634
50545,50546,2-s2.0-85198562878
50571,50572,2-s2.0-85112434874
50582,50583,2-s2.0-85106724201
50583,50584,2-s2.0-85107327639
50588,50589,2-s2.0-85104784083
50593,50594,2-s2.0-85104733093
50598,50599,2-s2.0-85112852661
50600,50601,2-s2.0-85112835723
50601,50602,2-s2.0-85112830757
50606,50607,2-s2.0-85102013806
50612,50613,2-s2.0-85104678730
50618,50619,2-s2.0-85104665085
50623,50624,2-s2.0-85104650060
50631,50632,2-s2.0-85104640656
50633,50634,2-s2.0-85104633590
50636,50637,2-s2.0-85104630354
50654,50655,2-s2.0-85104591798
50660,50661,2-s2.0-85104571334
50674,50675,2-s2.0-85104256573
50675,50676,2-s2.0-85104233502
50682,50683,2-s2.0-85103837212
50684,50685,2-s2.0-85103828078
50688,50689,2-s2.0-85200133970
50689,50690,2-s2.0-85186862543
50708,50709,2-s2.0-85106589611
50713,50714,2-s2.0-85106275747
50714,50715,2-s2.0-85106267101
50719,50720,2-s2.0-85105558678
50727,50728,2-s2.0-85105476556
50733,50734,2-s2.0-85105238802
50735,50736,2-s2.0-85104985260
50738,50739,2-s2.0-85104686148
50743,50744,2-s2.0-85104069266
50749,50750,2-s2.0-85103660217
50753,50754,2-s2.0-85103179583
50757,50758,2-s2.0-85101761113
50760,50761,2-s2.0-85100516955
50769,50770,2-s2.0-85098942872
50771,50772,2-s2.0-85095985527
50773,50774,2-s2.0-85093939651
50775,50776,2-s2.0-85091351359
50781,50782,2-s2.0-85083984388
50794,50795,2-s2.0-85103859606
50798,50799,2-s2.0-85103851406
50802,50803,2-s2.0-85103850227
50806,50807,2-s2.0-85103844048
50809,50810,2-s2.0-85103842042
50812,50813,2-s2.0-85103841483
50815,50816,2-s2.0-85103838834
50816,50817,2-s2.0-85103837936
50824,50825,2-s2.0-85103821895
50825,50826,2-s2.0-85103820263
50830,50831,2-s2.0-85103813152
50832,50833,2-s2.0-85107473614
50845,50846,2-s2.0-85103465917
50851,50852,2-s2.0-85103449196
50858,50859,2-s2.0-85103438958
50862,50863,2-s2.0-85103437384
50867,50868,2-s2.0-85103565673
50868,50869,2-s2.0-85103557810
50871,50872,2-s2.0-85103520113
50875,50876,2-s2.0-85103491712
50878,50879,2-s2.0-85103660558
50887,50888,2-s2.0-85103550542
50892,50893,2-s2.0-85103520808
50906,50907,2-s2.0-85103447800
50912,50913,2-s2.0-85103328603
50913,50914,2-s2.0-85103324271
50914,50915,2-s2.0-85103317631
50919,50920,2-s2.0-85103274713
50925,50926,2-s2.0-85103122655
50926,50927,2-s2.0-85103122084
50927,50928,2-s2.0-85103121687
50929,50930,2-s2.0-85103111581
50930,50931,2-s2.0-85103110831
50931,50932,2-s2.0-85103089952
50936,50937,2-s2.0-85107076397
50937,50938,2-s2.0-85107070894
50941,50942,2-s2.0-85107053027
50943,50944,2-s2.0-85102560965
50944,50945,2-s2.0-85130956765
50957,50958,2-s2.0-85104028328
50961,50962,2-s2.0-85102634156
50963,50964,2-s2.0-85103335610
50965,50966,2-s2.0-85103334892
50972,50973,2-s2.0-85103315534
50973,50974,2-s2.0-85103315219
50975,50976,2-s2.0-85103314408
50983,50984,2-s2.0-85103065782
50985,50986,2-s2.0-85102926847
50990,50991,2-s2.0-85102471038
50991,50992,2-s2.0-85102466364
50995,50996,2-s2.0-85102454337
51001,51002,2-s2.0-85102275879
51011,51012,2-s2.0-85107210143
51018,51019,2-s2.0-85105022888
51020,51021,2-s2.0-85104971171
51023,51024,2-s2.0-85104591548
51024,51025,2-s2.0-85104577677
51026,51027,2-s2.0-85104263451
51036,51037,2-s2.0-85103519105
51040,51041,2-s2.0-85103108732
51042,51043,2-s2.0-85103087710
51052,51053,2-s2.0-85102386066
51062,51063,2-s2.0-85100675918
51067,51068,2-s2.0-85100039023
51073,51074,2-s2.0-85098955800
51075,51076,2-s2.0-85097217593
51078,51079,2-s2.0-85097002004
51080,51081,2-s2.0-85096832044
51094,51095,2-s2.0-85089676941
51100,51101,2-s2.0-85086151588
51103,51104,2-s2.0-85085100922
51104,51105,2-s2.0-85085083052
51111,51112,2-s2.0-85078295501
51113,51114,2-s2.0-85077642072
51114,51115,2-s2.0-85076921023
51120,51121,2-s2.0-85107111141
51146,51147,2-s2.0-85102412165
51147,51148,2-s2.0-85102409841
51150,51151,2-s2.0-85102697595
51153,51154,2-s2.0-85102376789
51157,51158,2-s2.0-85102364606
51161,51162,2-s2.0-85102098984
51167,51168,2-s2.0-85109583535
51168,51169,2-s2.0-85109556985
51172,51173,2-s2.0-85102367803
51173,51174,2-s2.0-85102359649
51181,51182,2-s2.0-85102333360
51190,51191,2-s2.0-85100781895
51196,51197,2-s2.0-85158816490
51208,51209,2-s2.0-85102693667
51216,51217,2-s2.0-85101194463
51218,51219,2-s2.0-85101181859
51222,51223,2-s2.0-85100838921
51223,51224,2-s2.0-85100835236
51232,51233,2-s2.0-85100239510
51235,51236,2-s2.0-85099795808
51239,51240,2-s2.0-85099204845
51245,51246,2-s2.0-85094629838
51250,51251,2-s2.0-85091001484
51252,51253,2-s2.0-85089993063
51254,51255,2-s2.0-85089866097
51259,51260,2-s2.0-85087028629
51269,51270,2-s2.0-85075361485
51273,51274,2-s2.0-105002774282
51274,51275,2-s2.0-85091864824
51276,51277,2-s2.0-85091813410
51296,51297,2-s2.0-85102401078
51299,51300,2-s2.0-85102342474
51302,51303,2-s2.0-85102307434
51304,51305,2-s2.0-85102246651
51317,51318,2-s2.0-85101818463
51319,51320,2-s2.0-85101808258
51322,51323,2-s2.0-85101805091
51327,51328,2-s2.0-85101790831
51342,51343,2-s2.0-85101686276
51350,51351,2-s2.0-85100002411
51352,51353,2-s2.0-85101416039
51355,51356,2-s2.0-85101391451
51364,51365,2-s2.0-85101311686
51366,51367,2-s2.0-85093086355
51374,51375,2-s2.0-85189530116
51377,51378,2-s2.0-85189320882
51385,51386,2-s2.0-85148789347
51386,51387,2-s2.0-85092134791
51397,51398,2-s2.0-85216894008
51398,51399,2-s2.0-85216842795
51401,51402,2-s2.0-85216754635
51403,51404,2-s2.0-85216724764
51405,51406,2-s2.0-85207302867
51408,51409,2-s2.0-85202804450
51410,51411,2-s2.0-85194344584
51413,51414,2-s2.0-85192622793
51420,51421,2-s2.0-85182737930
51424,51425,2-s2.0-85181136555
51425,51426,2-s2.0-85181067506
51427,51428,2-s2.0-85180793115
51429,51430,2-s2.0-85180780191
51436,51437,2-s2.0-85180632231
51439,51440,2-s2.0-85180629789
51450,51451,2-s2.0-85179853749
51454,51455,2-s2.0-85179844766
51457,51458,2-s2.0-85179841841
51459,51460,2-s2.0-85179840692
51463,51464,2-s2.0-85179755045
51464,51465,2-s2.0-85179674736
51471,51472,2-s2.0-85177519192
51476,51477,2-s2.0-85175452195
51485,51486,2-s2.0-85172698550
51487,51488,2-s2.0-85172681831
51496,51497,2-s2.0-85164851551
51507,51508,2-s2.0-85159444685
51514,51515,2-s2.0-85159006621
51515,51516,2-s2.0-85158973461
51527,51528,2-s2.0-85151069481
51545,51546,2-s2.0-85146121290
51546,51547,2-s2.0-85146120995
51547,51548,2-s2.0-85146120896
51549,51550,2-s2.0-85146116227
51550,51551,2-s2.0-85146114438
51552,51553,2-s2.0-85146111743
51554,51555,2-s2.0-85145782905
51568,51569,2-s2.0-85140168231
51573,51574,2-s2.0-85140147067
51576,51577,2-s2.0-85139466063
51582,51583,2-s2.0-85139284137
51585,51586,2-s2.0-85138317252
51593,51594,2-s2.0-85137907074
51599,51600,2-s2.0-85136044798
51604,51605,2-s2.0-85135150006
51606,51607,2-s2.0-85134902647
51610,51611,2-s2.0-85134378609
51615,51616,2-s2.0-85133895343
51617,51618,2-s2.0-85133416180
51620,51621,2-s2.0-85132924625
51632,51633,2-s2.0-85131476826
51647,51648,2-s2.0-85130953483
51648,51649,2-s2.0-85130928095
51658,51659,2-s2.0-85129956443
51664,51665,2-s2.0-85129807482
51670,51671,2-s2.0-85128956780
51678,51679,2-s2.0-85128410353
51679,51680,2-s2.0-85128404408
51684,51685,2-s2.0-85128322804
51685,51686,2-s2.0-85128322386
51690,51691,2-s2.0-85128094751
51695,51696,2-s2.0-85127918554
51714,51715,2-s2.0-85127239460
51718,51719,2-s2.0-85127189844
51720,51721,2-s2.0-85127144690
51722,51723,2-s2.0-85127126572
51723,51724,2-s2.0-85127091262
51727,51728,2-s2.0-85126878641
51729,51730,2-s2.0-85126779737
51731,51732,2-s2.0-85126761126
51732,51733,2-s2.0-85126751946
51733,51734,2-s2.0-85126740102
51744,51745,2-s2.0-85125917083
51756,51757,2-s2.0-85125010339
51765,51766,2-s2.0-85124798377
51767,51768,2-s2.0-85124795450
51773,51774,2-s2.0-85124515420
51779,51780,2-s2.0-85124313456
51796,51797,2-s2.0-85123830780
51797,51798,2-s2.0-85123827003
51798,51799,2-s2.0-85123826062
51804,51805,2-s2.0-85123758400
51806,51807,2-s2.0-85123754850
51808,51809,2-s2.0-85123701369
51811,51812,2-s2.0-85123617261
51814,51815,2-s2.0-85123544881
51815,51816,2-s2.0-85123519532
51819,51820,2-s2.0-85123366445
51822,51823,2-s2.0-85123240103
51824,51825,2-s2.0-85123203700
51826,51827,2-s2.0-85123088594
51831,51832,2-s2.0-85123022923
51833,51834,2-s2.0-85122963364
51842,51843,2-s2.0-85122931774
51846,51847,2-s2.0-85122913872
51856,51857,2-s2.0-85122772955
51859,51860,2-s2.0-85122595644
51863,51864,2-s2.0-85122284239
51864,51865,2-s2.0-85122269899
51868,51869,2-s2.0-85122238426
51875,51876,2-s2.0-85122034048
51879,51880,2-s2.0-85121866559
51887,51888,2-s2.0-85121743106
51894,51895,2-s2.0-85121661005
51899,51900,2-s2.0-85121641092
51906,51907,2-s2.0-85121369189
51907,51908,2-s2.0-85121354041
51909,51910,2-s2.0-85121303558
51913,51914,2-s2.0-85121114334
51914,51915,2-s2.0-85121056590
51925,51926,2-s2.0-85121025338
51938,51939,2-s2.0-85120678636
51941,51942,2-s2.0-85120522250
51944,51945,2-s2.0-85120392283
51954,51955,2-s2.0-85120347212
51955,51956,2-s2.0-85120347110
51963,51964,2-s2.0-85120036350
51979,51980,2-s2.0-85119209316
51981,51982,2-s2.0-85119087570
51982,51983,2-s2.0-85118991360
51984,51985,2-s2.0-85118955230
51997,51998,2-s2.0-85118679171
51998,51999,2-s2.0-85118670615
52001,52002,2-s2.0-85118577254
52003,52004,2-s2.0-85118370850
52007,52008,2-s2.0-85118213601
52009,52010,2-s2.0-85118171057
52013,52014,2-s2.0-85118116694
52020,52021,2-s2.0-85117935471
52036,52037,2-s2.0-85117683630
52037,52038,2-s2.0-85117593416
52038,52039,2-s2.0-85117573028
52047,52048,2-s2.0-85117245064
52054,52055,2-s2.0-85116827244
52061,52062,2-s2.0-85116726285
52063,52064,2-s2.0-85116591494
52075,52076,2-s2.0-85116053817
52079,52080,2-s2.0-85116018003
52085,52086,2-s2.0-85115791838
52093,52094,2-s2.0-85115749378
52100,52101,2-s2.0-85115615061
52102,52103,2-s2.0-85115441172
52104,52105,2-s2.0-85115427807
52110,52111,2-s2.0-85115302969
52116,52117,2-s2.0-85115221170
52123,52124,2-s2.0-85114815937
52126,52127,2-s2.0-85114783174
52150,52151,2-s2.0-85113879871
52153,52154,2-s2.0-85113817977
52157,52158,2-s2.0-85113736758
52165,52166,2-s2.0-85113445923
52176,52177,2-s2.0-85113397819
52194,52195,2-s2.0-85112811675
52203,52204,2-s2.0-85112687473
52204,52205,2-s2.0-85112683521
52208,52209,2-s2.0-85112587555
52215,52216,2-s2.0-85112540297
52216,52217,2-s2.0-85112524865
52223,52224,2-s2.0-85112381794
52224,52225,2-s2.0-85112359326
52226,52227,2-s2.0-85112332417
52234,52235,2-s2.0-85112085632
52238,52239,2-s2.0-85111964086
52243,52244,2-s2.0-85111491176
52254,52255,2-s2.0-85111347257
52256,52257,2-s2.0-85111304121
52263,52264,2-s2.0-85111140734
52268,52269,2-s2.0-85111056234
52281,52282,2-s2.0-85110122492
52288,52289,2-s2.0-85109884979
52300,52301,2-s2.0-85109628399
52302,52303,2-s2.0-85109544516
52304,52305,2-s2.0-85109391422
52306,52307,2-s2.0-85109330402
52316,52317,2-s2.0-85108961461
52322,52323,2-s2.0-85108613981
52324,52325,2-s2.0-85108570848
52327,52328,2-s2.0-85108556145
52333,52334,2-s2.0-85108515745
52352,52353,2-s2.0-85107953565
52358,52359,2-s2.0-85107709035
52360,52361,2-s2.0-85107620145
52365,52366,2-s2.0-85107511525
52370,52371,2-s2.0-85107446887
52374,52375,2-s2.0-85107351410
52382,52383,2-s2.0-85107059427
52392,52393,2-s2.0-85106727332
52395,52396,2-s2.0-85106644471
52403,52404,2-s2.0-85106559243
52405,52406,2-s2.0-85106507838
52406,52407,2-s2.0-85106470586
52407,52408,2-s2.0-85106447489
52411,52412,2-s2.0-85106337328
52412,52413,2-s2.0-85106331042
52413,52414,2-s2.0-85106301620
52439,52440,2-s2.0-85105817287
52442,52443,2-s2.0-85105758056
52449,52450,2-s2.0-85105477882
52452,52453,2-s2.0-85105384668
52463,52464,2-s2.0-85105071551
52464,52465,2-s2.0-85105042627
52469,52470,2-s2.0-85104772551
52470,52471,2-s2.0-85104769231
52474,52475,2-s2.0-85104520541
52476,52477,2-s2.0-85104497236
52481,52482,2-s2.0-85104453009
52494,52495,2-s2.0-85104136114
52495,52496,2-s2.0-85104088763
52499,52500,2-s2.0-85104039965
52506,52507,2-s2.0-85103937633
52507,52508,2-s2.0-85103931042
52512,52513,2-s2.0-85103887358
52523,52524,2-s2.0-85103636211
52524,52525,2-s2.0-85103548470
52525,52526,2-s2.0-85103543921
52536,52537,2-s2.0-85103468954
52540,52541,2-s2.0-85103440676
52541,52542,2-s2.0-85103413091
52545,52546,2-s2.0-85103334424
52558,52559,2-s2.0-85103050567
52592,52593,2-s2.0-85101793904
52593,52594,2-s2.0-85101784320
52602,52603,2-s2.0-85101564170
52608,52609,2-s2.0-85101503621
52609,52610,2-s2.0-85101497954
52613,52614,2-s2.0-85101243883
52619,52620,2-s2.0-85101093046
52621,52622,2-s2.0-85101006820
52623,52624,2-s2.0-85100955524
52631,52632,2-s2.0-85100578809
52632,52633,2-s2.0-85100534814
52636,52637,2-s2.0-85100524544
52639,52640,2-s2.0-85100372635
52643,52644,2-s2.0-85100255962
52657,52658,2-s2.0-85099815837
52658,52659,2-s2.0-85099815404
52663,52664,2-s2.0-85099531727
52666,52667,2-s2.0-85099425764
52681,52682,2-s2.0-85099031426
52686,52687,2-s2.0-85098800046
52689,52690,2-s2.0-85098770694
52691,52692,2-s2.0-85098276334
52711,52712,2-s2.0-85097084306
52714,52715,2-s2.0-85097020408
52723,52724,2-s2.0-85096414367
52733,52734,2-s2.0-85094213058
52757,52758,2-s2.0-85091533665
52760,52761,2-s2.0-85091507319
52762,52763,2-s2.0-85091030355
52763,52764,2-s2.0-85091018502
52764,52765,2-s2.0-85091005483
52768,52769,2-s2.0-85090249493
52770,52771,2-s2.0-85090191199
52776,52777,2-s2.0-85090057069
52778,52779,2-s2.0-85090046821
52780,52781,2-s2.0-85090035108
52789,52790,2-s2.0-85089721676
52794,52795,2-s2.0-85089452364
52799,52800,2-s2.0-85089093944
52803,52804,2-s2.0-85088520810
52808,52809,2-s2.0-85087445876
52809,52810,2-s2.0-85087374530
52813,52814,2-s2.0-85087184740
52814,52815,2-s2.0-85087121542
52815,52816,2-s2.0-85087046078
52818,52819,2-s2.0-85087013776
52825,52826,2-s2.0-85085515874
52837,52838,2-s2.0-85084404381
52847,52848,2-s2.0-85082672430
52859,52860,2-s2.0-85079716693
52860,52861,2-s2.0-85079713539
52861,52862,2-s2.0-85079703916
52870,52871,2-s2.0-85077690270
52871,52872,2-s2.0-85077602070
52877,52878,2-s2.0-85076917767
52878,52879,2-s2.0-85076907866
52887,52888,2-s2.0-85075086631
52901,52902,2-s2.0-85070442425
52909,52910,2-s2.0-85059061077
52913,52914,2-s2.0-85046748877
52919,52920,2-s2.0-105004017897
52921,52922,2-s2.0-105000622873
52922,52923,2-s2.0-105003487960
52924,52925,2-s2.0-85201216252
52928,52929,2-s2.0-85150242470
52934,52935,2-s2.0-85108320270
52944,52945,2-s2.0-84879474072
