corpus_position,source_row_abs,EID_o_identificador
0,0,2-s2.0-0033669846
2,2,2-s2.0-0033653172
7,7,2-s2.0-8644291002
12,12,2-s2.0-8644274072
13,13,2-s2.0-8644271674
17,17,2-s2.0-8644252721
18,18,2-s2.0-8644250535
28,28,2-s2.0-85181224824
34,34,2-s2.0-84867432310
37,37,2-s2.0-79953050978
49,49,2-s2.0-1542272649
52,52,2-s2.0-0034542419
57,57,2-s2.0-0034474051
60,60,2-s2.0-0034471187
65,65,2-s2.0-0034429301
69,69,2-s2.0-0033782866
70,70,2-s2.0-85167397859
73,73,2-s2.0-0034718894
74,74,2-s2.0-0034718890
75,75,2-s2.0-0034644641
77,77,2-s2.0-0034644566
78,78,2-s2.0-0005041723
80,80,2-s2.0-34547439522
82,82,2-s2.0-0034302751
88,88,2-s2.0-0346123728
100,100,2-s2.0-0034697112
108,108,2-s2.0-84993019254
109,109,2-s2.0-34547226829
122,122,2-s2.0-85024001305
128,128,2-s2.0-85010495355
131,131,2-s2.0-85007856616
138,138,2-s2.0-84968583581
142,142,2-s2.0-84949789649
150,150,2-s2.0-84871922064
152,152,2-s2.0-84867470314
154,154,2-s2.0-77951276094
163,163,2-s2.0-50849108878
165,165,2-s2.0-4544259846
171,171,2-s2.0-33750307968
183,183,2-s2.0-23044524645
184,184,2-s2.0-23044524589
187,187,2-s2.0-23044519525
190,190,2-s2.0-22844457285
193,193,2-s2.0-22844453632
195,195,2-s2.0-22844453412
196,196,2-s2.0-22844453364
198,198,2-s2.0-19544376291
202,202,2-s2.0-1642521411
203,203,2-s2.0-13244297204
210,210,2-s2.0-0042686523
216,216,2-s2.0-0042185340
218,218,2-s2.0-0040442261
220,220,2-s2.0-0039923264
225,225,2-s2.0-0035526678
233,233,2-s2.0-0034546995
238,238,2-s2.0-0034367117
243,243,2-s2.0-0034344786
244,244,2-s2.0-0034343126
249,249,2-s2.0-0034280406
254,254,2-s2.0-0034199435
257,257,2-s2.0-0034166549
262,262,2-s2.0-0034046001
263,263,2-s2.0-0034025401
266,266,2-s2.0-0033994556
268,268,2-s2.0-0033923496
282,282,2-s2.0-0033740743
287,287,2-s2.0-0033687064
292,292,2-s2.0-0012101235
294,294,2-s2.0-0012085219
298,298,2-s2.0-0011262067
305,305,2-s2.0-0000717304
315,315,2-s2.0-8744306835
324,324,2-s2.0-8744301209
328,328,2-s2.0-8744292840
337,337,2-s2.0-8744272666
341,341,2-s2.0-8744259517
342,342,2-s2.0-8744258519
347,347,2-s2.0-8744243398
352,352,2-s2.0-8744232373
353,353,2-s2.0-8744231770
356,356,2-s2.0-8744219617
358,358,2-s2.0-85026672860
363,363,2-s2.0-78751527266
365,365,2-s2.0-52649096412
367,367,2-s2.0-52549121985
369,369,2-s2.0-4944254413
372,372,2-s2.0-33847682119
375,375,2-s2.0-30844441866
379,379,2-s2.0-0038495450
382,382,2-s2.0-0035786043
385,385,2-s2.0-0035745072
394,394,2-s2.0-0035582158
404,404,2-s2.0-0035500139
405,405,2-s2.0-0013296673
408,408,2-s2.0-0344429192
429,429,2-s2.0-27744515110
433,433,2-s2.0-0348238398
451,451,2-s2.0-6344294357
454,454,2-s2.0-6344226771
459,459,2-s2.0-85072449893
460,460,2-s2.0-85070136361
462,462,2-s2.0-85064781454
477,477,2-s2.0-85009547716
480,480,2-s2.0-85007784572
487,487,2-s2.0-84992782820
488,488,2-s2.0-84968560777
489,489,2-s2.0-84964556257
491,491,2-s2.0-84943261996
494,494,2-s2.0-84905098143
499,499,2-s2.0-84901268889
500,500,2-s2.0-84901264039
501,501,2-s2.0-84901257016
504,504,2-s2.0-84889286772
523,523,2-s2.0-52549098654
530,530,2-s2.0-34548082510
539,539,2-s2.0-3042789650
551,551,2-s2.0-19644381920
554,554,2-s2.0-19644363835
567,567,2-s2.0-0345816874
580,580,2-s2.0-0035824237
595,595,2-s2.0-0035584559
599,599,2-s2.0-0035562902
616,616,2-s2.0-0035394582
625,625,2-s2.0-0035342129
626,626,2-s2.0-0035329260
630,630,2-s2.0-0035223759
635,635,2-s2.0-0035201980
638,638,2-s2.0-0035197932
653,653,2-s2.0-0034976737
654,654,2-s2.0-0034961420
657,657,2-s2.0-0034822964
659,659,2-s2.0-0034782346
664,664,2-s2.0-0012855499
667,667,2-s2.0-0012068470
668,668,2-s2.0-0009889502
671,671,2-s2.0-8744315657
674,674,2-s2.0-8744302086
678,678,2-s2.0-8744292846
682,682,2-s2.0-8744285546
683,683,2-s2.0-8744285477
686,686,2-s2.0-8744276635
687,687,2-s2.0-8744274294
688,688,2-s2.0-8744273851
689,689,2-s2.0-8744273829
694,694,2-s2.0-8744262860
697,697,2-s2.0-8744254764
701,701,2-s2.0-8744246388
703,703,2-s2.0-8744246134
707,707,2-s2.0-8744239672
712,712,2-s2.0-8744234022
717,717,2-s2.0-8744225475
718,718,2-s2.0-8744224772
720,720,2-s2.0-8744222397
722,722,2-s2.0-85134337511
730,730,2-s2.0-67849133070
734,734,2-s2.0-33645713898
739,739,2-s2.0-23844479305
741,741,2-s2.0-23844438645
751,751,2-s2.0-0347069061
752,752,2-s2.0-0038715045
759,759,2-s2.0-0036989180
761,761,2-s2.0-0036957288
779,779,2-s2.0-0036948965
780,780,2-s2.0-0036948963
790,790,2-s2.0-0036400919
791,791,2-s2.0-0036399334
792,792,2-s2.0-3843118120
805,805,2-s2.0-85040561774
806,806,2-s2.0-84872580315
814,814,2-s2.0-0036677618
816,816,2-s2.0-84945962878
818,818,2-s2.0-0037118764
824,824,2-s2.0-0036048755
831,831,2-s2.0-0037165998
837,837,2-s2.0-0036573193
840,840,2-s2.0-0036201633
845,845,2-s2.0-5644287669
848,848,2-s2.0-27944478119
850,850,2-s2.0-0036499137
852,852,2-s2.0-0037039848
856,856,2-s2.0-0036002516
865,865,2-s2.0-85066189967
869,869,2-s2.0-85065365895
872,872,2-s2.0-85064306241
873,873,2-s2.0-85057399391
881,881,2-s2.0-85008058010
883,883,2-s2.0-85006502524
896,896,2-s2.0-84964502148
898,898,2-s2.0-84964432737
900,900,2-s2.0-84963922841
906,906,2-s2.0-84948447651
921,921,2-s2.0-84867311827
922,922,2-s2.0-84864696083
923,923,2-s2.0-84860498287
939,939,2-s2.0-52649141094
942,942,2-s2.0-52449095367
959,959,2-s2.0-33750538121
964,964,2-s2.0-3042583186
967,967,2-s2.0-27844501887
972,972,2-s2.0-23844493146
973,973,2-s2.0-23844492550
977,977,2-s2.0-23044528724
980,980,2-s2.0-1842678377
984,984,2-s2.0-12844249194
986,986,2-s2.0-0345295031
994,994,2-s2.0-0037005233
1009,1009,2-s2.0-0036830817
1011,1011,2-s2.0-0036763653
1013,1013,2-s2.0-0036763139
1015,1015,2-s2.0-0036717420
1019,1019,2-s2.0-0036660588
1021,1021,2-s2.0-0036630481
1023,1023,2-s2.0-0036613602
1028,1028,2-s2.0-0036546467
1029,1029,2-s2.0-0036480507
1032,1032,2-s2.0-0036459853
1035,1035,2-s2.0-0036455323
1053,1053,2-s2.0-0036109280
1060,1060,2-s2.0-0036036052
1061,1061,2-s2.0-0036014602
1063,1063,2-s2.0-0036011956
1070,1070,2-s2.0-0012529708
1078,1078,2-s2.0-0344738015
1079,1079,2-s2.0-0344305797
1083,1083,2-s2.0-8744315771
1084,1084,2-s2.0-8744312919
1086,1086,2-s2.0-8744310801
1087,1087,2-s2.0-8744310754
1091,1091,2-s2.0-8744307990
1093,1093,2-s2.0-8744305891
1098,1098,2-s2.0-8744299901
1099,1099,2-s2.0-8744298471
1101,1101,2-s2.0-8744297313
1104,1104,2-s2.0-8744293845
1105,1105,2-s2.0-8744293010
1107,1107,2-s2.0-8744287443
1113,1113,2-s2.0-8744275312
1117,1117,2-s2.0-8744263867
1118,1118,2-s2.0-8744259925
1119,1119,2-s2.0-8744259920
1124,1124,2-s2.0-8744254634
1137,1137,2-s2.0-8744237048
1141,1141,2-s2.0-8744233185
1156,1156,2-s2.0-84882501919
1179,1179,2-s2.0-33744970376
1185,1185,2-s2.0-27944497981
1186,1186,2-s2.0-22344451928
1199,1199,2-s2.0-1642520630
1200,1200,2-s2.0-1642519985
1203,1203,2-s2.0-1642479289
1206,1206,2-s2.0-1642479174
1207,1207,2-s2.0-1642438967
1208,1208,2-s2.0-1642438965
1209,1209,2-s2.0-1642438932
1210,1210,2-s2.0-1642438901
1219,1219,2-s2.0-1542644648
1222,1222,2-s2.0-1542516767
1224,1224,2-s2.0-1542432735
1231,1231,2-s2.0-10044223683
1234,1234,2-s2.0-0346640232
1240,1240,2-s2.0-0242269070
1248,1248,2-s2.0-0242577441
1250,1250,2-s2.0-0142007804
1251,1251,2-s2.0-0013327006
1253,1253,2-s2.0-84909242780
1258,1258,2-s2.0-2442443302
1267,1267,2-s2.0-84908902307
1269,1269,2-s2.0-84905779797
1272,1272,2-s2.0-84905763986
1276,1276,2-s2.0-85020225363
1277,1277,2-s2.0-84982214600
1287,1287,2-s2.0-0141938521
1288,1288,2-s2.0-0141595314
1290,1290,2-s2.0-0042941729
1296,1296,2-s2.0-0043270450
1297,1297,2-s2.0-0043133597
1305,1305,2-s2.0-84942309909
1310,1310,2-s2.0-3042840196
1323,1323,2-s2.0-0348217997
1324,1324,2-s2.0-0038505601
1326,1326,2-s2.0-0038290399
1330,1330,2-s2.0-8644238719
1337,1337,2-s2.0-0037235674
1338,1338,2-s2.0-0037471032
1341,1341,2-s2.0-18744413672
1349,1349,2-s2.0-0037361643
1353,1353,2-s2.0-0037315514
1362,1362,2-s2.0-85140185608
1364,1364,2-s2.0-85139718622
1369,1369,2-s2.0-85139349618
1370,1370,2-s2.0-85139344728
1375,1375,2-s2.0-85139310363
1378,1378,2-s2.0-85138950531
1379,1379,2-s2.0-85138944889
1380,1380,2-s2.0-85138937627
1381,1381,2-s2.0-85138936560
1383,1383,2-s2.0-85138900319
1390,1390,2-s2.0-85065367823
1414,1414,2-s2.0-84986147801
1417,1417,2-s2.0-84954443134
1419,1419,2-s2.0-84951179733
1430,1430,2-s2.0-84946057974
1431,1431,2-s2.0-84946057064
1435,1435,2-s2.0-84946037568
1436,1436,2-s2.0-84946029991
1438,1438,2-s2.0-84945972873
1439,1439,2-s2.0-84945968931
1441,1441,2-s2.0-84945960843
1447,1447,2-s2.0-84943640298
1454,1454,2-s2.0-84906017825
1457,1457,2-s2.0-84904037029
1461,1461,2-s2.0-84871560756
1478,1478,2-s2.0-78649826694
1482,1482,2-s2.0-77951181087
1483,1483,2-s2.0-77950832080
1484,1484,2-s2.0-77949550413
1492,1492,2-s2.0-61049370819
1504,1504,2-s2.0-35248892399
1506,1506,2-s2.0-35148898010
1507,1507,2-s2.0-35048868430
1508,1508,2-s2.0-35048855746
1521,1521,2-s2.0-3042638486
1524,1524,2-s2.0-2642541840
1527,1527,2-s2.0-21644488147
1528,1528,2-s2.0-2142858759
1531,1531,2-s2.0-21244473350
1536,1536,2-s2.0-1642414241
1541,1541,2-s2.0-1542499199
1544,1544,2-s2.0-1442264213
1546,1546,2-s2.0-1342325634
1551,1551,2-s2.0-105007130897
1560,1560,2-s2.0-0344253672
1561,1561,2-s2.0-0242659829
1564,1564,2-s2.0-0242370153
1571,1571,2-s2.0-0142061656
1573,1573,2-s2.0-0141884150
1580,1580,2-s2.0-0141427755
1583,1583,2-s2.0-0042782825
1587,1587,2-s2.0-0042243564
1599,1599,2-s2.0-0038454698
1602,1602,2-s2.0-0038349427
1609,1609,2-s2.0-0037673576
1615,1615,2-s2.0-0037397255
1619,1619,2-s2.0-0037341151
1621,1621,2-s2.0-0037320998
1622,1622,2-s2.0-0037317953
1623,1623,2-s2.0-0037290684
1628,1628,2-s2.0-0037257290
1629,1629,2-s2.0-0037240388
1633,1633,2-s2.0-11144271374
1638,1638,2-s2.0-10044233913
1645,1645,2-s2.0-84889898557
1657,1657,2-s2.0-4444252177
1668,1668,2-s2.0-34249032060
1672,1672,2-s2.0-33644865545
1675,1675,2-s2.0-27944447610
1677,1677,2-s2.0-23944489126
1707,1707,2-s2.0-14544297410
1708,1708,2-s2.0-14544290557
1711,1711,2-s2.0-13644272767
1719,1719,2-s2.0-11144287249
1721,1721,2-s2.0-11144279967
1730,1730,2-s2.0-8544270126
1740,1740,2-s2.0-5544322134
1743,1743,2-s2.0-5444272481
1744,1744,2-s2.0-5444271933
1747,1747,2-s2.0-5444268805
1751,1751,2-s2.0-5444262582
1753,1753,2-s2.0-5444260031
1774,1774,2-s2.0-5444242708
1781,1781,2-s2.0-5444239800
1787,1787,2-s2.0-5444234937
1791,1791,2-s2.0-5444231353
1793,1793,2-s2.0-5444229045
1796,1796,2-s2.0-5444223656
1800,1800,2-s2.0-5444220836
1807,1807,2-s2.0-4644356505
1817,1817,2-s2.0-4544259604
1822,1822,2-s2.0-9344254905
1825,1825,2-s2.0-6344239290
1827,1827,2-s2.0-5444232049
1830,1830,2-s2.0-4644232013
1832,1832,2-s2.0-34247661803
1836,1836,2-s2.0-33644524703
1839,1839,2-s2.0-3943075808
1842,1842,2-s2.0-4844220780
1843,1843,2-s2.0-84905932792
1844,1844,2-s2.0-84917163236
1847,1847,2-s2.0-3242663328
1848,1848,2-s2.0-4344567950
1854,1854,2-s2.0-2542586184
1864,1864,2-s2.0-20844446638
1866,1866,2-s2.0-2942666030
1873,1873,2-s2.0-4043069960
1877,1877,2-s2.0-3042566988
1886,1886,2-s2.0-3142664114
1889,1889,2-s2.0-2642549138
1895,1895,2-s2.0-1842709938
1902,1902,2-s2.0-84917259797
1907,1907,2-s2.0-2442497493
1912,1912,2-s2.0-1542611557
1913,1913,2-s2.0-10744230622
1915,1915,2-s2.0-84885722642
1931,1931,2-s2.0-1542442445
1936,1936,2-s2.0-84890722514
1940,1940,2-s2.0-0842266708
1953,1953,2-s2.0-9244231790
1958,1958,2-s2.0-85139345161
1966,1966,2-s2.0-85084776094
1973,1973,2-s2.0-85064786011
1979,1979,2-s2.0-85024587339
1988,1988,2-s2.0-85011468699
1990,1990,2-s2.0-85009800002
1992,1992,2-s2.0-84995575590
1999,1999,2-s2.0-84924211732
2012,2012,2-s2.0-84865611758
2015,2015,2-s2.0-8344260581
2025,2025,2-s2.0-70350285149
2035,2035,2-s2.0-5044223909
2036,2036,2-s2.0-4944265243
2039,2039,2-s2.0-4944232716
2041,2041,2-s2.0-46349102450
2046,2046,2-s2.0-4344622053
2050,2050,2-s2.0-4143110183
2067,2067,2-s2.0-33646140212
2073,2073,2-s2.0-3042818128
2078,2078,2-s2.0-2942703941
2080,2080,2-s2.0-2942592325
2081,2081,2-s2.0-2942567538
2084,2084,2-s2.0-2642554787
2085,2085,2-s2.0-2642546767
2088,2088,2-s2.0-2442686782
2104,2104,2-s2.0-20444449288
2108,2108,2-s2.0-1842432618
2115,2115,2-s2.0-1542634814
2128,2128,2-s2.0-12344263717
2130,2130,2-s2.0-1142277605
2131,2131,2-s2.0-1142263247
2133,2133,2-s2.0-11244283955
2135,2135,2-s2.0-10844270355
2136,2136,2-s2.0-10844262483
2141,2141,2-s2.0-10044230605
2143,2143,2-s2.0-0842267620
2154,2154,2-s2.0-29244455339
2156,2156,2-s2.0-28844455646
2157,2157,2-s2.0-28044442498
2158,2158,2-s2.0-28544443161
2179,2179,2-s2.0-84885759355
2191,2191,2-s2.0-84867425031
2192,2192,2-s2.0-84867423505
2207,2207,2-s2.0-84859578670
2209,2209,2-s2.0-84856975578
2213,2213,2-s2.0-78651234644
2215,2215,2-s2.0-77954036214
2220,2220,2-s2.0-60949749211
2222,2222,2-s2.0-57449099143
2235,2235,2-s2.0-33947239861
2238,2238,2-s2.0-33947213961
2240,2240,2-s2.0-33947202742
2245,2245,2-s2.0-33845393512
2250,2250,2-s2.0-33845290218
2254,2254,2-s2.0-33751289584
2260,2260,2-s2.0-33746159412
2261,2261,2-s2.0-33745947856
2263,2263,2-s2.0-33745806178
2264,2264,2-s2.0-33745711980
2265,2265,2-s2.0-33744998513
2268,2268,2-s2.0-33645652187
2271,2271,2-s2.0-33645645807
2272,2272,2-s2.0-33645638943
2275,2275,2-s2.0-33645152544
2280,2280,2-s2.0-31444456441
2284,2284,2-s2.0-29544442161
2285,2285,2-s2.0-29444454722
2289,2289,2-s2.0-29144437165
2292,2292,2-s2.0-28044457204
2295,2295,2-s2.0-27544471120
2299,2299,2-s2.0-33644860866
2306,2306,2-s2.0-27844608983
2312,2312,2-s2.0-26844465930
2320,2320,2-s2.0-32644445555
2332,2332,2-s2.0-21244489275
2341,2341,2-s2.0-24144465935
2344,2344,2-s2.0-23944477921
2349,2349,2-s2.0-33645013709
2350,2350,2-s2.0-29244460383
2353,2353,2-s2.0-28044447831
2355,2355,2-s2.0-28044446311
2356,2356,2-s2.0-27844489622
2360,2360,2-s2.0-25644448118
2363,2363,2-s2.0-23944468247
2365,2365,2-s2.0-23144457608
2367,2367,2-s2.0-33747490952
2379,2379,2-s2.0-28644444642
2380,2380,2-s2.0-26444603838
2390,2390,2-s2.0-22544444240
2397,2397,2-s2.0-33646460475
2414,2414,2-s2.0-20444420857
2426,2426,2-s2.0-27944504755
2435,2435,2-s2.0-23044477933
2442,2442,2-s2.0-20444472253
2452,2452,2-s2.0-24144436630
2458,2458,2-s2.0-17744385147
2459,2459,2-s2.0-17144383539
2460,2460,2-s2.0-16844374323
2463,2463,2-s2.0-17644395297
2464,2464,2-s2.0-84855675002
2468,2468,2-s2.0-34548186607
2469,2469,2-s2.0-27644524529
2470,2470,2-s2.0-26044447219
2473,2473,2-s2.0-22544451871
2477,2477,2-s2.0-18644382084
2484,2484,2-s2.0-27944506503
2489,2489,2-s2.0-27844602431
2499,2499,2-s2.0-21844455269
2501,2501,2-s2.0-20044381465
2504,2504,2-s2.0-17444387050
2507,2507,2-s2.0-17444365828
2509,2509,2-s2.0-16844375894
2512,2512,2-s2.0-14944349840
2515,2515,2-s2.0-14644407384
2517,2517,2-s2.0-13444291683
2522,2522,2-s2.0-34848910245
2523,2523,2-s2.0-22444448864
2526,2526,2-s2.0-17244370521
2537,2537,2-s2.0-6444236307
2541,2541,2-s2.0-85165452644
2550,2550,2-s2.0-85071556670
2558,2558,2-s2.0-85070969659
2559,2559,2-s2.0-85070595303
2570,2570,2-s2.0-85025307635
2573,2573,2-s2.0-85024203914
2590,2590,2-s2.0-84992804079
2593,2593,2-s2.0-84967693254
2595,2595,2-s2.0-84967560746
2598,2598,2-s2.0-84958977204
2600,2600,2-s2.0-84958178138
2607,2607,2-s2.0-84958165682
2609,2609,2-s2.0-84958153483
2610,2610,2-s2.0-84951335007
2614,2614,2-s2.0-84938785294
2629,2629,2-s2.0-84908391584
2631,2631,2-s2.0-84908388493
2643,2643,2-s2.0-84897009935
2644,2644,2-s2.0-84896982142
2652,2652,2-s2.0-84867436346
2661,2661,2-s2.0-77950639426
2663,2663,2-s2.0-77949544506
2664,2664,2-s2.0-68149083954
2673,2673,2-s2.0-34547681101
2679,2679,2-s2.0-33750388967
2690,2690,2-s2.0-33646502808
2715,2715,2-s2.0-27544499253
2727,2727,2-s2.0-24644463199
2728,2728,2-s2.0-24644440966
2730,2730,2-s2.0-24144491623
2732,2732,2-s2.0-23944496650
2735,2735,2-s2.0-22544488150
2738,2738,2-s2.0-22544486907
2744,2744,2-s2.0-22544481169
2745,2745,2-s2.0-22544480825
2751,2751,2-s2.0-22544477872
2758,2758,2-s2.0-22544474413
2766,2766,2-s2.0-22544468542
2767,2767,2-s2.0-22544468083
2774,2774,2-s2.0-22544465838
2783,2783,2-s2.0-22544459915
2786,2786,2-s2.0-22544456595
2787,2787,2-s2.0-22544454507
2788,2788,2-s2.0-22544454465
2800,2800,2-s2.0-22544438753
2811,2811,2-s2.0-21644464821
2814,2814,2-s2.0-21244472393
2815,2815,2-s2.0-21244447120
2816,2816,2-s2.0-21144458940
2817,2817,2-s2.0-20844452571
2818,2818,2-s2.0-20444475423
2821,2821,2-s2.0-19944373080
2822,2822,2-s2.0-19444367613
2828,2828,2-s2.0-17544365329
2831,2831,2-s2.0-17144411139
2833,2833,2-s2.0-17144365446
2844,2844,2-s2.0-14644427186
2845,2845,2-s2.0-14644398647
2850,2850,2-s2.0-13544258905
2855,2855,2-s2.0-12744253771
2856,2856,2-s2.0-12344267598
2870,2870,2-s2.0-85165455381
2873,2873,2-s2.0-84906614008
2877,2877,2-s2.0-84890006331
2879,2879,2-s2.0-84884381766
2880,2880,2-s2.0-84884375688
2882,2882,2-s2.0-84883301131
2883,2883,2-s2.0-84882504376
2885,2885,2-s2.0-84878098792
2888,2888,2-s2.0-84878052566
2893,2893,2-s2.0-84872101902
2895,2895,2-s2.0-84867418726
2899,2899,2-s2.0-84867272465
2902,2902,2-s2.0-78049516494
2908,2908,2-s2.0-70450257992
2909,2909,2-s2.0-70450228454
2910,2910,2-s2.0-70450225329
2920,2920,2-s2.0-49949094075
2930,2930,2-s2.0-48749086757
2943,2943,2-s2.0-36649020719
2945,2945,2-s2.0-35948972900
2952,2952,2-s2.0-34548227888
2955,2955,2-s2.0-34547324207
2957,2957,2-s2.0-34249332032
2961,2961,2-s2.0-34247339407
2963,2963,2-s2.0-34247195036
2965,2965,2-s2.0-33947698935
2968,2968,2-s2.0-33847212150
2969,2969,2-s2.0-33847207527
2972,2972,2-s2.0-33847043079
2973,2973,2-s2.0-33846579091
2982,2982,2-s2.0-33845264132
2985,2985,2-s2.0-33751272147
2996,2996,2-s2.0-33845307565
3003,3003,2-s2.0-37849187142
3010,3010,2-s2.0-33750597202
3014,3014,2-s2.0-33750180064
3015,3015,2-s2.0-33749834342
3018,3018,2-s2.0-33748414603
3024,3024,2-s2.0-33750471956
3025,3025,2-s2.0-33750473335
3037,3037,2-s2.0-84876118964
3041,3041,2-s2.0-33751027188
3042,3042,2-s2.0-33750921455
3057,3057,2-s2.0-33748985328
3058,3058,2-s2.0-33748983944
3060,3060,2-s2.0-33748956306
3066,3066,2-s2.0-33748894182
3080,3080,2-s2.0-33746803694
3087,3087,2-s2.0-84991042076
3102,3102,2-s2.0-33748281957
3105,3105,2-s2.0-33747613559
3111,3111,2-s2.0-33745613552
3113,3113,2-s2.0-33750352765
3114,3114,2-s2.0-33749567176
3115,3115,2-s2.0-33749555829
3121,3121,2-s2.0-33746795900
3143,3143,2-s2.0-33745326922
3147,3147,2-s2.0-33744910645
3151,3151,2-s2.0-33744483744
3152,3152,2-s2.0-33646727799
3154,3154,2-s2.0-85167431068
3157,3157,2-s2.0-33744521791
3162,3162,2-s2.0-33645960167
3163,3163,2-s2.0-85023668358
3166,3166,2-s2.0-33749356583
3168,3168,2-s2.0-33749244597
3172,3172,2-s2.0-33744998327
3187,3187,2-s2.0-33646487505
3188,3188,2-s2.0-33646459318
3190,3190,2-s2.0-33645464379
3196,3196,2-s2.0-33645151813
3200,3200,2-s2.0-33645092898
3204,3204,2-s2.0-33644646246
3213,3213,2-s2.0-32444444339
3215,3215,2-s2.0-30844446663
3218,3218,2-s2.0-57649102704
3220,3220,2-s2.0-33745904756
3223,3223,2-s2.0-33645716358
3226,3226,2-s2.0-33645681101
3228,3228,2-s2.0-33645516147
3232,3232,2-s2.0-30644480713
3244,3244,2-s2.0-85135974455
3246,3246,2-s2.0-85117689761
3249,3249,2-s2.0-85085669515
3256,3256,2-s2.0-85067948954
3264,3264,2-s2.0-85037533898
3267,3267,2-s2.0-85029128284
3269,3269,2-s2.0-85029125062
3270,3270,2-s2.0-85029124886
3279,3279,2-s2.0-85029117171
3284,3284,2-s2.0-85029104814
3292,3292,2-s2.0-85029091972
3306,3306,2-s2.0-85029068537
3329,3329,2-s2.0-85029024402
3333,3333,2-s2.0-85026807021
3341,3341,2-s2.0-85011514499
3355,3355,2-s2.0-84990909354
3359,3359,2-s2.0-84986573058
3363,3363,2-s2.0-84961649085
3369,3369,2-s2.0-84938838991
3381,3381,2-s2.0-84926256145
3394,3394,2-s2.0-84923487041
3395,3395,2-s2.0-84923477825
3399,3399,2-s2.0-84923449274
3404,3404,2-s2.0-84920632109
3407,3407,2-s2.0-84911999886
3414,3414,2-s2.0-84896964591
3418,3418,2-s2.0-84896005947
3434,3434,2-s2.0-84867417858
3447,3447,2-s2.0-77955220013
3458,3458,2-s2.0-55149099532
3459,3459,2-s2.0-53849136004
3471,3471,2-s2.0-42449138935
3472,3472,2-s2.0-42249091699
3475,3475,2-s2.0-41149170189
3476,3476,2-s2.0-41149121079
3482,3482,2-s2.0-37749032655
3484,3484,2-s2.0-37349108448
3485,3485,2-s2.0-37149039740
3494,3494,2-s2.0-33847644379
3497,3497,2-s2.0-33847138965
3501,3501,2-s2.0-33846344744
3503,3503,2-s2.0-33846185875
3512,3512,2-s2.0-33845545319
3528,3528,2-s2.0-33750278674
3535,3535,2-s2.0-33750138571
3543,3543,2-s2.0-33748896252
3554,3554,2-s2.0-33746344653
3556,3556,2-s2.0-33745916460
3558,3558,2-s2.0-33745869375
3560,3560,2-s2.0-33745808339
3562,3562,2-s2.0-33745627041
3564,3564,2-s2.0-33745349917
3566,3566,2-s2.0-33744990873
3567,3567,2-s2.0-33646846107
3568,3568,2-s2.0-33646844598
3578,3578,2-s2.0-33645963790
3586,3586,2-s2.0-33645075760
3598,3598,2-s2.0-32044457370
3601,3601,2-s2.0-31544472322
3603,3603,2-s2.0-30744443801
3615,3615,2-s2.0-105011790940
3629,3629,2-s2.0-84900044921
3630,3630,2-s2.0-84899662114
3642,3642,2-s2.0-84892358876
3645,3645,2-s2.0-84892232037
3649,3649,2-s2.0-84890072028
3655,3655,2-s2.0-84885236843
3656,3656,2-s2.0-84885224262
3657,3657,2-s2.0-84882978718
3660,3660,2-s2.0-84878252705
3662,3662,2-s2.0-84878243638
3676,3676,2-s2.0-84867466058
3688,3688,2-s2.0-84860722144
3694,3694,2-s2.0-84856947186
3697,3697,2-s2.0-80051529216
3701,3701,2-s2.0-79954976943
3704,3704,2-s2.0-78651231804
3705,3705,2-s2.0-78650953712
3708,3708,2-s2.0-78649780835
3712,3712,2-s2.0-77954614007
3714,3714,2-s2.0-77950683850
3716,3716,2-s2.0-77149177486
3717,3717,2-s2.0-75249087271
3726,3726,2-s2.0-70350390085
3729,3729,2-s2.0-70349196827
3730,3730,2-s2.0-68349142939
3736,3736,2-s2.0-63049117939
3753,3753,2-s2.0-55249099345
3755,3755,2-s2.0-53749096217
3774,3774,2-s2.0-50049110345
3795,3795,2-s2.0-48449089437
3806,3806,2-s2.0-47649125592
3814,3814,2-s2.0-46449109431
3816,3816,2-s2.0-46149088095
3817,3817,2-s2.0-45149095843
3833,3833,2-s2.0-38049011964
3837,3837,2-s2.0-37849026188
3842,3842,2-s2.0-37449029666
3843,3843,2-s2.0-37449005087
3844,3844,2-s2.0-37349131049
3845,3845,2-s2.0-37349123288
3859,3859,2-s2.0-36549013109
3863,3863,2-s2.0-35648931521
3864,3864,2-s2.0-35349030908
3865,3865,2-s2.0-35349028980
3874,3874,2-s2.0-33847634460
3875,3875,2-s2.0-84917284889
3881,3881,2-s2.0-84904825608
3888,3888,2-s2.0-36448929492
3891,3891,2-s2.0-36049033016
3894,3894,2-s2.0-35349005363
3903,3903,2-s2.0-85068024680
3906,3906,2-s2.0-36448953910
3911,3911,2-s2.0-35348914650
3912,3912,2-s2.0-35348907459
3913,3913,2-s2.0-35348873891
3920,3920,2-s2.0-34748826141
3921,3921,2-s2.0-34548832770
3925,3925,2-s2.0-34548736577
3929,3929,2-s2.0-34848874567
3931,3931,2-s2.0-34548678859
3935,3935,2-s2.0-34548233246
3936,3936,2-s2.0-85012878574
3947,3947,2-s2.0-34548628978
3952,3952,2-s2.0-34548101376
3957,3957,2-s2.0-34547651022
3966,3966,2-s2.0-34547907450
3979,3979,2-s2.0-34948880222
3982,3982,2-s2.0-34548852840
3984,3984,2-s2.0-34548335110
3996,3996,2-s2.0-34347225539
4002,4002,2-s2.0-36549004989
4008,4008,2-s2.0-34547135193
4012,4012,2-s2.0-34447279899
4013,4013,2-s2.0-34347384400
4017,4017,2-s2.0-34249903909
4043,4043,2-s2.0-34247562775
4047,4047,2-s2.0-33947705689
4051,4051,2-s2.0-34247554966
4054,4054,2-s2.0-38049105624
4056,4056,2-s2.0-34347388057
4058,4058,2-s2.0-34250808403
4070,4070,2-s2.0-84988036848
4074,4074,2-s2.0-84902241520
4095,4095,2-s2.0-33947429144
4096,4096,2-s2.0-33947240838
4097,4097,2-s2.0-33847325265
4111,4111,2-s2.0-34249084724
4113,4113,2-s2.0-34248349154
4114,4114,2-s2.0-34248330977
4115,4115,2-s2.0-34247385895
4134,4134,2-s2.0-33947500098
4137,4137,2-s2.0-34547315555
4142,4142,2-s2.0-33846858850
4144,4144,2-s2.0-33846009476
4145,4145,2-s2.0-33845871999
4149,4149,2-s2.0-33845673675
4154,4154,2-s2.0-33845625635
4158,4158,2-s2.0-33846409861
4159,4159,2-s2.0-85186797770
4160,4160,2-s2.0-85183287668
4170,4170,2-s2.0-85087152771
4177,4177,2-s2.0-85067972068
4183,4183,2-s2.0-85055673918
4185,4185,2-s2.0-85041299935
4186,4186,2-s2.0-85029130112
4192,4192,2-s2.0-85029125040
4209,4209,2-s2.0-85029097561
4227,4227,2-s2.0-85029077692
4230,4230,2-s2.0-85029074568
4232,4232,2-s2.0-85029073119
4237,4237,2-s2.0-85029065113
4244,4244,2-s2.0-85029060204
4245,4245,2-s2.0-85029060149
4250,4250,2-s2.0-85029053398
4264,4264,2-s2.0-85029037185
4272,4272,2-s2.0-85029028324
4273,4273,2-s2.0-85029027141
4279,4279,2-s2.0-85023804903
4282,4282,2-s2.0-85023676189
4290,4290,2-s2.0-85001720256
4294,4294,2-s2.0-84990385316
4299,4299,2-s2.0-84968790862
4301,4301,2-s2.0-84967702713
4303,4303,2-s2.0-84967642799
4310,4310,2-s2.0-84967373556
4311,4311,2-s2.0-84967367823
4315,4315,2-s2.0-84958054015
4321,4321,2-s2.0-84951148573
4322,4322,2-s2.0-84938861461
4323,4323,2-s2.0-84938829099
4324,4324,2-s2.0-84938695400
4334,4334,2-s2.0-84926175767
4340,4340,2-s2.0-84910074396
4345,4345,2-s2.0-84901704795
4346,4346,2-s2.0-84898555118
4347,4347,2-s2.0-84897498131
4350,4350,2-s2.0-84896921847
4361,4361,2-s2.0-84885649212
4379,4379,2-s2.0-79955896800
4386,4386,2-s2.0-77953919936
4390,4390,2-s2.0-77649131649
4394,4394,2-s2.0-70350713479
4402,4402,2-s2.0-63749083653
4413,4413,2-s2.0-44249092810
4419,4419,2-s2.0-38449118637
4426,4426,2-s2.0-37249034693
4427,4427,2-s2.0-37249021419
4433,4433,2-s2.0-36048936981
4438,4438,2-s2.0-35448973314
4446,4446,2-s2.0-34748902914
4448,4448,2-s2.0-34648840493
4454,4454,2-s2.0-34547702673
4455,4455,2-s2.0-34547702388
4466,4466,2-s2.0-34347245224
4468,4468,2-s2.0-34250663822
4472,4472,2-s2.0-34249716798
4485,4485,2-s2.0-34248333499
4486,4486,2-s2.0-34248226431
4491,4491,2-s2.0-34247550300
4495,4495,2-s2.0-34047212294
4498,4498,2-s2.0-33947725811
4500,4500,2-s2.0-33947491242
4502,4502,2-s2.0-33847335032
4511,4511,2-s2.0-33845591161
4519,4519,2-s2.0-57849098840
4525,4525,2-s2.0-57749097040
4531,4531,2-s2.0-49949108958
4532,4532,2-s2.0-57349197907
4537,4537,2-s2.0-57349189034
4547,4547,2-s2.0-85125802115
4548,4548,2-s2.0-85065190180
4566,4566,2-s2.0-84891680657
4569,4569,2-s2.0-84890002891
4572,4572,2-s2.0-84889990965
4576,4576,2-s2.0-84889965863
4590,4590,2-s2.0-84874771095
4593,4593,2-s2.0-84873180636
4598,4598,2-s2.0-84870376809
4600,4600,2-s2.0-84870347069
4604,4604,2-s2.0-84867389706
4607,4607,2-s2.0-84867375767
4611,4611,2-s2.0-84867355158
4615,4615,2-s2.0-84861091997
4623,4623,2-s2.0-81155132182
4629,4629,2-s2.0-79957578640
4630,4630,2-s2.0-79953707845
4635,4635,2-s2.0-79251502323
4637,4637,2-s2.0-78650759961
4645,4645,2-s2.0-78650758977
4648,4648,2-s2.0-78649276110
4651,4651,2-s2.0-77958120702
4653,4653,2-s2.0-77957706889
4659,4659,2-s2.0-77953035401
4665,4665,2-s2.0-77950487102
4671,4671,2-s2.0-75649146990
4675,4675,2-s2.0-75449089196
4676,4676,2-s2.0-72449190283
4684,4684,2-s2.0-70349084041
4691,4691,2-s2.0-67649220486
4700,4700,2-s2.0-64649100743
4712,4712,2-s2.0-62549153607
4713,4713,2-s2.0-62449299131
4718,4718,2-s2.0-60649086930
4721,4721,2-s2.0-60549102281
4726,4726,2-s2.0-58849108312
4728,4728,2-s2.0-58449127285
4729,4729,2-s2.0-58449114212
4735,4735,2-s2.0-58349106443
4743,4743,2-s2.0-58049217112
4744,4744,2-s2.0-58049209466
4746,4746,2-s2.0-58049189318
4749,4749,2-s2.0-57749140601
4753,4753,2-s2.0-57049085663
4757,4757,2-s2.0-55249085430
4758,4758,2-s2.0-55149091365
4760,4760,2-s2.0-54249162058
4766,4766,2-s2.0-45349094747
4775,4775,2-s2.0-56049125779
4784,4784,2-s2.0-55249111818
4794,4794,2-s2.0-58749085724
4795,4795,2-s2.0-58149376485
4800,4800,2-s2.0-53849125007
4807,4807,2-s2.0-50449095594
4811,4811,2-s2.0-48549092154
4812,4812,2-s2.0-48549086201
4815,4815,2-s2.0-54249117724
4823,4823,2-s2.0-77749307773
4831,4831,2-s2.0-55049094246
4838,4838,2-s2.0-52549096439
4840,4840,2-s2.0-52149107569
4844,4844,2-s2.0-44949175923
4849,4849,2-s2.0-52249112106
4856,4856,2-s2.0-51849102872
4861,4861,2-s2.0-51749107031
4864,4864,2-s2.0-50949124484
4867,4867,2-s2.0-85128974503
4869,4869,2-s2.0-84895903314
4875,4875,2-s2.0-69249129138
4880,4880,2-s2.0-55349140075
4881,4881,2-s2.0-52949140175
4901,4901,2-s2.0-49649119666
4918,4918,2-s2.0-49949105451
4919,4919,2-s2.0-49949098746
4924,4924,2-s2.0-48449104048
4929,4929,2-s2.0-78149450804
4933,4933,2-s2.0-51049090393
4937,4937,2-s2.0-47849087100
4942,4942,2-s2.0-46049091981
4943,4943,2-s2.0-45649083567
4950,4950,2-s2.0-47749138942
4953,4953,2-s2.0-47749086297
4955,4955,2-s2.0-47249164388
4961,4961,2-s2.0-46349108431
4965,4965,2-s2.0-52049125264
4972,4972,2-s2.0-46349101245
4996,4996,2-s2.0-47149084926
4997,4997,2-s2.0-46649107108
4998,4998,2-s2.0-46449113206
5013,5013,2-s2.0-44649168160
5025,5025,2-s2.0-43949093865
5027,5027,2-s2.0-84917268849
5028,5028,2-s2.0-42949089299
5029,5029,2-s2.0-46449104662
5030,5030,2-s2.0-84883062075
5033,5033,2-s2.0-53649087544
5068,5068,2-s2.0-41149147671
5072,5072,2-s2.0-41149083880
5073,5073,2-s2.0-40849126783
5077,5077,2-s2.0-43849096603
5078,5078,2-s2.0-84904776766
5080,5080,2-s2.0-44649194477
5085,5085,2-s2.0-51449089529
5089,5089,2-s2.0-41249100649
5106,5106,2-s2.0-39549090876
5107,5107,2-s2.0-84992996377
5109,5109,2-s2.0-39049147144
5116,5116,2-s2.0-40049083524
5119,5119,2-s2.0-39449099328
5122,5122,2-s2.0-38949152440
5137,5137,2-s2.0-84909265253
5140,5140,2-s2.0-38049056851
5144,5144,2-s2.0-85147082614
5148,5148,2-s2.0-85147071000
5150,5150,2-s2.0-85147062920
5152,5152,2-s2.0-85147057468
5160,5160,2-s2.0-85094397657
5163,5163,2-s2.0-85078863104
5166,5166,2-s2.0-85071639348
5171,5171,2-s2.0-85029131925
5175,5175,2-s2.0-85029129527
5177,5177,2-s2.0-85029128209
5181,5181,2-s2.0-85029120916
5193,5193,2-s2.0-85029108769
5209,5209,2-s2.0-85029093471
5218,5218,2-s2.0-85029083633
5220,5220,2-s2.0-85029082665
5221,5221,2-s2.0-85029082476
5224,5224,2-s2.0-85029079474
5226,5226,2-s2.0-85029079338
5233,5233,2-s2.0-85029071947
5237,5237,2-s2.0-85029067534
5238,5238,2-s2.0-85029067108
5239,5239,2-s2.0-85029067011
5241,5241,2-s2.0-85029066500
5242,5242,2-s2.0-85029064784
5249,5249,2-s2.0-85029056322
5256,5256,2-s2.0-85029050438
5262,5262,2-s2.0-85029042007
5270,5270,2-s2.0-85029034369
5273,5273,2-s2.0-85029030446
5276,5276,2-s2.0-85029029634
5285,5285,2-s2.0-85026657140
5288,5288,2-s2.0-85021641334
5296,5296,2-s2.0-85008812532
5299,5299,2-s2.0-84990403664
5302,5302,2-s2.0-84979893421
5306,5306,2-s2.0-84961731164
5311,5311,2-s2.0-84938797460
5330,5330,2-s2.0-84898528053
5339,5339,2-s2.0-84896286903
5346,5346,2-s2.0-84876352633
5364,5364,2-s2.0-80051516688
5365,5365,2-s2.0-80051516679
5370,5370,2-s2.0-79958836201
5374,5374,2-s2.0-78650775003
5382,5382,2-s2.0-77952428629
5387,5387,2-s2.0-77950345859
5393,5393,2-s2.0-70349645361
5398,5398,2-s2.0-68949161996
5401,5401,2-s2.0-68149156033
5402,5402,2-s2.0-68049144432
5406,5406,2-s2.0-67049156211
5407,5407,2-s2.0-65349088710
5409,5409,2-s2.0-63849264255
5418,5418,2-s2.0-61149375556
5419,5419,2-s2.0-60950010887
5420,5420,2-s2.0-60549110263
5421,5421,2-s2.0-60449106442
5424,5424,2-s2.0-60249088395
5427,5427,2-s2.0-59049085551
5431,5431,2-s2.0-58049204076
5436,5436,2-s2.0-56849133612
5438,5438,2-s2.0-56749174442
5456,5456,2-s2.0-52249122172
5458,5458,2-s2.0-52249091545
5472,5472,2-s2.0-48249103965
5479,5479,2-s2.0-47649101367
5480,5480,2-s2.0-46949109343
5482,5482,2-s2.0-46749108913
5485,5485,2-s2.0-45849149661
5496,5496,2-s2.0-43449119204
5497,5497,2-s2.0-43449114203
5498,5498,2-s2.0-43249127753
5499,5499,2-s2.0-43249089790
5503,5503,2-s2.0-42149159504
5507,5507,2-s2.0-41149149667
5526,5526,2-s2.0-37549002845
5563,5563,2-s2.0-84900101520
5567,5567,2-s2.0-84895331482
5571,5571,2-s2.0-84892907939
5573,5573,2-s2.0-84892809117
5576,5576,2-s2.0-84892804989
5577,5577,2-s2.0-84892801624
5591,5591,2-s2.0-84889997854
5597,5597,2-s2.0-84888080213
5599,5599,2-s2.0-84883084155
5602,5602,2-s2.0-84879536576
5604,5604,2-s2.0-84872664071
5606,5606,2-s2.0-84871115805
5621,5621,2-s2.0-84867275614
5628,5628,2-s2.0-84857753983
5630,5630,2-s2.0-84857093657
5638,5638,2-s2.0-79951904095
5640,5640,2-s2.0-78651541781
5643,5643,2-s2.0-78649833461
5645,5645,2-s2.0-78649360275
5650,5650,2-s2.0-78049413620
5651,5651,2-s2.0-78049393236
5656,5656,2-s2.0-77956197054
5659,5659,2-s2.0-77955628324
5668,5668,2-s2.0-77954676232
5671,5671,2-s2.0-77953690622
5672,5672,2-s2.0-77953643563
5676,5676,2-s2.0-77953492359
5682,5682,2-s2.0-77952721149
5685,5685,2-s2.0-77952124526
5691,5691,2-s2.0-77951496886
5695,5695,2-s2.0-77951484929
5696,5696,2-s2.0-77951481908
5704,5704,2-s2.0-77951454624
5717,5717,2-s2.0-77950998764
5727,5727,2-s2.0-77949980676
5728,5728,2-s2.0-77949742711
5745,5745,2-s2.0-76249121507
5746,5746,2-s2.0-76249112633
5749,5749,2-s2.0-75649143346
5750,5750,2-s2.0-75149125177
5754,5754,2-s2.0-74349131172
5758,5758,2-s2.0-72849116348
5764,5764,2-s2.0-72149123904
5765,5765,2-s2.0-71949085654
5766,5766,2-s2.0-71149101613
5768,5768,2-s2.0-71149084381
5775,5775,2-s2.0-70349455637
5783,5783,2-s2.0-70450193097
5786,5786,2-s2.0-70450170473
5789,5789,2-s2.0-84992972025
5790,5790,2-s2.0-70449589655
5795,5795,2-s2.0-70350714925
5797,5797,2-s2.0-70350614673
5798,5798,2-s2.0-70350612922
5804,5804,2-s2.0-70350516205
5806,5806,2-s2.0-70350490060
5811,5811,2-s2.0-85068499308
5814,5814,2-s2.0-78149363572
5821,5821,2-s2.0-72149115946
5830,5830,2-s2.0-70350495915
5834,5834,2-s2.0-70350678984
5836,5836,2-s2.0-70350270038
5838,5838,2-s2.0-70350241283
5840,5840,2-s2.0-70350151273
5848,5848,2-s2.0-70349636292
5849,5849,2-s2.0-70349634142
5852,5852,2-s2.0-84862833179
5856,5856,2-s2.0-77951006727
5866,5866,2-s2.0-70449339916
5867,5867,2-s2.0-70350423279
5868,5868,2-s2.0-70349599194
5873,5873,2-s2.0-70349342926
5875,5875,2-s2.0-69549112885
5881,5881,2-s2.0-70349277200
5883,5883,2-s2.0-69949155174
5885,5885,2-s2.0-69949103992
5906,5906,2-s2.0-77957656813
5909,5909,2-s2.0-77649156291
5927,5927,2-s2.0-70349630182
5930,5930,2-s2.0-70349190759
5932,5932,2-s2.0-70249132590
5939,5939,2-s2.0-69249178352
5943,5943,2-s2.0-68949199496
5949,5949,2-s2.0-70350552027
5951,5951,2-s2.0-69149087448
5954,5954,2-s2.0-68949094513
5955,5955,2-s2.0-84993035249
5963,5963,2-s2.0-68149131615
5967,5967,2-s2.0-67749124079
5969,5969,2-s2.0-84867320774
5972,5972,2-s2.0-75249093392
5976,5976,2-s2.0-70349513619
5984,5984,2-s2.0-64449083865
5985,5985,2-s2.0-64449083603
5999,5999,2-s2.0-67650527298
6003,6003,2-s2.0-67649989930
6015,6015,2-s2.0-70149103997
6023,6023,2-s2.0-67649641406
6035,6035,2-s2.0-67649292317
6043,6043,2-s2.0-67649277193
6046,6046,2-s2.0-67649273853
6047,6047,2-s2.0-67649273838
6054,6054,2-s2.0-67649255558
6067,6067,2-s2.0-84893695986
6071,6071,2-s2.0-78650168174
6080,6080,2-s2.0-70449382016
6093,6093,2-s2.0-67649352209
6095,6095,2-s2.0-67349287506
6100,6100,2-s2.0-67349198550
6109,6109,2-s2.0-66249121764
6110,6110,2-s2.0-66249104707
6113,6113,2-s2.0-65549157440
6118,6118,2-s2.0-84909244993
6119,6119,2-s2.0-67349267366
6123,6123,2-s2.0-84893683522
6126,6126,2-s2.0-67349133491
6143,6143,2-s2.0-70349342185
6148,6148,2-s2.0-67649669795
6152,6152,2-s2.0-66049093064
6153,6153,2-s2.0-65349151543
6156,6156,2-s2.0-63949086433
6160,6160,2-s2.0-60249096647
6164,6164,2-s2.0-84889292102
6172,6172,2-s2.0-63649145930
6174,6174,2-s2.0-78651578008
6177,6177,2-s2.0-84897613588
6180,6180,2-s2.0-77749330803
6200,6200,2-s2.0-61449094658
6214,6214,2-s2.0-70449619266
6216,6216,2-s2.0-85026769659
6225,6225,2-s2.0-84917089561
6228,6228,2-s2.0-84871699610
6229,6229,2-s2.0-84871675450
6230,6230,2-s2.0-84861848437
6233,6233,2-s2.0-77955550747
6239,6239,2-s2.0-67349283553
6252,6252,2-s2.0-63149085732
6260,6260,2-s2.0-60349107420
6261,6261,2-s2.0-60349101768
6285,6285,2-s2.0-62749110731
6288,6288,2-s2.0-61449254651
6293,6293,2-s2.0-59949089538
6303,6303,2-s2.0-58149267619
6314,6314,2-s2.0-85147068609
6323,6323,2-s2.0-85142829888
6325,6325,2-s2.0-85142818722
6329,6329,2-s2.0-85141614759
6331,6331,2-s2.0-85122400610
6332,6332,2-s2.0-85122339652
6333,6333,2-s2.0-85115646415
6335,6335,2-s2.0-85083430078
6338,6338,2-s2.0-85078844452
6344,6344,2-s2.0-85067964505
6348,6348,2-s2.0-85064793903
6352,6352,2-s2.0-85048405402
6369,6369,2-s2.0-85029111159
6373,6373,2-s2.0-85029106100
6381,6381,2-s2.0-85029092731
6398,6398,2-s2.0-85029075411
6413,6413,2-s2.0-85029053605
6422,6422,2-s2.0-85029041087
6424,6424,2-s2.0-85029040175
6425,6425,2-s2.0-85029039774
6428,6428,2-s2.0-85029035817
6435,6435,2-s2.0-85026264072
6436,6436,2-s2.0-85024797333
6438,6438,2-s2.0-85024547142
6443,6443,2-s2.0-85020003746
6446,6446,2-s2.0-85006461766
6458,6458,2-s2.0-84938786812
6460,6460,2-s2.0-84938777720
6461,6461,2-s2.0-84938777574
6464,6464,2-s2.0-84938769651
6465,6465,2-s2.0-84938764793
6466,6466,2-s2.0-84938681530
6470,6470,2-s2.0-84930858482
6475,6475,2-s2.0-84925622840
6484,6484,2-s2.0-84904334387
6492,6492,2-s2.0-84901791078
6497,6497,2-s2.0-84896623118
6501,6501,2-s2.0-84889974843
6503,6503,2-s2.0-84888128399
6506,6506,2-s2.0-84883525353
6508,6508,2-s2.0-84879519360
6511,6511,2-s2.0-84874382149
6515,6515,2-s2.0-84866369923
6518,6518,2-s2.0-84859990128
6520,6520,2-s2.0-84859950151
6522,6522,2-s2.0-84857018649
6530,6530,2-s2.0-80053063852
6531,6531,2-s2.0-80051960722
6534,6534,2-s2.0-79960272408
6544,6544,2-s2.0-79951844277
6549,6549,2-s2.0-78049508669
6550,6550,2-s2.0-78049469344
6551,6551,2-s2.0-77958549615
6569,6569,2-s2.0-77951457750
6571,6571,2-s2.0-77950797018
6578,6578,2-s2.0-77950262676
6580,6580,2-s2.0-77950199683
6586,6586,2-s2.0-77949481156
6589,6589,2-s2.0-75749155008
6590,6590,2-s2.0-74249113261
6604,6604,2-s2.0-70449586781
6610,6610,2-s2.0-70350447336
6622,6622,2-s2.0-70349083650
6628,6628,2-s2.0-69549110586
6631,6631,2-s2.0-69349100398
6640,6640,2-s2.0-68849097654
6644,6644,2-s2.0-68349133202
6650,6650,2-s2.0-67749133589
6651,6651,2-s2.0-67749132614
6653,6653,2-s2.0-67651161964
6656,6656,2-s2.0-67649729258
6663,6663,2-s2.0-67449101398
6664,6664,2-s2.0-67149119269
6686,6686,2-s2.0-61449095535
6689,6689,2-s2.0-60849139390
6690,6690,2-s2.0-60849102489
6693,6693,2-s2.0-60849091955
6700,6700,2-s2.0-59749095997
6706,6706,2-s2.0-59049086941
6718,6718,2-s2.0-58049147502
6721,6721,2-s2.0-57849087241
6724,6724,2-s2.0-57249106566
6733,6733,2-s2.0-78650525400
6734,6734,2-s2.0-78650483559
6740,6740,2-s2.0-78649884874
6741,6741,2-s2.0-78649861670
6750,6750,2-s2.0-78649808712
6761,6761,2-s2.0-84899379369
6766,6766,2-s2.0-84898228866
6768,6768,2-s2.0-84896408766
6771,6771,2-s2.0-84892899999
6775,6775,2-s2.0-84892352753
6781,6781,2-s2.0-84892267461
6782,6782,2-s2.0-84892260264
6786,6786,2-s2.0-84892224927
6787,6787,2-s2.0-84892196460
6806,6806,2-s2.0-84881364148
6809,6809,2-s2.0-84880561051
6811,6811,2-s2.0-84880545311
6820,6820,2-s2.0-84877908794
6824,6824,2-s2.0-84873697629
6825,6825,2-s2.0-84873571359
6826,6826,2-s2.0-84871567847
6830,6830,2-s2.0-84870651481
6834,6834,2-s2.0-84867466107
6841,6841,2-s2.0-84863883796
6843,6843,2-s2.0-84863280752
6844,6844,2-s2.0-84863175282
6845,6845,2-s2.0-84863170240
6850,6850,2-s2.0-84860761234
6854,6854,2-s2.0-84859241921
6860,6860,2-s2.0-84857671332
6867,6867,2-s2.0-84856892085
6874,6874,2-s2.0-84856594322
6876,6876,2-s2.0-82755176691
6882,6882,2-s2.0-80053905846
6896,6896,2-s2.0-79959908314
6904,6904,2-s2.0-79959432857
6908,6908,2-s2.0-79959407882
6909,6909,2-s2.0-79959396849
6910,6910,2-s2.0-79959255445
6925,6925,2-s2.0-79956145107
6926,6926,2-s2.0-79955641150
6927,6927,2-s2.0-79955615915
6928,6928,2-s2.0-79955519624
6933,6933,2-s2.0-79953101870
6942,6942,2-s2.0-79952401737
6953,6953,2-s2.0-79951938153
6963,6963,2-s2.0-79951898364
6964,6964,2-s2.0-79951895580
6968,6968,2-s2.0-79951867884
6971,6971,2-s2.0-79951841265
6985,6985,2-s2.0-78751536195
6989,6989,2-s2.0-78751510230
6993,6993,2-s2.0-78651439854
6994,6994,2-s2.0-78651334398
6999,6999,2-s2.0-78650758808
7012,7012,2-s2.0-78649865534
7013,7013,2-s2.0-78649655481
7014,7014,2-s2.0-78649585108
7018,7018,2-s2.0-78649438706
7019,7019,2-s2.0-78649435911
7022,7022,2-s2.0-78649423553
7024,7024,2-s2.0-78649396282
7035,7035,2-s2.0-77958577735
7044,7044,2-s2.0-77951643023
7047,7047,2-s2.0-78649378070
7053,7053,2-s2.0-78549240246
7054,7054,2-s2.0-78651554710
7055,7055,2-s2.0-78349254669
7059,7059,2-s2.0-78650616977
7062,7062,2-s2.0-78149250444
7066,7066,2-s2.0-78049409606
7067,7067,2-s2.0-78049356814
7069,7069,2-s2.0-78049313768
7084,7084,2-s2.0-77958569292
7085,7085,2-s2.0-77958566853
7086,7086,2-s2.0-77958564492
7088,7088,2-s2.0-77958555012
7089,7089,2-s2.0-77958553409
7099,7099,2-s2.0-80053317108
7103,7103,2-s2.0-78650401966
7104,7104,2-s2.0-78649968453
7111,7111,2-s2.0-78349269824
7123,7123,2-s2.0-78049388646
7139,7139,2-s2.0-77957719045
7145,7145,2-s2.0-77957717113
7161,7161,2-s2.0-77957705676
7170,7170,2-s2.0-77957696398
7173,7173,2-s2.0-77957693309
7174,7174,2-s2.0-77957692644
7177,7177,2-s2.0-77957747287
7180,7180,2-s2.0-77957330258
7184,7184,2-s2.0-77957141621
7185,7185,2-s2.0-79951957810
7190,7190,2-s2.0-79957884339
7197,7197,2-s2.0-78649482881
7201,7201,2-s2.0-77958167529
7204,7204,2-s2.0-77957238655
7218,7218,2-s2.0-77956943506
7219,7219,2-s2.0-84867513420
7226,7226,2-s2.0-77956520630
7228,7228,2-s2.0-77956472790
7232,7232,2-s2.0-77956390559
7252,7252,2-s2.0-84921831948
7257,7257,2-s2.0-78651536378
7264,7264,2-s2.0-77958059102
7269,7269,2-s2.0-77956779662
7270,7270,2-s2.0-77956567011
7279,7279,2-s2.0-77953134897
7283,7283,2-s2.0-77955997616
7286,7286,2-s2.0-77955885218
7289,7289,2-s2.0-77955861416
7293,7293,2-s2.0-84886968058
7299,7299,2-s2.0-77955599300
7305,7305,2-s2.0-77955212165
7306,7306,2-s2.0-77956319543
7310,7310,2-s2.0-79960659287
7336,7336,2-s2.0-105013045387
7343,7343,2-s2.0-77954935931
7363,7363,2-s2.0-77955846106
7376,7376,2-s2.0-85087476911
7382,7382,2-s2.0-79957912398
7387,7387,2-s2.0-78751623990
7390,7390,2-s2.0-77957036900
7398,7398,2-s2.0-77954350630
7402,7402,2-s2.0-77953965552
7408,7408,2-s2.0-77952930299
7409,7409,2-s2.0-77952927723
7419,7419,2-s2.0-77957018937
7429,7429,2-s2.0-80054029571
7439,7439,2-s2.0-77956045053
7449,7449,2-s2.0-77952945232
7453,7453,2-s2.0-77952703659
7465,7465,2-s2.0-77952194703
7466,7466,2-s2.0-77952175212
7469,7469,2-s2.0-77952152383
7476,7476,2-s2.0-84867559928
7480,7480,2-s2.0-84919754624
7489,7489,2-s2.0-77952991721
7497,7497,2-s2.0-77951868866
7501,7501,2-s2.0-77951536714
7502,7502,2-s2.0-77950301233
7507,7507,2-s2.0-77649187753
7510,7510,2-s2.0-77951783990
7512,7512,2-s2.0-84867556812
7515,7515,2-s2.0-77955910335
7527,7527,2-s2.0-79960264763
7532,7532,2-s2.0-79960244372
7533,7533,2-s2.0-79960241200
7537,7537,2-s2.0-79960215151
7547,7547,2-s2.0-77952423946
7550,7550,2-s2.0-77951297093
7551,7551,2-s2.0-77951088033
7553,7553,2-s2.0-77950639703
7554,7554,2-s2.0-77949531997
7556,7556,2-s2.0-76349115128
7560,7560,2-s2.0-77949666659
7563,7563,2-s2.0-77952321989
7570,7570,2-s2.0-77956287744
7576,7576,2-s2.0-79960289783
7578,7578,2-s2.0-79952876001
7579,7579,2-s2.0-79952872338
7581,7581,2-s2.0-77957736872
7582,7582,2-s2.0-77955150209
7594,7594,2-s2.0-77951076333
7596,7596,2-s2.0-77950991725
7597,7597,2-s2.0-77950290220
7601,7601,2-s2.0-77949529499
7619,7619,2-s2.0-76449110647
7622,7622,2-s2.0-77953934652
7625,7625,2-s2.0-77950954661
7632,7632,2-s2.0-77953964154
7633,7633,2-s2.0-77953551214
7643,7643,2-s2.0-77249131365
7644,7644,2-s2.0-76649130509
7646,7646,2-s2.0-76449117494
7649,7649,2-s2.0-76449093555
7651,7651,2-s2.0-76249106100
7664,7664,2-s2.0-84867525574
7668,7668,2-s2.0-73949124821
7670,7670,2-s2.0-80052015303
7677,7677,2-s2.0-85143090445
7679,7679,2-s2.0-85127631690
7680,7680,2-s2.0-85123157868
7684,7684,2-s2.0-85121888172
7685,7685,2-s2.0-85121883297
7686,7686,2-s2.0-85121486206
7687,7687,2-s2.0-85118460122
7696,7696,2-s2.0-85081512665
7699,7699,2-s2.0-85068189082
7704,7704,2-s2.0-85060072589
7705,7705,2-s2.0-85059889810
7706,7706,2-s2.0-85055388355
7707,7707,2-s2.0-85054451214
7708,7708,2-s2.0-85049120077
7710,7710,2-s2.0-85035809101
7714,7714,2-s2.0-85032887301
7716,7716,2-s2.0-85029942237
7720,7720,2-s2.0-85029127115
7723,7723,2-s2.0-85029124113
7725,7725,2-s2.0-85029122866
7726,7726,2-s2.0-85029122367
7727,7727,2-s2.0-85029121829
7731,7731,2-s2.0-85029119967
7734,7734,2-s2.0-85029118068
7736,7736,2-s2.0-85029117344
7758,7758,2-s2.0-85029099995
7774,7774,2-s2.0-85029085972
7782,7782,2-s2.0-85029080634
7789,7789,2-s2.0-85029077754
7795,7795,2-s2.0-85029073366
7801,7801,2-s2.0-85029067525
7815,7815,2-s2.0-85029056814
7820,7820,2-s2.0-85029055521
7821,7821,2-s2.0-85029055309
7830,7830,2-s2.0-85029046935
7838,7838,2-s2.0-85029037977
7839,7839,2-s2.0-85029036661
7842,7842,2-s2.0-85029035884
7860,7860,2-s2.0-85029022351
7866,7866,2-s2.0-85024520018
7869,7869,2-s2.0-85016606500
7872,7872,2-s2.0-85008852659
7873,7873,2-s2.0-85001828648
7875,7875,2-s2.0-84995389700
7876,7876,2-s2.0-84993682611
7883,7883,2-s2.0-84946728940
7886,7886,2-s2.0-84938718820
7888,7888,2-s2.0-84938718015
7895,7895,2-s2.0-84938702078
7905,7905,2-s2.0-84929394083
7908,7908,2-s2.0-84925861530
7910,7910,2-s2.0-84923912302
7920,7920,2-s2.0-84901797758
7922,7922,2-s2.0-84901020111
7927,7927,2-s2.0-84897305403
7934,7934,2-s2.0-84896301289
7950,7950,2-s2.0-84867450238
7952,7952,2-s2.0-84864604046
7955,7955,2-s2.0-84858694020
7958,7958,2-s2.0-84857568478
7959,7959,2-s2.0-82855170944
7966,7966,2-s2.0-79961229456
7968,7968,2-s2.0-79960886412
7971,7971,2-s2.0-79960777876
7977,7977,2-s2.0-79960202876
7990,7990,2-s2.0-79952795210
7995,7995,2-s2.0-79952098960
8000,8000,2-s2.0-78951492085
8002,8002,2-s2.0-78651513531
8022,8022,2-s2.0-78651231551
8025,8025,2-s2.0-78651228204
8027,8027,2-s2.0-78651226583
8031,8031,2-s2.0-78649931477
8033,8033,2-s2.0-78649604908
8044,8044,2-s2.0-78149393763
8047,8047,2-s2.0-78149264474
8050,8050,2-s2.0-77958568575
8053,8053,2-s2.0-77958536394
8055,8055,2-s2.0-77958520878
8065,8065,2-s2.0-77957884299
8066,8066,2-s2.0-77957868878
8092,8092,2-s2.0-77955053292
8095,8095,2-s2.0-77954711608
8101,8101,2-s2.0-77954304362
8113,8113,2-s2.0-77953152119
8114,8114,2-s2.0-77953080353
8118,8118,2-s2.0-77953065288
8124,8124,2-s2.0-77953040476
8135,8135,2-s2.0-77952696441
8148,8148,2-s2.0-77951521899
8149,8149,2-s2.0-77951478560
8155,8155,2-s2.0-77951269210
8156,8156,2-s2.0-77951264149
8159,8159,2-s2.0-77951191344
8164,8164,2-s2.0-77950529097
8165,8165,2-s2.0-77950294200
8177,8177,2-s2.0-73949141801
8181,8181,2-s2.0-72249110057
8182,8182,2-s2.0-72149105893
8183,8183,2-s2.0-72149100156
8185,8185,2-s2.0-71349087791
8189,8189,2-s2.0-105013696869
8192,8192,2-s2.0-84255194736
8193,8193,2-s2.0-84255193455
8206,8206,2-s2.0-83655203109
8218,8218,2-s2.0-82955164936
8223,8223,2-s2.0-82555168927
8230,8230,2-s2.0-82455167040
8233,8233,2-s2.0-84903931181
8237,8237,2-s2.0-84899272378
8245,8245,2-s2.0-84898397150
8246,8246,2-s2.0-84898321738
8247,8247,2-s2.0-84898146865
8252,8252,2-s2.0-84895405098
8254,8254,2-s2.0-84895338491
8263,8263,2-s2.0-84893000422
8266,8266,2-s2.0-84892940868
8269,8269,2-s2.0-84892700623
8271,8271,2-s2.0-84892287276
8276,8276,2-s2.0-84892039568
8278,8278,2-s2.0-84890232411
8279,8279,2-s2.0-84883559056
8283,8283,2-s2.0-84881473199
8300,8300,2-s2.0-84870348566
8307,8307,2-s2.0-84867438908
8308,8308,2-s2.0-84867319226
8309,8309,2-s2.0-84867271657
8311,8311,2-s2.0-84867118981
8313,8313,2-s2.0-84866076418
8320,8320,2-s2.0-84865085016
8323,8323,2-s2.0-84864886559
8329,8329,2-s2.0-84864221190
8332,8332,2-s2.0-84864103204
8342,8342,2-s2.0-84863581682
8343,8343,2-s2.0-84863246225
8345,8345,2-s2.0-84863067054
8348,8348,2-s2.0-84862667114
8354,8354,2-s2.0-84860479169
8356,8356,2-s2.0-84860463417
8361,8361,2-s2.0-84860431461
8363,8363,2-s2.0-84860261998
8364,8364,2-s2.0-84860200712
8368,8368,2-s2.0-84859735708
8371,8371,2-s2.0-84859381944
8377,8377,2-s2.0-84858975852
8382,8382,2-s2.0-84858787729
8389,8389,2-s2.0-84858777569
8394,8394,2-s2.0-84858770448
8395,8395,2-s2.0-84858769737
8396,8396,2-s2.0-84858768946
8397,8397,2-s2.0-84858767410
8401,8401,2-s2.0-84858762689
8403,8403,2-s2.0-84858759997
8405,8405,2-s2.0-84858758705
8419,8419,2-s2.0-84858260649
8423,8423,2-s2.0-84858256295
8426,8426,2-s2.0-84858228420
8427,8427,2-s2.0-84858227011
8430,8430,2-s2.0-84858222986
8431,8431,2-s2.0-84858220878
8442,8442,2-s2.0-84857479829
8446,8446,2-s2.0-84857311135
8458,8458,2-s2.0-84856466359
8460,8460,2-s2.0-84856421729
8467,8467,2-s2.0-84856016320
8470,8470,2-s2.0-84855771398
8473,8473,2-s2.0-84855551752
8485,8485,2-s2.0-81455142232
8495,8495,2-s2.0-80052277766
8496,8496,2-s2.0-80051697650
8499,8499,2-s2.0-79960863770
8508,8508,2-s2.0-81855181603
8509,8509,2-s2.0-81855174519
8510,8510,2-s2.0-81855167426
8519,8519,2-s2.0-81055155680
8521,8521,2-s2.0-80455123867
8522,8522,2-s2.0-80155125410
8526,8526,2-s2.0-84869460479
8528,8528,2-s2.0-84862849568
8530,8530,2-s2.0-84859299191
8535,8535,2-s2.0-84855507307
8541,8541,2-s2.0-83455223737
8548,8548,2-s2.0-80055016467
8549,8549,2-s2.0-80054984178
8554,8554,2-s2.0-80053523084
8555,8555,2-s2.0-80053461765
8559,8559,2-s2.0-80053130031
8560,8560,2-s2.0-80053057613
8561,8561,2-s2.0-80052848320
8565,8565,2-s2.0-80054950215
8567,8567,2-s2.0-80055089070
8572,8572,2-s2.0-80054097306
8591,8591,2-s2.0-84883458687
8599,8599,2-s2.0-84859073889
8603,8603,2-s2.0-84855548404
8612,8612,2-s2.0-80053548367
8616,8616,2-s2.0-80053464226
8618,8618,2-s2.0-80053340202
8621,8621,2-s2.0-80052998811
8626,8626,2-s2.0-80052312899
8629,8629,2-s2.0-80051670513
8631,8631,2-s2.0-79960963858
8632,8632,2-s2.0-79960300571
8638,8638,2-s2.0-80053099083
8654,8654,2-s2.0-80052740338
8655,8655,2-s2.0-80052728668
8661,8661,2-s2.0-80052494445
8665,8665,2-s2.0-80052385133
8670,8670,2-s2.0-80052376724
8672,8672,2-s2.0-80052369429
8674,8674,2-s2.0-80052348680
8684,8684,2-s2.0-80052279752
8688,8688,2-s2.0-84867011511
8690,8690,2-s2.0-84859365685
8691,8691,2-s2.0-84858592044
8695,8695,2-s2.0-84855295807
8697,8697,2-s2.0-80355130269
8698,8698,2-s2.0-80053576972
8708,8708,2-s2.0-80052860764
8714,8714,2-s2.0-80052485159
8734,8734,2-s2.0-80051938363
8735,8735,2-s2.0-80051594932
8738,8738,2-s2.0-80051470933
8739,8739,2-s2.0-79961244767
8747,8747,2-s2.0-79960737168
8757,8757,2-s2.0-80051760415
8760,8760,2-s2.0-80051863052
8762,8762,2-s2.0-80051600905
8770,8770,2-s2.0-79960865003
8771,8771,2-s2.0-79960863063
8776,8776,2-s2.0-84867453001
8784,8784,2-s2.0-80052943572
8790,8790,2-s2.0-80051677684
8794,8794,2-s2.0-79960837211
8795,8795,2-s2.0-79960836528
8805,8805,2-s2.0-85024088466
8806,8806,2-s2.0-79960593681
8814,8814,2-s2.0-79960482867
8818,8818,2-s2.0-79960422230
8823,8823,2-s2.0-79960317966
8824,8824,2-s2.0-79960296482
8834,8834,2-s2.0-79960219195
8836,8836,2-s2.0-79960212028
8837,8837,2-s2.0-79960211974
8841,8841,2-s2.0-79960106029
8842,8842,2-s2.0-79960084102
8851,8851,2-s2.0-85044995512
8854,8854,2-s2.0-84867477770
8856,8856,2-s2.0-84867463186
8860,8860,2-s2.0-84859326919
8874,8874,2-s2.0-79960415094
8877,8877,2-s2.0-79960070473
8891,8891,2-s2.0-79958813953
8898,8898,2-s2.0-79956298317
8901,8901,2-s2.0-79959503892
8906,8906,2-s2.0-79959342450
8907,8907,2-s2.0-79959318858
8922,8922,2-s2.0-79958700351
8924,8924,2-s2.0-85048395016
8937,8937,2-s2.0-80052099350
8938,8938,2-s2.0-80052013396
8946,8946,2-s2.0-80051958099
8953,8953,2-s2.0-79958808155
8955,8955,2-s2.0-79958269371
8964,8964,2-s2.0-79956202571
8966,8966,2-s2.0-79955970938
8976,8976,2-s2.0-79952621475
8977,8977,2-s2.0-79957456007
8980,8980,2-s2.0-85127998183
8981,8981,2-s2.0-79956122534
8989,8989,2-s2.0-79955884256
8990,8990,2-s2.0-79955776359
8991,8991,2-s2.0-79955742883
8997,8997,2-s2.0-84867456166
8998,8998,2-s2.0-84859337497
9000,9000,2-s2.0-81155159677
9002,9002,2-s2.0-80053462337
9003,9003,2-s2.0-80053021264
9009,9009,2-s2.0-79959189190
9011,9011,2-s2.0-79958180710
9027,9027,2-s2.0-79953707648
9036,9036,2-s2.0-79955140261
9051,9051,2-s2.0-79953799970
9057,9057,2-s2.0-79958258900
9061,9061,2-s2.0-79958137978
9063,9063,2-s2.0-79956157374
9068,9068,2-s2.0-79953878451
9069,9069,2-s2.0-79953859251
9074,9074,2-s2.0-79953000604
9081,9081,2-s2.0-79952898819
9082,9082,2-s2.0-79952898090
9091,9091,2-s2.0-79952496885
9092,9092,2-s2.0-79951947206
9095,9095,2-s2.0-79952903950
9097,9097,2-s2.0-84883459157
9098,9098,2-s2.0-79952523685
9099,9099,2-s2.0-79953206258
9100,9100,2-s2.0-79953193770
9101,9101,2-s2.0-79953193066
9112,9112,2-s2.0-84859586223
9123,9123,2-s2.0-79959288204
9126,9126,2-s2.0-79953180593
9139,9139,2-s2.0-79952293208
9140,9140,2-s2.0-79952281255
9141,9141,2-s2.0-79952067635
9142,9142,2-s2.0-79952067486
9152,9152,2-s2.0-79951779000
9156,9156,2-s2.0-79551697768
9162,9162,2-s2.0-79952749173
9163,9163,2-s2.0-79951656034
9169,9169,2-s2.0-84900284821
9171,9171,2-s2.0-84892016535
9179,9179,2-s2.0-79953852015
9180,9180,2-s2.0-79953705641
9186,9186,2-s2.0-79951564428
9192,9192,2-s2.0-78751495173
9195,9195,2-s2.0-78650927656
9198,9198,2-s2.0-105009205279
9199,9199,2-s2.0-79952755954
9202,9202,2-s2.0-78650983124
9205,9205,2-s2.0-85142589971
9210,9210,2-s2.0-85141055417
9223,9223,2-s2.0-85093101824
9227,9227,2-s2.0-85085720368
9234,9234,2-s2.0-85071646695
9238,9238,2-s2.0-85067926730
9242,9242,2-s2.0-85055930629
9246,9246,2-s2.0-85055677411
9250,9250,2-s2.0-85040927791
9255,9255,2-s2.0-85032917535
9258,9258,2-s2.0-85029790352
9262,9262,2-s2.0-85029128817
9263,9263,2-s2.0-85029128678
9273,9273,2-s2.0-85029119842
9277,9277,2-s2.0-85029117752
9278,9278,2-s2.0-85029117029
9281,9281,2-s2.0-85029115981
9283,9283,2-s2.0-85029114550
9287,9287,2-s2.0-85029111708
9289,9289,2-s2.0-85029110794
9298,9298,2-s2.0-85029101468
9305,9305,2-s2.0-85029095024
9310,9310,2-s2.0-85029092063
9314,9314,2-s2.0-85029090831
9315,9315,2-s2.0-85029090795
9316,9316,2-s2.0-85029089469
9318,9318,2-s2.0-85029088660
9319,9319,2-s2.0-85029088550
9333,9333,2-s2.0-85029078953
9338,9338,2-s2.0-85029077528
9343,9343,2-s2.0-85029071880
9344,9344,2-s2.0-85029071758
9345,9345,2-s2.0-85029070307
9346,9346,2-s2.0-85029070110
9356,9356,2-s2.0-85029062555
9359,9359,2-s2.0-85029056646
9369,9369,2-s2.0-85029051508
9373,9373,2-s2.0-85029048528
9376,9376,2-s2.0-85029045161
9382,9382,2-s2.0-85029038432
9391,9391,2-s2.0-85029032183
9398,9398,2-s2.0-85029028984
9400,9400,2-s2.0-85029028139
9408,9408,2-s2.0-85029021625
9412,9412,2-s2.0-85027957321
9415,9415,2-s2.0-85024774632
9428,9428,2-s2.0-85011382618
9429,9429,2-s2.0-85011372907
9433,9433,2-s2.0-85011340737
9445,9445,2-s2.0-84965097506
9447,9447,2-s2.0-84964582844
9457,9457,2-s2.0-84946735059
9459,9459,2-s2.0-84945977719
9460,9460,2-s2.0-84945968917
9479,9479,2-s2.0-84925099268
9480,9480,2-s2.0-84925067789
9484,9484,2-s2.0-84924217225
9486,9486,2-s2.0-84923520268
9490,9490,2-s2.0-84921382031
9511,9511,2-s2.0-84896296161
9519,9519,2-s2.0-84892502249
9523,9523,2-s2.0-84890147696
9533,9533,2-s2.0-84875842252
9540,9540,2-s2.0-84870829569
9560,9560,2-s2.0-84857873442
9570,9570,2-s2.0-84856532450
9571,9571,2-s2.0-84856257042
9572,9572,2-s2.0-84856204474
9574,9574,2-s2.0-84856164723
9581,9581,2-s2.0-84855811342
9582,9582,2-s2.0-84855805980
9584,9584,2-s2.0-84855778001
9606,9606,2-s2.0-80053940627
9608,9608,2-s2.0-80053042656
9612,9612,2-s2.0-80052758913
9613,9613,2-s2.0-80052758456
9614,9614,2-s2.0-80052608485
9618,9618,2-s2.0-80052295594
9634,9634,2-s2.0-79960461800
9638,9638,2-s2.0-79959229738
9659,9659,2-s2.0-79953149521
9660,9660,2-s2.0-79952817075
9663,9663,2-s2.0-79952372810
9678,9678,2-s2.0-78951487299
9679,9679,2-s2.0-78751682184
9685,9685,2-s2.0-78651259623
9696,9696,2-s2.0-78650295313
9706,9706,2-s2.0-78149256365
9707,9707,2-s2.0-77958003632
9709,9709,2-s2.0-77957723717
9713,9713,2-s2.0-105011225629
9716,9716,2-s2.0-105002528057
9718,9718,2-s2.0-84871604873
9720,9720,2-s2.0-84871591182
9727,9727,2-s2.0-84871484927
9732,9732,2-s2.0-84871239432
9755,9755,2-s2.0-84905299316
9759,9759,2-s2.0-84899189838
9760,9760,2-s2.0-84898386195
9762,9762,2-s2.0-84898259011
9775,9775,2-s2.0-84892737413
9776,9776,2-s2.0-84892399905
9788,9788,2-s2.0-84883732960
9790,9790,2-s2.0-84883708758
9793,9793,2-s2.0-84883538876
9803,9803,2-s2.0-84880121022
9806,9806,2-s2.0-84879677485
9807,9807,2-s2.0-84879615434
9810,9810,2-s2.0-84878727921
9829,9829,2-s2.0-84875680605
9831,9831,2-s2.0-84875653509
9833,9833,2-s2.0-84875416521
9836,9836,2-s2.0-84875255267
9839,9839,2-s2.0-84874720812
9843,9843,2-s2.0-84874696122
9848,9848,2-s2.0-84874669733
9856,9856,2-s2.0-84874260660
9859,9859,2-s2.0-84874156757
9864,9864,2-s2.0-84873564502
9885,9885,2-s2.0-84873115202
9890,9890,2-s2.0-84872671299
9899,9899,2-s2.0-84872394896
9912,9912,2-s2.0-84871965822
9916,9916,2-s2.0-84871789092
9917,9917,2-s2.0-84871629626
9924,9924,2-s2.0-84870933383
9927,9927,2-s2.0-84870494571
9929,9929,2-s2.0-84869879295
9940,9940,2-s2.0-84868338297
9944,9944,2-s2.0-84867604195
9945,9945,2-s2.0-84867404000
9948,9948,2-s2.0-84865070836
9955,9955,2-s2.0-84869485390
9956,9956,2-s2.0-84869462902
9966,9966,2-s2.0-84869034912
9968,9968,2-s2.0-84872299159
9974,9974,2-s2.0-105003522314
9984,9984,2-s2.0-84949176520
9989,9989,2-s2.0-84874628568
9995,9995,2-s2.0-84874310452
9996,9996,2-s2.0-84871291921
10004,10004,2-s2.0-84869163001
10007,10007,2-s2.0-84867955668
10026,10026,2-s2.0-84867824609
10033,10033,2-s2.0-84867610378
10042,10042,2-s2.0-84867054598
10046,10046,2-s2.0-84867017190
10050,10050,2-s2.0-84866910679
10053,10053,2-s2.0-84931393094
10056,10056,2-s2.0-84873602295
10061,10061,2-s2.0-84868026547
10065,10065,2-s2.0-84867260193
10066,10066,2-s2.0-84867253219
10067,10067,2-s2.0-84867232575
10068,10068,2-s2.0-84867222844
10073,10073,2-s2.0-84866533768
10074,10074,2-s2.0-84866463297
10077,10077,2-s2.0-84864350249
10079,10079,2-s2.0-84866609145
10086,10086,2-s2.0-84866068466
10092,10092,2-s2.0-84865980182
10093,10093,2-s2.0-84865962813
10105,10105,2-s2.0-84870654963
10108,10108,2-s2.0-84868011771
10114,10114,2-s2.0-84866856759
10121,10121,2-s2.0-84866322145
10122,10122,2-s2.0-84866294625
10123,10123,2-s2.0-84866259045
10130,10130,2-s2.0-84865820039
10132,10132,2-s2.0-84865743742
10133,10133,2-s2.0-84865742266
10140,10140,2-s2.0-84865436922
10147,10147,2-s2.0-84864827268
10153,10153,2-s2.0-84864548987
10154,10154,2-s2.0-84864546904
10159,10159,2-s2.0-84863779302
10161,10161,2-s2.0-84859365476
10162,10162,2-s2.0-84859305445
10170,10170,2-s2.0-84865356797
10181,10181,2-s2.0-84864801351
10190,10190,2-s2.0-84930807201
10195,10195,2-s2.0-84930583004
10197,10197,2-s2.0-84930579662
10198,10198,2-s2.0-84930578645
10202,10202,2-s2.0-84926287243
10214,10214,2-s2.0-84894761978
10218,10218,2-s2.0-84888031760
10226,10226,2-s2.0-84884137773
10230,10230,2-s2.0-84867436330
10231,10231,2-s2.0-84867411442
10234,10234,2-s2.0-84866171262
10235,10235,2-s2.0-84865593242
10241,10241,2-s2.0-84865356266
10242,10242,2-s2.0-84864843899
10250,10250,2-s2.0-84863776594
10263,10263,2-s2.0-84864120788
10265,10265,2-s2.0-84864114811
10268,10268,2-s2.0-84864056593
10271,10271,2-s2.0-84883253688
10281,10281,2-s2.0-84862994860
10287,10287,2-s2.0-85061347725
10289,10289,2-s2.0-84936120491
10308,10308,2-s2.0-84864434992
10312,10312,2-s2.0-84863604461
10316,10316,2-s2.0-84863576460
10322,10322,2-s2.0-84863320308
10326,10326,2-s2.0-84863008039
10336,10336,2-s2.0-84861801522
10346,10346,2-s2.0-84860537576
10358,10358,2-s2.0-84861933817
10359,10359,2-s2.0-84861923103
10363,10363,2-s2.0-84874085834
10375,10375,2-s2.0-84863480951
10376,10376,2-s2.0-84863475332
10378,10378,2-s2.0-84862643392
10379,10379,2-s2.0-84862634958
10401,10401,2-s2.0-84861211658
10402,10402,2-s2.0-84860887304
10404,10404,2-s2.0-84860721693
10407,10407,2-s2.0-84860507229
10408,10408,2-s2.0-84860461604
10412,10412,2-s2.0-84857592963
10415,10415,2-s2.0-84878902209
10417,10417,2-s2.0-84861468739
10421,10421,2-s2.0-84861432001
10422,10422,2-s2.0-84893754515
10429,10429,2-s2.0-84860808453
10436,10436,2-s2.0-84861188781
10438,10438,2-s2.0-84885535699
10441,10441,2-s2.0-84860343226
10444,10444,2-s2.0-84901019931
10455,10455,2-s2.0-84861305466
10457,10457,2-s2.0-84860432614
10461,10461,2-s2.0-84859874608
10467,10467,2-s2.0-84859270386
10476,10476,2-s2.0-84859265380
10481,10481,2-s2.0-84858782570
10483,10483,2-s2.0-84857058435
10487,10487,2-s2.0-84855430200
10490,10490,2-s2.0-84983099925
10493,10493,2-s2.0-84859612392
10499,10499,2-s2.0-84859333331
10515,10515,2-s2.0-84861129081
10522,10522,2-s2.0-84859497298
10523,10523,2-s2.0-84859495962
10524,10524,2-s2.0-84859414629
10536,10536,2-s2.0-84858375639
10537,10537,2-s2.0-84858293998
10543,10543,2-s2.0-84858965258
10544,10544,2-s2.0-84858964788
10552,10552,2-s2.0-84920691781
10558,10558,2-s2.0-84858060055
10559,10559,2-s2.0-84858019607
10566,10566,2-s2.0-84863293397
10571,10571,2-s2.0-84859587642
10575,10575,2-s2.0-84859269049
10584,10584,2-s2.0-84858650434
10590,10590,2-s2.0-84858306271
10606,10606,2-s2.0-84856786580
10607,10607,2-s2.0-84856216503
10612,10612,2-s2.0-84155163024
10614,10614,2-s2.0-82655173674
10616,10616,2-s2.0-84857319020
10621,10621,2-s2.0-84958113328
10627,10627,2-s2.0-84930862193
10640,10640,2-s2.0-84861801975
10644,10644,2-s2.0-84859820200
10645,10645,2-s2.0-84859368061
10646,10646,2-s2.0-84859008983
10656,10656,2-s2.0-84857013637
10661,10661,2-s2.0-84856299314
10669,10669,2-s2.0-84855682040
10672,10672,2-s2.0-84855355276
10673,10673,2-s2.0-84855341988
10678,10678,2-s2.0-81855218017
10679,10679,2-s2.0-84862953202
10684,10684,2-s2.0-84856048273
10685,10685,2-s2.0-84856045497
10686,10686,2-s2.0-84856042991
10703,10703,2-s2.0-85128538392
10706,10706,2-s2.0-85123143826
10713,10713,2-s2.0-85122348113
10717,10717,2-s2.0-85112303812
10721,10721,2-s2.0-85088759009
10724,10724,2-s2.0-85081766263
10725,10725,2-s2.0-85079299288
10729,10729,2-s2.0-85077325253
10743,10743,2-s2.0-85071077734
10753,10753,2-s2.0-85067943234
10756,10756,2-s2.0-85065806230
10763,10763,2-s2.0-85042119746
10772,10772,2-s2.0-85030988675
10776,10776,2-s2.0-85029131457
10780,10780,2-s2.0-85029122931
10791,10791,2-s2.0-85029115765
10796,10796,2-s2.0-85029113137
10803,10803,2-s2.0-85029110453
10810,10810,2-s2.0-85029103971
10813,10813,2-s2.0-85029102852
10814,10814,2-s2.0-85029102788
10815,10815,2-s2.0-85029102389
10820,10820,2-s2.0-85029100437
10835,10835,2-s2.0-85029085128
10843,10843,2-s2.0-85029078593
10847,10847,2-s2.0-85029078091
10848,10848,2-s2.0-85029077425
10854,10854,2-s2.0-85029072669
10857,10857,2-s2.0-85029068989
10859,10859,2-s2.0-85029067877
10862,10862,2-s2.0-85029065694
10875,10875,2-s2.0-85029056748
10878,10878,2-s2.0-85029053477
10881,10881,2-s2.0-85029049053
10882,10882,2-s2.0-85029048531
10889,10889,2-s2.0-85029045049
10901,10901,2-s2.0-85029033987
10903,10903,2-s2.0-85029032153
10914,10914,2-s2.0-85028671242
10916,10916,2-s2.0-85027918910
10917,10917,2-s2.0-85027528288
10920,10920,2-s2.0-85027068260
10923,10923,2-s2.0-85024848569
10936,10936,2-s2.0-85008525571
10939,10939,2-s2.0-84996564238
10946,10946,2-s2.0-84969239150
10947,10947,2-s2.0-84967162535
10962,10962,2-s2.0-84948108477
10968,10968,2-s2.0-84947899512
10972,10972,2-s2.0-84944089150
10974,10974,2-s2.0-84941288226
10979,10979,2-s2.0-84939556421
10981,10981,2-s2.0-84939527647
10983,10983,2-s2.0-84939517957
10988,10988,2-s2.0-84939499148
10993,10993,2-s2.0-84939482963
11003,11003,2-s2.0-84928256087
11012,11012,2-s2.0-84922692438
11023,11023,2-s2.0-84912559085
11024,11024,2-s2.0-84912042765
11025,11025,2-s2.0-84911103032
11034,11034,2-s2.0-84905745980
11037,11037,2-s2.0-84902357995
11041,11041,2-s2.0-84899069491
11047,11047,2-s2.0-84897002779
11050,11050,2-s2.0-84896455896
11051,11051,2-s2.0-84896362312
11056,11056,2-s2.0-84895361677
11059,11059,2-s2.0-84893438105
11060,11060,2-s2.0-84892585351
11064,11064,2-s2.0-84888074268
11072,11072,2-s2.0-84887284506
11078,11078,2-s2.0-84881047358
11080,11080,2-s2.0-84878314784
11089,11089,2-s2.0-84876357734
11101,11101,2-s2.0-84872933953
11106,11106,2-s2.0-84872103025
11118,11118,2-s2.0-84871557496
11130,11130,2-s2.0-84870322525
11135,11135,2-s2.0-84869835353
11141,11141,2-s2.0-84869764520
11145,11145,2-s2.0-84868090412
11150,11150,2-s2.0-84867388492
11151,11151,2-s2.0-84867381812
11153,11153,2-s2.0-84866566209
11161,11161,2-s2.0-84866111988
11173,11173,2-s2.0-84865061361
11174,11174,2-s2.0-84865051951
11182,11182,2-s2.0-84864871344
11187,11187,2-s2.0-84864409253
11212,11212,2-s2.0-84863787415
11217,11217,2-s2.0-84863678862
11230,11230,2-s2.0-84862529952
11231,11231,2-s2.0-84862335755
11237,11237,2-s2.0-84861779474
11238,11238,2-s2.0-84861546854
11239,11239,2-s2.0-84861496583
11243,11243,2-s2.0-84861119512
11249,11249,2-s2.0-84860525588
11250,11250,2-s2.0-84860463756
11251,11251,2-s2.0-84860354209
11252,11252,2-s2.0-84860168602
11253,11253,2-s2.0-84860127359
11272,11272,2-s2.0-84857011304
11273,11273,2-s2.0-84856983679
11275,11275,2-s2.0-84856881327
11279,11279,2-s2.0-84856723733
11282,11282,2-s2.0-84856484937
11291,11291,2-s2.0-84855926369
11292,11292,2-s2.0-84855919837
11301,11301,2-s2.0-82855169342
11305,11305,2-s2.0-82055202972
11310,11310,2-s2.0-80053352375
11311,11311,2-s2.0-80052877878
11314,11314,2-s2.0-35348933411
11339,11339,2-s2.0-105002508839
11345,11345,2-s2.0-84890881486
11355,11355,2-s2.0-84890082107
11364,11364,2-s2.0-84892573273
11368,11368,2-s2.0-84888990233
11370,11370,2-s2.0-84888395892
11371,11371,2-s2.0-84889039381
11379,11379,2-s2.0-84906600258
11384,11384,2-s2.0-84898397011
11398,11398,2-s2.0-84895262793
11399,11399,2-s2.0-84894280191
11405,11405,2-s2.0-84894168980
11417,11417,2-s2.0-84893579031
11424,11424,2-s2.0-84893308260
11428,11428,2-s2.0-84893279251
11429,11429,2-s2.0-84893272610
11437,11437,2-s2.0-84893212929
11449,11449,2-s2.0-84892903906
11460,11460,2-s2.0-84892651563
11462,11462,2-s2.0-84892638082
11470,11470,2-s2.0-84892485430
11472,11472,2-s2.0-84892371637
11473,11473,2-s2.0-84892220138
11477,11477,2-s2.0-84891897089
11484,11484,2-s2.0-84890478533
11488,11488,2-s2.0-84890356885
11490,11490,2-s2.0-84889671046
11493,11493,2-s2.0-84889646160
11496,11496,2-s2.0-84889262523
11497,11497,2-s2.0-84889254888
11501,11501,2-s2.0-84888849464
11505,11505,2-s2.0-84888824785
11512,11512,2-s2.0-84888060142
11521,11521,2-s2.0-84887869180
11522,11522,2-s2.0-84887501223
11525,11525,2-s2.0-84887305832
11528,11528,2-s2.0-84887013065
11532,11532,2-s2.0-84885033176
11543,11543,2-s2.0-84887425867
11559,11559,2-s2.0-84930702707
11560,11560,2-s2.0-84930464922
11564,11564,2-s2.0-84929568774
11570,11570,2-s2.0-84890145226
11572,11572,2-s2.0-84888601148
11573,11573,2-s2.0-84888418834
11576,11576,2-s2.0-84888063196
11588,11588,2-s2.0-84886786971
11589,11589,2-s2.0-84886615003
11590,11590,2-s2.0-84886614919
11591,11591,2-s2.0-84886396014
11595,11595,2-s2.0-84885663385
11608,11608,2-s2.0-84886578458
11616,11616,2-s2.0-84886481749
11618,11618,2-s2.0-84886474387
11623,11623,2-s2.0-84885984080
11628,11628,2-s2.0-84886881044
11629,11629,2-s2.0-84886874027
11636,11636,2-s2.0-84885656105
11637,11637,2-s2.0-84885622144
11642,11642,2-s2.0-84885218151
11647,11647,2-s2.0-84885066804
11656,11656,2-s2.0-85178957735
11663,11663,2-s2.0-84890819889
11664,11664,2-s2.0-84890539388
11667,11667,2-s2.0-84886391076
11668,11668,2-s2.0-84886027252
11688,11688,2-s2.0-84884586257
11690,11690,2-s2.0-84884566497
11700,11700,2-s2.0-84883782506
11722,11722,2-s2.0-84884341471
11725,11725,2-s2.0-84884339769
11737,11737,2-s2.0-84884334171
11738,11738,2-s2.0-84884334064
11739,11739,2-s2.0-84884334045
11743,11743,2-s2.0-84884332322
11748,11748,2-s2.0-84884328746
11772,11772,2-s2.0-84884312772
11786,11786,2-s2.0-84884306880
11796,11796,2-s2.0-84884298762
11802,11802,2-s2.0-84884296162
11812,11812,2-s2.0-84883829523
11819,11819,2-s2.0-84883528315
11825,11825,2-s2.0-84883470612
11826,11826,2-s2.0-84883383568
11827,11827,2-s2.0-84883333613
11830,11830,2-s2.0-84883276862
11833,11833,2-s2.0-84883849725
11839,11839,2-s2.0-84983254074
11840,11840,2-s2.0-84929851875
11850,11850,2-s2.0-84884604907
11859,11859,2-s2.0-84883319616
11863,11863,2-s2.0-84882679624
11864,11864,2-s2.0-84882610587
11866,11866,2-s2.0-84882247169
11878,11878,2-s2.0-84881023855
11879,11879,2-s2.0-84881023844
11883,11883,2-s2.0-84880795321
11888,11888,2-s2.0-84880062287
11892,11892,2-s2.0-84945333854
11910,11910,2-s2.0-85131000824
11914,11914,2-s2.0-84882283473
11916,11916,2-s2.0-84881221302
11917,11917,2-s2.0-84881188983
11922,11922,2-s2.0-84881020537
11931,11931,2-s2.0-84880966922
11938,11938,2-s2.0-84880892678
11943,11943,2-s2.0-84880865222
11950,11950,2-s2.0-84930447222
11952,11952,2-s2.0-84921434586
11955,11955,2-s2.0-84893710820
11969,11969,2-s2.0-84889033058
11972,11972,2-s2.0-84884531927
11975,11975,2-s2.0-84884530824
11981,11981,2-s2.0-84882275861
11995,11995,2-s2.0-84880060230
11997,11997,2-s2.0-84879996855
11998,11998,2-s2.0-84879930360
12001,12001,2-s2.0-84878440774
12003,12003,2-s2.0-84877338168
12006,12006,2-s2.0-84880665779
12012,12012,2-s2.0-84880518078
12015,12015,2-s2.0-84883490436
12020,12020,2-s2.0-84880094521
12022,12022,2-s2.0-84880051146
12023,12023,2-s2.0-84880047454
12024,12024,2-s2.0-85021344814
12027,12027,2-s2.0-84883487690
12030,12030,2-s2.0-84879956205
12033,12033,2-s2.0-84879939293
12038,12038,2-s2.0-84879846729
12041,12041,2-s2.0-84879667109
12042,12042,2-s2.0-84879665797
12043,12043,2-s2.0-84879663187
12048,12048,2-s2.0-84879633033
12049,12049,2-s2.0-84879623423
12050,12050,2-s2.0-84879532348
12051,12051,2-s2.0-84879497526
12052,12052,2-s2.0-84877966056
12060,12060,2-s2.0-84929852603
12067,12067,2-s2.0-84889660305
12074,12074,2-s2.0-84879396401
12077,12077,2-s2.0-84879367596
12083,12083,2-s2.0-84878604103
12087,12087,2-s2.0-84946749107
12114,12114,2-s2.0-84882257319
12128,12128,2-s2.0-84878113384
12132,12132,2-s2.0-84877917839
12133,12133,2-s2.0-84877915367
12139,12139,2-s2.0-84877076616
12150,12150,2-s2.0-84872657693
12151,12151,2-s2.0-84872540404
12155,12155,2-s2.0-84946780600
12157,12157,2-s2.0-84946762691
12158,12158,2-s2.0-84946752222
12163,12163,2-s2.0-84946734739
12167,12167,2-s2.0-84946713399
12172,12172,2-s2.0-84878349563
12175,12175,2-s2.0-84877938946
12191,12191,2-s2.0-85016929469
12193,12193,2-s2.0-84892899252
12200,12200,2-s2.0-84887343939
12202,12202,2-s2.0-84884398533
12205,12205,2-s2.0-84879167926
12224,12224,2-s2.0-84876197001
12236,12236,2-s2.0-84875301864
12238,12238,2-s2.0-84875189333
12242,12242,2-s2.0-84876580024
12243,12243,2-s2.0-84876560135
12245,12245,2-s2.0-85015039718
12247,12247,2-s2.0-84876482828
12249,12249,2-s2.0-84933670763
12253,12253,2-s2.0-84876339731
12260,12260,2-s2.0-84876067725
12262,12262,2-s2.0-84883253770
12274,12274,2-s2.0-84892864289
12283,12283,2-s2.0-84877841507
12292,12292,2-s2.0-84876028526
12293,12293,2-s2.0-84876022902
12302,12302,2-s2.0-84875495708
12308,12308,2-s2.0-84875365339
12311,12311,2-s2.0-84875230326
12314,12314,2-s2.0-84873525639
12317,12317,2-s2.0-85068881470
12322,12322,2-s2.0-84875032209
12324,12324,2-s2.0-84874960561
12332,12332,2-s2.0-84874504960
12337,12337,2-s2.0-84963545523
12340,12340,2-s2.0-84892888954
12341,12341,2-s2.0-84892846969
12347,12347,2-s2.0-84880713935
12362,12362,2-s2.0-84875375627
12377,12377,2-s2.0-84874621950
12381,12381,2-s2.0-84874414887
12388,12388,2-s2.0-84874087842
12393,12393,2-s2.0-84873680702
12396,12396,2-s2.0-84873615466
12399,12399,2-s2.0-84873524255
12405,12405,2-s2.0-84873147281
12406,12406,2-s2.0-84873142659
12408,12408,2-s2.0-84870066116
12427,12427,2-s2.0-85179194781
12434,12434,2-s2.0-84879322740
12437,12437,2-s2.0-84874831394
12450,12450,2-s2.0-84872711124
12451,12451,2-s2.0-84872647316
12453,12453,2-s2.0-84872493271
12465,12465,2-s2.0-84922225136
12470,12470,2-s2.0-85119306994
12477,12477,2-s2.0-8744288418
12480,12480,2-s2.0-85200880236
12484,12484,2-s2.0-85200839131
12487,12487,2-s2.0-85164865480
12488,12488,2-s2.0-85142583029
12490,12490,2-s2.0-85140645665
12507,12507,2-s2.0-85136624226
12511,12511,2-s2.0-85111995371
12523,12523,2-s2.0-85101993593
12530,12530,2-s2.0-85101966749
12546,12546,2-s2.0-85078928766
12549,12549,2-s2.0-85078540557
12552,12552,2-s2.0-85071793938
12556,12556,2-s2.0-85070972653
12564,12564,2-s2.0-85069987703
12567,12567,2-s2.0-85068094137
12570,12570,2-s2.0-85068031447
12571,12571,2-s2.0-85068027972
12572,12572,2-s2.0-85068026546
12575,12575,2-s2.0-85067995626
12576,12576,2-s2.0-85067989985
12580,12580,2-s2.0-85067978551
12581,12581,2-s2.0-85067973562
12583,12583,2-s2.0-85067960932
12585,12585,2-s2.0-85067950527
12588,12588,2-s2.0-85067939165
12589,12589,2-s2.0-85067936870
12594,12594,2-s2.0-85066272332
12595,12595,2-s2.0-85066263310
12599,12599,2-s2.0-85065131427
12610,12610,2-s2.0-85055927493
12612,12612,2-s2.0-85048928598
12614,12614,2-s2.0-85046550202
12615,12615,2-s2.0-85044335510
12619,12619,2-s2.0-85042822475
12631,12631,2-s2.0-85029304015
12632,12632,2-s2.0-85029283279
12636,12636,2-s2.0-85028687023
12637,12637,2-s2.0-85028682267
12642,12642,2-s2.0-85028642416
12643,12643,2-s2.0-85028633314
12646,12646,2-s2.0-85026575852
12651,12651,2-s2.0-85024052519
12655,12655,2-s2.0-85023979116
12657,12657,2-s2.0-85018937472
12669,12669,2-s2.0-85011363203
12671,12671,2-s2.0-85011323720
12677,12677,2-s2.0-85006425951
12679,12679,2-s2.0-84995460745
12689,12689,2-s2.0-84979027549
12709,12709,2-s2.0-84955730769
12711,12711,2-s2.0-84955632667
12713,12713,2-s2.0-84955336274
12714,12714,2-s2.0-84954147178
12721,12721,2-s2.0-84948112897
12725,12725,2-s2.0-84945951890
12736,12736,2-s2.0-84939890913
12739,12739,2-s2.0-84938853595
12762,12762,2-s2.0-84925778985
12766,12766,2-s2.0-84925559486
12767,12767,2-s2.0-84924967361
12769,12769,2-s2.0-84923840670
12772,12772,2-s2.0-84923673321
12773,12773,2-s2.0-84923627781
12776,12776,2-s2.0-84923512264
12781,12781,2-s2.0-84923448851
12790,12790,2-s2.0-84922550869
12792,12792,2-s2.0-84922294171
12796,12796,2-s2.0-84920749665
12797,12797,2-s2.0-84920476849
12799,12799,2-s2.0-84918915909
12800,12800,2-s2.0-84918913666
12801,12801,2-s2.0-84918906062
12803,12803,2-s2.0-84917735751
12804,12804,2-s2.0-84917694758
12807,12807,2-s2.0-84917266735
12811,12811,2-s2.0-84911413481
12816,12816,2-s2.0-84909187160
12818,12818,2-s2.0-84909088630
12820,12820,2-s2.0-84908936180
12843,12843,2-s2.0-84904704874
12847,12847,2-s2.0-84904668799
12852,12852,2-s2.0-84904635093
12854,12854,2-s2.0-84904624122
12855,12855,2-s2.0-84904617373
12858,12858,2-s2.0-84904596316
12865,12865,2-s2.0-84903679044
12867,12867,2-s2.0-84903665124
12869,12869,2-s2.0-84903578141
12871,12871,2-s2.0-84903480819
12879,12879,2-s2.0-84902682856
12884,12884,2-s2.0-84902675016
12889,12889,2-s2.0-84902668821
12890,12890,2-s2.0-84902668815
12895,12895,2-s2.0-84902319709
12898,12898,2-s2.0-84902081437
12918,12918,2-s2.0-84899564156
12925,12925,2-s2.0-84898652852
12926,12926,2-s2.0-84898646829
12934,12934,2-s2.0-84898457813
12935,12935,2-s2.0-84898192336
12937,12937,2-s2.0-84897548655
12940,12940,2-s2.0-84897422049
12954,12954,2-s2.0-84896469421
12955,12955,2-s2.0-84896467040
12960,12960,2-s2.0-84896361279
12962,12962,2-s2.0-84896275753
12968,12968,2-s2.0-84894284129
12971,12971,2-s2.0-84894236879
12979,12979,2-s2.0-84893682759
12985,12985,2-s2.0-84893617805
12990,12990,2-s2.0-84893471876
12994,12994,2-s2.0-84893251093
13004,13004,2-s2.0-84890707744
13006,13006,2-s2.0-84890701898
13008,13008,2-s2.0-84890687796
13009,13009,2-s2.0-84890673040
13011,13011,2-s2.0-84890670514
13016,13016,2-s2.0-84890576900
13027,13027,2-s2.0-84888247199
13034,13034,2-s2.0-84887757035
13043,13043,2-s2.0-84886807965
13051,13051,2-s2.0-84886077451
13057,13057,2-s2.0-84885628155
13066,13066,2-s2.0-84884857671
13073,13073,2-s2.0-84884512583
13084,13084,2-s2.0-84884127621
13087,13087,2-s2.0-84883657093
13096,13096,2-s2.0-84883572969
13100,13100,2-s2.0-84883406930
13110,13110,2-s2.0-84882774589
13114,13114,2-s2.0-84881499751
13118,13118,2-s2.0-84881348852
13120,13120,2-s2.0-84881335117
13123,13123,2-s2.0-84881319725
13141,13141,2-s2.0-84880530737
13142,13142,2-s2.0-84880412058
13147,13147,2-s2.0-84880063972
13152,13152,2-s2.0-84879961095
13159,13159,2-s2.0-84879366482
13161,13161,2-s2.0-84879258856
13170,13170,2-s2.0-84878684960
13182,13182,2-s2.0-84878317606
13185,13185,2-s2.0-84878111030
13200,13200,2-s2.0-84876206956
13201,13201,2-s2.0-84876116693
13210,13210,2-s2.0-84875521280
13212,13212,2-s2.0-84875356260
13215,13215,2-s2.0-84875281005
13222,13222,2-s2.0-84874611371
13226,13226,2-s2.0-84874289718
13227,13227,2-s2.0-84874168700
13235,13235,2-s2.0-84873869694
13244,13244,2-s2.0-84872787940
13254,13254,2-s2.0-84871927190
13255,13255,2-s2.0-84871923430
13263,13263,2-s2.0-84871066414
13273,13273,2-s2.0-84869099801
13277,13277,2-s2.0-54749156123
13287,13287,2-s2.0-0039090501
13292,13292,2-s2.0-84957968245
13294,13294,2-s2.0-84957962544
13298,13298,2-s2.0-84957947850
13299,13299,2-s2.0-84957946120
13300,13300,2-s2.0-84957944055
13304,13304,2-s2.0-84957935825
13319,13319,2-s2.0-84945476935
13340,13340,2-s2.0-84928859832
13361,13361,2-s2.0-84920527737
13362,13362,2-s2.0-84919952247
13367,13367,2-s2.0-84919922746
13369,13369,2-s2.0-84919920823
13375,13375,2-s2.0-84919914063
13388,13388,2-s2.0-84908337996
13389,13389,2-s2.0-84907788445
13390,13390,2-s2.0-84904543859
13399,13399,2-s2.0-84914127133
13409,13409,2-s2.0-85107244909
13413,13413,2-s2.0-84992679801
13419,13419,2-s2.0-84903379408
13423,13423,2-s2.0-84910049548
13430,13430,2-s2.0-84912011056
13431,13431,2-s2.0-84912017114
13440,13440,2-s2.0-84929485847
13448,13448,2-s2.0-84929676348
13449,13449,2-s2.0-84925690406
13456,13456,2-s2.0-84919911552
13464,13464,2-s2.0-84908511185
13465,13465,2-s2.0-84907591434
13468,13468,2-s2.0-84946415931
13470,13470,2-s2.0-84939888717
13475,13475,2-s2.0-84908124332
13480,13480,2-s2.0-84910659930
13487,13487,2-s2.0-84907892310
13488,13488,2-s2.0-84911930668
13493,13493,2-s2.0-84908595981
13502,13502,2-s2.0-84921484045
13504,13504,2-s2.0-84908702387
13506,13506,2-s2.0-84987942196
13509,13509,2-s2.0-84918511246
13522,13522,2-s2.0-84982141117
13538,13538,2-s2.0-84921812216
13543,13543,2-s2.0-84911001797
13546,13546,2-s2.0-84907767049
13549,13549,2-s2.0-84907564447
13550,13550,2-s2.0-84907528837
13553,13553,2-s2.0-84896412358
13554,13554,2-s2.0-84958976236
13558,13558,2-s2.0-84912042091
13559,13559,2-s2.0-84908101498
13560,13560,2-s2.0-84908644454
13561,13561,2-s2.0-84911431126
13562,13562,2-s2.0-84908616310
13574,13574,2-s2.0-84985930630
13583,13583,2-s2.0-84906907655
13585,13585,2-s2.0-85048273244
13589,13589,2-s2.0-84957429917
13592,13592,2-s2.0-84944219998
13595,13595,2-s2.0-84933053076
13596,13596,2-s2.0-84931829027
13608,13608,2-s2.0-84907198878
13620,13620,2-s2.0-84938586310
13624,13624,2-s2.0-85027937290
13625,13625,2-s2.0-84957428083
13627,13627,2-s2.0-84930429310
13632,13632,2-s2.0-84926296988
13634,13634,2-s2.0-84920176630
13649,13649,2-s2.0-84907583022
13651,13651,2-s2.0-84907435628
13672,13672,2-s2.0-84904123343
13674,13674,2-s2.0-84903544352
13686,13686,2-s2.0-84964897188
13687,13687,2-s2.0-84957398077
13691,13691,2-s2.0-84957359791
13696,13696,2-s2.0-84953263773
13709,13709,2-s2.0-84924937197
13713,13713,2-s2.0-84904344751
13714,13714,2-s2.0-84904323147
13715,13715,2-s2.0-84904292988
13721,13721,2-s2.0-85096833116
13722,13722,2-s2.0-84946769347
13725,13725,2-s2.0-85076054042
13745,13745,2-s2.0-84897767116
13755,13755,2-s2.0-84901649820
13758,13758,2-s2.0-84900546980
13760,13760,2-s2.0-84900436292
13761,13761,2-s2.0-84899818212
13770,13770,2-s2.0-84907553301
13783,13783,2-s2.0-84949926649
13786,13786,2-s2.0-84898751861
13792,13792,2-s2.0-84991014001
13797,13797,2-s2.0-84914178326
13802,13802,2-s2.0-85055941552
13804,13804,2-s2.0-84959554453
13810,13810,2-s2.0-84949565095
13812,13812,2-s2.0-84930834497
13817,13817,2-s2.0-84898791594
13822,13822,2-s2.0-84898732678
13827,13827,2-s2.0-84897892384
13831,13831,2-s2.0-84894269241
13842,13842,2-s2.0-84897875924
13844,13844,2-s2.0-84896924358
13854,13854,2-s2.0-85029293068
13857,13857,2-s2.0-84897760024
13868,13868,2-s2.0-85048293031
13886,13886,2-s2.0-84895108663
13892,13892,2-s2.0-84894635989
13899,13899,2-s2.0-84893313634
13900,13900,2-s2.0-84893208898
13904,13904,2-s2.0-84889689893
13907,13907,2-s2.0-84887399950
13918,13918,2-s2.0-84895774902
13946,13946,2-s2.0-84892971040
13950,13950,2-s2.0-84892679123
13953,13953,2-s2.0-84892454776
13958,13958,2-s2.0-84888130018
13959,13959,2-s2.0-84888129968
13964,13964,2-s2.0-84892838180
13965,13965,2-s2.0-84899871764
13966,13966,2-s2.0-84892501801
13967,13967,2-s2.0-84892490028
13969,13969,2-s2.0-84922948597
13971,13971,2-s2.0-84922880063
13973,13973,2-s2.0-84922876750
13985,13985,2-s2.0-84951765728
13999,13999,2-s2.0-85145292572
14000,14000,2-s2.0-85144991391
14002,14002,2-s2.0-85144926655
14020,14020,2-s2.0-85127656202
14032,14032,2-s2.0-85107585327
14033,14033,2-s2.0-85107530041
14034,14034,2-s2.0-85105680582
14035,14035,2-s2.0-85105653119
14040,14040,2-s2.0-85101949146
14047,14047,2-s2.0-85086638175
14052,14052,2-s2.0-85084841663
14054,14054,2-s2.0-85081870811
14068,14068,2-s2.0-85069571408
14083,14083,2-s2.0-85045004489
14084,14084,2-s2.0-85041215543
14088,14088,2-s2.0-85040555360
14090,14090,2-s2.0-85040551262
14104,14104,2-s2.0-85028661679
14108,14108,2-s2.0-85027920573
14109,14109,2-s2.0-85027442714
14114,14114,2-s2.0-85021989360
14119,14119,2-s2.0-85020324393
14129,14129,2-s2.0-85015975579
14132,14132,2-s2.0-85012050553
14136,14136,2-s2.0-85011422901
14137,14137,2-s2.0-85011406126
14138,14138,2-s2.0-85011360866
14141,14141,2-s2.0-85009665436
14146,14146,2-s2.0-85002261177
14153,14153,2-s2.0-84991236920
14154,14154,2-s2.0-84988299660
14155,14155,2-s2.0-84988269457
14156,14156,2-s2.0-84987927741
14171,14171,2-s2.0-84965009113
14172,14172,2-s2.0-84964313380
14176,14176,2-s2.0-84963815595
14183,14183,2-s2.0-84961554433
14184,14184,2-s2.0-84961523240
14188,14188,2-s2.0-84958543517
14189,14189,2-s2.0-84958542603
14203,14203,2-s2.0-84955755249
14207,14207,2-s2.0-84955735149
14213,14213,2-s2.0-84955257201
14217,14217,2-s2.0-84954625426
14218,14218,2-s2.0-84954617988
14225,14225,2-s2.0-84953889198
14226,14226,2-s2.0-84953885444
14232,14232,2-s2.0-84948159216
14235,14235,2-s2.0-84948114884
14239,14239,2-s2.0-84947052100
14248,14248,2-s2.0-84944069878
14254,14254,2-s2.0-84941698796
14269,14269,2-s2.0-84939552629
14278,14278,2-s2.0-84938150756
14282,14282,2-s2.0-84937964598
14285,14285,2-s2.0-84937792798
14286,14286,2-s2.0-84937772873
14287,14287,2-s2.0-84937704624
14289,14289,2-s2.0-84937402640
14292,14292,2-s2.0-84931094291
14296,14296,2-s2.0-84929774038
14298,14298,2-s2.0-84929333726
14304,14304,2-s2.0-84928568301
14309,14309,2-s2.0-84928111439
14310,14310,2-s2.0-84928111335
14318,14318,2-s2.0-84927124436
14321,14321,2-s2.0-84926472400
14324,14324,2-s2.0-84926033732
14330,14330,2-s2.0-84924871935
14339,14339,2-s2.0-84923972536
14348,14348,2-s2.0-84923884414
14351,14351,2-s2.0-84923863346
14353,14353,2-s2.0-84923764970
14367,14367,2-s2.0-84923013731
14380,14380,2-s2.0-84922278472
14382,14382,2-s2.0-84922273441
14391,14391,2-s2.0-84921680456
14401,14401,2-s2.0-84920586041
14408,14408,2-s2.0-84919785190
14416,14416,2-s2.0-84918834320
14428,14428,2-s2.0-84916240830
14437,14437,2-s2.0-84914165585
14438,14438,2-s2.0-84914147748
14439,14439,2-s2.0-84914102353
14440,14440,2-s2.0-84912569663
14443,14443,2-s2.0-84912522757
14445,14445,2-s2.0-84912080037
14451,14451,2-s2.0-84911423540
14457,14457,2-s2.0-84910096759
14460,14460,2-s2.0-84910048862
14461,14461,2-s2.0-84910039341
14477,14477,2-s2.0-84908079710
14485,14485,2-s2.0-84907968480
14490,14490,2-s2.0-84907864944
14493,14493,2-s2.0-84907743574
14498,14498,2-s2.0-84907499321
14505,14505,2-s2.0-84907289488
14512,14512,2-s2.0-84907228843
14514,14514,2-s2.0-84907088656
14520,14520,2-s2.0-84906862023
14524,14524,2-s2.0-84906748510
14537,14537,2-s2.0-84906562621
14538,14538,2-s2.0-84906561717
14541,14541,2-s2.0-84906549860
14542,14542,2-s2.0-84906536960
14544,14544,2-s2.0-84906534144
14546,14546,2-s2.0-84906352289
14566,14566,2-s2.0-84905996715
14568,14568,2-s2.0-84905865020
14576,14576,2-s2.0-84905818551
14583,14583,2-s2.0-84905586025
14591,14591,2-s2.0-84905373074
14595,14595,2-s2.0-84905197501
14598,14598,2-s2.0-84905196944
14601,14601,2-s2.0-84905196766
14612,14612,2-s2.0-84905190700
14627,14627,2-s2.0-84905183011
14645,14645,2-s2.0-84905176686
14646,14646,2-s2.0-84905176663
14663,14663,2-s2.0-84905168965
14669,14669,2-s2.0-84905166403
14679,14679,2-s2.0-84905165170
14682,14682,2-s2.0-84905159212
14697,14697,2-s2.0-84904976636
14702,14702,2-s2.0-84904813911
14708,14708,2-s2.0-84904700496
14709,14709,2-s2.0-84904682911
14711,14711,2-s2.0-84904661900
14713,14713,2-s2.0-84904652576
14714,14714,2-s2.0-84904650867
14717,14717,2-s2.0-84904631005
14727,14727,2-s2.0-84904573339
14729,14729,2-s2.0-84904501525
14737,14737,2-s2.0-84904479949
14740,14740,2-s2.0-84904409323
14747,14747,2-s2.0-84904355290
14748,14748,2-s2.0-84904315041
14757,14757,2-s2.0-84904190981
14761,14761,2-s2.0-84904168020
14763,14763,2-s2.0-84904161086
14765,14765,2-s2.0-84904053652
14766,14766,2-s2.0-84904021233
14768,14768,2-s2.0-84903996983
14783,14783,2-s2.0-84903735381
14784,14784,2-s2.0-84903727929
14785,14785,2-s2.0-84903723102
14788,14788,2-s2.0-84903592093
14794,14794,2-s2.0-84903489894
14805,14805,2-s2.0-84903313406
14821,14821,2-s2.0-84902792976
14825,14825,2-s2.0-84902689837
14827,14827,2-s2.0-84902686297
14836,14836,2-s2.0-84902593472
14843,14843,2-s2.0-84902479728
14845,14845,2-s2.0-84902478526
14847,14847,2-s2.0-84902456344
14853,14853,2-s2.0-84902341226
14858,14858,2-s2.0-84902324407
14860,14860,2-s2.0-84902319373
14863,14863,2-s2.0-84902291957
14864,14864,2-s2.0-84902291310
14865,14865,2-s2.0-84902270813
14878,14878,2-s2.0-84901978573
14882,14882,2-s2.0-84901935186
14883,14883,2-s2.0-84901934341
14886,14886,2-s2.0-84901914518
14890,14890,2-s2.0-84901850976
14892,14892,2-s2.0-84901821383
14896,14896,2-s2.0-84901755723
14903,14903,2-s2.0-84901634927
14904,14904,2-s2.0-84901631407
14905,14905,2-s2.0-84901626583
14914,14914,2-s2.0-84901603074
14916,14916,2-s2.0-84901598964
14922,14922,2-s2.0-84901449170
14923,14923,2-s2.0-84901441114
14933,14933,2-s2.0-84901352828
14934,14934,2-s2.0-84901344673
14936,14936,2-s2.0-84901317760
14939,14939,2-s2.0-84901187724
14940,14940,2-s2.0-84901060610
14943,14943,2-s2.0-84901029422
14953,14953,2-s2.0-84900819629
14961,14961,2-s2.0-84900460525
14975,14975,2-s2.0-84899842763
14988,14988,2-s2.0-84899682593
14990,14990,2-s2.0-84899657687
14991,14991,2-s2.0-84899644659
14994,14994,2-s2.0-84899630909
14997,14997,2-s2.0-84899544074
15000,15000,2-s2.0-84899478730
15024,15024,2-s2.0-84898547645
15027,15027,2-s2.0-84898542274
15050,15050,2-s2.0-84897939173
15069,15069,2-s2.0-84897457434
15091,15091,2-s2.0-84896931175
15093,15093,2-s2.0-84896683092
15109,15109,2-s2.0-84896397983
15128,15128,2-s2.0-84894620030
15130,15130,2-s2.0-84894584054
15134,15134,2-s2.0-84894268166
15137,15137,2-s2.0-84894228997
15138,15138,2-s2.0-84893958475
15141,15141,2-s2.0-84893840141
15145,15145,2-s2.0-84893621316
15147,15147,2-s2.0-84893560670
15150,15150,2-s2.0-84893519080
15153,15153,2-s2.0-84893228070
15154,15154,2-s2.0-84893214348
15156,15156,2-s2.0-84893018107
15164,15164,2-s2.0-84892539225
15165,15165,2-s2.0-84892518350
15167,15167,2-s2.0-84892496981
15169,15169,2-s2.0-84892485605
15171,15171,2-s2.0-84892443554
15172,15172,2-s2.0-84892443229
15178,15178,2-s2.0-84892396106
15188,15188,2-s2.0-84890878396
15196,15196,2-s2.0-84890786767
15212,15212,2-s2.0-84887339567
15216,15216,2-s2.0-84885909161
15220,15220,2-s2.0-84884557871
15224,15224,2-s2.0-14844294716
15225,15225,2-s2.0-105011423689
15233,15233,2-s2.0-85001949396
15244,15244,2-s2.0-84964577800
15245,15245,2-s2.0-84964570111
15250,15250,2-s2.0-84960469409
15254,15254,2-s2.0-84960455720
15261,15261,2-s2.0-84960429168
15263,15263,2-s2.0-84960420249
15272,15272,2-s2.0-84960375393
15286,15286,2-s2.0-84960330878
15287,15287,2-s2.0-84960330729
15288,15288,2-s2.0-84960330154
15291,15291,2-s2.0-84960325410
15293,15293,2-s2.0-85182129267
15296,15296,2-s2.0-85051804109
15298,15298,2-s2.0-85047179552
15300,15300,2-s2.0-85035071464
15305,15305,2-s2.0-84987897319
15314,15314,2-s2.0-84960457597
15317,15317,2-s2.0-84958767639
15319,15319,2-s2.0-84958012809
15321,15321,2-s2.0-84957801276
15332,15332,2-s2.0-84953402736
15338,15338,2-s2.0-84953383182
15343,15343,2-s2.0-84953381517
15347,15347,2-s2.0-84953379784
15350,15350,2-s2.0-84953374355
15353,15353,2-s2.0-84950137955
15357,15357,2-s2.0-84949635822
15362,15362,2-s2.0-84949095886
15369,15369,2-s2.0-84948450058
15371,15371,2-s2.0-84948097377
15380,15380,2-s2.0-84944266248
15386,15386,2-s2.0-84938149862
15388,15388,2-s2.0-84958817614
15389,15389,2-s2.0-84947967965
15397,15397,2-s2.0-84946488815
15399,15399,2-s2.0-84960854171
15405,15405,2-s2.0-85043287186
15415,15415,2-s2.0-84964746073
15416,15416,2-s2.0-84964743258
15423,15423,2-s2.0-85066139375
15435,15435,2-s2.0-84962511089
15440,15440,2-s2.0-84955207941
15447,15447,2-s2.0-84947427184
15448,15448,2-s2.0-84947424767
15450,15450,2-s2.0-84947242821
15459,15459,2-s2.0-84945435640
15465,15465,2-s2.0-84944160420
15467,15467,2-s2.0-84943761988
15471,15471,2-s2.0-84943365068
15472,15472,2-s2.0-84943166119
15480,15480,2-s2.0-84962723931
15484,15484,2-s2.0-84942198538
15495,15495,2-s2.0-84982802733
15498,15498,2-s2.0-84945187125
15500,15500,2-s2.0-84959534151
15508,15508,2-s2.0-84945939750
15525,15525,2-s2.0-85029350311
15526,15526,2-s2.0-84952786226
15529,15529,2-s2.0-84949478782
15532,15532,2-s2.0-84949469568
15533,15533,2-s2.0-84949466061
15535,15535,2-s2.0-84949437294
15538,15538,2-s2.0-84945478894
15546,15546,2-s2.0-85030527245
15562,15562,2-s2.0-84945191974
15563,15563,2-s2.0-84945189857
15574,15574,2-s2.0-84942908202
15583,15583,2-s2.0-84929625758
15584,15584,2-s2.0-84962482238
15588,15588,2-s2.0-84940038595
15592,15592,2-s2.0-84988952351
15593,15593,2-s2.0-84957661781
15614,15614,2-s2.0-84939205950
15616,15616,2-s2.0-84938902878
15620,15620,2-s2.0-84957889239
15629,15629,2-s2.0-84960269821
15630,15630,2-s2.0-84960243949
15636,15636,2-s2.0-84939467374
15637,15637,2-s2.0-84939265415
15641,15641,2-s2.0-84949539398
15644,15644,2-s2.0-84942195711
15651,15651,2-s2.0-84964902666
15652,15652,2-s2.0-84962778090
15668,15668,2-s2.0-84940384739
15676,15676,2-s2.0-84938949918
15678,15678,2-s2.0-84938745677
15684,15684,2-s2.0-84930642566
15691,15691,2-s2.0-85117988535
15704,15704,2-s2.0-84939807935
15714,15714,2-s2.0-84957091890
15722,15722,2-s2.0-84940668419
15725,15725,2-s2.0-84938564637
15735,15735,2-s2.0-84957580161
15736,15736,2-s2.0-84957579832
15759,15759,2-s2.0-84940041424
15768,15768,2-s2.0-84935136461
15771,15771,2-s2.0-84942086547
15776,15776,2-s2.0-84941286121
15778,15778,2-s2.0-84941274943
15783,15783,2-s2.0-84937963213
15784,15784,2-s2.0-84937938791
15794,15794,2-s2.0-84957102783
15811,15811,2-s2.0-84959312863
15822,15822,2-s2.0-85025427067
15832,15832,2-s2.0-84938423948
15837,15837,2-s2.0-84930574841
15852,15852,2-s2.0-84936937177
15855,15855,2-s2.0-84932645761
15857,15857,2-s2.0-84930589038
15858,15858,2-s2.0-84939542230
15868,15868,2-s2.0-84944541436
15890,15890,2-s2.0-84929322218
15894,15894,2-s2.0-84926443364
15896,15896,2-s2.0-84938247637
15901,15901,2-s2.0-84929703774
15904,15904,2-s2.0-84951982313
15909,15909,2-s2.0-84939654850
15912,15912,2-s2.0-84935828365
15919,15919,2-s2.0-84991724845
15920,15920,2-s2.0-84938955972
15921,15921,2-s2.0-84942693989
15924,15924,2-s2.0-84942802072
15927,15927,2-s2.0-84942784513
15930,15930,2-s2.0-84942779340
15935,15935,2-s2.0-84942776315
15938,15938,2-s2.0-84942761041
15945,15945,2-s2.0-84930403413
15949,15949,2-s2.0-84937604094
15973,15973,2-s2.0-84929340329
15977,15977,2-s2.0-84926429933
15984,15984,2-s2.0-84981719121
15997,15997,2-s2.0-84927794827
16002,16002,2-s2.0-84955290568
16006,16006,2-s2.0-84990203904
16007,16007,2-s2.0-84990179353
16012,16012,2-s2.0-84929956896
16018,16018,2-s2.0-84960395077
16034,16034,2-s2.0-84929674426
16035,16035,2-s2.0-84929404794
16038,16038,2-s2.0-84929011746
16046,16046,2-s2.0-84925463348
16047,16047,2-s2.0-84922295551
16054,16054,2-s2.0-84946066257
16062,16062,2-s2.0-84928473785
16065,16065,2-s2.0-84951006010
16068,16068,2-s2.0-84927942982
16072,16072,2-s2.0-84929162476
16075,16075,2-s2.0-84928104156
16076,16076,2-s2.0-84924787819
16088,16088,2-s2.0-84941810883
16097,16097,2-s2.0-84930908432
16107,16107,2-s2.0-84926519209
16108,16108,2-s2.0-84926514127
16114,16114,2-s2.0-85071303369
16115,16115,2-s2.0-85030754562
16124,16124,2-s2.0-84939933366
16141,16141,2-s2.0-84928239938
16148,16148,2-s2.0-84928186612
16158,16158,2-s2.0-84925000877
16159,16159,2-s2.0-84924663016
16170,16170,2-s2.0-84895567879
16171,16171,2-s2.0-84958904806
16178,16178,2-s2.0-84929493756
16180,16180,2-s2.0-85043446001
16182,16182,2-s2.0-85043443286
16199,16199,2-s2.0-84955614109
16202,16202,2-s2.0-84930531976
16209,16209,2-s2.0-84927170458
16210,16210,2-s2.0-84924401903
16213,16213,2-s2.0-84961302161
16214,16214,2-s2.0-84939839255
16217,16217,2-s2.0-84919844287
16219,16219,2-s2.0-84920112820
16221,16221,2-s2.0-85041332598
16222,16222,2-s2.0-85019229830
16224,16224,2-s2.0-84991823737
16229,16229,2-s2.0-84939653406
16230,16230,2-s2.0-84939651693
16237,16237,2-s2.0-84928238398
16245,16245,2-s2.0-84925609764
16250,16250,2-s2.0-84925387706
16252,16252,2-s2.0-84925003572
16256,16256,2-s2.0-84924428638
16259,16259,2-s2.0-84924222014
16263,16263,2-s2.0-84923239765
16265,16265,2-s2.0-84923164227
16269,16269,2-s2.0-84922594206
16277,16277,2-s2.0-84921038688
16303,16303,2-s2.0-84938152643
16304,16304,2-s2.0-84938152551
16307,16307,2-s2.0-84938152543
16310,16310,2-s2.0-84938151621
16313,16313,2-s2.0-84938151414
16314,16314,2-s2.0-84938151411
16318,16318,2-s2.0-84938150395
16322,16322,2-s2.0-84938149342
16324,16324,2-s2.0-84938118171
16325,16325,2-s2.0-84938118165
16332,16332,2-s2.0-84938099585
16335,16335,2-s2.0-84921439550
16337,16337,2-s2.0-84923163830
16341,16341,2-s2.0-84924216465
16342,16342,2-s2.0-85150297181
16346,16346,2-s2.0-85000763572
16353,16353,2-s2.0-84923374178
16359,16359,2-s2.0-84921699712
16364,16364,2-s2.0-84910681694
16365,16365,2-s2.0-84909957732
16384,16384,2-s2.0-84922569337
16389,16389,2-s2.0-85041697064
16392,16392,2-s2.0-84961376357
16394,16394,2-s2.0-84920425877
16402,16402,2-s2.0-85151223023
16410,16410,2-s2.0-85151204059
16413,16413,2-s2.0-85151175793
16421,16421,2-s2.0-85139456896
16422,16422,2-s2.0-85139233366
16427,16427,2-s2.0-85128044167
16430,16430,2-s2.0-85116848275
16432,16432,2-s2.0-85116559005
16434,16434,2-s2.0-85116553762
16441,16441,2-s2.0-85110574435
16444,16444,2-s2.0-85101997773
16447,16447,2-s2.0-85101972993
16451,16451,2-s2.0-85101659430
16455,16455,2-s2.0-85088194382
16460,16460,2-s2.0-85086555800
16464,16464,2-s2.0-85086054074
16489,16489,2-s2.0-85063857679
16493,16493,2-s2.0-85061301947
16499,16499,2-s2.0-85055632604
16501,16501,2-s2.0-85054269206
16514,16514,2-s2.0-85041014227
16515,16515,2-s2.0-85040570103
16521,16521,2-s2.0-85039909543
16522,16522,2-s2.0-85039902085
16525,16525,2-s2.0-85039555215
16527,16527,2-s2.0-85039424389
16529,16529,2-s2.0-85038819641
16540,16540,2-s2.0-85030106005
16549,16549,2-s2.0-85026554735
16550,16550,2-s2.0-85022066677
16555,16555,2-s2.0-85018902418
16561,16561,2-s2.0-85018880728
16564,16564,2-s2.0-85018856156
16570,16570,2-s2.0-85017645128
16572,16572,2-s2.0-85017624163
16598,16598,2-s2.0-85006372705
16606,16606,2-s2.0-84994236047
16612,16612,2-s2.0-84991720753
16614,16614,2-s2.0-84991704923
16616,16616,2-s2.0-84991669603
16617,16617,2-s2.0-84991660613
16618,16618,2-s2.0-84991632892
16637,16637,2-s2.0-84982913028
16655,16655,2-s2.0-84976417453
16659,16659,2-s2.0-84973428557
16662,16662,2-s2.0-84971506893
16664,16664,2-s2.0-84971280507
16665,16665,2-s2.0-84971231483
16668,16668,2-s2.0-84969863392
16669,16669,2-s2.0-84969802914
16684,16684,2-s2.0-84968880434
16687,16687,2-s2.0-84968833688
16690,16690,2-s2.0-84968813818
16691,16691,2-s2.0-84968813328
16693,16693,2-s2.0-84968784382
16698,16698,2-s2.0-84968732943
16700,16700,2-s2.0-84968724780
16705,16705,2-s2.0-84964940639
16712,16712,2-s2.0-84963594576
16714,16714,2-s2.0-84963543099
16721,16721,2-s2.0-84962718412
16726,16726,2-s2.0-84962318489
16729,16729,2-s2.0-84961774442
16732,16732,2-s2.0-84960353591
16744,16744,2-s2.0-84958980011
16754,16754,2-s2.0-84958068600
16757,16757,2-s2.0-84957664906
16759,16759,2-s2.0-84957597481
16762,16762,2-s2.0-84957576101
16771,16771,2-s2.0-84956770050
16772,16772,2-s2.0-84956762237
16779,16779,2-s2.0-84955645649
16784,16784,2-s2.0-84955388297
16795,16795,2-s2.0-84954559303
16797,16797,2-s2.0-84954485945
16802,16802,2-s2.0-84954193023
16807,16807,2-s2.0-84953881524
16809,16809,2-s2.0-84953869464
16812,16812,2-s2.0-84953853369
16814,16814,2-s2.0-84953636619
16815,16815,2-s2.0-84953382137
16823,16823,2-s2.0-84952685405
16826,16826,2-s2.0-84952325604
16842,16842,2-s2.0-84949814140
16853,16853,2-s2.0-84949009425
16860,16860,2-s2.0-84948767681
16865,16865,2-s2.0-84948742771
16871,16871,2-s2.0-84948171169
16883,16883,2-s2.0-84947591688
16886,16886,2-s2.0-84947438793
16887,16887,2-s2.0-84947425960
16893,16893,2-s2.0-84947092907
16898,16898,2-s2.0-84946950151
16899,16899,2-s2.0-84946921308
16916,16916,2-s2.0-84945268103
16927,16927,2-s2.0-84945130142
16929,16929,2-s2.0-84945115308
16938,16938,2-s2.0-84944631289
16944,16944,2-s2.0-84944596858
16954,16954,2-s2.0-84944519601
16956,16956,2-s2.0-84944383470
16971,16971,2-s2.0-84943752391
16982,16982,2-s2.0-84943419765
16984,16984,2-s2.0-84943387021
16986,16986,2-s2.0-84943373503
16987,16987,2-s2.0-84943328934
16988,16988,2-s2.0-84943327775
16999,16999,2-s2.0-84943164103
17003,17003,2-s2.0-84943157642
17004,17004,2-s2.0-84943146496
17006,17006,2-s2.0-84942940345
17014,17014,2-s2.0-84942887556
17021,17021,2-s2.0-84942755926
17022,17022,2-s2.0-84942742252
17030,17030,2-s2.0-84941998045
17034,17034,2-s2.0-84941997551
17040,17040,2-s2.0-84941996043
17044,17044,2-s2.0-84941995482
17045,17045,2-s2.0-84941995468
17047,17047,2-s2.0-84941995341
17054,17054,2-s2.0-84941994725
17062,17062,2-s2.0-84941993417
17064,17064,2-s2.0-84941993115
17067,17067,2-s2.0-84941992875
17069,17069,2-s2.0-84941992673
17076,17076,2-s2.0-84941005709
17078,17078,2-s2.0-84940972607
17087,17087,2-s2.0-84940542770
17092,17092,2-s2.0-84940386181
17094,17094,2-s2.0-84940093529
17096,17096,2-s2.0-84939450242
17099,17099,2-s2.0-84939161382
17109,17109,2-s2.0-84938593263
17125,17125,2-s2.0-84936760997
17128,17128,2-s2.0-84936133661
17142,17142,2-s2.0-84930704450
17143,17143,2-s2.0-84930670523
17154,17154,2-s2.0-84930359016
17156,17156,2-s2.0-84930352104
17158,17158,2-s2.0-84930346306
17164,17164,2-s2.0-84930328885
17168,17168,2-s2.0-84930067338
17171,17171,2-s2.0-84930012537
17176,17176,2-s2.0-84929850165
17183,17183,2-s2.0-84929118694
17185,17185,2-s2.0-84929008802
17186,17186,2-s2.0-84928987928
17196,17196,2-s2.0-84928666603
17200,17200,2-s2.0-84928411264
17201,17201,2-s2.0-84928408980
17203,17203,2-s2.0-84928345542
17213,17213,2-s2.0-84927709505
17225,17225,2-s2.0-84926353897
17227,17227,2-s2.0-84926313829
17242,17242,2-s2.0-84924991871
17243,17243,2-s2.0-84924917576
17246,17246,2-s2.0-84924757288
17247,17247,2-s2.0-84924737023
17253,17253,2-s2.0-84924350359
17262,17262,2-s2.0-84923277793
17276,17276,2-s2.0-84922731487
17288,17288,2-s2.0-84922211018
17292,17292,2-s2.0-84921942544
17296,17296,2-s2.0-84921921704
17311,17311,2-s2.0-84920281891
17329,17329,2-s2.0-84910636868
17336,17336,2-s2.0-84890137668
17339,17339,2-s2.0-105012561920
17348,17348,2-s2.0-105012527220
17351,17351,2-s2.0-105012508143
17352,17352,2-s2.0-105012504596
17360,17360,2-s2.0-105011897081
17362,17362,2-s2.0-105011895605
17365,17365,2-s2.0-105011891319
17367,17367,2-s2.0-105011890942
17369,17369,2-s2.0-105011890760
17375,17375,2-s2.0-105011886718
17377,17377,2-s2.0-105011885219
17380,17380,2-s2.0-105011883802
17396,17396,2-s2.0-85098861298
17399,17399,2-s2.0-85119297416
17403,17403,2-s2.0-85098594568
17410,17410,2-s2.0-85102466145
17420,17420,2-s2.0-85102977653
17431,17431,2-s2.0-85104202650
17442,17442,2-s2.0-85103478841
17449,17449,2-s2.0-85169125831
17453,17453,2-s2.0-85115398676
17463,17463,2-s2.0-85106832361
17464,17464,2-s2.0-85106825012
17466,17466,2-s2.0-85106821479
17467,17467,2-s2.0-85106800565
17476,17476,2-s2.0-85105506189
17480,17480,2-s2.0-85103887655
17481,17481,2-s2.0-85103883126
17484,17484,2-s2.0-85101488341
17488,17488,2-s2.0-85101231511
17491,17491,2-s2.0-85100135366
17493,17493,2-s2.0-85100007031
17499,17499,2-s2.0-85099422731
17502,17502,2-s2.0-85099088719
17506,17506,2-s2.0-85098883073
17514,17514,2-s2.0-85098146505
17522,17522,2-s2.0-85097522624
17523,17523,2-s2.0-85097501164
17530,17530,2-s2.0-85097287775
17534,17534,2-s2.0-85097164196
17544,17544,2-s2.0-85096453348
17547,17547,2-s2.0-85095956496
17552,17552,2-s2.0-85095571367
17554,17554,2-s2.0-85094830035
17568,17568,2-s2.0-85092028439
17575,17575,2-s2.0-85091049847
17578,17578,2-s2.0-85090845285
17583,17583,2-s2.0-85089817973
17586,17586,2-s2.0-85089740233
17588,17588,2-s2.0-85089496622
17589,17589,2-s2.0-85089448199
17601,17601,2-s2.0-85087126146
17602,17602,2-s2.0-85087126018
17611,17611,2-s2.0-85084347785
17615,17615,2-s2.0-85083644861
17625,17625,2-s2.0-85079044917
17628,17628,2-s2.0-85078594956
17631,17631,2-s2.0-85078238259
17633,17633,2-s2.0-85077839866
17637,17637,2-s2.0-85076113958
17639,17639,2-s2.0-85075356183
17643,17643,2-s2.0-85068868466
17654,17654,2-s2.0-85160921132
17658,17658,2-s2.0-85099457058
17659,17659,2-s2.0-85100628747
17660,17660,2-s2.0-85095822147
17661,17661,2-s2.0-85102652109
17662,17662,2-s2.0-85097987952
17668,17668,2-s2.0-85099569623
17673,17673,2-s2.0-85099546836
17676,17676,2-s2.0-85099467981
17677,17677,2-s2.0-85099465820
17687,17687,2-s2.0-85123042496
17692,17692,2-s2.0-85098861614
17696,17696,2-s2.0-85099319685
17697,17697,2-s2.0-85099312893
17716,17716,2-s2.0-85096080090
17719,17719,2-s2.0-85093970731
17724,17724,2-s2.0-85104584536
17727,17727,2-s2.0-85101933377
17728,17728,2-s2.0-85101910707
17739,17739,2-s2.0-85100717597
17740,17740,2-s2.0-85100705033
17745,17745,2-s2.0-85096586685
17756,17756,2-s2.0-85106174064
17783,17783,2-s2.0-85095835245
17792,17792,2-s2.0-85094586815
17797,17797,2-s2.0-85094157404
17798,17798,2-s2.0-85093917094
17800,17800,2-s2.0-85091146016
17802,17802,2-s2.0-85090793343
17809,17809,2-s2.0-85089394689
17826,17826,2-s2.0-85083197609
17832,17832,2-s2.0-85077461570
17837,17837,2-s2.0-85064061198
17850,17850,2-s2.0-85096448101
17852,17852,2-s2.0-85096427085
17855,17855,2-s2.0-85096424092
17856,17856,2-s2.0-85096422815
17865,17865,2-s2.0-85096414176
17882,17882,2-s2.0-85096408862
17894,17894,2-s2.0-85102249517
17901,17901,2-s2.0-85100568737
17904,17904,2-s2.0-85099339133
17912,17912,2-s2.0-85098582049
17920,17920,2-s2.0-85098563007
17921,17921,2-s2.0-85098559973
17927,17927,2-s2.0-85098539354
17931,17931,2-s2.0-85103740476
17933,17933,2-s2.0-85095417228
17938,17938,2-s2.0-85099849142
17941,17941,2-s2.0-85087178616
17942,17942,2-s2.0-85107294109
17943,17943,2-s2.0-85099359017
17946,17946,2-s2.0-85092012868
17950,17950,2-s2.0-85198529046
17968,17968,2-s2.0-85057235294
17969,17969,2-s2.0-85153961095
17981,17981,2-s2.0-85097331805
17994,17994,2-s2.0-85093113893
17998,17998,2-s2.0-85092731323
17999,17999,2-s2.0-85092719459
18016,18016,2-s2.0-85089750195
18018,18018,2-s2.0-85088833598
18027,18027,2-s2.0-85086107986
18028,18028,2-s2.0-85085956882
18030,18030,2-s2.0-85085100191
18035,18035,2-s2.0-85082477379
18036,18036,2-s2.0-85081213354
18038,18038,2-s2.0-85078498469
18039,18039,2-s2.0-85077677795
18050,18050,2-s2.0-85074734431
18059,18059,2-s2.0-85059006975
18067,18067,2-s2.0-85092677782
18068,18068,2-s2.0-85092111294
18070,18070,2-s2.0-85097130390
18085,18085,2-s2.0-85092026628
18096,18096,2-s2.0-85092793582
18098,18098,2-s2.0-85092792211
18099,18099,2-s2.0-85092792147
18100,18100,2-s2.0-85092788981
18111,18111,2-s2.0-85092756933
18113,18113,2-s2.0-85149670989
18122,18122,2-s2.0-85196239737
18125,18125,2-s2.0-85092672151
18128,18128,2-s2.0-85092233011
18129,18129,2-s2.0-85090921636
18130,18130,2-s2.0-85079364594
18131,18131,2-s2.0-85151153728
18134,18134,2-s2.0-85091418889
18140,18140,2-s2.0-85107224310
18160,18160,2-s2.0-85080138666
18166,18166,2-s2.0-85150174696
18170,18170,2-s2.0-85105444048
18174,18174,2-s2.0-85097846229
18181,18181,2-s2.0-85095855522
18182,18182,2-s2.0-85095751462
18186,18186,2-s2.0-85093655199
18188,18188,2-s2.0-85093116160
18192,18192,2-s2.0-85092761007
18194,18194,2-s2.0-85092274649
18200,18200,2-s2.0-85091914402
18202,18202,2-s2.0-85091791816
18212,18212,2-s2.0-85091129167
18214,18214,2-s2.0-85090817354
18215,18215,2-s2.0-85090810984
18218,18218,2-s2.0-85090763501
18221,18221,2-s2.0-85090563589
18222,18222,2-s2.0-85090530981
18229,18229,2-s2.0-85090236315
18239,18239,2-s2.0-85089183477
18241,18241,2-s2.0-85088893220
18244,18244,2-s2.0-85088138214
18247,18247,2-s2.0-85087679956
18254,18254,2-s2.0-85086758933
18256,18256,2-s2.0-85086453288
18257,18257,2-s2.0-85086124596
18261,18261,2-s2.0-85085002343
18274,18274,2-s2.0-85078782199
18280,18280,2-s2.0-85076342087
18282,18282,2-s2.0-85075438546
18283,18283,2-s2.0-85075332027
18297,18297,2-s2.0-85090421099
18299,18299,2-s2.0-85091169722
18307,18307,2-s2.0-85092138560
18319,18319,2-s2.0-85064525898
18320,18320,2-s2.0-85087355631
18321,18321,2-s2.0-85067869469
18323,18323,2-s2.0-85141201426
18324,18324,2-s2.0-85107181203
18328,18328,2-s2.0-85104952204
18329,18329,2-s2.0-85104946541
18347,18347,2-s2.0-85094657163
18351,18351,2-s2.0-85093111020
18353,18353,2-s2.0-85093086661
18355,18355,2-s2.0-85092068175
18359,18359,2-s2.0-85092033793
18373,18373,2-s2.0-85090142542
18382,18382,2-s2.0-85089704237
18385,18385,2-s2.0-85089563094
18388,18388,2-s2.0-85089538403
18396,18396,2-s2.0-85089125309
18398,18398,2-s2.0-85088933994
18406,18406,2-s2.0-85086784789
18407,18407,2-s2.0-85086585510
18409,18409,2-s2.0-85086151075
18417,18417,2-s2.0-85085361270
18420,18420,2-s2.0-85084377380
18425,18425,2-s2.0-85083376980
18430,18430,2-s2.0-85079183505
18431,18431,2-s2.0-85079145522
18437,18437,2-s2.0-85074529007
18445,18445,2-s2.0-85060775574
18453,18453,2-s2.0-85063375268
18454,18454,2-s2.0-85093683891
18459,18459,2-s2.0-85138061749
18460,18460,2-s2.0-85091756220
18462,18462,2-s2.0-85088986398
18471,18471,2-s2.0-85089103150
18484,18484,2-s2.0-85089066000
18489,18489,2-s2.0-85089846988
18491,18491,2-s2.0-85089839435
18495,18495,2-s2.0-85086870975
18497,18497,2-s2.0-85105192016
18505,18505,2-s2.0-85087927270
18512,18512,2-s2.0-85087913073
18513,18513,2-s2.0-85087909731
18518,18518,2-s2.0-85087892001
18520,18520,2-s2.0-85087888686
18527,18527,2-s2.0-85087876405
18532,18532,2-s2.0-85087867059
18540,18540,2-s2.0-85068798544
18542,18542,2-s2.0-85066246511
18560,18560,2-s2.0-85084792940
18561,18561,2-s2.0-85083702182
18563,18563,2-s2.0-85079170159
18568,18568,2-s2.0-85162152366
18572,18572,2-s2.0-85098976102
18573,18573,2-s2.0-85094681749
18574,18574,2-s2.0-85094174184
18581,18581,2-s2.0-85091476910
18585,18585,2-s2.0-85090884151
18590,18590,2-s2.0-85089935328
18592,18592,2-s2.0-85089812021
18598,18598,2-s2.0-85089652749
18604,18604,2-s2.0-85088834482
18610,18610,2-s2.0-85087937321
18614,18614,2-s2.0-85087777438
18622,18622,2-s2.0-85087139679
18624,18624,2-s2.0-85086934610
18627,18627,2-s2.0-85086125914
18630,18630,2-s2.0-85085904865
18640,18640,2-s2.0-85082648570
18641,18641,2-s2.0-85082626143
18642,18642,2-s2.0-85079392183
18646,18646,2-s2.0-85077144900
18653,18653,2-s2.0-85074824119
18656,18656,2-s2.0-85071937335
18658,18658,2-s2.0-85049613258
18664,18664,2-s2.0-85104004840
18668,18668,2-s2.0-85094982753
18675,18675,2-s2.0-85103500828
18682,18682,2-s2.0-85095798629
18716,18716,2-s2.0-85095781798
18730,18730,2-s2.0-85095774140
18732,18732,2-s2.0-85095773097
18734,18734,2-s2.0-85095771126
18735,18735,2-s2.0-85095769776
18746,18746,2-s2.0-85095761085
18747,18747,2-s2.0-85095760907
18750,18750,2-s2.0-85095759636
18756,18756,2-s2.0-85095756597
18766,18766,2-s2.0-85095749398
18774,18774,2-s2.0-85095745844
18775,18775,2-s2.0-85095745817
18776,18776,2-s2.0-85095745385
18779,18779,2-s2.0-85095742710
18781,18781,2-s2.0-85095741053
18785,18785,2-s2.0-85095738783
18786,18786,2-s2.0-85095738724
18787,18787,2-s2.0-85095738308
18790,18790,2-s2.0-85095736785
18793,18793,2-s2.0-85095735246
18796,18796,2-s2.0-85095733527
18800,18800,2-s2.0-85095732454
18801,18801,2-s2.0-85095731327
18806,18806,2-s2.0-85095728437
18810,18810,2-s2.0-85095727478
18813,18813,2-s2.0-85095725746
18815,18815,2-s2.0-85095725064
18822,18822,2-s2.0-85087405579
18829,18829,2-s2.0-85088292833
18830,18830,2-s2.0-85088287261
18832,18832,2-s2.0-85087726970
18839,18839,2-s2.0-85089204445
18845,18845,2-s2.0-85087107266
18861,18861,2-s2.0-85086432746
18862,18862,2-s2.0-85091286885
18865,18865,2-s2.0-85075194388
18875,18875,2-s2.0-85087486583
18883,18883,2-s2.0-85086627473
18885,18885,2-s2.0-85085905596
18886,18886,2-s2.0-85105535049
18894,18894,2-s2.0-85105476172
18908,18908,2-s2.0-85091960688
18919,18919,2-s2.0-85090606070
18923,18923,2-s2.0-85089663815
18928,18928,2-s2.0-85088992958
18934,18934,2-s2.0-85087792706
18940,18940,2-s2.0-85087447036
18942,18942,2-s2.0-85087112037
18944,18944,2-s2.0-85087092469
18954,18954,2-s2.0-85086016640
18955,18955,2-s2.0-85086014301
18960,18960,2-s2.0-85085871153
18962,18962,2-s2.0-85085620227
18972,18972,2-s2.0-85084917131
18977,18977,2-s2.0-85084839265
18983,18983,2-s2.0-85084789986
18992,18992,2-s2.0-85084214483
18994,18994,2-s2.0-85084157430
18997,18997,2-s2.0-85083453702
19006,19006,2-s2.0-85082551457
19008,19008,2-s2.0-85082138226
19009,19009,2-s2.0-85081312362
19014,19014,2-s2.0-85079894557
19032,19032,2-s2.0-85073949925
19034,19034,2-s2.0-85070275227
19035,19035,2-s2.0-85070250256
19041,19041,2-s2.0-85065441663
19059,19059,2-s2.0-85086468290
19065,19065,2-s2.0-85086460392
19068,19068,2-s2.0-85086457007
19069,19069,2-s2.0-85086456740
19070,19070,2-s2.0-85086455620
19071,19071,2-s2.0-85086451689
19074,19074,2-s2.0-85086443050
19083,19083,2-s2.0-85086438406
19086,19086,2-s2.0-85086436340
19092,19092,2-s2.0-85086432090
19100,19100,2-s2.0-85085683814
19104,19104,2-s2.0-85063198676
19105,19105,2-s2.0-85043454399
19106,19106,2-s2.0-85085686127
19107,19107,2-s2.0-85085598448
19108,19108,2-s2.0-85085531157
19120,19120,2-s2.0-85085519524
19128,19128,2-s2.0-85085501088
19140,19140,2-s2.0-85085486932
19147,19147,2-s2.0-85085477160
19148,19148,2-s2.0-85085476371
19154,19154,2-s2.0-85085469291
19156,19156,2-s2.0-85085468159
19159,19159,2-s2.0-85093663248
19161,19161,2-s2.0-85086234661
19165,19165,2-s2.0-85073958378
19171,19171,2-s2.0-85088099551
19178,19178,2-s2.0-85084754438
19180,19180,2-s2.0-85084749092
19188,19188,2-s2.0-85084734471
19197,19197,2-s2.0-85084536641
19211,19211,2-s2.0-85091232603
19213,19213,2-s2.0-85090363287
19215,19215,2-s2.0-85088309037
19216,19216,2-s2.0-85087047055
19217,19217,2-s2.0-85086635355
19221,19221,2-s2.0-85085965397
19231,19231,2-s2.0-85084792388
19233,19233,2-s2.0-85084625706
19243,19243,2-s2.0-85084241289
19252,19252,2-s2.0-85083874709
19253,19253,2-s2.0-85083874425
19266,19266,2-s2.0-85080094211
19268,19268,2-s2.0-85079782066
19282,19282,2-s2.0-85073937851
19284,19284,2-s2.0-85070982986
19287,19287,2-s2.0-85064648439
19298,19298,2-s2.0-85085327363
19301,19301,2-s2.0-105008359987
19302,19302,2-s2.0-85091283643
19305,19305,2-s2.0-85101026491
19312,19312,2-s2.0-85091108906
19320,19320,2-s2.0-85086231137
19324,19324,2-s2.0-85086181927
19325,19325,2-s2.0-85086180373
19327,19327,2-s2.0-85083779936
19336,19336,2-s2.0-85074402384
19343,19343,2-s2.0-85065419981
19344,19344,2-s2.0-85065401758
19345,19345,2-s2.0-85063283803
19346,19346,2-s2.0-85188569325
19349,19349,2-s2.0-85104000272
19350,19350,2-s2.0-85101214308
19352,19352,2-s2.0-85095763674
19356,19356,2-s2.0-85092007360
19358,19358,2-s2.0-85091171395
19361,19361,2-s2.0-85089509867
19363,19363,2-s2.0-85089136233
19376,19376,2-s2.0-85087901341
19377,19377,2-s2.0-85087901114
19380,19380,2-s2.0-85087896195
19383,19383,2-s2.0-85087886247
19387,19387,2-s2.0-85087882099
19391,19391,2-s2.0-85087868368
19394,19394,2-s2.0-85087861232
19418,19418,2-s2.0-85084655694
19425,19425,2-s2.0-85084468455
19440,19440,2-s2.0-85083504063
19445,19445,2-s2.0-85083453170
19449,19449,2-s2.0-85083281971
19454,19454,2-s2.0-85083174167
19467,19467,2-s2.0-85081242560
19469,19469,2-s2.0-85081229299
19470,19470,2-s2.0-85081034459
19471,19471,2-s2.0-85080074193
19500,19500,2-s2.0-85170674173
19512,19512,2-s2.0-85082985426
19513,19513,2-s2.0-85082982269
19523,19523,2-s2.0-85082985893
19525,19525,2-s2.0-85082982617
19532,19532,2-s2.0-85082997927
19533,19533,2-s2.0-85082996737
19534,19534,2-s2.0-85082996736
19546,19546,2-s2.0-85082988046
19548,19548,2-s2.0-85082987516
19559,19559,2-s2.0-85082661574
19560,19560,2-s2.0-85082659014
19562,19562,2-s2.0-85082623210
19563,19563,2-s2.0-85082621536
19564,19564,2-s2.0-85082620616
19568,19568,2-s2.0-85082598076
19576,19576,2-s2.0-85082576542
19577,19577,2-s2.0-85082571453
19581,19581,2-s2.0-85086947611
19586,19586,2-s2.0-85098752313
19591,19591,2-s2.0-85082196352
19592,19592,2-s2.0-85082070034
19601,19601,2-s2.0-85081408001
19604,19604,2-s2.0-85081386043
19624,19624,2-s2.0-85066779055
19625,19625,2-s2.0-85064565402
19627,19627,2-s2.0-85086626829
19633,19633,2-s2.0-85091114237
19634,19634,2-s2.0-85091109705
19637,19637,2-s2.0-85091093138
19640,19640,2-s2.0-85091082458
19641,19641,2-s2.0-85091078077
19642,19642,2-s2.0-85091074645
19646,19646,2-s2.0-85090256970
19653,19653,2-s2.0-85087476012
19667,19667,2-s2.0-85084394626
19668,19668,2-s2.0-85084393342
19681,19681,2-s2.0-85082581442
19690,19690,2-s2.0-85081691233
19694,19694,2-s2.0-85081027635
19704,19704,2-s2.0-85079011087
19705,19705,2-s2.0-85078854154
19707,19707,2-s2.0-85078732828
19710,19710,2-s2.0-85078659902
19714,19714,2-s2.0-85077632410
19724,19724,2-s2.0-85076609071
19725,19725,2-s2.0-85076607430
19730,19730,2-s2.0-85074853348
19731,19731,2-s2.0-85074852547
19734,19734,2-s2.0-85073963172
19746,19746,2-s2.0-85067849598
19769,19769,2-s2.0-85081618438
19770,19770,2-s2.0-85081615640
19773,19773,2-s2.0-85081585324
19801,19801,2-s2.0-85081101637
19808,19808,2-s2.0-85110533189
19816,19816,2-s2.0-85087441626
19825,19825,2-s2.0-85083660576
19828,19828,2-s2.0-85081327519
19836,19836,2-s2.0-85079859146
19843,19843,2-s2.0-85079529379
19844,19844,2-s2.0-85079495126
19853,19853,2-s2.0-85077898489
19854,19854,2-s2.0-85077477449
19859,19859,2-s2.0-85075674738
19861,19861,2-s2.0-85075401913
19862,19862,2-s2.0-85075382067
19867,19867,2-s2.0-85074199611
19869,19869,2-s2.0-85073012343
19874,19874,2-s2.0-85067794746
19901,19901,2-s2.0-85079100167
19902,19902,2-s2.0-85079095794
19906,19906,2-s2.0-85081993312
19916,19916,2-s2.0-85217922066
19919,19919,2-s2.0-85089702421
19925,19925,2-s2.0-85080959525
19926,19926,2-s2.0-85077909397
19927,19927,2-s2.0-85077161099
19939,19939,2-s2.0-85074050069
19942,19942,2-s2.0-85072988824
19950,19950,2-s2.0-85066837289
19952,19952,2-s2.0-85065439315
19955,19955,2-s2.0-85064675074
19960,19960,2-s2.0-85055043622
19973,19973,2-s2.0-85192946702
19978,19978,2-s2.0-85180679733
19982,19982,2-s2.0-85173831258
19985,19985,2-s2.0-85171493102
20004,20004,2-s2.0-85150567811
20016,20016,2-s2.0-85149539134
20019,20019,2-s2.0-85149524328
20021,20021,2-s2.0-85149505748
20026,20026,2-s2.0-85148834771
20034,20034,2-s2.0-85147302049
20036,20036,2-s2.0-85145890195
20039,20039,2-s2.0-85145627432
20041,20041,2-s2.0-85143224749
20042,20042,2-s2.0-85143153215
20062,20062,2-s2.0-85137511978
20067,20067,2-s2.0-85136035853
20076,20076,2-s2.0-85135987731
20099,20099,2-s2.0-85127586965
20100,20100,2-s2.0-85127568712
20114,20114,2-s2.0-85124291141
20115,20115,2-s2.0-85123718260
20120,20120,2-s2.0-85122333525
20129,20129,2-s2.0-85121486811
20131,20131,2-s2.0-85119607284
20135,20135,2-s2.0-85119235385
20136,20136,2-s2.0-85119230854
20141,20141,2-s2.0-85118336908
20144,20144,2-s2.0-85118052969
20150,20150,2-s2.0-85116323987
20151,20151,2-s2.0-85115715567
20157,20157,2-s2.0-85113886989
20161,20161,2-s2.0-85112821343
20166,20166,2-s2.0-85111372836
20169,20169,2-s2.0-85111298917
20174,20174,2-s2.0-85109806777
20175,20175,2-s2.0-85109619959
20177,20177,2-s2.0-85108830774
20179,20179,2-s2.0-85108504105
20180,20180,2-s2.0-85108030691
20181,20181,2-s2.0-85108026943
20183,20183,2-s2.0-85107780629
20186,20186,2-s2.0-85107236050
20190,20190,2-s2.0-85107219884
20191,20191,2-s2.0-85107216691
20193,20193,2-s2.0-85107207756
20198,20198,2-s2.0-85107198051
20202,20202,2-s2.0-85107188019
20209,20209,2-s2.0-85106774915
20214,20214,2-s2.0-85106037445
20218,20218,2-s2.0-85105922378
20219,20219,2-s2.0-85105815029
20223,20223,2-s2.0-85105795716
20230,20230,2-s2.0-85105107052
20233,20233,2-s2.0-85104468223
20236,20236,2-s2.0-85104386179
20238,20238,2-s2.0-85104234943
20239,20239,2-s2.0-85104012653
20240,20240,2-s2.0-85104009976
20244,20244,2-s2.0-85103840008
20258,20258,2-s2.0-85102944008
20273,20273,2-s2.0-85102872102
20276,20276,2-s2.0-85102852527
20280,20280,2-s2.0-85102708630
20284,20284,2-s2.0-85102678560
20295,20295,2-s2.0-85102143460
20303,20303,2-s2.0-85101919051
20316,20316,2-s2.0-85101225548
20320,20320,2-s2.0-85101091704
20334,20334,2-s2.0-85100917845
20342,20342,2-s2.0-85100864134
20344,20344,2-s2.0-85100854256
20348,20348,2-s2.0-85100697618
20367,20367,2-s2.0-85099557361
20369,20369,2-s2.0-85099520333
20383,20383,2-s2.0-85099281416
20388,20388,2-s2.0-85099050628
20390,20390,2-s2.0-85098952917
20391,20391,2-s2.0-85098950930
20398,20398,2-s2.0-85098622622
20399,20399,2-s2.0-85098600952
20403,20403,2-s2.0-85098584281
20413,20413,2-s2.0-85098504667
20414,20414,2-s2.0-85098496273
20417,20417,2-s2.0-85098282453
20428,20428,2-s2.0-85098068158
20430,20430,2-s2.0-85098061976
20443,20443,2-s2.0-85097993110
20466,20466,2-s2.0-85097630736
20467,20467,2-s2.0-85097597318
20469,20469,2-s2.0-85097567969
20471,20471,2-s2.0-85097563188
20472,20472,2-s2.0-85097545284
20485,20485,2-s2.0-85097379164
20487,20487,2-s2.0-85097347796
20490,20490,2-s2.0-85097292967
20498,20498,2-s2.0-85097039973
20510,20510,2-s2.0-85096905431
20511,20511,2-s2.0-85096900545
20524,20524,2-s2.0-85096702396
20526,20526,2-s2.0-85096685890
20527,20527,2-s2.0-85096627143
20536,20536,2-s2.0-85096594486
20546,20546,2-s2.0-85096552155
20555,20555,2-s2.0-85096526082
20556,20556,2-s2.0-85096519704
20572,20572,2-s2.0-85096161628
20579,20579,2-s2.0-85096107493
20585,20585,2-s2.0-85096052197
20587,20587,2-s2.0-85096031850
20589,20589,2-s2.0-85096001231
20598,20598,2-s2.0-85095603353
20602,20602,2-s2.0-85095583388
20609,20609,2-s2.0-85094979502
20619,20619,2-s2.0-85094149580
20626,20626,2-s2.0-85093854598
20637,20637,2-s2.0-85092782083
20645,20645,2-s2.0-85092529550
20655,20655,2-s2.0-85092434638
20658,20658,2-s2.0-85092392843
20669,20669,2-s2.0-85092162731
20670,20670,2-s2.0-85092153655
20672,20672,2-s2.0-85092006977
20673,20673,2-s2.0-85091986947
20687,20687,2-s2.0-85091717102
20696,20696,2-s2.0-85091564553
20699,20699,2-s2.0-85091488412
20701,20701,2-s2.0-85091465897
20709,20709,2-s2.0-85091418605
20711,20711,2-s2.0-85091413246
20722,20722,2-s2.0-85090906609
20739,20739,2-s2.0-85090719507
20741,20741,2-s2.0-85090711361
20742,20742,2-s2.0-85090710600
20745,20745,2-s2.0-85090686585
20748,20748,2-s2.0-85090632815
20752,20752,2-s2.0-85090577586
20753,20753,2-s2.0-85090562436
20754,20754,2-s2.0-85090550694
20761,20761,2-s2.0-85090361870
20764,20764,2-s2.0-85090272127
20768,20768,2-s2.0-85090100787
20774,20774,2-s2.0-85089774698
20783,20783,2-s2.0-85089636904
20788,20788,2-s2.0-85089609527
20800,20800,2-s2.0-85089489606
20803,20803,2-s2.0-85089355433
20808,20808,2-s2.0-85089319187
20812,20812,2-s2.0-85089307191
20814,20814,2-s2.0-85089265800
20817,20817,2-s2.0-85089239097
20827,20827,2-s2.0-85089163226
20853,20853,2-s2.0-85088716050
20860,20860,2-s2.0-85088587023
20865,20865,2-s2.0-85088538515
20868,20868,2-s2.0-85088515819
20872,20872,2-s2.0-85088468136
20873,20873,2-s2.0-85088466454
20874,20874,2-s2.0-85088462637
20877,20877,2-s2.0-85088454039
20878,20878,2-s2.0-85088452709
20879,20879,2-s2.0-85088449127
20883,20883,2-s2.0-85088441599
20887,20887,2-s2.0-85088430055
20891,20891,2-s2.0-85088407669
20892,20892,2-s2.0-85088390611
20896,20896,2-s2.0-85088360376
20901,20901,2-s2.0-85088031965
20911,20911,2-s2.0-85087829947
20912,20912,2-s2.0-85087828625
20913,20913,2-s2.0-85087825603
20914,20914,2-s2.0-85087780006
20928,20928,2-s2.0-85087460447
20935,20935,2-s2.0-85087313230
20937,20937,2-s2.0-85087276171
20939,20939,2-s2.0-85087143895
20940,20940,2-s2.0-85087126553
20942,20942,2-s2.0-85087048526
20943,20943,2-s2.0-85086971024
20946,20946,2-s2.0-85086930203
20947,20947,2-s2.0-85086917713
20952,20952,2-s2.0-85086838677
20953,20953,2-s2.0-85086800821
20956,20956,2-s2.0-85086678317
20960,20960,2-s2.0-85086669356
20962,20962,2-s2.0-85086669054
20975,20975,2-s2.0-85086323438
20977,20977,2-s2.0-85086319760
20990,20990,2-s2.0-85086131963
20993,20993,2-s2.0-85085942104
21010,21010,2-s2.0-85085559830
21011,21011,2-s2.0-85085517871
21016,21016,2-s2.0-85085323518
21020,21020,2-s2.0-85085196431
21022,21022,2-s2.0-85085124620
21026,21026,2-s2.0-85085062805
21030,21030,2-s2.0-85085012671
21038,21038,2-s2.0-85084932036
21040,21040,2-s2.0-85084762973
21045,21045,2-s2.0-85084651303
21046,21046,2-s2.0-85084601919
21050,21050,2-s2.0-85084515586
21056,21056,2-s2.0-85084344175
21057,21057,2-s2.0-85084334976
21058,21058,2-s2.0-85084325168
21059,21059,2-s2.0-85084298708
21062,21062,2-s2.0-85084192751
21064,21064,2-s2.0-85084188658
21074,21074,2-s2.0-85083724716
21075,21075,2-s2.0-85083723395
21098,21098,2-s2.0-85083247129
21105,21105,2-s2.0-85083059633
21112,21112,2-s2.0-85082991413
21122,21122,2-s2.0-85082839677
21131,21131,2-s2.0-85082456984
21147,21147,2-s2.0-85082389756
21148,21148,2-s2.0-85082389238
21149,21149,2-s2.0-85082388446
21151,21151,2-s2.0-85082386141
21152,21152,2-s2.0-85082385794
21153,21153,2-s2.0-85082382612
21155,21155,2-s2.0-85082382221
21156,21156,2-s2.0-85082381444
21157,21157,2-s2.0-85082333693
21160,21160,2-s2.0-85082294841
21161,21161,2-s2.0-85082232146
21167,21167,2-s2.0-85082031110
21181,21181,2-s2.0-85081385755
21183,21183,2-s2.0-85081302353
21188,21188,2-s2.0-85081199792
21191,21191,2-s2.0-85080987584
21196,21196,2-s2.0-85080894490
21201,21201,2-s2.0-85080855647
21214,21214,2-s2.0-85079570829
21233,21233,2-s2.0-85079166401
21237,21237,2-s2.0-85079003292
21239,21239,2-s2.0-85078983514
21242,21242,2-s2.0-85078758311
21249,21249,2-s2.0-85078490175
21255,21255,2-s2.0-85078275466
21263,21263,2-s2.0-85078066858
21274,21274,2-s2.0-85077821750
21277,21277,2-s2.0-85077818394
21282,21282,2-s2.0-85077812372
21299,21299,2-s2.0-85077210762
21301,21301,2-s2.0-85077190420
21315,21315,2-s2.0-85075563467
21322,21322,2-s2.0-85074685553
21328,21328,2-s2.0-85073958816
21332,21332,2-s2.0-85072838331
21334,21334,2-s2.0-85072542525
21368,21368,2-s2.0-85064949447
21369,21369,2-s2.0-85064707039
21370,21370,2-s2.0-85064674695
21380,21380,2-s2.0-85059689472
21386,21386,2-s2.0-85049697868
21392,21392,2-s2.0-105013388104
21393,21393,2-s2.0-105013387768
21398,21398,2-s2.0-105013382073
21401,21401,2-s2.0-105013378214
21408,21408,2-s2.0-105013354943
21411,21411,2-s2.0-105013351663
21417,21417,2-s2.0-105013342680
21424,21424,2-s2.0-105013334319
21435,21435,2-s2.0-105013314948
21436,21436,2-s2.0-105013311304
21441,21441,2-s2.0-105013303929
21449,21449,2-s2.0-105013279301
21450,21450,2-s2.0-105013278477
21452,21452,2-s2.0-105013275493
21454,21454,2-s2.0-105013273804
21455,21455,2-s2.0-105013272057
21459,21459,2-s2.0-105013263818
21466,21466,2-s2.0-105013250327
21467,21467,2-s2.0-105013249893
21468,21468,2-s2.0-105013246461
21474,21474,2-s2.0-105013236849
21482,21482,2-s2.0-105013220291
21491,21491,2-s2.0-105013195534
21492,21492,2-s2.0-105013193031
21501,21501,2-s2.0-105013165823
21505,21505,2-s2.0-105013161056
21506,21506,2-s2.0-105013160753
21507,21507,2-s2.0-105013160548
21513,21513,2-s2.0-105002216943
21519,21519,2-s2.0-85077356399
21532,21532,2-s2.0-85078112631
21535,21535,2-s2.0-85078077716
21539,21539,2-s2.0-85078475199
21541,21541,2-s2.0-85078449015
21548,21548,2-s2.0-85077709819
21551,21551,2-s2.0-85077685665
21552,21552,2-s2.0-85077679071
21553,21553,2-s2.0-85078241980
21557,21557,2-s2.0-85077815302
21573,21573,2-s2.0-85076444673
21575,21575,2-s2.0-85076424472
21577,21577,2-s2.0-85076419320
21586,21586,2-s2.0-85122679955
21587,21587,2-s2.0-85122654334
21591,21591,2-s2.0-85107539245
21592,21592,2-s2.0-85102253748
21594,21594,2-s2.0-85096605792
21603,21603,2-s2.0-85096556539
21605,21605,2-s2.0-85096546216
21606,21606,2-s2.0-85096542627
21608,21608,2-s2.0-85096538789
21612,21612,2-s2.0-85094667895
21617,21617,2-s2.0-85087844348
21619,21619,2-s2.0-85086479255
21623,21623,2-s2.0-85084732457
21627,21627,2-s2.0-85084062833
21632,21632,2-s2.0-85081058578
21633,21633,2-s2.0-85080970737
21635,21635,2-s2.0-85080902832
21636,21636,2-s2.0-85080902233
21643,21643,2-s2.0-85078730648
21647,21647,2-s2.0-85077574533
21649,21649,2-s2.0-85077551763
21651,21651,2-s2.0-85077509634
21653,21653,2-s2.0-85077502655
21660,21660,2-s2.0-85076909095
21661,21661,2-s2.0-85076894070
21662,21662,2-s2.0-85076878230
21668,21668,2-s2.0-85076682098
21699,21699,2-s2.0-85073536044
21708,21708,2-s2.0-85070632977
21714,21714,2-s2.0-85068933353
21720,21720,2-s2.0-85066244984
21721,21721,2-s2.0-85066118413
21737,21737,2-s2.0-85056653356
21740,21740,2-s2.0-85055721438
21763,21763,2-s2.0-85078575003
21767,21767,2-s2.0-85078018349
21779,21779,2-s2.0-85076233476
21785,21785,2-s2.0-85076120508
21791,21791,2-s2.0-85076117398
21798,21798,2-s2.0-85076111862
21803,21803,2-s2.0-85076105036
21811,21811,2-s2.0-85076092178
21813,21813,2-s2.0-85076090381
21814,21814,2-s2.0-85076089289
21819,21819,2-s2.0-85076087345
21826,21826,2-s2.0-85077795400
21833,21833,2-s2.0-85077724805
21836,21836,2-s2.0-85077717663
21840,21840,2-s2.0-85077697021
21844,21844,2-s2.0-85077680267
21852,21852,2-s2.0-85070502196
21861,21861,2-s2.0-85075392480
21862,21862,2-s2.0-85075391730
21863,21863,2-s2.0-85075390049
21868,21868,2-s2.0-85075381918
21871,21871,2-s2.0-85075372815
21872,21872,2-s2.0-85075372111
21885,21885,2-s2.0-85075343329
21890,21890,2-s2.0-85075328571
21893,21893,2-s2.0-85076774412
21895,21895,2-s2.0-85076771438
21905,21905,2-s2.0-85075396989
21914,21914,2-s2.0-85075347898
21916,21916,2-s2.0-85075333896
21921,21921,2-s2.0-85076117963
21938,21938,2-s2.0-85185446528
21940,21940,2-s2.0-85089385960
21942,21942,2-s2.0-85082991262
21946,21946,2-s2.0-85082384002
21947,21947,2-s2.0-85081993120
21954,21954,2-s2.0-85080866522
21957,21957,2-s2.0-85079270209
21966,21966,2-s2.0-85078039268
21967,21967,2-s2.0-85077779024
21973,21973,2-s2.0-85075506208
21982,21982,2-s2.0-85075249401
21991,21991,2-s2.0-85074368476
21992,21992,2-s2.0-85074338978
21996,21996,2-s2.0-85074041442
22001,22001,2-s2.0-85073144819
22011,22011,2-s2.0-85069897274
22025,22025,2-s2.0-85055997263
22029,22029,2-s2.0-85043718383
22033,22033,2-s2.0-85081377634
22036,22036,2-s2.0-85074952338
22037,22037,2-s2.0-85074951891
22043,22043,2-s2.0-85074918885
22052,22052,2-s2.0-85080063335
22080,22080,2-s2.0-85075248217
22085,22085,2-s2.0-85075242429
22087,22087,2-s2.0-85075238255
22093,22093,2-s2.0-85075232884
22099,22099,2-s2.0-85075229229
22120,22120,2-s2.0-85075440200
22124,22124,2-s2.0-85075477270
22127,22127,2-s2.0-85075442316
22129,22129,2-s2.0-85075435648
22132,22132,2-s2.0-85075417372
22133,22133,2-s2.0-85054496880
22135,22135,2-s2.0-85064223115
22142,22142,2-s2.0-85073265741
22143,22143,2-s2.0-85073264453
22150,22150,2-s2.0-85073239936
22156,22156,2-s2.0-85073229013
22162,22162,2-s2.0-85073205908
22166,22166,2-s2.0-85073192995
22167,22167,2-s2.0-85073190767
22171,22171,2-s2.0-85071013603
22174,22174,2-s2.0-85075063411
22175,22175,2-s2.0-85074254459
22178,22178,2-s2.0-85071611909
22193,22193,2-s2.0-85150716228
22200,22200,2-s2.0-85091339731
22206,22206,2-s2.0-85084682699
22207,22207,2-s2.0-85084340472
22215,22215,2-s2.0-85082482325
22220,22220,2-s2.0-85082459872
22223,22223,2-s2.0-85082443708
22224,22224,2-s2.0-85082443459
22237,22237,2-s2.0-85081124123
22250,22250,2-s2.0-85079271126
22251,22251,2-s2.0-85079218754
22262,22262,2-s2.0-85078048000
22267,22267,2-s2.0-85077089311
22268,22268,2-s2.0-85077037695
22271,22271,2-s2.0-85075350834
22272,22272,2-s2.0-85075025173
22277,22277,2-s2.0-85074279297
22278,22278,2-s2.0-85074194645
22296,22296,2-s2.0-85073074913
22311,22311,2-s2.0-85067959303
22314,22314,2-s2.0-85067190320
22319,22319,2-s2.0-85065340784
22321,22321,2-s2.0-85064815407
22329,22329,2-s2.0-85055707287
22330,22330,2-s2.0-85054576840
22340,22340,2-s2.0-85177474823
22351,22351,2-s2.0-85086753201
22358,22358,2-s2.0-85070950337
22367,22367,2-s2.0-85012927258
22368,22368,2-s2.0-85069540395
22373,22373,2-s2.0-85072970301
22374,22374,2-s2.0-85072678375
22376,22376,2-s2.0-85072667910
22377,22377,2-s2.0-85072662492
22382,22382,2-s2.0-85072832492
22388,22388,2-s2.0-85072566479
22404,22404,2-s2.0-85144059642
22405,22405,2-s2.0-85115666971
22407,22407,2-s2.0-85097015606
22413,22413,2-s2.0-85087648417
22418,22418,2-s2.0-85081212770
22424,22424,2-s2.0-85078234511
22425,22425,2-s2.0-85078003033
22430,22430,2-s2.0-85077070292
22431,22431,2-s2.0-85076711513
22438,22438,2-s2.0-85074338578
22448,22448,2-s2.0-85073543102
22454,22454,2-s2.0-85073444289
22467,22467,2-s2.0-85071440994
22471,22471,2-s2.0-85070894958
22485,22485,2-s2.0-85067671145
22486,22486,2-s2.0-85067200729
22488,22488,2-s2.0-85064943467
22492,22492,2-s2.0-85061028651
22493,22493,2-s2.0-85052240367
22494,22494,2-s2.0-85042433598
22495,22495,2-s2.0-85042287461
22496,22496,2-s2.0-85040326209
22497,22497,2-s2.0-85072090000
22502,22502,2-s2.0-85072070884
22511,22511,2-s2.0-85065080555
22516,22516,2-s2.0-85072228583
22517,22517,2-s2.0-85072228565
22519,22519,2-s2.0-85072161412
22524,22524,2-s2.0-85050680075
22532,22532,2-s2.0-85071848126
22534,22534,2-s2.0-85067698732
22538,22538,2-s2.0-85066979000
22542,22542,2-s2.0-85077826051
22549,22549,2-s2.0-85087843761
22550,22550,2-s2.0-85087813834
22557,22557,2-s2.0-85074701785
22568,22568,2-s2.0-85073269049
22570,22570,2-s2.0-85073254767
22576,22576,2-s2.0-85073210436
22580,22580,2-s2.0-85071184698
22583,22583,2-s2.0-85070468737
22590,22590,2-s2.0-85068796439
22597,22597,2-s2.0-85065870441
22601,22601,2-s2.0-85063006534
22604,22604,2-s2.0-85059865670
22607,22607,2-s2.0-85055861432
22616,22616,2-s2.0-85096525614
22619,22619,2-s2.0-85069974445
22622,22622,2-s2.0-85072563093
22626,22626,2-s2.0-85056311017
22628,22628,2-s2.0-85067078954
22629,22629,2-s2.0-85070271907
22630,22630,2-s2.0-85070252013
22637,22637,2-s2.0-85066070335
22643,22643,2-s2.0-85063271259
22655,22655,2-s2.0-85070939853
22657,22657,2-s2.0-85070640168
22662,22662,2-s2.0-85068205598
22666,22666,2-s2.0-85065671507
22671,22671,2-s2.0-85063725817
22673,22673,2-s2.0-85060705972
22677,22677,2-s2.0-85070898083
22682,22682,2-s2.0-85151003881
22687,22687,2-s2.0-85085604332
22690,22690,2-s2.0-85080875623
22696,22696,2-s2.0-85075030848
22704,22704,2-s2.0-85072925721
22712,22712,2-s2.0-85071691184
22718,22718,2-s2.0-85070991188
22720,22720,2-s2.0-85070612426
22730,22730,2-s2.0-85068263485
22737,22737,2-s2.0-85067500841
22740,22740,2-s2.0-85066826851
22743,22743,2-s2.0-85064007951
22761,22761,2-s2.0-85123042913
22769,22769,2-s2.0-85068693702
22775,22775,2-s2.0-85068139660
22790,22790,2-s2.0-85097575291
22791,22791,2-s2.0-85097574909
22802,22803,2-s2.0-85078807001
22807,22808,2-s2.0-85078804099
22810,22811,2-s2.0-85078800231
22812,22813,2-s2.0-85078798498
22813,22814,2-s2.0-85078798243
22815,22816,2-s2.0-85078797631
22818,22819,2-s2.0-85078796697
22829,22830,2-s2.0-85078791120
22837,22838,2-s2.0-85078786826
22840,22841,2-s2.0-85078786381
22847,22848,2-s2.0-85078783634
22861,22862,2-s2.0-85078774863
22865,22866,2-s2.0-85078773467
22866,22867,2-s2.0-85078773366
22870,22871,2-s2.0-85078769592
22878,22879,2-s2.0-85078764784
22884,22885,2-s2.0-85078757491
22886,22887,2-s2.0-85078757078
22900,22901,2-s2.0-85078742037
22904,22905,2-s2.0-85078738772
22917,22918,2-s2.0-85078730890
22918,22919,2-s2.0-85078729777
22927,22928,2-s2.0-85078726726
22930,22931,2-s2.0-85078725979
22940,22941,2-s2.0-85078721667
22950,22951,2-s2.0-85070871425
22952,22953,2-s2.0-85067256614
22961,22962,2-s2.0-85057130008
22966,22967,2-s2.0-85047114463
22970,22971,2-s2.0-85067818634
22972,22973,2-s2.0-85060032226
22975,22976,2-s2.0-85067819402
22976,22977,2-s2.0-85067816069
22980,22981,2-s2.0-85048371426
22984,22985,2-s2.0-85164188130
22986,22987,2-s2.0-85067175054
22987,22988,2-s2.0-85111692100
22989,22990,2-s2.0-85081615539
22991,22992,2-s2.0-85078792740
23000,23001,2-s2.0-85072615269
23005,23006,2-s2.0-85071476908
23009,23010,2-s2.0-85070490262
23010,23011,2-s2.0-85070468544
23014,23015,2-s2.0-85069725724
23015,23016,2-s2.0-85069480223
23021,23022,2-s2.0-85068399827
23029,23030,2-s2.0-85066942414
23031,23032,2-s2.0-85066407871
23032,23033,2-s2.0-85066276342
23034,23035,2-s2.0-85065843919
23037,23038,2-s2.0-85065589984
23068,23069,2-s2.0-85057310904
23075,23076,2-s2.0-85049551944
23077,23078,2-s2.0-85077785233
23087,23088,2-s2.0-85052159985
23089,23090,2-s2.0-85067427934
23091,23092,2-s2.0-85071926216
23095,23096,2-s2.0-85061182709
23110,23111,2-s2.0-85063891508
23117,23118,2-s2.0-85066901449
23122,23123,2-s2.0-85081179739
23126,23127,2-s2.0-85071016880
23132,23133,2-s2.0-85063214341
23134,23135,2-s2.0-85062453888
23135,23136,2-s2.0-85060355076
23138,23139,2-s2.0-85055435933
23139,23140,2-s2.0-85048745777
23141,23142,2-s2.0-85066152411
23142,23143,2-s2.0-85065990051
23143,23144,2-s2.0-85065960217
23151,23152,2-s2.0-85106856156
23152,23153,2-s2.0-85106844622
23153,23154,2-s2.0-85106816034
23154,23155,2-s2.0-85106794255
23159,23160,2-s2.0-85080115271
23162,23163,2-s2.0-85074922238
23164,23165,2-s2.0-85073807529
23175,23176,2-s2.0-85070287341
23176,23177,2-s2.0-85070274803
23178,23179,2-s2.0-85069893150
23180,23181,2-s2.0-85069759219
23184,23185,2-s2.0-85068087322
23186,23187,2-s2.0-85067875656
23196,23197,2-s2.0-85065957300
23200,23201,2-s2.0-85065115338
23203,23204,2-s2.0-85063762919
23206,23207,2-s2.0-85062960941
23209,23210,2-s2.0-85061044316
23210,23211,2-s2.0-85060857748
23235,23236,2-s2.0-85065338854
23236,23237,2-s2.0-85065335557
23237,23238,2-s2.0-85065330774
23242,23243,2-s2.0-85065313736
23244,23245,2-s2.0-85065311593
23246,23247,2-s2.0-85065309673
23254,23255,2-s2.0-85065296311
23262,23263,2-s2.0-85067299877
23264,23265,2-s2.0-85065431339
23277,23278,2-s2.0-85052155643
23288,23289,2-s2.0-85096956753
23303,23304,2-s2.0-85063987640
23304,23305,2-s2.0-85061441502
23309,23310,2-s2.0-85065401887
23310,23311,2-s2.0-85065063859
23315,23316,2-s2.0-85063882636
23317,23318,2-s2.0-85063865211
23327,23328,2-s2.0-85058981654
23330,23331,2-s2.0-85057337144
23331,23332,2-s2.0-85053545742
23333,23334,2-s2.0-85052002649
23334,23335,2-s2.0-85049130373
23339,23340,2-s2.0-85041341864
23343,23344,2-s2.0-85104693415
23347,23348,2-s2.0-85086319846
23349,23350,2-s2.0-85074215080
23355,23356,2-s2.0-85070700234
23357,23358,2-s2.0-85069186917
23365,23366,2-s2.0-85067465548
23367,23368,2-s2.0-85067456387
23368,23369,2-s2.0-85067445548
23370,23371,2-s2.0-85067431503
23373,23374,2-s2.0-85067419965
23377,23378,2-s2.0-85066624654
23379,23380,2-s2.0-85065594392
23382,23383,2-s2.0-85065316271
23393,23394,2-s2.0-85059867080
23395,23396,2-s2.0-85059841696
23397,23398,2-s2.0-85059475668
23400,23401,2-s2.0-85058658700
23404,23405,2-s2.0-85054197130
23405,23406,2-s2.0-85053543515
23408,23409,2-s2.0-85050493115
23414,23415,2-s2.0-85063907958
23437,23438,2-s2.0-85060661511
23451,23452,2-s2.0-85042112889
23455,23456,2-s2.0-85064405369
23457,23458,2-s2.0-85063912718
23476,23477,2-s2.0-85063391818
23477,23478,2-s2.0-85063390470
23481,23482,2-s2.0-85063388692
23483,23484,2-s2.0-85063384473
23486,23487,2-s2.0-85063381110
23488,23489,2-s2.0-85063380123
23493,23494,2-s2.0-85063369978
23505,23506,2-s2.0-85061183718
23508,23509,2-s2.0-85063095597
23509,23510,2-s2.0-85063092129
23522,23523,2-s2.0-85064334334
23527,23528,2-s2.0-85063904009
23537,23538,2-s2.0-85054394268
23542,23543,2-s2.0-85118658907
23543,23544,2-s2.0-85106696543
23545,23546,2-s2.0-85087922540
23551,23552,2-s2.0-85075017362
23555,23556,2-s2.0-85075008291
23561,23562,2-s2.0-85074997294
23562,23563,2-s2.0-85074996926
23563,23564,2-s2.0-85074995597
23571,23572,2-s2.0-85074972242
23575,23576,2-s2.0-85074968201
23584,23585,2-s2.0-85074354612
23589,23590,2-s2.0-85068595684
23595,23596,2-s2.0-85067593866
23596,23597,2-s2.0-85067502506
23600,23601,2-s2.0-85065540360
23601,23602,2-s2.0-85065310024
23607,23608,2-s2.0-85063678405
23610,23611,2-s2.0-85063089797
23615,23616,2-s2.0-85062209155
23632,23633,2-s2.0-85054370079
23640,23641,2-s2.0-85048445680
23644,23645,2-s2.0-85045432185
23647,23648,2-s2.0-85043707592
23649,23650,2-s2.0-85040519901
23653,23654,2-s2.0-85064354617
23655,23656,2-s2.0-85064342669
23670,23671,2-s2.0-85061108097
23678,23679,2-s2.0-85061802612
23679,23680,2-s2.0-85061784327
23681,23682,2-s2.0-85055989318
23687,23688,2-s2.0-85061595826
23700,23701,2-s2.0-85061158287
23703,23704,2-s2.0-85061138711
23705,23706,2-s2.0-85061386953
23715,23716,2-s2.0-85064254445
23720,23721,2-s2.0-85061904403
23725,23726,2-s2.0-85059696980
23733,23734,2-s2.0-85058467603
23739,23740,2-s2.0-85055988974
23746,23747,2-s2.0-85047326474
23750,23751,2-s2.0-85020502648
23758,23759,2-s2.0-85058113931
23765,23766,2-s2.0-85062471363
23772,23773,2-s2.0-85085384300
23788,23789,2-s2.0-85063144718
23789,23790,2-s2.0-85062274450
23792,23793,2-s2.0-85061086173
23794,23795,2-s2.0-85061058747
23795,23796,2-s2.0-85060954912
23799,23800,2-s2.0-85059738413
23828,23829,2-s2.0-85182754853
23830,23831,2-s2.0-85180809274
23832,23833,2-s2.0-85180797513
23840,23841,2-s2.0-85180769902
23849,23850,2-s2.0-85180738142
23854,23855,2-s2.0-85180632347
23855,23856,2-s2.0-85180626982
23856,23857,2-s2.0-85180625653
23864,23865,2-s2.0-85173795757
23871,23872,2-s2.0-85163748144
23874,23875,2-s2.0-85158950879
23886,23887,2-s2.0-85150708963
23896,23897,2-s2.0-85149588747
23897,23898,2-s2.0-85149588116
23904,23905,2-s2.0-85149492937
23906,23907,2-s2.0-85149099671
23916,23917,2-s2.0-85145228809
23917,23918,2-s2.0-85144215485
23923,23924,2-s2.0-85142071429
23924,23925,2-s2.0-85142063944
23925,23926,2-s2.0-85142060118
23928,23929,2-s2.0-85141649696
23932,23933,2-s2.0-85141557283
23933,23934,2-s2.0-85141553610
23936,23937,2-s2.0-85141529656
23937,23938,2-s2.0-85141476663
23938,23939,2-s2.0-85141472008
23952,23953,2-s2.0-85140544718
23953,23954,2-s2.0-85140511609
23955,23956,2-s2.0-85139401477
23966,23967,2-s2.0-85133997887
23969,23970,2-s2.0-85133995151
23972,23973,2-s2.0-85133991187
23974,23975,2-s2.0-85133989411
23984,23985,2-s2.0-85129107054
23987,23988,2-s2.0-85128787353
23998,23999,2-s2.0-85124427346
24010,24011,2-s2.0-85118808828
24016,24017,2-s2.0-85117619692
24019,24020,2-s2.0-85116837089
24022,24023,2-s2.0-85115798623
24027,24028,2-s2.0-85114047879
24037,24038,2-s2.0-85111565555
24040,24041,2-s2.0-85109627829
24042,24043,2-s2.0-85107646067
24044,24045,2-s2.0-85106411566
24049,24050,2-s2.0-85105114727
24064,24065,2-s2.0-85101622029
24066,24067,2-s2.0-85100886051
24070,24071,2-s2.0-85100413297
24079,24080,2-s2.0-85099168644
24087,24088,2-s2.0-85098009570
24089,24090,2-s2.0-85097993103
24090,24091,2-s2.0-85097987083
24094,24095,2-s2.0-85097353231
24098,24099,2-s2.0-85095518655
24101,24102,2-s2.0-85094642025
24104,24105,2-s2.0-85093362188
24112,24113,2-s2.0-85092173273
24120,24121,2-s2.0-85090953144
24124,24125,2-s2.0-85090237873
24128,24129,2-s2.0-85088520812
24133,24134,2-s2.0-85087731244
24161,24162,2-s2.0-85085450960
24165,24166,2-s2.0-85085168641
24166,24167,2-s2.0-85085167874
24171,24172,2-s2.0-85084877431
24179,24180,2-s2.0-85083947269
24180,24181,2-s2.0-85083941952
24181,24182,2-s2.0-85083700359
24186,24187,2-s2.0-85083472773
24193,24194,2-s2.0-85083178394
24195,24196,2-s2.0-85083098931
24198,24199,2-s2.0-85082874544
24199,24200,2-s2.0-85082853166
24200,24201,2-s2.0-85082679063
24214,24215,2-s2.0-85082523334
24224,24225,2-s2.0-85082259252
24226,24227,2-s2.0-85082063665
24228,24229,2-s2.0-85081917698
24229,24230,2-s2.0-85081907725
24244,24245,2-s2.0-85081170778
24251,24252,2-s2.0-85080124404
24261,24262,2-s2.0-85079431013
24262,24263,2-s2.0-85079421262
24265,24266,2-s2.0-85079412107
24276,24277,2-s2.0-85079366919
24279,24280,2-s2.0-85079198752
24281,24282,2-s2.0-85079197328
24286,24287,2-s2.0-85079167104
24287,24288,2-s2.0-85079156408
24295,24296,2-s2.0-85079128084
24296,24297,2-s2.0-85079127698
24297,24298,2-s2.0-85079122788
24307,24308,2-s2.0-85078960982
24313,24314,2-s2.0-85078850177
24314,24315,2-s2.0-85078809685
24324,24325,2-s2.0-85078695026
24328,24329,2-s2.0-85078540171
24342,24343,2-s2.0-85078256393
24356,24357,2-s2.0-85077974840
24358,24359,2-s2.0-85077910540
24361,24362,2-s2.0-85077846797
24366,24367,2-s2.0-85077816917
24367,24368,2-s2.0-85077811386
24372,24373,2-s2.0-85077561558
24373,24374,2-s2.0-85077529268
24374,24375,2-s2.0-85077509732
24386,24387,2-s2.0-85077294242
24388,24389,2-s2.0-85077267331
24390,24391,2-s2.0-85077240809
24395,24396,2-s2.0-85077115910
24401,24402,2-s2.0-85076862277
24402,24403,2-s2.0-85076856025
24404,24405,2-s2.0-85076827199
24405,24406,2-s2.0-85076785913
24407,24408,2-s2.0-85076542350
24410,24411,2-s2.0-85076534635
24420,24421,2-s2.0-85076342758
24426,24427,2-s2.0-85076257272
24429,24430,2-s2.0-85076091187
24435,24436,2-s2.0-85075952646
24436,24437,2-s2.0-85075935976
24437,24438,2-s2.0-85075855464
24438,24439,2-s2.0-85075823903
24442,24443,2-s2.0-85075691457
24444,24445,2-s2.0-85075613375
24446,24447,2-s2.0-85075582005
24451,24452,2-s2.0-85075285765
24455,24456,2-s2.0-85075276573
24464,24465,2-s2.0-85075028416
24466,24467,2-s2.0-85075012413
24469,24470,2-s2.0-85075004703
24481,24482,2-s2.0-85074842288
24484,24485,2-s2.0-85074761589
24486,24487,2-s2.0-85074700429
24500,24501,2-s2.0-85074335233
24503,24504,2-s2.0-85074251764
24511,24512,2-s2.0-85074130540
24524,24525,2-s2.0-85073854110
24527,24528,2-s2.0-85073762093
24530,24531,2-s2.0-85073723538
24543,24544,2-s2.0-85073623688
24544,24545,2-s2.0-85073607566
24552,24553,2-s2.0-85073497606
24553,24554,2-s2.0-85073456893
24561,24562,2-s2.0-85073364738
24571,24572,2-s2.0-85073322525
24577,24578,2-s2.0-85073164031
24592,24593,2-s2.0-85072998707
24602,24603,2-s2.0-85072914609
24609,24610,2-s2.0-85072808387
24611,24612,2-s2.0-85072806409
24622,24623,2-s2.0-85072733255
24629,24630,2-s2.0-85072522210
24634,24635,2-s2.0-85072334780
24635,24636,2-s2.0-85072326206
24640,24641,2-s2.0-85072294842
24650,24651,2-s2.0-85071730378
24665,24666,2-s2.0-85071482888
24667,24668,2-s2.0-85071458689
24668,24669,2-s2.0-85071458208
24685,24686,2-s2.0-85071196085
24689,24690,2-s2.0-85071130181
24692,24693,2-s2.0-85071056941
24701,24702,2-s2.0-85070919295
24707,24708,2-s2.0-85070878194
24710,24711,2-s2.0-85070861121
24713,24714,2-s2.0-85070839585
24715,24716,2-s2.0-85070830984
24724,24725,2-s2.0-85070792104
24725,24726,2-s2.0-85070722549
24726,24727,2-s2.0-85070718223
24727,24728,2-s2.0-85070702556
24734,24735,2-s2.0-85070577746
24736,24737,2-s2.0-85070537036
24744,24745,2-s2.0-85070026532
24750,24751,2-s2.0-85069872556
24783,24784,2-s2.0-85069488357
24791,24792,2-s2.0-85069450269
24799,24800,2-s2.0-85069430941
24808,24809,2-s2.0-85069152603
24815,24816,2-s2.0-85068794214
24818,24819,2-s2.0-85068766510
24819,24820,2-s2.0-85068744453
24821,24822,2-s2.0-85068742216
24827,24828,2-s2.0-85068614465
24828,24829,2-s2.0-85068608954
24840,24841,2-s2.0-85068341169
24848,24849,2-s2.0-85068238879
24858,24859,2-s2.0-85067925996
24872,24873,2-s2.0-85067548016
24874,24875,2-s2.0-85067396439
24877,24878,2-s2.0-85067349551
24885,24886,2-s2.0-85067133095
24886,24887,2-s2.0-85067131719
24903,24904,2-s2.0-85067093933
24919,24920,2-s2.0-85066880073
24922,24923,2-s2.0-85066828664
24929,24930,2-s2.0-85066494272
24933,24934,2-s2.0-85066459745
24935,24936,2-s2.0-85066424890
24939,24940,2-s2.0-85066332910
24944,24945,2-s2.0-85066300279
24947,24948,2-s2.0-85066086649
24951,24952,2-s2.0-85066039748
24968,24969,2-s2.0-85065550419
24969,24970,2-s2.0-85065550296
24973,24974,2-s2.0-85065525593
24982,24983,2-s2.0-85065424469
24985,24986,2-s2.0-85065325582
24991,24992,2-s2.0-85065255873
24995,24996,2-s2.0-85065231370
24998,24999,2-s2.0-85065222156
25001,25002,2-s2.0-85065199151
25013,25014,2-s2.0-85064991863
25019,25020,2-s2.0-85064738054
25020,25021,2-s2.0-85064689321
25023,25024,2-s2.0-85064650160
25036,25037,2-s2.0-85064167146
25041,25042,2-s2.0-85064049285
25048,25049,2-s2.0-85063808482
25049,25050,2-s2.0-85063791582
25055,25056,2-s2.0-85063696788
25064,25065,2-s2.0-85063427740
25069,25070,2-s2.0-85063271425
25071,25072,2-s2.0-85063191164
25076,25077,2-s2.0-85063038148
25086,25087,2-s2.0-85062299151
25087,25088,2-s2.0-85062208207
25089,25090,2-s2.0-85062182413
25101,25102,2-s2.0-85061382656
25108,25109,2-s2.0-85060689025
25128,25129,2-s2.0-85058975588
25131,25132,2-s2.0-85058533683
25144,25145,2-s2.0-85056222219
25145,25146,2-s2.0-85055978153
25161,25162,2-s2.0-85054177287
25181,25182,2-s2.0-85047464977
25187,25188,2-s2.0-85045247488
25193,25194,2-s2.0-85041530389
25195,25196,2-s2.0-85038418249
25196,25197,2-s2.0-85029384127
25207,25208,2-s2.0-105009786426
25212,25213,2-s2.0-105000383963
25214,25215,2-s2.0-85122112060
25215,25216,2-s2.0-85062871808
25216,25217,2-s2.0-85062916864
25221,25222,2-s2.0-85061513150
25237,25238,2-s2.0-85060868539
25243,25244,2-s2.0-85060992611
25247,25248,2-s2.0-85058238379
25249,25250,2-s2.0-85060392467
25266,25267,2-s2.0-85069797127
25267,25268,2-s2.0-85069786361
25271,25272,2-s2.0-85058364660
25273,25274,2-s2.0-85058300680
25274,25275,2-s2.0-85058288953
25276,25277,2-s2.0-85060601349
25289,25290,2-s2.0-85092491018
25296,25297,2-s2.0-85070401137
25302,25303,2-s2.0-85063730767
25304,25305,2-s2.0-85062729474
25308,25309,2-s2.0-85061236699
25309,25310,2-s2.0-85061198025
25318,25319,2-s2.0-85060689693
25320,25321,2-s2.0-85059349017
25326,25327,2-s2.0-85058653369
25327,25328,2-s2.0-85058646543
25339,25340,2-s2.0-85056646889
25342,25343,2-s2.0-85056604633
25343,25344,2-s2.0-85056559320
25345,25346,2-s2.0-85056130246
25352,25353,2-s2.0-85055855339
25360,25361,2-s2.0-85055540695
25363,25364,2-s2.0-85055076606
25364,25365,2-s2.0-85055075069
25376,25377,2-s2.0-85051732526
25377,25378,2-s2.0-85051713496
25385,25386,2-s2.0-85048000190
25391,25392,2-s2.0-85045093437
25392,25393,2-s2.0-85044501642
25396,25397,2-s2.0-85042133348
25398,25399,2-s2.0-85041528189
25399,25400,2-s2.0-85040787566
25401,25402,2-s2.0-85034587707
25405,25406,2-s2.0-85030103535
25407,25408,2-s2.0-85024409089
25408,25409,2-s2.0-85017500792
25416,25417,2-s2.0-85058634926
25423,25424,2-s2.0-85060044328
25424,25425,2-s2.0-85060042798
25425,25426,2-s2.0-85060039748
25430,25431,2-s2.0-85060010719
25438,25439,2-s2.0-85044471870
25444,25445,2-s2.0-85059392559
25445,25446,2-s2.0-85057288761
25446,25447,2-s2.0-85059038163
25457,25458,2-s2.0-85061252983
25459,25460,2-s2.0-85058053757
25460,25461,2-s2.0-85058016627
25465,25466,2-s2.0-85046811427
25467,25468,2-s2.0-85041606877
25469,25470,2-s2.0-85015160070
25472,25473,2-s2.0-85089512268
25474,25475,2-s2.0-85071572916
25476,25477,2-s2.0-85067893739
25477,25478,2-s2.0-85063790356
25481,25482,2-s2.0-85063189986
25482,25483,2-s2.0-85061665318
25489,25490,2-s2.0-85058975991
25494,25495,2-s2.0-85058675828
25495,25496,2-s2.0-85058656315
25498,25499,2-s2.0-85058058697
25502,25503,2-s2.0-85057249653
25503,25504,2-s2.0-85056646063
25508,25509,2-s2.0-85055795639
25518,25519,2-s2.0-85054634887
25524,25525,2-s2.0-85054077100
25528,25529,2-s2.0-85051497373
25539,25540,2-s2.0-85046800508
25543,25544,2-s2.0-85044930787
25550,25551,2-s2.0-85029589795
25551,25552,2-s2.0-85027711075
25554,25555,2-s2.0-85064638436
25561,25562,2-s2.0-85057160528
25579,25580,2-s2.0-85055336854
25581,25582,2-s2.0-85055332458
25584,25585,2-s2.0-85055329603
25587,25588,2-s2.0-85055321165
25603,25604,2-s2.0-85056696181
25605,25606,2-s2.0-85062948009
25610,25611,2-s2.0-85021825583
25616,25617,2-s2.0-85055731605
25618,25619,2-s2.0-85053433848
25623,25624,2-s2.0-85087781139
25629,25630,2-s2.0-85071046757
25633,25634,2-s2.0-85063294574
25641,25642,2-s2.0-85060894991
25654,25655,2-s2.0-85055830310
25655,25656,2-s2.0-85055714960
25665,25666,2-s2.0-85054374700
25672,25673,2-s2.0-85052570712
25676,25677,2-s2.0-85051381000
25678,25679,2-s2.0-85050360870
25691,25692,2-s2.0-105002986348
25696,25697,2-s2.0-85055644838
25700,25701,2-s2.0-85054183008
25705,25706,2-s2.0-85055530491
25710,25711,2-s2.0-85055447805
25714,25715,2-s2.0-85055440959
25724,25725,2-s2.0-85055415328
25725,25726,2-s2.0-85055411900
25726,25727,2-s2.0-85055411811
25727,25728,2-s2.0-85055411514
25735,25736,2-s2.0-85054035583
25736,25737,2-s2.0-85054020775
25742,25743,2-s2.0-85038409107
25746,25747,2-s2.0-85061259384
25759,25760,2-s2.0-85079703353
25762,25763,2-s2.0-85063812787
25768,25769,2-s2.0-85061206576
25774,25775,2-s2.0-85059557884
25777,25778,2-s2.0-85058434745
25778,25779,2-s2.0-85057549230
25779,25780,2-s2.0-85056445549
25782,25783,2-s2.0-85055478124
25785,25786,2-s2.0-85054740349
25789,25790,2-s2.0-85054384009
25799,25800,2-s2.0-85053839343
25801,25802,2-s2.0-85053801070
25804,25805,2-s2.0-85053338413
25805,25806,2-s2.0-85053243362
25809,25810,2-s2.0-85053200189
25810,25811,2-s2.0-85053196704
25815,25816,2-s2.0-85052650618
25817,25818,2-s2.0-85052318629
25823,25824,2-s2.0-85050759637
25826,25827,2-s2.0-85049870247
25829,25830,2-s2.0-85049596409
25830,25831,2-s2.0-85049317253
25835,25836,2-s2.0-85047430709
25836,25837,2-s2.0-85047409860
25837,25838,2-s2.0-85047072206
25838,25839,2-s2.0-85046743359
25846,25847,2-s2.0-85040638294
25855,25856,2-s2.0-85020504425
25868,25869,2-s2.0-85058879773
25886,25887,2-s2.0-85063248712
25887,25888,2-s2.0-85063248708
25889,25890,2-s2.0-85063248510
25901,25902,2-s2.0-85051553730
25903,25904,2-s2.0-85051535473
25909,25910,2-s2.0-85064344117
25910,25911,2-s2.0-85052521152
25914,25915,2-s2.0-85052491255
25926,25927,2-s2.0-85051292570
25930,25931,2-s2.0-85059904795
25941,25942,2-s2.0-85051139821
25943,25944,2-s2.0-85051124872
25961,25962,2-s2.0-85049419860
25964,25965,2-s2.0-85048366912
25966,25967,2-s2.0-85047621365
25976,25977,2-s2.0-85042072827
25977,25978,2-s2.0-85021139796
25984,25985,2-s2.0-85096636989
25985,25986,2-s2.0-85051240516
25988,25989,2-s2.0-85059227966
25992,25993,2-s2.0-85083472759
25997,25998,2-s2.0-85063205292
26001,26002,2-s2.0-85064098148
26005,26006,2-s2.0-85062639554
26008,26009,2-s2.0-85049122354
26010,26011,2-s2.0-85048779544
26012,26013,2-s2.0-85048762047
26016,26017,2-s2.0-85040998923
26017,26018,2-s2.0-85034102809
26019,26020,2-s2.0-85031418761
26020,26021,2-s2.0-85031407221
26022,26023,2-s2.0-84981502667
26029,26030,2-s2.0-85046996842
26035,26036,2-s2.0-85038004626
26042,26043,2-s2.0-85065980053
26047,26048,2-s2.0-85065168181
26058,26059,2-s2.0-85063530518
26059,26060,2-s2.0-85063526882
26060,26061,2-s2.0-85063521241
26062,26063,2-s2.0-85063513238
26063,26064,2-s2.0-85063490120
26074,26075,2-s2.0-85063442262
26075,26076,2-s2.0-85063430336
26080,26081,2-s2.0-85062865409
26085,26086,2-s2.0-85062734825
26088,26089,2-s2.0-85062723444
26091,26092,2-s2.0-85062715635
26103,26104,2-s2.0-85062076147
26106,26107,2-s2.0-85062056270
26111,26112,2-s2.0-85051228540
26115,26116,2-s2.0-85077660481
26122,26123,2-s2.0-85061394228
26123,26124,2-s2.0-85061392194
26139,26140,2-s2.0-85051033871
26144,26145,2-s2.0-85050488275
26146,26147,2-s2.0-85049905169
26147,26148,2-s2.0-85049742075
26148,26149,2-s2.0-85049314717
26151,26152,2-s2.0-85048934349
26152,26153,2-s2.0-85048926227
26154,26155,2-s2.0-85048638949
26156,26157,2-s2.0-85048349184
26161,26162,2-s2.0-85047079916
26164,26165,2-s2.0-85046378550
26178,26179,2-s2.0-85038614492
26180,26181,2-s2.0-85033381654
26185,26186,2-s2.0-85055343151
26204,26205,2-s2.0-85051234714
26209,26210,2-s2.0-85051226858
26213,26214,2-s2.0-85051216817
26214,26215,2-s2.0-85051213338
26221,26222,2-s2.0-85051193989
26236,26237,2-s2.0-85051172083
26238,26239,2-s2.0-85051170386
26245,26246,2-s2.0-85049558010
26248,26249,2-s2.0-85051567974
26249,26250,2-s2.0-85051540794
26251,26252,2-s2.0-85051454723
26252,26253,2-s2.0-85050113795
26254,26255,2-s2.0-85053708657
26257,26258,2-s2.0-85050148448
26262,26263,2-s2.0-85048896989
26263,26264,2-s2.0-85048892613
26276,26277,2-s2.0-85049930774
26278,26279,2-s2.0-85052099020
26284,26285,2-s2.0-85048892838
26289,26290,2-s2.0-85064744742
26291,26292,2-s2.0-85064735059
26300,26301,2-s2.0-85061191859
26301,26302,2-s2.0-85061190136
26327,26328,2-s2.0-85048695184
26346,26347,2-s2.0-85044293218
26349,26350,2-s2.0-85044017600
26351,26352,2-s2.0-85042684632
26352,26353,2-s2.0-85042391260
26353,26354,2-s2.0-85042362365
26357,26358,2-s2.0-85041505818
26362,26363,2-s2.0-85038082197
26374,26375,2-s2.0-84999006508
26388,26389,2-s2.0-85015963813
26390,26391,2-s2.0-85054827507
26391,26392,2-s2.0-85048315119
26392,26393,2-s2.0-85048142440
26394,26395,2-s2.0-85048138587
26395,26396,2-s2.0-85048134479
26396,26397,2-s2.0-85048126994
26399,26400,2-s2.0-85048120595
26402,26403,2-s2.0-85048115803
26417,26418,2-s2.0-85048092212
26419,26420,2-s2.0-85048089874
26423,26424,2-s2.0-85048077852
26443,26444,2-s2.0-85048059518
26458,26459,2-s2.0-85048046139
26465,26466,2-s2.0-85048036283
26472,26473,2-s2.0-85048033563
26473,26474,2-s2.0-85048031232
26480,26481,2-s2.0-85049299457
26481,26482,2-s2.0-85048376864
26482,26483,2-s2.0-85048359701
26488,26489,2-s2.0-85052120421
26489,26490,2-s2.0-85052099801
26495,26496,2-s2.0-85049470921
26497,26498,2-s2.0-85048759400
26502,26503,2-s2.0-85041632477
26509,26510,2-s2.0-85042929857
26532,26533,2-s2.0-85047460844
26542,26543,2-s2.0-85045769655
26546,26547,2-s2.0-85044114462
26554,26555,2-s2.0-85040371543
26556,26557,2-s2.0-85033473273
26558,26559,2-s2.0-85027064471
26564,26565,2-s2.0-85096789007
26572,26573,2-s2.0-85078745867
26577,26578,2-s2.0-85047425940
26597,26598,2-s2.0-85031816104
26598,26599,2-s2.0-85030167902
26604,26605,2-s2.0-85046336105
26605,26606,2-s2.0-85048137662
26606,26607,2-s2.0-85048135816
26607,26608,2-s2.0-85048123194
26627,26628,2-s2.0-85046602057
26628,26629,2-s2.0-85045693332
26631,26632,2-s2.0-85045680419
26634,26635,2-s2.0-85045676167
26636,26637,2-s2.0-85045665974
26641,26642,2-s2.0-85045656719
26646,26647,2-s2.0-85045645945
26648,26649,2-s2.0-85045641070
26651,26652,2-s2.0-85045632278
26653,26654,2-s2.0-85045627035
26662,26663,2-s2.0-85045463081
26663,26664,2-s2.0-85045078115
26665,26666,2-s2.0-85044310462
26668,26669,2-s2.0-85043329289
26687,26688,2-s2.0-85073015320
26688,26689,2-s2.0-85069518042
26694,26695,2-s2.0-85060810739
26696,26697,2-s2.0-85060751456
26713,26714,2-s2.0-85044506965
26715,26716,2-s2.0-85044397112
26717,26718,2-s2.0-85044299979
26719,26720,2-s2.0-85043465918
26723,26724,2-s2.0-85041123842
26729,26730,2-s2.0-85021202547
26731,26732,2-s2.0-85011565750
26737,26738,2-s2.0-84970046727
26754,26755,2-s2.0-85046816269
26758,26759,2-s2.0-85041352860
26759,26760,2-s2.0-85011317398
26763,26764,2-s2.0-85044017140
26784,26785,2-s2.0-85046607175
26786,26787,2-s2.0-85117311087
26807,26808,2-s2.0-85050386067
26829,26830,2-s2.0-85044192635
26830,26831,2-s2.0-85043784585
26832,26833,2-s2.0-85043313161
26836,26837,2-s2.0-85042086257
26840,26841,2-s2.0-85041749704
26843,26844,2-s2.0-85041712722
26851,26852,2-s2.0-85040626306
26857,26858,2-s2.0-85037972222
26863,26864,2-s2.0-85033662762
26866,26867,2-s2.0-85027870145
26869,26870,2-s2.0-85018887007
26876,26877,2-s2.0-85050951952
26877,26878,2-s2.0-85050950845
26885,26886,2-s2.0-85050930262
26891,26892,2-s2.0-85050917779
26892,26893,2-s2.0-85050917249
26895,26896,2-s2.0-85050909101
26910,26911,2-s2.0-85046091236
26913,26914,2-s2.0-85046079853
26918,26919,2-s2.0-85046024663
26921,26922,2-s2.0-85044425010
26922,26923,2-s2.0-85044413652
26942,26943,2-s2.0-85042300845
26948,26949,2-s2.0-85042279479
26950,26951,2-s2.0-85042276439
26952,26953,2-s2.0-85042272209
26958,26959,2-s2.0-85042259575
26994,26995,2-s2.0-85042069233
27000,27001,2-s2.0-85054314682
27004,27005,2-s2.0-85046767075
27007,27008,2-s2.0-85044325953
27012,27013,2-s2.0-85042680372
27018,27019,2-s2.0-85041751058
27025,27026,2-s2.0-85038887587
27026,27027,2-s2.0-85038407106
27031,27032,2-s2.0-85034087814
27038,27039,2-s2.0-85028531118
27044,27045,2-s2.0-85010737682
27049,27050,2-s2.0-84964453155
27051,27052,2-s2.0-85041032959
27052,27053,2-s2.0-85041181177
27053,27054,2-s2.0-85041687292
27054,27055,2-s2.0-85041677336
27055,27056,2-s2.0-85041650688
27063,27064,2-s2.0-85040962704
27076,27077,2-s2.0-85040995909
27081,27082,2-s2.0-85040980375
27093,27094,2-s2.0-85047270764
27095,27096,2-s2.0-85041006976
27097,27098,2-s2.0-85040980597
27098,27099,2-s2.0-85040976732
27102,27103,2-s2.0-85040963536
27105,27106,2-s2.0-85048283016
27108,27109,2-s2.0-85045064408
27118,27119,2-s2.0-85038555931
27128,27129,2-s2.0-85021424328
27144,27145,2-s2.0-85218735965
27150,27151,2-s2.0-85162616698
27161,27162,2-s2.0-85146550632
27169,27170,2-s2.0-85140700746
27179,27180,2-s2.0-85137315576
27187,27188,2-s2.0-85126499812
27189,27190,2-s2.0-85120950455
27190,27191,2-s2.0-85115914272
27195,27196,2-s2.0-85107706196
27199,27200,2-s2.0-85102176693
27200,27201,2-s2.0-85102010481
27203,27204,2-s2.0-85097994932
27226,27227,2-s2.0-85086397612
27231,27232,2-s2.0-85085465655
27236,27237,2-s2.0-85085428277
27238,27239,2-s2.0-85085417906
27243,27244,2-s2.0-85083501346
27250,27251,2-s2.0-85082575332
27253,27254,2-s2.0-85082524651
27257,27258,2-s2.0-85082376510
27267,27268,2-s2.0-85078714749
27270,27271,2-s2.0-85077855479
27272,27273,2-s2.0-85077247639
27280,27281,2-s2.0-85074076642
27282,27283,2-s2.0-85072732894
27298,27299,2-s2.0-85071000105
27299,27300,2-s2.0-85070997345
27306,27307,2-s2.0-85069431660
27310,27311,2-s2.0-85069167686
27317,27318,2-s2.0-85068428086
27318,27319,2-s2.0-85068096098
27319,27320,2-s2.0-85068001298
27323,27324,2-s2.0-85067813562
27348,27349,2-s2.0-85065323310
27352,27353,2-s2.0-85065312781
27362,27363,2-s2.0-85065290854
27377,27378,2-s2.0-85064608149
27382,27383,2-s2.0-85064342125
27383,27384,2-s2.0-85064332244
27385,27386,2-s2.0-85064125011
27393,27394,2-s2.0-85063641358
27396,27397,2-s2.0-85063635343
27401,27402,2-s2.0-85063616446
27408,27409,2-s2.0-85063530434
27420,27421,2-s2.0-85063350978
27429,27430,2-s2.0-85063251963
27436,27437,2-s2.0-85062573111
27439,27440,2-s2.0-85062510834
27443,27444,2-s2.0-85062455348
27447,27448,2-s2.0-85062187668
27452,27453,2-s2.0-85061966858
27463,27464,2-s2.0-85061725013
27466,27467,2-s2.0-85061658763
27476,27477,2-s2.0-85061309736
27480,27481,2-s2.0-85061243693
27482,27483,2-s2.0-85061237077
27488,27489,2-s2.0-85061051819
27499,27500,2-s2.0-85060633452
27500,27501,2-s2.0-85060625569
27510,27511,2-s2.0-85060538069
27512,27513,2-s2.0-85060521729
27516,27517,2-s2.0-85060476783
27518,27519,2-s2.0-85060387647
27519,27520,2-s2.0-85060348907
27532,27533,2-s2.0-85060270513
27533,27534,2-s2.0-85060203465
27535,27536,2-s2.0-85060064863
27537,27538,2-s2.0-85060013345
27544,27545,2-s2.0-85059639168
27547,27548,2-s2.0-85059618285
27548,27549,2-s2.0-85059614996
27549,27550,2-s2.0-85059587084
27553,27554,2-s2.0-85059366410
27585,27586,2-s2.0-85058192322
27589,27590,2-s2.0-85058160375
27596,27597,2-s2.0-85057985551
27607,27608,2-s2.0-85057620541
27609,27610,2-s2.0-85057587322
27613,27614,2-s2.0-85057447437
27615,27616,2-s2.0-85057385269
27619,27620,2-s2.0-85057204826
27630,27631,2-s2.0-85056656626
27634,27635,2-s2.0-85056502152
27636,27637,2-s2.0-85056473659
27638,27639,2-s2.0-85056458927
27641,27642,2-s2.0-85056402828
27642,27643,2-s2.0-85056253197
27643,27644,2-s2.0-85056173026
27647,27648,2-s2.0-85056128484
27650,27651,2-s2.0-85056095247
27653,27654,2-s2.0-85055954335
27657,27658,2-s2.0-85055725742
27660,27661,2-s2.0-85055723026
27664,27665,2-s2.0-85055707900
27665,27666,2-s2.0-85055703583
27666,27667,2-s2.0-85055702048
27673,27674,2-s2.0-85055687731
27682,27683,2-s2.0-85055673913
27693,27694,2-s2.0-85055427845
27705,27706,2-s2.0-85054896687
27707,27708,2-s2.0-85054818911
27708,27709,2-s2.0-85054692002
27711,27712,2-s2.0-85054653921
27719,27720,2-s2.0-85054613001
27720,27721,2-s2.0-85054601813
27728,27729,2-s2.0-85054099746
27730,27731,2-s2.0-85053937280
27740,27741,2-s2.0-85053856860
27742,27743,2-s2.0-85053846618
27743,27744,2-s2.0-85053830054
27748,27749,2-s2.0-85053396058
27750,27751,2-s2.0-85053196113
27754,27755,2-s2.0-85053127221
27768,27769,2-s2.0-85052565564
27770,27771,2-s2.0-85052301367
27772,27773,2-s2.0-85051919688
27780,27781,2-s2.0-85051211172
27788,27789,2-s2.0-85050931198
27807,27808,2-s2.0-85049991586
27808,27809,2-s2.0-85049966307
27809,27810,2-s2.0-85049960800
27829,27830,2-s2.0-85049512780
27833,27834,2-s2.0-85049358946
27835,27836,2-s2.0-85049248896
27838,27839,2-s2.0-85049091338
27842,27843,2-s2.0-85048917062
27845,27846,2-s2.0-85048825150
27849,27850,2-s2.0-85048798605
27850,27851,2-s2.0-85048791045
27853,27854,2-s2.0-85048764716
27855,27856,2-s2.0-85048756104
27864,27865,2-s2.0-85048564863
27867,27868,2-s2.0-85048550265
27871,27872,2-s2.0-85048371815
27873,27874,2-s2.0-85048363690
27878,27879,2-s2.0-85048337339
27882,27883,2-s2.0-85048217907
27888,27889,2-s2.0-85047855843
27889,27890,2-s2.0-85047827573
27890,27891,2-s2.0-85047777315
27893,27894,2-s2.0-85047756110
27898,27899,2-s2.0-85047648968
27900,27901,2-s2.0-85047623608
27903,27904,2-s2.0-85047550755
27914,27915,2-s2.0-85047331721
27923,27924,2-s2.0-85046707145
27933,27934,2-s2.0-85046344118
27941,27942,2-s2.0-85045954942
27942,27943,2-s2.0-85045951522
27943,27944,2-s2.0-85045925679
27948,27949,2-s2.0-85045843786
27952,27953,2-s2.0-85045533269
27962,27963,2-s2.0-85044989852
27970,27971,2-s2.0-85044379169
27974,27975,2-s2.0-85044118076
27981,27982,2-s2.0-85042765726
27995,27996,2-s2.0-85042538249
27996,27997,2-s2.0-85042534338
28000,28001,2-s2.0-85042523061
28002,28003,2-s2.0-85042502962
28013,28014,2-s2.0-85042116039
28016,28017,2-s2.0-85042081194
28018,28019,2-s2.0-85042002600
28019,28020,2-s2.0-85041864606
28024,28025,2-s2.0-85041588585
28026,28027,2-s2.0-85041537645
28040,28041,2-s2.0-85041054083
28061,28062,2-s2.0-85037740276
28064,28065,2-s2.0-85037094807
28073,28074,2-s2.0-85035052243
28075,28076,2-s2.0-85035034359
28086,28087,2-s2.0-85030153054
28088,28089,2-s2.0-85029666147
28095,28096,2-s2.0-85029421616
28096,28097,2-s2.0-85029404613
28123,28124,2-s2.0-84990055815
28125,28126,2-s2.0-84981156263
28127,28128,2-s2.0-105013733382
28128,28129,2-s2.0-105013723731
28144,28145,2-s2.0-105010802933
28159,28160,2-s2.0-105010436114
28163,28164,2-s2.0-105010408385
28165,28166,2-s2.0-105009175635
28174,28175,2-s2.0-85057149359
28176,28177,2-s2.0-85046366656
28177,28178,2-s2.0-85038841615
28181,28182,2-s2.0-85043294353
28183,28184,2-s2.0-85043292596
28193,28194,2-s2.0-85043261529
28194,28195,2-s2.0-85043255129
28195,28196,2-s2.0-85043254879
28198,28199,2-s2.0-85043252441
28201,28202,2-s2.0-85043250343
28203,28204,2-s2.0-85043243762
28205,28206,2-s2.0-85043236003
28209,28210,2-s2.0-85001837226
28229,28230,2-s2.0-85057641716
28231,28232,2-s2.0-85057640896
28240,28241,2-s2.0-85050027508
28246,28247,2-s2.0-85048376458
28247,28248,2-s2.0-85047439112
28248,28249,2-s2.0-85047422490
28258,28259,2-s2.0-85041674833
28259,28260,2-s2.0-85041294869
28275,28276,2-s2.0-85037675307
28297,28298,2-s2.0-85032569976
28300,28301,2-s2.0-85030457703
28303,28304,2-s2.0-85029001160
28306,28307,2-s2.0-85028608362
28307,28308,2-s2.0-85028583169
28308,28309,2-s2.0-85027732350
28309,28310,2-s2.0-85027518509
28313,28314,2-s2.0-85025471199
28318,28319,2-s2.0-85020680158
28323,28324,2-s2.0-85018271724
28324,28325,2-s2.0-85017501814
28327,28328,2-s2.0-85007417112
28328,28329,2-s2.0-84980048078
28329,28330,2-s2.0-105002732178
28338,28339,2-s2.0-85043460145
28339,28340,2-s2.0-85043454503
28343,28344,2-s2.0-85042405815
28345,28346,2-s2.0-85042102156
28349,28350,2-s2.0-85038364241
28350,28351,2-s2.0-85029696849
28355,28356,2-s2.0-85040674281
28358,28359,2-s2.0-85040582072
28359,28360,2-s2.0-85040580005
28372,28373,2-s2.0-85054248273
28376,28377,2-s2.0-85040771192
28379,28380,2-s2.0-85041104094
28384,28385,2-s2.0-85041445202
28392,28393,2-s2.0-84984674622
28395,28396,2-s2.0-84969179543
28399,28400,2-s2.0-85049194203
28400,28401,2-s2.0-85046802223
28401,28402,2-s2.0-85045029217
28406,28407,2-s2.0-85041471415
28411,28412,2-s2.0-85036536163
28421,28422,2-s2.0-85035041602
28446,28447,2-s2.0-85031403685
28452,28453,2-s2.0-85029797426
28453,28454,2-s2.0-85028995699
28457,28458,2-s2.0-85024504558
28459,28460,2-s2.0-85024476407
28464,28465,2-s2.0-85020409336
28470,28471,2-s2.0-85032950596
28480,28481,2-s2.0-105012046390
28483,28484,2-s2.0-105012043789
28494,28495,2-s2.0-85033779697
28500,28501,2-s2.0-85040111985
28502,28503,2-s2.0-85040105702
28518,28519,2-s2.0-85014664940
28519,28520,2-s2.0-85014485596
28521,28522,2-s2.0-85039922132
28523,28524,2-s2.0-85038594380
28529,28530,2-s2.0-85037053625
28530,28531,2-s2.0-85031790836
28535,28536,2-s2.0-85037077737
28553,28554,2-s2.0-85033375787
28554,28555,2-s2.0-85032917124
28555,28556,2-s2.0-85032655156
28568,28569,2-s2.0-85009289865
28569,28570,2-s2.0-84994166952
28574,28575,2-s2.0-85070608459
28579,28580,2-s2.0-85052516430
28586,28587,2-s2.0-85040133571
28592,28593,2-s2.0-85031428890
28605,28606,2-s2.0-85029224141
28615,28616,2-s2.0-85026508686
28620,28621,2-s2.0-85021088877
28631,28632,2-s2.0-85032389338
28633,28634,2-s2.0-85032386803
28634,28635,2-s2.0-85032385559
28635,28636,2-s2.0-85032385523
28640,28641,2-s2.0-85032382392
28650,28651,2-s2.0-85032373606
28663,28664,2-s2.0-85032348752
28664,28665,2-s2.0-85032346868
28665,28666,2-s2.0-85032345464
28666,28667,2-s2.0-85032343361
28671,28672,2-s2.0-85032335962
28672,28673,2-s2.0-85032335514
28673,28674,2-s2.0-85032335102
28681,28682,2-s2.0-85033719968
28682,28683,2-s2.0-85033703714
28684,28685,2-s2.0-85032629769
28695,28696,2-s2.0-85032499775
28698,28699,2-s2.0-85030631295
28700,28701,2-s2.0-85032264727
28708,28709,2-s2.0-85052225198
28712,28713,2-s2.0-85036546984
28716,28717,2-s2.0-85065506782
28728,28729,2-s2.0-85045650305
28729,28730,2-s2.0-85045626531
28730,28731,2-s2.0-85042173674
28737,28738,2-s2.0-85030705293
28738,28739,2-s2.0-85030682054
28739,28740,2-s2.0-85030673312
28741,28742,2-s2.0-85030103020
28742,28743,2-s2.0-85029801179
28744,28745,2-s2.0-85029365613
28747,28748,2-s2.0-85029006353
28748,28749,2-s2.0-85028925248
28749,28750,2-s2.0-85028705620
28758,28759,2-s2.0-85027137056
28765,28766,2-s2.0-85020891954
28766,28767,2-s2.0-85020119843
28773,28774,2-s2.0-85014516401
28774,28775,2-s2.0-85012909780
28776,28777,2-s2.0-85007256287
28792,28793,2-s2.0-85014605272
28796,28797,2-s2.0-84982309238
28797,28798,2-s2.0-85040003237
28802,28803,2-s2.0-85030154695
28804,28805,2-s2.0-85028630396
28810,28811,2-s2.0-85035759897
28816,28817,2-s2.0-85057625888
28835,28836,2-s2.0-85028300791
28838,28839,2-s2.0-85030259345
28845,28846,2-s2.0-85029906204
28848,28849,2-s2.0-85041820981
28849,28850,2-s2.0-85035333988
28858,28859,2-s2.0-85030774434
28860,28861,2-s2.0-85030767527
28887,28888,2-s2.0-85017535271
28888,28889,2-s2.0-85017229014
28892,28893,2-s2.0-85014644050
28899,28900,2-s2.0-84955607869
28903,28904,2-s2.0-85034264684
28905,28906,2-s2.0-85034227230
28906,28907,2-s2.0-85027171658
28908,28909,2-s2.0-85026257950
28914,28915,2-s2.0-85027834539
28916,28917,2-s2.0-85027893233
28922,28923,2-s2.0-85048140815
28923,28924,2-s2.0-85027698671
28947,28948,2-s2.0-85023607062
28955,28956,2-s2.0-84988311349
28958,28959,2-s2.0-85051050213
28960,28961,2-s2.0-85050660877
28963,28964,2-s2.0-85050355646
28965,28966,2-s2.0-85049299019
28974,28975,2-s2.0-85061945176
28976,28977,2-s2.0-85049535891
28977,28978,2-s2.0-85049480997
28980,28981,2-s2.0-85047275198
28992,28993,2-s2.0-85036545511
28993,28994,2-s2.0-85035781219
28998,28999,2-s2.0-85031785251
28999,29000,2-s2.0-85031774263
29009,29010,2-s2.0-85025709777
29010,29011,2-s2.0-85025695487
29013,29014,2-s2.0-85023202556
29020,29021,2-s2.0-85021068961
29026,29027,2-s2.0-85020230672
29033,29034,2-s2.0-85013498741
29037,29038,2-s2.0-84992694909
29040,29041,2-s2.0-84969921342
29045,29046,2-s2.0-85048795557
29048,29049,2-s2.0-85045909752
29050,29051,2-s2.0-85038442072
29056,29057,2-s2.0-85025129989
29059,29060,2-s2.0-85031792263
29060,29061,2-s2.0-85031791150
29063,29064,2-s2.0-85026313452
29064,29065,2-s2.0-85026309191
29068,29069,2-s2.0-85026289627
29070,29071,2-s2.0-85030572248
29071,29072,2-s2.0-85030572177
29079,29080,2-s2.0-85030570278
29085,29086,2-s2.0-85030568153
29098,29099,2-s2.0-85030566534
29104,29105,2-s2.0-85030564481
29109,29110,2-s2.0-85030563848
29112,29113,2-s2.0-85030562784
29115,29116,2-s2.0-85030562263
29120,29121,2-s2.0-85030561097
29122,29123,2-s2.0-85030560413
29141,29142,2-s2.0-85030555534
29153,29154,2-s2.0-85030551612
29154,29155,2-s2.0-85030551394
29161,29162,2-s2.0-85030550288
29162,29163,2-s2.0-85030550164
29164,29165,2-s2.0-85030550077
29169,29170,2-s2.0-85030549389
29173,29174,2-s2.0-85030548618
29175,29176,2-s2.0-85030548452
29204,29205,2-s2.0-85030541977
29207,29208,2-s2.0-85030541234
29210,29211,2-s2.0-85030540934
29211,29212,2-s2.0-85030540363
29216,29217,2-s2.0-85030539928
29234,29235,2-s2.0-85030534936
29240,29241,2-s2.0-85030533583
29242,29243,2-s2.0-85030533496
29243,29244,2-s2.0-85030533125
29249,29250,2-s2.0-85030530965
29251,29252,2-s2.0-85030529795
29271,29272,2-s2.0-85030526562
29275,29276,2-s2.0-85024845719
29284,29285,2-s2.0-85023768135
29304,29305,2-s2.0-85023630049
29307,29308,2-s2.0-85023624766
29312,29313,2-s2.0-85023616595
29317,29318,2-s2.0-85023598051
29324,29325,2-s2.0-85020451584
29328,29329,2-s2.0-85009239965
29337,29338,2-s2.0-85041791505
29347,29348,2-s2.0-85020622621
29353,29354,2-s2.0-85019990552
29355,29356,2-s2.0-85019938894
29360,29361,2-s2.0-85019349573
29363,29364,2-s2.0-85019125222
29366,29367,2-s2.0-85018784974
29369,29370,2-s2.0-85018271669
29374,29375,2-s2.0-85014376001
29375,29376,2-s2.0-85014201098
29384,29385,2-s2.0-85006123426
29385,29386,2-s2.0-84988940570
29386,29387,2-s2.0-84978152139
29387,29388,2-s2.0-84960089050
29393,29394,2-s2.0-85020672715
29401,29402,2-s2.0-84963568004
29405,29406,2-s2.0-85031693605
29411,29412,2-s2.0-85020272772
29412,29413,2-s2.0-85020253057
29414,29415,2-s2.0-85019871899
29418,29419,2-s2.0-84979538877
29443,29444,2-s2.0-84989235483
29454,29455,2-s2.0-85028763348
29457,29458,2-s2.0-85021758187
29460,29461,2-s2.0-85021057192
29467,29468,2-s2.0-85020878663
29479,29480,2-s2.0-85019657854
29483,29484,2-s2.0-85018970276
29487,29488,2-s2.0-85018767428
29489,29490,2-s2.0-85018735965
29491,29492,2-s2.0-85018512539
29492,29493,2-s2.0-85018505707
29498,29499,2-s2.0-85018465100
29500,29501,2-s2.0-85018296626
29504,29505,2-s2.0-85017178796
29509,29510,2-s2.0-85015751249
29511,29512,2-s2.0-85015642875
29513,29514,2-s2.0-85012280148
29518,29519,2-s2.0-85007482533
29520,29521,2-s2.0-85006051862
29528,29529,2-s2.0-85019446566
29541,29542,2-s2.0-85020197720
29545,29546,2-s2.0-85020190570
29561,29562,2-s2.0-85018432534
29576,29577,2-s2.0-85018168396
29585,29586,2-s2.0-84958553523
29591,29592,2-s2.0-85047722030
29601,29602,2-s2.0-85025452724
29602,29603,2-s2.0-85024492284
29610,29611,2-s2.0-85018791945
29614,29615,2-s2.0-85017616852
29617,29618,2-s2.0-85017369528
29618,29619,2-s2.0-85017223492
29633,29634,2-s2.0-85012225908
29635,29636,2-s2.0-85010300667
29657,29658,2-s2.0-85018527273
29659,29660,2-s2.0-85017259813
29661,29662,2-s2.0-85017256300
29669,29670,2-s2.0-85017221956
29672,29673,2-s2.0-85017200602
29684,29685,2-s2.0-85017658817
29687,29688,2-s2.0-85017121943
29690,29691,2-s2.0-85058736078
29693,29694,2-s2.0-85018615327
29696,29697,2-s2.0-85018290452
29697,29698,2-s2.0-85018282602
29703,29704,2-s2.0-85017034154
29707,29708,2-s2.0-85016408912
29708,29709,2-s2.0-85024394192
29709,29710,2-s2.0-85014995952
29718,29719,2-s2.0-85098171332
29725,29726,2-s2.0-85065343450
29726,29727,2-s2.0-85060060430
29736,29737,2-s2.0-85021275352
29743,29744,2-s2.0-85017588089
29746,29747,2-s2.0-85017340299
29757,29758,2-s2.0-85015027725
29760,29761,2-s2.0-85014721640
29768,29769,2-s2.0-85013849971
29773,29774,2-s2.0-85013319118
29777,29778,2-s2.0-85011636671
29786,29787,2-s2.0-85003845708
29788,29789,2-s2.0-85000580214
29789,29790,2-s2.0-84996614733
29792,29793,2-s2.0-84995528764
29802,29803,2-s2.0-84957648975
29806,29807,2-s2.0-84946112514
29809,29810,2-s2.0-85019449293
29819,29820,2-s2.0-84988583243
29822,29823,2-s2.0-85016076891
29823,29824,2-s2.0-85016052313
29824,29825,2-s2.0-85015816181
29825,29826,2-s2.0-85015258541
29828,29829,2-s2.0-85015233870
29832,29833,2-s2.0-85014048245
29838,29839,2-s2.0-85015247509
29844,29845,2-s2.0-85027062298
29845,29846,2-s2.0-85016288041
29850,29851,2-s2.0-85015740469
29853,29854,2-s2.0-85013826185
29854,29855,2-s2.0-85012893172
29873,29874,2-s2.0-84987642330
29877,29878,2-s2.0-84974851176
29879,29880,2-s2.0-84966474646
29880,29881,2-s2.0-84962299518
29892,29893,2-s2.0-85031710803
29906,29907,2-s2.0-85009813174
29908,29909,2-s2.0-85013298035
29914,29915,2-s2.0-85009508822
29919,29920,2-s2.0-85021102153
29925,29926,2-s2.0-85009953639
29927,29928,2-s2.0-85009247825
29936,29937,2-s2.0-84992366114
29946,29947,2-s2.0-84936984573
29948,29949,2-s2.0-86000501351
29954,29955,2-s2.0-85218713749
29961,29962,2-s2.0-85145540224
29964,29965,2-s2.0-85145123383
29966,29967,2-s2.0-85144466661
29969,29970,2-s2.0-85144356024
29971,29972,2-s2.0-85142851368
29972,29973,2-s2.0-85142566620
29974,29975,2-s2.0-85141551273
29979,29980,2-s2.0-85139554479
29985,29986,2-s2.0-85139217653
29986,29987,2-s2.0-85139208293
29990,29991,2-s2.0-85138741546
29994,29995,2-s2.0-85135593352
30002,30003,2-s2.0-85115918851
30009,30010,2-s2.0-85102247580
30012,30013,2-s2.0-85102001587
30023,30024,2-s2.0-85101922853
30030,30031,2-s2.0-85091150671
30036,30037,2-s2.0-85089161077
30039,30040,2-s2.0-85087105031
30043,30044,2-s2.0-85082718638
30045,30046,2-s2.0-85082650901
30047,30048,2-s2.0-85081939984
30050,30051,2-s2.0-85080933401
30056,30057,2-s2.0-85075176585
30057,30058,2-s2.0-85074918463
30069,30070,2-s2.0-85071513167
30070,30071,2-s2.0-85071508757
30071,30072,2-s2.0-85071499369
30078,30079,2-s2.0-85069949799
30081,30082,2-s2.0-85069177505
30085,30086,2-s2.0-85067469285
30088,30089,2-s2.0-85065692750
30092,30093,2-s2.0-85063614743
30094,30095,2-s2.0-85062845288
30098,30099,2-s2.0-85061358364
30107,30108,2-s2.0-85056094813
30108,30109,2-s2.0-85055990154
30113,30114,2-s2.0-85054927130
30116,30117,2-s2.0-85054195479
30121,30122,2-s2.0-85054165345
30123,30124,2-s2.0-85054162797
30125,30126,2-s2.0-85053896785
30128,30129,2-s2.0-85053453370
30134,30135,2-s2.0-85052179862
30137,30138,2-s2.0-85051496881
30145,30146,2-s2.0-85051430067
30146,30147,2-s2.0-85051428542
30150,30151,2-s2.0-85051422227
30156,30157,2-s2.0-85050273190
30160,30161,2-s2.0-85049541778
30167,30168,2-s2.0-85049240983
30180,30181,2-s2.0-85048366206
30185,30186,2-s2.0-85047536764
30186,30187,2-s2.0-85047374850
30187,30188,2-s2.0-85046545133
30189,30190,2-s2.0-85046378939
30203,30204,2-s2.0-85044780705
30205,30206,2-s2.0-85044643386
30207,30208,2-s2.0-85044574922
30223,30224,2-s2.0-85042594338
30225,30226,2-s2.0-85042588616
30232,30233,2-s2.0-85042464206
30235,30236,2-s2.0-85042421019
30240,30241,2-s2.0-85041535662
30243,30244,2-s2.0-85041509449
30245,30246,2-s2.0-85041441865
30246,30247,2-s2.0-85041436672
30247,30248,2-s2.0-85041435896
30252,30253,2-s2.0-85041137301
30253,30254,2-s2.0-85041136853
30258,30259,2-s2.0-85041112717
30266,30267,2-s2.0-85040927415
30271,30272,2-s2.0-85040255903
30300,30301,2-s2.0-85037840651
30303,30304,2-s2.0-85037837315
30305,30306,2-s2.0-85037822742
30306,30307,2-s2.0-85037715473
30309,30310,2-s2.0-85037690379
30321,30322,2-s2.0-85036649288
30329,30330,2-s2.0-85036472600
30336,30337,2-s2.0-85035362599
30338,30339,2-s2.0-85035360874
30340,30341,2-s2.0-85035354124
30344,30345,2-s2.0-85035344471
30350,30351,2-s2.0-85035339063
30355,30356,2-s2.0-85035330613
30357,30358,2-s2.0-85035326688
30359,30360,2-s2.0-85035219473
30362,30363,2-s2.0-85035115281
30364,30365,2-s2.0-85035102726
30372,30373,2-s2.0-85034837338
30373,30374,2-s2.0-85034791551
30375,30376,2-s2.0-85034779141
30391,30392,2-s2.0-85034423699
30404,30405,2-s2.0-85034226656
30409,30410,2-s2.0-85033793819
30412,30413,2-s2.0-85033408519
30424,30425,2-s2.0-85032489897
30426,30427,2-s2.0-85032489604
30430,30431,2-s2.0-85032371797
30437,30438,2-s2.0-85032012493
30448,30449,2-s2.0-85031701446
30454,30455,2-s2.0-85030791586
30457,30458,2-s2.0-85030766937
30461,30462,2-s2.0-85030755326
30468,30469,2-s2.0-85030091164
30475,30476,2-s2.0-85029802044
30476,30477,2-s2.0-85029799339
30477,30478,2-s2.0-85029785412
30481,30482,2-s2.0-85029764892
30483,30484,2-s2.0-85029643145
30485,30486,2-s2.0-85029595757
30496,30497,2-s2.0-85029470696
30503,30504,2-s2.0-85029106858
30517,30518,2-s2.0-85028621972
30518,30519,2-s2.0-85028615766
30524,30525,2-s2.0-85028402878
30526,30527,2-s2.0-85028346811
30533,30534,2-s2.0-85028300133
30541,30542,2-s2.0-85027993346
30546,30547,2-s2.0-85027968099
30556,30557,2-s2.0-85027489503
30558,30559,2-s2.0-85027068027
30560,30561,2-s2.0-85026847461
30566,30567,2-s2.0-85026672026
30575,30576,2-s2.0-85026237011
30579,30580,2-s2.0-85025470785
30584,30585,2-s2.0-85025432641
30589,30590,2-s2.0-85025153459
30601,30602,2-s2.0-85024483735
30602,30603,2-s2.0-85024482404
30607,30608,2-s2.0-85023780174
30610,30611,2-s2.0-85023758066
30611,30612,2-s2.0-85023746183
30618,30619,2-s2.0-85022219284
30633,30634,2-s2.0-85021770865
30634,30635,2-s2.0-85021742975
30636,30637,2-s2.0-85021726943
30638,30639,2-s2.0-85021721768
30650,30651,2-s2.0-85021413647
30678,30679,2-s2.0-85020503471
30684,30685,2-s2.0-85020439105
30691,30692,2-s2.0-85020287928
30697,30698,2-s2.0-85020076884
30703,30704,2-s2.0-85019744961
30709,30710,2-s2.0-85019556196
30714,30715,2-s2.0-85018986228
30715,30716,2-s2.0-85018984441
30720,30721,2-s2.0-85018551714
30731,30732,2-s2.0-85018240823
30738,30739,2-s2.0-85017209741
30741,30742,2-s2.0-85017102772
30743,30744,2-s2.0-85016562787
30744,30745,2-s2.0-85016493603
30748,30749,2-s2.0-85016067141
30753,30754,2-s2.0-85015447063
30756,30757,2-s2.0-85015215374
30761,30762,2-s2.0-85015159047
30763,30764,2-s2.0-85015155674
30765,30766,2-s2.0-85014801369
30777,30778,2-s2.0-85013771946
30793,30794,2-s2.0-85011281221
30794,30795,2-s2.0-85011277982
30795,30796,2-s2.0-85011270541
30796,30797,2-s2.0-85011269779
30804,30805,2-s2.0-85010653976
30808,30809,2-s2.0-85010433483
30809,30810,2-s2.0-85010304539
30815,30816,2-s2.0-85010042301
30816,30817,2-s2.0-85010042096
30842,30843,2-s2.0-84992666010
30844,30845,2-s2.0-84992584855
30846,30847,2-s2.0-84991501150
30853,30854,2-s2.0-84988431024
30862,30863,2-s2.0-84941661705
30869,30870,2-s2.0-105012016506
30870,30871,2-s2.0-105011027680
30874,30875,2-s2.0-105009806071
30882,30883,2-s2.0-105009764036
30885,30886,2-s2.0-105008630841
30886,30887,2-s2.0-105008620830
30891,30892,2-s2.0-85011283184
30896,30897,2-s2.0-85008439817
30903,30904,2-s2.0-85009089667
30905,30906,2-s2.0-85007271715
30916,30917,2-s2.0-85009830167
30922,30923,2-s2.0-85065113265
30925,30926,2-s2.0-85048141194
30926,30927,2-s2.0-85026764751
30929,30930,2-s2.0-85018981861
30931,30932,2-s2.0-85018335915
30938,30939,2-s2.0-85011948995
30941,30942,2-s2.0-85010972068
30948,30949,2-s2.0-85007017604
30949,30950,2-s2.0-85007009042
30951,30952,2-s2.0-85006841996
30954,30955,2-s2.0-85006459541
30961,30962,2-s2.0-85006412447
30973,30974,2-s2.0-85003906035
30979,30980,2-s2.0-84994779413
30982,30983,2-s2.0-84994761829
30993,30994,2-s2.0-84988662546
30997,30998,2-s2.0-84985947312
31004,31005,2-s2.0-84973527483
31018,31019,2-s2.0-85007292072
31030,31031,2-s2.0-85006870592
31032,31033,2-s2.0-85006857934
31035,31036,2-s2.0-85006836948
31036,31037,2-s2.0-85006836465
31041,31042,2-s2.0-85006827046
31048,31049,2-s2.0-85006823476
31053,31054,2-s2.0-85006817333
31059,31060,2-s2.0-85006809821
31066,31067,2-s2.0-85006789895
31067,31068,2-s2.0-85006789598
31073,31074,2-s2.0-85006761843
31084,31085,2-s2.0-85006725509
31085,31086,2-s2.0-85006717869
31086,31087,2-s2.0-85006717002
31087,31088,2-s2.0-85006716776
31088,31089,2-s2.0-85006713731
31089,31090,2-s2.0-85006713301
31091,31092,2-s2.0-85006710560
31093,31094,2-s2.0-85018637499
31096,31097,2-s2.0-85006459465
31106,31107,2-s2.0-85003021740
31107,31108,2-s2.0-84999808851
31108,31109,2-s2.0-84974800826
31114,31115,2-s2.0-85002721708
31120,31121,2-s2.0-85001975589
31124,31125,2-s2.0-85032102944
31129,31130,2-s2.0-85008199580
31135,31136,2-s2.0-85047288886
31140,31141,2-s2.0-85033675634
31151,31152,2-s2.0-85007189494
31153,31154,2-s2.0-85007164485
31156,31157,2-s2.0-85002271125
31168,31169,2-s2.0-84991396097
31171,31172,2-s2.0-84991383949
31182,31183,2-s2.0-84978647042
31187,31188,2-s2.0-84961665201
31193,31194,2-s2.0-84946615705
31197,31198,2-s2.0-85007394986
31212,31213,2-s2.0-84984636002
31218,31219,2-s2.0-84995526966
31228,31229,2-s2.0-84994558921
31231,31232,2-s2.0-84994495713
31236,31237,2-s2.0-84994096842
31241,31242,2-s2.0-84966711857
31243,31244,2-s2.0-84961627592
31247,31248,2-s2.0-85108747195
31248,31249,2-s2.0-85098273816
31250,31251,2-s2.0-85092889249
31252,31253,2-s2.0-85059155877
31253,31254,2-s2.0-85057061058
31260,31261,2-s2.0-85016607630
31261,31262,2-s2.0-85013374191
31269,31270,2-s2.0-84995923524
31275,31276,2-s2.0-84992199739
31281,31282,2-s2.0-84988637642
31284,31285,2-s2.0-84988428953
31286,31287,2-s2.0-84988358494
31295,31296,2-s2.0-84984823816
31299,31300,2-s2.0-84982104032
31312,31313,2-s2.0-84964355616
31313,31314,2-s2.0-84964040018
31319,31320,2-s2.0-84950297954
31320,31321,2-s2.0-84928155120
31325,31326,2-s2.0-85052868705
31328,31329,2-s2.0-85016019961
31340,31341,2-s2.0-84991253023
31342,31343,2-s2.0-85066265497
31347,31348,2-s2.0-84951287029
31349,31350,2-s2.0-84945205363
31350,31351,2-s2.0-84933556912
31361,31362,2-s2.0-85016585273
31371,31372,2-s2.0-84990886760
31378,31379,2-s2.0-84986617584
31382,31383,2-s2.0-84986575981
31384,31385,2-s2.0-84986551092
31387,31388,2-s2.0-84985995769
31390,31391,2-s2.0-84984920933
31393,31394,2-s2.0-84984622089
31399,31400,2-s2.0-84983247541
31400,31401,2-s2.0-84982995014
31403,31404,2-s2.0-84982890316
31405,31406,2-s2.0-84982135140
31409,31410,2-s2.0-84979693191
31422,31423,2-s2.0-84955095573
31426,31427,2-s2.0-84941347370
31429,31430,2-s2.0-84988893984
31430,31431,2-s2.0-84988850432
31437,31438,2-s2.0-85000869296
31440,31441,2-s2.0-84984832838
31445,31446,2-s2.0-84989860075
31448,31449,2-s2.0-84989234947
31450,31451,2-s2.0-85017567558
31459,31460,2-s2.0-84976254407
31460,31461,2-s2.0-84974676232
31462,31463,2-s2.0-84939832994
31475,31476,2-s2.0-84988014484
31476,31477,2-s2.0-84984984249
31483,31484,2-s2.0-84980371931
31495,31496,2-s2.0-84977550398
31496,31497,2-s2.0-84975758763
31503,31504,2-s2.0-84973598860
31504,31505,2-s2.0-84971015014
31507,31508,2-s2.0-84971011006
31510,31511,2-s2.0-84970977764
31511,31512,2-s2.0-84970976530
31521,31522,2-s2.0-84963614821
31525,31526,2-s2.0-84928594842
31527,31528,2-s2.0-84923875641
31531,31532,2-s2.0-84982144506
31536,31537,2-s2.0-84986000841
31556,31557,2-s2.0-84979735751
31558,31559,2-s2.0-85015431458
31570,31571,2-s2.0-84961923802
31573,31574,2-s2.0-84954100546
31575,31576,2-s2.0-84946433866
31579,31580,2-s2.0-85019016259
31580,31581,2-s2.0-85011022634
31588,31589,2-s2.0-84962339453
31589,31590,2-s2.0-84961864496
31604,31605,2-s2.0-84987761315
31621,31622,2-s2.0-84978076949
31631,31632,2-s2.0-84971493069
31642,31643,2-s2.0-84960106407
31653,31654,2-s2.0-84944544229
31658,31659,2-s2.0-84907646112
31662,31663,2-s2.0-84983371585
31666,31667,2-s2.0-84983349247
31667,31668,2-s2.0-84983349033
31672,31673,2-s2.0-84983325938
31676,31677,2-s2.0-84983315407
31679,31680,2-s2.0-84983304264
31682,31683,2-s2.0-84983294345
31683,31684,2-s2.0-84983284338
31685,31686,2-s2.0-84983283616
31686,31687,2-s2.0-84983273920
31690,31691,2-s2.0-84983261939
31696,31697,2-s2.0-84985963108
31700,31701,2-s2.0-84965183485
31704,31705,2-s2.0-84977584751
31714,31715,2-s2.0-84969972737
31716,31717,2-s2.0-85020320626
31722,31723,2-s2.0-84979884857
31724,31725,2-s2.0-84979651461
31729,31730,2-s2.0-84978166153
31730,31731,2-s2.0-84978160605
31736,31737,2-s2.0-84976592196
31741,31742,2-s2.0-84970016745
31742,31743,2-s2.0-84969940420
31752,31753,2-s2.0-84965082783
31754,31755,2-s2.0-84965020613
31768,31769,2-s2.0-84959106707
31773,31774,2-s2.0-84952701003
31777,31778,2-s2.0-84930321228
31778,31779,2-s2.0-84922949151
31780,31781,2-s2.0-84921983271
31781,31782,2-s2.0-84921326406
31788,31789,2-s2.0-84982274248
31795,31796,2-s2.0-85014693180
31810,31811,2-s2.0-84994609178
31818,31819,2-s2.0-84987858688
31819,31820,2-s2.0-84973659494
31834,31835,2-s2.0-85020969003
31836,31837,2-s2.0-84992327341
31839,31840,2-s2.0-84978872983
31845,31846,2-s2.0-84973470291
31851,31852,2-s2.0-84965106007
31853,31854,2-s2.0-84964600662
31866,31867,2-s2.0-84958260249
31868,31869,2-s2.0-84955269808
31871,31872,2-s2.0-84949936386
31875,31876,2-s2.0-84940705978
31877,31878,2-s2.0-84930741538
31881,31882,2-s2.0-84973664445
31887,31888,2-s2.0-84976469442
31890,31891,2-s2.0-84970021755
31903,31904,2-s2.0-84969962421
31906,31907,2-s2.0-84969932207
31907,31908,2-s2.0-84969931185
31912,31913,2-s2.0-84969921296
31920,31921,2-s2.0-84958118798
31927,31928,2-s2.0-84969981561
31935,31936,2-s2.0-84966333775
31940,31941,2-s2.0-84975284917
31946,31947,2-s2.0-84961208879
31949,31950,2-s2.0-84959208549
31952,31953,2-s2.0-85070414388
31957,31958,2-s2.0-85019866103
31962,31963,2-s2.0-84984829475
31963,31964,2-s2.0-84983738551
31971,31972,2-s2.0-84964871388
31972,31973,2-s2.0-84964771107
31974,31975,2-s2.0-84964749486
31975,31976,2-s2.0-84964734976
31976,31977,2-s2.0-84964715580
31978,31979,2-s2.0-84964608750
31979,31980,2-s2.0-84964577902
31984,31985,2-s2.0-84964325927
31995,31996,2-s2.0-84962759795
32003,32004,2-s2.0-84961211393
32009,32010,2-s2.0-84960896840
32015,32016,2-s2.0-84955601142
32024,32025,2-s2.0-85028544818
32025,32026,2-s2.0-85028522762
32026,32027,2-s2.0-84971654644
32029,32030,2-s2.0-84961773687
32031,32032,2-s2.0-84962505015
32035,32036,2-s2.0-84958685590
32037,32038,2-s2.0-84968813418
32039,32040,2-s2.0-84960896417
32049,32050,2-s2.0-84964674928
32050,32051,2-s2.0-84964669951
32052,32053,2-s2.0-84964597330
32056,32057,2-s2.0-84960910601
32058,32059,2-s2.0-84958113791
32063,32064,2-s2.0-85022176500
32070,32071,2-s2.0-84973862340
32073,32074,2-s2.0-84969174848
32094,32095,2-s2.0-84959245748
32096,32097,2-s2.0-84959206778
32097,32098,2-s2.0-84959162701
32100,32101,2-s2.0-84958652462
32103,32104,2-s2.0-84958055596
32107,32108,2-s2.0-84957598714
32108,32109,2-s2.0-84956834049
32119,32120,2-s2.0-85011550298
32121,32122,2-s2.0-84982993344
32125,32126,2-s2.0-84968648323
32130,32131,2-s2.0-84955391910
32148,32149,2-s2.0-84954377748
32154,32155,2-s2.0-84995704285
32167,32168,2-s2.0-84955198237
32171,32172,2-s2.0-84954367739
32173,32174,2-s2.0-84953639470
32178,32179,2-s2.0-84942354148
32181,32182,2-s2.0-84959470580
32183,32184,2-s2.0-84966601499
32196,32197,2-s2.0-84958963651
32197,32198,2-s2.0-85041660202
32203,32204,2-s2.0-84959372543
32204,32205,2-s2.0-84959338227
32211,32212,2-s2.0-84958152669
32215,32216,2-s2.0-84955586555
32225,32226,2-s2.0-85206348428
32227,32228,2-s2.0-85175119990
32231,32232,2-s2.0-85171596500
32232,32233,2-s2.0-85168464819
32249,32250,2-s2.0-85138892988
32252,32253,2-s2.0-85136963302
32263,32264,2-s2.0-85110645466
32264,32265,2-s2.0-85110605790
32277,32278,2-s2.0-85086849496
32282,32283,2-s2.0-85082725270
32290,32291,2-s2.0-85078764334
32292,32293,2-s2.0-85071947744
32295,32296,2-s2.0-85071517243
32296,32297,2-s2.0-85071510379
32309,32310,2-s2.0-85068877772
32311,32312,2-s2.0-85068430323
32317,32318,2-s2.0-85068129365
32319,32320,2-s2.0-85067791353
32321,32322,2-s2.0-85066245614
32322,32323,2-s2.0-85065834834
32328,32329,2-s2.0-85060576671
32329,32330,2-s2.0-85060228029
32336,32337,2-s2.0-85059846076
32344,32345,2-s2.0-85052819502
32345,32346,2-s2.0-85052784263
32348,32349,2-s2.0-85051183387
32354,32355,2-s2.0-85047231358
32355,32356,2-s2.0-85046533205
32367,32368,2-s2.0-85042539932
32376,32377,2-s2.0-85042455185
32377,32378,2-s2.0-85042423926
32379,32380,2-s2.0-85042403405
32386,32387,2-s2.0-85037971921
32389,32390,2-s2.0-85033787962
32391,32392,2-s2.0-85032904603
32393,32394,2-s2.0-85032579773
32396,32397,2-s2.0-85031760848
32401,32402,2-s2.0-85030859663
32405,32406,2-s2.0-85029006319
32418,32419,2-s2.0-85026659452
32422,32423,2-s2.0-85026533836
32430,32431,2-s2.0-85025467922
32449,32450,2-s2.0-85021681606
32451,32452,2-s2.0-85021661064
32452,32453,2-s2.0-85021652480
32455,32456,2-s2.0-85021287978
32458,32459,2-s2.0-85020788101
32468,32469,2-s2.0-85019423915
32470,32471,2-s2.0-85019167889
32471,32472,2-s2.0-85019163083
32478,32479,2-s2.0-85018979929
32480,32481,2-s2.0-85018947588
32487,32488,2-s2.0-85018923760
32488,32489,2-s2.0-85018923209
32493,32494,2-s2.0-85018918774
32499,32500,2-s2.0-85018912583
32504,32505,2-s2.0-85018906198
32514,32515,2-s2.0-85018882327
32515,32516,2-s2.0-85018880696
32517,32518,2-s2.0-85018879658
32519,32520,2-s2.0-85018869616
32520,32521,2-s2.0-85018866256
32527,32528,2-s2.0-85018747542
32533,32534,2-s2.0-85018584951
32534,32535,2-s2.0-85018581919
32535,32536,2-s2.0-85018581455
32544,32545,2-s2.0-85018320129
32547,32548,2-s2.0-85018235948
32554,32555,2-s2.0-85017656742
32556,32557,2-s2.0-85017590472
32558,32559,2-s2.0-85017587240
32559,32560,2-s2.0-85017198740
32560,32561,2-s2.0-85017177623
32567,32568,2-s2.0-85016970751
32569,32570,2-s2.0-85016798817
32571,32572,2-s2.0-85016711786
32585,32586,2-s2.0-85016130797
32589,32590,2-s2.0-85016077405
32604,32605,2-s2.0-85014416225
32609,32610,2-s2.0-85014122604
32610,32611,2-s2.0-85014120413
32611,32612,2-s2.0-85014112984
32613,32614,2-s2.0-85014088318
32614,32615,2-s2.0-85014067571
32621,32622,2-s2.0-85013350289
32626,32627,2-s2.0-85012303025
32627,32628,2-s2.0-85012299219
32631,32632,2-s2.0-85011884642
32634,32635,2-s2.0-85011706298
32636,32637,2-s2.0-85011654104
32637,32638,2-s2.0-85011298579
32638,32639,2-s2.0-85011105189
32645,32646,2-s2.0-85010197247
32649,32650,2-s2.0-85009820258
32654,32655,2-s2.0-85009681315
32657,32658,2-s2.0-85009675174
32659,32660,2-s2.0-85009673229
32660,32661,2-s2.0-85009664600
32661,32662,2-s2.0-85009663347
32665,32666,2-s2.0-85009509165
32666,32667,2-s2.0-85009487418
32688,32689,2-s2.0-85007591491
32689,32690,2-s2.0-85007575426
32694,32695,2-s2.0-85007389757
32699,32700,2-s2.0-85006952340
32702,32703,2-s2.0-85006856681
32706,32707,2-s2.0-85006784957
32710,32711,2-s2.0-85006489436
32722,32723,2-s2.0-85005991833
32723,32724,2-s2.0-85005957388
32725,32726,2-s2.0-85003475319
32728,32729,2-s2.0-85003434292
32737,32738,2-s2.0-85000866259
32738,32739,2-s2.0-85000819179
32744,32745,2-s2.0-85000399523
32757,32758,2-s2.0-84996848905
32762,32763,2-s2.0-84996567077
32763,32764,2-s2.0-84996566004
32765,32766,2-s2.0-84996537947
32767,32768,2-s2.0-84995752728
32769,32770,2-s2.0-84995680444
32770,32771,2-s2.0-84995680320
32773,32774,2-s2.0-84995549416
32775,32776,2-s2.0-84994908976
32776,32777,2-s2.0-84994877151
32777,32778,2-s2.0-84994876201
32781,32782,2-s2.0-84994840390
32783,32784,2-s2.0-84994631313
32785,32786,2-s2.0-84994361306
32786,32787,2-s2.0-84994297208
32794,32795,2-s2.0-84994099247
32800,32801,2-s2.0-84992573918
32805,32806,2-s2.0-84992437531
32807,32808,2-s2.0-84992166092
32808,32809,2-s2.0-84991669502
32814,32815,2-s2.0-84991045281
32817,32818,2-s2.0-84990067647
32818,32819,2-s2.0-84990050330
32821,32822,2-s2.0-84990026725
32825,32826,2-s2.0-84989873863
32831,32832,2-s2.0-84988864357
32832,32833,2-s2.0-84988851701
32838,32839,2-s2.0-84988600839
32842,32843,2-s2.0-84988498962
32844,32845,2-s2.0-84988039974
32853,32854,2-s2.0-84987933067
32863,32864,2-s2.0-84987653494
32867,32868,2-s2.0-84984924341
32870,32871,2-s2.0-84984831730
32872,32873,2-s2.0-84984698523
32875,32876,2-s2.0-84984638434
32888,32889,2-s2.0-84982162399
32894,32895,2-s2.0-84981318525
32898,32899,2-s2.0-84979701180
32900,32901,2-s2.0-84979644207
32901,32902,2-s2.0-84979547060
32910,32911,2-s2.0-84979008544
32916,32917,2-s2.0-84978884015
32918,32919,2-s2.0-84978878145
32919,32920,2-s2.0-84978870563
32921,32922,2-s2.0-84978863355
32946,32947,2-s2.0-84978107187
32947,32948,2-s2.0-84978100421
32950,32951,2-s2.0-84977628712
32955,32956,2-s2.0-84977074394
32956,32957,2-s2.0-84976583979
32958,32959,2-s2.0-84976529291
32968,32969,2-s2.0-84975758713
32977,32978,2-s2.0-84973575952
32979,32980,2-s2.0-84973438724
32983,32984,2-s2.0-84970024478
32996,32997,2-s2.0-84968619418
33002,33003,2-s2.0-84968571639
33004,33005,2-s2.0-84968548071
33018,33019,2-s2.0-84964489753
33020,33021,2-s2.0-84964345571
33026,33027,2-s2.0-84963767544
33030,33031,2-s2.0-84962859930
33034,33035,2-s2.0-84962192857
33039,33040,2-s2.0-84961918567
33044,33045,2-s2.0-84960940704
33046,33047,2-s2.0-84960839672
33048,33049,2-s2.0-84960447988
33050,33051,2-s2.0-84960440618
33060,33061,2-s2.0-84959476029
33064,33065,2-s2.0-84959323115
33066,33067,2-s2.0-84959201693
33074,33075,2-s2.0-84958550015
33078,33079,2-s2.0-84957998608
33080,33081,2-s2.0-84957928168
33084,33085,2-s2.0-84957690736
33085,33086,2-s2.0-84957442373
33086,33087,2-s2.0-84957431404
33104,33105,2-s2.0-84952360125
33109,33110,2-s2.0-84949601535
33110,33111,2-s2.0-84949098327
33113,33114,2-s2.0-84949091591
33115,33116,2-s2.0-84948845523
33124,33125,2-s2.0-84942935491
33127,33128,2-s2.0-84940717437
33129,33130,2-s2.0-84927539455
33131,33132,2-s2.0-105012681200
33141,33142,2-s2.0-105013062253
33155,33156,2-s2.0-85218859473
33158,33159,2-s2.0-86000350045
33162,33163,2-s2.0-85219352024
33168,33169,2-s2.0-85218207809
33174,33175,2-s2.0-85217871804
33175,33176,2-s2.0-85214923558
33177,33178,2-s2.0-85214232247
33182,33183,2-s2.0-105012984056
33190,33191,2-s2.0-105011712875
33197,33198,2-s2.0-105010619704
33200,33201,2-s2.0-105010001015
33203,33204,2-s2.0-105009745874
33205,33206,2-s2.0-105009720751
33206,33207,2-s2.0-105009705300
33210,33211,2-s2.0-105009543538
33217,33218,2-s2.0-105008552553
33225,33226,2-s2.0-105007695457
33227,33228,2-s2.0-105007242778
33232,33233,2-s2.0-105005797964
33234,33235,2-s2.0-105005519863
33241,33242,2-s2.0-105004351424
33242,33243,2-s2.0-105003968688
33247,33248,2-s2.0-105002896598
33251,33252,2-s2.0-105000536500
33261,33262,2-s2.0-105013507569
33262,33263,2-s2.0-105013502360
33263,33264,2-s2.0-105013495500
33265,33266,2-s2.0-105013153292
33276,33277,2-s2.0-105012390700
33277,33278,2-s2.0-105012377638
33280,33281,2-s2.0-105012100824
33283,33284,2-s2.0-105011346709
33289,33290,2-s2.0-105009334626
33294,33295,2-s2.0-105007796209
33301,33302,2-s2.0-105013063657
33304,33305,2-s2.0-85219685389
33305,33306,2-s2.0-85219245250
33310,33311,2-s2.0-85212684144
33315,33316,2-s2.0-85196413847
33316,33317,2-s2.0-105013796857
33319,33320,2-s2.0-105013194377
33322,33323,2-s2.0-105012649422
33323,33324,2-s2.0-105012469613
33327,33328,2-s2.0-105011949562
33332,33333,2-s2.0-105009850510
33339,33340,2-s2.0-105005793690
33346,33347,2-s2.0-105004400526
33347,33348,2-s2.0-105004177424
33358,33359,2-s2.0-105013205988
33359,33360,2-s2.0-105012944870
33360,33361,2-s2.0-86000524504
33365,33366,2-s2.0-85216462497
33367,33368,2-s2.0-85207765368
33376,33377,2-s2.0-85195695064
33378,33379,2-s2.0-105013675941
33386,33387,2-s2.0-105012414213
33391,33392,2-s2.0-105012260115
33400,33401,2-s2.0-105011685223
33401,33402,2-s2.0-105011375999
33402,33403,2-s2.0-105011280277
33403,33404,2-s2.0-105011207024
33405,33406,2-s2.0-105010594723
33407,33408,2-s2.0-105009935578
33409,33410,2-s2.0-105009692785
33432,33433,2-s2.0-105005886350
33444,33445,2-s2.0-105002600297
33468,33469,2-s2.0-105013072953
33477,33478,2-s2.0-105011498636
33479,33480,2-s2.0-105012177137
33482,33483,2-s2.0-105011676888
33489,33490,2-s2.0-85209206995
33517,33518,2-s2.0-105013677131
33535,33536,2-s2.0-105011617556
33540,33541,2-s2.0-105011537644
33545,33546,2-s2.0-105011504448
33551,33552,2-s2.0-105011480980
33555,33556,2-s2.0-105010844995
33559,33560,2-s2.0-105010587681
33571,33572,2-s2.0-105007187965
33576,33577,2-s2.0-105005443482
33579,33580,2-s2.0-105004453407
33580,33581,2-s2.0-105003951736
33583,33584,2-s2.0-105001147308
33595,33596,2-s2.0-105012671812
33597,33598,2-s2.0-105011963213
33598,33599,2-s2.0-105011873707
33599,33600,2-s2.0-105011842359
33605,33606,2-s2.0-105010637120
33610,33611,2-s2.0-105010095528
33618,33619,2-s2.0-105010304225
33620,33621,2-s2.0-105012208402
33622,33623,2-s2.0-105012181011
33626,33627,2-s2.0-105009052783
33631,33632,2-s2.0-105008080908
33635,33636,2-s2.0-105009240515
33639,33640,2-s2.0-105009228911
33643,33644,2-s2.0-105009216851
33649,33650,2-s2.0-105008005213
33659,33660,2-s2.0-86000033131
33660,33661,2-s2.0-85218838528
33663,33664,2-s2.0-85218143754
33666,33667,2-s2.0-85217431234
33670,33671,2-s2.0-85217391983
33673,33674,2-s2.0-85217195410
33678,33679,2-s2.0-85216525085
33690,33691,2-s2.0-85212655987
33691,33692,2-s2.0-85212603718
33693,33694,2-s2.0-85212184417
33701,33702,2-s2.0-85207780745
33707,33708,2-s2.0-85204174372
33712,33713,2-s2.0-85198942277
33717,33718,2-s2.0-85193041268
33738,33739,2-s2.0-105009922104
33747,33748,2-s2.0-105009423179
33749,33750,2-s2.0-105009375037
33750,33751,2-s2.0-105009299904
33755,33756,2-s2.0-105009272754
33758,33759,2-s2.0-105009268410
33759,33760,2-s2.0-105009264764
33764,33765,2-s2.0-105009129220
33768,33769,2-s2.0-105008998171
33773,33774,2-s2.0-105008507030
33781,33782,2-s2.0-105007745916
33782,33783,2-s2.0-105007745819
33789,33790,2-s2.0-105007475679
33793,33794,2-s2.0-105007169954
33802,33803,2-s2.0-105005265719
33804,33805,2-s2.0-105005120079
33812,33813,2-s2.0-105003672876
33817,33818,2-s2.0-105003312496
33821,33822,2-s2.0-105002578426
33823,33824,2-s2.0-105002320044
33824,33825,2-s2.0-105002319576
33831,33832,2-s2.0-105001497493
33840,33841,2-s2.0-105011883749
33841,33842,2-s2.0-105010760226
33842,33843,2-s2.0-85211188940
33843,33844,2-s2.0-85204134596
33844,33845,2-s2.0-105007892545
33851,33852,2-s2.0-105010085677
33855,33856,2-s2.0-105007019340
33865,33866,2-s2.0-105003987362
33866,33867,2-s2.0-105003986900
33871,33872,2-s2.0-105003983136
33874,33875,2-s2.0-105007288992
33878,33879,2-s2.0-105010757917
33881,33882,2-s2.0-105010803415
33882,33883,2-s2.0-105010801815
33883,33884,2-s2.0-105010790578
33886,33887,2-s2.0-86000663890
33900,33901,2-s2.0-85218078868
33905,33906,2-s2.0-85212192450
33907,33908,2-s2.0-85211485806
33913,33914,2-s2.0-85210552586
33914,33915,2-s2.0-85210517860
33917,33918,2-s2.0-85210005029
33921,33922,2-s2.0-85189502271
33930,33931,2-s2.0-105009749145
33932,33933,2-s2.0-105007951410
33939,33940,2-s2.0-105006739664
33941,33942,2-s2.0-105006729230
33944,33945,2-s2.0-105006570955
33945,33946,2-s2.0-105006529713
33951,33952,2-s2.0-105005073912
33953,33954,2-s2.0-105004901007
33954,33955,2-s2.0-105004888995
33957,33958,2-s2.0-105003996882
33973,33974,2-s2.0-105002263384
33988,33989,2-s2.0-105000195948
33991,33992,2-s2.0-105005099194
33993,33994,2-s2.0-105007599519
33994,33995,2-s2.0-105005769026
33997,33998,2-s2.0-105005749117
33998,33999,2-s2.0-105005748528
34000,34001,2-s2.0-105005734818
34001,34002,2-s2.0-105005731018
34010,34011,2-s2.0-105004289733
34024,34025,2-s2.0-105004781378
34026,34027,2-s2.0-105003700558
34027,34028,2-s2.0-105003907922
34029,34030,2-s2.0-105003902789
34034,34035,2-s2.0-105004786545
34036,34037,2-s2.0-105007435709
34042,34043,2-s2.0-85219745580
34047,34048,2-s2.0-85219111874
34054,34055,2-s2.0-85217973715
34062,34063,2-s2.0-85216831338
34063,34064,2-s2.0-85216442155
34066,34067,2-s2.0-85215970696
34067,34068,2-s2.0-85215362991
34070,34071,2-s2.0-85214796267
34071,34072,2-s2.0-85214664212
34074,34075,2-s2.0-85211719003
34086,34087,2-s2.0-105010769581
34098,34099,2-s2.0-105004058987
34099,34100,2-s2.0-105004055646
34100,34101,2-s2.0-105003966780
34106,34107,2-s2.0-105003701369
34107,34108,2-s2.0-105003697196
34115,34116,2-s2.0-105003476218
34127,34128,2-s2.0-105003211330
34150,34151,2-s2.0-105001070067
34155,34156,2-s2.0-105002338550
34160,34161,2-s2.0-105002332536
34171,34172,2-s2.0-105002312386
34175,34176,2-s2.0-105002303054
34177,34178,2-s2.0-105002300602
34178,34179,2-s2.0-105002298204
34181,34182,2-s2.0-105002290594
34189,34190,2-s2.0-105002428031
34197,34198,2-s2.0-105001084767
34199,34200,2-s2.0-105001558235
34209,34210,2-s2.0-86000429355
34213,34214,2-s2.0-105000189439
34214,34215,2-s2.0-105000144805
34223,34224,2-s2.0-86000762762
34231,34232,2-s2.0-86000429677
34257,34258,2-s2.0-85213536982
34268,34269,2-s2.0-85208382126
34277,34278,2-s2.0-85197789110
34285,34286,2-s2.0-85185935232
34286,34287,2-s2.0-85183366993
34290,34291,2-s2.0-85179373522
34302,34303,2-s2.0-105010583759
34309,34310,2-s2.0-105007210453
34310,34311,2-s2.0-105006002047
34318,34319,2-s2.0-105004362295
34336,34337,2-s2.0-105001963249
34337,34338,2-s2.0-105001957214
34345,34346,2-s2.0-105001596866
34352,34353,2-s2.0-105001555549
34354,34355,2-s2.0-105001543185
34355,34356,2-s2.0-105001419573
34356,34357,2-s2.0-105001384146
34358,34359,2-s2.0-105001288274
34362,34363,2-s2.0-105001155372
34369,34370,2-s2.0-105001085771
34370,34371,2-s2.0-105001079089
34375,34376,2-s2.0-105001072919
34379,34380,2-s2.0-105001064481
34383,34384,2-s2.0-105000710566
34394,34395,2-s2.0-105005249379
34396,34397,2-s2.0-86000789918
34397,34398,2-s2.0-86000718772
34413,34414,2-s2.0-85218937158
34417,34418,2-s2.0-85218930010
34419,34420,2-s2.0-85215968545
34421,34422,2-s2.0-85218710857
34423,34424,2-s2.0-105001692607
34429,34430,2-s2.0-85215010648
34430,34431,2-s2.0-85218745515
34433,34434,2-s2.0-86000380655
34444,34445,2-s2.0-85218907670
34449,34450,2-s2.0-85218871818
34451,34452,2-s2.0-85218449444
34452,34453,2-s2.0-85218443539
34456,34457,2-s2.0-85217829829
34470,34471,2-s2.0-85210891949
34473,34474,2-s2.0-85210601837
34480,34481,2-s2.0-85208914007
34483,34484,2-s2.0-85208577270
34489,34490,2-s2.0-85207296159
34504,34505,2-s2.0-85201365509
34510,34511,2-s2.0-85195321996
34515,34516,2-s2.0-85192861039
34523,34524,2-s2.0-85146501279
34524,34525,2-s2.0-105011288286
34538,34539,2-s2.0-85219214568
34539,34540,2-s2.0-85219535582
34540,34541,2-s2.0-85219468767
34545,34546,2-s2.0-85219368143
34557,34558,2-s2.0-85218414774
34559,34560,2-s2.0-85215837788
34568,34569,2-s2.0-86000487275
34573,34574,2-s2.0-85217135299
34578,34579,2-s2.0-105004667834
34580,34581,2-s2.0-86000672729
34581,34582,2-s2.0-86000668715
34583,34584,2-s2.0-86000568279
34592,34593,2-s2.0-86000498318
34606,34607,2-s2.0-86000373432
34608,34609,2-s2.0-86000372203
34617,34618,2-s2.0-86000146988
34618,34619,2-s2.0-86000120445
34630,34631,2-s2.0-85219666502
34631,34632,2-s2.0-85219661719
34635,34636,2-s2.0-85219579623
34636,34637,2-s2.0-85219574686
34641,34642,2-s2.0-85219510899
34642,34643,2-s2.0-85219507393
34645,34646,2-s2.0-85219150076
34647,34648,2-s2.0-85219111846
34654,34655,2-s2.0-85218976494
34674,34675,2-s2.0-85218726324
34678,34679,2-s2.0-85218710340
34679,34680,2-s2.0-85218708426
34680,34681,2-s2.0-85218700556
34685,34686,2-s2.0-85218488959
34688,34689,2-s2.0-85218253422
34693,34694,2-s2.0-85218140912
34694,34695,2-s2.0-85218108680
34701,34702,2-s2.0-85218058581
34707,34708,2-s2.0-85217878084
34715,34716,2-s2.0-85217838330
34717,34718,2-s2.0-85217808218
34722,34723,2-s2.0-85217669823
34723,34724,2-s2.0-85217655558
34725,34726,2-s2.0-85217649682
34727,34728,2-s2.0-85217642684
34732,34733,2-s2.0-85217551506
34736,34737,2-s2.0-85217458179
34737,34738,2-s2.0-85217452075
34744,34745,2-s2.0-85217298590
34749,34750,2-s2.0-85217201706
34750,34751,2-s2.0-85217187320
34752,34753,2-s2.0-85217175389
34754,34755,2-s2.0-85217169257
34756,34757,2-s2.0-85217157913
34761,34762,2-s2.0-85217107965
34766,34767,2-s2.0-85217060543
34770,34771,2-s2.0-85217035199
34773,34774,2-s2.0-85217022917
34776,34777,2-s2.0-85216967665
34778,34779,2-s2.0-85216859634
34779,34780,2-s2.0-85216853727
34781,34782,2-s2.0-85216811937
34783,34784,2-s2.0-85216796605
34785,34786,2-s2.0-85216788849
34786,34787,2-s2.0-85216751656
34787,34788,2-s2.0-85216746681
34790,34791,2-s2.0-85216663733
34791,34792,2-s2.0-85216653434
34799,34800,2-s2.0-85216469392
34801,34802,2-s2.0-85216447284
34805,34806,2-s2.0-85216376240
34807,34808,2-s2.0-85216347857
34814,34815,2-s2.0-85216072090
34818,34819,2-s2.0-85215989626
34820,34821,2-s2.0-85215963561
34825,34826,2-s2.0-85215941479
34826,34827,2-s2.0-85215936953
34829,34830,2-s2.0-85215925375
34840,34841,2-s2.0-85215530775
34843,34844,2-s2.0-85215524058
34844,34845,2-s2.0-85215522676
34847,34848,2-s2.0-85215426845
34850,34851,2-s2.0-85215252598
34855,34856,2-s2.0-85215086550
34859,34860,2-s2.0-85214969547
34860,34861,2-s2.0-85214927160
34868,34869,2-s2.0-85214759576
34871,34872,2-s2.0-85214532040
34872,34873,2-s2.0-85214520352
34889,34890,2-s2.0-85214132937
34898,34899,2-s2.0-85213944375
34901,34902,2-s2.0-85213850461
34904,34905,2-s2.0-85213725704
34907,34908,2-s2.0-85213682150
34909,34910,2-s2.0-85213461758
34918,34919,2-s2.0-85212541388
34921,34922,2-s2.0-85212344559
34927,34928,2-s2.0-85212193750
34932,34933,2-s2.0-85211808376
34933,34934,2-s2.0-85211381012
34934,34935,2-s2.0-85211373529
34948,34949,2-s2.0-85210001291
34957,34958,2-s2.0-85209589973
34960,34961,2-s2.0-85208954537
34961,34962,2-s2.0-85208953536
34964,34965,2-s2.0-85208440978
34965,34966,2-s2.0-85208191250
34966,34967,2-s2.0-85208181037
34970,34971,2-s2.0-85207722157
34975,34976,2-s2.0-85207247326
34976,34977,2-s2.0-85206984530
34977,34978,2-s2.0-85206855975
34992,34993,2-s2.0-85204679322
35002,35003,2-s2.0-85203308974
35004,35005,2-s2.0-85202913206
35012,35013,2-s2.0-85199859994
35017,35018,2-s2.0-85199334335
35018,35019,2-s2.0-85199321923
35026,35027,2-s2.0-85197562966
35027,35028,2-s2.0-85197270352
35028,35029,2-s2.0-85196093295
35029,35030,2-s2.0-85196072613
35033,35034,2-s2.0-85195120876
35035,35036,2-s2.0-85193989562
35052,35053,2-s2.0-85186543344
35059,35060,2-s2.0-85182439039
35061,35062,2-s2.0-85181892503
35073,35074,2-s2.0-85173780307
35078,35079,2-s2.0-85165274223
35081,35082,2-s2.0-85158833436
35105,35106,2-s2.0-105013761143
35106,35107,2-s2.0-105013760723
35113,35114,2-s2.0-105013742337
35114,35115,2-s2.0-105013730700
35116,35117,2-s2.0-105013710516
35120,35121,2-s2.0-105013655501
35121,35122,2-s2.0-105013655266
35122,35123,2-s2.0-105013655263
35124,35125,2-s2.0-105013641681
35125,35126,2-s2.0-105013635092
35126,35127,2-s2.0-105013620838
35133,35134,2-s2.0-105013584768
35145,35146,2-s2.0-105013563270
35149,35150,2-s2.0-105013557681
35150,35151,2-s2.0-105013557048
35151,35152,2-s2.0-105013554479
35154,35155,2-s2.0-105013546364
35158,35159,2-s2.0-105013539668
35165,35166,2-s2.0-105013537576
35169,35170,2-s2.0-105013515772
35172,35173,2-s2.0-105013481155
35176,35177,2-s2.0-105013462238
35186,35187,2-s2.0-105013238970
35187,35188,2-s2.0-105013238756
35194,35195,2-s2.0-105013143453
35197,35198,2-s2.0-105013133910
35200,35201,2-s2.0-105013128252
35203,35204,2-s2.0-105013118124
35204,35205,2-s2.0-105013117963
35205,35206,2-s2.0-105013117120
35210,35211,2-s2.0-105013101068
35213,35214,2-s2.0-105013088670
35222,35223,2-s2.0-105013028006
35224,35225,2-s2.0-105013027591
35229,35230,2-s2.0-105013022604
35230,35231,2-s2.0-105013021650
35231,35232,2-s2.0-105013021311
35233,35234,2-s2.0-105013021018
35239,35240,2-s2.0-105012988795
35243,35244,2-s2.0-105012977580
35245,35246,2-s2.0-105012969769
35254,35255,2-s2.0-105012929283
35255,35256,2-s2.0-105012928369
35262,35263,2-s2.0-105012870211
35265,35266,2-s2.0-105012844528
35266,35267,2-s2.0-105012834714
35269,35270,2-s2.0-105012745269
35274,35275,2-s2.0-105012690582
35276,35277,2-s2.0-105012685404
35280,35281,2-s2.0-105012668107
35282,35283,2-s2.0-105012655766
35284,35285,2-s2.0-105012602662
35303,35304,2-s2.0-105012425252
35311,35312,2-s2.0-105012409378
35314,35315,2-s2.0-105012389286
35315,35316,2-s2.0-105012378727
35319,35320,2-s2.0-105012314673
35327,35328,2-s2.0-105012252735
35332,35333,2-s2.0-105012180231
35355,35356,2-s2.0-105012033417
35360,35361,2-s2.0-105012023891
35364,35365,2-s2.0-105012018968
35372,35373,2-s2.0-105011960518
35374,35375,2-s2.0-105011957072
35378,35379,2-s2.0-105011946178
35379,35380,2-s2.0-105011938414
35380,35381,2-s2.0-105011878636
35385,35386,2-s2.0-105011829085
35390,35391,2-s2.0-105011823875
35393,35394,2-s2.0-105011819533
35412,35413,2-s2.0-105011661097
35414,35415,2-s2.0-105011601017
35417,35418,2-s2.0-105011534084
35426,35427,2-s2.0-105011495012
35431,35432,2-s2.0-105011478693
35439,35440,2-s2.0-105011275677
35450,35451,2-s2.0-105011151740
35452,35453,2-s2.0-105011098699
35454,35455,2-s2.0-105011076490
35455,35456,2-s2.0-105011071575
35459,35460,2-s2.0-105011052586
35460,35461,2-s2.0-105011052349
35473,35474,2-s2.0-105010947741
35477,35478,2-s2.0-105010916903
35479,35480,2-s2.0-105010915393
35494,35495,2-s2.0-105010712353
35495,35496,2-s2.0-105010703357
35498,35499,2-s2.0-105010689260
35509,35510,2-s2.0-105010601452
35512,35513,2-s2.0-105010591501
35517,35518,2-s2.0-105010512869
35526,35527,2-s2.0-105010313634
35532,35533,2-s2.0-105010182046
35542,35543,2-s2.0-105010044866
35556,35557,2-s2.0-105009882680
35562,35563,2-s2.0-105009809134
35563,35564,2-s2.0-105009802286
35568,35569,2-s2.0-105009691420
35570,35571,2-s2.0-105009683569
35572,35573,2-s2.0-105009635511
35573,35574,2-s2.0-105009614878
35576,35577,2-s2.0-105009545231
35579,35580,2-s2.0-105009534766
35585,35586,2-s2.0-105009505218
35588,35589,2-s2.0-105009495709
35590,35591,2-s2.0-105009466652
35591,35592,2-s2.0-105009465094
35617,35618,2-s2.0-105009232786
35622,35623,2-s2.0-105009225727
35626,35627,2-s2.0-105009221150
35630,35631,2-s2.0-105009144968
35640,35641,2-s2.0-105009076694
35643,35644,2-s2.0-105009068821
35662,35663,2-s2.0-105008735499
35663,35664,2-s2.0-105008704204
35666,35667,2-s2.0-105008673286
35678,35679,2-s2.0-105008509540
35680,35681,2-s2.0-105008504438
35686,35687,2-s2.0-105008451929
35687,35688,2-s2.0-105008444384
35689,35690,2-s2.0-105008394742
35691,35692,2-s2.0-105008371738
35693,35694,2-s2.0-105008348408
35696,35697,2-s2.0-105008315605
35700,35701,2-s2.0-105008274636
35712,35713,2-s2.0-105008226920
35714,35715,2-s2.0-105008223623
35716,35717,2-s2.0-105008220671
35717,35718,2-s2.0-105008218868
35726,35727,2-s2.0-105008207903
35733,35734,2-s2.0-105008204089
35763,35764,2-s2.0-105008175916
35765,35766,2-s2.0-105008132926
35766,35767,2-s2.0-105008128048
35768,35769,2-s2.0-105008020229
35770,35771,2-s2.0-105008001611
35771,35772,2-s2.0-105007985296
35775,35776,2-s2.0-105007914876
35793,35794,2-s2.0-105007758313
35797,35798,2-s2.0-105007693916
35805,35806,2-s2.0-105007627071
35807,35808,2-s2.0-105007577400
35816,35817,2-s2.0-105007516826
35819,35820,2-s2.0-105007438740
35825,35826,2-s2.0-105007412429
35830,35831,2-s2.0-105007391954
35834,35835,2-s2.0-105007360874
35845,35846,2-s2.0-105007298660
35846,35847,2-s2.0-105007295327
35849,35850,2-s2.0-105007243092
35854,35855,2-s2.0-105007195437
35862,35863,2-s2.0-105007139607
35874,35875,2-s2.0-105007031911
35876,35877,2-s2.0-105007029710
35879,35880,2-s2.0-105007003794
35891,35892,2-s2.0-105006901598
35893,35894,2-s2.0-105006891106
35899,35900,2-s2.0-105006845961
35905,35906,2-s2.0-105006823293
35909,35910,2-s2.0-105006816826
35912,35913,2-s2.0-105006809633
35917,35918,2-s2.0-105006774158
35920,35921,2-s2.0-105006768791
35922,35923,2-s2.0-105006739494
35927,35928,2-s2.0-105006635414
35938,35939,2-s2.0-105006463307
35945,35946,2-s2.0-105005937231
35951,35952,2-s2.0-105005901460
35954,35955,2-s2.0-105005886418
35963,35964,2-s2.0-105005832818
35968,35969,2-s2.0-105005789311
35973,35974,2-s2.0-105005766358
35979,35980,2-s2.0-105005714510
35980,35981,2-s2.0-105005712646
35981,35982,2-s2.0-105005706481
35989,35990,2-s2.0-105005590276
35991,35992,2-s2.0-105005578228
35996,35997,2-s2.0-105005541839
35997,35998,2-s2.0-105005464420
35999,36000,2-s2.0-105005436330
36006,36007,2-s2.0-105005281539
36011,36012,2-s2.0-105005211059
36016,36017,2-s2.0-105005160607
36042,36043,2-s2.0-105005032260
36043,36044,2-s2.0-105005030656
36048,36049,2-s2.0-105004984488
36051,36052,2-s2.0-105004982251
36054,36055,2-s2.0-105004950125
36060,36061,2-s2.0-105004878244
36061,36062,2-s2.0-105004851598
36071,36072,2-s2.0-105004734095
36072,36073,2-s2.0-105004640282
36080,36081,2-s2.0-105004617080
36081,36082,2-s2.0-105004616779
36086,36087,2-s2.0-105004610885
36088,36089,2-s2.0-105004606260
36095,36096,2-s2.0-105004550258
36098,36099,2-s2.0-105004477080
36104,36105,2-s2.0-105004448375
36119,36120,2-s2.0-105004279843
36120,36121,2-s2.0-105004266737
36121,36122,2-s2.0-105004254000
36122,36123,2-s2.0-105004233764
36126,36127,2-s2.0-105004171844
36133,36134,2-s2.0-105004046340
36135,36136,2-s2.0-105004037533
36139,36140,2-s2.0-105004006772
36146,36147,2-s2.0-105003962517
36150,36151,2-s2.0-105003909453
36151,36152,2-s2.0-105003905533
36160,36161,2-s2.0-105003769720
36169,36170,2-s2.0-105003724892
36175,36176,2-s2.0-105003677637
36176,36177,2-s2.0-105003655754
36178,36179,2-s2.0-105003641921
36183,36184,2-s2.0-105003639702
36194,36195,2-s2.0-105003627003
36197,36198,2-s2.0-105003625576
36220,36221,2-s2.0-105003371060
36222,36223,2-s2.0-105003337787
36230,36231,2-s2.0-105003243150
36236,36237,2-s2.0-105003207846
36249,36250,2-s2.0-105003140629
36254,36255,2-s2.0-105003084847
36262,36263,2-s2.0-105002790128
36270,36271,2-s2.0-105002737530
36279,36280,2-s2.0-105002687212
36281,36282,2-s2.0-105002677973
36288,36289,2-s2.0-105002592510
36311,36312,2-s2.0-105002360397
36317,36318,2-s2.0-105002266986
36327,36328,2-s2.0-105002162444
36329,36330,2-s2.0-105002133234
36331,36332,2-s2.0-105002074838
36334,36335,2-s2.0-105002045625
36339,36340,2-s2.0-105002005141
36344,36345,2-s2.0-105001990229
36371,36372,2-s2.0-105001801363
36380,36381,2-s2.0-105001683943
36383,36384,2-s2.0-105001646325
36402,36403,2-s2.0-105001463203
36405,36406,2-s2.0-105001419953
36411,36412,2-s2.0-105001391464
36415,36416,2-s2.0-105001370202
36422,36423,2-s2.0-105001344781
36430,36431,2-s2.0-105001308655
36431,36432,2-s2.0-105001294565
36455,36456,2-s2.0-105001070652
36477,36478,2-s2.0-105000713383
36478,36479,2-s2.0-105000681550
36485,36486,2-s2.0-105000522557
36497,36498,2-s2.0-105000299113
36498,36499,2-s2.0-105000283184
36517,36518,2-s2.0-105000077593
36531,36532,2-s2.0-105012985368
36534,36535,2-s2.0-85217702265
36535,36536,2-s2.0-85212019769
36537,36538,2-s2.0-85212791938
36538,36539,2-s2.0-105008607525
36539,36540,2-s2.0-105008604727
36543,36544,2-s2.0-105007685517
36546,36547,2-s2.0-85210588557
36554,36555,2-s2.0-85212977042
36555,36556,2-s2.0-85212970776
36558,36559,2-s2.0-85212963898
36567,36568,2-s2.0-85212925255
36570,36571,2-s2.0-105005817818
36578,36579,2-s2.0-85217968871
36579,36580,2-s2.0-85217857559
36589,36590,2-s2.0-85216879620
36597,36598,2-s2.0-85214429606
36600,36601,2-s2.0-85213826896
36605,36606,2-s2.0-85213469518
36607,36608,2-s2.0-85213457929
36610,36611,2-s2.0-85213429789
36616,36617,2-s2.0-85213012154
36618,36619,2-s2.0-85212970210
36621,36622,2-s2.0-85212705090
36638,36639,2-s2.0-85211897699
36650,36651,2-s2.0-85211186170
36658,36659,2-s2.0-85211114811
36664,36665,2-s2.0-85211008944
36671,36672,2-s2.0-85210771805
36672,36673,2-s2.0-85210525715
36673,36674,2-s2.0-85210391958
36677,36678,2-s2.0-85209912002
36686,36687,2-s2.0-85209481089
36702,36703,2-s2.0-85208132447
36703,36704,2-s2.0-85208127099
36710,36711,2-s2.0-85207782302
36713,36714,2-s2.0-85207383901
36714,36715,2-s2.0-85206962074
36721,36722,2-s2.0-85206540609
36722,36723,2-s2.0-85206475400
36725,36726,2-s2.0-85206086210
36730,36731,2-s2.0-85205861891
36739,36740,2-s2.0-85205315238
36741,36742,2-s2.0-85205264113
36742,36743,2-s2.0-85205248213
36747,36748,2-s2.0-85204941046
36752,36753,2-s2.0-85204550051
36754,36755,2-s2.0-85204313587
36760,36761,2-s2.0-85204142606
36763,36764,2-s2.0-85203966535
36765,36766,2-s2.0-85203620103
36781,36782,2-s2.0-85201636356
36785,36786,2-s2.0-85201323858
36805,36806,2-s2.0-85197228845
36809,36810,2-s2.0-85196488392
36818,36819,2-s2.0-85194839311
36820,36821,2-s2.0-85194705802
36822,36823,2-s2.0-85192814864
36828,36829,2-s2.0-85191724057
36829,36830,2-s2.0-85191174182
36851,36852,2-s2.0-85185970269
36857,36858,2-s2.0-85184921515
36866,36867,2-s2.0-85176790339
36873,36874,2-s2.0-85169101119
36884,36885,2-s2.0-105011382048
36892,36893,2-s2.0-105000837590
36897,36898,2-s2.0-105000221747
36899,36900,2-s2.0-85210345234
36912,36913,2-s2.0-85212898153
36918,36919,2-s2.0-85186493576
36929,36930,2-s2.0-85210261794
36934,36935,2-s2.0-85208648806
36945,36946,2-s2.0-85219321310
36950,36951,2-s2.0-85215623872
36951,36952,2-s2.0-85215603309
36953,36954,2-s2.0-85215594641
36961,36962,2-s2.0-85215571850
36965,36966,2-s2.0-85215378357
36966,36967,2-s2.0-85215363062
36970,36971,2-s2.0-85211172199
36972,36973,2-s2.0-85211152469
36977,36978,2-s2.0-85210906594
36978,36979,2-s2.0-85210902993
36981,36982,2-s2.0-85210559003
36987,36988,2-s2.0-85210254261
36988,36989,2-s2.0-85210236006
36991,36992,2-s2.0-85210026303
36992,36993,2-s2.0-85209920249
36996,36997,2-s2.0-85209719393
36997,36998,2-s2.0-85208943855
36998,36999,2-s2.0-85208756370
37000,37001,2-s2.0-85208535913
37001,37002,2-s2.0-85208436493
37008,37009,2-s2.0-85204421385
37010,37011,2-s2.0-85204356413
37016,37017,2-s2.0-85203128067
37017,37018,2-s2.0-85203070864
37019,37020,2-s2.0-85202173086
37021,37022,2-s2.0-85201977447
37031,37032,2-s2.0-85200383744
37041,37042,2-s2.0-85197905694
37045,37046,2-s2.0-85196298748
37052,37053,2-s2.0-85190998797
37056,37057,2-s2.0-85188744584
37058,37059,2-s2.0-85187933738
37064,37065,2-s2.0-85153038332
37069,37070,2-s2.0-85210808392
37070,37071,2-s2.0-85212584398
37071,37072,2-s2.0-85198714434
37078,37079,2-s2.0-85201099976
37081,37082,2-s2.0-85204873000
37091,37092,2-s2.0-85206060263
37093,37094,2-s2.0-85207210418
37097,37098,2-s2.0-85207167170
37109,37110,2-s2.0-85218778470
37112,37113,2-s2.0-85214349078
37117,37118,2-s2.0-85210448938
37120,37121,2-s2.0-85209772924
37137,37138,2-s2.0-85207716745
37144,37145,2-s2.0-85207427584
37148,37149,2-s2.0-85207188946
37150,37151,2-s2.0-85206565629
37158,37159,2-s2.0-85204730166
37160,37161,2-s2.0-85202010912
37171,37172,2-s2.0-85200150394
37173,37174,2-s2.0-85200032701
37174,37175,2-s2.0-85199591693
37175,37176,2-s2.0-85199485925
37177,37178,2-s2.0-85199430039
37178,37179,2-s2.0-85199429394
37182,37183,2-s2.0-85198518128
37183,37184,2-s2.0-85198419200
37201,37202,2-s2.0-85195221154
37204,37205,2-s2.0-85194849750
37213,37214,2-s2.0-85192975858
37221,37222,2-s2.0-85185511011
37231,37232,2-s2.0-85178301238
37233,37234,2-s2.0-85166353121
37235,37236,2-s2.0-85161437609
37255,37256,2-s2.0-85207472521
37261,37262,2-s2.0-85204981116
37266,37267,2-s2.0-85204951989
37271,37272,2-s2.0-85201403198
37275,37276,2-s2.0-85205573805
37279,37280,2-s2.0-86000333943
37285,37286,2-s2.0-85217221398
37293,37294,2-s2.0-85210439041
37295,37296,2-s2.0-85209766579
37302,37303,2-s2.0-85209734101
37304,37305,2-s2.0-85209643656
37319,37320,2-s2.0-85205235347
37320,37321,2-s2.0-85205227586
37327,37328,2-s2.0-85204422008
37328,37329,2-s2.0-85204339580
37335,37336,2-s2.0-85203853050
37338,37339,2-s2.0-85203137285
37342,37343,2-s2.0-85201587243
37343,37344,2-s2.0-85201562042
37346,37347,2-s2.0-85201368900
37347,37348,2-s2.0-85201365848
37349,37350,2-s2.0-85201324875
37355,37356,2-s2.0-85200747736
37362,37363,2-s2.0-85200149171
37370,37371,2-s2.0-85199164153
37378,37379,2-s2.0-85198594695
37382,37383,2-s2.0-85198114012
37383,37384,2-s2.0-85198085449
37390,37391,2-s2.0-85196165182
37395,37396,2-s2.0-85195405347
37398,37399,2-s2.0-85194837877
37399,37400,2-s2.0-85194750115
37400,37401,2-s2.0-85194390910
37407,37408,2-s2.0-85192145918
37412,37413,2-s2.0-85190464106
37414,37415,2-s2.0-85186945678
37417,37418,2-s2.0-85186456282
37425,37426,2-s2.0-85173520705
37436,37437,2-s2.0-105010284527
37448,37449,2-s2.0-85200627303
37449,37450,2-s2.0-85205216307
37450,37451,2-s2.0-85202005520
37452,37453,2-s2.0-105003516558
37455,37456,2-s2.0-85204844432
37465,37466,2-s2.0-85204335395
37472,37473,2-s2.0-85204273036
37473,37474,2-s2.0-85203485083
37475,37476,2-s2.0-85216992247
37476,37477,2-s2.0-85198136169
37481,37482,2-s2.0-85206977176
37482,37483,2-s2.0-85205831906
37484,37485,2-s2.0-85205540687
37486,37487,2-s2.0-85204405478
37489,37490,2-s2.0-85203999685
37495,37496,2-s2.0-85202753582
37497,37498,2-s2.0-85202636798
37499,37500,2-s2.0-85202626717
37503,37504,2-s2.0-85202604324
37504,37505,2-s2.0-85202601566
37505,37506,2-s2.0-85202599836
37506,37507,2-s2.0-85202595832
37508,37509,2-s2.0-85202481073
37525,37526,2-s2.0-85201101158
37530,37531,2-s2.0-85199543735
37534,37535,2-s2.0-85198274395
37536,37537,2-s2.0-85198078422
37541,37542,2-s2.0-85197143431
37546,37547,2-s2.0-85195858920
37551,37552,2-s2.0-85194371915
37558,37559,2-s2.0-85194161693
37564,37565,2-s2.0-85192755276
37573,37574,2-s2.0-85189632187
37581,37582,2-s2.0-85186427648
37582,37583,2-s2.0-85186401718
37586,37587,2-s2.0-85184273008
37588,37589,2-s2.0-85183631111
37589,37590,2-s2.0-85182233319
37610,37611,2-s2.0-85197903404
37613,37614,2-s2.0-85212508874
37617,37618,2-s2.0-85202714465
37621,37622,2-s2.0-85204551768
37622,37623,2-s2.0-85204525410
37634,37635,2-s2.0-85201073245
37639,37640,2-s2.0-85198598288
37642,37643,2-s2.0-85199892623
37643,37644,2-s2.0-85199886632
37655,37656,2-s2.0-85198904146
37656,37657,2-s2.0-85198903503
37662,37663,2-s2.0-85208726499
37668,37669,2-s2.0-85208697261
37669,37670,2-s2.0-85208695725
37675,37676,2-s2.0-85212711318
37680,37681,2-s2.0-85205707485
37681,37682,2-s2.0-85205449048
37686,37687,2-s2.0-85203585343
37690,37691,2-s2.0-85201541891
37712,37713,2-s2.0-85199628834
37715,37716,2-s2.0-85199581732
37722,37723,2-s2.0-85199175759
37728,37729,2-s2.0-85198110248
37730,37731,2-s2.0-85197397934
37733,37734,2-s2.0-85197372459
37734,37735,2-s2.0-85196839185
37737,37738,2-s2.0-85195875782
37739,37740,2-s2.0-85195180454
37742,37743,2-s2.0-85194739172
37755,37756,2-s2.0-85187481243
37761,37762,2-s2.0-85184239524
37769,37770,2-s2.0-85178491685
37777,37778,2-s2.0-85159069950
37794,37795,2-s2.0-85197945430
37795,37796,2-s2.0-85202079937
37813,37814,2-s2.0-85202073807
37821,37822,2-s2.0-85202070548
37825,37826,2-s2.0-85202068809
37829,37830,2-s2.0-85202068048
37830,37831,2-s2.0-85202067893
37849,37850,2-s2.0-85202063265
37851,37852,2-s2.0-85202062410
37854,37855,2-s2.0-85202061259
37855,37856,2-s2.0-85202061242
37860,37861,2-s2.0-85202059853
37862,37863,2-s2.0-85202059021
37864,37865,2-s2.0-85202057666
37867,37868,2-s2.0-85202056388
37869,37870,2-s2.0-85202055915
37870,37871,2-s2.0-85202055344
37876,37877,2-s2.0-85202053826
37879,37880,2-s2.0-85202052152
37885,37886,2-s2.0-85202050533
37892,37893,2-s2.0-85202047789
37898,37899,2-s2.0-85202045606
37899,37900,2-s2.0-85202045448
37913,37914,2-s2.0-85202039408
37914,37915,2-s2.0-85202038782
37917,37918,2-s2.0-85202038493
37919,37920,2-s2.0-85202037936
37930,37931,2-s2.0-85202035112
37931,37932,2-s2.0-85202035094
37936,37937,2-s2.0-85202033660
37948,37949,2-s2.0-85202029474
37951,37952,2-s2.0-85202028274
37953,37954,2-s2.0-85202027541
37960,37961,2-s2.0-85202023007
37972,37973,2-s2.0-85202020190
37973,37974,2-s2.0-85202019870
37976,37977,2-s2.0-85202018559
37987,37988,2-s2.0-85202016507
37994,37995,2-s2.0-85202014433
37997,37998,2-s2.0-85202014265
37998,37999,2-s2.0-85202014115
38003,38004,2-s2.0-85202013362
38009,38010,2-s2.0-85202011851
38017,38018,2-s2.0-85202009765
38019,38020,2-s2.0-85200028999
38024,38025,2-s2.0-85205354479
38039,38040,2-s2.0-85202515579
38065,38066,2-s2.0-85207826459
38067,38068,2-s2.0-85207207310
38069,38070,2-s2.0-85204310509
38071,38072,2-s2.0-85203279688
38074,38075,2-s2.0-85201862844
38078,38079,2-s2.0-85201278695
38084,38085,2-s2.0-85198929852
38092,38093,2-s2.0-85198065794
38095,38096,2-s2.0-85197942480
38100,38101,2-s2.0-85197261424
38105,38106,2-s2.0-85197170718
38108,38109,2-s2.0-85197149823
38114,38115,2-s2.0-85196904044
38132,38133,2-s2.0-85194867061
38142,38143,2-s2.0-85193619888
38151,38152,2-s2.0-85192669902
38156,38157,2-s2.0-85192320826
38166,38167,2-s2.0-85190786518
38170,38171,2-s2.0-85190668821
38175,38176,2-s2.0-85189967249
38181,38182,2-s2.0-85189518900
38185,38186,2-s2.0-85189141579
38188,38189,2-s2.0-85188015440
38190,38191,2-s2.0-85187955959
38191,38192,2-s2.0-85187716883
38199,38200,2-s2.0-85186557715
38207,38208,2-s2.0-85182846925
38210,38211,2-s2.0-85182461519
38211,38212,2-s2.0-85182460388
38216,38217,2-s2.0-85179682484
38227,38228,2-s2.0-85172895428
38228,38229,2-s2.0-85171688321
38229,38230,2-s2.0-85171667683
38232,38233,2-s2.0-85169618641
38239,38240,2-s2.0-85156258793
38242,38243,2-s2.0-85149474710
38255,38256,2-s2.0-105003954994
38256,38257,2-s2.0-85201633773
38257,38258,2-s2.0-85194993938
38258,38259,2-s2.0-85194822872
38264,38265,2-s2.0-85194745013
38276,38277,2-s2.0-85191876460
38280,38281,2-s2.0-85205525849
38281,38282,2-s2.0-85191960483
38284,38285,2-s2.0-85194148591
38294,38295,2-s2.0-85194077792
38298,38299,2-s2.0-85197415015
38306,38307,2-s2.0-85202904521
38310,38311,2-s2.0-85201211556
38317,38318,2-s2.0-85197943294
38318,38319,2-s2.0-85197860429
38319,38320,2-s2.0-85197264451
38331,38332,2-s2.0-85194910485
38335,38336,2-s2.0-85194270535
38337,38338,2-s2.0-85194247468
38341,38342,2-s2.0-85194243216
38351,38352,2-s2.0-85193047992
38353,38354,2-s2.0-85192809743
38354,38355,2-s2.0-85192702733
38371,38372,2-s2.0-85187621822
38376,38377,2-s2.0-85186069803
38378,38379,2-s2.0-85185461137
38389,38390,2-s2.0-85168276330
38399,38400,2-s2.0-85193020123
38407,38408,2-s2.0-85192993821
38411,38412,2-s2.0-85192845422
38414,38415,2-s2.0-85192362459
38418,38419,2-s2.0-85193587583
38423,38424,2-s2.0-85191972725
38429,38430,2-s2.0-85192568710
38437,38438,2-s2.0-85191027173
38456,38457,2-s2.0-85179996002
38460,38461,2-s2.0-85192115657
38470,38471,2-s2.0-85190654238
38474,38475,2-s2.0-85196559620
38480,38481,2-s2.0-85194154900
38481,38482,2-s2.0-85194148661
38482,38483,2-s2.0-85194147476
38501,38502,2-s2.0-85191292133
38503,38504,2-s2.0-85191291900
38515,38516,2-s2.0-85188158267
38522,38523,2-s2.0-85186573433
38524,38525,2-s2.0-85186462906
38531,38532,2-s2.0-85183881760
38535,38536,2-s2.0-85181677532
38536,38537,2-s2.0-85180189256
38539,38540,2-s2.0-85177180368
38547,38548,2-s2.0-85173537045
38551,38552,2-s2.0-85167400462
38558,38559,2-s2.0-85159723430
38559,38560,2-s2.0-85151720231
38560,38561,2-s2.0-85151376351
38573,38574,2-s2.0-85079704305
38574,38575,2-s2.0-85078425429
38579,38580,2-s2.0-85128820587
38581,38582,2-s2.0-85185354954
38589,38590,2-s2.0-85189327598
38590,38591,2-s2.0-85189309389
38592,38593,2-s2.0-85189295031
38597,38598,2-s2.0-85204443128
38620,38621,2-s2.0-85189305423
38624,38625,2-s2.0-85188447875
38643,38644,2-s2.0-85195700176
38681,38682,2-s2.0-85187201380
38686,38687,2-s2.0-85186770503
38688,38689,2-s2.0-85186603892
38690,38691,2-s2.0-85186215002
38694,38695,2-s2.0-85185397639
38695,38696,2-s2.0-85185305361
38700,38701,2-s2.0-85184192278
38701,38702,2-s2.0-85183945090
38702,38703,2-s2.0-85183833547
38706,38707,2-s2.0-85182703701
38708,38709,2-s2.0-85180918164
38711,38712,2-s2.0-85180435853
38720,38721,2-s2.0-85173991415
38723,38724,2-s2.0-85165871836
38731,38732,2-s2.0-85147940365
38733,38734,2-s2.0-85146835387
38734,38735,2-s2.0-85146350433
38735,38736,2-s2.0-85141749963
38738,38739,2-s2.0-85134350246
38748,38749,2-s2.0-85164134163
38752,38753,2-s2.0-85186525233
38758,38759,2-s2.0-85186517819
38760,38761,2-s2.0-85186517582
38764,38765,2-s2.0-85186503180
38778,38779,2-s2.0-85184589962
38781,38782,2-s2.0-85211143048
38798,38799,2-s2.0-85188445808
38807,38808,2-s2.0-85187295536
38815,38816,2-s2.0-85186253306
38826,38827,2-s2.0-85185241186
38828,38829,2-s2.0-85184493226
38832,38833,2-s2.0-85183109018
38843,38844,2-s2.0-85176146451
38849,38850,2-s2.0-85169170713
38852,38853,2-s2.0-85161868657
38853,38854,2-s2.0-85161718556
38862,38863,2-s2.0-85138715022
38864,38865,2-s2.0-85137924413
38872,38873,2-s2.0-85184307296
38873,38874,2-s2.0-85193970296
38881,38882,2-s2.0-85184576563
38892,38893,2-s2.0-85182550421
38910,38911,2-s2.0-86000252954
38932,38933,2-s2.0-85219435527
38933,38934,2-s2.0-85219426530
38937,38938,2-s2.0-85219412139
38940,38941,2-s2.0-85219346475
38942,38943,2-s2.0-85219335536
38945,38946,2-s2.0-85219294312
38948,38949,2-s2.0-85219270118
38951,38952,2-s2.0-85219243358
38952,38953,2-s2.0-85219237995
38964,38965,2-s2.0-85218783121
38968,38969,2-s2.0-85218666917
38972,38973,2-s2.0-85218656281
38973,38974,2-s2.0-85218652701
38979,38980,2-s2.0-85218642115
38981,38982,2-s2.0-85218641568
38988,38989,2-s2.0-85218636608
38992,38993,2-s2.0-85218632059
39005,39006,2-s2.0-85218623862
39010,39011,2-s2.0-85218506047
39017,39018,2-s2.0-85218307674
39019,39020,2-s2.0-85218220795
39030,39031,2-s2.0-85218068365
39031,39032,2-s2.0-85218056497
39043,39044,2-s2.0-85217754737
39051,39052,2-s2.0-85217632613
39054,39055,2-s2.0-85217531443
39056,39057,2-s2.0-85217506315
39060,39061,2-s2.0-85217262242
39061,39062,2-s2.0-85217257653
39062,39063,2-s2.0-85217240750
39063,39064,2-s2.0-85217233144
39066,39067,2-s2.0-85217198874
39074,39075,2-s2.0-85216921148
39084,39085,2-s2.0-85216790397
39087,39088,2-s2.0-85216787113
39090,39091,2-s2.0-85216778659
39091,39092,2-s2.0-85216778158
39109,39110,2-s2.0-85216547425
39121,39122,2-s2.0-85216249299
39133,39134,2-s2.0-85215816137
39137,39138,2-s2.0-85215688658
39141,39142,2-s2.0-85215668292
39142,39143,2-s2.0-85215663516
39150,39151,2-s2.0-85215371648
39154,39155,2-s2.0-85215227483
39158,39159,2-s2.0-85215093236
39162,39163,2-s2.0-85214986347
39163,39164,2-s2.0-85214982949
39165,39166,2-s2.0-85214928263
39191,39192,2-s2.0-85214310063
39194,39195,2-s2.0-85214237897
39200,39201,2-s2.0-85214001260
39204,39205,2-s2.0-85213967946
39216,39217,2-s2.0-85213391392
39217,39218,2-s2.0-85213383082
39226,39227,2-s2.0-85213071656
39229,39230,2-s2.0-85213037374
39236,39237,2-s2.0-85212949764
39240,39241,2-s2.0-85212928673
39246,39247,2-s2.0-85212888758
39247,39248,2-s2.0-85212877612
39252,39253,2-s2.0-85212819649
39256,39257,2-s2.0-85212779501
39262,39263,2-s2.0-85212663109
39274,39275,2-s2.0-85212476304
39275,39276,2-s2.0-85212467987
39284,39285,2-s2.0-85212214970
39285,39286,2-s2.0-85212156184
39288,39289,2-s2.0-85212148797
39291,39292,2-s2.0-85212142744
39292,39293,2-s2.0-85212119751
39299,39300,2-s2.0-85212086840
39300,39301,2-s2.0-85212079241
39301,39302,2-s2.0-85212073792
39311,39312,2-s2.0-85212043688
39316,39317,2-s2.0-85212015397
39318,39319,2-s2.0-85211999541
39319,39320,2-s2.0-85211967687
39321,39322,2-s2.0-85211927970
39332,39333,2-s2.0-85211640974
39340,39341,2-s2.0-85211574010
39342,39343,2-s2.0-85211505192
39345,39346,2-s2.0-85211497123
39349,39350,2-s2.0-85211483986
39363,39364,2-s2.0-85211201973
39368,39369,2-s2.0-85211153290
39369,39370,2-s2.0-85211150364
39371,39372,2-s2.0-85211142381
39376,39377,2-s2.0-85211124065
39377,39378,2-s2.0-85211119083
39387,39388,2-s2.0-85211085240
39389,39390,2-s2.0-85210966111
39390,39391,2-s2.0-85210948044
39391,39392,2-s2.0-85210945354
39393,39394,2-s2.0-85210931955
39399,39400,2-s2.0-85210868919
39403,39404,2-s2.0-85210806982
39404,39405,2-s2.0-85210802436
39406,39407,2-s2.0-85210748173
39409,39410,2-s2.0-85210577419
39413,39414,2-s2.0-85210457848
39420,39421,2-s2.0-85210318319
39432,39433,2-s2.0-85210036895
39434,39435,2-s2.0-85210006470
39440,39441,2-s2.0-85209909906
39441,39442,2-s2.0-85209898471
39443,39444,2-s2.0-85209872297
39445,39446,2-s2.0-85209825484
39452,39453,2-s2.0-85209655888
39455,39456,2-s2.0-85209580177
39462,39463,2-s2.0-85209356130
39463,39464,2-s2.0-85209258085
39466,39467,2-s2.0-85209230554
39475,39476,2-s2.0-85209179234
39482,39483,2-s2.0-85209103618
39490,39491,2-s2.0-85208903593
39491,39492,2-s2.0-85208857288
39492,39493,2-s2.0-85208829143
39499,39500,2-s2.0-85208752949
39502,39503,2-s2.0-85208713794
39503,39504,2-s2.0-85208651794
39504,39505,2-s2.0-85208612157
39507,39508,2-s2.0-85208565453
39514,39515,2-s2.0-85208454395
39517,39518,2-s2.0-85208429587
39520,39521,2-s2.0-85208368006
39521,39522,2-s2.0-85208357045
39525,39526,2-s2.0-85208319203
39526,39527,2-s2.0-85208277262
39537,39538,2-s2.0-85207961293
39541,39542,2-s2.0-85207944826
39543,39544,2-s2.0-85207854963
39547,39548,2-s2.0-85207819468
39558,39559,2-s2.0-85207401486
39563,39564,2-s2.0-85207289618
39567,39568,2-s2.0-85207259166
39572,39573,2-s2.0-85207192880
39577,39578,2-s2.0-85207086352
39579,39580,2-s2.0-85207045845
39582,39583,2-s2.0-85207039889
39583,39584,2-s2.0-85207038858
39593,39594,2-s2.0-85206852121
39603,39604,2-s2.0-85206655139
39604,39605,2-s2.0-85206653050
39606,39607,2-s2.0-85206646898
39609,39610,2-s2.0-85206636657
39612,39613,2-s2.0-85206619920
39613,39614,2-s2.0-85206611197
39617,39618,2-s2.0-85206568621
39618,39619,2-s2.0-85206565602
39620,39621,2-s2.0-85206492320
39627,39628,2-s2.0-85206248115
39632,39633,2-s2.0-85206152208
39634,39635,2-s2.0-85206119817
39644,39645,2-s2.0-85206055744
39650,39651,2-s2.0-85206039069
39664,39665,2-s2.0-85205929650
39670,39671,2-s2.0-85205675303
39674,39675,2-s2.0-85205600036
39680,39681,2-s2.0-85205582906
39681,39682,2-s2.0-85205578836
39690,39691,2-s2.0-85205548581
39701,39702,2-s2.0-85205495823
39703,39704,2-s2.0-85205451578
39711,39712,2-s2.0-85205369390
39715,39716,2-s2.0-85205360664
39719,39720,2-s2.0-85205342804
39728,39729,2-s2.0-85205256270
39731,39732,2-s2.0-85205228987
39736,39737,2-s2.0-85205106117
39738,39739,2-s2.0-85205088504
39740,39741,2-s2.0-85205064279
39744,39745,2-s2.0-85204991599
39747,39748,2-s2.0-85204893578
39756,39757,2-s2.0-85204701272
39758,39759,2-s2.0-85204636261
39760,39761,2-s2.0-85204586385
39770,39771,2-s2.0-85204425836
39790,39791,2-s2.0-85204302498
39805,39806,2-s2.0-85204020197
39810,39811,2-s2.0-85203874008
39814,39815,2-s2.0-85203823780
39819,39820,2-s2.0-85203796228
39822,39823,2-s2.0-85203709663
39831,39832,2-s2.0-85203581805
39833,39834,2-s2.0-85203580997
39835,39836,2-s2.0-85203542155
39838,39839,2-s2.0-85203459748
39843,39844,2-s2.0-85203324493
39845,39846,2-s2.0-85203289119
39849,39850,2-s2.0-85203068695
39854,39855,2-s2.0-85202973922
39859,39860,2-s2.0-85202927766
39866,39867,2-s2.0-85202894014
39875,39876,2-s2.0-85202794714
39879,39880,2-s2.0-85202605484
39887,39888,2-s2.0-85202523264
39888,39889,2-s2.0-85202514388
39893,39894,2-s2.0-85202214371
39894,39895,2-s2.0-85202209037
39897,39898,2-s2.0-85202177505
39903,39904,2-s2.0-85202044951
39912,39913,2-s2.0-85201958687
39913,39914,2-s2.0-85201940154
39914,39915,2-s2.0-85201937221
39921,39922,2-s2.0-85201761704
39922,39923,2-s2.0-85201761400
39925,39926,2-s2.0-85201726082
39935,39936,2-s2.0-85201586304
39936,39937,2-s2.0-85201533549
39937,39938,2-s2.0-85201440942
39939,39940,2-s2.0-85201424222
39940,39941,2-s2.0-85201421626
39944,39945,2-s2.0-85201399078
39945,39946,2-s2.0-85201397941
39948,39949,2-s2.0-85201382190
39952,39953,2-s2.0-85201370861
39953,39954,2-s2.0-85201368889
39956,39957,2-s2.0-85201315306
39960,39961,2-s2.0-85201283678
39963,39964,2-s2.0-85201238470
39965,39966,2-s2.0-85201219309
39969,39970,2-s2.0-85201126979
39977,39978,2-s2.0-85200963867
39979,39980,2-s2.0-85200959441
39983,39984,2-s2.0-85200836142
39989,39990,2-s2.0-85200789826
39995,39996,2-s2.0-85200756856
40007,40008,2-s2.0-85200601697
40014,40015,2-s2.0-85200565385
40020,40021,2-s2.0-85200545471
40030,40031,2-s2.0-85200509470
40032,40033,2-s2.0-85200495331
40053,40054,2-s2.0-85200392928
40061,40062,2-s2.0-85200368429
40062,40063,2-s2.0-85200368158
40076,40077,2-s2.0-85200273416
40078,40079,2-s2.0-85200268858
40079,40080,2-s2.0-85200267071
40083,40084,2-s2.0-85200259277
40084,40085,2-s2.0-85200253608
40097,40098,2-s2.0-85200146024
40099,40100,2-s2.0-85200128276
40103,40104,2-s2.0-85200032710
40106,40107,2-s2.0-85199997804
40117,40118,2-s2.0-85199758915
40124,40125,2-s2.0-85199626084
40129,40130,2-s2.0-85199611494
40139,40140,2-s2.0-85199556430
40146,40147,2-s2.0-85199474907
40151,40152,2-s2.0-85199377467
40154,40155,2-s2.0-85199326589
40157,40158,2-s2.0-85199303327
40164,40165,2-s2.0-85199182683
40169,40170,2-s2.0-85199159526
40173,40174,2-s2.0-85199117274
40180,40181,2-s2.0-85199098584
40182,40183,2-s2.0-85199090677
40183,40184,2-s2.0-85199087687
40190,40191,2-s2.0-85199073726
40198,40199,2-s2.0-85199047323
40199,40200,2-s2.0-85199046551
40200,40201,2-s2.0-85199046426
40212,40213,2-s2.0-85198936056
40220,40221,2-s2.0-85198666759
40222,40223,2-s2.0-85198651567
40224,40225,2-s2.0-85198632308
40234,40235,2-s2.0-85198436831
40236,40237,2-s2.0-85198392420
40254,40255,2-s2.0-85198333745
40256,40257,2-s2.0-85198324325
40262,40263,2-s2.0-85198224305
40294,40295,2-s2.0-85197660736
40297,40298,2-s2.0-85197582323
40301,40302,2-s2.0-85197501670
40310,40311,2-s2.0-85197371263
40318,40319,2-s2.0-85197236407
40322,40323,2-s2.0-85197193127
40327,40328,2-s2.0-85196963696
40334,40335,2-s2.0-85196857507
40337,40338,2-s2.0-85196795628
40340,40341,2-s2.0-85196756664
40341,40342,2-s2.0-85196755831
40344,40345,2-s2.0-85196733116
40348,40349,2-s2.0-85196641429
40350,40351,2-s2.0-85196488081
40352,40353,2-s2.0-85196481432
40353,40354,2-s2.0-85196471591
40360,40361,2-s2.0-85196214113
40366,40367,2-s2.0-85196161505
40367,40368,2-s2.0-85196148711
40374,40375,2-s2.0-85195988562
40379,40380,2-s2.0-85195835059
40385,40386,2-s2.0-85195741823
40391,40392,2-s2.0-85195575593
40394,40395,2-s2.0-85195553392
40395,40396,2-s2.0-85195542147
40402,40403,2-s2.0-85195429708
40409,40410,2-s2.0-85195364294
40416,40417,2-s2.0-85195254400
40429,40430,2-s2.0-85194920129
40439,40440,2-s2.0-85194711879
40458,40459,2-s2.0-85194137760
40467,40468,2-s2.0-85193966753
40470,40471,2-s2.0-85193922159
40489,40490,2-s2.0-85193467902
40495,40496,2-s2.0-85193262233
40504,40505,2-s2.0-85193005626
40509,40510,2-s2.0-85192964975
40511,40512,2-s2.0-85192885000
40513,40514,2-s2.0-85192879039
40523,40524,2-s2.0-85192772748
40538,40539,2-s2.0-85192510706
40540,40541,2-s2.0-85192296881
40542,40543,2-s2.0-85192272711
40550,40551,2-s2.0-85192139634
40553,40554,2-s2.0-85192085798
40554,40555,2-s2.0-85192054891
40559,40560,2-s2.0-85192010112
40564,40565,2-s2.0-85191991627
40585,40586,2-s2.0-85191480850
40590,40591,2-s2.0-85191334105
40595,40596,2-s2.0-85191234178
40598,40599,2-s2.0-85191083369
40606,40607,2-s2.0-85190966758
40607,40608,2-s2.0-85190932983
40613,40614,2-s2.0-85190674209
40617,40618,2-s2.0-85190384707
40622,40623,2-s2.0-85190368679
40627,40628,2-s2.0-85190300508
40628,40629,2-s2.0-85190257593
40630,40631,2-s2.0-85190254427
40641,40642,2-s2.0-85189908431
40647,40648,2-s2.0-85189810792
40663,40664,2-s2.0-85189480488
40664,40665,2-s2.0-85189453218
40666,40667,2-s2.0-85189450148
40672,40673,2-s2.0-85189358816
40673,40674,2-s2.0-85189342935
40676,40677,2-s2.0-85189289208
40678,40679,2-s2.0-85189207269
40683,40684,2-s2.0-85189100246
40687,40688,2-s2.0-85188998573
40711,40712,2-s2.0-85188331670
40714,40715,2-s2.0-85188320906
40718,40719,2-s2.0-85188240392
40728,40729,2-s2.0-85188008056
40731,40732,2-s2.0-85187882564
40734,40735,2-s2.0-85187867052
40735,40736,2-s2.0-85187789701
40743,40744,2-s2.0-85187621827
40746,40747,2-s2.0-85187466487
40747,40748,2-s2.0-85187427821
40754,40755,2-s2.0-85187229693
40757,40758,2-s2.0-85187173298
40758,40759,2-s2.0-85187171570
40759,40760,2-s2.0-85187166342
40760,40761,2-s2.0-85187137135
40762,40763,2-s2.0-85187119654
40766,40767,2-s2.0-85187013115
40767,40768,2-s2.0-85187011662
40768,40769,2-s2.0-85186946427
40795,40796,2-s2.0-85186455925
40808,40809,2-s2.0-85186229105
40810,40811,2-s2.0-85185971076
40811,40812,2-s2.0-85185961074
40818,40819,2-s2.0-85185706287
40821,40822,2-s2.0-85185697295
40830,40831,2-s2.0-85185523521
40857,40858,2-s2.0-85184883971
40859,40860,2-s2.0-85184869714
40873,40874,2-s2.0-85184461139
40876,40877,2-s2.0-85184398974
40882,40883,2-s2.0-85184325221
40888,40889,2-s2.0-85184254224
40890,40891,2-s2.0-85184244876
40893,40894,2-s2.0-85184172158
40895,40896,2-s2.0-85184138828
40911,40912,2-s2.0-85183413398
40912,40913,2-s2.0-85183411034
40917,40918,2-s2.0-85183341422
40923,40924,2-s2.0-85183147317
40927,40928,2-s2.0-85183098752
40929,40930,2-s2.0-85183035895
40935,40936,2-s2.0-85182905674
40936,40937,2-s2.0-85182889052
40942,40943,2-s2.0-85182590217
40955,40956,2-s2.0-85181877663
40957,40958,2-s2.0-85181756244
40975,40976,2-s2.0-85180339437
40976,40977,2-s2.0-85180252694
40978,40979,2-s2.0-85180094505
40993,40994,2-s2.0-85179308869
41001,41002,2-s2.0-85177486953
41009,41010,2-s2.0-85176259458
41027,41028,2-s2.0-85174720011
41029,41030,2-s2.0-85174679473
41044,41045,2-s2.0-85172786135
41046,41047,2-s2.0-85171632261
41054,41055,2-s2.0-85170268463
41056,41057,2-s2.0-85169565876
41066,41067,2-s2.0-85166412104
41074,41075,2-s2.0-85163615629
41081,41082,2-s2.0-85161683459
41086,41087,2-s2.0-85161089916
41089,41090,2-s2.0-85159687504
41092,41093,2-s2.0-85158988702
41093,41094,2-s2.0-85158909382
41097,41098,2-s2.0-85153823072
41112,41113,2-s2.0-85150719725
41121,41122,2-s2.0-85148520939
41122,41123,2-s2.0-85148498743
41132,41133,2-s2.0-85146971724
41133,41134,2-s2.0-85146771712
41135,41136,2-s2.0-85146670187
41141,41142,2-s2.0-85146221722
41144,41145,2-s2.0-85144254843
41149,41150,2-s2.0-85142888872
41158,41159,2-s2.0-85139831625
41164,41165,2-s2.0-85139007129
41170,41171,2-s2.0-85136135535
41174,41175,2-s2.0-85135187373
41178,41179,2-s2.0-85134069644
41188,41189,2-s2.0-85130262601
41193,41194,2-s2.0-85129185408
41194,41195,2-s2.0-85128230105
41198,41199,2-s2.0-85126452590
41208,41209,2-s2.0-85122521841
41215,41216,2-s2.0-85105329676
41217,41218,2-s2.0-85063679186
41220,41221,2-s2.0-105010531583
41221,41222,2-s2.0-105010518224
41231,41232,2-s2.0-105009581008
41238,41239,2-s2.0-105008228475
41246,41247,2-s2.0-105007911660
41249,41250,2-s2.0-105007593969
41252,41253,2-s2.0-105007590492
41255,41256,2-s2.0-105007584305
41257,41258,2-s2.0-105007581908
41260,41261,2-s2.0-105007100273
41267,41268,2-s2.0-105005864021
41277,41278,2-s2.0-105005832914
41287,41288,2-s2.0-105005829040
41296,41297,2-s2.0-105005826496
41299,41300,2-s2.0-105005826145
41301,41302,2-s2.0-105005825588
41307,41308,2-s2.0-105005699956
41310,41311,2-s2.0-105005668248
41322,41323,2-s2.0-105004553601
41329,41330,2-s2.0-105004524017
41333,41334,2-s2.0-105004511443
41335,41336,2-s2.0-105004509012
41350,41351,2-s2.0-105003733111
41351,41352,2-s2.0-105003702575
41352,41353,2-s2.0-105003490569
41366,41367,2-s2.0-105002208669
41368,41369,2-s2.0-105002206186
41373,41374,2-s2.0-105002200443
41374,41375,2-s2.0-105002200323
41378,41379,2-s2.0-105002188790
41391,41392,2-s2.0-105001626146
41395,41396,2-s2.0-105001499281
41396,41397,2-s2.0-105001313835
41397,41398,2-s2.0-105001282491
41398,41399,2-s2.0-105000843681
41412,41413,2-s2.0-105000761204
41431,41432,2-s2.0-105000699997
41436,41437,2-s2.0-105000685993
41456,41457,2-s2.0-105000419791
41464,41465,2-s2.0-105000128920
41465,41466,2-s2.0-105000121508
41467,41468,2-s2.0-105000073188
41468,41469,2-s2.0-105000045989
41469,41470,2-s2.0-105000027719
41475,41476,2-s2.0-85195386767
41476,41477,2-s2.0-85183681249
41477,41478,2-s2.0-85181572801
41478,41479,2-s2.0-85180903616
41481,41482,2-s2.0-85180497913
41490,41491,2-s2.0-85176897487
41496,41497,2-s2.0-85183495751
41501,41502,2-s2.0-85179170725
41504,41505,2-s2.0-85180385935
41506,41507,2-s2.0-85182290018
41514,41515,2-s2.0-85209217385
41517,41518,2-s2.0-85192843046
41518,41519,2-s2.0-85188788011
41520,41521,2-s2.0-85188438751
41525,41526,2-s2.0-85186065376
41527,41528,2-s2.0-85184936230
41539,41540,2-s2.0-85181776395
41540,41541,2-s2.0-85181774915
41543,41544,2-s2.0-85181770558
41552,41553,2-s2.0-85181130342
41571,41572,2-s2.0-85179699414
41596,41597,2-s2.0-85175549090
41600,41601,2-s2.0-85175081420
41604,41605,2-s2.0-85175041996
41605,41606,2-s2.0-85175024478
41611,41612,2-s2.0-85174270985
41621,41622,2-s2.0-85172895527
41628,41629,2-s2.0-85171002951
41646,41647,2-s2.0-85165302874
41648,41649,2-s2.0-85164659720
41649,41650,2-s2.0-85164204828
41650,41651,2-s2.0-85164157321
41659,41660,2-s2.0-85161910066
41665,41666,2-s2.0-85160068897
41666,41667,2-s2.0-85159947636
41673,41674,2-s2.0-85153626395
41680,41681,2-s2.0-85151416945
41688,41689,2-s2.0-85148207463
41690,41691,2-s2.0-85147181655
41691,41692,2-s2.0-85146996556
41704,41705,2-s2.0-85136179890
41709,41710,2-s2.0-85116367843
41711,41712,2-s2.0-85176887018
41713,41714,2-s2.0-85163195060
41730,41731,2-s2.0-85195278154
41742,41743,2-s2.0-85175959508
41748,41749,2-s2.0-85176593400
41751,41752,2-s2.0-85180139773
41752,41753,2-s2.0-105001598064
41754,41755,2-s2.0-105001582191
41772,41773,2-s2.0-85180639825
41775,41776,2-s2.0-85179107131
41782,41783,2-s2.0-85178316787
41783,41784,2-s2.0-85178295289
41790,41791,2-s2.0-85177583823
41795,41796,2-s2.0-85176742898
41796,41797,2-s2.0-85176611299
41799,41800,2-s2.0-85176434245
41810,41811,2-s2.0-85173776945
41811,41812,2-s2.0-85173676403
41812,41813,2-s2.0-85173503432
41814,41815,2-s2.0-85173463750
41816,41817,2-s2.0-85171575679
41819,41820,2-s2.0-85170356297
41822,41823,2-s2.0-85169787439
41830,41831,2-s2.0-85164727864
41832,41833,2-s2.0-85160052269
41834,41835,2-s2.0-85159010283
41838,41839,2-s2.0-85153382130
41840,41841,2-s2.0-85153351634
41841,41842,2-s2.0-85151553529
41844,41845,2-s2.0-85150835742
41853,41854,2-s2.0-85138305587
41857,41858,2-s2.0-85182743491
41859,41860,2-s2.0-85178501763
41870,41871,2-s2.0-85177608900
41876,41877,2-s2.0-85177578958
41879,41880,2-s2.0-85177562658
41886,41887,2-s2.0-85176614086
41887,41888,2-s2.0-85176215123
41895,41896,2-s2.0-85178302549
41907,41908,2-s2.0-85173026069
41915,41916,2-s2.0-85182654084
41932,41933,2-s2.0-85175253563
41935,41936,2-s2.0-85175086103
41944,41945,2-s2.0-85174261380
41953,41954,2-s2.0-85173502836
41960,41961,2-s2.0-85169783963
41962,41963,2-s2.0-85168532833
41963,41964,2-s2.0-85168532120
41971,41972,2-s2.0-85165261837
41978,41979,2-s2.0-85163979325
41980,41981,2-s2.0-85163303085
41983,41984,2-s2.0-85160678148
41993,41994,2-s2.0-85151946223
41995,41996,2-s2.0-85150374799
41998,41999,2-s2.0-85148526863
42000,42001,2-s2.0-85145422280
42010,42011,2-s2.0-85087916197
42013,42014,2-s2.0-85194129950
42018,42019,2-s2.0-85194128559
42019,42020,2-s2.0-85194128109
42024,42025,2-s2.0-85194126874
42032,42033,2-s2.0-85197599473
42036,42037,2-s2.0-85175363568
42041,42042,2-s2.0-85183472636
42045,42046,2-s2.0-85175837872
42046,42047,2-s2.0-85182728613
42050,42051,2-s2.0-85175086563
42067,42068,2-s2.0-85198661278
42079,42080,2-s2.0-85177072624
42099,42100,2-s2.0-85173963581
42106,42107,2-s2.0-85172827681
42107,42108,2-s2.0-85172800492
42114,42115,2-s2.0-85172093631
42122,42123,2-s2.0-85170829993
42123,42124,2-s2.0-85170673519
42131,42132,2-s2.0-85169795324
42136,42137,2-s2.0-85168010690
42139,42140,2-s2.0-85167418600
42140,42141,2-s2.0-85166981909
42146,42147,2-s2.0-85164097985
42148,42149,2-s2.0-85163036424
42164,42165,2-s2.0-85148503192
42170,42171,2-s2.0-85147168239
42171,42172,2-s2.0-85145290682
42174,42175,2-s2.0-85142884624
42175,42176,2-s2.0-85141636451
42179,42180,2-s2.0-85138343766
42184,42185,2-s2.0-85133582501
42186,42187,2-s2.0-85128814862
42187,42188,2-s2.0-85123479503
42189,42190,2-s2.0-85118549635
42195,42196,2-s2.0-85195553316
42200,42201,2-s2.0-85180125748
42205,42206,2-s2.0-85173555069
42212,42213,2-s2.0-85176769241
42219,42220,2-s2.0-85176808545
42233,42234,2-s2.0-85169529720
42236,42237,2-s2.0-85202937086
42245,42246,2-s2.0-85171698433
42248,42249,2-s2.0-85169101907
42259,42260,2-s2.0-85168659815
42260,42261,2-s2.0-85168222865
42263,42264,2-s2.0-85167788968
42277,42278,2-s2.0-85158090490
42278,42279,2-s2.0-85154557867
42282,42283,2-s2.0-85151983983
42285,42286,2-s2.0-85150592741
42286,42287,2-s2.0-85150518416
42288,42289,2-s2.0-85149871770
42291,42292,2-s2.0-85149380213
42292,42293,2-s2.0-85147698828
42303,42304,2-s2.0-85141949997
42305,42306,2-s2.0-85141406976
42313,42314,2-s2.0-85128911353
42316,42317,2-s2.0-85127681840
42320,42321,2-s2.0-85120455929
42324,42325,2-s2.0-85167992635
42327,42328,2-s2.0-85167863557
42345,42346,2-s2.0-85165278041
42346,42347,2-s2.0-85170043684
42353,42354,2-s2.0-85205273817
42354,42355,2-s2.0-85205237650
42372,42373,2-s2.0-85172715739
42373,42374,2-s2.0-85172336513
42375,42376,2-s2.0-85169658524
42376,42377,2-s2.0-85168706157
42383,42384,2-s2.0-85168663636
42385,42386,2-s2.0-85168286964
42416,42417,2-s2.0-85152086997
42419,42420,2-s2.0-85151988679
42420,42421,2-s2.0-85151982179
42431,42432,2-s2.0-85144512024
42434,42435,2-s2.0-85141953456
42441,42442,2-s2.0-85107157878
42446,42447,2-s2.0-85167445578
42453,42454,2-s2.0-85176762444
42462,42463,2-s2.0-85172167186
42469,42470,2-s2.0-85172162118
42471,42472,2-s2.0-85172161775
42473,42474,2-s2.0-85172156480
42477,42478,2-s2.0-85172149530
42498,42499,2-s2.0-85172123827
42500,42501,2-s2.0-85172121608
42509,42510,2-s2.0-85172109796
42520,42521,2-s2.0-85172099881
42521,42522,2-s2.0-85172098980
42526,42527,2-s2.0-85172095158
42530,42531,2-s2.0-85172093483
42536,42537,2-s2.0-85172084845
42544,42545,2-s2.0-85172075942
42559,42560,2-s2.0-85179886884
42561,42562,2-s2.0-85170246939
42562,42563,2-s2.0-85170233799
42565,42566,2-s2.0-85170182216
42569,42570,2-s2.0-85170168787
42575,42576,2-s2.0-85166752067
42584,42585,2-s2.0-85166958473
42593,42594,2-s2.0-85166926548
42600,42601,2-s2.0-85166911719
42607,42608,2-s2.0-85163677794
42609,42610,2-s2.0-85163663632
42614,42615,2-s2.0-85163596522
42618,42619,2-s2.0-85163351470
42628,42629,2-s2.0-85180976090
42634,42635,2-s2.0-85172708863
42640,42641,2-s2.0-85166304531
42642,42643,2-s2.0-85166147621
42647,42648,2-s2.0-85164207574
42648,42649,2-s2.0-85164200417
42653,42654,2-s2.0-85164028276
42662,42663,2-s2.0-85163653884
42668,42669,2-s2.0-85162782197
42670,42671,2-s2.0-85161601893
42673,42674,2-s2.0-85161465100
42681,42682,2-s2.0-85158869061
42685,42686,2-s2.0-85151482310
42704,42705,2-s2.0-85147585722
42725,42726,2-s2.0-85137511373
42726,42727,2-s2.0-85137484128
42738,42739,2-s2.0-85103455660
42742,42743,2-s2.0-105006542700
42747,42748,2-s2.0-85160319985
42751,42752,2-s2.0-85160942122
42762,42763,2-s2.0-85160036028
42766,42767,2-s2.0-85192727811
42770,42771,2-s2.0-85165310860
42771,42772,2-s2.0-85164349272
42773,42774,2-s2.0-85163766497
42780,42781,2-s2.0-85160721091
42781,42782,2-s2.0-85160287127
42782,42783,2-s2.0-85160277861
42791,42792,2-s2.0-85159606115
42795,42796,2-s2.0-85159258572
42799,42800,2-s2.0-85156122757
42806,42807,2-s2.0-85151037198
42809,42810,2-s2.0-85150387550
42810,42811,2-s2.0-85149843489
42811,42812,2-s2.0-85149250102
42818,42819,2-s2.0-85141551108
42823,42824,2-s2.0-85138736667
42829,42830,2-s2.0-85107305309
42832,42833,2-s2.0-85159714345
42834,42835,2-s2.0-85159688070
42836,42837,2-s2.0-85159666588
42845,42846,2-s2.0-85153802736
42850,42851,2-s2.0-85171295067
42858,42859,2-s2.0-85106023473
42863,42864,2-s2.0-85165675282
42865,42866,2-s2.0-85165660523
42867,42868,2-s2.0-85165642661
42876,42877,2-s2.0-85160737072
42878,42879,2-s2.0-85160702134
42893,42894,2-s2.0-85153752219
42896,42897,2-s2.0-85153708365
42899,42900,2-s2.0-85153702232
42902,42903,2-s2.0-85153624609
42905,42906,2-s2.0-85153508127
42907,42908,2-s2.0-85153475148
42919,42920,2-s2.0-85150871171
42922,42923,2-s2.0-85149996559
42927,42928,2-s2.0-85148617710
42928,42929,2-s2.0-85148338896
42941,42942,2-s2.0-85144037090
42946,42947,2-s2.0-85140903995
42952,42953,2-s2.0-85139064306
42954,42955,2-s2.0-85137491875
42957,42958,2-s2.0-85134373943
42974,42975,2-s2.0-85151063545
42980,42981,2-s2.0-85151267790
42994,42995,2-s2.0-85158964278
42999,43000,2-s2.0-85151534381
43005,43006,2-s2.0-85160372081
43006,43007,2-s2.0-85150391700
43011,43012,2-s2.0-85149754371
43016,43017,2-s2.0-85149889327
43017,43018,2-s2.0-85149887571
43018,43019,2-s2.0-85149886482
43022,43023,2-s2.0-85149824418
43027,43028,2-s2.0-85206451529
43029,43030,2-s2.0-85195114094
43031,43032,2-s2.0-85185464739
43032,43033,2-s2.0-85185146505
43043,43044,2-s2.0-85166258358
43045,43046,2-s2.0-85164675472
43047,43048,2-s2.0-85162050645
43050,43051,2-s2.0-85160248353
43055,43056,2-s2.0-85158825339
43056,43057,2-s2.0-85158158699
43061,43062,2-s2.0-85151951052
43062,43063,2-s2.0-85151876208
43070,43071,2-s2.0-85151091482
43074,43075,2-s2.0-85151076745
43079,43080,2-s2.0-85151070125
43100,43101,2-s2.0-85147372572
43105,43106,2-s2.0-85146364382
43106,43107,2-s2.0-85146131798
43114,43115,2-s2.0-85144520766
43124,43125,2-s2.0-85138723388
43134,43135,2-s2.0-85129272281
43143,43144,2-s2.0-85124481039
43144,43145,2-s2.0-85124291022
43145,43146,2-s2.0-85123715085
43146,43147,2-s2.0-85122281636
43156,43157,2-s2.0-85103025924
43172,43173,2-s2.0-85148655537
43179,43180,2-s2.0-85148637159
43180,43181,2-s2.0-85148635345
43182,43183,2-s2.0-85148628385
43190,43191,2-s2.0-85148582979
43192,43193,2-s2.0-85148581475
43196,43197,2-s2.0-85148377971
43206,43207,2-s2.0-85153586942
43208,43209,2-s2.0-85151157902
43209,43210,2-s2.0-85149637314
43212,43213,2-s2.0-85149285663
43214,43215,2-s2.0-85149250975
43227,43228,2-s2.0-85148702072
43228,43229,2-s2.0-85148699667
43233,43234,2-s2.0-85148631484
43236,43237,2-s2.0-85148340882
43240,43241,2-s2.0-85147830332
43242,43243,2-s2.0-85146391024
43247,43248,2-s2.0-85145157949
43251,43252,2-s2.0-85143216228
43253,43254,2-s2.0-85141792873
43257,43258,2-s2.0-85140269336
43264,43265,2-s2.0-85137938263
43267,43268,2-s2.0-85136026833
43289,43290,2-s2.0-85147004297
43291,43292,2-s2.0-85147309234
43312,43313,2-s2.0-85140127257
43322,43323,2-s2.0-85146510546
43327,43328,2-s2.0-85141945332
43338,43339,2-s2.0-85170366809
43341,43342,2-s2.0-85146508854
43344,43345,2-s2.0-85219077578
43365,43366,2-s2.0-85211091082
43373,43374,2-s2.0-85207219244
43379,43380,2-s2.0-85206039922
43381,43382,2-s2.0-85205581499
43384,43385,2-s2.0-85205544637
43390,43391,2-s2.0-85204765165
43396,43397,2-s2.0-85203291889
43400,43401,2-s2.0-85201391958
43401,43402,2-s2.0-85200975557
43403,43404,2-s2.0-85199999284
43406,43407,2-s2.0-85199323530
43407,43408,2-s2.0-85199129056
43415,43416,2-s2.0-85197762877
43416,43417,2-s2.0-85197717794
43417,43418,2-s2.0-85197504279
43424,43425,2-s2.0-85196802720
43426,43427,2-s2.0-85195999505
43429,43430,2-s2.0-85195957843
43442,43443,2-s2.0-85194751483
43447,43448,2-s2.0-85194723114
43456,43457,2-s2.0-85193033776
43459,43460,2-s2.0-85193001895
43465,43466,2-s2.0-85192467585
43486,43487,2-s2.0-85189413979
43498,43499,2-s2.0-85189012833
43503,43504,2-s2.0-85188017488
43530,43531,2-s2.0-85186559287
43531,43532,2-s2.0-85186524897
43532,43533,2-s2.0-85186493696
43535,43536,2-s2.0-85186379531
43545,43546,2-s2.0-85185868393
43548,43549,2-s2.0-85185829758
43550,43551,2-s2.0-85185803122
43551,43552,2-s2.0-85185722217
43552,43553,2-s2.0-85185527911
43553,43554,2-s2.0-85185489284
43556,43557,2-s2.0-85185406023
43576,43577,2-s2.0-85184849812
43578,43579,2-s2.0-85184801318
43581,43582,2-s2.0-85184654967
43585,43586,2-s2.0-85184414315
43587,43588,2-s2.0-85184337880
43591,43592,2-s2.0-85184247989
43597,43598,2-s2.0-85183964169
43599,43600,2-s2.0-85183878345
43601,43602,2-s2.0-85183870409
43615,43616,2-s2.0-85183039637
43618,43619,2-s2.0-85183023047
43637,43638,2-s2.0-85182981693
43642,43643,2-s2.0-85182933402
43645,43646,2-s2.0-85182923772
43647,43648,2-s2.0-85182871653
43653,43654,2-s2.0-85182696885
43654,43655,2-s2.0-85182691223
43662,43663,2-s2.0-85182465008
43663,43664,2-s2.0-85182464707
43668,43669,2-s2.0-85182321326
43670,43671,2-s2.0-85182313414
43684,43685,2-s2.0-85181776597
43685,43686,2-s2.0-85181774106
43688,43689,2-s2.0-85181730631
43689,43690,2-s2.0-85181726240
43690,43691,2-s2.0-85181723058
43695,43696,2-s2.0-85181531500
43698,43699,2-s2.0-85181448350
43701,43702,2-s2.0-85181236903
43704,43705,2-s2.0-85181002922
43710,43711,2-s2.0-85180869542
43713,43714,2-s2.0-85180814015
43720,43721,2-s2.0-85180806453
43722,43723,2-s2.0-85180803410
43723,43724,2-s2.0-85180802525
43731,43732,2-s2.0-85180790750
43737,43738,2-s2.0-85180779662
43757,43758,2-s2.0-85180750470
43769,43770,2-s2.0-85180597656
43773,43774,2-s2.0-85180562368
43780,43781,2-s2.0-85180424686
43789,43790,2-s2.0-85180198806
43792,43793,2-s2.0-85180152311
43794,43795,2-s2.0-85180057304
43797,43798,2-s2.0-85180053859
43799,43800,2-s2.0-85180037039
43803,43804,2-s2.0-85180025191
43804,43805,2-s2.0-85180017187
43812,43813,2-s2.0-85179854641
43813,43814,2-s2.0-85179854165
43814,43815,2-s2.0-85179852157
43819,43820,2-s2.0-85179848088
43824,43825,2-s2.0-85179844323
43833,43834,2-s2.0-85179788734
43836,43837,2-s2.0-85179738187
43842,43843,2-s2.0-85179640761
43844,43845,2-s2.0-85179606021
43845,43846,2-s2.0-85179555059
43848,43849,2-s2.0-85179522157
43851,43852,2-s2.0-85179480456
43858,43859,2-s2.0-85179184101
43863,43864,2-s2.0-85179011511
43864,43865,2-s2.0-85179008974
43866,43867,2-s2.0-85179005569
43868,43869,2-s2.0-85179004366
43890,43891,2-s2.0-85178344373
43891,43892,2-s2.0-85178342698
43893,43894,2-s2.0-85178296728
43894,43895,2-s2.0-85178210104
43898,43899,2-s2.0-85178177876
43906,43907,2-s2.0-85178028544
43909,43910,2-s2.0-85177729384
43910,43911,2-s2.0-85177634166
43914,43915,2-s2.0-85177556013
43918,43919,2-s2.0-85177494338
43923,43924,2-s2.0-85177451380
43931,43932,2-s2.0-85177077018
43935,43936,2-s2.0-85176936367
43939,43940,2-s2.0-85176738596
43943,43944,2-s2.0-85176603718
43945,43946,2-s2.0-85176597721
43948,43949,2-s2.0-85176550820
43949,43950,2-s2.0-85176495829
43956,43957,2-s2.0-85176377507
43966,43967,2-s2.0-85176256136
43972,43973,2-s2.0-85176005545
43974,43975,2-s2.0-85175981735
43981,43982,2-s2.0-85175816737
43985,43986,2-s2.0-85175734350
43987,43988,2-s2.0-85175699357
43993,43994,2-s2.0-85175558985
43994,43995,2-s2.0-85175556990
43996,43997,2-s2.0-85175488259
43999,44000,2-s2.0-85175453623
44001,44002,2-s2.0-85175444191
44006,44007,2-s2.0-85175376427
44008,44009,2-s2.0-85175355055
44009,44010,2-s2.0-85175350303
44022,44023,2-s2.0-85174975296
44033,44034,2-s2.0-85174712792
44036,44037,2-s2.0-85174692814
44043,44044,2-s2.0-85174568214
44044,44045,2-s2.0-85174551261
44046,44047,2-s2.0-85174542039
44049,44050,2-s2.0-85174520662
44050,44051,2-s2.0-85174516021
44057,44058,2-s2.0-85174496186
44065,44066,2-s2.0-85174281690
44066,44067,2-s2.0-85174275167
44088,44089,2-s2.0-85173928243
44090,44091,2-s2.0-85173926686
44100,44101,2-s2.0-85173824122
44105,44106,2-s2.0-85173722327
44108,44109,2-s2.0-85173707560
44109,44110,2-s2.0-85173687169
44128,44129,2-s2.0-85173567582
44134,44135,2-s2.0-85173381733
44141,44142,2-s2.0-85173067293
44157,44158,2-s2.0-85172706068
44159,44160,2-s2.0-85172665340
44160,44161,2-s2.0-85172660402
44161,44162,2-s2.0-85172660140
44162,44163,2-s2.0-85172461902
44164,44165,2-s2.0-85172395961
44173,44174,2-s2.0-85172212643
44192,44193,2-s2.0-85171738833
44193,44194,2-s2.0-85171737371
44208,44209,2-s2.0-85171430471
44215,44216,2-s2.0-85171169495
44226,44227,2-s2.0-85170661239
44236,44237,2-s2.0-85170232365
44241,44242,2-s2.0-85170103716
44248,44249,2-s2.0-85169936726
44256,44257,2-s2.0-85169913365
44258,44259,2-s2.0-85169912283
44263,44264,2-s2.0-85169903765
44272,44273,2-s2.0-85169883304
44273,44274,2-s2.0-85169881868
44274,44275,2-s2.0-85169879691
44281,44282,2-s2.0-85169828294
44284,44285,2-s2.0-85169820076
44285,44286,2-s2.0-85169818599
44286,44287,2-s2.0-85169817941
44303,44304,2-s2.0-85169607211
44311,44312,2-s2.0-85169386447
44317,44318,2-s2.0-85169358445
44327,44328,2-s2.0-85168996773
44337,44338,2-s2.0-85168919669
44349,44350,2-s2.0-85168661789
44350,44351,2-s2.0-85168627106
44351,44352,2-s2.0-85168551630
44365,44366,2-s2.0-85168202968
44368,44369,2-s2.0-85168128318
44376,44377,2-s2.0-85167930653
44377,44378,2-s2.0-85167911718
44382,44383,2-s2.0-85167811932
44383,44384,2-s2.0-85167774076
44384,44385,2-s2.0-85167773987
44385,44386,2-s2.0-85167773722
44389,44390,2-s2.0-85167721588
44390,44391,2-s2.0-85167692080
44391,44392,2-s2.0-85167666312
44393,44394,2-s2.0-85167622813
44394,44395,2-s2.0-85167620173
44402,44403,2-s2.0-85167459718
44404,44405,2-s2.0-85167452897
44423,44424,2-s2.0-85166648415
44435,44436,2-s2.0-85166283645
44438,44439,2-s2.0-85166212953
44446,44447,2-s2.0-85166058912
44455,44456,2-s2.0-85165920364
44459,44460,2-s2.0-85165665757
44463,44464,2-s2.0-85165587353
44472,44473,2-s2.0-85165408351
44473,44474,2-s2.0-85165396274
44474,44475,2-s2.0-85165380343
44477,44478,2-s2.0-85165294242
44479,44480,2-s2.0-85165258393
44481,44482,2-s2.0-85165235982
44486,44487,2-s2.0-85165165648
44487,44488,2-s2.0-85165140336
44511,44512,2-s2.0-85164738744
44522,44523,2-s2.0-85164571923
44523,44524,2-s2.0-85164559924
44524,44525,2-s2.0-85164539153
44528,44529,2-s2.0-85164465839
44542,44543,2-s2.0-85164175055
44550,44551,2-s2.0-85163886520
44557,44558,2-s2.0-85163833928
44561,44562,2-s2.0-85163822841
44575,44576,2-s2.0-85163620769
44584,44585,2-s2.0-85163397017
44604,44605,2-s2.0-85163075606
44613,44614,2-s2.0-85162822859
44614,44615,2-s2.0-85162815663
44621,44622,2-s2.0-85162750715
44622,44623,2-s2.0-85162740932
44625,44626,2-s2.0-85162696980
44639,44640,2-s2.0-85162113616
44646,44647,2-s2.0-85161803333
44655,44656,2-s2.0-85161446382
44660,44661,2-s2.0-85161377129
44673,44674,2-s2.0-85161251382
44679,44680,2-s2.0-85160865020
44682,44683,2-s2.0-85160721852
44683,44684,2-s2.0-85160696959
44689,44690,2-s2.0-85160594968
44694,44695,2-s2.0-85160490027
44707,44708,2-s2.0-85160075965
44709,44710,2-s2.0-85160011937
44710,44711,2-s2.0-85159967080
44719,44720,2-s2.0-85159892886
44721,44722,2-s2.0-85159878813
44727,44728,2-s2.0-85159827068
44728,44729,2-s2.0-85159824648
44746,44747,2-s2.0-85159171274
44751,44752,2-s2.0-85159144742
44752,44753,2-s2.0-85159123751
44754,44755,2-s2.0-85159104461
44758,44759,2-s2.0-85158946759
44765,44766,2-s2.0-85158877222
44766,44767,2-s2.0-85158870579
44767,44768,2-s2.0-85158821029
44773,44774,2-s2.0-85158140067
44774,44775,2-s2.0-85158139464
44784,44785,2-s2.0-85158039836
44787,44788,2-s2.0-85156167750
44788,44789,2-s2.0-85156130126
44794,44795,2-s2.0-85153895436
44795,44796,2-s2.0-85153892861
44796,44797,2-s2.0-85153887936
44797,44798,2-s2.0-85153883050
44798,44799,2-s2.0-85153883044
44799,44800,2-s2.0-85153879739
44801,44802,2-s2.0-85153866804
44804,44805,2-s2.0-85153863691
44837,44838,2-s2.0-85153333480
44838,44839,2-s2.0-85153279842
44849,44850,2-s2.0-85153180861
44852,44853,2-s2.0-85153043387
44857,44858,2-s2.0-85152710411
44871,44872,2-s2.0-85152471963
44878,44879,2-s2.0-85152413679
44882,44883,2-s2.0-85152389096
44886,44887,2-s2.0-85152358934
44902,44903,2-s2.0-85151923587
44903,44904,2-s2.0-85151906979
44933,44934,2-s2.0-85150921627
44935,44936,2-s2.0-85150875524
44942,44943,2-s2.0-85150525615
44944,44945,2-s2.0-85150453801
44946,44947,2-s2.0-85150412294
44949,44950,2-s2.0-85150300981
44959,44960,2-s2.0-85150158290
44968,44969,2-s2.0-85149704785
44969,44970,2-s2.0-85149678954
44973,44974,2-s2.0-85149646968
44975,44976,2-s2.0-85149644964
44978,44979,2-s2.0-85149582863
45003,45004,2-s2.0-85148685135
45010,45011,2-s2.0-85148516592
45012,45013,2-s2.0-85148504406
45013,45014,2-s2.0-85148344299
45016,45017,2-s2.0-85148238893
45027,45028,2-s2.0-85147745277
45048,45049,2-s2.0-85146740052
45054,45055,2-s2.0-85146637633
45067,45068,2-s2.0-85146216787
45070,45071,2-s2.0-85145979274
45078,45079,2-s2.0-85145852444
45082,45083,2-s2.0-85145565595
45091,45092,2-s2.0-85145032611
45093,45094,2-s2.0-85144943147
45101,45102,2-s2.0-85144207470
45105,45106,2-s2.0-85143800280
45108,45109,2-s2.0-85143418611
45111,45112,2-s2.0-85143273607
45114,45115,2-s2.0-85143210200
45115,45116,2-s2.0-85143159793
45116,45117,2-s2.0-85142661704
45117,45118,2-s2.0-85142336691
45121,45122,2-s2.0-85142150327
45131,45132,2-s2.0-85141507954
45137,45138,2-s2.0-85141030971
45145,45146,2-s2.0-85140023097
45148,45149,2-s2.0-85139475664
45149,45150,2-s2.0-85139455707
45156,45157,2-s2.0-85138384979
45168,45169,2-s2.0-85137383948
45185,45186,2-s2.0-85133654787
45203,45204,2-s2.0-85130990867
45205,45206,2-s2.0-85130603195
45219,45220,2-s2.0-85128478210
45220,45221,2-s2.0-85127929729
45224,45225,2-s2.0-85127173359
45233,45234,2-s2.0-85123845919
45235,45236,2-s2.0-85122888378
45237,45238,2-s2.0-85122670281
45239,45240,2-s2.0-85122389978
45244,45245,2-s2.0-85121498540
45247,45248,2-s2.0-85121289519
45251,45252,2-s2.0-85119853586
45259,45260,2-s2.0-85116628790
45266,45267,2-s2.0-85115245131
45273,45274,2-s2.0-85114474311
45278,45279,2-s2.0-85113748745
45281,45282,2-s2.0-85112493578
45285,45286,2-s2.0-85112095959
45286,45287,2-s2.0-85112051130
45288,45289,2-s2.0-85110939812
45296,45297,2-s2.0-85107618003
45304,45305,2-s2.0-85103656793
45309,45310,2-s2.0-85103171310
45310,45311,2-s2.0-85102705735
45316,45317,2-s2.0-85097558143
45320,45321,2-s2.0-85092127708
45328,45329,2-s2.0-105013577604
45329,45330,2-s2.0-105010656737
45338,45339,2-s2.0-105005957271
45340,45341,2-s2.0-105005956059
45345,45346,2-s2.0-105005949830
45346,45347,2-s2.0-105005949245
45348,45349,2-s2.0-105005948363
45352,45353,2-s2.0-105005942596
45354,45355,2-s2.0-105005940682
45360,45361,2-s2.0-105004071284
45366,45367,2-s2.0-85196363970
45371,45372,2-s2.0-85146713588
45374,45375,2-s2.0-85146674475
45390,45391,2-s2.0-85145087069
45394,45395,2-s2.0-85145935907
45401,45402,2-s2.0-85170056132
45402,45403,2-s2.0-85145068145
45404,45405,2-s2.0-85166308584
45408,45409,2-s2.0-85144161298
45414,45415,2-s2.0-85144147612
45427,45428,2-s2.0-85144110036
45429,45430,2-s2.0-85144107173
45439,45440,2-s2.0-85211180951
45450,45451,2-s2.0-85161069089
45451,45452,2-s2.0-85160209088
45460,45461,2-s2.0-85152428533
45480,45481,2-s2.0-85146282895
45481,45482,2-s2.0-85146263418
45482,45483,2-s2.0-85146225717
45484,45485,2-s2.0-85145616237
45487,45488,2-s2.0-85145186476
45494,45495,2-s2.0-85144854999
45501,45502,2-s2.0-85144685209
45507,45508,2-s2.0-85144176033
45521,45522,2-s2.0-85143117849
45524,45525,2-s2.0-85142186365
45527,45528,2-s2.0-85141888771
45531,45532,2-s2.0-85141528898
45545,45546,2-s2.0-85139850632
45549,45550,2-s2.0-85139736233
45552,45553,2-s2.0-85139439309
45559,45560,2-s2.0-85138804765
45566,45567,2-s2.0-85138370895
45568,45569,2-s2.0-85138280967
45573,45574,2-s2.0-85137612381
45575,45576,2-s2.0-85137509652
45577,45578,2-s2.0-85135933654
45578,45579,2-s2.0-85135924428
45580,45581,2-s2.0-85135692824
45581,45582,2-s2.0-85135510244
45583,45584,2-s2.0-85135329384
45585,45586,2-s2.0-85135185396
45586,45587,2-s2.0-85135169568
45589,45590,2-s2.0-85134475858
45600,45601,2-s2.0-85131722490
45610,45611,2-s2.0-85129928583
45618,45619,2-s2.0-85127523524
45620,45621,2-s2.0-85125072588
45623,45624,2-s2.0-85124397412
45624,45625,2-s2.0-85124297546
45633,45634,2-s2.0-85121424978
45639,45640,2-s2.0-85116335543
45641,45642,2-s2.0-85115237432
45650,45651,2-s2.0-85099346547
45652,45653,2-s2.0-85097242238
45662,45663,2-s2.0-85144067401
45664,45665,2-s2.0-85144058769
45668,45669,2-s2.0-85144041769
45671,45672,2-s2.0-85144036265
45672,45673,2-s2.0-85144026278
45678,45679,2-s2.0-85151059580
45680,45681,2-s2.0-85151058058
45681,45682,2-s2.0-85151054192
45683,45684,2-s2.0-85151048664
45691,45692,2-s2.0-85144013586
45695,45696,2-s2.0-85143369808
45700,45701,2-s2.0-85141821129
45708,45709,2-s2.0-85147452556
45715,45716,2-s2.0-85143118568
45716,45717,2-s2.0-85209084331
45723,45724,2-s2.0-85161282210
45725,45726,2-s2.0-85150446647
45733,45734,2-s2.0-85148946818
45738,45739,2-s2.0-85148520317
45739,45740,2-s2.0-85147210751
45740,45741,2-s2.0-85147154078
45747,45748,2-s2.0-85144861114
45756,45757,2-s2.0-85142346778
45758,45759,2-s2.0-85142276232
45760,45761,2-s2.0-85141886234
45766,45767,2-s2.0-85141827603
45767,45768,2-s2.0-85141823977
45777,45778,2-s2.0-85139972343
45780,45781,2-s2.0-85137463989
45781,45782,2-s2.0-85137330626
45782,45783,2-s2.0-85137282278
45785,45786,2-s2.0-85136185292
45786,45787,2-s2.0-85136169626
45794,45795,2-s2.0-85132234645
45795,45796,2-s2.0-85131832620
45797,45798,2-s2.0-85131100901
45802,45803,2-s2.0-85126357329
45804,45805,2-s2.0-85122879555
45810,45811,2-s2.0-85105966885
45827,45828,2-s2.0-85153614404
45830,45831,2-s2.0-85140001086
45832,45833,2-s2.0-85148634286
45836,45837,2-s2.0-85141999489
45842,45843,2-s2.0-85141381704
45845,45846,2-s2.0-85143566196
45847,45848,2-s2.0-85143561286
45855,45856,2-s2.0-85141368278
45864,45865,2-s2.0-85140614426
45871,45872,2-s2.0-85140206556
45873,45874,2-s2.0-85211152303
45877,45878,2-s2.0-85147031985
45882,45883,2-s2.0-85141940446
45883,45884,2-s2.0-85141635895
45893,45894,2-s2.0-85140648378
45909,45910,2-s2.0-85139975890
45913,45914,2-s2.0-85139946093
45918,45919,2-s2.0-85139868422
45920,45921,2-s2.0-85139759925
45929,45930,2-s2.0-85138420365
45930,45931,2-s2.0-85138392985
45940,45941,2-s2.0-85134345589
45943,45944,2-s2.0-85131965828
45952,45953,2-s2.0-85125399733
45958,45959,2-s2.0-85123205007
45962,45963,2-s2.0-85117923023
45969,45970,2-s2.0-85114101153
45974,45975,2-s2.0-85110048888
45975,45976,2-s2.0-85109396538
45985,45986,2-s2.0-85145884681
45989,45990,2-s2.0-85146923068
45993,45994,2-s2.0-85139349838
46000,46001,2-s2.0-85139959229
46005,46006,2-s2.0-85139937393
46012,46013,2-s2.0-85139908250
46016,46017,2-s2.0-85137671007
46020,46021,2-s2.0-85141859463
46021,46022,2-s2.0-85141844152
46022,46023,2-s2.0-85141816366
46025,46026,2-s2.0-85211137268
46027,46028,2-s2.0-85209816510
46034,46035,2-s2.0-85152903784
46035,46036,2-s2.0-85152278273
46037,46038,2-s2.0-85146173137
46042,46043,2-s2.0-85145408280
46043,46044,2-s2.0-85145402342
46045,46046,2-s2.0-85145381078
46048,46049,2-s2.0-85143414356
46050,46051,2-s2.0-85143061864
46051,46052,2-s2.0-85142855722
46052,46053,2-s2.0-85142855672
46056,46057,2-s2.0-85142781038
46065,46066,2-s2.0-85140390578
46075,46076,2-s2.0-85138693947
46076,46077,2-s2.0-85138688015
46077,46078,2-s2.0-85138676661
46079,46080,2-s2.0-85138648159
46081,46082,2-s2.0-85138614556
46082,46083,2-s2.0-85138610631
46085,46086,2-s2.0-85138361099
46088,46089,2-s2.0-85138091046
46093,46094,2-s2.0-85136977648
46097,46098,2-s2.0-85136260991
46104,46105,2-s2.0-85134693300
46110,46111,2-s2.0-85133859622
46123,46124,2-s2.0-85132178253
46125,46126,2-s2.0-85131835072
46126,46127,2-s2.0-85131816126
46138,46139,2-s2.0-85126444382
46150,46151,2-s2.0-85118299890
46156,46157,2-s2.0-85106509523
46173,46174,2-s2.0-85138312722
46178,46179,2-s2.0-85138307730
46184,46185,2-s2.0-85138297033
46185,46186,2-s2.0-85138297006
46194,46195,2-s2.0-85138281081
46202,46203,2-s2.0-85138272761
46205,46206,2-s2.0-85138270875
46211,46212,2-s2.0-85138257930
46217,46218,2-s2.0-85138250060
46219,46220,2-s2.0-85138247229
46220,46221,2-s2.0-85138246569
46227,46228,2-s2.0-85138234630
46234,46235,2-s2.0-85138229443
46236,46237,2-s2.0-85138228530
46239,46240,2-s2.0-85138224106
46249,46250,2-s2.0-85100111974
46252,46253,2-s2.0-85137715596
46262,46263,2-s2.0-85126295753
46263,46264,2-s2.0-85137080025
46269,46270,2-s2.0-85210531981
46270,46271,2-s2.0-85198558644
46272,46273,2-s2.0-85140224443
46291,46292,2-s2.0-85136931708
46292,46293,2-s2.0-85136880370
46312,46313,2-s2.0-85134345081
46315,46316,2-s2.0-85133431906
46319,46320,2-s2.0-85132935307
46323,46324,2-s2.0-85131591914
46326,46327,2-s2.0-85130385265
46335,46336,2-s2.0-85124193599
46337,46338,2-s2.0-85111890351
46338,46339,2-s2.0-85109328142
46347,46348,2-s2.0-85143394067
46350,46351,2-s2.0-85135726806
46359,46360,2-s2.0-85140041265
46362,46363,2-s2.0-85134998732
46366,46367,2-s2.0-85134470371
46367,46368,2-s2.0-85145360288
46368,46369,2-s2.0-85135270065
46376,46377,2-s2.0-85134690974
46379,46380,2-s2.0-85134678822
46389,46390,2-s2.0-85134645014
46397,46398,2-s2.0-85134434365
46399,46400,2-s2.0-85134430841
46404,46405,2-s2.0-85179720408
46407,46408,2-s2.0-85150452149
46419,46420,2-s2.0-85141392556
46421,46422,2-s2.0-85141263511
46425,46426,2-s2.0-85138712499
46427,46428,2-s2.0-85138103967
46433,46434,2-s2.0-85135535160
46437,46438,2-s2.0-85134685784
46441,46442,2-s2.0-85134535515
46467,46468,2-s2.0-85133238185
46473,46474,2-s2.0-85132398794
46474,46475,2-s2.0-85132193794
46476,46477,2-s2.0-85131288360
46477,46478,2-s2.0-85131066112
46479,46480,2-s2.0-85130280384
46483,46484,2-s2.0-85126641949
46493,46494,2-s2.0-85105959869
46496,46497,2-s2.0-85104804620
46499,46500,2-s2.0-85095456743
46501,46502,2-s2.0-85088033863
46505,46506,2-s2.0-85133567091
46508,46509,2-s2.0-85130223100
46518,46519,2-s2.0-85136907758
46520,46521,2-s2.0-85136855864
46524,46525,2-s2.0-85133708003
46526,46527,2-s2.0-85133364793
46528,46529,2-s2.0-85137179785
46534,46535,2-s2.0-85133195177
46540,46541,2-s2.0-85132358968
46549,46550,2-s2.0-85186092323
46551,46552,2-s2.0-85173514643
46552,46553,2-s2.0-85173478363
46571,46572,2-s2.0-85135238530
46575,46576,2-s2.0-85134619969
46583,46584,2-s2.0-85132977765
46584,46585,2-s2.0-85132848526
46589,46590,2-s2.0-85132521327
46592,46593,2-s2.0-85132292678
46593,46594,2-s2.0-85132263064
46597,46598,2-s2.0-85132150090
46598,46599,2-s2.0-85132046644
46600,46601,2-s2.0-85132029553
46601,46602,2-s2.0-85131903946
46604,46605,2-s2.0-85131772389
46607,46608,2-s2.0-85131603005
46614,46615,2-s2.0-85131315661
46616,46617,2-s2.0-85130934014
46626,46627,2-s2.0-85129612202
46627,46628,2-s2.0-85129611164
46629,46630,2-s2.0-85129414027
46631,46632,2-s2.0-85128803590
46633,46634,2-s2.0-85128235253
46635,46636,2-s2.0-85127970346
46640,46641,2-s2.0-85127529896
46647,46648,2-s2.0-85126842540
46651,46652,2-s2.0-85126056616
46661,46662,2-s2.0-85124838101
46665,46666,2-s2.0-85123252962
46669,46670,2-s2.0-85122235573
46673,46674,2-s2.0-85119052253
46678,46679,2-s2.0-85114383351
46686,46687,2-s2.0-85105931413
46689,46690,2-s2.0-85102488726
46695,46696,2-s2.0-85087867506
46697,46698,2-s2.0-85131766838
46699,46700,2-s2.0-85173506491
46700,46701,2-s2.0-85133263500
46702,46703,2-s2.0-85133288230
46715,46716,2-s2.0-85130747100
46722,46723,2-s2.0-85121287766
46733,46734,2-s2.0-85136905117
46742,46743,2-s2.0-85133500054
46744,46745,2-s2.0-85133010017
46758,46759,2-s2.0-85130745914
46760,46761,2-s2.0-85130705814
46761,46762,2-s2.0-85130702388
46766,46767,2-s2.0-85130225279
46769,46770,2-s2.0-85129841562
46771,46772,2-s2.0-85129740966
46772,46773,2-s2.0-85129633887
46782,46783,2-s2.0-85126564966
46783,46784,2-s2.0-85125386555
46786,46787,2-s2.0-85124558625
46797,46798,2-s2.0-85120054502
46798,46799,2-s2.0-85119902798
46800,46801,2-s2.0-85119180586
46804,46805,2-s2.0-85118206056
46814,46815,2-s2.0-85092461734
46817,46818,2-s2.0-85190651070
46821,46822,2-s2.0-85130063439
46822,46823,2-s2.0-85129938730
46823,46824,2-s2.0-85129888722
46824,46825,2-s2.0-85129599949
46825,46826,2-s2.0-85128230567
46835,46836,2-s2.0-85132661845
46842,46843,2-s2.0-85138526928
46849,46850,2-s2.0-85131748767
46856,46857,2-s2.0-85129636527
46862,46863,2-s2.0-85129195301
46870,46871,2-s2.0-85128535746
46878,46879,2-s2.0-85128044154
46880,46881,2-s2.0-85127929897
46882,46883,2-s2.0-85127858788
46890,46891,2-s2.0-85127448567
46891,46892,2-s2.0-85127306858
46894,46895,2-s2.0-85126666936
46909,46910,2-s2.0-85123247673
46917,46918,2-s2.0-85117379830
46924,46925,2-s2.0-85114341737
46950,46951,2-s2.0-85126654613
46954,46955,2-s2.0-85127062559
46960,46961,2-s2.0-85127397116
46962,46963,2-s2.0-85127092725
46965,46966,2-s2.0-85127373452
46967,46968,2-s2.0-85205699567
46968,46969,2-s2.0-85202868209
46974,46975,2-s2.0-85139063283
46989,46990,2-s2.0-85128847033
46991,46992,2-s2.0-85128636849
47004,47005,2-s2.0-85126939634
47007,47008,2-s2.0-85126744561
47010,47011,2-s2.0-85126643639
47013,47014,2-s2.0-85126315832
47014,47015,2-s2.0-85126313759
47016,47017,2-s2.0-85126281294
47021,47022,2-s2.0-85125789248
47025,47026,2-s2.0-85125528398
47029,47030,2-s2.0-85124578134
47032,47033,2-s2.0-85123973859
47036,47037,2-s2.0-85123651628
47038,47039,2-s2.0-85123290616
47044,47045,2-s2.0-85120493639
47047,47048,2-s2.0-85118668279
47048,47049,2-s2.0-85116208194
47058,47059,2-s2.0-85112065371
47073,47074,2-s2.0-85100608133
47074,47075,2-s2.0-85099987664
47080,47081,2-s2.0-85086864638
47081,47082,2-s2.0-85086645429
47096,47097,2-s2.0-85137173270
47110,47111,2-s2.0-85106017807
47112,47113,2-s2.0-85124883824
47119,47120,2-s2.0-85164161649
47126,47127,2-s2.0-85126331291
47127,47128,2-s2.0-85126320535
47129,47130,2-s2.0-85125649667
47136,47137,2-s2.0-85125064408
47138,47139,2-s2.0-85124979839
47164,47165,2-s2.0-85121120808
47168,47169,2-s2.0-85119061582
47182,47183,2-s2.0-85101763472
47184,47185,2-s2.0-85099973797
47208,47209,2-s2.0-85129161596
47209,47210,2-s2.0-85129151056
47211,47212,2-s2.0-85129130447
47213,47214,2-s2.0-85125083098
47218,47219,2-s2.0-85114116163
47220,47221,2-s2.0-85123345104
47221,47222,2-s2.0-85123706278
47223,47224,2-s2.0-85124292168
47231,47232,2-s2.0-85218934490
47234,47235,2-s2.0-85218724983
47236,47237,2-s2.0-85217138374
47240,47241,2-s2.0-85216761826
47242,47243,2-s2.0-85216744711
47248,47249,2-s2.0-85205571062
47249,47250,2-s2.0-85205569684
47253,47254,2-s2.0-85205542013
47255,47256,2-s2.0-85205207712
47256,47257,2-s2.0-85198609429
47259,47260,2-s2.0-85196626916
47261,47262,2-s2.0-85195318598
47278,47279,2-s2.0-85181220686
47280,47281,2-s2.0-85181218891
47302,47303,2-s2.0-85180623320
47304,47305,2-s2.0-85179868285
47309,47310,2-s2.0-85178452812
47321,47322,2-s2.0-85174818200
47322,47323,2-s2.0-85174815396
47324,47325,2-s2.0-85174809648
47329,47330,2-s2.0-85174133627
47341,47342,2-s2.0-85172351155
47354,47355,2-s2.0-85171132090
47362,47363,2-s2.0-85169319526
47366,47367,2-s2.0-85168348928
47375,47376,2-s2.0-85167593226
47382,47383,2-s2.0-85165488562
47392,47393,2-s2.0-85164539027
47396,47397,2-s2.0-85163838852
47399,47400,2-s2.0-85163804006
47401,47402,2-s2.0-85163550031
47413,47414,2-s2.0-85161427176
47414,47415,2-s2.0-85161224735
47417,47418,2-s2.0-85161096531
47418,47419,2-s2.0-85160928959
47420,47421,2-s2.0-85160735226
47423,47424,2-s2.0-85160198913
47427,47428,2-s2.0-85159792852
47428,47429,2-s2.0-85159672652
47439,47440,2-s2.0-85159328059
47442,47443,2-s2.0-85159309558
47446,47447,2-s2.0-85159089745
47455,47456,2-s2.0-85158988898
47459,47460,2-s2.0-85158972428
47464,47465,2-s2.0-85158961628
47473,47474,2-s2.0-85156728055
47483,47484,2-s2.0-85153956216
47484,47485,2-s2.0-85153951933
47485,47486,2-s2.0-85153934250
47491,47492,2-s2.0-85153425705
47497,47498,2-s2.0-85152848754
47502,47503,2-s2.0-85151969722
47504,47505,2-s2.0-85151739506
47526,47527,2-s2.0-85150577752
47552,47553,2-s2.0-85150021900
47553,47554,2-s2.0-85150016156
47561,47562,2-s2.0-85149552756
47566,47567,2-s2.0-85149364038
47570,47571,2-s2.0-85148941420
47572,47573,2-s2.0-85148888686
47577,47578,2-s2.0-85148603965
47581,47582,2-s2.0-85148525447
47583,47584,2-s2.0-85148518298
47588,47589,2-s2.0-85148486611
47612,47613,2-s2.0-85147774698
47613,47614,2-s2.0-85147737871
47615,47616,2-s2.0-85147732163
47620,47621,2-s2.0-85147535410
47632,47633,2-s2.0-85147517919
47633,47634,2-s2.0-85147517682
47640,47641,2-s2.0-85147501726
47641,47642,2-s2.0-85147501150
47642,47643,2-s2.0-85147500468
47643,47644,2-s2.0-85147500424
47644,47645,2-s2.0-85147499981
47667,47668,2-s2.0-85146832189
47668,47669,2-s2.0-85146786762
47670,47671,2-s2.0-85146759164
47682,47683,2-s2.0-85146672514
47684,47685,2-s2.0-85146659811
47686,47687,2-s2.0-85146646027
47703,47704,2-s2.0-85146395156
47711,47712,2-s2.0-85146230282
47715,47716,2-s2.0-85146122070
47717,47718,2-s2.0-85146117322
47719,47720,2-s2.0-85146110003
47720,47721,2-s2.0-85145973944
47722,47723,2-s2.0-85145942061
47723,47724,2-s2.0-85145910676
47725,47726,2-s2.0-85145898652
47727,47728,2-s2.0-85145897074
47735,47736,2-s2.0-85145773851
47739,47740,2-s2.0-85145768453
47743,47744,2-s2.0-85145676452
47745,47746,2-s2.0-85145482663
47749,47750,2-s2.0-85145352748
47754,47755,2-s2.0-85144940378
47756,47757,2-s2.0-85144818523
47758,47759,2-s2.0-85144807522
47762,47763,2-s2.0-85144717815
47763,47764,2-s2.0-85144653807
47765,47766,2-s2.0-85144497524
47777,47778,2-s2.0-85144295468
47779,47780,2-s2.0-85144185005
47787,47788,2-s2.0-85144096576
47790,47791,2-s2.0-85143940494
47791,47792,2-s2.0-85143910142
47807,47808,2-s2.0-85143795442
47814,47815,2-s2.0-85143771411
47820,47821,2-s2.0-85143645381
47822,47823,2-s2.0-85143610433
47833,47834,2-s2.0-85143168120
47847,47848,2-s2.0-85142818753
47848,47849,2-s2.0-85142787025
47851,47852,2-s2.0-85142743920
47866,47867,2-s2.0-85142460070
47867,47868,2-s2.0-85142458607
47871,47872,2-s2.0-85142455439
47873,47874,2-s2.0-85142445160
47874,47875,2-s2.0-85142438876
47875,47876,2-s2.0-85142434828
47883,47884,2-s2.0-85142302627
47899,47900,2-s2.0-85141813954
47906,47907,2-s2.0-85141762333
47908,47909,2-s2.0-85141756707
47913,47914,2-s2.0-85141702759
47917,47918,2-s2.0-85141648853
47919,47920,2-s2.0-85141618986
47930,47931,2-s2.0-85141371646
47931,47932,2-s2.0-85141367196
47935,47936,2-s2.0-85141220333
47937,47938,2-s2.0-85141214897
47948,47949,2-s2.0-85141014058
47953,47954,2-s2.0-85140913824
47955,47956,2-s2.0-85140908993
47961,47962,2-s2.0-85140813075
47963,47964,2-s2.0-85140719089
47969,47970,2-s2.0-85140617561
47975,47976,2-s2.0-85140593353
47979,47980,2-s2.0-85140510483
47980,47981,2-s2.0-85140484184
47981,47982,2-s2.0-85140452236
47982,47983,2-s2.0-85140407368
47989,47990,2-s2.0-85140260285
47995,47996,2-s2.0-85140158390
47999,48000,2-s2.0-85140044236
48003,48004,2-s2.0-85139987768
48004,48005,2-s2.0-85139783553
48009,48010,2-s2.0-85139665730
48011,48012,2-s2.0-85139557783
48025,48026,2-s2.0-85139388484
48026,48027,2-s2.0-85139383478
48028,48029,2-s2.0-85139332982
48031,48032,2-s2.0-85139293792
48037,48038,2-s2.0-85139154347
48041,48042,2-s2.0-85139075076
48042,48043,2-s2.0-85139067847
48051,48052,2-s2.0-85138713276
48054,48055,2-s2.0-85138601428
48055,48056,2-s2.0-85138598444
48056,48057,2-s2.0-85138598392
48060,48061,2-s2.0-85138517726
48061,48062,2-s2.0-85138412790
48072,48073,2-s2.0-85138171035
48086,48087,2-s2.0-85137660142
48096,48097,2-s2.0-85137437491
48102,48103,2-s2.0-85137123030
48106,48107,2-s2.0-85137015996
48109,48110,2-s2.0-85136975395
48125,48126,2-s2.0-85136715997
48131,48132,2-s2.0-85136328548
48133,48134,2-s2.0-85136270297
48135,48136,2-s2.0-85136153464
48136,48137,2-s2.0-85136133516
48140,48141,2-s2.0-85136110860
48145,48146,2-s2.0-85135918174
48147,48148,2-s2.0-85135880632
48152,48153,2-s2.0-85135802650
48163,48164,2-s2.0-85135529027
48165,48166,2-s2.0-85135486064
48168,48169,2-s2.0-85135468419
48169,48170,2-s2.0-85135451063
48172,48173,2-s2.0-85135313966
48174,48175,2-s2.0-85135293559
48177,48178,2-s2.0-85135262212
48184,48185,2-s2.0-85135150836
48186,48187,2-s2.0-85135074823
48209,48210,2-s2.0-85134785279
48213,48214,2-s2.0-85134732916
48215,48216,2-s2.0-85134667515
48216,48217,2-s2.0-85134621359
48223,48224,2-s2.0-85134494572
48226,48227,2-s2.0-85134414023
48232,48233,2-s2.0-85134319824
48237,48238,2-s2.0-85134231652
48240,48241,2-s2.0-85134189640
48251,48252,2-s2.0-85133965076
48256,48257,2-s2.0-85133942508
48258,48259,2-s2.0-85133927582
48260,48261,2-s2.0-85133805955
48264,48265,2-s2.0-85133642809
48265,48266,2-s2.0-85133617105
48267,48268,2-s2.0-85133530800
48269,48270,2-s2.0-85133516578
48271,48272,2-s2.0-85133500245
48278,48279,2-s2.0-85133453637
48282,48283,2-s2.0-85133411120
48284,48285,2-s2.0-85133372562
48286,48287,2-s2.0-85133208313
48300,48301,2-s2.0-85132725849
48309,48310,2-s2.0-85132529949
48311,48312,2-s2.0-85132449758
48314,48315,2-s2.0-85132345921
48316,48317,2-s2.0-85132312793
48318,48319,2-s2.0-85132303428
48320,48321,2-s2.0-85132301657
48321,48322,2-s2.0-85132298185
48333,48334,2-s2.0-85131953334
48339,48340,2-s2.0-85131693505
48340,48341,2-s2.0-85131622060
48341,48342,2-s2.0-85131553880
48349,48350,2-s2.0-85131095738
48352,48353,2-s2.0-85131061886
48353,48354,2-s2.0-85130988332
48358,48359,2-s2.0-85130953927
48364,48365,2-s2.0-85130804688
48393,48394,2-s2.0-85130498840
48411,48412,2-s2.0-85130356614
48414,48415,2-s2.0-85130342678
48415,48416,2-s2.0-85130249563
48431,48432,2-s2.0-85129879658
48434,48435,2-s2.0-85129821860
48446,48447,2-s2.0-85129445255
48450,48451,2-s2.0-85129428198
48451,48452,2-s2.0-85129413030
48454,48455,2-s2.0-85129398191
48460,48461,2-s2.0-85129243186
48466,48467,2-s2.0-85129178857
48473,48474,2-s2.0-85129083125
48477,48478,2-s2.0-85128987727
48494,48495,2-s2.0-85128789462
48498,48499,2-s2.0-85128717261
48499,48500,2-s2.0-85128703192
48502,48503,2-s2.0-85128675767
48510,48511,2-s2.0-85128414622
48513,48514,2-s2.0-85128365679
48515,48516,2-s2.0-85128240098
48517,48518,2-s2.0-85128201804
48518,48519,2-s2.0-85128173029
48521,48522,2-s2.0-85127979214
48525,48526,2-s2.0-85127876557
48530,48531,2-s2.0-85127809646
48532,48533,2-s2.0-85127722322
48534,48535,2-s2.0-85127608298
48536,48537,2-s2.0-85127581374
48540,48541,2-s2.0-85127557265
48544,48545,2-s2.0-85127503103
48548,48549,2-s2.0-85127338562
48559,48560,2-s2.0-85127025821
48562,48563,2-s2.0-85126900003
48564,48565,2-s2.0-85126803757
48570,48571,2-s2.0-85126475882
48571,48572,2-s2.0-85126366622
48579,48580,2-s2.0-85126097543
48600,48601,2-s2.0-85125467861
48602,48603,2-s2.0-85125453122
48608,48609,2-s2.0-85125261041
48614,48615,2-s2.0-85125168640
48615,48616,2-s2.0-85125150627
48617,48618,2-s2.0-85125107466
48624,48625,2-s2.0-85124891588
48628,48629,2-s2.0-85124772982
48635,48636,2-s2.0-85124671936
48643,48644,2-s2.0-85124515166
48644,48645,2-s2.0-85124488772
48650,48651,2-s2.0-85124291929
48657,48658,2-s2.0-85124146271
48662,48663,2-s2.0-85123932264
48668,48669,2-s2.0-85123842189
48670,48671,2-s2.0-85123804921
48672,48673,2-s2.0-85123761815
48677,48678,2-s2.0-85123641721
48680,48681,2-s2.0-85123605415
48681,48682,2-s2.0-85123603029
48703,48704,2-s2.0-85123226871
48706,48707,2-s2.0-85122880449
48713,48714,2-s2.0-85122751896
48715,48716,2-s2.0-85122667375
48716,48717,2-s2.0-85122592409
48725,48726,2-s2.0-85122219002
48730,48731,2-s2.0-85121857471
48746,48747,2-s2.0-85121125879
48749,48750,2-s2.0-85120971847
48751,48752,2-s2.0-85120862248
48752,48753,2-s2.0-85120825579
48756,48757,2-s2.0-85120530500
48759,48760,2-s2.0-85120080709
48764,48765,2-s2.0-85119703744
48776,48777,2-s2.0-85119141444
48779,48780,2-s2.0-85119120012
48781,48782,2-s2.0-85118624383
48783,48784,2-s2.0-85118588026
48787,48788,2-s2.0-85118192909
48790,48791,2-s2.0-85118135170
48800,48801,2-s2.0-85117457109
48805,48806,2-s2.0-85116991742
48813,48814,2-s2.0-85116507675
48821,48822,2-s2.0-85115617919
48824,48825,2-s2.0-85114615550
48827,48828,2-s2.0-85114088314
48835,48836,2-s2.0-85112427587
48841,48842,2-s2.0-85112183320
48843,48844,2-s2.0-85111934824
48845,48846,2-s2.0-85111821815
48847,48848,2-s2.0-85111661081
48858,48859,2-s2.0-85111461796
48865,48866,2-s2.0-85110032242
48867,48868,2-s2.0-85109645288
48869,48870,2-s2.0-85109350253
48870,48871,2-s2.0-85109253818
48874,48875,2-s2.0-85108239716
48876,48877,2-s2.0-85108182395
48878,48879,2-s2.0-85107987525
48879,48880,2-s2.0-85107516836
48884,48885,2-s2.0-85106693517
48892,48893,2-s2.0-85105369465
48893,48894,2-s2.0-85105180200
48894,48895,2-s2.0-85105171555
48895,48896,2-s2.0-85105156997
48898,48899,2-s2.0-85104721226
48904,48905,2-s2.0-85102935345
48915,48916,2-s2.0-85100985289
48918,48919,2-s2.0-85100570426
48931,48932,2-s2.0-85098668879
48936,48937,2-s2.0-85097193107
48937,48938,2-s2.0-85097049451
48945,48946,2-s2.0-85096104569
48949,48950,2-s2.0-85094928717
48953,48954,2-s2.0-85092696857
48956,48957,2-s2.0-85091870033
48958,48959,2-s2.0-85091612013
48961,48962,2-s2.0-85091017042
48963,48964,2-s2.0-85090985806
48964,48965,2-s2.0-85090585954
48965,48966,2-s2.0-85089916877
48986,48987,2-s2.0-85082420477
48989,48990,2-s2.0-85078817941
49017,49018,2-s2.0-85124503503
49029,49030,2-s2.0-85123980278
49030,49031,2-s2.0-85123613666
49035,49036,2-s2.0-85126614797
49042,49043,2-s2.0-85123071542
49047,49048,2-s2.0-85122911804
49048,49049,2-s2.0-85127605394
49051,49052,2-s2.0-85190669815
49058,49059,2-s2.0-85137671785
49062,49063,2-s2.0-85131186279
49073,49074,2-s2.0-85127123460
49077,49078,2-s2.0-85125622950
49090,49091,2-s2.0-85123580653
49094,49095,2-s2.0-85123353158
49095,49096,2-s2.0-85123281720
49096,49097,2-s2.0-85122517850
49097,49098,2-s2.0-85122507758
49114,49115,2-s2.0-85121379939
49115,49116,2-s2.0-85121353449
49125,49126,2-s2.0-85121052482
49134,49135,2-s2.0-85120780352
49135,49136,2-s2.0-85120760685
49144,49145,2-s2.0-85119690749
49148,49149,2-s2.0-85119264257
49150,49151,2-s2.0-85119038087
49155,49156,2-s2.0-85118607843
49159,49160,2-s2.0-85118281504
49160,49161,2-s2.0-85118279968
49161,49162,2-s2.0-85118262234
49166,49167,2-s2.0-85117408294
49167,49168,2-s2.0-85117311283
49169,49170,2-s2.0-85116574462
49181,49182,2-s2.0-85115123696
49182,49183,2-s2.0-85115026909
49190,49191,2-s2.0-85113634406
49203,49204,2-s2.0-85109735095
49204,49205,2-s2.0-85109402833
49206,49207,2-s2.0-85108369484
49211,49212,2-s2.0-85107326746
49212,49213,2-s2.0-85107306655
49216,49217,2-s2.0-85106006526
49223,49224,2-s2.0-85105541934
49228,49229,2-s2.0-85104376531
49234,49235,2-s2.0-85103347057
49238,49239,2-s2.0-85102553409
49241,49242,2-s2.0-85102044596
49244,49245,2-s2.0-85101825711
49247,49248,2-s2.0-85101222266
49267,49268,2-s2.0-85078717068
49270,49271,2-s2.0-85123532567
49272,49273,2-s2.0-85123302674
49280,49281,2-s2.0-85121240527
49282,49283,2-s2.0-85119343244
49285,49286,2-s2.0-85121482402
49296,49297,2-s2.0-85122947748
49313,49314,2-s2.0-85146638361
49329,49330,2-s2.0-85120542516
49330,49331,2-s2.0-85120499180
49331,49332,2-s2.0-85120459128
49337,49338,2-s2.0-85119836151
49344,49345,2-s2.0-85119156712
49345,49346,2-s2.0-85119138726
49347,49348,2-s2.0-85119064832
49351,49352,2-s2.0-85118550332
49354,49355,2-s2.0-85118261808
49359,49360,2-s2.0-85118123455
49362,49363,2-s2.0-85117207722
49363,49364,2-s2.0-85116999053
49367,49368,2-s2.0-85114191573
49375,49376,2-s2.0-85111471475
49378,49379,2-s2.0-85109026394
49386,49387,2-s2.0-85106497625
49393,49394,2-s2.0-85104149155
49399,49400,2-s2.0-85084076157
49404,49405,2-s2.0-85119927242
49412,49413,2-s2.0-85122067346
49414,49415,2-s2.0-85122472293
49444,49445,2-s2.0-85117603186
49445,49446,2-s2.0-85117615759
49447,49448,2-s2.0-85117263285
49454,49455,2-s2.0-85127411612
49468,49469,2-s2.0-85117509660
49469,49470,2-s2.0-85117495578
49470,49471,2-s2.0-85117449902
49473,49474,2-s2.0-85117306505
49475,49476,2-s2.0-85117186209
49476,49477,2-s2.0-85117163400
49483,49484,2-s2.0-85116585105
49485,49486,2-s2.0-85116500043
49493,49494,2-s2.0-85116315680
49494,49495,2-s2.0-85116300553
49501,49502,2-s2.0-85115992193
49510,49511,2-s2.0-85114470122
49519,49520,2-s2.0-85113633412
49529,49530,2-s2.0-85108680354
49533,49534,2-s2.0-85107685752
49538,49539,2-s2.0-85105407493
49539,49540,2-s2.0-85104087833
49540,49541,2-s2.0-85103401987
49542,49543,2-s2.0-85103220605
49544,49545,2-s2.0-85102176993
49545,49546,2-s2.0-85101274572
49549,49550,2-s2.0-85096776950
49551,49552,2-s2.0-85090776681
49568,49569,2-s2.0-85119095668
49569,49570,2-s2.0-85116497154
49586,49587,2-s2.0-85134652708
49595,49596,2-s2.0-85154015684
49603,49604,2-s2.0-85122814511
49606,49607,2-s2.0-85120890077
49611,49612,2-s2.0-85118096978
49615,49616,2-s2.0-85117098387
49628,49629,2-s2.0-85115752337
49631,49632,2-s2.0-85115353192
49642,49643,2-s2.0-85114426124
49643,49644,2-s2.0-85114298795
49644,49645,2-s2.0-85114265266
49646,49647,2-s2.0-85114046157
49651,49652,2-s2.0-85113311154
49663,49664,2-s2.0-85109980884
49672,49673,2-s2.0-85106927876
49676,49677,2-s2.0-85105011163
49681,49682,2-s2.0-85102563232
49687,49688,2-s2.0-85098769651
49690,49691,2-s2.0-85096372849
49691,49692,2-s2.0-85095590494
49699,49700,2-s2.0-85083388674
49701,49702,2-s2.0-85065342347
49708,49709,2-s2.0-85114214545
49717,49718,2-s2.0-85118960206
49721,49722,2-s2.0-85147835841
49723,49724,2-s2.0-85113390972
49731,49732,2-s2.0-85110452637
49743,49744,2-s2.0-85115064391
49747,49748,2-s2.0-85112851717
49751,49752,2-s2.0-85112837643
49757,49758,2-s2.0-85112821071
49761,49762,2-s2.0-85112807111
49772,49773,2-s2.0-85112779897
49783,49784,2-s2.0-85112350454
49791,49792,2-s2.0-85116709005
49795,49796,2-s2.0-85114106821
49796,49797,2-s2.0-85113949041
49802,49803,2-s2.0-85112631276
49804,49805,2-s2.0-85112375839
49808,49809,2-s2.0-85112086649
49820,49821,2-s2.0-85111580386
49821,49822,2-s2.0-85111555134
49823,49824,2-s2.0-85111206544
49827,49828,2-s2.0-85109089653
49833,49834,2-s2.0-85105428197
49848,49849,2-s2.0-85101501072
49851,49852,2-s2.0-85096781773
49870,49871,2-s2.0-85118760874
49876,49877,2-s2.0-85124571045
49883,49884,2-s2.0-85124565872
49887,49888,2-s2.0-85124564378
49888,49889,2-s2.0-85124563999
49898,49899,2-s2.0-85124550148
49902,49903,2-s2.0-85124544287
49906,49907,2-s2.0-85124534554
49907,49908,2-s2.0-85124532232
49915,49916,2-s2.0-85124525891
49923,49924,2-s2.0-85124518429
49927,49928,2-s2.0-85124512547
49933,49934,2-s2.0-85124503724
49941,49942,2-s2.0-85125557010
49942,49943,2-s2.0-85119827239
49951,49952,2-s2.0-85112443602
49958,49959,2-s2.0-85117615802
49964,49965,2-s2.0-85111288220
49973,49974,2-s2.0-85108893017
49976,49977,2-s2.0-85111927246
49986,49987,2-s2.0-85143223588
50002,50003,2-s2.0-85114891262
50007,50008,2-s2.0-85114427093
50009,50010,2-s2.0-85113780774
50013,50014,2-s2.0-85112738676
50016,50017,2-s2.0-85112298267
50017,50018,2-s2.0-85112280524
50018,50019,2-s2.0-85112114920
50019,50020,2-s2.0-85112025822
50024,50025,2-s2.0-85111132289
50030,50031,2-s2.0-85110709212
50034,50035,2-s2.0-85110374627
50038,50039,2-s2.0-85110279768
50042,50043,2-s2.0-85109746550
50046,50047,2-s2.0-85109033121
50054,50055,2-s2.0-85108361578
50066,50067,2-s2.0-85104149565
50071,50072,2-s2.0-85103164408
50082,50083,2-s2.0-85088873132
50083,50084,2-s2.0-85088555232
50092,50093,2-s2.0-85118171610
50094,50095,2-s2.0-85110285226
50101,50102,2-s2.0-85128113019
50104,50105,2-s2.0-85116782322
50110,50111,2-s2.0-85110243835
50111,50112,2-s2.0-85110191748
50116,50117,2-s2.0-85109095247
50124,50125,2-s2.0-85114653293
50133,50134,2-s2.0-85132280635
50137,50138,2-s2.0-105012527162
50138,50139,2-s2.0-85108304218
50143,50144,2-s2.0-85108647430
50153,50154,2-s2.0-85108572498
50154,50155,2-s2.0-85108568197
50158,50159,2-s2.0-85108558115
50167,50168,2-s2.0-85108536725
50168,50169,2-s2.0-85108536631
50169,50170,2-s2.0-85108534641
50172,50173,2-s2.0-85108530740
50175,50176,2-s2.0-85108526688
50176,50177,2-s2.0-85108516439
50180,50181,2-s2.0-85108508548
50182,50183,2-s2.0-85108506890
50185,50186,2-s2.0-85108503359
50194,50195,2-s2.0-85108696676
50195,50196,2-s2.0-85108569554
50200,50201,2-s2.0-85114272581
50201,50202,2-s2.0-85108381830
50202,50203,2-s2.0-85108250403
50210,50211,2-s2.0-85138597554
50212,50213,2-s2.0-85138229871
50219,50220,2-s2.0-85124277177
50223,50224,2-s2.0-85120744631
50226,50227,2-s2.0-85118244556
50228,50229,2-s2.0-85118232518
50231,50232,2-s2.0-85116202190
50233,50234,2-s2.0-85116096117
50236,50237,2-s2.0-85114880235
50238,50239,2-s2.0-85112721581
50252,50253,2-s2.0-85109065959
50260,50261,2-s2.0-85108241940
50274,50275,2-s2.0-85106521304
50275,50276,2-s2.0-85106492008
50279,50280,2-s2.0-85106423129
50281,50282,2-s2.0-85106246366
50282,50283,2-s2.0-85106229671
50283,50284,2-s2.0-85106042274
50290,50291,2-s2.0-85105266831
50291,50292,2-s2.0-85105252955
50293,50294,2-s2.0-85104954211
50301,50302,2-s2.0-85103265876
50302,50303,2-s2.0-85103233259
50303,50304,2-s2.0-85103210545
50304,50305,2-s2.0-85103174698
50313,50314,2-s2.0-85101348206
50319,50320,2-s2.0-85100590663
50322,50323,2-s2.0-85099516970
50335,50336,2-s2.0-85107835575
50339,50340,2-s2.0-85107944461
50347,50348,2-s2.0-85125370864
50360,50361,2-s2.0-85108024460
50364,50365,2-s2.0-85149433335
50368,50369,2-s2.0-85108174044
50381,50382,2-s2.0-85138451879
50391,50392,2-s2.0-85149432422
50397,50398,2-s2.0-85117563974
50400,50401,2-s2.0-85105964138
50403,50404,2-s2.0-85105962073
50410,50411,2-s2.0-85105938997
50411,50412,2-s2.0-85105937883
50423,50424,2-s2.0-85105923064
50429,50430,2-s2.0-85105918253
50436,50437,2-s2.0-85105906943
50437,50438,2-s2.0-85107009380
50440,50441,2-s2.0-85113395564
50441,50442,2-s2.0-85113385622
50442,50443,2-s2.0-85106189487
50444,50445,2-s2.0-85106164959
50447,50448,2-s2.0-85105973938
50452,50453,2-s2.0-85106352305
50454,50455,2-s2.0-85106867110
50457,50458,2-s2.0-85132726510
50463,50464,2-s2.0-85115688399
50470,50471,2-s2.0-85109096056
50478,50479,2-s2.0-85107305345
50480,50481,2-s2.0-85107192676
50494,50495,2-s2.0-85105010742
50496,50497,2-s2.0-85104898949
50499,50500,2-s2.0-85104229331
50505,50506,2-s2.0-85103211549
50510,50511,2-s2.0-85101479670
50533,50534,2-s2.0-85105798227
50540,50541,2-s2.0-85108461877
50541,50542,2-s2.0-85105254046
50543,50544,2-s2.0-85105754858
50546,50547,2-s2.0-85198558832
50551,50552,2-s2.0-85112478692
50558,50559,2-s2.0-85112463282
50560,50561,2-s2.0-85112459269
50583,50584,2-s2.0-85107327639
50585,50586,2-s2.0-85117899871
50586,50587,2-s2.0-85110544579
50592,50593,2-s2.0-85104738615
50599,50600,2-s2.0-85112845605
50607,50608,2-s2.0-85104684328
50608,50609,2-s2.0-85104683321
50617,50618,2-s2.0-85104665284
50622,50623,2-s2.0-85104657157
50632,50633,2-s2.0-85104636474
50642,50643,2-s2.0-85104613059
50645,50646,2-s2.0-85104609098
50651,50652,2-s2.0-85104595579
50660,50661,2-s2.0-85104571334
50667,50668,2-s2.0-85104640473
50669,50670,2-s2.0-85105012277
50676,50677,2-s2.0-85103861713
50684,50685,2-s2.0-85103828078
50701,50702,2-s2.0-85117347657
50702,50703,2-s2.0-85115637932
50704,50705,2-s2.0-85108187080
50707,50708,2-s2.0-85106619489
50710,50711,2-s2.0-85106294064
50717,50718,2-s2.0-85105715330
50727,50728,2-s2.0-85105476556
50735,50736,2-s2.0-85104985260
50736,50737,2-s2.0-85104755447
50748,50749,2-s2.0-85103768974
50752,50753,2-s2.0-85103333665
50763,50764,2-s2.0-85099922267
50770,50771,2-s2.0-85098464860
50776,50777,2-s2.0-85087573521
50786,50787,2-s2.0-85077984416
50791,50792,2-s2.0-105003015801
50794,50795,2-s2.0-85103859606
50801,50802,2-s2.0-85103850486
50804,50805,2-s2.0-85103849115
50807,50808,2-s2.0-85103842513
50822,50823,2-s2.0-85103823210
50835,50836,2-s2.0-85107451635
50836,50837,2-s2.0-85104444079
50843,50844,2-s2.0-85103469421
50847,50848,2-s2.0-85103461386
50851,50852,2-s2.0-85103449196
50852,50853,2-s2.0-85103448468
50853,50854,2-s2.0-85103447835
50857,50858,2-s2.0-85103440012
50876,50877,2-s2.0-85103481407
50885,50886,2-s2.0-85103575438
50902,50903,2-s2.0-85103465265
50907,50908,2-s2.0-85113100125
50908,50909,2-s2.0-85103339531
50916,50917,2-s2.0-85103312277
50918,50919,2-s2.0-85103310791
50921,50922,2-s2.0-85096229280
50922,50923,2-s2.0-85103253112
50923,50924,2-s2.0-85104485893
50925,50926,2-s2.0-85103122655
50926,50927,2-s2.0-85103122084
50927,50928,2-s2.0-85103121687
50934,50935,2-s2.0-85103082805
50951,50952,2-s2.0-85103326323
50963,50964,2-s2.0-85103335610
50967,50968,2-s2.0-85103329341
50976,50977,2-s2.0-85103307727
50977,50978,2-s2.0-85103307281
50983,50984,2-s2.0-85103065782
50996,50997,2-s2.0-85102440444
51005,51006,2-s2.0-85127367424
51012,51013,2-s2.0-85107087932
51013,51014,2-s2.0-85106308211
51022,51023,2-s2.0-85104607928
51023,51024,2-s2.0-85104591548
51026,51027,2-s2.0-85104263451
51032,51033,2-s2.0-85104029478
51037,51038,2-s2.0-85103518011
51038,51039,2-s2.0-85103512479
51040,51041,2-s2.0-85103108732
51046,51047,2-s2.0-85102983259
51049,51050,2-s2.0-85102560783
51061,51062,2-s2.0-85100753629
51066,51067,2-s2.0-85100316959
51070,51071,2-s2.0-85099802557
51081,51082,2-s2.0-85096571440
51083,51084,2-s2.0-85094138261
51094,51095,2-s2.0-85089676941
51095,51096,2-s2.0-85089390780
51099,51100,2-s2.0-85086320443
51100,51101,2-s2.0-85086151588
51107,51108,2-s2.0-85083996648
51108,51109,2-s2.0-85082936552
51140,51141,2-s2.0-85101847314
51148,51149,2-s2.0-85102208546
51157,51158,2-s2.0-85102364606
51159,51160,2-s2.0-85101649402
51161,51162,2-s2.0-85102098984
51165,51166,2-s2.0-85150248597
51167,51168,2-s2.0-85109583535
51170,51171,2-s2.0-85102381711
51181,51182,2-s2.0-85102333360
51184,51185,2-s2.0-85101944429
51195,51196,2-s2.0-85161643124
51213,51214,2-s2.0-85101566212
51229,51230,2-s2.0-85100381695
51237,51238,2-s2.0-85099749141
51240,51241,2-s2.0-85097214981
51243,51244,2-s2.0-85096598543
51249,51250,2-s2.0-85092207563
51250,51251,2-s2.0-85091001484
51252,51253,2-s2.0-85089993063
51255,51256,2-s2.0-85089677855
51258,51259,2-s2.0-85088583058
51265,51266,2-s2.0-85081031668
51281,51282,2-s2.0-85091637156
51282,51283,2-s2.0-85091636186
51294,51295,2-s2.0-85102401645
51295,51296,2-s2.0-85102401495
51299,51300,2-s2.0-85102342474
51303,51304,2-s2.0-85102294311
51304,51305,2-s2.0-85102246651
51312,51313,2-s2.0-85101841497
51316,51317,2-s2.0-85101820277
51318,51319,2-s2.0-85101817526
51324,51325,2-s2.0-85101800587
51331,51332,2-s2.0-85125183441
51335,51336,2-s2.0-85208910814
51345,51346,2-s2.0-85101037197
51348,51349,2-s2.0-85100581215
51357,51358,2-s2.0-85101357849
51360,51361,2-s2.0-85101325317
51362,51363,2-s2.0-85101317454
51365,51366,2-s2.0-85099398298
51370,51371,2-s2.0-85100808366
51374,51375,2-s2.0-85189530116
51381,51382,2-s2.0-85097826870
51390,51391,2-s2.0-85099142707
51402,51403,2-s2.0-85216753872
51411,51412,2-s2.0-85193909058
51412,51413,2-s2.0-85193897894
51420,51421,2-s2.0-85182737930
51431,51432,2-s2.0-85180755752
51433,51434,2-s2.0-85180635254
51455,51456,2-s2.0-85179844734
51461,51462,2-s2.0-85179838610
51464,51465,2-s2.0-85179674736
51466,51467,2-s2.0-85178877920
51469,51470,2-s2.0-85177524422
51475,51476,2-s2.0-85175478918
51478,51479,2-s2.0-85175101285
51479,51480,2-s2.0-85174632860
51486,51487,2-s2.0-85172686352
51497,51498,2-s2.0-85164847853
51498,51499,2-s2.0-85163510989
51509,51510,2-s2.0-85159407473
51513,51514,2-s2.0-85159007318
51514,51515,2-s2.0-85159006621
51529,51530,2-s2.0-85150869048
51530,51531,2-s2.0-85150660810
51543,51544,2-s2.0-85146148324
51544,51545,2-s2.0-85146145461
51546,51547,2-s2.0-85146120995
51557,51558,2-s2.0-85143562275
51561,51562,2-s2.0-85141242502
51570,51571,2-s2.0-85140163024
51587,51588,2-s2.0-85138289492
51591,51592,2-s2.0-85137951741
51605,51606,2-s2.0-85135103615
51618,51619,2-s2.0-85133259578
51620,51621,2-s2.0-85132924625
51624,51625,2-s2.0-85132671077
51629,51630,2-s2.0-85131828453
51635,51636,2-s2.0-85131469006
51636,51637,2-s2.0-85131406486
51642,51643,2-s2.0-85131247176
51645,51646,2-s2.0-85131168873
51650,51651,2-s2.0-85130560838
51651,51652,2-s2.0-85130488740
51652,51653,2-s2.0-85130416786
51654,51655,2-s2.0-85130091079
51658,51659,2-s2.0-85129956443
51672,51673,2-s2.0-85128945384
51686,51687,2-s2.0-85128291614
51687,51688,2-s2.0-85128283181
51699,51700,2-s2.0-85127600547
51703,51704,2-s2.0-85127574030
51713,51714,2-s2.0-85127240076
51717,51718,2-s2.0-85127203378
51719,51720,2-s2.0-85127149280
51727,51728,2-s2.0-85126878641
51729,51730,2-s2.0-85126779737
51735,51736,2-s2.0-85126579882
51739,51740,2-s2.0-85126279914
51747,51748,2-s2.0-85125632020
51751,51752,2-s2.0-85125319357
51752,51753,2-s2.0-85125316580
51763,51764,2-s2.0-85124799369
51764,51765,2-s2.0-85124798572
51783,51784,2-s2.0-85124076108
51787,51788,2-s2.0-85123856742
51790,51791,2-s2.0-85123844432
51797,51798,2-s2.0-85123827003
51801,51802,2-s2.0-85123822977
51805,51806,2-s2.0-85123756802
51811,51812,2-s2.0-85123617261
51818,51819,2-s2.0-85123381558
51827,51828,2-s2.0-85123085070
51828,51829,2-s2.0-85123058022
51830,51831,2-s2.0-85123045521
51835,51836,2-s2.0-85122952376
51836,51837,2-s2.0-85122947879
51843,51844,2-s2.0-85122921507
51852,51853,2-s2.0-85122825173
51854,51855,2-s2.0-85122807355
51866,51867,2-s2.0-85122244043
51872,51873,2-s2.0-85122124911
51877,51878,2-s2.0-85122020984
51879,51880,2-s2.0-85121866559
51885,51886,2-s2.0-85121759222
51887,51888,2-s2.0-85121743106
51888,51889,2-s2.0-85121741551
51889,51890,2-s2.0-85121727058
51892,51893,2-s2.0-85121669012
51896,51897,2-s2.0-85121653199
51900,51901,2-s2.0-85121621149
51901,51902,2-s2.0-85121580846
51911,51912,2-s2.0-85121147503
51914,51915,2-s2.0-85121056590
51919,51920,2-s2.0-85121028926
51926,51927,2-s2.0-85120949618
51932,51933,2-s2.0-85120791409
51949,51950,2-s2.0-85120389095
51951,51952,2-s2.0-85120387880
51958,51959,2-s2.0-85120175725
51962,51963,2-s2.0-85120037481
51966,51967,2-s2.0-85120018133
51972,51973,2-s2.0-85119588388
51974,51975,2-s2.0-85119454723
51979,51980,2-s2.0-85119209316
51983,51984,2-s2.0-85118990613
51990,51991,2-s2.0-85118867172
51996,51997,2-s2.0-85118708328
52015,52016,2-s2.0-85117960953
52034,52035,2-s2.0-85117688099
52036,52037,2-s2.0-85117683630
52039,52040,2-s2.0-85117568490
52041,52042,2-s2.0-85117473166
52045,52046,2-s2.0-85117284907
52055,52056,2-s2.0-85116822328
52056,52057,2-s2.0-85116746193
52070,52071,2-s2.0-85116442274
52084,52085,2-s2.0-85115792514
52097,52098,2-s2.0-85115732420
52102,52103,2-s2.0-85115441172
52108,52109,2-s2.0-85115317921
52125,52126,2-s2.0-85114791983
52145,52146,2-s2.0-85114011025
52150,52151,2-s2.0-85113879871
52154,52155,2-s2.0-85113808955
52163,52164,2-s2.0-85113479658
52171,52172,2-s2.0-85113408686
52178,52179,2-s2.0-85113390804
52186,52187,2-s2.0-85113316198
52188,52189,2-s2.0-85112853025
52189,52190,2-s2.0-85112845150
52193,52194,2-s2.0-85112813923
52196,52197,2-s2.0-85112809513
52203,52204,2-s2.0-85112687473
52216,52217,2-s2.0-85112524865
52218,52219,2-s2.0-85112524098
52224,52225,2-s2.0-85112359326
52235,52236,2-s2.0-85112050226
52236,52237,2-s2.0-85112034851
52256,52257,2-s2.0-85111304121
52263,52264,2-s2.0-85111140734
52269,52270,2-s2.0-85111056197
52275,52276,2-s2.0-85110675160
52291,52292,2-s2.0-85109801046
52293,52294,2-s2.0-85109769486
52294,52295,2-s2.0-85109754061
52297,52298,2-s2.0-85109680772
52302,52303,2-s2.0-85109544516
52303,52304,2-s2.0-85109444304
52308,52309,2-s2.0-85109259120
52309,52310,2-s2.0-85109175722
52311,52312,2-s2.0-85109066909
52329,52330,2-s2.0-85108546726
52335,52336,2-s2.0-85108415645
52338,52339,2-s2.0-85108297740
52344,52345,2-s2.0-85108213441
52348,52349,2-s2.0-85108141872
52354,52355,2-s2.0-85107896923
52357,52358,2-s2.0-85107764556
52366,52367,2-s2.0-85107509530
52382,52383,2-s2.0-85107059427
52383,52384,2-s2.0-85107049405
52391,52392,2-s2.0-85106860804
52400,52401,2-s2.0-85106585693
52405,52406,2-s2.0-85106507838
52406,52407,2-s2.0-85106470586
52408,52409,2-s2.0-85106428597
52411,52412,2-s2.0-85106337328
52415,52416,2-s2.0-85106222419
52423,52424,2-s2.0-85105934866
52439,52440,2-s2.0-85105817287
52441,52442,2-s2.0-85105779839
52443,52444,2-s2.0-85105645959
52445,52446,2-s2.0-85105557133
52447,52448,2-s2.0-85105531682
52454,52455,2-s2.0-85105337563
52464,52465,2-s2.0-85105042627
52473,52474,2-s2.0-85104565864
52474,52475,2-s2.0-85104520541
52475,52476,2-s2.0-85104510417
52476,52477,2-s2.0-85104497236
52484,52485,2-s2.0-85104401628
52485,52486,2-s2.0-85104391144
52490,52491,2-s2.0-85104299573
52497,52498,2-s2.0-85104081837
52502,52503,2-s2.0-85103981435
52506,52507,2-s2.0-85103937633
52511,52512,2-s2.0-85103890946
52522,52523,2-s2.0-85103640823
52524,52525,2-s2.0-85103548470
52533,52534,2-s2.0-85103485544
52536,52537,2-s2.0-85103468954
52539,52540,2-s2.0-85103457825
52540,52541,2-s2.0-85103440676
52544,52545,2-s2.0-85103340250
52548,52549,2-s2.0-85103277358
52551,52552,2-s2.0-85103236855
52554,52555,2-s2.0-85103161092
52565,52566,2-s2.0-85102866075
52566,52567,2-s2.0-85102851032
52568,52569,2-s2.0-85102776534
52572,52573,2-s2.0-85102693886
52580,52581,2-s2.0-85102315681
52581,52582,2-s2.0-85102305085
52588,52589,2-s2.0-85102127323
52592,52593,2-s2.0-85101793904
52602,52603,2-s2.0-85101564170
52605,52606,2-s2.0-85101532980
52611,52612,2-s2.0-85101361557
52615,52616,2-s2.0-85101226523
52617,52618,2-s2.0-85101132231
52624,52625,2-s2.0-85100852603
52625,52626,2-s2.0-85100839425
52631,52632,2-s2.0-85100578809
52637,52638,2-s2.0-85100427914
52651,52652,2-s2.0-85099967071
52660,52661,2-s2.0-85099750209
52670,52671,2-s2.0-85099362180
52678,52679,2-s2.0-85099084321
52681,52682,2-s2.0-85099031426
52684,52685,2-s2.0-85098853256
52688,52689,2-s2.0-85098780181
52694,52695,2-s2.0-85098254661
52696,52697,2-s2.0-85098132906
52705,52706,2-s2.0-85097406117
52708,52709,2-s2.0-85097210895
52711,52712,2-s2.0-85097084306
52712,52713,2-s2.0-85097075409
52714,52715,2-s2.0-85097020408
52716,52717,2-s2.0-85096914805
52721,52722,2-s2.0-85096488252
52722,52723,2-s2.0-85096479205
52725,52726,2-s2.0-85096213233
52728,52729,2-s2.0-85095761795
52732,52733,2-s2.0-85094879297
52737,52738,2-s2.0-85092780324
52753,52754,2-s2.0-85091726744
52765,52766,2-s2.0-85090952564
52767,52768,2-s2.0-85090304786
52771,52772,2-s2.0-85090187109
52794,52795,2-s2.0-85089452364
52798,52799,2-s2.0-85089095995
52804,52805,2-s2.0-85088466423
52805,52806,2-s2.0-85088374406
52806,52807,2-s2.0-85087518463
52811,52812,2-s2.0-85087352719
52814,52815,2-s2.0-85087121542
52816,52817,2-s2.0-85087039099
52819,52820,2-s2.0-85087003877
52825,52826,2-s2.0-85085515874
52835,52836,2-s2.0-85084449993
52836,52837,2-s2.0-85084407305
52840,52841,2-s2.0-85084316144
52847,52848,2-s2.0-85082672430
52850,52851,2-s2.0-85082196886
52853,52854,2-s2.0-85081742506
52854,52855,2-s2.0-85081734283
52858,52859,2-s2.0-85081542199
52866,52867,2-s2.0-85078593929
52867,52868,2-s2.0-85078478494
52869,52870,2-s2.0-85078405570
52873,52874,2-s2.0-85077364262
52876,52877,2-s2.0-85076920914
52880,52881,2-s2.0-85076190213
52885,52886,2-s2.0-85075441047
52892,52893,2-s2.0-85074571465
52893,52894,2-s2.0-85074021274
52896,52897,2-s2.0-85073922065
52898,52899,2-s2.0-85073776942
52906,52907,2-s2.0-85066622335
52908,52909,2-s2.0-85064646781
52914,52915,2-s2.0-84917258113
52916,52917,2-s2.0-105007829067
52917,52918,2-s2.0-105004467423
52919,52920,2-s2.0-105004017897
52930,52931,2-s2.0-85142418349
52936,52937,2-s2.0-85098126926
52938,52939,2-s2.0-85083218862
52939,52940,2-s2.0-85063468236
