corpus_position,source_row_abs,EID_o_identificador
1,1,2-s2.0-0033660524
3,3,2-s2.0-0033653169
4,4,2-s2.0-0033652463
6,6,2-s2.0-0034623828
8,8,2-s2.0-8644285431
9,9,2-s2.0-8644280479
11,11,2-s2.0-8644274687
12,12,2-s2.0-8644274072
13,13,2-s2.0-8644271674
14,14,2-s2.0-8644265989
17,17,2-s2.0-8644252721
22,22,2-s2.0-8644241742
23,23,2-s2.0-8644233363
24,24,2-s2.0-8644224928
25,25,2-s2.0-8644223322
26,26,2-s2.0-8644220516
28,28,2-s2.0-85181224824
29,29,2-s2.0-85065364308
30,30,2-s2.0-85040416124
31,31,2-s2.0-85007591202
32,32,2-s2.0-84893628559
33,33,2-s2.0-84893412380
36,36,2-s2.0-79959734206
39,39,2-s2.0-61149708367
41,41,2-s2.0-37549002580
44,44,2-s2.0-28944455653
47,47,2-s2.0-17044444083
48,48,2-s2.0-1642312610
49,49,2-s2.0-1542272649
50,50,2-s2.0-0346383936
52,52,2-s2.0-0034542419
54,54,2-s2.0-0034480208
55,55,2-s2.0-0034474519
56,56,2-s2.0-0034474311
57,57,2-s2.0-0034474051
58,58,2-s2.0-0034473636
60,60,2-s2.0-0034471187
64,64,2-s2.0-0034470794
65,65,2-s2.0-0034429301
66,66,2-s2.0-0033872249
67,67,2-s2.0-0010775015
69,69,2-s2.0-0033782866
73,73,2-s2.0-0034718894
75,75,2-s2.0-0034644641
77,77,2-s2.0-0034644566
83,83,2-s2.0-0013238159
85,85,2-s2.0-85181189739
86,86,2-s2.0-3042664045
90,90,2-s2.0-84952651568
91,91,2-s2.0-85164500141
92,92,2-s2.0-85007838156
94,94,2-s2.0-0042687934
95,95,2-s2.0-0042186862
96,96,2-s2.0-0034198169
97,97,2-s2.0-0009563814
98,98,2-s2.0-0034607969
100,100,2-s2.0-0034697112
104,104,2-s2.0-0034171702
106,106,2-s2.0-84937047204
110,110,2-s2.0-0342955492
111,111,2-s2.0-0041034794
112,112,2-s2.0-3042640043
113,113,2-s2.0-0034635405
114,114,2-s2.0-0034635358
115,115,2-s2.0-23944498915
116,116,2-s2.0-0342313511
118,118,2-s2.0-85089443123
119,119,2-s2.0-85066224145
121,121,2-s2.0-85041902906
122,122,2-s2.0-85024001305
126,126,2-s2.0-85011497723
128,128,2-s2.0-85010495355
133,133,2-s2.0-84993769373
135,135,2-s2.0-84992421933
139,139,2-s2.0-84965100236
147,147,2-s2.0-84904048503
150,150,2-s2.0-84871922064
151,151,2-s2.0-84871590639
153,153,2-s2.0-84867297329
158,158,2-s2.0-53949124323
160,160,2-s2.0-53349093437
161,161,2-s2.0-52849125488
164,164,2-s2.0-47249106643
167,167,2-s2.0-34548171607
168,168,2-s2.0-34249899754
169,169,2-s2.0-34247174510
170,170,2-s2.0-33750632339
172,172,2-s2.0-33749398801
173,173,2-s2.0-33646819206
174,174,2-s2.0-3042575151
176,176,2-s2.0-3042533569
177,177,2-s2.0-29444456229
184,184,2-s2.0-23044524589
185,185,2-s2.0-23044523455
190,190,2-s2.0-22844457285
192,192,2-s2.0-22844454064
194,194,2-s2.0-22844453574
195,195,2-s2.0-22844453412
196,196,2-s2.0-22844453364
197,197,2-s2.0-19544377644
200,200,2-s2.0-19544366573
203,203,2-s2.0-13244297204
205,205,2-s2.0-0346115258
207,207,2-s2.0-0242686205
212,212,2-s2.0-0042686509
213,213,2-s2.0-0042349739
216,216,2-s2.0-0042185340
217,217,2-s2.0-0041684689
218,218,2-s2.0-0040442261
219,219,2-s2.0-0039925209
220,220,2-s2.0-0039923264
222,222,2-s2.0-0038778883
223,223,2-s2.0-0038286442
224,224,2-s2.0-0038022475
231,231,2-s2.0-0034580888
235,235,2-s2.0-0034424263
237,237,2-s2.0-0034387860
240,240,2-s2.0-0034364560
241,241,2-s2.0-0034354897
242,242,2-s2.0-0034345634
243,243,2-s2.0-0034344786
244,244,2-s2.0-0034343126
245,245,2-s2.0-0034342062
249,249,2-s2.0-0034280406
250,250,2-s2.0-0034238455
251,251,2-s2.0-0034203611
254,254,2-s2.0-0034199435
256,256,2-s2.0-0034189289
262,262,2-s2.0-0034046001
263,263,2-s2.0-0034025401
265,265,2-s2.0-0034000841
266,266,2-s2.0-0033994556
269,269,2-s2.0-0033922031
270,270,2-s2.0-0033909073
271,271,2-s2.0-0033900007
272,272,2-s2.0-0033881512
276,276,2-s2.0-0033854629
278,278,2-s2.0-0033803914
279,279,2-s2.0-0033760724
280,280,2-s2.0-0033760654
285,285,2-s2.0-0033723637
287,287,2-s2.0-0033687064
288,288,2-s2.0-0033667271
290,290,2-s2.0-0033652932
295,295,2-s2.0-0011973861
298,298,2-s2.0-0011262067
301,301,2-s2.0-0005732953
303,303,2-s2.0-0001033861
304,304,2-s2.0-0000768851
305,305,2-s2.0-0000717304
306,306,2-s2.0-0035977440
310,310,2-s2.0-8744315776
313,313,2-s2.0-8744312543
314,314,2-s2.0-8744309830
317,317,2-s2.0-8744304598
320,320,2-s2.0-8744303615
322,322,2-s2.0-8744301797
323,323,2-s2.0-8744301717
324,324,2-s2.0-8744301209
328,328,2-s2.0-8744292840
329,329,2-s2.0-8744289910
330,330,2-s2.0-8744285308
333,333,2-s2.0-8744275607
335,335,2-s2.0-8744275073
336,336,2-s2.0-8744273767
337,337,2-s2.0-8744272666
338,338,2-s2.0-8744271122
339,339,2-s2.0-8744267190
340,340,2-s2.0-8744262131
341,341,2-s2.0-8744259517
346,346,2-s2.0-8744245488
354,354,2-s2.0-8744231690
357,357,2-s2.0-85073143125
362,362,2-s2.0-84867317324
363,363,2-s2.0-78751527266
364,364,2-s2.0-61349183215
366,366,2-s2.0-52549121986
367,367,2-s2.0-52549121985
368,368,2-s2.0-4944260811
371,371,2-s2.0-34249893927
372,372,2-s2.0-33847682119
375,375,2-s2.0-30844441866
376,376,2-s2.0-30544440275
377,377,2-s2.0-0347693168
379,379,2-s2.0-0038495450
381,381,2-s2.0-0035786659
382,382,2-s2.0-0035786043
384,384,2-s2.0-0035784414
385,385,2-s2.0-0035745072
386,386,2-s2.0-0035732454
388,388,2-s2.0-0035693274
389,389,2-s2.0-0035688346
390,390,2-s2.0-0035687905
391,391,2-s2.0-0035687634
394,394,2-s2.0-0035582158
395,395,2-s2.0-0035571544
399,399,2-s2.0-0035554371
403,403,2-s2.0-0035622660
404,404,2-s2.0-0035500139
405,405,2-s2.0-0013296673
409,409,2-s2.0-85171829373
411,411,2-s2.0-85070608828
414,414,2-s2.0-0034847153
415,415,2-s2.0-4744349791
418,418,2-s2.0-0035725479
421,421,2-s2.0-0034932636
422,422,2-s2.0-0034970479
426,426,2-s2.0-85023947838
427,427,2-s2.0-77954184874
430,430,2-s2.0-0035947118
431,431,2-s2.0-85056873958
432,432,2-s2.0-85023658640
434,434,2-s2.0-0013145664
435,435,2-s2.0-0035092350
436,436,2-s2.0-85180902848
437,437,2-s2.0-4043104065
440,440,2-s2.0-0035533666
441,441,2-s2.0-0035286827
442,442,2-s2.0-0035279548
443,443,2-s2.0-0035272283
444,444,2-s2.0-0035271059
445,445,2-s2.0-0035264841
446,446,2-s2.0-0013240382
450,450,2-s2.0-6344233840
451,451,2-s2.0-6344294357
454,454,2-s2.0-6344226771
456,456,2-s2.0-85131785485
458,458,2-s2.0-85074884261
459,459,2-s2.0-85072449893
460,460,2-s2.0-85070136361
461,461,2-s2.0-85066191930
462,462,2-s2.0-85064781454
463,463,2-s2.0-85047686427
464,464,2-s2.0-85042110617
465,465,2-s2.0-85025336272
466,466,2-s2.0-85024073013
468,468,2-s2.0-85023813769
470,470,2-s2.0-85011528595
476,476,2-s2.0-85009598657
477,477,2-s2.0-85009547716
478,478,2-s2.0-85009039286
485,485,2-s2.0-84992829366
486,486,2-s2.0-84992803642
489,489,2-s2.0-84964556257
490,490,2-s2.0-84958765591
495,495,2-s2.0-84904063011
497,497,2-s2.0-84901932833
498,498,2-s2.0-84901922779
499,499,2-s2.0-84901268889
500,500,2-s2.0-84901264039
501,501,2-s2.0-84901257016
502,502,2-s2.0-84897820656
504,504,2-s2.0-84889286772
508,508,2-s2.0-84861501078
509,509,2-s2.0-84858572328
511,511,2-s2.0-77956334086
513,513,2-s2.0-76649083006
514,514,2-s2.0-71149103033
516,516,2-s2.0-61149692982
520,520,2-s2.0-52749098367
521,521,2-s2.0-52549130765
522,522,2-s2.0-52549118202
523,523,2-s2.0-52549098654
524,524,2-s2.0-52549084621
525,525,2-s2.0-4544263115
526,526,2-s2.0-44849143383
527,527,2-s2.0-4243062315
528,528,2-s2.0-4043087809
529,529,2-s2.0-34548849734
530,530,2-s2.0-34548082510
535,535,2-s2.0-33749543436
537,537,2-s2.0-33745203899
538,538,2-s2.0-33344460828
543,543,2-s2.0-27544496425
547,547,2-s2.0-23844468180
548,548,2-s2.0-20644461397
552,552,2-s2.0-19644373972
553,553,2-s2.0-19644370421
557,557,2-s2.0-18444366830
559,559,2-s2.0-17644447688
562,562,2-s2.0-17344392890
563,563,2-s2.0-17344373586
565,565,2-s2.0-15944401437
567,567,2-s2.0-0345816874
570,570,2-s2.0-0040746584
575,575,2-s2.0-0038895779
578,578,2-s2.0-0037970947
581,581,2-s2.0-0035790531
585,585,2-s2.0-0035691190
586,586,2-s2.0-0035667891
587,587,2-s2.0-0035648471
588,588,2-s2.0-0035646069
589,589,2-s2.0-0035632816
591,591,2-s2.0-0035601560
593,593,2-s2.0-0035599981
594,594,2-s2.0-0035595758
596,596,2-s2.0-0035581880
598,598,2-s2.0-0035564541
601,601,2-s2.0-0035537037
602,602,2-s2.0-0035532086
606,606,2-s2.0-0035506604
608,608,2-s2.0-0035491608
610,610,2-s2.0-0035458222
611,611,2-s2.0-0035457774
612,612,2-s2.0-0035438376
613,613,2-s2.0-0035438375
617,617,2-s2.0-0035381111
620,620,2-s2.0-0035374273
621,621,2-s2.0-0035374082
622,622,2-s2.0-0035359369
623,623,2-s2.0-0035354880
624,624,2-s2.0-0035343999
625,625,2-s2.0-0035342129
628,628,2-s2.0-0035287304
631,631,2-s2.0-0035216353
633,633,2-s2.0-0035204699
634,634,2-s2.0-0035202597
635,635,2-s2.0-0035201980
636,636,2-s2.0-0035201973
639,639,2-s2.0-0035197641
640,640,2-s2.0-0035197640
641,641,2-s2.0-0035194095
642,642,2-s2.0-0035193785
643,643,2-s2.0-0035142034
645,645,2-s2.0-0035079719
650,650,2-s2.0-0034985340
651,651,2-s2.0-0034981480
653,653,2-s2.0-0034976737
655,655,2-s2.0-0034959068
656,656,2-s2.0-0034830126
657,657,2-s2.0-0034822964
662,662,2-s2.0-0034776582
664,664,2-s2.0-0012855499
667,667,2-s2.0-0012068470
668,668,2-s2.0-0009889502
670,670,2-s2.0-8744316862
671,671,2-s2.0-8744315657
672,672,2-s2.0-8744315461
673,673,2-s2.0-8744307770
674,674,2-s2.0-8744302086
677,677,2-s2.0-8744295139
678,678,2-s2.0-8744292846
680,680,2-s2.0-8744289577
681,681,2-s2.0-8744289480
682,682,2-s2.0-8744285546
683,683,2-s2.0-8744285477
684,684,2-s2.0-8744278149
686,686,2-s2.0-8744276635
687,687,2-s2.0-8744274294
689,689,2-s2.0-8744273829
693,693,2-s2.0-8744263741
694,694,2-s2.0-8744262860
695,695,2-s2.0-8744260857
698,698,2-s2.0-8744249133
699,699,2-s2.0-8744248315
700,700,2-s2.0-8744247220
701,701,2-s2.0-8744246388
703,703,2-s2.0-8744246134
705,705,2-s2.0-8744240301
708,708,2-s2.0-8744239201
711,711,2-s2.0-8744234294
712,712,2-s2.0-8744234022
715,715,2-s2.0-8744229032
716,716,2-s2.0-8744225628
718,718,2-s2.0-8744224772
719,719,2-s2.0-8744222435
721,721,2-s2.0-8744219728
722,722,2-s2.0-85134337511
723,723,2-s2.0-84891688754
726,726,2-s2.0-84867302294
727,727,2-s2.0-84867291803
730,730,2-s2.0-67849133070
734,734,2-s2.0-33645713898
738,738,2-s2.0-2642556458
739,739,2-s2.0-23844479305
741,741,2-s2.0-23844438645
742,742,2-s2.0-21144448317
745,745,2-s2.0-1842528060
749,749,2-s2.0-11244295374
750,750,2-s2.0-0642365014
752,752,2-s2.0-0038715045
754,754,2-s2.0-0038307780
758,758,2-s2.0-0036992281
760,760,2-s2.0-0036959410
761,761,2-s2.0-0036957288
762,762,2-s2.0-0036954755
763,763,2-s2.0-0036954560
764,764,2-s2.0-0036954288
766,766,2-s2.0-0036954181
767,767,2-s2.0-0036954089
770,770,2-s2.0-0036953973
775,775,2-s2.0-0036949397
783,783,2-s2.0-0036890865
785,785,2-s2.0-0036027258
786,786,2-s2.0-0036002222
787,787,2-s2.0-0036421741
788,788,2-s2.0-0036404936
789,789,2-s2.0-0036405402
790,790,2-s2.0-0036400919
791,791,2-s2.0-0036399334
793,793,2-s2.0-3042544905
797,797,2-s2.0-0036396336
798,798,2-s2.0-0037078661
799,799,2-s2.0-84864977393
801,801,2-s2.0-1842450025
805,805,2-s2.0-85040561774
809,809,2-s2.0-0036757770
814,814,2-s2.0-0036677618
816,816,2-s2.0-84945962878
818,818,2-s2.0-0037118764
821,821,2-s2.0-0036270109
822,822,2-s2.0-0036274412
823,823,2-s2.0-0036263814
827,827,2-s2.0-84857809935
828,828,2-s2.0-2142808706
830,830,2-s2.0-0035998790
832,832,2-s2.0-0037165988
833,833,2-s2.0-0036246049
835,835,2-s2.0-3843123555
836,836,2-s2.0-3543000187
838,838,2-s2.0-0036571849
840,840,2-s2.0-0036201633
841,841,2-s2.0-17444374732
843,843,2-s2.0-0036527286
845,845,2-s2.0-5644287669
846,846,2-s2.0-33748756973
848,848,2-s2.0-27944478119
849,849,2-s2.0-0041762162
850,850,2-s2.0-0036499137
851,851,2-s2.0-0011264311
853,853,2-s2.0-0346739128
854,854,2-s2.0-0042889018
858,858,2-s2.0-0037059449
861,861,2-s2.0-85075071836
864,864,2-s2.0-85066201025
866,866,2-s2.0-85066183730
869,869,2-s2.0-85065365895
872,872,2-s2.0-85064306241
873,873,2-s2.0-85057399391
874,874,2-s2.0-85057365695
876,876,2-s2.0-85025312293
877,877,2-s2.0-85023821284
878,878,2-s2.0-85023474807
879,879,2-s2.0-85012100145
880,880,2-s2.0-85010629601
884,884,2-s2.0-84996214022
890,890,2-s2.0-84964545685
894,894,2-s2.0-84964507882
897,897,2-s2.0-84964447135
900,900,2-s2.0-84963922841
904,904,2-s2.0-84949206867
905,905,2-s2.0-84948673159
906,906,2-s2.0-84948447651
907,907,2-s2.0-84945561601
924,924,2-s2.0-80052562153
929,929,2-s2.0-77951566249
931,931,2-s2.0-77950792638
934,934,2-s2.0-62949191235
935,935,2-s2.0-62249126626
939,939,2-s2.0-52649141094
940,940,2-s2.0-52649109287
941,941,2-s2.0-52649103513
944,944,2-s2.0-4944258304
946,946,2-s2.0-4043144146
948,948,2-s2.0-37249079782
949,949,2-s2.0-36348955652
951,951,2-s2.0-34447131851
953,953,2-s2.0-34249138404
954,954,2-s2.0-34247448427
959,959,2-s2.0-33750538121
960,960,2-s2.0-33645426866
962,962,2-s2.0-31244435209
966,966,2-s2.0-3042517635
967,967,2-s2.0-27844501887
968,968,2-s2.0-26044480957
969,969,2-s2.0-25844431758
974,974,2-s2.0-23844483226
975,975,2-s2.0-23044535037
976,976,2-s2.0-23044533207
978,978,2-s2.0-21944440040
981,981,2-s2.0-17444448456
982,982,2-s2.0-17444370977
988,988,2-s2.0-0039486304
989,989,2-s2.0-0038115630
990,990,2-s2.0-0038075789
993,993,2-s2.0-0037005350
994,994,2-s2.0-0037005233
1000,1000,2-s2.0-0036965725
1002,1002,2-s2.0-0036954948
1003,1003,2-s2.0-0036954346
1012,1012,2-s2.0-0036763159
1014,1014,2-s2.0-0036730465
1015,1015,2-s2.0-0036717420
1016,1016,2-s2.0-0036696391
1018,1018,2-s2.0-0036687052
1019,1019,2-s2.0-0036660588
1022,1022,2-s2.0-0036613838
1023,1023,2-s2.0-0036613602
1026,1026,2-s2.0-0036579683
1032,1032,2-s2.0-0036459853
1038,1038,2-s2.0-0036375343
1039,1039,2-s2.0-0036375341
1042,1042,2-s2.0-0036347356
1043,1043,2-s2.0-0036274626
1044,1044,2-s2.0-0036257449
1048,1048,2-s2.0-0036138135
1051,1051,2-s2.0-0036132984
1054,1054,2-s2.0-0036065352
1055,1055,2-s2.0-0036060734
1057,1057,2-s2.0-0036052467
1058,1058,2-s2.0-0036044885
1059,1059,2-s2.0-0036036145
1060,1060,2-s2.0-0036036052
1061,1061,2-s2.0-0036014602
1064,1064,2-s2.0-0036003714
1070,1070,2-s2.0-0012529708
1072,1072,2-s2.0-0010061572
1073,1073,2-s2.0-85133281749
1074,1074,2-s2.0-0037805705
1077,1077,2-s2.0-0346965846
1078,1078,2-s2.0-0344738015
1085,1085,2-s2.0-8744312709
1089,1089,2-s2.0-8744308211
1093,1093,2-s2.0-8744305891
1095,1095,2-s2.0-8744302021
1097,1097,2-s2.0-8744300844
1099,1099,2-s2.0-8744298471
1104,1104,2-s2.0-8744293845
1105,1105,2-s2.0-8744293010
1106,1106,2-s2.0-8744290914
1107,1107,2-s2.0-8744287443
1110,1110,2-s2.0-8744282583
1112,1112,2-s2.0-8744275467
1113,1113,2-s2.0-8744275312
1116,1116,2-s2.0-8744263903
1118,1118,2-s2.0-8744259925
1120,1120,2-s2.0-8744259731
1121,1121,2-s2.0-8744256849
1122,1122,2-s2.0-8744255391
1123,1123,2-s2.0-8744254700
1124,1124,2-s2.0-8744254634
1125,1125,2-s2.0-8744254534
1126,1126,2-s2.0-8744253499
1138,1138,2-s2.0-8744236027
1139,1139,2-s2.0-8744236019
1141,1141,2-s2.0-8744233185
1144,1144,2-s2.0-8744229030
1146,1146,2-s2.0-8744225943
1154,1154,2-s2.0-85040437593
1157,1157,2-s2.0-84879377894
1158,1158,2-s2.0-84867369273
1160,1160,2-s2.0-68449083694
1161,1161,2-s2.0-4944235369
1162,1162,2-s2.0-47349099545
1164,1164,2-s2.0-4043080671
1166,1166,2-s2.0-3843119948
1167,1167,2-s2.0-3843118841
1169,1169,2-s2.0-3843105869
1171,1171,2-s2.0-3843082912
1173,1173,2-s2.0-3543040057
1176,1176,2-s2.0-33847641222
1178,1178,2-s2.0-33748665484
1179,1179,2-s2.0-33744970376
1181,1181,2-s2.0-31544444960
1183,1183,2-s2.0-3142669980
1186,1186,2-s2.0-22344451928
1187,1187,2-s2.0-22344442645
1188,1188,2-s2.0-20844450050
1194,1194,2-s2.0-1842585954
1196,1196,2-s2.0-1642560932
1197,1197,2-s2.0-1642560845
1198,1198,2-s2.0-1642560805
1202,1202,2-s2.0-1642519786
1203,1203,2-s2.0-1642479289
1207,1207,2-s2.0-1642438967
1208,1208,2-s2.0-1642438965
1211,1211,2-s2.0-1642438271
1212,1212,2-s2.0-1642438221
1213,1213,2-s2.0-1642438220
1216,1216,2-s2.0-1642438023
1217,1217,2-s2.0-1642438014
1218,1218,2-s2.0-1642436738
1219,1219,2-s2.0-1542644648
1221,1221,2-s2.0-1542537513
1222,1222,2-s2.0-1542516767
1225,1225,2-s2.0-1542432697
1226,1226,2-s2.0-1542411983
1228,1228,2-s2.0-1542377643
1230,1230,2-s2.0-1542359925
1231,1231,2-s2.0-10044223683
1234,1234,2-s2.0-0346640232
1235,1235,2-s2.0-0346361701
1237,1237,2-s2.0-84909063568
1240,1240,2-s2.0-0242269070
1243,1243,2-s2.0-0242719929
1245,1245,2-s2.0-0142041430
1246,1246,2-s2.0-0142030643
1247,1247,2-s2.0-0142030642
1249,1249,2-s2.0-85083930225
1260,1260,2-s2.0-13944275621
1261,1261,2-s2.0-0642279352
1263,1263,2-s2.0-0141869020
1265,1265,2-s2.0-0141818370
1266,1266,2-s2.0-17144456846
1267,1267,2-s2.0-84908902307
1268,1268,2-s2.0-84905784554
1271,1271,2-s2.0-84905764604
1272,1272,2-s2.0-84905763986
1273,1273,2-s2.0-84905759191
1275,1275,2-s2.0-85040415069
1276,1276,2-s2.0-85020225363
1277,1277,2-s2.0-84982214600
1279,1279,2-s2.0-33645007827
1281,1281,2-s2.0-2942704957
1282,1282,2-s2.0-2642580843
1284,1284,2-s2.0-0347132397
1287,1287,2-s2.0-0141938521
1292,1292,2-s2.0-0042931333
1293,1293,2-s2.0-0042074631
1296,1296,2-s2.0-0043270450
1301,1301,2-s2.0-0037929563
1302,1302,2-s2.0-85180841594
1305,1305,2-s2.0-84942309909
1314,1314,2-s2.0-0041365927
1316,1316,2-s2.0-0038710923
1317,1317,2-s2.0-0038034404
1319,1319,2-s2.0-84903655994
1320,1320,2-s2.0-84896674354
1322,1322,2-s2.0-24644484161
1324,1324,2-s2.0-0038505601
1325,1325,2-s2.0-0038324228
1327,1327,2-s2.0-0037804708
1328,1328,2-s2.0-85083927554
1330,1330,2-s2.0-8644238719
1331,1331,2-s2.0-84956754655
1332,1332,2-s2.0-77953256586
1334,1334,2-s2.0-18944370679
1336,1336,2-s2.0-0037644569
1339,1339,2-s2.0-60949629822
1341,1341,2-s2.0-18744413672
1342,1342,2-s2.0-0141534887
1344,1344,2-s2.0-0037630373
1345,1345,2-s2.0-0037373945
1346,1346,2-s2.0-0037365905
1347,1347,2-s2.0-0037364536
1348,1348,2-s2.0-0037363507
1349,1349,2-s2.0-0037361643
1350,1350,2-s2.0-0037236240
1356,1356,2-s2.0-0037295691
1360,1360,2-s2.0-85159619155
1362,1362,2-s2.0-85140185608
1364,1364,2-s2.0-85139718622
1365,1365,2-s2.0-85139687327
1367,1367,2-s2.0-85139609319
1368,1368,2-s2.0-85139354329
1369,1369,2-s2.0-85139349618
1371,1371,2-s2.0-85139337173
1372,1372,2-s2.0-85139335511
1373,1373,2-s2.0-85139334949
1374,1374,2-s2.0-85139322050
1380,1380,2-s2.0-85138937627
1383,1383,2-s2.0-85138900319
1388,1388,2-s2.0-85066206074
1391,1391,2-s2.0-85064783325
1392,1392,2-s2.0-85064777825
1393,1393,2-s2.0-85064450000
1394,1394,2-s2.0-85064305759
1396,1396,2-s2.0-85042012139
1397,1397,2-s2.0-85032773277
1398,1398,2-s2.0-85032753574
1399,1399,2-s2.0-85032751408
1402,1402,2-s2.0-85023795773
1403,1403,2-s2.0-85023708718
1404,1404,2-s2.0-85023567830
1405,1405,2-s2.0-85016800734
1406,1406,2-s2.0-85011468723
1410,1410,2-s2.0-85009044096
1411,1411,2-s2.0-85001874930
1412,1412,2-s2.0-85001820113
1414,1414,2-s2.0-84986147801
1415,1415,2-s2.0-84978906185
1416,1416,2-s2.0-84978320685
1417,1417,2-s2.0-84954443134
1418,1418,2-s2.0-84954416431
1420,1420,2-s2.0-84949817602
1421,1421,2-s2.0-84949771538
1426,1426,2-s2.0-84946079532
1429,1429,2-s2.0-84946060675
1431,1431,2-s2.0-84946057064
1432,1432,2-s2.0-84946052191
1433,1433,2-s2.0-84946047568
1437,1437,2-s2.0-84946019447
1438,1438,2-s2.0-84945972873
1439,1439,2-s2.0-84945968931
1440,1440,2-s2.0-84945962122
1442,1442,2-s2.0-84945912135
1443,1443,2-s2.0-84945547840
1448,1448,2-s2.0-84941214021
1449,1449,2-s2.0-84941212025
1450,1450,2-s2.0-84927067428
1454,1454,2-s2.0-84906017825
1455,1455,2-s2.0-84904366767
1457,1457,2-s2.0-84904037029
1458,1458,2-s2.0-84902221359
1465,1465,2-s2.0-84867415356
1466,1466,2-s2.0-84867410905
1468,1468,2-s2.0-84867384209
1469,1469,2-s2.0-84867357668
1470,1470,2-s2.0-84867349863
1471,1471,2-s2.0-8344255289
1472,1472,2-s2.0-8344251855
1477,1477,2-s2.0-78650954759
1481,1481,2-s2.0-77952689097
1482,1482,2-s2.0-77951181087
1484,1484,2-s2.0-77949550413
1487,1487,2-s2.0-70350162705
1493,1493,2-s2.0-54949152553
1494,1494,2-s2.0-5444244423
1495,1495,2-s2.0-47049097028
1496,1496,2-s2.0-4243057181
1497,1497,2-s2.0-40949130335
1498,1498,2-s2.0-38649105735
1501,1501,2-s2.0-3843116642
1506,1506,2-s2.0-35148898010
1510,1510,2-s2.0-34848812742
1515,1515,2-s2.0-33750071512
1516,1516,2-s2.0-33745404127
1517,1517,2-s2.0-3142673538
1518,1518,2-s2.0-31344433069
1519,1519,2-s2.0-3042667512
1520,1520,2-s2.0-3042644142
1521,1521,2-s2.0-3042638486
1525,1525,2-s2.0-22944443721
1526,1526,2-s2.0-21944448095
1528,1528,2-s2.0-2142858759
1530,1530,2-s2.0-2142640313
1534,1534,2-s2.0-1842579390
1536,1536,2-s2.0-1642414241
1539,1539,2-s2.0-1542607745
1543,1543,2-s2.0-1542378370
1545,1545,2-s2.0-13644276179
1546,1546,2-s2.0-1342325634
1547,1547,2-s2.0-1142287626
1549,1549,2-s2.0-105007130960
1553,1553,2-s2.0-0742289154
1554,1554,2-s2.0-0642312907
1555,1555,2-s2.0-0642273277
1558,1558,2-s2.0-0345375531
1559,1559,2-s2.0-0344685234
1560,1560,2-s2.0-0344253672
1561,1561,2-s2.0-0242659829
1562,1562,2-s2.0-0242424320
1569,1569,2-s2.0-0142137640
1570,1570,2-s2.0-0142075176
1571,1571,2-s2.0-0142061656
1572,1572,2-s2.0-0141906755
1573,1573,2-s2.0-0141884150
1574,1574,2-s2.0-0141871925
1575,1575,2-s2.0-0141787114
1578,1578,2-s2.0-0141539311
1579,1579,2-s2.0-0141515786
1581,1581,2-s2.0-0043283901
1583,1583,2-s2.0-0042782825
1585,1585,2-s2.0-0042519577
1586,1586,2-s2.0-0042515177
1587,1587,2-s2.0-0042243564
1591,1591,2-s2.0-0041513297
1594,1594,2-s2.0-0038708317
1597,1597,2-s2.0-0038675360
1599,1599,2-s2.0-0038454698
1600,1600,2-s2.0-0038376278
1602,1602,2-s2.0-0038349427
1604,1604,2-s2.0-0038234888
1607,1607,2-s2.0-0037833480
1610,1610,2-s2.0-0037673573
1611,1611,2-s2.0-0037673570
1612,1612,2-s2.0-0037653485
1613,1613,2-s2.0-0037650136
1615,1615,2-s2.0-0037397255
1618,1618,2-s2.0-0037345050
1620,1620,2-s2.0-0037325396
1624,1624,2-s2.0-0037274693
1626,1626,2-s2.0-0037269229
1628,1628,2-s2.0-0037257290
1630,1630,2-s2.0-0012232979
1632,1632,2-s2.0-10444249624
1633,1633,2-s2.0-11144271374
1634,1634,2-s2.0-84958909492
1637,1637,2-s2.0-10044269915
1638,1638,2-s2.0-10044233913
1639,1639,2-s2.0-10344267005
1640,1640,2-s2.0-9444260953
1641,1641,2-s2.0-84909027323
1644,1644,2-s2.0-84890506636
1647,1647,2-s2.0-84867408981
1649,1649,2-s2.0-84867382448
1650,1650,2-s2.0-84867357331
1652,1652,2-s2.0-77954503422
1654,1654,2-s2.0-7444263029
1655,1655,2-s2.0-68149148782
1656,1656,2-s2.0-50449083881
1659,1659,2-s2.0-3843136150
1660,1660,2-s2.0-35048896502
1661,1661,2-s2.0-35048863441
1664,1664,2-s2.0-35048824871
1669,1669,2-s2.0-33846985525
1670,1670,2-s2.0-33845702198
1671,1671,2-s2.0-33749236991
1675,1675,2-s2.0-27944447610
1677,1677,2-s2.0-23944489126
1679,1679,2-s2.0-21944437674
1681,1681,2-s2.0-21644483609
1682,1682,2-s2.0-21644483448
1683,1683,2-s2.0-21644477141
1684,1684,2-s2.0-21644474987
1685,1685,2-s2.0-21644472842
1687,1687,2-s2.0-21644469597
1688,1688,2-s2.0-21644469428
1689,1689,2-s2.0-21644465447
1690,1690,2-s2.0-21644459976
1691,1691,2-s2.0-21644455146
1692,1692,2-s2.0-21644454413
1694,1694,2-s2.0-21644437924
1697,1697,2-s2.0-21644433852
1698,1698,2-s2.0-21644433552
1699,1699,2-s2.0-20144383228
1703,1703,2-s2.0-18844407510
1708,1708,2-s2.0-14544290557
1709,1709,2-s2.0-14344265725
1711,1711,2-s2.0-13644272767
1712,1712,2-s2.0-13244272106
1717,1717,2-s2.0-12344273343
1718,1718,2-s2.0-12344266786
1720,1720,2-s2.0-11144280543
1721,1721,2-s2.0-11144279967
1724,1724,2-s2.0-10244221168
1725,1725,2-s2.0-8644282059
1726,1726,2-s2.0-8644256808
1727,1727,2-s2.0-8344289057
1731,1731,2-s2.0-23844547693
1734,1734,2-s2.0-8744238366
1737,1737,2-s2.0-44349118947
1738,1738,2-s2.0-10944251678
1739,1739,2-s2.0-10044221942
1742,1742,2-s2.0-5444273099
1743,1743,2-s2.0-5444272481
1744,1744,2-s2.0-5444271933
1747,1747,2-s2.0-5444268805
1748,1748,2-s2.0-5444266862
1755,1755,2-s2.0-5444258234
1756,1756,2-s2.0-5444258205
1758,1758,2-s2.0-5444256464
1759,1759,2-s2.0-5444255764
1765,1765,2-s2.0-5444252820
1766,1766,2-s2.0-5444251888
1769,1769,2-s2.0-5444250575
1772,1772,2-s2.0-5444246319
1776,1776,2-s2.0-5444241531
1777,1777,2-s2.0-5444241029
1778,1778,2-s2.0-5444240963
1780,1780,2-s2.0-5444240325
1785,1785,2-s2.0-5444236487
1787,1787,2-s2.0-5444234937
1791,1791,2-s2.0-5444231353
1794,1794,2-s2.0-5444228426
1795,1795,2-s2.0-5444227816
1796,1796,2-s2.0-5444223656
1797,1797,2-s2.0-5444223638
1802,1802,2-s2.0-5444219584
1804,1804,2-s2.0-84917325939
1807,1807,2-s2.0-4644356505
1809,1809,2-s2.0-6944226388
1810,1810,2-s2.0-5644270369
1812,1812,2-s2.0-23844460160
1813,1813,2-s2.0-16644388852
1814,1814,2-s2.0-4544329041
1821,1821,2-s2.0-13444257528
1825,1825,2-s2.0-6344239290
1828,1828,2-s2.0-4944226494
1829,1829,2-s2.0-4644268490
1831,1831,2-s2.0-4444358489
1835,1835,2-s2.0-33644544721
1836,1836,2-s2.0-33644524703
1837,1837,2-s2.0-12344290650
1838,1838,2-s2.0-4043162842
1839,1839,2-s2.0-3943075808
1840,1840,2-s2.0-3543028671
1845,1845,2-s2.0-84917104919
1847,1847,2-s2.0-3242663328
1848,1848,2-s2.0-4344567950
1849,1849,2-s2.0-4344565046
1852,1852,2-s2.0-4043174934
1859,1859,2-s2.0-3042544515
1860,1860,2-s2.0-67651231862
1862,1862,2-s2.0-4043058734
1863,1863,2-s2.0-3042786536
1864,1864,2-s2.0-20844446638
1866,1866,2-s2.0-2942666030
1869,1869,2-s2.0-84993090724
1871,1871,2-s2.0-4644350434
1872,1872,2-s2.0-4043181819
1877,1877,2-s2.0-3042566988
1880,1880,2-s2.0-2442513987
1881,1881,2-s2.0-2442499216
1882,1882,2-s2.0-1842843726
1883,1883,2-s2.0-84908983745
1884,1884,2-s2.0-3442898299
1886,1886,2-s2.0-3142664114
1890,1890,2-s2.0-2542539067
1891,1891,2-s2.0-2442692897
1892,1892,2-s2.0-2442675472
1893,1893,2-s2.0-1842865620
1895,1895,2-s2.0-1842709938
1896,1896,2-s2.0-1842659241
1898,1898,2-s2.0-3042567434
1902,1902,2-s2.0-84917259797
1904,1904,2-s2.0-2942565733
1907,1907,2-s2.0-2442497493
1909,1909,2-s2.0-1842855300
1910,1910,2-s2.0-1842708988
1912,1912,2-s2.0-1542611557
1915,1915,2-s2.0-84885722642
1918,1918,2-s2.0-33646847652
1919,1919,2-s2.0-33646834921
1921,1921,2-s2.0-3042637240
1923,1923,2-s2.0-2442676336
1924,1924,2-s2.0-21244469079
1925,1925,2-s2.0-21244466368
1926,1926,2-s2.0-1842681514
1928,1928,2-s2.0-1842432132
1931,1931,2-s2.0-1542442445
1934,1934,2-s2.0-10744224323
1939,1939,2-s2.0-0942266544
1940,1940,2-s2.0-0842266708
1941,1941,2-s2.0-1442358607
1942,1942,2-s2.0-1442309787
1943,1943,2-s2.0-1142310952
1944,1944,2-s2.0-70350728487
1950,1950,2-s2.0-0347003631
1952,1952,2-s2.0-9444244511
1953,1953,2-s2.0-9244231790
1954,1954,2-s2.0-8644241595
1956,1956,2-s2.0-85183258933
1959,1959,2-s2.0-85138957649
1960,1960,2-s2.0-85138953874
1962,1962,2-s2.0-85137532458
1963,1963,2-s2.0-85137435851
1964,1964,2-s2.0-85137423433
1966,1966,2-s2.0-85084776094
1967,1967,2-s2.0-85075047949
1968,1968,2-s2.0-85071208214
1970,1970,2-s2.0-85066189185
1975,1975,2-s2.0-85044701025
1976,1976,2-s2.0-85035369629
1978,1978,2-s2.0-85025375776
1983,1983,2-s2.0-85015293565
1985,1985,2-s2.0-85012080006
1986,1986,2-s2.0-85011525770
1990,1990,2-s2.0-85009800002
1993,1993,2-s2.0-84992882752
1994,1994,2-s2.0-84967675271
1998,1998,2-s2.0-84928282786
1999,1999,2-s2.0-84924211732
2000,2000,2-s2.0-84923808613
2003,2003,2-s2.0-84923550666
2006,2006,2-s2.0-84903675710
2007,2007,2-s2.0-84902400017
2010,2010,2-s2.0-84872064225
2011,2011,2-s2.0-84868438705
2012,2012,2-s2.0-84865611758
2013,2013,2-s2.0-84865221067
2016,2016,2-s2.0-79960624184
2022,2022,2-s2.0-7244229735
2025,2025,2-s2.0-70350285149
2026,2026,2-s2.0-68249084164
2027,2027,2-s2.0-6044226521
2029,2029,2-s2.0-55449111554
2031,2031,2-s2.0-5444258076
2034,2034,2-s2.0-51249129968
2036,2036,2-s2.0-4944265243
2037,2037,2-s2.0-4944256921
2038,2038,2-s2.0-4944240996
2039,2039,2-s2.0-4944232716
2045,2045,2-s2.0-4344635328
2046,2046,2-s2.0-4344622053
2047,2047,2-s2.0-4344618076
2048,2048,2-s2.0-4344577362
2056,2056,2-s2.0-3543025771
2057,2057,2-s2.0-35048858817
2058,2058,2-s2.0-35048851596
2060,2060,2-s2.0-35048817931
2062,2062,2-s2.0-34248694004
2064,2064,2-s2.0-33749521935
2066,2066,2-s2.0-33744826719
2067,2067,2-s2.0-33646140212
2072,2072,2-s2.0-3142672982
2073,2073,2-s2.0-3042818128
2075,2075,2-s2.0-3042733751
2076,2076,2-s2.0-3042648555
2077,2077,2-s2.0-2942734971
2079,2079,2-s2.0-2942614685
2080,2080,2-s2.0-2942592325
2086,2086,2-s2.0-2642527133
2088,2088,2-s2.0-2442686782
2091,2091,2-s2.0-2442543368
2093,2093,2-s2.0-2442494907
2097,2097,2-s2.0-2342631341
2098,2098,2-s2.0-23344444231
2103,2103,2-s2.0-21244467906
2104,2104,2-s2.0-20444449288
2105,2105,2-s2.0-2042456726
2107,2107,2-s2.0-18544378847
2108,2108,2-s2.0-1842432618
2110,2110,2-s2.0-16644368674
2111,2111,2-s2.0-16544395273
2114,2114,2-s2.0-1642269273
2115,2115,2-s2.0-1542634814
2116,2116,2-s2.0-14944355103
2118,2118,2-s2.0-14044250002
2119,2119,2-s2.0-13944259785
2120,2120,2-s2.0-13844292568
2122,2122,2-s2.0-13444274830
2123,2123,2-s2.0-1342347403
2126,2126,2-s2.0-12844277335
2127,2127,2-s2.0-12344273357
2133,2133,2-s2.0-11244283955
2141,2141,2-s2.0-10044230605
2142,2142,2-s2.0-0942279601
2143,2143,2-s2.0-0842267620
2144,2144,2-s2.0-0742305995
2145,2145,2-s2.0-0742305991
2147,2147,2-s2.0-0742288695
2151,2151,2-s2.0-0346725819
2152,2152,2-s2.0-29144474615
2154,2154,2-s2.0-29244455339
2156,2156,2-s2.0-28844455646
2157,2157,2-s2.0-28044442498
2159,2159,2-s2.0-85007433720
2160,2160,2-s2.0-84898289065
2164,2164,2-s2.0-84895592857
2165,2165,2-s2.0-84895276028
2168,2168,2-s2.0-84892215459
2171,2171,2-s2.0-84892124497
2172,2172,2-s2.0-84887564345
2175,2175,2-s2.0-84885809123
2177,2177,2-s2.0-84885777856
2182,2182,2-s2.0-84885725233
2183,2183,2-s2.0-84883403160
2184,2184,2-s2.0-84883040316
2185,2185,2-s2.0-84874372185
2186,2186,2-s2.0-84869076638
2187,2187,2-s2.0-84867435101
2189,2189,2-s2.0-84867426483
2190,2190,2-s2.0-84867425087
2191,2191,2-s2.0-84867425031
2192,2192,2-s2.0-84867423505
2193,2193,2-s2.0-84867422063
2194,2194,2-s2.0-84867410546
2196,2196,2-s2.0-84867391202
2201,2201,2-s2.0-84867373816
2203,2203,2-s2.0-84865768669
2205,2205,2-s2.0-84865624676
2206,2206,2-s2.0-84865434148
2208,2208,2-s2.0-84859266818
2213,2213,2-s2.0-78651234644
2215,2215,2-s2.0-77954036214
2216,2216,2-s2.0-77953503615
2217,2217,2-s2.0-76949088916
2219,2219,2-s2.0-61449184237
2220,2220,2-s2.0-60949749211
2229,2229,2-s2.0-33947280044
2231,2231,2-s2.0-33947273593
2232,2232,2-s2.0-33947260077
2233,2233,2-s2.0-33947259493
2234,2234,2-s2.0-33947254591
2239,2239,2-s2.0-33947206620
2240,2240,2-s2.0-33947202742
2241,2241,2-s2.0-33947202711
2242,2242,2-s2.0-33947172718
2245,2245,2-s2.0-33845393512
2246,2246,2-s2.0-33845336824
2247,2247,2-s2.0-33845322607
2248,2248,2-s2.0-33845313591
2249,2249,2-s2.0-33845303947
2250,2250,2-s2.0-33845290218
2251,2251,2-s2.0-33845283871
2255,2255,2-s2.0-33751288587
2257,2257,2-s2.0-33749051860
2261,2261,2-s2.0-33745947856
2262,2262,2-s2.0-33745809131
2264,2264,2-s2.0-33745711980
2265,2265,2-s2.0-33744998513
2266,2266,2-s2.0-33645924687
2267,2267,2-s2.0-33645859332
2268,2268,2-s2.0-33645652187
2269,2269,2-s2.0-33645651232
2271,2271,2-s2.0-33645645807
2273,2273,2-s2.0-33645638374
2277,2277,2-s2.0-33644505546
2283,2283,2-s2.0-29644432247
2285,2285,2-s2.0-29444454722
2288,2288,2-s2.0-29144463745
2289,2289,2-s2.0-29144437165
2290,2290,2-s2.0-27844597841
2291,2291,2-s2.0-27644489110
2292,2292,2-s2.0-28044457204
2294,2294,2-s2.0-27744517159
2295,2295,2-s2.0-27544471120
2298,2298,2-s2.0-33748534985
2299,2299,2-s2.0-33644860866
2303,2303,2-s2.0-28244496622
2305,2305,2-s2.0-28144433219
2307,2307,2-s2.0-27744540472
2308,2308,2-s2.0-27744485863
2311,2311,2-s2.0-26844527360
2312,2312,2-s2.0-26844465930
2315,2315,2-s2.0-29344463901
2323,2323,2-s2.0-27944497898
2325,2325,2-s2.0-27944432208
2328,2328,2-s2.0-26044468712
2329,2329,2-s2.0-25644438565
2331,2331,2-s2.0-21244490873
2333,2333,2-s2.0-21244462782
2337,2337,2-s2.0-33749684299
2340,2340,2-s2.0-24344465799
2342,2342,2-s2.0-23944522834
2344,2344,2-s2.0-23944477921
2345,2345,2-s2.0-85007354717
2348,2348,2-s2.0-33645312718
2352,2352,2-s2.0-28044450844
2353,2353,2-s2.0-28044447831
2354,2354,2-s2.0-28044446749
2355,2355,2-s2.0-28044446311
2356,2356,2-s2.0-27844489622
2357,2357,2-s2.0-27544488103
2362,2362,2-s2.0-24344442797
2364,2364,2-s2.0-23644439234
2366,2366,2-s2.0-14644415969
2367,2367,2-s2.0-33747490952
2369,2369,2-s2.0-23244445492
2371,2371,2-s2.0-85120931190
2372,2372,2-s2.0-85065194047
2373,2373,2-s2.0-60950094297
2374,2374,2-s2.0-44049086142
2375,2375,2-s2.0-31444455968
2376,2376,2-s2.0-31444433401
2378,2378,2-s2.0-28644449027
2379,2379,2-s2.0-28644444642
2383,2383,2-s2.0-23844471264
2385,2385,2-s2.0-22544487833
2388,2388,2-s2.0-22544471865
2389,2389,2-s2.0-22544463142
2391,2391,2-s2.0-22544437020
2392,2392,2-s2.0-21344452799
2394,2394,2-s2.0-85057208976
2399,2399,2-s2.0-32144449044
2400,2400,2-s2.0-30444443427
2401,2401,2-s2.0-30444439395
2404,2404,2-s2.0-24044471647
2405,2405,2-s2.0-24044440786
2412,2412,2-s2.0-20444492062
2418,2418,2-s2.0-20344397947
2419,2419,2-s2.0-22444434722
2421,2421,2-s2.0-79960271381
2427,2427,2-s2.0-27944504369
2428,2428,2-s2.0-27844593081
2430,2430,2-s2.0-27844511445
2431,2431,2-s2.0-24944480309
2432,2432,2-s2.0-24744468791
2436,2436,2-s2.0-23044475899
2439,2439,2-s2.0-21644467069
2441,2441,2-s2.0-20644434925
2448,2448,2-s2.0-17444387824
2449,2449,2-s2.0-33749853401
2451,2451,2-s2.0-27844503633
2457,2457,2-s2.0-18444384529
2461,2461,2-s2.0-16344380655
2462,2462,2-s2.0-29444435699
2464,2464,2-s2.0-84855675002
2465,2465,2-s2.0-85023730931
2468,2468,2-s2.0-34548186607
2469,2469,2-s2.0-27644524529
2470,2470,2-s2.0-26044447219
2472,2472,2-s2.0-26044437729
2473,2473,2-s2.0-22544451871
2474,2474,2-s2.0-20744457766
2476,2476,2-s2.0-19944395219
2477,2477,2-s2.0-18644382084
2479,2479,2-s2.0-17444366960
2482,2482,2-s2.0-33748529562
2483,2483,2-s2.0-27944507969
2484,2484,2-s2.0-27944506503
2486,2486,2-s2.0-27944471060
2488,2488,2-s2.0-27944443308
2489,2489,2-s2.0-27844602431
2491,2491,2-s2.0-27844555593
2492,2492,2-s2.0-27844551980
2495,2495,2-s2.0-27844469771
2501,2501,2-s2.0-20044381465
2502,2502,2-s2.0-18844390717
2503,2503,2-s2.0-17744384965
2508,2508,2-s2.0-16844383890
2509,2509,2-s2.0-16844375894
2510,2510,2-s2.0-16244363080
2511,2511,2-s2.0-15444377963
2512,2512,2-s2.0-14944349840
2513,2513,2-s2.0-14844300206
2516,2516,2-s2.0-19744383333
2517,2517,2-s2.0-13444291683
2524,2524,2-s2.0-18344396772
2525,2525,2-s2.0-17844393414
2527,2527,2-s2.0-13944249895
2528,2528,2-s2.0-13844314490
2529,2529,2-s2.0-13844276581
2530,2530,2-s2.0-13544270220
2533,2533,2-s2.0-11144325585
2537,2537,2-s2.0-6444236307
2538,2538,2-s2.0-12944288012
2539,2539,2-s2.0-8744294881
2540,2540,2-s2.0-85186164711
2541,2541,2-s2.0-85165452644
2542,2542,2-s2.0-85141615492
2543,2543,2-s2.0-85115733666
2544,2544,2-s2.0-85094833071
2545,2545,2-s2.0-85079313734
2548,2548,2-s2.0-85072426994
2549,2549,2-s2.0-85071597207
2552,2552,2-s2.0-85071526859
2555,2555,2-s2.0-85071208903
2557,2557,2-s2.0-85071100820
2560,2560,2-s2.0-85070390480
2561,2561,2-s2.0-85070371171
2562,2562,2-s2.0-85069611005
2564,2564,2-s2.0-85065356757
2565,2565,2-s2.0-85050773553
2566,2566,2-s2.0-85050734099
2571,2571,2-s2.0-85024806554
2574,2574,2-s2.0-85024200111
2575,2575,2-s2.0-85024164346
2580,2580,2-s2.0-85023859719
2582,2582,2-s2.0-85023586529
2584,2584,2-s2.0-85009592812
2588,2588,2-s2.0-84992897931
2593,2593,2-s2.0-84967693254
2599,2599,2-s2.0-84958225976
2600,2600,2-s2.0-84958178138
2601,2601,2-s2.0-84958174012
2602,2602,2-s2.0-84958173080
2604,2604,2-s2.0-84958171364
2605,2605,2-s2.0-84958171102
2609,2609,2-s2.0-84958153483
2611,2611,2-s2.0-84951320298
2614,2614,2-s2.0-84938785294
2616,2616,2-s2.0-84937214214
2619,2619,2-s2.0-84928761675
2620,2620,2-s2.0-84928760815
2621,2621,2-s2.0-84928426369
2627,2627,2-s2.0-84926955550
2633,2633,2-s2.0-84908374055
2636,2636,2-s2.0-84902766488
2639,2639,2-s2.0-84902477422
2647,2647,2-s2.0-84896952955
2649,2649,2-s2.0-84896929539
2652,2652,2-s2.0-84867436346
2653,2653,2-s2.0-84855948751
2656,2656,2-s2.0-79957911641
2657,2657,2-s2.0-79952777054
2661,2661,2-s2.0-77950639426
2662,2662,2-s2.0-77950246908
2664,2664,2-s2.0-68149083954
2665,2665,2-s2.0-61949416683
2668,2668,2-s2.0-47049109919
2669,2669,2-s2.0-42749107239
2674,2674,2-s2.0-34547407412
2677,2677,2-s2.0-34247123383
2680,2680,2-s2.0-33750386393
2682,2682,2-s2.0-33750061627
2683,2683,2-s2.0-33749561681
2690,2690,2-s2.0-33646502808
2691,2691,2-s2.0-33646189020
2693,2693,2-s2.0-33645980327
2694,2694,2-s2.0-33645518990
2696,2696,2-s2.0-33644984621
2697,2697,2-s2.0-33644878062
2698,2698,2-s2.0-33644842764
2700,2700,2-s2.0-33644700402
2701,2701,2-s2.0-33644690773
2703,2703,2-s2.0-30844471094
2704,2704,2-s2.0-29344473331
2705,2705,2-s2.0-29144463127
2708,2708,2-s2.0-28044470964
2709,2709,2-s2.0-27844543189
2710,2710,2-s2.0-27844493901
2713,2713,2-s2.0-27544506985
2714,2714,2-s2.0-27544500263
2715,2715,2-s2.0-27544499253
2718,2718,2-s2.0-27144524443
2719,2719,2-s2.0-27144511212
2721,2721,2-s2.0-26844437308
2722,2722,2-s2.0-26644433881
2724,2724,2-s2.0-25444451875
2725,2725,2-s2.0-25144505871
2726,2726,2-s2.0-25144441055
2727,2727,2-s2.0-24644463199
2728,2728,2-s2.0-24644440966
2736,2736,2-s2.0-22544487806
2740,2740,2-s2.0-22544485107
2742,2742,2-s2.0-22544482338
2744,2744,2-s2.0-22544481169
2745,2745,2-s2.0-22544480825
2746,2746,2-s2.0-22544480555
2747,2747,2-s2.0-22544480039
2749,2749,2-s2.0-22544479468
2753,2753,2-s2.0-22544477119
2755,2755,2-s2.0-22544475597
2757,2757,2-s2.0-22544475320
2760,2760,2-s2.0-22544473640
2761,2761,2-s2.0-22544471856
2763,2763,2-s2.0-22544470295
2764,2764,2-s2.0-22544468847
2765,2765,2-s2.0-22544468812
2771,2771,2-s2.0-22544467509
2774,2774,2-s2.0-22544465838
2776,2776,2-s2.0-22544464164
2777,2777,2-s2.0-22544461920
2779,2779,2-s2.0-22544461336
2783,2783,2-s2.0-22544459915
2789,2789,2-s2.0-22544454453
2790,2790,2-s2.0-22544454195
2791,2791,2-s2.0-22544453015
2792,2792,2-s2.0-22544447808
2796,2796,2-s2.0-22544444255
2798,2798,2-s2.0-22544441145
2801,2801,2-s2.0-22544438742
2803,2803,2-s2.0-22544437869
2810,2810,2-s2.0-22144455989
2813,2813,2-s2.0-21244496484
2816,2816,2-s2.0-21144458940
2822,2822,2-s2.0-19444367613
2825,2825,2-s2.0-18944386475
2826,2826,2-s2.0-18544386528
2827,2827,2-s2.0-18244383504
2828,2828,2-s2.0-17544365329
2829,2829,2-s2.0-17444405261
2831,2831,2-s2.0-17144411139
2836,2836,2-s2.0-17044380237
2838,2838,2-s2.0-16444373058
2839,2839,2-s2.0-15444362840
2843,2843,2-s2.0-14644430398
2846,2846,2-s2.0-14044259965
2847,2847,2-s2.0-13944269902
2851,2851,2-s2.0-13544256548
2853,2853,2-s2.0-12844261680
2856,2856,2-s2.0-12344267598
2857,2857,2-s2.0-12344250977
2863,2863,2-s2.0-105012797305
2865,2865,2-s2.0-33845712567
2866,2866,2-s2.0-33845706611
2867,2867,2-s2.0-33845651870
2868,2868,2-s2.0-33845272337
2870,2870,2-s2.0-85165455381
2871,2871,2-s2.0-85069685987
2873,2873,2-s2.0-84906614008
2874,2874,2-s2.0-84904712639
2875,2875,2-s2.0-84899594979
2876,2876,2-s2.0-84899212972
2878,2878,2-s2.0-84886806328
2881,2881,2-s2.0-84884299426
2883,2883,2-s2.0-84882504376
2885,2885,2-s2.0-84878098792
2886,2886,2-s2.0-84878087918
2887,2887,2-s2.0-84878084016
2888,2888,2-s2.0-84878052566
2892,2892,2-s2.0-84872107145
2894,2894,2-s2.0-84872100481
2896,2896,2-s2.0-84867393011
2897,2897,2-s2.0-84867387002
2900,2900,2-s2.0-84867255758
2901,2901,2-s2.0-78649566758
2903,2903,2-s2.0-77957708913
2904,2904,2-s2.0-77955139878
2905,2905,2-s2.0-77951288150
2906,2906,2-s2.0-77949533495
2907,2907,2-s2.0-76849099084
2908,2908,2-s2.0-70450257992
2911,2911,2-s2.0-70349448242
2914,2914,2-s2.0-61049217468
2917,2917,2-s2.0-58249098483
2921,2921,2-s2.0-48749131695
2923,2923,2-s2.0-48749122788
2924,2924,2-s2.0-48749115515
2925,2925,2-s2.0-48749114449
2926,2926,2-s2.0-48749109505
2929,2929,2-s2.0-48749086770
2933,2933,2-s2.0-46949087725
2935,2935,2-s2.0-46249103421
2936,2936,2-s2.0-46249094861
2938,2938,2-s2.0-40749107740
2939,2939,2-s2.0-39049181486
2941,2941,2-s2.0-38349014555
2942,2942,2-s2.0-37349073740
2944,2944,2-s2.0-36148932212
2947,2947,2-s2.0-35348896508
2948,2948,2-s2.0-34748814376
2950,2950,2-s2.0-34548359131
2951,2951,2-s2.0-34548316377
2952,2952,2-s2.0-34548227888
2954,2954,2-s2.0-34547490591
2956,2956,2-s2.0-34547235508
2957,2957,2-s2.0-34249332032
2961,2961,2-s2.0-34247339407
2963,2963,2-s2.0-34247195036
2965,2965,2-s2.0-33947698935
2966,2966,2-s2.0-33947633554
2967,2967,2-s2.0-33847221159
2968,2968,2-s2.0-33847212150
2970,2970,2-s2.0-33847205393
2972,2972,2-s2.0-33847043079
2973,2973,2-s2.0-33846579091
2975,2975,2-s2.0-33846134364
2980,2980,2-s2.0-33845444410
2986,2986,2-s2.0-33750691037
2989,2989,2-s2.0-33645154277
2992,2992,2-s2.0-33751273405
2994,2994,2-s2.0-33751031105
2995,2995,2-s2.0-33751027418
2996,2996,2-s2.0-33845307565
2998,2998,2-s2.0-33750628612
3001,3001,2-s2.0-38349051956
3006,3006,2-s2.0-33750928429
3007,3007,2-s2.0-33750919237
3008,3008,2-s2.0-33750910699
3009,3009,2-s2.0-33750857321
3010,3010,2-s2.0-33750597202
3014,3014,2-s2.0-33750180064
3015,3015,2-s2.0-33749834342
3018,3018,2-s2.0-33748414603
3019,3019,2-s2.0-33750358070
3021,3021,2-s2.0-33750085007
3022,3022,2-s2.0-33750627625
3023,3023,2-s2.0-33750437413
3028,3028,2-s2.0-84911216351
3032,3032,2-s2.0-33749518532
3033,3033,2-s2.0-33749494402
3034,3034,2-s2.0-33749142955
3035,3035,2-s2.0-33749042528
3036,3036,2-s2.0-85069729236
3037,3037,2-s2.0-84876118964
3038,3038,2-s2.0-34547198279
3045,3045,2-s2.0-33750286268
3046,3046,2-s2.0-33750178522
3047,3047,2-s2.0-33750152201
3049,3049,2-s2.0-33749647302
3052,3052,2-s2.0-33749527701
3053,3053,2-s2.0-33749408725
3054,3054,2-s2.0-33748953872
3056,3056,2-s2.0-33745868949
3057,3057,2-s2.0-33748985328
3059,3059,2-s2.0-33748961448
3061,3061,2-s2.0-33748942330
3063,3063,2-s2.0-33748914317
3065,3065,2-s2.0-33748895273
3066,3066,2-s2.0-33748894182
3067,3067,2-s2.0-33748890703
3069,3069,2-s2.0-84920423988
3070,3070,2-s2.0-43949130604
3071,3071,2-s2.0-33845699654
3072,3072,2-s2.0-33751017980
3075,3075,2-s2.0-33749070195
3076,3076,2-s2.0-33749038616
3078,3078,2-s2.0-33748297433
3079,3079,2-s2.0-33747630446
3080,3080,2-s2.0-33746803694
3083,3083,2-s2.0-33748459228
3084,3084,2-s2.0-33746766983
3089,3089,2-s2.0-35148876407
3090,3090,2-s2.0-35148860981
3093,3093,2-s2.0-35148828901
3094,3094,2-s2.0-35048840221
3095,3095,2-s2.0-33846699308
3098,3098,2-s2.0-33845191800
3102,3102,2-s2.0-33748281957
3103,3103,2-s2.0-33747808672
3105,3105,2-s2.0-33747613559
3107,3107,2-s2.0-33745922043
3113,3113,2-s2.0-33750352765
3114,3114,2-s2.0-33749567176
3117,3117,2-s2.0-33748441950
3119,3119,2-s2.0-33747609821
3120,3120,2-s2.0-33747137996
3123,3123,2-s2.0-33745962456
3125,3125,2-s2.0-33744751854
3127,3127,2-s2.0-33744810092
3128,3128,2-s2.0-33744765223
3130,3130,2-s2.0-33750282308
3134,3134,2-s2.0-33746853956
3137,3137,2-s2.0-33746376977
3139,3139,2-s2.0-33746266067
3140,3140,2-s2.0-33745663493
3141,3141,2-s2.0-33745632384
3142,3142,2-s2.0-33745610048
3143,3143,2-s2.0-33745326922
3150,3150,2-s2.0-33646853693
3151,3151,2-s2.0-33744483744
3152,3152,2-s2.0-33646727799
3155,3155,2-s2.0-33748577208
3158,3158,2-s2.0-33646742198
3159,3159,2-s2.0-33646685715
3166,3166,2-s2.0-33749356583
3171,3171,2-s2.0-33746196644
3172,3172,2-s2.0-33744998327
3173,3173,2-s2.0-33646455015
3175,3175,2-s2.0-33646438086
3176,3176,2-s2.0-33646257558
3178,3178,2-s2.0-31144437060
3181,3181,2-s2.0-85132067912
3184,3184,2-s2.0-33745597330
3185,3185,2-s2.0-33744779316
3186,3186,2-s2.0-33744534959
3187,3187,2-s2.0-33646487505
3188,3188,2-s2.0-33646459318
3189,3189,2-s2.0-33646080575
3190,3190,2-s2.0-33645464379
3192,3192,2-s2.0-33645229976
3194,3194,2-s2.0-33645160798
3196,3196,2-s2.0-33645151813
3198,3198,2-s2.0-33645146223
3199,3199,2-s2.0-33645144576
3200,3200,2-s2.0-33645092898
3202,3202,2-s2.0-33644994241
3206,3206,2-s2.0-31144458969
3220,3220,2-s2.0-33745904756
3224,3224,2-s2.0-33645703762
3226,3226,2-s2.0-33645681101
3227,3227,2-s2.0-33645678879
3232,3232,2-s2.0-30644480713
3238,3238,2-s2.0-85145523540
3239,3239,2-s2.0-85141571657
3241,3241,2-s2.0-85140669884
3243,3243,2-s2.0-85135980109
3244,3244,2-s2.0-85135974455
3246,3246,2-s2.0-85117689761
3249,3249,2-s2.0-85085669515
3250,3250,2-s2.0-85075943655
3251,3251,2-s2.0-85068012138
3253,3253,2-s2.0-85067990706
3256,3256,2-s2.0-85067948954
3257,3257,2-s2.0-85067921433
3258,3258,2-s2.0-85067915765
3259,3259,2-s2.0-85067913930
3260,3260,2-s2.0-85057463310
3261,3261,2-s2.0-85052723342
3262,3262,2-s2.0-85045649603
3264,3264,2-s2.0-85037533898
3266,3266,2-s2.0-85029130264
3269,3269,2-s2.0-85029125062
3270,3270,2-s2.0-85029124886
3279,3279,2-s2.0-85029117171
3280,3280,2-s2.0-85029114714
3281,3281,2-s2.0-85029112562
3282,3282,2-s2.0-85029110786
3284,3284,2-s2.0-85029104814
3285,3285,2-s2.0-85029104227
3286,3286,2-s2.0-85029101336
3287,3287,2-s2.0-85029094262
3289,3289,2-s2.0-85029093569
3291,3291,2-s2.0-85029092945
3292,3292,2-s2.0-85029091972
3293,3293,2-s2.0-85029084378
3296,3296,2-s2.0-85029080636
3297,3297,2-s2.0-85029079596
3300,3300,2-s2.0-85029076798
3302,3302,2-s2.0-85029072536
3303,3303,2-s2.0-85029072328
3304,3304,2-s2.0-85029072327
3306,3306,2-s2.0-85029068537
3307,3307,2-s2.0-85029067151
3313,3313,2-s2.0-85029053836
3314,3314,2-s2.0-85029053768
3316,3316,2-s2.0-85029050099
3317,3317,2-s2.0-85029045551
3319,3319,2-s2.0-85029039130
3324,3324,2-s2.0-85029033241
3328,3328,2-s2.0-85029025666
3331,3331,2-s2.0-85029021102
3334,3334,2-s2.0-85024204517
3335,3335,2-s2.0-85024195947
3337,3337,2-s2.0-85023726022
3339,3339,2-s2.0-85023658897
3341,3341,2-s2.0-85011514499
3342,3342,2-s2.0-85011452128
3343,3343,2-s2.0-85011352958
3345,3345,2-s2.0-84995416471
3346,3346,2-s2.0-84994795316
3347,3347,2-s2.0-84993790581
3348,3348,2-s2.0-84993708955
3352,3352,2-s2.0-84990943237
3356,3356,2-s2.0-84990875263
3357,3357,2-s2.0-84990352330
3358,3358,2-s2.0-84990348170
3363,3363,2-s2.0-84961649085
3367,3367,2-s2.0-84938855622
3368,3368,2-s2.0-84938855621
3370,3370,2-s2.0-84938828707
3371,3371,2-s2.0-84938592005
3372,3372,2-s2.0-84927051972
3373,3373,2-s2.0-84926262407
3388,3388,2-s2.0-84926247758
3389,3389,2-s2.0-84926246931
3391,3391,2-s2.0-84926245385
3395,3395,2-s2.0-84923477825
3397,3397,2-s2.0-84923469179
3398,3398,2-s2.0-84923452807
3400,3400,2-s2.0-84923425386
3401,3401,2-s2.0-84923408832
3403,3403,2-s2.0-84923393212
3405,3405,2-s2.0-84920631210
3406,3406,2-s2.0-84920630526
3407,3407,2-s2.0-84911999886
3409,3409,2-s2.0-84902263620
3410,3410,2-s2.0-84900623846
3414,3414,2-s2.0-84896964591
3415,3415,2-s2.0-84896948138
3420,3420,2-s2.0-84895985031
3421,3421,2-s2.0-84895891732
3426,3426,2-s2.0-84877974384
3427,3427,2-s2.0-84877964558
3428,3428,2-s2.0-84877949736
3433,3433,2-s2.0-84867419740
3435,3435,2-s2.0-84867415583
3439,3439,2-s2.0-84860192037
3443,3443,2-s2.0-79954540025
3447,3447,2-s2.0-77955220013
3448,3448,2-s2.0-77951072347
3449,3449,2-s2.0-77049115493
3451,3451,2-s2.0-70450181603
3453,3453,2-s2.0-68949174714
3454,3454,2-s2.0-61949441746
3455,3455,2-s2.0-61049360743
3456,3456,2-s2.0-61049107677
3457,3457,2-s2.0-55749109289
3458,3458,2-s2.0-55149099532
3463,3463,2-s2.0-48749105816
3464,3464,2-s2.0-48749098813
3465,3465,2-s2.0-48749098592
3468,3468,2-s2.0-48749088908
3469,3469,2-s2.0-48749086473
3470,3470,2-s2.0-44949101606
3472,3472,2-s2.0-42249091699
3473,3473,2-s2.0-42149134179
3474,3474,2-s2.0-41149180079
3475,3475,2-s2.0-41149170189
3477,3477,2-s2.0-41149090215
3478,3478,2-s2.0-39049189670
3480,3480,2-s2.0-38549147127
3481,3481,2-s2.0-37849186678
3483,3483,2-s2.0-37349111561
3484,3484,2-s2.0-37349108448
3485,3485,2-s2.0-37149039740
3487,3487,2-s2.0-36148933744
3493,3493,2-s2.0-33847743837
3495,3495,2-s2.0-33847340167
3498,3498,2-s2.0-33847134284
3499,3499,2-s2.0-33847123514
3501,3501,2-s2.0-33846344744
3503,3503,2-s2.0-33846185875
3504,3504,2-s2.0-33846181401
3505,3505,2-s2.0-33846150397
3508,3508,2-s2.0-33845868495
3510,3510,2-s2.0-33845685252
3511,3511,2-s2.0-33845547000
3512,3512,2-s2.0-33845545319
3513,3513,2-s2.0-33845532661
3514,3514,2-s2.0-33845532571
3515,3515,2-s2.0-33845529511
3520,3520,2-s2.0-33751576042
3522,3522,2-s2.0-33751333623
3524,3524,2-s2.0-33750741172
3528,3528,2-s2.0-33750278674
3529,3529,2-s2.0-33750221211
3530,3530,2-s2.0-33750207629
3534,3534,2-s2.0-33750200008
3535,3535,2-s2.0-33750138571
3539,3539,2-s2.0-33749395814
3541,3541,2-s2.0-33749361533
3545,3545,2-s2.0-33748857325
3549,3549,2-s2.0-33746638441
3552,3552,2-s2.0-33746583680
3553,3553,2-s2.0-33746354934
3554,3554,2-s2.0-33746344653
3555,3555,2-s2.0-33746168560
3556,3556,2-s2.0-33745916460
3559,3559,2-s2.0-33745866552
3560,3560,2-s2.0-33745808339
3562,3562,2-s2.0-33745627041
3566,3566,2-s2.0-33744990873
3567,3567,2-s2.0-33646846107
3568,3568,2-s2.0-33646844598
3569,3569,2-s2.0-33646746626
3571,3571,2-s2.0-33646559859
3572,3572,2-s2.0-33646521977
3573,3573,2-s2.0-33646507516
3576,3576,2-s2.0-33646063540
3577,3577,2-s2.0-33646056968
3578,3578,2-s2.0-33645963790
3580,3580,2-s2.0-33645904178
3581,3581,2-s2.0-33645536757
3582,3582,2-s2.0-33645347318
3583,3583,2-s2.0-33645337109
3586,3586,2-s2.0-33645075760
3589,3589,2-s2.0-33644945381
3590,3590,2-s2.0-33644886864
3592,3592,2-s2.0-33644798516
3594,3594,2-s2.0-33144489019
3598,3598,2-s2.0-32044457370
3600,3600,2-s2.0-31644439492
3602,3602,2-s2.0-30744450910
3604,3604,2-s2.0-30344478825
3606,3606,2-s2.0-29944438491
3609,3609,2-s2.0-29744457799
3610,3610,2-s2.0-29444453046
3611,3611,2-s2.0-27744498538
3613,3613,2-s2.0-105011800504
3614,3614,2-s2.0-105011792755
3616,3616,2-s2.0-105011782916
3618,3618,2-s2.0-78651551840
3621,3621,2-s2.0-84858484335
3623,3623,2-s2.0-37349071021
3625,3625,2-s2.0-36649000308
3626,3626,2-s2.0-85164533464
3627,3627,2-s2.0-85068024649
3630,3630,2-s2.0-84899662114
3633,3633,2-s2.0-84892828617
3636,3636,2-s2.0-84892817459
3638,3638,2-s2.0-84892794219
3643,3643,2-s2.0-84892268179
3645,3645,2-s2.0-84892232037
3646,3646,2-s2.0-84892159193
3648,3648,2-s2.0-84890527777
3649,3649,2-s2.0-84890072028
3650,3650,2-s2.0-84890026394
3651,3651,2-s2.0-84889989835
3652,3652,2-s2.0-84888353304
3655,3655,2-s2.0-84885236843
3656,3656,2-s2.0-84885224262
3657,3657,2-s2.0-84882978718
3658,3658,2-s2.0-84880807496
3660,3660,2-s2.0-84878252705
3661,3661,2-s2.0-84878244045
3664,3664,2-s2.0-84875272354
3668,3668,2-s2.0-84869856089
3671,3671,2-s2.0-84869801869
3672,3672,2-s2.0-84867789698
3674,3674,2-s2.0-84867484104
3675,3675,2-s2.0-84867483631
3677,3677,2-s2.0-84867464133
3678,3678,2-s2.0-84867462249
3680,3680,2-s2.0-84867445966
3681,3681,2-s2.0-84867442319
3682,3682,2-s2.0-84867437242
3683,3683,2-s2.0-84867394792
3686,3686,2-s2.0-84867365030
3688,3688,2-s2.0-84860722144
3689,3689,2-s2.0-84859615480
3690,3690,2-s2.0-84859235608
3692,3692,2-s2.0-84858656410
3695,3695,2-s2.0-84856937954
3697,3697,2-s2.0-80051529216
3700,3700,2-s2.0-79955787725
3703,3703,2-s2.0-78651492559
3706,3706,2-s2.0-78650925065
3707,3707,2-s2.0-78650176807
3708,3708,2-s2.0-78649780835
3711,3711,2-s2.0-77955842430
3713,3713,2-s2.0-77951448219
3714,3714,2-s2.0-77950683850
3715,3715,2-s2.0-77949499305
3722,3722,2-s2.0-71449113754
3723,3723,2-s2.0-71449096894
3725,3725,2-s2.0-70449101475
3726,3726,2-s2.0-70350390085
3729,3729,2-s2.0-70349196827
3733,3733,2-s2.0-63049138111
3734,3734,2-s2.0-63049122862
3735,3735,2-s2.0-63049118255
3736,3736,2-s2.0-63049117939
3737,3737,2-s2.0-63049107613
3739,3739,2-s2.0-63049100565
3741,3741,2-s2.0-60949778649
3742,3742,2-s2.0-60449120858
3745,3745,2-s2.0-57049110812
3748,3748,2-s2.0-55849151352
3756,3756,2-s2.0-52949129642
3757,3757,2-s2.0-51749124661
3758,3758,2-s2.0-51549089027
3762,3762,2-s2.0-50449089134
3763,3763,2-s2.0-50449085853
3764,3764,2-s2.0-50249158684
3765,3765,2-s2.0-50249145700
3766,3766,2-s2.0-50149115705
3767,3767,2-s2.0-50049132650
3769,3769,2-s2.0-50049118612
3770,3770,2-s2.0-50049117770
3771,3771,2-s2.0-50049115825
3774,3774,2-s2.0-50049110345
3775,3775,2-s2.0-50049108701
3778,3778,2-s2.0-50049104211
3779,3779,2-s2.0-50049102448
3780,3780,2-s2.0-50049100124
3782,3782,2-s2.0-50049097209
3783,3783,2-s2.0-50049095351
3784,3784,2-s2.0-50049089514
3786,3786,2-s2.0-50049083333
3787,3787,2-s2.0-50049083020
3788,3788,2-s2.0-49849089704
3794,3794,2-s2.0-48649101507
3800,3800,2-s2.0-48149112814
3801,3801,2-s2.0-48149105509
3802,3802,2-s2.0-48149090247
3804,3804,2-s2.0-47849124585
3805,3805,2-s2.0-47649126139
3809,3809,2-s2.0-47349118304
3813,3813,2-s2.0-46449122257
3815,3815,2-s2.0-46449086154
3816,3816,2-s2.0-46149088095
3818,3818,2-s2.0-44949154371
3819,3819,2-s2.0-44649181384
3821,3821,2-s2.0-42149155378
3823,3823,2-s2.0-41449093159
3828,3828,2-s2.0-38749104249
3831,3831,2-s2.0-38049186413
3832,3832,2-s2.0-38049086129
3833,3833,2-s2.0-38049011964
3834,3834,2-s2.0-37849051013
3835,3835,2-s2.0-37849038699
3842,3842,2-s2.0-37449029666
3843,3843,2-s2.0-37449005087
3851,3851,2-s2.0-37349051123
3853,3853,2-s2.0-37349033689
3854,3854,2-s2.0-37349026702
3856,3856,2-s2.0-37349001787
3857,3857,2-s2.0-36849023122
3858,3858,2-s2.0-36549065321
3859,3859,2-s2.0-36549013109
3861,3861,2-s2.0-36248939615
3862,3862,2-s2.0-36148959043
3867,3867,2-s2.0-35348987148
3868,3868,2-s2.0-35348958993
3873,3873,2-s2.0-34248994197
3874,3874,2-s2.0-33847634460
3876,3876,2-s2.0-36348995397
3878,3878,2-s2.0-36348983874
3884,3884,2-s2.0-79954602600
3885,3885,2-s2.0-41449085533
3887,3887,2-s2.0-36448995828
3890,3890,2-s2.0-36248954944
3893,3893,2-s2.0-35748969930
3894,3894,2-s2.0-35349005363
3895,3895,2-s2.0-35348941340
3898,3898,2-s2.0-34547092539
3903,3903,2-s2.0-85068024680
3905,3905,2-s2.0-39449101548
3906,3906,2-s2.0-36448953910
3907,3907,2-s2.0-36048978680
3908,3908,2-s2.0-35448988392
3912,3912,2-s2.0-35348907459
3914,3914,2-s2.0-35348819515
3915,3915,2-s2.0-35148838431
3916,3916,2-s2.0-34848921244
3917,3917,2-s2.0-34748865354
3920,3920,2-s2.0-34748826141
3921,3921,2-s2.0-34548832770
3922,3922,2-s2.0-34548785599
3923,3923,2-s2.0-34548771799
3928,3928,2-s2.0-34447551741
3929,3929,2-s2.0-34848874567
3930,3930,2-s2.0-34848868183
3933,3933,2-s2.0-34548355237
3934,3934,2-s2.0-34548335300
3936,3936,2-s2.0-85012878574
3937,3937,2-s2.0-41849127120
3939,3939,2-s2.0-37249081982
3941,3941,2-s2.0-35348888910
3946,3946,2-s2.0-34548833012
3947,3947,2-s2.0-34548628978
3948,3948,2-s2.0-34548589105
3950,3950,2-s2.0-34548336775
3954,3954,2-s2.0-34547952458
3955,3955,2-s2.0-34547875764
3956,3956,2-s2.0-34547675801
3959,3959,2-s2.0-34447527916
3961,3961,2-s2.0-34047178827
3963,3963,2-s2.0-34548085354
3964,3964,2-s2.0-34548277941
3967,3967,2-s2.0-36348988545
3974,3974,2-s2.0-84882729556
3977,3977,2-s2.0-49449100924
3978,3978,2-s2.0-38949195989
3979,3979,2-s2.0-34948880222
3980,3980,2-s2.0-34848818800
3982,3982,2-s2.0-34548852840
3983,3983,2-s2.0-34548658931
3986,3986,2-s2.0-34548239208
3989,3989,2-s2.0-34547767487
3992,3992,2-s2.0-34547224607
3993,3993,2-s2.0-34447322609
3996,3996,2-s2.0-34347225539
3998,3998,2-s2.0-34547587272
3999,3999,2-s2.0-34447135028
4000,4000,2-s2.0-34447318849
4001,4001,2-s2.0-34447296979
4003,4003,2-s2.0-34848901464
4006,4006,2-s2.0-34547367341
4011,4011,2-s2.0-34447524006
4013,4013,2-s2.0-34347384400
4016,4016,2-s2.0-34250349540
4019,4019,2-s2.0-33947712972
4020,4020,2-s2.0-34250652504
4021,4021,2-s2.0-34249996771
4023,4023,2-s2.0-34250781732
4025,4025,2-s2.0-84919793543
4027,4027,2-s2.0-35348959473
4028,4028,2-s2.0-35348938546
4030,4030,2-s2.0-34548190556
4032,4032,2-s2.0-34548160004
4034,4034,2-s2.0-34547287516
4037,4037,2-s2.0-34249901574
4043,4043,2-s2.0-34247562775
4047,4047,2-s2.0-33947705689
4049,4049,2-s2.0-34249994935
4051,4051,2-s2.0-34247554966
4052,4052,2-s2.0-34247555467
4053,4053,2-s2.0-49449105324
4059,4059,2-s2.0-34249874895
4060,4060,2-s2.0-34249278836
4061,4061,2-s2.0-34249059721
4062,4062,2-s2.0-34249022975
4063,4063,2-s2.0-34248395544
4064,4064,2-s2.0-34147190874
4066,4066,2-s2.0-34147112314
4071,4071,2-s2.0-34147184695
4073,4073,2-s2.0-84991615250
4075,4075,2-s2.0-84859348851
4076,4076,2-s2.0-75249102799
4077,4077,2-s2.0-70349996726
4078,4078,2-s2.0-38749120581
4085,4085,2-s2.0-34248191808
4088,4088,2-s2.0-34247639524
4090,4090,2-s2.0-34247538040
4091,4091,2-s2.0-34247376304
4094,4094,2-s2.0-34047156626
4095,4095,2-s2.0-33947429144
4097,4097,2-s2.0-33847325265
4098,4098,2-s2.0-33845477232
4101,4101,2-s2.0-33847753452
4107,4107,2-s2.0-34250741874
4108,4108,2-s2.0-34249950056
4109,4109,2-s2.0-34249913745
4114,4114,2-s2.0-34248330977
4115,4115,2-s2.0-34247385895
4117,4117,2-s2.0-34247190625
4118,4118,2-s2.0-34247138308
4121,4121,2-s2.0-33947232742
4126,4126,2-s2.0-33847659521
4127,4127,2-s2.0-33846902047
4128,4128,2-s2.0-33846850470
4131,4131,2-s2.0-33846089003
4132,4132,2-s2.0-33846031089
4133,4133,2-s2.0-33846910190
4136,4136,2-s2.0-33846810051
4137,4137,2-s2.0-34547315555
4139,4139,2-s2.0-33947729020
4140,4140,2-s2.0-33947714248
4143,4143,2-s2.0-33846190178
4147,4147,2-s2.0-33845867686
4149,4149,2-s2.0-33845673675
4152,4152,2-s2.0-33845639617
4155,4155,2-s2.0-33751580864
4157,4157,2-s2.0-33749992886
4159,4159,2-s2.0-85186797770
4163,4163,2-s2.0-85142057122
4166,4166,2-s2.0-85140054585
4168,4168,2-s2.0-85115650444
4169,4169,2-s2.0-85097822537
4176,4176,2-s2.0-85067985171
4177,4177,2-s2.0-85067972068
4186,4186,2-s2.0-85029130112
4187,4187,2-s2.0-85029129719
4192,4192,2-s2.0-85029125040
4193,4193,2-s2.0-85029124329
4194,4194,2-s2.0-85029124073
4196,4196,2-s2.0-85029121601
4198,4198,2-s2.0-85029112758
4199,4199,2-s2.0-85029105990
4200,4200,2-s2.0-85029104121
4201,4201,2-s2.0-85029103889
4202,4202,2-s2.0-85029103742
4203,4203,2-s2.0-85029103697
4205,4205,2-s2.0-85029100690
4207,4207,2-s2.0-85029100353
4210,4210,2-s2.0-85029093229
4213,4213,2-s2.0-85029091149
4215,4215,2-s2.0-85029089149
4217,4217,2-s2.0-85029086172
4221,4221,2-s2.0-85029080226
4222,4222,2-s2.0-85029080117
4223,4223,2-s2.0-85029079160
4225,4225,2-s2.0-85029078816
4226,4226,2-s2.0-85029078640
4227,4227,2-s2.0-85029077692
4230,4230,2-s2.0-85029074568
4231,4231,2-s2.0-85029073967
4233,4233,2-s2.0-85029071056
4234,4234,2-s2.0-85029070913
4236,4236,2-s2.0-85029065473
4237,4237,2-s2.0-85029065113
4238,4238,2-s2.0-85029064809
4240,4240,2-s2.0-85029064462
4242,4242,2-s2.0-85029062692
4243,4243,2-s2.0-85029061879
4245,4245,2-s2.0-85029060149
4247,4247,2-s2.0-85029058090
4249,4249,2-s2.0-85029055067
4254,4254,2-s2.0-85029049239
4255,4255,2-s2.0-85029048489
4256,4256,2-s2.0-85029048428
4257,4257,2-s2.0-85029047796
4258,4258,2-s2.0-85029047551
4259,4259,2-s2.0-85029047520
4260,4260,2-s2.0-85029046000
4261,4261,2-s2.0-85029042184
4262,4262,2-s2.0-85029041521
4263,4263,2-s2.0-85029039418
4265,4265,2-s2.0-85029036882
4266,4266,2-s2.0-85029036590
4268,4268,2-s2.0-85029033736
4270,4270,2-s2.0-85029031565
4272,4272,2-s2.0-85029028324
4273,4273,2-s2.0-85029027141
4275,4275,2-s2.0-85029024041
4276,4276,2-s2.0-85029023766
4277,4277,2-s2.0-85029022538
4278,4278,2-s2.0-85024527511
4279,4279,2-s2.0-85023804903
4280,4280,2-s2.0-85023789745
4283,4283,2-s2.0-85022208499
4285,4285,2-s2.0-85011480576
4288,4288,2-s2.0-85011320302
4289,4289,2-s2.0-85008808846
4292,4292,2-s2.0-84994833591
4294,4294,2-s2.0-84990385316
4299,4299,2-s2.0-84968790862
4302,4302,2-s2.0-84967642834
4303,4303,2-s2.0-84967642799
4304,4304,2-s2.0-84967609419
4305,4305,2-s2.0-84967604639
4308,4308,2-s2.0-84967496067
4309,4309,2-s2.0-84967387127
4310,4310,2-s2.0-84967373556
4311,4311,2-s2.0-84967367823
4312,4312,2-s2.0-84967361650
4313,4313,2-s2.0-84958061433
4314,4314,2-s2.0-84958061065
4315,4315,2-s2.0-84958054015
4316,4316,2-s2.0-84958046541
4317,4317,2-s2.0-84958045113
4320,4320,2-s2.0-84958035602
4321,4321,2-s2.0-84951148573
4324,4324,2-s2.0-84938695400
4325,4325,2-s2.0-84938688183
4329,4329,2-s2.0-84927016237
4331,4331,2-s2.0-84926995667
4332,4332,2-s2.0-84926981140
4340,4340,2-s2.0-84910074396
4341,4341,2-s2.0-84909367892
4344,4344,2-s2.0-84905719988
4345,4345,2-s2.0-84901704795
4347,4347,2-s2.0-84897498131
4348,4348,2-s2.0-84897009983
4351,4351,2-s2.0-84896921122
4353,4353,2-s2.0-84896284185
4355,4355,2-s2.0-84895424990
4358,4358,2-s2.0-84892487640
4365,4365,2-s2.0-84872150981
4366,4366,2-s2.0-84867492232
4373,4373,2-s2.0-80054220058
4374,4374,2-s2.0-80053281783
4376,4376,2-s2.0-80051497509
4377,4377,2-s2.0-79958276922
4378,4378,2-s2.0-79957946174
4382,4382,2-s2.0-78649576164
4389,4389,2-s2.0-77949566949
4393,4393,2-s2.0-70450144088
4395,4395,2-s2.0-70349523765
4398,4398,2-s2.0-64049105542
4400,4400,2-s2.0-64049092650
4401,4401,2-s2.0-63749120572
4404,4404,2-s2.0-57849134000
4405,4405,2-s2.0-52949097281
4406,4406,2-s2.0-51849147153
4408,4408,2-s2.0-51149103527
4409,4409,2-s2.0-49249108071
4412,4412,2-s2.0-44349172342
4416,4416,2-s2.0-40949145758
4418,4418,2-s2.0-39449138490
4420,4420,2-s2.0-38449115909
4421,4421,2-s2.0-38449101917
4422,4422,2-s2.0-38049161927
4424,4424,2-s2.0-37249083512
4425,4425,2-s2.0-37249075961
4428,4428,2-s2.0-37249004780
4429,4429,2-s2.0-37149040116
4431,4431,2-s2.0-36849019369
4432,4432,2-s2.0-36349032754
4433,4433,2-s2.0-36048936981
4435,4435,2-s2.0-35649007463
4437,4437,2-s2.0-35448976958
4443,4443,2-s2.0-34848923303
4446,4446,2-s2.0-34748902914
4447,4447,2-s2.0-34648840494
4448,4448,2-s2.0-34648840493
4450,4450,2-s2.0-34548379490
4451,4451,2-s2.0-34548317178
4452,4452,2-s2.0-34547936882
4455,4455,2-s2.0-34547702388
4458,4458,2-s2.0-34547535673
4462,4462,2-s2.0-34547419512
4464,4464,2-s2.0-34447288913
4469,4469,2-s2.0-34250344917
4470,4470,2-s2.0-34249779824
4471,4471,2-s2.0-34249736460
4472,4472,2-s2.0-34249716798
4477,4477,2-s2.0-34249085285
4479,4479,2-s2.0-34249079445
4480,4480,2-s2.0-34249069810
4484,4484,2-s2.0-34248389382
4485,4485,2-s2.0-34248333499
4497,4497,2-s2.0-34047147342
4498,4498,2-s2.0-33947725811
4499,4499,2-s2.0-33947664403
4501,4501,2-s2.0-33947164277
4502,4502,2-s2.0-33847335032
4504,4504,2-s2.0-33847078397
4507,4507,2-s2.0-33846583001
4509,4509,2-s2.0-33846190619
4510,4510,2-s2.0-33845869304
4511,4511,2-s2.0-33845591161
4512,4512,2-s2.0-33845386058
4514,4514,2-s2.0-33751534503
4516,4516,2-s2.0-33751506420
4520,4520,2-s2.0-57849097152
4521,4521,2-s2.0-57849163584
4522,4522,2-s2.0-57849145623
4526,4526,2-s2.0-57749094785
4530,4530,2-s2.0-57449100456
4531,4531,2-s2.0-49949108958
4532,4532,2-s2.0-57349197907
4535,4535,2-s2.0-57349110076
4539,4539,2-s2.0-57349084135
4540,4540,2-s2.0-57149122435
4543,4543,2-s2.0-57049089568
4545,4545,2-s2.0-57349102313
4546,4546,2-s2.0-85164667736
4548,4548,2-s2.0-85065190180
4549,4549,2-s2.0-84902706123
4551,4551,2-s2.0-84899233284
4554,4554,2-s2.0-84897617498
4555,4555,2-s2.0-84897600446
4556,4556,2-s2.0-84897596642
4558,4558,2-s2.0-84896819753
4559,4559,2-s2.0-84896229297
4560,4560,2-s2.0-84895258062
4564,4564,2-s2.0-84892241263
4572,4572,2-s2.0-84889990965
4573,4573,2-s2.0-84889979529
4574,4574,2-s2.0-84889972294
4575,4575,2-s2.0-84889971274
4577,4577,2-s2.0-84889963244
4578,4578,2-s2.0-84889960841
4579,4579,2-s2.0-84889956140
4582,4582,2-s2.0-84885411921
4584,4584,2-s2.0-84883738004
4586,4586,2-s2.0-84880431356
4593,4593,2-s2.0-84873180636
4594,4594,2-s2.0-84872516862
4596,4596,2-s2.0-84872105506
4598,4598,2-s2.0-84870376809
4600,4600,2-s2.0-84870347069
4601,4601,2-s2.0-84869444476
4602,4602,2-s2.0-84869024886
4605,4605,2-s2.0-84867386340
4610,4610,2-s2.0-84867355879
4614,4614,2-s2.0-84863792300
4615,4615,2-s2.0-84861091997
4617,4617,2-s2.0-84860730061
4618,4618,2-s2.0-84859265027
4623,4623,2-s2.0-81155132182
4624,4624,2-s2.0-80052564485
4625,4625,2-s2.0-79961221211
4627,4627,2-s2.0-79960805893
4629,4629,2-s2.0-79957578640
4635,4635,2-s2.0-79251502323
4636,4636,2-s2.0-78751617296
4637,4637,2-s2.0-78650759961
4638,4638,2-s2.0-78650759786
4639,4639,2-s2.0-78650759698
4644,4644,2-s2.0-78650759035
4645,4645,2-s2.0-78650758977
4648,4648,2-s2.0-78649276110
4651,4651,2-s2.0-77958120702
4653,4653,2-s2.0-77957706889
4654,4654,2-s2.0-77956357205
4655,4655,2-s2.0-77956282157
4656,4656,2-s2.0-77956134999
4657,4657,2-s2.0-77953336477
4658,4658,2-s2.0-77953330492
4659,4659,2-s2.0-77953035401
4660,4660,2-s2.0-77952094198
4661,4661,2-s2.0-77951065606
4664,4664,2-s2.0-77950496211
4665,4665,2-s2.0-77950487102
4669,4669,2-s2.0-77649281609
4670,4670,2-s2.0-76249107643
4674,4674,2-s2.0-75449093201
4675,4675,2-s2.0-75449089196
4676,4676,2-s2.0-72449190283
4679,4679,2-s2.0-70350542544
4680,4680,2-s2.0-70349811536
4681,4681,2-s2.0-70349595159
4682,4682,2-s2.0-70349134994
4685,4685,2-s2.0-69549124718
4690,4690,2-s2.0-67649488268
4691,4691,2-s2.0-67649220486
4694,4694,2-s2.0-67549083112
4695,4695,2-s2.0-67349140179
4696,4696,2-s2.0-66949157515
4698,4698,2-s2.0-65349115402
4699,4699,2-s2.0-65249162272
4701,4701,2-s2.0-63849319125
4702,4702,2-s2.0-63849163501
4704,4704,2-s2.0-63149164910
4705,4705,2-s2.0-63049125802
4706,4706,2-s2.0-62949189597
4708,4708,2-s2.0-62649156799
4727,4727,2-s2.0-58649089782
4729,4729,2-s2.0-58449114212
4732,4732,2-s2.0-58449098525
4733,4733,2-s2.0-58449088807
4735,4735,2-s2.0-58349106443
4739,4739,2-s2.0-58149252124
4740,4740,2-s2.0-58149179530
4742,4742,2-s2.0-58149139553
4743,4743,2-s2.0-58049217112
4747,4747,2-s2.0-58049146772
4748,4748,2-s2.0-58049134685
4750,4750,2-s2.0-57749134317
4753,4753,2-s2.0-57049085663
4755,4755,2-s2.0-56249113027
4758,4758,2-s2.0-55149091365
4759,4759,2-s2.0-54849438711
4760,4760,2-s2.0-54249162058
4766,4766,2-s2.0-45349094747
4767,4767,2-s2.0-56649123197
4770,4770,2-s2.0-57749180462
4772,4772,2-s2.0-56749101906
4773,4773,2-s2.0-56249122298
4774,4774,2-s2.0-56049126929
4775,4775,2-s2.0-56049125779
4777,4777,2-s2.0-56049103604
4778,4778,2-s2.0-55949090003
4782,4782,2-s2.0-55349148719
4784,4784,2-s2.0-55249111818
4791,4791,2-s2.0-85006320728
4800,4800,2-s2.0-53849125007
4808,4808,2-s2.0-48549099541
4811,4811,2-s2.0-48549092154
4812,4812,2-s2.0-48549086201
4815,4815,2-s2.0-54249117724
4818,4818,2-s2.0-54749157367
4820,4820,2-s2.0-53049083731
4824,4824,2-s2.0-56249088630
4825,4825,2-s2.0-55949131982
4828,4828,2-s2.0-55349141105
4829,4829,2-s2.0-55049111159
4837,4837,2-s2.0-52649085432
4838,4838,2-s2.0-52549096439
4842,4842,2-s2.0-51249094917
4846,4846,2-s2.0-52449114541
4848,4848,2-s2.0-52949106082
4851,4851,2-s2.0-51949109571
4852,4852,2-s2.0-51949099986
4853,4853,2-s2.0-51849158766
4854,4854,2-s2.0-51849149932
4858,4858,2-s2.0-51549087602
4859,4859,2-s2.0-51349090548
4861,4861,2-s2.0-51749107031
4865,4865,2-s2.0-51149095793
4870,4870,2-s2.0-81155141340
4875,4875,2-s2.0-69249129138
4877,4877,2-s2.0-69249110551
4878,4878,2-s2.0-69249088184
4882,4882,2-s2.0-52249121210
4883,4883,2-s2.0-52249117667
4884,4884,2-s2.0-52249110673
4885,4885,2-s2.0-52149097376
4890,4890,2-s2.0-50849140447
4891,4891,2-s2.0-50849140172
4892,4892,2-s2.0-50249160074
4893,4893,2-s2.0-50249156558
4894,4894,2-s2.0-50249141728
4898,4898,2-s2.0-50249096800
4900,4900,2-s2.0-49949084269
4901,4901,2-s2.0-49649119666
4903,4903,2-s2.0-49349110499
4904,4904,2-s2.0-48749130825
4905,4905,2-s2.0-48649098815
4906,4906,2-s2.0-48449099148
4909,4909,2-s2.0-47349116624
4911,4911,2-s2.0-44649182156
4913,4913,2-s2.0-44649152244
4914,4914,2-s2.0-44649102677
4919,4919,2-s2.0-49949098746
4921,4921,2-s2.0-50149099057
4926,4926,2-s2.0-55549112592
4929,4929,2-s2.0-78149450804
4930,4930,2-s2.0-53349099939
4933,4933,2-s2.0-51049090393
4934,4934,2-s2.0-50849102046
4935,4935,2-s2.0-48749101926
4936,4936,2-s2.0-48249141074
4941,4941,2-s2.0-46049109704
4942,4942,2-s2.0-46049091981
4944,4944,2-s2.0-45449102857
4946,4946,2-s2.0-44749093228
4947,4947,2-s2.0-43549124111
4950,4950,2-s2.0-47749138942
4951,4951,2-s2.0-47749130109
4952,4952,2-s2.0-47749099364
4959,4959,2-s2.0-47049094485
4960,4960,2-s2.0-51749125055
4961,4961,2-s2.0-46349108431
4966,4966,2-s2.0-51049123608
4967,4967,2-s2.0-50949099345
4969,4969,2-s2.0-48249111804
4970,4970,2-s2.0-47649105222
4972,4972,2-s2.0-46349101245
4974,4974,2-s2.0-44949146357
4977,4977,2-s2.0-44349157066
4980,4980,2-s2.0-43449103924
4983,4983,2-s2.0-51749087461
4984,4984,2-s2.0-44649176496
4985,4985,2-s2.0-85106951818
4988,4988,2-s2.0-79955373845
4989,4989,2-s2.0-70349642487
4990,4990,2-s2.0-57749181793
4991,4991,2-s2.0-57749169304
4993,4993,2-s2.0-49649126938
4994,4994,2-s2.0-49649104546
4995,4995,2-s2.0-49649084505
5003,5003,2-s2.0-45849086905
5004,5004,2-s2.0-45749129861
5005,5005,2-s2.0-45749107816
5006,5006,2-s2.0-45749102454
5007,5007,2-s2.0-44849111697
5009,5009,2-s2.0-44749094123
5010,5010,2-s2.0-44749092277
5011,5011,2-s2.0-44749085969
5012,5012,2-s2.0-44749084468
5013,5013,2-s2.0-44649168160
5014,5014,2-s2.0-44649103202
5015,5015,2-s2.0-44449142951
5016,5016,2-s2.0-44349159663
5017,5017,2-s2.0-44149095043
5018,5018,2-s2.0-43849094671
5020,5020,2-s2.0-45849132042
5024,5024,2-s2.0-44049100365
5025,5025,2-s2.0-43949093865
5027,5027,2-s2.0-84917268849
5029,5029,2-s2.0-46449104662
5031,5031,2-s2.0-84879955211
5036,5036,2-s2.0-44349106540
5040,5040,2-s2.0-42649136903
5041,5041,2-s2.0-42549100988
5050,5050,2-s2.0-42549144035
5051,5051,2-s2.0-85009240239
5052,5052,2-s2.0-42149151106
5053,5053,2-s2.0-51749089317
5056,5056,2-s2.0-48849099842
5057,5057,2-s2.0-45149087386
5059,5059,2-s2.0-43449127510
5060,5060,2-s2.0-42149120669
5064,5064,2-s2.0-41549131738
5067,5067,2-s2.0-41149161217
5070,5070,2-s2.0-41149124952
5073,5073,2-s2.0-40849126783
5074,5074,2-s2.0-40649116140
5076,5076,2-s2.0-42749083918
5079,5079,2-s2.0-41149178780
5081,5081,2-s2.0-40049100630
5082,5082,2-s2.0-85056857833
5085,5085,2-s2.0-51449089529
5086,5086,2-s2.0-43349093919
5090,5090,2-s2.0-41249086922
5091,5091,2-s2.0-40749152720
5094,5094,2-s2.0-39149107776
5096,5096,2-s2.0-38949139601
5099,5099,2-s2.0-38149042017
5100,5100,2-s2.0-37249084092
5101,5101,2-s2.0-36749082466
5105,5105,2-s2.0-39549121490
5106,5106,2-s2.0-39549090876
5108,5108,2-s2.0-39749190008
5109,5109,2-s2.0-39049147144
5112,5112,2-s2.0-84889344613
5115,5115,2-s2.0-41949133711
5116,5116,2-s2.0-40049083524
5117,5117,2-s2.0-39749163438
5118,5118,2-s2.0-39449114609
5121,5121,2-s2.0-39149085358
5122,5122,2-s2.0-38949152440
5123,5123,2-s2.0-38749129643
5124,5124,2-s2.0-38349190653
5125,5125,2-s2.0-38349167312
5126,5126,2-s2.0-38349138338
5131,5131,2-s2.0-38049184717
5133,5133,2-s2.0-38049150366
5134,5134,2-s2.0-38049134166
5135,5135,2-s2.0-38049128946
5136,5136,2-s2.0-37349054240
5137,5137,2-s2.0-84909265253
5140,5140,2-s2.0-38049056851
5141,5141,2-s2.0-37249087956
5143,5143,2-s2.0-85185989079
5144,5144,2-s2.0-85147082614
5145,5145,2-s2.0-85147081940
5147,5147,2-s2.0-85147071843
5148,5148,2-s2.0-85147071000
5149,5149,2-s2.0-85147063367
5150,5150,2-s2.0-85147062920
5152,5152,2-s2.0-85147057468
5159,5159,2-s2.0-85099426664
5161,5161,2-s2.0-85081509736
5163,5163,2-s2.0-85078863104
5164,5164,2-s2.0-85078838999
5166,5166,2-s2.0-85071639348
5170,5170,2-s2.0-85056030572
5171,5171,2-s2.0-85029131925
5172,5172,2-s2.0-85029131853
5173,5173,2-s2.0-85029131556
5174,5174,2-s2.0-85029130473
5175,5175,2-s2.0-85029129527
5177,5177,2-s2.0-85029128209
5181,5181,2-s2.0-85029120916
5182,5182,2-s2.0-85029119519
5183,5183,2-s2.0-85029118338
5188,5188,2-s2.0-85029112538
5189,5189,2-s2.0-85029112140
5194,5194,2-s2.0-85029107942
5196,5196,2-s2.0-85029107465
5197,5197,2-s2.0-85029106261
5198,5198,2-s2.0-85029106076
5203,5203,2-s2.0-85029099938
5204,5204,2-s2.0-85029098111
5205,5205,2-s2.0-85029096951
5206,5206,2-s2.0-85029094198
5208,5208,2-s2.0-85029093687
5212,5212,2-s2.0-85029090501
5214,5214,2-s2.0-85029088673
5215,5215,2-s2.0-85029087089
5218,5218,2-s2.0-85029083633
5219,5219,2-s2.0-85029082781
5222,5222,2-s2.0-85029082174
5223,5223,2-s2.0-85029081777
5226,5226,2-s2.0-85029079338
5227,5227,2-s2.0-85029078183
5228,5228,2-s2.0-85029078103
5230,5230,2-s2.0-85029075127
5231,5231,2-s2.0-85029073494
5232,5232,2-s2.0-85029073194
5235,5235,2-s2.0-85029070118
5237,5237,2-s2.0-85029067534
5238,5238,2-s2.0-85029067108
5241,5241,2-s2.0-85029066500
5243,5243,2-s2.0-85029062707
5244,5244,2-s2.0-85029062479
5245,5245,2-s2.0-85029062104
5246,5246,2-s2.0-85029061079
5247,5247,2-s2.0-85029059923
5250,5250,2-s2.0-85029055084
5251,5251,2-s2.0-85029053120
5252,5252,2-s2.0-85029052393
5253,5253,2-s2.0-85029052147
5254,5254,2-s2.0-85029051333
5256,5256,2-s2.0-85029050438
5258,5258,2-s2.0-85029045339
5263,5263,2-s2.0-85029040299
5265,5265,2-s2.0-85029039038
5270,5270,2-s2.0-85029034369
5272,5272,2-s2.0-85029030502
5274,5274,2-s2.0-85029030287
5279,5279,2-s2.0-85029027813
5280,5280,2-s2.0-85029026456
5287,5287,2-s2.0-85023873057
5289,5289,2-s2.0-85021239739
5290,5290,2-s2.0-85016100081
5291,5291,2-s2.0-85013621514
5294,5294,2-s2.0-85011472549
5299,5299,2-s2.0-84990403664
5300,5300,2-s2.0-84990339241
5301,5301,2-s2.0-84990321142
5302,5302,2-s2.0-84979893421
5304,5304,2-s2.0-84967566823
5309,5309,2-s2.0-84938808494
5312,5312,2-s2.0-84938794879
5313,5313,2-s2.0-84938791137
5314,5314,2-s2.0-84938765307
5320,5320,2-s2.0-84924157202
5321,5321,2-s2.0-84923917668
5322,5322,2-s2.0-84916879745
5324,5324,2-s2.0-84904366668
5326,5326,2-s2.0-84904019208
5327,5327,2-s2.0-84903731600
5329,5329,2-s2.0-84898630768
5331,5331,2-s2.0-84898520555
5333,5333,2-s2.0-84897767889
5335,5335,2-s2.0-84896469876
5337,5337,2-s2.0-84896294298
5338,5338,2-s2.0-84896290754
5339,5339,2-s2.0-84896286903
5340,5340,2-s2.0-84896285809
5342,5342,2-s2.0-84896075985
5343,5343,2-s2.0-84892132696
5345,5345,2-s2.0-84890436030
5346,5346,2-s2.0-84876352633
5347,5347,2-s2.0-84876183127
5348,5348,2-s2.0-84867467502
5349,5349,2-s2.0-84867466116
5351,5351,2-s2.0-84867446377
5354,5354,2-s2.0-84865751650
5355,5355,2-s2.0-84864509297
5356,5356,2-s2.0-84862979084
5357,5357,2-s2.0-84862873046
5362,5362,2-s2.0-84555201558
5363,5363,2-s2.0-80052007294
5365,5365,2-s2.0-80051516679
5369,5369,2-s2.0-79959292001
5370,5370,2-s2.0-79958836201
5371,5371,2-s2.0-79954788767
5376,5376,2-s2.0-78449276352
5381,5381,2-s2.0-77958555151
5382,5382,2-s2.0-77952428629
5383,5383,2-s2.0-77952424990
5387,5387,2-s2.0-77950345859
5393,5393,2-s2.0-70349645361
5394,5394,2-s2.0-70349401963
5397,5397,2-s2.0-68949161997
5399,5399,2-s2.0-68949097685
5403,5403,2-s2.0-68049118355
5405,5405,2-s2.0-67349269388
5406,5406,2-s2.0-67049156211
5409,5409,2-s2.0-63849264255
5416,5416,2-s2.0-62549088650
5417,5417,2-s2.0-62149136625
5418,5418,2-s2.0-61149375556
5419,5419,2-s2.0-60950010887
5421,5421,2-s2.0-60449106442
5424,5424,2-s2.0-60249088395
5425,5425,2-s2.0-60249084840
5426,5426,2-s2.0-60249083166
5427,5427,2-s2.0-59049085551
5430,5430,2-s2.0-58049219977
5435,5435,2-s2.0-57249084597
5436,5436,2-s2.0-56849133612
5437,5437,2-s2.0-56849116566
5439,5439,2-s2.0-56449123114
5440,5440,2-s2.0-56249086455
5442,5442,2-s2.0-55549090027
5444,5444,2-s2.0-55349116082
5447,5447,2-s2.0-55149109485
5448,5448,2-s2.0-54349110334
5450,5450,2-s2.0-54149084559
5452,5452,2-s2.0-54049116714
5453,5453,2-s2.0-54049113813
5454,5454,2-s2.0-53649094596
5455,5455,2-s2.0-53649092942
5456,5456,2-s2.0-52249122172
5458,5458,2-s2.0-52249091545
5459,5459,2-s2.0-52249089131
5462,5462,2-s2.0-51149097200
5470,5470,2-s2.0-48249155826
5471,5471,2-s2.0-48249108366
5474,5474,2-s2.0-47949127315
5477,5477,2-s2.0-47849115586
5479,5479,2-s2.0-47649101367
5480,5480,2-s2.0-46949109343
5481,5481,2-s2.0-46749113840
5483,5483,2-s2.0-46449139230
5489,5489,2-s2.0-44449127530
5493,5493,2-s2.0-43849104311
5500,5500,2-s2.0-43049167179
5502,5502,2-s2.0-42449090341
5503,5503,2-s2.0-42149159504
5504,5504,2-s2.0-41849143346
5505,5505,2-s2.0-41849114549
5506,5506,2-s2.0-41749101532
5508,5508,2-s2.0-41149109009
5510,5510,2-s2.0-40349116226
5511,5511,2-s2.0-40249113181
5513,5513,2-s2.0-40249106179
5515,5515,2-s2.0-39749145052
5518,5518,2-s2.0-39149086661
5519,5519,2-s2.0-38849183442
5520,5520,2-s2.0-38849128752
5522,5522,2-s2.0-38549085146
5527,5527,2-s2.0-37449015804
5528,5528,2-s2.0-36949009666
5530,5530,2-s2.0-36749071587
5531,5531,2-s2.0-36749006238
5534,5534,2-s2.0-105012811738
5535,5535,2-s2.0-105012808139
5538,5538,2-s2.0-105011782385
5539,5539,2-s2.0-105011431097
5542,5542,2-s2.0-105003360876
5543,5543,2-s2.0-72449152307
5545,5545,2-s2.0-72149109059
5549,5549,2-s2.0-71749116446
5550,5550,2-s2.0-71749116224
5551,5551,2-s2.0-71749099359
5552,5552,2-s2.0-71749090191
5555,5555,2-s2.0-85013845356
5556,5556,2-s2.0-84917116008
5560,5560,2-s2.0-85164582406
5564,5564,2-s2.0-84900040813
5567,5567,2-s2.0-84895331482
5571,5571,2-s2.0-84892907939
5574,5574,2-s2.0-84892807699
5576,5576,2-s2.0-84892804989
5577,5577,2-s2.0-84892801624
5581,5581,2-s2.0-84892277000
5582,5582,2-s2.0-84892245096
5584,5584,2-s2.0-84891937894
5585,5585,2-s2.0-84891676604
5586,5586,2-s2.0-84891667257
5587,5587,2-s2.0-84891467641
5588,5588,2-s2.0-84891380804
5589,5589,2-s2.0-84890009487
5590,5590,2-s2.0-84889998703
5595,5595,2-s2.0-84889962413
5598,5598,2-s2.0-84885729612
5602,5602,2-s2.0-84879536576
5607,5607,2-s2.0-84870366869
5608,5608,2-s2.0-84870346733
5612,5612,2-s2.0-84867373224
5622,5622,2-s2.0-84867274426
5623,5623,2-s2.0-84866938824
5628,5628,2-s2.0-84857753983
5629,5629,2-s2.0-84857721356
5632,5632,2-s2.0-84855928296
5633,5633,2-s2.0-84855535551
5634,5634,2-s2.0-79960316583
5635,5635,2-s2.0-79955560487
5636,5636,2-s2.0-79954856286
5637,5637,2-s2.0-79952617629
5638,5638,2-s2.0-79951904095
5640,5640,2-s2.0-78651541781
5641,5641,2-s2.0-78650591333
5642,5642,2-s2.0-78650532176
5643,5643,2-s2.0-78649833461
5645,5645,2-s2.0-78649360275
5649,5649,2-s2.0-78149313516
5651,5651,2-s2.0-78049393236
5654,5654,2-s2.0-77956208019
5655,5655,2-s2.0-77956205908
5656,5656,2-s2.0-77956197054
5657,5657,2-s2.0-77955647931
5658,5658,2-s2.0-77955634478
5661,5661,2-s2.0-77955332121
5664,5664,2-s2.0-77955311210
5665,5665,2-s2.0-77955242841
5666,5666,2-s2.0-77955130808
5667,5667,2-s2.0-77954683271
5675,5675,2-s2.0-77953633364
5677,5677,2-s2.0-77953491557
5680,5680,2-s2.0-77952840049
5682,5682,2-s2.0-77952721149
5684,5684,2-s2.0-77952297852
5685,5685,2-s2.0-77952124526
5686,5686,2-s2.0-77952104723
5687,5687,2-s2.0-77952099274
5688,5688,2-s2.0-77951878701
5689,5689,2-s2.0-77951877573
5691,5691,2-s2.0-77951496886
5693,5693,2-s2.0-77951485764
5696,5696,2-s2.0-77951481908
5698,5698,2-s2.0-77951478886
5699,5699,2-s2.0-77951473120
5700,5700,2-s2.0-77951466991
5707,5707,2-s2.0-77951442979
5708,5708,2-s2.0-77951436960
5710,5710,2-s2.0-77951435057
5711,5711,2-s2.0-77951433200
5712,5712,2-s2.0-77951432417
5713,5713,2-s2.0-77951431703
5714,5714,2-s2.0-77951430220
5715,5715,2-s2.0-77951249853
5717,5717,2-s2.0-77950998764
5723,5723,2-s2.0-77950599416
5724,5724,2-s2.0-77950510554
5725,5725,2-s2.0-77950163615
5728,5728,2-s2.0-77949742711
5732,5732,2-s2.0-77749289652
5733,5733,2-s2.0-77749261741
5734,5734,2-s2.0-77649258682
5740,5740,2-s2.0-77049084304
5744,5744,2-s2.0-76249131097
5745,5745,2-s2.0-76249121507
5750,5750,2-s2.0-75149125177
5751,5751,2-s2.0-74549221419
5752,5752,2-s2.0-74549139041
5753,5753,2-s2.0-74549117183
5754,5754,2-s2.0-74349131172
5755,5755,2-s2.0-74349107272
5762,5762,2-s2.0-72249095015
5769,5769,2-s2.0-70749133155
5770,5770,2-s2.0-70749116931
5771,5771,2-s2.0-70749097472
5773,5773,2-s2.0-70450225418
5776,5776,2-s2.0-69949088306
5778,5778,2-s2.0-68349095260
5783,5783,2-s2.0-70450193097
5787,5787,2-s2.0-71049120630
5788,5788,2-s2.0-69949125999
5789,5789,2-s2.0-84992972025
5790,5790,2-s2.0-70449589655
5791,5791,2-s2.0-70449441809
5793,5793,2-s2.0-70449379697
5794,5794,2-s2.0-70449106386
5796,5796,2-s2.0-70350710192
5797,5797,2-s2.0-70350614673
5798,5798,2-s2.0-70350612922
5800,5800,2-s2.0-77954094927
5802,5802,2-s2.0-70350518106
5803,5803,2-s2.0-70350517077
5804,5804,2-s2.0-70350516205
5805,5805,2-s2.0-70350496554
5806,5806,2-s2.0-70350490060
5809,5809,2-s2.0-70350401146
5811,5811,2-s2.0-85068499308
5815,5815,2-s2.0-77749298761
5816,5816,2-s2.0-76149108827
5817,5817,2-s2.0-75349089082
5827,5827,2-s2.0-70449116021
5828,5828,2-s2.0-70350770890
5831,5831,2-s2.0-70349215522
5835,5835,2-s2.0-70350623207
5836,5836,2-s2.0-70350270038
5837,5837,2-s2.0-70350243036
5841,5841,2-s2.0-70349999446
5843,5843,2-s2.0-70350053006
5850,5850,2-s2.0-70349633177
5851,5851,2-s2.0-84988812597
5853,5853,2-s2.0-85136094416
5854,5854,2-s2.0-85010369198
5855,5855,2-s2.0-77953510212
5856,5856,2-s2.0-77951006727
5858,5858,2-s2.0-75149178582
5860,5860,2-s2.0-73849133976
5862,5862,2-s2.0-71149089606
5863,5863,2-s2.0-70449420095
5869,5869,2-s2.0-70349209380
5872,5872,2-s2.0-67449164344
5876,5876,2-s2.0-70349443353
5877,5877,2-s2.0-70349222754
5881,5881,2-s2.0-70349277200
5883,5883,2-s2.0-69949155174
5893,5893,2-s2.0-69649092328
5894,5894,2-s2.0-69949099025
5895,5895,2-s2.0-69949095771
5897,5897,2-s2.0-69349097601
5898,5898,2-s2.0-69349096698
5901,5901,2-s2.0-85023676263
5905,5905,2-s2.0-78650298412
5906,5906,2-s2.0-77957656813
5907,5907,2-s2.0-77950958052
5908,5908,2-s2.0-77950171870
5909,5909,2-s2.0-77649156291
5912,5912,2-s2.0-74349092039
5913,5913,2-s2.0-73249129594
5914,5914,2-s2.0-72449190633
5915,5915,2-s2.0-70450286176
5917,5917,2-s2.0-70449436149
5918,5918,2-s2.0-70449338419
5922,5922,2-s2.0-70350297689
5928,5928,2-s2.0-70349459672
5931,5931,2-s2.0-70249136193
5933,5933,2-s2.0-70249116417
5934,5934,2-s2.0-70149114978
5937,5937,2-s2.0-69449099786
5941,5941,2-s2.0-69249166997
5944,5944,2-s2.0-68949110336
5945,5945,2-s2.0-67349276077
5947,5947,2-s2.0-67349192580
5949,5949,2-s2.0-70350552027
5950,5950,2-s2.0-69149099008
5951,5951,2-s2.0-69149087448
5952,5952,2-s2.0-70350547764
5953,5953,2-s2.0-69049108996
5954,5954,2-s2.0-68949094513
5955,5955,2-s2.0-84993035249
5956,5956,2-s2.0-69149086362
5957,5957,2-s2.0-68649111457
5961,5961,2-s2.0-84909219836
5967,5967,2-s2.0-67749124079
5968,5968,2-s2.0-67749095848
5969,5969,2-s2.0-84867320774
5970,5970,2-s2.0-78651544938
5974,5974,2-s2.0-71449098205
5979,5979,2-s2.0-67949124849
5981,5981,2-s2.0-67349168107
5986,5986,2-s2.0-68149175042
5987,5987,2-s2.0-68149152274
5989,5989,2-s2.0-67651071285
5992,5992,2-s2.0-67650694966
5995,5995,2-s2.0-67650556630
5996,5996,2-s2.0-67650538632
5997,5997,2-s2.0-67650536158
6003,6003,2-s2.0-67649989930
6005,6005,2-s2.0-67649407710
6006,6006,2-s2.0-67649403554
6008,6008,2-s2.0-84880613455
6012,6012,2-s2.0-71549141265
6013,6013,2-s2.0-70449382689
6014,6014,2-s2.0-70449372928
6016,6016,2-s2.0-69549120693
6017,6017,2-s2.0-69249202581
6018,6018,2-s2.0-69249162256
6023,6023,2-s2.0-67649641406
6025,6025,2-s2.0-67649230931
6026,6026,2-s2.0-67349224419
6027,6027,2-s2.0-67349207132
6028,6028,2-s2.0-67349189874
6032,6032,2-s2.0-67649295041
6033,6033,2-s2.0-67649294886
6035,6035,2-s2.0-67649292317
6036,6036,2-s2.0-67649292273
6037,6037,2-s2.0-67649292149
6038,6038,2-s2.0-67649289476
6039,6039,2-s2.0-67649286055
6041,6041,2-s2.0-67649279936
6047,6047,2-s2.0-67649273838
6049,6049,2-s2.0-67649271040
6051,6051,2-s2.0-67649270911
6053,6053,2-s2.0-67649261606
6057,6057,2-s2.0-67649252639
6058,6058,2-s2.0-77953794973
6059,6059,2-s2.0-67449092769
6060,6060,2-s2.0-84893660230
6061,6061,2-s2.0-77950772631
6062,6062,2-s2.0-67649171895
6063,6063,2-s2.0-67149088591
6067,6067,2-s2.0-84893695986
6068,6068,2-s2.0-65549105470
6069,6069,2-s2.0-84917305048
6072,6072,2-s2.0-77955159134
6075,6075,2-s2.0-75549091365
6077,6077,2-s2.0-75149135590
6081,6081,2-s2.0-70449367081
6084,6084,2-s2.0-70349316883
6087,6087,2-s2.0-67749088138
6088,6088,2-s2.0-67650647929
6091,6091,2-s2.0-67649687876
6095,6095,2-s2.0-67349287506
6096,6096,2-s2.0-67349283364
6097,6097,2-s2.0-67349275600
6099,6099,2-s2.0-67349224118
6101,6101,2-s2.0-67349138560
6103,6103,2-s2.0-67349118418
6104,6104,2-s2.0-67349110216
6105,6105,2-s2.0-67349096664
6107,6107,2-s2.0-66749185844
6111,6111,2-s2.0-65949101464
6116,6116,2-s2.0-65649093338
6117,6117,2-s2.0-67749104827
6119,6119,2-s2.0-67349267366
6120,6120,2-s2.0-65549110342
6121,6121,2-s2.0-67349126603
6125,6125,2-s2.0-67650594940
6127,6127,2-s2.0-65149100543
6128,6128,2-s2.0-69649095818
6129,6129,2-s2.0-78549277700
6133,6133,2-s2.0-77949824876
6134,6134,2-s2.0-70449578750
6136,6136,2-s2.0-70350712220
6137,6137,2-s2.0-70350376639
6138,6138,2-s2.0-70349515138
6141,6141,2-s2.0-70349501723
6149,6149,2-s2.0-67649655805
6151,6151,2-s2.0-66749143686
6153,6153,2-s2.0-65349151543
6155,6155,2-s2.0-64949146130
6156,6156,2-s2.0-63949086433
6157,6157,2-s2.0-61849093190
6159,6159,2-s2.0-60249100506
6162,6162,2-s2.0-65249180762
6165,6165,2-s2.0-84909300705
6166,6166,2-s2.0-64149113743
6167,6167,2-s2.0-67349134560
6169,6169,2-s2.0-67349239341
6171,6171,2-s2.0-65549165546
6172,6172,2-s2.0-63649145930
6173,6173,2-s2.0-64549086259
6174,6174,2-s2.0-78651578008
6177,6177,2-s2.0-84897613588
6179,6179,2-s2.0-84864977406
6180,6180,2-s2.0-77749330803
6181,6181,2-s2.0-70449670968
6182,6182,2-s2.0-70449578749
6185,6185,2-s2.0-69349100842
6186,6186,2-s2.0-69349095403
6188,6188,2-s2.0-69349089962
6191,6191,2-s2.0-68549101553
6192,6192,2-s2.0-68349125899
6193,6193,2-s2.0-68149179613
6198,6198,2-s2.0-64249098710
6199,6199,2-s2.0-61749093784
6200,6200,2-s2.0-61449094658
6205,6205,2-s2.0-60249091010
6208,6208,2-s2.0-67349125176
6209,6209,2-s2.0-84916985853
6215,6215,2-s2.0-70449595202
6217,6217,2-s2.0-62149140502
6221,6221,2-s2.0-84909430379
6222,6222,2-s2.0-61649084723
6223,6223,2-s2.0-61549118212
6225,6225,2-s2.0-84917089561
6226,6226,2-s2.0-65349137081
6227,6227,2-s2.0-85129419048
6229,6229,2-s2.0-84871675450
6230,6230,2-s2.0-84861848437
6231,6231,2-s2.0-79956074243
6232,6232,2-s2.0-78149379092
6233,6233,2-s2.0-77955550747
6234,6234,2-s2.0-77952098222
6235,6235,2-s2.0-68149183279
6236,6236,2-s2.0-67651238339
6239,6239,2-s2.0-67349283553
6241,6241,2-s2.0-66849143691
6244,6244,2-s2.0-66849128254
6245,6245,2-s2.0-66849119059
6249,6249,2-s2.0-64949173422
6254,6254,2-s2.0-62949102823
6256,6256,2-s2.0-62649113987
6257,6257,2-s2.0-62449326933
6258,6258,2-s2.0-62149097987
6259,6259,2-s2.0-60449111950
6262,6262,2-s2.0-60249099773
6263,6263,2-s2.0-60149107860
6264,6264,2-s2.0-59249086047
6265,6265,2-s2.0-59149098947
6267,6267,2-s2.0-70349823433
6268,6268,2-s2.0-70349932814
6269,6269,2-s2.0-67349084638
6270,6270,2-s2.0-59649084386
6274,6274,2-s2.0-84924053573
6279,6279,2-s2.0-77950361742
6281,6281,2-s2.0-77349125611
6283,6283,2-s2.0-63149146163
6284,6284,2-s2.0-62749177279
6292,6292,2-s2.0-60649109008
6293,6293,2-s2.0-59949089538
6294,6294,2-s2.0-59749099349
6296,6296,2-s2.0-59149100929
6300,6300,2-s2.0-58249104214
6301,6301,2-s2.0-60249099749
6302,6302,2-s2.0-58149270957
6304,6304,2-s2.0-58149263000
6306,6306,2-s2.0-85200875802
6309,6309,2-s2.0-85179390706
6311,6311,2-s2.0-85147072490
6312,6312,2-s2.0-85147071618
6314,6314,2-s2.0-85147068609
6316,6316,2-s2.0-85147065948
6317,6317,2-s2.0-85147063177
6320,6320,2-s2.0-85147054493
6323,6323,2-s2.0-85142829888
6325,6325,2-s2.0-85142818722
6327,6327,2-s2.0-85142811772
6328,6328,2-s2.0-85142790674
6329,6329,2-s2.0-85141614759
6331,6331,2-s2.0-85122400610
6332,6332,2-s2.0-85122339652
6334,6334,2-s2.0-85088181194
6335,6335,2-s2.0-85083430078
6337,6337,2-s2.0-85078845814
6340,6340,2-s2.0-85068227484
6342,6342,2-s2.0-85067981221
6343,6343,2-s2.0-85067973708
6345,6345,2-s2.0-85067955578
6346,6346,2-s2.0-85067929629
6347,6347,2-s2.0-85066284489
6350,6350,2-s2.0-85056733325
6353,6353,2-s2.0-85048074540
6354,6354,2-s2.0-85040469498
6356,6356,2-s2.0-85029126500
6358,6358,2-s2.0-85029121608
6359,6359,2-s2.0-85029120132
6361,6361,2-s2.0-85029118002
6362,6362,2-s2.0-85029117162
6363,6363,2-s2.0-85029116680
6364,6364,2-s2.0-85029116260
6367,6367,2-s2.0-85029111859
6368,6368,2-s2.0-85029111612
6369,6369,2-s2.0-85029111159
6373,6373,2-s2.0-85029106100
6375,6375,2-s2.0-85029103970
6381,6381,2-s2.0-85029092731
6382,6382,2-s2.0-85029090087
6385,6385,2-s2.0-85029087151
6387,6387,2-s2.0-85029085159
6393,6393,2-s2.0-85029080223
6394,6394,2-s2.0-85029078764
6395,6395,2-s2.0-85029077645
6396,6396,2-s2.0-85029077249
6398,6398,2-s2.0-85029075411
6402,6402,2-s2.0-85029070824
6403,6403,2-s2.0-85029069873
6408,6408,2-s2.0-85029065278
6411,6411,2-s2.0-85029057420
6412,6412,2-s2.0-85029056911
6413,6413,2-s2.0-85029053605
6417,6417,2-s2.0-85029048031
6419,6419,2-s2.0-85029045232
6420,6420,2-s2.0-85029042095
6424,6424,2-s2.0-85029040175
6425,6425,2-s2.0-85029039774
6426,6426,2-s2.0-85029038730
6427,6427,2-s2.0-85029037414
6430,6430,2-s2.0-85029033222
6433,6433,2-s2.0-85029022291
6436,6436,2-s2.0-85024797333
6437,6437,2-s2.0-85024559182
6438,6438,2-s2.0-85024547142
6442,6442,2-s2.0-85023807986
6443,6443,2-s2.0-85020003746
6444,6444,2-s2.0-85016660346
6446,6446,2-s2.0-85006461766
6448,6448,2-s2.0-84986315211
6449,6449,2-s2.0-84969863248
6451,6451,2-s2.0-84969804049
6452,6452,2-s2.0-84951172040
6454,6454,2-s2.0-84951027616
6456,6456,2-s2.0-84938815868
6457,6457,2-s2.0-84938815327
6459,6459,2-s2.0-84938779420
6462,6462,2-s2.0-84938777319
6463,6463,2-s2.0-84938775537
6465,6465,2-s2.0-84938764793
6466,6466,2-s2.0-84938681530
6467,6467,2-s2.0-84938679081
6468,6468,2-s2.0-84931457664
6470,6470,2-s2.0-84930858482
6474,6474,2-s2.0-84926110478
6478,6478,2-s2.0-84923804884
6479,6479,2-s2.0-84923592061
6480,6480,2-s2.0-84923441945
6482,6482,2-s2.0-84905097180
6485,6485,2-s2.0-84904315440
6486,6486,2-s2.0-84904299499
6488,6488,2-s2.0-84903610379
6489,6489,2-s2.0-84903589670
6490,6490,2-s2.0-84901814282
6492,6492,2-s2.0-84901791078
6493,6493,2-s2.0-84898753233
6494,6494,2-s2.0-84897992247
6496,6496,2-s2.0-84896661697
6497,6497,2-s2.0-84896623118
6498,6498,2-s2.0-84895901344
6499,6499,2-s2.0-84892345748
6500,6500,2-s2.0-84891431940
6501,6501,2-s2.0-84889974843
6502,6502,2-s2.0-84888589620
6503,6503,2-s2.0-84888128399
6505,6505,2-s2.0-84887398805
6507,6507,2-s2.0-84880623383
6509,6509,2-s2.0-84876168119
6512,6512,2-s2.0-84868361927
6513,6513,2-s2.0-84867450542
6514,6514,2-s2.0-84866388206
6515,6515,2-s2.0-84866369923
6517,6517,2-s2.0-84862981051
6518,6518,2-s2.0-84859990128
6519,6519,2-s2.0-84859968796
6520,6520,2-s2.0-84859950151
6523,6523,2-s2.0-84856988496
6526,6526,2-s2.0-84855966085
6528,6528,2-s2.0-80053338333
6531,6531,2-s2.0-80051960722
6533,6533,2-s2.0-79960338617
6534,6534,2-s2.0-79960272408
6538,6538,2-s2.0-79956126926
6539,6539,2-s2.0-79955659530
6541,6541,2-s2.0-79952890445
6544,6544,2-s2.0-79951844277
6548,6548,2-s2.0-78650686126
6549,6549,2-s2.0-78049508669
6552,6552,2-s2.0-77957652683
6555,6555,2-s2.0-77955933041
6557,6557,2-s2.0-77955190300
6558,6558,2-s2.0-77954541004
6559,6559,2-s2.0-77954429271
6560,6560,2-s2.0-77953717774
6561,6561,2-s2.0-77953680095
6562,6562,2-s2.0-77952686656
6563,6563,2-s2.0-77952667362
6565,6565,2-s2.0-77952648226
6566,6566,2-s2.0-77952614816
6571,6571,2-s2.0-77950797018
6572,6572,2-s2.0-77950766674
6573,6573,2-s2.0-77950719114
6576,6576,2-s2.0-77950280726
6577,6577,2-s2.0-77950272909
6579,6579,2-s2.0-77950225995
6580,6580,2-s2.0-77950199683
6585,6585,2-s2.0-77949513749
6589,6589,2-s2.0-75749155008
6590,6590,2-s2.0-74249113261
6592,6592,2-s2.0-73349083100
6594,6594,2-s2.0-73149108869
6597,6597,2-s2.0-72849129480
6598,6598,2-s2.0-71749117085
6601,6601,2-s2.0-71449122027
6602,6602,2-s2.0-70450214960
6603,6603,2-s2.0-70449641273
6605,6605,2-s2.0-70449375328
6606,6606,2-s2.0-70449336790
6607,6607,2-s2.0-70350635665
6609,6609,2-s2.0-70350534254
6612,6612,2-s2.0-70350225822
6613,6613,2-s2.0-70350174435
6617,6617,2-s2.0-70349504678
6618,6618,2-s2.0-70349494203
6624,6624,2-s2.0-70149106586
6626,6626,2-s2.0-69949083537
6628,6628,2-s2.0-69549110586
6630,6630,2-s2.0-69349103030
6634,6634,2-s2.0-69349088416
6636,6636,2-s2.0-69349084593
6639,6639,2-s2.0-68949213738
6641,6641,2-s2.0-68849093301
6642,6642,2-s2.0-68349145997
6644,6644,2-s2.0-68349133202
6648,6648,2-s2.0-68149121980
6649,6649,2-s2.0-67949102052
6653,6653,2-s2.0-67651161964
6656,6656,2-s2.0-67649729258
6657,6657,2-s2.0-67649668664
6658,6658,2-s2.0-67649659905
6659,6659,2-s2.0-67649608005
6660,6660,2-s2.0-67649336986
6661,6661,2-s2.0-67649261622
6664,6664,2-s2.0-67149119269
6667,6667,2-s2.0-66849093648
6669,6669,2-s2.0-65749091840
6671,6671,2-s2.0-65249153045
6674,6674,2-s2.0-63449114792
6676,6676,2-s2.0-62449329314
6678,6678,2-s2.0-61849126931
6680,6680,2-s2.0-61849089480
6681,6681,2-s2.0-61449242933
6682,6682,2-s2.0-61449236266
6685,6685,2-s2.0-61449195844
6687,6687,2-s2.0-61349135667
6693,6693,2-s2.0-60849091955
6694,6694,2-s2.0-60649104372
6697,6697,2-s2.0-60449104780
6698,6698,2-s2.0-60249091711
6699,6699,2-s2.0-59749100274
6701,6701,2-s2.0-59749094506
6702,6702,2-s2.0-59749092730
6704,6704,2-s2.0-59349088681
6707,6707,2-s2.0-58649109367
6708,6708,2-s2.0-58649091310
6710,6710,2-s2.0-58249083312
6711,6711,2-s2.0-58149520142
6715,6715,2-s2.0-58149163099
6720,6720,2-s2.0-57849112702
6721,6721,2-s2.0-57849087241
6722,6722,2-s2.0-57649138025
6724,6724,2-s2.0-57249106566
6727,6727,2-s2.0-105012805146
6728,6728,2-s2.0-105012791094
6729,6729,2-s2.0-105003842466
6730,6730,2-s2.0-105003784913
6734,6734,2-s2.0-78650483559
6736,6736,2-s2.0-78650105058
6737,6737,2-s2.0-78650077104
6738,6738,2-s2.0-78650016129
6741,6741,2-s2.0-78649861670
6742,6742,2-s2.0-78649861197
6743,6743,2-s2.0-78649855325
6745,6745,2-s2.0-78649846993
6748,6748,2-s2.0-78649829365
6752,6752,2-s2.0-78649802787
6754,6754,2-s2.0-78649652853
6758,6758,2-s2.0-84901533041
6761,6761,2-s2.0-84899379369
6762,6762,2-s2.0-84898672241
6763,6763,2-s2.0-84898566175
6766,6766,2-s2.0-84898228866
6768,6768,2-s2.0-84896408766
6769,6769,2-s2.0-84895153738
6770,6770,2-s2.0-84894841441
6774,6774,2-s2.0-84892361017
6775,6775,2-s2.0-84892352753
6777,6777,2-s2.0-84892316155
6778,6778,2-s2.0-84892298416
6781,6781,2-s2.0-84892267461
6786,6786,2-s2.0-84892224927
6788,6788,2-s2.0-84892102494
6793,6793,2-s2.0-84890227858
6795,6795,2-s2.0-84889967584
6798,6798,2-s2.0-84886396076
6799,6799,2-s2.0-84886392194
6803,6803,2-s2.0-84884425859
6807,6807,2-s2.0-84881345814
6817,6817,2-s2.0-84877912325
6819,6819,2-s2.0-84877909002
6821,6821,2-s2.0-84877838182
6823,6823,2-s2.0-84874005043
6825,6825,2-s2.0-84873571359
6826,6826,2-s2.0-84871567847
6833,6833,2-s2.0-84867474730
6835,6835,2-s2.0-84867448574
6837,6837,2-s2.0-84866710648
6839,6839,2-s2.0-84864988098
6842,6842,2-s2.0-84863406966
6844,6844,2-s2.0-84863175282
6845,6845,2-s2.0-84863170240
6846,6846,2-s2.0-84863141887
6849,6849,2-s2.0-84862086947
6852,6852,2-s2.0-84859404416
6854,6854,2-s2.0-84859241921
6856,6856,2-s2.0-84857682170
6858,6858,2-s2.0-84857677449
6861,6861,2-s2.0-84857663978
6862,6862,2-s2.0-84857659959
6864,6864,2-s2.0-84857473363
6865,6865,2-s2.0-84857012072
6870,6870,2-s2.0-84856854351
6871,6871,2-s2.0-84856849334
6873,6873,2-s2.0-84856622776
6877,6877,2-s2.0-82455224204
6878,6878,2-s2.0-82355173438
6882,6882,2-s2.0-80053905846
6886,6886,2-s2.0-80051806867
6887,6887,2-s2.0-79961198425
6888,6888,2-s2.0-79961175492
6892,6892,2-s2.0-79960271821
6893,6893,2-s2.0-79960269087
6896,6896,2-s2.0-79959908314
6899,6899,2-s2.0-79959685250
6900,6900,2-s2.0-79959636090
6904,6904,2-s2.0-79959432857
6905,6905,2-s2.0-79959427429
6907,6907,2-s2.0-79959425255
6908,6908,2-s2.0-79959407882
6909,6909,2-s2.0-79959396849
6913,6913,2-s2.0-79958715353
6914,6914,2-s2.0-79958714412
6915,6915,2-s2.0-79958712257
6917,6917,2-s2.0-79958698406
6920,6920,2-s2.0-79958107530
6921,6921,2-s2.0-79958091460
6922,6922,2-s2.0-79958080275
6930,6930,2-s2.0-79955153472
6934,6934,2-s2.0-79952952823
6935,6935,2-s2.0-79952860162
6936,6936,2-s2.0-79952817699
6937,6937,2-s2.0-79952709143
6940,6940,2-s2.0-79952434740
6941,6941,2-s2.0-79952403948
6943,6943,2-s2.0-79952365941
6944,6944,2-s2.0-79952278130
6945,6945,2-s2.0-79952162822
6950,6950,2-s2.0-79951968953
6955,6955,2-s2.0-79951933526
6957,6957,2-s2.0-79951923824
6958,6958,2-s2.0-79951921687
6960,6960,2-s2.0-79951914202
6961,6961,2-s2.0-79951914103
6964,6964,2-s2.0-79951895580
6967,6967,2-s2.0-79951869318
6969,6969,2-s2.0-79951860084
6971,6971,2-s2.0-79951841265
6973,6973,2-s2.0-79951815124
6977,6977,2-s2.0-78951479307
6978,6978,2-s2.0-78951469893
6980,6980,2-s2.0-78751564944
6981,6981,2-s2.0-78751558375
6988,6988,2-s2.0-78751518359
6990,6990,2-s2.0-78751503928
6994,6994,2-s2.0-78651334398
6998,6998,2-s2.0-78650805505
6999,6999,2-s2.0-78650758808
7000,7000,2-s2.0-78650705236
7005,7005,2-s2.0-78650554199
7011,7011,2-s2.0-78649953666
7013,7013,2-s2.0-78649655481
7014,7014,2-s2.0-78649585108
7015,7015,2-s2.0-78649566460
7016,7016,2-s2.0-78649489744
7017,7017,2-s2.0-78649444571
7018,7018,2-s2.0-78649438706
7024,7024,2-s2.0-78649396282
7027,7027,2-s2.0-78449244206
7028,7028,2-s2.0-78149500568
7029,7029,2-s2.0-78149499749
7034,7034,2-s2.0-78049436556
7036,7036,2-s2.0-77958562216
7042,7042,2-s2.0-77956264340
7045,7045,2-s2.0-78649391193
7049,7049,2-s2.0-78649243641
7051,7051,2-s2.0-84911084421
7054,7054,2-s2.0-78651554710
7055,7055,2-s2.0-78349254669
7056,7056,2-s2.0-78149423661
7058,7058,2-s2.0-78149369495
7060,7060,2-s2.0-78650615124
7062,7062,2-s2.0-78149250444
7063,7063,2-s2.0-78049531152
7064,7064,2-s2.0-78049439286
7065,7065,2-s2.0-78049414485
7067,7067,2-s2.0-78049356814
7070,7070,2-s2.0-77958617156
7071,7071,2-s2.0-77958612284
7076,7076,2-s2.0-77958595057
7077,7077,2-s2.0-77958591081
7080,7080,2-s2.0-77958580260
7081,7081,2-s2.0-77958571977
7084,7084,2-s2.0-77958569292
7088,7088,2-s2.0-77958555012
7092,7092,2-s2.0-77958533700
7093,7093,2-s2.0-77958526526
7094,7094,2-s2.0-77958526006
7098,7098,2-s2.0-80053326642
7100,7100,2-s2.0-80053092284
7101,7101,2-s2.0-79960645301
7102,7102,2-s2.0-79952866008
7103,7103,2-s2.0-78650401966
7106,7106,2-s2.0-78649708880
7108,7108,2-s2.0-78649361967
7109,7109,2-s2.0-78649234315
7110,7110,2-s2.0-78349294501
7112,7112,2-s2.0-78149250513
7114,7114,2-s2.0-78149244782
7116,7116,2-s2.0-78049528157
7121,7121,2-s2.0-77957843091
7126,7126,2-s2.0-77958470993
7127,7127,2-s2.0-85024130470
7129,7129,2-s2.0-77958101199
7132,7132,2-s2.0-77957961922
7136,7136,2-s2.0-77957720129
7137,7137,2-s2.0-77957719804
7140,7140,2-s2.0-77957718892
7143,7143,2-s2.0-77957717706
7145,7145,2-s2.0-77957717113
7146,7146,2-s2.0-77957717101
7148,7148,2-s2.0-77957716391
7149,7149,2-s2.0-77957716048
7150,7150,2-s2.0-77957714088
7151,7151,2-s2.0-77957713246
7153,7153,2-s2.0-77957710786
7155,7155,2-s2.0-77957710391
7157,7157,2-s2.0-77957707353
7158,7158,2-s2.0-77957707338
7159,7159,2-s2.0-77957706654
7160,7160,2-s2.0-77957706041
7161,7161,2-s2.0-77957705676
7163,7163,2-s2.0-77957701062
7164,7164,2-s2.0-77957700862
7167,7167,2-s2.0-77957698367
7168,7168,2-s2.0-77957697184
7174,7174,2-s2.0-77957692644
7175,7175,2-s2.0-77957690713
7177,7177,2-s2.0-77957747287
7178,7178,2-s2.0-77957371049
7180,7180,2-s2.0-77957330258
7181,7181,2-s2.0-77957316962
7182,7182,2-s2.0-77957279127
7183,7183,2-s2.0-77957272661
7184,7184,2-s2.0-77957141621
7189,7189,2-s2.0-79957886668
7192,7192,2-s2.0-78651393758
7193,7193,2-s2.0-78650338214
7196,7196,2-s2.0-78649490419
7201,7201,2-s2.0-77958167529
7205,7205,2-s2.0-77957131529
7207,7207,2-s2.0-77956815411
7209,7209,2-s2.0-77956799917
7216,7216,2-s2.0-77956963001
7219,7219,2-s2.0-84867513420
7225,7225,2-s2.0-77956521273
7228,7228,2-s2.0-77956472790
7229,7229,2-s2.0-77956434652
7230,7230,2-s2.0-77955959206
7234,7234,2-s2.0-77956360688
7235,7235,2-s2.0-77956328468
7236,7236,2-s2.0-77956280342
7237,7237,2-s2.0-77956278923
7241,7241,2-s2.0-77956241359
7244,7244,2-s2.0-77956236305
7255,7255,2-s2.0-79959668374
7256,7256,2-s2.0-78651554769
7260,7260,2-s2.0-78249262970
7266,7266,2-s2.0-77957343459
7272,7272,2-s2.0-77956050228
7273,7273,2-s2.0-77956048931
7275,7275,2-s2.0-77956030131
7276,7276,2-s2.0-77956027848
7277,7277,2-s2.0-77955235060
7281,7281,2-s2.0-77956006752
7282,7282,2-s2.0-77956003356
7285,7285,2-s2.0-77955908911
7291,7291,2-s2.0-77955811874
7292,7292,2-s2.0-77955808136
7293,7293,2-s2.0-84886968058
7294,7294,2-s2.0-84886955320
7298,7298,2-s2.0-77955603921
7301,7301,2-s2.0-77957226294
7302,7302,2-s2.0-77955453910
7309,7309,2-s2.0-77955064248
7311,7311,2-s2.0-79960276252
7316,7316,2-s2.0-79960207633
7320,7320,2-s2.0-78149436826
7323,7323,2-s2.0-77956999505
7325,7325,2-s2.0-77956317824
7326,7326,2-s2.0-77955469776
7327,7327,2-s2.0-77955135462
7328,7328,2-s2.0-77954738611
7331,7331,2-s2.0-77954312767
7335,7335,2-s2.0-77949654444
7337,7337,2-s2.0-77954950126
7338,7338,2-s2.0-77954948111
7339,7339,2-s2.0-77954946986
7340,7340,2-s2.0-77954945665
7341,7341,2-s2.0-77954944226
7343,7343,2-s2.0-77954935931
7344,7344,2-s2.0-77954933977
7345,7345,2-s2.0-77954926296
7347,7347,2-s2.0-77954909032
7351,7351,2-s2.0-84945657933
7354,7354,2-s2.0-85014198710
7357,7357,2-s2.0-77954562431
7359,7359,2-s2.0-77954782859
7360,7360,2-s2.0-77954779150
7362,7362,2-s2.0-77954773320
7366,7366,2-s2.0-77954445139
7368,7368,2-s2.0-77954436559
7370,7370,2-s2.0-77954432919
7371,7371,2-s2.0-77957906116
7373,7373,2-s2.0-77954231024
7374,7374,2-s2.0-77954207884
7377,7377,2-s2.0-85048933578
7379,7379,2-s2.0-84873524743
7381,7381,2-s2.0-79960206841
7383,7383,2-s2.0-79957905945
7386,7386,2-s2.0-78751629470
7387,7387,2-s2.0-78751623990
7390,7390,2-s2.0-77957036900
7391,7391,2-s2.0-77955595641
7392,7392,2-s2.0-77955587909
7395,7395,2-s2.0-77954841001
7397,7397,2-s2.0-77954713337
7398,7398,2-s2.0-77954350630
7399,7399,2-s2.0-77954094340
7400,7400,2-s2.0-77954031173
7403,7403,2-s2.0-77953567902
7405,7405,2-s2.0-77953533202
7406,7406,2-s2.0-77953314818
7408,7408,2-s2.0-77952930299
7410,7410,2-s2.0-77952542368
7412,7412,2-s2.0-77951621361
7420,7420,2-s2.0-77955877755
7425,7425,2-s2.0-77953212926
7427,7427,2-s2.0-77953184906
7429,7429,2-s2.0-80054029571
7435,7435,2-s2.0-79959871472
7437,7437,2-s2.0-79952063237
7438,7438,2-s2.0-77957570144
7439,7439,2-s2.0-77956045053
7440,7440,2-s2.0-77954918988
7442,7442,2-s2.0-77954021249
7443,7443,2-s2.0-77953914099
7444,7444,2-s2.0-77953623094
7445,7445,2-s2.0-77953561711
7447,7447,2-s2.0-77953041497
7450,7450,2-s2.0-77952882765
7455,7455,2-s2.0-77952424925
7460,7460,2-s2.0-77952972343
7461,7461,2-s2.0-84867566759
7462,7462,2-s2.0-77957888863
7465,7465,2-s2.0-77952194703
7467,7467,2-s2.0-77952175210
7469,7469,2-s2.0-77952152383
7470,7470,2-s2.0-77952138617
7473,7473,2-s2.0-77953422182
7475,7475,2-s2.0-84886473302
7476,7476,2-s2.0-84867559928
7477,7477,2-s2.0-84917182852
7479,7479,2-s2.0-77951630139
7486,7486,2-s2.0-77953985052
7487,7487,2-s2.0-77953932803
7488,7488,2-s2.0-77953912159
7495,7495,2-s2.0-77952089588
7496,7496,2-s2.0-77951923734
7500,7500,2-s2.0-77951657635
7501,7501,2-s2.0-77951536714
7503,7503,2-s2.0-77949568005
7505,7505,2-s2.0-77949295477
7509,7509,2-s2.0-81255154931
7510,7510,2-s2.0-77951783990
7511,7511,2-s2.0-77956421691
7512,7512,2-s2.0-84867556812
7513,7513,2-s2.0-84864292273
7514,7514,2-s2.0-77954031771
7516,7516,2-s2.0-77953920809
7518,7518,2-s2.0-79960254537
7519,7519,2-s2.0-84919565566
7524,7524,2-s2.0-84921630625
7525,7525,2-s2.0-79960297235
7528,7528,2-s2.0-79960258114
7529,7529,2-s2.0-79960252300
7530,7530,2-s2.0-79960247480
7532,7532,2-s2.0-79960244372
7533,7533,2-s2.0-79960241200
7534,7534,2-s2.0-79960236601
7536,7536,2-s2.0-79960220074
7537,7537,2-s2.0-79960215151
7538,7538,2-s2.0-79960214727
7539,7539,2-s2.0-79960214270
7540,7540,2-s2.0-79960206362
7542,7542,2-s2.0-79957646585
7543,7543,2-s2.0-77957724045
7544,7544,2-s2.0-77956001556
7547,7547,2-s2.0-77952423946
7549,7549,2-s2.0-77952021272
7550,7550,2-s2.0-77951297093
7552,7552,2-s2.0-77950933435
7553,7553,2-s2.0-77950639703
7554,7554,2-s2.0-77949531997
7555,7555,2-s2.0-77649341409
7556,7556,2-s2.0-76349115128
7557,7557,2-s2.0-75949092756
7559,7559,2-s2.0-75749141243
7560,7560,2-s2.0-77949666659
7564,7564,2-s2.0-77749280602
7565,7565,2-s2.0-77953929322
7566,7566,2-s2.0-84867529564
7567,7567,2-s2.0-84867497131
7569,7569,2-s2.0-84867526965
7570,7570,2-s2.0-77956287744
7572,7572,2-s2.0-77649092989
7575,7575,2-s2.0-79960296456
7576,7576,2-s2.0-79960289783
7578,7578,2-s2.0-79952876001
7579,7579,2-s2.0-79952872338
7583,7583,2-s2.0-77955016159
7585,7585,2-s2.0-77952556130
7586,7586,2-s2.0-77952286940
7587,7587,2-s2.0-77952250674
7588,7588,2-s2.0-77951811837
7589,7589,2-s2.0-77951664786
7607,7607,2-s2.0-77749324092
7610,7610,2-s2.0-77649199810
7611,7611,2-s2.0-76749128935
7615,7615,2-s2.0-76749170340
7619,7619,2-s2.0-76449110647
7620,7620,2-s2.0-76449103980
7621,7621,2-s2.0-84873277039
7622,7622,2-s2.0-77953934652
7623,7623,2-s2.0-84873249974
7625,7625,2-s2.0-77950954661
7626,7626,2-s2.0-76649088364
7627,7627,2-s2.0-85056729746
7629,7629,2-s2.0-84897599604
7631,7631,2-s2.0-77957815298
7635,7635,2-s2.0-77951452729
7638,7638,2-s2.0-77950223170
7639,7639,2-s2.0-77949500846
7640,7640,2-s2.0-77949415674
7641,7641,2-s2.0-77649176620
7642,7642,2-s2.0-77449150548
7648,7648,2-s2.0-76449109572
7649,7649,2-s2.0-76449093555
7650,7650,2-s2.0-76449090172
7652,7652,2-s2.0-75949088787
7653,7653,2-s2.0-74249086551
7656,7656,2-s2.0-72149113049
7658,7658,2-s2.0-71549151596
7659,7659,2-s2.0-71249102921
7660,7660,2-s2.0-84905768667
7662,7662,2-s2.0-84900988675
7663,7663,2-s2.0-84867493149
7664,7664,2-s2.0-84867525574
7665,7665,2-s2.0-84867496956
7667,7667,2-s2.0-77958491622
7669,7669,2-s2.0-84867522258
7671,7671,2-s2.0-85198351533
7672,7672,2-s2.0-85192953679
7675,7675,2-s2.0-85145118489
7677,7677,2-s2.0-85143090445
7679,7679,2-s2.0-85127631690
7680,7680,2-s2.0-85123157868
7686,7686,2-s2.0-85121486206
7688,7688,2-s2.0-85114931131
7693,7693,2-s2.0-85102002363
7697,7697,2-s2.0-85081511647
7700,7700,2-s2.0-85068156262
7702,7702,2-s2.0-85067879405
7705,7705,2-s2.0-85059889810
7706,7706,2-s2.0-85055388355
7709,7709,2-s2.0-85049114699
7712,7712,2-s2.0-85032968916
7714,7714,2-s2.0-85032887301
7715,7715,2-s2.0-85029952055
7716,7716,2-s2.0-85029942237
7718,7718,2-s2.0-85029131805
7722,7722,2-s2.0-85029125940
7724,7724,2-s2.0-85029123856
7725,7725,2-s2.0-85029122866
7726,7726,2-s2.0-85029122367
7730,7730,2-s2.0-85029120259
7731,7731,2-s2.0-85029119967
7732,7732,2-s2.0-85029119681
7733,7733,2-s2.0-85029119293
7734,7734,2-s2.0-85029118068
7736,7736,2-s2.0-85029117344
7738,7738,2-s2.0-85029115528
7741,7741,2-s2.0-85029113432
7742,7742,2-s2.0-85029113164
7743,7743,2-s2.0-85029112631
7744,7744,2-s2.0-85029111123
7745,7745,2-s2.0-85029110457
7746,7746,2-s2.0-85029109883
7748,7748,2-s2.0-85029107551
7753,7753,2-s2.0-85029104291
7754,7754,2-s2.0-85029103809
7757,7757,2-s2.0-85029100547
7758,7758,2-s2.0-85029099995
7759,7759,2-s2.0-85029097401
7760,7760,2-s2.0-85029096600
7761,7761,2-s2.0-85029096051
7767,7767,2-s2.0-85029090696
7770,7770,2-s2.0-85029089529
7772,7772,2-s2.0-85029087380
7775,7775,2-s2.0-85029084816
7777,7777,2-s2.0-85029083634
7778,7778,2-s2.0-85029082585
7780,7780,2-s2.0-85029081034
7782,7782,2-s2.0-85029080634
7784,7784,2-s2.0-85029080102
7785,7785,2-s2.0-85029079432
7789,7789,2-s2.0-85029077754
7790,7790,2-s2.0-85029075666
7791,7791,2-s2.0-85029075641
7793,7793,2-s2.0-85029075313
7794,7794,2-s2.0-85029073369
7796,7796,2-s2.0-85029073281
7798,7798,2-s2.0-85029071347
7800,7800,2-s2.0-85029067532
7804,7804,2-s2.0-85029066236
7807,7807,2-s2.0-85029064236
7812,7812,2-s2.0-85029060299
7813,7813,2-s2.0-85029058894
7814,7814,2-s2.0-85029058255
7816,7816,2-s2.0-85029056778
7818,7818,2-s2.0-85029056494
7819,7819,2-s2.0-85029056359
7820,7820,2-s2.0-85029055521
7822,7822,2-s2.0-85029055306
7829,7829,2-s2.0-85029047763
7830,7830,2-s2.0-85029046935
7831,7831,2-s2.0-85029046677
7832,7832,2-s2.0-85029046290
7833,7833,2-s2.0-85029045680
7835,7835,2-s2.0-85029043189
7836,7836,2-s2.0-85029043088
7843,7843,2-s2.0-85029034992
7852,7852,2-s2.0-85029028684
7856,7856,2-s2.0-85029027373
7858,7858,2-s2.0-85029022807
7859,7859,2-s2.0-85029022592
7860,7860,2-s2.0-85029022351
7861,7861,2-s2.0-85028655226
7863,7863,2-s2.0-85024833160
7864,7864,2-s2.0-85024585741
7865,7865,2-s2.0-85024550939
7867,7867,2-s2.0-85020043843
7868,7868,2-s2.0-85016764511
7872,7872,2-s2.0-85008852659
7873,7873,2-s2.0-85001828648
7875,7875,2-s2.0-84995389700
7877,7877,2-s2.0-84978286734
7878,7878,2-s2.0-84964879871
7879,7879,2-s2.0-84959186028
7880,7880,2-s2.0-84957361910
7882,7882,2-s2.0-84946910200
7884,7884,2-s2.0-84945983718
7885,7885,2-s2.0-84941273227
7887,7887,2-s2.0-84938718811
7890,7890,2-s2.0-84938704856
7892,7892,2-s2.0-84938704441
7896,7896,2-s2.0-84938702039
7898,7898,2-s2.0-84938686488
7900,7900,2-s2.0-84933512166
7903,7903,2-s2.0-84930586903
7904,7904,2-s2.0-84930023252
7905,7905,2-s2.0-84929394083
7906,7906,2-s2.0-84926993683
7907,7907,2-s2.0-84926971494
7910,7910,2-s2.0-84923912302
7912,7912,2-s2.0-84907082841
7916,7916,2-s2.0-84904846183
7917,7917,2-s2.0-84902318045
7921,7921,2-s2.0-84901040321
7923,7923,2-s2.0-84898920391
7925,7925,2-s2.0-84897583612
7930,7930,2-s2.0-84896650839
7932,7932,2-s2.0-84896304963
7933,7933,2-s2.0-84896302503
7934,7934,2-s2.0-84896301289
7936,7936,2-s2.0-84896259738
7937,7937,2-s2.0-84892433749
7941,7941,2-s2.0-84886638528
7942,7942,2-s2.0-84881420209
7943,7943,2-s2.0-84879013538
7944,7944,2-s2.0-84876009227
7946,7946,2-s2.0-84873631978
7947,7947,2-s2.0-84873524154
7948,7948,2-s2.0-84872971395
7950,7950,2-s2.0-84867450238
7951,7951,2-s2.0-84867018275
7953,7953,2-s2.0-84864125073
7955,7955,2-s2.0-84858694020
7956,7956,2-s2.0-84858663072
7957,7957,2-s2.0-84858234096
7958,7958,2-s2.0-84857568478
7961,7961,2-s2.0-80053103484
7962,7962,2-s2.0-80053047442
7965,7965,2-s2.0-80051482710
7967,7967,2-s2.0-79961219394
7971,7971,2-s2.0-79960777876
7974,7974,2-s2.0-79960302619
7976,7976,2-s2.0-79960243483
7980,7980,2-s2.0-79956080154
7981,7981,2-s2.0-79955915168
7984,7984,2-s2.0-79955885284
7986,7986,2-s2.0-79953022803
7988,7988,2-s2.0-79952948872
7990,7990,2-s2.0-79952795210
7992,7992,2-s2.0-79952382136
7994,7994,2-s2.0-79952278198
7995,7995,2-s2.0-79952098960
7996,7996,2-s2.0-79951569406
7997,7997,2-s2.0-79851495900
7998,7998,2-s2.0-79551484026
7999,7999,2-s2.0-79551482274
8001,8001,2-s2.0-78751552693
8003,8003,2-s2.0-78651506800
8005,8005,2-s2.0-78651403244
8007,8007,2-s2.0-78651262960
8008,8008,2-s2.0-78651262257
8010,8010,2-s2.0-78651255889
8011,8011,2-s2.0-78651253066
8013,8013,2-s2.0-78651249858
8014,8014,2-s2.0-78651248245
8015,8015,2-s2.0-78651248244
8016,8016,2-s2.0-78651247411
8017,8017,2-s2.0-78651238706
8020,8020,2-s2.0-78651234319
8022,8022,2-s2.0-78651231551
8025,8025,2-s2.0-78651228204
8028,8028,2-s2.0-78651226373
8029,8029,2-s2.0-78650918637
8037,8037,2-s2.0-78649523626
8038,8038,2-s2.0-78649501069
8039,8039,2-s2.0-78649436955
8040,8040,2-s2.0-78649299075
8041,8041,2-s2.0-78549263373
8043,8043,2-s2.0-78249247479
8044,8044,2-s2.0-78149393763
8052,8052,2-s2.0-77958546622
8055,8055,2-s2.0-77958520878
8058,8058,2-s2.0-77958100909
8059,8059,2-s2.0-77958037780
8063,8063,2-s2.0-77957919618
8065,8065,2-s2.0-77957884299
8066,8066,2-s2.0-77957868878
8067,8067,2-s2.0-77957849292
8068,8068,2-s2.0-77957792375
8071,8071,2-s2.0-77957329159
8072,8072,2-s2.0-77957314343
8073,8073,2-s2.0-77957300279
8074,8074,2-s2.0-77957266163
8076,8076,2-s2.0-77956740459
8078,8078,2-s2.0-77956471093
8081,8081,2-s2.0-77955847506
8082,8082,2-s2.0-77955723148
8084,8084,2-s2.0-77955497442
8085,8085,2-s2.0-77955477741
8088,8088,2-s2.0-77955189339
8090,8090,2-s2.0-77955120889
8092,8092,2-s2.0-77955053292
8095,8095,2-s2.0-77954711608
8096,8096,2-s2.0-77954688804
8097,8097,2-s2.0-77954647315
8098,8098,2-s2.0-77954611720
8099,8099,2-s2.0-77954486829
8100,8100,2-s2.0-77954304960
8103,8103,2-s2.0-77953853587
8104,8104,2-s2.0-77953845897
8105,8105,2-s2.0-77953761960
8107,8107,2-s2.0-77953569033
8108,8108,2-s2.0-77953480112
8109,8109,2-s2.0-77953298474
8111,8111,2-s2.0-77953188561
8115,8115,2-s2.0-77953076790
8116,8116,2-s2.0-77953076237
8119,8119,2-s2.0-77953059122
8121,8121,2-s2.0-77953052985
8123,8123,2-s2.0-77953041571
8130,8130,2-s2.0-77952775343
8132,8132,2-s2.0-77952718890
8133,8133,2-s2.0-77952717249
8135,8135,2-s2.0-77952696441
8137,8137,2-s2.0-77952651928
8138,8138,2-s2.0-77952319678
8142,8142,2-s2.0-77952006652
8143,8143,2-s2.0-77951982216
8150,8150,2-s2.0-77951438558
8152,8152,2-s2.0-77951287474
8153,8153,2-s2.0-77951278797
8155,8155,2-s2.0-77951269210
8156,8156,2-s2.0-77951264149
8157,8157,2-s2.0-77951241240
8158,8158,2-s2.0-77951219923
8161,8161,2-s2.0-77951074214
8162,8162,2-s2.0-77950872928
8164,8164,2-s2.0-77950529097
8168,8168,2-s2.0-77649244639
8169,8169,2-s2.0-76749122906
8173,8173,2-s2.0-75049086220
8174,8174,2-s2.0-75049085926
8175,8175,2-s2.0-75049083265
8178,8178,2-s2.0-73649086555
8180,8180,2-s2.0-72449142221
8181,8181,2-s2.0-72249110057
8182,8182,2-s2.0-72149105893
8183,8183,2-s2.0-72149100156
8185,8185,2-s2.0-71349087791
8187,8187,2-s2.0-70349451229
8188,8188,2-s2.0-105013733833
8189,8189,2-s2.0-105013696869
8194,8194,2-s2.0-84255191586
8196,8196,2-s2.0-84255184388
8197,8197,2-s2.0-84255172025
8198,8198,2-s2.0-84255162647
8199,8199,2-s2.0-84055223591
8201,8201,2-s2.0-84055178081
8203,8203,2-s2.0-83755173745
8205,8205,2-s2.0-83755181696
8206,8206,2-s2.0-83655203109
8207,8207,2-s2.0-83655196765
8209,8209,2-s2.0-83455231468
8211,8211,2-s2.0-105002888374
8212,8212,2-s2.0-83055169283
8213,8213,2-s2.0-82955214670
8214,8214,2-s2.0-82955190390
8215,8215,2-s2.0-82955186160
8218,8218,2-s2.0-82955164936
8221,8221,2-s2.0-82555205449
8223,8223,2-s2.0-82555168927
8224,8224,2-s2.0-82555163336
8226,8226,2-s2.0-82455210319
8227,8227,2-s2.0-82455210305
8232,8232,2-s2.0-84940176542
8233,8233,2-s2.0-84903931181
8234,8234,2-s2.0-84899323218
8235,8235,2-s2.0-84899310091
8236,8236,2-s2.0-84899282925
8238,8238,2-s2.0-84899240448
8240,8240,2-s2.0-84899196315
8243,8243,2-s2.0-84899176478
8247,8247,2-s2.0-84898146865
8248,8248,2-s2.0-84897892466
8250,8250,2-s2.0-84896438852
8252,8252,2-s2.0-84895405098
8254,8254,2-s2.0-84895338491
8258,8258,2-s2.0-84895273295
8259,8259,2-s2.0-84895251658
8262,8262,2-s2.0-84895202390
8263,8263,2-s2.0-84893000422
8266,8266,2-s2.0-84892940868
8270,8270,2-s2.0-84892314410
8273,8273,2-s2.0-84892242408
8275,8275,2-s2.0-84892102358
8277,8277,2-s2.0-84892008185
8278,8278,2-s2.0-84890232411
8280,8280,2-s2.0-84883120346
8285,8285,2-s2.0-84880627551
8288,8288,2-s2.0-84873692447
8290,8290,2-s2.0-84873676236
8291,8291,2-s2.0-84873659965
8294,8294,2-s2.0-84873633431
8296,8296,2-s2.0-84872588912
8297,8297,2-s2.0-84872535417
8298,8298,2-s2.0-84870821805
8300,8300,2-s2.0-84870348566
8302,8302,2-s2.0-84867477442
8304,8304,2-s2.0-84867468511
8310,8310,2-s2.0-84867129151
8311,8311,2-s2.0-84867118981
8312,8312,2-s2.0-84866264337
8315,8315,2-s2.0-84865642180
8317,8317,2-s2.0-84865442999
8318,8318,2-s2.0-84865096627
8319,8319,2-s2.0-84865091512
8320,8320,2-s2.0-84865085016
8321,8321,2-s2.0-84865071183
8325,8325,2-s2.0-84864664748
8327,8327,2-s2.0-84864644033
8332,8332,2-s2.0-84864103204
8333,8333,2-s2.0-84864094439
8335,8335,2-s2.0-84864089039
8336,8336,2-s2.0-84864083132
8337,8337,2-s2.0-84864056487
8339,8339,2-s2.0-84863824290
8340,8340,2-s2.0-84863675685
8341,8341,2-s2.0-84863601346
8343,8343,2-s2.0-84863246225
8348,8348,2-s2.0-84862667114
8349,8349,2-s2.0-84862293506
8355,8355,2-s2.0-84860464127
8356,8356,2-s2.0-84860463417
8358,8358,2-s2.0-84860454465
8359,8359,2-s2.0-84860444691
8361,8361,2-s2.0-84860431461
8363,8363,2-s2.0-84860261998
8365,8365,2-s2.0-84859882104
8366,8366,2-s2.0-84859746613
8369,8369,2-s2.0-84859544291
8374,8374,2-s2.0-84859139578
8379,8379,2-s2.0-84858952472
8381,8381,2-s2.0-84858791313
8382,8382,2-s2.0-84858787729
8386,8386,2-s2.0-84858778404
8388,8388,2-s2.0-84858777595
8389,8389,2-s2.0-84858777569
8390,8390,2-s2.0-84858776519
8392,8392,2-s2.0-84858773035
8393,8393,2-s2.0-84858771529
8394,8394,2-s2.0-84858770448
8395,8395,2-s2.0-84858769737
8396,8396,2-s2.0-84858768946
8398,8398,2-s2.0-84858766521
8399,8399,2-s2.0-84858764474
8402,8402,2-s2.0-84858761475
8403,8403,2-s2.0-84858759997
8404,8404,2-s2.0-84858759722
8416,8416,2-s2.0-84858314556
8417,8417,2-s2.0-84858269551
8418,8418,2-s2.0-84858260817
8420,8420,2-s2.0-84858259387
8423,8423,2-s2.0-84858256295
8425,8425,2-s2.0-84858234189
8427,8427,2-s2.0-84858227011
8428,8428,2-s2.0-84858225440
8430,8430,2-s2.0-84858222986
8431,8431,2-s2.0-84858220878
8434,8434,2-s2.0-84858176751
8435,8435,2-s2.0-84858163867
8441,8441,2-s2.0-84857508499
8442,8442,2-s2.0-84857479829
8443,8443,2-s2.0-84857467756
8445,8445,2-s2.0-84857418729
8448,8448,2-s2.0-84857304601
8449,8449,2-s2.0-84857126533
8450,8450,2-s2.0-84857041414
8451,8451,2-s2.0-84856974601
8454,8454,2-s2.0-84856742759
8455,8455,2-s2.0-84856658738
8458,8458,2-s2.0-84856466359
8459,8459,2-s2.0-84856444511
8461,8461,2-s2.0-84856351998
8462,8462,2-s2.0-84856185488
8465,8465,2-s2.0-84856132923
8470,8470,2-s2.0-84855771398
8473,8473,2-s2.0-84855551752
8476,8476,2-s2.0-84555195871
8478,8478,2-s2.0-84555177781
8479,8479,2-s2.0-84255163141
8480,8480,2-s2.0-84255163139
8482,8482,2-s2.0-82955235566
8483,8483,2-s2.0-82655177099
8485,8485,2-s2.0-81455142232
8487,8487,2-s2.0-81155134970
8488,8488,2-s2.0-81055141110
8491,8491,2-s2.0-80255138755
8494,8494,2-s2.0-80052283345
8496,8496,2-s2.0-80051697650
8498,8498,2-s2.0-79960876297
8500,8500,2-s2.0-79960248788
8502,8502,2-s2.0-79960205892
8505,8505,2-s2.0-80054060996
8506,8506,2-s2.0-81855228054
8508,8508,2-s2.0-81855181603
8511,8511,2-s2.0-81555222818
8512,8512,2-s2.0-81355163277
8514,8514,2-s2.0-81355132306
8518,8518,2-s2.0-80755142890
8520,8520,2-s2.0-80455174838
8521,8521,2-s2.0-80455123867
8523,8523,2-s2.0-105003522103
8525,8525,2-s2.0-80055067186
8527,8527,2-s2.0-84865078433
8529,8529,2-s2.0-84859400065
8530,8530,2-s2.0-84859299191
8531,8531,2-s2.0-84859083119
8532,8532,2-s2.0-84858306324
8536,8536,2-s2.0-84855250826
8538,8538,2-s2.0-84055197783
8542,8542,2-s2.0-82055187211
8546,8546,2-s2.0-80755128960
8547,8547,2-s2.0-80455144837
8548,8548,2-s2.0-80055016467
8549,8549,2-s2.0-80054984178
8553,8553,2-s2.0-80053549393
8554,8554,2-s2.0-80053523084
8556,8556,2-s2.0-80053326638
8558,8558,2-s2.0-80053307080
8560,8560,2-s2.0-80053057613
8561,8561,2-s2.0-80052848320
8567,8567,2-s2.0-80055089070
8568,8568,2-s2.0-80055083659
8571,8571,2-s2.0-80054113549
8572,8572,2-s2.0-80054097306
8574,8574,2-s2.0-80054035709
8575,8575,2-s2.0-80054035294
8577,8577,2-s2.0-80054033631
8581,8581,2-s2.0-80054026525
8583,8583,2-s2.0-80053979661
8584,8584,2-s2.0-80053614293
8586,8586,2-s2.0-80053505322
8590,8590,2-s2.0-84888401094
8591,8591,2-s2.0-84883458687
8592,8592,2-s2.0-84880816742
8594,8594,2-s2.0-84867466046
8595,8595,2-s2.0-84862501899
8596,8596,2-s2.0-84860525640
8597,8597,2-s2.0-84859324086
8598,8598,2-s2.0-84859147990
8604,8604,2-s2.0-82555190984
8606,8606,2-s2.0-81255188094
8607,8607,2-s2.0-81055139717
8610,8610,2-s2.0-80053973331
8611,8611,2-s2.0-80053957640
8614,8614,2-s2.0-80053521292
8615,8615,2-s2.0-80053472691
8616,8616,2-s2.0-80053464226
8617,8617,2-s2.0-80053452244
8621,8621,2-s2.0-80052998811
8622,8622,2-s2.0-80052964005
8623,8623,2-s2.0-80052790648
8624,8624,2-s2.0-80052694129
8625,8625,2-s2.0-80052641129
8631,8631,2-s2.0-79960963858
8636,8636,2-s2.0-80053165778
8641,8641,2-s2.0-80052987391
8642,8642,2-s2.0-80052983905
8644,8644,2-s2.0-80052937504
8645,8645,2-s2.0-80052886705
8655,8655,2-s2.0-80052728668
8656,8656,2-s2.0-80052719876
8659,8659,2-s2.0-80052946330
8660,8660,2-s2.0-80052513776
8663,8663,2-s2.0-80052389016
8668,8668,2-s2.0-80052378696
8670,8670,2-s2.0-80052376724
8671,8671,2-s2.0-80052376057
8673,8673,2-s2.0-80052364311
8677,8677,2-s2.0-84891583487
8678,8678,2-s2.0-80052339265
8679,8679,2-s2.0-80052333895
8680,8680,2-s2.0-80052332564
8682,8682,2-s2.0-80052317714
8685,8685,2-s2.0-85102504452
8687,8687,2-s2.0-84879477532
8688,8688,2-s2.0-84867011511
8689,8689,2-s2.0-84863932316
8690,8690,2-s2.0-84859365685
8691,8691,2-s2.0-84858592044
8693,8693,2-s2.0-84857867809
8695,8695,2-s2.0-84855295807
8697,8697,2-s2.0-80355130269
8698,8698,2-s2.0-80053576972
8700,8700,2-s2.0-80053575345
8707,8707,2-s2.0-80052993270
8708,8708,2-s2.0-80052860764
8709,8709,2-s2.0-80052836930
8716,8716,2-s2.0-80052413214
8717,8717,2-s2.0-80052400548
8720,8720,2-s2.0-80052392955
8721,8721,2-s2.0-80052288535
8722,8722,2-s2.0-80052267638
8724,8724,2-s2.0-80052255390
8727,8727,2-s2.0-80052123682
8729,8729,2-s2.0-80052122037
8734,8734,2-s2.0-80051938363
8741,8741,2-s2.0-79961126602
8742,8742,2-s2.0-79961030159
8743,8743,2-s2.0-79961021251
8746,8746,2-s2.0-79960897386
8749,8749,2-s2.0-79960520290
8750,8750,2-s2.0-79960488777
8752,8752,2-s2.0-79955105426
8753,8753,2-s2.0-79952988444
8755,8755,2-s2.0-80053261219
8758,8758,2-s2.0-80052047641
8759,8759,2-s2.0-80051894946
8761,8761,2-s2.0-80051647274
8762,8762,2-s2.0-80051600905
8764,8764,2-s2.0-80051522960
8765,8765,2-s2.0-79961239257
8767,8767,2-s2.0-79961041728
8768,8768,2-s2.0-79961230601
8769,8769,2-s2.0-84961358759
8770,8770,2-s2.0-79960865003
8771,8771,2-s2.0-79960863063
8772,8772,2-s2.0-84884341479
8773,8773,2-s2.0-84867478755
8774,8774,2-s2.0-84867457966
8776,8776,2-s2.0-84867453001
8778,8778,2-s2.0-82355190967
8779,8779,2-s2.0-82355190961
8780,8780,2-s2.0-82355188315
8781,8781,2-s2.0-82355165180
8783,8783,2-s2.0-80053463734
8784,8784,2-s2.0-80052943572
8788,8788,2-s2.0-80051806581
8790,8790,2-s2.0-80051677684
8796,8796,2-s2.0-79960835586
8798,8798,2-s2.0-79960777042
8799,8799,2-s2.0-79960568337
8801,8801,2-s2.0-79959995055
8802,8802,2-s2.0-79959734485
8803,8803,2-s2.0-79959733510
8805,8805,2-s2.0-85024088466
8806,8806,2-s2.0-79960593681
8808,8808,2-s2.0-79960589456
8810,8810,2-s2.0-79960529835
8811,8811,2-s2.0-79960526995
8812,8812,2-s2.0-79960523284
8813,8813,2-s2.0-79960507054
8817,8817,2-s2.0-79960435509
8825,8825,2-s2.0-79960294574
8827,8827,2-s2.0-79960286175
8829,8829,2-s2.0-79960272763
8830,8830,2-s2.0-79960270524
8831,8831,2-s2.0-79960245377
8832,8832,2-s2.0-79960244377
8833,8833,2-s2.0-79960230922
8840,8840,2-s2.0-79960142051
8842,8842,2-s2.0-79960084102
8844,8844,2-s2.0-79960063312
8846,8846,2-s2.0-79959933606
8849,8849,2-s2.0-85064430497
8851,8851,2-s2.0-85044995512
8852,8852,2-s2.0-85042066090
8853,8853,2-s2.0-84883462824
8854,8854,2-s2.0-84867477770
8856,8856,2-s2.0-84867463186
8866,8866,2-s2.0-80052364265
8873,8873,2-s2.0-79960473275
8876,8876,2-s2.0-79960196091
8878,8878,2-s2.0-79960050814
8883,8883,2-s2.0-79959570873
8887,8887,2-s2.0-79959494699
8888,8888,2-s2.0-79959336068
8889,8889,2-s2.0-79959288416
8892,8892,2-s2.0-79958053035
8893,8893,2-s2.0-79956335221
8898,8898,2-s2.0-79956298317
8902,8902,2-s2.0-79959456943
8904,8904,2-s2.0-79959438784
8909,8909,2-s2.0-79959301457
8910,8910,2-s2.0-79959299884
8912,8912,2-s2.0-79959216611
8913,8913,2-s2.0-79959212571
8914,8914,2-s2.0-79959212546
8916,8916,2-s2.0-79958862785
8921,8921,2-s2.0-79959952981
8925,8925,2-s2.0-84965180990
8927,8927,2-s2.0-84860851213
8934,8934,2-s2.0-80052280855
8935,8935,2-s2.0-80052243661
8938,8938,2-s2.0-80052013396
8939,8939,2-s2.0-80052006834
8940,8940,2-s2.0-80051995512
8941,8941,2-s2.0-80051987370
8942,8942,2-s2.0-80051978032
8943,8943,2-s2.0-80051974906
8945,8945,2-s2.0-80051964055
8947,8947,2-s2.0-80051735861
8948,8948,2-s2.0-79961082491
8949,8949,2-s2.0-79960809317
8951,8951,2-s2.0-79958824438
8952,8952,2-s2.0-79958811489
8953,8953,2-s2.0-79958808155
8956,8956,2-s2.0-79958034614
8957,8957,2-s2.0-79958020571
8958,8958,2-s2.0-79957955906
8959,8959,2-s2.0-79957955143
8960,8960,2-s2.0-79957938813
8964,8964,2-s2.0-79956202571
8965,8965,2-s2.0-79956097822
8966,8966,2-s2.0-79955970938
8967,8967,2-s2.0-79955899297
8968,8968,2-s2.0-79955895549
8970,8970,2-s2.0-79955608957
8973,8973,2-s2.0-79954761254
8979,8979,2-s2.0-79957585615
8981,8981,2-s2.0-79956122534
8985,8985,2-s2.0-79955990232
8987,8987,2-s2.0-79955957463
8990,8990,2-s2.0-79955776359
8991,8991,2-s2.0-79955742883
8993,8993,2-s2.0-79955552297
8994,8994,2-s2.0-79955454704
8996,8996,2-s2.0-84867472834
8998,8998,2-s2.0-84859337497
8999,8999,2-s2.0-84856139649
9001,9001,2-s2.0-80053490253
9002,9002,2-s2.0-80053462337
9004,9004,2-s2.0-80051725102
9007,9007,2-s2.0-79959586476
9008,9008,2-s2.0-79959451651
9009,9009,2-s2.0-79959189190
9012,9012,2-s2.0-79958174037
9013,9013,2-s2.0-79957959163
9014,9014,2-s2.0-79957605185
9016,9016,2-s2.0-79957447566
9018,9018,2-s2.0-79956119781
9021,9021,2-s2.0-79955800100
9022,9022,2-s2.0-79955754244
9024,9024,2-s2.0-79955106252
9025,9025,2-s2.0-79954706238
9026,9026,2-s2.0-79953784041
9027,9027,2-s2.0-79953707648
9029,9029,2-s2.0-79952616678
9031,9031,2-s2.0-79952445361
9032,9032,2-s2.0-79952280071
9040,9040,2-s2.0-79954468691
9041,9041,2-s2.0-84885502368
9043,9043,2-s2.0-79954451218
9048,9048,2-s2.0-79954438159
9049,9049,2-s2.0-79954435885
9050,9050,2-s2.0-79953804459
9051,9051,2-s2.0-79953799970
9052,9052,2-s2.0-79953249926
9053,9053,2-s2.0-84957549656
9056,9056,2-s2.0-79960592309
9058,9058,2-s2.0-79958201524
9059,9059,2-s2.0-79958154464
9060,9060,2-s2.0-79958145016
9061,9061,2-s2.0-79958137978
9063,9063,2-s2.0-79956157374
9066,9066,2-s2.0-79955136698
9068,9068,2-s2.0-79953878451
9069,9069,2-s2.0-79953859251
9076,9076,2-s2.0-79952902037
9077,9077,2-s2.0-79952900209
9080,9080,2-s2.0-79952899136
9081,9081,2-s2.0-79952898819
9084,9084,2-s2.0-79952817189
9087,9087,2-s2.0-79952627629
9089,9089,2-s2.0-79952625744
9094,9094,2-s2.0-79953018646
9099,9099,2-s2.0-79953206258
9100,9100,2-s2.0-79953193770
9104,9104,2-s2.0-79953166062
9105,9105,2-s2.0-79952850451
9107,9107,2-s2.0-79952778992
9108,9108,2-s2.0-79952255712
9109,9109,2-s2.0-85152378984
9110,9110,2-s2.0-84895414027
9111,9111,2-s2.0-84861703802
9112,9112,2-s2.0-84859586223
9114,9114,2-s2.0-80053088797
9115,9115,2-s2.0-80053088171
9117,9117,2-s2.0-80053075566
9118,9118,2-s2.0-80053056358
9119,9119,2-s2.0-80052738171
9120,9120,2-s2.0-79959317800
9122,9122,2-s2.0-79959291038
9123,9123,2-s2.0-79959288204
9124,9124,2-s2.0-79955036048
9126,9126,2-s2.0-79953180593
9129,9129,2-s2.0-79953065407
9130,9130,2-s2.0-79953043611
9134,9134,2-s2.0-79952683041
9136,9136,2-s2.0-79952518795
9139,9139,2-s2.0-79952293208
9141,9141,2-s2.0-79952067635
9144,9144,2-s2.0-79951957798
9148,9148,2-s2.0-79951818147
9151,9151,2-s2.0-79951787591
9152,9152,2-s2.0-79951779000
9156,9156,2-s2.0-79551697768
9165,9165,2-s2.0-84891583480
9166,9166,2-s2.0-79851494723
9167,9167,2-s2.0-79551627846
9169,9169,2-s2.0-84900284821
9172,9172,2-s2.0-84880839586
9173,9173,2-s2.0-84880825881
9175,9175,2-s2.0-84867503121
9178,9178,2-s2.0-79955643823
9184,9184,2-s2.0-79952550324
9186,9186,2-s2.0-79951564428
9187,9187,2-s2.0-79951550138
9188,9188,2-s2.0-79551479481
9189,9189,2-s2.0-79451469194
9190,9190,2-s2.0-79251558762
9191,9191,2-s2.0-78751546490
9192,9192,2-s2.0-78751495173
9193,9193,2-s2.0-78650952254
9194,9194,2-s2.0-78650936673
9195,9195,2-s2.0-78650927656
9198,9198,2-s2.0-105009205279
9199,9199,2-s2.0-79952755954
9200,9200,2-s2.0-78651433993
9203,9203,2-s2.0-79952640122
9204,9204,2-s2.0-85200478987
9206,9206,2-s2.0-85142580593
9207,9207,2-s2.0-85142094338
9208,9208,2-s2.0-85141491537
9209,9209,2-s2.0-85141473769
9212,9212,2-s2.0-85136864629
9213,9213,2-s2.0-85129393932
9215,9215,2-s2.0-85123149741
9216,9216,2-s2.0-85115655619
9217,9217,2-s2.0-85115650492
9219,9219,2-s2.0-85101971197
9221,9221,2-s2.0-85101929598
9226,9226,2-s2.0-85088184689
9228,9228,2-s2.0-85084044607
9230,9230,2-s2.0-85078929838
9231,9231,2-s2.0-85078923443
9234,9234,2-s2.0-85071646695
9235,9235,2-s2.0-85067990929
9236,9236,2-s2.0-85067942232
9237,9237,2-s2.0-85067934538
9238,9238,2-s2.0-85067926730
9239,9239,2-s2.0-85067923282
9242,9242,2-s2.0-85055930629
9243,9243,2-s2.0-85055929504
9244,9244,2-s2.0-85055928591
9245,9245,2-s2.0-85055927574
9248,9248,2-s2.0-85044783903
9249,9249,2-s2.0-85044405193
9252,9252,2-s2.0-85038207499
9253,9253,2-s2.0-85037730315
9255,9255,2-s2.0-85032917535
9257,9257,2-s2.0-85029792910
9259,9259,2-s2.0-85029131867
9260,9260,2-s2.0-85029130830
9262,9262,2-s2.0-85029128817
9265,9265,2-s2.0-85029128056
9267,9267,2-s2.0-85029125106
9268,9268,2-s2.0-85029124729
9269,9269,2-s2.0-85029124122
9274,9274,2-s2.0-85029119185
9276,9276,2-s2.0-85029117978
9277,9277,2-s2.0-85029117752
9283,9283,2-s2.0-85029114550
9286,9286,2-s2.0-85029112097
9287,9287,2-s2.0-85029111708
9288,9288,2-s2.0-85029111332
9291,9291,2-s2.0-85029109350
9295,9295,2-s2.0-85029103973
9301,9301,2-s2.0-85029099233
9302,9302,2-s2.0-85029096695
9303,9303,2-s2.0-85029096057
9306,9306,2-s2.0-85029094996
9313,9313,2-s2.0-85029090895
9316,9316,2-s2.0-85029089469
9317,9317,2-s2.0-85029089140
9321,9321,2-s2.0-85029087986
9323,9323,2-s2.0-85029087449
9327,9327,2-s2.0-85029085768
9329,9329,2-s2.0-85029083025
9330,9330,2-s2.0-85029082944
9331,9331,2-s2.0-85029082333
9333,9333,2-s2.0-85029078953
9334,9334,2-s2.0-85029078690
9335,9335,2-s2.0-85029078553
9342,9342,2-s2.0-85029071940
9343,9343,2-s2.0-85029071880
9346,9346,2-s2.0-85029070110
9350,9350,2-s2.0-85029065089
9351,9351,2-s2.0-85029064699
9352,9352,2-s2.0-85029064621
9354,9354,2-s2.0-85029064086
9355,9355,2-s2.0-85029063635
9357,9357,2-s2.0-85029061951
9358,9358,2-s2.0-85029060212
9359,9359,2-s2.0-85029056646
9361,9361,2-s2.0-85029054890
9365,9365,2-s2.0-85029052747
9368,9368,2-s2.0-85029051590
9369,9369,2-s2.0-85029051508
9371,9371,2-s2.0-85029049716
9373,9373,2-s2.0-85029048528
9374,9374,2-s2.0-85029048071
9376,9376,2-s2.0-85029045161
9377,9377,2-s2.0-85029041590
9378,9378,2-s2.0-85029040658
9385,9385,2-s2.0-85029035998
9388,9388,2-s2.0-85029034588
9389,9389,2-s2.0-85029033535
9390,9390,2-s2.0-85029032726
9391,9391,2-s2.0-85029032183
9393,9393,2-s2.0-85029031618
9394,9394,2-s2.0-85029031290
9397,9397,2-s2.0-85029030090
9401,9401,2-s2.0-85029028050
9403,9403,2-s2.0-85029026398
9404,9404,2-s2.0-85029026341
9405,9405,2-s2.0-85029024000
9409,9409,2-s2.0-85029021384
9412,9412,2-s2.0-85027957321
9413,9413,2-s2.0-85027948679
9414,9414,2-s2.0-85027943847
9415,9415,2-s2.0-85024774632
9416,9416,2-s2.0-85024559097
9417,9417,2-s2.0-85019875643
9419,9419,2-s2.0-85018789163
9422,9422,2-s2.0-85013035592
9425,9425,2-s2.0-85011396207
9427,9427,2-s2.0-85011382961
9428,9428,2-s2.0-85011382618
9429,9429,2-s2.0-85011372907
9435,9435,2-s2.0-85011325775
9436,9436,2-s2.0-85011324195
9438,9438,2-s2.0-84995449883
9443,9443,2-s2.0-84967546624
9449,9449,2-s2.0-84951931239
9452,9452,2-s2.0-84946834013
9457,9457,2-s2.0-84946735059
9459,9459,2-s2.0-84945977719
9462,9462,2-s2.0-84945936677
9463,9463,2-s2.0-84945933565
9464,9464,2-s2.0-84945917924
9465,9465,2-s2.0-84945910940
9469,9469,2-s2.0-84941345876
9470,9470,2-s2.0-84938570275
9472,9472,2-s2.0-84931455490
9476,9476,2-s2.0-84925582666
9480,9480,2-s2.0-84925067789
9483,9483,2-s2.0-84924446122
9486,9486,2-s2.0-84923520268
9489,9489,2-s2.0-84922661168
9490,9490,2-s2.0-84921382031
9491,9491,2-s2.0-84920378587
9493,9493,2-s2.0-84919417658
9494,9494,2-s2.0-84917719458
9495,9495,2-s2.0-84909040289
9496,9496,2-s2.0-84908224701
9498,9498,2-s2.0-84904750177
9503,9503,2-s2.0-84901190553
9504,9504,2-s2.0-84901033046
9505,9505,2-s2.0-84900315533
9506,9506,2-s2.0-84898822504
9507,9507,2-s2.0-84898254003
9508,9508,2-s2.0-84898252470
9510,9510,2-s2.0-84896302983
9513,9513,2-s2.0-84896257860
9514,9514,2-s2.0-84896204425
9518,9518,2-s2.0-84892841486
9520,9520,2-s2.0-84892049231
9522,9522,2-s2.0-84892040298
9523,9523,2-s2.0-84890147696
9525,9525,2-s2.0-84886426815
9527,9527,2-s2.0-84885582732
9533,9533,2-s2.0-84875842252
9534,9534,2-s2.0-84875275384
9538,9538,2-s2.0-84872224000
9539,9539,2-s2.0-84871820542
9540,9540,2-s2.0-84870829569
9541,9541,2-s2.0-84870789580
9544,9544,2-s2.0-84869156636
9547,9547,2-s2.0-84865068805
9548,9548,2-s2.0-84864825409
9551,9551,2-s2.0-84863421406
9552,9552,2-s2.0-84863227362
9553,9553,2-s2.0-84862901216
9556,9556,2-s2.0-84859517744
9557,9557,2-s2.0-84858843985
9560,9560,2-s2.0-84857873442
9561,9561,2-s2.0-84857869794
9564,9564,2-s2.0-84857824224
9567,9567,2-s2.0-84857377664
9568,9568,2-s2.0-84856704086
9569,9569,2-s2.0-84856532899
9570,9570,2-s2.0-84856532450
9571,9571,2-s2.0-84856257042
9572,9572,2-s2.0-84856204474
9575,9575,2-s2.0-84856161074
9579,9579,2-s2.0-84855821791
9581,9581,2-s2.0-84855811342
9582,9582,2-s2.0-84855805980
9585,9585,2-s2.0-84855552699
9586,9586,2-s2.0-84855184656
9587,9587,2-s2.0-84555223633
9589,9589,2-s2.0-82955189787
9592,9592,2-s2.0-81555195483
9593,9593,2-s2.0-81355164440
9597,9597,2-s2.0-80055066426
9599,9599,2-s2.0-80054071366
9601,9601,2-s2.0-80053990429
9602,9602,2-s2.0-80053958899
9604,9604,2-s2.0-80053956936
9606,9606,2-s2.0-80053940627
9611,9611,2-s2.0-80052989434
9612,9612,2-s2.0-80052758913
9617,9617,2-s2.0-80052347642
9618,9618,2-s2.0-80052295594
9620,9620,2-s2.0-80052066010
9626,9626,2-s2.0-80051582436
9627,9627,2-s2.0-80051522668
9629,9629,2-s2.0-80051513053
9632,9632,2-s2.0-79960937043
9633,9633,2-s2.0-79960815374
9634,9634,2-s2.0-79960461800
9636,9636,2-s2.0-79960227180
9637,9637,2-s2.0-79960173800
9640,9640,2-s2.0-79957533983
9641,9641,2-s2.0-79957470343
9643,9643,2-s2.0-79955861163
9644,9644,2-s2.0-79955798739
9645,9645,2-s2.0-79955700488
9647,9647,2-s2.0-79955551855
9649,9649,2-s2.0-79955397063
9651,9651,2-s2.0-79953715193
9654,9654,2-s2.0-79953698768
9655,9655,2-s2.0-79953689957
9657,9657,2-s2.0-79953310146
9659,9659,2-s2.0-79953149521
9660,9660,2-s2.0-79952817075
9661,9661,2-s2.0-79952748670
9662,9662,2-s2.0-79952653270
9663,9663,2-s2.0-79952372810
9664,9664,2-s2.0-79952270057
9666,9666,2-s2.0-79952151987
9668,9668,2-s2.0-79951794814
9671,9671,2-s2.0-79551583850
9672,9672,2-s2.0-79551580308
9673,9673,2-s2.0-79551579130
9674,9674,2-s2.0-79551514396
9676,9676,2-s2.0-79551491118
9679,9679,2-s2.0-78751682184
9682,9682,2-s2.0-78651476377
9686,9686,2-s2.0-78651106797
9687,9687,2-s2.0-78651098437
9688,9688,2-s2.0-78650884376
9690,9690,2-s2.0-78650764160
9694,9694,2-s2.0-78650311124
9695,9695,2-s2.0-78650297356
9696,9696,2-s2.0-78650295313
9704,9704,2-s2.0-78149501092
9705,9705,2-s2.0-78149362532
9707,9707,2-s2.0-77958003632
9708,9708,2-s2.0-77957974378
9709,9709,2-s2.0-77957723717
9712,9712,2-s2.0-105011457522
9718,9718,2-s2.0-84871604873
9719,9719,2-s2.0-84871594269
9725,9725,2-s2.0-84871499552
9727,9727,2-s2.0-84871484927
9730,9730,2-s2.0-85199960590
9732,9732,2-s2.0-84871239432
9733,9733,2-s2.0-84891583630
9734,9734,2-s2.0-84871100257
9736,9736,2-s2.0-84905046746
9737,9737,2-s2.0-84870975492
9738,9738,2-s2.0-84870946173
9740,9740,2-s2.0-84870898434
9744,9744,2-s2.0-84870801471
9749,9749,2-s2.0-85171894245
9751,9751,2-s2.0-84939469377
9754,9754,2-s2.0-84905531713
9755,9755,2-s2.0-84905299316
9757,9757,2-s2.0-84899218947
9762,9762,2-s2.0-84898259011
9764,9764,2-s2.0-84898173968
9765,9765,2-s2.0-84898127138
9773,9773,2-s2.0-84892924828
9775,9775,2-s2.0-84892737413
9776,9776,2-s2.0-84892399905
9777,9777,2-s2.0-84892136705
9778,9778,2-s2.0-84891970578
9779,9779,2-s2.0-84891958268
9780,9780,2-s2.0-84890719135
9781,9781,2-s2.0-84888334796
9784,9784,2-s2.0-84887438348
9786,9786,2-s2.0-84885006180
9789,9789,2-s2.0-84883729947
9791,9791,2-s2.0-84883707814
9792,9792,2-s2.0-84883696426
9793,9793,2-s2.0-84883538876
9794,9794,2-s2.0-84883536878
9795,9795,2-s2.0-84883510346
9804,9804,2-s2.0-84879901238
9805,9805,2-s2.0-84879893202
9806,9806,2-s2.0-84879677485
9809,9809,2-s2.0-84878980726
9810,9810,2-s2.0-84878727921
9811,9811,2-s2.0-84878705941
9814,9814,2-s2.0-84878064378
9815,9815,2-s2.0-84877808605
9816,9816,2-s2.0-84877792061
9819,9819,2-s2.0-84876932839
9820,9820,2-s2.0-84876887593
9823,9823,2-s2.0-84876468306
9825,9825,2-s2.0-84876208375
9830,9830,2-s2.0-84875665866
9831,9831,2-s2.0-84875653509
9836,9836,2-s2.0-84875255267
9838,9838,2-s2.0-84874728074
9839,9839,2-s2.0-84874720812
9841,9841,2-s2.0-84874714425
9847,9847,2-s2.0-84874671097
9848,9848,2-s2.0-84874669733
9852,9852,2-s2.0-84874424903
9854,9854,2-s2.0-84874339926
9861,9861,2-s2.0-84873952403
9862,9862,2-s2.0-84873634626
9863,9863,2-s2.0-84873586017
9866,9866,2-s2.0-84873513751
9868,9868,2-s2.0-84873330431
9869,9869,2-s2.0-84873281490
9871,9871,2-s2.0-84873242772
9872,9872,2-s2.0-84873202664
9874,9874,2-s2.0-84873185128
9876,9876,2-s2.0-84873163951
9879,9879,2-s2.0-84873151555
9881,9881,2-s2.0-84873130288
9882,9882,2-s2.0-84873123644
9885,9885,2-s2.0-84873115202
9887,9887,2-s2.0-84873111406
9892,9892,2-s2.0-84872481503
9895,9895,2-s2.0-84872464924
9897,9897,2-s2.0-84872439932
9900,9900,2-s2.0-84872292168
9901,9901,2-s2.0-84872238242
9904,9904,2-s2.0-84872154057
9905,9905,2-s2.0-84872150792
9908,9908,2-s2.0-84872130660
9911,9911,2-s2.0-84872027265
9912,9912,2-s2.0-84871965822
9914,9914,2-s2.0-84871833995
9918,9918,2-s2.0-84871624609
9923,9923,2-s2.0-84870987322
9924,9924,2-s2.0-84870933383
9927,9927,2-s2.0-84870494571
9928,9928,2-s2.0-84870296902
9930,9930,2-s2.0-84869851020
9932,9932,2-s2.0-84869135406
9936,9936,2-s2.0-84869118757
9938,9938,2-s2.0-84869072896
9939,9939,2-s2.0-84869050443
9941,9941,2-s2.0-84868333309
9943,9943,2-s2.0-84868280095
9944,9944,2-s2.0-84867604195
9945,9945,2-s2.0-84867404000
9947,9947,2-s2.0-84866148936
9949,9949,2-s2.0-84864518709
9953,9953,2-s2.0-84869779208
9954,9954,2-s2.0-84869772384
9956,9956,2-s2.0-84869462902
9960,9960,2-s2.0-84993104395
9964,9964,2-s2.0-84869208826
9965,9965,2-s2.0-84869204094
9966,9966,2-s2.0-84869034912
9967,9967,2-s2.0-84869008074
9969,9969,2-s2.0-84869486449
9971,9971,2-s2.0-84869050705
9974,9974,2-s2.0-105003522314
9977,9977,2-s2.0-84868617614
9980,9980,2-s2.0-84868107250
9983,9983,2-s2.0-84868035097
9986,9986,2-s2.0-84933042366
9987,9987,2-s2.0-84931317323
9989,9989,2-s2.0-84874628568
9990,9990,2-s2.0-84874623425
9991,9991,2-s2.0-84874613589
9994,9994,2-s2.0-84874429746
9996,9996,2-s2.0-84871291921
10002,10002,2-s2.0-84869460474
10003,10003,2-s2.0-84869425982
10008,10008,2-s2.0-84867936457
10009,10009,2-s2.0-84867930160
10011,10011,2-s2.0-84867710872
10013,10013,2-s2.0-84867590868
10015,10015,2-s2.0-84867573248
10016,10016,2-s2.0-84867533677
10017,10017,2-s2.0-84867148356
10022,10022,2-s2.0-84865224510
10024,10024,2-s2.0-84867895643
10026,10026,2-s2.0-84867824609
10027,10027,2-s2.0-84867787250
10032,10032,2-s2.0-84867630444
10035,10035,2-s2.0-84867559985
10038,10038,2-s2.0-84867298295
10039,10039,2-s2.0-84867460314
10042,10042,2-s2.0-84867054598
10044,10044,2-s2.0-84867025679
10045,10045,2-s2.0-84867017683
10046,10046,2-s2.0-84867017190
10048,10048,2-s2.0-84866976091
10050,10050,2-s2.0-84866910679
10052,10052,2-s2.0-84866878801
10053,10053,2-s2.0-84931393094
10054,10054,2-s2.0-84880567116
10055,10055,2-s2.0-84874220905
10062,10062,2-s2.0-84867891184
10063,10063,2-s2.0-84867326701
10065,10065,2-s2.0-84867260193
10066,10066,2-s2.0-84867253219
10069,10069,2-s2.0-84867098166
10073,10073,2-s2.0-84866533768
10074,10074,2-s2.0-84866463297
10075,10075,2-s2.0-84865991453
10076,10076,2-s2.0-84865568120
10080,10080,2-s2.0-84866607520
10082,10082,2-s2.0-85066686968
10085,10085,2-s2.0-84923448345
10086,10086,2-s2.0-84866068466
10088,10088,2-s2.0-84865809560
10092,10092,2-s2.0-84865980182
10093,10093,2-s2.0-84865962813
10100,10100,2-s2.0-84892848721
10104,10104,2-s2.0-84871071761
10105,10105,2-s2.0-84870654963
10106,10106,2-s2.0-84868577641
10107,10107,2-s2.0-84868296533
10108,10108,2-s2.0-84868011771
10112,10112,2-s2.0-84866910677
10113,10113,2-s2.0-84866896630
10115,10115,2-s2.0-84866747159
10117,10117,2-s2.0-84866617505
10118,10118,2-s2.0-84866499958
10119,10119,2-s2.0-84866367948
10125,10125,2-s2.0-84866149122
10127,10127,2-s2.0-84865989568
10128,10128,2-s2.0-84865957589
10130,10130,2-s2.0-84865820039
10134,10134,2-s2.0-84865730826
10138,10138,2-s2.0-84865703748
10139,10139,2-s2.0-84865656788
10141,10141,2-s2.0-84865415076
10145,10145,2-s2.0-84865228740
10146,10146,2-s2.0-84864960395
10152,10152,2-s2.0-84864554627
10154,10154,2-s2.0-84864546904
10159,10159,2-s2.0-84863779302
10160,10160,2-s2.0-84863774307
10161,10161,2-s2.0-84859365476
10162,10162,2-s2.0-84859305445
10163,10163,2-s2.0-84859190319
10166,10166,2-s2.0-84865559048
10167,10167,2-s2.0-84865415046
10168,10168,2-s2.0-105010783866
10169,10169,2-s2.0-84865369591
10173,10173,2-s2.0-84865335596
10174,10174,2-s2.0-84865312931
10181,10181,2-s2.0-84864801351
10182,10182,2-s2.0-84864687641
10183,10183,2-s2.0-84864614770
10184,10184,2-s2.0-84864613265
10186,10186,2-s2.0-84864744704
10187,10187,2-s2.0-84920942293
10188,10188,2-s2.0-84920938488
10193,10193,2-s2.0-84930587223
10195,10195,2-s2.0-84930583004
10196,10196,2-s2.0-84930582275
10198,10198,2-s2.0-84930578645
10200,10200,2-s2.0-84926326056
10205,10205,2-s2.0-84922623748
10207,10207,2-s2.0-84912561696
10210,10210,2-s2.0-84902673693
10212,10212,2-s2.0-84897441438
10213,10213,2-s2.0-84897104657
10216,10216,2-s2.0-84892845380
10217,10217,2-s2.0-84892423738
10218,10218,2-s2.0-84888031760
10223,10223,2-s2.0-84884519485
10226,10226,2-s2.0-84884137773
10230,10230,2-s2.0-84867436330
10231,10231,2-s2.0-84867411442
10233,10233,2-s2.0-84866336711
10237,10237,2-s2.0-84865430415
10239,10239,2-s2.0-84865409165
10241,10241,2-s2.0-84865356266
10247,10247,2-s2.0-84864153402
10249,10249,2-s2.0-84863826782
10250,10250,2-s2.0-84863776594
10251,10251,2-s2.0-84862248334
10252,10252,2-s2.0-84862182063
10255,10255,2-s2.0-84864310523
10257,10257,2-s2.0-84864346043
10261,10261,2-s2.0-84864134277
10262,10262,2-s2.0-84864133932
10265,10265,2-s2.0-84864114811
10266,10266,2-s2.0-84864749463
10268,10268,2-s2.0-84864056593
10271,10271,2-s2.0-84883253688
10272,10272,2-s2.0-84863743344
10273,10273,2-s2.0-84863665113
10274,10274,2-s2.0-84863618599
10275,10275,2-s2.0-84863611042
10276,10276,2-s2.0-84863653131
10277,10277,2-s2.0-84863511684
10279,10279,2-s2.0-84863100327
10280,10280,2-s2.0-84862999210
10282,10282,2-s2.0-84862905065
10285,10285,2-s2.0-84862878928
10286,10286,2-s2.0-84862838113
10288,10288,2-s2.0-85045657082
10291,10291,2-s2.0-84890946677
10292,10292,2-s2.0-84890917678
10293,10293,2-s2.0-84890892231
10294,10294,2-s2.0-84878077594
10295,10295,2-s2.0-84870268194
10297,10297,2-s2.0-84868626646
10302,10302,2-s2.0-84864761517
10303,10303,2-s2.0-84864748534
10305,10305,2-s2.0-84864631576
10309,10309,2-s2.0-84864223189
10311,10311,2-s2.0-84863828543
10313,10313,2-s2.0-84863598932
10315,10315,2-s2.0-84863586103
10318,10318,2-s2.0-84863558605
10319,10319,2-s2.0-84863543577
10325,10325,2-s2.0-84863300892
10330,10330,2-s2.0-84862624040
10331,10331,2-s2.0-84862333702
10332,10332,2-s2.0-84861906654
10333,10333,2-s2.0-84861875506
10338,10338,2-s2.0-84861722054
10339,10339,2-s2.0-84861662751
10342,10342,2-s2.0-84861181107
10343,10343,2-s2.0-84861145486
10344,10344,2-s2.0-84860631159
10345,10345,2-s2.0-84860567539
10348,10348,2-s2.0-84857706573
10349,10349,2-s2.0-84862992530
10351,10351,2-s2.0-84862655111
10352,10352,2-s2.0-84866169975
10354,10354,2-s2.0-84862658168
10356,10356,2-s2.0-84862142725
10357,10357,2-s2.0-84862140580
10358,10358,2-s2.0-84861933817
10359,10359,2-s2.0-84861923103
10363,10363,2-s2.0-84874085834
10364,10364,2-s2.0-84869770706
10366,10366,2-s2.0-84866417900
10367,10367,2-s2.0-84866358407
10368,10368,2-s2.0-84865102587
10369,10369,2-s2.0-84864695485
10371,10371,2-s2.0-84864541312
10373,10373,2-s2.0-84864035505
10374,10374,2-s2.0-84863851117
10377,10377,2-s2.0-84862654625
10380,10380,2-s2.0-84862614483
10389,10389,2-s2.0-84861818502
10392,10392,2-s2.0-84861729892
10394,10394,2-s2.0-84861476660
10395,10395,2-s2.0-84861470241
10402,10402,2-s2.0-84860887304
10403,10403,2-s2.0-84860730145
10406,10406,2-s2.0-84860682767
10407,10407,2-s2.0-84860507229
10408,10408,2-s2.0-84860461604
10416,10416,2-s2.0-84861473782
10418,10418,2-s2.0-84861467988
10419,10419,2-s2.0-84861465581
10423,10423,2-s2.0-84862095986
10424,10424,2-s2.0-84862093747
10426,10426,2-s2.0-84861009043
10436,10436,2-s2.0-84861188781
10437,10437,2-s2.0-84860560900
10439,10439,2-s2.0-84860725116
10441,10441,2-s2.0-84860343226
10442,10442,2-s2.0-84860328271
10443,10443,2-s2.0-84902650550
10444,10444,2-s2.0-84901019931
10445,10445,2-s2.0-84879291155
10446,10446,2-s2.0-84871248117
10447,10447,2-s2.0-84871237365
10448,10448,2-s2.0-84864446966
10451,10451,2-s2.0-84863887718
10452,10452,2-s2.0-84862158741
10453,10453,2-s2.0-84861522804
10454,10454,2-s2.0-84861493485
10458,10458,2-s2.0-84860132156
10461,10461,2-s2.0-84859874608
10462,10462,2-s2.0-84859639380
10463,10463,2-s2.0-84859568196
10467,10467,2-s2.0-84859270386
10468,10468,2-s2.0-84859270097
10470,10470,2-s2.0-84859269580
10471,10471,2-s2.0-84859268147
10475,10475,2-s2.0-84859266132
10476,10476,2-s2.0-84859265380
10477,10477,2-s2.0-84859264437
10480,10480,2-s2.0-84859223872
10485,10485,2-s2.0-84855508961
10486,10486,2-s2.0-84855433990
10487,10487,2-s2.0-84855430200
10490,10490,2-s2.0-84983099925
10494,10494,2-s2.0-84993027389
10495,10495,2-s2.0-84861567263
10496,10496,2-s2.0-84860294699
10498,10498,2-s2.0-84859298244
10505,10505,2-s2.0-85039558021
10506,10506,2-s2.0-85039550824
10508,10508,2-s2.0-84892671699
10510,10510,2-s2.0-84866771192
10511,10511,2-s2.0-84863752896
10514,10514,2-s2.0-84861137609
10516,10516,2-s2.0-84861108513
10519,10519,2-s2.0-84859739958
10520,10520,2-s2.0-84859709906
10521,10521,2-s2.0-84859575101
10524,10524,2-s2.0-84859414629
10525,10525,2-s2.0-84859397882
10526,10526,2-s2.0-84859328565
10528,10528,2-s2.0-84859195346
10529,10529,2-s2.0-84859184466
10530,10530,2-s2.0-84859180348
10531,10531,2-s2.0-84859179377
10532,10532,2-s2.0-84859132889
10533,10533,2-s2.0-84859108042
10534,10534,2-s2.0-84859100872
10535,10535,2-s2.0-84858828146
10536,10536,2-s2.0-84858375639
10539,10539,2-s2.0-84858148959
10541,10541,2-s2.0-84858986609
10545,10545,2-s2.0-84858957290
10546,10546,2-s2.0-84858953585
10548,10548,2-s2.0-85008485183
10549,10549,2-s2.0-84858780406
10551,10551,2-s2.0-84922761052
10552,10552,2-s2.0-84920691781
10553,10553,2-s2.0-84863348103
10558,10558,2-s2.0-84858060055
10562,10562,2-s2.0-84874292940
10563,10563,2-s2.0-84863840294
10564,10564,2-s2.0-84863400486
10568,10568,2-s2.0-84860990841
10569,10569,2-s2.0-84859737000
10576,10576,2-s2.0-84859168123
10583,10583,2-s2.0-84858656787
10584,10584,2-s2.0-84858650434
10585,10585,2-s2.0-84858648202
10586,10586,2-s2.0-84858641745
10587,10587,2-s2.0-84858640250
10588,10588,2-s2.0-84858633985
10591,10591,2-s2.0-84858269345
10595,10595,2-s2.0-84857808878
10597,10597,2-s2.0-84857709627
10599,10599,2-s2.0-84857446586
10600,10600,2-s2.0-84857261935
10601,10601,2-s2.0-84857198442
10604,10604,2-s2.0-84857040471
10606,10606,2-s2.0-84856786580
10609,10609,2-s2.0-84855496891
10612,10612,2-s2.0-84155163024
10614,10614,2-s2.0-82655173674
10616,10616,2-s2.0-84857319020
10619,10619,2-s2.0-84857035968
10620,10620,2-s2.0-84856782019
10621,10621,2-s2.0-84958113328
10628,10628,2-s2.0-84930843467
10629,10629,2-s2.0-84930840785
10631,10631,2-s2.0-84930832915
10632,10632,2-s2.0-84930829923
10634,10634,2-s2.0-84922793464
10639,10639,2-s2.0-84863143921
10641,10641,2-s2.0-84860903832
10643,10643,2-s2.0-84860864062
10647,10647,2-s2.0-84858602777
10648,10648,2-s2.0-84858328446
10650,10650,2-s2.0-84857990343
10651,10651,2-s2.0-84857777685
10652,10652,2-s2.0-84857355142
10657,10657,2-s2.0-84856838395
10659,10659,2-s2.0-84856430978
10660,10660,2-s2.0-84856335709
10663,10663,2-s2.0-84856104713
10664,10664,2-s2.0-84855988485
10667,10667,2-s2.0-84855695796
10670,10670,2-s2.0-84855668165
10672,10672,2-s2.0-84855355276
10673,10673,2-s2.0-84855341988
10675,10675,2-s2.0-84855317010
10677,10677,2-s2.0-83555164905
10680,10680,2-s2.0-84856300451
10681,10681,2-s2.0-84862963612
10682,10682,2-s2.0-84856063597
10685,10685,2-s2.0-84856045497
10687,10687,2-s2.0-84891584388
10689,10689,2-s2.0-84856065599
10690,10690,2-s2.0-84855895100
10692,10692,2-s2.0-85178565076
10693,10693,2-s2.0-85171942334
10696,10696,2-s2.0-85164866098
10698,10698,2-s2.0-85150367048
10699,10699,2-s2.0-85150270016
10700,10700,2-s2.0-85145095733
10702,10702,2-s2.0-85139214614
10705,10705,2-s2.0-85123146348
10707,10707,2-s2.0-85123140514
10710,10710,2-s2.0-85122396227
10711,10711,2-s2.0-85122394302
10712,10712,2-s2.0-85122372297
10713,10713,2-s2.0-85122348113
10714,10714,2-s2.0-85122340346
10717,10717,2-s2.0-85112303812
10718,10718,2-s2.0-85106940160
10719,10719,2-s2.0-85105670342
10720,10720,2-s2.0-85099067991
10721,10721,2-s2.0-85088759009
10725,10725,2-s2.0-85079299288
10726,10726,2-s2.0-85078912890
10728,10728,2-s2.0-85078825724
10729,10729,2-s2.0-85077325253
10733,10733,2-s2.0-85071795569
10735,10735,2-s2.0-85071136677
10736,10736,2-s2.0-85071121846
10740,10740,2-s2.0-85071087077
10741,10741,2-s2.0-85071086904
10743,10743,2-s2.0-85071077734
10745,10745,2-s2.0-85070943500
10746,10746,2-s2.0-85070635309
10747,10747,2-s2.0-85070634310
10749,10749,2-s2.0-85070593382
10751,10751,2-s2.0-85068091346
10752,10752,2-s2.0-85067991274
10753,10753,2-s2.0-85067943234
10755,10755,2-s2.0-85066997581
10757,10757,2-s2.0-85065681526
10758,10758,2-s2.0-85065680339
10759,10759,2-s2.0-85065678632
10761,10761,2-s2.0-85049694595
10762,10762,2-s2.0-85045018227
10763,10763,2-s2.0-85042119746
10765,10765,2-s2.0-85034424977
10766,10766,2-s2.0-85032942401
10768,10768,2-s2.0-85032882584
10774,10774,2-s2.0-85030155245
10778,10778,2-s2.0-85029127167
10779,10779,2-s2.0-85029125202
10780,10780,2-s2.0-85029122931
10782,10782,2-s2.0-85029120900
10784,10784,2-s2.0-85029120438
10787,10787,2-s2.0-85029118214
10788,10788,2-s2.0-85029118108
10789,10789,2-s2.0-85029117886
10791,10791,2-s2.0-85029115765
10792,10792,2-s2.0-85029114897
10793,10793,2-s2.0-85029114446
10798,10798,2-s2.0-85029112441
10800,10800,2-s2.0-85029112088
10803,10803,2-s2.0-85029110453
10814,10814,2-s2.0-85029102788
10815,10815,2-s2.0-85029102389
10819,10819,2-s2.0-85029101372
10820,10820,2-s2.0-85029100437
10821,10821,2-s2.0-85029100019
10822,10822,2-s2.0-85029099607
10823,10823,2-s2.0-85029098588
10825,10825,2-s2.0-85029096261
10827,10827,2-s2.0-85029092496
10828,10828,2-s2.0-85029090877
10829,10829,2-s2.0-85029089507
10834,10834,2-s2.0-85029086020
10835,10835,2-s2.0-85029085128
10841,10841,2-s2.0-85029079322
10842,10842,2-s2.0-85029079288
10845,10845,2-s2.0-85029078284
10846,10846,2-s2.0-85029078261
10849,10849,2-s2.0-85029076606
10851,10851,2-s2.0-85029075061
10853,10853,2-s2.0-85029073686
10854,10854,2-s2.0-85029072669
10855,10855,2-s2.0-85029071591
10856,10856,2-s2.0-85029070951
10857,10857,2-s2.0-85029068989
10860,10860,2-s2.0-85029067076
10861,10861,2-s2.0-85029066878
10863,10863,2-s2.0-85029065436
10868,10868,2-s2.0-85029062251
10869,10869,2-s2.0-85029061609
10870,10870,2-s2.0-85029061308
10872,10872,2-s2.0-85029059973
10873,10873,2-s2.0-85029058476
10875,10875,2-s2.0-85029056748
10878,10878,2-s2.0-85029053477
10879,10879,2-s2.0-85029051720
10880,10880,2-s2.0-85029051665
10883,10883,2-s2.0-85029048019
10884,10884,2-s2.0-85029047981
10885,10885,2-s2.0-85029047805
10887,10887,2-s2.0-85029046101
10888,10888,2-s2.0-85029045303
10889,10889,2-s2.0-85029045049
10890,10890,2-s2.0-85029042502
10895,10895,2-s2.0-85029037360
10897,10897,2-s2.0-85029037264
10900,10900,2-s2.0-85029036201
10902,10902,2-s2.0-85029033749
10907,10907,2-s2.0-85029027181
10909,10909,2-s2.0-85029025597
10911,10911,2-s2.0-85029024457
10912,10912,2-s2.0-85029023804
10917,10917,2-s2.0-85027528288
10920,10920,2-s2.0-85027068260
10923,10923,2-s2.0-85024848569
10925,10925,2-s2.0-85023887045
10926,10926,2-s2.0-85023862485
10927,10927,2-s2.0-85021009605
10929,10929,2-s2.0-85016069612
10930,10930,2-s2.0-85015829433
10932,10932,2-s2.0-85014037885
10933,10933,2-s2.0-85013738063
10935,10935,2-s2.0-85011617275
10939,10939,2-s2.0-84996564238
10940,10940,2-s2.0-84996524229
10941,10941,2-s2.0-84995402632
10942,10942,2-s2.0-84990361626
10943,10943,2-s2.0-84988368659
10944,10944,2-s2.0-84976460801
10945,10945,2-s2.0-84973115951
10950,10950,2-s2.0-84958124364
10951,10951,2-s2.0-84958116719
10956,10956,2-s2.0-84956795407
10958,10958,2-s2.0-84954583483
10959,10959,2-s2.0-84948120898
10961,10961,2-s2.0-84948111260
10962,10962,2-s2.0-84948108477
10963,10963,2-s2.0-84948103373
10964,10964,2-s2.0-84948102292
10965,10965,2-s2.0-84948071908
10966,10966,2-s2.0-84947900709
10968,10968,2-s2.0-84947899512
10969,10969,2-s2.0-84946894310
10974,10974,2-s2.0-84941288226
10975,10975,2-s2.0-84941264989
10977,10977,2-s2.0-84940014937
10980,10980,2-s2.0-84939528306
10983,10983,2-s2.0-84939517957
10984,10984,2-s2.0-84939515850
10985,10985,2-s2.0-84939504904
10987,10987,2-s2.0-84939499895
10988,10988,2-s2.0-84939499148
10991,10991,2-s2.0-84939496652
10992,10992,2-s2.0-84939496000
10994,10994,2-s2.0-84939482360
10996,10996,2-s2.0-84937767744
10998,10998,2-s2.0-84931833377
11000,11000,2-s2.0-84930597817
11001,11001,2-s2.0-84929814934
11002,11002,2-s2.0-84929746317
11003,11003,2-s2.0-84928256087
11004,11004,2-s2.0-84928226715
11005,11005,2-s2.0-84926140036
11006,11006,2-s2.0-84926087746
11008,11008,2-s2.0-84925651825
11009,11009,2-s2.0-84925616349
11011,11011,2-s2.0-84922701082
11012,11012,2-s2.0-84922692438
11014,11014,2-s2.0-84921657215
11015,11015,2-s2.0-84920699438
11016,11016,2-s2.0-84920689868
11019,11019,2-s2.0-84919946209
11021,11021,2-s2.0-84917462794
11024,11024,2-s2.0-84912042765
11029,11029,2-s2.0-84906704210
11031,11031,2-s2.0-84906200557
11032,11032,2-s2.0-84906138218
11034,11034,2-s2.0-84905745980
11038,11038,2-s2.0-84899517657
11041,11041,2-s2.0-84899069491
11043,11043,2-s2.0-84897815614
11047,11047,2-s2.0-84897002779
11048,11048,2-s2.0-84896486497
11052,11052,2-s2.0-84896362154
11054,11054,2-s2.0-84896343254
11055,11055,2-s2.0-84896329571
11058,11058,2-s2.0-84893526133
11059,11059,2-s2.0-84893438105
11060,11060,2-s2.0-84892585351
11063,11063,2-s2.0-84890582897
11066,11066,2-s2.0-84888020687
11068,11068,2-s2.0-84887963466
11069,11069,2-s2.0-84887960162
11071,11071,2-s2.0-84887862647
11072,11072,2-s2.0-84887284506
11073,11073,2-s2.0-84887280008
11074,11074,2-s2.0-84884328616
11076,11076,2-s2.0-84883476009
11081,11081,2-s2.0-84878067336
11083,11083,2-s2.0-84877865529
11085,11085,2-s2.0-84877654148
11086,11086,2-s2.0-84877329895
11087,11087,2-s2.0-84877155388
11089,11089,2-s2.0-84876357734
11090,11090,2-s2.0-84875547282
11092,11092,2-s2.0-84875234272
11094,11094,2-s2.0-84875007820
11098,11098,2-s2.0-84874673723
11099,11099,2-s2.0-84874370871
11101,11101,2-s2.0-84872933953
11102,11102,2-s2.0-84872512220
11103,11103,2-s2.0-84872465013
11104,11104,2-s2.0-84872320637
11105,11105,2-s2.0-84872103031
11107,11107,2-s2.0-84872100437
11108,11108,2-s2.0-84872087518
11114,11114,2-s2.0-84871593395
11115,11115,2-s2.0-84871569716
11116,11116,2-s2.0-84871560848
11120,11120,2-s2.0-84871539094
11123,11123,2-s2.0-84871155279
11124,11124,2-s2.0-84870910327
11125,11125,2-s2.0-84870837791
11130,11130,2-s2.0-84870322525
11131,11131,2-s2.0-84869889620
11133,11133,2-s2.0-84869846267
11134,11134,2-s2.0-84869842146
11136,11136,2-s2.0-84869824795
11137,11137,2-s2.0-84869820893
11138,11138,2-s2.0-84869804111
11140,11140,2-s2.0-84869778338
11141,11141,2-s2.0-84869764520
11145,11145,2-s2.0-84868090412
11146,11146,2-s2.0-84867924181
11152,11152,2-s2.0-84866840226
11153,11153,2-s2.0-84866566209
11154,11154,2-s2.0-84866552487
11155,11155,2-s2.0-84866542205
11162,11162,2-s2.0-84866075289
11164,11164,2-s2.0-84865854497
11165,11165,2-s2.0-84865823963
11167,11167,2-s2.0-84865636737
11169,11169,2-s2.0-84865371816
11171,11171,2-s2.0-84865248634
11177,11177,2-s2.0-84864879773
11178,11178,2-s2.0-84864878588
11180,11180,2-s2.0-84864875444
11181,11181,2-s2.0-84864874353
11184,11184,2-s2.0-84864692674
11185,11185,2-s2.0-84864574172
11186,11186,2-s2.0-84864476605
11189,11189,2-s2.0-84864400816
11191,11191,2-s2.0-84864268995
11192,11192,2-s2.0-84864259500
11193,11193,2-s2.0-84864246650
11195,11195,2-s2.0-84863938812
11196,11196,2-s2.0-84863921898
11200,11200,2-s2.0-84863860241
11202,11202,2-s2.0-84863846410
11204,11204,2-s2.0-84863845440
11205,11205,2-s2.0-84863843119
11207,11207,2-s2.0-84863820315
11208,11208,2-s2.0-84863817859
11209,11209,2-s2.0-84863799531
11211,11211,2-s2.0-84863790134
11214,11214,2-s2.0-84863786308
11216,11216,2-s2.0-84863690503
11217,11217,2-s2.0-84863678862
11218,11218,2-s2.0-84863672257
11221,11221,2-s2.0-84863197613
11225,11225,2-s2.0-84863048082
11226,11226,2-s2.0-84863041692
11230,11230,2-s2.0-84862529952
11232,11232,2-s2.0-84862332682
11233,11233,2-s2.0-84862282529
11235,11235,2-s2.0-84862267369
11236,11236,2-s2.0-84861791127
11237,11237,2-s2.0-84861779474
11239,11239,2-s2.0-84861496583
11240,11240,2-s2.0-84861155873
11245,11245,2-s2.0-84860893949
11248,11248,2-s2.0-84860615431
11251,11251,2-s2.0-84860354209
11254,11254,2-s2.0-84860121790
11255,11255,2-s2.0-84859761369
11256,11256,2-s2.0-84859702263
11258,11258,2-s2.0-84859499527
11259,11259,2-s2.0-84859486541
11262,11262,2-s2.0-84859055462
11268,11268,2-s2.0-84857341963
11269,11269,2-s2.0-84857089804
11271,11271,2-s2.0-84857021142
11272,11272,2-s2.0-84857011304
11278,11278,2-s2.0-84856760549
11281,11281,2-s2.0-84856575413
11282,11282,2-s2.0-84856484937
11286,11286,2-s2.0-84856335149
11289,11289,2-s2.0-84856163961
11290,11290,2-s2.0-84856094654
11295,11295,2-s2.0-84855730108
11297,11297,2-s2.0-84855507954
11299,11299,2-s2.0-84255188390
11300,11300,2-s2.0-83255164145
11301,11301,2-s2.0-82855169342
11303,11303,2-s2.0-82555187971
11308,11308,2-s2.0-81255209184
11309,11309,2-s2.0-81255184714
11311,11311,2-s2.0-80052877878
11312,11312,2-s2.0-80052827145
11313,11313,2-s2.0-79953708446
11315,11315,2-s2.0-33749085678
11316,11316,2-s2.0-105012712238
11320,11320,2-s2.0-105012685668
11324,11324,2-s2.0-105012652905
11325,11325,2-s2.0-105012544527
11326,11326,2-s2.0-105012528621
11327,11327,2-s2.0-105012506592
11328,11328,2-s2.0-105012500496
11332,11332,2-s2.0-105011922887
11334,11334,2-s2.0-105011915913
11336,11336,2-s2.0-105011000913
11342,11342,2-s2.0-84944389242
11351,11351,2-s2.0-84890147770
11352,11352,2-s2.0-84890146266
11354,11354,2-s2.0-84890101417
11357,11357,2-s2.0-84890037336
11358,11358,2-s2.0-84890015739
11359,11359,2-s2.0-84889817985
11361,11361,2-s2.0-84889779180
11365,11365,2-s2.0-84892389132
11366,11366,2-s2.0-84889077912
11367,11367,2-s2.0-84889049649
11368,11368,2-s2.0-84888990233
11371,11371,2-s2.0-84889039381
11372,11372,2-s2.0-84889027323
11373,11373,2-s2.0-84888380007
11375,11375,2-s2.0-85164573828
11376,11376,2-s2.0-84994332389
11378,11378,2-s2.0-84927566404
11380,11380,2-s2.0-84906159616
11382,11382,2-s2.0-84902658375
11383,11383,2-s2.0-84900630112
11386,11386,2-s2.0-84898203460
11389,11389,2-s2.0-84897883122
11391,11391,2-s2.0-84897854528
11392,11392,2-s2.0-84896847634
11393,11393,2-s2.0-84896762209
11395,11395,2-s2.0-84896584765
11396,11396,2-s2.0-84895369084
11397,11397,2-s2.0-84895319076
11398,11398,2-s2.0-84895262793
11400,11400,2-s2.0-84894258897
11401,11401,2-s2.0-84894252360
11402,11402,2-s2.0-84894251442
11403,11403,2-s2.0-84894214611
11406,11406,2-s2.0-84894147295
11407,11407,2-s2.0-84894144250
11408,11408,2-s2.0-84894142245
11415,11415,2-s2.0-84893609024
11418,11418,2-s2.0-84893340581
11419,11419,2-s2.0-84893332793
11420,11420,2-s2.0-84893326481
11421,11421,2-s2.0-84893322715
11422,11422,2-s2.0-84893317959
11424,11424,2-s2.0-84893308260
11425,11425,2-s2.0-84893299565
11427,11427,2-s2.0-84893281570
11428,11428,2-s2.0-84893279251
11432,11432,2-s2.0-84893260132
11434,11434,2-s2.0-84893233125
11435,11435,2-s2.0-84893226810
11436,11436,2-s2.0-84893224539
11437,11437,2-s2.0-84893212929
11439,11439,2-s2.0-84893180390
11440,11440,2-s2.0-84893128927
11442,11442,2-s2.0-84893050493
11445,11445,2-s2.0-84892917745
11446,11446,2-s2.0-84892908521
11450,11450,2-s2.0-84892838724
11453,11453,2-s2.0-84892730580
11456,11456,2-s2.0-84892664615
11457,11457,2-s2.0-84892659289
11461,11461,2-s2.0-84892646311
11462,11462,2-s2.0-84892638082
11464,11464,2-s2.0-84892568061
11465,11465,2-s2.0-84892542816
11467,11467,2-s2.0-84892521111
11468,11468,2-s2.0-84892516883
11469,11469,2-s2.0-84892494578
11470,11470,2-s2.0-84892485430
11471,11471,2-s2.0-84892461783
11473,11473,2-s2.0-84892220138
11477,11477,2-s2.0-84891897089
11479,11479,2-s2.0-84891862928
11480,11480,2-s2.0-84891805736
11481,11481,2-s2.0-84891531995
11483,11483,2-s2.0-84890607411
11485,11485,2-s2.0-84890459319
11488,11488,2-s2.0-84890356885
11492,11492,2-s2.0-84889658338
11493,11493,2-s2.0-84889646160
11494,11494,2-s2.0-84889638838
11495,11495,2-s2.0-84889596336
11496,11496,2-s2.0-84889262523
11499,11499,2-s2.0-84889003742
11500,11500,2-s2.0-84888998190
11501,11501,2-s2.0-84888849464
11505,11505,2-s2.0-84888824785
11513,11513,2-s2.0-84888059815
11514,11514,2-s2.0-84888058541
11515,11515,2-s2.0-84888048109
11517,11517,2-s2.0-84888040368
11518,11518,2-s2.0-84888028919
11519,11519,2-s2.0-84888020737
11522,11522,2-s2.0-84887501223
11523,11523,2-s2.0-84887412075
11524,11524,2-s2.0-84887320386
11525,11525,2-s2.0-84887305832
11527,11527,2-s2.0-84887051663
11532,11532,2-s2.0-84885033176
11539,11539,2-s2.0-84887880859
11540,11540,2-s2.0-84887866163
11543,11543,2-s2.0-84887425867
11544,11544,2-s2.0-84887533969
11545,11545,2-s2.0-84890464176
11547,11547,2-s2.0-84887197779
11548,11548,2-s2.0-84887045272
11551,11551,2-s2.0-84933074528
11552,11552,2-s2.0-84933038583
11553,11553,2-s2.0-84933038381
11554,11554,2-s2.0-84933036945
11555,11555,2-s2.0-84933036499
11559,11559,2-s2.0-84930702707
11562,11562,2-s2.0-84929668865
11565,11565,2-s2.0-84929539444
11566,11566,2-s2.0-84900838979
11568,11568,2-s2.0-84890372294
11569,11569,2-s2.0-84890214771
11570,11570,2-s2.0-84890145226
11572,11572,2-s2.0-84888601148
11573,11573,2-s2.0-84888418834
11574,11574,2-s2.0-84888410683
11575,11575,2-s2.0-84888395182
11576,11576,2-s2.0-84888063196
11577,11577,2-s2.0-84887952061
11578,11578,2-s2.0-84887555938
11579,11579,2-s2.0-84887392023
11580,11580,2-s2.0-84887388910
11581,11581,2-s2.0-84887357200
11584,11584,2-s2.0-84887330573
11586,11586,2-s2.0-84887061356
11589,11589,2-s2.0-84886615003
11590,11590,2-s2.0-84886614919
11591,11591,2-s2.0-84886396014
11595,11595,2-s2.0-84885663385
11598,11598,2-s2.0-84885592982
11600,11600,2-s2.0-84885458462
11601,11601,2-s2.0-84885076312
11604,11604,2-s2.0-84884292430
11607,11607,2-s2.0-84944883901
11610,11610,2-s2.0-84886537148
11612,11612,2-s2.0-84886517898
11614,11614,2-s2.0-84886492167
11617,11617,2-s2.0-84886481374
11619,11619,2-s2.0-84886442343
11621,11621,2-s2.0-84886076376
11622,11622,2-s2.0-84886045687
11625,11625,2-s2.0-84886935614
11628,11628,2-s2.0-84886881044
11630,11630,2-s2.0-84886873414
11634,11634,2-s2.0-85079578037
11638,11638,2-s2.0-84885349458
11642,11642,2-s2.0-84885218151
11646,11646,2-s2.0-84885083081
11647,11647,2-s2.0-84885066804
11651,11651,2-s2.0-84884919021
11657,11657,2-s2.0-84958536537
11661,11661,2-s2.0-84892542459
11662,11662,2-s2.0-84892536745
11665,11665,2-s2.0-84890121249
11666,11666,2-s2.0-84887193792
11667,11667,2-s2.0-84886391076
11668,11668,2-s2.0-84886027252
11669,11669,2-s2.0-84885961334
11671,11671,2-s2.0-84885956561
11676,11676,2-s2.0-84884874836
11677,11677,2-s2.0-84884821546
11678,11678,2-s2.0-84884819943
11681,11681,2-s2.0-84884773214
11682,11682,2-s2.0-84884657320
11685,11685,2-s2.0-84884600676
11687,11687,2-s2.0-84884599868
11691,11691,2-s2.0-84884564625
11694,11694,2-s2.0-84884530267
11695,11695,2-s2.0-84884493717
11697,11697,2-s2.0-84883822139
11698,11698,2-s2.0-84883813502
11699,11699,2-s2.0-84883795790
11700,11700,2-s2.0-84883782506
11702,11702,2-s2.0-84881245791
11705,11705,2-s2.0-84880597355
11710,11710,2-s2.0-84879524485
11712,11712,2-s2.0-84945347423
11713,11713,2-s2.0-84944907732
11716,11716,2-s2.0-84921689379
11718,11718,2-s2.0-84884344748
11719,11719,2-s2.0-84884344586
11721,11721,2-s2.0-84884343194
11722,11722,2-s2.0-84884341471
11723,11723,2-s2.0-84884340140
11725,11725,2-s2.0-84884339769
11729,11729,2-s2.0-84884337001
11730,11730,2-s2.0-84884336863
11732,11732,2-s2.0-84884336013
11733,11733,2-s2.0-84884335509
11734,11734,2-s2.0-84884335475
11735,11735,2-s2.0-84884334925
11738,11738,2-s2.0-84884334064
11741,11741,2-s2.0-84884333251
11742,11742,2-s2.0-84884332936
11745,11745,2-s2.0-84884329530
11747,11747,2-s2.0-84884328911
11749,11749,2-s2.0-84884328452
11750,11750,2-s2.0-84884328150
11754,11754,2-s2.0-84884324034
11755,11755,2-s2.0-84884322493
11756,11756,2-s2.0-84884322442
11757,11757,2-s2.0-84884321665
11764,11764,2-s2.0-84884316256
11765,11765,2-s2.0-84884316145
11766,11766,2-s2.0-84884316090
11767,11767,2-s2.0-84884315380
11776,11776,2-s2.0-84884311970
11785,11785,2-s2.0-84884307442
11786,11786,2-s2.0-84884306880
11787,11787,2-s2.0-84884304875
11791,11791,2-s2.0-84884301162
11794,11794,2-s2.0-84884300494
11797,11797,2-s2.0-84884298402
11798,11798,2-s2.0-84884298214
11800,11800,2-s2.0-84884297585
11801,11801,2-s2.0-84884296369
11802,11802,2-s2.0-84884296162
11803,11803,2-s2.0-84884294837
11804,11804,2-s2.0-84884294658
11806,11806,2-s2.0-84960125224
11807,11807,2-s2.0-84884275494
11810,11810,2-s2.0-84884195782
11812,11812,2-s2.0-84883829523
11813,11813,2-s2.0-84883824202
11814,11814,2-s2.0-84883730161
11815,11815,2-s2.0-84883657997
11818,11818,2-s2.0-84883533020
11819,11819,2-s2.0-84883528315
11820,11820,2-s2.0-84883524976
11823,11823,2-s2.0-84883486504
11824,11824,2-s2.0-84883482881
11826,11826,2-s2.0-84883383568
11830,11830,2-s2.0-84883276862
11831,11831,2-s2.0-84883894434
11835,11835,2-s2.0-84883106122
11836,11836,2-s2.0-84883096645
11837,11837,2-s2.0-84883059791
11838,11838,2-s2.0-85064184461
11840,11840,2-s2.0-84929851875
11841,11841,2-s2.0-84899087976
11843,11843,2-s2.0-84890616042
11844,11844,2-s2.0-84890175478
11847,11847,2-s2.0-84884988568
11848,11848,2-s2.0-84884982968
11853,11853,2-s2.0-84884169330
11854,11854,2-s2.0-84884159637
11860,11860,2-s2.0-84883227390
11861,11861,2-s2.0-84882718509
11864,11864,2-s2.0-84882610587
11865,11865,2-s2.0-84882260553
11869,11869,2-s2.0-84881303213
11870,11870,2-s2.0-84881083951
11871,11871,2-s2.0-84881081673
11872,11872,2-s2.0-84881077318
11878,11878,2-s2.0-84881023855
11880,11880,2-s2.0-84880817986
11883,11883,2-s2.0-84880795321
11884,11884,2-s2.0-84880777703
11885,11885,2-s2.0-84880755568
11888,11888,2-s2.0-84880062287
11889,11889,2-s2.0-84879651297
11890,11890,2-s2.0-84876813488
11892,11892,2-s2.0-84945333854
11895,11895,2-s2.0-84944399957
11896,11896,2-s2.0-84944396428
11900,11900,2-s2.0-84882688231
11902,11902,2-s2.0-84882424877
11903,11903,2-s2.0-84883121112
11905,11905,2-s2.0-84881637187
11909,11909,2-s2.0-84881499001
11911,11911,2-s2.0-84881406805
11913,11913,2-s2.0-84881300637
11914,11914,2-s2.0-84882283473
11922,11922,2-s2.0-84881020537
11925,11925,2-s2.0-84880993950
11926,11926,2-s2.0-84880991559
11928,11928,2-s2.0-84880983225
11929,11929,2-s2.0-84880977312
11932,11932,2-s2.0-84880957033
11933,11933,2-s2.0-84880938620
11935,11935,2-s2.0-84880910991
11936,11936,2-s2.0-84880906282
11942,11942,2-s2.0-84880872408
11943,11943,2-s2.0-84880865222
11945,11945,2-s2.0-84880856310
11947,11947,2-s2.0-84930456908
11949,11949,2-s2.0-84930452753
11951,11951,2-s2.0-84922250895
11952,11952,2-s2.0-84921434586
11954,11954,2-s2.0-84893712626
11955,11955,2-s2.0-84893710820
11957,11957,2-s2.0-84893708723
11958,11958,2-s2.0-84893704815
11966,11966,2-s2.0-84893637317
11969,11969,2-s2.0-84889033058
11972,11972,2-s2.0-84884531927
11973,11973,2-s2.0-84884531253
11978,11978,2-s2.0-84883198589
11979,11979,2-s2.0-84883083934
11983,11983,2-s2.0-84881357955
11992,11992,2-s2.0-84880330765
11994,11994,2-s2.0-84880065050
11997,11997,2-s2.0-84879996855
11998,11998,2-s2.0-84879930360
12002,12002,2-s2.0-84878041220
12003,12003,2-s2.0-84877338168
12004,12004,2-s2.0-84876484696
12005,12005,2-s2.0-84875103726
12007,12007,2-s2.0-84879083407
12011,12011,2-s2.0-84880518302
12012,12012,2-s2.0-84880518078
12013,12013,2-s2.0-84883446561
12014,12014,2-s2.0-84880388818
12016,12016,2-s2.0-84883488523
12017,12017,2-s2.0-84880121075
12019,12019,2-s2.0-84880104534
12024,12024,2-s2.0-85021344814
12031,12031,2-s2.0-84879956179
12032,12032,2-s2.0-84879953297
12035,12035,2-s2.0-84879907320
12037,12037,2-s2.0-84879860714
12038,12038,2-s2.0-84879846729
12039,12039,2-s2.0-84880026496
12044,12044,2-s2.0-84879657505
12045,12045,2-s2.0-84879655008
12046,12046,2-s2.0-84879653162
12047,12047,2-s2.0-84879637362
12048,12048,2-s2.0-84879633033
12050,12050,2-s2.0-84879532348
12051,12051,2-s2.0-84879497526
12053,12053,2-s2.0-84880083597
12057,12057,2-s2.0-85020058369
12059,12059,2-s2.0-84948082664
12061,12061,2-s2.0-84894300923
12064,12064,2-s2.0-84892509190
12068,12068,2-s2.0-84885668641
12070,12070,2-s2.0-84880812292
12078,12078,2-s2.0-84879328485
12081,12081,2-s2.0-84878641633
12082,12082,2-s2.0-84878638042
12083,12083,2-s2.0-84878604103
12085,12085,2-s2.0-84876021543
12086,12086,2-s2.0-84874797023
12087,12087,2-s2.0-84946749107
12089,12089,2-s2.0-85096764190
12092,12092,2-s2.0-84879042664
12093,12093,2-s2.0-84882433750
12095,12095,2-s2.0-84878871724
12097,12097,2-s2.0-84878790693
12099,12099,2-s2.0-84878662142
12102,12102,2-s2.0-85071187803
12103,12103,2-s2.0-84932650116
12104,12104,2-s2.0-84892894995
12105,12105,2-s2.0-84892879948
12106,12106,2-s2.0-84892866305
12113,12113,2-s2.0-84882453207
12114,12114,2-s2.0-84882257319
12116,12116,2-s2.0-84880963587
12117,12117,2-s2.0-84880928130
12122,12122,2-s2.0-84879270535
12124,12124,2-s2.0-84878639051
12125,12125,2-s2.0-84878487834
12128,12128,2-s2.0-84878113384
12130,12130,2-s2.0-84878065465
12133,12133,2-s2.0-84877915367
12134,12134,2-s2.0-84877633029
12136,12136,2-s2.0-84877597762
12137,12137,2-s2.0-84877267260
12140,12140,2-s2.0-84877070650
12141,12141,2-s2.0-84877056281
12142,12142,2-s2.0-84877025608
12143,12143,2-s2.0-84877010734
12144,12144,2-s2.0-84876363856
12148,12148,2-s2.0-84875242137
12150,12150,2-s2.0-84872657693
12154,12154,2-s2.0-84946781482
12156,12156,2-s2.0-84946763765
12158,12158,2-s2.0-84946752222
12160,12160,2-s2.0-84946749577
12163,12163,2-s2.0-84946734739
12165,12165,2-s2.0-84946723205
12167,12167,2-s2.0-84946713399
12168,12168,2-s2.0-84945397160
12169,12169,2-s2.0-84945380051
12170,12170,2-s2.0-84945368858
12173,12173,2-s2.0-84878254223
12174,12174,2-s2.0-84878084053
12178,12178,2-s2.0-84877761040
12180,12180,2-s2.0-84877156798
12182,12182,2-s2.0-84876939710
12184,12184,2-s2.0-85057051361
12188,12188,2-s2.0-84876798372
12189,12189,2-s2.0-84876790704
12190,12190,2-s2.0-85046796009
12194,12194,2-s2.0-84892841202
12198,12198,2-s2.0-84888113384
12199,12199,2-s2.0-84888050407
12200,12200,2-s2.0-84887343939
12201,12201,2-s2.0-84886415573
12203,12203,2-s2.0-84884382748
12204,12204,2-s2.0-84882623342
12207,12207,2-s2.0-84878594039
12208,12208,2-s2.0-84878338993
12209,12209,2-s2.0-84878210925
12212,12212,2-s2.0-84878054555
12214,12214,2-s2.0-84877310298
12217,12217,2-s2.0-84877268642
12218,12218,2-s2.0-84877257081
12222,12222,2-s2.0-84876831800
12224,12224,2-s2.0-84876197001
12226,12226,2-s2.0-84876166055
12228,12228,2-s2.0-84876149683
12230,12230,2-s2.0-84876114085
12231,12231,2-s2.0-84876046926
12238,12238,2-s2.0-84875189333
12240,12240,2-s2.0-84898189262
12244,12244,2-s2.0-85040729138
12246,12246,2-s2.0-84876561016
12247,12247,2-s2.0-84876482828
12249,12249,2-s2.0-84933670763
12252,12252,2-s2.0-84876344569
12257,12257,2-s2.0-84876209489
12258,12258,2-s2.0-84876132447
12259,12259,2-s2.0-84876122237
12265,12265,2-s2.0-84876072752
12266,12266,2-s2.0-84876009878
12267,12267,2-s2.0-84875584588
12270,12270,2-s2.0-84909090881
12271,12271,2-s2.0-84875475846
12273,12273,2-s2.0-84892890738
12275,12275,2-s2.0-84892837348
12278,12278,2-s2.0-84879089058
12280,12280,2-s2.0-84878601680
12283,12283,2-s2.0-84877841507
12285,12285,2-s2.0-84876545765
12289,12289,2-s2.0-84876114713
12290,12290,2-s2.0-84876064355
12297,12297,2-s2.0-84875847092
12299,12299,2-s2.0-84875534582
12300,12300,2-s2.0-84875505038
12302,12302,2-s2.0-84875495708
12305,12305,2-s2.0-84875429275
12312,12312,2-s2.0-84875024354
12314,12314,2-s2.0-84873525639
12316,12316,2-s2.0-84871051655
12317,12317,2-s2.0-85068881470
12319,12319,2-s2.0-84940401065
12320,12320,2-s2.0-84875256426
12322,12322,2-s2.0-84875032209
12323,12323,2-s2.0-105011572649
12327,12327,2-s2.0-84874895878
12329,12329,2-s2.0-84874876330
12331,12331,2-s2.0-84874887353
12333,12333,2-s2.0-85082029947
12336,12336,2-s2.0-84977134540
12342,12342,2-s2.0-84892841063
12346,12346,2-s2.0-84892002485
12348,12348,2-s2.0-84879021530
12349,12349,2-s2.0-84879000904
12350,12350,2-s2.0-84878243125
12351,12351,2-s2.0-84877973111
12354,12354,2-s2.0-84877844386
12356,12356,2-s2.0-84875940453
12359,12359,2-s2.0-84875479459
12360,12360,2-s2.0-84875443268
12362,12362,2-s2.0-84875375627
12363,12363,2-s2.0-84875371204
12365,12365,2-s2.0-84875318628
12366,12366,2-s2.0-84875282565
12368,12368,2-s2.0-84874993647
12369,12369,2-s2.0-84874928455
12371,12371,2-s2.0-84874661248
12372,12372,2-s2.0-84874641866
12375,12375,2-s2.0-84874631959
12376,12376,2-s2.0-84874631183
12377,12377,2-s2.0-84874621950
12379,12379,2-s2.0-84874601148
12381,12381,2-s2.0-84874414887
12382,12382,2-s2.0-84874315400
12383,12383,2-s2.0-84874306585
12384,12384,2-s2.0-84874292021
12385,12385,2-s2.0-84874244274
12386,12386,2-s2.0-84874189959
12388,12388,2-s2.0-84874087842
12392,12392,2-s2.0-84873703454
12396,12396,2-s2.0-84873615466
12400,12400,2-s2.0-84873523747
12404,12404,2-s2.0-84873296190
12408,12408,2-s2.0-84870066116
12409,12409,2-s2.0-84869209416
12410,12410,2-s2.0-84944551917
12411,12411,2-s2.0-84898213518
12414,12414,2-s2.0-84874219679
12419,12419,2-s2.0-84873928832
12420,12420,2-s2.0-84873896928
12421,12421,2-s2.0-84873644012
12422,12422,2-s2.0-84873625188
12423,12423,2-s2.0-84874189698
12427,12427,2-s2.0-85179194781
12428,12428,2-s2.0-85029384723
12429,12429,2-s2.0-85027953302
12431,12431,2-s2.0-84945197857
12432,12432,2-s2.0-84884527483
12433,12433,2-s2.0-84881245175
12434,12434,2-s2.0-84879322740
12438,12438,2-s2.0-84874451290
12440,12440,2-s2.0-84873710607
12445,12445,2-s2.0-84873321050
12447,12447,2-s2.0-84872926480
12449,12449,2-s2.0-84872796887
12450,12450,2-s2.0-84872711124
12454,12454,2-s2.0-84872353143
12455,12455,2-s2.0-84872348797
12456,12456,2-s2.0-84870945650
12460,12460,2-s2.0-84866174984
12462,12462,2-s2.0-84872979092
12463,12463,2-s2.0-84872928661
12465,12465,2-s2.0-84922225136
12470,12470,2-s2.0-85119306994
12472,12472,2-s2.0-84872138768
12473,12473,2-s2.0-84872122589
12474,12474,2-s2.0-84871776247
12483,12483,2-s2.0-85200849378
12484,12484,2-s2.0-85200839131
12486,12486,2-s2.0-85165372180
12488,12488,2-s2.0-85142583029
12489,12489,2-s2.0-85142112117
12490,12490,2-s2.0-85140645665
12491,12491,2-s2.0-85140361727
12496,12496,2-s2.0-85139599640
12500,12500,2-s2.0-85136695888
12501,12501,2-s2.0-85136664948
12502,12502,2-s2.0-85136655702
12506,12506,2-s2.0-85136628319
12510,12510,2-s2.0-85122343786
12512,12512,2-s2.0-85102016714
12517,12517,2-s2.0-85102007502
12519,12519,2-s2.0-85102005133
12521,12521,2-s2.0-85101999427
12522,12522,2-s2.0-85101999312
12526,12526,2-s2.0-85101983133
12529,12529,2-s2.0-85101969506
12530,12530,2-s2.0-85101966749
12531,12531,2-s2.0-85101963874
12532,12532,2-s2.0-85101961328
12533,12533,2-s2.0-85101956075
12534,12534,2-s2.0-85101955734
12535,12535,2-s2.0-85098051525
12536,12536,2-s2.0-85092896116
12537,12537,2-s2.0-85087673672
12540,12540,2-s2.0-85085820101
12545,12545,2-s2.0-85084011703
12547,12547,2-s2.0-85078928479
12550,12550,2-s2.0-85076142806
12555,12555,2-s2.0-85071529149
12556,12556,2-s2.0-85070972653
12557,12557,2-s2.0-85070618919
12558,12558,2-s2.0-85070417579
12560,12560,2-s2.0-85070009863
12561,12561,2-s2.0-85070009507
12565,12565,2-s2.0-85069986956
12567,12567,2-s2.0-85068094137
12568,12568,2-s2.0-85068082207
12569,12569,2-s2.0-85068064774
12570,12570,2-s2.0-85068031447
12571,12571,2-s2.0-85068027972
12572,12572,2-s2.0-85068026546
12574,12574,2-s2.0-85068003272
12577,12577,2-s2.0-85067984912
12584,12584,2-s2.0-85067958814
12586,12586,2-s2.0-85067949740
12587,12587,2-s2.0-85067949565
12588,12588,2-s2.0-85067939165
12589,12589,2-s2.0-85067936870
12590,12590,2-s2.0-85067926917
12591,12591,2-s2.0-85067916499
12594,12594,2-s2.0-85066272332
12595,12595,2-s2.0-85066263310
12596,12596,2-s2.0-85065949274
12597,12597,2-s2.0-85065941974
12598,12598,2-s2.0-85065678015
12601,12601,2-s2.0-85064370966
12603,12603,2-s2.0-85064364071
12604,12604,2-s2.0-85064363277
12606,12606,2-s2.0-85062076692
12608,12608,2-s2.0-85056657427
12609,12609,2-s2.0-85056101478
12611,12611,2-s2.0-85055869270
12614,12614,2-s2.0-85046550202
12616,12616,2-s2.0-85043447490
12627,12627,2-s2.0-85029659876
12628,12628,2-s2.0-85029607923
12630,12630,2-s2.0-85029452994
12631,12631,2-s2.0-85029304015
12632,12632,2-s2.0-85029283279
12635,12635,2-s2.0-85029027955
12636,12636,2-s2.0-85028687023
12637,12637,2-s2.0-85028682267
12639,12639,2-s2.0-85028664646
12641,12641,2-s2.0-85028653521
12642,12642,2-s2.0-85028642416
12645,12645,2-s2.0-85027813167
12646,12646,2-s2.0-85026575852
12647,12647,2-s2.0-85025657104
12651,12651,2-s2.0-85024052519
12653,12653,2-s2.0-85023988711
12654,12654,2-s2.0-85023985542
12655,12655,2-s2.0-85023979116
12656,12656,2-s2.0-85023970021
12657,12657,2-s2.0-85018937472
12659,12659,2-s2.0-85018894861
12660,12660,2-s2.0-85018889235
12661,12661,2-s2.0-85018872635
12662,12662,2-s2.0-85017609803
12665,12665,2-s2.0-85016474278
12666,12666,2-s2.0-85015545190
12670,12670,2-s2.0-85011362652
12671,12671,2-s2.0-85011323720
12672,12672,2-s2.0-85009386338
12674,12674,2-s2.0-85007064384
12676,12676,2-s2.0-85006587927
12677,12677,2-s2.0-85006425951
12681,12681,2-s2.0-84994822792
12683,12683,2-s2.0-84992546284
12688,12688,2-s2.0-84983301232
12690,12690,2-s2.0-84978071124
12692,12692,2-s2.0-84976457471
12694,12694,2-s2.0-84968755027
12695,12695,2-s2.0-84964497908
12697,12697,2-s2.0-84961336479
12698,12698,2-s2.0-84960942983
12700,12700,2-s2.0-84958102958
12704,12704,2-s2.0-84957033388
12705,12705,2-s2.0-84956813629
12707,12707,2-s2.0-84956610600
12708,12708,2-s2.0-84955757556
12710,12710,2-s2.0-84955646469
12711,12711,2-s2.0-84955632667
12712,12712,2-s2.0-84955394743
12713,12713,2-s2.0-84955336274
12714,12714,2-s2.0-84954147178
12715,12715,2-s2.0-84953218559
12720,12720,2-s2.0-84948153290
12721,12721,2-s2.0-84948112897
12722,12722,2-s2.0-84948066096
12724,12724,2-s2.0-84946165805
12726,12726,2-s2.0-84945902908
12728,12728,2-s2.0-84944034231
12731,12731,2-s2.0-84941781940
12733,12733,2-s2.0-84940343707
12734,12734,2-s2.0-84940339904
12735,12735,2-s2.0-84940313971
12736,12736,2-s2.0-84939890913
12737,12737,2-s2.0-84938873672
12740,12740,2-s2.0-84937870200
12743,12743,2-s2.0-84936503495
12745,12745,2-s2.0-84930952394
12748,12748,2-s2.0-84930367312
12752,12752,2-s2.0-84929032521
12753,12753,2-s2.0-84928863841
12754,12754,2-s2.0-84928863162
12755,12755,2-s2.0-84928854718
12756,12756,2-s2.0-84927784865
12759,12759,2-s2.0-84926324550
12762,12762,2-s2.0-84925778985
12766,12766,2-s2.0-84925559486
12768,12768,2-s2.0-84923919764
12769,12769,2-s2.0-84923840670
12771,12771,2-s2.0-84923687562
12773,12773,2-s2.0-84923627781
12775,12775,2-s2.0-84923518454
12776,12776,2-s2.0-84923512264
12777,12777,2-s2.0-84923507987
12778,12778,2-s2.0-84923506423
12782,12782,2-s2.0-84923430713
12783,12783,2-s2.0-84923415349
12785,12785,2-s2.0-84923403668
12786,12786,2-s2.0-84923397054
12789,12789,2-s2.0-84922616104
12790,12790,2-s2.0-84922550869
12791,12791,2-s2.0-84922519277
12795,12795,2-s2.0-84920759193
12797,12797,2-s2.0-84920476849
12800,12800,2-s2.0-84918913666
12805,12805,2-s2.0-84917691366
12809,12809,2-s2.0-84914172602
12810,12810,2-s2.0-84913604107
12811,12811,2-s2.0-84911413481
12812,12812,2-s2.0-84911089763
12813,12813,2-s2.0-84911028295
12814,12814,2-s2.0-84911002346
12816,12816,2-s2.0-84909187160
12817,12817,2-s2.0-84909128341
12819,12819,2-s2.0-84908966602
12820,12820,2-s2.0-84908936180
12821,12821,2-s2.0-84908674162
12826,12826,2-s2.0-84907731585
12828,12828,2-s2.0-84907630281
12831,12831,2-s2.0-84906667269
12833,12833,2-s2.0-84906195787
12834,12834,2-s2.0-84906047790
12837,12837,2-s2.0-84905371141
12838,12838,2-s2.0-84905233107
12840,12840,2-s2.0-84905175348
12841,12841,2-s2.0-84904762268
12842,12842,2-s2.0-84904756403
12843,12843,2-s2.0-84904704874
12844,12844,2-s2.0-84904702523
12847,12847,2-s2.0-84904668799
12848,12848,2-s2.0-84904666779
12850,12850,2-s2.0-84904643126
12852,12852,2-s2.0-84904635093
12854,12854,2-s2.0-84904624122
12855,12855,2-s2.0-84904617373
12856,12856,2-s2.0-84904616503
12857,12857,2-s2.0-84904607927
12858,12858,2-s2.0-84904596316
12862,12862,2-s2.0-84904001248
12864,12864,2-s2.0-84903688427
12865,12865,2-s2.0-84903679044
12866,12866,2-s2.0-84903665664
12867,12867,2-s2.0-84903665124
12868,12868,2-s2.0-84903602786
12869,12869,2-s2.0-84903578141
12870,12870,2-s2.0-84903522400
12873,12873,2-s2.0-84903468245
12878,12878,2-s2.0-84902826902
12880,12880,2-s2.0-84902682754
12881,12881,2-s2.0-84902682745
12885,12885,2-s2.0-84902675007
12887,12887,2-s2.0-84902669951
12888,12888,2-s2.0-84902669950
12890,12890,2-s2.0-84902668815
12891,12891,2-s2.0-84902668442
12892,12892,2-s2.0-84902665654
12894,12894,2-s2.0-84902461114
12895,12895,2-s2.0-84902319709
12896,12896,2-s2.0-84902265357
12897,12897,2-s2.0-84902096333
12899,12899,2-s2.0-84901881337
12900,12900,2-s2.0-84901811028
12904,12904,2-s2.0-84901047377
12905,12905,2-s2.0-84900858298
12910,12910,2-s2.0-84900423315
12911,12911,2-s2.0-84900341120
12913,12913,2-s2.0-84900307062
12914,12914,2-s2.0-84900298705
12916,12916,2-s2.0-84899855677
12918,12918,2-s2.0-84899564156
12919,12919,2-s2.0-84899518148
12921,12921,2-s2.0-84898802620
12922,12922,2-s2.0-84898662042
12923,12923,2-s2.0-84898658276
12924,12924,2-s2.0-84898655925
12925,12925,2-s2.0-84898652852
12926,12926,2-s2.0-84898646829
12930,12930,2-s2.0-84898617887
12931,12931,2-s2.0-84898614233
12933,12933,2-s2.0-84898603285
12938,12938,2-s2.0-84897547521
12940,12940,2-s2.0-84897422049
12942,12942,2-s2.0-84897013602
12946,12946,2-s2.0-84896931062
12947,12947,2-s2.0-84896905419
12948,12948,2-s2.0-84896902639
12950,12950,2-s2.0-84896563961
12951,12951,2-s2.0-84896539583
12953,12953,2-s2.0-84896469686
12955,12955,2-s2.0-84896467040
12956,12956,2-s2.0-84896459626
12963,12963,2-s2.0-84896132323
12964,12964,2-s2.0-84895400742
12973,12973,2-s2.0-84894122968
12974,12974,2-s2.0-84894075029
12980,12980,2-s2.0-84893679366
12981,12981,2-s2.0-84893668746
12985,12985,2-s2.0-84893617805
12987,12987,2-s2.0-84893576555
12988,12988,2-s2.0-84893514331
12990,12990,2-s2.0-84893471876
12991,12991,2-s2.0-84893448836
12993,12993,2-s2.0-84893302895
12994,12994,2-s2.0-84893251093
12997,12997,2-s2.0-84892900053
12998,12998,2-s2.0-84892522550
12999,12999,2-s2.0-84890853743
13000,13000,2-s2.0-84890775370
13001,13001,2-s2.0-84890770956
13002,13002,2-s2.0-84890763209
13006,13006,2-s2.0-84890701898
13008,13008,2-s2.0-84890687796
13013,13013,2-s2.0-84890658348
13017,13017,2-s2.0-84890574438
13020,13020,2-s2.0-84890355520
13021,13021,2-s2.0-84890179583
13022,13022,2-s2.0-84890160963
13023,13023,2-s2.0-84889576684
13024,13024,2-s2.0-84888368243
13028,13028,2-s2.0-84888243192
13029,13029,2-s2.0-84888238420
13032,13032,2-s2.0-84888088590
13034,13034,2-s2.0-84887757035
13036,13036,2-s2.0-84887514083
13037,13037,2-s2.0-84887478062
13038,13038,2-s2.0-84887432067
13039,13039,2-s2.0-84887408449
13040,13040,2-s2.0-84887400899
13041,13041,2-s2.0-84887082192
13042,13042,2-s2.0-84886867646
13046,13046,2-s2.0-84886714346
13047,13047,2-s2.0-84886693217
13048,13048,2-s2.0-84886638318
13049,13049,2-s2.0-84886292985
13050,13050,2-s2.0-84886277050
13057,13057,2-s2.0-84885628155
13058,13058,2-s2.0-84885356380
13059,13059,2-s2.0-84885353913
13061,13061,2-s2.0-84885199456
13064,13064,2-s2.0-84884865528
13065,13065,2-s2.0-84884859367
13067,13067,2-s2.0-84884856940
13071,13071,2-s2.0-84884520780
13074,13074,2-s2.0-84884406073
13076,13076,2-s2.0-84884393652
13079,13079,2-s2.0-84884377659
13080,13080,2-s2.0-84884377179
13089,13089,2-s2.0-84883656571
13091,13091,2-s2.0-84883652672
13092,13092,2-s2.0-84883596255
13093,13093,2-s2.0-84883594908
13095,13095,2-s2.0-84883585905
13096,13096,2-s2.0-84883572969
13099,13099,2-s2.0-84883441400
13100,13100,2-s2.0-84883406930
13103,13103,2-s2.0-84883175316
13105,13105,2-s2.0-84883112396
13106,13106,2-s2.0-84883092911
13107,13107,2-s2.0-84883071353
13108,13108,2-s2.0-84883049450
13109,13109,2-s2.0-84882785183
13111,13111,2-s2.0-84882623034
13112,13112,2-s2.0-84881642643
13114,13114,2-s2.0-84881499751
13116,13116,2-s2.0-84881359443
13117,13117,2-s2.0-84881352361
13119,13119,2-s2.0-84881335997
13120,13120,2-s2.0-84881335117
13123,13123,2-s2.0-84881319725
13133,13133,2-s2.0-84880692028
13136,13136,2-s2.0-84880674261
13137,13137,2-s2.0-84880672811
13139,13139,2-s2.0-84880666946
13141,13141,2-s2.0-84880530737
13147,13147,2-s2.0-84880063972
13148,13148,2-s2.0-84880050780
13149,13149,2-s2.0-84880034888
13151,13151,2-s2.0-84880005237
13153,13153,2-s2.0-84879747887
13156,13156,2-s2.0-84879574913
13157,13157,2-s2.0-84879541630
13158,13158,2-s2.0-84879510685
13159,13159,2-s2.0-84879366482
13160,13160,2-s2.0-84879319991
13161,13161,2-s2.0-84879258856
13162,13162,2-s2.0-84879253784
13163,13163,2-s2.0-84879246822
13164,13164,2-s2.0-84878968476
13165,13165,2-s2.0-84878937669
13166,13166,2-s2.0-84878761294
13169,13169,2-s2.0-84878709851
13170,13170,2-s2.0-84878684960
13172,13172,2-s2.0-84878508300
13174,13174,2-s2.0-84878495185
13178,13178,2-s2.0-84878423286
13179,13179,2-s2.0-84878417480
13180,13180,2-s2.0-84878411927
13184,13184,2-s2.0-84878217494
13185,13185,2-s2.0-84878111030
13186,13186,2-s2.0-84878092298
13187,13187,2-s2.0-84878046736
13188,13188,2-s2.0-84878030235
13189,13189,2-s2.0-84877154274
13190,13190,2-s2.0-84876855242
13193,13193,2-s2.0-84876533668
13195,13195,2-s2.0-84876277373
13196,13196,2-s2.0-84876259488
13197,13197,2-s2.0-84876251105
13198,13198,2-s2.0-84876243073
13199,13199,2-s2.0-84876231132
13200,13200,2-s2.0-84876206956
13202,13202,2-s2.0-84875981828
13203,13203,2-s2.0-84875980637
13207,13207,2-s2.0-84875642608
13208,13208,2-s2.0-84875552347
13209,13209,2-s2.0-84875529559
13215,13215,2-s2.0-84875281005
13217,13217,2-s2.0-84875239889
13219,13219,2-s2.0-84875183644
13220,13220,2-s2.0-84874995635
13221,13221,2-s2.0-84874626071
13224,13224,2-s2.0-84874576554
13229,13229,2-s2.0-84873920412
13232,13232,2-s2.0-84873875057
13233,13233,2-s2.0-84873872253
13234,13234,2-s2.0-84873871026
13237,13237,2-s2.0-84873835987
13244,13244,2-s2.0-84872787940
13245,13245,2-s2.0-84872740601
13246,13246,2-s2.0-84872727719
13249,13249,2-s2.0-84872654535
13253,13253,2-s2.0-84871932548
13256,13256,2-s2.0-84871659716
13257,13257,2-s2.0-84871398892
13259,13259,2-s2.0-84871332134
13260,13260,2-s2.0-84871224737
13263,13263,2-s2.0-84871066414
13264,13264,2-s2.0-84871055113
13265,13265,2-s2.0-84870993163
13266,13266,2-s2.0-84870769098
13267,13267,2-s2.0-84870614881
13269,13269,2-s2.0-84870461373
13270,13270,2-s2.0-84869850477
13271,13271,2-s2.0-84869850111
13275,13275,2-s2.0-84867129642
13276,13276,2-s2.0-84866542728
13277,13277,2-s2.0-54749156123
13279,13279,2-s2.0-33746161460
13280,13280,2-s2.0-105012690742
13281,13281,2-s2.0-105011464443
13282,13282,2-s2.0-105011429976
13283,13283,2-s2.0-105011419949
13285,13285,2-s2.0-105008611829
13288,13288,2-s2.0-0037949095
13289,13289,2-s2.0-84957975401
13291,13291,2-s2.0-84957969867
13295,13295,2-s2.0-84957960243
13296,13296,2-s2.0-84957958533
13297,13297,2-s2.0-84957950292
13303,13303,2-s2.0-84957940806
13305,13305,2-s2.0-84957933115
13308,13308,2-s2.0-85014038636
13309,13309,2-s2.0-84949924102
13310,13310,2-s2.0-84914180386
13311,13311,2-s2.0-84914158565
13315,13315,2-s2.0-84928617011
13316,13316,2-s2.0-84928202641
13318,13318,2-s2.0-84916620488
13319,13319,2-s2.0-84945476935
13322,13322,2-s2.0-84940704196
13323,13323,2-s2.0-85164484729
13329,13329,2-s2.0-85020331554
13331,13331,2-s2.0-85012140982
13336,13336,2-s2.0-84957881328
13337,13337,2-s2.0-84957598619
13338,13338,2-s2.0-84939966257
13339,13339,2-s2.0-84936752661
13340,13340,2-s2.0-84928859832
13342,13342,2-s2.0-84927611707
13346,13346,2-s2.0-84922783847
13348,13348,2-s2.0-84922088625
13350,13350,2-s2.0-84920628350
13351,13351,2-s2.0-84920627688
13353,13353,2-s2.0-84920614070
13354,13354,2-s2.0-84920612063
13356,13356,2-s2.0-84920595883
13360,13360,2-s2.0-84920567332
13361,13361,2-s2.0-84920527737
13368,13368,2-s2.0-84919922281
13370,13370,2-s2.0-84919917958
13372,13372,2-s2.0-84919917695
13374,13374,2-s2.0-84919915732
13375,13375,2-s2.0-84919914063
13376,13376,2-s2.0-84919910704
13377,13377,2-s2.0-84919866208
13378,13378,2-s2.0-84919764969
13383,13383,2-s2.0-84911425168
13384,13384,2-s2.0-84910670017
13385,13385,2-s2.0-84910661972
13387,13387,2-s2.0-84908462061
13389,13389,2-s2.0-84907788445
13390,13390,2-s2.0-84904543859
13395,13395,2-s2.0-84918767045
13396,13396,2-s2.0-84908122124
13399,13399,2-s2.0-84914127133
13400,13400,2-s2.0-84912565223
13403,13403,2-s2.0-84945297332
13404,13404,2-s2.0-84908206109
13405,13405,2-s2.0-85107256732
13407,13407,2-s2.0-85107249425
13409,13409,2-s2.0-85107244909
13413,13413,2-s2.0-84992679801
13417,13417,2-s2.0-84908468699
13418,13418,2-s2.0-84919346192
13424,13424,2-s2.0-84908690430
13431,13431,2-s2.0-84912017114
13434,13434,2-s2.0-84913619093
13435,13435,2-s2.0-84958744962
13436,13436,2-s2.0-84937598798
13437,13437,2-s2.0-85057059428
13438,13438,2-s2.0-85027944116
13446,13446,2-s2.0-84930893993
13447,13447,2-s2.0-84930743192
13450,13450,2-s2.0-84925021120
13451,13451,2-s2.0-84921937671
13452,13452,2-s2.0-84921309759
13453,13453,2-s2.0-84919926916
13454,13454,2-s2.0-84919915115
13465,13465,2-s2.0-84907591434
13466,13466,2-s2.0-84907207712
13468,13468,2-s2.0-84946415931
13470,13470,2-s2.0-84939888717
13472,13472,2-s2.0-84920097214
13474,13474,2-s2.0-84919848457
13475,13475,2-s2.0-84908124332
13477,13477,2-s2.0-84912035516
13478,13478,2-s2.0-84908077900
13479,13479,2-s2.0-84922674781
13480,13480,2-s2.0-84910659930
13482,13482,2-s2.0-84911938143
13484,13484,2-s2.0-84911917332
13485,13485,2-s2.0-84911899945
13486,13486,2-s2.0-84911430872
13490,13490,2-s2.0-84908563240
13494,13494,2-s2.0-84908570543
13499,13499,2-s2.0-84926129763
13503,13503,2-s2.0-84910100833
13506,13506,2-s2.0-84987942196
13507,13507,2-s2.0-84919493721
13509,13509,2-s2.0-84918511246
13511,13511,2-s2.0-84915737038
13513,13513,2-s2.0-84911130114
13514,13514,2-s2.0-84905915354
13517,13517,2-s2.0-85014859044
13518,13518,2-s2.0-85014852503
13521,13521,2-s2.0-84983318680
13524,13524,2-s2.0-84956726846
13525,13525,2-s2.0-84955705522
13526,13526,2-s2.0-84955667828
13527,13527,2-s2.0-84955664004
13531,13531,2-s2.0-84939887547
13535,13535,2-s2.0-84928875416
13537,13537,2-s2.0-84922949811
13538,13538,2-s2.0-84921812216
13540,13540,2-s2.0-84911007408
13541,13541,2-s2.0-84911006192
13545,13545,2-s2.0-84908066025
13546,13546,2-s2.0-84907767049
13547,13547,2-s2.0-84907592906
13548,13548,2-s2.0-84907568000
13552,13552,2-s2.0-84907189381
13558,13558,2-s2.0-84912042091
13559,13559,2-s2.0-84908101498
13561,13561,2-s2.0-84911431126
13562,13562,2-s2.0-84908616310
13563,13563,2-s2.0-84907221221
13566,13566,2-s2.0-84910045164
13568,13568,2-s2.0-85123671972
13569,13569,2-s2.0-84912028449
13570,13570,2-s2.0-84912015231
13571,13571,2-s2.0-84908079287
13573,13573,2-s2.0-84985931006
13575,13575,2-s2.0-84905105966
13576,13576,2-s2.0-84927685369
13578,13578,2-s2.0-84919921576
13579,13579,2-s2.0-84907351591
13580,13580,2-s2.0-84907324164
13581,13581,2-s2.0-84907313620
13582,13582,2-s2.0-84907311594
13584,13584,2-s2.0-84890466813
13585,13585,2-s2.0-85048273244
13590,13590,2-s2.0-84952905005
13591,13591,2-s2.0-84949126626
13594,13594,2-s2.0-84939432119
13595,13595,2-s2.0-84933053076
13598,13598,2-s2.0-84929939126
13599,13599,2-s2.0-84927581210
13600,13600,2-s2.0-84925629072
13601,13601,2-s2.0-84920627340
13612,13612,2-s2.0-84906991885
13615,13615,2-s2.0-84924545328
13617,13617,2-s2.0-84906057283
13618,13618,2-s2.0-84905979317
13627,13627,2-s2.0-84930429310
13628,13628,2-s2.0-84926386642
13629,13629,2-s2.0-84926383761
13630,13630,2-s2.0-84926383251
13631,13631,2-s2.0-84926309425
13632,13632,2-s2.0-84926296988
13633,13633,2-s2.0-84926282841
13636,13636,2-s2.0-84907918407
13638,13638,2-s2.0-84907915658
13642,13642,2-s2.0-84907915335
13644,13644,2-s2.0-84907913062
13646,13646,2-s2.0-84907912209
13648,13648,2-s2.0-84907911166
13649,13649,2-s2.0-84907583022
13650,13650,2-s2.0-84907442202
13654,13654,2-s2.0-84907428428
13655,13655,2-s2.0-84907428379
13656,13656,2-s2.0-84905274513
13657,13657,2-s2.0-84894618238
13658,13658,2-s2.0-84960277144
13661,13661,2-s2.0-84949818598
13669,13669,2-s2.0-84904480118
13674,13674,2-s2.0-84903544352
13675,13675,2-s2.0-84903313587
13676,13676,2-s2.0-84903150057
13678,13678,2-s2.0-84903772746
13681,13681,2-s2.0-85061502395
13682,13682,2-s2.0-85061376715
13683,13683,2-s2.0-85058314343
13684,13684,2-s2.0-85052538421
13687,13687,2-s2.0-84957398077
13690,13690,2-s2.0-84957371888
13691,13691,2-s2.0-84957359791
13692,13692,2-s2.0-84957352519
13693,13693,2-s2.0-84957352500
13694,13694,2-s2.0-84953335429
13697,13697,2-s2.0-84953258947
13699,13699,2-s2.0-84952328651
13701,13701,2-s2.0-84952308842
13703,13703,2-s2.0-84938871341
13704,13704,2-s2.0-84930457551
13705,13705,2-s2.0-84928107646
13707,13707,2-s2.0-84926339690
13708,13708,2-s2.0-84926320711
13709,13709,2-s2.0-84924937197
13711,13711,2-s2.0-84907435250
13712,13712,2-s2.0-84904963591
13713,13713,2-s2.0-84904344751
13714,13714,2-s2.0-84904323147
13715,13715,2-s2.0-84904292988
13721,13721,2-s2.0-85096833116
13724,13724,2-s2.0-85084097186
13725,13725,2-s2.0-85076054042
13727,13727,2-s2.0-84907260511
13728,13728,2-s2.0-84902199999
13729,13729,2-s2.0-84902187215
13730,13730,2-s2.0-84987814931
13732,13732,2-s2.0-84901837795
13733,13733,2-s2.0-84901833634
13736,13736,2-s2.0-85033788490
13737,13737,2-s2.0-85018869820
13738,13738,2-s2.0-85014902054
13739,13739,2-s2.0-84924257623
13741,13741,2-s2.0-84918769062
13742,13742,2-s2.0-84908022250
13745,13745,2-s2.0-84897767116
13746,13746,2-s2.0-84896807768
13747,13747,2-s2.0-84894102448
13752,13752,2-s2.0-84944403988
13756,13756,2-s2.0-85120294060
13759,13759,2-s2.0-84900542666
13760,13760,2-s2.0-84900436292
13762,13762,2-s2.0-84931846930
13764,13764,2-s2.0-84929093511
13765,13765,2-s2.0-84928859824
13767,13767,2-s2.0-84907581494
13768,13768,2-s2.0-84907575848
13771,13771,2-s2.0-84906551828
13774,13774,2-s2.0-84892988949
13775,13775,2-s2.0-84946001665
13776,13776,2-s2.0-84945985586
13778,13778,2-s2.0-84899928721
13779,13779,2-s2.0-84938780253
13784,13784,2-s2.0-84978234992
13785,13785,2-s2.0-84942311062
13786,13786,2-s2.0-84898751861
13789,13789,2-s2.0-84898720653
13790,13790,2-s2.0-84949924117
13791,13791,2-s2.0-84918541395
13793,13793,2-s2.0-84906929037
13798,13798,2-s2.0-84899084986
13799,13799,2-s2.0-84897139523
13801,13801,2-s2.0-85074294470
13802,13802,2-s2.0-85055941552
13803,13803,2-s2.0-85039547831
13804,13804,2-s2.0-84959554453
13805,13805,2-s2.0-84959514300
13806,13806,2-s2.0-84959483229
13807,13807,2-s2.0-84949580268
13814,13814,2-s2.0-84908456342
13815,13815,2-s2.0-84907506927
13816,13816,2-s2.0-84906824036
13820,13820,2-s2.0-84898758527
13821,13821,2-s2.0-84898749753
13822,13822,2-s2.0-84898732678
13823,13823,2-s2.0-84898720526
13830,13830,2-s2.0-84894276323
13832,13832,2-s2.0-84894238938
13835,13835,2-s2.0-84888313965
13836,13836,2-s2.0-84888228823
13839,13839,2-s2.0-84960266747
13841,13841,2-s2.0-84940705670
13842,13842,2-s2.0-84897875924
13844,13844,2-s2.0-84896924358
13848,13848,2-s2.0-84896790176
13849,13849,2-s2.0-84896745091
13850,13850,2-s2.0-84946686937
13851,13851,2-s2.0-84907424150
13852,13852,2-s2.0-84897811670
13853,13853,2-s2.0-84897750409
13855,13855,2-s2.0-84946693524
13863,13863,2-s2.0-84897642868
13864,13864,2-s2.0-84897641387
13866,13866,2-s2.0-85082081696
13870,13870,2-s2.0-84979851655
13872,13872,2-s2.0-84940266011
13873,13873,2-s2.0-84929536387
13874,13874,2-s2.0-84919499427
13875,13875,2-s2.0-84897906335
13876,13876,2-s2.0-84897877400
13879,13879,2-s2.0-84897824518
13880,13880,2-s2.0-84897820299
13881,13881,2-s2.0-84897607057
13884,13884,2-s2.0-84896511285
13885,13885,2-s2.0-84895138209
13886,13886,2-s2.0-84895108663
13888,13888,2-s2.0-84895087726
13893,13893,2-s2.0-84894325738
13894,13894,2-s2.0-84894265787
13895,13895,2-s2.0-84894048703
13896,13896,2-s2.0-84893819794
13897,13897,2-s2.0-84893760497
13899,13899,2-s2.0-84893313634
13900,13900,2-s2.0-84893208898
13901,13901,2-s2.0-84893028360
13908,13908,2-s2.0-84894501857
13909,13909,2-s2.0-84896109186
13916,13916,2-s2.0-84893838499
13917,13917,2-s2.0-84893787468
13918,13918,2-s2.0-84895774902
13920,13920,2-s2.0-84893319720
13921,13921,2-s2.0-84893477027
13922,13922,2-s2.0-84893534768
13924,13924,2-s2.0-84903362641
13925,13925,2-s2.0-84898883793
13931,13931,2-s2.0-84895901425
13932,13932,2-s2.0-84895900336
13933,13933,2-s2.0-84895075725
13934,13934,2-s2.0-84894533649
13937,13937,2-s2.0-84894227964
13945,13945,2-s2.0-84893004638
13946,13946,2-s2.0-84892971040
13947,13947,2-s2.0-84892953854
13948,13948,2-s2.0-84892908824
13949,13949,2-s2.0-84892886600
13950,13950,2-s2.0-84892679123
13951,13951,2-s2.0-84892660730
13952,13952,2-s2.0-84892500831
13956,13956,2-s2.0-84888197880
13958,13958,2-s2.0-84888130018
13959,13959,2-s2.0-84888129968
13960,13960,2-s2.0-84946196483
13961,13961,2-s2.0-84945347242
13964,13964,2-s2.0-84892838180
13965,13965,2-s2.0-84899871764
13966,13966,2-s2.0-84892501801
13967,13967,2-s2.0-84892490028
13968,13968,2-s2.0-84946690361
13969,13969,2-s2.0-84922948597
13971,13971,2-s2.0-84922880063
13973,13973,2-s2.0-84922876750
13980,13980,2-s2.0-84946691486
13981,13981,2-s2.0-84891676086
13982,13982,2-s2.0-84891675345
13984,13984,2-s2.0-84891501407
13985,13985,2-s2.0-84951765728
13986,13986,2-s2.0-84897580156
13988,13988,2-s2.0-84891592699
13989,13989,2-s2.0-84889860473
13990,13990,2-s2.0-85193923221
13993,13993,2-s2.0-85171689928
13994,13994,2-s2.0-85171632714
13996,13996,2-s2.0-85171631359
14000,14000,2-s2.0-85144991391
14003,14003,2-s2.0-85142592605
14004,14004,2-s2.0-85139218181
14011,14011,2-s2.0-85127719964
14013,14013,2-s2.0-85127707353
14014,14014,2-s2.0-85127704170
14015,14015,2-s2.0-85127697602
14016,14016,2-s2.0-85127678288
14018,14018,2-s2.0-85127671066
14019,14019,2-s2.0-85127661087
14022,14022,2-s2.0-85127651494
14025,14025,2-s2.0-85127642947
14027,14027,2-s2.0-85127627401
14028,14028,2-s2.0-85127201332
14029,14029,2-s2.0-85124585577
14030,14030,2-s2.0-85121045743
14031,14031,2-s2.0-85117623732
14034,14034,2-s2.0-85105680582
14036,14036,2-s2.0-85105625233
14044,14044,2-s2.0-85092508122
14046,14046,2-s2.0-85087259122
14048,14048,2-s2.0-85086558010
14050,14050,2-s2.0-85086537991
14053,14053,2-s2.0-85082126396
14054,14054,2-s2.0-85081870811
14056,14056,2-s2.0-85078835543
14058,14058,2-s2.0-85078828546
14061,14061,2-s2.0-85071811002
14062,14062,2-s2.0-85071804934
14063,14063,2-s2.0-85071794644
14065,14065,2-s2.0-85071519079
14066,14066,2-s2.0-85071419613
14068,14068,2-s2.0-85069571408
14072,14072,2-s2.0-85066918518
14077,14077,2-s2.0-85060678302
14082,14082,2-s2.0-85052533978
14084,14084,2-s2.0-85041215543
14085,14085,2-s2.0-85040826900
14086,14086,2-s2.0-85040808243
14089,14089,2-s2.0-85040553013
14091,14091,2-s2.0-85034269432
14092,14092,2-s2.0-85034212943
14093,14093,2-s2.0-85033701876
14096,14096,2-s2.0-85030110753
14097,14097,2-s2.0-85029626391
14098,14098,2-s2.0-85029618054
14101,14101,2-s2.0-85028683627
14103,14103,2-s2.0-85028664594
14106,14106,2-s2.0-85028643645
14108,14108,2-s2.0-85027920573
14110,14110,2-s2.0-85026686683
14111,14111,2-s2.0-85025661501
14112,14112,2-s2.0-85025454648
14113,14113,2-s2.0-85022040786
14114,14114,2-s2.0-85021989360
14116,14116,2-s2.0-85020915976
14118,14118,2-s2.0-85020325106
14119,14119,2-s2.0-85020324393
14121,14121,2-s2.0-85020319583
14122,14122,2-s2.0-85020010132
14123,14123,2-s2.0-85019796615
14125,14125,2-s2.0-85017160904
14126,14126,2-s2.0-85016929638
14127,14127,2-s2.0-85016831967
14129,14129,2-s2.0-85015975579
14130,14130,2-s2.0-85015153730
14133,14133,2-s2.0-85012050259
14135,14135,2-s2.0-85011588299
14137,14137,2-s2.0-85011406126
14140,14140,2-s2.0-85009877646
14142,14142,2-s2.0-85006426561
14143,14143,2-s2.0-85006282958
14144,14144,2-s2.0-85002881624
14146,14146,2-s2.0-85002261177
14147,14147,2-s2.0-84995527958
14148,14148,2-s2.0-84994881284
14153,14153,2-s2.0-84991236920
14154,14154,2-s2.0-84988299660
14155,14155,2-s2.0-84988269457
14156,14156,2-s2.0-84987927741
14157,14157,2-s2.0-84987926136
14158,14158,2-s2.0-84982284787
14160,14160,2-s2.0-84978987842
14162,14162,2-s2.0-84978149973
14163,14163,2-s2.0-84975725780
14164,14164,2-s2.0-84975636059
14169,14169,2-s2.0-84967604814
14173,14173,2-s2.0-84963964172
14175,14175,2-s2.0-84963891433
14179,14179,2-s2.0-84962270344
14181,14181,2-s2.0-84961890592
14182,14182,2-s2.0-84961864471
14183,14183,2-s2.0-84961554433
14184,14184,2-s2.0-84961523240
14186,14186,2-s2.0-84959471956
14189,14189,2-s2.0-84958542603
14190,14190,2-s2.0-84958540495
14194,14194,2-s2.0-84957103188
14195,14195,2-s2.0-84957099741
14196,14196,2-s2.0-84957096289
14201,14201,2-s2.0-84956553510
14202,14202,2-s2.0-84956543738
14207,14207,2-s2.0-84955735149
14209,14209,2-s2.0-84955644969
14210,14210,2-s2.0-84955465031
14211,14211,2-s2.0-84955363087
14214,14214,2-s2.0-84955241641
14215,14215,2-s2.0-84955140318
14218,14218,2-s2.0-84954617988
14219,14219,2-s2.0-84954605872
14221,14221,2-s2.0-84954158831
14222,14222,2-s2.0-84954124512
14225,14225,2-s2.0-84953889198
14229,14229,2-s2.0-84948966574
14232,14232,2-s2.0-84948159216
14233,14233,2-s2.0-84948159124
14234,14234,2-s2.0-84948133096
14235,14235,2-s2.0-84948114884
14237,14237,2-s2.0-84947076712
14239,14239,2-s2.0-84947052100
14243,14243,2-s2.0-84944248050
14244,14244,2-s2.0-84944182912
14245,14245,2-s2.0-84944128737
14246,14246,2-s2.0-84944096873
14247,14247,2-s2.0-84944096681
14249,14249,2-s2.0-84943747979
14252,14252,2-s2.0-84942582225
14253,14253,2-s2.0-84941882004
14256,14256,2-s2.0-84940479009
14258,14258,2-s2.0-84940279989
14260,14260,2-s2.0-84940266125
14261,14261,2-s2.0-84940256524
14263,14263,2-s2.0-84940203301
14264,14264,2-s2.0-84940201377
14266,14266,2-s2.0-84940194393
14268,14268,2-s2.0-84939558638
14270,14270,2-s2.0-84939230410
14271,14271,2-s2.0-84939200510
14273,14273,2-s2.0-84939172466
14276,14276,2-s2.0-84938151791
14277,14277,2-s2.0-84938151243
14279,14279,2-s2.0-84938125397
14280,14280,2-s2.0-84938117756
14281,14281,2-s2.0-84938099742
14282,14282,2-s2.0-84937964598
14285,14285,2-s2.0-84937792798
14287,14287,2-s2.0-84937704624
14290,14290,2-s2.0-84936938112
14292,14292,2-s2.0-84931094291
14293,14293,2-s2.0-84931087114
14295,14295,2-s2.0-84930083116
14297,14297,2-s2.0-84929671559
14298,14298,2-s2.0-84929333726
14299,14299,2-s2.0-84929251767
14301,14301,2-s2.0-84929231822
14304,14304,2-s2.0-84928568301
14305,14305,2-s2.0-84928546456
14306,14306,2-s2.0-84928308714
14308,14308,2-s2.0-84928140025
14311,14311,2-s2.0-84927796917
14312,14312,2-s2.0-84927765454
14317,14317,2-s2.0-84927133386
14321,14321,2-s2.0-84926472400
14323,14323,2-s2.0-84926292582
14325,14325,2-s2.0-84925871652
14326,14326,2-s2.0-84925546334
14331,14331,2-s2.0-84924558129
14332,14332,2-s2.0-84924420664
14335,14335,2-s2.0-84924234461
14336,14336,2-s2.0-84924080699
14337,14337,2-s2.0-84923974629
14338,14338,2-s2.0-84923974364
14339,14339,2-s2.0-84923972536
14340,14340,2-s2.0-84923952967
14342,14342,2-s2.0-84923924412
14343,14343,2-s2.0-84923912591
14344,14344,2-s2.0-84923902707
14349,14349,2-s2.0-84923875669
14350,14350,2-s2.0-84923865384
14351,14351,2-s2.0-84923863346
14354,14354,2-s2.0-84923649628
14355,14355,2-s2.0-84923643445
14356,14356,2-s2.0-84923635846
14358,14358,2-s2.0-84923606121
14360,14360,2-s2.0-84923579592
14362,14362,2-s2.0-84923534466
14363,14363,2-s2.0-84923534418
14364,14364,2-s2.0-84923531242
14366,14366,2-s2.0-84923055303
14368,14368,2-s2.0-84922826704
14370,14370,2-s2.0-84922822328
14371,14371,2-s2.0-84922813728
14375,14375,2-s2.0-84922777198
14376,14376,2-s2.0-84922762655
14378,14378,2-s2.0-84922348322
14380,14380,2-s2.0-84922278472
14382,14382,2-s2.0-84922273441
14386,14386,2-s2.0-84922051904
14387,14387,2-s2.0-84921914406
14388,14388,2-s2.0-84921843555
14390,14390,2-s2.0-84921787952
14391,14391,2-s2.0-84921680456
14392,14392,2-s2.0-84921639302
14394,14394,2-s2.0-84921333725
14395,14395,2-s2.0-84921274704
14398,14398,2-s2.0-84920989444
14399,14399,2-s2.0-84920939940
14401,14401,2-s2.0-84920586041
14405,14405,2-s2.0-84920261577
14406,14406,2-s2.0-84920110855
14408,14408,2-s2.0-84919785190
14411,14411,2-s2.0-84919771166
14413,14413,2-s2.0-84919718394
14415,14415,2-s2.0-84919715012
14416,14416,2-s2.0-84918834320
14419,14419,2-s2.0-84918572824
14420,14420,2-s2.0-84918555986
14421,14421,2-s2.0-84918553284
14422,14422,2-s2.0-84917743293
14425,14425,2-s2.0-84917689456
14427,14427,2-s2.0-84916620452
14428,14428,2-s2.0-84916240830
14430,14430,2-s2.0-84916229310
14433,14433,2-s2.0-84915829376
14436,14436,2-s2.0-84914689677
14437,14437,2-s2.0-84914165585
14440,14440,2-s2.0-84912569663
14442,14442,2-s2.0-84912533196
14444,14444,2-s2.0-84912108855
14445,14445,2-s2.0-84912080037
14447,14447,2-s2.0-84911994228
14449,14449,2-s2.0-84911888251
14451,14451,2-s2.0-84911423540
14452,14452,2-s2.0-84911360538
14458,14458,2-s2.0-84910090561
14459,14459,2-s2.0-84910059863
14461,14461,2-s2.0-84910039341
14462,14462,2-s2.0-84910038130
14464,14464,2-s2.0-84910022228
14466,14466,2-s2.0-84908616941
14467,14467,2-s2.0-84908612288
14469,14469,2-s2.0-84908504322
14470,14470,2-s2.0-84908483067
14471,14471,2-s2.0-84908347038
14472,14472,2-s2.0-84908255774
14475,14475,2-s2.0-84908079784
14476,14476,2-s2.0-84908079770
14478,14478,2-s2.0-84908077700
14479,14479,2-s2.0-84908072241
14480,14480,2-s2.0-84908065927
14484,14484,2-s2.0-84907985500
14487,14487,2-s2.0-84907922330
14490,14490,2-s2.0-84907864944
14491,14491,2-s2.0-84907856478
14492,14492,2-s2.0-84907806235
14494,14494,2-s2.0-84907740672
14496,14496,2-s2.0-84907674676
14497,14497,2-s2.0-84907600365
14499,14499,2-s2.0-84907403611
14501,14501,2-s2.0-84907325386
14507,14507,2-s2.0-84907286411
14511,14511,2-s2.0-84907260687
14512,14512,2-s2.0-84907228843
14513,14513,2-s2.0-84907219163
14514,14514,2-s2.0-84907088656
14515,14515,2-s2.0-84907021010
14516,14516,2-s2.0-84906974558
14517,14517,2-s2.0-84906973939
14518,14518,2-s2.0-84906939359
14528,14528,2-s2.0-84906688449
14530,14530,2-s2.0-84906672418
14531,14531,2-s2.0-84906668502
14534,14534,2-s2.0-84906570402
14537,14537,2-s2.0-84906562621
14543,14543,2-s2.0-84906534525
14544,14544,2-s2.0-84906534144
14547,14547,2-s2.0-84906347773
14548,14548,2-s2.0-84906342374
14549,14549,2-s2.0-84906337353
14554,14554,2-s2.0-84906320589
14558,14558,2-s2.0-84906264259
14560,14560,2-s2.0-84906232073
14561,14561,2-s2.0-84906097775
14562,14562,2-s2.0-84906090014
14564,14564,2-s2.0-84906060376
14567,14567,2-s2.0-84905905631
14568,14568,2-s2.0-84905865020
14569,14569,2-s2.0-84905860793
14572,14572,2-s2.0-84905835361
14573,14573,2-s2.0-84905833731
14575,14575,2-s2.0-84905826132
14581,14581,2-s2.0-84905690698
14582,14582,2-s2.0-84905676072
14583,14583,2-s2.0-84905586025
14584,14584,2-s2.0-84905572285
14594,14594,2-s2.0-84905197636
14595,14595,2-s2.0-84905197501
14596,14596,2-s2.0-84905197366
14599,14599,2-s2.0-84905196803
14600,14600,2-s2.0-84905196797
14603,14603,2-s2.0-84905193166
14605,14605,2-s2.0-84905191949
14606,14606,2-s2.0-84905191730
14607,14607,2-s2.0-84905191631
14611,14611,2-s2.0-84905190704
14614,14614,2-s2.0-84905190506
14618,14618,2-s2.0-84905188580
14619,14619,2-s2.0-84905188422
14622,14622,2-s2.0-84905186351
14624,14624,2-s2.0-84905186331
14627,14627,2-s2.0-84905183011
14628,14628,2-s2.0-84905183004
14630,14630,2-s2.0-84905182312
14631,14631,2-s2.0-84905182015
14633,14633,2-s2.0-84905181991
14638,14638,2-s2.0-84905180164
14640,14640,2-s2.0-84905179411
14641,14641,2-s2.0-84905179258
14644,14644,2-s2.0-84905177902
14645,14645,2-s2.0-84905176686
14647,14647,2-s2.0-84905176637
14648,14648,2-s2.0-84905176549
14650,14650,2-s2.0-84905176274
14651,14651,2-s2.0-84905175894
14652,14652,2-s2.0-84905175880
14654,14654,2-s2.0-84905175667
14655,14655,2-s2.0-84905172300
14657,14657,2-s2.0-84905171675
14661,14661,2-s2.0-84905169846
14662,14662,2-s2.0-84905168972
14666,14666,2-s2.0-84905168412
14668,14668,2-s2.0-84905167603
14669,14669,2-s2.0-84905166403
14671,14671,2-s2.0-84905166341
14672,14672,2-s2.0-84905166078
14674,14674,2-s2.0-84905165973
14676,14676,2-s2.0-84905165384
14679,14679,2-s2.0-84905165170
14681,14681,2-s2.0-84905161120
14682,14682,2-s2.0-84905159212
14684,14684,2-s2.0-84905159148
14686,14686,2-s2.0-84905157770
14687,14687,2-s2.0-84905120755
14688,14688,2-s2.0-84905109965
14690,14690,2-s2.0-84905052665
14691,14691,2-s2.0-84905051802
14692,14692,2-s2.0-84905049912
14694,14694,2-s2.0-84905034393
14696,14696,2-s2.0-84904977771
14697,14697,2-s2.0-84904976636
14699,14699,2-s2.0-84904887135
14700,14700,2-s2.0-84904883663
14702,14702,2-s2.0-84904813911
14703,14703,2-s2.0-84904809054
14709,14709,2-s2.0-84904682911
14711,14711,2-s2.0-84904661900
14712,14712,2-s2.0-84904656266
14713,14713,2-s2.0-84904652576
14714,14714,2-s2.0-84904650867
14717,14717,2-s2.0-84904631005
14720,14720,2-s2.0-84904613924
14721,14721,2-s2.0-84904601491
14723,14723,2-s2.0-84904599552
14724,14724,2-s2.0-84904581682
14726,14726,2-s2.0-84904575680
14727,14727,2-s2.0-84904573339
14728,14728,2-s2.0-84904568195
14730,14730,2-s2.0-84904498452
14731,14731,2-s2.0-84904498430
14734,14734,2-s2.0-84904489005
14735,14735,2-s2.0-84904480310
14736,14736,2-s2.0-84904480018
14738,14738,2-s2.0-84904420672
14743,14743,2-s2.0-84904391642
14744,14744,2-s2.0-84904383825
14745,14745,2-s2.0-84904367867
14746,14746,2-s2.0-84904362947
14747,14747,2-s2.0-84904355290
14750,14750,2-s2.0-84904255287
14751,14751,2-s2.0-84904216776
14752,14752,2-s2.0-84904212569
14754,14754,2-s2.0-84904195340
14755,14755,2-s2.0-84904194834
14757,14757,2-s2.0-84904190981
14758,14758,2-s2.0-84904188513
14763,14763,2-s2.0-84904161086
14765,14765,2-s2.0-84904053652
14768,14768,2-s2.0-84903996983
14770,14770,2-s2.0-84903939053
14771,14771,2-s2.0-84903892839
14773,14773,2-s2.0-84903885882
14774,14774,2-s2.0-84903882356
14775,14775,2-s2.0-84903881248
14776,14776,2-s2.0-84903879478
14777,14777,2-s2.0-84903879385
14778,14778,2-s2.0-84903851602
14782,14782,2-s2.0-84903740272
14785,14785,2-s2.0-84903723102
14788,14788,2-s2.0-84903592093
14791,14791,2-s2.0-84903528240
14793,14793,2-s2.0-84903511312
14794,14794,2-s2.0-84903489894
14796,14796,2-s2.0-84903467823
14800,14800,2-s2.0-84903461299
14801,14801,2-s2.0-84903458494
14802,14802,2-s2.0-84903450485
14805,14805,2-s2.0-84903313406
14806,14806,2-s2.0-84903281146
14808,14808,2-s2.0-84903214576
14809,14809,2-s2.0-84903183689
14810,14810,2-s2.0-84903177496
14811,14811,2-s2.0-84903174167
14815,14815,2-s2.0-84902986584
14821,14821,2-s2.0-84902792976
14822,14822,2-s2.0-84902778266
14823,14823,2-s2.0-84902777518
14826,14826,2-s2.0-84902689819
14831,14831,2-s2.0-84902675834
14832,14832,2-s2.0-84902675021
14835,14835,2-s2.0-84902652964
14837,14837,2-s2.0-84902592492
14840,14840,2-s2.0-84902517623
14841,14841,2-s2.0-84902500155
14842,14842,2-s2.0-84902497823
14847,14847,2-s2.0-84902456344
14850,14850,2-s2.0-84902349978
14855,14855,2-s2.0-84902340748
14858,14858,2-s2.0-84902324407
14861,14861,2-s2.0-84902317349
14863,14863,2-s2.0-84902291957
14865,14865,2-s2.0-84902270813
14870,14870,2-s2.0-84902242642
14875,14875,2-s2.0-84902073951
14876,14876,2-s2.0-84901979203
14878,14878,2-s2.0-84901978573
14879,14879,2-s2.0-84901953614
14880,14880,2-s2.0-84901950626
14882,14882,2-s2.0-84901935186
14883,14883,2-s2.0-84901934341
14886,14886,2-s2.0-84901914518
14888,14888,2-s2.0-84901913839
14893,14893,2-s2.0-84901819990
14895,14895,2-s2.0-84901766441
14902,14902,2-s2.0-84901640677
14904,14904,2-s2.0-84901631407
14905,14905,2-s2.0-84901626583
14906,14906,2-s2.0-84901626301
14911,14911,2-s2.0-84901616043
14912,14912,2-s2.0-84901612056
14913,14913,2-s2.0-84901605633
14915,14915,2-s2.0-84901600859
14916,14916,2-s2.0-84901598964
14918,14918,2-s2.0-84901589609
14919,14919,2-s2.0-84901585485
14921,14921,2-s2.0-84901458500
14922,14922,2-s2.0-84901449170
14926,14926,2-s2.0-84901416571
14928,14928,2-s2.0-84901406183
14929,14929,2-s2.0-84901401004
14930,14930,2-s2.0-84901390769
14931,14931,2-s2.0-84901379935
14932,14932,2-s2.0-84901359742
14936,14936,2-s2.0-84901317760
14938,14938,2-s2.0-84901190312
14941,14941,2-s2.0-84901050488
14943,14943,2-s2.0-84901029422
14944,14944,2-s2.0-84901011737
14945,14945,2-s2.0-84901007712
14946,14946,2-s2.0-84901007708
14948,14948,2-s2.0-84900867802
14949,14949,2-s2.0-84900867040
14950,14950,2-s2.0-84900863410
14951,14951,2-s2.0-84900850015
14953,14953,2-s2.0-84900819629
14955,14955,2-s2.0-84900552548
14956,14956,2-s2.0-84900550320
14958,14958,2-s2.0-84900523235
14960,14960,2-s2.0-84900464282
14961,14961,2-s2.0-84900460525
14962,14962,2-s2.0-84900434017
14963,14963,2-s2.0-84900420813
14967,14967,2-s2.0-84899974720
14972,14972,2-s2.0-84899898319
14974,14974,2-s2.0-84899852547
14980,14980,2-s2.0-84899756931
14983,14983,2-s2.0-84899729575
14984,14984,2-s2.0-84899723209
14987,14987,2-s2.0-84899690891
14989,14989,2-s2.0-84899671267
14994,14994,2-s2.0-84899630909
14995,14995,2-s2.0-84899626035
14996,14996,2-s2.0-84899555541
14998,14998,2-s2.0-84899512244
15001,15001,2-s2.0-84899454303
15002,15002,2-s2.0-84899423804
15003,15003,2-s2.0-84899418505
15005,15005,2-s2.0-84899094868
15006,15006,2-s2.0-84899084518
15007,15007,2-s2.0-84899008450
15009,15009,2-s2.0-84898931711
15011,15011,2-s2.0-84898897461
15012,15012,2-s2.0-84898882859
15013,15013,2-s2.0-84898878040
15014,15014,2-s2.0-84898860353
15018,15018,2-s2.0-84898825253
15020,15020,2-s2.0-84898777157
15021,15021,2-s2.0-84898772309
15022,15022,2-s2.0-84898655664
15023,15023,2-s2.0-84898647120
15024,15024,2-s2.0-84898547645
15027,15027,2-s2.0-84898542274
15028,15028,2-s2.0-84898542202
15029,15029,2-s2.0-84898424054
15031,15031,2-s2.0-84898400596
15032,15032,2-s2.0-84898056026
15036,15036,2-s2.0-84898021206
15038,15038,2-s2.0-84898012514
15039,15039,2-s2.0-84898010611
15042,15042,2-s2.0-84898000909
15043,15043,2-s2.0-84897974310
15045,15045,2-s2.0-84897962120
15046,15046,2-s2.0-84897960148
15047,15047,2-s2.0-84897958357
15050,15050,2-s2.0-84897939173
15053,15053,2-s2.0-84897826009
15060,15060,2-s2.0-84897593515
15063,15063,2-s2.0-84897580620
15064,15064,2-s2.0-84897568513
15065,15065,2-s2.0-84897527963
15066,15066,2-s2.0-84897508432
15069,15069,2-s2.0-84897457434
15070,15070,2-s2.0-84897448620
15074,15074,2-s2.0-84897403792
15076,15076,2-s2.0-84897379930
15080,15080,2-s2.0-84897081688
15084,15084,2-s2.0-84897055199
15086,15086,2-s2.0-84897033243
15089,15089,2-s2.0-84896994270
15090,15090,2-s2.0-84896952987
15091,15091,2-s2.0-84896931175
15092,15092,2-s2.0-84896829507
15095,15095,2-s2.0-84896667380
15096,15096,2-s2.0-84896656723
15097,15097,2-s2.0-84896649977
15098,15098,2-s2.0-84896639286
15099,15099,2-s2.0-84896629191
15105,15105,2-s2.0-84896511885
15107,15107,2-s2.0-84896484424
15108,15108,2-s2.0-84896461209
15109,15109,2-s2.0-84896397983
15110,15110,2-s2.0-84896391604
15112,15112,2-s2.0-84896326459
15116,15116,2-s2.0-84896265988
15117,15117,2-s2.0-84896084836
15119,15119,2-s2.0-84895905677
15122,15122,2-s2.0-84895473700
15124,15124,2-s2.0-84895118714
15125,15125,2-s2.0-84894907316
15126,15126,2-s2.0-84894830612
15127,15127,2-s2.0-84894751488
15130,15130,2-s2.0-84894584054
15131,15131,2-s2.0-84894559680
15133,15133,2-s2.0-84894269822
15136,15136,2-s2.0-84894255259
15137,15137,2-s2.0-84894228997
15142,15142,2-s2.0-84893787309
15145,15145,2-s2.0-84893621316
15146,15146,2-s2.0-84893584171
15147,15147,2-s2.0-84893560670
15151,15151,2-s2.0-84893400102
15155,15155,2-s2.0-84893126811
15157,15157,2-s2.0-84892952738
15158,15158,2-s2.0-84892851985
15160,15160,2-s2.0-84892749345
15162,15162,2-s2.0-84892553581
15165,15165,2-s2.0-84892518350
15167,15167,2-s2.0-84892496981
15168,15168,2-s2.0-84892486017
15173,15173,2-s2.0-84892434382
15174,15174,2-s2.0-84892423414
15177,15177,2-s2.0-84892398030
15178,15178,2-s2.0-84892396106
15179,15179,2-s2.0-84892366967
15184,15184,2-s2.0-84891639936
15185,15185,2-s2.0-84891481814
15187,15187,2-s2.0-84890889343
15188,15188,2-s2.0-84890878396
15196,15196,2-s2.0-84890786767
15197,15197,2-s2.0-84890703721
15198,15198,2-s2.0-84890496089
15199,15199,2-s2.0-84890482326
15201,15201,2-s2.0-84890083151
15202,15202,2-s2.0-84890059780
15204,15204,2-s2.0-84889650823
15206,15206,2-s2.0-84889089071
15211,15211,2-s2.0-84887819035
15214,15214,2-s2.0-84886041038
15218,15218,2-s2.0-84885734487
15219,15219,2-s2.0-84885368677
15220,15220,2-s2.0-84884557871
15221,15221,2-s2.0-84883374661
15223,15223,2-s2.0-3142731647
15224,15224,2-s2.0-14844294716
15227,15227,2-s2.0-84964689453
15229,15229,2-s2.0-84960194078
15232,15232,2-s2.0-84951087286
15233,15233,2-s2.0-85001949396
15237,15237,2-s2.0-84964691557
15238,15238,2-s2.0-84964677880
15241,15241,2-s2.0-84964587559
15244,15244,2-s2.0-84964577800
15245,15245,2-s2.0-84964570111
15248,15248,2-s2.0-84949009159
15249,15249,2-s2.0-84960470519
15253,15253,2-s2.0-84960457827
15254,15254,2-s2.0-84960455720
15256,15256,2-s2.0-84960437845
15258,15258,2-s2.0-84960431354
15259,15259,2-s2.0-84960430109
15261,15261,2-s2.0-84960429168
15263,15263,2-s2.0-84960420249
15264,15264,2-s2.0-84960414864
15266,15266,2-s2.0-84960408657
15272,15272,2-s2.0-84960375393
15275,15275,2-s2.0-84960365713
15278,15278,2-s2.0-84960353328
15282,15282,2-s2.0-84960338169
15283,15283,2-s2.0-84960335476
15286,15286,2-s2.0-84960330878
15288,15288,2-s2.0-84960330154
15290,15290,2-s2.0-84960325626
15292,15292,2-s2.0-84937520912
15294,15294,2-s2.0-85182124623
15295,15295,2-s2.0-85065131428
15305,15305,2-s2.0-84987897319
15311,15311,2-s2.0-84963576023
15317,15317,2-s2.0-84958767639
15322,15322,2-s2.0-84957596133
15323,15323,2-s2.0-84957545572
15329,15329,2-s2.0-84954175671
15330,15330,2-s2.0-84953406883
15331,15331,2-s2.0-84953402799
15333,15333,2-s2.0-84953400564
15337,15337,2-s2.0-84953384530
15338,15338,2-s2.0-84953383182
15339,15339,2-s2.0-84953382398
15340,15340,2-s2.0-84953382361
15343,15343,2-s2.0-84953381517
15344,15344,2-s2.0-84953380480
15346,15346,2-s2.0-84953380036
15349,15349,2-s2.0-84953376723
15350,15350,2-s2.0-84953374355
15352,15352,2-s2.0-84950237835
15362,15362,2-s2.0-84949095886
15363,15363,2-s2.0-84949093586
15367,15367,2-s2.0-84948572089
15368,15368,2-s2.0-84948452923
15369,15369,2-s2.0-84948450058
15370,15370,2-s2.0-84948394705
15375,15375,2-s2.0-84947225526
15377,15377,2-s2.0-84945589958
15378,15378,2-s2.0-84945424211
15382,15382,2-s2.0-84942600324
15383,15383,2-s2.0-84942163249
15387,15387,2-s2.0-84924664042
15389,15389,2-s2.0-84947967965
15390,15390,2-s2.0-84947936567
15391,15391,2-s2.0-84947755342
15392,15392,2-s2.0-85000605918
15394,15394,2-s2.0-84946498805
15396,15396,2-s2.0-84946491094
15397,15397,2-s2.0-84946488815
15398,15398,2-s2.0-84940587684
15399,15399,2-s2.0-84960854171
15400,15400,2-s2.0-84959441120
15401,15401,2-s2.0-84959367708
15402,15402,2-s2.0-84945400937
15403,15403,2-s2.0-84959371132
15408,15408,2-s2.0-84964789308
15410,15410,2-s2.0-84964780728
15412,15412,2-s2.0-84964765674
15413,15413,2-s2.0-84964758622
15414,15414,2-s2.0-84964756533
15417,15417,2-s2.0-84964735397
15420,15420,2-s2.0-84964714907
15425,15425,2-s2.0-84959870263
15426,15426,2-s2.0-84943457212
15427,15427,2-s2.0-84943452665
15429,15429,2-s2.0-85054863185
15430,15430,2-s2.0-85033715613
15432,15432,2-s2.0-84989830907
15437,15437,2-s2.0-84957872161
15438,15438,2-s2.0-84957867746
15440,15440,2-s2.0-84955207941
15443,15443,2-s2.0-84949661979
15444,15444,2-s2.0-84949657829
15447,15447,2-s2.0-84947427184
15448,15448,2-s2.0-84947424767
15450,15450,2-s2.0-84947242821
15451,15451,2-s2.0-84947228963
15453,15453,2-s2.0-84947066258
15455,15455,2-s2.0-84947023667
15456,15456,2-s2.0-84946842947
15458,15458,2-s2.0-84946071815
15459,15459,2-s2.0-84945435640
15465,15465,2-s2.0-84944160420
15470,15470,2-s2.0-84943450649
15471,15471,2-s2.0-84943365068
15472,15472,2-s2.0-84943166119
15473,15473,2-s2.0-84942890692
15478,15478,2-s2.0-84947575676
15479,15479,2-s2.0-84945579539
15482,15482,2-s2.0-84942369859
15485,15485,2-s2.0-84942197472
15486,15486,2-s2.0-84984565354
15491,15491,2-s2.0-84941873886
15492,15492,2-s2.0-84949105315
15493,15493,2-s2.0-84948565727
15494,15494,2-s2.0-84941997619
15501,15501,2-s2.0-84959467842
15502,15502,2-s2.0-84930759293
15503,15503,2-s2.0-84941203741
15504,15504,2-s2.0-84959898077
15505,15505,2-s2.0-84959881978
15507,15507,2-s2.0-84959869704
15508,15508,2-s2.0-84945939750
15509,15509,2-s2.0-84943641370
15510,15510,2-s2.0-84944221540
15511,15511,2-s2.0-85014777252
15515,15515,2-s2.0-85014738802
15516,15516,2-s2.0-84948675936
15517,15517,2-s2.0-84973333502
15518,15518,2-s2.0-84955699154
15519,15519,2-s2.0-84945465566
15521,15521,2-s2.0-84943453643
15522,15522,2-s2.0-84943451093
15526,15526,2-s2.0-84952786226
15527,15527,2-s2.0-84952759390
15528,15528,2-s2.0-84949500613
15529,15529,2-s2.0-84949478782
15531,15531,2-s2.0-84949472104
15536,15536,2-s2.0-84947035373
15537,15537,2-s2.0-84946499105
15538,15538,2-s2.0-84945478894
15540,15540,2-s2.0-84944886641
15541,15541,2-s2.0-84942587165
15544,15544,2-s2.0-85052898856
15547,15547,2-s2.0-85019553435
15548,15548,2-s2.0-85016060852
15550,15550,2-s2.0-84966874278
15551,15551,2-s2.0-84962541313
15553,15553,2-s2.0-84954220830
15554,15554,2-s2.0-84948976047
15556,15556,2-s2.0-84947550044
15557,15557,2-s2.0-84947548484
15560,15560,2-s2.0-84945968626
15562,15562,2-s2.0-84945191974
15563,15563,2-s2.0-84945189857
15567,15567,2-s2.0-84944038791
15569,15569,2-s2.0-84943759893
15574,15574,2-s2.0-84942908202
15579,15579,2-s2.0-84939565238
15580,15580,2-s2.0-84939190297
15581,15581,2-s2.0-84936764600
15583,15583,2-s2.0-84929625758
15591,15591,2-s2.0-84929706996
15592,15592,2-s2.0-84988952351
15597,15597,2-s2.0-84955752102
15599,15599,2-s2.0-84938893105
15600,15600,2-s2.0-84938891885
15606,15606,2-s2.0-84961755672
15607,15607,2-s2.0-84961742973
15608,15608,2-s2.0-84961730724
15611,15611,2-s2.0-84959866247
15614,15614,2-s2.0-84939205950
15615,15615,2-s2.0-84938983268
15618,15618,2-s2.0-84938878074
15619,15619,2-s2.0-84957899749
15620,15620,2-s2.0-84957889239
15622,15622,2-s2.0-84941253571
15623,15623,2-s2.0-84941124282
15628,15628,2-s2.0-84960299790
15629,15629,2-s2.0-84960269821
15630,15630,2-s2.0-84960243949
15631,15631,2-s2.0-84960219256
15632,15632,2-s2.0-84960206835
15633,15633,2-s2.0-84955629129
15635,15635,2-s2.0-84940943851
15636,15636,2-s2.0-84939467374
15637,15637,2-s2.0-84939265415
15639,15639,2-s2.0-84938382387
15640,15640,2-s2.0-84956597740
15642,15642,2-s2.0-84946478410
15645,15645,2-s2.0-84940970419
15647,15647,2-s2.0-85182132667
15648,15648,2-s2.0-85035137084
15649,15649,2-s2.0-85035093648
15652,15652,2-s2.0-84962778090
15653,15653,2-s2.0-84960119686
15654,15654,2-s2.0-84957922515
15656,15656,2-s2.0-84957900346
15657,15657,2-s2.0-84954526609
15660,15660,2-s2.0-84943246916
15663,15663,2-s2.0-84941949684
15668,15668,2-s2.0-84940384739
15672,15672,2-s2.0-84939567383
15673,15673,2-s2.0-84939565817
15676,15676,2-s2.0-84938949918
15679,15679,2-s2.0-84938745415
15680,15680,2-s2.0-84937027279
15681,15681,2-s2.0-84936886917
15682,15682,2-s2.0-84930942067
15688,15688,2-s2.0-84956515047
15689,15689,2-s2.0-84955625757
15690,15690,2-s2.0-84940551727
15693,15693,2-s2.0-84940027883
15694,15694,2-s2.0-84940653622
15695,15695,2-s2.0-84937978729
15697,15697,2-s2.0-85014888482
15698,15698,2-s2.0-84944407956
15700,15700,2-s2.0-84937638479
15704,15704,2-s2.0-84939807935
15705,15705,2-s2.0-84941921214
15708,15708,2-s2.0-84933178781
15709,15709,2-s2.0-84959314274
15711,15711,2-s2.0-84971367724
15712,15712,2-s2.0-84936880733
15714,15714,2-s2.0-84957091890
15715,15715,2-s2.0-84957075007
15723,15723,2-s2.0-84936070053
15726,15726,2-s2.0-84955071007
15728,15728,2-s2.0-84957059555
15729,15729,2-s2.0-84957044998
15733,15733,2-s2.0-84958602310
15734,15734,2-s2.0-84957599334
15736,15736,2-s2.0-84957579832
15739,15739,2-s2.0-84957555697
15742,15742,2-s2.0-84957541160
15745,15745,2-s2.0-84946555071
15746,15746,2-s2.0-84945492501
15749,15749,2-s2.0-84941367982
15751,15751,2-s2.0-84941363985
15753,15753,2-s2.0-84941351009
15755,15755,2-s2.0-84940886175
15757,15757,2-s2.0-84940847119
15758,15758,2-s2.0-84940841357
15760,15760,2-s2.0-84938965786
15764,15764,2-s2.0-84937849671
15766,15766,2-s2.0-84937023137
15767,15767,2-s2.0-84935722043
15774,15774,2-s2.0-84941309383
15777,15777,2-s2.0-84941285862
15778,15778,2-s2.0-84941274943
15780,15780,2-s2.0-69349104275
15781,15781,2-s2.0-84943339031
15783,15783,2-s2.0-84937963213
15784,15784,2-s2.0-84937938791
15786,15786,2-s2.0-84941897751
15787,15787,2-s2.0-84937965436
15789,15789,2-s2.0-84933180965
15791,15791,2-s2.0-84949845087
15793,15793,2-s2.0-84957398752
15797,15797,2-s2.0-84941643416
15799,15799,2-s2.0-84937038569
15801,15801,2-s2.0-84958012430
15802,15802,2-s2.0-84957998673
15806,15806,2-s2.0-84957940114
15808,15808,2-s2.0-84930802846
15809,15809,2-s2.0-84930790108
15812,15812,2-s2.0-84959310271
15815,15815,2-s2.0-84936760518
15817,15817,2-s2.0-84936746773
15818,15818,2-s2.0-84936118531
15820,15820,2-s2.0-84930374344
15826,15826,2-s2.0-84949792509
15827,15827,2-s2.0-84949790011
15828,15828,2-s2.0-84949756513
15833,15833,2-s2.0-84938423113
15835,15835,2-s2.0-84931095507
15836,15836,2-s2.0-84930766744
15839,15839,2-s2.0-84929704248
15842,15842,2-s2.0-84983369278
15843,15843,2-s2.0-84941962271
15845,15845,2-s2.0-84941745833
15846,15846,2-s2.0-84941644292
15848,15848,2-s2.0-84939257275
15849,15849,2-s2.0-84938976012
15854,15854,2-s2.0-84934762961
15856,15856,2-s2.0-84930591681
15858,15858,2-s2.0-84939542230
15859,15859,2-s2.0-85027931134
15860,15860,2-s2.0-85022003986
15862,15862,2-s2.0-84993929863
15864,15864,2-s2.0-84975299147
15869,15869,2-s2.0-84941599935
15870,15870,2-s2.0-84941270054
15872,15872,2-s2.0-84938871939
15877,15877,2-s2.0-84937908638
15879,15879,2-s2.0-84937073662
15883,15883,2-s2.0-84933178911
15884,15884,2-s2.0-84932640946
15885,15885,2-s2.0-84932194963
15886,15886,2-s2.0-84931466382
15887,15887,2-s2.0-84931007780
15889,15889,2-s2.0-84930088093
15890,15890,2-s2.0-84929322218
15891,15891,2-s2.0-84929310384
15894,15894,2-s2.0-84926443364
15895,15895,2-s2.0-84922343763
15896,15896,2-s2.0-84938247637
15897,15897,2-s2.0-84929951904
15898,15898,2-s2.0-85120477088
15899,15899,2-s2.0-84929843700
15900,15900,2-s2.0-84929707526
15905,15905,2-s2.0-84951922902
15907,15907,2-s2.0-84961886541
15911,15911,2-s2.0-84939654057
15913,15913,2-s2.0-84942756380
15914,15914,2-s2.0-84937759211
15916,15916,2-s2.0-84896550630
15917,15917,2-s2.0-85096785772
15921,15921,2-s2.0-84942693989
15924,15924,2-s2.0-84942802072
15926,15926,2-s2.0-84942784973
15927,15927,2-s2.0-84942784513
15929,15929,2-s2.0-84942783968
15930,15930,2-s2.0-84942779340
15932,15932,2-s2.0-84942779089
15933,15933,2-s2.0-84942777368
15936,15936,2-s2.0-84942775878
15939,15939,2-s2.0-84942754168
15940,15940,2-s2.0-84942745941
15942,15942,2-s2.0-84942741362
15945,15945,2-s2.0-84930403413
15947,15947,2-s2.0-84930390344
15950,15950,2-s2.0-85075374353
15951,15951,2-s2.0-85050401781
15956,15956,2-s2.0-84981738040
15957,15957,2-s2.0-84971578715
15960,15960,2-s2.0-84944725411
15961,15961,2-s2.0-84942345947
15965,15965,2-s2.0-84939989216
15966,15966,2-s2.0-84939957231
15967,15967,2-s2.0-84939891278
15971,15971,2-s2.0-84929377873
15973,15973,2-s2.0-84929340329
15974,15974,2-s2.0-84929300997
15975,15975,2-s2.0-84928722706
15978,15978,2-s2.0-84926065008
15979,15979,2-s2.0-84925354069
15981,15981,2-s2.0-84922427914
15982,15982,2-s2.0-84921975354
15983,15983,2-s2.0-84891514321
15984,15984,2-s2.0-84981719121
15985,15985,2-s2.0-84957404021
15986,15986,2-s2.0-84953310174
15987,15987,2-s2.0-84939602526
15988,15988,2-s2.0-84929296883
15991,15991,2-s2.0-84925387410
15995,15995,2-s2.0-84929715891
15996,15996,2-s2.0-84942991133
15997,15997,2-s2.0-84927794827
15998,15998,2-s2.0-84927784211
15999,15999,2-s2.0-84968658918
16002,16002,2-s2.0-84955290568
16003,16003,2-s2.0-84954358918
16007,16007,2-s2.0-84990179353
16008,16008,2-s2.0-84930711688
16009,16009,2-s2.0-84954025826
16011,16011,2-s2.0-84930321698
16012,16012,2-s2.0-84929956896
16013,16013,2-s2.0-84928695747
16018,16018,2-s2.0-84960395077
16020,16020,2-s2.0-84960356299
16024,16024,2-s2.0-84939953298
16031,16031,2-s2.0-84930380981
16032,16032,2-s2.0-84930378258
16033,16033,2-s2.0-84929908510
16035,16035,2-s2.0-84929404794
16039,16039,2-s2.0-84929001004
16041,16041,2-s2.0-84927796285
16042,16042,2-s2.0-84927721718
16047,16047,2-s2.0-84922295551
16048,16048,2-s2.0-84891657006
16049,16049,2-s2.0-84958233753
16052,16052,2-s2.0-84946073538
16055,16055,2-s2.0-84946050371
16056,16056,2-s2.0-84946029315
16057,16057,2-s2.0-84946027723
16058,16058,2-s2.0-84928491919
16059,16059,2-s2.0-84928471943
16060,16060,2-s2.0-84928382693
16062,16062,2-s2.0-84928473785
16063,16063,2-s2.0-84926167058
16064,16064,2-s2.0-84926135827
16065,16065,2-s2.0-84951006010
16066,16066,2-s2.0-85120541844
16070,16070,2-s2.0-84929494415
16072,16072,2-s2.0-84929162476
16073,16073,2-s2.0-84928791424
16074,16074,2-s2.0-84928377550
16078,16078,2-s2.0-84958959098
16079,16079,2-s2.0-84955504524
16082,16082,2-s2.0-84929660961
16083,16083,2-s2.0-84930330583
16084,16084,2-s2.0-85027928770
16086,16086,2-s2.0-84947424985
16088,16088,2-s2.0-84941810883
16090,16090,2-s2.0-84938693258
16091,16091,2-s2.0-84938551913
16092,16092,2-s2.0-84938546653
16093,16093,2-s2.0-84938421492
16102,16102,2-s2.0-84928956642
16103,16103,2-s2.0-84928948674
16106,16106,2-s2.0-84926520420
16110,16110,2-s2.0-84926334285
16113,16113,2-s2.0-84926456975
16120,16120,2-s2.0-84956628188
16126,16126,2-s2.0-84939872997
16131,16131,2-s2.0-84937760275
16132,16132,2-s2.0-84929916815
16133,16133,2-s2.0-84929692265
16135,16135,2-s2.0-84929208752
16136,16136,2-s2.0-84929176582
16137,16137,2-s2.0-84928255721
16138,16138,2-s2.0-84928255136
16140,16140,2-s2.0-84928243459
16142,16142,2-s2.0-84928239376
16143,16143,2-s2.0-84928239217
16144,16144,2-s2.0-84928237642
16145,16145,2-s2.0-84928235114
16146,16146,2-s2.0-84928229802
16147,16147,2-s2.0-84928226968
16150,16150,2-s2.0-84928112496
16151,16151,2-s2.0-84928103442
16154,16154,2-s2.0-84926364942
16155,16155,2-s2.0-84926355853
16156,16156,2-s2.0-84926286800
16157,16157,2-s2.0-84925000885
16158,16158,2-s2.0-84925000877
16160,16160,2-s2.0-84924152416
16162,16162,2-s2.0-84922976334
16163,16163,2-s2.0-84922592577
16165,16165,2-s2.0-84921290230
16170,16170,2-s2.0-84895567879
16176,16176,2-s2.0-84934340175
16178,16178,2-s2.0-84929493756
16183,16183,2-s2.0-85043440069
16188,16188,2-s2.0-84926217481
16189,16189,2-s2.0-84923378392
16190,16190,2-s2.0-84925273896
16191,16191,2-s2.0-84928252374
16192,16192,2-s2.0-84928252371
16193,16193,2-s2.0-84928251752
16194,16194,2-s2.0-84928251739
16195,16195,2-s2.0-84928248337
16196,16196,2-s2.0-84928243634
16197,16197,2-s2.0-84928230899
16205,16205,2-s2.0-84928044869
16207,16207,2-s2.0-84922607093
16211,16211,2-s2.0-84939648526
16213,16213,2-s2.0-84961302161
16214,16214,2-s2.0-84939839255
16216,16216,2-s2.0-84921926171
16217,16217,2-s2.0-84919844287
16218,16218,2-s2.0-84981191129
16220,16220,2-s2.0-85053704933
16223,16223,2-s2.0-84995688917
16225,16225,2-s2.0-84960533169
16227,16227,2-s2.0-84939654934
16228,16228,2-s2.0-84939654361
16229,16229,2-s2.0-84939653406
16231,16231,2-s2.0-84939651578
16232,16232,2-s2.0-84939650348
16233,16233,2-s2.0-84938997802
16236,16236,2-s2.0-84929946540
16238,16238,2-s2.0-84928234095
16239,16239,2-s2.0-84928232909
16241,16241,2-s2.0-84926486285
16243,16243,2-s2.0-84925842280
16244,16244,2-s2.0-84925667357
16245,16245,2-s2.0-84925609764
16249,16249,2-s2.0-84925393321
16251,16251,2-s2.0-84925368985
16252,16252,2-s2.0-84925003572
16253,16253,2-s2.0-84924502897
16254,16254,2-s2.0-84924502850
16255,16255,2-s2.0-84924502848
16257,16257,2-s2.0-84924371209
16258,16258,2-s2.0-84924368817
16259,16259,2-s2.0-84924222014
16260,16260,2-s2.0-84924221312
16262,16262,2-s2.0-84923612329
16265,16265,2-s2.0-84923164227
16268,16268,2-s2.0-84922605212
16270,16270,2-s2.0-84922589135
16275,16275,2-s2.0-84921534544
16276,16276,2-s2.0-84921501418
16280,16280,2-s2.0-84917690754
16281,16281,2-s2.0-84916910693
16284,16284,2-s2.0-84959196768
16287,16287,2-s2.0-84942474361
16288,16288,2-s2.0-84942465582
16289,16289,2-s2.0-84942456016
16290,16290,2-s2.0-84942436979
16296,16296,2-s2.0-84929266721
16297,16297,2-s2.0-84925483810
16298,16298,2-s2.0-84926420618
16300,16300,2-s2.0-85020363925
16305,16305,2-s2.0-84938152550
16306,16306,2-s2.0-84938152546
16307,16307,2-s2.0-84938152543
16309,16309,2-s2.0-84938152405
16312,16312,2-s2.0-84938151533
16313,16313,2-s2.0-84938151414
16314,16314,2-s2.0-84938151411
16317,16317,2-s2.0-84938150566
16318,16318,2-s2.0-84938150395
16319,16319,2-s2.0-84938149512
16320,16320,2-s2.0-84938149457
16322,16322,2-s2.0-84938149342
16325,16325,2-s2.0-84938118165
16327,16327,2-s2.0-84938118053
16328,16328,2-s2.0-84938117936
16329,16329,2-s2.0-84938117895
16330,16330,2-s2.0-84938117856
16331,16331,2-s2.0-84938099587
16332,16332,2-s2.0-84938099585
16333,16333,2-s2.0-84938099349
16334,16334,2-s2.0-84938099271
16335,16335,2-s2.0-84921439550
16338,16338,2-s2.0-84923355117
16340,16340,2-s2.0-84975034836
16342,16342,2-s2.0-85150297181
16346,16346,2-s2.0-85000763572
16347,16347,2-s2.0-84990920572
16352,16352,2-s2.0-84925671718
16353,16353,2-s2.0-84923374178
16354,16354,2-s2.0-84922961344
16355,16355,2-s2.0-84922618553
16356,16356,2-s2.0-84922106188
16359,16359,2-s2.0-84921699712
16360,16360,2-s2.0-84921628567
16361,16361,2-s2.0-84921532392
16364,16364,2-s2.0-84910681694
16365,16365,2-s2.0-84909957732
16366,16366,2-s2.0-84908138317
16367,16367,2-s2.0-84896691341
16371,16371,2-s2.0-84888315743
16372,16372,2-s2.0-84961305350
16374,16374,2-s2.0-84940557987
16376,16376,2-s2.0-84922933016
16377,16377,2-s2.0-84919683839
16380,16380,2-s2.0-84922989597
16382,16382,2-s2.0-84922813989
16383,16383,2-s2.0-84922626606
16386,16386,2-s2.0-84921780409
16387,16387,2-s2.0-85056622123
16391,16391,2-s2.0-85030539966
16392,16392,2-s2.0-84961376357
16395,16395,2-s2.0-84916936551
16398,16398,2-s2.0-85209942946
16403,16403,2-s2.0-85151222915
16405,16405,2-s2.0-85151218729
16408,16408,2-s2.0-85151210017
16410,16410,2-s2.0-85151204059
16411,16411,2-s2.0-85151194303
16413,16413,2-s2.0-85151175793
16414,16414,2-s2.0-85151175264
16416,16416,2-s2.0-85151172064
16423,16423,2-s2.0-85136590166
16426,16426,2-s2.0-85128098947
16428,16428,2-s2.0-85128014399
16431,16431,2-s2.0-85116568439
16432,16432,2-s2.0-85116559005
16433,16433,2-s2.0-85116555594
16434,16434,2-s2.0-85116553762
16435,16435,2-s2.0-85116536672
16438,16438,2-s2.0-85116320253
16440,16440,2-s2.0-85110742652
16441,16441,2-s2.0-85110574435
16445,16445,2-s2.0-85101994764
16446,16446,2-s2.0-85101986383
16450,16450,2-s2.0-85101695722
16452,16452,2-s2.0-85100104963
16454,16454,2-s2.0-85097892536
16456,16456,2-s2.0-85088062253
16460,16460,2-s2.0-85086555800
16462,16462,2-s2.0-85086364327
16463,16463,2-s2.0-85086054828
16464,16464,2-s2.0-85086054074
16465,16465,2-s2.0-85084913168
16468,16468,2-s2.0-85082416013
16469,16469,2-s2.0-85080908282
16472,16472,2-s2.0-85078856916
16473,16473,2-s2.0-85078846336
16474,16474,2-s2.0-85078818556
16477,16477,2-s2.0-85073390103
16481,16481,2-s2.0-85068009209
16482,16482,2-s2.0-85067937017
16484,16484,2-s2.0-85066107216
16485,16485,2-s2.0-85065453815
16486,16486,2-s2.0-85065304710
16487,16487,2-s2.0-85065233963
16488,16488,2-s2.0-85064435984
16490,16490,2-s2.0-85063817197
16491,16491,2-s2.0-85062666638
16492,16492,2-s2.0-85061391821
16493,16493,2-s2.0-85061301947
16494,16494,2-s2.0-85060976381
16495,16495,2-s2.0-85060185783
16498,16498,2-s2.0-85057084591
16501,16501,2-s2.0-85054269206
16502,16502,2-s2.0-85053488765
16506,16506,2-s2.0-85050141926
16510,16510,2-s2.0-85045106579
16513,16513,2-s2.0-85043629871
16519,16519,2-s2.0-85039910287
16521,16521,2-s2.0-85039909543
16522,16522,2-s2.0-85039902085
16525,16525,2-s2.0-85039555215
16527,16527,2-s2.0-85039424389
16528,16528,2-s2.0-85039413581
16529,16529,2-s2.0-85038819641
16532,16532,2-s2.0-85032980137
16540,16540,2-s2.0-85030106005
16544,16544,2-s2.0-85028133396
16547,16547,2-s2.0-85026640354
16550,16550,2-s2.0-85022066677
16551,16551,2-s2.0-85020642582
16558,16558,2-s2.0-85018889012
16564,16564,2-s2.0-85018856156
16568,16568,2-s2.0-85018318260
16570,16570,2-s2.0-85017645128
16571,16571,2-s2.0-85017633457
16577,16577,2-s2.0-85017572830
16580,16580,2-s2.0-85014836140
16581,16581,2-s2.0-85013645091
16584,16584,2-s2.0-85011629254
16590,16590,2-s2.0-85007390764
16591,16591,2-s2.0-85007375858
16595,16595,2-s2.0-85006486808
16596,16596,2-s2.0-85006380744
16597,16597,2-s2.0-85006377273
16600,16600,2-s2.0-85002954098
16601,16601,2-s2.0-85000502325
16603,16603,2-s2.0-84998961904
16604,16604,2-s2.0-84996546711
16605,16605,2-s2.0-84994613942
16606,16606,2-s2.0-84994236047
16612,16612,2-s2.0-84991720753
16614,16614,2-s2.0-84991704923
16616,16616,2-s2.0-84991669603
16618,16618,2-s2.0-84991632892
16620,16620,2-s2.0-84991577468
16622,16622,2-s2.0-84991205382
16624,16624,2-s2.0-84989171957
16625,16625,2-s2.0-84989160292
16626,16626,2-s2.0-84988255619
16628,16628,2-s2.0-84986003676
16631,16631,2-s2.0-84983656117
16632,16632,2-s2.0-84983361480
16634,16634,2-s2.0-84983146249
16636,16636,2-s2.0-84982994845
16638,16638,2-s2.0-84982893295
16639,16639,2-s2.0-84982683656
16642,16642,2-s2.0-84981526527
16643,16643,2-s2.0-84980599581
16644,16644,2-s2.0-84977542275
16645,16645,2-s2.0-84977151119
16646,16646,2-s2.0-84977142942
16648,16648,2-s2.0-84977139526
16651,16651,2-s2.0-84977103402
16653,16653,2-s2.0-84977071260
16655,16655,2-s2.0-84976417453
16656,16656,2-s2.0-84976367297
16657,16657,2-s2.0-84976359033
16659,16659,2-s2.0-84973428557
16662,16662,2-s2.0-84971506893
16664,16664,2-s2.0-84971280507
16672,16672,2-s2.0-84969220111
16674,16674,2-s2.0-84969172328
16675,16675,2-s2.0-84969145241
16677,16677,2-s2.0-84968928650
16679,16679,2-s2.0-84968919404
16682,16682,2-s2.0-84968902002
16685,16685,2-s2.0-84968877351
16687,16687,2-s2.0-84968833688
16689,16689,2-s2.0-84968830648
16690,16690,2-s2.0-84968813818
16693,16693,2-s2.0-84968784382
16696,16696,2-s2.0-84968756827
16697,16697,2-s2.0-84968747338
16701,16701,2-s2.0-84968719104
16702,16702,2-s2.0-84967584900
16703,16703,2-s2.0-84965421447
16704,16704,2-s2.0-84964969173
16705,16705,2-s2.0-84964940639
16706,16706,2-s2.0-84964844670
16710,16710,2-s2.0-84964030989
16713,16713,2-s2.0-84963548587
16718,16718,2-s2.0-84962771962
16719,16719,2-s2.0-84962764865
16722,16722,2-s2.0-84962709170
16724,16724,2-s2.0-84962689301
16725,16725,2-s2.0-84962677886
16728,16728,2-s2.0-84961848419
16733,16733,2-s2.0-84960172802
16734,16734,2-s2.0-84960155657
16735,16735,2-s2.0-84960123707
16737,16737,2-s2.0-84960117146
16739,16739,2-s2.0-84959902286
16741,16741,2-s2.0-84959321791
16745,16745,2-s2.0-84958956569
16746,16746,2-s2.0-84958720593
16750,16750,2-s2.0-84958692735
16753,16753,2-s2.0-84958159917
16754,16754,2-s2.0-84958068600
16755,16755,2-s2.0-84957706438
16756,16756,2-s2.0-84957683901
16757,16757,2-s2.0-84957664906
16758,16758,2-s2.0-84957608358
16759,16759,2-s2.0-84957597481
16761,16761,2-s2.0-84957582588
16762,16762,2-s2.0-84957576101
16765,16765,2-s2.0-84957544887
16766,16766,2-s2.0-84957540027
16767,16767,2-s2.0-84957535998
16768,16768,2-s2.0-84957085016
16769,16769,2-s2.0-84956847680
16772,16772,2-s2.0-84956762237
16773,16773,2-s2.0-84956738971
16775,16775,2-s2.0-84956675137
16777,16777,2-s2.0-84956467143
16778,16778,2-s2.0-84955696133
16781,16781,2-s2.0-84955605422
16782,16782,2-s2.0-84955578335
16783,16783,2-s2.0-84955484407
16789,16789,2-s2.0-84955150646
16791,16791,2-s2.0-84955133154
16792,16792,2-s2.0-84955130837
16793,16793,2-s2.0-84955122994
16795,16795,2-s2.0-84954559303
16796,16796,2-s2.0-84954551493
16798,16798,2-s2.0-84954476981
16800,16800,2-s2.0-84954474149
16802,16802,2-s2.0-84954193023
16803,16803,2-s2.0-84954113231
16805,16805,2-s2.0-84954028137
16806,16806,2-s2.0-84954026910
16807,16807,2-s2.0-84953881524
16808,16808,2-s2.0-84953875736
16811,16811,2-s2.0-84953863959
16813,16813,2-s2.0-84953740864
16814,16814,2-s2.0-84953636619
16816,16816,2-s2.0-84953324540
16818,16818,2-s2.0-84953221592
16819,16819,2-s2.0-84953203932
16824,16824,2-s2.0-84952668446
16825,16825,2-s2.0-84952646207
16828,16828,2-s2.0-84952012334
16829,16829,2-s2.0-84951937768
16832,16832,2-s2.0-84951131784
16834,16834,2-s2.0-84950248829
16835,16835,2-s2.0-84950246617
16838,16838,2-s2.0-84950160149
16840,16840,2-s2.0-84950133175
16843,16843,2-s2.0-84949787923
16844,16844,2-s2.0-84949644166
16845,16845,2-s2.0-84949549163
16846,16846,2-s2.0-84949516946
16847,16847,2-s2.0-84949205011
16850,16850,2-s2.0-84949035233
16852,16852,2-s2.0-84949033325
16854,16854,2-s2.0-84949009088
16855,16855,2-s2.0-84949009013
16859,16859,2-s2.0-84948773211
16866,16866,2-s2.0-84948658731
16867,16867,2-s2.0-84948184469
16872,16872,2-s2.0-84948165222
16873,16873,2-s2.0-84948150675
16877,16877,2-s2.0-84947926040
16878,16878,2-s2.0-84947914118
16880,16880,2-s2.0-84947906088
16882,16882,2-s2.0-84947605134
16884,16884,2-s2.0-84947560329
16886,16886,2-s2.0-84947438793
16887,16887,2-s2.0-84947425960
16888,16888,2-s2.0-84947311249
16890,16890,2-s2.0-84947275155
16892,16892,2-s2.0-84947237199
16894,16894,2-s2.0-84947078301
16896,16896,2-s2.0-84947071932
16898,16898,2-s2.0-84946950151
16899,16899,2-s2.0-84946921308
16901,16901,2-s2.0-84946903862
16906,16906,2-s2.0-84946433568
16909,16909,2-s2.0-84946163988
16911,16911,2-s2.0-84945908897
16912,16912,2-s2.0-84945902265
16914,16914,2-s2.0-84945397460
16917,16917,2-s2.0-84945162409
16920,16920,2-s2.0-84945156331
16921,16921,2-s2.0-84945156112
16922,16922,2-s2.0-84945152328
16925,16925,2-s2.0-84945133363
16927,16927,2-s2.0-84945130142
16930,16930,2-s2.0-84944880839
16934,16934,2-s2.0-84944710819
16936,16936,2-s2.0-84944705634
16937,16937,2-s2.0-84944685123
16943,16943,2-s2.0-84944605956
16948,16948,2-s2.0-84944565810
16949,16949,2-s2.0-84944560692
16951,16951,2-s2.0-84944543767
16952,16952,2-s2.0-84944530433
16955,16955,2-s2.0-84944459980
16956,16956,2-s2.0-84944383470
16958,16958,2-s2.0-84944327964
16960,16960,2-s2.0-84944234743
16966,16966,2-s2.0-84943800510
16969,16969,2-s2.0-84943775595
16971,16971,2-s2.0-84943752391
16972,16972,2-s2.0-84943749782
16973,16973,2-s2.0-84943745054
16975,16975,2-s2.0-84943540877
16976,16976,2-s2.0-84943539707
16977,16977,2-s2.0-84943537724
16980,16980,2-s2.0-84943427654
16981,16981,2-s2.0-84943427051
16986,16986,2-s2.0-84943373503
16987,16987,2-s2.0-84943328934
16990,16990,2-s2.0-84943255494
16991,16991,2-s2.0-84943228662
16992,16992,2-s2.0-84943195067
16997,16997,2-s2.0-84943168947
16998,16998,2-s2.0-84943168322
17000,17000,2-s2.0-84943163062
17003,17003,2-s2.0-84943157642
17006,17006,2-s2.0-84942940345
17009,17009,2-s2.0-84942927662
17010,17010,2-s2.0-84942924060
17011,17011,2-s2.0-84942917889
17013,17013,2-s2.0-84942904612
17014,17014,2-s2.0-84942887556
17018,17018,2-s2.0-84942863129
17019,17019,2-s2.0-84942859492
17024,17024,2-s2.0-84942437091
17026,17026,2-s2.0-84942077381
17027,17027,2-s2.0-84941998203
17029,17029,2-s2.0-84941998052
17032,17032,2-s2.0-84941997889
17036,17036,2-s2.0-84941997127
17039,17039,2-s2.0-84941996173
17040,17040,2-s2.0-84941996043
17042,17042,2-s2.0-84941995656
17044,17044,2-s2.0-84941995482
17045,17045,2-s2.0-84941995468
17048,17048,2-s2.0-84941995238
17049,17049,2-s2.0-84941995092
17052,17052,2-s2.0-84941994933
17055,17055,2-s2.0-84941994664
17058,17058,2-s2.0-84941994192
17059,17059,2-s2.0-84941993723
17061,17061,2-s2.0-84941993563
17063,17063,2-s2.0-84941993406
17071,17071,2-s2.0-84941992490
17072,17072,2-s2.0-84941279062
17074,17074,2-s2.0-84941059260
17075,17075,2-s2.0-84941043080
17080,17080,2-s2.0-84940834456
17081,17081,2-s2.0-84940742555
17082,17082,2-s2.0-84940726381
17086,17086,2-s2.0-84940643017
17088,17088,2-s2.0-84940528061
17089,17089,2-s2.0-84940520089
17090,17090,2-s2.0-84940516153
17091,17091,2-s2.0-84940507938
17093,17093,2-s2.0-84940367986
17097,17097,2-s2.0-84939442407
17098,17098,2-s2.0-84939163364
17099,17099,2-s2.0-84939161382
17101,17101,2-s2.0-84938933647
17103,17103,2-s2.0-84938819807
17104,17104,2-s2.0-84938813061
17108,17108,2-s2.0-84938594164
17109,17109,2-s2.0-84938593263
17111,17111,2-s2.0-84938394363
17113,17113,2-s2.0-84938150114
17114,17114,2-s2.0-84938082369
17119,17119,2-s2.0-84937429724
17122,17122,2-s2.0-84937117617
17123,17123,2-s2.0-84937012942
17130,17130,2-s2.0-84936059687
17131,17131,2-s2.0-84935107591
17135,17135,2-s2.0-84931828999
17138,17138,2-s2.0-84931033411
17139,17139,2-s2.0-84930921741
17140,17140,2-s2.0-84930857824
17142,17142,2-s2.0-84930704450
17143,17143,2-s2.0-84930670523
17144,17144,2-s2.0-84930591495
17145,17145,2-s2.0-84930588035
17146,17146,2-s2.0-84930586831
17148,17148,2-s2.0-84930584633
17149,17149,2-s2.0-84930582063
17150,17150,2-s2.0-84930581493
17151,17151,2-s2.0-84930455250
17154,17154,2-s2.0-84930359016
17157,17157,2-s2.0-84930351493
17158,17158,2-s2.0-84930346306
17159,17159,2-s2.0-84930340415
17160,17160,2-s2.0-84930339461
17162,17162,2-s2.0-84930333412
17164,17164,2-s2.0-84930328885
17165,17165,2-s2.0-84930324893
17166,17166,2-s2.0-84930322937
17169,17169,2-s2.0-84930061466
17174,17174,2-s2.0-84929888719
17177,17177,2-s2.0-84929739056
17179,17179,2-s2.0-84929334829
17180,17180,2-s2.0-84929332691
17181,17181,2-s2.0-84929243870
17182,17182,2-s2.0-84929144378
17186,17186,2-s2.0-84928987928
17187,17187,2-s2.0-84928898181
17189,17189,2-s2.0-84928744630
17194,17194,2-s2.0-84928709858
17195,17195,2-s2.0-84928691778
17196,17196,2-s2.0-84928666603
17197,17197,2-s2.0-84928663315
17202,17202,2-s2.0-84928391156
17203,17203,2-s2.0-84928345542
17204,17204,2-s2.0-84928341884
17211,17211,2-s2.0-84927730912
17212,17212,2-s2.0-84927726983
17214,17214,2-s2.0-84927699431
17215,17215,2-s2.0-84927654566
17216,17216,2-s2.0-84927562421
17221,17221,2-s2.0-84926442987
17222,17222,2-s2.0-84926442329
17223,17223,2-s2.0-84926421161
17231,17231,2-s2.0-84925938804
17232,17232,2-s2.0-84925847090
17237,17237,2-s2.0-84925372667
17238,17238,2-s2.0-84925360030
17239,17239,2-s2.0-84925358885
17240,17240,2-s2.0-84925275947
17243,17243,2-s2.0-84924917576
17244,17244,2-s2.0-84924908642
17245,17245,2-s2.0-84924800640
17246,17246,2-s2.0-84924757288
17248,17248,2-s2.0-84924601267
17249,17249,2-s2.0-84924577510
17250,17250,2-s2.0-84924421991
17251,17251,2-s2.0-84924412526
17252,17252,2-s2.0-84924404715
17253,17253,2-s2.0-84924350359
17258,17258,2-s2.0-84923832674
17259,17259,2-s2.0-84923698352
17262,17262,2-s2.0-84923277793
17263,17263,2-s2.0-84923253755
17266,17266,2-s2.0-84923064452
17268,17268,2-s2.0-84923033238
17270,17270,2-s2.0-84922974315
17271,17271,2-s2.0-84922967301
17272,17272,2-s2.0-84922933748
17275,17275,2-s2.0-84922780160
17279,17279,2-s2.0-84922441968
17280,17280,2-s2.0-84922433101
17281,17281,2-s2.0-84922423821
17282,17282,2-s2.0-84922327215
17283,17283,2-s2.0-84922326381
17285,17285,2-s2.0-84922284463
17287,17287,2-s2.0-84922229382
17289,17289,2-s2.0-84922124260
17291,17291,2-s2.0-84921944660
17292,17292,2-s2.0-84921942544
17293,17293,2-s2.0-84921932931
17295,17295,2-s2.0-84921921802
17296,17296,2-s2.0-84921921704
17297,17297,2-s2.0-84921892274
17298,17298,2-s2.0-84921785056
17308,17308,2-s2.0-84920379374
17311,17311,2-s2.0-84920281891
17312,17312,2-s2.0-84920194005
17313,17313,2-s2.0-84919983961
17316,17316,2-s2.0-84919784579
17317,17317,2-s2.0-84919769783
17321,17321,2-s2.0-84918831553
17322,17322,2-s2.0-84918824353
17323,17323,2-s2.0-84918780601
17324,17324,2-s2.0-84918549058
17325,17325,2-s2.0-84916890391
17327,17327,2-s2.0-84914166902
17330,17330,2-s2.0-84910593542
17333,17333,2-s2.0-84908225480
17335,17335,2-s2.0-84907495140
17336,17336,2-s2.0-84890137668
17337,17337,2-s2.0-105012661474
17341,17341,2-s2.0-105012553514
17342,17342,2-s2.0-105012549017
17347,17347,2-s2.0-105012536649
17349,17349,2-s2.0-105012512773
17352,17352,2-s2.0-105012504596
17354,17354,2-s2.0-105011901142
17355,17355,2-s2.0-105011900848
17356,17356,2-s2.0-105011899273
17358,17358,2-s2.0-105011898084
17362,17362,2-s2.0-105011895605
17363,17363,2-s2.0-105011894189
17364,17364,2-s2.0-105011893451
17365,17365,2-s2.0-105011891319
17366,17366,2-s2.0-105011891248
17367,17367,2-s2.0-105011890942
17368,17368,2-s2.0-105011890781
17371,17371,2-s2.0-105011890609
17375,17375,2-s2.0-105011886718
17376,17376,2-s2.0-105011885293
17377,17377,2-s2.0-105011885219
17381,17381,2-s2.0-105011803593
17383,17383,2-s2.0-105010444018
17388,17388,2-s2.0-85099710699
17389,17389,2-s2.0-85099683660
17390,17390,2-s2.0-85099565022
17395,17395,2-s2.0-85099033832
17398,17398,2-s2.0-85083170306
17401,17401,2-s2.0-85098628773
17402,17402,2-s2.0-85105470730
17404,17404,2-s2.0-85098588636
17407,17407,2-s2.0-85099749307
17409,17409,2-s2.0-85137429822
17410,17410,2-s2.0-85102466145
17414,17414,2-s2.0-85097512713
17415,17415,2-s2.0-85150401442
17416,17416,2-s2.0-85098166862
17420,17420,2-s2.0-85102977653
17421,17421,2-s2.0-85102977108
17423,17423,2-s2.0-85102972718
17424,17424,2-s2.0-85102972498
17425,17425,2-s2.0-85102972462
17427,17427,2-s2.0-85102972170
17429,17429,2-s2.0-85102970242
17431,17431,2-s2.0-85104202650
17432,17432,2-s2.0-85099057898
17434,17434,2-s2.0-85096461509
17436,17436,2-s2.0-85106820840
17437,17437,2-s2.0-85098510419
17441,17441,2-s2.0-85103504997
17442,17442,2-s2.0-85103478841
17443,17443,2-s2.0-85101734019
17445,17445,2-s2.0-85097595345
17446,17446,2-s2.0-85218162427
17447,17447,2-s2.0-85179704294
17448,17448,2-s2.0-85169144523
17450,17450,2-s2.0-85145587731
17452,17452,2-s2.0-85117562180
17459,17459,2-s2.0-85106849600
17460,17460,2-s2.0-85106848939
17462,17462,2-s2.0-85106834128
17464,17464,2-s2.0-85106825012
17469,17469,2-s2.0-85106793643
17471,17471,2-s2.0-85106775875
17473,17473,2-s2.0-85106067647
17477,17477,2-s2.0-85104662634
17478,17478,2-s2.0-85104573975
17480,17480,2-s2.0-85103887655
17481,17481,2-s2.0-85103883126
17482,17482,2-s2.0-85103114736
17483,17483,2-s2.0-85102784661
17485,17485,2-s2.0-85101447262
17486,17486,2-s2.0-85101434910
17487,17487,2-s2.0-85101434408
17488,17488,2-s2.0-85101231511
17489,17489,2-s2.0-85100898169
17492,17492,2-s2.0-85100021581
17493,17493,2-s2.0-85100007031
17494,17494,2-s2.0-85100005265
17496,17496,2-s2.0-85099495204
17497,17497,2-s2.0-85099481811
17499,17499,2-s2.0-85099422731
17500,17500,2-s2.0-85099366419
17501,17501,2-s2.0-85099164189
17502,17502,2-s2.0-85099088719
17505,17505,2-s2.0-85099036365
17507,17507,2-s2.0-85098793500
17509,17509,2-s2.0-85098508366
17513,17513,2-s2.0-85098149074
17514,17514,2-s2.0-85098146505
17517,17517,2-s2.0-85097939763
17518,17518,2-s2.0-85097925586
17523,17523,2-s2.0-85097501164
17525,17525,2-s2.0-85097429988
17526,17526,2-s2.0-85097415339
17527,17527,2-s2.0-85097397115
17528,17528,2-s2.0-85097389198
17530,17530,2-s2.0-85097287775
17532,17532,2-s2.0-85097264058
17533,17533,2-s2.0-85097210144
17535,17535,2-s2.0-85097112641
17537,17537,2-s2.0-85097049062
17538,17538,2-s2.0-85097047678
17540,17540,2-s2.0-85096830840
17548,17548,2-s2.0-85095935787
17549,17549,2-s2.0-85095874448
17550,17550,2-s2.0-85095721114
17552,17552,2-s2.0-85095571367
17553,17553,2-s2.0-85094915674
17556,17556,2-s2.0-85094205967
17557,17557,2-s2.0-85093974810
17558,17558,2-s2.0-85093923584
17559,17559,2-s2.0-85093917855
17560,17560,2-s2.0-85093702218
17563,17563,2-s2.0-85092611332
17569,17569,2-s2.0-85091976136
17570,17570,2-s2.0-85091946102
17574,17574,2-s2.0-85091057830
17575,17575,2-s2.0-85091049847
17576,17576,2-s2.0-85091023818
17577,17577,2-s2.0-85091001606
17578,17578,2-s2.0-85090845285
17584,17584,2-s2.0-85089785416
17585,17585,2-s2.0-85089748522
17586,17586,2-s2.0-85089740233
17587,17587,2-s2.0-85089528125
17588,17588,2-s2.0-85089496622
17590,17590,2-s2.0-85089208709
17591,17591,2-s2.0-85089097728
17592,17592,2-s2.0-85089080099
17594,17594,2-s2.0-85088988020
17600,17600,2-s2.0-85087489979
17602,17602,2-s2.0-85087126018
17607,17607,2-s2.0-85085659079
17610,17610,2-s2.0-85084827556
17612,17612,2-s2.0-85084123400
17614,17614,2-s2.0-85083697807
17616,17616,2-s2.0-85083636032
17617,17617,2-s2.0-85082952193
17618,17618,2-s2.0-85082751349
17619,17619,2-s2.0-85082557284
17621,17621,2-s2.0-85081892582
17622,17622,2-s2.0-85081742312
17630,17630,2-s2.0-85078285028
17631,17631,2-s2.0-85078238259
17633,17633,2-s2.0-85077839866
17635,17635,2-s2.0-85077030356
17636,17636,2-s2.0-85076606015
17638,17638,2-s2.0-85075808550
17639,17639,2-s2.0-85075356183
17640,17640,2-s2.0-85071022654
17644,17644,2-s2.0-85068322256
17646,17646,2-s2.0-85066072766
17648,17648,2-s2.0-85055930665
17649,17649,2-s2.0-85048758189
17650,17650,2-s2.0-85034837089
17653,17653,2-s2.0-85164186008
17656,17656,2-s2.0-85099477840
17662,17662,2-s2.0-85097987952
17664,17664,2-s2.0-85149430421
17666,17666,2-s2.0-85099583178
17667,17667,2-s2.0-85099577203
17672,17672,2-s2.0-85099547157
17673,17673,2-s2.0-85099546836
17674,17674,2-s2.0-85099539766
17677,17677,2-s2.0-85099465820
17678,17678,2-s2.0-85099464944
17681,17681,2-s2.0-85097207216
17682,17682,2-s2.0-85097186083
17683,17683,2-s2.0-85097276484
17684,17684,2-s2.0-85099974113
17685,17685,2-s2.0-85097297915
17686,17686,2-s2.0-85123042512
17689,17689,2-s2.0-85123040085
17690,17690,2-s2.0-85097300768
17691,17691,2-s2.0-85096459087
17694,17694,2-s2.0-85099639973
17695,17695,2-s2.0-85098649904
17705,17705,2-s2.0-85085531058
17706,17706,2-s2.0-85073941914
17708,17708,2-s2.0-85097271248
17710,17710,2-s2.0-85103738560
17711,17711,2-s2.0-85099602352
17712,17712,2-s2.0-85148550190
17714,17714,2-s2.0-85095575549
17715,17715,2-s2.0-85096578081
17718,17718,2-s2.0-85100300455
17719,17719,2-s2.0-85093970731
17720,17720,2-s2.0-85089867738
17721,17721,2-s2.0-85085038362
17724,17724,2-s2.0-85104584536
17725,17725,2-s2.0-85101945368
17727,17727,2-s2.0-85101933377
17729,17729,2-s2.0-85101906759
17730,17730,2-s2.0-85099538705
17732,17732,2-s2.0-85096986977
17736,17736,2-s2.0-85100740469
17737,17737,2-s2.0-85100735567
17738,17738,2-s2.0-85100731929
17743,17743,2-s2.0-85096603111
17745,17745,2-s2.0-85096586685
17746,17746,2-s2.0-85096571012
17747,17747,2-s2.0-85096563879
17748,17748,2-s2.0-85096552234
17750,17750,2-s2.0-85095800427
17752,17752,2-s2.0-85096535411
17753,17753,2-s2.0-85096210752
17754,17754,2-s2.0-85096207102
17757,17757,2-s2.0-85100832913
17761,17761,2-s2.0-85097280080
17769,17769,2-s2.0-85096550206
17772,17772,2-s2.0-85096317603
17774,17774,2-s2.0-85096235416
17775,17775,2-s2.0-85096234867
17776,17776,2-s2.0-85096228362
17777,17777,2-s2.0-85096209125
17779,17779,2-s2.0-85096205738
17781,17781,2-s2.0-85096007757
17786,17786,2-s2.0-85095694200
17787,17787,2-s2.0-85095456417
17788,17788,2-s2.0-85095121911
17789,17789,2-s2.0-85094665834
17790,17790,2-s2.0-85094623201
17791,17791,2-s2.0-85094600597
17794,17794,2-s2.0-85094214413
17795,17795,2-s2.0-85094166618
17797,17797,2-s2.0-85094157404
17798,17798,2-s2.0-85093917094
17799,17799,2-s2.0-85093652275
17800,17800,2-s2.0-85091146016
17805,17805,2-s2.0-85089974621
17806,17806,2-s2.0-85089603704
17808,17808,2-s2.0-85089417169
17811,17811,2-s2.0-85088220499
17813,17813,2-s2.0-85086403721
17815,17815,2-s2.0-85086365616
17817,17817,2-s2.0-85086159768
17822,17822,2-s2.0-85085109687
17825,17825,2-s2.0-85084046457
17831,17831,2-s2.0-85078054551
17832,17832,2-s2.0-85077461570
17834,17834,2-s2.0-85077072573
17836,17836,2-s2.0-85065186958
17838,17838,2-s2.0-85046658530
17841,17841,2-s2.0-85101212929
17842,17842,2-s2.0-85097648815
17846,17846,2-s2.0-85096473364
17850,17850,2-s2.0-85096448101
17851,17851,2-s2.0-85096438872
17853,17853,2-s2.0-85096425848
17854,17854,2-s2.0-85096424334
17856,17856,2-s2.0-85096422815
17857,17857,2-s2.0-85096422595
17858,17858,2-s2.0-85096421577
17859,17859,2-s2.0-85096420877
17860,17860,2-s2.0-85096420408
17862,17862,2-s2.0-85096418744
17865,17865,2-s2.0-85096414176
17868,17868,2-s2.0-85096413143
17873,17873,2-s2.0-85096411157
17874,17874,2-s2.0-85096411017
17875,17875,2-s2.0-85096410491
17878,17878,2-s2.0-85096409778
17881,17881,2-s2.0-85096408882
17884,17884,2-s2.0-85094151590
17885,17885,2-s2.0-85094982022
17887,17887,2-s2.0-85098002165
17888,17888,2-s2.0-85097997092
17889,17889,2-s2.0-85096895722
17891,17891,2-s2.0-85096971719
17893,17893,2-s2.0-85123041321
17894,17894,2-s2.0-85102249517
17897,17897,2-s2.0-85095456709
17898,17898,2-s2.0-85104529909
17900,17900,2-s2.0-85100590678
17904,17904,2-s2.0-85099339133
17909,17909,2-s2.0-85098589057
17910,17910,2-s2.0-85098587626
17912,17912,2-s2.0-85098582049
17913,17913,2-s2.0-85098575191
17914,17914,2-s2.0-85098573693
17916,17916,2-s2.0-85098568606
17921,17921,2-s2.0-85098559973
17922,17922,2-s2.0-85098556971
17924,17924,2-s2.0-85098551022
17928,17928,2-s2.0-85098536153
17929,17929,2-s2.0-85098535357
17930,17930,2-s2.0-85095677528
17932,17932,2-s2.0-85103565622
17942,17942,2-s2.0-85107294109
17943,17943,2-s2.0-85099359017
17947,17947,2-s2.0-85098884629
17950,17950,2-s2.0-85198529046
17952,17952,2-s2.0-85094914051
17954,17954,2-s2.0-85092753570
17955,17955,2-s2.0-85095793091
17956,17956,2-s2.0-85092667312
17958,17958,2-s2.0-85104633994
17959,17959,2-s2.0-85098782072
17960,17960,2-s2.0-85096704704
17961,17961,2-s2.0-85093855658
17963,17963,2-s2.0-85085765912
17965,17965,2-s2.0-85071013072
17966,17966,2-s2.0-85071011967
17968,17968,2-s2.0-85057235294
17969,17969,2-s2.0-85153961095
17972,17972,2-s2.0-85105515144
17973,17973,2-s2.0-85105502034
17977,17977,2-s2.0-85099973172
17980,17980,2-s2.0-85097990716
17982,17982,2-s2.0-85096523169
17983,17983,2-s2.0-85096105426
17984,17984,2-s2.0-85096050981
17986,17986,2-s2.0-85095778365
17990,17990,2-s2.0-85093706279
17991,17991,2-s2.0-85093692892
17993,17993,2-s2.0-85093533809
17994,17994,2-s2.0-85093113893
17995,17995,2-s2.0-85092916629
17996,17996,2-s2.0-85092901487
17998,17998,2-s2.0-85092731323
17999,17999,2-s2.0-85092719459
18000,18000,2-s2.0-85092585942
18001,18001,2-s2.0-85092574716
18002,18002,2-s2.0-85092572821
18006,18006,2-s2.0-85092237434
18010,18010,2-s2.0-85091733096
18013,18013,2-s2.0-85090946761
18014,18014,2-s2.0-85090581978
18015,18015,2-s2.0-85090236972
18016,18016,2-s2.0-85089750195
18018,18018,2-s2.0-85088833598
18024,18024,2-s2.0-85087491158
18027,18027,2-s2.0-85086107986
18028,18028,2-s2.0-85085956882
18030,18030,2-s2.0-85085100191
18031,18031,2-s2.0-85084981065
18032,18032,2-s2.0-85084974368
18035,18035,2-s2.0-85082477379
18036,18036,2-s2.0-85081213354
18037,18037,2-s2.0-85079455691
18038,18038,2-s2.0-85078498469
18039,18039,2-s2.0-85077677795
18042,18042,2-s2.0-85076546390
18043,18043,2-s2.0-85075915287
18045,18045,2-s2.0-85075361380
18047,18047,2-s2.0-85075257811
18048,18048,2-s2.0-85075162888
18049,18049,2-s2.0-85074827921
18052,18052,2-s2.0-85074460355
18053,18053,2-s2.0-85073781463
18056,18056,2-s2.0-85066888988
18057,18057,2-s2.0-85065430659
18058,18058,2-s2.0-85064020475
18059,18059,2-s2.0-85059006975
18064,18064,2-s2.0-85092900042
18065,18065,2-s2.0-85092890406
18067,18067,2-s2.0-85092677782
18068,18068,2-s2.0-85092111294
18069,18069,2-s2.0-85097158834
18072,18072,2-s2.0-85097247796
18073,18073,2-s2.0-85097247198
18074,18074,2-s2.0-85097246180
18076,18076,2-s2.0-85097242483
18078,18078,2-s2.0-85097226298
18079,18079,2-s2.0-85097223456
18080,18080,2-s2.0-85097219271
18082,18082,2-s2.0-85097214499
18083,18083,2-s2.0-85091237798
18087,18087,2-s2.0-85092799891
18089,18089,2-s2.0-85092799118
18093,18093,2-s2.0-85092795147
18096,18096,2-s2.0-85092793582
18104,18104,2-s2.0-85092780574
18105,18105,2-s2.0-85092780530
18108,18108,2-s2.0-85092774984
18109,18109,2-s2.0-85092772829
18111,18111,2-s2.0-85092756933
18113,18113,2-s2.0-85149670989
18115,18115,2-s2.0-85096515543
18119,18119,2-s2.0-85096457433
18124,18124,2-s2.0-85097051210
18127,18127,2-s2.0-85092634129
18130,18130,2-s2.0-85079364594
18133,18133,2-s2.0-85091167828
18137,18137,2-s2.0-85123042519
18138,18138,2-s2.0-85107237559
18139,18139,2-s2.0-85107233578
18140,18140,2-s2.0-85107224310
18141,18141,2-s2.0-85107218705
18142,18142,2-s2.0-85107216457
18144,18144,2-s2.0-85107204268
18152,18152,2-s2.0-85107179558
18153,18153,2-s2.0-85091246415
18157,18157,2-s2.0-85091031696
18161,18161,2-s2.0-85079800976
18163,18163,2-s2.0-85211756126
18167,18167,2-s2.0-85127181342
18168,18168,2-s2.0-85114765727
18176,18176,2-s2.0-85097167445
18178,18178,2-s2.0-85097137739
18179,18179,2-s2.0-85097022684
18182,18182,2-s2.0-85095751462
18183,18183,2-s2.0-85095580654
18185,18185,2-s2.0-85093863193
18191,18191,2-s2.0-85092800094
18194,18194,2-s2.0-85092274649
18195,18195,2-s2.0-85092228668
18197,18197,2-s2.0-85092112272
18201,18201,2-s2.0-85091838697
18202,18202,2-s2.0-85091791816
18204,18204,2-s2.0-85091657691
18207,18207,2-s2.0-85091469759
18208,18208,2-s2.0-85091464682
18209,18209,2-s2.0-85091437598
18215,18215,2-s2.0-85090810984
18218,18218,2-s2.0-85090763501
18223,18223,2-s2.0-85090500632
18227,18227,2-s2.0-85090346495
18228,18228,2-s2.0-85090334726
18229,18229,2-s2.0-85090236315
18231,18231,2-s2.0-85090179875
18233,18233,2-s2.0-85089776315
18234,18234,2-s2.0-85089678961
18235,18235,2-s2.0-85089663919
18236,18236,2-s2.0-85089599774
18238,18238,2-s2.0-85089451769
18241,18241,2-s2.0-85088893220
18243,18243,2-s2.0-85088275095
18245,18245,2-s2.0-85087895543
18246,18246,2-s2.0-85087741993
18250,18250,2-s2.0-85087164902
18252,18252,2-s2.0-85086883965
18254,18254,2-s2.0-85086758933
18257,18257,2-s2.0-85086124596
18258,18258,2-s2.0-85086105253
18259,18259,2-s2.0-85086103131
18261,18261,2-s2.0-85085002343
18262,18262,2-s2.0-85084993989
18267,18267,2-s2.0-85082800298
18271,18271,2-s2.0-85079469489
18272,18272,2-s2.0-85079385649
18278,18278,2-s2.0-85077145863
18279,18279,2-s2.0-85077072148
18280,18280,2-s2.0-85076342087
18281,18281,2-s2.0-85076131866
18282,18282,2-s2.0-85075438546
18283,18283,2-s2.0-85075332027
18285,18285,2-s2.0-85070748981
18286,18286,2-s2.0-85067701133
18288,18288,2-s2.0-85066075632
18289,18289,2-s2.0-85065961172
18290,18290,2-s2.0-85065788201
18293,18293,2-s2.0-85058013801
18294,18294,2-s2.0-85097820755
18295,18295,2-s2.0-85106581133
18296,18296,2-s2.0-85092074025
18297,18297,2-s2.0-85090421099
18298,18298,2-s2.0-85082328625
18300,18300,2-s2.0-85087644526
18308,18308,2-s2.0-85086081138
18310,18310,2-s2.0-85137183251
18311,18311,2-s2.0-85090010419
18313,18313,2-s2.0-85091977229
18315,18315,2-s2.0-85089832406
18317,18317,2-s2.0-85089164778
18318,18318,2-s2.0-85066631854
18322,18322,2-s2.0-85200149316
18325,18325,2-s2.0-85105012353
18326,18326,2-s2.0-85105004205
18328,18328,2-s2.0-85104952204
18329,18329,2-s2.0-85104946541
18330,18330,2-s2.0-85104855515
18331,18331,2-s2.0-85099904147
18332,18332,2-s2.0-85099068786
18333,18333,2-s2.0-85099062490
18336,18336,2-s2.0-85099054204
18339,18339,2-s2.0-85099026428
18341,18341,2-s2.0-85097653513
18343,18343,2-s2.0-85096184288
18344,18344,2-s2.0-85095752250
18345,18345,2-s2.0-85094681341
18351,18351,2-s2.0-85093111020
18354,18354,2-s2.0-85092614602
18355,18355,2-s2.0-85092068175
18356,18356,2-s2.0-85092058825
18357,18357,2-s2.0-85092052492
18360,18360,2-s2.0-85092031034
18361,18361,2-s2.0-85092022069
18363,18363,2-s2.0-85092018755
18364,18364,2-s2.0-85091538979
18366,18366,2-s2.0-85090654404
18367,18367,2-s2.0-85090644471
18376,18376,2-s2.0-85090110417
18377,18377,2-s2.0-85090092354
18378,18378,2-s2.0-85090090899
18379,18379,2-s2.0-85090083031
18380,18380,2-s2.0-85089818108
18382,18382,2-s2.0-85089704237
18384,18384,2-s2.0-85089624366
18385,18385,2-s2.0-85089563094
18388,18388,2-s2.0-85089538403
18390,18390,2-s2.0-85089524694
18393,18393,2-s2.0-85089201014
18394,18394,2-s2.0-85089193657
18395,18395,2-s2.0-85089187400
18397,18397,2-s2.0-85089071176
18398,18398,2-s2.0-85088933994
18400,18400,2-s2.0-85088578568
18403,18403,2-s2.0-85088244213
18405,18405,2-s2.0-85087555892
18406,18406,2-s2.0-85086784789
18407,18407,2-s2.0-85086585510
18409,18409,2-s2.0-85086151075
18412,18412,2-s2.0-85085977548
18414,18414,2-s2.0-85085706821
18416,18416,2-s2.0-85085508419
18423,18423,2-s2.0-85083817476
18425,18425,2-s2.0-85083376980
18426,18426,2-s2.0-85083338976
18427,18427,2-s2.0-85082737082
18428,18428,2-s2.0-85082186220
18429,18429,2-s2.0-85079703678
18430,18430,2-s2.0-85079183505
18433,18433,2-s2.0-85077679658
18436,18436,2-s2.0-85075908389
18438,18438,2-s2.0-85074499097
18445,18445,2-s2.0-85060775574
18447,18447,2-s2.0-85090698401
18448,18448,2-s2.0-85089581884
18449,18449,2-s2.0-85089578191
18450,18450,2-s2.0-85089565446
18453,18453,2-s2.0-85063375268
18459,18459,2-s2.0-85138061749
18460,18460,2-s2.0-85091756220
18461,18461,2-s2.0-85089669705
18462,18462,2-s2.0-85088986398
18463,18463,2-s2.0-85088944305
18465,18465,2-s2.0-85088979045
18466,18466,2-s2.0-85089072473
18472,18472,2-s2.0-85089103111
18473,18473,2-s2.0-85089102821
18476,18476,2-s2.0-85089088137
18479,18479,2-s2.0-85089080567
18482,18482,2-s2.0-85089077621
18485,18485,2-s2.0-85089065181
18486,18486,2-s2.0-85167729919
18492,18492,2-s2.0-85089836442
18493,18493,2-s2.0-85089830426
18495,18495,2-s2.0-85086870975
18498,18498,2-s2.0-85092735578
18499,18499,2-s2.0-85188778037
18503,18503,2-s2.0-85085895893
18504,18504,2-s2.0-85089081447
18505,18505,2-s2.0-85087927270
18507,18507,2-s2.0-85087922885
18508,18508,2-s2.0-85087921768
18512,18512,2-s2.0-85087913073
18513,18513,2-s2.0-85087909731
18516,18516,2-s2.0-85087899823
18521,18521,2-s2.0-85087883112
18522,18522,2-s2.0-85087881783
18523,18523,2-s2.0-85087880435
18524,18524,2-s2.0-85087879156
18526,18526,2-s2.0-85087877041
18527,18527,2-s2.0-85087876405
18528,18528,2-s2.0-85087875719
18529,18529,2-s2.0-85087874856
18531,18531,2-s2.0-85087873730
18533,18533,2-s2.0-85087865572
18534,18534,2-s2.0-85087862555
18535,18535,2-s2.0-85087859372
18536,18536,2-s2.0-85087618188
18537,18537,2-s2.0-85086947862
18538,18538,2-s2.0-85078594731
18539,18539,2-s2.0-85075759102
18544,18544,2-s2.0-85055173369
18545,18545,2-s2.0-85097953372
18549,18549,2-s2.0-85089193761
18550,18550,2-s2.0-85088800455
18551,18551,2-s2.0-85087841424
18556,18556,2-s2.0-85087801040
18557,18557,2-s2.0-85087797132
18558,18558,2-s2.0-85087796431
18560,18560,2-s2.0-85084792940
18562,18562,2-s2.0-85081290346
18563,18563,2-s2.0-85079170159
18568,18568,2-s2.0-85162152366
18571,18571,2-s2.0-85107965028
18572,18572,2-s2.0-85098976102
18574,18574,2-s2.0-85094174184
18577,18577,2-s2.0-85092109642
18578,18578,2-s2.0-85092092385
18581,18581,2-s2.0-85091476910
18583,18583,2-s2.0-85091187566
18584,18584,2-s2.0-85091037638
18585,18585,2-s2.0-85090884151
18587,18587,2-s2.0-85090390607
18588,18588,2-s2.0-85090034977
18591,18591,2-s2.0-85089820210
18592,18592,2-s2.0-85089812021
18593,18593,2-s2.0-85089800855
18594,18594,2-s2.0-85089706295
18598,18598,2-s2.0-85089652749
18599,18599,2-s2.0-85089571314
18600,18600,2-s2.0-85089469719
18602,18602,2-s2.0-85089011190
18603,18603,2-s2.0-85088850990
18604,18604,2-s2.0-85088834482
18605,18605,2-s2.0-85088592997
18606,18606,2-s2.0-85088487028
18607,18607,2-s2.0-85088314282
18608,18608,2-s2.0-85088309388
18611,18611,2-s2.0-85087894571
18612,18612,2-s2.0-85087833330
18613,18613,2-s2.0-85087825657
18615,18615,2-s2.0-85087764899
18616,18616,2-s2.0-85087745395
18620,18620,2-s2.0-85087347941
18622,18622,2-s2.0-85087139679
18623,18623,2-s2.0-85086943125
18624,18624,2-s2.0-85086934610
18626,18626,2-s2.0-85086448440
18627,18627,2-s2.0-85086125914
18628,18628,2-s2.0-85086096531
18633,18633,2-s2.0-85085106137
18635,18635,2-s2.0-85084954565
18636,18636,2-s2.0-85083790612
18639,18639,2-s2.0-85082725658
18640,18640,2-s2.0-85082648570
18642,18642,2-s2.0-85079392183
18649,18649,2-s2.0-85076840090
18650,18650,2-s2.0-85076541855
18653,18653,2-s2.0-85074824119
18657,18657,2-s2.0-85069850513
18658,18658,2-s2.0-85049613258
18663,18663,2-s2.0-85088260744
18667,18667,2-s2.0-85086051158
18672,18672,2-s2.0-85107634998
18674,18674,2-s2.0-85104005379
18675,18675,2-s2.0-85103500828
18676,18676,2-s2.0-85099270982
18677,18677,2-s2.0-85099267727
18679,18679,2-s2.0-85097748362
18681,18681,2-s2.0-85085239031
18684,18684,2-s2.0-85095797819
18685,18685,2-s2.0-85095797386
18686,18686,2-s2.0-85095797214
18687,18687,2-s2.0-85095797071
18688,18688,2-s2.0-85095794845
18689,18689,2-s2.0-85095793958
18690,18690,2-s2.0-85095793402
18694,18694,2-s2.0-85095790762
18698,18698,2-s2.0-85095789656
18699,18699,2-s2.0-85095789182
18701,18701,2-s2.0-85095789044
18702,18702,2-s2.0-85095788498
18704,18704,2-s2.0-85095788120
18708,18708,2-s2.0-85095786478
18713,18713,2-s2.0-85095783988
18714,18714,2-s2.0-85095782459
18717,18717,2-s2.0-85095781437
18720,18720,2-s2.0-85095780789
18721,18721,2-s2.0-85095780349
18726,18726,2-s2.0-85095777628
18728,18728,2-s2.0-85095777439
18730,18730,2-s2.0-85095774140
18732,18732,2-s2.0-85095773097
18733,18733,2-s2.0-85095771922
18736,18736,2-s2.0-85095769751
18737,18737,2-s2.0-85095768431
18739,18739,2-s2.0-85095766082
18740,18740,2-s2.0-85095765479
18742,18742,2-s2.0-85095763378
18744,18744,2-s2.0-85095762797
18746,18746,2-s2.0-85095761085
18748,18748,2-s2.0-85095760258
18755,18755,2-s2.0-85095756693
18756,18756,2-s2.0-85095756597
18760,18760,2-s2.0-85095751902
18761,18761,2-s2.0-85095751307
18762,18762,2-s2.0-85095750444
18763,18763,2-s2.0-85095750149
18765,18765,2-s2.0-85095749521
18766,18766,2-s2.0-85095749398
18767,18767,2-s2.0-85095749203
18768,18768,2-s2.0-85095749154
18770,18770,2-s2.0-85095748311
18772,18772,2-s2.0-85095747505
18773,18773,2-s2.0-85095746639
18774,18774,2-s2.0-85095745844
18776,18776,2-s2.0-85095745385
18778,18778,2-s2.0-85095743776
18780,18780,2-s2.0-85095741462
18781,18781,2-s2.0-85095741053
18783,18783,2-s2.0-85095740044
18784,18784,2-s2.0-85095738802
18788,18788,2-s2.0-85095738232
18790,18790,2-s2.0-85095736785
18792,18792,2-s2.0-85095735407
18793,18793,2-s2.0-85095735246
18795,18795,2-s2.0-85095734531
18796,18796,2-s2.0-85095733527
18798,18798,2-s2.0-85095733248
18800,18800,2-s2.0-85095732454
18803,18803,2-s2.0-85095730960
18805,18805,2-s2.0-85095729053
18807,18807,2-s2.0-85095727953
18808,18808,2-s2.0-85095727772
18811,18811,2-s2.0-85095727179
18813,18813,2-s2.0-85095725746
18814,18814,2-s2.0-85095725305
18815,18815,2-s2.0-85095725064
18818,18818,2-s2.0-85095724408
18819,18819,2-s2.0-85092047198
18821,18821,2-s2.0-85087410016
18824,18824,2-s2.0-85088319081
18825,18825,2-s2.0-85088313318
18831,18831,2-s2.0-85088285414
18832,18832,2-s2.0-85087726970
18833,18833,2-s2.0-85087718625
18836,18836,2-s2.0-85087707715
18837,18837,2-s2.0-85086727442
18839,18839,2-s2.0-85089204445
18840,18840,2-s2.0-85088122600
18841,18841,2-s2.0-85088101853
18844,18844,2-s2.0-85087107745
18846,18846,2-s2.0-85087103849
18847,18847,2-s2.0-85086804304
18848,18848,2-s2.0-85086803584
18849,18849,2-s2.0-85086799784
18850,18850,2-s2.0-85086798994
18853,18853,2-s2.0-85092229049
18859,18859,2-s2.0-85086436342
18863,18863,2-s2.0-85085970529
18865,18865,2-s2.0-85075194388
18866,18866,2-s2.0-85087525339
18869,18869,2-s2.0-85087516759
18871,18871,2-s2.0-85087495395
18873,18873,2-s2.0-85087491415
18875,18875,2-s2.0-85087486583
18876,18876,2-s2.0-85087484691
18877,18877,2-s2.0-85087481379
18880,18880,2-s2.0-85087013011
18881,18881,2-s2.0-85086636977
18882,18882,2-s2.0-85086628190
18883,18883,2-s2.0-85086627473
18884,18884,2-s2.0-85086712996
18885,18885,2-s2.0-85085905596
18891,18891,2-s2.0-85105509328
18892,18892,2-s2.0-85105492431
18893,18893,2-s2.0-85105483377
18896,18896,2-s2.0-85105466279
18900,18900,2-s2.0-85105429362
18901,18901,2-s2.0-85105426254
18905,18905,2-s2.0-85095791564
18906,18906,2-s2.0-85094095756
18907,18907,2-s2.0-85093103172
18908,18908,2-s2.0-85091960688
18910,18910,2-s2.0-85091649088
18912,18912,2-s2.0-85091591490
18913,18913,2-s2.0-85091376860
18914,18914,2-s2.0-85091339727
18916,18916,2-s2.0-85091184116
18917,18917,2-s2.0-85090890495
18920,18920,2-s2.0-85090560669
18921,18921,2-s2.0-85090551029
18923,18923,2-s2.0-85089663815
18925,18925,2-s2.0-85089027256
18926,18926,2-s2.0-85089022838
18928,18928,2-s2.0-85088992958
18930,18930,2-s2.0-85088927251
18931,18931,2-s2.0-85088188090
18935,18935,2-s2.0-85087788375
18936,18936,2-s2.0-85087784287
18937,18937,2-s2.0-85087748167
18940,18940,2-s2.0-85087447036
18942,18942,2-s2.0-85087112037
18944,18944,2-s2.0-85087092469
18945,18945,2-s2.0-85086936791
18946,18946,2-s2.0-85086833111
18948,18948,2-s2.0-85086621969
18953,18953,2-s2.0-85086117294
18955,18955,2-s2.0-85086014301
18957,18957,2-s2.0-85085903026
18959,18959,2-s2.0-85085880713
18961,18961,2-s2.0-85085701744
18963,18963,2-s2.0-85085539329
18964,18964,2-s2.0-85085341527
18967,18967,2-s2.0-85085028299
18968,18968,2-s2.0-85085015359
18972,18972,2-s2.0-85084917131
18973,18973,2-s2.0-85084863125
18974,18974,2-s2.0-85084855642
18975,18975,2-s2.0-85084847236
18978,18978,2-s2.0-85084836029
18979,18979,2-s2.0-85084820256
18980,18980,2-s2.0-85084816863
18982,18982,2-s2.0-85084790292
18986,18986,2-s2.0-85084561873
18988,18988,2-s2.0-85084454017
18989,18989,2-s2.0-85084444189
18991,18991,2-s2.0-85084243489
18993,18993,2-s2.0-85084212254
18999,18999,2-s2.0-85083388660
19000,19000,2-s2.0-85083245784
19001,19001,2-s2.0-85083159354
19004,19004,2-s2.0-85082823294
19005,19005,2-s2.0-85082554978
19010,19010,2-s2.0-85081164315
19011,19011,2-s2.0-85080902080
19013,19013,2-s2.0-85079905981
19014,19014,2-s2.0-85079894557
19015,19015,2-s2.0-85079770092
19016,19016,2-s2.0-85079234035
19018,19018,2-s2.0-85078936066
19024,19024,2-s2.0-85076796228
19030,19030,2-s2.0-85073989252
19031,19031,2-s2.0-85073950763
19033,19033,2-s2.0-85073590688
19034,19034,2-s2.0-85070275227
19036,19036,2-s2.0-85070079871
19041,19041,2-s2.0-85065441663
19042,19042,2-s2.0-85063217523
19043,19043,2-s2.0-85059894045
19044,19044,2-s2.0-85059779703
19047,19047,2-s2.0-85058455336
19050,19050,2-s2.0-85091037219
19053,19053,2-s2.0-85086474137
19055,19055,2-s2.0-85086472908
19056,19056,2-s2.0-85086472539
19057,19057,2-s2.0-85086471289
19059,19059,2-s2.0-85086468290
19060,19060,2-s2.0-85086466156
19061,19061,2-s2.0-85086465363
19062,19062,2-s2.0-85086464113
19065,19065,2-s2.0-85086460392
19067,19067,2-s2.0-85086458049
19078,19078,2-s2.0-85086440290
19080,19080,2-s2.0-85086439608
19081,19081,2-s2.0-85086439515
19083,19083,2-s2.0-85086438406
19085,19085,2-s2.0-85086437256
19086,19086,2-s2.0-85086436340
19090,19090,2-s2.0-85086433776
19091,19091,2-s2.0-85086433209
19092,19092,2-s2.0-85086432090
19094,19094,2-s2.0-85086426343
19095,19095,2-s2.0-85086359709
19100,19100,2-s2.0-85085683814
19105,19105,2-s2.0-85043454399
19106,19106,2-s2.0-85085686127
19107,19107,2-s2.0-85085598448
19110,19110,2-s2.0-85085529678
19113,19113,2-s2.0-85085525223
19115,19115,2-s2.0-85085524245
19116,19116,2-s2.0-85085524106
19118,19118,2-s2.0-85085523515
19119,19119,2-s2.0-85085522533
19122,19122,2-s2.0-85085511683
19124,19124,2-s2.0-85085504734
19129,19129,2-s2.0-85085498792
19131,19131,2-s2.0-85085495432
19132,19132,2-s2.0-85085495385
19134,19134,2-s2.0-85085492531
19140,19140,2-s2.0-85085486932
19145,19145,2-s2.0-85085482245
19150,19150,2-s2.0-85085475207
19151,19151,2-s2.0-85085474827
19152,19152,2-s2.0-85085471947
19153,19153,2-s2.0-85085470690
19154,19154,2-s2.0-85085469291
19155,19155,2-s2.0-85085468560
19156,19156,2-s2.0-85085468159
19157,19157,2-s2.0-85090889107
19159,19159,2-s2.0-85093663248
19161,19161,2-s2.0-85086234661
19166,19166,2-s2.0-85065096252
19167,19167,2-s2.0-85063546271
19169,19169,2-s2.0-85057523762
19172,19172,2-s2.0-85078026224
19175,19175,2-s2.0-85084762404
19179,19179,2-s2.0-85084751077
19180,19180,2-s2.0-85084749092
19181,19181,2-s2.0-85084744005
19185,19185,2-s2.0-85084738159
19191,19191,2-s2.0-85084727946
19198,19198,2-s2.0-85084524878
19200,19200,2-s2.0-85085010716
19205,19205,2-s2.0-85084922562
19206,19206,2-s2.0-85083547233
19210,19210,2-s2.0-85091237185
19212,19212,2-s2.0-85090698705
19213,19213,2-s2.0-85090363287
19215,19215,2-s2.0-85088309037
19216,19216,2-s2.0-85087047055
19218,19218,2-s2.0-85086466312
19219,19219,2-s2.0-85086271068
19221,19221,2-s2.0-85085965397
19224,19224,2-s2.0-85085645367
19228,19228,2-s2.0-85085086106
19229,19229,2-s2.0-85085014451
19233,19233,2-s2.0-85084625706
19234,19234,2-s2.0-85084502797
19236,19236,2-s2.0-85084498494
19238,19238,2-s2.0-85084474030
19240,19240,2-s2.0-85084408803
19241,19241,2-s2.0-85084404780
19244,19244,2-s2.0-85084233281
19245,19245,2-s2.0-85084227580
19247,19247,2-s2.0-85084206075
19248,19248,2-s2.0-85084198926
19250,19250,2-s2.0-85084081133
19259,19259,2-s2.0-85082747227
19264,19264,2-s2.0-85081347059
19265,19265,2-s2.0-85081338184
19266,19266,2-s2.0-85080094211
19267,19267,2-s2.0-85079807129
19269,19269,2-s2.0-85079779134
19270,19270,2-s2.0-85079454840
19271,19271,2-s2.0-85079363178
19272,19272,2-s2.0-85078572405
19274,19274,2-s2.0-85078011795
19275,19275,2-s2.0-85077213485
19276,19276,2-s2.0-85076517523
19280,19280,2-s2.0-85074430830
19282,19282,2-s2.0-85073937851
19284,19284,2-s2.0-85070982986
19287,19287,2-s2.0-85064648439
19289,19289,2-s2.0-85051519510
19290,19290,2-s2.0-85115277417
19292,19292,2-s2.0-85115229891
19294,19294,2-s2.0-85115208772
19295,19295,2-s2.0-85089430407
19296,19296,2-s2.0-85084682839
19302,19302,2-s2.0-85091283643
19305,19305,2-s2.0-85101026491
19308,19308,2-s2.0-85140688795
19310,19310,2-s2.0-85089432065
19312,19312,2-s2.0-85091108906
19313,19313,2-s2.0-85090001708
19316,19316,2-s2.0-85084646610
19322,19322,2-s2.0-85083042359
19324,19324,2-s2.0-85086181927
19325,19325,2-s2.0-85086180373
19332,19332,2-s2.0-85080869956
19333,19333,2-s2.0-85079039738
19336,19336,2-s2.0-85074402384
19340,19340,2-s2.0-85071008980
19342,19342,2-s2.0-85066832103
19344,19344,2-s2.0-85065401758
19345,19345,2-s2.0-85063283803
19346,19346,2-s2.0-85188569325
19349,19349,2-s2.0-85104000272
19350,19350,2-s2.0-85101214308
19352,19352,2-s2.0-85095763674
19356,19356,2-s2.0-85092007360
19358,19358,2-s2.0-85091171395
19359,19359,2-s2.0-85090729043
19360,19360,2-s2.0-85090005850
19363,19363,2-s2.0-85089136233
19365,19365,2-s2.0-85087926802
19366,19366,2-s2.0-85087922579
19367,19367,2-s2.0-85087921976
19369,19369,2-s2.0-85087918437
19370,19370,2-s2.0-85087917041
19376,19376,2-s2.0-85087901341
19377,19377,2-s2.0-85087901114
19378,19378,2-s2.0-85087898555
19380,19380,2-s2.0-85087896195
19381,19381,2-s2.0-85087891192
19382,19382,2-s2.0-85087886315
19383,19383,2-s2.0-85087886247
19386,19386,2-s2.0-85087882776
19387,19387,2-s2.0-85087882099
19391,19391,2-s2.0-85087868368
19393,19393,2-s2.0-85087864474
19394,19394,2-s2.0-85087861232
19396,19396,2-s2.0-85086904029
19398,19398,2-s2.0-85086895027
19400,19400,2-s2.0-85086894375
19403,19403,2-s2.0-85086888317
19404,19404,2-s2.0-85086887591
19408,19408,2-s2.0-85085731703
19410,19410,2-s2.0-85085278650
19412,19412,2-s2.0-85085039817
19413,19413,2-s2.0-85085034346
19414,19414,2-s2.0-85084762858
19417,19417,2-s2.0-85084665671
19420,19420,2-s2.0-85084649488
19421,19421,2-s2.0-85084636847
19422,19422,2-s2.0-85084565895
19423,19423,2-s2.0-85084536373
19431,19431,2-s2.0-85083832935
19434,19434,2-s2.0-85083553470
19436,19436,2-s2.0-85083514619
19437,19437,2-s2.0-85083510812
19438,19438,2-s2.0-85083508531
19439,19439,2-s2.0-85083507249
19441,19441,2-s2.0-85083498415
19448,19448,2-s2.0-85083283022
19449,19449,2-s2.0-85083281971
19451,19451,2-s2.0-85083250984
19452,19452,2-s2.0-85083240445
19455,19455,2-s2.0-85083168755
19457,19457,2-s2.0-85083156061
19461,19461,2-s2.0-85082934523
19462,19462,2-s2.0-85082792460
19464,19464,2-s2.0-85081663129
19466,19466,2-s2.0-85081541036
19467,19467,2-s2.0-85081242560
19469,19469,2-s2.0-85081229299
19470,19470,2-s2.0-85081034459
19471,19471,2-s2.0-85080074193
19473,19473,2-s2.0-85079586114
19474,19474,2-s2.0-85078832154
19475,19475,2-s2.0-85078770631
19476,19476,2-s2.0-85078654393
19478,19478,2-s2.0-85078280813
19480,19480,2-s2.0-85077372972
19481,19481,2-s2.0-85077362928
19483,19483,2-s2.0-85076933291
19484,19484,2-s2.0-85076829218
19490,19490,2-s2.0-85073769538
19492,19492,2-s2.0-85068862155
19493,19493,2-s2.0-85067954478
19494,19494,2-s2.0-85067351808
19497,19497,2-s2.0-85051641179
19498,19498,2-s2.0-105003018714
19500,19500,2-s2.0-85170674173
19503,19503,2-s2.0-85085922192
19508,19508,2-s2.0-85082991811
19509,19509,2-s2.0-85082989615
19510,19510,2-s2.0-85082986541
19511,19511,2-s2.0-85082985901
19512,19512,2-s2.0-85082985426
19518,19518,2-s2.0-85083018417
19519,19519,2-s2.0-85082994565
19521,19521,2-s2.0-85082991251
19525,19525,2-s2.0-85082982617
19526,19526,2-s2.0-85082972703
19529,19529,2-s2.0-85082998814
19530,19530,2-s2.0-85082998239
19535,19535,2-s2.0-85082996050
19537,19537,2-s2.0-85082994832
19538,19538,2-s2.0-85082994585
19539,19539,2-s2.0-85082994579
19542,19542,2-s2.0-85082992723
19543,19543,2-s2.0-85082992698
19548,19548,2-s2.0-85082987516
19549,19549,2-s2.0-85082987363
19550,19550,2-s2.0-85082986505
19551,19551,2-s2.0-85082985375
19555,19555,2-s2.0-85083442747
19557,19557,2-s2.0-85082709632
19558,19558,2-s2.0-85082678453
19559,19559,2-s2.0-85082661574
19560,19560,2-s2.0-85082659014
19562,19562,2-s2.0-85082623210
19564,19564,2-s2.0-85082620616
19568,19568,2-s2.0-85082598076
19577,19577,2-s2.0-85082571453
19578,19578,2-s2.0-85082571047
19580,19580,2-s2.0-85081904693
19581,19581,2-s2.0-85086947611
19587,19587,2-s2.0-85082705901
19588,19588,2-s2.0-85082686048
19592,19592,2-s2.0-85082070034
19594,19594,2-s2.0-85081384428
19597,19597,2-s2.0-85086182488
19598,19598,2-s2.0-85081411846
19605,19605,2-s2.0-85081385637
19608,19608,2-s2.0-85081377689
19610,19610,2-s2.0-85081359547
19611,19611,2-s2.0-85081357815
19613,19613,2-s2.0-85081348118
19618,19618,2-s2.0-85081330751
19622,19622,2-s2.0-85081300125
19623,19623,2-s2.0-85075714309
19624,19624,2-s2.0-85066779055
19625,19625,2-s2.0-85064565402
19628,19628,2-s2.0-85137133925
19630,19630,2-s2.0-85100533052
19631,19631,2-s2.0-85091120187
19635,19635,2-s2.0-85091109399
19641,19641,2-s2.0-85091078077
19642,19642,2-s2.0-85091074645
19644,19644,2-s2.0-85091063350
19645,19645,2-s2.0-85090674636
19646,19646,2-s2.0-85090256970
19648,19648,2-s2.0-85090206774
19649,19649,2-s2.0-85090124175
19653,19653,2-s2.0-85087476012
19654,19654,2-s2.0-85086986035
19657,19657,2-s2.0-85086131325
19659,19659,2-s2.0-85085982884
19661,19661,2-s2.0-85085659626
19662,19662,2-s2.0-85085386956
19663,19663,2-s2.0-85085374933
19664,19664,2-s2.0-85085367213
19665,19665,2-s2.0-85085357864
19666,19666,2-s2.0-85084579662
19667,19667,2-s2.0-85084394626
19676,19676,2-s2.0-85082834612
19677,19677,2-s2.0-85082763557
19678,19678,2-s2.0-85082760880
19679,19679,2-s2.0-85082711127
19681,19681,2-s2.0-85082581442
19682,19682,2-s2.0-85082576955
19683,19683,2-s2.0-85082569025
19689,19689,2-s2.0-85081929049
19690,19690,2-s2.0-85081691233
19691,19691,2-s2.0-85081382278
19692,19692,2-s2.0-85081245631
19695,19695,2-s2.0-85081023612
19697,19697,2-s2.0-85080998465
19698,19698,2-s2.0-85080986289
19699,19699,2-s2.0-85080955590
19700,19700,2-s2.0-85080031224
19704,19704,2-s2.0-85079011087
19709,19709,2-s2.0-85078674745
19711,19711,2-s2.0-85078145199
19712,19712,2-s2.0-85078120026
19715,19715,2-s2.0-85077568343
19716,19716,2-s2.0-85077524614
19718,19718,2-s2.0-85077358083
19719,19719,2-s2.0-85077078164
19721,19721,2-s2.0-85076826270
19722,19722,2-s2.0-85076745261
19723,19723,2-s2.0-85076685051
19726,19726,2-s2.0-85076559642
19733,19733,2-s2.0-85074033175
19734,19734,2-s2.0-85073963172
19739,19739,2-s2.0-85072077318
19741,19741,2-s2.0-85069870746
19742,19742,2-s2.0-85068939467
19743,19743,2-s2.0-85068251412
19745,19745,2-s2.0-85067875684
19746,19746,2-s2.0-85067849598
19748,19748,2-s2.0-85066102310
19749,19749,2-s2.0-85065016078
19750,19750,2-s2.0-85064911586
19752,19752,2-s2.0-85063765904
19754,19754,2-s2.0-85062330806
19757,19757,2-s2.0-85059637638
19759,19759,2-s2.0-85057984021
19760,19760,2-s2.0-85057978281
19761,19761,2-s2.0-85049659270
19763,19763,2-s2.0-85145013963
19764,19764,2-s2.0-85083394505
19767,19767,2-s2.0-85081630409
19769,19769,2-s2.0-85081618438
19770,19770,2-s2.0-85081615640
19774,19774,2-s2.0-85081565957
19776,19776,2-s2.0-85081559734
19777,19777,2-s2.0-85081559715
19780,19780,2-s2.0-85081548155
19784,19784,2-s2.0-85074049262
19785,19785,2-s2.0-85066907766
19787,19787,2-s2.0-85081215552
19788,19788,2-s2.0-85145869963
19791,19791,2-s2.0-85128372350
19793,19793,2-s2.0-85079217364
19796,19796,2-s2.0-85020729333
19801,19801,2-s2.0-85081101637
19802,19802,2-s2.0-85091692286
19803,19803,2-s2.0-85091692096
19807,19807,2-s2.0-85107897012
19809,19809,2-s2.0-85106099114
19815,19815,2-s2.0-85087447881
19817,19817,2-s2.0-85087440207
19818,19818,2-s2.0-85085958489
19819,19819,2-s2.0-85085948771
19821,19821,2-s2.0-85085514521
19824,19824,2-s2.0-85084009547
19830,19830,2-s2.0-85081198986
19831,19831,2-s2.0-85081136642
19833,19833,2-s2.0-85080932483
19835,19835,2-s2.0-85079870700
19836,19836,2-s2.0-85079859146
19840,19840,2-s2.0-85079606522
19841,19841,2-s2.0-85079556405
19842,19842,2-s2.0-85079533317
19843,19843,2-s2.0-85079529379
19846,19846,2-s2.0-85079364168
19847,19847,2-s2.0-85078995475
19848,19848,2-s2.0-85078965645
19850,19850,2-s2.0-85078498756
19852,19852,2-s2.0-85077980134
19855,19855,2-s2.0-85077164383
19856,19856,2-s2.0-85076848280
19858,19858,2-s2.0-85075878125
19860,19860,2-s2.0-85075519325
19862,19862,2-s2.0-85075382067
19863,19863,2-s2.0-85075354900
19865,19865,2-s2.0-85074994764
19866,19866,2-s2.0-85074772473
19867,19867,2-s2.0-85074199611
19868,19868,2-s2.0-85074038596
19874,19874,2-s2.0-85067794746
19875,19875,2-s2.0-85065130291
19879,19879,2-s2.0-85059695265
19881,19881,2-s2.0-85049014883
19882,19882,2-s2.0-85048564274
19883,19883,2-s2.0-85048366879
19885,19885,2-s2.0-85034651550
19886,19886,2-s2.0-85090733275
19889,19889,2-s2.0-85073575528
19893,19893,2-s2.0-85079405939
19894,19894,2-s2.0-85075855942
19895,19895,2-s2.0-85079066955
19898,19898,2-s2.0-85075131460
19901,19901,2-s2.0-85079100167
19905,19905,2-s2.0-85107814709
19907,19907,2-s2.0-85079013685
19909,19909,2-s2.0-85078974581
19911,19911,2-s2.0-85078965058
19912,19912,2-s2.0-85078314669
19913,19913,2-s2.0-85078258268
19914,19914,2-s2.0-85078246734
19915,19915,2-s2.0-85078240599
19918,19918,2-s2.0-85079001379
19919,19919,2-s2.0-85089702421
19922,19922,2-s2.0-85082321914
19924,19924,2-s2.0-85081262157
19925,19925,2-s2.0-85080959525
19927,19927,2-s2.0-85077161099
19928,19928,2-s2.0-85077090354
19929,19929,2-s2.0-85076899780
19931,19931,2-s2.0-85076758039
19932,19932,2-s2.0-85075731271
19933,19933,2-s2.0-85075128337
19934,19934,2-s2.0-85074660532
19940,19940,2-s2.0-85074012623
19941,19941,2-s2.0-85073953515
19943,19943,2-s2.0-85071320707
19944,19944,2-s2.0-85071295578
19946,19946,2-s2.0-85068669640
19949,19949,2-s2.0-85067688890
19951,19951,2-s2.0-85065779593
19953,19953,2-s2.0-85065387255
19956,19956,2-s2.0-85063962114
19958,19958,2-s2.0-85061987315
19959,19959,2-s2.0-85059777261
19960,19960,2-s2.0-85055043622
19961,19961,2-s2.0-85052103047
19962,19962,2-s2.0-86000794553
19963,19963,2-s2.0-85218792625
19964,19964,2-s2.0-85218155143
19965,19965,2-s2.0-85218087383
19966,19966,2-s2.0-85217534786
19968,19968,2-s2.0-85216336044
19970,19970,2-s2.0-85208933282
19973,19973,2-s2.0-85192946702
19974,19974,2-s2.0-85191341344
19975,19975,2-s2.0-85186920777
19979,19979,2-s2.0-85179862932
19986,19986,2-s2.0-85168616827
19990,19990,2-s2.0-85160356722
19992,19992,2-s2.0-85155467698
19993,19993,2-s2.0-85153229758
19995,19995,2-s2.0-85152837350
19996,19996,2-s2.0-85152747523
19997,19997,2-s2.0-85151193356
20000,20000,2-s2.0-85150716159
20002,20002,2-s2.0-85150576364
20003,20003,2-s2.0-85150569870
20004,20004,2-s2.0-85150567811
20006,20006,2-s2.0-85150559307
20010,20010,2-s2.0-85150115087
20011,20011,2-s2.0-85150104406
20022,20022,2-s2.0-85149498329
20023,20023,2-s2.0-85149415872
20027,20027,2-s2.0-85148831089
20028,20028,2-s2.0-85148810716
20029,20029,2-s2.0-85148801383
20031,20031,2-s2.0-85148773627
20032,20032,2-s2.0-85147941139
20033,20033,2-s2.0-85147476651
20037,20037,2-s2.0-85145637647
20040,20040,2-s2.0-85143980506
20042,20042,2-s2.0-85143153215
20043,20043,2-s2.0-85141631549
20044,20044,2-s2.0-85141630270
20048,20048,2-s2.0-85141590122
20049,20049,2-s2.0-85141583510
20050,20050,2-s2.0-85141556301
20051,20051,2-s2.0-85140719983
20052,20052,2-s2.0-85140561449
20053,20053,2-s2.0-85140531005
20056,20056,2-s2.0-85140284806
20058,20058,2-s2.0-85139341701
20060,20060,2-s2.0-85138239497
20062,20062,2-s2.0-85137511978
20063,20063,2-s2.0-85136656101
20064,20064,2-s2.0-85136404615
20066,20066,2-s2.0-85136070504
20067,20067,2-s2.0-85136035853
20069,20069,2-s2.0-85136017809
20070,20070,2-s2.0-85136012213
20071,20071,2-s2.0-85136011413
20076,20076,2-s2.0-85135987731
20077,20077,2-s2.0-85135753278
20078,20078,2-s2.0-85134901977
20080,20080,2-s2.0-85133990668
20082,20082,2-s2.0-85133397364
20084,20084,2-s2.0-85130056537
20085,20085,2-s2.0-85129770774
20087,20087,2-s2.0-85129638407
20088,20088,2-s2.0-85129448930
20091,20091,2-s2.0-85127613400
20095,20095,2-s2.0-85127593713
20097,20097,2-s2.0-85127589183
20098,20098,2-s2.0-85127587693
20101,20101,2-s2.0-85127558136
20104,20104,2-s2.0-85127112343
20105,20105,2-s2.0-85126996852
20109,20109,2-s2.0-85125178743
20111,20111,2-s2.0-85124747760
20114,20114,2-s2.0-85124291141
20115,20115,2-s2.0-85123718260
20119,20119,2-s2.0-85122583806
20120,20120,2-s2.0-85122333525
20121,20121,2-s2.0-85122247311
20123,20123,2-s2.0-85121548992
20128,20128,2-s2.0-85121494140
20130,20130,2-s2.0-85120813543
20133,20133,2-s2.0-85119240854
20137,20137,2-s2.0-85119229180
20139,20139,2-s2.0-85118386252
20141,20141,2-s2.0-85118336908
20144,20144,2-s2.0-85118052969
20145,20145,2-s2.0-85117907827
20148,20148,2-s2.0-85117038937
20149,20149,2-s2.0-85116528720
20151,20151,2-s2.0-85115715567
20154,20154,2-s2.0-85115690259
20161,20161,2-s2.0-85112821343
20162,20162,2-s2.0-85112797307
20165,20165,2-s2.0-85111372876
20167,20167,2-s2.0-85111316398
20168,20168,2-s2.0-85111309078
20169,20169,2-s2.0-85111298917
20170,20170,2-s2.0-85111279807
20174,20174,2-s2.0-85109806777
20175,20175,2-s2.0-85109619959
20176,20176,2-s2.0-85108846462
20177,20177,2-s2.0-85108830774
20179,20179,2-s2.0-85108504105
20181,20181,2-s2.0-85108026943
20183,20183,2-s2.0-85107780629
20187,20187,2-s2.0-85107234310
20188,20188,2-s2.0-85107231425
20190,20190,2-s2.0-85107219884
20191,20191,2-s2.0-85107216691
20193,20193,2-s2.0-85107207756
20197,20197,2-s2.0-85107199305
20200,20200,2-s2.0-85107194907
20202,20202,2-s2.0-85107188019
20205,20205,2-s2.0-85107183270
20207,20207,2-s2.0-85107042981
20210,20210,2-s2.0-85106766540
20212,20212,2-s2.0-85106564216
20213,20213,2-s2.0-85106198378
20214,20214,2-s2.0-85106037445
20215,20215,2-s2.0-85106004258
20216,20216,2-s2.0-85105961352
20217,20217,2-s2.0-85105939782
20228,20228,2-s2.0-85105286909
20230,20230,2-s2.0-85105107052
20231,20231,2-s2.0-85105069137
20232,20232,2-s2.0-85104634953
20233,20233,2-s2.0-85104468223
20234,20234,2-s2.0-85104445521
20236,20236,2-s2.0-85104386179
20238,20238,2-s2.0-85104234943
20239,20239,2-s2.0-85104012653
20240,20240,2-s2.0-85104009976
20242,20242,2-s2.0-85103889614
20246,20246,2-s2.0-85103819349
20247,20247,2-s2.0-85103660721
20248,20248,2-s2.0-85103536298
20250,20250,2-s2.0-85103344634
20251,20251,2-s2.0-85103339476
20252,20252,2-s2.0-85103317299
20256,20256,2-s2.0-85102956351
20260,20260,2-s2.0-85102935849
20261,20261,2-s2.0-85102931927
20263,20263,2-s2.0-85102924701
20264,20264,2-s2.0-85102923112
20267,20267,2-s2.0-85102897899
20268,20268,2-s2.0-85102895707
20273,20273,2-s2.0-85102872102
20274,20274,2-s2.0-85102857426
20276,20276,2-s2.0-85102852527
20279,20279,2-s2.0-85102768821
20281,20281,2-s2.0-85102706011
20282,20282,2-s2.0-85102688988
20283,20283,2-s2.0-85102678620
20286,20286,2-s2.0-85102479451
20289,20289,2-s2.0-85102312100
20290,20290,2-s2.0-85102294216
20291,20291,2-s2.0-85102274234
20292,20292,2-s2.0-85102269101
20294,20294,2-s2.0-85102237126
20295,20295,2-s2.0-85102143460
20296,20296,2-s2.0-85101943431
20297,20297,2-s2.0-85101942884
20302,20302,2-s2.0-85101920302
20303,20303,2-s2.0-85101919051
20307,20307,2-s2.0-85101837011
20309,20309,2-s2.0-85101577704
20312,20312,2-s2.0-85101375435
20317,20317,2-s2.0-85101222311
20318,20318,2-s2.0-85101146977
20319,20319,2-s2.0-85101112093
20321,20321,2-s2.0-85101069979
20322,20322,2-s2.0-85101064916
20323,20323,2-s2.0-85100948609
20327,20327,2-s2.0-85100928287
20332,20332,2-s2.0-85100920604
20333,20333,2-s2.0-85100917968
20334,20334,2-s2.0-85100917845
20337,20337,2-s2.0-85100916299
20339,20339,2-s2.0-85100910387
20340,20340,2-s2.0-85100870660
20341,20341,2-s2.0-85100868794
20343,20343,2-s2.0-85100860474
20346,20346,2-s2.0-85100846533
20368,20368,2-s2.0-85099546963
20370,20370,2-s2.0-85099515247
20372,20372,2-s2.0-85099504724
20378,20378,2-s2.0-85099316057
20384,20384,2-s2.0-85099141144
20385,20385,2-s2.0-85099067401
20388,20388,2-s2.0-85099050628
20389,20389,2-s2.0-85099033464
20391,20391,2-s2.0-85098950930
20393,20393,2-s2.0-85098884395
20396,20396,2-s2.0-85098757757
20398,20398,2-s2.0-85098622622
20400,20400,2-s2.0-85098593929
20402,20402,2-s2.0-85098588365
20403,20403,2-s2.0-85098584281
20406,20406,2-s2.0-85098557063
20407,20407,2-s2.0-85098548024
20408,20408,2-s2.0-85098547407
20409,20409,2-s2.0-85098545964
20410,20410,2-s2.0-85098541326
20411,20411,2-s2.0-85098538888
20419,20419,2-s2.0-85098241393
20421,20421,2-s2.0-85098156664
20424,20424,2-s2.0-85098087889
20428,20428,2-s2.0-85098068158
20429,20429,2-s2.0-85098067430
20431,20431,2-s2.0-85098061727
20433,20433,2-s2.0-85098060439
20434,20434,2-s2.0-85098059517
20435,20435,2-s2.0-85098055321
20436,20436,2-s2.0-85098055039
20438,20438,2-s2.0-85098050989
20439,20439,2-s2.0-85098007787
20441,20441,2-s2.0-85097999648
20443,20443,2-s2.0-85097993110
20444,20444,2-s2.0-85097985889
20448,20448,2-s2.0-85097889206
20450,20450,2-s2.0-85097869167
20451,20451,2-s2.0-85097867852
20452,20452,2-s2.0-85097867389
20454,20454,2-s2.0-85097864455
20456,20456,2-s2.0-85097834252
20459,20459,2-s2.0-85097789859
20460,20460,2-s2.0-85097784410
20461,20461,2-s2.0-85097740015
20462,20462,2-s2.0-85097708136
20466,20466,2-s2.0-85097630736
20467,20467,2-s2.0-85097597318
20468,20468,2-s2.0-85097577176
20471,20471,2-s2.0-85097563188
20473,20473,2-s2.0-85097450831
20475,20475,2-s2.0-85097447616
20477,20477,2-s2.0-85097443144
20480,20480,2-s2.0-85097411271
20481,20481,2-s2.0-85097407801
20483,20483,2-s2.0-85097383065
20484,20484,2-s2.0-85097381437
20486,20486,2-s2.0-85097364973
20488,20488,2-s2.0-85097326366
20494,20494,2-s2.0-85097154729
20498,20498,2-s2.0-85097039973
20499,20499,2-s2.0-85097022354
20501,20501,2-s2.0-85096970023
20504,20504,2-s2.0-85096956071
20506,20506,2-s2.0-85096944303
20509,20509,2-s2.0-85096918786
20512,20512,2-s2.0-85096855449
20520,20520,2-s2.0-85096753743
20524,20524,2-s2.0-85096702396
20526,20526,2-s2.0-85096685890
20527,20527,2-s2.0-85096627143
20530,20530,2-s2.0-85096615033
20532,20532,2-s2.0-85096611419
20533,20533,2-s2.0-85096604133
20536,20536,2-s2.0-85096594486
20537,20537,2-s2.0-85096583693
20538,20538,2-s2.0-85096580718
20540,20540,2-s2.0-85096557207
20541,20541,2-s2.0-85096555685
20542,20542,2-s2.0-85096555608
20543,20543,2-s2.0-85096554516
20545,20545,2-s2.0-85096552974
20546,20546,2-s2.0-85096552155
20547,20547,2-s2.0-85096547975
20554,20554,2-s2.0-85096526289
20557,20557,2-s2.0-85096514090
20559,20559,2-s2.0-85096493671
20562,20562,2-s2.0-85096469942
20564,20564,2-s2.0-85096445850
20565,20565,2-s2.0-85096413297
20566,20566,2-s2.0-85096332562
20568,20568,2-s2.0-85096290295
20569,20569,2-s2.0-85096199702
20570,20570,2-s2.0-85096183814
20572,20572,2-s2.0-85096161628
20579,20579,2-s2.0-85096107493
20580,20580,2-s2.0-85096099560
20581,20581,2-s2.0-85096099305
20588,20588,2-s2.0-85096031528
20589,20589,2-s2.0-85096001231
20590,20590,2-s2.0-85095978822
20592,20592,2-s2.0-85095970139
20593,20593,2-s2.0-85095886602
20594,20594,2-s2.0-85095829510
20595,20595,2-s2.0-85095785120
20597,20597,2-s2.0-85095695689
20598,20598,2-s2.0-85095603353
20600,20600,2-s2.0-85095590945
20602,20602,2-s2.0-85095583388
20610,20610,2-s2.0-85094946900
20611,20611,2-s2.0-85094927133
20612,20612,2-s2.0-85094921913
20613,20613,2-s2.0-85094879672
20616,20616,2-s2.0-85094873780
20617,20617,2-s2.0-85094173263
20618,20618,2-s2.0-85094149766
20619,20619,2-s2.0-85094149580
20621,20621,2-s2.0-85094131107
20623,20623,2-s2.0-85093986867
20624,20624,2-s2.0-85093941911
20626,20626,2-s2.0-85093854598
20628,20628,2-s2.0-85093360156
20629,20629,2-s2.0-85093117545
20631,20631,2-s2.0-85093083934
20636,20636,2-s2.0-85092904203
20637,20637,2-s2.0-85092782083
20640,20640,2-s2.0-85092727063
20641,20641,2-s2.0-85092719877
20644,20644,2-s2.0-85092629488
20645,20645,2-s2.0-85092529550
20646,20646,2-s2.0-85092526628
20647,20647,2-s2.0-85092514899
20648,20648,2-s2.0-85092487993
20649,20649,2-s2.0-85092487238
20650,20650,2-s2.0-85092481468
20656,20656,2-s2.0-85092404943
20657,20657,2-s2.0-85092399983
20659,20659,2-s2.0-85092343505
20660,20660,2-s2.0-85092332037
20667,20667,2-s2.0-85092185853
20675,20675,2-s2.0-85091978274
20676,20676,2-s2.0-85091896561
20677,20677,2-s2.0-85091892040
20682,20682,2-s2.0-85091842806
20688,20688,2-s2.0-85091706995
20690,20690,2-s2.0-85091668153
20691,20691,2-s2.0-85091662805
20694,20694,2-s2.0-85091615051
20697,20697,2-s2.0-85091551925
20698,20698,2-s2.0-85091514361
20699,20699,2-s2.0-85091488412
20700,20700,2-s2.0-85091468213
20702,20702,2-s2.0-85091455072
20705,20705,2-s2.0-85091443913
20706,20706,2-s2.0-85091438662
20707,20707,2-s2.0-85091436772
20709,20709,2-s2.0-85091418605
20712,20712,2-s2.0-85091370303
20715,20715,2-s2.0-85091297101
20716,20716,2-s2.0-85091237812
20717,20717,2-s2.0-85091176720
20718,20718,2-s2.0-85091144489
20719,20719,2-s2.0-85091133891
20721,20721,2-s2.0-85091064421
20722,20722,2-s2.0-85090906609
20724,20724,2-s2.0-85090892262
20726,20726,2-s2.0-85090881397
20728,20728,2-s2.0-85090826402
20732,20732,2-s2.0-85090759527
20733,20733,2-s2.0-85090758631
20734,20734,2-s2.0-85090750326
20740,20740,2-s2.0-85090718986
20743,20743,2-s2.0-85090698378
20744,20744,2-s2.0-85090689810
20745,20745,2-s2.0-85090686585
20749,20749,2-s2.0-85090620308
20750,20750,2-s2.0-85090610157
20753,20753,2-s2.0-85090562436
20756,20756,2-s2.0-85090374153
20757,20757,2-s2.0-85090373476
20758,20758,2-s2.0-85090372983
20759,20759,2-s2.0-85090372297
20760,20760,2-s2.0-85090368531
20762,20762,2-s2.0-85090349088
20763,20763,2-s2.0-85090322785
20764,20764,2-s2.0-85090272127
20765,20765,2-s2.0-85090250350
20767,20767,2-s2.0-85090169984
20768,20768,2-s2.0-85090100787
20770,20770,2-s2.0-85089925030
20771,20771,2-s2.0-85089902310
20773,20773,2-s2.0-85089823503
20774,20774,2-s2.0-85089774698
20775,20775,2-s2.0-85089726904
20776,20776,2-s2.0-85089723353
20778,20778,2-s2.0-85089715164
20779,20779,2-s2.0-85089701411
20780,20780,2-s2.0-85089643744
20782,20782,2-s2.0-85089638635
20783,20783,2-s2.0-85089636904
20786,20786,2-s2.0-85089614928
20793,20793,2-s2.0-85089588193
20795,20795,2-s2.0-85089560836
20800,20800,2-s2.0-85089489606
20808,20808,2-s2.0-85089319187
20809,20809,2-s2.0-85089316283
20810,20810,2-s2.0-85089310146
20811,20811,2-s2.0-85089307769
20814,20814,2-s2.0-85089265800
20815,20815,2-s2.0-85089246686
20818,20818,2-s2.0-85089238542
20819,20819,2-s2.0-85089230341
20820,20820,2-s2.0-85089216152
20822,20822,2-s2.0-85089201944
20825,20825,2-s2.0-85089164016
20826,20826,2-s2.0-85089163999
20827,20827,2-s2.0-85089163226
20829,20829,2-s2.0-85089051337
20830,20830,2-s2.0-85089043463
20831,20831,2-s2.0-85089032325
20832,20832,2-s2.0-85089031881
20836,20836,2-s2.0-85089017101
20837,20837,2-s2.0-85089016293
20838,20838,2-s2.0-85088954780
20840,20840,2-s2.0-85088918972
20841,20841,2-s2.0-85088917315
20842,20842,2-s2.0-85088913866
20845,20845,2-s2.0-85088871235
20846,20846,2-s2.0-85088855783
20849,20849,2-s2.0-85088752630
20850,20850,2-s2.0-85088744332
20851,20851,2-s2.0-85088741770
20852,20852,2-s2.0-85088730395
20857,20857,2-s2.0-85088705483
20858,20858,2-s2.0-85088693525
20861,20861,2-s2.0-85088563401
20865,20865,2-s2.0-85088538515
20875,20875,2-s2.0-85088455414
20876,20876,2-s2.0-85088455363
20880,20880,2-s2.0-85088445832
20881,20881,2-s2.0-85088444083
20885,20885,2-s2.0-85088437398
20886,20886,2-s2.0-85088434121
20888,20888,2-s2.0-85088429975
20889,20889,2-s2.0-85088424219
20890,20890,2-s2.0-85088422504
20894,20894,2-s2.0-85088375248
20895,20895,2-s2.0-85088369385
20896,20896,2-s2.0-85088360376
20897,20897,2-s2.0-85088296205
20898,20898,2-s2.0-85088253511
20899,20899,2-s2.0-85088251296
20901,20901,2-s2.0-85088031965
20902,20902,2-s2.0-85087939279
20904,20904,2-s2.0-85087893649
20905,20905,2-s2.0-85087874981
20909,20909,2-s2.0-85087838445
20911,20911,2-s2.0-85087829947
20913,20913,2-s2.0-85087825603
20915,20915,2-s2.0-85087776915
20916,20916,2-s2.0-85087769887
20918,20918,2-s2.0-85087639417
20924,20924,2-s2.0-85087544381
20929,20929,2-s2.0-85087442507
20932,20932,2-s2.0-85087385014
20933,20933,2-s2.0-85087363702
20934,20934,2-s2.0-85087318587
20935,20935,2-s2.0-85087313230
20936,20936,2-s2.0-85087289520
20937,20937,2-s2.0-85087276171
20940,20940,2-s2.0-85087126553
20941,20941,2-s2.0-85087057617
20942,20942,2-s2.0-85087048526
20945,20945,2-s2.0-85086936097
20946,20946,2-s2.0-85086930203
20947,20947,2-s2.0-85086917713
20949,20949,2-s2.0-85086911350
20950,20950,2-s2.0-85086861956
20951,20951,2-s2.0-85086839924
20955,20955,2-s2.0-85086725267
20961,20961,2-s2.0-85086669336
20964,20964,2-s2.0-85086645498
20966,20966,2-s2.0-85086583981
20967,20967,2-s2.0-85086574659
20968,20968,2-s2.0-85086513501
20974,20974,2-s2.0-85086332466
20975,20975,2-s2.0-85086323438
20980,20980,2-s2.0-85086253916
20981,20981,2-s2.0-85086251930
20982,20982,2-s2.0-85086251030
20983,20983,2-s2.0-85086231207
20984,20984,2-s2.0-85086188587
20985,20985,2-s2.0-85086177247
20990,20990,2-s2.0-85086131963
20991,20991,2-s2.0-85086091861
20993,20993,2-s2.0-85085942104
20994,20994,2-s2.0-85085929164
20997,20997,2-s2.0-85085889534
20999,20999,2-s2.0-85085739545
21004,21004,2-s2.0-85085706363
21005,21005,2-s2.0-85085705758
21006,21006,2-s2.0-85085694879
21007,21007,2-s2.0-85085635658
21009,21009,2-s2.0-85085593045
21010,21010,2-s2.0-85085559830
21012,21012,2-s2.0-85085471640
21013,21013,2-s2.0-85085367268
21014,21014,2-s2.0-85085363211
21016,21016,2-s2.0-85085323518
21017,21017,2-s2.0-85085312340
21024,21024,2-s2.0-85085085013
21028,21028,2-s2.0-85085035239
21031,21031,2-s2.0-85085012106
21033,21033,2-s2.0-85084995228
21035,21035,2-s2.0-85084984585
21036,21036,2-s2.0-85084946560
21043,21043,2-s2.0-85084682259
21047,21047,2-s2.0-85084564427
21053,21053,2-s2.0-85084452502
21056,21056,2-s2.0-85084344175
21057,21057,2-s2.0-85084334976
21060,21060,2-s2.0-85084293212
21062,21062,2-s2.0-85084192751
21064,21064,2-s2.0-85084188658
21065,21065,2-s2.0-85084187774
21068,21068,2-s2.0-85084150715
21070,21070,2-s2.0-85084033323
21071,21071,2-s2.0-85083739630
21072,21072,2-s2.0-85083728648
21074,21074,2-s2.0-85083724716
21077,21077,2-s2.0-85083721677
21078,21078,2-s2.0-85083720782
21079,21079,2-s2.0-85083718964
21081,21081,2-s2.0-85083716305
21083,21083,2-s2.0-85083712826
21084,21084,2-s2.0-85083712488
21085,21085,2-s2.0-85083708110
21088,21088,2-s2.0-85083697449
21094,21094,2-s2.0-85083421060
21095,21095,2-s2.0-85083380221
21097,21097,2-s2.0-85083248743
21098,21098,2-s2.0-85083247129
21099,21099,2-s2.0-85083186107
21100,21100,2-s2.0-85083160220
21102,21102,2-s2.0-85083083829
21103,21103,2-s2.0-85083082692
21105,21105,2-s2.0-85083059633
21110,21110,2-s2.0-85082996191
21114,21114,2-s2.0-85082984975
21115,21115,2-s2.0-85082984918
21116,21116,2-s2.0-85082982903
21121,21121,2-s2.0-85082846865
21122,21122,2-s2.0-85082839677
21123,21123,2-s2.0-85082798632
21124,21124,2-s2.0-85082768462
21125,21125,2-s2.0-85082763487
21128,21128,2-s2.0-85082686159
21129,21129,2-s2.0-85082682686
21130,21130,2-s2.0-85082676397
21131,21131,2-s2.0-85082456984
21133,21133,2-s2.0-85082402383
21140,21140,2-s2.0-85082398406
21142,21142,2-s2.0-85082397401
21143,21143,2-s2.0-85082395886
21144,21144,2-s2.0-85082395461
21147,21147,2-s2.0-85082389756
21150,21150,2-s2.0-85082387547
21151,21151,2-s2.0-85082386141
21152,21152,2-s2.0-85082385794
21153,21153,2-s2.0-85082382612
21156,21156,2-s2.0-85082381444
21159,21159,2-s2.0-85082301956
21162,21162,2-s2.0-85082136522
21163,21163,2-s2.0-85082111702
21167,21167,2-s2.0-85082031110
21168,21168,2-s2.0-85081991317
21169,21169,2-s2.0-85081940929
21170,21170,2-s2.0-85081914906
21172,21172,2-s2.0-85081725758
21174,21174,2-s2.0-85081683226
21176,21176,2-s2.0-85081652569
21177,21177,2-s2.0-85081616756
21179,21179,2-s2.0-85081595953
21183,21183,2-s2.0-85081302353
21184,21184,2-s2.0-85081248090
21185,21185,2-s2.0-85081240994
21188,21188,2-s2.0-85081199792
21190,21190,2-s2.0-85081066644
21195,21195,2-s2.0-85080898995
21196,21196,2-s2.0-85080894490
21198,21198,2-s2.0-85080873925
21199,21199,2-s2.0-85080858702
21202,21202,2-s2.0-85080138112
21205,21205,2-s2.0-85079837153
21206,21206,2-s2.0-85079833973
21212,21212,2-s2.0-85079612315
21213,21213,2-s2.0-85079572895
21214,21214,2-s2.0-85079570829
21217,21217,2-s2.0-85079549927
21219,21219,2-s2.0-85079503745
21220,21220,2-s2.0-85079491883
21221,21221,2-s2.0-85079478264
21224,21224,2-s2.0-85079445766
21225,21225,2-s2.0-85079440055
21227,21227,2-s2.0-85079285448
21229,21229,2-s2.0-85079244454
21232,21232,2-s2.0-85079173200
21233,21233,2-s2.0-85079166401
21234,21234,2-s2.0-85079158098
21235,21235,2-s2.0-85079103945
21237,21237,2-s2.0-85079003292
21241,21241,2-s2.0-85078820009
21243,21243,2-s2.0-85078754184
21244,21244,2-s2.0-85078740877
21246,21246,2-s2.0-85078732128
21247,21247,2-s2.0-85078503740
21248,21248,2-s2.0-85078496878
21249,21249,2-s2.0-85078490175
21250,21250,2-s2.0-85078444698
21251,21251,2-s2.0-85078420073
21253,21253,2-s2.0-85078349319
21258,21258,2-s2.0-85078212408
21259,21259,2-s2.0-85078153379
21262,21262,2-s2.0-85078087620
21268,21268,2-s2.0-85077990338
21269,21269,2-s2.0-85077936919
21271,21271,2-s2.0-85077888205
21273,21273,2-s2.0-85077823894
21274,21274,2-s2.0-85077821750
21279,21279,2-s2.0-85077816391
21280,21280,2-s2.0-85077814989
21281,21281,2-s2.0-85077813894
21283,21283,2-s2.0-85077812091
21284,21284,2-s2.0-85077765233
21287,21287,2-s2.0-85077576969
21291,21291,2-s2.0-85077492892
21293,21293,2-s2.0-85077401721
21295,21295,2-s2.0-85077309992
21296,21296,2-s2.0-85077298749
21298,21298,2-s2.0-85077219712
21300,21300,2-s2.0-85077206114
21302,21302,2-s2.0-85077186660
21307,21307,2-s2.0-85076836633
21311,21311,2-s2.0-85076322236
21313,21313,2-s2.0-85075747670
21319,21319,2-s2.0-85075291787
21326,21326,2-s2.0-85073989679
21329,21329,2-s2.0-85073546281
21331,21331,2-s2.0-85072846756
21334,21334,2-s2.0-85072542525
21336,21336,2-s2.0-85071835867
21338,21338,2-s2.0-85071552497
21350,21350,2-s2.0-85069486780
21352,21352,2-s2.0-85068597119
21354,21354,2-s2.0-85068103979
21356,21356,2-s2.0-85067793001
21357,21357,2-s2.0-85067109626
21359,21359,2-s2.0-85065833449
21361,21361,2-s2.0-85065735669
21365,21365,2-s2.0-85065703992
21367,21367,2-s2.0-85065516940
21373,21373,2-s2.0-85064638433
21378,21378,2-s2.0-85063140095
21380,21380,2-s2.0-85059689472
21381,21381,2-s2.0-85058633123
21385,21385,2-s2.0-85052990747
21388,21388,2-s2.0-105013396991
21391,21391,2-s2.0-105013391444
21392,21392,2-s2.0-105013388104
21398,21398,2-s2.0-105013382073
21399,21399,2-s2.0-105013382054
21402,21402,2-s2.0-105013369566
21404,21404,2-s2.0-105013364129
21406,21406,2-s2.0-105013360742
21408,21408,2-s2.0-105013354943
21409,21409,2-s2.0-105013353783
21410,21410,2-s2.0-105013353428
21414,21414,2-s2.0-105013346525
21415,21415,2-s2.0-105013345399
21416,21416,2-s2.0-105013344845
21418,21418,2-s2.0-105013342236
21419,21419,2-s2.0-105013341887
21420,21420,2-s2.0-105013338581
21423,21423,2-s2.0-105013335663
21424,21424,2-s2.0-105013334319
21426,21426,2-s2.0-105013323235
21431,21431,2-s2.0-105013319590
21433,21433,2-s2.0-105013318863
21434,21434,2-s2.0-105013316002
21435,21435,2-s2.0-105013314948
21442,21442,2-s2.0-105013297270
21443,21443,2-s2.0-105013296057
21445,21445,2-s2.0-105013288981
21446,21446,2-s2.0-105013286691
21447,21447,2-s2.0-105013281689
21448,21448,2-s2.0-105013280996
21450,21450,2-s2.0-105013278477
21451,21451,2-s2.0-105013276502
21452,21452,2-s2.0-105013275493
21455,21455,2-s2.0-105013272057
21456,21456,2-s2.0-105013269009
21461,21461,2-s2.0-105013258400
21462,21462,2-s2.0-105013258350
21466,21466,2-s2.0-105013250327
21468,21468,2-s2.0-105013246461
21472,21472,2-s2.0-105013238177
21475,21475,2-s2.0-105013236664
21476,21476,2-s2.0-105013234726
21482,21482,2-s2.0-105013220291
21484,21484,2-s2.0-105013217308
21485,21485,2-s2.0-105013217212
21490,21490,2-s2.0-105013199740
21496,21496,2-s2.0-105013183490
21497,21497,2-s2.0-105013178973
21499,21499,2-s2.0-105013169488
21500,21500,2-s2.0-105013168666
21502,21502,2-s2.0-105013165245
21503,21503,2-s2.0-105013162354
21505,21505,2-s2.0-105013161056
21508,21508,2-s2.0-105013160447
21510,21510,2-s2.0-105013158580
21511,21511,2-s2.0-105009185903
21512,21512,2-s2.0-105008157355
21514,21514,2-s2.0-105001872721
21518,21518,2-s2.0-85080119306
21521,21521,2-s2.0-85077171387
21522,21522,2-s2.0-85078219642
21525,21525,2-s2.0-85078193998
21526,21526,2-s2.0-85078169194
21527,21527,2-s2.0-85078166262
21529,21529,2-s2.0-85078152073
21530,21530,2-s2.0-85078137179
21533,21533,2-s2.0-85078086044
21535,21535,2-s2.0-85078077716
21536,21536,2-s2.0-85078076336
21538,21538,2-s2.0-85078488534
21540,21540,2-s2.0-85078455668
21542,21542,2-s2.0-85078448035
21544,21544,2-s2.0-85079348480
21545,21545,2-s2.0-85077721518
21547,21547,2-s2.0-85077713907
21548,21548,2-s2.0-85077709819
21552,21552,2-s2.0-85077679071
21558,21558,2-s2.0-85077813961
21561,21561,2-s2.0-85153760938
21562,21562,2-s2.0-85081025568
21566,21566,2-s2.0-85071969279
21567,21567,2-s2.0-85125216302
21568,21568,2-s2.0-85078290238
21569,21569,2-s2.0-85113712261
21572,21572,2-s2.0-85076156429
21579,21579,2-s2.0-85076406535
21582,21582,2-s2.0-85152565277
21585,21585,2-s2.0-85122728246
21588,21588,2-s2.0-85111702080
21589,21589,2-s2.0-85111621543
21592,21592,2-s2.0-85102253748
21593,21593,2-s2.0-85102046351
21594,21594,2-s2.0-85096605792
21595,21595,2-s2.0-85096603078
21596,21596,2-s2.0-85096592892
21599,21599,2-s2.0-85096581787
21602,21602,2-s2.0-85096568031
21604,21604,2-s2.0-85096547400
21605,21605,2-s2.0-85096546216
21606,21606,2-s2.0-85096542627
21607,21607,2-s2.0-85096542514
21610,21610,2-s2.0-85096518617
21611,21611,2-s2.0-85096514817
21615,21615,2-s2.0-85090975634
21617,21617,2-s2.0-85087844348
21619,21619,2-s2.0-85086479255
21620,21620,2-s2.0-85084760209
21625,21625,2-s2.0-85084146755
21628,21628,2-s2.0-85083305248
21629,21629,2-s2.0-85082725441
21633,21633,2-s2.0-85080970737
21638,21638,2-s2.0-85080891183
21642,21642,2-s2.0-85079413655
21645,21645,2-s2.0-85078603223
21646,21646,2-s2.0-85077608648
21648,21648,2-s2.0-85077565376
21654,21654,2-s2.0-85077345689
21656,21656,2-s2.0-85077307513
21658,21658,2-s2.0-85076984612
21660,21660,2-s2.0-85076909095
21661,21661,2-s2.0-85076894070
21662,21662,2-s2.0-85076878230
21665,21665,2-s2.0-85076771000
21666,21666,2-s2.0-85076768133
21667,21667,2-s2.0-85076754619
21670,21670,2-s2.0-85076529279
21673,21673,2-s2.0-85076397914
21674,21674,2-s2.0-85076298818
21676,21676,2-s2.0-85075894230
21678,21678,2-s2.0-85075794021
21680,21680,2-s2.0-85075749893
21683,21683,2-s2.0-85075341874
21685,21685,2-s2.0-85074813969
21687,21687,2-s2.0-85074712895
21689,21689,2-s2.0-85074481163
21690,21690,2-s2.0-85074434839
21691,21691,2-s2.0-85074423738
21692,21692,2-s2.0-85074352869
21695,21695,2-s2.0-85073918732
21699,21699,2-s2.0-85073536044
21700,21700,2-s2.0-85073249964
21701,21701,2-s2.0-85073078561
21702,21702,2-s2.0-85072892114
21703,21703,2-s2.0-85072553184
21706,21706,2-s2.0-85071002859
21708,21708,2-s2.0-85070632977
21710,21710,2-s2.0-85070366614
21711,21711,2-s2.0-85070304575
21712,21712,2-s2.0-85069943138
21713,21713,2-s2.0-85069899960
21714,21714,2-s2.0-85068933353
21716,21716,2-s2.0-85068227340
21718,21718,2-s2.0-85066845996
21721,21721,2-s2.0-85066118413
21722,21722,2-s2.0-85065294009
21723,21723,2-s2.0-85065191571
21724,21724,2-s2.0-85065160867
21725,21725,2-s2.0-85065046120
21727,21727,2-s2.0-85064836114
21728,21728,2-s2.0-85064269071
21731,21731,2-s2.0-85063111126
21732,21732,2-s2.0-85062421587
21733,21733,2-s2.0-85061733849
21734,21734,2-s2.0-85061617120
21736,21736,2-s2.0-85057779201
21738,21738,2-s2.0-85056287759
21739,21739,2-s2.0-85056114035
21740,21740,2-s2.0-85055721438
21743,21743,2-s2.0-85044482862
21744,21744,2-s2.0-85042182030
21745,21745,2-s2.0-105009596789
21747,21747,2-s2.0-85136896020
21750,21750,2-s2.0-85136885331
21751,21751,2-s2.0-85136870359
21752,21752,2-s2.0-85136861745
21753,21753,2-s2.0-85136858385
21754,21754,2-s2.0-85136839057
21756,21756,2-s2.0-85078578612
21758,21758,2-s2.0-85078577244
21760,21760,2-s2.0-85078576539
21761,21761,2-s2.0-85078576505
21767,21767,2-s2.0-85078018349
21769,21769,2-s2.0-85077989548
21774,21774,2-s2.0-85196077653
21776,21776,2-s2.0-85077817369
21778,21778,2-s2.0-85066923220
21779,21779,2-s2.0-85076233476
21780,21780,2-s2.0-85076221331
21781,21781,2-s2.0-85076219364
21785,21785,2-s2.0-85076120508
21788,21788,2-s2.0-85076119779
21789,21789,2-s2.0-85076119123
21790,21790,2-s2.0-85076118862
21791,21791,2-s2.0-85076117398
21792,21792,2-s2.0-85076117104
21793,21793,2-s2.0-85076116834
21795,21795,2-s2.0-85076114776
21797,21797,2-s2.0-85076113530
21799,21799,2-s2.0-85076110267
21802,21802,2-s2.0-85076105115
21804,21804,2-s2.0-85076104067
21805,21805,2-s2.0-85076099386
21806,21806,2-s2.0-85076098024
21807,21807,2-s2.0-85076097834
21808,21808,2-s2.0-85076094937
21809,21809,2-s2.0-85076094215
21810,21810,2-s2.0-85076093249
21812,21812,2-s2.0-85076090570
21813,21813,2-s2.0-85076090381
21817,21817,2-s2.0-85076088164
21819,21819,2-s2.0-85076087345
21821,21821,2-s2.0-85076084688
21823,21823,2-s2.0-85076082928
21824,21824,2-s2.0-85076082293
21825,21825,2-s2.0-85077799377
21826,21826,2-s2.0-85077795400
21828,21828,2-s2.0-85076723647
21829,21829,2-s2.0-85075415989
21832,21832,2-s2.0-85078295450
21833,21833,2-s2.0-85077724805
21834,21834,2-s2.0-85077724703
21835,21835,2-s2.0-85077723652
21837,21837,2-s2.0-85077715614
21838,21838,2-s2.0-85077705228
21839,21839,2-s2.0-85077699596
21843,21843,2-s2.0-85077683021
21844,21844,2-s2.0-85077680267
21845,21845,2-s2.0-85077678292
21849,21849,2-s2.0-85076678434
21850,21850,2-s2.0-85073260311
21854,21854,2-s2.0-85053895802
21855,21855,2-s2.0-85053498730
21856,21856,2-s2.0-85053281950
21857,21857,2-s2.0-85075482775
21861,21861,2-s2.0-85075392480
21864,21864,2-s2.0-85075388409
21868,21868,2-s2.0-85075381918
21869,21869,2-s2.0-85075381251
21871,21871,2-s2.0-85075372815
21874,21874,2-s2.0-85075369014
21875,21875,2-s2.0-85075366019
21878,21878,2-s2.0-85075364157
21880,21880,2-s2.0-85075355476
21882,21882,2-s2.0-85075350527
21885,21885,2-s2.0-85075343329
21886,21886,2-s2.0-85075339222
21887,21887,2-s2.0-85075338203
21889,21889,2-s2.0-85075333651
21891,21891,2-s2.0-85076788741
21893,21893,2-s2.0-85076774412
21898,21898,2-s2.0-85076730493
21902,21902,2-s2.0-85076682526
21906,21906,2-s2.0-85075391033
21909,21909,2-s2.0-85075377840
21911,21911,2-s2.0-85075363675
21912,21912,2-s2.0-85075348626
21913,21913,2-s2.0-85075348292
21914,21914,2-s2.0-85075347898
21917,21917,2-s2.0-85075330829
21922,21922,2-s2.0-85076116028
21924,21924,2-s2.0-85076110544
21927,21927,2-s2.0-85076041977
21928,21928,2-s2.0-85076010436
21930,21930,2-s2.0-85081189713
21931,21931,2-s2.0-85076139922
21933,21933,2-s2.0-85074811615
21935,21935,2-s2.0-85068145782
21936,21936,2-s2.0-85063880588
21938,21938,2-s2.0-85185446528
21941,21941,2-s2.0-85087620350
21945,21945,2-s2.0-85082391233
21946,21946,2-s2.0-85082384002
21947,21947,2-s2.0-85081993120
21951,21951,2-s2.0-85081063142
21952,21952,2-s2.0-85080909581
21955,21955,2-s2.0-85079355715
21957,21957,2-s2.0-85079270209
21962,21962,2-s2.0-85078878491
21966,21966,2-s2.0-85078039268
21967,21967,2-s2.0-85077779024
21970,21970,2-s2.0-85075658919
21975,21975,2-s2.0-85075493526
21979,21979,2-s2.0-85075369044
21983,21983,2-s2.0-85075079584
21984,21984,2-s2.0-85075064841
21986,21986,2-s2.0-85075046197
21987,21987,2-s2.0-85074557618
21988,21988,2-s2.0-85074501962
21990,21990,2-s2.0-85074370790
21991,21991,2-s2.0-85074368476
21994,21994,2-s2.0-85074293404
21996,21996,2-s2.0-85074041442
22000,22000,2-s2.0-85073530597
22001,22001,2-s2.0-85073144819
22007,22007,2-s2.0-85071650309
22008,22008,2-s2.0-85071304611
22009,22009,2-s2.0-85071093753
22011,22011,2-s2.0-85069897274
22012,22012,2-s2.0-85069836852
22013,22013,2-s2.0-85068998045
22015,22015,2-s2.0-85068587330
22017,22017,2-s2.0-85068111977
22018,22018,2-s2.0-85067897496
22019,22019,2-s2.0-85065412468
22022,22022,2-s2.0-85059100387
22026,22026,2-s2.0-85052615559
22027,22027,2-s2.0-85049693106
22028,22028,2-s2.0-85044020566
22029,22029,2-s2.0-85043718383
22031,22031,2-s2.0-85042448361
22034,22034,2-s2.0-85081369936
22035,22035,2-s2.0-85081338817
22038,22038,2-s2.0-85074941409
22041,22041,2-s2.0-85074919960
22044,22044,2-s2.0-85074915467
22045,22045,2-s2.0-85074910834
22049,22049,2-s2.0-85078477570
22050,22050,2-s2.0-85080089791
22052,22052,2-s2.0-85080063335
22053,22053,2-s2.0-85079069452
22060,22060,2-s2.0-85075261057
22064,22064,2-s2.0-85075257644
22068,22068,2-s2.0-85075255425
22073,22073,2-s2.0-85075251678
22074,22074,2-s2.0-85075251677
22076,22076,2-s2.0-85075250783
22078,22078,2-s2.0-85075249733
22082,22082,2-s2.0-85075247116
22083,22083,2-s2.0-85075246403
22085,22085,2-s2.0-85075242429
22086,22086,2-s2.0-85075239651
22087,22087,2-s2.0-85075238255
22088,22088,2-s2.0-85075238045
22091,22091,2-s2.0-85075234442
22096,22096,2-s2.0-85075232123
22098,22098,2-s2.0-85075230825
22099,22099,2-s2.0-85075229229
22102,22102,2-s2.0-85074926747
22104,22104,2-s2.0-85074845605
22105,22105,2-s2.0-85074835847
22107,22107,2-s2.0-85074894129
22112,22112,2-s2.0-85063228901
22115,22115,2-s2.0-85050653027
22116,22116,2-s2.0-85074846106
22117,22117,2-s2.0-85074359493
22118,22118,2-s2.0-85059102012
22121,22121,2-s2.0-85075023089
22124,22124,2-s2.0-85075477270
22125,22125,2-s2.0-85075463451
22126,22126,2-s2.0-85075451657
22127,22127,2-s2.0-85075442316
22128,22128,2-s2.0-85075441587
22130,22130,2-s2.0-85075432366
22131,22131,2-s2.0-85075421031
22132,22132,2-s2.0-85075417372
22134,22134,2-s2.0-85101863121
22135,22135,2-s2.0-85064223115
22136,22136,2-s2.0-85064193669
22137,22137,2-s2.0-85071645882
22140,22140,2-s2.0-85073672305
22142,22142,2-s2.0-85073265741
22143,22143,2-s2.0-85073264453
22144,22144,2-s2.0-85073254894
22146,22146,2-s2.0-85073250342
22148,22148,2-s2.0-85073244069
22149,22149,2-s2.0-85073240118
22150,22150,2-s2.0-85073239936
22151,22151,2-s2.0-85073236376
22153,22153,2-s2.0-85073233976
22154,22154,2-s2.0-85073230273
22155,22155,2-s2.0-85073229829
22156,22156,2-s2.0-85073229013
22161,22161,2-s2.0-85073208280
22163,22163,2-s2.0-85073194323
22165,22165,2-s2.0-85073194123
22166,22166,2-s2.0-85073192995
22167,22167,2-s2.0-85073190767
22168,22168,2-s2.0-85073189471
22169,22169,2-s2.0-85073188313
22170,22170,2-s2.0-85071966497
22172,22172,2-s2.0-85070946471
22174,22174,2-s2.0-85075063411
22176,22176,2-s2.0-85073224507
22177,22177,2-s2.0-85071733489
22182,22182,2-s2.0-85070215367
22184,22184,2-s2.0-85068498141
22188,22188,2-s2.0-85035082281
22192,22192,2-s2.0-85150728798
22195,22195,2-s2.0-85138233406
22197,22197,2-s2.0-85117960547
22198,22198,2-s2.0-85116836788
22199,22199,2-s2.0-85108977382
22200,22200,2-s2.0-85091339731
22204,22204,2-s2.0-85084823372
22212,22212,2-s2.0-85082498690
22217,22217,2-s2.0-85082474800
22219,22219,2-s2.0-85082468566
22221,22221,2-s2.0-85082456122
22222,22222,2-s2.0-85082449151
22224,22224,2-s2.0-85082443459
22226,22226,2-s2.0-85082440417
22228,22228,2-s2.0-85082436266
22230,22230,2-s2.0-85082176094
22232,22232,2-s2.0-85082167001
22234,22234,2-s2.0-85081591023
22235,22235,2-s2.0-85081140248
22237,22237,2-s2.0-85081124123
22240,22240,2-s2.0-85081117456
22241,22241,2-s2.0-85081116816
22243,22243,2-s2.0-85081055070
22247,22247,2-s2.0-85079535692
22248,22248,2-s2.0-85079291678
22250,22250,2-s2.0-85079271126
22252,22252,2-s2.0-85079077844
22255,22255,2-s2.0-85078185224
22256,22256,2-s2.0-85078170937
22258,22258,2-s2.0-85078122105
22259,22259,2-s2.0-85078096530
22263,22263,2-s2.0-85078035763
22265,22265,2-s2.0-85077236876
22267,22267,2-s2.0-85077089311
22269,22269,2-s2.0-85076310946
22271,22271,2-s2.0-85075350834
22273,22273,2-s2.0-85074779696
22275,22275,2-s2.0-85074503108
22278,22278,2-s2.0-85074194645
22282,22282,2-s2.0-85074009346
22287,22287,2-s2.0-85073749086
22288,22288,2-s2.0-85073671797
22290,22290,2-s2.0-85073475105
22291,22291,2-s2.0-85073238469
22292,22292,2-s2.0-85073217397
22298,22298,2-s2.0-85072570880
22300,22300,2-s2.0-85072226560
22302,22302,2-s2.0-85072084973
22303,22303,2-s2.0-85071678367
22309,22309,2-s2.0-85068649704
22310,22310,2-s2.0-85068135445
22311,22311,2-s2.0-85067959303
22313,22313,2-s2.0-85067239444
22314,22314,2-s2.0-85067190320
22316,22316,2-s2.0-85065733255
22317,22317,2-s2.0-85065712739
22318,22318,2-s2.0-85065441815
22320,22320,2-s2.0-85065123661
22322,22322,2-s2.0-85064346921
22325,22325,2-s2.0-85061011278
22327,22327,2-s2.0-85060709207
22328,22328,2-s2.0-85059323676
22332,22332,2-s2.0-85053065611
22334,22334,2-s2.0-85041613526
22335,22335,2-s2.0-85041500659
22337,22337,2-s2.0-105003023060
22338,22338,2-s2.0-105002990075
22339,22339,2-s2.0-85074917156
22344,22344,2-s2.0-85073605207
22345,22345,2-s2.0-85073588935
22347,22347,2-s2.0-85073339103
22348,22348,2-s2.0-85097489442
22349,22349,2-s2.0-85089038311
22350,22350,2-s2.0-85086753811
22351,22351,2-s2.0-85086753201
22353,22353,2-s2.0-85074363138
22354,22354,2-s2.0-85070338168
22356,22356,2-s2.0-85073159987
22357,22357,2-s2.0-85073240024
22358,22358,2-s2.0-85070950337
22359,22359,2-s2.0-85070380180
22360,22360,2-s2.0-85068188830
22361,22361,2-s2.0-85068035701
22367,22367,2-s2.0-85012927258
22370,22370,2-s2.0-85077352018
22371,22371,2-s2.0-85072829380
22377,22377,2-s2.0-85072662492
22380,22380,2-s2.0-85078275443
22382,22382,2-s2.0-85072832492
22384,22384,2-s2.0-85074060911
22387,22387,2-s2.0-85072576106
22388,22388,2-s2.0-85072566479
22389,22389,2-s2.0-85072560890
22391,22391,2-s2.0-85072580626
22392,22392,2-s2.0-85066092058
22394,22394,2-s2.0-85064506430
22396,22396,2-s2.0-85063625335
22400,22400,2-s2.0-85074995871
22401,22401,2-s2.0-85074375927
22403,22403,2-s2.0-85068913998
22405,22405,2-s2.0-85115666971
22406,22406,2-s2.0-85108503807
22411,22411,2-s2.0-85091988741
22412,22412,2-s2.0-85088166141
22415,22415,2-s2.0-85084918800
22417,22417,2-s2.0-85081281969
22418,22418,2-s2.0-85081212770
22421,22421,2-s2.0-85081199053
22423,22423,2-s2.0-85078234709
22426,22426,2-s2.0-85077778173
22427,22427,2-s2.0-85077771461
22431,22431,2-s2.0-85076711513
22432,22432,2-s2.0-85075735055
22434,22434,2-s2.0-85075020556
22435,22435,2-s2.0-85075018012
22437,22437,2-s2.0-85074365345
22438,22438,2-s2.0-85074338578
22439,22439,2-s2.0-85074213678
22440,22440,2-s2.0-85074203181
22442,22442,2-s2.0-85074061692
22443,22443,2-s2.0-85073798782
22445,22445,2-s2.0-85073626044
22448,22448,2-s2.0-85073543102
22449,22449,2-s2.0-85073540984
22451,22451,2-s2.0-85073477929
22453,22453,2-s2.0-85073448834
22454,22454,2-s2.0-85073444289
22455,22455,2-s2.0-85073360320
22456,22456,2-s2.0-85073267706
22458,22458,2-s2.0-85072669013
22459,22459,2-s2.0-85072574265
22462,22462,2-s2.0-85072049075
22464,22464,2-s2.0-85071749645
22465,22465,2-s2.0-85071715295
22466,22466,2-s2.0-85071549888
22469,22469,2-s2.0-85071194572
22470,22470,2-s2.0-85071000574
22471,22471,2-s2.0-85070894958
22473,22473,2-s2.0-85070703658
22474,22474,2-s2.0-85070643537
22475,22475,2-s2.0-85070572427
22479,22479,2-s2.0-85069726095
22480,22480,2-s2.0-85069556680
22481,22481,2-s2.0-85068844432
22484,22484,2-s2.0-85067913307
22487,22487,2-s2.0-85065835961
22489,22489,2-s2.0-85063910258
22490,22490,2-s2.0-85063321234
22491,22491,2-s2.0-85061922559
22494,22494,2-s2.0-85042433598
22496,22496,2-s2.0-85040326209
22499,22499,2-s2.0-85072088424
22500,22500,2-s2.0-85072081866
22502,22502,2-s2.0-85072070884
22503,22503,2-s2.0-85072062363
22504,22504,2-s2.0-85071457975
22505,22505,2-s2.0-85072822643
22506,22506,2-s2.0-85072819353
22507,22507,2-s2.0-85072122562
22509,22509,2-s2.0-85071611468
22511,22511,2-s2.0-85065080555
22512,22512,2-s2.0-85064631412
22513,22513,2-s2.0-85063732518
22516,22516,2-s2.0-85072228583
22517,22517,2-s2.0-85072228565
22518,22518,2-s2.0-85072195383
22520,22520,2-s2.0-85070716650
22527,22527,2-s2.0-85071023588
22528,22528,2-s2.0-85041004063
22530,22530,2-s2.0-85071868297
22533,22533,2-s2.0-85068517000
22536,22536,2-s2.0-85089092016
22541,22541,2-s2.0-85077830518
22543,22543,2-s2.0-85071280121
22544,22544,2-s2.0-85164818380
22545,22545,2-s2.0-85164788330
22547,22547,2-s2.0-85100658602
22549,22549,2-s2.0-85087843761
22555,22555,2-s2.0-85075637471
22558,22558,2-s2.0-85074476527
22559,22559,2-s2.0-85074196887
22560,22560,2-s2.0-85073711833
22563,22563,2-s2.0-85073331518
22566,22566,2-s2.0-85073284480
22567,22567,2-s2.0-85073270544
22569,22569,2-s2.0-85073265643
22570,22570,2-s2.0-85073254767
22571,22571,2-s2.0-85073245949
22572,22572,2-s2.0-85073245659
22574,22574,2-s2.0-85073231444
22575,22575,2-s2.0-85073219622
22579,22579,2-s2.0-85071875228
22582,22582,2-s2.0-85070572321
22583,22583,2-s2.0-85070468737
22586,22586,2-s2.0-85069956943
22590,22590,2-s2.0-85068796439
22591,22591,2-s2.0-85067596769
22593,22593,2-s2.0-85067007692
22597,22597,2-s2.0-85065870441
22600,22600,2-s2.0-85063495023
22601,22601,2-s2.0-85063006534
22602,22602,2-s2.0-85062669225
22603,22603,2-s2.0-85060478286
22604,22604,2-s2.0-85059865670
22606,22606,2-s2.0-85058931874
22607,22607,2-s2.0-85055861432
22613,22613,2-s2.0-105005020776
22620,22620,2-s2.0-85069959481
22622,22622,2-s2.0-85072563093
22623,22623,2-s2.0-85070006825
22625,22625,2-s2.0-85057978420
22626,22626,2-s2.0-85056311017
22627,22627,2-s2.0-105002987587
22629,22629,2-s2.0-85070271907
22631,22631,2-s2.0-85123040982
22634,22634,2-s2.0-85072884045
22635,22635,2-s2.0-85072881401
22637,22637,2-s2.0-85066070335
22638,22638,2-s2.0-85065091351
22641,22641,2-s2.0-85063963647
22642,22642,2-s2.0-85063343675
22647,22647,2-s2.0-85055434690
22648,22648,2-s2.0-85055040701
22649,22649,2-s2.0-85054492090
22650,22650,2-s2.0-85052088888
22651,22651,2-s2.0-85041352407
22652,22652,2-s2.0-85092049624
22657,22657,2-s2.0-85070640168
22662,22662,2-s2.0-85068205598
22663,22663,2-s2.0-85068095833
22664,22664,2-s2.0-85068044771
22668,22668,2-s2.0-85064817790
22669,22669,2-s2.0-85064601618
22673,22673,2-s2.0-85060705972
22675,22675,2-s2.0-85070933794
22676,22676,2-s2.0-85070933482
22677,22677,2-s2.0-85070898083
22684,22684,2-s2.0-85122528225
22685,22685,2-s2.0-85102421727
22686,22686,2-s2.0-85094677024
22689,22689,2-s2.0-85080941299
22693,22693,2-s2.0-85077692880
22694,22694,2-s2.0-85075885354
22699,22699,2-s2.0-85073498636
22702,22702,2-s2.0-85073288399
22704,22704,2-s2.0-85072925721
22706,22706,2-s2.0-85072708198
22710,22710,2-s2.0-85071747939
22711,22711,2-s2.0-85071719397
22713,22713,2-s2.0-85071239775
22714,22714,2-s2.0-85071194687
22715,22715,2-s2.0-85071042871
22717,22717,2-s2.0-85071031576
22718,22718,2-s2.0-85070991188
22720,22720,2-s2.0-85070612426
22721,22721,2-s2.0-85070596509
22726,22726,2-s2.0-85068970778
22727,22727,2-s2.0-85068861298
22730,22730,2-s2.0-85068263485
22734,22734,2-s2.0-85068250187
22737,22737,2-s2.0-85067500841
22738,22738,2-s2.0-85066865133
22740,22740,2-s2.0-85066826851
22741,22741,2-s2.0-85066273318
22742,22742,2-s2.0-85066131950
22743,22743,2-s2.0-85064007951
22745,22745,2-s2.0-85063680536
22746,22746,2-s2.0-85062912898
22749,22749,2-s2.0-85062037395
22753,22753,2-s2.0-85053400675
22754,22754,2-s2.0-85049860778
22758,22758,2-s2.0-85072526574
22759,22759,2-s2.0-85071420395
22761,22761,2-s2.0-85123042913
22762,22762,2-s2.0-85121090141
22765,22765,2-s2.0-85071148281
22767,22767,2-s2.0-85068720244
22768,22768,2-s2.0-85068704442
22770,22770,2-s2.0-85068693009
22773,22773,2-s2.0-85068874777
22775,22775,2-s2.0-85068139660
22776,22776,2-s2.0-85073069191
22778,22778,2-s2.0-85073049821
22782,22782,2-s2.0-85069969314
22783,22783,2-s2.0-85069964302
22784,22784,2-s2.0-85069961283
22785,22785,2-s2.0-85069953910
22788,22788,2-s2.0-85072216308
22792,22792,2-s2.0-85078813660
22793,22793,2-s2.0-85078813087
22795,22796,2-s2.0-85078812768
22796,22797,2-s2.0-85078812624
22797,22798,2-s2.0-85078809298
22798,22799,2-s2.0-85078809089
22799,22800,2-s2.0-85078809050
22804,22805,2-s2.0-85078806032
22805,22806,2-s2.0-85078805756
22806,22807,2-s2.0-85078805314
22809,22810,2-s2.0-85078801515
22810,22811,2-s2.0-85078800231
22811,22812,2-s2.0-85078798523
22812,22813,2-s2.0-85078798498
22813,22814,2-s2.0-85078798243
22815,22816,2-s2.0-85078797631
22818,22819,2-s2.0-85078796697
22823,22824,2-s2.0-85078793606
22825,22826,2-s2.0-85078792982
22826,22827,2-s2.0-85078791565
22830,22831,2-s2.0-85078790581
22832,22833,2-s2.0-85078790266
22834,22835,2-s2.0-85078788844
22837,22838,2-s2.0-85078786826
22840,22841,2-s2.0-85078786381
22841,22842,2-s2.0-85078785768
22842,22843,2-s2.0-85078785656
22845,22846,2-s2.0-85078784248
22849,22850,2-s2.0-85078782747
22852,22853,2-s2.0-85078781522
22854,22855,2-s2.0-85078779017
22855,22856,2-s2.0-85078778751
22856,22857,2-s2.0-85078777888
22857,22858,2-s2.0-85078777763
22858,22859,2-s2.0-85078777545
22859,22860,2-s2.0-85078775899
22860,22861,2-s2.0-85078775545
22862,22863,2-s2.0-85078774719
22863,22864,2-s2.0-85078774214
22865,22866,2-s2.0-85078773467
22868,22869,2-s2.0-85078772055
22869,22870,2-s2.0-85078771643
22871,22872,2-s2.0-85078769532
22872,22873,2-s2.0-85078769340
22873,22874,2-s2.0-85078769068
22875,22876,2-s2.0-85078768320
22879,22880,2-s2.0-85078764283
22885,22886,2-s2.0-85078757285
22886,22887,2-s2.0-85078757078
22887,22888,2-s2.0-85078756661
22889,22890,2-s2.0-85078753802
22890,22891,2-s2.0-85078752291
22894,22895,2-s2.0-85078747642
22898,22899,2-s2.0-85078744434
22899,22900,2-s2.0-85078742885
22902,22903,2-s2.0-85078739900
22904,22905,2-s2.0-85078738772
22905,22906,2-s2.0-85078737544
22906,22907,2-s2.0-85078737484
22907,22908,2-s2.0-85078737089
22908,22909,2-s2.0-85078737017
22911,22912,2-s2.0-85078736472
22912,22913,2-s2.0-85078735663
22913,22914,2-s2.0-85078734181
22915,22916,2-s2.0-85078731860
22923,22924,2-s2.0-85078727821
22927,22928,2-s2.0-85078726726
22928,22929,2-s2.0-85078726648
22931,22932,2-s2.0-85078725690
22934,22935,2-s2.0-85078724645
22935,22936,2-s2.0-85078724038
22936,22937,2-s2.0-85078723431
22938,22939,2-s2.0-85078722628
22940,22941,2-s2.0-85078721667
22942,22943,2-s2.0-85078720444
22943,22944,2-s2.0-85078720209
22944,22945,2-s2.0-85078720165
22948,22949,2-s2.0-85078714488
22949,22950,2-s2.0-85078072014
22951,22952,2-s2.0-85070862553
22952,22953,2-s2.0-85067256614
22953,22954,2-s2.0-85065837654
22955,22956,2-s2.0-85065731796
22957,22958,2-s2.0-85065715600
22960,22961,2-s2.0-85060632473
22965,22966,2-s2.0-85048682836
22966,22967,2-s2.0-85047114463
22967,22968,2-s2.0-85046467460
22974,22975,2-s2.0-85067831000
22976,22977,2-s2.0-85067816069
22977,22978,2-s2.0-85067812905
22978,22979,2-s2.0-85067812061
22979,22980,2-s2.0-85067783787
22984,22985,2-s2.0-85164188130
22985,22986,2-s2.0-85067192000
22986,22987,2-s2.0-85067175054
22989,22990,2-s2.0-85081615539
22990,22991,2-s2.0-85081175643
22993,22994,2-s2.0-85078590313
22994,22995,2-s2.0-85077576025
22995,22996,2-s2.0-85074360265
22996,22997,2-s2.0-85074337708
22997,22998,2-s2.0-85074332319
22998,22999,2-s2.0-85073288719
23005,23006,2-s2.0-85071476908
23007,23008,2-s2.0-85070831202
23011,23012,2-s2.0-85070103869
23012,23013,2-s2.0-85070087609
23013,23014,2-s2.0-85069750690
23014,23015,2-s2.0-85069725724
23017,23018,2-s2.0-85068936749
23018,23019,2-s2.0-85068919174
23019,23020,2-s2.0-85068476098
23020,23021,2-s2.0-85068409526
23024,23025,2-s2.0-85067306168
23026,23027,2-s2.0-85067276774
23032,23033,2-s2.0-85066276342
23033,23034,2-s2.0-85065906882
23036,23037,2-s2.0-85065627277
23039,23040,2-s2.0-85065430579
23043,23044,2-s2.0-85064659799
23045,23046,2-s2.0-85064614719
23047,23048,2-s2.0-85064259871
23050,23051,2-s2.0-85063113452
23051,23052,2-s2.0-85062823463
23053,23054,2-s2.0-85062793104
23055,23056,2-s2.0-85062701609
23056,23057,2-s2.0-85061432275
23058,23059,2-s2.0-85061005420
23060,23061,2-s2.0-85059862595
23064,23065,2-s2.0-85059680648
23067,23068,2-s2.0-85058422217
23068,23069,2-s2.0-85057310904
23075,23076,2-s2.0-85049551944
23077,23078,2-s2.0-85077785233
23079,23080,2-s2.0-85068875091
23081,23082,2-s2.0-85063678929
23085,23086,2-s2.0-85066261281
23086,23087,2-s2.0-85053727538
23087,23088,2-s2.0-85052159985
23089,23090,2-s2.0-85067427934
23090,23091,2-s2.0-85106371900
23091,23092,2-s2.0-85071926216
23093,23094,2-s2.0-85006922915
23094,23095,2-s2.0-85061195165
23098,23099,2-s2.0-85067070595
23099,23100,2-s2.0-85067024077
23101,23102,2-s2.0-85067006334
23103,23104,2-s2.0-85065015843
23104,23105,2-s2.0-85083950404
23114,23115,2-s2.0-85066909133
23115,23116,2-s2.0-85066904768
23118,23119,2-s2.0-85066890642
23119,23120,2-s2.0-85066883948
23121,23122,2-s2.0-85081328690
23132,23133,2-s2.0-85063214341
23134,23135,2-s2.0-85062453888
23136,23137,2-s2.0-85058700504
23143,23144,2-s2.0-85065960217
23145,23146,2-s2.0-85067301117
23148,23149,2-s2.0-85065187945
23152,23153,2-s2.0-85106844622
23153,23154,2-s2.0-85106816034
23154,23155,2-s2.0-85106794255
23155,23156,2-s2.0-85106781773
23163,23164,2-s2.0-85074877562
23166,23167,2-s2.0-85073783216
23167,23168,2-s2.0-85073745116
23170,23171,2-s2.0-85072845554
23171,23172,2-s2.0-85072837565
23173,23174,2-s2.0-85070290640
23174,23175,2-s2.0-85070289829
23176,23177,2-s2.0-85070274803
23177,23178,2-s2.0-85069947619
23178,23179,2-s2.0-85069893150
23181,23182,2-s2.0-85069202022
23184,23185,2-s2.0-85068087322
23188,23189,2-s2.0-85067551484
23189,23190,2-s2.0-85066961461
23191,23192,2-s2.0-85066434190
23192,23193,2-s2.0-85066316782
23195,23196,2-s2.0-85065965318
23196,23197,2-s2.0-85065957300
23197,23198,2-s2.0-85065833073
23198,23199,2-s2.0-85065799187
23199,23200,2-s2.0-85065552325
23200,23201,2-s2.0-85065115338
23201,23202,2-s2.0-85064681352
23202,23203,2-s2.0-85064255764
23204,23205,2-s2.0-85063058833
23206,23207,2-s2.0-85062960941
23208,23209,2-s2.0-85061296632
23213,23214,2-s2.0-85059863868
23214,23215,2-s2.0-85059849025
23215,23216,2-s2.0-85059097692
23217,23218,2-s2.0-85057439100
23219,23220,2-s2.0-85054041020
23223,23224,2-s2.0-85051000251
23225,23226,2-s2.0-85049115613
23226,23227,2-s2.0-85070648410
23227,23228,2-s2.0-85070644667
23230,23231,2-s2.0-85070579255
23232,23233,2-s2.0-85065785023
23233,23234,2-s2.0-85065316117
23234,23235,2-s2.0-85065414607
23238,23239,2-s2.0-85065325845
23239,23240,2-s2.0-85065324836
23241,23242,2-s2.0-85065316796
23242,23243,2-s2.0-85065313736
23243,23244,2-s2.0-85065312654
23248,23249,2-s2.0-85065308432
23249,23250,2-s2.0-85065307447
23253,23254,2-s2.0-85065296869
23254,23255,2-s2.0-85065296311
23257,23258,2-s2.0-85065292770
23258,23259,2-s2.0-85065291437
23260,23261,2-s2.0-85064987471
23263,23264,2-s2.0-85066097760
23264,23265,2-s2.0-85065431339
23266,23267,2-s2.0-85052057926
23269,23270,2-s2.0-85021651765
23270,23271,2-s2.0-85070369938
23272,23273,2-s2.0-85065613772
23276,23277,2-s2.0-85058443783
23277,23278,2-s2.0-85052155643
23279,23280,2-s2.0-85045060667
23283,23284,2-s2.0-85028601670
23286,23287,2-s2.0-85096985216
23294,23295,2-s2.0-85064882831
23296,23297,2-s2.0-85064879410
23298,23299,2-s2.0-85064876675
23299,23300,2-s2.0-85064861091
23301,23302,2-s2.0-85062825588
23302,23303,2-s2.0-85102154345
23304,23305,2-s2.0-85061441502
23305,23306,2-s2.0-85074198527
23307,23308,2-s2.0-85065714665
23308,23309,2-s2.0-85065436210
23309,23310,2-s2.0-85065401887
23310,23311,2-s2.0-85065063859
23312,23313,2-s2.0-85063907849
23320,23321,2-s2.0-85061454258
23321,23322,2-s2.0-85061434573
23322,23323,2-s2.0-85061291326
23323,23324,2-s2.0-85061256409
23325,23326,2-s2.0-85059628333
23327,23328,2-s2.0-85058981654
23328,23329,2-s2.0-85058690085
23330,23331,2-s2.0-85057337144
23332,23333,2-s2.0-85052067863
23334,23335,2-s2.0-85049130373
23337,23338,2-s2.0-85045754756
23338,23339,2-s2.0-85042921395
23343,23344,2-s2.0-85104693415
23344,23345,2-s2.0-85089858550
23347,23348,2-s2.0-85086319846
23348,23349,2-s2.0-85075721297
23350,23351,2-s2.0-85073669927
23352,23353,2-s2.0-85073100436
23358,23359,2-s2.0-85067516868
23359,23360,2-s2.0-85067516514
23363,23364,2-s2.0-85067473983
23364,23365,2-s2.0-85067468302
23365,23366,2-s2.0-85067465548
23366,23367,2-s2.0-85067460427
23368,23369,2-s2.0-85067445548
23376,23377,2-s2.0-85066749147
23378,23379,2-s2.0-85066436591
23381,23382,2-s2.0-85065398578
23383,23384,2-s2.0-85064458694
23384,23385,2-s2.0-85063940563
23386,23387,2-s2.0-85063357633
23387,23388,2-s2.0-85063194708
23389,23390,2-s2.0-85062835585
23391,23392,2-s2.0-85061291904
23393,23394,2-s2.0-85059867080
23394,23395,2-s2.0-85059855110
23395,23396,2-s2.0-85059841696
23396,23397,2-s2.0-85059801425
23397,23398,2-s2.0-85059475668
23398,23399,2-s2.0-85059270052
23400,23401,2-s2.0-85058658700
23401,23402,2-s2.0-85057449485
23402,23403,2-s2.0-85056892591
23404,23405,2-s2.0-85054197130
23405,23406,2-s2.0-85053543515
23406,23407,2-s2.0-85053378246
23407,23408,2-s2.0-85052480957
23408,23409,2-s2.0-85050493115
23410,23411,2-s2.0-85063712411
23411,23412,2-s2.0-85063899848
23413,23414,2-s2.0-85063904339
23416,23417,2-s2.0-85074455620
23420,23421,2-s2.0-85064416892
23422,23423,2-s2.0-85064410582
23424,23425,2-s2.0-85064391277
23425,23426,2-s2.0-85064382246
23427,23428,2-s2.0-85063526760
23430,23431,2-s2.0-85063230655
23432,23433,2-s2.0-85063214437
23433,23434,2-s2.0-85063207723
23434,23435,2-s2.0-85062328181
23435,23436,2-s2.0-85062282754
23438,23439,2-s2.0-85058114720
23440,23441,2-s2.0-85056693250
23442,23443,2-s2.0-85055891017
23444,23445,2-s2.0-85054906121
23445,23446,2-s2.0-85053507734
23448,23449,2-s2.0-85045049651
23449,23450,2-s2.0-85043721292
23450,23451,2-s2.0-85042532554
23451,23452,2-s2.0-85042112889
23454,23455,2-s2.0-85064409444
23459,23460,2-s2.0-85063410083
23460,23461,2-s2.0-85063410051
23463,23464,2-s2.0-85063400691
23464,23465,2-s2.0-85063400354
23466,23467,2-s2.0-85063399924
23467,23468,2-s2.0-85063399352
23471,23472,2-s2.0-85063394811
23475,23476,2-s2.0-85063391906
23476,23477,2-s2.0-85063391818
23477,23478,2-s2.0-85063390470
23478,23479,2-s2.0-85063390282
23479,23480,2-s2.0-85063389387
23480,23481,2-s2.0-85063388968
23484,23485,2-s2.0-85063384396
23485,23486,2-s2.0-85063382385
23487,23488,2-s2.0-85063380397
23488,23489,2-s2.0-85063380123
23493,23494,2-s2.0-85063369978
23494,23495,2-s2.0-85063369650
23495,23496,2-s2.0-85063369362
23499,23500,2-s2.0-85063367104
23500,23501,2-s2.0-85063365707
23503,23504,2-s2.0-85063347445
23504,23505,2-s2.0-85062876979
23509,23510,2-s2.0-85063092129
23510,23511,2-s2.0-85069193475
23511,23512,2-s2.0-85069181093
23520,23521,2-s2.0-85064349287
23522,23523,2-s2.0-85064334334
23527,23528,2-s2.0-85063904009
23528,23529,2-s2.0-85063369390
23529,23530,2-s2.0-85062801679
23530,23531,2-s2.0-85062785413
23531,23532,2-s2.0-85062771329
23533,23534,2-s2.0-85061268983
23541,23542,2-s2.0-85123445183
23543,23544,2-s2.0-85106696543
23545,23546,2-s2.0-85087922540
23547,23548,2-s2.0-85078314776
23548,23549,2-s2.0-85075031956
23549,23550,2-s2.0-85075027130
23551,23552,2-s2.0-85075017362
23552,23553,2-s2.0-85075011537
23553,23554,2-s2.0-85075010090
23554,23555,2-s2.0-85075009756
23555,23556,2-s2.0-85075008291
23561,23562,2-s2.0-85074997294
23565,23566,2-s2.0-85074993802
23566,23567,2-s2.0-85074990098
23568,23569,2-s2.0-85074982613
23569,23570,2-s2.0-85074981418
23574,23575,2-s2.0-85074968796
23579,23580,2-s2.0-85074784844
23580,23581,2-s2.0-85074784248
23583,23584,2-s2.0-85074760865
23585,23586,2-s2.0-85069936501
23590,23591,2-s2.0-85067995439
23592,23593,2-s2.0-85067624858
23593,23594,2-s2.0-85067610019
23595,23596,2-s2.0-85067593866
23596,23597,2-s2.0-85067502506
23597,23598,2-s2.0-85067500879
23598,23599,2-s2.0-85066402359
23612,23613,2-s2.0-85062732057
23613,23614,2-s2.0-85062620356
23614,23615,2-s2.0-85062232619
23615,23616,2-s2.0-85062209155
23616,23617,2-s2.0-85062081813
23619,23620,2-s2.0-85061656890
23623,23624,2-s2.0-85060649334
23624,23625,2-s2.0-85060543862
23625,23626,2-s2.0-85060204388
23626,23627,2-s2.0-85060052545
23627,23628,2-s2.0-85058801140
23630,23631,2-s2.0-85055046832
23632,23633,2-s2.0-85054370079
23634,23635,2-s2.0-85053688258
23636,23637,2-s2.0-85051538991
23639,23640,2-s2.0-85048960098
23640,23641,2-s2.0-85048445680
23641,23642,2-s2.0-85048089452
23644,23645,2-s2.0-85045432185
23646,23647,2-s2.0-85044184037
23654,23655,2-s2.0-85064353489
23655,23656,2-s2.0-85064342669
23657,23658,2-s2.0-85062831960
23660,23661,2-s2.0-85062083968
23661,23662,2-s2.0-85064411597
23662,23663,2-s2.0-85064411529
23663,23664,2-s2.0-85064407190
23665,23666,2-s2.0-85064392982
23666,23667,2-s2.0-85064384868
23667,23668,2-s2.0-85064383800
23668,23669,2-s2.0-85064382987
23676,23677,2-s2.0-85039838090
23679,23680,2-s2.0-85061784327
23680,23681,2-s2.0-85061769318
23681,23682,2-s2.0-85055989318
23683,23684,2-s2.0-85033476283
23685,23686,2-s2.0-85021154242
23686,23687,2-s2.0-85062490690
23688,23689,2-s2.0-85061430406
23689,23690,2-s2.0-85057583879
23692,23693,2-s2.0-85061101712
23693,23694,2-s2.0-85061100668
23697,23698,2-s2.0-85061146219
23698,23699,2-s2.0-85057266702
23700,23701,2-s2.0-85061158287
23701,23702,2-s2.0-85061146385
23702,23703,2-s2.0-85061141945
23703,23704,2-s2.0-85061138711
23704,23705,2-s2.0-85061047275
23710,23711,2-s2.0-85072982712
23711,23712,2-s2.0-85068620828
23714,23715,2-s2.0-85064491607
23717,23718,2-s2.0-85063559095
23721,23722,2-s2.0-85061626775
23722,23723,2-s2.0-85060148000
23723,23724,2-s2.0-85060060346
23726,23727,2-s2.0-85059554368
23729,23730,2-s2.0-85058650034
23733,23734,2-s2.0-85058467603
23734,23735,2-s2.0-85057613239
23735,23736,2-s2.0-85056720194
23741,23742,2-s2.0-85053454159
23742,23743,2-s2.0-85053272405
23746,23747,2-s2.0-85047326474
23750,23751,2-s2.0-85020502648
23751,23752,2-s2.0-85017276360
23753,23754,2-s2.0-85061183044
23754,23755,2-s2.0-85078189255
23755,23756,2-s2.0-85041905908
23757,23758,2-s2.0-85060799846
23759,23760,2-s2.0-85060602625
23764,23765,2-s2.0-85131016272
23765,23766,2-s2.0-85062471363
23766,23767,2-s2.0-85060047815
23770,23771,2-s2.0-85031913994
23772,23773,2-s2.0-85085384300
23776,23777,2-s2.0-85123042558
23777,23778,2-s2.0-85123042555
23781,23782,2-s2.0-85058182387
23782,23783,2-s2.0-85066406455
23783,23784,2-s2.0-85059500701
23786,23787,2-s2.0-85066414892
23793,23794,2-s2.0-85061064176
23795,23796,2-s2.0-85060954912
23796,23797,2-s2.0-85060862335
23797,23798,2-s2.0-85060365909
23799,23800,2-s2.0-85059738413
23800,23801,2-s2.0-85059094484
23801,23802,2-s2.0-85058678538
23805,23806,2-s2.0-85057342030
23807,23808,2-s2.0-85055678016
23809,23810,2-s2.0-85053894746
23810,23811,2-s2.0-85053291477
23811,23812,2-s2.0-85052114905
23812,23813,2-s2.0-85049141519
23813,23814,2-s2.0-85048808910
23815,23816,2-s2.0-85045758473
23818,23819,2-s2.0-85034667901
23820,23821,2-s2.0-85019540811
23821,23822,2-s2.0-86000150870
23824,23825,2-s2.0-85210150375
23825,23826,2-s2.0-85197202941
23826,23827,2-s2.0-85195770244
23833,23834,2-s2.0-85180794029
23834,23835,2-s2.0-85180791206
23836,23837,2-s2.0-85180790153
23837,23838,2-s2.0-85180788318
23838,23839,2-s2.0-85180784735
23846,23847,2-s2.0-85180750885
23847,23848,2-s2.0-85180748843
23850,23851,2-s2.0-85180736996
23852,23853,2-s2.0-85180632494
23853,23854,2-s2.0-85180632353
23854,23855,2-s2.0-85180632347
23855,23856,2-s2.0-85180626982
23862,23863,2-s2.0-85173854459
23867,23868,2-s2.0-85168571965
23868,23869,2-s2.0-85168565081
23869,23870,2-s2.0-85168563344
23870,23871,2-s2.0-85168487104
23873,23874,2-s2.0-85160331261
23876,23877,2-s2.0-85151552016
23878,23879,2-s2.0-85151438653
23879,23880,2-s2.0-85151391562
23880,23881,2-s2.0-85151343986
23882,23883,2-s2.0-85151079507
23885,23886,2-s2.0-85150750829
23888,23889,2-s2.0-85150551145
23890,23891,2-s2.0-85150448868
23891,23892,2-s2.0-85150413219
23901,23902,2-s2.0-85149540611
23903,23904,2-s2.0-85149509530
23904,23905,2-s2.0-85149492937
23907,23908,2-s2.0-85149082299
23908,23909,2-s2.0-85149005189
23909,23910,2-s2.0-85148527021
23911,23912,2-s2.0-85147699501
23912,23913,2-s2.0-85147296416
23913,23914,2-s2.0-85147149949
23914,23915,2-s2.0-85147122545
23917,23918,2-s2.0-85144215485
23918,23919,2-s2.0-85144210968
23919,23920,2-s2.0-85144207710
23927,23928,2-s2.0-85142012257
23928,23929,2-s2.0-85141649696
23929,23930,2-s2.0-85141629152
23930,23931,2-s2.0-85141625338
23934,23935,2-s2.0-85141550602
23937,23938,2-s2.0-85141476663
23938,23939,2-s2.0-85141472008
23939,23940,2-s2.0-85141464786
23940,23941,2-s2.0-85141454796
23941,23942,2-s2.0-85141449716
23942,23943,2-s2.0-85141448700
23944,23945,2-s2.0-85141100742
23949,23950,2-s2.0-85141053501
23952,23953,2-s2.0-85140544718
23953,23954,2-s2.0-85140511609
23955,23956,2-s2.0-85139401477
23959,23960,2-s2.0-85135316236
23961,23962,2-s2.0-85134951841
23962,23963,2-s2.0-85134729911
23963,23964,2-s2.0-85134188441
23965,23966,2-s2.0-85133998057
23967,23968,2-s2.0-85133996618
23971,23972,2-s2.0-85133993865
23972,23973,2-s2.0-85133991187
23973,23974,2-s2.0-85133989801
23974,23975,2-s2.0-85133989411
23975,23976,2-s2.0-85133989123
23976,23977,2-s2.0-85133987559
23977,23978,2-s2.0-85133985351
23982,23983,2-s2.0-85131205975
23983,23984,2-s2.0-85130265886
23987,23988,2-s2.0-85128787353
23988,23989,2-s2.0-85128697231
23989,23990,2-s2.0-85128365798
23990,23991,2-s2.0-85127677606
23994,23995,2-s2.0-85125316834
23996,23997,2-s2.0-85124569471
23998,23999,2-s2.0-85124427346
23999,24000,2-s2.0-85124104980
24000,24001,2-s2.0-85122442015
24001,24002,2-s2.0-85122191878
24002,24003,2-s2.0-85122048209
24006,24007,2-s2.0-85119855334
24008,24009,2-s2.0-85119051484
24009,24010,2-s2.0-85118817992
24010,24011,2-s2.0-85118808828
24015,24016,2-s2.0-85117897446
24016,24017,2-s2.0-85117619692
24021,24022,2-s2.0-85116304119
24022,24023,2-s2.0-85115798623
24026,24027,2-s2.0-85114608060
24031,24032,2-s2.0-85112367471
24042,24043,2-s2.0-85107646067
24045,24046,2-s2.0-85105784147
24049,24050,2-s2.0-85105114727
24050,24051,2-s2.0-85105098858
24051,24052,2-s2.0-85104715362
24052,24053,2-s2.0-85104553212
24053,24054,2-s2.0-85104419168
24054,24055,2-s2.0-85104302105
24058,24059,2-s2.0-85103346876
24059,24060,2-s2.0-85103295208
24062,24063,2-s2.0-85102720982
24065,24066,2-s2.0-85101507263
24066,24067,2-s2.0-85100886051
24071,24072,2-s2.0-85100317425
24073,24074,2-s2.0-85099558248
24074,24075,2-s2.0-85099547698
24076,24077,2-s2.0-85099404354
24077,24078,2-s2.0-85099365843
24078,24079,2-s2.0-85099192199
24079,24080,2-s2.0-85099168644
24085,24086,2-s2.0-85098011300
24088,24089,2-s2.0-85098005021
24089,24090,2-s2.0-85097993103
24090,24091,2-s2.0-85097987083
24091,24092,2-s2.0-85097980310
24092,24093,2-s2.0-85097979101
24096,24097,2-s2.0-85096260385
24099,24100,2-s2.0-85095415797
24100,24101,2-s2.0-85095327899
24102,24103,2-s2.0-85094558023
24103,24104,2-s2.0-85094321203
24104,24105,2-s2.0-85093362188
24106,24107,2-s2.0-85093105053
24110,24111,2-s2.0-85092542483
24115,24116,2-s2.0-85091422903
24117,24118,2-s2.0-85091271540
24120,24121,2-s2.0-85090953144
24121,24122,2-s2.0-85090641727
24122,24123,2-s2.0-85090626278
24124,24125,2-s2.0-85090237873
24125,24126,2-s2.0-85089453890
24127,24128,2-s2.0-85088911642
24129,24130,2-s2.0-85088500561
24133,24134,2-s2.0-85087731244
24134,24135,2-s2.0-85087642910
24135,24136,2-s2.0-85087642294
24137,24138,2-s2.0-85087501637
24138,24139,2-s2.0-85087464764
24139,24140,2-s2.0-85086938913
24140,24141,2-s2.0-85086643468
24141,24142,2-s2.0-85086587897
24142,24143,2-s2.0-85086477805
24143,24144,2-s2.0-85086441262
24144,24145,2-s2.0-85086331682
24145,24146,2-s2.0-85086287850
24147,24148,2-s2.0-85086153547
24149,24150,2-s2.0-85085935925
24152,24153,2-s2.0-85085832591
24153,24154,2-s2.0-85085823537
24155,24156,2-s2.0-85085791901
24157,24158,2-s2.0-85085460864
24160,24161,2-s2.0-85085453286
24162,24163,2-s2.0-85085422353
24163,24164,2-s2.0-85085378279
24164,24165,2-s2.0-85085320905
24168,24169,2-s2.0-85085163361
24171,24172,2-s2.0-85084877431
24173,24174,2-s2.0-85084402307
24175,24176,2-s2.0-85084324260
24177,24178,2-s2.0-85084125170
24178,24179,2-s2.0-85084017305
24180,24181,2-s2.0-85083941952
24181,24182,2-s2.0-85083700359
24182,24183,2-s2.0-85083550750
24183,24184,2-s2.0-85083523590
24184,24185,2-s2.0-85083512971
24185,24186,2-s2.0-85083490166
24189,24190,2-s2.0-85083216275
24192,24193,2-s2.0-85083203415
24193,24194,2-s2.0-85083178394
24196,24197,2-s2.0-85083045686
24198,24199,2-s2.0-85082874544
24199,24200,2-s2.0-85082853166
24202,24203,2-s2.0-85082537797
24204,24205,2-s2.0-85082536117
24209,24210,2-s2.0-85082529613
24210,24211,2-s2.0-85082528602
24211,24212,2-s2.0-85082528166
24214,24215,2-s2.0-85082523334
24215,24216,2-s2.0-85082516651
24216,24217,2-s2.0-85082516530
24217,24218,2-s2.0-85082512210
24219,24220,2-s2.0-85082511107
24225,24226,2-s2.0-85082186124
24230,24231,2-s2.0-85081743242
24235,24236,2-s2.0-85081597269
24242,24243,2-s2.0-85081293668
24243,24244,2-s2.0-85081272814
24244,24245,2-s2.0-85081170778
24245,24246,2-s2.0-85080955761
24248,24249,2-s2.0-85080520801
24249,24250,2-s2.0-85080145542
24250,24251,2-s2.0-85080140238
24253,24254,2-s2.0-85079815301
24260,24261,2-s2.0-85079501092
24263,24264,2-s2.0-85079418194
24266,24267,2-s2.0-85079401915
24267,24268,2-s2.0-85079399973
24269,24270,2-s2.0-85079395117
24270,24271,2-s2.0-85079393580
24272,24273,2-s2.0-85079382868
24275,24276,2-s2.0-85079367935
24276,24277,2-s2.0-85079366919
24277,24278,2-s2.0-85079363735
24278,24279,2-s2.0-85079267034
24279,24280,2-s2.0-85079198752
24282,24283,2-s2.0-85079188162
24285,24286,2-s2.0-85079170776
24289,24290,2-s2.0-85079146080
24290,24291,2-s2.0-85079145061
24291,24292,2-s2.0-85079141612
24293,24294,2-s2.0-85079133537
24294,24295,2-s2.0-85079131438
24298,24299,2-s2.0-85079121587
24300,24301,2-s2.0-85079061846
24302,24303,2-s2.0-85079016392
24303,24304,2-s2.0-85078976548
24308,24309,2-s2.0-85078957712
24311,24312,2-s2.0-85078886608
24312,24313,2-s2.0-85078876181
24315,24316,2-s2.0-85078794017
24317,24318,2-s2.0-85078751163
24320,24321,2-s2.0-85078698445
24321,24322,2-s2.0-85078696835
24322,24323,2-s2.0-85078695786
24323,24324,2-s2.0-85078695450
24325,24326,2-s2.0-85078644199
24326,24327,2-s2.0-85078631077
24328,24329,2-s2.0-85078540171
24330,24331,2-s2.0-85078476929
24332,24333,2-s2.0-85078461453
24335,24336,2-s2.0-85078360670
24336,24337,2-s2.0-85078356943
24338,24339,2-s2.0-85078336386
24340,24341,2-s2.0-85078297320
24342,24343,2-s2.0-85078256393
24343,24344,2-s2.0-85078234604
24348,24349,2-s2.0-85078030616
24352,24353,2-s2.0-85078007233
24353,24354,2-s2.0-85078004298
24354,24355,2-s2.0-85077992683
24355,24356,2-s2.0-85077989152
24357,24358,2-s2.0-85077933533
24358,24359,2-s2.0-85077910540
24360,24361,2-s2.0-85077867077
24364,24365,2-s2.0-85077838749
24365,24366,2-s2.0-85077838550
24371,24372,2-s2.0-85077622902
24378,24379,2-s2.0-85077461954
24381,24382,2-s2.0-85077438683
24382,24383,2-s2.0-85077433225
24384,24385,2-s2.0-85077371590
24385,24386,2-s2.0-85077358423
24388,24389,2-s2.0-85077267331
24395,24396,2-s2.0-85077115910
24397,24398,2-s2.0-85077007849
24399,24400,2-s2.0-85076945188
24401,24402,2-s2.0-85076862277
24402,24403,2-s2.0-85076856025
24403,24404,2-s2.0-85076836405
24404,24405,2-s2.0-85076827199
24405,24406,2-s2.0-85076785913
24406,24407,2-s2.0-85076770538
24408,24409,2-s2.0-85076538781
24411,24412,2-s2.0-85076487600
24416,24417,2-s2.0-85076373047
24418,24419,2-s2.0-85076348241
24419,24420,2-s2.0-85076344822
24427,24428,2-s2.0-85076255584
24429,24430,2-s2.0-85076091187
24433,24434,2-s2.0-85075982452
24434,24435,2-s2.0-85075974028
24436,24437,2-s2.0-85075935976
24437,24438,2-s2.0-85075855464
24438,24439,2-s2.0-85075823903
24440,24441,2-s2.0-85075789723
24443,24444,2-s2.0-85075621744
24448,24449,2-s2.0-85075468044
24449,24450,2-s2.0-85075317595
24453,24454,2-s2.0-85075283448
24454,24455,2-s2.0-85075283052
24456,24457,2-s2.0-85075273353
24457,24458,2-s2.0-85075273111
24458,24459,2-s2.0-85075186835
24459,24460,2-s2.0-85075166449
24460,24461,2-s2.0-85075154743
24465,24466,2-s2.0-85075021701
24467,24468,2-s2.0-85075008695
24468,24469,2-s2.0-85075005906
24469,24470,2-s2.0-85075004703
24471,24472,2-s2.0-85074972749
24472,24473,2-s2.0-85074955193
24476,24477,2-s2.0-85074923059
24478,24479,2-s2.0-85074896840
24479,24480,2-s2.0-85074891409
24482,24483,2-s2.0-85074815840
24484,24485,2-s2.0-85074761589
24485,24486,2-s2.0-85074729792
24488,24489,2-s2.0-85074585177
24491,24492,2-s2.0-85074533962
24495,24496,2-s2.0-85074476803
24496,24497,2-s2.0-85074469346
24497,24498,2-s2.0-85074365248
24500,24501,2-s2.0-85074335233
24509,24510,2-s2.0-85074137714
24510,24511,2-s2.0-85074130661
24512,24513,2-s2.0-85074106253
24513,24514,2-s2.0-85074099543
24514,24515,2-s2.0-85074098527
24515,24516,2-s2.0-85074091048
24517,24518,2-s2.0-85074071263
24525,24526,2-s2.0-85073799751
24529,24530,2-s2.0-85073743509
24535,24536,2-s2.0-85073674490
24536,24537,2-s2.0-85073661324
24537,24538,2-s2.0-85073661057
24541,24542,2-s2.0-85073659104
24542,24543,2-s2.0-85073655558
24548,24549,2-s2.0-85073571227
24552,24553,2-s2.0-85073497606
24555,24556,2-s2.0-85073442711
24557,24558,2-s2.0-85073408384
24560,24561,2-s2.0-85073365888
24561,24562,2-s2.0-85073364738
24562,24563,2-s2.0-85073362952
24568,24569,2-s2.0-85073340901
24571,24572,2-s2.0-85073322525
24572,24573,2-s2.0-85073317023
24573,24574,2-s2.0-85073286937
24574,24575,2-s2.0-85073277577
24575,24576,2-s2.0-85073238893
24576,24577,2-s2.0-85073169505
24577,24578,2-s2.0-85073164031
24579,24580,2-s2.0-85073155861
24580,24581,2-s2.0-85073148487
24581,24582,2-s2.0-85073107415
24582,24583,2-s2.0-85073105642
24583,24584,2-s2.0-85073096072
24584,24585,2-s2.0-85073077179
24586,24587,2-s2.0-85073051005
24589,24590,2-s2.0-85073017146
24592,24593,2-s2.0-85072998707
24594,24595,2-s2.0-85072978183
24595,24596,2-s2.0-85072960459
24596,24597,2-s2.0-85072941944
24606,24607,2-s2.0-85072835833
24608,24609,2-s2.0-85072809453
24611,24612,2-s2.0-85072806409
24612,24613,2-s2.0-85072805598
24613,24614,2-s2.0-85072800610
24616,24617,2-s2.0-85072796369
24617,24618,2-s2.0-85072794888
24618,24619,2-s2.0-85072757640
24619,24620,2-s2.0-85072751736
24622,24623,2-s2.0-85072733255
24624,24625,2-s2.0-85072685619
24627,24628,2-s2.0-85072629489
24629,24630,2-s2.0-85072522210
24630,24631,2-s2.0-85072520195
24633,24634,2-s2.0-85072341657
24636,24637,2-s2.0-85072318561
24637,24638,2-s2.0-85072318397
24640,24641,2-s2.0-85072294842
24642,24643,2-s2.0-85072025000
24644,24645,2-s2.0-85071930104
24647,24648,2-s2.0-85071782562
24648,24649,2-s2.0-85071744201
24650,24651,2-s2.0-85071730378
24651,24652,2-s2.0-85071722956
24657,24658,2-s2.0-85071559281
24660,24661,2-s2.0-85071507373
24662,24663,2-s2.0-85071499127
24663,24664,2-s2.0-85071487090
24665,24666,2-s2.0-85071482888
24670,24671,2-s2.0-85071430878
24675,24676,2-s2.0-85071377709
24676,24677,2-s2.0-85071371773
24680,24681,2-s2.0-85071356814
24682,24683,2-s2.0-85071280723
24683,24684,2-s2.0-85071280360
24687,24688,2-s2.0-85071185227
24688,24689,2-s2.0-85071160243
24689,24690,2-s2.0-85071130181
24691,24692,2-s2.0-85071096708
24693,24694,2-s2.0-85071047876
24695,24696,2-s2.0-85071022063
24696,24697,2-s2.0-85070962389
24697,24698,2-s2.0-85070937822
24698,24699,2-s2.0-85070931778
24699,24700,2-s2.0-85070925202
24700,24701,2-s2.0-85070920333
24704,24705,2-s2.0-85070903710
24707,24708,2-s2.0-85070878194
24711,24712,2-s2.0-85070856967
24713,24714,2-s2.0-85070839585
24715,24716,2-s2.0-85070830984
24716,24717,2-s2.0-85070826275
24717,24718,2-s2.0-85070814565
24718,24719,2-s2.0-85070813270
24719,24720,2-s2.0-85070809962
24720,24721,2-s2.0-85070808669
24722,24723,2-s2.0-85070798260
24725,24726,2-s2.0-85070722549
24727,24728,2-s2.0-85070702556
24728,24729,2-s2.0-85070701412
24730,24731,2-s2.0-85070670518
24731,24732,2-s2.0-85070651049
24732,24733,2-s2.0-85070587768
24734,24735,2-s2.0-85070577746
24735,24736,2-s2.0-85070540327
24736,24737,2-s2.0-85070537036
24737,24738,2-s2.0-85070530508
24738,24739,2-s2.0-85070518941
24739,24740,2-s2.0-85070380597
24741,24742,2-s2.0-85070250976
24743,24744,2-s2.0-85070069582
24744,24745,2-s2.0-85070026532
24745,24746,2-s2.0-85070009946
24747,24748,2-s2.0-85069937692
24748,24749,2-s2.0-85069928117
24749,24750,2-s2.0-85069876279
24750,24751,2-s2.0-85069872556
24753,24754,2-s2.0-85069831314
24756,24757,2-s2.0-85069787080
24759,24760,2-s2.0-85069736050
24760,24761,2-s2.0-85069721482
24764,24765,2-s2.0-85069645950
24767,24768,2-s2.0-85069629273
24771,24772,2-s2.0-85069530132
24772,24773,2-s2.0-85069527151
24779,24780,2-s2.0-85069498394
24780,24781,2-s2.0-85069496372
24782,24783,2-s2.0-85069488578
24788,24789,2-s2.0-85069468268
24789,24790,2-s2.0-85069463405
24792,24793,2-s2.0-85069446940
24794,24795,2-s2.0-85069443258
24796,24797,2-s2.0-85069435080
24797,24798,2-s2.0-85069434407
24798,24799,2-s2.0-85069432652
24800,24801,2-s2.0-85069430660
24805,24806,2-s2.0-85069187459
24807,24808,2-s2.0-85069155308
24808,24809,2-s2.0-85069152603
24811,24812,2-s2.0-85068974261
24816,24817,2-s2.0-85068776663
24820,24821,2-s2.0-85068743500
24821,24822,2-s2.0-85068742216
24828,24829,2-s2.0-85068608954
24829,24830,2-s2.0-85068597860
24831,24832,2-s2.0-85068547327
24832,24833,2-s2.0-85068535249
24833,24834,2-s2.0-85068459531
24839,24840,2-s2.0-85068346785
24840,24841,2-s2.0-85068341169
24842,24843,2-s2.0-85068326556
24848,24849,2-s2.0-85068238879
24849,24850,2-s2.0-85068118379
24850,24851,2-s2.0-85068087935
24852,24853,2-s2.0-85068015541
24853,24854,2-s2.0-85068005405
24854,24855,2-s2.0-85067977186
24862,24863,2-s2.0-85067862022
24864,24865,2-s2.0-85067644931
24865,24866,2-s2.0-85067610110
24866,24867,2-s2.0-85067604571
24871,24872,2-s2.0-85067549395
24872,24873,2-s2.0-85067548016
24876,24877,2-s2.0-85067357829
24877,24878,2-s2.0-85067349551
24878,24879,2-s2.0-85067259698
24880,24881,2-s2.0-85067254666
24884,24885,2-s2.0-85067178074
24886,24887,2-s2.0-85067131719
24889,24890,2-s2.0-85067123107
24891,24892,2-s2.0-85067118377
24894,24895,2-s2.0-85067114758
24898,24899,2-s2.0-85067102576
24902,24903,2-s2.0-85067099844
24903,24904,2-s2.0-85067093933
24904,24905,2-s2.0-85067093230
24906,24907,2-s2.0-85067091552
24908,24909,2-s2.0-85067014060
24909,24910,2-s2.0-85066962305
24910,24911,2-s2.0-85066962276
24911,24912,2-s2.0-85066959837
24914,24915,2-s2.0-85066944279
24916,24917,2-s2.0-85066928280
24917,24918,2-s2.0-85066906070
24918,24919,2-s2.0-85066882396
24919,24920,2-s2.0-85066880073
24921,24922,2-s2.0-85066841877
24923,24924,2-s2.0-85066810844
24925,24926,2-s2.0-85066752499
24926,24927,2-s2.0-85066747240
24928,24929,2-s2.0-85066496071
24929,24930,2-s2.0-85066494272
24931,24932,2-s2.0-85066490563
24934,24935,2-s2.0-85066439180
24936,24937,2-s2.0-85066338495
24938,24939,2-s2.0-85066333034
24942,24943,2-s2.0-85066314662
24946,24947,2-s2.0-85066116177
24947,24948,2-s2.0-85066086649
24951,24952,2-s2.0-85066039748
24953,24954,2-s2.0-85066010019
24954,24955,2-s2.0-85066009808
24957,24958,2-s2.0-85065881967
24958,24959,2-s2.0-85065881154
24960,24961,2-s2.0-85065867117
24963,24964,2-s2.0-85065747545
24964,24965,2-s2.0-85065707989
24965,24966,2-s2.0-85065701543
24969,24970,2-s2.0-85065550296
24970,24971,2-s2.0-85065544393
24971,24972,2-s2.0-85065531744
24974,24975,2-s2.0-85065524794
24975,24976,2-s2.0-85065502718
24977,24978,2-s2.0-85065481566
24978,24979,2-s2.0-85065477006
24980,24981,2-s2.0-85065475753
24981,24982,2-s2.0-85065473045
24986,24987,2-s2.0-85065313660
24987,24988,2-s2.0-85065295521
24989,24990,2-s2.0-85065261002
24992,24993,2-s2.0-85065237626
24993,24994,2-s2.0-85065234415
24994,24995,2-s2.0-85065233166
24995,24996,2-s2.0-85065231370
24996,24997,2-s2.0-85065225519
24998,24999,2-s2.0-85065222156
24999,25000,2-s2.0-85065221615
25000,25001,2-s2.0-85065215017
25002,25003,2-s2.0-85065120419
25003,25004,2-s2.0-85065106091
25005,25006,2-s2.0-85065081409
25007,25008,2-s2.0-85065080235
25010,25011,2-s2.0-85065035570
25011,25012,2-s2.0-85065024317
25012,25013,2-s2.0-85065015879
25013,25014,2-s2.0-85064991863
25014,25015,2-s2.0-85064947538
25022,25023,2-s2.0-85064652989
25023,25024,2-s2.0-85064650160
25026,25027,2-s2.0-85064617429
25028,25029,2-s2.0-85064562958
25035,25036,2-s2.0-85064250524
25037,25038,2-s2.0-85064162381
25038,25039,2-s2.0-85064135419
25039,25040,2-s2.0-85064096524
25040,25041,2-s2.0-85064061967
25041,25042,2-s2.0-85064049285
25042,25043,2-s2.0-85063940728
25043,25044,2-s2.0-85063911812
25044,25045,2-s2.0-85063906323
25045,25046,2-s2.0-85063901652
25046,25047,2-s2.0-85063886977
25047,25048,2-s2.0-85063867011
25049,25050,2-s2.0-85063791582
25053,25054,2-s2.0-85063728427
25055,25056,2-s2.0-85063696788
25057,25058,2-s2.0-85063673119
25058,25059,2-s2.0-85063669660
25060,25061,2-s2.0-85063614395
25066,25067,2-s2.0-85063288244
25069,25070,2-s2.0-85063271425
25072,25073,2-s2.0-85063129513
25077,25078,2-s2.0-85063011077
25078,25079,2-s2.0-85062960450
25084,25085,2-s2.0-85062388744
25085,25086,2-s2.0-85062330493
25086,25087,2-s2.0-85062299151
25087,25088,2-s2.0-85062208207
25090,25091,2-s2.0-85062078304
25092,25093,2-s2.0-85061996989
25096,25097,2-s2.0-85061553727
25098,25099,2-s2.0-85061508993
25099,25100,2-s2.0-85061480785
25100,25101,2-s2.0-85061387574
25102,25103,2-s2.0-85061367148
25105,25106,2-s2.0-85060893069
25106,25107,2-s2.0-85060695789
25109,25110,2-s2.0-85060610099
25110,25111,2-s2.0-85060550708
25112,25113,2-s2.0-85060385274
25113,25114,2-s2.0-85060019395
25115,25116,2-s2.0-85059812010
25118,25119,2-s2.0-85059694440
25124,25125,2-s2.0-85059175368
25126,25127,2-s2.0-85059156482
25127,25128,2-s2.0-85059111467
25130,25131,2-s2.0-85058612415
25133,25134,2-s2.0-85057836530
25140,25141,2-s2.0-85057072597
25142,25143,2-s2.0-85056644144
25145,25146,2-s2.0-85055978153
25146,25147,2-s2.0-85055976314
25147,25148,2-s2.0-85055950421
25148,25149,2-s2.0-85055948312
25150,25151,2-s2.0-85055102677
25152,25153,2-s2.0-85054770990
25153,25154,2-s2.0-85054597158
25155,25156,2-s2.0-85054424975
25156,25157,2-s2.0-85054404458
25158,25159,2-s2.0-85054304061
25160,25161,2-s2.0-85054262854
25161,25162,2-s2.0-85054177287
25162,25163,2-s2.0-85054037251
25163,25164,2-s2.0-85053931693
25164,25165,2-s2.0-85053848740
25166,25167,2-s2.0-85053497351
25167,25168,2-s2.0-85053488671
25168,25169,2-s2.0-85053425436
25169,25170,2-s2.0-85052304012
25171,25172,2-s2.0-85050644514
25172,25173,2-s2.0-85050633568
25173,25174,2-s2.0-85050623326
25176,25177,2-s2.0-85049626832
25177,25178,2-s2.0-85049515407
25178,25179,2-s2.0-85048643757
25180,25181,2-s2.0-85047668145
25181,25182,2-s2.0-85047464977
25184,25185,2-s2.0-85046704207
25189,25190,2-s2.0-85044635403
25191,25192,2-s2.0-85043687351
25192,25193,2-s2.0-85042883688
25195,25196,2-s2.0-85038418249
25202,25203,2-s2.0-105013701646
25203,25204,2-s2.0-105009821943
25206,25207,2-s2.0-105009788427
25211,25212,2-s2.0-105004327985
25212,25213,2-s2.0-105000383963
25214,25215,2-s2.0-85122112060
25218,25219,2-s2.0-85095133770
25224,25225,2-s2.0-85061485380
25225,25226,2-s2.0-85061333975
25226,25227,2-s2.0-85061328864
25228,25229,2-s2.0-85061314225
25233,25234,2-s2.0-85062776804
25235,25236,2-s2.0-85060890196
25237,25238,2-s2.0-85060868539
25238,25239,2-s2.0-85060866140
25239,25240,2-s2.0-85060855693
25240,25241,2-s2.0-85060591418
25243,25244,2-s2.0-85060992611
25256,25257,2-s2.0-85060301441
25257,25258,2-s2.0-85060291494
25261,25262,2-s2.0-85060272746
25264,25265,2-s2.0-85058792478
25265,25266,2-s2.0-85058672618
25267,25268,2-s2.0-85069786361
25274,25275,2-s2.0-85058288953
25275,25276,2-s2.0-85060647491
25279,25280,2-s2.0-85058337139
25282,25283,2-s2.0-85058303590
25285,25286,2-s2.0-85058265875
25287,25288,2-s2.0-85197471894
25289,25290,2-s2.0-85092491018
25290,25291,2-s2.0-85084850194
25292,25293,2-s2.0-85074848382
25296,25297,2-s2.0-85070401137
25298,25299,2-s2.0-85070350357
25302,25303,2-s2.0-85063730767
25303,25304,2-s2.0-85063031116
25304,25305,2-s2.0-85062729474
25306,25307,2-s2.0-85061860078
25309,25310,2-s2.0-85061198025
25313,25314,2-s2.0-85061181832
25316,25317,2-s2.0-85060870887
25320,25321,2-s2.0-85059349017
25325,25326,2-s2.0-85058669878
25328,25329,2-s2.0-85058511404
25329,25330,2-s2.0-85057983360
25330,25331,2-s2.0-85057845890
25332,25333,2-s2.0-85057519139
25337,25338,2-s2.0-85056659680
25340,25341,2-s2.0-85056620120
25341,25342,2-s2.0-85056605882
25342,25343,2-s2.0-85056604633
25344,25345,2-s2.0-85056467486
25345,25346,2-s2.0-85056130246
25351,25352,2-s2.0-85055858338
25355,25356,2-s2.0-85055823817
25356,25357,2-s2.0-85055810196
25357,25358,2-s2.0-85055803471
25358,25359,2-s2.0-85055769265
25359,25360,2-s2.0-85055657424
25360,25361,2-s2.0-85055540695
25361,25362,2-s2.0-85055484366
25363,25364,2-s2.0-85055076606
25364,25365,2-s2.0-85055075069
25365,25366,2-s2.0-85054654088
25367,25368,2-s2.0-85053686388
25370,25371,2-s2.0-85052453485
25372,25373,2-s2.0-85051998925
25374,25375,2-s2.0-85051769024
25378,25379,2-s2.0-85051621875
25380,25381,2-s2.0-85049557702
25381,25382,2-s2.0-85049432356
25384,25385,2-s2.0-85048564999
25391,25392,2-s2.0-85045093437
25392,25393,2-s2.0-85044501642
25394,25395,2-s2.0-85044278602
25395,25396,2-s2.0-85042178183
25396,25397,2-s2.0-85042133348
25398,25399,2-s2.0-85041528189
25401,25402,2-s2.0-85034587707
25402,25403,2-s2.0-85034259137
25405,25406,2-s2.0-85030103535
25407,25408,2-s2.0-85024409089
25408,25409,2-s2.0-85017500792
25409,25410,2-s2.0-85017209361
25410,25411,2-s2.0-85006380014
25411,25412,2-s2.0-85060212765
25415,25416,2-s2.0-85059981393
25416,25417,2-s2.0-85058634926
25418,25419,2-s2.0-85059132023
25419,25420,2-s2.0-85058990509
25421,25422,2-s2.0-85060063602
25422,25423,2-s2.0-85060060292
25423,25424,2-s2.0-85060044328
25425,25426,2-s2.0-85060039748
25427,25428,2-s2.0-85060027560
25430,25431,2-s2.0-85060010719
25431,25432,2-s2.0-85060006842
25432,25433,2-s2.0-85055190217
25433,25434,2-s2.0-85094191635
25434,25435,2-s2.0-85055083735
25436,25437,2-s2.0-85052126067
25440,25441,2-s2.0-85029475488
25442,25443,2-s2.0-85059442005
25443,25444,2-s2.0-85089830535
25447,25448,2-s2.0-85059030121
25448,25449,2-s2.0-85059011081
25453,25454,2-s2.0-85058507610
25455,25456,2-s2.0-85058613475
25456,25457,2-s2.0-85056098458
25457,25458,2-s2.0-85061252983
25463,25464,2-s2.0-85053498343
25470,25471,2-s2.0-85010972353
25471,25472,2-s2.0-85105055863
25474,25475,2-s2.0-85071572916
25475,25476,2-s2.0-85070529385
25477,25478,2-s2.0-85063790356
25481,25482,2-s2.0-85063189986
25482,25483,2-s2.0-85061665318
25483,25484,2-s2.0-85061635938
25487,25488,2-s2.0-85059553546
25488,25489,2-s2.0-85059017447
25489,25490,2-s2.0-85058975991
25491,25492,2-s2.0-85058945497
25492,25493,2-s2.0-85058928993
25493,25494,2-s2.0-85058768644
25494,25495,2-s2.0-85058675828
25498,25499,2-s2.0-85058058697
25504,25505,2-s2.0-85056628488
25507,25508,2-s2.0-85055867465
25508,25509,2-s2.0-85055795639
25509,25510,2-s2.0-85055729108
25512,25513,2-s2.0-85055096715
25517,25518,2-s2.0-85054644997
25518,25519,2-s2.0-85054634887
25524,25525,2-s2.0-85054077100
25527,25528,2-s2.0-85053541191
25529,25530,2-s2.0-85050544077
25530,25531,2-s2.0-85050314078
25532,25533,2-s2.0-85049858637
25535,25536,2-s2.0-85048319290
25537,25538,2-s2.0-85047920512
25539,25540,2-s2.0-85046800508
25540,25541,2-s2.0-85046483877
25545,25546,2-s2.0-85044726593
25547,25548,2-s2.0-85042417058
25549,25550,2-s2.0-85029597392
25554,25555,2-s2.0-85064638436
25555,25556,2-s2.0-85057357840
25557,25558,2-s2.0-85057535434
25559,25560,2-s2.0-85057046189
25560,25561,2-s2.0-85057328982
25561,25562,2-s2.0-85057160528
25562,25563,2-s2.0-85057110042
25563,25564,2-s2.0-85058554515
25569,25570,2-s2.0-85042906933
25572,25573,2-s2.0-85050694832
25577,25578,2-s2.0-85055350995
25578,25579,2-s2.0-85055337543
25579,25580,2-s2.0-85055336854
25580,25581,2-s2.0-85055336593
25582,25583,2-s2.0-85055331219
25583,25584,2-s2.0-85055330759
25584,25585,2-s2.0-85055329603
25585,25586,2-s2.0-85055322178
25586,25587,2-s2.0-85055321283
25589,25590,2-s2.0-85055319696
25590,25591,2-s2.0-85055318444
25592,25593,2-s2.0-85055316725
25593,25594,2-s2.0-85055315111
25597,25598,2-s2.0-85058343554
25601,25602,2-s2.0-85096908842
25608,25609,2-s2.0-85041237791
25612,25613,2-s2.0-85060084455
25615,25616,2-s2.0-85056848964
25616,25617,2-s2.0-85055731605
25617,25618,2-s2.0-85055120426
25619,25620,2-s2.0-85053375318
25621,25622,2-s2.0-85041101879
25624,25625,2-s2.0-85085212337
25625,25626,2-s2.0-85084028029
25626,25627,2-s2.0-85078909621
25627,25628,2-s2.0-85071109076
25630,25631,2-s2.0-85071039486
25631,25632,2-s2.0-85070814299
25634,25635,2-s2.0-85061930561
25635,25636,2-s2.0-85061910134
25636,25637,2-s2.0-85061844776
25639,25640,2-s2.0-85061379989
25642,25643,2-s2.0-85060820472
25643,25644,2-s2.0-85059940538
25644,25645,2-s2.0-85058809558
25645,25646,2-s2.0-85058653193
25647,25648,2-s2.0-85058055595
25652,25653,2-s2.0-85056176292
25653,25654,2-s2.0-85055859288
25654,25655,2-s2.0-85055830310
25657,25658,2-s2.0-85055281454
25658,25659,2-s2.0-85055273955
25663,25664,2-s2.0-85054496004
25666,25667,2-s2.0-85054028150
25667,25668,2-s2.0-85053678883
25670,25671,2-s2.0-85053077353
25673,25674,2-s2.0-85052089296
25676,25677,2-s2.0-85051381000
25680,25681,2-s2.0-85050075090
25681,25682,2-s2.0-85048722166
25682,25683,2-s2.0-85048530207
25684,25685,2-s2.0-85045839739
25686,25687,2-s2.0-85035795076
25687,25688,2-s2.0-85035780837
25688,25689,2-s2.0-85034606801
25690,25691,2-s2.0-85010790158
25691,25692,2-s2.0-105002986348
25697,25698,2-s2.0-85054104059
25698,25699,2-s2.0-85059834815
25700,25701,2-s2.0-85054183008
25702,25703,2-s2.0-85055592543
25703,25704,2-s2.0-85055580195
25705,25706,2-s2.0-85055530491
25707,25708,2-s2.0-85055472147
25710,25711,2-s2.0-85055447805
25711,25712,2-s2.0-85055447606
25712,25713,2-s2.0-85055444349
25715,25716,2-s2.0-85055440503
25717,25718,2-s2.0-85055434242
25718,25719,2-s2.0-85055433190
25719,25720,2-s2.0-85055429492
25721,25722,2-s2.0-85055422564
25722,25723,2-s2.0-85055421696
25723,25724,2-s2.0-85055419149
25729,25730,2-s2.0-85058192295
25730,25731,2-s2.0-85058160738
25732,25733,2-s2.0-85049572903
25734,25735,2-s2.0-85053145095
25739,25740,2-s2.0-85049651591
25741,25742,2-s2.0-85041595040
25743,25744,2-s2.0-85038127167
25744,25745,2-s2.0-85027197639
25745,25746,2-s2.0-85061273043
25746,25747,2-s2.0-85061259384
25748,25749,2-s2.0-85057300661
25751,25752,2-s2.0-85055478688
25753,25754,2-s2.0-85049654911
25755,25756,2-s2.0-85046433412
25758,25759,2-s2.0-85087133446
25759,25760,2-s2.0-85079703353
25760,25761,2-s2.0-85069459674
25762,25763,2-s2.0-85063812787
25764,25765,2-s2.0-85063794013
25769,25770,2-s2.0-85060809419
25770,25771,2-s2.0-85060792988
25773,25774,2-s2.0-85059560073
25779,25780,2-s2.0-85056445549
25781,25782,2-s2.0-85055747792
25782,25783,2-s2.0-85055478124
25784,25785,2-s2.0-85054841045
25786,25787,2-s2.0-85054494898
25789,25790,2-s2.0-85054384009
25792,25793,2-s2.0-85054374514
25793,25794,2-s2.0-85054346720
25795,25796,2-s2.0-85054025947
25796,25797,2-s2.0-85053894186
25797,25798,2-s2.0-85053848957
25803,25804,2-s2.0-85053594381
25804,25805,2-s2.0-85053338413
25805,25806,2-s2.0-85053243362
25806,25807,2-s2.0-85053230050
25808,25809,2-s2.0-85053208933
25809,25810,2-s2.0-85053200189
25810,25811,2-s2.0-85053196704
25811,25812,2-s2.0-85053186078
25815,25816,2-s2.0-85052650618
25817,25818,2-s2.0-85052318629
25818,25819,2-s2.0-85051971353
25820,25821,2-s2.0-85051270705
25821,25822,2-s2.0-85051250804
25822,25823,2-s2.0-85051065252
25823,25824,2-s2.0-85050759637
25825,25826,2-s2.0-85050216142
25826,25827,2-s2.0-85049870247
25828,25829,2-s2.0-85049613398
25829,25830,2-s2.0-85049596409
25831,25832,2-s2.0-85048953221
25833,25834,2-s2.0-85048801370
25834,25835,2-s2.0-85048052344
25837,25838,2-s2.0-85047072206
25839,25840,2-s2.0-85046677183
25840,25841,2-s2.0-85046085719
25841,25842,2-s2.0-85045075830
25842,25843,2-s2.0-85044394462
25843,25844,2-s2.0-85043368418
25852,25853,2-s2.0-85026635871
25854,25855,2-s2.0-85021088901
25855,25856,2-s2.0-85020504425
25857,25858,2-s2.0-85019543963
25858,25859,2-s2.0-85006508374
25859,25860,2-s2.0-85053917643
25860,25861,2-s2.0-85053866112
25863,25864,2-s2.0-85055742277
25864,25865,2-s2.0-85053893723
25868,25869,2-s2.0-85058879773
25869,25870,2-s2.0-85058877206
25872,25873,2-s2.0-85053464727
25873,25874,2-s2.0-85052245862
25877,25878,2-s2.0-85048034151
25878,25879,2-s2.0-85041132981
25880,25881,2-s2.0-85053152712
25881,25882,2-s2.0-85063249366
25882,25883,2-s2.0-85063249160
25885,25886,2-s2.0-85063248957
25886,25887,2-s2.0-85063248712
25890,25891,2-s2.0-85063248283
25891,25892,2-s2.0-85063248255
25894,25895,2-s2.0-85063248104
25899,25900,2-s2.0-85063247375
25903,25904,2-s2.0-85051535473
25905,25906,2-s2.0-85051527163
25909,25910,2-s2.0-85064344117
25911,25912,2-s2.0-85052499370
25914,25915,2-s2.0-85052491255
25915,25916,2-s2.0-85052399299
25916,25917,2-s2.0-85046676904
25917,25918,2-s2.0-85054899119
25918,25919,2-s2.0-85054833278
25920,25921,2-s2.0-85054801513
25922,25923,2-s2.0-85040962392
25923,25924,2-s2.0-85029453632
25924,25925,2-s2.0-85027515387
25925,25926,2-s2.0-85096777989
25926,25927,2-s2.0-85051292570
25927,25928,2-s2.0-85101703069
25928,25929,2-s2.0-85061696691
25932,25933,2-s2.0-85053705348
25933,25934,2-s2.0-85052311018
25934,25935,2-s2.0-85051546436
25935,25936,2-s2.0-85051534200
25939,25940,2-s2.0-85051145701
25941,25942,2-s2.0-85051139821
25943,25944,2-s2.0-85051124872
25946,25947,2-s2.0-85051106949
25950,25951,2-s2.0-85050199637
25954,25955,2-s2.0-85049471900
25955,25956,2-s2.0-85049464087
25956,25957,2-s2.0-85049445660
25957,25958,2-s2.0-85049443601
25961,25962,2-s2.0-85049419860
25962,25963,2-s2.0-85048925887
25963,25964,2-s2.0-85048575881
25965,25966,2-s2.0-85047813373
25968,25969,2-s2.0-85046751488
25969,25970,2-s2.0-85046170980
25970,25971,2-s2.0-85044783850
25972,25973,2-s2.0-85044002869
25973,25974,2-s2.0-85043689407
25975,25976,2-s2.0-85042265986
25978,25979,2-s2.0-85051185997
25979,25980,2-s2.0-85053650166
25980,25981,2-s2.0-85050605083
25981,25982,2-s2.0-85049914026
25982,25983,2-s2.0-85096685112
25983,25984,2-s2.0-85096638193
25984,25985,2-s2.0-85096636989
25987,25988,2-s2.0-85059231727
25988,25989,2-s2.0-85059227966
25989,25990,2-s2.0-85051496464
25992,25993,2-s2.0-85083472759
25993,25994,2-s2.0-85063239088
25994,25995,2-s2.0-85063238720
25998,25999,2-s2.0-85118387789
26000,26001,2-s2.0-85064103285
26004,26005,2-s2.0-105012172585
26005,26006,2-s2.0-85062639554
26009,26010,2-s2.0-85048822650
26019,26020,2-s2.0-85031418761
26021,26022,2-s2.0-85016204755
26022,26023,2-s2.0-84981502667
26025,26026,2-s2.0-85049069766
26028,26029,2-s2.0-85048504413
26030,26031,2-s2.0-85046646970
26032,26033,2-s2.0-85044716391
26033,26034,2-s2.0-85043333588
26034,26035,2-s2.0-85041538381
26035,26036,2-s2.0-85038004626
26036,26037,2-s2.0-85035331122
26037,26038,2-s2.0-85028570088
26039,26040,2-s2.0-85067051450
26044,26045,2-s2.0-85065543563
26049,26050,2-s2.0-85064161294
26050,26051,2-s2.0-85063591390
26052,26053,2-s2.0-85063545061
26054,26055,2-s2.0-85063542148
26055,26056,2-s2.0-85063541079
26056,26057,2-s2.0-85063540235
26057,26058,2-s2.0-85063534012
26060,26061,2-s2.0-85063521241
26062,26063,2-s2.0-85063513238
26064,26065,2-s2.0-85063488794
26065,26066,2-s2.0-85063487411
26067,26068,2-s2.0-85063474978
26070,26071,2-s2.0-85063463908
26077,26078,2-s2.0-85063232298
26078,26079,2-s2.0-85062891125
26081,26082,2-s2.0-85062865324
26086,26087,2-s2.0-85062726584
26090,26091,2-s2.0-85062718513
26092,26093,2-s2.0-85062709919
26093,26094,2-s2.0-85062345857
26097,26098,2-s2.0-85062106704
26098,26099,2-s2.0-85062098144
26101,26102,2-s2.0-85062084217
26104,26105,2-s2.0-85062074535
26106,26107,2-s2.0-85062056270
26109,26110,2-s2.0-85052019603
26110,26111,2-s2.0-85052012237
26116,26117,2-s2.0-85067578689
26125,26126,2-s2.0-85061370424
26126,26127,2-s2.0-85060814768
26128,26129,2-s2.0-85059574290
26129,26130,2-s2.0-85059564733
26130,26131,2-s2.0-85057314566
26131,26132,2-s2.0-85057035376
26132,26133,2-s2.0-85053552928
26133,26134,2-s2.0-85053350826
26134,26135,2-s2.0-85052818484
26135,26136,2-s2.0-85052811311
26136,26137,2-s2.0-85052798511
26138,26139,2-s2.0-85051998839
26140,26141,2-s2.0-85050894400
26142,26143,2-s2.0-85050803472
26144,26145,2-s2.0-85050488275
26146,26147,2-s2.0-85049905169
26150,26151,2-s2.0-85048989109
26151,26152,2-s2.0-85048934349
26152,26153,2-s2.0-85048926227
26153,26154,2-s2.0-85048760829
26154,26155,2-s2.0-85048638949
26158,26159,2-s2.0-85047762531
26160,26161,2-s2.0-85047258075
26165,26166,2-s2.0-85046116033
26166,26167,2-s2.0-85046099233
26167,26168,2-s2.0-85045273937
26169,26170,2-s2.0-85045231987
26171,26172,2-s2.0-85044788797
26172,26173,2-s2.0-85044668072
26173,26174,2-s2.0-85044453707
26177,26178,2-s2.0-85040784901
26179,26180,2-s2.0-85037815837
26180,26181,2-s2.0-85033381654
26181,26182,2-s2.0-85019615849
26186,26187,2-s2.0-85050249696
26188,26189,2-s2.0-85049803112
26189,26190,2-s2.0-85049799547
26190,26191,2-s2.0-85049786952
26191,26192,2-s2.0-85049778785
26192,26193,2-s2.0-85050188107
26193,26194,2-s2.0-85049917075
26197,26198,2-s2.0-85049888341
26199,26200,2-s2.0-85051561747
26203,26204,2-s2.0-85051235128
26204,26205,2-s2.0-85051234714
26205,26206,2-s2.0-85051233953
26206,26207,2-s2.0-85051232579
26208,26209,2-s2.0-85051230164
26213,26214,2-s2.0-85051216817
26215,26216,2-s2.0-85051211287
26216,26217,2-s2.0-85051205286
26217,26218,2-s2.0-85051204882
26218,26219,2-s2.0-85051204168
26219,26220,2-s2.0-85051196427
26220,26221,2-s2.0-85051194836
26221,26222,2-s2.0-85051193989
26222,26223,2-s2.0-85051192792
26223,26224,2-s2.0-85051192097
26228,26229,2-s2.0-85051184807
26230,26231,2-s2.0-85051183637
26231,26232,2-s2.0-85051183392
26232,26233,2-s2.0-85051181220
26233,26234,2-s2.0-85051180713
26235,26236,2-s2.0-85051177610
26237,26238,2-s2.0-85051170739
26239,26240,2-s2.0-85051169076
26245,26246,2-s2.0-85049558010
26246,26247,2-s2.0-85053426066
26247,26248,2-s2.0-85051569424
26249,26250,2-s2.0-85051540794
26250,26251,2-s2.0-85051497609
26252,26253,2-s2.0-85050113795
26255,26256,2-s2.0-85053694031
26256,26257,2-s2.0-85053677149
26258,26259,2-s2.0-85049584194
26260,26261,2-s2.0-85075848510
26262,26263,2-s2.0-85048896989
26263,26264,2-s2.0-85048892613
26264,26265,2-s2.0-85048876108
26265,26266,2-s2.0-85048872558
26266,26267,2-s2.0-85048872320
26268,26269,2-s2.0-85048863151
26270,26271,2-s2.0-85048858347
26272,26273,2-s2.0-85058595321
26275,26276,2-s2.0-85049987211
26277,26278,2-s2.0-85046663313
26280,26281,2-s2.0-85048070025
26283,26284,2-s2.0-85052502023
26286,26287,2-s2.0-85103480627
26287,26288,2-s2.0-85090610952
26288,26289,2-s2.0-85077025058
26289,26290,2-s2.0-85064744742
26290,26291,2-s2.0-85064743912
26292,26293,2-s2.0-85063186795
26296,26297,2-s2.0-85061209772
26297,26298,2-s2.0-85061206790
26300,26301,2-s2.0-85061191859
26307,26308,2-s2.0-85058791284
26308,26309,2-s2.0-85058719630
26309,26310,2-s2.0-85056418145
26311,26312,2-s2.0-85054414300
26312,26313,2-s2.0-85052871726
26313,26314,2-s2.0-85052783404
26314,26315,2-s2.0-85052521458
26316,26317,2-s2.0-85051651802
26317,26318,2-s2.0-85051123631
26318,26319,2-s2.0-85050820584
26319,26320,2-s2.0-85050633406
26320,26321,2-s2.0-85049611123
26321,26322,2-s2.0-85049410209
26322,26323,2-s2.0-85049187995
26324,26325,2-s2.0-85048708422
26325,26326,2-s2.0-85048707533
26330,26331,2-s2.0-85048056576
26333,26334,2-s2.0-85047523646
26334,26335,2-s2.0-85047142049
26335,26336,2-s2.0-85046907092
26337,26338,2-s2.0-85046636825
26338,26339,2-s2.0-85046070887
26339,26340,2-s2.0-85046016406
26340,26341,2-s2.0-85045769379
26344,26345,2-s2.0-85044580701
26346,26347,2-s2.0-85044293218
26347,26348,2-s2.0-85044276208
26354,26355,2-s2.0-85041917304
26355,26356,2-s2.0-85041624289
26359,26360,2-s2.0-85040769704
26360,26361,2-s2.0-85040570716
26362,26363,2-s2.0-85038082197
26367,26368,2-s2.0-85019564391
26369,26370,2-s2.0-85014933873
26374,26375,2-s2.0-84999006508
26375,26376,2-s2.0-84991665903
26377,26378,2-s2.0-84988965260
26378,26379,2-s2.0-84984923487
26379,26380,2-s2.0-85054043609
26381,26382,2-s2.0-85051187281
26385,26386,2-s2.0-85025442921
26386,26387,2-s2.0-85021435809
26387,26388,2-s2.0-85020234169
26389,26390,2-s2.0-85054851168
26390,26391,2-s2.0-85054827507
26393,26394,2-s2.0-85048139744
26394,26395,2-s2.0-85048138587
26397,26398,2-s2.0-85048123786
26399,26400,2-s2.0-85048120595
26400,26401,2-s2.0-85048117016
26404,26405,2-s2.0-85048112156
26405,26406,2-s2.0-85048108894
26407,26408,2-s2.0-85048107710
26408,26409,2-s2.0-85048104833
26409,26410,2-s2.0-85048104577
26411,26412,2-s2.0-85048103045
26414,26415,2-s2.0-85048098709
26415,26416,2-s2.0-85048097951
26418,26419,2-s2.0-85048090024
26419,26420,2-s2.0-85048089874
26422,26423,2-s2.0-85048079318
26425,26426,2-s2.0-85048072195
26427,26428,2-s2.0-85048069726
26428,26429,2-s2.0-85048065068
26430,26431,2-s2.0-85068097940
26431,26432,2-s2.0-85047597811
26434,26435,2-s2.0-85033372081
26436,26437,2-s2.0-85031495957
26438,26439,2-s2.0-85048061595
26441,26442,2-s2.0-85048059879
26442,26443,2-s2.0-85048059600
26445,26446,2-s2.0-85048057922
26446,26447,2-s2.0-85048057587
26447,26448,2-s2.0-85048057300
26452,26453,2-s2.0-85048050319
26455,26456,2-s2.0-85048048532
26456,26457,2-s2.0-85048046586
26458,26459,2-s2.0-85048046139
26459,26460,2-s2.0-85048044568
26462,26463,2-s2.0-85048040285
26463,26464,2-s2.0-85048037210
26464,26465,2-s2.0-85048036418
26466,26467,2-s2.0-85048035823
26468,26469,2-s2.0-85048034868
26469,26470,2-s2.0-85048034435
26470,26471,2-s2.0-85048034413
26472,26473,2-s2.0-85048033563
26474,26475,2-s2.0-105007878940
26475,26476,2-s2.0-85046993867
26477,26478,2-s2.0-85048898251
26480,26481,2-s2.0-85049299457
26481,26482,2-s2.0-85048376864
26483,26484,2-s2.0-85046732078
26484,26485,2-s2.0-85046875611
26485,26486,2-s2.0-85046730137
26486,26487,2-s2.0-85046726312
26487,26488,2-s2.0-85092058220
26491,26492,2-s2.0-85049621929
26493,26494,2-s2.0-85049473030
26495,26496,2-s2.0-85049470921
26496,26497,2-s2.0-85049133872
26497,26498,2-s2.0-85048759400
26499,26500,2-s2.0-85047966614
26500,26501,2-s2.0-85047939533
26501,26502,2-s2.0-85041819812
26502,26503,2-s2.0-85041632477
26503,26504,2-s2.0-85038629389
26509,26510,2-s2.0-85042929857
26510,26511,2-s2.0-85053651220
26512,26513,2-s2.0-85104305737
26514,26515,2-s2.0-85090787391
26516,26517,2-s2.0-85074427367
26517,26518,2-s2.0-85067783399
26519,26520,2-s2.0-85063727291
26520,26521,2-s2.0-85063726548
26524,26525,2-s2.0-85059572137
26528,26529,2-s2.0-85047877510
26531,26532,2-s2.0-85047547242
26532,26533,2-s2.0-85047460844
26534,26535,2-s2.0-85047363119
26536,26537,2-s2.0-85047306820
26539,26540,2-s2.0-85046662153
26540,26541,2-s2.0-85046123884
26542,26543,2-s2.0-85045769655
26543,26544,2-s2.0-85045619969
26545,26546,2-s2.0-85044738191
26547,26548,2-s2.0-85042422886
26549,26550,2-s2.0-85042210481
26550,26551,2-s2.0-85041509903
26551,26552,2-s2.0-85041506291
26552,26553,2-s2.0-85041483467
26553,26554,2-s2.0-85040536215
26555,26556,2-s2.0-85039710405
26556,26557,2-s2.0-85033473273
26559,26560,2-s2.0-85017128719
26560,26561,2-s2.0-85046334625
26563,26564,2-s2.0-85096792438
26565,26566,2-s2.0-85096771956
26566,26567,2-s2.0-85096768490
26567,26568,2-s2.0-85096755142
26572,26573,2-s2.0-85078745867
26573,26574,2-s2.0-85076378580
26575,26576,2-s2.0-85051221688
26576,26577,2-s2.0-85047442535
26577,26578,2-s2.0-85047425940
26578,26579,2-s2.0-85047412467
26579,26580,2-s2.0-85047406333
26581,26582,2-s2.0-85050378607
26582,26583,2-s2.0-85048717908
26583,26584,2-s2.0-85048711917
26584,26585,2-s2.0-85047774155
26585,26586,2-s2.0-85047771046
26586,26587,2-s2.0-85047766076
26587,26588,2-s2.0-85047757625
26588,26589,2-s2.0-85047749706
26590,26591,2-s2.0-85047737727
26591,26592,2-s2.0-85047736291
26593,26594,2-s2.0-85049683439
26595,26596,2-s2.0-85066473140
26603,26604,2-s2.0-85046958791
26604,26605,2-s2.0-85046336105
26605,26606,2-s2.0-85048137662
26607,26608,2-s2.0-85048123194
26610,26611,2-s2.0-85048114197
26612,26613,2-s2.0-85048108090
26617,26618,2-s2.0-85048085640
26620,26621,2-s2.0-85046271703
26626,26627,2-s2.0-85046744391
26627,26628,2-s2.0-85046602057
26628,26629,2-s2.0-85045693332
26631,26632,2-s2.0-85045680419
26634,26635,2-s2.0-85045676167
26641,26642,2-s2.0-85045656719
26643,26644,2-s2.0-85045653562
26644,26645,2-s2.0-85045653223
26649,26650,2-s2.0-85045635830
26650,26651,2-s2.0-85045634583
26653,26654,2-s2.0-85045627035
26655,26656,2-s2.0-85045624088
26657,26658,2-s2.0-85048733481
26658,26659,2-s2.0-85051425528
26661,26662,2-s2.0-85045478915
26664,26665,2-s2.0-85044964626
26665,26666,2-s2.0-85044310462
26666,26667,2-s2.0-85043496833
26669,26670,2-s2.0-85042914046
26670,26671,2-s2.0-85042228180
26673,26674,2-s2.0-85038103373
26676,26677,2-s2.0-85029905263
26678,26679,2-s2.0-85028539220
26680,26681,2-s2.0-85028532412
26681,26682,2-s2.0-85026859332
26682,26683,2-s2.0-85007388578
26685,26686,2-s2.0-85138718120
26686,26687,2-s2.0-85084976119
26688,26689,2-s2.0-85069518042
26690,26691,2-s2.0-85068710835
26692,26693,2-s2.0-85061378088
26694,26695,2-s2.0-85060810739
26695,26696,2-s2.0-85060803372
26697,26698,2-s2.0-85056422916
26699,26700,2-s2.0-85050508921
26703,26704,2-s2.0-85049647538
26704,26705,2-s2.0-85049626752
26723,26724,2-s2.0-85041123842
26726,26727,2-s2.0-85027863479
26728,26729,2-s2.0-85021242392
26731,26732,2-s2.0-85011565750
26732,26733,2-s2.0-85009477594
26734,26735,2-s2.0-84990925775
26737,26738,2-s2.0-84970046727
26744,26745,2-s2.0-85044581026
26745,26746,2-s2.0-85048427923
26747,26748,2-s2.0-85045745203
26749,26750,2-s2.0-85044325562
26750,26751,2-s2.0-85026879659
26753,26754,2-s2.0-85045832854
26754,26755,2-s2.0-85046816269
26756,26757,2-s2.0-85019112113
26763,26764,2-s2.0-85044017140
26764,26765,2-s2.0-85045918416
26765,26766,2-s2.0-85045914669
26766,26767,2-s2.0-85045886928
26767,26768,2-s2.0-85045876389
26768,26769,2-s2.0-85043330847
26770,26771,2-s2.0-85045443764
26772,26773,2-s2.0-85032796795
26775,26776,2-s2.0-84999648440
26776,26777,2-s2.0-84987619484
26777,26778,2-s2.0-84976901301
26780,26781,2-s2.0-85048380387
26783,26784,2-s2.0-85046610804
26787,26788,2-s2.0-85091180121
26788,26789,2-s2.0-85087815246
26789,26790,2-s2.0-85074955272
26790,26791,2-s2.0-85073033775
26791,26792,2-s2.0-85064918280
26792,26793,2-s2.0-85063747017
26793,26794,2-s2.0-85063742719
26796,26797,2-s2.0-85061716321
26797,26798,2-s2.0-85061210179
26798,26799,2-s2.0-85061204347
26802,26803,2-s2.0-85056734349
26804,26805,2-s2.0-85056413824
26805,26806,2-s2.0-85056378847
26807,26808,2-s2.0-85050386067
26816,26817,2-s2.0-85048254125
26817,26818,2-s2.0-85046824921
26818,26819,2-s2.0-85046810242
26820,26821,2-s2.0-85046777367
26821,26822,2-s2.0-85046754998
26822,26823,2-s2.0-85046753595
26823,26824,2-s2.0-85046016783
26825,26826,2-s2.0-85045889932
26826,26827,2-s2.0-85045532174
26827,26828,2-s2.0-85045217823
26830,26831,2-s2.0-85043784585
26833,26834,2-s2.0-85042696873
26835,26836,2-s2.0-85042160177
26838,26839,2-s2.0-85041855094
26844,26845,2-s2.0-85041711993
26845,26846,2-s2.0-85041707291
26852,26853,2-s2.0-85040081307
26853,26854,2-s2.0-85039416745
26858,26859,2-s2.0-85037719992
26863,26864,2-s2.0-85033662762
26864,26865,2-s2.0-85033596951
26871,26872,2-s2.0-85014699896
26873,26874,2-s2.0-84992756713
26874,26875,2-s2.0-84988419470
26875,26876,2-s2.0-85050956122
26876,26877,2-s2.0-85050951952
26877,26878,2-s2.0-85050950845
26878,26879,2-s2.0-85050945566
26880,26881,2-s2.0-85050945154
26881,26882,2-s2.0-85050937293
26882,26883,2-s2.0-85050933359
26884,26885,2-s2.0-85050931143
26886,26887,2-s2.0-85050926374
26887,26888,2-s2.0-85050921569
26892,26893,2-s2.0-85050917249
26894,26895,2-s2.0-85050911230
26895,26896,2-s2.0-85050909101
26896,26897,2-s2.0-85050906732
26897,26898,2-s2.0-85050906681
26898,26899,2-s2.0-85043988057
26900,26901,2-s2.0-85047466398
26904,26905,2-s2.0-85046105858
26908,26909,2-s2.0-85046095500
26909,26910,2-s2.0-85046091724
26910,26911,2-s2.0-85046091236
26911,26912,2-s2.0-85046085358
26912,26913,2-s2.0-85046082010
26915,26916,2-s2.0-85046071523
26921,26922,2-s2.0-85044425010
26924,26925,2-s2.0-85042333093
26926,26927,2-s2.0-85042331980
26928,26929,2-s2.0-85042329136
26929,26930,2-s2.0-85042328585
26932,26933,2-s2.0-85042323175
26934,26935,2-s2.0-85042320396
26935,26936,2-s2.0-85042319948
26942,26943,2-s2.0-85042300845
26948,26949,2-s2.0-85042279479
26950,26951,2-s2.0-85042276439
26952,26953,2-s2.0-85042272209
26953,26954,2-s2.0-85042271612
26957,26958,2-s2.0-85042260934
26959,26960,2-s2.0-85042258495
26961,26962,2-s2.0-85042255714
26963,26964,2-s2.0-85039904500
26964,26965,2-s2.0-85029699968
26965,26966,2-s2.0-85028572072
26967,26968,2-s2.0-85042147235
26971,26972,2-s2.0-85044166530
26972,26973,2-s2.0-85046744565
26975,26976,2-s2.0-85042140599
26977,26978,2-s2.0-85042133871
26978,26979,2-s2.0-85042129356
26979,26980,2-s2.0-85042128929
26981,26982,2-s2.0-85042126805
26982,26983,2-s2.0-85042120273
26983,26984,2-s2.0-85042113102
26988,26989,2-s2.0-85042093843
26989,26990,2-s2.0-85042090047
26991,26992,2-s2.0-85042086626
26992,26993,2-s2.0-85042082487
26995,26996,2-s2.0-85042067812
26997,26998,2-s2.0-85075796184
26999,27000,2-s2.0-85054318107
27002,27003,2-s2.0-85048749612
27003,27004,2-s2.0-85047667382
27005,27006,2-s2.0-85044623763
27006,27007,2-s2.0-85044527946
27007,27008,2-s2.0-85044325953
27009,27010,2-s2.0-85043603359
27014,27015,2-s2.0-85042379315
27016,27017,2-s2.0-85042163913
27020,27021,2-s2.0-85040831434
27021,27022,2-s2.0-85040706346
27023,27024,2-s2.0-85040117101
27024,27025,2-s2.0-85039863471
27025,27026,2-s2.0-85038887587
27027,27028,2-s2.0-85037629399
27030,27031,2-s2.0-85034096983
27031,27032,2-s2.0-85034087814
27033,27034,2-s2.0-85031496156
27034,27035,2-s2.0-85031015035
27040,27041,2-s2.0-85023617338
27042,27043,2-s2.0-85018805845
27044,27045,2-s2.0-85010737682
27045,27046,2-s2.0-85008156865
27046,27047,2-s2.0-84994339400
27047,27048,2-s2.0-84994201635
27052,27053,2-s2.0-85041181177
27054,27055,2-s2.0-85041677336
27055,27056,2-s2.0-85041650688
27056,27057,2-s2.0-85041647400
27057,27058,2-s2.0-85040935411
27058,27059,2-s2.0-85034638744
27059,27060,2-s2.0-85045794043
27061,27062,2-s2.0-85040863704
27063,27064,2-s2.0-85040962704
27064,27065,2-s2.0-85055630769
27067,27068,2-s2.0-85055700954
27073,27074,2-s2.0-85041011678
27074,27075,2-s2.0-85041009458
27075,27076,2-s2.0-85040997244
27077,27078,2-s2.0-85040993223
27079,27080,2-s2.0-85040981476
27083,27084,2-s2.0-85040977750
27087,27088,2-s2.0-85040966723
27090,27091,2-s2.0-105007593034
27092,27093,2-s2.0-85054786471
27093,27094,2-s2.0-85047270764
27097,27098,2-s2.0-85040980597
27100,27101,2-s2.0-85040970503
27101,27102,2-s2.0-85040963886
27104,27105,2-s2.0-85049928890
27105,27106,2-s2.0-85048283016
27113,27114,2-s2.0-85041351006
27114,27115,2-s2.0-85041331286
27115,27116,2-s2.0-85041230163
27116,27117,2-s2.0-85041211056
27118,27119,2-s2.0-85038555931
27119,27120,2-s2.0-85038373795
27120,27121,2-s2.0-85038024471
27121,27122,2-s2.0-85037977298
27123,27124,2-s2.0-85034261438
27124,27125,2-s2.0-85033798428
27125,27126,2-s2.0-85033728181
27127,27128,2-s2.0-85028557531
27128,27129,2-s2.0-85021424328
27130,27131,2-s2.0-85021160507
27133,27134,2-s2.0-85019031195
27134,27135,2-s2.0-85018952739
27138,27139,2-s2.0-85013073195
27141,27142,2-s2.0-84983339210
27142,27143,2-s2.0-84961200568
27143,27144,2-s2.0-85218779390
27152,27153,2-s2.0-85150542991
27153,27154,2-s2.0-85149578692
27154,27155,2-s2.0-85149567003
27155,27156,2-s2.0-85149559604
27158,27159,2-s2.0-85146612380
27160,27161,2-s2.0-85146556031
27161,27162,2-s2.0-85146550632
27163,27164,2-s2.0-85145753035
27164,27165,2-s2.0-85145415614
27165,27166,2-s2.0-85144366068
27168,27169,2-s2.0-85141575213
27170,27171,2-s2.0-85140693295
27171,27172,2-s2.0-85140176182
27172,27173,2-s2.0-85140105075
27173,27174,2-s2.0-85139660626
27176,27177,2-s2.0-85139553663
27177,27178,2-s2.0-85139360287
27179,27180,2-s2.0-85137315576
27183,27184,2-s2.0-85135595951
27184,27185,2-s2.0-85135569186
27185,27186,2-s2.0-85131996182
27193,27194,2-s2.0-85112317477
27194,27195,2-s2.0-85108761369
27195,27196,2-s2.0-85107706196
27196,27197,2-s2.0-85107705203
27197,27198,2-s2.0-85105732206
27198,27199,2-s2.0-85102874721
27199,27200,2-s2.0-85102176693
27204,27205,2-s2.0-85097992195
27207,27208,2-s2.0-85097977909
27209,27210,2-s2.0-85096270390
27210,27211,2-s2.0-85094897182
27212,27213,2-s2.0-85092350411
27214,27215,2-s2.0-85091238132
27217,27218,2-s2.0-85089642944
27218,27219,2-s2.0-85089469572
27219,27220,2-s2.0-85088711219
27220,27221,2-s2.0-85088275439
27224,27225,2-s2.0-85087847752
27229,27230,2-s2.0-85086188991
27230,27231,2-s2.0-85085622706
27231,27232,2-s2.0-85085465655
27232,27233,2-s2.0-85085463201
27233,27234,2-s2.0-85085457546
27235,27236,2-s2.0-85085431346
27236,27237,2-s2.0-85085428277
27238,27239,2-s2.0-85085417906
27240,27241,2-s2.0-85084016874
27241,27242,2-s2.0-85084014069
27243,27244,2-s2.0-85083501346
27244,27245,2-s2.0-85083277727
27246,27247,2-s2.0-85082914368
27247,27248,2-s2.0-85082726596
27248,27249,2-s2.0-85082606121
27249,27250,2-s2.0-85082594613
27251,27252,2-s2.0-85082573887
27252,27253,2-s2.0-85082527419
27255,27256,2-s2.0-85082478378
27256,27257,2-s2.0-85082406804
27258,27259,2-s2.0-85082335766
27260,27261,2-s2.0-85082286079
27262,27263,2-s2.0-85081414763
27263,27264,2-s2.0-85080900895
27266,27267,2-s2.0-85078786965
27267,27268,2-s2.0-85078714749
27269,27270,2-s2.0-85078454032
27271,27272,2-s2.0-85077344080
27273,27274,2-s2.0-85076012728
27276,27277,2-s2.0-85074801899
27282,27283,2-s2.0-85072732894
27284,27285,2-s2.0-85072631328
27285,27286,2-s2.0-85072521354
27287,27288,2-s2.0-85072122288
27288,27289,2-s2.0-85071882941
27290,27291,2-s2.0-85071702010
27292,27293,2-s2.0-85071624519
27293,27294,2-s2.0-85071599432
27297,27298,2-s2.0-85071363000
27299,27300,2-s2.0-85070997345
27300,27301,2-s2.0-85070830558
27302,27303,2-s2.0-85069936546
27304,27305,2-s2.0-85069486507
27305,27306,2-s2.0-85069470597
27306,27307,2-s2.0-85069431660
27307,27308,2-s2.0-85069370888
27309,27310,2-s2.0-85069172863
27315,27316,2-s2.0-85068818608
27318,27319,2-s2.0-85068096098
27324,27325,2-s2.0-85067809071
27326,27327,2-s2.0-85067690067
27328,27329,2-s2.0-85067271053
27331,27332,2-s2.0-85066961509
27332,27333,2-s2.0-85066837706
27333,27334,2-s2.0-85066507440
27335,27336,2-s2.0-85066489651
27336,27337,2-s2.0-85066471962
27337,27338,2-s2.0-85066291079
27339,27340,2-s2.0-85066144101
27340,27341,2-s2.0-85066141675
27342,27343,2-s2.0-85065553520
27343,27344,2-s2.0-85065343303
27345,27346,2-s2.0-85065339560
27347,27348,2-s2.0-85065326513
27349,27350,2-s2.0-85065319290
27350,27351,2-s2.0-85065315389
27351,27352,2-s2.0-85065315316
27353,27354,2-s2.0-85065310846
27354,27355,2-s2.0-85065308141
27355,27356,2-s2.0-85065304977
27356,27357,2-s2.0-85065304961
27357,27358,2-s2.0-85065304882
27360,27361,2-s2.0-85065297809
27362,27363,2-s2.0-85065290854
27364,27365,2-s2.0-85065287435
27365,27366,2-s2.0-85065256760
27371,27372,2-s2.0-85064671501
27376,27377,2-s2.0-85064622737
27381,27382,2-s2.0-85064373054
27384,27385,2-s2.0-85064130622
27385,27386,2-s2.0-85064125011
27390,27391,2-s2.0-85063756056
27391,27392,2-s2.0-85063646445
27392,27393,2-s2.0-85063641931
27394,27395,2-s2.0-85063640317
27396,27397,2-s2.0-85063635343
27398,27399,2-s2.0-85063629694
27399,27400,2-s2.0-85063621557
27400,27401,2-s2.0-85063618641
27403,27404,2-s2.0-85063608117
27405,27406,2-s2.0-85063605163
27408,27409,2-s2.0-85063530434
27410,27411,2-s2.0-85063498542
27412,27413,2-s2.0-85063457307
27416,27417,2-s2.0-85063421354
27417,27418,2-s2.0-85063419225
27419,27420,2-s2.0-85063355577
27421,27422,2-s2.0-85063343824
27423,27424,2-s2.0-85063339284
27427,27428,2-s2.0-85063330183
27428,27429,2-s2.0-85063321643
27430,27431,2-s2.0-85063104914
27431,27432,2-s2.0-85063103423
27432,27433,2-s2.0-85062961874
27435,27436,2-s2.0-85062656500
27440,27441,2-s2.0-85062505855
27442,27443,2-s2.0-85062458144
27447,27448,2-s2.0-85062187668
27449,27450,2-s2.0-85062068611
27453,27454,2-s2.0-85061962258
27455,27456,2-s2.0-85061829972
27456,27457,2-s2.0-85061808800
27457,27458,2-s2.0-85061791721
27462,27463,2-s2.0-85061736528
27464,27465,2-s2.0-85061712145
27465,27466,2-s2.0-85061698464
27466,27467,2-s2.0-85061658763
27467,27468,2-s2.0-85061649796
27471,27472,2-s2.0-85061491923
27473,27474,2-s2.0-85061367000
27474,27475,2-s2.0-85061363882
27484,27485,2-s2.0-85061148526
27489,27490,2-s2.0-85061038260
27493,27494,2-s2.0-85060813281
27495,27496,2-s2.0-85060792818
27497,27498,2-s2.0-85060657847
27498,27499,2-s2.0-85060644786
27499,27500,2-s2.0-85060633452
27502,27503,2-s2.0-85060590691
27504,27505,2-s2.0-85060554995
27505,27506,2-s2.0-85060553095
27507,27508,2-s2.0-85060550919
27508,27509,2-s2.0-85060549161
27511,27512,2-s2.0-85060526695
27512,27513,2-s2.0-85060521729
27514,27515,2-s2.0-85060513660
27515,27516,2-s2.0-85060481808
27517,27518,2-s2.0-85060441511
27518,27519,2-s2.0-85060387647
27519,27520,2-s2.0-85060348907
27520,27521,2-s2.0-85060331252
27521,27522,2-s2.0-85060312707
27523,27524,2-s2.0-85060308099
27524,27525,2-s2.0-85060294285
27526,27527,2-s2.0-85060291693
27527,27528,2-s2.0-85060291344
27529,27530,2-s2.0-85060283180
27530,27531,2-s2.0-85060278443
27533,27534,2-s2.0-85060203465
27535,27536,2-s2.0-85060064863
27536,27537,2-s2.0-85060028525
27542,27543,2-s2.0-85059684355
27544,27545,2-s2.0-85059639168
27545,27546,2-s2.0-85059634450
27547,27548,2-s2.0-85059618285
27550,27551,2-s2.0-85059562419
27551,27552,2-s2.0-85059560083
27553,27554,2-s2.0-85059366410
27558,27559,2-s2.0-85059232203
27559,27560,2-s2.0-85059188180
27560,27561,2-s2.0-85059177286
27565,27566,2-s2.0-85058969496
27566,27567,2-s2.0-85058965244
27568,27569,2-s2.0-85058958464
27571,27572,2-s2.0-85058942042
27578,27579,2-s2.0-85058572791
27579,27580,2-s2.0-85058417410
27583,27584,2-s2.0-85058194857
27584,27585,2-s2.0-85058193741
27585,27586,2-s2.0-85058192322
27586,27587,2-s2.0-85058172437
27587,27588,2-s2.0-85058170088
27588,27589,2-s2.0-85058165601
27593,27594,2-s2.0-85058141356
27594,27595,2-s2.0-85058003086
27595,27596,2-s2.0-85057997367
27597,27598,2-s2.0-85057979531
27598,27599,2-s2.0-85057971875
27599,27600,2-s2.0-85057971800
27602,27603,2-s2.0-85057764215
27603,27604,2-s2.0-85057762680
27608,27609,2-s2.0-85057611751
27610,27611,2-s2.0-85057504518
27611,27612,2-s2.0-85057493307
27612,27613,2-s2.0-85057466507
27618,27619,2-s2.0-85057231870
27622,27623,2-s2.0-85057089479
27626,27627,2-s2.0-85056869498
27632,27633,2-s2.0-85056639926
27633,27634,2-s2.0-85056626174
27638,27639,2-s2.0-85056458927
27639,27640,2-s2.0-85056454878
27640,27641,2-s2.0-85056451998
27641,27642,2-s2.0-85056402828
27644,27645,2-s2.0-85056168359
27646,27647,2-s2.0-85056140399
27652,27653,2-s2.0-85056080850
27656,27657,2-s2.0-85055726980
27657,27658,2-s2.0-85055725742
27658,27659,2-s2.0-85055723295
27659,27660,2-s2.0-85055723216
27663,27664,2-s2.0-85055709638
27664,27665,2-s2.0-85055707900
27666,27667,2-s2.0-85055702048
27667,27668,2-s2.0-85055701533
27669,27670,2-s2.0-85055701150
27671,27672,2-s2.0-85055690341
27672,27673,2-s2.0-85055688740
27674,27675,2-s2.0-85055686030
27675,27676,2-s2.0-85055685700
27676,27677,2-s2.0-85055681529
27677,27678,2-s2.0-85055679788
27684,27685,2-s2.0-85055670676
27686,27687,2-s2.0-85055624525
27687,27688,2-s2.0-85055529740
27688,27689,2-s2.0-85055523449
27690,27691,2-s2.0-85055472749
27692,27693,2-s2.0-85055456816
27695,27696,2-s2.0-85055347376
27697,27698,2-s2.0-85055340867
27699,27700,2-s2.0-85055332835
27702,27703,2-s2.0-85055321099
27703,27704,2-s2.0-85055281773
27707,27708,2-s2.0-85054818911
27710,27711,2-s2.0-85054656384
27713,27714,2-s2.0-85054649455
27715,27716,2-s2.0-85054639271
27716,27717,2-s2.0-85054632389
27717,27718,2-s2.0-85054627159
27724,27725,2-s2.0-85054282166
27727,27728,2-s2.0-85054154939
27728,27729,2-s2.0-85054099746
27730,27731,2-s2.0-85053937280
27731,27732,2-s2.0-85053934475
27732,27733,2-s2.0-85053926287
27734,27735,2-s2.0-85053922023
27735,27736,2-s2.0-85053910590
27739,27740,2-s2.0-85053858992
27743,27744,2-s2.0-85053830054
27744,27745,2-s2.0-85053803759
27746,27747,2-s2.0-85053755619
27750,27751,2-s2.0-85053196113
27752,27753,2-s2.0-85053191205
27756,27757,2-s2.0-85053078122
27757,27758,2-s2.0-85052895733
27759,27760,2-s2.0-85052839155
27760,27761,2-s2.0-85052815907
27762,27763,2-s2.0-85052687966
27765,27766,2-s2.0-85052631202
27768,27769,2-s2.0-85052565564
27773,27774,2-s2.0-85051847581
27774,27775,2-s2.0-85051845951
27777,27778,2-s2.0-85051627036
27778,27779,2-s2.0-85051537099
27779,27780,2-s2.0-85051367909
27782,27783,2-s2.0-85051134028
27783,27784,2-s2.0-85051129684
27784,27785,2-s2.0-85051101613
27785,27786,2-s2.0-85051012891
27786,27787,2-s2.0-85050968112
27787,27788,2-s2.0-85050952437
27790,27791,2-s2.0-85050807924
27795,27796,2-s2.0-85050526403
27796,27797,2-s2.0-85050499148
27800,27801,2-s2.0-85050425707
27803,27804,2-s2.0-85050240678
27805,27806,2-s2.0-85050110894
27808,27809,2-s2.0-85049966307
27809,27810,2-s2.0-85049960800
27812,27813,2-s2.0-85049807393
27813,27814,2-s2.0-85049797073
27816,27817,2-s2.0-85049573358
27819,27820,2-s2.0-85049551447
27821,27822,2-s2.0-85049550503
27822,27823,2-s2.0-85049549740
27823,27824,2-s2.0-85049548621
27825,27826,2-s2.0-85049544152
27826,27827,2-s2.0-85049542138
27828,27829,2-s2.0-85049535532
27829,27830,2-s2.0-85049512780
27830,27831,2-s2.0-85049429565
27831,27832,2-s2.0-85049387374
27833,27834,2-s2.0-85049358946
27839,27840,2-s2.0-85048995964
27840,27841,2-s2.0-85048978013
27841,27842,2-s2.0-85048976214
27842,27843,2-s2.0-85048917062
27844,27845,2-s2.0-85048868898
27849,27850,2-s2.0-85048798605
27852,27853,2-s2.0-85048769794
27853,27854,2-s2.0-85048764716
27854,27855,2-s2.0-85048763974
27857,27858,2-s2.0-85048749317
27858,27859,2-s2.0-85048719897
27859,27860,2-s2.0-85048709884
27862,27863,2-s2.0-85048685099
27864,27865,2-s2.0-85048564863
27866,27867,2-s2.0-85048561160
27869,27870,2-s2.0-85048437466
27871,27872,2-s2.0-85048371815
27872,27873,2-s2.0-85048368333
27873,27874,2-s2.0-85048363690
27879,27880,2-s2.0-85048240354
27881,27882,2-s2.0-85048221596
27885,27886,2-s2.0-85047928551
27886,27887,2-s2.0-85047880444
27888,27889,2-s2.0-85047855843
27889,27890,2-s2.0-85047827573
27891,27892,2-s2.0-85047771637
27893,27894,2-s2.0-85047756110
27894,27895,2-s2.0-85047750010
27895,27896,2-s2.0-85047745901
27896,27897,2-s2.0-85047738834
27897,27898,2-s2.0-85047731806
27900,27901,2-s2.0-85047623608
27902,27903,2-s2.0-85047560384
27903,27904,2-s2.0-85047550755
27904,27905,2-s2.0-85047483590
27905,27906,2-s2.0-85047483106
27907,27908,2-s2.0-85047450381
27909,27910,2-s2.0-85047366227
27910,27911,2-s2.0-85047361421
27913,27914,2-s2.0-85047333645
27920,27921,2-s2.0-85046852636
27924,27925,2-s2.0-85046706089
27927,27928,2-s2.0-85046494427
27930,27931,2-s2.0-85046485474
27934,27935,2-s2.0-85046169550
27935,27936,2-s2.0-85046092378
27937,27938,2-s2.0-85046032670
27938,27939,2-s2.0-85046028456
27939,27940,2-s2.0-85045981765
27942,27943,2-s2.0-85045951522
27943,27944,2-s2.0-85045925679
27945,27946,2-s2.0-85045914659
27951,27952,2-s2.0-85045591006
27954,27955,2-s2.0-85045306553
27955,27956,2-s2.0-85045282093
27956,27957,2-s2.0-85045221217
27957,27958,2-s2.0-85045054524
27960,27961,2-s2.0-85044991699
27962,27963,2-s2.0-85044989852
27964,27965,2-s2.0-85044517264
27975,27976,2-s2.0-85043996149
27981,27982,2-s2.0-85042765726
27983,27984,2-s2.0-85042558943
27986,27987,2-s2.0-85042553180
27987,27988,2-s2.0-85042553047
27989,27990,2-s2.0-85042549818
27994,27995,2-s2.0-85042539074
27996,27997,2-s2.0-85042534338
27998,27999,2-s2.0-85042527340
27999,28000,2-s2.0-85042525305
28000,28001,2-s2.0-85042523061
28002,28003,2-s2.0-85042502962
28007,28008,2-s2.0-85042314224
28008,28009,2-s2.0-85042283931
28009,28010,2-s2.0-85042273202
28015,28016,2-s2.0-85042091092
28016,28017,2-s2.0-85042081194
28017,28018,2-s2.0-85042080391
28018,28019,2-s2.0-85042002600
28024,28025,2-s2.0-85041588585
28029,28030,2-s2.0-85041395282
28031,28032,2-s2.0-85041327106
28032,28033,2-s2.0-85041282259
28035,28036,2-s2.0-85041167817
28039,28040,2-s2.0-85041063348
28041,28042,2-s2.0-85040818643
28044,28045,2-s2.0-85040696548
28046,28047,2-s2.0-85040333338
28049,28050,2-s2.0-85040192901
28054,28055,2-s2.0-85040035177
28055,28056,2-s2.0-85040012165
28057,28058,2-s2.0-85039423084
28058,28059,2-s2.0-85038581567
28061,28062,2-s2.0-85037740276
28062,28063,2-s2.0-85037696769
28063,28064,2-s2.0-85037695590
28067,28068,2-s2.0-85035138993
28071,28072,2-s2.0-85035083929
28074,28075,2-s2.0-85035040910
28077,28078,2-s2.0-85034947089
28080,28081,2-s2.0-85033665484
28081,28082,2-s2.0-85032887716
28082,28083,2-s2.0-85032683991
28086,28087,2-s2.0-85030153054
28092,28093,2-s2.0-85029451225
28099,28100,2-s2.0-85026772319
28101,28102,2-s2.0-85025834865
28104,28105,2-s2.0-85022326166
28107,28108,2-s2.0-85022181929
28108,28109,2-s2.0-85022177742
28110,28111,2-s2.0-85021747811
28111,28112,2-s2.0-85021702619
28112,28113,2-s2.0-85021222516
28113,28114,2-s2.0-85020433155
28114,28115,2-s2.0-85019036216
28116,28117,2-s2.0-85013465888
28122,28123,2-s2.0-84991039920
28123,28124,2-s2.0-84990055815
28124,28125,2-s2.0-84987667419
28125,28126,2-s2.0-84981156263
28127,28128,2-s2.0-105013733382
28129,28130,2-s2.0-105013717276
28130,28131,2-s2.0-105013701994
28131,28132,2-s2.0-105011903013
28133,28134,2-s2.0-105011023079
28138,28139,2-s2.0-105011010830
28140,28141,2-s2.0-105011004950
28143,28144,2-s2.0-105010803691
28148,28149,2-s2.0-105010541359
28150,28151,2-s2.0-105010530176
28151,28152,2-s2.0-105010525718
28152,28153,2-s2.0-105010506993
28153,28154,2-s2.0-105010499213
28155,28156,2-s2.0-105010469703
28158,28159,2-s2.0-105010446432
28159,28160,2-s2.0-105010436114
28160,28161,2-s2.0-105010427434
28163,28164,2-s2.0-105010408385
28164,28165,2-s2.0-105009190561
28165,28166,2-s2.0-105009175635
28167,28168,2-s2.0-105009078301
28168,28169,2-s2.0-105009076222
28171,28172,2-s2.0-85040245609
28172,28173,2-s2.0-85046539647
28176,28177,2-s2.0-85046366656
28177,28178,2-s2.0-85038841615
28178,28179,2-s2.0-85040075067
28180,28181,2-s2.0-85043297302
28183,28184,2-s2.0-85043292596
28188,28189,2-s2.0-85043277085
28190,28191,2-s2.0-85043266104
28191,28192,2-s2.0-85043265548
28193,28194,2-s2.0-85043261529
28194,28195,2-s2.0-85043255129
28195,28196,2-s2.0-85043254879
28196,28197,2-s2.0-85043254514
28197,28198,2-s2.0-85043253431
28200,28201,2-s2.0-85043250476
28201,28202,2-s2.0-85043250343
28202,28203,2-s2.0-85043243888
28203,28204,2-s2.0-85043243762
28204,28205,2-s2.0-85043243734
28205,28206,2-s2.0-85043236003
28206,28207,2-s2.0-85043226543
28207,28208,2-s2.0-85042920395
28209,28210,2-s2.0-85001837226
28213,28214,2-s2.0-85046058200
28214,28215,2-s2.0-85041826889
28215,28216,2-s2.0-85037665560
28216,28217,2-s2.0-85037623490
28218,28219,2-s2.0-84959066865
28220,28221,2-s2.0-85075536100
28221,28222,2-s2.0-85073998767
28224,28225,2-s2.0-85060035849
28230,28231,2-s2.0-85057640955
28231,28232,2-s2.0-85057640896
28232,28233,2-s2.0-85057640777
28233,28234,2-s2.0-85057640462
28234,28235,2-s2.0-85057637360
28235,28236,2-s2.0-85055689160
28240,28241,2-s2.0-85050027508
28241,28242,2-s2.0-85049269087
28242,28243,2-s2.0-85049221126
28243,28244,2-s2.0-85049159763
28244,28245,2-s2.0-85049120978
28245,28246,2-s2.0-85048711527
28249,28250,2-s2.0-85046978378
28250,28251,2-s2.0-85046550122
28252,28253,2-s2.0-85045612259
28257,28258,2-s2.0-85042073108
28260,28261,2-s2.0-85041206438
28261,28262,2-s2.0-85041172549
28262,28263,2-s2.0-85040618699
28264,28265,2-s2.0-85040461774
28265,28266,2-s2.0-85040461415
28266,28267,2-s2.0-85040461139
28268,28269,2-s2.0-85040456661
28269,28270,2-s2.0-85039050846
28271,28272,2-s2.0-85038836986
28273,28274,2-s2.0-85038026488
28278,28279,2-s2.0-85037043577
28280,28281,2-s2.0-85037033652
28281,28282,2-s2.0-85037029414
28284,28285,2-s2.0-85034747300
28290,28291,2-s2.0-85033442630
28296,28297,2-s2.0-85032575572
28297,28298,2-s2.0-85032569976
28299,28300,2-s2.0-85031047008
28301,28302,2-s2.0-85029308557
28310,28311,2-s2.0-85026844639
28311,28312,2-s2.0-85026784525
28313,28314,2-s2.0-85025471199
28322,28323,2-s2.0-85018829687
28325,28326,2-s2.0-85017191904
28328,28329,2-s2.0-84980048078
28330,28331,2-s2.0-105002731284
28331,28332,2-s2.0-105002721136
28333,28334,2-s2.0-85042743879
28337,28338,2-s2.0-85044250051
28341,28342,2-s2.0-85037714780
28342,28343,2-s2.0-85032965296
28344,28345,2-s2.0-85021904284
28345,28346,2-s2.0-85042102156
28347,28348,2-s2.0-85041338786
28349,28350,2-s2.0-85038364241
28352,28353,2-s2.0-85017601920
28353,28354,2-s2.0-85046061056
28361,28362,2-s2.0-85040553078
28362,28363,2-s2.0-85038827758
28366,28367,2-s2.0-85040578845
28367,28368,2-s2.0-85040511752
28370,28371,2-s2.0-84962085853
28371,28372,2-s2.0-85050601098
28372,28373,2-s2.0-85054248273
28374,28375,2-s2.0-85043242965
28377,28378,2-s2.0-85040767987
28380,28381,2-s2.0-85040026295
28382,28383,2-s2.0-85039947834
28383,28384,2-s2.0-85039937107
28388,28389,2-s2.0-85017424178
28389,28390,2-s2.0-85015158522
28391,28392,2-s2.0-84996490624
28392,28393,2-s2.0-84984674622
28393,28394,2-s2.0-84980047624
28398,28399,2-s2.0-85057640850
28399,28400,2-s2.0-85049194203
28402,28403,2-s2.0-85044436218
28403,28404,2-s2.0-85043475523
28405,28406,2-s2.0-85043225328
28406,28407,2-s2.0-85041471415
28407,28408,2-s2.0-85040860192
28408,28409,2-s2.0-85040222197
28409,28410,2-s2.0-85037538987
28410,28411,2-s2.0-85036583198
28411,28412,2-s2.0-85036536163
28414,28415,2-s2.0-85035770600
28415,28416,2-s2.0-85035240307
28416,28417,2-s2.0-85035199525
28417,28418,2-s2.0-85035198631
28418,28419,2-s2.0-85035194059
28419,28420,2-s2.0-85035192289
28420,28421,2-s2.0-85035048472
28421,28422,2-s2.0-85035041602
28424,28425,2-s2.0-85035009527
28425,28426,2-s2.0-85034949309
28426,28427,2-s2.0-85034629547
28432,28433,2-s2.0-85033501572
28433,28434,2-s2.0-85033215894
28434,28435,2-s2.0-85032927461
28435,28436,2-s2.0-85032727464
28436,28437,2-s2.0-85032710008
28437,28438,2-s2.0-85032669046
28440,28441,2-s2.0-85031695540
28442,28443,2-s2.0-85031426818
28443,28444,2-s2.0-85031423249
28445,28446,2-s2.0-85031405055
28446,28447,2-s2.0-85031403685
28447,28448,2-s2.0-85031398477
28451,28452,2-s2.0-85030108909
28455,28456,2-s2.0-85026869893
28458,28459,2-s2.0-85024490901
28460,28461,2-s2.0-85021808413
28463,28464,2-s2.0-85020532043
28464,28465,2-s2.0-85020409336
28465,28466,2-s2.0-85020096031
28466,28467,2-s2.0-85020086744
28467,28468,2-s2.0-85018926369
28468,28469,2-s2.0-85014156416
28472,28473,2-s2.0-105012051952
28473,28474,2-s2.0-105012051874
28477,28478,2-s2.0-105012050479
28480,28481,2-s2.0-105012046390
28481,28482,2-s2.0-105012045148
28483,28484,2-s2.0-105012043789
28488,28489,2-s2.0-85041439048
28489,28490,2-s2.0-85041433599
28491,28492,2-s2.0-85034586966
28495,28496,2-s2.0-85063713689
28502,28503,2-s2.0-85040105702
28503,28504,2-s2.0-85040103970
28504,28505,2-s2.0-85044625369
28507,28508,2-s2.0-85007564370
28508,28509,2-s2.0-85041451475
28510,28511,2-s2.0-85038424721
28511,28512,2-s2.0-85038420003
28513,28514,2-s2.0-85078355598
28516,28517,2-s2.0-85024388805
28518,28519,2-s2.0-85014664940
28521,28522,2-s2.0-85039922132
28525,28526,2-s2.0-85038577874
28527,28528,2-s2.0-85040195997
28529,28530,2-s2.0-85037053625
28530,28531,2-s2.0-85031790836
28536,28537,2-s2.0-85037068948
28539,28540,2-s2.0-85132300815
28542,28543,2-s2.0-85015797992
28545,28546,2-s2.0-85052067137
28546,28547,2-s2.0-85045137411
28547,28548,2-s2.0-85042707280
28548,28549,2-s2.0-85038020986
28549,28550,2-s2.0-85035109349
28550,28551,2-s2.0-85033803903
28551,28552,2-s2.0-85033802665
28553,28554,2-s2.0-85033375787
28555,28556,2-s2.0-85032655156
28558,28559,2-s2.0-85029878781
28560,28561,2-s2.0-85029646180
28561,28562,2-s2.0-85029448201
28562,28563,2-s2.0-85027845629
28563,28564,2-s2.0-85027190562
28565,28566,2-s2.0-85012277235
28566,28567,2-s2.0-85010972010
28567,28568,2-s2.0-85009291804
28568,28569,2-s2.0-85009289865
28569,28570,2-s2.0-84994166952
28573,28574,2-s2.0-85073172391
28574,28575,2-s2.0-85070608459
28575,28576,2-s2.0-85065246807
28577,28578,2-s2.0-85057638991
28578,28579,2-s2.0-85057638202
28580,28581,2-s2.0-85051361203
28582,28583,2-s2.0-85043398335
28583,28584,2-s2.0-85043391189
28585,28586,2-s2.0-85042588846
28587,28588,2-s2.0-85037705687
28588,28589,2-s2.0-85037028831
28590,28591,2-s2.0-85033231892
28595,28596,2-s2.0-85030457611
28597,28598,2-s2.0-85029928696
28598,28599,2-s2.0-85029921372
28599,28600,2-s2.0-85029917931
28602,28603,2-s2.0-85029576556
28603,28604,2-s2.0-85029510840
28604,28605,2-s2.0-85029228761
28606,28607,2-s2.0-85029218301
28607,28608,2-s2.0-85028023677
28610,28611,2-s2.0-85027989625
28613,28614,2-s2.0-85026912582
28614,28615,2-s2.0-85026515545
28615,28616,2-s2.0-85026508686
28617,28618,2-s2.0-85025164293
28618,28619,2-s2.0-85025127990
28623,28624,2-s2.0-85015659440
28625,28626,2-s2.0-85005846641
28626,28627,2-s2.0-84992382802
28628,28629,2-s2.0-84969786552
28633,28634,2-s2.0-85032386803
28637,28638,2-s2.0-85032384696
28638,28639,2-s2.0-85032384399
28640,28641,2-s2.0-85032382392
28641,28642,2-s2.0-85032382221
28645,28646,2-s2.0-85032378139
28647,28648,2-s2.0-85032376521
28649,28650,2-s2.0-85032374211
28650,28651,2-s2.0-85032373606
28652,28653,2-s2.0-85032370691
28654,28655,2-s2.0-85032368908
28655,28656,2-s2.0-85032367236
28658,28659,2-s2.0-85032362843
28659,28660,2-s2.0-85032361658
28662,28663,2-s2.0-85032349295
28664,28665,2-s2.0-85032346868
28665,28666,2-s2.0-85032345464
28670,28671,2-s2.0-85032337184
28671,28672,2-s2.0-85032335962
28673,28674,2-s2.0-85032335102
28675,28676,2-s2.0-85032331489
28677,28678,2-s2.0-85032331390
28678,28679,2-s2.0-85032331086
28681,28682,2-s2.0-85033719968
28688,28689,2-s2.0-85033461318
28691,28692,2-s2.0-85030173377
28692,28693,2-s2.0-85044925515
28699,28700,2-s2.0-85057073459
28700,28701,2-s2.0-85032264727
28701,28702,2-s2.0-85002198986
28702,28703,2-s2.0-84976274873
28706,28707,2-s2.0-85106770873
28708,28709,2-s2.0-85052225198
28710,28711,2-s2.0-85032862062
28712,28713,2-s2.0-85036546984
28714,28715,2-s2.0-85070008556
28715,28716,2-s2.0-85030330238
28719,28720,2-s2.0-84984893622
28720,28721,2-s2.0-84958550729
28721,28722,2-s2.0-85027893571
28722,28723,2-s2.0-85020090881
28723,28724,2-s2.0-85018288139
28724,28725,2-s2.0-85016069119
28726,28727,2-s2.0-85057640434
28728,28729,2-s2.0-85045650305
28729,28730,2-s2.0-85045626531
28732,28733,2-s2.0-85036643995
28736,28737,2-s2.0-85031034399
28738,28739,2-s2.0-85030682054
28743,28744,2-s2.0-85029742597
28746,28747,2-s2.0-85029118691
28749,28750,2-s2.0-85028705620
28754,28755,2-s2.0-85027398036
28755,28756,2-s2.0-85027332858
28756,28757,2-s2.0-85027314800
28758,28759,2-s2.0-85027137056
28759,28760,2-s2.0-85027069236
28760,28761,2-s2.0-85026885804
28761,28762,2-s2.0-85026868492
28764,28765,2-s2.0-85021937261
28765,28766,2-s2.0-85020891954
28766,28767,2-s2.0-85020119843
28769,28770,2-s2.0-85018324762
28770,28771,2-s2.0-85018317736
28771,28772,2-s2.0-85017431436
28773,28774,2-s2.0-85014516401
28775,28776,2-s2.0-85010214420
28776,28777,2-s2.0-85007256287
28778,28779,2-s2.0-84995402598
28779,28780,2-s2.0-84978646288
28783,28784,2-s2.0-84956986022
28788,28789,2-s2.0-85035023547
28789,28790,2-s2.0-85030323562
28792,28793,2-s2.0-85014605272
28797,28798,2-s2.0-85040003237
28799,28800,2-s2.0-85030774190
28800,28801,2-s2.0-85030755599
28801,28802,2-s2.0-85030183838
28803,28804,2-s2.0-85030150845
28804,28805,2-s2.0-85028630396
28805,28806,2-s2.0-85029368931
28806,28807,2-s2.0-85035815752
28807,28808,2-s2.0-85035815628
28811,28812,2-s2.0-85035750109
28812,28813,2-s2.0-85028365558
28815,28816,2-s2.0-85206907311
28817,28818,2-s2.0-85034647493
28818,28819,2-s2.0-85034442367
28821,28822,2-s2.0-85027036508
28822,28823,2-s2.0-85018436488
28824,28825,2-s2.0-84959205315
28825,28826,2-s2.0-85078769726
28828,28829,2-s2.0-85028346214
28830,28831,2-s2.0-85028333925
28832,28833,2-s2.0-85028321708
28833,28834,2-s2.0-85028316372
28834,28835,2-s2.0-85028309641
28839,28840,2-s2.0-85030251977
28842,28843,2-s2.0-85030235740
28844,28845,2-s2.0-85030220758
28845,28846,2-s2.0-85029906204
28846,28847,2-s2.0-85062684234
28847,28848,2-s2.0-85044427076
28848,28849,2-s2.0-85041820981
28849,28850,2-s2.0-85035333988
28854,28855,2-s2.0-85030780912
28856,28857,2-s2.0-85030776879
28858,28859,2-s2.0-85030774434
28859,28860,2-s2.0-85030768608
28864,28865,2-s2.0-85028611801
28865,28866,2-s2.0-85028598804
28869,28870,2-s2.0-85027980602
28870,28871,2-s2.0-85026910369
28872,28873,2-s2.0-85026233930
28875,28876,2-s2.0-85025462281
28877,28878,2-s2.0-85025432424
28880,28881,2-s2.0-85024093149
28882,28883,2-s2.0-85021743195
28883,28884,2-s2.0-85020738889
28884,28885,2-s2.0-85019468334
28886,28887,2-s2.0-85017662061
28892,28893,2-s2.0-85014644050
28897,28898,2-s2.0-84983363414
28899,28900,2-s2.0-84955607869
28902,28903,2-s2.0-85034272433
28907,28908,2-s2.0-85026197513
28908,28909,2-s2.0-85026257950
28910,28911,2-s2.0-85026626085
28912,28913,2-s2.0-85030315892
28913,28914,2-s2.0-85029357025
28915,28916,2-s2.0-85028939922
28916,28917,2-s2.0-85027893233
28921,28922,2-s2.0-85054301172
28922,28923,2-s2.0-85048140815
28925,28926,2-s2.0-85024362280
28927,28928,2-s2.0-85072333833
28928,28929,2-s2.0-85051237379
28929,28930,2-s2.0-85041470760
28932,28933,2-s2.0-85014580798
28933,28934,2-s2.0-85012066446
28934,28935,2-s2.0-85007506913
28935,28936,2-s2.0-85007323375
28938,28939,2-s2.0-84987680085
28941,28942,2-s2.0-85053878501
28942,28943,2-s2.0-85029942643
28945,28946,2-s2.0-85025085515
28948,28949,2-s2.0-85021993896
28949,28950,2-s2.0-85020526452
28950,28951,2-s2.0-85020263419
28952,28953,2-s2.0-85010637687
28954,28955,2-s2.0-84994682249
28955,28956,2-s2.0-84988311349
28957,28958,2-s2.0-85172750662
28958,28959,2-s2.0-85051050213
28960,28961,2-s2.0-85050660877
28963,28964,2-s2.0-85050355646
28968,28969,2-s2.0-85172746740
28969,28970,2-s2.0-85172634751
28971,28972,2-s2.0-85123968158
28972,28973,2-s2.0-85064441907
28976,28977,2-s2.0-85049535891
28977,28978,2-s2.0-85049480997
28978,28979,2-s2.0-85048866519
28979,28980,2-s2.0-85047777566
28980,28981,2-s2.0-85047275198
28982,28983,2-s2.0-85047262827
28983,28984,2-s2.0-85047200276
28986,28987,2-s2.0-85046294383
28987,28988,2-s2.0-85045182016
28988,28989,2-s2.0-85044997211
28990,28991,2-s2.0-85039777877
28992,28993,2-s2.0-85036545511
28996,28997,2-s2.0-85033730179
28998,28999,2-s2.0-85031785251
28999,29000,2-s2.0-85031774263
29001,29002,2-s2.0-85030845804
29003,29004,2-s2.0-85030572115
29004,29005,2-s2.0-85030096514
29008,29009,2-s2.0-85026748596
29009,29010,2-s2.0-85025709777
29013,29014,2-s2.0-85023202556
29014,29015,2-s2.0-85021709556
29015,29016,2-s2.0-85021700277
29016,29017,2-s2.0-85021385106
29019,29020,2-s2.0-85021163391
29020,29021,2-s2.0-85021068961
29022,29023,2-s2.0-85020869247
29025,29026,2-s2.0-85020403092
29027,29028,2-s2.0-85019576376
29030,29031,2-s2.0-85017450201
29034,29035,2-s2.0-85011663015
29035,29036,2-s2.0-85009815234
29037,29038,2-s2.0-84992694909
29040,29041,2-s2.0-84969921342
29043,29044,2-s2.0-85026877932
29049,29050,2-s2.0-85044501614
29051,29052,2-s2.0-85031029349
29052,29053,2-s2.0-85031012890
29055,29056,2-s2.0-85029491637
29058,29059,2-s2.0-85021363841
29067,29068,2-s2.0-85026290558
29070,29071,2-s2.0-85030572248
29071,29072,2-s2.0-85030572177
29072,29073,2-s2.0-85030571873
29074,29075,2-s2.0-85030571358
29077,29078,2-s2.0-85030570861
29078,29079,2-s2.0-85030570353
29079,29080,2-s2.0-85030570278
29081,29082,2-s2.0-85030569361
29083,29084,2-s2.0-85030568351
29084,29085,2-s2.0-85030568323
29085,29086,2-s2.0-85030568153
29087,29088,2-s2.0-85030567937
29088,29089,2-s2.0-85030567861
29090,29091,2-s2.0-85030567773
29096,29097,2-s2.0-85030566836
29105,29106,2-s2.0-85030564416
29107,29108,2-s2.0-85030563966
29110,29111,2-s2.0-85030563763
29111,29112,2-s2.0-85030563081
29113,29114,2-s2.0-85030562644
29115,29116,2-s2.0-85030562263
29116,29117,2-s2.0-85030562085
29117,29118,2-s2.0-85030561973
29118,29119,2-s2.0-85030561843
29120,29121,2-s2.0-85030561097
29123,29124,2-s2.0-85030560210
29125,29126,2-s2.0-85030559705
29126,29127,2-s2.0-85030559396
29128,29129,2-s2.0-85030559001
29129,29130,2-s2.0-85030558821
29130,29131,2-s2.0-85030558733
29134,29135,2-s2.0-85030557877
29137,29138,2-s2.0-85030556534
29138,29139,2-s2.0-85030556159
29140,29141,2-s2.0-85030555857
29143,29144,2-s2.0-85030554383
29146,29147,2-s2.0-85030553353
29147,29148,2-s2.0-85030553306
29148,29149,2-s2.0-85030553095
29149,29150,2-s2.0-85030553008
29152,29153,2-s2.0-85030552203
29153,29154,2-s2.0-85030551612
29155,29156,2-s2.0-85030550969
29156,29157,2-s2.0-85030550880
29159,29160,2-s2.0-85030550365
29162,29163,2-s2.0-85030550164
29163,29164,2-s2.0-85030550156
29165,29166,2-s2.0-85030549811
29166,29167,2-s2.0-85030549678
29167,29168,2-s2.0-85030549504
29172,29173,2-s2.0-85030548782
29173,29174,2-s2.0-85030548618
29175,29176,2-s2.0-85030548452
29179,29180,2-s2.0-85030548082
29181,29182,2-s2.0-85030547772
29183,29184,2-s2.0-85030547465
29184,29185,2-s2.0-85030547220
29188,29189,2-s2.0-85030546616
29190,29191,2-s2.0-85030546375
29192,29193,2-s2.0-85030546263
29194,29195,2-s2.0-85030546146
29196,29197,2-s2.0-85030545962
29198,29199,2-s2.0-85030545056
29200,29201,2-s2.0-85030544957
29202,29203,2-s2.0-85030543407
29203,29204,2-s2.0-85030543342
29204,29205,2-s2.0-85030541977
29206,29207,2-s2.0-85030541602
29207,29208,2-s2.0-85030541234
29209,29210,2-s2.0-85030541113
29211,29212,2-s2.0-85030540363
29212,29213,2-s2.0-85030540282
29215,29216,2-s2.0-85030539965
29216,29217,2-s2.0-85030539928
29218,29219,2-s2.0-85030539720
29219,29220,2-s2.0-85030539535
29220,29221,2-s2.0-85030539073
29223,29224,2-s2.0-85030538433
29224,29225,2-s2.0-85030537886
29228,29229,2-s2.0-85030536289
29229,29230,2-s2.0-85030535936
29230,29231,2-s2.0-85030535850
29233,29234,2-s2.0-85030535051
29237,29238,2-s2.0-85030534236
29241,29242,2-s2.0-85030533504
29243,29244,2-s2.0-85030533125
29244,29245,2-s2.0-85030532732
29248,29249,2-s2.0-85030531488
29251,29252,2-s2.0-85030529795
29253,29254,2-s2.0-85030529594
29256,29257,2-s2.0-85030528971
29257,29258,2-s2.0-85030528951
29261,29262,2-s2.0-85030528141
29262,29263,2-s2.0-85030528006
29263,29264,2-s2.0-85030527961
29264,29265,2-s2.0-85030527849
29265,29266,2-s2.0-85030527783
29266,29267,2-s2.0-85030527554
29267,29268,2-s2.0-85030527028
29270,29271,2-s2.0-85030526673
29271,29272,2-s2.0-85030526562
29273,29274,2-s2.0-85021264269
29274,29275,2-s2.0-85025703794
29275,29276,2-s2.0-85024845719
29276,29277,2-s2.0-84994238887
29280,29281,2-s2.0-85027512895
29286,29287,2-s2.0-85024488643
29289,29290,2-s2.0-85023599530
29290,29291,2-s2.0-85023200191
29292,29293,2-s2.0-85021121748
29293,29294,2-s2.0-85022216619
29294,29295,2-s2.0-85023646010
29295,29296,2-s2.0-85023645004
29296,29297,2-s2.0-85023643572
29298,29299,2-s2.0-85023634867
29299,29300,2-s2.0-85023634827
29305,29306,2-s2.0-85023626908
29307,29308,2-s2.0-85023624766
29308,29309,2-s2.0-85023624658
29311,29312,2-s2.0-85023618324
29312,29313,2-s2.0-85023616595
29313,29314,2-s2.0-85023613546
29315,29316,2-s2.0-85023606595
29316,29317,2-s2.0-85023606567
29319,29320,2-s2.0-85020398789
29321,29322,2-s2.0-85075191474
29324,29325,2-s2.0-85020451584
29325,29326,2-s2.0-85021817390
29326,29327,2-s2.0-85021743557
29330,29331,2-s2.0-85070419103
29333,29334,2-s2.0-85061940957
29335,29336,2-s2.0-85046535279
29336,29337,2-s2.0-85042065952
29339,29340,2-s2.0-85029819350
29344,29345,2-s2.0-85021755109
29345,29346,2-s2.0-85021752427
29346,29347,2-s2.0-85020674275
29347,29348,2-s2.0-85020622621
29348,29349,2-s2.0-85020477961
29349,29350,2-s2.0-85020474123
29353,29354,2-s2.0-85019990552
29354,29355,2-s2.0-85019975950
29357,29358,2-s2.0-85019371727
29359,29360,2-s2.0-85019350817
29360,29361,2-s2.0-85019349573
29363,29364,2-s2.0-85019125222
29364,29365,2-s2.0-85019077335
29365,29366,2-s2.0-85019054780
29366,29367,2-s2.0-85018784974
29368,29369,2-s2.0-85018362764
29375,29376,2-s2.0-85014201098
29378,29379,2-s2.0-85012897442
29383,29384,2-s2.0-85006367258
29387,29388,2-s2.0-84960089050
29391,29392,2-s2.0-85020687545
29392,29393,2-s2.0-85020674931
29393,29394,2-s2.0-85020672715
29394,29395,2-s2.0-85020652256
29395,29396,2-s2.0-85020639285
29398,29399,2-s2.0-84991000763
29399,29400,2-s2.0-85009493720
29400,29401,2-s2.0-84978652676
29401,29402,2-s2.0-84963568004
29403,29404,2-s2.0-85020619594
29405,29406,2-s2.0-85031693605
29412,29413,2-s2.0-85020253057
29415,29416,2-s2.0-85017134498
29417,29418,2-s2.0-84979993857
29419,29420,2-s2.0-84964330833
29420,29421,2-s2.0-85020730949
29421,29422,2-s2.0-85020215218
29422,29423,2-s2.0-85054264707
29424,29425,2-s2.0-85054218628
29426,29427,2-s2.0-85054207584
29428,29429,2-s2.0-85050461731
29429,29430,2-s2.0-85033202795
29430,29431,2-s2.0-85026218685
29431,29432,2-s2.0-85021146910
29438,29439,2-s2.0-85013073349
29439,29440,2-s2.0-85004107292
29441,29442,2-s2.0-84994893535
29442,29443,2-s2.0-84994152101
29444,29445,2-s2.0-84961197906
29445,29446,2-s2.0-84946887521
29447,29448,2-s2.0-85044848586
29448,29449,2-s2.0-85038431258
29451,29452,2-s2.0-85045691208
29456,29457,2-s2.0-85023743592
29459,29460,2-s2.0-85021134218
29460,29461,2-s2.0-85021057192
29463,29464,2-s2.0-85020899630
29465,29466,2-s2.0-85020897416
29466,29467,2-s2.0-85020893145
29467,29468,2-s2.0-85020878663
29469,29470,2-s2.0-85020874666
29473,29474,2-s2.0-85020085199
29478,29479,2-s2.0-85019836411
29479,29480,2-s2.0-85019657854
29480,29481,2-s2.0-85019569963
29481,29482,2-s2.0-85019168743
29485,29486,2-s2.0-85018932641
29487,29488,2-s2.0-85018767428
29488,29489,2-s2.0-85018760326
29489,29490,2-s2.0-85018735965
29490,29491,2-s2.0-85018523006
29494,29495,2-s2.0-85018502907
29499,29500,2-s2.0-85018408647
29500,29501,2-s2.0-85018296626
29505,29506,2-s2.0-85017119317
29508,29509,2-s2.0-85015957308
29510,29511,2-s2.0-85015660478
29511,29512,2-s2.0-85015642875
29512,29513,2-s2.0-85013843017
29513,29514,2-s2.0-85012280148
29516,29517,2-s2.0-85009445662
29519,29520,2-s2.0-85007193546
29525,29526,2-s2.0-84953262187
29526,29527,2-s2.0-105002729760
29528,29529,2-s2.0-85019446566
29529,29530,2-s2.0-85019424238
29530,29531,2-s2.0-85019406228
29532,29533,2-s2.0-85020233279
29533,29534,2-s2.0-85020232253
29536,29537,2-s2.0-85020212852
29541,29542,2-s2.0-85020197720
29542,29543,2-s2.0-85020196637
29546,29547,2-s2.0-85020181394
29547,29548,2-s2.0-85020173323
29549,29550,2-s2.0-85020162934
29550,29551,2-s2.0-85020160877
29551,29552,2-s2.0-85034007564
29552,29553,2-s2.0-85034000433
29553,29554,2-s2.0-85033988272
29554,29555,2-s2.0-85021372756
29555,29556,2-s2.0-85021323816
29556,29557,2-s2.0-85018174192
29558,29559,2-s2.0-85018455364
29559,29560,2-s2.0-85018450958
29561,29562,2-s2.0-85018432534
29563,29564,2-s2.0-85018405464
29564,29565,2-s2.0-85018398965
29565,29566,2-s2.0-85018395541
29566,29567,2-s2.0-85018385309
29568,29569,2-s2.0-85021425598
29570,29571,2-s2.0-85018343842
29571,29572,2-s2.0-85018336019
29572,29573,2-s2.0-85041633755
29574,29575,2-s2.0-85020534364
29575,29576,2-s2.0-85018855524
29576,29577,2-s2.0-85018168396
29577,29578,2-s2.0-85016263595
29578,29579,2-s2.0-85011700225
29580,29581,2-s2.0-84987625206
29581,29582,2-s2.0-84986213883
29583,29584,2-s2.0-84966703582
29584,29585,2-s2.0-84961214564
29587,29588,2-s2.0-85025679091
29593,29594,2-s2.0-85046268252
29594,29595,2-s2.0-85037664111
29595,29596,2-s2.0-85035754065
29596,29597,2-s2.0-85029820734
29601,29602,2-s2.0-85025452724
29602,29603,2-s2.0-85024492284
29603,29604,2-s2.0-85021746310
29604,29605,2-s2.0-85021294011
29607,29608,2-s2.0-85019834111
29610,29611,2-s2.0-85018791945
29616,29617,2-s2.0-85017378960
29620,29621,2-s2.0-85017143454
29624,29625,2-s2.0-85015294253
29627,29628,2-s2.0-85014738016
29631,29632,2-s2.0-85013301560
29635,29636,2-s2.0-85010300667
29636,29637,2-s2.0-85007618577
29638,29639,2-s2.0-85006096646
29641,29642,2-s2.0-84997646360
29643,29644,2-s2.0-84992371876
29644,29645,2-s2.0-84991387594
29648,29649,2-s2.0-84953214013
29649,29650,2-s2.0-84951911082
29650,29651,2-s2.0-84949506912
29652,29653,2-s2.0-84944704374
29655,29656,2-s2.0-85016495901
29657,29658,2-s2.0-85018527273
29659,29660,2-s2.0-85017259813
29669,29670,2-s2.0-85017221956
29670,29671,2-s2.0-85017218141
29675,29676,2-s2.0-85017567702
29676,29677,2-s2.0-85016621889
29681,29682,2-s2.0-85017596678
29683,29684,2-s2.0-85020321180
29685,29686,2-s2.0-85017294898
29686,29687,2-s2.0-85017201856
29689,29690,2-s2.0-84963877986
29690,29691,2-s2.0-85058736078
29691,29692,2-s2.0-85016928892
29692,29693,2-s2.0-85016484577
29697,29698,2-s2.0-85018282602
29699,29700,2-s2.0-85018278931
29702,29703,2-s2.0-85054664773
29709,29710,2-s2.0-85014995952
29710,29711,2-s2.0-85012031650
29711,29712,2-s2.0-84961217051
29715,29716,2-s2.0-85018397664
29716,29717,2-s2.0-85017231790
29717,29718,2-s2.0-85131009592
29719,29720,2-s2.0-85097484090
29721,29722,2-s2.0-85088684185
29723,29724,2-s2.0-85080890839
29726,29727,2-s2.0-85060060430
29727,29728,2-s2.0-85041710519
29728,29729,2-s2.0-85035204301
29731,29732,2-s2.0-85033995475
29732,29733,2-s2.0-85033703219
29733,29734,2-s2.0-85033680324
29734,29735,2-s2.0-85033569679
29735,29736,2-s2.0-85028245396
29736,29737,2-s2.0-85021275352
29738,29739,2-s2.0-85019704734
29742,29743,2-s2.0-85018242660
29743,29744,2-s2.0-85017588089
29745,29746,2-s2.0-85017355937
29748,29749,2-s2.0-85016175238
29750,29751,2-s2.0-85015980997
29751,29752,2-s2.0-85015293501
29752,29753,2-s2.0-85015205827
29754,29755,2-s2.0-85015089571
29758,29759,2-s2.0-85014991059
29759,29760,2-s2.0-85014942357
29763,29764,2-s2.0-85014503284
29764,29765,2-s2.0-85014419255
29769,29770,2-s2.0-85013845153
29770,29771,2-s2.0-85013778823
29771,29772,2-s2.0-85013649120
29772,29773,2-s2.0-85013343467
29776,29777,2-s2.0-85013076648
29780,29781,2-s2.0-85010410314
29781,29782,2-s2.0-85009732697
29786,29787,2-s2.0-85003845708
29788,29789,2-s2.0-85000580214
29791,29792,2-s2.0-84995579352
29793,29794,2-s2.0-84995467182
29794,29795,2-s2.0-84994050078
29796,29797,2-s2.0-84989171923
29798,29799,2-s2.0-84970003883
29800,29801,2-s2.0-84958781269
29805,29806,2-s2.0-84946120615
29806,29807,2-s2.0-84946112514
29807,29808,2-s2.0-84944699021
29808,29809,2-s2.0-85085852983
29810,29811,2-s2.0-85019445343
29813,29814,2-s2.0-85213715362
29815,29816,2-s2.0-84992317440
29830,29831,2-s2.0-85012052749
29833,29834,2-s2.0-84992169442
29834,29835,2-s2.0-85015447599
29836,29837,2-s2.0-85015395442
29837,29838,2-s2.0-85055233545
29838,29839,2-s2.0-85015247509
29841,29842,2-s2.0-85057023613
29842,29843,2-s2.0-85053413795
29845,29846,2-s2.0-85016288041
29846,29847,2-s2.0-85016111137
29848,29849,2-s2.0-85015780533
29850,29851,2-s2.0-85015740469
29851,29852,2-s2.0-85015732814
29852,29853,2-s2.0-85014074756
29853,29854,2-s2.0-85013826185
29857,29858,2-s2.0-85011831848
29859,29860,2-s2.0-85011629219
29860,29861,2-s2.0-85011599912
29863,29864,2-s2.0-85010425262
29865,29866,2-s2.0-85008414990
29866,29867,2-s2.0-85008316385
29867,29868,2-s2.0-85007529855
29868,29869,2-s2.0-85006390563
29869,29870,2-s2.0-85006150682
29870,29871,2-s2.0-84999792338
29871,29872,2-s2.0-84994676935
29872,29873,2-s2.0-84988353588
29873,29874,2-s2.0-84987642330
29876,29877,2-s2.0-84982843801
29877,29878,2-s2.0-84974851176
29880,29881,2-s2.0-84962299518
29883,29884,2-s2.0-84946429745
29884,29885,2-s2.0-84940570649
29885,29886,2-s2.0-84939452614
29888,29889,2-s2.0-85011269822
29892,29893,2-s2.0-85031710803
29893,29894,2-s2.0-85015019529
29895,29896,2-s2.0-85013418864
29896,29897,2-s2.0-85013413623
29898,29899,2-s2.0-85013380360
29905,29906,2-s2.0-85009450735
29906,29907,2-s2.0-85009813174
29909,29910,2-s2.0-85016489318
29911,29912,2-s2.0-85012010885
29918,29919,2-s2.0-85021325748
29922,29923,2-s2.0-85018762863
29925,29926,2-s2.0-85009953639
29926,29927,2-s2.0-85009253299
29927,29928,2-s2.0-85009247825
29928,29929,2-s2.0-85008418042
29932,29933,2-s2.0-85003571630
29933,29934,2-s2.0-85002695271
29936,29937,2-s2.0-84992366114
29937,29938,2-s2.0-84984682104
29938,29939,2-s2.0-84983347705
29939,29940,2-s2.0-84981731371
29940,29941,2-s2.0-84976539707
29941,29942,2-s2.0-84976254459
29944,29945,2-s2.0-84963830515
29945,29946,2-s2.0-84962090147
29946,29947,2-s2.0-84936984573
29947,29948,2-s2.0-84923273704
29948,29949,2-s2.0-86000501351
29949,29950,2-s2.0-86000468714
29952,29953,2-s2.0-85218745363
29953,29954,2-s2.0-85218731570
29960,29961,2-s2.0-85151539083
29963,29964,2-s2.0-85145130003
29965,29966,2-s2.0-85144473310
29966,29967,2-s2.0-85144466661
29969,29970,2-s2.0-85144356024
29971,29972,2-s2.0-85142851368
29973,29974,2-s2.0-85141630525
29975,29976,2-s2.0-85139879167
29978,29979,2-s2.0-85139565607
29979,29980,2-s2.0-85139554479
29985,29986,2-s2.0-85139217653
29986,29987,2-s2.0-85139208293
29987,29988,2-s2.0-85139186883
29988,29989,2-s2.0-85138958054
29991,29992,2-s2.0-85136790972
29993,29994,2-s2.0-85135681559
29995,29996,2-s2.0-85134458756
29996,29997,2-s2.0-85134450153
29997,29998,2-s2.0-85133038869
30001,30002,2-s2.0-85118153690
30004,30005,2-s2.0-85108237641
30006,30007,2-s2.0-85106549178
30007,30008,2-s2.0-85103830755
30009,30010,2-s2.0-85102247580
30010,30011,2-s2.0-85102013855
30011,30012,2-s2.0-85102012653
30012,30013,2-s2.0-85102001587
30015,30016,2-s2.0-85101977622
30017,30018,2-s2.0-85101964969
30018,30019,2-s2.0-85101959077
30020,30021,2-s2.0-85101958951
30022,30023,2-s2.0-85101941874
30023,30024,2-s2.0-85101922853
30024,30025,2-s2.0-85101908135
30025,30026,2-s2.0-85101126055
30026,30027,2-s2.0-85099822437
30030,30031,2-s2.0-85091150671
30035,30036,2-s2.0-85090519244
30036,30037,2-s2.0-85089161077
30037,30038,2-s2.0-85088437881
30042,30043,2-s2.0-85082909270
30044,30045,2-s2.0-85082668311
30046,30047,2-s2.0-85082441569
30047,30048,2-s2.0-85081939984
30048,30049,2-s2.0-85081363302
30053,30054,2-s2.0-85075893428
30056,30057,2-s2.0-85075176585
30057,30058,2-s2.0-85074918463
30060,30061,2-s2.0-85074317927
30061,30062,2-s2.0-85073380939
30062,30063,2-s2.0-85073367121
30063,30064,2-s2.0-85073365086
30064,30065,2-s2.0-85073328876
30067,30068,2-s2.0-85071618990
30075,30076,2-s2.0-85071422853
30076,30077,2-s2.0-85071414610
30078,30079,2-s2.0-85069949799
30079,30080,2-s2.0-85069483724
30080,30081,2-s2.0-85069466300
30081,30082,2-s2.0-85069177505
30082,30083,2-s2.0-85068696360
30083,30084,2-s2.0-85068575513
30086,30087,2-s2.0-85067466097
30088,30089,2-s2.0-85065692750
30090,30091,2-s2.0-85065309135
30093,30094,2-s2.0-85063550732
30094,30095,2-s2.0-85062845288
30096,30097,2-s2.0-85061602505
30098,30099,2-s2.0-85061358364
30100,30101,2-s2.0-85060785096
30101,30102,2-s2.0-85060455016
30103,30104,2-s2.0-85058759808
30104,30105,2-s2.0-85058747900
30106,30107,2-s2.0-85056831469
30109,30110,2-s2.0-85055975921
30111,30112,2-s2.0-85055065303
30114,30115,2-s2.0-85054497915
30115,30116,2-s2.0-85054228235
30116,30117,2-s2.0-85054195479
30117,30118,2-s2.0-85054192663
30122,30123,2-s2.0-85054164297
30124,30125,2-s2.0-85054159143
30126,30127,2-s2.0-85053719503
30128,30129,2-s2.0-85053453370
30132,30133,2-s2.0-85052770189
30134,30135,2-s2.0-85052179862
30135,30136,2-s2.0-85051723137
30139,30140,2-s2.0-85051440630
30140,30141,2-s2.0-85051438978
30141,30142,2-s2.0-85051437349
30142,30143,2-s2.0-85051436550
30145,30146,2-s2.0-85051430067
30147,30148,2-s2.0-85051425909
30150,30151,2-s2.0-85051422227
30151,30152,2-s2.0-85051419401
30152,30153,2-s2.0-85051416216
30153,30154,2-s2.0-85051414302
30154,30155,2-s2.0-85050423612
30158,30159,2-s2.0-85049823441
30161,30162,2-s2.0-85049419884
30169,30170,2-s2.0-85049230691
30173,30174,2-s2.0-85048697050
30176,30177,2-s2.0-85048659279
30178,30179,2-s2.0-85048483007
30179,30180,2-s2.0-85048465929
30184,30185,2-s2.0-85048107700
30185,30186,2-s2.0-85047536764
30187,30188,2-s2.0-85046545133
30188,30189,2-s2.0-85046420175
30190,30191,2-s2.0-85046296335
30191,30192,2-s2.0-85046287632
30192,30193,2-s2.0-85046264094
30193,30194,2-s2.0-85046256179
30195,30196,2-s2.0-85045984480
30197,30198,2-s2.0-85045875427
30201,30202,2-s2.0-85045241745
30203,30204,2-s2.0-85044780705
30205,30206,2-s2.0-85044643386
30206,30207,2-s2.0-85044610732
30207,30208,2-s2.0-85044574922
30208,30209,2-s2.0-85044470431
30209,30210,2-s2.0-85044453504
30211,30212,2-s2.0-85044384266
30215,30216,2-s2.0-85042627588
30218,30219,2-s2.0-85042618346
30221,30222,2-s2.0-85042600825
30222,30223,2-s2.0-85042599528
30223,30224,2-s2.0-85042594338
30224,30225,2-s2.0-85042589014
30226,30227,2-s2.0-85042508306
30228,30229,2-s2.0-85042505644
30231,30232,2-s2.0-85042467577
30232,30233,2-s2.0-85042464206
30233,30234,2-s2.0-85042428330
30234,30235,2-s2.0-85042427265
30238,30239,2-s2.0-85041590710
30239,30240,2-s2.0-85041536572
30240,30241,2-s2.0-85041535662
30241,30242,2-s2.0-85041533054
30242,30243,2-s2.0-85041526473
30243,30244,2-s2.0-85041509449
30246,30247,2-s2.0-85041436672
30247,30248,2-s2.0-85041435896
30250,30251,2-s2.0-85041292101
30251,30252,2-s2.0-85041211090
30253,30254,2-s2.0-85041136853
30255,30256,2-s2.0-85041127670
30256,30257,2-s2.0-85041126266
30257,30258,2-s2.0-85041119733
30258,30259,2-s2.0-85041112717
30259,30260,2-s2.0-85041110834
30260,30261,2-s2.0-85041100375
30262,30263,2-s2.0-85041098557
30263,30264,2-s2.0-85041097284
30264,30265,2-s2.0-85041094075
30265,30266,2-s2.0-85040947906
30266,30267,2-s2.0-85040927415
30267,30268,2-s2.0-85040781958
30268,30269,2-s2.0-85040714652
30269,30270,2-s2.0-85040550811
30270,30271,2-s2.0-85040258046
30272,30273,2-s2.0-85040254215
30278,30279,2-s2.0-85040098074
30279,30280,2-s2.0-85040084588
30281,30282,2-s2.0-85039963434
30286,30287,2-s2.0-85039073719
30287,30288,2-s2.0-85039043097
30292,30293,2-s2.0-85038616974
30293,30294,2-s2.0-85038614913
30294,30295,2-s2.0-85038446021
30295,30296,2-s2.0-85038262298
30296,30297,2-s2.0-85038229720
30297,30298,2-s2.0-85038124180
30305,30306,2-s2.0-85037822742
30306,30307,2-s2.0-85037715473
30309,30310,2-s2.0-85037690379
30311,30312,2-s2.0-85037552402
30313,30314,2-s2.0-85037524823
30317,30318,2-s2.0-85037116917
30318,30319,2-s2.0-85037044935
30320,30321,2-s2.0-85036657065
30321,30322,2-s2.0-85036649288
30324,30325,2-s2.0-85036620029
30326,30327,2-s2.0-85036605295
30327,30328,2-s2.0-85036475659
30330,30331,2-s2.0-85036471818
30331,30332,2-s2.0-85036465280
30332,30333,2-s2.0-85036463686
30335,30336,2-s2.0-85036450574
30337,30338,2-s2.0-85035361479
30339,30340,2-s2.0-85035356399
30342,30343,2-s2.0-85035347504
30343,30344,2-s2.0-85035346297
30344,30345,2-s2.0-85035344471
30345,30346,2-s2.0-85035343979
30346,30347,2-s2.0-85035343362
30349,30350,2-s2.0-85035340315
30350,30351,2-s2.0-85035339063
30351,30352,2-s2.0-85035337046
30356,30357,2-s2.0-85035329107
30357,30358,2-s2.0-85035326688
30358,30359,2-s2.0-85035313002
30360,30361,2-s2.0-85035137323
30361,30362,2-s2.0-85035117906
30362,30363,2-s2.0-85035115281
30364,30365,2-s2.0-85035102726
30365,30366,2-s2.0-85035098521
30368,30369,2-s2.0-85035027160
30369,30370,2-s2.0-85035010826
30370,30371,2-s2.0-85034971841
30371,30372,2-s2.0-85034970575
30374,30375,2-s2.0-85034781407
30376,30377,2-s2.0-85034772927
30377,30378,2-s2.0-85034768791
30378,30379,2-s2.0-85034765437
30383,30384,2-s2.0-85034739545
30384,30385,2-s2.0-85034738624
30385,30386,2-s2.0-85034737646
30386,30387,2-s2.0-85034735348
30387,30388,2-s2.0-85034734977
30388,30389,2-s2.0-85034667509
30389,30390,2-s2.0-85034630240
30394,30395,2-s2.0-85034255302
30396,30397,2-s2.0-85034247154
30407,30408,2-s2.0-85034210538
30408,30409,2-s2.0-85034210133
30412,30413,2-s2.0-85033408519
30413,30414,2-s2.0-85033377246
30414,30415,2-s2.0-85033365657
30416,30417,2-s2.0-85032981962
30418,30419,2-s2.0-85032922584
30419,30420,2-s2.0-85032911303
30421,30422,2-s2.0-85032876292
30422,30423,2-s2.0-85032505476
30423,30424,2-s2.0-85032499948
30426,30427,2-s2.0-85032489604
30429,30430,2-s2.0-85032382300
30434,30435,2-s2.0-85032332039
30435,30436,2-s2.0-85032295625
30437,30438,2-s2.0-85032012493
30439,30440,2-s2.0-85031820081
30440,30441,2-s2.0-85031818070
30442,30443,2-s2.0-85031779924
30443,30444,2-s2.0-85031778028
30444,30445,2-s2.0-85031776895
30446,30447,2-s2.0-85031730305
30447,30448,2-s2.0-85031709644
30448,30449,2-s2.0-85031701446
30450,30451,2-s2.0-85031120229
30452,30453,2-s2.0-85030846695
30454,30455,2-s2.0-85030791586
30455,30456,2-s2.0-85030774480
30464,30465,2-s2.0-85030543931
30467,30468,2-s2.0-85030110662
30468,30469,2-s2.0-85030091164
30469,30470,2-s2.0-85030029295
30470,30471,2-s2.0-85030026828
30471,30472,2-s2.0-85029844302
30473,30474,2-s2.0-85029818134
30480,30481,2-s2.0-85029768926
30481,30482,2-s2.0-85029764892
30482,30483,2-s2.0-85029753138
30483,30484,2-s2.0-85029643145
30485,30486,2-s2.0-85029595757
30486,30487,2-s2.0-85029537647
30488,30489,2-s2.0-85029523545
30489,30490,2-s2.0-85029519431
30493,30494,2-s2.0-85029509225
30496,30497,2-s2.0-85029470696
30497,30498,2-s2.0-85029468298
30499,30500,2-s2.0-85029437688
30500,30501,2-s2.0-85029358526
30503,30504,2-s2.0-85029106858
30506,30507,2-s2.0-85028992977
30510,30511,2-s2.0-85028860394
30511,30512,2-s2.0-85028838729
30512,30513,2-s2.0-85028810522
30514,30515,2-s2.0-85028770203
30515,30516,2-s2.0-85028703830
30517,30518,2-s2.0-85028621972
30518,30519,2-s2.0-85028615766
30519,30520,2-s2.0-85028612611
30520,30521,2-s2.0-85028583665
30522,30523,2-s2.0-85028468819
30529,30530,2-s2.0-85028311836
30532,30533,2-s2.0-85028303152
30533,30534,2-s2.0-85028300133
30534,30535,2-s2.0-85028298678
30537,30538,2-s2.0-85028023120
30545,30546,2-s2.0-85027969360
30546,30547,2-s2.0-85027968099
30549,30550,2-s2.0-85027871461
30550,30551,2-s2.0-85027846541
30551,30552,2-s2.0-85027846463
30556,30557,2-s2.0-85027489503
30558,30559,2-s2.0-85027068027
30561,30562,2-s2.0-85026786677
30562,30563,2-s2.0-85026785406
30563,30564,2-s2.0-85026781311
30565,30566,2-s2.0-85026680569
30569,30570,2-s2.0-85026555704
30570,30571,2-s2.0-85026520987
30571,30572,2-s2.0-85026503285
30573,30574,2-s2.0-85026484873
30574,30575,2-s2.0-85026351483
30576,30577,2-s2.0-85026236866
30577,30578,2-s2.0-85025627974
30578,30579,2-s2.0-85025615135
30579,30580,2-s2.0-85025470785
30581,30582,2-s2.0-85025457303
30582,30583,2-s2.0-85025448773
30583,30584,2-s2.0-85025437435
30585,30586,2-s2.0-85025427091
30586,30587,2-s2.0-85025174120
30587,30588,2-s2.0-85025170903
30588,30589,2-s2.0-85025162955
30590,30591,2-s2.0-85025150716
30591,30592,2-s2.0-85025145288
30594,30595,2-s2.0-85025117350
30595,30596,2-s2.0-85025116970
30598,30599,2-s2.0-85025070923
30604,30605,2-s2.0-85024386635
30607,30608,2-s2.0-85023780174
30608,30609,2-s2.0-85023778703
30609,30610,2-s2.0-85023760146
30610,30611,2-s2.0-85023758066
30611,30612,2-s2.0-85023746183
30613,30614,2-s2.0-85023637843
30615,30616,2-s2.0-85023174902
30617,30618,2-s2.0-85022342355
30618,30619,2-s2.0-85022219284
30619,30620,2-s2.0-85022211967
30620,30621,2-s2.0-85022211118
30621,30622,2-s2.0-85022086476
30622,30623,2-s2.0-85022036225
30623,30624,2-s2.0-85022033988
30624,30625,2-s2.0-85021995628
30626,30627,2-s2.0-85021886937
30629,30630,2-s2.0-85021803844
30630,30631,2-s2.0-85021788273
30631,30632,2-s2.0-85021784696
30634,30635,2-s2.0-85021742975
30637,30638,2-s2.0-85021722484
30641,30642,2-s2.0-85021645425
30645,30646,2-s2.0-85021438001
30647,30648,2-s2.0-85021431363
30649,30650,2-s2.0-85021419383
30651,30652,2-s2.0-85021240491
30653,30654,2-s2.0-85021213098
30654,30655,2-s2.0-85021172480
30658,30659,2-s2.0-85021098559
30659,30660,2-s2.0-85021095568
30660,30661,2-s2.0-85021093169
30662,30663,2-s2.0-85021046434
30664,30665,2-s2.0-85020866398
30665,30666,2-s2.0-85020862060
30675,30676,2-s2.0-85020530670
30676,30677,2-s2.0-85020529564
30677,30678,2-s2.0-85020521171
30678,30679,2-s2.0-85020503471
30679,30680,2-s2.0-85020493000
30680,30681,2-s2.0-85020481213
30682,30683,2-s2.0-85020465457
30684,30685,2-s2.0-85020439105
30685,30686,2-s2.0-85020432518
30687,30688,2-s2.0-85020395657
30688,30689,2-s2.0-85020388550
30690,30691,2-s2.0-85020377145
30691,30692,2-s2.0-85020287928
30694,30695,2-s2.0-85020203505
30696,30697,2-s2.0-85020091467
30703,30704,2-s2.0-85019744961
30704,30705,2-s2.0-85019658752
30705,30706,2-s2.0-85019596053
30706,30707,2-s2.0-85019593786
30708,30709,2-s2.0-85019559832
30709,30710,2-s2.0-85019556196
30711,30712,2-s2.0-85019120300
30712,30713,2-s2.0-85019091376
30714,30715,2-s2.0-85018986228
30717,30718,2-s2.0-85018768225
30720,30721,2-s2.0-85018551714
30723,30724,2-s2.0-85018462704
30728,30729,2-s2.0-85018343327
30729,30730,2-s2.0-85018341165
30730,30731,2-s2.0-85018287601
30733,30734,2-s2.0-85018164925
30735,30736,2-s2.0-85017439617
30737,30738,2-s2.0-85017336291
30738,30739,2-s2.0-85017209741
30740,30741,2-s2.0-85017184253
30743,30744,2-s2.0-85016562787
30744,30745,2-s2.0-85016493603
30746,30747,2-s2.0-85016287592
30747,30748,2-s2.0-85016086956
30748,30749,2-s2.0-85016067141
30752,30753,2-s2.0-85015623441
30753,30754,2-s2.0-85015447063
30756,30757,2-s2.0-85015215374
30757,30758,2-s2.0-85015209152
30758,30759,2-s2.0-85015208032
30759,30760,2-s2.0-85015177642
30761,30762,2-s2.0-85015159047
30762,30763,2-s2.0-85015157809
30763,30764,2-s2.0-85015155674
30764,30765,2-s2.0-85014855560
30765,30766,2-s2.0-85014801369
30766,30767,2-s2.0-85014781011
30770,30771,2-s2.0-85014737108
30771,30772,2-s2.0-85014583192
30772,30773,2-s2.0-85014442696
30773,30774,2-s2.0-85014274610
30774,30775,2-s2.0-85014273140
30775,30776,2-s2.0-85014217990
30776,30777,2-s2.0-85014217115
30778,30779,2-s2.0-85013455584
30779,30780,2-s2.0-85013093342
30781,30782,2-s2.0-85012899415
30782,30783,2-s2.0-85012888302
30783,30784,2-s2.0-85012888101
30787,30788,2-s2.0-85011659538
30788,30789,2-s2.0-85011343025
30789,30790,2-s2.0-85011305896
30790,30791,2-s2.0-85011303898
30791,30792,2-s2.0-85011290977
30792,30793,2-s2.0-85011286338
30795,30796,2-s2.0-85011270541
30796,30797,2-s2.0-85011269779
30797,30798,2-s2.0-85010976079
30799,30800,2-s2.0-85010703083
30800,30801,2-s2.0-85010701055
30801,30802,2-s2.0-85010699950
30803,30804,2-s2.0-85010685225
30804,30805,2-s2.0-85010653976
30807,30808,2-s2.0-85010633338
30809,30810,2-s2.0-85010304539
30810,30811,2-s2.0-85010301201
30811,30812,2-s2.0-85010070480
30812,30813,2-s2.0-85010066742
30815,30816,2-s2.0-85010042301
30818,30819,2-s2.0-85010032252
30819,30820,2-s2.0-85010022815
30821,30822,2-s2.0-85009288109
30824,30825,2-s2.0-85009136802
30826,30827,2-s2.0-85008440417
30828,30829,2-s2.0-85008235142
30830,30831,2-s2.0-85007371495
30831,30832,2-s2.0-85007043765
30832,30833,2-s2.0-85006175153
30833,30834,2-s2.0-85006059558
30834,30835,2-s2.0-85002292015
30835,30836,2-s2.0-85002262395
30838,30839,2-s2.0-84997173296
30841,30842,2-s2.0-84996527541
30843,30844,2-s2.0-84992643452
30844,30845,2-s2.0-84992584855
30848,30849,2-s2.0-84989315298
30850,30851,2-s2.0-84989208585
30852,30853,2-s2.0-84988476243
30856,30857,2-s2.0-84978898137
30859,30860,2-s2.0-84973523432
30862,30863,2-s2.0-84941661705
30863,30864,2-s2.0-84941358641
30864,30865,2-s2.0-84940907699
30866,30867,2-s2.0-84884375140
30867,30868,2-s2.0-84880408539
30872,30873,2-s2.0-105010089269
30875,30876,2-s2.0-105009804817
30879,30880,2-s2.0-105009790267
30880,30881,2-s2.0-105009784396
30881,30882,2-s2.0-105009765975
30883,30884,2-s2.0-105009761405
30884,30885,2-s2.0-105009394655
30885,30886,2-s2.0-105008630841
30886,30887,2-s2.0-105008620830
30888,30889,2-s2.0-105008054969
30889,30890,2-s2.0-105007384812
30890,30891,2-s2.0-105006952542
30893,30894,2-s2.0-85015963297
30894,30895,2-s2.0-85011294799
30895,30896,2-s2.0-85132374089
30896,30897,2-s2.0-85008439817
30897,30898,2-s2.0-84981502718
30900,30901,2-s2.0-85010042399
30901,30902,2-s2.0-85009141762
30902,30903,2-s2.0-85009096914
30905,30906,2-s2.0-85007271715
30906,30907,2-s2.0-85010468133
30913,30914,2-s2.0-85010369433
30915,30916,2-s2.0-85010442900
30918,30919,2-s2.0-85009732732
30919,30920,2-s2.0-85004008330
30920,30921,2-s2.0-85106762617
30923,30924,2-s2.0-85055338304
30929,30930,2-s2.0-85018981861
30933,30934,2-s2.0-85018171502
30934,30935,2-s2.0-85017714536
30937,30938,2-s2.0-85011982901
30939,30940,2-s2.0-85011898511
30943,30944,2-s2.0-85008252626
30948,30949,2-s2.0-85007017604
30949,30950,2-s2.0-85007009042
30954,30955,2-s2.0-85006459541
30955,30956,2-s2.0-85006459261
30961,30962,2-s2.0-85006412447
30965,30966,2-s2.0-85006381797
30967,30968,2-s2.0-85006375044
30968,30969,2-s2.0-85006340439
30969,30970,2-s2.0-85006054277
30971,30972,2-s2.0-85004091122
30975,30976,2-s2.0-85002763715
30979,30980,2-s2.0-84994779413
30982,30983,2-s2.0-84994761829
30985,30986,2-s2.0-84994358615
30987,30988,2-s2.0-84994218523
30990,30991,2-s2.0-84991720747
30991,30992,2-s2.0-84991079078
30992,30993,2-s2.0-84989252448
30994,30995,2-s2.0-84987974286
30995,30996,2-s2.0-84987899163
30998,30999,2-s2.0-84984853563
30999,31000,2-s2.0-84984629793
31000,31001,2-s2.0-84983437500
31001,31002,2-s2.0-84982111794
31002,31003,2-s2.0-84981203377
31003,31004,2-s2.0-84978757604
31006,31007,2-s2.0-84961636950
31009,31010,2-s2.0-84946854915
31010,31011,2-s2.0-84945578664
31012,31013,2-s2.0-84936805719
31014,31015,2-s2.0-84931858611
31015,31016,2-s2.0-85014178708
31016,31017,2-s2.0-85012012689
31017,31018,2-s2.0-85015017543
31020,31021,2-s2.0-85007012821
31025,31026,2-s2.0-85006925028
31026,31027,2-s2.0-85006922960
31027,31028,2-s2.0-85006905571
31030,31031,2-s2.0-85006870592
31033,31034,2-s2.0-85006856486
31035,31036,2-s2.0-85006836948
31037,31038,2-s2.0-85006833525
31040,31041,2-s2.0-85006827275
31042,31043,2-s2.0-85006826418
31043,31044,2-s2.0-85006826391
31045,31046,2-s2.0-85006826129
31046,31047,2-s2.0-85006825708
31051,31052,2-s2.0-85006818117
31053,31054,2-s2.0-85006817333
31055,31056,2-s2.0-85006815377
31056,31057,2-s2.0-85006815357
31057,31058,2-s2.0-85006810832
31062,31063,2-s2.0-85006802474
31064,31065,2-s2.0-85006797947
31065,31066,2-s2.0-85006790217
31067,31068,2-s2.0-85006789598
31069,31070,2-s2.0-85006788281
31070,31071,2-s2.0-85006784410
31076,31077,2-s2.0-85006757723
31082,31083,2-s2.0-85006741845
31083,31084,2-s2.0-85006729144
31089,31090,2-s2.0-85006713301
31090,31091,2-s2.0-85006710897
31091,31092,2-s2.0-85006710560
31092,31093,2-s2.0-85006699357
31099,31100,2-s2.0-85006943990
31100,31101,2-s2.0-85006942602
31103,31104,2-s2.0-85006804597
31104,31105,2-s2.0-85006789906
31109,31110,2-s2.0-84973115817
31110,31111,2-s2.0-84969832848
31112,31113,2-s2.0-85004045232
31120,31121,2-s2.0-85001975589
31121,31122,2-s2.0-85022063602
31122,31123,2-s2.0-85000786155
31125,31126,2-s2.0-85008235160
31137,31138,2-s2.0-85040511793
31138,31139,2-s2.0-85033695223
31139,31140,2-s2.0-85033683285
31147,31148,2-s2.0-85007242242
31153,31154,2-s2.0-85007164485
31154,31155,2-s2.0-85007148162
31157,31158,2-s2.0-84996565832
31158,31159,2-s2.0-84995550674
31159,31160,2-s2.0-84995519498
31160,31161,2-s2.0-84994638578
31161,31162,2-s2.0-84994607458
31162,31163,2-s2.0-84994441034
31163,31164,2-s2.0-84994157729
31164,31165,2-s2.0-84994050134
31165,31166,2-s2.0-84992695201
31166,31167,2-s2.0-84991706625
31167,31168,2-s2.0-84991406598
31169,31170,2-s2.0-84991385257
31176,31177,2-s2.0-84987971233
31177,31178,2-s2.0-84984832889
31178,31179,2-s2.0-84984628474
31181,31182,2-s2.0-84979211452
31182,31183,2-s2.0-84978647042
31183,31184,2-s2.0-84978045013
31185,31186,2-s2.0-84976416482
31186,31187,2-s2.0-84966705277
31187,31188,2-s2.0-84961665201
31190,31191,2-s2.0-84954567286
31191,31192,2-s2.0-84947997418
31192,31193,2-s2.0-84946866439
31194,31195,2-s2.0-84940069637
31197,31198,2-s2.0-85007394986
31199,31200,2-s2.0-85044616596
31201,31202,2-s2.0-85015221358
31203,31204,2-s2.0-85000501995
31206,31207,2-s2.0-84997107026
31208,31209,2-s2.0-84983770568
31210,31211,2-s2.0-84989229084
31212,31213,2-s2.0-84984636002
31216,31217,2-s2.0-84995617548
31217,31218,2-s2.0-84995569493
31219,31220,2-s2.0-84994876281
31222,31223,2-s2.0-85009074717
31223,31224,2-s2.0-84994381525
31224,31225,2-s2.0-84994236345
31226,31227,2-s2.0-85018532562
31227,31228,2-s2.0-84995677689
31228,31229,2-s2.0-84994558921
31231,31232,2-s2.0-84994495713
31237,31238,2-s2.0-84994091569
31238,31239,2-s2.0-84994070695
31239,31240,2-s2.0-84993159407
31242,31243,2-s2.0-84965028252
31243,31244,2-s2.0-84961627592
31249,31250,2-s2.0-85097376723
31252,31253,2-s2.0-85059155877
31253,31254,2-s2.0-85057061058
31255,31256,2-s2.0-85032076231
31257,31258,2-s2.0-85027953403
31260,31261,2-s2.0-85016607630
31261,31262,2-s2.0-85013374191
31267,31268,2-s2.0-85003605021
31268,31269,2-s2.0-85000415213
31269,31270,2-s2.0-84995923524
31270,31271,2-s2.0-84995610912
31272,31273,2-s2.0-84994078684
31273,31274,2-s2.0-84992524383
31277,31278,2-s2.0-84991454062
31283,31284,2-s2.0-84988448011
31288,31289,2-s2.0-84988344348
31289,31290,2-s2.0-84988020160
31291,31292,2-s2.0-84987881646
31292,31293,2-s2.0-84986538889
31293,31294,2-s2.0-84985919993
31294,31295,2-s2.0-84984824075
31295,31296,2-s2.0-84984823816
31296,31297,2-s2.0-84984684788
31297,31298,2-s2.0-84983336926
31301,31302,2-s2.0-84978997868
31304,31305,2-s2.0-84976307723
31307,31308,2-s2.0-84973340597
31308,31309,2-s2.0-84971280462
31309,31310,2-s2.0-84969674101
31312,31313,2-s2.0-84964355616
31313,31314,2-s2.0-84964040018
31314,31315,2-s2.0-84962119003
31315,31316,2-s2.0-84961204421
31317,31318,2-s2.0-84957679481
31323,31324,2-s2.0-85007227155
31324,31325,2-s2.0-85052903761
31327,31328,2-s2.0-85016050825
31328,31329,2-s2.0-85016019961
31330,31331,2-s2.0-84994716171
31333,31334,2-s2.0-84991799977
31334,31335,2-s2.0-85108925496
31335,31336,2-s2.0-84976595884
31336,31337,2-s2.0-84987767255
31339,31340,2-s2.0-84990973652
31344,31345,2-s2.0-84975217342
31347,31348,2-s2.0-84951287029
31348,31349,2-s2.0-84945242227
31349,31350,2-s2.0-84945205363
31352,31353,2-s2.0-85129513721
31354,31355,2-s2.0-85054472911
31355,31356,2-s2.0-85027147725
31356,31357,2-s2.0-85021277448
31358,31359,2-s2.0-85019156744
31361,31362,2-s2.0-85016585273
31365,31366,2-s2.0-84995804515
31366,31367,2-s2.0-84995755348
31367,31368,2-s2.0-84995679722
31368,31369,2-s2.0-84991383357
31369,31370,2-s2.0-84990944735
31375,31376,2-s2.0-84988914107
31378,31379,2-s2.0-84986617584
31379,31380,2-s2.0-84986593874
31380,31381,2-s2.0-84986588521
31384,31385,2-s2.0-84986551092
31386,31387,2-s2.0-84986222767
31387,31388,2-s2.0-84985995769
31392,31393,2-s2.0-84984904128
31393,31394,2-s2.0-84984622089
31394,31395,2-s2.0-84984604218
31398,31399,2-s2.0-84983296771
31399,31400,2-s2.0-84983247541
31400,31401,2-s2.0-84982995014
31403,31404,2-s2.0-84982890316
31405,31406,2-s2.0-84982135140
31408,31409,2-s2.0-84980011674
31411,31412,2-s2.0-84978419917
31412,31413,2-s2.0-84978200052
31413,31414,2-s2.0-84978196574
31415,31416,2-s2.0-84971673916
31417,31418,2-s2.0-84969654954
31418,31419,2-s2.0-84964329066
31419,31420,2-s2.0-84963864098
31422,31423,2-s2.0-84955095573
31426,31427,2-s2.0-84941347370
31428,31429,2-s2.0-84928740210
31432,31433,2-s2.0-84988884550
31434,31435,2-s2.0-84988869838
31437,31438,2-s2.0-85000869296
31439,31440,2-s2.0-84988373630
31441,31442,2-s2.0-84984799182
31443,31444,2-s2.0-85016069065
31449,31450,2-s2.0-84985937191
31451,31452,2-s2.0-85013001182
31452,31453,2-s2.0-84983350374
31454,31455,2-s2.0-84988476195
31455,31456,2-s2.0-84988452257
31456,31457,2-s2.0-84978766188
31462,31463,2-s2.0-84939832994
31464,31465,2-s2.0-84985961259
31466,31467,2-s2.0-84982131423
31468,31469,2-s2.0-84991489970
31469,31470,2-s2.0-84991489926
31470,31471,2-s2.0-84990044998
31471,31472,2-s2.0-84989839526
31472,31473,2-s2.0-84988913557
31473,31474,2-s2.0-84988912027
31480,31481,2-s2.0-84982170163
31484,31485,2-s2.0-84978535942
31486,31487,2-s2.0-84978289149
31488,31489,2-s2.0-84978145859
31489,31490,2-s2.0-84978141905
31490,31491,2-s2.0-84978114994
31493,31494,2-s2.0-84978032868
31494,31495,2-s2.0-84977598213
31497,31498,2-s2.0-84975275472
31499,31500,2-s2.0-84975217665
31507,31508,2-s2.0-84971011006
31509,31510,2-s2.0-84970990304
31510,31511,2-s2.0-84970977764
31512,31513,2-s2.0-84970973819
31515,31516,2-s2.0-84970950266
31517,31518,2-s2.0-84968761584
31521,31522,2-s2.0-84963614821
31523,31524,2-s2.0-84948439595
31524,31525,2-s2.0-84940851058
31526,31527,2-s2.0-84925238608
31527,31528,2-s2.0-84923875641
31528,31529,2-s2.0-84980028605
31531,31532,2-s2.0-84982144506
31532,31533,2-s2.0-84980351947
31533,31534,2-s2.0-84946430835
31534,31535,2-s2.0-84992036418
31536,31537,2-s2.0-84986000841
31538,31539,2-s2.0-84983450439
31539,31540,2-s2.0-84983428365
31542,31543,2-s2.0-84983315096
31546,31547,2-s2.0-85014243226
31552,31553,2-s2.0-84979784042
31553,31554,2-s2.0-84979752369
31555,31556,2-s2.0-84979737390
31556,31557,2-s2.0-84979735751
31558,31559,2-s2.0-85015431458
31559,31560,2-s2.0-85015368635
31561,31562,2-s2.0-84978399792
31563,31564,2-s2.0-84980030890
31565,31566,2-s2.0-84991457515
31566,31567,2-s2.0-84983526968
31567,31568,2-s2.0-84979527253
31569,31570,2-s2.0-84967157593
31574,31575,2-s2.0-84948147170
31576,31577,2-s2.0-84945297757
31577,31578,2-s2.0-84922983370
31579,31580,2-s2.0-85019016259
31580,31581,2-s2.0-85011022634
31582,31583,2-s2.0-84978932855
31583,31584,2-s2.0-84977624002
31584,31585,2-s2.0-84976331493
31587,31588,2-s2.0-84966714966
31589,31590,2-s2.0-84961864496
31590,31591,2-s2.0-84961199333
31594,31595,2-s2.0-84941247641
31597,31598,2-s2.0-85106443803
31600,31601,2-s2.0-85035043364
31602,31603,2-s2.0-85018278092
31604,31605,2-s2.0-84987761315
31605,31606,2-s2.0-84985961744
31609,31610,2-s2.0-84982804410
31611,31612,2-s2.0-84979567318
31612,31613,2-s2.0-84979036801
31613,31614,2-s2.0-84978896032
31615,31616,2-s2.0-84978663503
31618,31619,2-s2.0-84978164178
31620,31621,2-s2.0-84978120910
31621,31622,2-s2.0-84978076949
31622,31623,2-s2.0-84978036004
31623,31624,2-s2.0-84977136504
31624,31625,2-s2.0-84977072808
31628,31629,2-s2.0-84973352305
31629,31630,2-s2.0-84973332893
31631,31632,2-s2.0-84971493069
31632,31633,2-s2.0-84971260943
31633,31634,2-s2.0-84968665500
31635,31636,2-s2.0-84964967772
31638,31639,2-s2.0-84963701007
31639,31640,2-s2.0-84962809975
31640,31641,2-s2.0-84962132777
31641,31642,2-s2.0-84960919888
31644,31645,2-s2.0-84958751180
31646,31647,2-s2.0-84955291578
31648,31649,2-s2.0-84954413921
31649,31650,2-s2.0-84954119349
31650,31651,2-s2.0-84951765785
31653,31654,2-s2.0-84944544229
31654,31655,2-s2.0-84940469181
31656,31657,2-s2.0-84924273128
31657,31658,2-s2.0-84924265008
31663,31664,2-s2.0-84983364609
31664,31665,2-s2.0-84983362317
31666,31667,2-s2.0-84983349247
31667,31668,2-s2.0-84983349033
31668,31669,2-s2.0-84983347789
31669,31670,2-s2.0-84983340446
31673,31674,2-s2.0-84983320382
31674,31675,2-s2.0-84983319614
31675,31676,2-s2.0-84983316066
31676,31677,2-s2.0-84983315407
31680,31681,2-s2.0-84983297322
31681,31682,2-s2.0-84983294427
31682,31683,2-s2.0-84983294345
31690,31691,2-s2.0-84983261939
31691,31692,2-s2.0-84983261412
31692,31693,2-s2.0-84983259208
31693,31694,2-s2.0-84983249327
31694,31695,2-s2.0-84983242634
31696,31697,2-s2.0-84985963108
31697,31698,2-s2.0-84984586067
31699,31700,2-s2.0-84975247440
31700,31701,2-s2.0-84965183485
31701,31702,2-s2.0-85018060274
31705,31706,2-s2.0-84977569765
31707,31708,2-s2.0-84977534198
31708,31709,2-s2.0-84977503033
31711,31712,2-s2.0-84979752461
31713,31714,2-s2.0-84973379978
31718,31719,2-s2.0-85015668354
31719,31720,2-s2.0-85012000371
31720,31721,2-s2.0-85006190057
31725,31726,2-s2.0-84979073420
31726,31727,2-s2.0-84978972752
31728,31729,2-s2.0-84978828812
31729,31730,2-s2.0-84978166153
31733,31734,2-s2.0-84978052446
31734,31735,2-s2.0-84977580795
31739,31740,2-s2.0-84971667860
31741,31742,2-s2.0-84970016745
31742,31743,2-s2.0-84969940420
31744,31745,2-s2.0-84969931526
31746,31747,2-s2.0-84968747373
31750,31751,2-s2.0-84965174071
31752,31753,2-s2.0-84965082783
31756,31757,2-s2.0-84964334371
31758,31759,2-s2.0-84963692171
31765,31766,2-s2.0-84961992350
31766,31767,2-s2.0-84961770709
31768,31769,2-s2.0-84959106707
31773,31774,2-s2.0-84952701003
31774,31775,2-s2.0-84949635298
31775,31776,2-s2.0-84933565296
31777,31778,2-s2.0-84930321228
31778,31779,2-s2.0-84922949151
31779,31780,2-s2.0-84922124621
31785,31786,2-s2.0-85021883877
31787,31788,2-s2.0-84927534239
31789,31790,2-s2.0-84978153633
31791,31792,2-s2.0-84929598145
31792,31793,2-s2.0-84928027574
31793,31794,2-s2.0-84978160646
31797,31798,2-s2.0-84962802862
31801,31802,2-s2.0-84994666199
31804,31805,2-s2.0-84994637540
31808,31809,2-s2.0-84994625416
31812,31813,2-s2.0-84994584928
31813,31814,2-s2.0-84994583201
31815,31816,2-s2.0-84994559558
31819,31820,2-s2.0-84973659494
31822,31823,2-s2.0-84973407705
31825,31826,2-s2.0-84973097812
31827,31828,2-s2.0-84962407598
31828,31829,2-s2.0-84961654715
31829,31830,2-s2.0-84961201949
31830,31831,2-s2.0-84937798574
31831,31832,2-s2.0-85056625683
31837,31838,2-s2.0-84990965433
31838,31839,2-s2.0-84985952151
31839,31840,2-s2.0-84978872983
31840,31841,2-s2.0-84978215753
31846,31847,2-s2.0-84973341530
31851,31852,2-s2.0-84965106007
31852,31853,2-s2.0-84964909249
31853,31854,2-s2.0-84964600662
31860,31861,2-s2.0-84960395805
31861,31862,2-s2.0-84960383860
31862,31863,2-s2.0-84960341480
31864,31865,2-s2.0-84960079626
31866,31867,2-s2.0-84958260249
31869,31870,2-s2.0-84951953169
31870,31871,2-s2.0-84949989038
31871,31872,2-s2.0-84949936386
31872,31873,2-s2.0-84949639991
31874,31875,2-s2.0-84946423705
31876,31877,2-s2.0-84939646921
31882,31883,2-s2.0-84973623244
31883,31884,2-s2.0-84973621765
31885,31886,2-s2.0-84976492907
31886,31887,2-s2.0-84976473928
31888,31889,2-s2.0-84970038682
31889,31890,2-s2.0-84970023741
31890,31891,2-s2.0-84970021755
31891,31892,2-s2.0-84970021321
31892,31893,2-s2.0-84970016950
31893,31894,2-s2.0-84970015461
31894,31895,2-s2.0-84969988170
31898,31899,2-s2.0-84969972277
31900,31901,2-s2.0-84969972174
31902,31903,2-s2.0-84969963064
31904,31905,2-s2.0-84969941169
31905,31906,2-s2.0-84969940580
31906,31907,2-s2.0-84969932207
31908,31909,2-s2.0-84969927080
31909,31910,2-s2.0-84969926618
31910,31911,2-s2.0-84969921552
31914,31915,2-s2.0-84969920368
31916,31917,2-s2.0-84969913445
31918,31919,2-s2.0-84969909551
31920,31921,2-s2.0-84958118798
31925,31926,2-s2.0-84982788084
31928,31929,2-s2.0-84969975748
31929,31930,2-s2.0-84964915495
31930,31931,2-s2.0-84964914143
31934,31935,2-s2.0-84966335452
31938,31939,2-s2.0-85057016100
31940,31941,2-s2.0-84975284917
31942,31943,2-s2.0-84975217823
31943,31944,2-s2.0-84974828440
31945,31946,2-s2.0-84961240558
31947,31948,2-s2.0-84961197767
31953,31954,2-s2.0-85059566077
31955,31956,2-s2.0-85031490894
31958,31959,2-s2.0-85018388418
31960,31961,2-s2.0-84990174706
31964,31965,2-s2.0-84977652535
31965,31966,2-s2.0-84974593985
31966,31967,2-s2.0-84973879549
31967,31968,2-s2.0-84973867019
31968,31969,2-s2.0-84973099707
31969,31970,2-s2.0-84969269052
31971,31972,2-s2.0-84964871388
31973,31974,2-s2.0-84964769835
31974,31975,2-s2.0-84964749486
31975,31976,2-s2.0-84964734976
31976,31977,2-s2.0-84964715580
31977,31978,2-s2.0-84964687267
31978,31979,2-s2.0-84964608750
31982,31983,2-s2.0-84964445520
31983,31984,2-s2.0-84964440097
31987,31988,2-s2.0-84962910831
31990,31991,2-s2.0-84962858076
31991,31992,2-s2.0-84962840673
31993,31994,2-s2.0-84962815661
31995,31996,2-s2.0-84962759795
31996,31997,2-s2.0-84962741830
31998,31999,2-s2.0-84962641593
31999,32000,2-s2.0-84962630115
32000,32001,2-s2.0-84962629422
32003,32004,2-s2.0-84961211393
32005,32006,2-s2.0-84961199212
32011,32012,2-s2.0-84960433495
32018,32019,2-s2.0-84951147342
32019,32020,2-s2.0-84939825986
32020,32021,2-s2.0-85001759442
32022,32023,2-s2.0-84961653825
32023,32024,2-s2.0-85028568546
32024,32025,2-s2.0-85028544818
32027,32028,2-s2.0-84967110105
32029,32030,2-s2.0-84961773687
32033,32034,2-s2.0-84962167139
32034,32035,2-s2.0-84961668032
32038,32039,2-s2.0-84960897818
32040,32041,2-s2.0-84963541952
32041,32042,2-s2.0-84963532517
32042,32043,2-s2.0-84960840546
32044,32045,2-s2.0-84988432299
32045,32046,2-s2.0-84988432044
32046,32047,2-s2.0-84988385339
32047,32048,2-s2.0-84975482900
32048,32049,2-s2.0-84964689344
32049,32050,2-s2.0-84964674928
32050,32051,2-s2.0-84964669951
32053,32054,2-s2.0-84964584470
32057,32058,2-s2.0-84958759958
32058,32059,2-s2.0-84958113791
32063,32064,2-s2.0-85022176500
32064,32065,2-s2.0-85007011886
32066,32067,2-s2.0-85005766215
32069,32070,2-s2.0-84983018730
32075,32076,2-s2.0-84969134546
32077,32078,2-s2.0-84966318509
32078,32079,2-s2.0-84964507426
32083,32084,2-s2.0-84962142276
32085,32086,2-s2.0-84960920373
32086,32087,2-s2.0-84960848499
32088,32089,2-s2.0-84960096405
32089,32090,2-s2.0-84959570682
32092,32093,2-s2.0-84959307105
32094,32095,2-s2.0-84959245748
32097,32098,2-s2.0-84959162701
32098,32099,2-s2.0-84959162469
32100,32101,2-s2.0-84958652462
32102,32103,2-s2.0-84958058662
32103,32104,2-s2.0-84958055596
32105,32106,2-s2.0-84958049073
32106,32107,2-s2.0-84957812687
32107,32108,2-s2.0-84957598714
32108,32109,2-s2.0-84956834049
32112,32113,2-s2.0-84949812147
32113,32114,2-s2.0-84949580110
32114,32115,2-s2.0-84942864013
32115,32116,2-s2.0-84924559498
32116,32117,2-s2.0-85008440595
32117,32118,2-s2.0-84987707832
32119,32120,2-s2.0-85011550298
32120,32121,2-s2.0-84982999554
32121,32122,2-s2.0-84982993344
32123,32124,2-s2.0-84975859973
32124,32125,2-s2.0-84968654909
32126,32127,2-s2.0-84968583617
32132,32133,2-s2.0-84955346754
32134,32135,2-s2.0-84959202496
32138,32139,2-s2.0-84964380950
32143,32144,2-s2.0-84958581504
32145,32146,2-s2.0-84958969379
32146,32147,2-s2.0-84954393591
32149,32150,2-s2.0-84964292824
32150,32151,2-s2.0-84957812985
32151,32152,2-s2.0-85061882738
32152,32153,2-s2.0-85044396211
32156,32157,2-s2.0-84960539595
32157,32158,2-s2.0-84959510537
32159,32160,2-s2.0-84958756992
32166,32167,2-s2.0-84955212187
32170,32171,2-s2.0-84954383441
32171,32172,2-s2.0-84954367739
32172,32173,2-s2.0-84954360460
32173,32174,2-s2.0-84953639470
32175,32176,2-s2.0-84949843795
32178,32179,2-s2.0-84942354148
32183,32184,2-s2.0-84966601499
32187,32188,2-s2.0-84898742442
32190,32191,2-s2.0-84966560274
32193,32194,2-s2.0-84964422443
32195,32196,2-s2.0-84964380986
32200,32201,2-s2.0-84961253171
32201,32202,2-s2.0-84960232898
32203,32204,2-s2.0-84959372543
32204,32205,2-s2.0-84959338227
32207,32208,2-s2.0-84959121603
32209,32210,2-s2.0-84959053648
32210,32211,2-s2.0-84958753885
32215,32216,2-s2.0-84955586555
32220,32221,2-s2.0-84934342549
32222,32223,2-s2.0-84930156781
32225,32226,2-s2.0-85206348428
32226,32227,2-s2.0-85181378491
32229,32230,2-s2.0-85172124990
32231,32232,2-s2.0-85171596500
32232,32233,2-s2.0-85168464819
32235,32236,2-s2.0-85153650493
32242,32243,2-s2.0-85140329928
32243,32244,2-s2.0-85139260950
32244,32245,2-s2.0-85139256102
32249,32250,2-s2.0-85138892988
32253,32254,2-s2.0-85135567924
32254,32255,2-s2.0-85122582929
32255,32256,2-s2.0-85122566079
32257,32258,2-s2.0-85121535258
32260,32261,2-s2.0-85112685696
32263,32264,2-s2.0-85110645466
32265,32266,2-s2.0-85105234567
32267,32268,2-s2.0-85099322469
32268,32269,2-s2.0-85097997515
32270,32271,2-s2.0-85093962820
32273,32274,2-s2.0-85088159502
32274,32275,2-s2.0-85088056976
32275,32276,2-s2.0-85087738985
32277,32278,2-s2.0-85086849496
32278,32279,2-s2.0-85086689068
32280,32281,2-s2.0-85084712113
32281,32282,2-s2.0-85084711532
32285,32286,2-s2.0-85082650175
32286,32287,2-s2.0-85082485316
32287,32288,2-s2.0-85080047486
32288,32289,2-s2.0-85078959417
32292,32293,2-s2.0-85071947744
32293,32294,2-s2.0-85071947707
32294,32295,2-s2.0-85071929863
32295,32296,2-s2.0-85071517243
32296,32297,2-s2.0-85071510379
32297,32298,2-s2.0-85071474203
32298,32299,2-s2.0-85071460577
32299,32300,2-s2.0-85071450630
32300,32301,2-s2.0-85071437932
32304,32305,2-s2.0-85071414262
32305,32306,2-s2.0-85071068221
32308,32309,2-s2.0-85068882104
32309,32310,2-s2.0-85068877772
32310,32311,2-s2.0-85068862324
32311,32312,2-s2.0-85068430323
32314,32315,2-s2.0-85068156284
32315,32316,2-s2.0-85068143681
32317,32318,2-s2.0-85068129365
32319,32320,2-s2.0-85067791353
32324,32325,2-s2.0-85065287153
32325,32326,2-s2.0-85063836876
32328,32329,2-s2.0-85060576671
32331,32332,2-s2.0-85060163316
32336,32337,2-s2.0-85059846076
32337,32338,2-s2.0-85059628058
32339,32340,2-s2.0-85058226589
32341,32342,2-s2.0-85055240444
32342,32343,2-s2.0-85054703017
32344,32345,2-s2.0-85052819502
32346,32347,2-s2.0-85052395181
32347,32348,2-s2.0-85052236520
32348,32349,2-s2.0-85051183387
32350,32351,2-s2.0-85050219070
32351,32352,2-s2.0-85049869170
32354,32355,2-s2.0-85047231358
32355,32356,2-s2.0-85046533205
32356,32357,2-s2.0-85046398235
32357,32358,2-s2.0-85046158467
32358,32359,2-s2.0-85044079387
32363,32364,2-s2.0-85042548504
32364,32365,2-s2.0-85042547314
32365,32366,2-s2.0-85042541638
32366,32367,2-s2.0-85042540830
32372,32373,2-s2.0-85042522579
32373,32374,2-s2.0-85042522162
32378,32379,2-s2.0-85042406256
32381,32382,2-s2.0-85041332969
32382,32383,2-s2.0-85039069755
32383,32384,2-s2.0-85039065840
32384,32385,2-s2.0-85039054695
32385,32386,2-s2.0-85039034174
32387,32388,2-s2.0-85035762773
32388,32389,2-s2.0-85035146702
32389,32390,2-s2.0-85033787962
32390,32391,2-s2.0-85032925784
32391,32392,2-s2.0-85032904603
32394,32395,2-s2.0-85032511051
32395,32396,2-s2.0-85032364038
32397,32398,2-s2.0-85031754329
32398,32399,2-s2.0-85031753277
32402,32403,2-s2.0-85030160002
32403,32404,2-s2.0-85029209354
32409,32410,2-s2.0-85028700606
32410,32411,2-s2.0-85028653107
32411,32412,2-s2.0-85028393958
32413,32414,2-s2.0-85027069025
32414,32415,2-s2.0-85027025747
32415,32416,2-s2.0-85026890639
32416,32417,2-s2.0-85026754569
32418,32419,2-s2.0-85026659452
32419,32420,2-s2.0-85026636350
32426,32427,2-s2.0-85025819594
32427,32428,2-s2.0-85025804050
32428,32429,2-s2.0-85025641567
32429,32430,2-s2.0-85025620676
32431,32432,2-s2.0-85025467441
32432,32433,2-s2.0-85024895627
32433,32434,2-s2.0-85024886647
32439,32440,2-s2.0-85022332450
32440,32441,2-s2.0-85022325220
32442,32443,2-s2.0-85022049949
32444,32445,2-s2.0-85021928824
32445,32446,2-s2.0-85021837347
32446,32447,2-s2.0-85021787330
32447,32448,2-s2.0-85021690456
32448,32449,2-s2.0-85021687829
32451,32452,2-s2.0-85021661064
32452,32453,2-s2.0-85021652480
32453,32454,2-s2.0-85021634230
32454,32455,2-s2.0-85021629295
32457,32458,2-s2.0-85020803354
32459,32460,2-s2.0-85020778070
32460,32461,2-s2.0-85020740592
32461,32462,2-s2.0-85020736702
32462,32463,2-s2.0-85020720989
32467,32468,2-s2.0-85019479985
32470,32471,2-s2.0-85019167889
32473,32474,2-s2.0-85019085585
32475,32476,2-s2.0-85019003566
32477,32478,2-s2.0-85019001940
32480,32481,2-s2.0-85018947588
32481,32482,2-s2.0-85018942763
32486,32487,2-s2.0-85018932907
32487,32488,2-s2.0-85018923760
32489,32490,2-s2.0-85018922002
32492,32493,2-s2.0-85018918987
32494,32495,2-s2.0-85018916888
32496,32497,2-s2.0-85018915390
32497,32498,2-s2.0-85018914514
32499,32500,2-s2.0-85018912583
32501,32502,2-s2.0-85018910827
32503,32504,2-s2.0-85018908007
32504,32505,2-s2.0-85018906198
32505,32506,2-s2.0-85018905869
32507,32508,2-s2.0-85018896804
32508,32509,2-s2.0-85018895798
32511,32512,2-s2.0-85018889294
32512,32513,2-s2.0-85018886538
32513,32514,2-s2.0-85018886134
32516,32517,2-s2.0-85018880210
32517,32518,2-s2.0-85018879658
32521,32522,2-s2.0-85018864468
32523,32524,2-s2.0-85018863785
32525,32526,2-s2.0-85018860785
32528,32529,2-s2.0-85018730138
32530,32531,2-s2.0-85018620991
32531,32532,2-s2.0-85018600474
32533,32534,2-s2.0-85018584951
32535,32536,2-s2.0-85018581455
32536,32537,2-s2.0-85018566740
32539,32540,2-s2.0-85018550199
32542,32543,2-s2.0-85018411516
32543,32544,2-s2.0-85018395100
32544,32545,2-s2.0-85018320129
32545,32546,2-s2.0-85018294646
32546,32547,2-s2.0-85018237464
32550,32551,2-s2.0-85018207897
32551,32552,2-s2.0-85018205846
32552,32553,2-s2.0-85018072802
32554,32555,2-s2.0-85017656742
32555,32556,2-s2.0-85017634248
32556,32557,2-s2.0-85017590472
32557,32558,2-s2.0-85017588112
32558,32559,2-s2.0-85017587240
32559,32560,2-s2.0-85017198740
32561,32562,2-s2.0-85017171521
32564,32565,2-s2.0-85017070120
32567,32568,2-s2.0-85016970751
32568,32569,2-s2.0-85016951702
32569,32570,2-s2.0-85016798817
32572,32573,2-s2.0-85016516629
32573,32574,2-s2.0-85016512780
32574,32575,2-s2.0-85016506132
32580,32581,2-s2.0-85016455828
32581,32582,2-s2.0-85016428622
32587,32588,2-s2.0-85016105444
32589,32590,2-s2.0-85016077405
32590,32591,2-s2.0-85015984152
32592,32593,2-s2.0-85015379878
32593,32594,2-s2.0-85015370189
32595,32596,2-s2.0-85015173020
32596,32597,2-s2.0-85015171708
32602,32603,2-s2.0-85014928042
32605,32606,2-s2.0-85014385860
32607,32608,2-s2.0-85014341173
32608,32609,2-s2.0-85014130418
32609,32610,2-s2.0-85014122604
32612,32613,2-s2.0-85014100055
32613,32614,2-s2.0-85014088318
32614,32615,2-s2.0-85014067571
32618,32619,2-s2.0-85013668573
32619,32620,2-s2.0-85013667776
32621,32622,2-s2.0-85013350289
32622,32623,2-s2.0-85013158271
32624,32625,2-s2.0-85012937912
32627,32628,2-s2.0-85012299219
32629,32630,2-s2.0-85012277773
32630,32631,2-s2.0-85011945185
32632,32633,2-s2.0-85011832782
32637,32638,2-s2.0-85011298579
32640,32641,2-s2.0-85011051510
32644,32645,2-s2.0-85010333021
32645,32646,2-s2.0-85010197247
32646,32647,2-s2.0-85010014503
32647,32648,2-s2.0-85009971422
32651,32652,2-s2.0-85009686713
32653,32654,2-s2.0-85009684384
32654,32655,2-s2.0-85009681315
32656,32657,2-s2.0-85009675191
32657,32658,2-s2.0-85009675174
32659,32660,2-s2.0-85009673229
32662,32663,2-s2.0-85009659157
32665,32666,2-s2.0-85009509165
32666,32667,2-s2.0-85009487418
32667,32668,2-s2.0-85009486510
32670,32671,2-s2.0-85009461052
32671,32672,2-s2.0-85009460309
32676,32677,2-s2.0-85009152767
32677,32678,2-s2.0-85009101200
32678,32679,2-s2.0-85009072328
32680,32681,2-s2.0-85008947580
32682,32683,2-s2.0-85008423069
32684,32685,2-s2.0-85008352127
32688,32689,2-s2.0-85007591491
32689,32690,2-s2.0-85007575426
32690,32691,2-s2.0-85007574941
32693,32694,2-s2.0-85007401355
32700,32701,2-s2.0-85006925407
32702,32703,2-s2.0-85006856681
32704,32705,2-s2.0-85006847263
32705,32706,2-s2.0-85006792146
32706,32707,2-s2.0-85006784957
32710,32711,2-s2.0-85006489436
32712,32713,2-s2.0-85006375516
32713,32714,2-s2.0-85006337604
32717,32718,2-s2.0-85006054071
32718,32719,2-s2.0-85006041124
32719,32720,2-s2.0-85006026369
32720,32721,2-s2.0-85006004146
32721,32722,2-s2.0-85005999203
32722,32723,2-s2.0-85005991833
32723,32724,2-s2.0-85005957388
32724,32725,2-s2.0-85003632884
32727,32728,2-s2.0-85003443843
32728,32729,2-s2.0-85003434292
32729,32730,2-s2.0-85002951456
32730,32731,2-s2.0-85002588814
32734,32735,2-s2.0-85002050632
32736,32737,2-s2.0-85000866278
32743,32744,2-s2.0-85000402113
32744,32745,2-s2.0-85000399523
32746,32747,2-s2.0-84999289143
32747,32748,2-s2.0-84999266471
32748,32749,2-s2.0-84999232378
32749,32750,2-s2.0-84999188075
32751,32752,2-s2.0-84999006579
32752,32753,2-s2.0-84997354364
32756,32757,2-s2.0-84996865928
32757,32758,2-s2.0-84996848905
32759,32760,2-s2.0-84996774841
32761,32762,2-s2.0-84996605541
32762,32763,2-s2.0-84996567077
32765,32766,2-s2.0-84996537947
32769,32770,2-s2.0-84995680444
32774,32775,2-s2.0-84995514595
32776,32777,2-s2.0-84994877151
32777,32778,2-s2.0-84994876201
32779,32780,2-s2.0-84994851453
32782,32783,2-s2.0-84994807566
32783,32784,2-s2.0-84994631313
32784,32785,2-s2.0-84994474502
32789,32790,2-s2.0-84994229341
32791,32792,2-s2.0-84994162530
32795,32796,2-s2.0-84992665649
32798,32799,2-s2.0-84992588858
32800,32801,2-s2.0-84992573918
32801,32802,2-s2.0-84992562563
32806,32807,2-s2.0-84992391347
32807,32808,2-s2.0-84992166092
32811,32812,2-s2.0-84991454096
32813,32814,2-s2.0-84991218059
32817,32818,2-s2.0-84990067647
32818,32819,2-s2.0-84990050330
32819,32820,2-s2.0-84990050137
32823,32824,2-s2.0-84989895136
32824,32825,2-s2.0-84989877845
32828,32829,2-s2.0-84989259744
32829,32830,2-s2.0-84989221517
32831,32832,2-s2.0-84988864357
32833,32834,2-s2.0-84988835506
32834,32835,2-s2.0-84988826421
32836,32837,2-s2.0-84988646857
32837,32838,2-s2.0-84988615501
32838,32839,2-s2.0-84988600839
32839,32840,2-s2.0-84988599533
32840,32841,2-s2.0-84988530566
32841,32842,2-s2.0-84988499125
32842,32843,2-s2.0-84988498962
32844,32845,2-s2.0-84988039974
32850,32851,2-s2.0-84987945012
32852,32853,2-s2.0-84987933170
32855,32856,2-s2.0-84987848074
32856,32857,2-s2.0-84987848069
32859,32860,2-s2.0-84987810000
32860,32861,2-s2.0-84987800426
32861,32862,2-s2.0-84987779527
32863,32864,2-s2.0-84987653494
32866,32867,2-s2.0-84985001778
32868,32869,2-s2.0-84984910873
32870,32871,2-s2.0-84984831730
32871,32872,2-s2.0-84984799891
32872,32873,2-s2.0-84984698523
32873,32874,2-s2.0-84984657071
32874,32875,2-s2.0-84984650066
32875,32876,2-s2.0-84984638434
32877,32878,2-s2.0-84983783860
32878,32879,2-s2.0-84983760990
32882,32883,2-s2.0-84983078649
32883,32884,2-s2.0-84983042523
32884,32885,2-s2.0-84982883650
32887,32888,2-s2.0-84982189603
32888,32889,2-s2.0-84982162399
32889,32890,2-s2.0-84982126262
32890,32891,2-s2.0-84981508184
32892,32893,2-s2.0-84981502061
32893,32894,2-s2.0-84981336762
32894,32895,2-s2.0-84981318525
32895,32896,2-s2.0-84981318418
32896,32897,2-s2.0-84981165296
32897,32898,2-s2.0-84980316309
32898,32899,2-s2.0-84979701180
32899,32900,2-s2.0-84979656162
32900,32901,2-s2.0-84979644207
32901,32902,2-s2.0-84979547060
32902,32903,2-s2.0-84979523788
32907,32908,2-s2.0-84979080370
32909,32910,2-s2.0-84979026541
32910,32911,2-s2.0-84979008544
32912,32913,2-s2.0-84978938011
32913,32914,2-s2.0-84978900518
32915,32916,2-s2.0-84978893227
32921,32922,2-s2.0-84978863355
32922,32923,2-s2.0-84978842678
32923,32924,2-s2.0-84978842661
32924,32925,2-s2.0-84978828796
32926,32927,2-s2.0-84978817915
32927,32928,2-s2.0-84978811193
32928,32929,2-s2.0-84978726751
32934,32935,2-s2.0-84978289295
32941,32942,2-s2.0-84978208242
32943,32944,2-s2.0-84978194824
32944,32945,2-s2.0-84978187316
32946,32947,2-s2.0-84978107187
32947,32948,2-s2.0-84978100421
32950,32951,2-s2.0-84977628712
32951,32952,2-s2.0-84977597297
32953,32954,2-s2.0-84977538300
32954,32955,2-s2.0-84977109166
32955,32956,2-s2.0-84977074394
32958,32959,2-s2.0-84976529291
32959,32960,2-s2.0-84976520729
32962,32963,2-s2.0-84976466380
32965,32966,2-s2.0-84976388638
32966,32967,2-s2.0-84976293262
32967,32968,2-s2.0-84975840333
32968,32969,2-s2.0-84975758713
32971,32972,2-s2.0-84975254950
32972,32973,2-s2.0-84975029064
32974,32975,2-s2.0-84974686114
32978,32979,2-s2.0-84973519860
32979,32980,2-s2.0-84973438724
32980,32981,2-s2.0-84973131017
32981,32982,2-s2.0-84973091515
32983,32984,2-s2.0-84970024478
32984,32985,2-s2.0-84969902292
32986,32987,2-s2.0-84969141779
32987,32988,2-s2.0-84968912300
32990,32991,2-s2.0-84968698117
32991,32992,2-s2.0-84968665467
32992,32993,2-s2.0-84968662304
32993,32994,2-s2.0-84968655412
33002,33003,2-s2.0-84968571639
33005,33006,2-s2.0-84968548035
33008,33009,2-s2.0-84968531387
33009,33010,2-s2.0-84968531360
33010,33011,2-s2.0-84968531344
33012,33013,2-s2.0-84966738380
33013,33014,2-s2.0-84966649995
33016,33017,2-s2.0-84964936655
33017,33018,2-s2.0-84964766202
33019,33020,2-s2.0-84964434866
33020,33021,2-s2.0-84964345571
33021,33022,2-s2.0-84964325867
33022,33023,2-s2.0-84964300514
33025,33026,2-s2.0-84963815491
33027,33028,2-s2.0-84963746109
33032,33033,2-s2.0-84962298773
33034,33035,2-s2.0-84962192857
33036,33037,2-s2.0-84962179916
33037,33038,2-s2.0-84962161450
33040,33041,2-s2.0-84961644637
33042,33043,2-s2.0-84961210665
33046,33047,2-s2.0-84960839672
33047,33048,2-s2.0-84960457998
33048,33049,2-s2.0-84960447988
33049,33050,2-s2.0-84960440752
33052,33053,2-s2.0-84960398659
33053,33054,2-s2.0-84960388786
33056,33057,2-s2.0-84960121411
33058,33059,2-s2.0-84959548618
33059,33060,2-s2.0-84959522379
33061,33062,2-s2.0-84959420629
33065,33066,2-s2.0-84959215877
33066,33067,2-s2.0-84959201693
33068,33069,2-s2.0-84959123691
33069,33070,2-s2.0-84958999346
33070,33071,2-s2.0-84958720624
33071,33072,2-s2.0-84958696283
33072,33073,2-s2.0-84958695200
33073,33074,2-s2.0-84958691081
33074,33075,2-s2.0-84958550015
33077,33078,2-s2.0-84958213724
33081,33082,2-s2.0-84957922257
33082,33083,2-s2.0-84957867190
33083,33084,2-s2.0-84957804335
33084,33085,2-s2.0-84957690736
33086,33087,2-s2.0-84957431404
33087,33088,2-s2.0-84957402204
33088,33089,2-s2.0-84957076315
33089,33090,2-s2.0-84956973785
33091,33092,2-s2.0-84956755865
33092,33093,2-s2.0-84956701173
33093,33094,2-s2.0-84956587539
33099,33100,2-s2.0-84955105159
33100,33101,2-s2.0-84954618973
33101,33102,2-s2.0-84954565126
33102,33103,2-s2.0-84954403095
33103,33104,2-s2.0-84954398223
33104,33105,2-s2.0-84952360125
33106,33107,2-s2.0-84951866534
33107,33108,2-s2.0-84951858049
33109,33110,2-s2.0-84949601535
33110,33111,2-s2.0-84949098327
33113,33114,2-s2.0-84949091591
33117,33118,2-s2.0-84947249931
33118,33119,2-s2.0-84947044744
33119,33120,2-s2.0-84946811210
33120,33121,2-s2.0-84944111506
33121,33122,2-s2.0-84943646011
33122,33123,2-s2.0-84943598891
33125,33126,2-s2.0-84942934317
33126,33127,2-s2.0-84940717672
33128,33129,2-s2.0-84940717403
33130,33131,2-s2.0-84902010670
33131,33132,2-s2.0-105012681200
33132,33133,2-s2.0-105012346105
33133,33134,2-s2.0-105010993630
33135,33136,2-s2.0-105008161441
33137,33138,2-s2.0-105013644449
33139,33140,2-s2.0-105013513675
33140,33141,2-s2.0-105013150308
33144,33145,2-s2.0-105011980971
33145,33146,2-s2.0-105011949352
33146,33147,2-s2.0-105011354407
33147,33148,2-s2.0-105011352944
33149,33150,2-s2.0-105011343011
33152,33153,2-s2.0-105009938430
33153,33154,2-s2.0-105009910321
33154,33155,2-s2.0-105012966391
33156,33157,2-s2.0-85217784293
33157,33158,2-s2.0-85212756442
33159,33160,2-s2.0-86000322737
33160,33161,2-s2.0-85219701606
33161,33162,2-s2.0-85219692380
33162,33163,2-s2.0-85219352024
33164,33165,2-s2.0-85218892159
33167,33168,2-s2.0-85218248164
33169,33170,2-s2.0-85218206295
33170,33171,2-s2.0-85218192790
33171,33172,2-s2.0-85218176438
33172,33173,2-s2.0-85218166685
33174,33175,2-s2.0-85217871804
33175,33176,2-s2.0-85214923558
33176,33177,2-s2.0-85214263707
33178,33179,2-s2.0-105013656965
33179,33180,2-s2.0-105013641822
33182,33183,2-s2.0-105012984056
33183,33184,2-s2.0-105012938538
33185,33186,2-s2.0-105012756080
33189,33190,2-s2.0-105011952994
33190,33191,2-s2.0-105011712875
33191,33192,2-s2.0-105011687352
33202,33203,2-s2.0-105009970102
33204,33205,2-s2.0-105009729363
33205,33206,2-s2.0-105009720751
33209,33210,2-s2.0-105009544855
33211,33212,2-s2.0-105009535530
33212,33213,2-s2.0-105009226441
33215,33216,2-s2.0-105008660942
33216,33217,2-s2.0-105008570994
33217,33218,2-s2.0-105008552553
33219,33220,2-s2.0-105008387025
33221,33222,2-s2.0-105008229460
33223,33224,2-s2.0-105007795335
33225,33226,2-s2.0-105007695457
33226,33227,2-s2.0-105007635620
33230,33231,2-s2.0-105006852746
33231,33232,2-s2.0-105006556205
33232,33233,2-s2.0-105005797964
33233,33234,2-s2.0-105005794068
33234,33235,2-s2.0-105005519863
33237,33238,2-s2.0-105004798791
33246,33247,2-s2.0-105002943186
33251,33252,2-s2.0-105000536500
33252,33253,2-s2.0-105000473470
33254,33255,2-s2.0-85212287943
33257,33258,2-s2.0-105013812959
33258,33259,2-s2.0-105013593420
33260,33261,2-s2.0-105013512118
33261,33262,2-s2.0-105013507569
33262,33263,2-s2.0-105013502360
33263,33264,2-s2.0-105013495500
33264,33265,2-s2.0-105013198193
33265,33266,2-s2.0-105013153292
33269,33270,2-s2.0-105009016306
33271,33272,2-s2.0-105007814104
33272,33273,2-s2.0-105007153046
33278,33279,2-s2.0-105012196704
33280,33281,2-s2.0-105012100824
33285,33286,2-s2.0-105010676541
33286,33287,2-s2.0-105010033974
33287,33288,2-s2.0-105009996797
33290,33291,2-s2.0-105008691110
33294,33295,2-s2.0-105007796209
33295,33296,2-s2.0-105007321618
33297,33298,2-s2.0-105005505512
33298,33299,2-s2.0-105004268170
33299,33300,2-s2.0-105006877514
33304,33305,2-s2.0-85219685389
33308,33309,2-s2.0-85217249803
33310,33311,2-s2.0-85212684144
33314,33315,2-s2.0-85202882751
33316,33317,2-s2.0-105013796857
33317,33318,2-s2.0-105013771044
33318,33319,2-s2.0-105013224943
33320,33321,2-s2.0-105012942568
33322,33323,2-s2.0-105012649422
33325,33326,2-s2.0-105012284418
33326,33327,2-s2.0-105012112646
33329,33330,2-s2.0-105011515200
33330,33331,2-s2.0-105011154204
33332,33333,2-s2.0-105009850510
33335,33336,2-s2.0-105007621928
33336,33337,2-s2.0-105007332898
33337,33338,2-s2.0-105007212595
33340,33341,2-s2.0-105005587771
33341,33342,2-s2.0-105005223999
33344,33345,2-s2.0-105004727990
33345,33346,2-s2.0-105004437193
33348,33349,2-s2.0-105003812954
33351,33352,2-s2.0-105003086087
33352,33353,2-s2.0-105002824390
33354,33355,2-s2.0-105001832778
33355,33356,2-s2.0-105001030455
33358,33359,2-s2.0-105013205988
33359,33360,2-s2.0-105012944870
33361,33362,2-s2.0-86000333093
33363,33364,2-s2.0-85217173754
33365,33366,2-s2.0-85216462497
33366,33367,2-s2.0-85209193104
33367,33368,2-s2.0-85207765368
33368,33369,2-s2.0-85207351612
33369,33370,2-s2.0-85203701755
33371,33372,2-s2.0-85201707659
33375,33376,2-s2.0-85196645402
33377,33378,2-s2.0-85190944590
33378,33379,2-s2.0-105013675941
33379,33380,2-s2.0-105013366504
33380,33381,2-s2.0-105013300372
33381,33382,2-s2.0-105013149350
33385,33386,2-s2.0-105012895106
33389,33390,2-s2.0-105012292715
33390,33391,2-s2.0-105012291405
33391,33392,2-s2.0-105012260115
33392,33393,2-s2.0-105011979101
33393,33394,2-s2.0-105011958320
33395,33396,2-s2.0-105011867290
33396,33397,2-s2.0-105011847297
33397,33398,2-s2.0-105011832649
33408,33409,2-s2.0-105009869210
33409,33410,2-s2.0-105009692785
33410,33411,2-s2.0-105009522616
33413,33414,2-s2.0-105009349742
33421,33422,2-s2.0-105007867616
33422,33423,2-s2.0-105007517500
33423,33424,2-s2.0-105007035066
33425,33426,2-s2.0-105007007285
33426,33427,2-s2.0-105006975774
33430,33431,2-s2.0-105006410225
33433,33434,2-s2.0-105005884970
33435,33436,2-s2.0-105005557273
33440,33441,2-s2.0-105004462531
33441,33442,2-s2.0-105004304359
33442,33443,2-s2.0-105003013420
33443,33444,2-s2.0-105002761872
33445,33446,2-s2.0-105002596060
33446,33447,2-s2.0-105002149378
33449,33450,2-s2.0-105001174834
33451,33452,2-s2.0-105000991086
33452,33453,2-s2.0-105000832924
33456,33457,2-s2.0-105013155831
33457,33458,2-s2.0-105013655215
33460,33461,2-s2.0-105013619925
33462,33463,2-s2.0-105009271604
33465,33466,2-s2.0-105013092061
33466,33467,2-s2.0-105011846151
33467,33468,2-s2.0-105013074219
33468,33469,2-s2.0-105013072953
33470,33471,2-s2.0-105013071225
33471,33472,2-s2.0-105013069579
33475,33476,2-s2.0-105013081683
33477,33478,2-s2.0-105011498636
33478,33479,2-s2.0-105009278588
33480,33481,2-s2.0-105012168891
33481,33482,2-s2.0-105013445171
33482,33483,2-s2.0-105011676888
33484,33485,2-s2.0-105011584110
33486,33487,2-s2.0-105007932160
33488,33489,2-s2.0-105011699532
33492,33493,2-s2.0-105012916558
33495,33496,2-s2.0-105012910522
33497,33498,2-s2.0-85219544404
33499,33500,2-s2.0-85218195488
33501,33502,2-s2.0-85218076841
33502,33503,2-s2.0-85217815637
33506,33507,2-s2.0-85217389272
33508,33509,2-s2.0-85212608550
33509,33510,2-s2.0-85212505079
33510,33511,2-s2.0-85207868749
33514,33515,2-s2.0-85204492645
33515,33516,2-s2.0-105013812657
33518,33519,2-s2.0-105013649331
33523,33524,2-s2.0-105012309584
33524,33525,2-s2.0-105012290708
33527,33528,2-s2.0-105011826298
33528,33529,2-s2.0-105011733895
33529,33530,2-s2.0-105011705521
33530,33531,2-s2.0-105011689790
33531,33532,2-s2.0-105011676818
33532,33533,2-s2.0-105011674200
33533,33534,2-s2.0-105011659258
33537,33538,2-s2.0-105011604741
33538,33539,2-s2.0-105011544246
33539,33540,2-s2.0-105011542386
33543,33544,2-s2.0-105011507819
33544,33545,2-s2.0-105011506698
33545,33546,2-s2.0-105011504448
33547,33548,2-s2.0-105011499805
33548,33549,2-s2.0-105011498898
33549,33550,2-s2.0-105011496539
33550,33551,2-s2.0-105011494048
33553,33554,2-s2.0-105011319022
33555,33556,2-s2.0-105010844995
33557,33558,2-s2.0-105010694319
33558,33559,2-s2.0-105010599416
33559,33560,2-s2.0-105010587681
33561,33562,2-s2.0-105010440718
33562,33563,2-s2.0-105009657981
33564,33565,2-s2.0-105008957165
33565,33566,2-s2.0-105008884741
33567,33568,2-s2.0-105008350113
33568,33569,2-s2.0-105008021036
33574,33575,2-s2.0-105005785847
33575,33576,2-s2.0-105005463361
33577,33578,2-s2.0-105005259249
33580,33581,2-s2.0-105003951736
33581,33582,2-s2.0-105003573925
33582,33583,2-s2.0-105001801606
33584,33585,2-s2.0-105000965755
33585,33586,2-s2.0-105013335590
33590,33591,2-s2.0-105010106161
33591,33592,2-s2.0-105010089717
33594,33595,2-s2.0-105009318236
33597,33598,2-s2.0-105011963213
33600,33601,2-s2.0-105011823991
33601,33602,2-s2.0-105011823438
33605,33606,2-s2.0-105010637120
33608,33609,2-s2.0-105010597096
33609,33610,2-s2.0-105010585118
33615,33616,2-s2.0-105010302031
33616,33617,2-s2.0-105009363814
33617,33618,2-s2.0-105010307781
33620,33621,2-s2.0-105012208402
33622,33623,2-s2.0-105012181011
33623,33624,2-s2.0-105012173396
33625,33626,2-s2.0-105012157891
33626,33627,2-s2.0-105009052783
33627,33628,2-s2.0-105008528939
33629,33630,2-s2.0-105012328329
33630,33631,2-s2.0-105008579477
33631,33632,2-s2.0-105008080908
33634,33635,2-s2.0-105009241650
33636,33637,2-s2.0-105009235101
33637,33638,2-s2.0-105009235053
33638,33639,2-s2.0-105009232367
33639,33640,2-s2.0-105009228911
33642,33643,2-s2.0-105009219581
33643,33644,2-s2.0-105009216851
33644,33645,2-s2.0-105009215985
33647,33648,2-s2.0-105009208240
33648,33649,2-s2.0-105008081046
33649,33650,2-s2.0-105008005213
33653,33654,2-s2.0-105011411628
33655,33656,2-s2.0-105011410049
33657,33658,2-s2.0-105007504162
33665,33666,2-s2.0-85217970445
33668,33669,2-s2.0-85217428667
33677,33678,2-s2.0-85216893630
33678,33679,2-s2.0-85216525085
33680,33681,2-s2.0-85215223103
33682,33683,2-s2.0-85214236820
33688,33689,2-s2.0-85212701044
33692,33693,2-s2.0-85212263759
33693,33694,2-s2.0-85212184417
33694,33695,2-s2.0-85212107256
33698,33699,2-s2.0-85210179612
33699,33700,2-s2.0-85208454134
33700,33701,2-s2.0-85207860969
33701,33702,2-s2.0-85207780745
33703,33704,2-s2.0-85207037973
33706,33707,2-s2.0-85204799257
33707,33708,2-s2.0-85204174372
33708,33709,2-s2.0-85203236599
33710,33711,2-s2.0-85202663053
33712,33713,2-s2.0-85198942277
33713,33714,2-s2.0-85197750782
33715,33716,2-s2.0-85196415463
33716,33717,2-s2.0-85193725838
33721,33722,2-s2.0-85189526970
33725,33726,2-s2.0-85176952108
33728,33729,2-s2.0-105011305935
33732,33733,2-s2.0-105010587066
33733,33734,2-s2.0-105010356554
33734,33735,2-s2.0-105010313819
33736,33737,2-s2.0-105010218687
33740,33741,2-s2.0-105009908893
33741,33742,2-s2.0-105009907693
33743,33744,2-s2.0-105009633618
33745,33746,2-s2.0-105009615387
33747,33748,2-s2.0-105009423179
33750,33751,2-s2.0-105009299904
33751,33752,2-s2.0-105009293876
33752,33753,2-s2.0-105009292980
33754,33755,2-s2.0-105009276361
33756,33757,2-s2.0-105009270160
33757,33758,2-s2.0-105009269406
33759,33760,2-s2.0-105009264764
33760,33761,2-s2.0-105009260725
33761,33762,2-s2.0-105009258820
33762,33763,2-s2.0-105009252756
33765,33766,2-s2.0-105009067999
33766,33767,2-s2.0-105009044703
33768,33769,2-s2.0-105008998171
33769,33770,2-s2.0-105008957965
33770,33771,2-s2.0-105008947087
33772,33773,2-s2.0-105008915086
33780,33781,2-s2.0-105007756235
33785,33786,2-s2.0-105007652421
33787,33788,2-s2.0-105007549091
33790,33791,2-s2.0-105007471349
33791,33792,2-s2.0-105007469386
33793,33794,2-s2.0-105007169954
33794,33795,2-s2.0-105006811746
33796,33797,2-s2.0-105005996756
33797,33798,2-s2.0-105005977217
33798,33799,2-s2.0-105005977138
33802,33803,2-s2.0-105005265719
33805,33806,2-s2.0-105005090942
33806,33807,2-s2.0-105004360752
33807,33808,2-s2.0-105004219331
33808,33809,2-s2.0-105004181187
33813,33814,2-s2.0-105003571426
33815,33816,2-s2.0-105003323805
33816,33817,2-s2.0-105003323406
33817,33818,2-s2.0-105003312496
33819,33820,2-s2.0-105002742309
33822,33823,2-s2.0-105002412782
33823,33824,2-s2.0-105002320044
33826,33827,2-s2.0-105002253743
33830,33831,2-s2.0-105001501556
33831,33832,2-s2.0-105001497493
33835,33836,2-s2.0-105000543802
33837,33838,2-s2.0-105002701964
33838,33839,2-s2.0-105011890752
33840,33841,2-s2.0-105011883749
33841,33842,2-s2.0-105010760226
33843,33844,2-s2.0-85204134596
33848,33849,2-s2.0-105006851930
33850,33851,2-s2.0-105009217216
33853,33854,2-s2.0-105010042755
33854,33855,2-s2.0-105007032776
33855,33856,2-s2.0-105007019340
33857,33858,2-s2.0-105007099840
33858,33859,2-s2.0-105008927112
33859,33860,2-s2.0-105006424357
33861,33862,2-s2.0-105006720394
33862,33863,2-s2.0-105005989581
33866,33867,2-s2.0-105003986900
33867,33868,2-s2.0-105003985877
33868,33869,2-s2.0-105003985821
33869,33870,2-s2.0-105003983468
33870,33871,2-s2.0-105003983401
33872,33873,2-s2.0-105003982740
33874,33875,2-s2.0-105007288992
33876,33877,2-s2.0-105001846284
33878,33879,2-s2.0-105010757917
33880,33881,2-s2.0-105004453387
33884,33885,2-s2.0-105004405806
33887,33888,2-s2.0-86000549032
33894,33895,2-s2.0-85219011353
33895,33896,2-s2.0-85218773217
33896,33897,2-s2.0-85218702808
33897,33898,2-s2.0-85218108896
33898,33899,2-s2.0-85218091586
33900,33901,2-s2.0-85218078868
33901,33902,2-s2.0-85216533464
33902,33903,2-s2.0-85216473161
33903,33904,2-s2.0-85216339394
33905,33906,2-s2.0-85212192450
33906,33907,2-s2.0-85211806183
33907,33908,2-s2.0-85211485806
33908,33909,2-s2.0-85211464792
33910,33911,2-s2.0-85211342012
33911,33912,2-s2.0-85210871608
33912,33913,2-s2.0-85210588843
33913,33914,2-s2.0-85210552586
33914,33915,2-s2.0-85210517860
33918,33919,2-s2.0-85209721316
33919,33920,2-s2.0-85204603513
33920,33921,2-s2.0-85204181441
33924,33925,2-s2.0-105013137730
33925,33926,2-s2.0-105011849425
33932,33933,2-s2.0-105007951410
33933,33934,2-s2.0-105007906128
33937,33938,2-s2.0-105006747973
33939,33940,2-s2.0-105006739664
33940,33941,2-s2.0-105006737364
33941,33942,2-s2.0-105006729230
33942,33943,2-s2.0-105006683744
33945,33946,2-s2.0-105006529713
33946,33947,2-s2.0-105006497867
33948,33949,2-s2.0-105005839163
33949,33950,2-s2.0-105005593021
33950,33951,2-s2.0-105005190291
33952,33953,2-s2.0-105005070668
33953,33954,2-s2.0-105004901007
33954,33955,2-s2.0-105004888995
33960,33961,2-s2.0-105003759041
33961,33962,2-s2.0-105003754509
33964,33965,2-s2.0-105003224133
33970,33971,2-s2.0-105002269548
33973,33974,2-s2.0-105002263384
33979,33980,2-s2.0-105002044184
33980,33981,2-s2.0-105002011339
33984,33985,2-s2.0-105001366055
33986,33987,2-s2.0-105000713939
33987,33988,2-s2.0-105000630449
33989,33990,2-s2.0-105005987230
33991,33992,2-s2.0-105005099194
33992,33993,2-s2.0-105004818704
33993,33994,2-s2.0-105007599519
33994,33995,2-s2.0-105005769026
33995,33996,2-s2.0-105005762399
33996,33997,2-s2.0-105005756209
33997,33998,2-s2.0-105005749117
33998,33999,2-s2.0-105005748528
33999,34000,2-s2.0-105005745841
34003,34004,2-s2.0-105005384077
34006,34007,2-s2.0-105006952211
34007,34008,2-s2.0-105005385291
34009,34010,2-s2.0-105010011413
34012,34013,2-s2.0-105004685734
34015,34016,2-s2.0-105004049898
34023,34024,2-s2.0-105004782283
34025,34026,2-s2.0-105004779414
34027,34028,2-s2.0-105003907922
34029,34030,2-s2.0-105003902789
34034,34035,2-s2.0-105004786545
34039,34040,2-s2.0-86000792717
34041,34042,2-s2.0-86000426923
34042,34043,2-s2.0-85219745580
34046,34047,2-s2.0-85219268046
34047,34048,2-s2.0-85219111874
34048,34049,2-s2.0-85219061181
34057,34058,2-s2.0-85217140814
34061,34062,2-s2.0-85216839334
34063,34064,2-s2.0-85216442155
34064,34065,2-s2.0-85216389789
34067,34068,2-s2.0-85215362991
34068,34069,2-s2.0-85215102696
34070,34071,2-s2.0-85214796267
34071,34072,2-s2.0-85214664212
34072,34073,2-s2.0-85214575984
34075,34076,2-s2.0-85211715997
34077,34078,2-s2.0-85210694785
34080,34081,2-s2.0-85195292817
34081,34082,2-s2.0-85192516900
34083,34084,2-s2.0-85183048597
34084,34085,2-s2.0-85152248581
34085,34086,2-s2.0-105010883564
34086,34087,2-s2.0-105010769581
34087,34088,2-s2.0-105007532931
34088,34089,2-s2.0-105007303111
34091,34092,2-s2.0-105006656124
34100,34101,2-s2.0-105003966780
34101,34102,2-s2.0-105003886472
34103,34104,2-s2.0-105003866045
34106,34107,2-s2.0-105003701369
34107,34108,2-s2.0-105003697196
34108,34109,2-s2.0-105003672805
34109,34110,2-s2.0-105003668718
34111,34112,2-s2.0-105003644771
34112,34113,2-s2.0-105003632019
34114,34115,2-s2.0-105003558143
34115,34116,2-s2.0-105003476218
34121,34122,2-s2.0-105003408038
34122,34123,2-s2.0-105003405867
34124,34125,2-s2.0-105003385044
34125,34126,2-s2.0-105003380630
34134,34135,2-s2.0-105002357772
34138,34139,2-s2.0-105001871881
34142,34143,2-s2.0-105001650361
34143,34144,2-s2.0-105001643524
34144,34145,2-s2.0-105001636634
34145,34146,2-s2.0-105001503359
34149,34150,2-s2.0-105001076227
34153,34154,2-s2.0-105002446866
34157,34158,2-s2.0-105002337410
34158,34159,2-s2.0-105002337020
34162,34163,2-s2.0-105002325618
34163,34164,2-s2.0-105002320169
34164,34165,2-s2.0-105002318896
34167,34168,2-s2.0-105002315558
34169,34170,2-s2.0-105002315040
34172,34173,2-s2.0-105002311195
34174,34175,2-s2.0-105002304138
34177,34178,2-s2.0-105002300602
34179,34180,2-s2.0-105002294451
34183,34184,2-s2.0-105002285321
34188,34189,2-s2.0-105002675162
34189,34190,2-s2.0-105002428031
34190,34191,2-s2.0-85217753703
34191,34192,2-s2.0-105007646615
34192,34193,2-s2.0-105007632948
34193,34194,2-s2.0-105003666378
34194,34195,2-s2.0-105001989061
34195,34196,2-s2.0-105001931257
34196,34197,2-s2.0-105001806347
34197,34198,2-s2.0-105001084767
34198,34199,2-s2.0-105001367000
34200,34201,2-s2.0-86000785388
34201,34202,2-s2.0-85217998968
34203,34204,2-s2.0-105001088192
34204,34205,2-s2.0-105001831556
34209,34210,2-s2.0-86000429355
34212,34213,2-s2.0-105000214281
34215,34216,2-s2.0-105000116545
34216,34217,2-s2.0-105000456409
34222,34223,2-s2.0-86000786942
34224,34225,2-s2.0-86000744622
34227,34228,2-s2.0-86000607801
34231,34232,2-s2.0-86000429677
34235,34236,2-s2.0-85219718565
34238,34239,2-s2.0-85219008083
34246,34247,2-s2.0-85217446490
34249,34250,2-s2.0-85216595536
34252,34253,2-s2.0-85214530443
34255,34256,2-s2.0-85214085481
34257,34258,2-s2.0-85213536982
34261,34262,2-s2.0-85211161484
34263,34264,2-s2.0-85211113935
34265,34266,2-s2.0-85210131233
34268,34269,2-s2.0-85208382126
34270,34271,2-s2.0-85207492092
34271,34272,2-s2.0-85206843193
34272,34273,2-s2.0-85206078814
34275,34276,2-s2.0-85200115565
34279,34280,2-s2.0-85196322841
34281,34282,2-s2.0-85192187132
34283,34284,2-s2.0-85190443842
34284,34285,2-s2.0-85189476343
34285,34286,2-s2.0-85185935232
34286,34287,2-s2.0-85183366993
34287,34288,2-s2.0-85182493831
34290,34291,2-s2.0-85179373522
34292,34293,2-s2.0-85172100250
34296,34297,2-s2.0-105012042441
34298,34299,2-s2.0-105011994101
34299,34300,2-s2.0-105011985681
34300,34301,2-s2.0-105011938198
34301,34302,2-s2.0-105011935402
34303,34304,2-s2.0-105010271193
34307,34308,2-s2.0-105007243371
34310,34311,2-s2.0-105006002047
34312,34313,2-s2.0-105005989383
34314,34315,2-s2.0-105005976037
34316,34317,2-s2.0-105005970553
34317,34318,2-s2.0-105005649761
34323,34324,2-s2.0-105003208416
34328,34329,2-s2.0-105002643662
34330,34331,2-s2.0-105002350241
34332,34333,2-s2.0-105002055104
34333,34334,2-s2.0-105002049829
34335,34336,2-s2.0-105001972520
34336,34337,2-s2.0-105001963249
34337,34338,2-s2.0-105001957214
34338,34339,2-s2.0-105001927776
34340,34341,2-s2.0-105001827498
34342,34343,2-s2.0-105001642079
34343,34344,2-s2.0-105001637801
34344,34345,2-s2.0-105001599252
34345,34346,2-s2.0-105001596866
34347,34348,2-s2.0-105001580635
34349,34350,2-s2.0-105001570938
34354,34355,2-s2.0-105001543185
34355,34356,2-s2.0-105001419573
34357,34358,2-s2.0-105001378470
34358,34359,2-s2.0-105001288274
34359,34360,2-s2.0-105001250075
34361,34362,2-s2.0-105001163249
34362,34363,2-s2.0-105001155372
34363,34364,2-s2.0-105001139043
34365,34366,2-s2.0-105001126800
34366,34367,2-s2.0-105001089620
34369,34370,2-s2.0-105001085771
34372,34373,2-s2.0-105001074960
34373,34374,2-s2.0-105001074538
34375,34376,2-s2.0-105001072919
34376,34377,2-s2.0-105001070250
34377,34378,2-s2.0-105001065420
34378,34379,2-s2.0-105001064538
34379,34380,2-s2.0-105001064481
34381,34382,2-s2.0-105000865593
34389,34390,2-s2.0-105000422682
34395,34396,2-s2.0-86000791276
34396,34397,2-s2.0-86000789918
34398,34399,2-s2.0-85217614750
34399,34400,2-s2.0-105000296116
34401,34402,2-s2.0-86000257927
34403,34404,2-s2.0-86000235776
34404,34405,2-s2.0-86000228996
34405,34406,2-s2.0-86000223369
34406,34407,2-s2.0-86000202557
34407,34408,2-s2.0-86000192040
34408,34409,2-s2.0-85215537593
34413,34414,2-s2.0-85218937158
34418,34419,2-s2.0-85218925597
34422,34423,2-s2.0-85217809172
34423,34424,2-s2.0-105001692607
34425,34426,2-s2.0-85219540804
34426,34427,2-s2.0-85219514748
34428,34429,2-s2.0-85219506249
34429,34430,2-s2.0-85215010648
34430,34431,2-s2.0-85218745515
34434,34435,2-s2.0-86000186143
34436,34437,2-s2.0-86000154672
34437,34438,2-s2.0-86000146776
34438,34439,2-s2.0-86000138263
34439,34440,2-s2.0-85219686047
34444,34445,2-s2.0-85218907670
34447,34448,2-s2.0-85218894173
34449,34450,2-s2.0-85218871818
34452,34453,2-s2.0-85218443539
34454,34455,2-s2.0-85218174417
34459,34460,2-s2.0-85217506548
34461,34462,2-s2.0-85217200485
34465,34466,2-s2.0-85214898904
34467,34468,2-s2.0-85212795467
34468,34469,2-s2.0-85211999203
34470,34471,2-s2.0-85210891949
34471,34472,2-s2.0-85210861164
34472,34473,2-s2.0-85210613705
34473,34474,2-s2.0-85210601837
34474,34475,2-s2.0-85210586723
34477,34478,2-s2.0-85210355824
34478,34479,2-s2.0-85209775759
34479,34480,2-s2.0-85209587291
34481,34482,2-s2.0-85208625981
34484,34485,2-s2.0-85208545942
34486,34487,2-s2.0-85208190280
34488,34489,2-s2.0-85207516606
34490,34491,2-s2.0-85207006737
34491,34492,2-s2.0-85205701505
34495,34496,2-s2.0-85203522777
34496,34497,2-s2.0-85202982477
34499,34500,2-s2.0-85202944961
34501,34502,2-s2.0-85202924783
34502,34503,2-s2.0-85202917684
34506,34507,2-s2.0-85198490237
34507,34508,2-s2.0-85197426284
34510,34511,2-s2.0-85195321996
34511,34512,2-s2.0-85194713292
34512,34513,2-s2.0-85193923226
34515,34516,2-s2.0-85192861039
34516,34517,2-s2.0-85189984649
34517,34518,2-s2.0-85185471206
34520,34521,2-s2.0-85178948750
34522,34523,2-s2.0-85147504224
34524,34525,2-s2.0-105011288286
34527,34528,2-s2.0-105003437655
34529,34530,2-s2.0-85219575644
34530,34531,2-s2.0-85217299136
34532,34533,2-s2.0-85218928488
34534,34535,2-s2.0-85196081717
34536,34537,2-s2.0-85208979520
34539,34540,2-s2.0-85219535582
34540,34541,2-s2.0-85219468767
34541,34542,2-s2.0-85219446200
34543,34544,2-s2.0-85219402270
34544,34545,2-s2.0-85219382739
34545,34546,2-s2.0-85219368143
34546,34547,2-s2.0-85219324795
34548,34549,2-s2.0-85219301906
34551,34552,2-s2.0-85219222833
34554,34555,2-s2.0-85214330310
34555,34556,2-s2.0-85216970406
34557,34558,2-s2.0-85218414774
34558,34559,2-s2.0-85181927729
34559,34560,2-s2.0-85215837788
34562,34563,2-s2.0-105005720932
34564,34565,2-s2.0-105001511592
34566,34567,2-s2.0-105003592766
34568,34569,2-s2.0-86000487275
34574,34575,2-s2.0-85214106995
34576,34577,2-s2.0-85211207621
34581,34582,2-s2.0-86000668715
34585,34586,2-s2.0-86000552495
34587,34588,2-s2.0-86000530322
34592,34593,2-s2.0-86000498318
34593,34594,2-s2.0-86000477229
34594,34595,2-s2.0-86000458340
34595,34596,2-s2.0-86000453180
34597,34598,2-s2.0-86000430843
34599,34600,2-s2.0-86000385705
34601,34602,2-s2.0-86000385201
34602,34603,2-s2.0-86000384203
34603,34604,2-s2.0-86000382353
34604,34605,2-s2.0-86000381024
34607,34608,2-s2.0-86000372480
34611,34612,2-s2.0-86000335653
34612,34613,2-s2.0-86000330558
34614,34615,2-s2.0-86000305538
34616,34617,2-s2.0-86000178957
34618,34619,2-s2.0-86000120445
34620,34621,2-s2.0-86000085271
34624,34625,2-s2.0-86000012822
34625,34626,2-s2.0-86000009792
34626,34627,2-s2.0-85219745460
34627,34628,2-s2.0-85219738735
34629,34630,2-s2.0-85219668846
34630,34631,2-s2.0-85219666502
34632,34633,2-s2.0-85219621463
34633,34634,2-s2.0-85219608483
34634,34635,2-s2.0-85219601658
34635,34636,2-s2.0-85219579623
34636,34637,2-s2.0-85219574686
34637,34638,2-s2.0-85219565486
34638,34639,2-s2.0-85219554004
34641,34642,2-s2.0-85219510899
34644,34645,2-s2.0-85219167230
34650,34651,2-s2.0-85219044990
34652,34653,2-s2.0-85219016638
34653,34654,2-s2.0-85218995482
34654,34655,2-s2.0-85218976494
34655,34656,2-s2.0-85218904738
34656,34657,2-s2.0-85218887527
34660,34661,2-s2.0-85218818521
34664,34665,2-s2.0-85218794747
34668,34669,2-s2.0-85218768923
34671,34672,2-s2.0-85218753641
34673,34674,2-s2.0-85218733511
34678,34679,2-s2.0-85218710340
34681,34682,2-s2.0-85218691570
34682,34683,2-s2.0-85218689065
34687,34688,2-s2.0-85218254719
34688,34689,2-s2.0-85218253422
34690,34691,2-s2.0-85218171856
34691,34692,2-s2.0-85218151466
34692,34693,2-s2.0-85218149878
34693,34694,2-s2.0-85218140912
34697,34698,2-s2.0-85218073296
34701,34702,2-s2.0-85218058581
34702,34703,2-s2.0-85218036467
34703,34704,2-s2.0-85218016712
34706,34707,2-s2.0-85217881650
34707,34708,2-s2.0-85217878084
34709,34710,2-s2.0-85217875795
34712,34713,2-s2.0-85217849253
34716,34717,2-s2.0-85217808851
34718,34719,2-s2.0-85217778970
34720,34721,2-s2.0-85217694511
34723,34724,2-s2.0-85217655558
34726,34727,2-s2.0-85217644463
34727,34728,2-s2.0-85217642684
34729,34730,2-s2.0-85217624492
34730,34731,2-s2.0-85217616743
34733,34734,2-s2.0-85217538481
34734,34735,2-s2.0-85217521472
34737,34738,2-s2.0-85217452075
34738,34739,2-s2.0-85217447257
34742,34743,2-s2.0-85217373221
34744,34745,2-s2.0-85217298590
34746,34747,2-s2.0-85217245710
34749,34750,2-s2.0-85217201706
34751,34752,2-s2.0-85217178711
34752,34753,2-s2.0-85217175389
34754,34755,2-s2.0-85217169257
34757,34758,2-s2.0-85217142778
34759,34760,2-s2.0-85217117535
34760,34761,2-s2.0-85217110280
34761,34762,2-s2.0-85217107965
34768,34769,2-s2.0-85217050624
34770,34771,2-s2.0-85217035199
34773,34774,2-s2.0-85217022917
34774,34775,2-s2.0-85217022217
34775,34776,2-s2.0-85217012391
34776,34777,2-s2.0-85216967665
34777,34778,2-s2.0-85216898987
34779,34780,2-s2.0-85216853727
34787,34788,2-s2.0-85216746681
34789,34790,2-s2.0-85216702547
34793,34794,2-s2.0-85216650600
34794,34795,2-s2.0-85216637394
34796,34797,2-s2.0-85216546702
34798,34799,2-s2.0-85216471235
34800,34801,2-s2.0-85216458532
34802,34803,2-s2.0-85216428204
34803,34804,2-s2.0-85216395553
34804,34805,2-s2.0-85216385176
34805,34806,2-s2.0-85216376240
34806,34807,2-s2.0-85216375119
34810,34811,2-s2.0-85216226552
34813,34814,2-s2.0-85216095604
34815,34816,2-s2.0-85216030885
34816,34817,2-s2.0-85216010571
34818,34819,2-s2.0-85215989626
34819,34820,2-s2.0-85215980876
34821,34822,2-s2.0-85215957686
34822,34823,2-s2.0-85215953360
34823,34824,2-s2.0-85215951878
34825,34826,2-s2.0-85215941479
34826,34827,2-s2.0-85215936953
34829,34830,2-s2.0-85215925375
34830,34831,2-s2.0-85215855077
34831,34832,2-s2.0-85215828862
34832,34833,2-s2.0-85215799529
34833,34834,2-s2.0-85215787018
34834,34835,2-s2.0-85215782368
34837,34838,2-s2.0-85215587236
34841,34842,2-s2.0-85215529118
34843,34844,2-s2.0-85215524058
34845,34846,2-s2.0-85215504691
34846,34847,2-s2.0-85215502875
34847,34848,2-s2.0-85215426845
34848,34849,2-s2.0-85215415478
34849,34850,2-s2.0-85215257121
34850,34851,2-s2.0-85215252598
34852,34853,2-s2.0-85215144449
34860,34861,2-s2.0-85214927160
34864,34865,2-s2.0-85214902639
34868,34869,2-s2.0-85214759576
34869,34870,2-s2.0-85214700156
34871,34872,2-s2.0-85214532040
34872,34873,2-s2.0-85214520352
34881,34882,2-s2.0-85214390689
34882,34883,2-s2.0-85214389595
34885,34886,2-s2.0-85214374191
34887,34888,2-s2.0-85214197953
34890,34891,2-s2.0-85214126777
34892,34893,2-s2.0-85214108125
34893,34894,2-s2.0-85214101363
34894,34895,2-s2.0-85214095385
34899,34900,2-s2.0-85213921967
34900,34901,2-s2.0-85213896678
34902,34903,2-s2.0-85213844732
34903,34904,2-s2.0-85213825209
34904,34905,2-s2.0-85213725704
34905,34906,2-s2.0-85213702968
34911,34912,2-s2.0-85212986329
34912,34913,2-s2.0-85212968672
34913,34914,2-s2.0-85212936028
34914,34915,2-s2.0-85212850334
34915,34916,2-s2.0-85212786564
34916,34917,2-s2.0-85212753913
34919,34920,2-s2.0-85212471002
34922,34923,2-s2.0-85212333621
34925,34926,2-s2.0-85212247577
34927,34928,2-s2.0-85212193750
34928,34929,2-s2.0-85212153684
34929,34930,2-s2.0-85212152150
34930,34931,2-s2.0-85211967268
34931,34932,2-s2.0-85211825576
34932,34933,2-s2.0-85211808376
34933,34934,2-s2.0-85211381012
34934,34935,2-s2.0-85211373529
34935,34936,2-s2.0-85211362221
34936,34937,2-s2.0-85211325752
34937,34938,2-s2.0-85211237622
34940,34941,2-s2.0-85210560855
34941,34942,2-s2.0-85210311196
34942,34943,2-s2.0-85210176580
34944,34945,2-s2.0-85210130775
34945,34946,2-s2.0-85210094811
34946,34947,2-s2.0-85210025877
34947,34948,2-s2.0-85210013695
34948,34949,2-s2.0-85210001291
34956,34957,2-s2.0-85209594393
34957,34958,2-s2.0-85209589973
34960,34961,2-s2.0-85208954537
34963,34964,2-s2.0-85208552717
34964,34965,2-s2.0-85208440978
34966,34967,2-s2.0-85208181037
34967,34968,2-s2.0-85208070967
34968,34969,2-s2.0-85207859486
34975,34976,2-s2.0-85207247326
34978,34979,2-s2.0-85206637032
34981,34982,2-s2.0-85206486761
34984,34985,2-s2.0-85206478779
34988,34989,2-s2.0-85205764210
34992,34993,2-s2.0-85204679322
34995,34996,2-s2.0-85204182904
34996,34997,2-s2.0-85204063382
34997,34998,2-s2.0-85204029681
34999,35000,2-s2.0-85203542021
35002,35003,2-s2.0-85203308974
35003,35004,2-s2.0-85203183042
35004,35005,2-s2.0-85202913206
35006,35007,2-s2.0-85202712741
35009,35010,2-s2.0-85201098564
35013,35014,2-s2.0-85199801866
35014,35015,2-s2.0-85199397295
35015,35016,2-s2.0-85199388952
35016,35017,2-s2.0-85199388055
35017,35018,2-s2.0-85199334335
35018,35019,2-s2.0-85199321923
35022,35023,2-s2.0-85197785995
35023,35024,2-s2.0-85197697944
35024,35025,2-s2.0-85197627293
35026,35027,2-s2.0-85197562966
35029,35030,2-s2.0-85196072613
35038,35039,2-s2.0-85192195716
35039,35040,2-s2.0-85190996608
35040,35041,2-s2.0-85190977612
35044,35045,2-s2.0-85189515322
35047,35048,2-s2.0-85188997720
35052,35053,2-s2.0-85186543344
35053,35054,2-s2.0-85186473293
35055,35056,2-s2.0-85185695412
35056,35057,2-s2.0-85185259863
35062,35063,2-s2.0-85181699369
35064,35065,2-s2.0-85179963773
35066,35067,2-s2.0-85176909095
35067,35068,2-s2.0-85175031638
35069,35070,2-s2.0-85174523718
35071,35072,2-s2.0-85174224008
35073,35074,2-s2.0-85173780307
35074,35075,2-s2.0-85173507104
35078,35079,2-s2.0-85165274223
35079,35080,2-s2.0-85162996843
35081,35082,2-s2.0-85158833436
35082,35083,2-s2.0-85158820072
35086,35087,2-s2.0-85147774261
35087,35088,2-s2.0-85145506367
35090,35091,2-s2.0-85131381963
35092,35093,2-s2.0-105013802558
35095,35096,2-s2.0-105013795889
35096,35097,2-s2.0-105013790379
35097,35098,2-s2.0-105013789651
35102,35103,2-s2.0-105013775355
35103,35104,2-s2.0-105013764088
35106,35107,2-s2.0-105013760723
35107,35108,2-s2.0-105013758910
35112,35113,2-s2.0-105013742409
35114,35115,2-s2.0-105013730700
35116,35117,2-s2.0-105013710516
35121,35122,2-s2.0-105013655266
35125,35126,2-s2.0-105013635092
35129,35130,2-s2.0-105013597499
35132,35133,2-s2.0-105013585197
35134,35135,2-s2.0-105013583287
35136,35137,2-s2.0-105013581632
35141,35142,2-s2.0-105013564893
35143,35144,2-s2.0-105013564437
35144,35145,2-s2.0-105013564116
35145,35146,2-s2.0-105013563270
35146,35147,2-s2.0-105013561752
35147,35148,2-s2.0-105013558714
35150,35151,2-s2.0-105013557048
35151,35152,2-s2.0-105013554479
35153,35154,2-s2.0-105013552106
35154,35155,2-s2.0-105013546364
35160,35161,2-s2.0-105013539127
35162,35163,2-s2.0-105013538335
35163,35164,2-s2.0-105013538214
35164,35165,2-s2.0-105013537615
35166,35167,2-s2.0-105013537543
35175,35176,2-s2.0-105013462930
35177,35178,2-s2.0-105013397396
35178,35179,2-s2.0-105013387671
35181,35182,2-s2.0-105013361491
35183,35184,2-s2.0-105013330730
35184,35185,2-s2.0-105013329663
35187,35188,2-s2.0-105013238756
35189,35190,2-s2.0-105013202416
35192,35193,2-s2.0-105013150054
35194,35195,2-s2.0-105013143453
35200,35201,2-s2.0-105013128252
35201,35202,2-s2.0-105013126966
35202,35203,2-s2.0-105013123850
35203,35204,2-s2.0-105013118124
35209,35210,2-s2.0-105013102913
35210,35211,2-s2.0-105013101068
35211,35212,2-s2.0-105013097991
35212,35213,2-s2.0-105013096055
35213,35214,2-s2.0-105013088670
35215,35216,2-s2.0-105013087158
35218,35219,2-s2.0-105013078743
35220,35221,2-s2.0-105013073960
35221,35222,2-s2.0-105013028622
35224,35225,2-s2.0-105013027591
35232,35233,2-s2.0-105013021115
35233,35234,2-s2.0-105013021018
35234,35235,2-s2.0-105013019833
35239,35240,2-s2.0-105012988795
35240,35241,2-s2.0-105012987659
35242,35243,2-s2.0-105012978195
35246,35247,2-s2.0-105012961815
35249,35250,2-s2.0-105012955587
35253,35254,2-s2.0-105012951745
35254,35255,2-s2.0-105012929283
35256,35257,2-s2.0-105012921843
35257,35258,2-s2.0-105012919680
35259,35260,2-s2.0-105012882112
35260,35261,2-s2.0-105012874767
35261,35262,2-s2.0-105012873085
35264,35265,2-s2.0-105012855154
35266,35267,2-s2.0-105012834714
35268,35269,2-s2.0-105012761797
35269,35270,2-s2.0-105012745269
35274,35275,2-s2.0-105012690582
35275,35276,2-s2.0-105012689569
35276,35277,2-s2.0-105012685404
35277,35278,2-s2.0-105012684996
35278,35279,2-s2.0-105012677397
35279,35280,2-s2.0-105012674936
35284,35285,2-s2.0-105012602662
35286,35287,2-s2.0-105012601441
35288,35289,2-s2.0-105012591676
35289,35290,2-s2.0-105012591090
35292,35293,2-s2.0-105012577480
35294,35295,2-s2.0-105012512699
35296,35297,2-s2.0-105012494096
35299,35300,2-s2.0-105012445506
35305,35306,2-s2.0-105012424215
35306,35307,2-s2.0-105012423560
35311,35312,2-s2.0-105012409378
35313,35314,2-s2.0-105012399449
35315,35316,2-s2.0-105012378727
35318,35319,2-s2.0-105012317213
35319,35320,2-s2.0-105012314673
35323,35324,2-s2.0-105012301778
35332,35333,2-s2.0-105012180231
35333,35334,2-s2.0-105012176906
35334,35335,2-s2.0-105012174749
35335,35336,2-s2.0-105012174151
35336,35337,2-s2.0-105012164471
35337,35338,2-s2.0-105012155671
35339,35340,2-s2.0-105012150878
35341,35342,2-s2.0-105012149000
35344,35345,2-s2.0-105012120859
35346,35347,2-s2.0-105012099356
35347,35348,2-s2.0-105012096113
35349,35350,2-s2.0-105012092548
35352,35353,2-s2.0-105012034442
35353,35354,2-s2.0-105012034364
35355,35356,2-s2.0-105012033417
35356,35357,2-s2.0-105012030543
35358,35359,2-s2.0-105012027508
35359,35360,2-s2.0-105012025827
35362,35363,2-s2.0-105012020203
35364,35365,2-s2.0-105012018968
35365,35366,2-s2.0-105011993907
35366,35367,2-s2.0-105011990177
35367,35368,2-s2.0-105011986505
35369,35370,2-s2.0-105011969204
35373,35374,2-s2.0-105011957378
35374,35375,2-s2.0-105011957072
35377,35378,2-s2.0-105011949578
35378,35379,2-s2.0-105011946178
35381,35382,2-s2.0-105011867042
35382,35383,2-s2.0-105011864139
35383,35384,2-s2.0-105011862634
35385,35386,2-s2.0-105011829085
35388,35389,2-s2.0-105011827451
35392,35393,2-s2.0-105011819601
35394,35395,2-s2.0-105011817993
35397,35398,2-s2.0-105011815577
35399,35400,2-s2.0-105011762038
35403,35404,2-s2.0-105011729388
35404,35405,2-s2.0-105011729247
35405,35406,2-s2.0-105011723810
35406,35407,2-s2.0-105011716269
35408,35409,2-s2.0-105011686677
35411,35412,2-s2.0-105011669132
35416,35417,2-s2.0-105011589261
35417,35418,2-s2.0-105011534084
35420,35421,2-s2.0-105011518129
35423,35424,2-s2.0-105011508913
35424,35425,2-s2.0-105011507996
35426,35427,2-s2.0-105011495012
35433,35434,2-s2.0-105011413733
35439,35440,2-s2.0-105011275677
35441,35442,2-s2.0-105011260487
35442,35443,2-s2.0-105011255775
35443,35444,2-s2.0-105011249305
35447,35448,2-s2.0-105011187201
35448,35449,2-s2.0-105011165981
35451,35452,2-s2.0-105011141745
35452,35453,2-s2.0-105011098699
35453,35454,2-s2.0-105011077584
35456,35457,2-s2.0-105011062989
35458,35459,2-s2.0-105011060391
35459,35460,2-s2.0-105011052586
35462,35463,2-s2.0-105011043830
35463,35464,2-s2.0-105011042913
35466,35467,2-s2.0-105011033380
35467,35468,2-s2.0-105010973137
35470,35471,2-s2.0-105010960039
35474,35475,2-s2.0-105010941922
35475,35476,2-s2.0-105010929441
35477,35478,2-s2.0-105010916903
35478,35479,2-s2.0-105010916722
35479,35480,2-s2.0-105010915393
35480,35481,2-s2.0-105010910762
35482,35483,2-s2.0-105010884741
35484,35485,2-s2.0-105010879507
35485,35486,2-s2.0-105010872079
35488,35489,2-s2.0-105010856001
35489,35490,2-s2.0-105010851286
35490,35491,2-s2.0-105010775019
35491,35492,2-s2.0-105010768954
35492,35493,2-s2.0-105010732807
35493,35494,2-s2.0-105010723976
35495,35496,2-s2.0-105010703357
35496,35497,2-s2.0-105010701136
35499,35500,2-s2.0-105010687279
35501,35502,2-s2.0-105010680857
35502,35503,2-s2.0-105010642806
35503,35504,2-s2.0-105010635048
35504,35505,2-s2.0-105010633833
35505,35506,2-s2.0-105010622251
35506,35507,2-s2.0-105010608724
35508,35509,2-s2.0-105010601773
35509,35510,2-s2.0-105010601452
35510,35511,2-s2.0-105010597534
35511,35512,2-s2.0-105010594457
35514,35515,2-s2.0-105010578918
35515,35516,2-s2.0-105010544508
35516,35517,2-s2.0-105010523977
35520,35521,2-s2.0-105010428637
35522,35523,2-s2.0-105010428099
35523,35524,2-s2.0-105010413422
35524,35525,2-s2.0-105010352325
35525,35526,2-s2.0-105010345514
35526,35527,2-s2.0-105010313634
35528,35529,2-s2.0-105010261920
35530,35531,2-s2.0-105010231302
35535,35536,2-s2.0-105010130843
35536,35537,2-s2.0-105010115987
35537,35538,2-s2.0-105010098175
35539,35540,2-s2.0-105010062633
35544,35545,2-s2.0-105010005601
35546,35547,2-s2.0-105009990855
35548,35549,2-s2.0-105009966552
35549,35550,2-s2.0-105009957651
35550,35551,2-s2.0-105009920364
35556,35557,2-s2.0-105009882680
35557,35558,2-s2.0-105009880697
35558,35559,2-s2.0-105009875156
35559,35560,2-s2.0-105009835659
35564,35565,2-s2.0-105009777224
35565,35566,2-s2.0-105009754509
35566,35567,2-s2.0-105009745614
35567,35568,2-s2.0-105009699341
35569,35570,2-s2.0-105009687925
35570,35571,2-s2.0-105009683569
35571,35572,2-s2.0-105009653812
35573,35574,2-s2.0-105009614878
35574,35575,2-s2.0-105009550216
35575,35576,2-s2.0-105009547923
35579,35580,2-s2.0-105009534766
35581,35582,2-s2.0-105009523908
35582,35583,2-s2.0-105009523480
35583,35584,2-s2.0-105009507853
35587,35588,2-s2.0-105009501116
35591,35592,2-s2.0-105009465094
35597,35598,2-s2.0-105009401443
35601,35602,2-s2.0-105009336668
35602,35603,2-s2.0-105009333607
35607,35608,2-s2.0-105009286698
35616,35617,2-s2.0-105009236527
35618,35619,2-s2.0-105009230451
35620,35621,2-s2.0-105009226348
35621,35622,2-s2.0-105009225981
35622,35623,2-s2.0-105009225727
35623,35624,2-s2.0-105009225300
35627,35628,2-s2.0-105009215288
35628,35629,2-s2.0-105009208954
35630,35631,2-s2.0-105009144968
35631,35632,2-s2.0-105009130029
35632,35633,2-s2.0-105009119821
35634,35635,2-s2.0-105009113378
35638,35639,2-s2.0-105009080540
35639,35640,2-s2.0-105009079207
35640,35641,2-s2.0-105009076694
35641,35642,2-s2.0-105009074508
35643,35644,2-s2.0-105009068821
35646,35647,2-s2.0-105008999661
35647,35648,2-s2.0-105008985797
35648,35649,2-s2.0-105008945742
35651,35652,2-s2.0-105008939741
35653,35654,2-s2.0-105008866930
35655,35656,2-s2.0-105008809759
35659,35660,2-s2.0-105008760394
35667,35668,2-s2.0-105008671843
35669,35670,2-s2.0-105008658150
35673,35674,2-s2.0-105008555559
35674,35675,2-s2.0-105008553198
35678,35679,2-s2.0-105008509540
35679,35680,2-s2.0-105008505214
35686,35687,2-s2.0-105008451929
35687,35688,2-s2.0-105008444384
35688,35689,2-s2.0-105008417306
35689,35690,2-s2.0-105008394742
35690,35691,2-s2.0-105008387621
35691,35692,2-s2.0-105008371738
35693,35694,2-s2.0-105008348408
35694,35695,2-s2.0-105008321910
35696,35697,2-s2.0-105008315605
35698,35699,2-s2.0-105008292308
35699,35700,2-s2.0-105008285547
35701,35702,2-s2.0-105008267365
35702,35703,2-s2.0-105008265847
35703,35704,2-s2.0-105008250919
35705,35706,2-s2.0-105008240355
35706,35707,2-s2.0-105008234057
35708,35709,2-s2.0-105008229215
35709,35710,2-s2.0-105008228935
35710,35711,2-s2.0-105008228602
35711,35712,2-s2.0-105008228433
35713,35714,2-s2.0-105008224460
35714,35715,2-s2.0-105008223623
35718,35719,2-s2.0-105008216237
35723,35724,2-s2.0-105008210978
35728,35729,2-s2.0-105008206906
35729,35730,2-s2.0-105008206496
35731,35732,2-s2.0-105008205572
35733,35734,2-s2.0-105008204089
35735,35736,2-s2.0-105008202413
35740,35741,2-s2.0-105008197853
35743,35744,2-s2.0-105008195189
35744,35745,2-s2.0-105008194157
35745,35746,2-s2.0-105008193918
35747,35748,2-s2.0-105008188346
35748,35749,2-s2.0-105008186933
35749,35750,2-s2.0-105008186040
35750,35751,2-s2.0-105008186019
35751,35752,2-s2.0-105008185755
35752,35753,2-s2.0-105008184448
35753,35754,2-s2.0-105008183433
35755,35756,2-s2.0-105008180944
35756,35757,2-s2.0-105008180679
35760,35761,2-s2.0-105008177376
35761,35762,2-s2.0-105008177287
35763,35764,2-s2.0-105008175916
35766,35767,2-s2.0-105008128048
35767,35768,2-s2.0-105008095463
35768,35769,2-s2.0-105008020229
35770,35771,2-s2.0-105008001611
35771,35772,2-s2.0-105007985296
35773,35774,2-s2.0-105007950794
35774,35775,2-s2.0-105007942049
35775,35776,2-s2.0-105007914876
35776,35777,2-s2.0-105007914196
35777,35778,2-s2.0-105007908949
35778,35779,2-s2.0-105007908917
35780,35781,2-s2.0-105007883795
35781,35782,2-s2.0-105007873769
35782,35783,2-s2.0-105007853276
35783,35784,2-s2.0-105007844331
35784,35785,2-s2.0-105007816783
35786,35787,2-s2.0-105007806770
35791,35792,2-s2.0-105007766947
35793,35794,2-s2.0-105007758313
35798,35799,2-s2.0-105007686146
35801,35802,2-s2.0-105007666413
35804,35805,2-s2.0-105007627629
35807,35808,2-s2.0-105007577400
35808,35809,2-s2.0-105007562638
35810,35811,2-s2.0-105007553817
35813,35814,2-s2.0-105007531773
35815,35816,2-s2.0-105007524681
35816,35817,2-s2.0-105007516826
35818,35819,2-s2.0-105007442566
35822,35823,2-s2.0-105007417918
35823,35824,2-s2.0-105007412960
35825,35826,2-s2.0-105007412429
35826,35827,2-s2.0-105007412378
35833,35834,2-s2.0-105007386396
35834,35835,2-s2.0-105007360874
35836,35837,2-s2.0-105007346401
35837,35838,2-s2.0-105007345077
35839,35840,2-s2.0-105007329360
35840,35841,2-s2.0-105007322025
35841,35842,2-s2.0-105007318784
35842,35843,2-s2.0-105007315031
35848,35849,2-s2.0-105007249322
35853,35854,2-s2.0-105007201951
35854,35855,2-s2.0-105007195437
35855,35856,2-s2.0-105007194965
35856,35857,2-s2.0-105007191134
35863,35864,2-s2.0-105007108012
35865,35866,2-s2.0-105007106268
35867,35868,2-s2.0-105007092641
35869,35870,2-s2.0-105007080077
35873,35874,2-s2.0-105007033834
35876,35877,2-s2.0-105007029710
35879,35880,2-s2.0-105007003794
35886,35887,2-s2.0-105006930195
35890,35891,2-s2.0-105006902029
35891,35892,2-s2.0-105006901598
35892,35893,2-s2.0-105006893053
35894,35895,2-s2.0-105006886574
35898,35899,2-s2.0-105006867311
35903,35904,2-s2.0-105006828111
35905,35906,2-s2.0-105006823293
35909,35910,2-s2.0-105006816826
35917,35918,2-s2.0-105006774158
35922,35923,2-s2.0-105006739494
35925,35926,2-s2.0-105006664560
35927,35928,2-s2.0-105006635414
35928,35929,2-s2.0-105006625014
35929,35930,2-s2.0-105006585154
35934,35935,2-s2.0-105006514285
35935,35936,2-s2.0-105006476913
35936,35937,2-s2.0-105006476488
35938,35939,2-s2.0-105006463307
35939,35940,2-s2.0-105006445616
35943,35944,2-s2.0-105005969873
35944,35945,2-s2.0-105005946916
35947,35948,2-s2.0-105005910132
35948,35949,2-s2.0-105005906607
35949,35950,2-s2.0-105005905892
35954,35955,2-s2.0-105005886418
35955,35956,2-s2.0-105005872052
35956,35957,2-s2.0-105005865490
35957,35958,2-s2.0-105005865363
35958,35959,2-s2.0-105005850863
35961,35962,2-s2.0-105005841111
35963,35964,2-s2.0-105005832818
35965,35966,2-s2.0-105005806407
35967,35968,2-s2.0-105005798211
35968,35969,2-s2.0-105005789311
35969,35970,2-s2.0-105005785574
35971,35972,2-s2.0-105005781892
35972,35973,2-s2.0-105005778436
35973,35974,2-s2.0-105005766358
35975,35976,2-s2.0-105005760742
35979,35980,2-s2.0-105005714510
35980,35981,2-s2.0-105005712646
35981,35982,2-s2.0-105005706481
35982,35983,2-s2.0-105005690503
35986,35987,2-s2.0-105005593731
35987,35988,2-s2.0-105005592738
35989,35990,2-s2.0-105005590276
35992,35993,2-s2.0-105005550744
35993,35994,2-s2.0-105005544105
35994,35995,2-s2.0-105005542657
35995,35996,2-s2.0-105005542609
35996,35997,2-s2.0-105005541839
36000,36001,2-s2.0-105005422977
36003,36004,2-s2.0-105005391904
36005,36006,2-s2.0-105005291625
36006,36007,2-s2.0-105005281539
36007,36008,2-s2.0-105005257825
36010,36011,2-s2.0-105005231187
36013,36014,2-s2.0-105005169485
36015,36016,2-s2.0-105005162331
36018,36019,2-s2.0-105005147851
36022,36023,2-s2.0-105005140287
36023,36024,2-s2.0-105005138598
36026,36027,2-s2.0-105005119471
36029,36030,2-s2.0-105005087360
36033,36034,2-s2.0-105005057705
36034,36035,2-s2.0-105005056630
36035,36036,2-s2.0-105005056370
36036,36037,2-s2.0-105005054196
36037,36038,2-s2.0-105005052240
36047,36048,2-s2.0-105004985375
36048,36049,2-s2.0-105004984488
36051,36052,2-s2.0-105004982251
36052,36053,2-s2.0-105004977354
36055,36056,2-s2.0-105004947894
36056,36057,2-s2.0-105004929574
36058,36059,2-s2.0-105004896024
36059,36060,2-s2.0-105004882045
36060,36061,2-s2.0-105004878244
36062,36063,2-s2.0-105004836997
36063,36064,2-s2.0-105004816401
36068,36069,2-s2.0-105004775251
36069,36070,2-s2.0-105004772788
36070,36071,2-s2.0-105004736632
36074,36075,2-s2.0-105004633807
36075,36076,2-s2.0-105004629059
36079,36080,2-s2.0-105004621183
36080,36081,2-s2.0-105004617080
36083,36084,2-s2.0-105004612553
36084,36085,2-s2.0-105004612438
36089,36090,2-s2.0-105004605264
36090,36091,2-s2.0-105004597181
36091,36092,2-s2.0-105004597031
36092,36093,2-s2.0-105004558074
36093,36094,2-s2.0-105004554963
36094,36095,2-s2.0-105004550849
36097,36098,2-s2.0-105004479762
36101,36102,2-s2.0-105004452367
36102,36103,2-s2.0-105004451568
36103,36104,2-s2.0-105004450032
36104,36105,2-s2.0-105004448375
36111,36112,2-s2.0-105004362790
36113,36114,2-s2.0-105004348391
36114,36115,2-s2.0-105004346638
36117,36118,2-s2.0-105004340736
36118,36119,2-s2.0-105004292368
36120,36121,2-s2.0-105004266737
36121,36122,2-s2.0-105004254000
36123,36124,2-s2.0-105004229788
36124,36125,2-s2.0-105004221716
36127,36128,2-s2.0-105004090851
36129,36130,2-s2.0-105004072120
36130,36131,2-s2.0-105004062671
36131,36132,2-s2.0-105004052514
36132,36133,2-s2.0-105004050402
36133,36134,2-s2.0-105004046340
36134,36135,2-s2.0-105004039526
36135,36136,2-s2.0-105004037533
36136,36137,2-s2.0-105004023292
36138,36139,2-s2.0-105004007671
36142,36143,2-s2.0-105004004851
36145,36146,2-s2.0-105003975339
36150,36151,2-s2.0-105003909453
36151,36152,2-s2.0-105003905533
36155,36156,2-s2.0-105003843969
36156,36157,2-s2.0-105003842034
36163,36164,2-s2.0-105003766520
36164,36165,2-s2.0-105003760178
36169,36170,2-s2.0-105003724892
36172,36173,2-s2.0-105003711452
36174,36175,2-s2.0-105003693385
36176,36177,2-s2.0-105003655754
36177,36178,2-s2.0-105003643629
36179,36180,2-s2.0-105003640984
36181,36182,2-s2.0-105003640136
36182,36183,2-s2.0-105003639976
36186,36187,2-s2.0-105003638244
36187,36188,2-s2.0-105003633443
36188,36189,2-s2.0-105003631528
36194,36195,2-s2.0-105003627003
36197,36198,2-s2.0-105003625576
36200,36201,2-s2.0-105003588014
36204,36205,2-s2.0-105003492885
36205,36206,2-s2.0-105003452841
36206,36207,2-s2.0-105003449982
36209,36210,2-s2.0-105003429443
36219,36220,2-s2.0-105003376083
36220,36221,2-s2.0-105003371060
36221,36222,2-s2.0-105003338507
36222,36223,2-s2.0-105003337787
36224,36225,2-s2.0-105003321411
36225,36226,2-s2.0-105003318825
36227,36228,2-s2.0-105003255414
36231,36232,2-s2.0-105003238904
36233,36234,2-s2.0-105003236184
36236,36237,2-s2.0-105003207846
36239,36240,2-s2.0-105003196294
36241,36242,2-s2.0-105003195197
36246,36247,2-s2.0-105003159145
36248,36249,2-s2.0-105003148370
36251,36252,2-s2.0-105003129899
36252,36253,2-s2.0-105003108266
36253,36254,2-s2.0-105003088158
36255,36256,2-s2.0-105003045880
36256,36257,2-s2.0-105003027045
36262,36263,2-s2.0-105002790128
36263,36264,2-s2.0-105002789450
36268,36269,2-s2.0-105002763703
36274,36275,2-s2.0-105002729923
36276,36277,2-s2.0-105002707527
36277,36278,2-s2.0-105002706249
36279,36280,2-s2.0-105002687212
36280,36281,2-s2.0-105002686429
36281,36282,2-s2.0-105002677973
36282,36283,2-s2.0-105002657478
36285,36286,2-s2.0-105002619195
36292,36293,2-s2.0-105002528863
36294,36295,2-s2.0-105002509427
36295,36296,2-s2.0-105002483920
36298,36299,2-s2.0-105002452777
36299,36300,2-s2.0-105002439415
36302,36303,2-s2.0-105002430011
36307,36308,2-s2.0-105002407514
36308,36309,2-s2.0-105002407103
36310,36311,2-s2.0-105002364616
36314,36315,2-s2.0-105002322110
36316,36317,2-s2.0-105002273842
36317,36318,2-s2.0-105002266986
36318,36319,2-s2.0-105002251969
36319,36320,2-s2.0-105002232069
36320,36321,2-s2.0-105002230738
36321,36322,2-s2.0-105002211072
36322,36323,2-s2.0-105002204976
36325,36326,2-s2.0-105002170344
36326,36327,2-s2.0-105002165813
36327,36328,2-s2.0-105002162444
36328,36329,2-s2.0-105002153633
36330,36331,2-s2.0-105002129392
36332,36333,2-s2.0-105002054193
36337,36338,2-s2.0-105002016684
36338,36339,2-s2.0-105002006602
36341,36342,2-s2.0-105001997422
36345,36346,2-s2.0-105001988805
36346,36347,2-s2.0-105001986603
36347,36348,2-s2.0-105001977097
36350,36351,2-s2.0-105001951012
36353,36354,2-s2.0-105001939376
36354,36355,2-s2.0-105001938379
36357,36358,2-s2.0-105001877302
36358,36359,2-s2.0-105001857827
36359,36360,2-s2.0-105001848071
36361,36362,2-s2.0-105001844963
36362,36363,2-s2.0-105001838973
36363,36364,2-s2.0-105001832197
36364,36365,2-s2.0-105001830132
36367,36368,2-s2.0-105001822129
36369,36370,2-s2.0-105001806298
36372,36373,2-s2.0-105001800793
36373,36374,2-s2.0-105001798868
36374,36375,2-s2.0-105001797992
36378,36379,2-s2.0-105001722413
36380,36381,2-s2.0-105001683943
36382,36383,2-s2.0-105001678292
36384,36385,2-s2.0-105001639890
36385,36386,2-s2.0-105001591530
36386,36387,2-s2.0-105001586664
36388,36389,2-s2.0-105001575107
36389,36390,2-s2.0-105001570449
36390,36391,2-s2.0-105001569855
36391,36392,2-s2.0-105001547416
36392,36393,2-s2.0-105001546064
36393,36394,2-s2.0-105001523584
36395,36396,2-s2.0-105001504538
36397,36398,2-s2.0-105001496711
36398,36399,2-s2.0-105001487206
36401,36402,2-s2.0-105001473107
36405,36406,2-s2.0-105001419953
36407,36408,2-s2.0-105001415651
36409,36410,2-s2.0-105001414169
36411,36412,2-s2.0-105001391464
36417,36418,2-s2.0-105001364265
36419,36420,2-s2.0-105001357991
36420,36421,2-s2.0-105001351933
36421,36422,2-s2.0-105001350806
36423,36424,2-s2.0-105001343113
36428,36429,2-s2.0-105001318835
36430,36431,2-s2.0-105001308655
36432,36433,2-s2.0-105001293038
36433,36434,2-s2.0-105001292519
36434,36435,2-s2.0-105001278969
36436,36437,2-s2.0-105001257256
36437,36438,2-s2.0-105001256732
36438,36439,2-s2.0-105001239050
36440,36441,2-s2.0-105001230545
36443,36444,2-s2.0-105001198601
36444,36445,2-s2.0-105001193387
36445,36446,2-s2.0-105001179008
36446,36447,2-s2.0-105001169947
36447,36448,2-s2.0-105001168177
36448,36449,2-s2.0-105001139977
36450,36451,2-s2.0-105001132200
36453,36454,2-s2.0-105001080075
36454,36455,2-s2.0-105001072245
36455,36456,2-s2.0-105001070652
36459,36460,2-s2.0-105001039981
36461,36462,2-s2.0-105001034522
36467,36468,2-s2.0-105000931614
36468,36469,2-s2.0-105000905320
36469,36470,2-s2.0-105000855820
36471,36472,2-s2.0-105000771570
36472,36473,2-s2.0-105000747068
36473,36474,2-s2.0-105000742247
36474,36475,2-s2.0-105000727660
36476,36477,2-s2.0-105000723253
36478,36479,2-s2.0-105000681550
36479,36480,2-s2.0-105000680401
36480,36481,2-s2.0-105000613772
36483,36484,2-s2.0-105000550469
36485,36486,2-s2.0-105000522557
36489,36490,2-s2.0-105000469359
36491,36492,2-s2.0-105000448073
36492,36493,2-s2.0-105000433464
36494,36495,2-s2.0-105000410107
36499,36500,2-s2.0-105000263951
36502,36503,2-s2.0-105000223949
36504,36505,2-s2.0-105000194188
36505,36506,2-s2.0-105000169453
36506,36507,2-s2.0-105000165241
36508,36509,2-s2.0-105000143573
36510,36511,2-s2.0-105000126524
36512,36513,2-s2.0-105000113787
36513,36514,2-s2.0-105000104479
36515,36516,2-s2.0-105000080050
36521,36522,2-s2.0-85215093662
36523,36524,2-s2.0-85214879236
36527,36528,2-s2.0-105002650104
36529,36530,2-s2.0-85213544970
36531,36532,2-s2.0-105012985368
36532,36533,2-s2.0-85214505405
36534,36535,2-s2.0-85217702265
36535,36536,2-s2.0-85212019769
36537,36538,2-s2.0-85212791938
36538,36539,2-s2.0-105008607525
36539,36540,2-s2.0-105008604727
36542,36543,2-s2.0-105008588144
36544,36545,2-s2.0-85219616355
36545,36546,2-s2.0-85213032048
36548,36549,2-s2.0-85209952664
36549,36550,2-s2.0-85206961741
36550,36551,2-s2.0-85218853059
36551,36552,2-s2.0-85211830706
36552,36553,2-s2.0-85214725280
36561,36562,2-s2.0-85212955731
36563,36564,2-s2.0-85212954751
36564,36565,2-s2.0-85212933574
36568,36569,2-s2.0-85212923150
36569,36570,2-s2.0-85211047484
36574,36575,2-s2.0-85219123765
36575,36576,2-s2.0-85218848369
36577,36578,2-s2.0-85218462356
36580,36581,2-s2.0-85217717304
36584,36585,2-s2.0-85217523937
36590,36591,2-s2.0-85216326919
36591,36592,2-s2.0-85215369464
36592,36593,2-s2.0-85215109076
36593,36594,2-s2.0-85215089098
36596,36597,2-s2.0-85214707654
36598,36599,2-s2.0-85214406854
36601,36602,2-s2.0-85213508507
36602,36603,2-s2.0-85213496221
36604,36605,2-s2.0-85213480213
36606,36607,2-s2.0-85213461010
36608,36609,2-s2.0-85213443893
36609,36610,2-s2.0-85213430802
36611,36612,2-s2.0-85213417806
36613,36614,2-s2.0-85213293032
36614,36615,2-s2.0-85213249735
36615,36616,2-s2.0-85213017699
36616,36617,2-s2.0-85213012154
36623,36624,2-s2.0-85212665007
36625,36626,2-s2.0-85212656242
36626,36627,2-s2.0-85212624625
36631,36632,2-s2.0-85212520634
36634,36635,2-s2.0-85212400601
36636,36637,2-s2.0-85212074891
36637,36638,2-s2.0-85212023997
36640,36641,2-s2.0-85211806272
36641,36642,2-s2.0-85211781929
36645,36646,2-s2.0-85211466157
36646,36647,2-s2.0-85211449050
36650,36651,2-s2.0-85211186170
36652,36653,2-s2.0-85211155675
36653,36654,2-s2.0-85211151491
36657,36658,2-s2.0-85211125204
36658,36659,2-s2.0-85211114811
36659,36660,2-s2.0-85211108869
36660,36661,2-s2.0-85211088874
36663,36664,2-s2.0-85211011829
36669,36670,2-s2.0-85210930588
36670,36671,2-s2.0-85210912720
36671,36672,2-s2.0-85210771805
36672,36673,2-s2.0-85210525715
36673,36674,2-s2.0-85210391958
36674,36675,2-s2.0-85210179392
36675,36676,2-s2.0-85210172032
36678,36679,2-s2.0-85209895336
36679,36680,2-s2.0-85209802405
36682,36683,2-s2.0-85209711879
36687,36688,2-s2.0-85209478661
36688,36689,2-s2.0-85209382111
36692,36693,2-s2.0-85209152948
36693,36694,2-s2.0-85208765690
36695,36696,2-s2.0-85208602816
36696,36697,2-s2.0-85208462358
36697,36698,2-s2.0-85208266226
36698,36699,2-s2.0-85208218909
36700,36701,2-s2.0-85208143743
36701,36702,2-s2.0-85208141743
36702,36703,2-s2.0-85208132447
36703,36704,2-s2.0-85208127099
36705,36706,2-s2.0-85208062359
36707,36708,2-s2.0-85207854858
36708,36709,2-s2.0-85207830842
36709,36710,2-s2.0-85207812188
36712,36713,2-s2.0-85207430447
36714,36715,2-s2.0-85206962074
36717,36718,2-s2.0-85206832953
36719,36720,2-s2.0-85206799224
36720,36721,2-s2.0-85206620827
36721,36722,2-s2.0-85206540609
36722,36723,2-s2.0-85206475400
36723,36724,2-s2.0-85206353807
36726,36727,2-s2.0-85206015228
36728,36729,2-s2.0-85205984425
36730,36731,2-s2.0-85205861891
36732,36733,2-s2.0-85205788748
36733,36734,2-s2.0-85205787239
36734,36735,2-s2.0-85205776148
36735,36736,2-s2.0-85205773150
36738,36739,2-s2.0-85205384159
36739,36740,2-s2.0-85205315238
36741,36742,2-s2.0-85205264113
36742,36743,2-s2.0-85205248213
36745,36746,2-s2.0-85205136857
36747,36748,2-s2.0-85204941046
36748,36749,2-s2.0-85204777872
36749,36750,2-s2.0-85204756746
36750,36751,2-s2.0-85204692547
36751,36752,2-s2.0-85204567976
36752,36753,2-s2.0-85204550051
36753,36754,2-s2.0-85204524512
36754,36755,2-s2.0-85204313587
36755,36756,2-s2.0-85204289052
36756,36757,2-s2.0-85204281938
36757,36758,2-s2.0-85204246198
36758,36759,2-s2.0-85204193927
36763,36764,2-s2.0-85203966535
36764,36765,2-s2.0-85203703607
36768,36769,2-s2.0-85203310807
36769,36770,2-s2.0-85203258184
36770,36771,2-s2.0-85203236984
36771,36772,2-s2.0-85203124307
36772,36773,2-s2.0-85203021780
36773,36774,2-s2.0-85203013714
36774,36775,2-s2.0-85202891990
36776,36777,2-s2.0-85202741145
36777,36778,2-s2.0-85202478874
36779,36780,2-s2.0-85202070528
36781,36782,2-s2.0-85201636356
36782,36783,2-s2.0-85201544844
36785,36786,2-s2.0-85201323858
36786,36787,2-s2.0-85201303293
36788,36789,2-s2.0-85200762079
36792,36793,2-s2.0-85199147332
36795,36796,2-s2.0-85198648088
36796,36797,2-s2.0-85198391175
36797,36798,2-s2.0-85198336042
36799,36800,2-s2.0-85198083060
36802,36803,2-s2.0-85197681112
36804,36805,2-s2.0-85197379395
36805,36806,2-s2.0-85197228845
36806,36807,2-s2.0-85196804274
36807,36808,2-s2.0-85196661902
36810,36811,2-s2.0-85196319076
36811,36812,2-s2.0-85196097829
36812,36813,2-s2.0-85195966567
36813,36814,2-s2.0-85195865789
36816,36817,2-s2.0-85195386049
36818,36819,2-s2.0-85194839311
36822,36823,2-s2.0-85192814864
36824,36825,2-s2.0-85192530359
36829,36830,2-s2.0-85191174182
36831,36832,2-s2.0-85190774805
36833,36834,2-s2.0-85190268317
36834,36835,2-s2.0-85189918335
36835,36836,2-s2.0-85189815398
36841,36842,2-s2.0-85188182035
36845,36846,2-s2.0-85188156641
36846,36847,2-s2.0-85188052175
36847,36848,2-s2.0-85187876897
36848,36849,2-s2.0-85187117688
36849,36850,2-s2.0-85187100576
36850,36851,2-s2.0-85186581331
36853,36854,2-s2.0-85185449217
36855,36856,2-s2.0-85185283357
36863,36864,2-s2.0-85181729378
36864,36865,2-s2.0-85179000390
36866,36867,2-s2.0-85176790339
36867,36868,2-s2.0-85175968068
36869,36870,2-s2.0-85173741872
36870,36871,2-s2.0-85173060620
36871,36872,2-s2.0-85171465313
36873,36874,2-s2.0-85169101119
36875,36876,2-s2.0-85168093791
36876,36877,2-s2.0-85164930224
36879,36880,2-s2.0-85162049167
36880,36881,2-s2.0-85161520884
36884,36885,2-s2.0-105011382048
36885,36886,2-s2.0-105010263412
36887,36888,2-s2.0-105007986734
36888,36889,2-s2.0-105006820199
36889,36890,2-s2.0-105005599171
36890,36891,2-s2.0-105003950087
36891,36892,2-s2.0-105003134454
36892,36893,2-s2.0-105000837590
36894,36895,2-s2.0-105000325238
36896,36897,2-s2.0-105000230717
36897,36898,2-s2.0-105000221747
36899,36900,2-s2.0-85210345234
36901,36902,2-s2.0-86000266183
36902,36903,2-s2.0-86000207331
36903,36904,2-s2.0-85212155313
36904,36905,2-s2.0-85212056048
36905,36906,2-s2.0-85198625198
36906,36907,2-s2.0-85186618828
36907,36908,2-s2.0-85180503605
36913,36914,2-s2.0-85212896108
36914,36915,2-s2.0-85212895524
36918,36919,2-s2.0-85186493576
36919,36920,2-s2.0-105001887845
36921,36922,2-s2.0-85199579382
36922,36923,2-s2.0-85215709701
36926,36927,2-s2.0-85207458966
36927,36928,2-s2.0-85206968932
36931,36932,2-s2.0-85210250027
36933,36934,2-s2.0-85208823647
36934,36935,2-s2.0-85208648806
36938,36939,2-s2.0-85208171952
36939,36940,2-s2.0-85086800746
36941,36942,2-s2.0-85208390971
36944,36945,2-s2.0-85195281649
36948,36949,2-s2.0-85206809343
36949,36950,2-s2.0-85215629827
36950,36951,2-s2.0-85215623872
36951,36952,2-s2.0-85215603309
36954,36955,2-s2.0-85215594166
36956,36957,2-s2.0-85215585426
36957,36958,2-s2.0-85215582518
36958,36959,2-s2.0-85215579803
36961,36962,2-s2.0-85215571850
36968,36969,2-s2.0-85211901723
36969,36970,2-s2.0-85211577384
36970,36971,2-s2.0-85211172199
36971,36972,2-s2.0-85211162598
36974,36975,2-s2.0-85210994786
36981,36982,2-s2.0-85210559003
36983,36984,2-s2.0-85210393693
36987,36988,2-s2.0-85210254261
36991,36992,2-s2.0-85210026303
36992,36993,2-s2.0-85209920249
36993,36994,2-s2.0-85209785528
36994,36995,2-s2.0-85209779771
36995,36996,2-s2.0-85209772554
36998,36999,2-s2.0-85208756370
37003,37004,2-s2.0-85207893398
37004,37005,2-s2.0-85207384247
37006,37007,2-s2.0-85205460951
37009,37010,2-s2.0-85204364005
37011,37012,2-s2.0-85204309421
37012,37013,2-s2.0-85203549277
37013,37014,2-s2.0-85203307606
37016,37017,2-s2.0-85203128067
37017,37018,2-s2.0-85203070864
37020,37021,2-s2.0-85201979461
37021,37022,2-s2.0-85201977447
37023,37024,2-s2.0-85201944443
37024,37025,2-s2.0-85201928066
37026,37027,2-s2.0-85201393761
37028,37029,2-s2.0-85200975015
37029,37030,2-s2.0-85200944971
37030,37031,2-s2.0-85200887465
37032,37033,2-s2.0-85200055808
37034,37035,2-s2.0-85200040389
37036,37037,2-s2.0-85199969864
37038,37039,2-s2.0-85199780675
37039,37040,2-s2.0-85198910229
37040,37041,2-s2.0-85198524405
37044,37045,2-s2.0-85197423836
37046,37047,2-s2.0-85194766541
37049,37050,2-s2.0-85192259881
37052,37053,2-s2.0-85190998797
37053,37054,2-s2.0-85190138071
37057,37058,2-s2.0-85188540958
37058,37059,2-s2.0-85187933738
37059,37060,2-s2.0-85187176170
37061,37062,2-s2.0-85183422456
37062,37063,2-s2.0-85177239393
37064,37065,2-s2.0-85153038332
37066,37067,2-s2.0-85136559652
37069,37070,2-s2.0-85210808392
37072,37073,2-s2.0-85208116387
37083,37084,2-s2.0-85206426786
37086,37087,2-s2.0-85206414827
37087,37088,2-s2.0-85211482793
37088,37089,2-s2.0-85209122311
37089,37090,2-s2.0-85208121568
37092,37093,2-s2.0-85207619474
37095,37096,2-s2.0-85207177798
37097,37098,2-s2.0-85207167170
37100,37101,2-s2.0-85207162287
37101,37102,2-s2.0-85207161465
37102,37103,2-s2.0-105001572484
37106,37107,2-s2.0-85207072657
37108,37109,2-s2.0-85219707644
37111,37112,2-s2.0-85216870936
37112,37113,2-s2.0-85214349078
37114,37115,2-s2.0-85211180581
37117,37118,2-s2.0-85210448938
37118,37119,2-s2.0-85210108424
37119,37120,2-s2.0-85210035448
37120,37121,2-s2.0-85209772924
37121,37122,2-s2.0-85209749094
37127,37128,2-s2.0-85208138796
37128,37129,2-s2.0-85208106701
37129,37130,2-s2.0-85208079009
37132,37133,2-s2.0-85207721898
37135,37136,2-s2.0-85207720058
37136,37137,2-s2.0-85207718233
37138,37139,2-s2.0-85207715422
37139,37140,2-s2.0-85207714954
37142,37143,2-s2.0-85207477331
37143,37144,2-s2.0-85207451559
37146,37147,2-s2.0-85207372689
37149,37150,2-s2.0-85206572117
37150,37151,2-s2.0-85206565629
37153,37154,2-s2.0-85206261039
37154,37155,2-s2.0-85204991820
37156,37157,2-s2.0-85204873396
37158,37159,2-s2.0-85204730166
37159,37160,2-s2.0-85202145206
37160,37161,2-s2.0-85202010912
37163,37164,2-s2.0-85201630834
37165,37166,2-s2.0-85201414579
37167,37168,2-s2.0-85201108630
37168,37169,2-s2.0-85201054141
37173,37174,2-s2.0-85200032701
37174,37175,2-s2.0-85199591693
37175,37176,2-s2.0-85199485925
37177,37178,2-s2.0-85199430039
37179,37180,2-s2.0-85199428032
37181,37182,2-s2.0-85199279289
37182,37183,2-s2.0-85198518128
37183,37184,2-s2.0-85198419200
37185,37186,2-s2.0-85198081363
37186,37187,2-s2.0-85197935860
37189,37190,2-s2.0-85197527391
37190,37191,2-s2.0-85197468808
37193,37194,2-s2.0-85196623650
37197,37198,2-s2.0-85196111049
37199,37200,2-s2.0-85195637190
37204,37205,2-s2.0-85194849750
37207,37208,2-s2.0-85194502217
37209,37210,2-s2.0-85194133256
37210,37211,2-s2.0-85193978159
37211,37212,2-s2.0-85193485971
37212,37213,2-s2.0-85193278978
37213,37214,2-s2.0-85192975858
37215,37216,2-s2.0-85191842952
37220,37221,2-s2.0-85186416453
37223,37224,2-s2.0-85182660088
37229,37230,2-s2.0-85179366348
37230,37231,2-s2.0-85178951878
37235,37236,2-s2.0-85161437609
37237,37238,2-s2.0-85150878792
37239,37240,2-s2.0-85149898852
37244,37245,2-s2.0-105002551557
37246,37247,2-s2.0-85205278211
37250,37251,2-s2.0-85205912085
37254,37255,2-s2.0-85209182522
37255,37256,2-s2.0-85207472521
37259,37260,2-s2.0-85206563129
37260,37261,2-s2.0-85206085416
37264,37265,2-s2.0-85204986367
37269,37270,2-s2.0-105007490589
37272,37273,2-s2.0-85206072020
37273,37274,2-s2.0-85204399777
37274,37275,2-s2.0-85204385477
37275,37276,2-s2.0-85205573805
37277,37278,2-s2.0-85202268112
37279,37280,2-s2.0-86000333943
37280,37281,2-s2.0-85218948211
37281,37282,2-s2.0-85218921540
37282,37283,2-s2.0-85218803927
37285,37286,2-s2.0-85217221398
37287,37288,2-s2.0-85215086790
37288,37289,2-s2.0-85212705296
37290,37291,2-s2.0-85211185940
37291,37292,2-s2.0-85211178989
37292,37293,2-s2.0-85210846350
37295,37296,2-s2.0-85209766579
37296,37297,2-s2.0-85209763287
37298,37299,2-s2.0-85209759461
37304,37305,2-s2.0-85209643656
37305,37306,2-s2.0-85209595618
37307,37308,2-s2.0-85209179834
37312,37313,2-s2.0-85206268794
37313,37314,2-s2.0-85206256937
37314,37315,2-s2.0-85205994978
37315,37316,2-s2.0-85205267887
37317,37318,2-s2.0-85205246776
37320,37321,2-s2.0-85205227586
37324,37325,2-s2.0-85205217038
37325,37326,2-s2.0-85205043290
37327,37328,2-s2.0-85204422008
37329,37330,2-s2.0-85204122392
37330,37331,2-s2.0-85204050480
37333,37334,2-s2.0-85204010359
37339,37340,2-s2.0-85202792025
37340,37341,2-s2.0-85201762702
37347,37348,2-s2.0-85201365848
37348,37349,2-s2.0-85201364508
37349,37350,2-s2.0-85201324875
37351,37352,2-s2.0-85200812627
37352,37353,2-s2.0-85200796073
37355,37356,2-s2.0-85200747736
37361,37362,2-s2.0-85200193654
37362,37363,2-s2.0-85200149171
37372,37373,2-s2.0-85199136543
37373,37374,2-s2.0-85199126849
37375,37376,2-s2.0-85198995555
37384,37385,2-s2.0-85197561625
37386,37387,2-s2.0-85197184806
37387,37388,2-s2.0-85196827699
37388,37389,2-s2.0-85196779624
37389,37390,2-s2.0-85196707699
37390,37391,2-s2.0-85196165182
37392,37393,2-s2.0-85196026101
37393,37394,2-s2.0-85195537423
37395,37396,2-s2.0-85195405347
37401,37402,2-s2.0-85193607759
37411,37412,2-s2.0-85190797649
37415,37416,2-s2.0-85186607891
37416,37417,2-s2.0-85186563383
37417,37418,2-s2.0-85186456282
37419,37420,2-s2.0-85185303582
37421,37422,2-s2.0-85184276464
37422,37423,2-s2.0-85182989583
37423,37424,2-s2.0-85176788702
37424,37425,2-s2.0-85175641157
37425,37426,2-s2.0-85173520705
37426,37427,2-s2.0-85165330112
37430,37431,2-s2.0-85161997341
37431,37432,2-s2.0-85161642489
37432,37433,2-s2.0-85159697335
37433,37434,2-s2.0-85159688494
37435,37436,2-s2.0-105013759811
37442,37443,2-s2.0-85201457613
37447,37448,2-s2.0-85194502446
37448,37449,2-s2.0-85200627303
37450,37451,2-s2.0-85202005520
37451,37452,2-s2.0-105003519870
37452,37453,2-s2.0-105003516558
37455,37456,2-s2.0-85204844432
37456,37457,2-s2.0-85204829958
37458,37459,2-s2.0-85204823883
37460,37461,2-s2.0-85202587300
37464,37465,2-s2.0-85200326852
37467,37468,2-s2.0-85200658755
37471,37472,2-s2.0-85200446065
37476,37477,2-s2.0-85198136169
37477,37478,2-s2.0-85197144525
37479,37480,2-s2.0-85207296362
37484,37485,2-s2.0-85205540687
37486,37487,2-s2.0-85204405478
37487,37488,2-s2.0-85204357672
37488,37489,2-s2.0-85204302735
37492,37493,2-s2.0-85203179766
37493,37494,2-s2.0-85203070328
37495,37496,2-s2.0-85202753582
37496,37497,2-s2.0-85202640860
37504,37505,2-s2.0-85202601566
37505,37506,2-s2.0-85202599836
37508,37509,2-s2.0-85202481073
37509,37510,2-s2.0-85202478289
37513,37514,2-s2.0-85202458660
37516,37517,2-s2.0-85201753690
37517,37518,2-s2.0-85201539102
37520,37521,2-s2.0-85201311722
37522,37523,2-s2.0-85201236407
37523,37524,2-s2.0-85201227299
37526,37527,2-s2.0-85201046288
37528,37529,2-s2.0-85200495588
37535,37536,2-s2.0-85198129939
37536,37537,2-s2.0-85198078422
37538,37539,2-s2.0-85197625800
37541,37542,2-s2.0-85197143431
37543,37544,2-s2.0-85196798657
37545,37546,2-s2.0-85196624415
37547,37548,2-s2.0-85195632079
37549,37550,2-s2.0-85195136601
37551,37552,2-s2.0-85194371915
37556,37557,2-s2.0-85194177017
37557,37558,2-s2.0-85194171902
37558,37559,2-s2.0-85194161693
37560,37561,2-s2.0-85193683747
37561,37562,2-s2.0-85193228413
37562,37563,2-s2.0-85193066093
37564,37565,2-s2.0-85192755276
37565,37566,2-s2.0-85192384202
37569,37570,2-s2.0-85192058375
37573,37574,2-s2.0-85189632187
37575,37576,2-s2.0-85188947359
37581,37582,2-s2.0-85186427648
37583,37584,2-s2.0-85185472317
37584,37585,2-s2.0-85185444341
37587,37588,2-s2.0-85184182709
37588,37589,2-s2.0-85183631111
37589,37590,2-s2.0-85182233319
37590,37591,2-s2.0-85180195547
37594,37595,2-s2.0-85162191091
37595,37596,2-s2.0-85161989026
37600,37601,2-s2.0-85152906061
37603,37604,2-s2.0-85143147385
37604,37605,2-s2.0-85141615651
37605,37606,2-s2.0-85126058124
37608,37609,2-s2.0-85200409560
37612,37613,2-s2.0-85197863614
37616,37617,2-s2.0-85203222857
37617,37618,2-s2.0-85202714465
37618,37619,2-s2.0-85200546534
37622,37623,2-s2.0-85204525410
37627,37628,2-s2.0-85201109445
37628,37629,2-s2.0-85201105461
37629,37630,2-s2.0-85201101652
37630,37631,2-s2.0-85201097939
37631,37632,2-s2.0-85201087045
37633,37634,2-s2.0-85201074845
37637,37638,2-s2.0-85191879063
37638,37639,2-s2.0-85200141411
37639,37640,2-s2.0-85198598288
37645,37646,2-s2.0-85196026384
37648,37649,2-s2.0-85206184713
37649,37650,2-s2.0-85205578512
37650,37651,2-s2.0-85205553515
37651,37652,2-s2.0-85204698184
37653,37654,2-s2.0-85198625921
37654,37655,2-s2.0-85199786318
37657,37658,2-s2.0-85198900212
37661,37662,2-s2.0-85208743094
37662,37663,2-s2.0-85208726499
37665,37666,2-s2.0-85208712814
37666,37667,2-s2.0-85208711351
37675,37676,2-s2.0-85212711318
37678,37679,2-s2.0-85206203223
37679,37680,2-s2.0-85206159106
37680,37681,2-s2.0-85205707485
37683,37684,2-s2.0-85204691504
37684,37685,2-s2.0-85204347663
37685,37686,2-s2.0-85203653675
37688,37689,2-s2.0-85201900057
37690,37691,2-s2.0-85201541891
37691,37692,2-s2.0-85201219231
37692,37693,2-s2.0-85201081489
37696,37697,2-s2.0-85200776922
37697,37698,2-s2.0-85200643217
37698,37699,2-s2.0-85200635144
37701,37702,2-s2.0-85199879438
37702,37703,2-s2.0-85199786675
37707,37708,2-s2.0-85199659301
37708,37709,2-s2.0-85199658515
37715,37716,2-s2.0-85199581732
37719,37720,2-s2.0-85199477087
37721,37722,2-s2.0-85199375627
37724,37725,2-s2.0-85198706358
37728,37729,2-s2.0-85198110248
37735,37736,2-s2.0-85196081549
37741,37742,2-s2.0-85194822594
37743,37744,2-s2.0-85194405140
37744,37745,2-s2.0-85193446614
37745,37746,2-s2.0-85193295162
37761,37762,2-s2.0-85184239524
37766,37767,2-s2.0-85178965408
37773,37774,2-s2.0-85169914220
37774,37775,2-s2.0-85169899426
37776,37777,2-s2.0-85167566428
37778,37779,2-s2.0-85150710761
37779,37780,2-s2.0-85196202486
37781,37782,2-s2.0-85196601952
37783,37784,2-s2.0-85210043185
37784,37785,2-s2.0-85209894437
37786,37787,2-s2.0-85205938025
37787,37788,2-s2.0-85205924270
37788,37789,2-s2.0-85205899073
37789,37790,2-s2.0-85205698970
37790,37791,2-s2.0-85205684783
37792,37793,2-s2.0-85200581445
37794,37795,2-s2.0-85197945430
37796,37797,2-s2.0-85202079361
37800,37801,2-s2.0-85202078186
37802,37803,2-s2.0-85202077936
37806,37807,2-s2.0-85202077160
37808,37809,2-s2.0-85202075929
37809,37810,2-s2.0-85202075873
37810,37811,2-s2.0-85202075701
37812,37813,2-s2.0-85202074547
37814,37815,2-s2.0-85202073727
37819,37820,2-s2.0-85202071360
37821,37822,2-s2.0-85202070548
37825,37826,2-s2.0-85202068809
37826,37827,2-s2.0-85202068751
37829,37830,2-s2.0-85202068048
37830,37831,2-s2.0-85202067893
37832,37833,2-s2.0-85202066910
37835,37836,2-s2.0-85202066344
37836,37837,2-s2.0-85202066314
37838,37839,2-s2.0-85202065581
37839,37840,2-s2.0-85202065163
37840,37841,2-s2.0-85202065118
37841,37842,2-s2.0-85202064899
37842,37843,2-s2.0-85202064861
37843,37844,2-s2.0-85202064572
37844,37845,2-s2.0-85202064561
37847,37848,2-s2.0-85202063652
37848,37849,2-s2.0-85202063406
37851,37852,2-s2.0-85202062410
37852,37853,2-s2.0-85202062332
37853,37854,2-s2.0-85202062043
37856,37857,2-s2.0-85202060971
37857,37858,2-s2.0-85202060696
37862,37863,2-s2.0-85202059021
37868,37869,2-s2.0-85202055991
37869,37870,2-s2.0-85202055915
37871,37872,2-s2.0-85202055277
37875,37876,2-s2.0-85202054096
37876,37877,2-s2.0-85202053826
37881,37882,2-s2.0-85202051535
37882,37883,2-s2.0-85202051014
37885,37886,2-s2.0-85202050533
37887,37888,2-s2.0-85202049948
37889,37890,2-s2.0-85202048972
37893,37894,2-s2.0-85202047709
37895,37896,2-s2.0-85202046866
37898,37899,2-s2.0-85202045606
37902,37903,2-s2.0-85202043707
37903,37904,2-s2.0-85202043157
37906,37907,2-s2.0-85202042389
37907,37908,2-s2.0-85202042220
37909,37910,2-s2.0-85202041784
37911,37912,2-s2.0-85202040671
37915,37916,2-s2.0-85202038760
37916,37917,2-s2.0-85202038685
37921,37922,2-s2.0-85202036855
37922,37923,2-s2.0-85202036705
37924,37925,2-s2.0-85202035948
37927,37928,2-s2.0-85202035543
37931,37932,2-s2.0-85202035094
37933,37934,2-s2.0-85202033907
37934,37935,2-s2.0-85202033822
37936,37937,2-s2.0-85202033660
37938,37939,2-s2.0-85202033111
37942,37943,2-s2.0-85202031718
37943,37944,2-s2.0-85202031686
37945,37946,2-s2.0-85202030931
37946,37947,2-s2.0-85202030424
37947,37948,2-s2.0-85202030277
37948,37949,2-s2.0-85202029474
37957,37958,2-s2.0-85202024125
37958,37959,2-s2.0-85202023891
37960,37961,2-s2.0-85202023007
37963,37964,2-s2.0-85202022332
37967,37968,2-s2.0-85202021228
37969,37970,2-s2.0-85202021022
37975,37976,2-s2.0-85202018639
37976,37977,2-s2.0-85202018559
37979,37980,2-s2.0-85202017623
37981,37982,2-s2.0-85202017304
37982,37983,2-s2.0-85202017058
37985,37986,2-s2.0-85202016642
37986,37987,2-s2.0-85202016564
37992,37993,2-s2.0-85202015014
37994,37995,2-s2.0-85202014433
37995,37996,2-s2.0-85202014384
37998,37999,2-s2.0-85202014115
37999,38000,2-s2.0-85202013889
38002,38003,2-s2.0-85202013467
38007,38008,2-s2.0-85202011919
38010,38011,2-s2.0-85202011833
38012,38013,2-s2.0-85202011254
38013,38014,2-s2.0-85202011028
38020,38021,2-s2.0-85205389779
38023,38024,2-s2.0-85205356404
38024,38025,2-s2.0-85205354479
38025,38026,2-s2.0-85198345614
38026,38027,2-s2.0-85197455469
38027,38028,2-s2.0-85196754536
38029,38030,2-s2.0-85199345945
38032,38033,2-s2.0-85197871923
38033,38034,2-s2.0-85197858499
38036,38037,2-s2.0-85202743432
38037,38038,2-s2.0-85202622897
38039,38040,2-s2.0-85202515579
38040,38041,2-s2.0-85196812098
38042,38043,2-s2.0-85193734230
38044,38045,2-s2.0-85196548022
38046,38047,2-s2.0-85196057663
38047,38048,2-s2.0-105009316314
38048,38049,2-s2.0-85201549234
38049,38050,2-s2.0-85196183781
38050,38051,2-s2.0-85186209157
38051,38052,2-s2.0-85175818616
38053,38054,2-s2.0-85194816401
38056,38057,2-s2.0-85192541345
38059,38060,2-s2.0-85216388327
38060,38061,2-s2.0-85213852679
38061,38062,2-s2.0-85213844118
38062,38063,2-s2.0-85212845136
38065,38066,2-s2.0-85207826459
38066,38067,2-s2.0-85207727057
38067,38068,2-s2.0-85207207310
38071,38072,2-s2.0-85203279688
38073,38074,2-s2.0-85202488291
38074,38075,2-s2.0-85201862844
38075,38076,2-s2.0-85201541788
38081,38082,2-s2.0-85199442235
38083,38084,2-s2.0-85199178419
38087,38088,2-s2.0-85198562392
38088,38089,2-s2.0-85198397682
38090,38091,2-s2.0-85198251157
38091,38092,2-s2.0-85198171609
38093,38094,2-s2.0-85198061329
38096,38097,2-s2.0-85197811332
38099,38100,2-s2.0-85197275033
38101,38102,2-s2.0-85197202781
38102,38103,2-s2.0-85197201231
38103,38104,2-s2.0-85197190780
38104,38105,2-s2.0-85197188449
38105,38106,2-s2.0-85197170718
38106,38107,2-s2.0-85197158395
38109,38110,2-s2.0-85197147068
38110,38111,2-s2.0-85197146238
38112,38113,2-s2.0-85197135549
38116,38117,2-s2.0-85196802306
38119,38120,2-s2.0-85196191426
38120,38121,2-s2.0-85196142953
38122,38123,2-s2.0-85195864660
38123,38124,2-s2.0-85195798884
38126,38127,2-s2.0-85195649270
38127,38128,2-s2.0-85195501330
38128,38129,2-s2.0-85195483744
38130,38131,2-s2.0-85195439225
38133,38134,2-s2.0-85194548896
38136,38137,2-s2.0-85193846923
38137,38138,2-s2.0-85193823093
38142,38143,2-s2.0-85193619888
38144,38145,2-s2.0-85193470027
38145,38146,2-s2.0-85193414409
38149,38150,2-s2.0-85192866218
38152,38153,2-s2.0-85192383806
38153,38154,2-s2.0-85192364442
38154,38155,2-s2.0-85192361811
38155,38156,2-s2.0-85192322977
38159,38160,2-s2.0-85192176663
38160,38161,2-s2.0-85192151297
38163,38164,2-s2.0-85191722632
38164,38165,2-s2.0-85191685579
38165,38166,2-s2.0-85190824002
38170,38171,2-s2.0-85190668821
38172,38173,2-s2.0-85190550258
38173,38174,2-s2.0-85190471265
38175,38176,2-s2.0-85189967249
38180,38181,2-s2.0-85189538987
38184,38185,2-s2.0-85189164813
38185,38186,2-s2.0-85189141579
38186,38187,2-s2.0-85188690336
38189,38190,2-s2.0-85187996179
38192,38193,2-s2.0-85187577946
38194,38195,2-s2.0-85187006929
38195,38196,2-s2.0-85186937938
38203,38204,2-s2.0-85184478850
38204,38205,2-s2.0-85183016539
38206,38207,2-s2.0-85182919771
38207,38208,2-s2.0-85182846925
38209,38210,2-s2.0-85182473066
38211,38212,2-s2.0-85182460388
38212,38213,2-s2.0-85182205727
38213,38214,2-s2.0-85182164723
38216,38217,2-s2.0-85179682484
38219,38220,2-s2.0-85178245614
38220,38221,2-s2.0-85177798407
38222,38223,2-s2.0-85176800852
38223,38224,2-s2.0-85176767409
38227,38228,2-s2.0-85172895428
38228,38229,2-s2.0-85171688321
38229,38230,2-s2.0-85171667683
38232,38233,2-s2.0-85169618641
38233,38234,2-s2.0-85168572841
38234,38235,2-s2.0-85163042546
38235,38236,2-s2.0-85161466081
38236,38237,2-s2.0-85161357318
38239,38240,2-s2.0-85156258793
38240,38241,2-s2.0-85153191464
38241,38242,2-s2.0-85151689157
38242,38243,2-s2.0-85149474710
38243,38244,2-s2.0-85149028156
38245,38246,2-s2.0-85148108234
38250,38251,2-s2.0-85131077745
38251,38252,2-s2.0-85125276127
38258,38259,2-s2.0-85194822872
38260,38261,2-s2.0-85195961429
38262,38263,2-s2.0-85194770888
38265,38266,2-s2.0-85194735517
38268,38269,2-s2.0-85194716769
38269,38270,2-s2.0-85194715721
38270,38271,2-s2.0-85194713781
38273,38274,2-s2.0-105004843875
38277,38278,2-s2.0-85196961373
38278,38279,2-s2.0-85194073871
38279,38280,2-s2.0-85194045599
38280,38281,2-s2.0-85205525849
38281,38282,2-s2.0-85191960483
38282,38283,2-s2.0-85196153096
38283,38284,2-s2.0-85200481413
38284,38285,2-s2.0-85194148591
38285,38286,2-s2.0-85192046992
38287,38288,2-s2.0-85187903806
38290,38291,2-s2.0-85199026830
38291,38292,2-s2.0-85196236209
38292,38293,2-s2.0-85195628944
38293,38294,2-s2.0-85195623969
38294,38295,2-s2.0-85194077792
38298,38299,2-s2.0-85197415015
38299,38300,2-s2.0-85192977878
38300,38301,2-s2.0-85188164914
38301,38302,2-s2.0-85217132552
38305,38306,2-s2.0-85204281122
38306,38307,2-s2.0-85202904521
38310,38311,2-s2.0-85201211556
38311,38312,2-s2.0-85201199936
38314,38315,2-s2.0-85199711027
38318,38319,2-s2.0-85197860429
38320,38321,2-s2.0-85197252254
38321,38322,2-s2.0-85197116863
38324,38325,2-s2.0-85195610156
38327,38328,2-s2.0-85195549112
38329,38330,2-s2.0-85195080080
38331,38332,2-s2.0-85194910485
38332,38333,2-s2.0-85194575043
38333,38334,2-s2.0-85194405399
38335,38336,2-s2.0-85194270535
38340,38341,2-s2.0-85194244884
38341,38342,2-s2.0-85194243216
38343,38344,2-s2.0-85194187086
38346,38347,2-s2.0-85194164865
38348,38349,2-s2.0-85194070698
38349,38350,2-s2.0-85193954486
38353,38354,2-s2.0-85192809743
38358,38359,2-s2.0-85190762876
38359,38360,2-s2.0-85190495262
38361,38362,2-s2.0-85190234546
38362,38363,2-s2.0-85190127751
38371,38372,2-s2.0-85187621822
38372,38373,2-s2.0-85187178594
38379,38380,2-s2.0-85184244370
38382,38383,2-s2.0-85180484653
38383,38384,2-s2.0-85177463567
38387,38388,2-s2.0-85174585641
38389,38390,2-s2.0-85168276330
38390,38391,2-s2.0-85164168215
38396,38397,2-s2.0-85192916210
38398,38399,2-s2.0-85193022088
38402,38403,2-s2.0-85193012480
38403,38404,2-s2.0-85193009564
38404,38405,2-s2.0-85193008112
38406,38407,2-s2.0-85192995116
38411,38412,2-s2.0-85192845422
38413,38414,2-s2.0-85192395616
38414,38415,2-s2.0-85192362459
38415,38416,2-s2.0-105011396091
38417,38418,2-s2.0-85192776234
38419,38420,2-s2.0-85192017931
38420,38421,2-s2.0-85191987911
38424,38425,2-s2.0-85191968393
38425,38426,2-s2.0-85191963301
38426,38427,2-s2.0-85191957105
38428,38429,2-s2.0-85191945558
38430,38431,2-s2.0-85191786507
38435,38436,2-s2.0-85195559280
38437,38438,2-s2.0-85191027173
38438,38439,2-s2.0-85191019709
38439,38440,2-s2.0-85191014418
38440,38441,2-s2.0-85191009093
38441,38442,2-s2.0-85190997940
38442,38443,2-s2.0-85190988796
38446,38447,2-s2.0-85190966157
38447,38448,2-s2.0-85190961771
38449,38450,2-s2.0-85190945189
38450,38451,2-s2.0-85191701886
38452,38453,2-s2.0-85190871452
38458,38459,2-s2.0-85203712522
38459,38460,2-s2.0-85203702705
38461,38462,2-s2.0-85190706686
38464,38465,2-s2.0-85190691100
38468,38469,2-s2.0-85190671158
38471,38472,2-s2.0-85190642596
38472,38473,2-s2.0-85214787381
38475,38476,2-s2.0-85196552877
38477,38478,2-s2.0-85195520887
38479,38480,2-s2.0-85194161638
38480,38481,2-s2.0-85194154900
38481,38482,2-s2.0-85194148661
38482,38483,2-s2.0-85194147476
38483,38484,2-s2.0-85194132997
38484,38485,2-s2.0-85193749736
38485,38486,2-s2.0-85193575670
38488,38489,2-s2.0-85192737701
38491,38492,2-s2.0-85191603523
38493,38494,2-s2.0-85191572021
38495,38496,2-s2.0-85191559505
38496,38497,2-s2.0-85191395111
38498,38499,2-s2.0-85191331745
38500,38501,2-s2.0-85191318172
38501,38502,2-s2.0-85191292133
38502,38503,2-s2.0-85191292110
38505,38506,2-s2.0-85190721546
38507,38508,2-s2.0-85190482506
38509,38510,2-s2.0-85190462172
38511,38512,2-s2.0-85190354177
38513,38514,2-s2.0-85189336994
38515,38516,2-s2.0-85188158267
38520,38521,2-s2.0-85186998949
38524,38525,2-s2.0-85186462906
38528,38529,2-s2.0-85184740863
38529,38530,2-s2.0-85183962945
38532,38533,2-s2.0-85183834467
38534,38535,2-s2.0-85181755788
38535,38536,2-s2.0-85181677532
38539,38540,2-s2.0-85177180368
38540,38541,2-s2.0-85176762942
38542,38543,2-s2.0-85176356965
38546,38547,2-s2.0-85174302520
38548,38549,2-s2.0-85173524878
38549,38550,2-s2.0-85169813120
38552,38553,2-s2.0-85166581713
38555,38556,2-s2.0-85162971871
38556,38557,2-s2.0-85162963241
38557,38558,2-s2.0-85162251619
38558,38559,2-s2.0-85159723430
38560,38561,2-s2.0-85151376351
38561,38562,2-s2.0-85149070568
38562,38563,2-s2.0-85146343974
38564,38565,2-s2.0-85143706945
38566,38567,2-s2.0-85141472552
38568,38569,2-s2.0-85139789528
38569,38570,2-s2.0-85139628668
38571,38572,2-s2.0-85137928219
38574,38575,2-s2.0-85078425429
38575,38576,2-s2.0-85057527001
38579,38580,2-s2.0-85128820587
38583,38584,2-s2.0-85191800843
38584,38585,2-s2.0-85191233506
38588,38589,2-s2.0-85189329651
38589,38590,2-s2.0-85189327598
38600,38601,2-s2.0-85190835074
38602,38603,2-s2.0-85200733461
38604,38605,2-s2.0-85186980247
38607,38608,2-s2.0-85189169144
38608,38609,2-s2.0-85189165934
38616,38617,2-s2.0-85188051950
38617,38618,2-s2.0-85188050773
38618,38619,2-s2.0-85189356915
38622,38623,2-s2.0-85188474570
38623,38624,2-s2.0-85188452067
38626,38627,2-s2.0-85189705862
38628,38629,2-s2.0-85187551883
38631,38632,2-s2.0-85186912192
38633,38634,2-s2.0-85217406665
38635,38636,2-s2.0-85211730691
38636,38637,2-s2.0-85208223584
38639,38640,2-s2.0-85201199382
38640,38641,2-s2.0-85201182961
38642,38643,2-s2.0-85199258033
38644,38645,2-s2.0-85195674998
38645,38646,2-s2.0-85195487445
38646,38647,2-s2.0-85194771788
38647,38648,2-s2.0-85193973030
38650,38651,2-s2.0-85193448562
38654,38655,2-s2.0-85190960669
38655,38656,2-s2.0-85190541396
38659,38660,2-s2.0-85189482205
38660,38661,2-s2.0-85189247335
38661,38662,2-s2.0-85189136759
38663,38664,2-s2.0-85189010285
38664,38665,2-s2.0-85188943566
38665,38666,2-s2.0-85188892944
38669,38670,2-s2.0-85188787074
38671,38672,2-s2.0-85188754156
38673,38674,2-s2.0-85188715249
38676,38677,2-s2.0-85188671068
38678,38679,2-s2.0-85187912181
38683,38684,2-s2.0-85186983598
38687,38688,2-s2.0-85186695258
38688,38689,2-s2.0-85186603892
38689,38690,2-s2.0-85186421576
38690,38691,2-s2.0-85186215002
38694,38695,2-s2.0-85185397639
38700,38701,2-s2.0-85184192278
38701,38702,2-s2.0-85183945090
38703,38704,2-s2.0-85183832474
38705,38706,2-s2.0-85183441988
38711,38712,2-s2.0-85180435853
38714,38715,2-s2.0-85179618462
38716,38717,2-s2.0-85176233623
38719,38720,2-s2.0-85174230938
38720,38721,2-s2.0-85173991415
38723,38724,2-s2.0-85165871836
38724,38725,2-s2.0-85164486266
38727,38728,2-s2.0-85160699137
38729,38730,2-s2.0-85159801162
38730,38731,2-s2.0-85151472274
38732,38733,2-s2.0-85147761672
38734,38735,2-s2.0-85146350433
38737,38738,2-s2.0-85136497870
38738,38739,2-s2.0-85134350246
38739,38740,2-s2.0-85118252035
38743,38744,2-s2.0-85186627449
38745,38746,2-s2.0-85189128988
38749,38750,2-s2.0-85170553654
38751,38752,2-s2.0-85186535656
38752,38753,2-s2.0-85186525233
38753,38754,2-s2.0-85186524913
38756,38757,2-s2.0-85186518543
38758,38759,2-s2.0-85186517819
38760,38761,2-s2.0-85186517582
38762,38763,2-s2.0-85186510411
38764,38765,2-s2.0-85186503180
38765,38766,2-s2.0-85186501230
38766,38767,2-s2.0-85186499209
38767,38768,2-s2.0-85186571346
38769,38770,2-s2.0-105007492538
38770,38771,2-s2.0-85185226799
38773,38774,2-s2.0-85190344708
38774,38775,2-s2.0-85189971186
38783,38784,2-s2.0-85200677331
38784,38785,2-s2.0-85193542097
38785,38786,2-s2.0-85192779442
38790,38791,2-s2.0-85190423464
38792,38793,2-s2.0-85190410520
38793,38794,2-s2.0-85190292269
38794,38795,2-s2.0-85190100612
38797,38798,2-s2.0-85188445849
38798,38799,2-s2.0-85188445808
38799,38800,2-s2.0-85188427644
38801,38802,2-s2.0-85188289255
38802,38803,2-s2.0-85188285249
38803,38804,2-s2.0-85188277041
38806,38807,2-s2.0-85187299335
38807,38808,2-s2.0-85187295536
38808,38809,2-s2.0-85187268600
38811,38812,2-s2.0-85186903220
38813,38814,2-s2.0-85186491980
38816,38817,2-s2.0-85186231632
38817,38818,2-s2.0-85186229658
38821,38822,2-s2.0-85185930352
38822,38823,2-s2.0-85185908404
38823,38824,2-s2.0-85185773468
38824,38825,2-s2.0-85185553677
38826,38827,2-s2.0-85185241186
38829,38830,2-s2.0-85184379084
38830,38831,2-s2.0-85183996050
38833,38834,2-s2.0-85180222550
38836,38837,2-s2.0-85179308669
38837,38838,2-s2.0-85178346572
38838,38839,2-s2.0-85178249072
38839,38840,2-s2.0-85178135753
38842,38843,2-s2.0-85176285613
38845,38846,2-s2.0-85174578794
38846,38847,2-s2.0-85172080084
38847,38848,2-s2.0-85171309097
38848,38849,2-s2.0-85170096163
38850,38851,2-s2.0-85166926725
38851,38852,2-s2.0-85166581710
38853,38854,2-s2.0-85161718556
38854,38855,2-s2.0-85160868308
38856,38857,2-s2.0-85160276464
38858,38859,2-s2.0-85160221880
38860,38861,2-s2.0-85153773904
38861,38862,2-s2.0-85142379755
38862,38863,2-s2.0-85138715022
38864,38865,2-s2.0-85137924413
38866,38867,2-s2.0-85131930966
38867,38868,2-s2.0-85185380332
38869,38870,2-s2.0-85182936300
38870,38871,2-s2.0-85184341925
38872,38873,2-s2.0-85184307296
38875,38876,2-s2.0-85201014912
38876,38877,2-s2.0-85193947328
38877,38878,2-s2.0-85184613340
38878,38879,2-s2.0-85184611457
38879,38880,2-s2.0-85184609241
38881,38882,2-s2.0-85184576563
38882,38883,2-s2.0-85180991325
38889,38890,2-s2.0-85183668433
38892,38893,2-s2.0-85182550421
38894,38895,2-s2.0-85216959466
38895,38896,2-s2.0-85182472330
38899,38900,2-s2.0-86000766035
38902,38903,2-s2.0-86000613762
38903,38904,2-s2.0-86000559536
38905,38906,2-s2.0-86000374263
38908,38909,2-s2.0-86000266571
38911,38912,2-s2.0-86000126356
38915,38916,2-s2.0-86000074658
38916,38917,2-s2.0-86000070724
38918,38919,2-s2.0-86000041513
38919,38920,2-s2.0-86000038866
38920,38921,2-s2.0-86000028935
38922,38923,2-s2.0-86000014216
38924,38925,2-s2.0-85219651660
38925,38926,2-s2.0-85219643725
38927,38928,2-s2.0-85219574598
38929,38930,2-s2.0-85219475011
38930,38931,2-s2.0-85219468706
38938,38939,2-s2.0-85219374782
38939,38940,2-s2.0-85219351471
38940,38941,2-s2.0-85219346475
38944,38945,2-s2.0-85219308421
38945,38946,2-s2.0-85219294312
38947,38948,2-s2.0-85219287733
38949,38950,2-s2.0-85219267283
38952,38953,2-s2.0-85219237995
38953,38954,2-s2.0-85219227876
38954,38955,2-s2.0-85219216544
38956,38957,2-s2.0-85219166175
38960,38961,2-s2.0-85218923882
38961,38962,2-s2.0-85218893017
38963,38964,2-s2.0-85218884017
38964,38965,2-s2.0-85218783121
38967,38968,2-s2.0-85218671397
38968,38969,2-s2.0-85218666917
38970,38971,2-s2.0-85218666023
38972,38973,2-s2.0-85218656281
38976,38977,2-s2.0-85218648561
38980,38981,2-s2.0-85218641882
38982,38983,2-s2.0-85218639847
38983,38984,2-s2.0-85218639660
38984,38985,2-s2.0-85218638417
38986,38987,2-s2.0-85218637355
38987,38988,2-s2.0-85218636880
38988,38989,2-s2.0-85218636608
38991,38992,2-s2.0-85218632110
38992,38993,2-s2.0-85218632059
38995,38996,2-s2.0-85218630398
38996,38997,2-s2.0-85218629946
38998,38999,2-s2.0-85218628921
39000,39001,2-s2.0-85218627415
39001,39002,2-s2.0-85218625948
39003,39004,2-s2.0-85218624657
39005,39006,2-s2.0-85218623862
39006,39007,2-s2.0-85218623173
39008,39009,2-s2.0-85218622703
39010,39011,2-s2.0-85218506047
39012,39013,2-s2.0-85218453756
39013,39014,2-s2.0-85218378943
39014,39015,2-s2.0-85218351341
39015,39016,2-s2.0-85218338754
39017,39018,2-s2.0-85218307674
39018,39019,2-s2.0-85218295734
39019,39020,2-s2.0-85218220795
39020,39021,2-s2.0-85218209211
39021,39022,2-s2.0-85218208131
39023,39024,2-s2.0-85218191488
39026,39027,2-s2.0-85218161300
39029,39030,2-s2.0-85218096275
39031,39032,2-s2.0-85218056497
39033,39034,2-s2.0-85218039534
39034,39035,2-s2.0-85218029850
39035,39036,2-s2.0-85218029573
39037,39038,2-s2.0-85217997610
39040,39041,2-s2.0-85217873045
39044,39045,2-s2.0-85217732406
39048,39049,2-s2.0-85217682474
39050,39051,2-s2.0-85217633249
39051,39052,2-s2.0-85217632613
39053,39054,2-s2.0-85217559594
39056,39057,2-s2.0-85217506315
39057,39058,2-s2.0-85217501468
39059,39060,2-s2.0-85217333930
39061,39062,2-s2.0-85217257653
39062,39063,2-s2.0-85217240750
39063,39064,2-s2.0-85217233144
39067,39068,2-s2.0-85217131781
39068,39069,2-s2.0-85217083642
39069,39070,2-s2.0-85217044640
39071,39072,2-s2.0-85216995040
39078,39079,2-s2.0-85216801690
39079,39080,2-s2.0-85216800151
39080,39081,2-s2.0-85216798385
39082,39083,2-s2.0-85216791588
39084,39085,2-s2.0-85216790397
39085,39086,2-s2.0-85216789685
39086,39087,2-s2.0-85216787279
39087,39088,2-s2.0-85216787113
39089,39090,2-s2.0-85216782490
39093,39094,2-s2.0-85216771550
39096,39097,2-s2.0-85216737121
39097,39098,2-s2.0-85216736923
39099,39100,2-s2.0-85216730027
39100,39101,2-s2.0-85216722062
39102,39103,2-s2.0-85216718967
39103,39104,2-s2.0-85216680950
39104,39105,2-s2.0-85216600612
39105,39106,2-s2.0-85216573915
39109,39110,2-s2.0-85216547425
39113,39114,2-s2.0-85216408670
39114,39115,2-s2.0-85216406228
39116,39117,2-s2.0-85216385090
39117,39118,2-s2.0-85216367797
39118,39119,2-s2.0-85216275885
39119,39120,2-s2.0-85216273190
39120,39121,2-s2.0-85216264482
39122,39123,2-s2.0-85216184175
39123,39124,2-s2.0-85216106077
39124,39125,2-s2.0-85216095574
39125,39126,2-s2.0-85216083742
39129,39130,2-s2.0-85215968784
39132,39133,2-s2.0-85215927213
39134,39135,2-s2.0-85215811741
39136,39137,2-s2.0-85215688790
39137,39138,2-s2.0-85215688658
39139,39140,2-s2.0-85215686956
39140,39141,2-s2.0-85215678454
39141,39142,2-s2.0-85215668292
39142,39143,2-s2.0-85215663516
39143,39144,2-s2.0-85215602061
39144,39145,2-s2.0-85215598070
39145,39146,2-s2.0-85215591331
39146,39147,2-s2.0-85215586686
39149,39150,2-s2.0-85215441112
39151,39152,2-s2.0-85215358921
39152,39153,2-s2.0-85215306553
39154,39155,2-s2.0-85215227483
39156,39157,2-s2.0-85215132280
39158,39159,2-s2.0-85215093236
39159,39160,2-s2.0-85215079804
39163,39164,2-s2.0-85214982949
39164,39165,2-s2.0-85214977630
39167,39168,2-s2.0-85214869450
39168,39169,2-s2.0-85214863879
39171,39172,2-s2.0-85214797373
39172,39173,2-s2.0-85214792101
39173,39174,2-s2.0-85214790029
39174,39175,2-s2.0-85214766508
39176,39177,2-s2.0-85214711481
39178,39179,2-s2.0-85214636536
39184,39185,2-s2.0-85214418992
39187,39188,2-s2.0-85214377349
39188,39189,2-s2.0-85214357342
39191,39192,2-s2.0-85214310063
39192,39193,2-s2.0-85214253347
39195,39196,2-s2.0-85214209246
39196,39197,2-s2.0-85214125191
39199,39200,2-s2.0-85214035077
39200,39201,2-s2.0-85214001260
39201,39202,2-s2.0-85213978470
39202,39203,2-s2.0-85213977103
39204,39205,2-s2.0-85213967946
39209,39210,2-s2.0-85213732221
39210,39211,2-s2.0-85213679973
39212,39213,2-s2.0-85213528980
39213,39214,2-s2.0-85213487193
39214,39215,2-s2.0-85213410421
39215,39216,2-s2.0-85213395980
39217,39218,2-s2.0-85213383082
39218,39219,2-s2.0-85213359550
39220,39221,2-s2.0-85213342370
39222,39223,2-s2.0-85213328086
39224,39225,2-s2.0-85213315203
39227,39228,2-s2.0-85213057055
39230,39231,2-s2.0-85213027603
39235,39236,2-s2.0-85212962578
39236,39237,2-s2.0-85212949764
39242,39243,2-s2.0-85212921939
39252,39253,2-s2.0-85212819649
39254,39255,2-s2.0-85212788548
39255,39256,2-s2.0-85212780141
39256,39257,2-s2.0-85212779501
39258,39259,2-s2.0-85212766320
39262,39263,2-s2.0-85212663109
39267,39268,2-s2.0-85212526245
39270,39271,2-s2.0-85212501869
39283,39284,2-s2.0-85212221076
39284,39285,2-s2.0-85212214970
39285,39286,2-s2.0-85212156184
39287,39288,2-s2.0-85212152732
39288,39289,2-s2.0-85212148797
39290,39291,2-s2.0-85212146924
39293,39294,2-s2.0-85212114709
39295,39296,2-s2.0-85212112508
39296,39297,2-s2.0-85212109936
39297,39298,2-s2.0-85212102774
39299,39300,2-s2.0-85212086840
39302,39303,2-s2.0-85212072687
39303,39304,2-s2.0-85212072016
39306,39307,2-s2.0-85212060745
39312,39313,2-s2.0-85212041279
39313,39314,2-s2.0-85212036341
39314,39315,2-s2.0-85212021876
39319,39320,2-s2.0-85211967687
39320,39321,2-s2.0-85211951667
39321,39322,2-s2.0-85211927970
39323,39324,2-s2.0-85211882246
39324,39325,2-s2.0-85211853563
39325,39326,2-s2.0-85211837142
39331,39332,2-s2.0-85211721776
39333,39334,2-s2.0-85211628842
39334,39335,2-s2.0-85211628380
39335,39336,2-s2.0-85211607448
39336,39337,2-s2.0-85211605064
39337,39338,2-s2.0-85211602347
39340,39341,2-s2.0-85211574010
39341,39342,2-s2.0-85211566903
39342,39343,2-s2.0-85211505192
39344,39345,2-s2.0-85211498513
39345,39346,2-s2.0-85211497123
39346,39347,2-s2.0-85211486400
39348,39349,2-s2.0-85211485242
39352,39353,2-s2.0-85211453066
39356,39357,2-s2.0-85211437339
39357,39358,2-s2.0-85211377967
39359,39360,2-s2.0-85211367396
39363,39364,2-s2.0-85211201973
39364,39365,2-s2.0-85211198273
39367,39368,2-s2.0-85211158890
39368,39369,2-s2.0-85211153290
39372,39373,2-s2.0-85211139295
39375,39376,2-s2.0-85211124447
39376,39377,2-s2.0-85211124065
39377,39378,2-s2.0-85211119083
39381,39382,2-s2.0-85211101967
39384,39385,2-s2.0-85211092168
39385,39386,2-s2.0-85211086625
39387,39388,2-s2.0-85211085240
39388,39389,2-s2.0-85211081234
39389,39390,2-s2.0-85210966111
39390,39391,2-s2.0-85210948044
39391,39392,2-s2.0-85210945354
39392,39393,2-s2.0-85210943996
39394,39395,2-s2.0-85210925133
39395,39396,2-s2.0-85210924828
39396,39397,2-s2.0-85210897659
39397,39398,2-s2.0-85210882803
39401,39402,2-s2.0-85210846649
39404,39405,2-s2.0-85210802436
39405,39406,2-s2.0-85210767861
39406,39407,2-s2.0-85210748173
39407,39408,2-s2.0-85210740422
39409,39410,2-s2.0-85210577419
39411,39412,2-s2.0-85210564974
39412,39413,2-s2.0-85210551801
39414,39415,2-s2.0-85210454764
39417,39418,2-s2.0-85210382807
39418,39419,2-s2.0-85210369244
39420,39421,2-s2.0-85210318319
39421,39422,2-s2.0-85210270125
39422,39423,2-s2.0-85210251396
39425,39426,2-s2.0-85210227477
39426,39427,2-s2.0-85210176399
39428,39429,2-s2.0-85210097100
39430,39431,2-s2.0-85210078277
39432,39433,2-s2.0-85210036895
39433,39434,2-s2.0-85210030735
39434,39435,2-s2.0-85210006470
39435,39436,2-s2.0-85209997162
39438,39439,2-s2.0-85209937800
39441,39442,2-s2.0-85209898471
39443,39444,2-s2.0-85209872297
39446,39447,2-s2.0-85209825284
39448,39449,2-s2.0-85209780379
39451,39452,2-s2.0-85209681934
39454,39455,2-s2.0-85209626615
39455,39456,2-s2.0-85209580177
39456,39457,2-s2.0-85209557156
39457,39458,2-s2.0-85209556307
39459,39460,2-s2.0-85209378042
39461,39462,2-s2.0-85209365627
39462,39463,2-s2.0-85209356130
39463,39464,2-s2.0-85209258085
39467,39468,2-s2.0-85209230044
39468,39469,2-s2.0-85209225016
39471,39472,2-s2.0-85209192200
39474,39475,2-s2.0-85209181109
39475,39476,2-s2.0-85209179234
39477,39478,2-s2.0-85209143263
39480,39481,2-s2.0-85209132795
39481,39482,2-s2.0-85209105268
39483,39484,2-s2.0-85209096986
39485,39486,2-s2.0-85209081078
39488,39489,2-s2.0-85208936596
39493,39494,2-s2.0-85208809477
39496,39497,2-s2.0-85208794331
39498,39499,2-s2.0-85208789575
39499,39500,2-s2.0-85208752949
39500,39501,2-s2.0-85208738736
39503,39504,2-s2.0-85208651794
39507,39508,2-s2.0-85208565453
39508,39509,2-s2.0-85208550403
39511,39512,2-s2.0-85208498430
39512,39513,2-s2.0-85208484876
39514,39515,2-s2.0-85208454395
39516,39517,2-s2.0-85208432898
39518,39519,2-s2.0-85208427843
39521,39522,2-s2.0-85208357045
39522,39523,2-s2.0-85208329750
39523,39524,2-s2.0-85208322105
39524,39525,2-s2.0-85208321067
39528,39529,2-s2.0-85208255650
39531,39532,2-s2.0-85208181045
39532,39533,2-s2.0-85208180969
39533,39534,2-s2.0-85208170946
39534,39535,2-s2.0-85208136202
39537,39538,2-s2.0-85207961293
39538,39539,2-s2.0-85207961123
39540,39541,2-s2.0-85207951119
39541,39542,2-s2.0-85207944826
39542,39543,2-s2.0-85207882619
39545,39546,2-s2.0-85207838641
39546,39547,2-s2.0-85207819953
39550,39551,2-s2.0-85207710598
39552,39553,2-s2.0-85207581230
39554,39555,2-s2.0-85207498682
39555,39556,2-s2.0-85207497766
39556,39557,2-s2.0-85207472630
39559,39560,2-s2.0-85207380228
39562,39563,2-s2.0-85207302985
39564,39565,2-s2.0-85207277806
39565,39566,2-s2.0-85207272143
39570,39571,2-s2.0-85207245490
39571,39572,2-s2.0-85207223516
39577,39578,2-s2.0-85207086352
39578,39579,2-s2.0-85207048590
39584,39585,2-s2.0-85207028078
39585,39586,2-s2.0-85207007624
39586,39587,2-s2.0-85207006764
39588,39589,2-s2.0-85206939182
39589,39590,2-s2.0-85206919927
39592,39593,2-s2.0-85206877956
39593,39594,2-s2.0-85206852121
39595,39596,2-s2.0-85206813723
39596,39597,2-s2.0-85206697943
39598,39599,2-s2.0-85206687027
39599,39600,2-s2.0-85206686106
39600,39601,2-s2.0-85206679950
39602,39603,2-s2.0-85206660039
39604,39605,2-s2.0-85206653050
39606,39607,2-s2.0-85206646898
39608,39609,2-s2.0-85206637600
39611,39612,2-s2.0-85206627566
39614,39615,2-s2.0-85206578397
39616,39617,2-s2.0-85206571776
39617,39618,2-s2.0-85206568621
39618,39619,2-s2.0-85206565602
39621,39622,2-s2.0-85206491429
39622,39623,2-s2.0-85206459193
39631,39632,2-s2.0-85206165444
39633,39634,2-s2.0-85206132612
39634,39635,2-s2.0-85206119817
39635,39636,2-s2.0-85206117728
39636,39637,2-s2.0-85206114904
39639,39640,2-s2.0-85206100186
39643,39644,2-s2.0-85206059944
39644,39645,2-s2.0-85206055744
39645,39646,2-s2.0-85206055511
39646,39647,2-s2.0-85206053724
39648,39649,2-s2.0-85206051049
39649,39650,2-s2.0-85206042581
39650,39651,2-s2.0-85206039069
39652,39653,2-s2.0-85206032002
39654,39655,2-s2.0-85206029672
39655,39656,2-s2.0-85206028909
39660,39661,2-s2.0-85205985291
39661,39662,2-s2.0-85205970135
39667,39668,2-s2.0-85205702575
39668,39669,2-s2.0-85205699261
39670,39671,2-s2.0-85205675303
39672,39673,2-s2.0-85205600941
39673,39674,2-s2.0-85205600709
39675,39676,2-s2.0-85205599515
39676,39677,2-s2.0-85205596004
39683,39684,2-s2.0-85205575216
39686,39687,2-s2.0-85205561355
39689,39690,2-s2.0-85205550635
39690,39691,2-s2.0-85205548581
39691,39692,2-s2.0-85205546678
39692,39693,2-s2.0-85205545232
39695,39696,2-s2.0-85205541079
39697,39698,2-s2.0-85205538005
39698,39699,2-s2.0-85205537606
39699,39700,2-s2.0-85205536037
39701,39702,2-s2.0-85205495823
39704,39705,2-s2.0-85205394784
39706,39707,2-s2.0-85205388146
39707,39708,2-s2.0-85205385457
39708,39709,2-s2.0-85205374001
39709,39710,2-s2.0-85205372248
39710,39711,2-s2.0-85205371957
39711,39712,2-s2.0-85205369390
39714,39715,2-s2.0-85205361132
39716,39717,2-s2.0-85205352623
39717,39718,2-s2.0-85205347444
39720,39721,2-s2.0-85205337249
39721,39722,2-s2.0-85205322718
39724,39725,2-s2.0-85205311644
39725,39726,2-s2.0-85205307616
39728,39729,2-s2.0-85205256270
39729,39730,2-s2.0-85205239841
39730,39731,2-s2.0-85205234446
39731,39732,2-s2.0-85205228987
39733,39734,2-s2.0-85205152840
39734,39735,2-s2.0-85205144606
39737,39738,2-s2.0-85205097716
39739,39740,2-s2.0-85205080574
39745,39746,2-s2.0-85204971197
39746,39747,2-s2.0-85204945404
39747,39748,2-s2.0-85204893578
39748,39749,2-s2.0-85204890885
39749,39750,2-s2.0-85204872033
39750,39751,2-s2.0-85204801764
39753,39754,2-s2.0-85204783481
39755,39756,2-s2.0-85204762438
39756,39757,2-s2.0-85204701272
39765,39766,2-s2.0-85204528332
39766,39767,2-s2.0-85204521663
39769,39770,2-s2.0-85204426943
39770,39771,2-s2.0-85204425836
39771,39772,2-s2.0-85204407031
39773,39774,2-s2.0-85204392123
39776,39777,2-s2.0-85204384956
39779,39780,2-s2.0-85204379456
39780,39781,2-s2.0-85204372690
39781,39782,2-s2.0-85204369445
39782,39783,2-s2.0-85204368417
39784,39785,2-s2.0-85204358108
39785,39786,2-s2.0-85204355778
39786,39787,2-s2.0-85204354137
39788,39789,2-s2.0-85204351226
39789,39790,2-s2.0-85204313706
39790,39791,2-s2.0-85204302498
39794,39795,2-s2.0-85204212776
39796,39797,2-s2.0-85204200683
39799,39800,2-s2.0-85204123503
39803,39804,2-s2.0-85204075716
39806,39807,2-s2.0-85204018734
39807,39808,2-s2.0-85204006711
39811,39812,2-s2.0-85203873957
39812,39813,2-s2.0-85203841711
39813,39814,2-s2.0-85203834870
39814,39815,2-s2.0-85203823780
39816,39817,2-s2.0-85203822447
39817,39818,2-s2.0-85203820342
39818,39819,2-s2.0-85203812639
39822,39823,2-s2.0-85203709663
39823,39824,2-s2.0-85203708522
39824,39825,2-s2.0-85203708445
39825,39826,2-s2.0-85203677872
39826,39827,2-s2.0-85203670517
39830,39831,2-s2.0-85203583219
39831,39832,2-s2.0-85203581805
39833,39834,2-s2.0-85203580997
39834,39835,2-s2.0-85203553368
39836,39837,2-s2.0-85203537238
39837,39838,2-s2.0-85203499980
39844,39845,2-s2.0-85203291565
39846,39847,2-s2.0-85203200857
39848,39849,2-s2.0-85203084007
39850,39851,2-s2.0-85203064180
39856,39857,2-s2.0-85202956556
39857,39858,2-s2.0-85202937852
39860,39861,2-s2.0-85202927376
39865,39866,2-s2.0-85202903792
39866,39867,2-s2.0-85202894014
39867,39868,2-s2.0-85202882303
39869,39870,2-s2.0-85202840118
39871,39872,2-s2.0-85202823610
39873,39874,2-s2.0-85202798034
39874,39875,2-s2.0-85202797582
39878,39879,2-s2.0-85202720023
39879,39880,2-s2.0-85202605484
39880,39881,2-s2.0-85202581868
39881,39882,2-s2.0-85202578371
39882,39883,2-s2.0-85202552540
39883,39884,2-s2.0-85202550916
39885,39886,2-s2.0-85202536459
39887,39888,2-s2.0-85202523264
39889,39890,2-s2.0-85202477019
39893,39894,2-s2.0-85202214371
39896,39897,2-s2.0-85202182008
39900,39901,2-s2.0-85202154963
39901,39902,2-s2.0-85202131046
39903,39904,2-s2.0-85202044951
39904,39905,2-s2.0-85202033958
39905,39906,2-s2.0-85202020074
39906,39907,2-s2.0-85202017726
39907,39908,2-s2.0-85201977676
39909,39910,2-s2.0-85201964931
39911,39912,2-s2.0-85201961570
39912,39913,2-s2.0-85201958687
39913,39914,2-s2.0-85201940154
39915,39916,2-s2.0-85201908305
39916,39917,2-s2.0-85201901634
39918,39919,2-s2.0-85201830240
39920,39921,2-s2.0-85201794830
39921,39922,2-s2.0-85201761704
39926,39927,2-s2.0-85201717099
39928,39929,2-s2.0-85201706800
39930,39931,2-s2.0-85201675448
39932,39933,2-s2.0-85201643117
39935,39936,2-s2.0-85201586304
39938,39939,2-s2.0-85201429428
39940,39941,2-s2.0-85201421626
39941,39942,2-s2.0-85201416271
39943,39944,2-s2.0-85201410459
39946,39947,2-s2.0-85201394732
39948,39949,2-s2.0-85201382190
39952,39953,2-s2.0-85201370861
39954,39955,2-s2.0-85201365981
39955,39956,2-s2.0-85201323785
39956,39957,2-s2.0-85201315306
39957,39958,2-s2.0-85201313783
39959,39960,2-s2.0-85201298609
39962,39963,2-s2.0-85201269954
39968,39969,2-s2.0-85201209977
39969,39970,2-s2.0-85201126979
39972,39973,2-s2.0-85201011355
39973,39974,2-s2.0-85201010806
39974,39975,2-s2.0-85201007298
39976,39977,2-s2.0-85200970135
39978,39979,2-s2.0-85200963452
39990,39991,2-s2.0-85200784015
39992,39993,2-s2.0-85200770090
39994,39995,2-s2.0-85200765477
39995,39996,2-s2.0-85200756856
39996,39997,2-s2.0-85200748492
39997,39998,2-s2.0-85200741106
39998,39999,2-s2.0-85200726188
40007,40008,2-s2.0-85200601697
40008,40009,2-s2.0-85200595926
40012,40013,2-s2.0-85200569030
40013,40014,2-s2.0-85200567748
40017,40018,2-s2.0-85200551961
40020,40021,2-s2.0-85200545471
40021,40022,2-s2.0-85200544291
40022,40023,2-s2.0-85200537565
40025,40026,2-s2.0-85200517096
40026,40027,2-s2.0-85200516955
40028,40029,2-s2.0-85200512096
40030,40031,2-s2.0-85200509470
40032,40033,2-s2.0-85200495331
40034,40035,2-s2.0-85200493101
40035,40036,2-s2.0-85200492450
40036,40037,2-s2.0-85200489245
40040,40041,2-s2.0-85200469620
40041,40042,2-s2.0-85200462034
40044,40045,2-s2.0-85200452182
40045,40046,2-s2.0-85200437562
40047,40048,2-s2.0-85200417818
40051,40052,2-s2.0-85200396798
40052,40053,2-s2.0-85200393585
40053,40054,2-s2.0-85200392928
40055,40056,2-s2.0-85200385903
40056,40057,2-s2.0-85200383843
40059,40060,2-s2.0-85200370105
40063,40064,2-s2.0-85200361644
40067,40068,2-s2.0-85200345052
40068,40069,2-s2.0-85200343405
40073,40074,2-s2.0-85200326819
40074,40075,2-s2.0-85200277140
40076,40077,2-s2.0-85200273416
40077,40078,2-s2.0-85200271081
40078,40079,2-s2.0-85200268858
40080,40081,2-s2.0-85200264723
40081,40082,2-s2.0-85200263593
40082,40083,2-s2.0-85200259830
40083,40084,2-s2.0-85200259277
40085,40086,2-s2.0-85200252262
40086,40087,2-s2.0-85200250274
40089,40090,2-s2.0-85200220675
40090,40091,2-s2.0-85200217373
40091,40092,2-s2.0-85200216921
40092,40093,2-s2.0-85200210518
40093,40094,2-s2.0-85200208907
40094,40095,2-s2.0-85200207579
40095,40096,2-s2.0-85200203575
40097,40098,2-s2.0-85200146024
40098,40099,2-s2.0-85200144491
40099,40100,2-s2.0-85200128276
40100,40101,2-s2.0-85200040487
40102,40103,2-s2.0-85200034362
40104,40105,2-s2.0-85200011383
40105,40106,2-s2.0-85199999148
40107,40108,2-s2.0-85199971979
40110,40111,2-s2.0-85199887681
40111,40112,2-s2.0-85199839182
40113,40114,2-s2.0-85199778222
40115,40116,2-s2.0-85199765387
40116,40117,2-s2.0-85199760174
40120,40121,2-s2.0-85199654356
40122,40123,2-s2.0-85199638973
40124,40125,2-s2.0-85199626084
40126,40127,2-s2.0-85199620963
40127,40128,2-s2.0-85199613701
40129,40130,2-s2.0-85199611494
40130,40131,2-s2.0-85199610746
40131,40132,2-s2.0-85199602254
40133,40134,2-s2.0-85199598248
40137,40138,2-s2.0-85199581789
40138,40139,2-s2.0-85199569225
40142,40143,2-s2.0-85199537132
40143,40144,2-s2.0-85199526049
40144,40145,2-s2.0-85199503962
40148,40149,2-s2.0-85199431092
40149,40150,2-s2.0-85199398582
40150,40151,2-s2.0-85199379433
40151,40152,2-s2.0-85199377467
40155,40156,2-s2.0-85199323581
40159,40160,2-s2.0-85199213529
40160,40161,2-s2.0-85199203528
40161,40162,2-s2.0-85199200159
40162,40163,2-s2.0-85199199357
40164,40165,2-s2.0-85199182683
40165,40166,2-s2.0-85199181299
40171,40172,2-s2.0-85199136246
40173,40174,2-s2.0-85199117274
40175,40176,2-s2.0-85199115005
40177,40178,2-s2.0-85199110366
40179,40180,2-s2.0-85199101383
40182,40183,2-s2.0-85199090677
40183,40184,2-s2.0-85199087687
40185,40186,2-s2.0-85199082959
40187,40188,2-s2.0-85199082292
40188,40189,2-s2.0-85199075738
40189,40190,2-s2.0-85199074207
40194,40195,2-s2.0-85199062647
40195,40196,2-s2.0-85199058624
40196,40197,2-s2.0-85199054251
40197,40198,2-s2.0-85199054232
40198,40199,2-s2.0-85199047323
40199,40200,2-s2.0-85199046551
40203,40204,2-s2.0-85199040875
40205,40206,2-s2.0-85199033851
40206,40207,2-s2.0-85199033283
40207,40208,2-s2.0-85199031966
40208,40209,2-s2.0-85199031214
40209,40210,2-s2.0-85199029802
40211,40212,2-s2.0-85199023950
40212,40213,2-s2.0-85198936056
40214,40215,2-s2.0-85198754868
40215,40216,2-s2.0-85198736815
40216,40217,2-s2.0-85198723614
40219,40220,2-s2.0-85198699778
40220,40221,2-s2.0-85198666759
40221,40222,2-s2.0-85198654765
40225,40226,2-s2.0-85198631750
40228,40229,2-s2.0-85198544001
40229,40230,2-s2.0-85198541479
40230,40231,2-s2.0-85198519597
40232,40233,2-s2.0-85198497278
40234,40235,2-s2.0-85198436831
40235,40236,2-s2.0-85198410873
40239,40240,2-s2.0-85198382371
40243,40244,2-s2.0-85198375696
40247,40248,2-s2.0-85198366475
40248,40249,2-s2.0-85198358260
40254,40255,2-s2.0-85198333745
40256,40257,2-s2.0-85198324325
40257,40258,2-s2.0-85198322981
40267,40268,2-s2.0-85198205073
40271,40272,2-s2.0-85198129752
40272,40273,2-s2.0-85198124550
40273,40274,2-s2.0-85198109382
40275,40276,2-s2.0-85198044872
40276,40277,2-s2.0-85197939318
40277,40278,2-s2.0-85197934522
40285,40286,2-s2.0-85197800728
40286,40287,2-s2.0-85197798790
40287,40288,2-s2.0-85197793036
40290,40291,2-s2.0-85197741352
40293,40294,2-s2.0-85197661733
40295,40296,2-s2.0-85197654527
40296,40297,2-s2.0-85197605340
40300,40301,2-s2.0-85197514314
40301,40302,2-s2.0-85197501670
40303,40304,2-s2.0-85197485596
40304,40305,2-s2.0-85197467698
40305,40306,2-s2.0-85197457591
40307,40308,2-s2.0-85197415402
40310,40311,2-s2.0-85197371263
40311,40312,2-s2.0-85197369987
40317,40318,2-s2.0-85197254080
40318,40319,2-s2.0-85197236407
40321,40322,2-s2.0-85197193502
40323,40324,2-s2.0-85197163960
40324,40325,2-s2.0-85197115975
40325,40326,2-s2.0-85197098011
40327,40328,2-s2.0-85196963696
40330,40331,2-s2.0-85196946660
40332,40333,2-s2.0-85196876471
40333,40334,2-s2.0-85196869916
40334,40335,2-s2.0-85196857507
40335,40336,2-s2.0-85196849777
40338,40339,2-s2.0-85196787008
40339,40340,2-s2.0-85196756812
40343,40344,2-s2.0-85196753227
40344,40345,2-s2.0-85196733116
40346,40347,2-s2.0-85196650854
40349,40350,2-s2.0-85196581953
40350,40351,2-s2.0-85196488081
40351,40352,2-s2.0-85196485436
40355,40356,2-s2.0-85196355533
40358,40359,2-s2.0-85196284130
40362,40363,2-s2.0-85196167532
40364,40365,2-s2.0-85196165897
40365,40366,2-s2.0-85196161811
40366,40367,2-s2.0-85196161505
40367,40368,2-s2.0-85196148711
40370,40371,2-s2.0-85196093166
40372,40373,2-s2.0-85196076889
40375,40376,2-s2.0-85195982237
40376,40377,2-s2.0-85195965950
40377,40378,2-s2.0-85195926500
40385,40386,2-s2.0-85195741823
40386,40387,2-s2.0-85195695778
40389,40390,2-s2.0-85195596552
40390,40391,2-s2.0-85195579480
40391,40392,2-s2.0-85195575593
40392,40393,2-s2.0-85195575040
40396,40397,2-s2.0-85195534595
40397,40398,2-s2.0-85195478511
40399,40400,2-s2.0-85195457899
40401,40402,2-s2.0-85195429834
40402,40403,2-s2.0-85195429708
40403,40404,2-s2.0-85195411829
40407,40408,2-s2.0-85195375952
40410,40411,2-s2.0-85195362740
40411,40412,2-s2.0-85195315077
40412,40413,2-s2.0-85195308023
40415,40416,2-s2.0-85195266573
40417,40418,2-s2.0-85195254247
40418,40419,2-s2.0-85195222180
40421,40422,2-s2.0-85195148219
40422,40423,2-s2.0-85195127542
40423,40424,2-s2.0-85195125857
40424,40425,2-s2.0-85195116409
40426,40427,2-s2.0-85195020165
40427,40428,2-s2.0-85195019590
40429,40430,2-s2.0-85194920129
40432,40433,2-s2.0-85194881717
40433,40434,2-s2.0-85194828027
40434,40435,2-s2.0-85194815091
40437,40438,2-s2.0-85194756417
40439,40440,2-s2.0-85194711879
40441,40442,2-s2.0-85194496998
40442,40443,2-s2.0-85194487641
40447,40448,2-s2.0-85194370114
40450,40451,2-s2.0-85194337644
40452,40453,2-s2.0-85194258338
40455,40456,2-s2.0-85194242912
40459,40460,2-s2.0-85194133275
40462,40463,2-s2.0-85193997464
40463,40464,2-s2.0-85193995236
40464,40465,2-s2.0-85193994726
40465,40466,2-s2.0-85193984925
40467,40468,2-s2.0-85193966753
40470,40471,2-s2.0-85193922159
40472,40473,2-s2.0-85193909275
40473,40474,2-s2.0-85193862358
40475,40476,2-s2.0-85193795253
40476,40477,2-s2.0-85193779734
40478,40479,2-s2.0-85193742295
40483,40484,2-s2.0-85193686795
40485,40486,2-s2.0-85193682598
40486,40487,2-s2.0-85193589139
40487,40488,2-s2.0-85193486653
40489,40490,2-s2.0-85193467902
40490,40491,2-s2.0-85193462823
40491,40492,2-s2.0-85193377642
40493,40494,2-s2.0-85193264571
40498,40499,2-s2.0-85193246649
40500,40501,2-s2.0-85193213549
40505,40506,2-s2.0-85193003177
40507,40508,2-s2.0-85192986729
40510,40511,2-s2.0-85192960600
40511,40512,2-s2.0-85192885000
40514,40515,2-s2.0-85192877225
40515,40516,2-s2.0-85192857675
40518,40519,2-s2.0-85192849485
40519,40520,2-s2.0-85192841234
40520,40521,2-s2.0-85192831056
40521,40522,2-s2.0-85192810911
40522,40523,2-s2.0-85192805607
40523,40524,2-s2.0-85192772748
40524,40525,2-s2.0-85192763122
40525,40526,2-s2.0-85192741026
40526,40527,2-s2.0-85192720545
40527,40528,2-s2.0-85192701615
40529,40530,2-s2.0-85192639494
40532,40533,2-s2.0-85192567903
40533,40534,2-s2.0-85192549348
40536,40537,2-s2.0-85192528225
40541,40542,2-s2.0-85192278161
40543,40544,2-s2.0-85192250814
40544,40545,2-s2.0-85192213558
40546,40547,2-s2.0-85192192299
40547,40548,2-s2.0-85192184761
40548,40549,2-s2.0-85192167567
40552,40553,2-s2.0-85192092347
40557,40558,2-s2.0-85192017446
40559,40560,2-s2.0-85192010112
40560,40561,2-s2.0-85192009758
40561,40562,2-s2.0-85192002150
40562,40563,2-s2.0-85192002106
40565,40566,2-s2.0-85191971655
40567,40568,2-s2.0-85191961146
40570,40571,2-s2.0-85191851938
40574,40575,2-s2.0-85191827089
40575,40576,2-s2.0-85191809044
40577,40578,2-s2.0-85191751902
40578,40579,2-s2.0-85191724804
40581,40582,2-s2.0-85191701604
40585,40586,2-s2.0-85191480850
40592,40593,2-s2.0-85191304948
40597,40598,2-s2.0-85191125035
40598,40599,2-s2.0-85191083369
40601,40602,2-s2.0-85191054891
40602,40603,2-s2.0-85191019128
40603,40604,2-s2.0-85190994657
40604,40605,2-s2.0-85190988898
40605,40606,2-s2.0-85190988051
40609,40610,2-s2.0-85190880703
40611,40612,2-s2.0-85190833536
40613,40614,2-s2.0-85190674209
40614,40615,2-s2.0-85190590545
40619,40620,2-s2.0-85190378304
40620,40621,2-s2.0-85190375415
40623,40624,2-s2.0-85190363745
40624,40625,2-s2.0-85190360990
40627,40628,2-s2.0-85190300508
40630,40631,2-s2.0-85190254427
40632,40633,2-s2.0-85190172823
40636,40637,2-s2.0-85189988028
40641,40642,2-s2.0-85189908431
40646,40647,2-s2.0-85189817868
40647,40648,2-s2.0-85189810792
40648,40649,2-s2.0-85189776094
40651,40652,2-s2.0-85189662663
40652,40653,2-s2.0-85189640831
40657,40658,2-s2.0-85189532927
40661,40662,2-s2.0-85189502284
40662,40663,2-s2.0-85189485006
40664,40665,2-s2.0-85189453218
40669,40670,2-s2.0-85189372374
40675,40676,2-s2.0-85189311817
40676,40677,2-s2.0-85189289208
40677,40678,2-s2.0-85189284239
40682,40683,2-s2.0-85189104793
40686,40687,2-s2.0-85189020956
40690,40691,2-s2.0-85188938428
40695,40696,2-s2.0-85188834445
40696,40697,2-s2.0-85188820351
40697,40698,2-s2.0-85188803414
40698,40699,2-s2.0-85188740558
40701,40702,2-s2.0-85188605133
40702,40703,2-s2.0-85188582882
40705,40706,2-s2.0-85188444050
40706,40707,2-s2.0-85188443801
40707,40708,2-s2.0-85188420966
40708,40709,2-s2.0-85188347838
40709,40710,2-s2.0-85188340146
40710,40711,2-s2.0-85188338852
40713,40714,2-s2.0-85188325455
40714,40715,2-s2.0-85188320906
40716,40717,2-s2.0-85188297544
40717,40718,2-s2.0-85188247645
40718,40719,2-s2.0-85188240392
40719,40720,2-s2.0-85188238713
40721,40722,2-s2.0-85188138644
40724,40725,2-s2.0-85188085420
40725,40726,2-s2.0-85188084504
40726,40727,2-s2.0-85188082783
40727,40728,2-s2.0-85188070718
40729,40730,2-s2.0-85187923951
40731,40732,2-s2.0-85187882564
40735,40736,2-s2.0-85187789701
40736,40737,2-s2.0-85187785975
40737,40738,2-s2.0-85187783972
40739,40740,2-s2.0-85187780703
40741,40742,2-s2.0-85187677355
40742,40743,2-s2.0-85187659342
40744,40745,2-s2.0-85187520935
40745,40746,2-s2.0-85187476020
40746,40747,2-s2.0-85187466487
40748,40749,2-s2.0-85187421597
40752,40753,2-s2.0-85187251749
40753,40754,2-s2.0-85187239001
40759,40760,2-s2.0-85187166342
40760,40761,2-s2.0-85187137135
40761,40762,2-s2.0-85187133801
40762,40763,2-s2.0-85187119654
40764,40765,2-s2.0-85187016893
40770,40771,2-s2.0-85186938864
40771,40772,2-s2.0-85186926961
40772,40773,2-s2.0-85186918662
40774,40775,2-s2.0-85186894843
40775,40776,2-s2.0-85186893936
40777,40778,2-s2.0-85186763198
40778,40779,2-s2.0-85186725430
40779,40780,2-s2.0-85186715578
40781,40782,2-s2.0-85186712579
40782,40783,2-s2.0-85186704890
40786,40787,2-s2.0-85186585514
40789,40790,2-s2.0-85186569609
40791,40792,2-s2.0-85186554241
40792,40793,2-s2.0-85186532460
40797,40798,2-s2.0-85186430840
40798,40799,2-s2.0-85186410928
40799,40800,2-s2.0-85186395201
40802,40803,2-s2.0-85186361834
40808,40809,2-s2.0-85186229105
40813,40814,2-s2.0-85185931037
40817,40818,2-s2.0-85185711985
40818,40819,2-s2.0-85185706287
40819,40820,2-s2.0-85185705211
40823,40824,2-s2.0-85185662267
40825,40826,2-s2.0-85185592249
40828,40829,2-s2.0-85185527251
40830,40831,2-s2.0-85185523521
40831,40832,2-s2.0-85185509455
40832,40833,2-s2.0-85185474378
40834,40835,2-s2.0-85185468324
40836,40837,2-s2.0-85185439677
40837,40838,2-s2.0-85185387550
40839,40840,2-s2.0-85185313829
40842,40843,2-s2.0-85185196314
40843,40844,2-s2.0-85185181880
40844,40845,2-s2.0-85185175018
40847,40848,2-s2.0-85185169475
40849,40850,2-s2.0-85185154519
40851,40852,2-s2.0-85185006494
40852,40853,2-s2.0-85184938493
40855,40856,2-s2.0-85184897180
40856,40857,2-s2.0-85184893827
40857,40858,2-s2.0-85184883971
40858,40859,2-s2.0-85184870192
40859,40860,2-s2.0-85184869714
40860,40861,2-s2.0-85184865550
40862,40863,2-s2.0-85184824950
40865,40866,2-s2.0-85184700148
40866,40867,2-s2.0-85184695824
40868,40869,2-s2.0-85184608819
40870,40871,2-s2.0-85184545584
40873,40874,2-s2.0-85184461139
40874,40875,2-s2.0-85184449844
40875,40876,2-s2.0-85184419112
40876,40877,2-s2.0-85184398974
40877,40878,2-s2.0-85184384737
40879,40880,2-s2.0-85184368094
40881,40882,2-s2.0-85184325250
40884,40885,2-s2.0-85184318814
40887,40888,2-s2.0-85184278399
40888,40889,2-s2.0-85184254224
40889,40890,2-s2.0-85184250170
40892,40893,2-s2.0-85184196623
40893,40894,2-s2.0-85184172158
40897,40898,2-s2.0-85184109181
40902,40903,2-s2.0-85183740158
40903,40904,2-s2.0-85183737144
40904,40905,2-s2.0-85183719698
40905,40906,2-s2.0-85183710760
40909,40910,2-s2.0-85183445123
40914,40915,2-s2.0-85183384648
40916,40917,2-s2.0-85183349279
40922,40923,2-s2.0-85183159499
40924,40925,2-s2.0-85183133721
40925,40926,2-s2.0-85183110169
40926,40927,2-s2.0-85183102602
40927,40928,2-s2.0-85183098752
40928,40929,2-s2.0-85183094496
40929,40930,2-s2.0-85183035895
40930,40931,2-s2.0-85183021801
40932,40933,2-s2.0-85182949306
40935,40936,2-s2.0-85182905674
40936,40937,2-s2.0-85182889052
40937,40938,2-s2.0-85182836388
40940,40941,2-s2.0-85182734519
40942,40943,2-s2.0-85182590217
40943,40944,2-s2.0-85182448588
40944,40945,2-s2.0-85182352798
40945,40946,2-s2.0-85182352648
40948,40949,2-s2.0-85182101370
40949,40950,2-s2.0-85182093114
40950,40951,2-s2.0-85182015775
40951,40952,2-s2.0-85182009896
40954,40955,2-s2.0-85181894472
40957,40958,2-s2.0-85181756244
40959,40960,2-s2.0-85181497912
40967,40968,2-s2.0-85180915981
40968,40969,2-s2.0-85180834433
40971,40972,2-s2.0-85180667882
40974,40975,2-s2.0-85180347322
40975,40976,2-s2.0-85180339437
40978,40979,2-s2.0-85180094505
40979,40980,2-s2.0-85180093068
40981,40982,2-s2.0-85180088549
40982,40983,2-s2.0-85180072997
40983,40984,2-s2.0-85180034120
40984,40985,2-s2.0-85179957782
40986,40987,2-s2.0-85179792688
40989,40990,2-s2.0-85179719620
40990,40991,2-s2.0-85179693838
40992,40993,2-s2.0-85179672965
40993,40994,2-s2.0-85179308869
40994,40995,2-s2.0-85179047906
40996,40997,2-s2.0-85178633819
40998,40999,2-s2.0-85178253959
40999,41000,2-s2.0-85178077174
41001,41002,2-s2.0-85177486953
41002,41003,2-s2.0-85177241273
41003,41004,2-s2.0-85177193239
41005,41006,2-s2.0-85176920146
41007,41008,2-s2.0-85176560367
41010,41011,2-s2.0-85176229712
41011,41012,2-s2.0-85176211811
41012,41013,2-s2.0-85176211521
41013,41014,2-s2.0-85176123984
41015,41016,2-s2.0-85175947756
41016,41017,2-s2.0-85175577921
41018,41019,2-s2.0-85175462609
41024,41025,2-s2.0-85174820245
41025,41026,2-s2.0-85174807812
41026,41027,2-s2.0-85174806580
41027,41028,2-s2.0-85174720011
41028,41029,2-s2.0-85174686461
41029,41030,2-s2.0-85174679473
41030,41031,2-s2.0-85174579056
41032,41033,2-s2.0-85174292045
41034,41035,2-s2.0-85174039617
41035,41036,2-s2.0-85173982522
41036,41037,2-s2.0-85173821327
41037,41038,2-s2.0-85173774821
41038,41039,2-s2.0-85173744122
41040,41041,2-s2.0-85173533853
41044,41045,2-s2.0-85172786135
41046,41047,2-s2.0-85171632261
41047,41048,2-s2.0-85171388911
41048,41049,2-s2.0-85171266179
41049,41050,2-s2.0-85170575259
41050,41051,2-s2.0-85170290635
41051,41052,2-s2.0-85170290366
41052,41053,2-s2.0-85170281075
41055,41056,2-s2.0-85169890851
41056,41057,2-s2.0-85169565876
41057,41058,2-s2.0-85169564969
41060,41061,2-s2.0-85168283821
41061,41062,2-s2.0-85168006025
41064,41065,2-s2.0-85166760801
41065,41066,2-s2.0-85166747487
41066,41067,2-s2.0-85166412104
41067,41068,2-s2.0-85166264113
41070,41071,2-s2.0-85165511443
41073,41074,2-s2.0-85164419234
41074,41075,2-s2.0-85163615629
41076,41077,2-s2.0-85163009868
41080,41081,2-s2.0-85162231080
41082,41083,2-s2.0-85161665826
41083,41084,2-s2.0-85161542656
41086,41087,2-s2.0-85161089916
41087,41088,2-s2.0-85160856851
41088,41089,2-s2.0-85160086970
41089,41090,2-s2.0-85159687504
41092,41093,2-s2.0-85158988702
41093,41094,2-s2.0-85158909382
41094,41095,2-s2.0-85158908572
41095,41096,2-s2.0-85158893985
41101,41102,2-s2.0-85153389026
41104,41105,2-s2.0-85152368427
41106,41107,2-s2.0-85150976488
41107,41108,2-s2.0-85150887189
41109,41110,2-s2.0-85150817245
41110,41111,2-s2.0-85150778581
41111,41112,2-s2.0-85150748923
41113,41114,2-s2.0-85150505252
41114,41115,2-s2.0-85149800996
41116,41117,2-s2.0-85149583926
41118,41119,2-s2.0-85148654276
41120,41121,2-s2.0-85148531361
41122,41123,2-s2.0-85148498743
41123,41124,2-s2.0-85147806439
41129,41130,2-s2.0-85147222266
41130,41131,2-s2.0-85147010883
41131,41132,2-s2.0-85146992154
41132,41133,2-s2.0-85146971724
41135,41136,2-s2.0-85146670187
41137,41138,2-s2.0-85146453410
41141,41142,2-s2.0-85146221722
41143,41144,2-s2.0-85145097625
41144,41145,2-s2.0-85144254843
41145,41146,2-s2.0-85144149741
41146,41147,2-s2.0-85144061092
41150,41151,2-s2.0-85142494217
41153,41154,2-s2.0-85141136765
41159,41160,2-s2.0-85139489380
41160,41161,2-s2.0-85139252826
41163,41164,2-s2.0-85139069538
41164,41165,2-s2.0-85139007129
41165,41166,2-s2.0-85138307872
41166,41167,2-s2.0-85138236266
41167,41168,2-s2.0-85137775127
41168,41169,2-s2.0-85137109187
41173,41174,2-s2.0-85135442356
41175,41176,2-s2.0-85135141417
41176,41177,2-s2.0-85134712680
41177,41178,2-s2.0-85134307739
41178,41179,2-s2.0-85134069644
41179,41180,2-s2.0-85133418457
41180,41181,2-s2.0-85132673106
41181,41182,2-s2.0-85132673001
41187,41188,2-s2.0-85130611497
41189,41190,2-s2.0-85130052263
41191,41192,2-s2.0-85129282109
41192,41193,2-s2.0-85129219540
41194,41195,2-s2.0-85128230105
41195,41196,2-s2.0-85127274804
41196,41197,2-s2.0-85127239778
41197,41198,2-s2.0-85126561583
41201,41202,2-s2.0-85124744206
41203,41204,2-s2.0-85124277785
41205,41206,2-s2.0-85124118790
41206,41207,2-s2.0-85123848625
41207,41208,2-s2.0-85123424549
41210,41211,2-s2.0-85118461951
41211,41212,2-s2.0-85114224570
41212,41213,2-s2.0-85114014457
41215,41216,2-s2.0-85105329676
41217,41218,2-s2.0-85063679186
41221,41222,2-s2.0-105010518224
41224,41225,2-s2.0-105010486147
41225,41226,2-s2.0-105010484435
41228,41229,2-s2.0-105010238679
41230,41231,2-s2.0-105009582088
41231,41232,2-s2.0-105009581008
41234,41235,2-s2.0-105009206183
41236,41237,2-s2.0-105008668603
41237,41238,2-s2.0-105008602035
41240,41241,2-s2.0-105008170632
41243,41244,2-s2.0-105008053109
41244,41245,2-s2.0-105008051799
41245,41246,2-s2.0-105008051031
41246,41247,2-s2.0-105007911660
41247,41248,2-s2.0-105007833477
41249,41250,2-s2.0-105007593969
41251,41252,2-s2.0-105007591955
41253,41254,2-s2.0-105007589473
41254,41255,2-s2.0-105007586891
41255,41256,2-s2.0-105007584305
41259,41260,2-s2.0-105007409803
41263,41264,2-s2.0-105006708479
41264,41265,2-s2.0-105005956692
41265,41266,2-s2.0-105005907132
41266,41267,2-s2.0-105005881799
41269,41270,2-s2.0-105005835164
41275,41276,2-s2.0-105005833005
41276,41277,2-s2.0-105005832998
41277,41278,2-s2.0-105005832914
41280,41281,2-s2.0-105005832183
41281,41282,2-s2.0-105005831780
41282,41283,2-s2.0-105005830585
41283,41284,2-s2.0-105005830204
41284,41285,2-s2.0-105005829838
41286,41287,2-s2.0-105005829563
41288,41289,2-s2.0-105005829036
41291,41292,2-s2.0-105005827899
41297,41298,2-s2.0-105005826490
41299,41300,2-s2.0-105005826145
41302,41303,2-s2.0-105005825393
41303,41304,2-s2.0-105005825339
41305,41306,2-s2.0-105005701880
41307,41308,2-s2.0-105005699956
41308,41309,2-s2.0-105005698033
41309,41310,2-s2.0-105005677876
41311,41312,2-s2.0-105005667226
41313,41314,2-s2.0-105005602273
41314,41315,2-s2.0-105005593283
41315,41316,2-s2.0-105005263837
41319,41320,2-s2.0-105004893789
41320,41321,2-s2.0-105004798465
41321,41322,2-s2.0-105004789403
41323,41324,2-s2.0-105004551342
41325,41326,2-s2.0-105004533422
41329,41330,2-s2.0-105004524017
41331,41332,2-s2.0-105004521253
41333,41334,2-s2.0-105004511443
41335,41336,2-s2.0-105004509012
41336,41337,2-s2.0-105004410039
41337,41338,2-s2.0-105004342342
41340,41341,2-s2.0-105004117541
41343,41344,2-s2.0-105004096513
41348,41349,2-s2.0-105003837076
41349,41350,2-s2.0-105003749545
41353,41354,2-s2.0-105003464078
41354,41355,2-s2.0-105003352681
41356,41357,2-s2.0-105003241819
41359,41360,2-s2.0-105002865823
41361,41362,2-s2.0-105002852318
41366,41367,2-s2.0-105002208669
41367,41368,2-s2.0-105002206285
41368,41369,2-s2.0-105002206186
41369,41370,2-s2.0-105002204820
41370,41371,2-s2.0-105002204466
41373,41374,2-s2.0-105002200443
41375,41376,2-s2.0-105002196939
41378,41379,2-s2.0-105002188790
41381,41382,2-s2.0-105001905481
41383,41384,2-s2.0-105001894485
41386,41387,2-s2.0-105001857762
41388,41389,2-s2.0-105001663886
41391,41392,2-s2.0-105001626146
41392,41393,2-s2.0-105001619931
41395,41396,2-s2.0-105001499281
41397,41398,2-s2.0-105001282491
41399,41400,2-s2.0-105000816331
41401,41402,2-s2.0-105000812111
41402,41403,2-s2.0-105000805444
41404,41405,2-s2.0-105000786667
41409,41410,2-s2.0-105000774583
41412,41413,2-s2.0-105000761204
41413,41414,2-s2.0-105000761194
41415,41416,2-s2.0-105000755744
41420,41421,2-s2.0-105000734873
41423,41424,2-s2.0-105000716590
41424,41425,2-s2.0-105000710681
41430,41431,2-s2.0-105000701594
41432,41433,2-s2.0-105000697523
41439,41440,2-s2.0-105000680345
41442,41443,2-s2.0-105000663710
41443,41444,2-s2.0-105000658850
41445,41446,2-s2.0-105000651482
41450,41451,2-s2.0-105000616551
41452,41453,2-s2.0-105000612663
41456,41457,2-s2.0-105000419791
41457,41458,2-s2.0-105000409461
41459,41460,2-s2.0-105000319142
41460,41461,2-s2.0-105000262378
41463,41464,2-s2.0-105000190047
41466,41467,2-s2.0-105000107176
41471,41472,2-s2.0-85181718119
41472,41473,2-s2.0-85181204688
41474,41475,2-s2.0-85180909142
41475,41476,2-s2.0-85195386767
41476,41477,2-s2.0-85183681249
41482,41483,2-s2.0-85188235445
41483,41484,2-s2.0-85183515948
41489,41490,2-s2.0-85180767388
41490,41491,2-s2.0-85176897487
41492,41493,2-s2.0-85176885825
41493,41494,2-s2.0-85183527008
41494,41495,2-s2.0-85183502407
41495,41496,2-s2.0-85183501470
41497,41498,2-s2.0-85183479069
41500,41501,2-s2.0-85181570625
41502,41503,2-s2.0-105000871201
41505,41506,2-s2.0-85183577849
41506,41507,2-s2.0-85182290018
41507,41508,2-s2.0-85181560633
41508,41509,2-s2.0-85173996360
41510,41511,2-s2.0-85189158300
41512,41513,2-s2.0-85217805574
41514,41515,2-s2.0-85209217385
41515,41516,2-s2.0-85206935523
41518,41519,2-s2.0-85188788011
41519,41520,2-s2.0-85188664305
41521,41522,2-s2.0-85188420949
41522,41523,2-s2.0-85187895714
41523,41524,2-s2.0-85187870386
41527,41528,2-s2.0-85184936230
41528,41529,2-s2.0-85184679868
41530,41531,2-s2.0-85184468605
41531,41532,2-s2.0-85184389511
41532,41533,2-s2.0-85184172754
41534,41535,2-s2.0-85183837956
41535,41536,2-s2.0-85183732095
41539,41540,2-s2.0-85181776395
41543,41544,2-s2.0-85181770558
41551,41552,2-s2.0-85181534994
41552,41553,2-s2.0-85181130342
41555,41556,2-s2.0-85180699092
41556,41557,2-s2.0-85180684610
41557,41558,2-s2.0-85180663131
41560,41561,2-s2.0-85180275467
41561,41562,2-s2.0-85180234937
41568,41569,2-s2.0-85179773942
41569,41570,2-s2.0-85179772943
41574,41575,2-s2.0-85179442849
41576,41577,2-s2.0-85178961299
41578,41579,2-s2.0-85178605500
41579,41580,2-s2.0-85178563642
41582,41583,2-s2.0-85177753878
41585,41586,2-s2.0-85177440375
41586,41587,2-s2.0-85177169556
41587,41588,2-s2.0-85177163396
41589,41590,2-s2.0-85176921884
41593,41594,2-s2.0-85175803326
41595,41596,2-s2.0-85175626747
41598,41599,2-s2.0-85175421986
41600,41601,2-s2.0-85175081420
41602,41603,2-s2.0-85175066501
41606,41607,2-s2.0-85174956339
41607,41608,2-s2.0-85174942229
41609,41610,2-s2.0-85174817123
41611,41612,2-s2.0-85174270985
41612,41613,2-s2.0-85174217003
41613,41614,2-s2.0-85174213871
41616,41617,2-s2.0-85173705305
41617,41618,2-s2.0-85173675765
41618,41619,2-s2.0-85173641892
41619,41620,2-s2.0-85173516296
41624,41625,2-s2.0-85171578782
41627,41628,2-s2.0-85171183415
41628,41629,2-s2.0-85171002951
41632,41633,2-s2.0-85168949590
41636,41637,2-s2.0-85167813784
41638,41639,2-s2.0-85167504257
41639,41640,2-s2.0-85167464326
41640,41641,2-s2.0-85167462322
41646,41647,2-s2.0-85165302874
41647,41648,2-s2.0-85165257457
41649,41650,2-s2.0-85164204828
41650,41651,2-s2.0-85164157321
41651,41652,2-s2.0-85163651956
41657,41658,2-s2.0-85162094509
41658,41659,2-s2.0-85162050383
41659,41660,2-s2.0-85161910066
41660,41661,2-s2.0-85161805961
41662,41663,2-s2.0-85160963578
41664,41665,2-s2.0-85160278220
41670,41671,2-s2.0-85158926199
41671,41672,2-s2.0-85158832034
41672,41673,2-s2.0-85158151212
41673,41674,2-s2.0-85153626395
41674,41675,2-s2.0-85152714441
41677,41678,2-s2.0-85151714140
41679,41680,2-s2.0-85151434804
41682,41683,2-s2.0-85150791908
41683,41684,2-s2.0-85150636787
41684,41685,2-s2.0-85150067079
41691,41692,2-s2.0-85146996556
41694,41695,2-s2.0-85146388065
41698,41699,2-s2.0-85144907746
41700,41701,2-s2.0-85142424318
41702,41703,2-s2.0-85139454717
41703,41704,2-s2.0-85139056703
41704,41705,2-s2.0-85136179890
41705,41706,2-s2.0-85132609781
41706,41707,2-s2.0-85130753879
41708,41709,2-s2.0-85124257505
41709,41710,2-s2.0-85116367843
41711,41712,2-s2.0-85176887018
41714,41715,2-s2.0-85179784552
41715,41716,2-s2.0-85179779809
41716,41717,2-s2.0-85179875126
41724,41725,2-s2.0-85175669752
41728,41729,2-s2.0-85175663952
41730,41731,2-s2.0-85195278154
41734,41735,2-s2.0-85141940796
41736,41737,2-s2.0-105005419750
41738,41739,2-s2.0-85203111798
41739,41740,2-s2.0-85179860852
41740,41741,2-s2.0-85179856760
41746,41747,2-s2.0-85177184702
41747,41748,2-s2.0-85134630173
41748,41749,2-s2.0-85176593400
41749,41750,2-s2.0-85177745760
41750,41751,2-s2.0-85176909599
41757,41758,2-s2.0-105001545760
41760,41761,2-s2.0-85176553503
41762,41763,2-s2.0-85196215098
41763,41764,2-s2.0-85192193426
41766,41767,2-s2.0-85183097230
41769,41770,2-s2.0-85181687975
41771,41772,2-s2.0-85181239038
41772,41773,2-s2.0-85180639825
41773,41774,2-s2.0-85180520107
41775,41776,2-s2.0-85179107131
41778,41779,2-s2.0-85179068279
41781,41782,2-s2.0-85178626135
41782,41783,2-s2.0-85178316787
41785,41786,2-s2.0-85178279569
41788,41789,2-s2.0-85177858787
41791,41792,2-s2.0-85177583713
41793,41794,2-s2.0-85176962878
41795,41796,2-s2.0-85176742898
41798,41799,2-s2.0-85176443959
41799,41800,2-s2.0-85176434245
41804,41805,2-s2.0-85175193677
41805,41806,2-s2.0-85174810878
41806,41807,2-s2.0-85174808161
41810,41811,2-s2.0-85173776945
41811,41812,2-s2.0-85173676403
41812,41813,2-s2.0-85173503432
41817,41818,2-s2.0-85171388894
41818,41819,2-s2.0-85171367438
41820,41821,2-s2.0-85170240057
41822,41823,2-s2.0-85169787439
41824,41825,2-s2.0-85169113073
41826,41827,2-s2.0-85167793068
41827,41828,2-s2.0-85166642755
41828,41829,2-s2.0-85165874051
41833,41834,2-s2.0-85159166603
41835,41836,2-s2.0-85158104609
41841,41842,2-s2.0-85151553529
41843,41844,2-s2.0-85151001594
41845,41846,2-s2.0-85150803612
41847,41848,2-s2.0-85149990172
41848,41849,2-s2.0-85149860927
41851,41852,2-s2.0-85145414744
41860,41861,2-s2.0-85183205088
41861,41862,2-s2.0-85177521287
41864,41865,2-s2.0-85178579697
41868,41869,2-s2.0-85175433187
41869,41870,2-s2.0-85177776586
41870,41871,2-s2.0-85177608900
41880,41881,2-s2.0-85177562369
41881,41882,2-s2.0-85177560512
41882,41883,2-s2.0-85184128982
41884,41885,2-s2.0-85175469567
41885,41886,2-s2.0-85174586258
41893,41894,2-s2.0-85175662050
41895,41896,2-s2.0-85178302549
41896,41897,2-s2.0-85178298031
41897,41898,2-s2.0-85178294719
41900,41901,2-s2.0-85178288922
41903,41904,2-s2.0-85178268625
41904,41905,2-s2.0-85189006885
41905,41906,2-s2.0-85179824599
41907,41908,2-s2.0-85173026069
41910,41911,2-s2.0-85219680290
41911,41912,2-s2.0-85209227975
41914,41915,2-s2.0-85184065060
41915,41916,2-s2.0-85182654084
41916,41917,2-s2.0-85180880535
41920,41921,2-s2.0-85177757423
41923,41924,2-s2.0-85177034253
41928,41929,2-s2.0-85175344318
41930,41931,2-s2.0-85175299920
41934,41935,2-s2.0-85175101049
41935,41936,2-s2.0-85175086103
41936,41937,2-s2.0-85175070307
41937,41938,2-s2.0-85175038613
41938,41939,2-s2.0-85175023667
41939,41940,2-s2.0-85174941695
41942,41943,2-s2.0-85174282922
41944,41945,2-s2.0-85174261380
41945,41946,2-s2.0-85174191893
41948,41949,2-s2.0-85174158524
41952,41953,2-s2.0-85173735150
41953,41954,2-s2.0-85173502836
41954,41955,2-s2.0-85173277833
41955,41956,2-s2.0-85173123559
41956,41957,2-s2.0-85173072338
41959,41960,2-s2.0-85170066126
41962,41963,2-s2.0-85168532833
41964,41965,2-s2.0-85168266507
41965,41966,2-s2.0-85167577678
41967,41968,2-s2.0-85165673690
41968,41969,2-s2.0-85165627164
41969,41970,2-s2.0-85165615276
41970,41971,2-s2.0-85165442860
41971,41972,2-s2.0-85165261837
41976,41977,2-s2.0-85164114167
41977,41978,2-s2.0-85164003399
41982,41983,2-s2.0-85162949771
41983,41984,2-s2.0-85160678148
41984,41985,2-s2.0-85159660869
41986,41987,2-s2.0-85159067302
41988,41989,2-s2.0-85153969151
41989,41990,2-s2.0-85153492720
41990,41991,2-s2.0-85152433968
41993,41994,2-s2.0-85151946223
41996,41997,2-s2.0-85149797806
41997,41998,2-s2.0-85149712490
41998,41999,2-s2.0-85148526863
42001,42002,2-s2.0-85143618032
42002,42003,2-s2.0-85143585511
42004,42005,2-s2.0-85141729373
42005,42006,2-s2.0-85141432399
42006,42007,2-s2.0-85140987061
42007,42008,2-s2.0-85138705398
42013,42014,2-s2.0-85194129950
42014,42015,2-s2.0-85194129847
42015,42016,2-s2.0-85194129133
42017,42018,2-s2.0-85194128753
42020,42021,2-s2.0-85194128009
42022,42023,2-s2.0-85194127775
42023,42024,2-s2.0-85194127572
42025,42026,2-s2.0-85194126679
42026,42027,2-s2.0-85194126625
42027,42028,2-s2.0-85194126163
42028,42029,2-s2.0-85194125996
42032,42033,2-s2.0-85197599473
42033,42034,2-s2.0-85197591520
42036,42037,2-s2.0-85175363568
42037,42038,2-s2.0-85173001593
42040,42041,2-s2.0-85183472702
42043,42044,2-s2.0-85175363265
42045,42046,2-s2.0-85175837872
42046,42047,2-s2.0-85182728613
42047,42048,2-s2.0-85180128179
42058,42059,2-s2.0-85175465230
42059,42060,2-s2.0-85146243207
42061,42062,2-s2.0-85217448415
42063,42064,2-s2.0-85209574265
42065,42066,2-s2.0-85203135563
42070,42071,2-s2.0-85181555907
42072,42073,2-s2.0-85180343055
42073,42074,2-s2.0-85180336622
42075,42076,2-s2.0-85178946945
42076,42077,2-s2.0-85177892942
42079,42080,2-s2.0-85177072624
42080,42081,2-s2.0-85177038988
42082,42083,2-s2.0-85176382777
42083,42084,2-s2.0-85175868961
42084,42085,2-s2.0-85175847571
42086,42087,2-s2.0-85175494063
42087,42088,2-s2.0-85175483590
42088,42089,2-s2.0-85175456736
42093,42094,2-s2.0-85174620307
42094,42095,2-s2.0-85174590354
42095,42096,2-s2.0-85174241888
42102,42103,2-s2.0-85172940121
42103,42104,2-s2.0-85172933232
42107,42108,2-s2.0-85172800492
42108,42109,2-s2.0-85172277710
42109,42110,2-s2.0-85172155535
42112,42113,2-s2.0-85172133070
42116,42117,2-s2.0-85172070777
42117,42118,2-s2.0-85171900326
42120,42121,2-s2.0-85171256579
42124,42125,2-s2.0-85170672476
42125,42126,2-s2.0-85170661337
42127,42128,2-s2.0-85170377658
42128,42129,2-s2.0-85170282204
42130,42131,2-s2.0-85170032657
42132,42133,2-s2.0-85169051268
42134,42135,2-s2.0-85168620547
42135,42136,2-s2.0-85168542392
42140,42141,2-s2.0-85166981909
42141,42142,2-s2.0-85166210796
42142,42143,2-s2.0-85165566464
42143,42144,2-s2.0-85165239012
42145,42146,2-s2.0-85164508782
42146,42147,2-s2.0-85164097985
42147,42148,2-s2.0-85163974791
42153,42154,2-s2.0-85162115728
42154,42155,2-s2.0-85161968485
42156,42157,2-s2.0-85161178661
42159,42160,2-s2.0-85160096075
42160,42161,2-s2.0-85159840153
42165,42166,2-s2.0-85148351193
42166,42167,2-s2.0-85148232988
42167,42168,2-s2.0-85147711746
42168,42169,2-s2.0-85147681177
42170,42171,2-s2.0-85147168239
42173,42174,2-s2.0-85143510091
42176,42177,2-s2.0-85141192601
42178,42179,2-s2.0-85138390244
42179,42180,2-s2.0-85138343766
42180,42181,2-s2.0-85138307754
42181,42182,2-s2.0-85138226980
42186,42187,2-s2.0-85128814862
42187,42188,2-s2.0-85123479503
42188,42189,2-s2.0-85123114392
42189,42190,2-s2.0-85118549635
42192,42193,2-s2.0-105011407394
42193,42194,2-s2.0-105010253367
42194,42195,2-s2.0-85170085044
42196,42197,2-s2.0-85174203194
42199,42200,2-s2.0-85180132201
42200,42201,2-s2.0-85180125748
42201,42202,2-s2.0-85180125339
42204,42205,2-s2.0-85167356027
42205,42206,2-s2.0-85173555069
42206,42207,2-s2.0-85204633637
42207,42208,2-s2.0-85168832722
42210,42211,2-s2.0-85174197699
42212,42213,2-s2.0-85176769241
42214,42215,2-s2.0-85176749295
42215,42216,2-s2.0-85176728303
42216,42217,2-s2.0-85172767127
42222,42223,2-s2.0-85176800472
42224,42225,2-s2.0-85176791762
42225,42226,2-s2.0-85176788375
42227,42228,2-s2.0-85176774563
42228,42229,2-s2.0-85176752574
42231,42232,2-s2.0-85174275108
42234,42235,2-s2.0-85169516718
42235,42236,2-s2.0-85169515262
42236,42237,2-s2.0-85202937086
42240,42241,2-s2.0-85173494875
42241,42242,2-s2.0-85173073548
42243,42244,2-s2.0-85172764861
42244,42245,2-s2.0-85172379318
42245,42246,2-s2.0-85171698433
42246,42247,2-s2.0-85171480086
42247,42248,2-s2.0-85171449208
42254,42255,2-s2.0-85168952783
42256,42257,2-s2.0-85168737765
42257,42258,2-s2.0-85168728699
42260,42261,2-s2.0-85168222865
42264,42265,2-s2.0-85167599469
42267,42268,2-s2.0-85166519759
42270,42271,2-s2.0-85164334160
42278,42279,2-s2.0-85154557867
42280,42281,2-s2.0-85153757687
42281,42282,2-s2.0-85152079000
42282,42283,2-s2.0-85151983983
42284,42285,2-s2.0-85150615406
42286,42287,2-s2.0-85150518416
42287,42288,2-s2.0-85150218074
42288,42289,2-s2.0-85149871770
42289,42290,2-s2.0-85149739551
42292,42293,2-s2.0-85147698828
42293,42294,2-s2.0-85147389643
42294,42295,2-s2.0-85147346829
42295,42296,2-s2.0-85147297310
42297,42298,2-s2.0-85146779004
42298,42299,2-s2.0-85146688009
42299,42300,2-s2.0-85146396203
42304,42305,2-s2.0-85141947200
42305,42306,2-s2.0-85141406976
42306,42307,2-s2.0-85139935884
42310,42311,2-s2.0-85131576411
42314,42315,2-s2.0-85128832374
42315,42316,2-s2.0-85128180182
42316,42317,2-s2.0-85127681840
42317,42318,2-s2.0-85126049928
42318,42319,2-s2.0-85126015007
42319,42320,2-s2.0-85126005835
42320,42321,2-s2.0-85120455929
42321,42322,2-s2.0-85166405088
42322,42323,2-s2.0-85184167178
42323,42324,2-s2.0-85151754890
42324,42325,2-s2.0-85167992635
42327,42328,2-s2.0-85167863557
42329,42330,2-s2.0-85168910849
42330,42331,2-s2.0-85164459305
42332,42333,2-s2.0-85174286817
42335,42336,2-s2.0-85174245800
42337,42338,2-s2.0-85174189097
42338,42339,2-s2.0-85174180135
42341,42342,2-s2.0-85196584423
42342,42343,2-s2.0-85165170027
42344,42345,2-s2.0-85197184781
42345,42346,2-s2.0-85165278041
42347,42348,2-s2.0-85170033661
42348,42349,2-s2.0-85170027779
42350,42351,2-s2.0-85165268932
42351,42352,2-s2.0-85164388362
42352,42353,2-s2.0-85205302694
42353,42354,2-s2.0-85205273817
42360,42361,2-s2.0-85175250119
42362,42363,2-s2.0-85175118149
42363,42364,2-s2.0-85175117586
42364,42365,2-s2.0-85175114903
42365,42366,2-s2.0-85175112416
42366,42367,2-s2.0-85175111876
42367,42368,2-s2.0-85174975735
42368,42369,2-s2.0-85174532385
42369,42370,2-s2.0-85173788627
42370,42371,2-s2.0-85173594523
42373,42374,2-s2.0-85172336513
42377,42378,2-s2.0-85168697697
42380,42381,2-s2.0-85168687725
42382,42383,2-s2.0-85168671066
42383,42384,2-s2.0-85168663636
42385,42386,2-s2.0-85168286964
42386,42387,2-s2.0-85168110866
42388,42389,2-s2.0-85168009300
42391,42392,2-s2.0-85166482429
42392,42393,2-s2.0-85166426730
42393,42394,2-s2.0-85166359012
42394,42395,2-s2.0-85166232295
42395,42396,2-s2.0-85166192480
42401,42402,2-s2.0-85163509138
42402,42403,2-s2.0-85162095073
42406,42407,2-s2.0-85159633164
42411,42412,2-s2.0-85153239617
42412,42413,2-s2.0-85153119577
42414,42415,2-s2.0-85152694846
42416,42417,2-s2.0-85152086997
42418,42419,2-s2.0-85151993197
42423,42424,2-s2.0-85148999776
42425,42426,2-s2.0-85148424489
42426,42427,2-s2.0-85147706543
42430,42431,2-s2.0-85145213772
42433,42434,2-s2.0-85142829194
42435,42436,2-s2.0-85135721179
42436,42437,2-s2.0-85131395187
42437,42438,2-s2.0-85128723785
42441,42442,2-s2.0-85107157878
42442,42443,2-s2.0-85105456781
42445,42446,2-s2.0-105005589564
42446,42447,2-s2.0-85167445578
42449,42450,2-s2.0-85166237949
42450,42451,2-s2.0-85176812722
42451,42452,2-s2.0-85176799474
42452,42453,2-s2.0-85176780637
42453,42454,2-s2.0-85176762444
42454,42455,2-s2.0-85176748434
42455,42456,2-s2.0-85176748020
42456,42457,2-s2.0-85176727249
42457,42458,2-s2.0-85170199789
42458,42459,2-s2.0-85168252525
42460,42461,2-s2.0-85172169896
42465,42466,2-s2.0-85172166021
42466,42467,2-s2.0-85172165750
42468,42469,2-s2.0-85172164255
42469,42470,2-s2.0-85172162118
42472,42473,2-s2.0-85172158499
42473,42474,2-s2.0-85172156480
42476,42477,2-s2.0-85172150532
42478,42479,2-s2.0-85172147362
42479,42480,2-s2.0-85172145557
42480,42481,2-s2.0-85172145069
42481,42482,2-s2.0-85172144843
42482,42483,2-s2.0-85172144190
42484,42485,2-s2.0-85172143729
42487,42488,2-s2.0-85172140126
42490,42491,2-s2.0-85172132934
42492,42493,2-s2.0-85172128651
42496,42497,2-s2.0-85172125789
42497,42498,2-s2.0-85172125566
42499,42500,2-s2.0-85172121856
42500,42501,2-s2.0-85172121608
42501,42502,2-s2.0-85172119611
42502,42503,2-s2.0-85172117616
42504,42505,2-s2.0-85172117002
42506,42507,2-s2.0-85172116015
42508,42509,2-s2.0-85172110788
42509,42510,2-s2.0-85172109796
42511,42512,2-s2.0-85172105191
42513,42514,2-s2.0-85172105154
42514,42515,2-s2.0-85172104963
42517,42518,2-s2.0-85172101674
42522,42523,2-s2.0-85172098499
42524,42525,2-s2.0-85172097053
42528,42529,2-s2.0-85172093730
42530,42531,2-s2.0-85172093483
42532,42533,2-s2.0-85172091561
42536,42537,2-s2.0-85172084845
42538,42539,2-s2.0-85172082283
42539,42540,2-s2.0-85172081681
42541,42542,2-s2.0-85172079329
42542,42543,2-s2.0-85172079008
42543,42544,2-s2.0-85172076120
42545,42546,2-s2.0-85172075912
42546,42547,2-s2.0-85172073107
42548,42549,2-s2.0-85167343119
42551,42552,2-s2.0-85163591436
42555,42556,2-s2.0-85169135226
42557,42558,2-s2.0-85169108681
42559,42560,2-s2.0-85179886884
42560,42561,2-s2.0-85212101753
42561,42562,2-s2.0-85170246939
42565,42566,2-s2.0-85170182216
42566,42567,2-s2.0-85170180894
42571,42572,2-s2.0-85166781663
42572,42573,2-s2.0-85166777406
42573,42574,2-s2.0-85166759282
42574,42575,2-s2.0-85166755836
42575,42576,2-s2.0-85166752067
42576,42577,2-s2.0-85166748568
42578,42579,2-s2.0-85204918988
42579,42580,2-s2.0-85166987469
42580,42581,2-s2.0-85166986287
42581,42582,2-s2.0-85166978702
42582,42583,2-s2.0-85166975850
42583,42584,2-s2.0-85166961493
42584,42585,2-s2.0-85166958473
42585,42586,2-s2.0-85166957914
42586,42587,2-s2.0-85166956596
42587,42588,2-s2.0-85166953330
42589,42590,2-s2.0-85166940888
42590,42591,2-s2.0-85166932278
42595,42596,2-s2.0-85166919983
42596,42597,2-s2.0-85166919067
42597,42598,2-s2.0-85166918010
42598,42599,2-s2.0-85166914238
42602,42603,2-s2.0-85160842657
42604,42605,2-s2.0-85163700421
42605,42606,2-s2.0-85163689990
42606,42607,2-s2.0-85163683222
42611,42612,2-s2.0-85163639348
42613,42614,2-s2.0-85163600475
42618,42619,2-s2.0-85163351470
42621,42622,2-s2.0-85208933771
42624,42625,2-s2.0-85199015920
42628,42629,2-s2.0-85180976090
42629,42630,2-s2.0-85174804038
42630,42631,2-s2.0-85174197963
42631,42632,2-s2.0-85174169628
42633,42634,2-s2.0-85172875568
42635,42636,2-s2.0-85168440880
42636,42637,2-s2.0-85168329351
42640,42641,2-s2.0-85166304531
42643,42644,2-s2.0-85165668063
42645,42646,2-s2.0-85164313390
42647,42648,2-s2.0-85164207574
42650,42651,2-s2.0-85164136758
42652,42653,2-s2.0-85164114558
42653,42654,2-s2.0-85164028276
42654,42655,2-s2.0-85163999681
42655,42656,2-s2.0-85163931580
42657,42658,2-s2.0-85163767986
42664,42665,2-s2.0-85163608360
42667,42668,2-s2.0-85163162375
42668,42669,2-s2.0-85162782197
42672,42673,2-s2.0-85161497260
42674,42675,2-s2.0-85161193673
42678,42679,2-s2.0-85159555910
42680,42681,2-s2.0-85159099403
42683,42684,2-s2.0-85152489411
42685,42686,2-s2.0-85151482310
42686,42687,2-s2.0-85151297204
42687,42688,2-s2.0-85151008965
42691,42692,2-s2.0-85150253238
42692,42693,2-s2.0-85150227978
42693,42694,2-s2.0-85150196803
42694,42695,2-s2.0-85149944032
42695,42696,2-s2.0-85149715687
42696,42697,2-s2.0-85149332729
42698,42699,2-s2.0-85149295317
42699,42700,2-s2.0-85149262976
42705,42706,2-s2.0-85146959604
42706,42707,2-s2.0-85146866782
42708,42709,2-s2.0-85146088280
42711,42712,2-s2.0-85145736913
42713,42714,2-s2.0-85143611871
42714,42715,2-s2.0-85143515321
42715,42716,2-s2.0-85143405110
42716,42717,2-s2.0-85143285414
42717,42718,2-s2.0-85142194439
42718,42719,2-s2.0-85141611197
42720,42721,2-s2.0-85140958030
42721,42722,2-s2.0-85140828823
42730,42731,2-s2.0-85131588108
42731,42732,2-s2.0-85128067849
42734,42735,2-s2.0-85125649100
42737,42738,2-s2.0-85110517110
42739,42740,2-s2.0-85079127278
42741,42742,2-s2.0-85161232511
42742,42743,2-s2.0-105006542700
42751,42752,2-s2.0-85160942122
42752,42753,2-s2.0-85160935231
42753,42754,2-s2.0-85160910878
42755,42756,2-s2.0-85160482998
42756,42757,2-s2.0-85156249620
42757,42758,2-s2.0-85188097378
42759,42760,2-s2.0-85160097984
42761,42762,2-s2.0-85160050345
42762,42763,2-s2.0-85160036028
42764,42765,2-s2.0-85199150235
42765,42766,2-s2.0-85192753271
42773,42774,2-s2.0-85163766497
42775,42776,2-s2.0-85161283521
42776,42777,2-s2.0-85161183685
42777,42778,2-s2.0-85161135578
42778,42779,2-s2.0-85160937587
42779,42780,2-s2.0-85160830935
42781,42782,2-s2.0-85160287127
42782,42783,2-s2.0-85160277861
42783,42784,2-s2.0-85160262110
42785,42786,2-s2.0-85160111405
42786,42787,2-s2.0-85160056853
42789,42790,2-s2.0-85159884988
42790,42791,2-s2.0-85159863148
42794,42795,2-s2.0-85159280226
42795,42796,2-s2.0-85159258572
42796,42797,2-s2.0-85159212098
42799,42800,2-s2.0-85156122757
42800,42801,2-s2.0-85153607238
42802,42803,2-s2.0-85153518762
42804,42805,2-s2.0-85152279704
42805,42806,2-s2.0-85151441138
42806,42807,2-s2.0-85151037198
42807,42808,2-s2.0-85150838788
42808,42809,2-s2.0-85150422354
42812,42813,2-s2.0-85149023257
42813,42814,2-s2.0-85148633169
42814,42815,2-s2.0-85148623675
42816,42817,2-s2.0-85144360657
42818,42819,2-s2.0-85141551108
42819,42820,2-s2.0-85141368991
42820,42821,2-s2.0-85141140378
42824,42825,2-s2.0-85138673977
42825,42826,2-s2.0-85136595426
42826,42827,2-s2.0-85125897125
42829,42830,2-s2.0-85107305309
42831,42832,2-s2.0-85171640963
42833,42834,2-s2.0-85159711728
42834,42835,2-s2.0-85159688070
42838,42839,2-s2.0-85159648823
42839,42840,2-s2.0-105002206405
42841,42842,2-s2.0-85159808576
42842,42843,2-s2.0-85163338521
42845,42846,2-s2.0-85153802736
42846,42847,2-s2.0-85152696491
42847,42848,2-s2.0-85159671124
42848,42849,2-s2.0-85158163756
42851,42852,2-s2.0-85171264485
42854,42855,2-s2.0-85153564578
42857,42858,2-s2.0-85136459580
42858,42859,2-s2.0-85106023473
42859,42860,2-s2.0-85159071405
42863,42864,2-s2.0-85165675282
42864,42865,2-s2.0-85165674604
42865,42866,2-s2.0-85165660523
42866,42867,2-s2.0-85165652553
42875,42876,2-s2.0-85161620345
42876,42877,2-s2.0-85160737072
42880,42881,2-s2.0-85160244308
42889,42890,2-s2.0-85153854247
42897,42898,2-s2.0-85153707479
42898,42899,2-s2.0-85153704327
42900,42901,2-s2.0-85153701217
42903,42904,2-s2.0-85153526480
42905,42906,2-s2.0-85153508127
42911,42912,2-s2.0-85152565872
42912,42913,2-s2.0-85152297827
42914,42915,2-s2.0-85152100478
42915,42916,2-s2.0-85151623103
42921,42922,2-s2.0-85150025001
42922,42923,2-s2.0-85149996559
42924,42925,2-s2.0-85149738562
42925,42926,2-s2.0-85148755220
42929,42930,2-s2.0-85147800727
42931,42932,2-s2.0-85147714874
42936,42937,2-s2.0-85146274662
42938,42939,2-s2.0-85145820680
42940,42941,2-s2.0-85144194391
42941,42942,2-s2.0-85144037090
42942,42943,2-s2.0-85143622746
42948,42949,2-s2.0-85140649658
42949,42950,2-s2.0-85140447314
42951,42952,2-s2.0-85139243778
42952,42953,2-s2.0-85139064306
42953,42954,2-s2.0-85138217351
42954,42955,2-s2.0-85137491875
42955,42956,2-s2.0-85136610996
42958,42959,2-s2.0-85133320408
42961,42962,2-s2.0-85127622868
42962,42963,2-s2.0-85127367963
42963,42964,2-s2.0-85125152529
42964,42965,2-s2.0-85123447476
42966,42967,2-s2.0-85115837914
42968,42969,2-s2.0-85074039404
42970,42971,2-s2.0-85141845039
42972,42973,2-s2.0-85152656022
42973,42974,2-s2.0-85160531303
42975,42976,2-s2.0-85164148016
42977,42978,2-s2.0-85162900909
42978,42979,2-s2.0-85151508013
42981,42982,2-s2.0-85151258265
42983,42984,2-s2.0-85151236984
42985,42986,2-s2.0-85151232447
42986,42987,2-s2.0-85165044328
42987,42988,2-s2.0-85163787446
42988,42989,2-s2.0-85170095434
42990,42991,2-s2.0-85163093098
42995,42996,2-s2.0-85158934073
42996,42997,2-s2.0-85158920444
42997,42998,2-s2.0-85173221136
43003,43004,2-s2.0-85149316543
43006,43007,2-s2.0-85150391700
43007,43008,2-s2.0-85150341146
43011,43012,2-s2.0-85149754371
43012,43013,2-s2.0-85149737067
43013,43014,2-s2.0-85149725185
43019,43020,2-s2.0-85149881462
43020,43021,2-s2.0-85149866595
43021,43022,2-s2.0-85149848718
43022,43023,2-s2.0-85149824418
43027,43028,2-s2.0-85206451529
43030,43031,2-s2.0-85193259851
43031,43032,2-s2.0-85185464739
43032,43033,2-s2.0-85185146505
43039,43040,2-s2.0-85167979413
43046,43047,2-s2.0-85162948621
43050,43051,2-s2.0-85160248353
43051,43052,2-s2.0-85159368278
43052,43053,2-s2.0-85159324205
43056,43057,2-s2.0-85158158699
43057,43058,2-s2.0-85153769080
43058,43059,2-s2.0-85153747445
43059,43060,2-s2.0-85153474580
43061,43062,2-s2.0-85151951052
43065,43066,2-s2.0-85151402311
43071,43072,2-s2.0-85151085559
43072,43073,2-s2.0-85151082905
43075,43076,2-s2.0-85151073896
43078,43079,2-s2.0-85151071431
43080,43081,2-s2.0-85151067740
43081,43082,2-s2.0-85151067446
43082,43083,2-s2.0-85151042710
43083,43084,2-s2.0-85150987124
43084,43085,2-s2.0-85150964533
43095,43096,2-s2.0-85149656315
43099,43100,2-s2.0-85148064611
43100,43101,2-s2.0-85147372572
43102,43103,2-s2.0-85147128934
43108,43109,2-s2.0-85145954683
43109,43110,2-s2.0-85145722675
43113,43114,2-s2.0-85144532546
43114,43115,2-s2.0-85144520766
43115,43116,2-s2.0-85144506497
43116,43117,2-s2.0-85144281559
43124,43125,2-s2.0-85138723388
43125,43126,2-s2.0-85138275592
43129,43130,2-s2.0-85137456568
43131,43132,2-s2.0-85135615819
43133,43134,2-s2.0-85129899029
43135,43136,2-s2.0-85129269092
43138,43139,2-s2.0-85128356961
43140,43141,2-s2.0-85125516635
43141,43142,2-s2.0-85125242902
43142,43143,2-s2.0-85125178843
43144,43145,2-s2.0-85124291022
43145,43146,2-s2.0-85123715085
43148,43149,2-s2.0-85110474238
43150,43151,2-s2.0-85107181711
43155,43156,2-s2.0-85103297603
43156,43157,2-s2.0-85103025924
43164,43165,2-s2.0-85159067396
43168,43169,2-s2.0-85148879335
43169,43170,2-s2.0-85180206613
43172,43173,2-s2.0-85148655537
43174,43175,2-s2.0-85148653351
43176,43177,2-s2.0-85148644186
43178,43179,2-s2.0-85148638494
43180,43181,2-s2.0-85148635345
43182,43183,2-s2.0-85148628385
43184,43185,2-s2.0-85148621176
43185,43186,2-s2.0-85148609401
43190,43191,2-s2.0-85148582979
43192,43193,2-s2.0-85148581475
43193,43194,2-s2.0-85148519121
43194,43195,2-s2.0-85151811602
43198,43199,2-s2.0-85219715306
43200,43201,2-s2.0-85197462916
43201,43202,2-s2.0-85164198594
43204,43205,2-s2.0-85164126677
43207,43208,2-s2.0-85151158122
43218,43219,2-s2.0-85148964637
43221,43222,2-s2.0-85148769061
43222,43223,2-s2.0-85148763971
43224,43225,2-s2.0-85148732408
43225,43226,2-s2.0-85148712288
43227,43228,2-s2.0-85148702072
43229,43230,2-s2.0-85148685184
43233,43234,2-s2.0-85148631484
43234,43235,2-s2.0-85148583703
43236,43237,2-s2.0-85148340882
43238,43239,2-s2.0-85148111007
43244,43245,2-s2.0-85146248863
43245,43246,2-s2.0-85145604216
43247,43248,2-s2.0-85145157949
43251,43252,2-s2.0-85143216228
43253,43254,2-s2.0-85141792873
43258,43259,2-s2.0-85139765375
43259,43260,2-s2.0-85139254286
43261,43262,2-s2.0-85139225766
43262,43263,2-s2.0-85139134741
43263,43264,2-s2.0-85138378705
43265,43266,2-s2.0-85137642359
43266,43267,2-s2.0-85136210275
43267,43268,2-s2.0-85136026833
43269,43270,2-s2.0-85135113914
43271,43272,2-s2.0-85133944382
43272,43273,2-s2.0-85133093151
43277,43278,2-s2.0-85126370310
43285,43286,2-s2.0-85103663718
43287,43288,2-s2.0-85083763838
43293,43294,2-s2.0-85147300556
43295,43296,2-s2.0-85147293554
43297,43298,2-s2.0-85147291763
43300,43301,2-s2.0-85147277532
43301,43302,2-s2.0-85147429774
43302,43303,2-s2.0-85148466287
43303,43304,2-s2.0-85147804179
43304,43305,2-s2.0-85147456132
43308,43309,2-s2.0-85147215668
43310,43311,2-s2.0-85147144036
43314,43315,2-s2.0-85147011033
43315,43316,2-s2.0-85146531558
43317,43318,2-s2.0-85146528985
43319,43320,2-s2.0-85146519494
43320,43321,2-s2.0-85146513897
43322,43323,2-s2.0-85146510546
43324,43325,2-s2.0-85146504293
43325,43326,2-s2.0-85146499023
43326,43327,2-s2.0-85141957455
43328,43329,2-s2.0-85140978412
43331,43332,2-s2.0-85147042820
43334,43335,2-s2.0-85146266498
43338,43339,2-s2.0-85170366809
43339,43340,2-s2.0-85151654920
43340,43341,2-s2.0-85146519339
43341,43342,2-s2.0-85146508854
43343,43344,2-s2.0-86000136097
43345,43346,2-s2.0-85219049578
43346,43347,2-s2.0-85218781334
43347,43348,2-s2.0-85218744561
43349,43350,2-s2.0-85218238238
43354,43355,2-s2.0-85216773291
43355,43356,2-s2.0-85216722367
43357,43358,2-s2.0-85214696703
43360,43361,2-s2.0-85214682962
43362,43363,2-s2.0-85213879547
43363,43364,2-s2.0-85212521486
43366,43367,2-s2.0-85209197632
43369,43370,2-s2.0-85208321676
43370,43371,2-s2.0-85208305274
43372,43373,2-s2.0-85208293186
43375,43376,2-s2.0-85207208698
43376,43377,2-s2.0-85207196192
43377,43378,2-s2.0-85207196033
43378,43379,2-s2.0-85207173216
43380,43381,2-s2.0-85205588988
43381,43382,2-s2.0-85205581499
43382,43383,2-s2.0-85205581125
43383,43384,2-s2.0-85205574718
43389,43390,2-s2.0-85204983512
43390,43391,2-s2.0-85204765165
43392,43393,2-s2.0-85204309614
43394,43395,2-s2.0-85204120075
43395,43396,2-s2.0-85204044887
43396,43397,2-s2.0-85203291889
43397,43398,2-s2.0-85202897880
43399,43400,2-s2.0-85201564766
43402,43403,2-s2.0-85200135782
43404,43405,2-s2.0-85199996462
43405,43406,2-s2.0-85199327271
43408,43409,2-s2.0-85198604312
43409,43410,2-s2.0-85198228274
43410,43411,2-s2.0-85197820610
43411,43412,2-s2.0-85197809702
43414,43415,2-s2.0-85197763164
43416,43417,2-s2.0-85197717794
43418,43419,2-s2.0-85197471336
43419,43420,2-s2.0-85197438026
43421,43422,2-s2.0-85197257296
43422,43423,2-s2.0-85197077743
43423,43424,2-s2.0-85197054276
43426,43427,2-s2.0-85195999505
43432,43433,2-s2.0-85195729094
43438,43439,2-s2.0-85195301038
43440,43441,2-s2.0-85194753424
43444,43445,2-s2.0-85194750597
43445,43446,2-s2.0-85194750347
43446,43447,2-s2.0-85194747930
43448,43449,2-s2.0-85194709588
43449,43450,2-s2.0-85194407563
43450,43451,2-s2.0-85194250763
43451,43452,2-s2.0-85194182672
43452,43453,2-s2.0-85194016453
43453,43454,2-s2.0-85193982298
43454,43455,2-s2.0-85193253789
43455,43456,2-s2.0-85193064381
43456,43457,2-s2.0-85193033776
43457,43458,2-s2.0-85193028702
43458,43459,2-s2.0-85193012150
43461,43462,2-s2.0-85192981230
43462,43463,2-s2.0-85192977280
43465,43466,2-s2.0-85192467585
43466,43467,2-s2.0-85192462257
43468,43469,2-s2.0-85192062723
43470,43471,2-s2.0-85191459533
43471,43472,2-s2.0-85191193243
43472,43473,2-s2.0-85191171006
43473,43474,2-s2.0-85191170260
43476,43477,2-s2.0-85191116048
43477,43478,2-s2.0-85190946087
43478,43479,2-s2.0-85190643109
43479,43480,2-s2.0-85190437914
43480,43481,2-s2.0-85190262942
43484,43485,2-s2.0-85189515817
43487,43488,2-s2.0-85189401407
43492,43493,2-s2.0-85189182598
43495,43496,2-s2.0-85189141338
43499,43500,2-s2.0-85188533002
43500,43501,2-s2.0-85188464868
43502,43503,2-s2.0-85188019027
43503,43504,2-s2.0-85188017488
43509,43510,2-s2.0-85187550961
43510,43511,2-s2.0-85187549346
43513,43514,2-s2.0-85187451000
43514,43515,2-s2.0-85187413353
43515,43516,2-s2.0-85187295326
43517,43518,2-s2.0-85187242420
43521,43522,2-s2.0-85186709518
43523,43524,2-s2.0-85186680851
43527,43528,2-s2.0-85186659951
43531,43532,2-s2.0-85186524897
43533,43534,2-s2.0-85186474371
43537,43538,2-s2.0-85186227064
43541,43542,2-s2.0-85185939923
43542,43543,2-s2.0-85185912567
43543,43544,2-s2.0-85185904083
43547,43548,2-s2.0-85185845850
43549,43550,2-s2.0-85185820390
43552,43553,2-s2.0-85185527911
43553,43554,2-s2.0-85185489284
43555,43556,2-s2.0-85185410389
43556,43557,2-s2.0-85185406023
43557,43558,2-s2.0-85185329278
43558,43559,2-s2.0-85185324701
43559,43560,2-s2.0-85185323877
43560,43561,2-s2.0-85185254704
43561,43562,2-s2.0-85185221166
43563,43564,2-s2.0-85185215646
43566,43567,2-s2.0-85185170274
43567,43568,2-s2.0-85185095504
43568,43569,2-s2.0-85185009013
43572,43573,2-s2.0-85184855362
43575,43576,2-s2.0-85184852511
43576,43577,2-s2.0-85184849812
43577,43578,2-s2.0-85184824262
43582,43583,2-s2.0-85184452760
43583,43584,2-s2.0-85184430667
43585,43586,2-s2.0-85184414315
43587,43588,2-s2.0-85184337880
43588,43589,2-s2.0-85184281211
43592,43593,2-s2.0-85184190014
43594,43595,2-s2.0-85184174243
43595,43596,2-s2.0-85184139899
43600,43601,2-s2.0-85183873752
43601,43602,2-s2.0-85183870409
43602,43603,2-s2.0-85183654469
43603,43604,2-s2.0-85183560758
43604,43605,2-s2.0-85183544976
43605,43606,2-s2.0-85183471932
43607,43608,2-s2.0-85183415415
43609,43610,2-s2.0-85183059639
43610,43611,2-s2.0-85183058572
43615,43616,2-s2.0-85183039637
43616,43617,2-s2.0-85183030977
43617,43618,2-s2.0-85183023339
43619,43620,2-s2.0-85183020552
43620,43621,2-s2.0-85183020262
43623,43624,2-s2.0-85183008455
43627,43628,2-s2.0-85183003076
43631,43632,2-s2.0-85182990689
43633,43634,2-s2.0-85182988255
43635,43636,2-s2.0-85182984546
43637,43638,2-s2.0-85182981693
43643,43644,2-s2.0-85182931183
43645,43646,2-s2.0-85182923772
43646,43647,2-s2.0-85182873020
43649,43650,2-s2.0-85182743596
43653,43654,2-s2.0-85182696885
43660,43661,2-s2.0-85182593143
43661,43662,2-s2.0-85182475508
43663,43664,2-s2.0-85182464707
43664,43665,2-s2.0-85182356597
43666,43667,2-s2.0-85182334437
43667,43668,2-s2.0-85182324348
43668,43669,2-s2.0-85182321326
43670,43671,2-s2.0-85182313414
43678,43679,2-s2.0-85181971302
43680,43681,2-s2.0-85181941535
43681,43682,2-s2.0-85181911641
43684,43685,2-s2.0-85181776597
43685,43686,2-s2.0-85181774106
43686,43687,2-s2.0-85181773922
43690,43691,2-s2.0-85181723058
43692,43693,2-s2.0-85181538496
43693,43694,2-s2.0-85181538032
43696,43697,2-s2.0-85181514627
43698,43699,2-s2.0-85181448350
43699,43700,2-s2.0-85181447464
43701,43702,2-s2.0-85181236903
43702,43703,2-s2.0-85181031377
43703,43704,2-s2.0-85181013287
43704,43705,2-s2.0-85181002922
43712,43713,2-s2.0-85180849352
43713,43714,2-s2.0-85180814015
43715,43716,2-s2.0-85180812100
43720,43721,2-s2.0-85180806453
43728,43729,2-s2.0-85180795127
43730,43731,2-s2.0-85180792378
43731,43732,2-s2.0-85180790750
43733,43734,2-s2.0-85180789419
43735,43736,2-s2.0-85180787698
43737,43738,2-s2.0-85180779662
43738,43739,2-s2.0-85180779063
43739,43740,2-s2.0-85180776455
43742,43743,2-s2.0-85180763867
43747,43748,2-s2.0-85180759675
43751,43752,2-s2.0-85180755058
43753,43754,2-s2.0-85180753588
43754,43755,2-s2.0-85180753388
43757,43758,2-s2.0-85180750470
43761,43762,2-s2.0-85180701896
43764,43765,2-s2.0-85180684133
43765,43766,2-s2.0-85180629512
43766,43767,2-s2.0-85180607866
43768,43769,2-s2.0-85180600712
43769,43770,2-s2.0-85180597656
43770,43771,2-s2.0-85180586776
43771,43772,2-s2.0-85180579878
43773,43774,2-s2.0-85180562368
43774,43775,2-s2.0-85180525799
43776,43777,2-s2.0-85180486908
43777,43778,2-s2.0-85180484060
43778,43779,2-s2.0-85180458721
43780,43781,2-s2.0-85180424686
43781,43782,2-s2.0-85180406203
43785,43786,2-s2.0-85180285023
43786,43787,2-s2.0-85180284151
43787,43788,2-s2.0-85180280811
43789,43790,2-s2.0-85180198806
43790,43791,2-s2.0-85180191184
43791,43792,2-s2.0-85180158572
43792,43793,2-s2.0-85180152311
43794,43795,2-s2.0-85180057304
43795,43796,2-s2.0-85180056253
43797,43798,2-s2.0-85180053859
43798,43799,2-s2.0-85180051906
43800,43801,2-s2.0-85180036962
43801,43802,2-s2.0-85180033546
43805,43806,2-s2.0-85180016942
43806,43807,2-s2.0-85180008567
43807,43808,2-s2.0-85180004582
43808,43809,2-s2.0-85179996768
43810,43811,2-s2.0-85179978186
43811,43812,2-s2.0-85179864432
43816,43817,2-s2.0-85179850547
43818,43819,2-s2.0-85179848398
43820,43821,2-s2.0-85179847783
43823,43824,2-s2.0-85179844745
43826,43827,2-s2.0-85179843436
43827,43828,2-s2.0-85179843152
43828,43829,2-s2.0-85179842401
43829,43830,2-s2.0-85179840995
43830,43831,2-s2.0-85179840120
43831,43832,2-s2.0-85179840077
43832,43833,2-s2.0-85179837628
43838,43839,2-s2.0-85179696969
43839,43840,2-s2.0-85179688151
43840,43841,2-s2.0-85179674425
43841,43842,2-s2.0-85179666005
43842,43843,2-s2.0-85179640761
43843,43844,2-s2.0-85179627332
43845,43846,2-s2.0-85179555059
43847,43848,2-s2.0-85179523890
43848,43849,2-s2.0-85179522157
43850,43851,2-s2.0-85179502969
43859,43860,2-s2.0-85179128430
43860,43861,2-s2.0-85179108626
43861,43862,2-s2.0-85179044584
43864,43865,2-s2.0-85179008974
43866,43867,2-s2.0-85179005569
43868,43869,2-s2.0-85179004366
43871,43872,2-s2.0-85178994094
43872,43873,2-s2.0-85178943312
43873,43874,2-s2.0-85178937814
43874,43875,2-s2.0-85178935004
43876,43877,2-s2.0-85178590285
43877,43878,2-s2.0-85178569084
43879,43880,2-s2.0-85178516292
43880,43881,2-s2.0-85178506163
43881,43882,2-s2.0-85178505865
43883,43884,2-s2.0-85178416786
43886,43887,2-s2.0-85178367952
43887,43888,2-s2.0-85178362188
43888,43889,2-s2.0-85178361734
43890,43891,2-s2.0-85178344373
43892,43893,2-s2.0-85178296784
43894,43895,2-s2.0-85178210104
43900,43901,2-s2.0-85178127251
43901,43902,2-s2.0-85178110641
43902,43903,2-s2.0-85178072065
43904,43905,2-s2.0-85178044506
43905,43906,2-s2.0-85178042014
43906,43907,2-s2.0-85178028544
43910,43911,2-s2.0-85177634166
43912,43913,2-s2.0-85177596599
43914,43915,2-s2.0-85177556013
43916,43917,2-s2.0-85177510783
43919,43920,2-s2.0-85177488491
43920,43921,2-s2.0-85177476884
43926,43927,2-s2.0-85177421014
43929,43930,2-s2.0-85177205183
43930,43931,2-s2.0-85177168354
43937,43938,2-s2.0-85176773033
43938,43939,2-s2.0-85176760331
43940,43941,2-s2.0-85176730319
43941,43942,2-s2.0-85176728368
43945,43946,2-s2.0-85176597721
43949,43950,2-s2.0-85176495829
43954,43955,2-s2.0-85176380653
43956,43957,2-s2.0-85176377507
43961,43962,2-s2.0-85176330242
43966,43967,2-s2.0-85176256136
43967,43968,2-s2.0-85176239315
43969,43970,2-s2.0-85176225841
43970,43971,2-s2.0-85176147798
43973,43974,2-s2.0-85175986367
43974,43975,2-s2.0-85175981735
43976,43977,2-s2.0-85175978453
43977,43978,2-s2.0-85175976159
43978,43979,2-s2.0-85175965672
43980,43981,2-s2.0-85175827121
43981,43982,2-s2.0-85175816737
43982,43983,2-s2.0-85175814667
43985,43986,2-s2.0-85175734350
43986,43987,2-s2.0-85175723199
43987,43988,2-s2.0-85175699357
43989,43990,2-s2.0-85175579529
43990,43991,2-s2.0-85175578832
43992,43993,2-s2.0-85175565058
43995,43996,2-s2.0-85175496130
43999,44000,2-s2.0-85175453623
44000,44001,2-s2.0-85175450201
44002,44003,2-s2.0-85175431405
44006,44007,2-s2.0-85175376427
44011,44012,2-s2.0-85175339830
44014,44015,2-s2.0-85175297574
44016,44017,2-s2.0-85175196624
44018,44019,2-s2.0-85175093279
44021,44022,2-s2.0-85175029417
44023,44024,2-s2.0-85174969362
44028,44029,2-s2.0-85174831265
44029,44030,2-s2.0-85174802493
44032,44033,2-s2.0-85174733477
44033,44034,2-s2.0-85174712792
44039,44040,2-s2.0-85174624659
44040,44041,2-s2.0-85174614882
44043,44044,2-s2.0-85174568214
44044,44045,2-s2.0-85174551261
44049,44050,2-s2.0-85174520662
44050,44051,2-s2.0-85174516021
44056,44057,2-s2.0-85174501440
44060,44061,2-s2.0-85174451300
44062,44063,2-s2.0-85174316966
44063,44064,2-s2.0-85174303757
44064,44065,2-s2.0-85174299357
44065,44066,2-s2.0-85174281690
44066,44067,2-s2.0-85174275167
44069,44070,2-s2.0-85174257873
44071,44072,2-s2.0-85174244694
44072,44073,2-s2.0-85174235176
44074,44075,2-s2.0-85174183499
44076,44077,2-s2.0-85174163495
44077,44078,2-s2.0-85174155004
44079,44080,2-s2.0-85174135475
44081,44082,2-s2.0-85174028834
44082,44083,2-s2.0-85173981945
44083,44084,2-s2.0-85173976782
44085,44086,2-s2.0-85173972736
44087,44088,2-s2.0-85173937738
44089,44090,2-s2.0-85173927989
44090,44091,2-s2.0-85173926686
44093,44094,2-s2.0-85173889162
44094,44095,2-s2.0-85173854995
44095,44096,2-s2.0-85173850312
44103,44104,2-s2.0-85173790974
44104,44105,2-s2.0-85173769543
44105,44106,2-s2.0-85173722327
44109,44110,2-s2.0-85173687169
44111,44112,2-s2.0-85173676948
44112,44113,2-s2.0-85173670701
44115,44116,2-s2.0-85173655387
44117,44118,2-s2.0-85173642343
44120,44121,2-s2.0-85173636274
44122,44123,2-s2.0-85173622272
44124,44125,2-s2.0-85173590834
44125,44126,2-s2.0-85173587710
44127,44128,2-s2.0-85173568320
44128,44129,2-s2.0-85173567582
44130,44131,2-s2.0-85173535545
44135,44136,2-s2.0-85173363061
44139,44140,2-s2.0-85173250905
44142,44143,2-s2.0-85173064403
44143,44144,2-s2.0-85173058254
44144,44145,2-s2.0-85173019683
44145,44146,2-s2.0-85173013090
44147,44148,2-s2.0-85172996175
44149,44150,2-s2.0-85172874630
44151,44152,2-s2.0-85172863211
44153,44154,2-s2.0-85172804527
44154,44155,2-s2.0-85172781056
44160,44161,2-s2.0-85172660402
44162,44163,2-s2.0-85172461902
44165,44166,2-s2.0-85172355411
44166,44167,2-s2.0-85172352694
44167,44168,2-s2.0-85172317472
44168,44169,2-s2.0-85172315456
44169,44170,2-s2.0-85172293588
44170,44171,2-s2.0-85172247432
44172,44173,2-s2.0-85172224442
44174,44175,2-s2.0-85172205777
44175,44176,2-s2.0-85172166711
44176,44177,2-s2.0-85172152691
44177,44178,2-s2.0-85172115257
44184,44185,2-s2.0-85172003312
44187,44188,2-s2.0-85171995139
44191,44192,2-s2.0-85171890912
44192,44193,2-s2.0-85171738833
44195,44196,2-s2.0-85171588209
44197,44198,2-s2.0-85171585529
44198,44199,2-s2.0-85171584437
44202,44203,2-s2.0-85171503292
44203,44204,2-s2.0-85171499833
44204,44205,2-s2.0-85171491862
44206,44207,2-s2.0-85171442821
44207,44208,2-s2.0-85171436115
44209,44210,2-s2.0-85171303465
44211,44212,2-s2.0-85171259515
44216,44217,2-s2.0-85171161524
44218,44219,2-s2.0-85170846834
44219,44220,2-s2.0-85170714724
44224,44225,2-s2.0-85170673843
44225,44226,2-s2.0-85170672001
44229,44230,2-s2.0-85170643630
44231,44232,2-s2.0-85170550158
44232,44233,2-s2.0-85170526963
44234,44235,2-s2.0-85170437120
44238,44239,2-s2.0-85170198239
44239,44240,2-s2.0-85170197705
44240,44241,2-s2.0-85170170118
44242,44243,2-s2.0-85170096196
44243,44244,2-s2.0-85170091911
44244,44245,2-s2.0-85170054814
44246,44247,2-s2.0-85169937319
44248,44249,2-s2.0-85169936726
44249,44250,2-s2.0-85169935720
44250,44251,2-s2.0-85169931260
44251,44252,2-s2.0-85169930956
44252,44253,2-s2.0-85169926816
44254,44255,2-s2.0-85169920539
44255,44256,2-s2.0-85169917218
44260,44261,2-s2.0-85169910532
44261,44262,2-s2.0-85169904378
44262,44263,2-s2.0-85169904304
44263,44264,2-s2.0-85169903765
44264,44265,2-s2.0-85169901876
44266,44267,2-s2.0-85169897047
44267,44268,2-s2.0-85169891268
44268,44269,2-s2.0-85169888870
44272,44273,2-s2.0-85169883304
44273,44274,2-s2.0-85169881868
44278,44279,2-s2.0-85169838478
44279,44280,2-s2.0-85169832377
44280,44281,2-s2.0-85169831851
44287,44288,2-s2.0-85169815404
44290,44291,2-s2.0-85169805635
44294,44295,2-s2.0-85169794941
44296,44297,2-s2.0-85169787251
44297,44298,2-s2.0-85169785257
44299,44300,2-s2.0-85169702236
44300,44301,2-s2.0-85169698078
44304,44305,2-s2.0-85169606790
44307,44308,2-s2.0-85169555199
44308,44309,2-s2.0-85169448512
44309,44310,2-s2.0-85169437359
44310,44311,2-s2.0-85169424008
44312,44313,2-s2.0-85169383622
44313,44314,2-s2.0-85169377442
44315,44316,2-s2.0-85169369322
44316,44317,2-s2.0-85169365196
44318,44319,2-s2.0-85169355491
44319,44320,2-s2.0-85169352294
44322,44323,2-s2.0-85169035491
44325,44326,2-s2.0-85169010197
44326,44327,2-s2.0-85168999598
44328,44329,2-s2.0-85168996322
44329,44330,2-s2.0-85168992901
44332,44333,2-s2.0-85168978401
44337,44338,2-s2.0-85168919669
44339,44340,2-s2.0-85168909735
44340,44341,2-s2.0-85168909686
44342,44343,2-s2.0-85168874460
44345,44346,2-s2.0-85168798245
44351,44352,2-s2.0-85168551630
44353,44354,2-s2.0-85168482708
44356,44357,2-s2.0-85168452529
44357,44358,2-s2.0-85168443328
44361,44362,2-s2.0-85168320399
44362,44363,2-s2.0-85168292486
44364,44365,2-s2.0-85168268621
44365,44366,2-s2.0-85168202968
44367,44368,2-s2.0-85168147043
44368,44369,2-s2.0-85168128318
44369,44370,2-s2.0-85168116637
44370,44371,2-s2.0-85168110084
44371,44372,2-s2.0-85168097533
44375,44376,2-s2.0-85167962245
44376,44377,2-s2.0-85167930653
44377,44378,2-s2.0-85167911718
44379,44380,2-s2.0-85167879577
44381,44382,2-s2.0-85167867736
44384,44385,2-s2.0-85167773987
44395,44396,2-s2.0-85167604290
44396,44397,2-s2.0-85167588593
44397,44398,2-s2.0-85167582474
44402,44403,2-s2.0-85167459718
44407,44408,2-s2.0-85167431244
44410,44411,2-s2.0-85167405248
44411,44412,2-s2.0-85167398109
44414,44415,2-s2.0-85167363594
44415,44416,2-s2.0-85167353261
44416,44417,2-s2.0-85167350516
44421,44422,2-s2.0-85166671291
44422,44423,2-s2.0-85166658129
44426,44427,2-s2.0-85166619836
44427,44428,2-s2.0-85166552711
44428,44429,2-s2.0-85166529300
44432,44433,2-s2.0-85166391073
44433,44434,2-s2.0-85166319603
44436,44437,2-s2.0-85166232653
44437,44438,2-s2.0-85166215562
44438,44439,2-s2.0-85166212953
44439,44440,2-s2.0-85166188889
44440,44441,2-s2.0-85166179417
44441,44442,2-s2.0-85166145649
44443,44444,2-s2.0-85166087080
44444,44445,2-s2.0-85166086600
44446,44447,2-s2.0-85166058912
44447,44448,2-s2.0-85166056734
44448,44449,2-s2.0-85166053570
44449,44450,2-s2.0-85166031590
44450,44451,2-s2.0-85166006856
44451,44452,2-s2.0-85165990795
44454,44455,2-s2.0-85165922585
44455,44456,2-s2.0-85165920364
44457,44458,2-s2.0-85165688783
44459,44460,2-s2.0-85165665757
44461,44462,2-s2.0-85165655502
44462,44463,2-s2.0-85165641094
44464,44465,2-s2.0-85165574710
44467,44468,2-s2.0-85165494907
44468,44469,2-s2.0-85165487345
44470,44471,2-s2.0-85165430632
44471,44472,2-s2.0-85165423620
44474,44475,2-s2.0-85165380343
44475,44476,2-s2.0-85165378712
44477,44478,2-s2.0-85165294242
44478,44479,2-s2.0-85165260772
44481,44482,2-s2.0-85165235982
44482,44483,2-s2.0-85165195981
44485,44486,2-s2.0-85165168699
44486,44487,2-s2.0-85165165648
44488,44489,2-s2.0-85165129783
44490,44491,2-s2.0-85165109898
44491,44492,2-s2.0-85165107722
44494,44495,2-s2.0-85165022879
44499,44500,2-s2.0-85164953006
44505,44506,2-s2.0-85164911798
44506,44507,2-s2.0-85164909869
44508,44509,2-s2.0-85164906665
44509,44510,2-s2.0-85164818648
44511,44512,2-s2.0-85164738744
44515,44516,2-s2.0-85164707177
44516,44517,2-s2.0-85164620880
44517,44518,2-s2.0-85164617606
44521,44522,2-s2.0-85164576096
44525,44526,2-s2.0-85164524888
44527,44528,2-s2.0-85164471071
44529,44530,2-s2.0-85164462466
44532,44533,2-s2.0-85164445119
44534,44535,2-s2.0-85164413938
44537,44538,2-s2.0-85164366183
44538,44539,2-s2.0-85164347202
44540,44541,2-s2.0-85164249293
44545,44546,2-s2.0-85164143184
44546,44547,2-s2.0-85164016389
44549,44550,2-s2.0-85163925836
44551,44552,2-s2.0-85163885155
44553,44554,2-s2.0-85163860779
44555,44556,2-s2.0-85163851777
44556,44557,2-s2.0-85163847162
44557,44558,2-s2.0-85163833928
44558,44559,2-s2.0-85163833175
44560,44561,2-s2.0-85163826156
44562,44563,2-s2.0-85163818659
44563,44564,2-s2.0-85163818438
44566,44567,2-s2.0-85163813827
44569,44570,2-s2.0-85163797382
44571,44572,2-s2.0-85163783425
44575,44576,2-s2.0-85163620769
44576,44577,2-s2.0-85163618333
44577,44578,2-s2.0-85163615778
44578,44579,2-s2.0-85163519761
44582,44583,2-s2.0-85163411501
44583,44584,2-s2.0-85163404557
44585,44586,2-s2.0-85163395801
44587,44588,2-s2.0-85163391698
44588,44589,2-s2.0-85163390958
44589,44590,2-s2.0-85163383378
44592,44593,2-s2.0-85163339240
44594,44595,2-s2.0-85163322734
44598,44599,2-s2.0-85163181858
44601,44602,2-s2.0-85163147727
44602,44603,2-s2.0-85163142495
44603,44604,2-s2.0-85163135064
44604,44605,2-s2.0-85163075606
44607,44608,2-s2.0-85162945914
44609,44610,2-s2.0-85162902216
44611,44612,2-s2.0-85162861041
44612,44613,2-s2.0-85162838528
44614,44615,2-s2.0-85162815663
44615,44616,2-s2.0-85162804725
44617,44618,2-s2.0-85162787081
44619,44620,2-s2.0-85162773099
44622,44623,2-s2.0-85162740932
44628,44629,2-s2.0-85162658914
44630,44631,2-s2.0-85162621983
44631,44632,2-s2.0-85162228544
44633,44634,2-s2.0-85162220598
44639,44640,2-s2.0-85162113616
44641,44642,2-s2.0-85162008612
44644,44645,2-s2.0-85161885629
44645,44646,2-s2.0-85161878159
44646,44647,2-s2.0-85161803333
44648,44649,2-s2.0-85161597275
44651,44652,2-s2.0-85161509284
44652,44653,2-s2.0-85161479228
44653,44654,2-s2.0-85161478194
44654,44655,2-s2.0-85161463926
44655,44656,2-s2.0-85161446382
44656,44657,2-s2.0-85161422576
44660,44661,2-s2.0-85161377129
44661,44662,2-s2.0-85161353371
44662,44663,2-s2.0-85161338039
44677,44678,2-s2.0-85161138719
44678,44679,2-s2.0-85161016015
44682,44683,2-s2.0-85160721852
44684,44685,2-s2.0-85160686177
44686,44687,2-s2.0-85160668993
44688,44689,2-s2.0-85160634312
44690,44691,2-s2.0-85160559810
44695,44696,2-s2.0-85160485745
44699,44700,2-s2.0-85160398238
44700,44701,2-s2.0-85160362523
44701,44702,2-s2.0-85160316393
44702,44703,2-s2.0-85160297136
44707,44708,2-s2.0-85160075965
44708,44709,2-s2.0-85160065293
44709,44710,2-s2.0-85160011937
44710,44711,2-s2.0-85159967080
44711,44712,2-s2.0-85159960563
44712,44713,2-s2.0-85159947980
44713,44714,2-s2.0-85159942407
44715,44716,2-s2.0-85159924930
44716,44717,2-s2.0-85159909744
44717,44718,2-s2.0-85159905993
44718,44719,2-s2.0-85159893471
44720,44721,2-s2.0-85159879584
44721,44722,2-s2.0-85159878813
44722,44723,2-s2.0-85159877344
44726,44727,2-s2.0-85159838677
44727,44728,2-s2.0-85159827068
44731,44732,2-s2.0-85159787103
44732,44733,2-s2.0-85159780209
44735,44736,2-s2.0-85159715787
44736,44737,2-s2.0-85159685144
44743,44744,2-s2.0-85159222750
44747,44748,2-s2.0-85159161497
44748,44749,2-s2.0-85159151870
44750,44751,2-s2.0-85159149198
44751,44752,2-s2.0-85159144742
44756,44757,2-s2.0-85159092491
44758,44759,2-s2.0-85158946759
44760,44761,2-s2.0-85158915135
44761,44762,2-s2.0-85158914155
44762,44763,2-s2.0-85158908461
44763,44764,2-s2.0-85158901974
44766,44767,2-s2.0-85158870579
44768,44769,2-s2.0-85158815548
44769,44770,2-s2.0-85158164582
44771,44772,2-s2.0-85158153067
44773,44774,2-s2.0-85158140067
44774,44775,2-s2.0-85158139464
44775,44776,2-s2.0-85158139092
44776,44777,2-s2.0-85158138301
44777,44778,2-s2.0-85158135923
44780,44781,2-s2.0-85158110446
44781,44782,2-s2.0-85158097777
44784,44785,2-s2.0-85158039836
44785,44786,2-s2.0-85156272274
44787,44788,2-s2.0-85156167750
44788,44789,2-s2.0-85156130126
44789,44790,2-s2.0-85154556028
44792,44793,2-s2.0-85153964427
44793,44794,2-s2.0-85153957500
44794,44795,2-s2.0-85153895436
44795,44796,2-s2.0-85153892861
44797,44798,2-s2.0-85153883050
44798,44799,2-s2.0-85153883044
44800,44801,2-s2.0-85153870342
44801,44802,2-s2.0-85153866804
44803,44804,2-s2.0-85153864112
44804,44805,2-s2.0-85153863691
44806,44807,2-s2.0-85153845313
44811,44812,2-s2.0-85153746357
44821,44822,2-s2.0-85153609535
44822,44823,2-s2.0-85153530238
44824,44825,2-s2.0-85153512634
44825,44826,2-s2.0-85153501035
44826,44827,2-s2.0-85153483474
44827,44828,2-s2.0-85153402126
44828,44829,2-s2.0-85153395550
44832,44833,2-s2.0-85153381990
44833,44834,2-s2.0-85153377026
44835,44836,2-s2.0-85153357551
44838,44839,2-s2.0-85153279842
44839,44840,2-s2.0-85153265928
44840,44841,2-s2.0-85153255926
44842,44843,2-s2.0-85153255560
44844,44845,2-s2.0-85153225374
44845,44846,2-s2.0-85153222567
44847,44848,2-s2.0-85153193033
44848,44849,2-s2.0-85153191868
44849,44850,2-s2.0-85153180861
44850,44851,2-s2.0-85153111779
44852,44853,2-s2.0-85153043387
44853,44854,2-s2.0-85152943162
44858,44859,2-s2.0-85152702129
44862,44863,2-s2.0-85152647995
44864,44865,2-s2.0-85152588676
44866,44867,2-s2.0-85152557881
44867,44868,2-s2.0-85152547379
44868,44869,2-s2.0-85152527098
44871,44872,2-s2.0-85152471963
44875,44876,2-s2.0-85152440542
44876,44877,2-s2.0-85152423420
44879,44880,2-s2.0-85152405319
44882,44883,2-s2.0-85152389096
44885,44886,2-s2.0-85152368260
44890,44891,2-s2.0-85152256932
44894,44895,2-s2.0-85152246100
44897,44898,2-s2.0-85152046184
44898,44899,2-s2.0-85151990133
44900,44901,2-s2.0-85151957587
44903,44904,2-s2.0-85151906979
44914,44915,2-s2.0-85151278196
44915,44916,2-s2.0-85151259221
44920,44921,2-s2.0-85151077649
44921,44922,2-s2.0-85151067330
44922,44923,2-s2.0-85151066622
44923,44924,2-s2.0-85151064582
44926,44927,2-s2.0-85151058211
44927,44928,2-s2.0-85151054454
44932,44933,2-s2.0-85151011892
44934,44935,2-s2.0-85150913172
44935,44936,2-s2.0-85150875524
44936,44937,2-s2.0-85150847217
44937,44938,2-s2.0-85150786841
44946,44947,2-s2.0-85150412294
44947,44948,2-s2.0-85150385035
44949,44950,2-s2.0-85150300981
44950,44951,2-s2.0-85150285980
44953,44954,2-s2.0-85150223901
44955,44956,2-s2.0-85150192355
44956,44957,2-s2.0-85150181563
44957,44958,2-s2.0-85150173306
44958,44959,2-s2.0-85150160852
44960,44961,2-s2.0-85150062125
44962,44963,2-s2.0-85150019256
44964,44965,2-s2.0-85149950829
44967,44968,2-s2.0-85149758935
44969,44970,2-s2.0-85149678954
44971,44972,2-s2.0-85149655003
44972,44973,2-s2.0-85149648648
44977,44978,2-s2.0-85149601028
44978,44979,2-s2.0-85149582863
44982,44983,2-s2.0-85149538425
44983,44984,2-s2.0-85149482549
44987,44988,2-s2.0-85149423112
44988,44989,2-s2.0-85149409988
44989,44990,2-s2.0-85149378255
44992,44993,2-s2.0-85149304571
44996,44997,2-s2.0-85148855060
44998,44999,2-s2.0-85148752353
45002,45003,2-s2.0-85148688768
45006,45007,2-s2.0-85148576896
45009,45010,2-s2.0-85148518541
45014,45015,2-s2.0-85148241157
45017,45018,2-s2.0-85148237085
45020,45021,2-s2.0-85148210313
45021,45022,2-s2.0-85148050858
45022,45023,2-s2.0-85148018142
45026,45027,2-s2.0-85147773748
45028,45029,2-s2.0-85147729328
45030,45031,2-s2.0-85147657456
45033,45034,2-s2.0-85147496607
45034,45035,2-s2.0-85147457723
45038,45039,2-s2.0-85147181222
45039,45040,2-s2.0-85147143812
45040,45041,2-s2.0-85147047253
45041,45042,2-s2.0-85147008409
45042,45043,2-s2.0-85146947984
45045,45046,2-s2.0-85146810468
45050,45051,2-s2.0-85146737691
45051,45052,2-s2.0-85146736130
45054,45055,2-s2.0-85146637633
45055,45056,2-s2.0-85146530694
45056,45057,2-s2.0-85146453974
45059,45060,2-s2.0-85146342943
45061,45062,2-s2.0-85146322553
45062,45063,2-s2.0-85146320473
45063,45064,2-s2.0-85146240730
45064,45065,2-s2.0-85146227633
45065,45066,2-s2.0-85146220575
45066,45067,2-s2.0-85146217519
45069,45070,2-s2.0-85146081632
45071,45072,2-s2.0-85145979110
45072,45073,2-s2.0-85145969626
45073,45074,2-s2.0-85145964260
45075,45076,2-s2.0-85145925489
45076,45077,2-s2.0-85145901430
45077,45078,2-s2.0-85145859989
45079,45080,2-s2.0-85145820323
45080,45081,2-s2.0-85145773803
45083,45084,2-s2.0-85145482370
45085,45086,2-s2.0-85145455698
45086,45087,2-s2.0-85145451491
45087,45088,2-s2.0-85145448275
45088,45089,2-s2.0-85145339152
45089,45090,2-s2.0-85145284555
45093,45094,2-s2.0-85144943147
45096,45097,2-s2.0-85144691600
45098,45099,2-s2.0-85144512689
45100,45101,2-s2.0-85144230837
45103,45104,2-s2.0-85144121393
45105,45106,2-s2.0-85143800280
45109,45110,2-s2.0-85143411940
45112,45113,2-s2.0-85143235929
45118,45119,2-s2.0-85142299068
45119,45120,2-s2.0-85142271325
45120,45121,2-s2.0-85142153244
45122,45123,2-s2.0-85142136527
45124,45125,2-s2.0-85142064526
45126,45127,2-s2.0-85141734967
45127,45128,2-s2.0-85141614828
45128,45129,2-s2.0-85141601225
45129,45130,2-s2.0-85141582607
45131,45132,2-s2.0-85141507954
45135,45136,2-s2.0-85141189824
45136,45137,2-s2.0-85141152851
45137,45138,2-s2.0-85141030971
45138,45139,2-s2.0-85141020004
45140,45141,2-s2.0-85140789038
45142,45143,2-s2.0-85140410565
45145,45146,2-s2.0-85140023097
45147,45148,2-s2.0-85139506319
45149,45150,2-s2.0-85139455707
45150,45151,2-s2.0-85139199718
45152,45153,2-s2.0-85139153072
45153,45154,2-s2.0-85138997345
45161,45162,2-s2.0-85137842898
45163,45164,2-s2.0-85137709193
45165,45166,2-s2.0-85137600138
45166,45167,2-s2.0-85137585011
45167,45168,2-s2.0-85137411118
45168,45169,2-s2.0-85137383948
45169,45170,2-s2.0-85136964417
45171,45172,2-s2.0-85136642756
45172,45173,2-s2.0-85136284157
45174,45175,2-s2.0-85135935725
45175,45176,2-s2.0-85135817867
45177,45178,2-s2.0-85135770861
45178,45179,2-s2.0-85135760016
45183,45184,2-s2.0-85134414827
45187,45188,2-s2.0-85133207388
45188,45189,2-s2.0-85133167384
45189,45190,2-s2.0-85133166521
45190,45191,2-s2.0-85132986875
45193,45194,2-s2.0-85132622487
45194,45195,2-s2.0-85132617811
45196,45197,2-s2.0-85132586459
45199,45200,2-s2.0-85131700896
45200,45201,2-s2.0-85131357383
45203,45204,2-s2.0-85130990867
45204,45205,2-s2.0-85130912934
45206,45207,2-s2.0-85130596801
45207,45208,2-s2.0-85130462101
45208,45209,2-s2.0-85130395846
45210,45211,2-s2.0-85129830709
45211,45212,2-s2.0-85129337029
45212,45213,2-s2.0-85129313773
45213,45214,2-s2.0-85129210608
45215,45216,2-s2.0-85129183042
45216,45217,2-s2.0-85129153664
45219,45220,2-s2.0-85128478210
45221,45222,2-s2.0-85127737533
45224,45225,2-s2.0-85127173359
45225,45226,2-s2.0-85127152181
45229,45230,2-s2.0-85126061035
45230,45231,2-s2.0-85126036434
45231,45232,2-s2.0-85124127117
45232,45233,2-s2.0-85124078637
45234,45235,2-s2.0-85123705483
45237,45238,2-s2.0-85122670281
45239,45240,2-s2.0-85122389978
45242,45243,2-s2.0-85121592148
45243,45244,2-s2.0-85121572689
45245,45246,2-s2.0-85121471319
45246,45247,2-s2.0-85121356988
45248,45249,2-s2.0-85120070631
45251,45252,2-s2.0-85119853586
45252,45253,2-s2.0-85119684371
45253,45254,2-s2.0-85119357728
45255,45256,2-s2.0-85118314172
45259,45260,2-s2.0-85116628790
45260,45261,2-s2.0-85116311447
45268,45269,2-s2.0-85115179378
45274,45275,2-s2.0-85114436806
45275,45276,2-s2.0-85114432260
45277,45278,2-s2.0-85113767423
45278,45279,2-s2.0-85113748745
45280,45281,2-s2.0-85112593523
45281,45282,2-s2.0-85112493578
45282,45283,2-s2.0-85112319815
45283,45284,2-s2.0-85112283403
45291,45292,2-s2.0-85110723200
45293,45294,2-s2.0-85109337716
45297,45298,2-s2.0-85107337740
45300,45301,2-s2.0-85105122775
45301,45302,2-s2.0-85104863357
45304,45305,2-s2.0-85103656793
45306,45307,2-s2.0-85103648988
45309,45310,2-s2.0-85103171310
45312,45313,2-s2.0-85100594573
45313,45314,2-s2.0-85100529953
45316,45317,2-s2.0-85097558143
45320,45321,2-s2.0-85092127708
45326,45327,2-s2.0-67650687609
45327,45328,2-s2.0-61049142156
45329,45330,2-s2.0-105010656737
45331,45332,2-s2.0-105007218688
45337,45338,2-s2.0-105005957418
45339,45340,2-s2.0-105005956385
45340,45341,2-s2.0-105005956059
45341,45342,2-s2.0-105005954232
45342,45343,2-s2.0-105005952064
45344,45345,2-s2.0-105005950796
45349,45350,2-s2.0-105005945852
45350,45351,2-s2.0-105005945086
45352,45353,2-s2.0-105005942596
45353,45354,2-s2.0-105005941710
45359,45360,2-s2.0-105005933433
45360,45361,2-s2.0-105004071284
45361,45362,2-s2.0-105003019273
45363,45364,2-s2.0-85150388901
45365,45366,2-s2.0-85105133338
45366,45367,2-s2.0-85196363970
45367,45368,2-s2.0-85146733048
45368,45369,2-s2.0-85146731007
45369,45370,2-s2.0-85146714634
45370,45371,2-s2.0-85146714365
45371,45372,2-s2.0-85146713588
45374,45375,2-s2.0-85146674475
45377,45378,2-s2.0-85146651397
45379,45380,2-s2.0-85146649710
45382,45383,2-s2.0-85146639550
45384,45385,2-s2.0-85151652714
45386,45387,2-s2.0-85145680964
45387,45388,2-s2.0-85159953290
45389,45390,2-s2.0-85145176296
45390,45391,2-s2.0-85145087069
45392,45393,2-s2.0-85146827425
45394,45395,2-s2.0-85145935907
45401,45402,2-s2.0-85170056132
45402,45403,2-s2.0-85145068145
45403,45404,2-s2.0-85144111413
45404,45405,2-s2.0-85166308584
45406,45407,2-s2.0-85144134003
45409,45410,2-s2.0-85144161223
45412,45413,2-s2.0-85144149956
45413,45414,2-s2.0-85144148540
45420,45421,2-s2.0-85144128274
45421,45422,2-s2.0-85144124404
45423,45424,2-s2.0-85144122434
45425,45426,2-s2.0-85144113751
45427,45428,2-s2.0-85144110036
45431,45432,2-s2.0-85144104185
45435,45436,2-s2.0-85144561604
45438,45439,2-s2.0-85217840864
45440,45441,2-s2.0-85211161877
45441,45442,2-s2.0-85205877471
45447,45448,2-s2.0-85162864667
45452,45453,2-s2.0-85159935473
45454,45455,2-s2.0-85152787571
45457,45458,2-s2.0-85152526375
45459,45460,2-s2.0-85152436208
45460,45461,2-s2.0-85152428533
45462,45463,2-s2.0-85151821644
45463,45464,2-s2.0-85149609241
45465,45466,2-s2.0-85149109614
45466,45467,2-s2.0-85149000070
45470,45471,2-s2.0-85148936683
45471,45472,2-s2.0-85148935654
45472,45473,2-s2.0-85148767835
45473,45474,2-s2.0-85148062066
45474,45475,2-s2.0-85148002561
45475,45476,2-s2.0-85147763743
45477,45478,2-s2.0-85146391470
45478,45479,2-s2.0-85146303392
45480,45481,2-s2.0-85146282895
45482,45483,2-s2.0-85146225717
45483,45484,2-s2.0-85145885906
45484,45485,2-s2.0-85145616237
45489,45490,2-s2.0-85144951419
45493,45494,2-s2.0-85144856608
45494,45495,2-s2.0-85144854999
45495,45496,2-s2.0-85144841432
45496,45497,2-s2.0-85144730943
45498,45499,2-s2.0-85144728724
45500,45501,2-s2.0-85144691403
45501,45502,2-s2.0-85144685209
45503,45504,2-s2.0-85144651544
45504,45505,2-s2.0-85144512814
45505,45506,2-s2.0-85144480360
45506,45507,2-s2.0-85144325731
45509,45510,2-s2.0-85144030350
45510,45511,2-s2.0-85143974793
45512,45513,2-s2.0-85143822492
45514,45515,2-s2.0-85143771445
45517,45518,2-s2.0-85143625573
45522,45523,2-s2.0-85142725986
45523,45524,2-s2.0-85142674118
45526,45527,2-s2.0-85141915375
45527,45528,2-s2.0-85141888771
45532,45533,2-s2.0-85141502077
45533,45534,2-s2.0-85141434094
45535,45536,2-s2.0-85141171325
45538,45539,2-s2.0-85140855734
45540,45541,2-s2.0-85140827637
45541,45542,2-s2.0-85140825902
45543,45544,2-s2.0-85140089981
45546,45547,2-s2.0-85139849915
45548,45549,2-s2.0-85139843298
45549,45550,2-s2.0-85139736233
45551,45552,2-s2.0-85139570621
45553,45554,2-s2.0-85139411428
45556,45557,2-s2.0-85139208375
45557,45558,2-s2.0-85138993733
45559,45560,2-s2.0-85138804765
45566,45567,2-s2.0-85138370895
45570,45571,2-s2.0-85137766405
45574,45575,2-s2.0-85137524219
45576,45577,2-s2.0-85136982482
45578,45579,2-s2.0-85135924428
45579,45580,2-s2.0-85135722819
45580,45581,2-s2.0-85135692824
45582,45583,2-s2.0-85135509656
45583,45584,2-s2.0-85135329384
45584,45585,2-s2.0-85135270482
45585,45586,2-s2.0-85135185396
45586,45587,2-s2.0-85135169568
45590,45591,2-s2.0-85133852842
45592,45593,2-s2.0-85133281216
45593,45594,2-s2.0-85132938583
45594,45595,2-s2.0-85132561161
45595,45596,2-s2.0-85132412910
45596,45597,2-s2.0-85132371502
45600,45601,2-s2.0-85131722490
45602,45603,2-s2.0-85131585637
45603,45604,2-s2.0-85131431846
45605,45606,2-s2.0-85130754994
45608,45609,2-s2.0-85130338753
45609,45610,2-s2.0-85130312712
45610,45611,2-s2.0-85129928583
45612,45613,2-s2.0-85129471764
45613,45614,2-s2.0-85129070821
45617,45618,2-s2.0-85127631628
45621,45622,2-s2.0-85124881083
45623,45624,2-s2.0-85124397412
45624,45625,2-s2.0-85124297546
45626,45627,2-s2.0-85123883727
45629,45630,2-s2.0-85122331422
45632,45633,2-s2.0-85122208809
45633,45634,2-s2.0-85121424978
45636,45637,2-s2.0-85118871825
45637,45638,2-s2.0-85118836722
45641,45642,2-s2.0-85115237432
45643,45644,2-s2.0-85113850480
45644,45645,2-s2.0-85113756483
45645,45646,2-s2.0-85107468152
45648,45649,2-s2.0-85101033891
45649,45650,2-s2.0-85100855146
45650,45651,2-s2.0-85099346547
45651,45652,2-s2.0-85098483712
45654,45655,2-s2.0-85095733809
45657,45658,2-s2.0-85144083590
45658,45659,2-s2.0-85144079084
45659,45660,2-s2.0-85144078207
45662,45663,2-s2.0-85144067401
45664,45665,2-s2.0-85144058769
45669,45670,2-s2.0-85144039180
45670,45671,2-s2.0-85144038239
45672,45673,2-s2.0-85144026278
45673,45674,2-s2.0-85144008123
45677,45678,2-s2.0-85151061538
45679,45680,2-s2.0-85151058379
45680,45681,2-s2.0-85151058058
45681,45682,2-s2.0-85151054192
45683,45684,2-s2.0-85151048664
45684,45685,2-s2.0-85144079364
45686,45687,2-s2.0-85144063306
45689,45690,2-s2.0-85144042257
45691,45692,2-s2.0-85144013586
45695,45696,2-s2.0-85143369808
45698,45699,2-s2.0-85148481697
45700,45701,2-s2.0-85141821129
45702,45703,2-s2.0-85142630729
45704,45705,2-s2.0-85142927747
45705,45706,2-s2.0-85142922457
45707,45708,2-s2.0-85141691156
45715,45716,2-s2.0-85143118568
45717,45718,2-s2.0-85192730270
45718,45719,2-s2.0-85190996403
45720,45721,2-s2.0-85179664072
45721,45722,2-s2.0-85177057591
45732,45733,2-s2.0-85148956883
45733,45734,2-s2.0-85148946818
45734,45735,2-s2.0-85148936598
45735,45736,2-s2.0-85148935067
45736,45737,2-s2.0-85148631144
45738,45739,2-s2.0-85148520317
45743,45744,2-s2.0-85146780214
45744,45745,2-s2.0-85146475232
45746,45747,2-s2.0-85146280044
45747,45748,2-s2.0-85144861114
45748,45749,2-s2.0-85144202058
45750,45751,2-s2.0-85143428748
45751,45752,2-s2.0-85142826003
45752,45753,2-s2.0-85142778269
45753,45754,2-s2.0-85142698628
45755,45756,2-s2.0-85142402910
45756,45757,2-s2.0-85142346778
45757,45758,2-s2.0-85142316745
45759,45760,2-s2.0-85142162359
45763,45764,2-s2.0-85141849975
45764,45765,2-s2.0-85141839703
45767,45768,2-s2.0-85141823977
45768,45769,2-s2.0-85141799501
45770,45771,2-s2.0-85141784313
45772,45773,2-s2.0-85141626587
45778,45779,2-s2.0-85139685618
45779,45780,2-s2.0-85138530304
45782,45783,2-s2.0-85137282278
45783,45784,2-s2.0-85136599216
45786,45787,2-s2.0-85136169626
45788,45789,2-s2.0-85135092594
45789,45790,2-s2.0-85134778128
45790,45791,2-s2.0-85133854884
45792,45793,2-s2.0-85132726414
45794,45795,2-s2.0-85132234645
45797,45798,2-s2.0-85131100901
45798,45799,2-s2.0-85130919708
45801,45802,2-s2.0-85126435128
45806,45807,2-s2.0-85120326681
45809,45810,2-s2.0-85106577669
45810,45811,2-s2.0-85105966885
45812,45813,2-s2.0-85088820072
45813,45814,2-s2.0-85153998322
45816,45817,2-s2.0-85153997254
45818,45819,2-s2.0-85153996832
45819,45820,2-s2.0-85153996636
45820,45821,2-s2.0-85153996632
45824,45825,2-s2.0-85153995501
45827,45828,2-s2.0-85153614404
45829,45830,2-s2.0-85142144128
45830,45831,2-s2.0-85140001086
45833,45834,2-s2.0-85148618354
45834,45835,2-s2.0-85141993039
45839,45840,2-s2.0-85140766166
45840,45841,2-s2.0-85141530444
45841,45842,2-s2.0-85141410795
45842,45843,2-s2.0-85141381704
45844,45845,2-s2.0-85146970607
45845,45846,2-s2.0-85143566196
45848,45849,2-s2.0-85141179917
45852,45853,2-s2.0-85141045232
45854,45855,2-s2.0-85143712476
45856,45857,2-s2.0-85140904800
45857,45858,2-s2.0-85138908832
45858,45859,2-s2.0-85141027336
45859,45860,2-s2.0-85170109602
45861,45862,2-s2.0-85140404038
45863,45864,2-s2.0-85161983066
45864,45865,2-s2.0-85140614426
45868,45869,2-s2.0-85140264772
45869,45870,2-s2.0-85140263651
45870,45871,2-s2.0-85140211745
45871,45872,2-s2.0-85140206556
45872,45873,2-s2.0-85219695697
45874,45875,2-s2.0-85182817189
45876,45877,2-s2.0-85153948119
45877,45878,2-s2.0-85147031985
45878,45879,2-s2.0-85147029676
45880,45881,2-s2.0-85144132362
45881,45882,2-s2.0-85142892422
45882,45883,2-s2.0-85141940446
45885,45886,2-s2.0-85141530111
45889,45890,2-s2.0-85141240263
45890,45891,2-s2.0-85141026818
45892,45893,2-s2.0-85140897586
45896,45897,2-s2.0-85140620599
45898,45899,2-s2.0-85140612969
45899,45900,2-s2.0-85140603019
45900,45901,2-s2.0-85140584569
45903,45904,2-s2.0-85140466406
45905,45906,2-s2.0-85140374842
45907,45908,2-s2.0-85140144707
45908,45909,2-s2.0-85140082140
45909,45910,2-s2.0-85139975890
45911,45912,2-s2.0-85139964991
45912,45913,2-s2.0-85139962142
45913,45914,2-s2.0-85139946093
45914,45915,2-s2.0-85139944328
45915,45916,2-s2.0-85139941825
45916,45917,2-s2.0-85139921875
45917,45918,2-s2.0-85139905552
45921,45922,2-s2.0-85139733441
45923,45924,2-s2.0-85139572290
45928,45929,2-s2.0-85139074175
45929,45930,2-s2.0-85138420365
45931,45932,2-s2.0-85138212145
45932,45933,2-s2.0-85137618256
45936,45937,2-s2.0-85135952779
45941,45942,2-s2.0-85133274584
45944,45945,2-s2.0-85131637325
45946,45947,2-s2.0-85130748608
45948,45949,2-s2.0-85130211249
45951,45952,2-s2.0-85126107923
45953,45954,2-s2.0-85124770568
45954,45955,2-s2.0-85124426979
45955,45956,2-s2.0-85124157763
45957,45958,2-s2.0-85123237941
45958,45959,2-s2.0-85123205007
45959,45960,2-s2.0-85123081419
45960,45961,2-s2.0-85122820146
45963,45964,2-s2.0-85117084770
45964,45965,2-s2.0-85116478256
45965,45966,2-s2.0-85115231668
45972,45973,2-s2.0-85112606308
45975,45976,2-s2.0-85109396538
45977,45978,2-s2.0-85102126835
45978,45979,2-s2.0-85139189495
45979,45980,2-s2.0-85139957350
45980,45981,2-s2.0-85149883867
45983,45984,2-s2.0-85165925942
45984,45985,2-s2.0-85149965309
45985,45986,2-s2.0-85145884681
45987,45988,2-s2.0-105001721906
45989,45990,2-s2.0-85146923068
45990,45991,2-s2.0-85147432544
45992,45993,2-s2.0-85147421462
45994,45995,2-s2.0-85139336945
45995,45996,2-s2.0-85139248667
45996,45997,2-s2.0-85139982480
45998,45999,2-s2.0-85139969362
46001,46002,2-s2.0-85139957417
46002,46003,2-s2.0-85139952188
46003,46004,2-s2.0-85139940548
46004,46005,2-s2.0-85139939979
46006,46007,2-s2.0-85139935047
46007,46008,2-s2.0-85139934421
46008,46009,2-s2.0-85139927376
46009,46010,2-s2.0-85139926341
46010,46011,2-s2.0-85139918857
46012,46013,2-s2.0-85139908250
46014,46015,2-s2.0-85147758917
46021,46022,2-s2.0-85141844152
46022,46023,2-s2.0-85141816366
46024,46025,2-s2.0-85138321100
46026,46027,2-s2.0-85210273768
46028,46029,2-s2.0-85202893556
46029,46030,2-s2.0-85202827244
46030,46031,2-s2.0-85182985704
46033,46034,2-s2.0-85153535599
46035,46036,2-s2.0-85152278273
46039,46040,2-s2.0-85146028408
46043,46044,2-s2.0-85145402342
46045,46046,2-s2.0-85145381078
46049,46050,2-s2.0-85143073652
46050,46051,2-s2.0-85143061864
46057,46058,2-s2.0-85142752734
46058,46059,2-s2.0-85142739551
46064,46065,2-s2.0-85140952331
46065,46066,2-s2.0-85140390578
46070,46071,2-s2.0-85138999356
46077,46078,2-s2.0-85138676661
46078,46079,2-s2.0-85138674418
46080,46081,2-s2.0-85138634913
46082,46083,2-s2.0-85138610631
46083,46084,2-s2.0-85138597833
46088,46089,2-s2.0-85138091046
46093,46094,2-s2.0-85136977648
46094,46095,2-s2.0-85136568333
46095,46096,2-s2.0-85136283783
46096,46097,2-s2.0-85136269980
46097,46098,2-s2.0-85136260991
46103,46104,2-s2.0-85135404549
46104,46105,2-s2.0-85134693300
46107,46108,2-s2.0-85133964644
46110,46111,2-s2.0-85133859622
46112,46113,2-s2.0-85133721452
46113,46114,2-s2.0-85133598690
46115,46116,2-s2.0-85133294348
46117,46118,2-s2.0-85133203323
46118,46119,2-s2.0-85132963328
46121,46122,2-s2.0-85132230371
46125,46126,2-s2.0-85131835072
46128,46129,2-s2.0-85131519688
46130,46131,2-s2.0-85130217908
46131,46132,2-s2.0-85130057765
46134,46135,2-s2.0-85129216019
46135,46136,2-s2.0-85128829905
46137,46138,2-s2.0-85126787064
46139,46140,2-s2.0-85126342585
46143,46144,2-s2.0-85124754159
46144,46145,2-s2.0-85123472062
46145,46146,2-s2.0-85123255918
46146,46147,2-s2.0-85121463394
46148,46149,2-s2.0-85121355484
46150,46151,2-s2.0-85118299890
46151,46152,2-s2.0-85115741797
46152,46153,2-s2.0-85112798171
46154,46155,2-s2.0-85110287467
46155,46156,2-s2.0-85109034811
46156,46157,2-s2.0-85106509523
46162,46163,2-s2.0-105005276910
46165,46166,2-s2.0-85138162447
46167,46168,2-s2.0-85137530427
46171,46172,2-s2.0-85137984115
46174,46175,2-s2.0-85138312386
46175,46176,2-s2.0-85138310227
46176,46177,2-s2.0-85138309326
46179,46180,2-s2.0-85138306405
46181,46182,2-s2.0-85138303891
46182,46183,2-s2.0-85138300966
46183,46184,2-s2.0-85138297134
46185,46186,2-s2.0-85138297006
46186,46187,2-s2.0-85138295410
46188,46189,2-s2.0-85138290168
46192,46193,2-s2.0-85138282494
46193,46194,2-s2.0-85138281388
46194,46195,2-s2.0-85138281081
46195,46196,2-s2.0-85138280268
46197,46198,2-s2.0-85138279250
46198,46199,2-s2.0-85138277520
46199,46200,2-s2.0-85138275831
46200,46201,2-s2.0-85138275618
46201,46202,2-s2.0-85138272942
46203,46204,2-s2.0-85138272614
46208,46209,2-s2.0-85138265029
46209,46210,2-s2.0-85138262347
46210,46211,2-s2.0-85138262327
46214,46215,2-s2.0-85138251575
46215,46216,2-s2.0-85138251298
46216,46217,2-s2.0-85138250239
46218,46219,2-s2.0-85138248476
46220,46221,2-s2.0-85138246569
46222,46223,2-s2.0-85138243988
46224,46225,2-s2.0-85138241070
46231,46232,2-s2.0-85138232728
46232,46233,2-s2.0-85138232270
46233,46234,2-s2.0-85138232014
46234,46235,2-s2.0-85138229443
46236,46237,2-s2.0-85138228530
46237,46238,2-s2.0-85138228270
46238,46239,2-s2.0-85138227665
46239,46240,2-s2.0-85138224106
46242,46243,2-s2.0-85138222166
46243,46244,2-s2.0-85138005649
46246,46247,2-s2.0-85137910913
46248,46249,2-s2.0-85127838937
46250,46251,2-s2.0-85136388457
46251,46252,2-s2.0-85137729057
46252,46253,2-s2.0-85137715596
46253,46254,2-s2.0-85137224525
46254,46255,2-s2.0-85138277340
46259,46260,2-s2.0-85136521238
46262,46263,2-s2.0-85126295753
46270,46271,2-s2.0-85198558644
46275,46276,2-s2.0-85139566379
46277,46278,2-s2.0-85138712478
46279,46280,2-s2.0-85137682877
46281,46282,2-s2.0-85137407010
46282,46283,2-s2.0-85137406177
46284,46285,2-s2.0-85137347369
46286,46287,2-s2.0-85137239016
46287,46288,2-s2.0-85137180494
46290,46291,2-s2.0-85136962200
46292,46293,2-s2.0-85136880370
46293,46294,2-s2.0-85136875863
46295,46296,2-s2.0-85136826036
46296,46297,2-s2.0-85136804289
46297,46298,2-s2.0-85136782814
46298,46299,2-s2.0-85136780488
46303,46304,2-s2.0-85136217755
46305,46306,2-s2.0-85135345155
46310,46311,2-s2.0-85134523945
46311,46312,2-s2.0-85134506584
46316,46317,2-s2.0-85133415886
46317,46318,2-s2.0-85133218479
46319,46320,2-s2.0-85132935307
46322,46323,2-s2.0-85132705878
46326,46327,2-s2.0-85130385265
46328,46329,2-s2.0-85130114782
46329,46330,2-s2.0-85129260195
46330,46331,2-s2.0-85127740556
46332,46333,2-s2.0-85126313774
46341,46342,2-s2.0-85106726775
46344,46345,2-s2.0-85143433416
46345,46346,2-s2.0-85143427459
46348,46349,2-s2.0-85143385593
46349,46350,2-s2.0-85135936167
46351,46352,2-s2.0-85135714860
46353,46354,2-s2.0-85135707517
46354,46355,2-s2.0-85135704841
46355,46356,2-s2.0-85135699766
46356,46357,2-s2.0-85135696635
46357,46358,2-s2.0-85135684554
46359,46360,2-s2.0-85140041265
46361,46362,2-s2.0-85136825283
46362,46363,2-s2.0-85134998732
46364,46365,2-s2.0-85134586683
46366,46367,2-s2.0-85134470371
46367,46368,2-s2.0-85145360288
46368,46369,2-s2.0-85135270065
46369,46370,2-s2.0-85134367146
46370,46371,2-s2.0-85133466613
46371,46372,2-s2.0-85146406720
46374,46375,2-s2.0-85134717532
46377,46378,2-s2.0-85134688903
46381,46382,2-s2.0-85134670580
46383,46384,2-s2.0-85134668400
46385,46386,2-s2.0-85134653000
46387,46388,2-s2.0-85134649176
46394,46395,2-s2.0-85134538296
46395,46396,2-s2.0-85134480500
46401,46402,2-s2.0-85143747698
46402,46403,2-s2.0-85135082991
46403,46404,2-s2.0-85180261620
46404,46405,2-s2.0-85179720408
46411,46412,2-s2.0-85143975972
46415,46416,2-s2.0-85142230182
46418,46419,2-s2.0-85141670304
46420,46421,2-s2.0-85141378447
46422,46423,2-s2.0-85140485631
46423,46424,2-s2.0-85140215466
46425,46426,2-s2.0-85138712499
46427,46428,2-s2.0-85138103967
46429,46430,2-s2.0-85136705304
46430,46431,2-s2.0-85136357764
46433,46434,2-s2.0-85135535160
46434,46435,2-s2.0-85135446297
46435,46436,2-s2.0-85135109832
46439,46440,2-s2.0-85134541214
46444,46445,2-s2.0-85134049808
46445,46446,2-s2.0-85134036091
46447,46448,2-s2.0-85133927427
46448,46449,2-s2.0-85133867329
46449,46450,2-s2.0-85133843115
46450,46451,2-s2.0-85133784033
46453,46454,2-s2.0-85133710674
46454,46455,2-s2.0-85133693564
46456,46457,2-s2.0-85133692139
46464,46465,2-s2.0-85133398434
46467,46468,2-s2.0-85133238185
46468,46469,2-s2.0-85133216155
46469,46470,2-s2.0-85133164649
46470,46471,2-s2.0-85132984124
46471,46472,2-s2.0-85132883776
46476,46477,2-s2.0-85131288360
46479,46480,2-s2.0-85130280384
46481,46482,2-s2.0-85129447661
46482,46483,2-s2.0-85129184065
46487,46488,2-s2.0-85124623487
46488,46489,2-s2.0-85123642754
46490,46491,2-s2.0-85122135836
46491,46492,2-s2.0-85121662296
46495,46496,2-s2.0-85104886523
46498,46499,2-s2.0-85095945883
46499,46500,2-s2.0-85095456743
46500,46501,2-s2.0-85092897970
46501,46502,2-s2.0-85088033863
46502,46503,2-s2.0-85147602827
46504,46505,2-s2.0-85110366259
46505,46506,2-s2.0-85133567091
46506,46507,2-s2.0-85134150830
46508,46509,2-s2.0-85130223100
46509,46510,2-s2.0-85169525782
46510,46511,2-s2.0-85134533284
46513,46514,2-s2.0-85134155300
46514,46515,2-s2.0-85133369649
46515,46516,2-s2.0-85188724476
46516,46517,2-s2.0-85160309614
46517,46518,2-s2.0-85136933933
46520,46521,2-s2.0-85136855864
46521,46522,2-s2.0-85133662903
46524,46525,2-s2.0-85133708003
46526,46527,2-s2.0-85133364793
46527,46528,2-s2.0-85137180610
46529,46530,2-s2.0-85137173019
46530,46531,2-s2.0-85133549943
46533,46534,2-s2.0-85133469904
46535,46536,2-s2.0-85133453762
46538,46539,2-s2.0-85132335858
46544,46545,2-s2.0-85131261846
46549,46550,2-s2.0-85186092323
46552,46553,2-s2.0-85173478363
46554,46555,2-s2.0-85169830883
46557,46558,2-s2.0-85145802802
46560,46561,2-s2.0-85139043406
46562,46563,2-s2.0-85136577877
46566,46567,2-s2.0-85135825025
46568,46569,2-s2.0-85135452468
46569,46570,2-s2.0-85135271130
46570,46571,2-s2.0-85135245107
46572,46573,2-s2.0-85135227708
46575,46576,2-s2.0-85134619969
46576,46577,2-s2.0-85134602908
46577,46578,2-s2.0-85134188158
46579,46580,2-s2.0-85133193063
46580,46581,2-s2.0-85133170549
46583,46584,2-s2.0-85132977765
46584,46585,2-s2.0-85132848526
46585,46586,2-s2.0-85132834589
46588,46589,2-s2.0-85132782187
46589,46590,2-s2.0-85132521327
46590,46591,2-s2.0-85132356286
46594,46595,2-s2.0-85132178052
46596,46597,2-s2.0-85132169846
46602,46603,2-s2.0-85131902352
46604,46605,2-s2.0-85131772389
46611,46612,2-s2.0-85131416516
46614,46615,2-s2.0-85131315661
46616,46617,2-s2.0-85130934014
46619,46620,2-s2.0-85130541195
46620,46621,2-s2.0-85130336596
46623,46624,2-s2.0-85129992846
46624,46625,2-s2.0-85129922199
46625,46626,2-s2.0-85129719014
46628,46629,2-s2.0-85129458662
46631,46632,2-s2.0-85128803590
46633,46634,2-s2.0-85128235253
46634,46635,2-s2.0-85128067406
46635,46636,2-s2.0-85127970346
46638,46639,2-s2.0-85127616231
46642,46643,2-s2.0-85127220729
46643,46644,2-s2.0-85127170244
46644,46645,2-s2.0-85127093754
46647,46648,2-s2.0-85126842540
46650,46651,2-s2.0-85126264925
46651,46652,2-s2.0-85126056616
46652,46653,2-s2.0-85126037573
46655,46656,2-s2.0-85125902649
46656,46657,2-s2.0-85125898762
46657,46658,2-s2.0-85125639092
46658,46659,2-s2.0-85125522952
46663,46664,2-s2.0-85123477591
46664,46665,2-s2.0-85123470543
46665,46666,2-s2.0-85123252962
46666,46667,2-s2.0-85123177187
46667,46668,2-s2.0-85122795363
46669,46670,2-s2.0-85122235573
46673,46674,2-s2.0-85119052253
46678,46679,2-s2.0-85114383351
46679,46680,2-s2.0-85113720545
46684,46685,2-s2.0-85110019327
46686,46687,2-s2.0-85105931413
46689,46690,2-s2.0-85102488726
46690,46691,2-s2.0-85102023608
46692,46693,2-s2.0-85091142329
46694,46695,2-s2.0-85088292875
46697,46698,2-s2.0-85131766838
46698,46699,2-s2.0-85131715098
46702,46703,2-s2.0-85133288230
46703,46704,2-s2.0-85129451731
46706,46707,2-s2.0-85137169463
46709,46710,2-s2.0-85130776649
46712,46713,2-s2.0-85131684859
46714,46715,2-s2.0-85130750924
46715,46716,2-s2.0-85130747100
46717,46718,2-s2.0-85130717802
46718,46719,2-s2.0-85130704897
46720,46721,2-s2.0-85129717294
46722,46723,2-s2.0-85121287766
46726,46727,2-s2.0-85167338513
46727,46728,2-s2.0-85161916830
46729,46730,2-s2.0-85153260267
46730,46731,2-s2.0-85150345575
46731,46732,2-s2.0-85147293025
46738,46739,2-s2.0-85135394283
46739,46740,2-s2.0-85133679790
46740,46741,2-s2.0-85133663244
46741,46742,2-s2.0-85133529375
46746,46747,2-s2.0-85132739916
46748,46749,2-s2.0-85132733924
46749,46750,2-s2.0-85132396985
46750,46751,2-s2.0-85131397048
46751,46752,2-s2.0-85131212622
46752,46753,2-s2.0-85131202605
46754,46755,2-s2.0-85130971819
46756,46757,2-s2.0-85130920102
46757,46758,2-s2.0-85130910916
46759,46760,2-s2.0-85130729752
46760,46761,2-s2.0-85130705814
46762,46763,2-s2.0-85130539873
46767,46768,2-s2.0-85130128518
46768,46769,2-s2.0-85129938928
46769,46770,2-s2.0-85129841562
46770,46771,2-s2.0-85129793558
46775,46776,2-s2.0-85129023422
46776,46777,2-s2.0-85128251440
46777,46778,2-s2.0-85128209891
46778,46779,2-s2.0-85128061739
46779,46780,2-s2.0-85127908860
46780,46781,2-s2.0-85127314911
46782,46783,2-s2.0-85126564966
46785,46786,2-s2.0-85124622284
46787,46788,2-s2.0-85123927632
46788,46789,2-s2.0-85123598593
46789,46790,2-s2.0-85123490861
46791,46792,2-s2.0-85123096854
46792,46793,2-s2.0-85122763366
46799,46800,2-s2.0-85119286996
46805,46806,2-s2.0-85115714957
46807,46808,2-s2.0-85113833252
46808,46809,2-s2.0-85113178777
46809,46810,2-s2.0-85110962471
46811,46812,2-s2.0-85110946594
46812,46813,2-s2.0-85108822349
46815,46816,2-s2.0-85085293009
46818,46819,2-s2.0-85129750527
46819,46820,2-s2.0-85140219612
46822,46823,2-s2.0-85129938730
46823,46824,2-s2.0-85129888722
46824,46825,2-s2.0-85129599949
46825,46826,2-s2.0-85128230567
46826,46827,2-s2.0-85128801800
46827,46828,2-s2.0-85110111957
46828,46829,2-s2.0-85144359917
46833,46834,2-s2.0-85128643887
46834,46835,2-s2.0-85128629475
46835,46836,2-s2.0-85132661845
46836,46837,2-s2.0-85174001574
46837,46838,2-s2.0-85153357936
46838,46839,2-s2.0-85142084893
46839,46840,2-s2.0-85141228983
46841,46842,2-s2.0-85141111002
46843,46844,2-s2.0-85137108654
46844,46845,2-s2.0-85135772039
46855,46856,2-s2.0-85129674470
46857,46858,2-s2.0-85129630681
46863,46864,2-s2.0-85129153831
46867,46868,2-s2.0-85128629679
46869,46870,2-s2.0-85128569985
46870,46871,2-s2.0-85128535746
46874,46875,2-s2.0-85128349740
46876,46877,2-s2.0-85128206232
46877,46878,2-s2.0-85128063002
46881,46882,2-s2.0-85127922461
46882,46883,2-s2.0-85127858788
46886,46887,2-s2.0-85127529684
46891,46892,2-s2.0-85127306858
46892,46893,2-s2.0-85127062298
46893,46894,2-s2.0-85126683816
46894,46895,2-s2.0-85126666936
46899,46900,2-s2.0-85125280090
46900,46901,2-s2.0-85124708346
46901,46902,2-s2.0-85124574023
46902,46903,2-s2.0-85124551564
46904,46905,2-s2.0-85124454164
46907,46908,2-s2.0-85123786957
46908,46909,2-s2.0-85123483367
46911,46912,2-s2.0-85122531054
46914,46915,2-s2.0-85121382267
46915,46916,2-s2.0-85121305144
46918,46919,2-s2.0-85117238559
46920,46921,2-s2.0-85115438961
46921,46922,2-s2.0-85114794844
46922,46923,2-s2.0-85114687525
46924,46925,2-s2.0-85114341737
46925,46926,2-s2.0-85114100079
46927,46928,2-s2.0-85108986533
46929,46930,2-s2.0-85103212324
46931,46932,2-s2.0-85102575714
46933,46934,2-s2.0-85097782444
46935,46936,2-s2.0-85096469428
46937,46938,2-s2.0-85092705810
46943,46944,2-s2.0-85128291080
46944,46945,2-s2.0-85128331085
46945,46946,2-s2.0-85120617760
46946,46947,2-s2.0-85127773688
46949,46950,2-s2.0-85143818531
46951,46952,2-s2.0-85130601779
46952,46953,2-s2.0-85123358288
46953,46954,2-s2.0-85127777221
46955,46956,2-s2.0-85127825558
46957,46958,2-s2.0-85133267949
46958,46959,2-s2.0-85132034190
46959,46960,2-s2.0-85128838524
46961,46962,2-s2.0-85124479884
46963,46964,2-s2.0-85127414406
46964,46965,2-s2.0-85127385229
46966,46967,2-s2.0-85219658964
46968,46969,2-s2.0-85202868209
46969,46970,2-s2.0-85182830659
46970,46971,2-s2.0-85148224123
46971,46972,2-s2.0-85144055875
46972,46973,2-s2.0-85143718365
46973,46974,2-s2.0-85139080780
46974,46975,2-s2.0-85139063283
46977,46978,2-s2.0-85137561282
46984,46985,2-s2.0-85130172007
46985,46986,2-s2.0-85130034344
46986,46987,2-s2.0-85129797200
46987,46988,2-s2.0-85129252679
46994,46995,2-s2.0-85127645749
46996,46997,2-s2.0-85127622274
46999,47000,2-s2.0-85127602883
47001,47002,2-s2.0-85127073560
47006,47007,2-s2.0-85126911816
47007,47008,2-s2.0-85126744561
47008,47009,2-s2.0-85126743693
47009,47010,2-s2.0-85126730325
47012,47013,2-s2.0-85126509060
47014,47015,2-s2.0-85126313759
47016,47017,2-s2.0-85126281294
47020,47021,2-s2.0-85125911209
47021,47022,2-s2.0-85125789248
47026,47027,2-s2.0-85125433272
47027,47028,2-s2.0-85125271683
47031,47032,2-s2.0-85124130644
47032,47033,2-s2.0-85123973859
47034,47035,2-s2.0-85123752437
47037,47038,2-s2.0-85123608312
47040,47041,2-s2.0-85123028544
47044,47045,2-s2.0-85120493639
47045,47046,2-s2.0-85119973624
47046,47047,2-s2.0-85119832767
47047,47048,2-s2.0-85118668279
47050,47051,2-s2.0-85114453358
47051,47052,2-s2.0-85114240268
47052,47053,2-s2.0-85113776641
47053,47054,2-s2.0-85113515436
47055,47056,2-s2.0-85112762107
47058,47059,2-s2.0-85112065371
47059,47060,2-s2.0-85111706289
47060,47061,2-s2.0-85111684873
47062,47063,2-s2.0-85109370869
47063,47064,2-s2.0-85109338773
47064,47065,2-s2.0-85109042495
47065,47066,2-s2.0-85108445451
47068,47069,2-s2.0-85103680054
47069,47070,2-s2.0-85103403108
47072,47073,2-s2.0-85101080780
47073,47074,2-s2.0-85100608133
47074,47075,2-s2.0-85099987664
47075,47076,2-s2.0-85097485163
47077,47078,2-s2.0-85089856768
47078,47079,2-s2.0-85087627196
47079,47080,2-s2.0-85087386761
47083,47084,2-s2.0-85084634493
47087,47088,2-s2.0-105005268824
47088,47089,2-s2.0-85136501456
47090,47091,2-s2.0-85137145366
47091,47092,2-s2.0-85146433542
47092,47093,2-s2.0-85126141505
47093,47094,2-s2.0-85126114130
47094,47095,2-s2.0-85126102967
47095,47096,2-s2.0-85137181258
47102,47103,2-s2.0-85123378398
47103,47104,2-s2.0-85125813933
47104,47105,2-s2.0-85127704901
47105,47106,2-s2.0-85124286656
47106,47107,2-s2.0-85190652955
47109,47110,2-s2.0-85125319447
47110,47111,2-s2.0-85106017807
47113,47114,2-s2.0-85131772957
47115,47116,2-s2.0-85217686498
47116,47117,2-s2.0-85211347944
47118,47119,2-s2.0-85164184244
47120,47121,2-s2.0-85163759864
47122,47123,2-s2.0-85158846390
47131,47132,2-s2.0-85125477523
47132,47133,2-s2.0-85125362498
47136,47137,2-s2.0-85125064408
47138,47139,2-s2.0-85124979839
47139,47140,2-s2.0-85124834754
47140,47141,2-s2.0-85124768100
47141,47142,2-s2.0-85124757139
47142,47143,2-s2.0-85124706999
47143,47144,2-s2.0-85124547861
47146,47147,2-s2.0-85123974793
47147,47148,2-s2.0-85123927430
47149,47150,2-s2.0-85123787792
47154,47155,2-s2.0-85123556304
47155,47156,2-s2.0-85123454185
47157,47158,2-s2.0-85123396926
47159,47160,2-s2.0-85122921520
47162,47163,2-s2.0-85121989141
47163,47164,2-s2.0-85121537915
47164,47165,2-s2.0-85121120808
47165,47166,2-s2.0-85121047353
47166,47167,2-s2.0-85120606479
47171,47172,2-s2.0-85115095917
47172,47173,2-s2.0-85113733680
47173,47174,2-s2.0-85111798563
47176,47177,2-s2.0-85110252101
47180,47181,2-s2.0-85107509288
47181,47182,2-s2.0-85103384293
47183,47184,2-s2.0-85100013943
47184,47185,2-s2.0-85099973797
47185,47186,2-s2.0-85085497356
47186,47187,2-s2.0-85193315561
47188,47189,2-s2.0-85124585144
47189,47190,2-s2.0-85173538443
47190,47191,2-s2.0-85124982587
47195,47196,2-s2.0-85164981072
47197,47198,2-s2.0-85124194226
47198,47199,2-s2.0-85123997410
47199,47200,2-s2.0-85164131865
47202,47203,2-s2.0-85124328361
47204,47205,2-s2.0-85124293714
47207,47208,2-s2.0-85129181807
47208,47209,2-s2.0-85129161596
47210,47211,2-s2.0-85129138109
47211,47212,2-s2.0-85129130447
47212,47213,2-s2.0-85129128776
47213,47214,2-s2.0-85125083098
47214,47215,2-s2.0-85125046450
47215,47216,2-s2.0-85124843807
47218,47219,2-s2.0-85114116163
47220,47221,2-s2.0-85123345104
47222,47223,2-s2.0-85123190532
47223,47224,2-s2.0-85124292168
47225,47226,2-s2.0-85132820555
47232,47233,2-s2.0-85218800724
47233,47234,2-s2.0-85218788843
47242,47243,2-s2.0-85216744711
47243,47244,2-s2.0-85216727678
47247,47248,2-s2.0-85205584658
47252,47253,2-s2.0-85205557105
47253,47254,2-s2.0-85205542013
47256,47257,2-s2.0-85198609429
47257,47258,2-s2.0-85198595587
47258,47259,2-s2.0-85197428867
47262,47263,2-s2.0-85195313031
47265,47266,2-s2.0-85192731368
47268,47269,2-s2.0-85190293989
47269,47270,2-s2.0-85189525199
47270,47271,2-s2.0-85189148239
47272,47273,2-s2.0-85188154610
47273,47274,2-s2.0-85186392918
47277,47278,2-s2.0-85181223275
47279,47280,2-s2.0-85181219735
47281,47282,2-s2.0-85181217046
47284,47285,2-s2.0-85180815715
47290,47291,2-s2.0-85180786528
47291,47292,2-s2.0-85180784371
47293,47294,2-s2.0-85180778567
47299,47300,2-s2.0-85180627730
47300,47301,2-s2.0-85180627081
47302,47303,2-s2.0-85180623320
47303,47304,2-s2.0-85180622804
47309,47310,2-s2.0-85178452812
47311,47312,2-s2.0-85175736061
47313,47314,2-s2.0-85175037738
47320,47321,2-s2.0-85174824779
47324,47325,2-s2.0-85174809648
47325,47326,2-s2.0-85174809527
47332,47333,2-s2.0-85174124746
47335,47336,2-s2.0-85174102580
47338,47339,2-s2.0-85174083131
47343,47344,2-s2.0-85172313577
47345,47346,2-s2.0-85172128639
47346,47347,2-s2.0-85172118691
47347,47348,2-s2.0-85172106857
47348,47349,2-s2.0-85172075664
47350,47351,2-s2.0-85171787703
47351,47352,2-s2.0-85171735654
47355,47356,2-s2.0-85170262898
47358,47359,2-s2.0-85169936282
47360,47361,2-s2.0-85169478177
47363,47364,2-s2.0-85169308756
47366,47367,2-s2.0-85168348928
47367,47368,2-s2.0-85168325013
47368,47369,2-s2.0-85167987364
47370,47371,2-s2.0-85167621283
47372,47373,2-s2.0-85167601941
47377,47378,2-s2.0-85167585090
47378,47379,2-s2.0-85167569699
47383,47384,2-s2.0-85165124773
47385,47386,2-s2.0-85165111470
47386,47387,2-s2.0-85165105345
47390,47391,2-s2.0-85164985661
47392,47393,2-s2.0-85164539027
47394,47395,2-s2.0-85163875972
47400,47401,2-s2.0-85163696119
47402,47403,2-s2.0-85163515026
47403,47404,2-s2.0-85163478262
47404,47405,2-s2.0-85163466465
47407,47408,2-s2.0-85163422079
47410,47411,2-s2.0-85161875168
47411,47412,2-s2.0-85161868577
47413,47414,2-s2.0-85161427176
47414,47415,2-s2.0-85161224735
47415,47416,2-s2.0-85161219574
47417,47418,2-s2.0-85161096531
47421,47422,2-s2.0-85160491930
47424,47425,2-s2.0-85160055881
47425,47426,2-s2.0-85159956341
47429,47430,2-s2.0-85159656196
47431,47432,2-s2.0-85159496342
47432,47433,2-s2.0-85159493064
47433,47434,2-s2.0-85159464854
47436,47437,2-s2.0-85159356722
47437,47438,2-s2.0-85159341889
47439,47440,2-s2.0-85159328059
47440,47441,2-s2.0-85159326039
47445,47446,2-s2.0-85159189339
47447,47448,2-s2.0-85159032717
47448,47449,2-s2.0-85159029160
47450,47451,2-s2.0-85159026175
47451,47452,2-s2.0-85159023183
47453,47454,2-s2.0-85159008066
47458,47459,2-s2.0-85158979195
47459,47460,2-s2.0-85158972428
47460,47461,2-s2.0-85158972245
47461,47462,2-s2.0-85158972099
47462,47463,2-s2.0-85158967101
47463,47464,2-s2.0-85158966089
47464,47465,2-s2.0-85158961628
47466,47467,2-s2.0-85158939274
47474,47475,2-s2.0-85156168634
47475,47476,2-s2.0-85156145826
47477,47478,2-s2.0-85154623394
47479,47480,2-s2.0-85154586075
47480,47481,2-s2.0-85154585172
47481,47482,2-s2.0-85154575226
47484,47485,2-s2.0-85153951933
47486,47487,2-s2.0-85153865470
47487,47488,2-s2.0-85153814533
47488,47489,2-s2.0-85153741176
47489,47490,2-s2.0-85153505324
47490,47491,2-s2.0-85153440713
47492,47493,2-s2.0-85153425447
47493,47494,2-s2.0-85153391596
47494,47495,2-s2.0-85153379900
47495,47496,2-s2.0-85153336614
47496,47497,2-s2.0-85153184374
47500,47501,2-s2.0-85152231270
47501,47502,2-s2.0-85152121494
47506,47507,2-s2.0-85151561588
47511,47512,2-s2.0-85151042013
47515,47516,2-s2.0-85151016222
47516,47517,2-s2.0-85151016195
47518,47519,2-s2.0-85151015408
47521,47522,2-s2.0-85150975805
47523,47524,2-s2.0-85150679504
47525,47526,2-s2.0-85150581846
47527,47528,2-s2.0-85150576451
47529,47530,2-s2.0-85150574966
47532,47533,2-s2.0-85150569265
47535,47536,2-s2.0-85150562126
47537,47538,2-s2.0-85150560321
47540,47541,2-s2.0-85150555610
47542,47543,2-s2.0-85150545074
47551,47552,2-s2.0-85150049777
47552,47553,2-s2.0-85150021900
47554,47555,2-s2.0-85149996627
47555,47556,2-s2.0-85149940216
47558,47559,2-s2.0-85149840135
47559,47560,2-s2.0-85149812672
47561,47562,2-s2.0-85149552756
47562,47563,2-s2.0-85149532537
47567,47568,2-s2.0-85149181212
47570,47571,2-s2.0-85148941420
47572,47573,2-s2.0-85148888686
47573,47574,2-s2.0-85148868446
47576,47577,2-s2.0-85148672689
47578,47579,2-s2.0-85148539339
47579,47580,2-s2.0-85148537502
47580,47581,2-s2.0-85148531774
47581,47582,2-s2.0-85148525447
47585,47586,2-s2.0-85148509830
47587,47588,2-s2.0-85148497433
47588,47589,2-s2.0-85148486611
47589,47590,2-s2.0-85148469565
47591,47592,2-s2.0-85148417926
47596,47597,2-s2.0-85148323900
47598,47599,2-s2.0-85148098449
47600,47601,2-s2.0-85148043495
47602,47603,2-s2.0-85148039021
47603,47604,2-s2.0-85148012026
47605,47606,2-s2.0-85147989446
47606,47607,2-s2.0-85147982968
47607,47608,2-s2.0-85147943468
47608,47609,2-s2.0-85147940193
47609,47610,2-s2.0-85147845667
47610,47611,2-s2.0-85147823675
47611,47612,2-s2.0-85147782612
47612,47613,2-s2.0-85147774698
47613,47614,2-s2.0-85147737871
47614,47615,2-s2.0-85147734888
47615,47616,2-s2.0-85147732163
47616,47617,2-s2.0-85147688643
47617,47618,2-s2.0-85147656480
47619,47620,2-s2.0-85147535554
47622,47623,2-s2.0-85147532327
47626,47627,2-s2.0-85147528326
47631,47632,2-s2.0-85147520361
47632,47633,2-s2.0-85147517919
47633,47634,2-s2.0-85147517682
47636,47637,2-s2.0-85147507436
47637,47638,2-s2.0-85147506574
47638,47639,2-s2.0-85147504109
47642,47643,2-s2.0-85147500468
47644,47645,2-s2.0-85147499981
47645,47646,2-s2.0-85147499159
47648,47649,2-s2.0-85147496519
47650,47651,2-s2.0-85147493551
47652,47653,2-s2.0-85147492460
47653,47654,2-s2.0-85147492086
47654,47655,2-s2.0-85147385372
47655,47656,2-s2.0-85147332943
47657,47658,2-s2.0-85147322405
47664,47665,2-s2.0-85146912482
47665,47666,2-s2.0-85146897632
47667,47668,2-s2.0-85146832189
47668,47669,2-s2.0-85146786762
47669,47670,2-s2.0-85146768675
47671,47672,2-s2.0-85146748392
47676,47677,2-s2.0-85146699490
47678,47679,2-s2.0-85146696040
47679,47680,2-s2.0-85146688874
47680,47681,2-s2.0-85146686897
47681,47682,2-s2.0-85146674277
47683,47684,2-s2.0-85146665611
47687,47688,2-s2.0-85146627635
47690,47691,2-s2.0-85146558956
47692,47693,2-s2.0-85146531058
47697,47698,2-s2.0-85146427176
47698,47699,2-s2.0-85146421783
47702,47703,2-s2.0-85146395540
47707,47708,2-s2.0-85146380345
47710,47711,2-s2.0-85146240477
47711,47712,2-s2.0-85146230282
47714,47715,2-s2.0-85146154208
47716,47717,2-s2.0-85146119433
47717,47718,2-s2.0-85146117322
47719,47720,2-s2.0-85146110003
47720,47721,2-s2.0-85145973944
47722,47723,2-s2.0-85145942061
47725,47726,2-s2.0-85145898652
47726,47727,2-s2.0-85145897959
47728,47729,2-s2.0-85145877162
47732,47733,2-s2.0-85145780380
47733,47734,2-s2.0-85145776174
47735,47736,2-s2.0-85145773851
47736,47737,2-s2.0-85145772962
47737,47738,2-s2.0-85145771796
47740,47741,2-s2.0-85145744737
47744,47745,2-s2.0-85145498866
47748,47749,2-s2.0-85145409622
47749,47750,2-s2.0-85145352748
47751,47752,2-s2.0-85145187786
47753,47754,2-s2.0-85145010070
47754,47755,2-s2.0-85144940378
47757,47758,2-s2.0-85144807874
47758,47759,2-s2.0-85144807522
47759,47760,2-s2.0-85144802514
47761,47762,2-s2.0-85144772691
47765,47766,2-s2.0-85144497524
47766,47767,2-s2.0-85144454483
47768,47769,2-s2.0-85144440973
47771,47772,2-s2.0-85144399354
47772,47773,2-s2.0-85144381306
47775,47776,2-s2.0-85144361912
47777,47778,2-s2.0-85144295468
47779,47780,2-s2.0-85144185005
47781,47782,2-s2.0-85144160272
47783,47784,2-s2.0-85144145785
47788,47789,2-s2.0-85144082976
47789,47790,2-s2.0-85143980121
47790,47791,2-s2.0-85143940494
47794,47795,2-s2.0-85143837354
47797,47798,2-s2.0-85143825657
47798,47799,2-s2.0-85143821054
47799,47800,2-s2.0-85143811038
47802,47803,2-s2.0-85143802381
47803,47804,2-s2.0-85143801256
47808,47809,2-s2.0-85143794679
47809,47810,2-s2.0-85143792430
47811,47812,2-s2.0-85143780210
47812,47813,2-s2.0-85143777825
47814,47815,2-s2.0-85143771411
47818,47819,2-s2.0-85143760327
47820,47821,2-s2.0-85143645381
47825,47826,2-s2.0-85143459856
47828,47829,2-s2.0-85143410344
47831,47832,2-s2.0-85143197957
47832,47833,2-s2.0-85143174330
47836,47837,2-s2.0-85143077343
47837,47838,2-s2.0-85143076344
47838,47839,2-s2.0-85143074653
47840,47841,2-s2.0-85143071456
47843,47844,2-s2.0-85142844398
47846,47847,2-s2.0-85142833491
47849,47850,2-s2.0-85142782327
47854,47855,2-s2.0-85142627762
47855,47856,2-s2.0-85142618875
47860,47861,2-s2.0-85142574173
47861,47862,2-s2.0-85142553367
47863,47864,2-s2.0-85142535304
47869,47870,2-s2.0-85142456140
47870,47871,2-s2.0-85142455938
47871,47872,2-s2.0-85142455439
47875,47876,2-s2.0-85142434828
47878,47879,2-s2.0-85142415315
47879,47880,2-s2.0-85142369429
47882,47883,2-s2.0-85142322329
47883,47884,2-s2.0-85142302627
47885,47886,2-s2.0-85142296871
47886,47887,2-s2.0-85142269839
47888,47889,2-s2.0-85142263794
47889,47890,2-s2.0-85142262405
47890,47891,2-s2.0-85142233519
47891,47892,2-s2.0-85142229409
47892,47893,2-s2.0-85142229196
47893,47894,2-s2.0-85142224476
47896,47897,2-s2.0-85142175015
47897,47898,2-s2.0-85142111305
47899,47900,2-s2.0-85141813954
47903,47904,2-s2.0-85141787000
47904,47905,2-s2.0-85141775287
47907,47908,2-s2.0-85141757559
47909,47910,2-s2.0-85141752283
47910,47911,2-s2.0-85141751271
47911,47912,2-s2.0-85141747369
47913,47914,2-s2.0-85141702759
47915,47916,2-s2.0-85141664288
47916,47917,2-s2.0-85141660913
47918,47919,2-s2.0-85141641882
47920,47921,2-s2.0-85141567212
47921,47922,2-s2.0-85141564840
47922,47923,2-s2.0-85141543259
47923,47924,2-s2.0-85141540098
47926,47927,2-s2.0-85141500186
47929,47930,2-s2.0-85141429188
47933,47934,2-s2.0-85141269746
47936,47937,2-s2.0-85141217765
47938,47939,2-s2.0-85141213640
47942,47943,2-s2.0-85141168536
47944,47945,2-s2.0-85141132476
47945,47946,2-s2.0-85141126296
47950,47951,2-s2.0-85140967334
47952,47953,2-s2.0-85140921781
47954,47955,2-s2.0-85140913737
47955,47956,2-s2.0-85140908993
47956,47957,2-s2.0-85140907447
47957,47958,2-s2.0-85140904509
47958,47959,2-s2.0-85140896163
47959,47960,2-s2.0-85140880240
47961,47962,2-s2.0-85140813075
47963,47964,2-s2.0-85140719089
47969,47970,2-s2.0-85140617561
47973,47974,2-s2.0-85140597569
47974,47975,2-s2.0-85140595922
47975,47976,2-s2.0-85140593353
47977,47978,2-s2.0-85140556449
47980,47981,2-s2.0-85140484184
47982,47983,2-s2.0-85140407368
47985,47986,2-s2.0-85140361886
47986,47987,2-s2.0-85140328060
47988,47989,2-s2.0-85140263395
47991,47992,2-s2.0-85140171904
47993,47994,2-s2.0-85140167848
47994,47995,2-s2.0-85140163465
47996,47997,2-s2.0-85140154982
47998,47999,2-s2.0-85140099238
48000,48001,2-s2.0-85140018834
48003,48004,2-s2.0-85139987768
48004,48005,2-s2.0-85139783553
48005,48006,2-s2.0-85139776405
48006,48007,2-s2.0-85139737402
48009,48010,2-s2.0-85139665730
48014,48015,2-s2.0-85139469878
48015,48016,2-s2.0-85139461965
48019,48020,2-s2.0-85139441343
48021,48022,2-s2.0-85139424642
48022,48023,2-s2.0-85139408328
48023,48024,2-s2.0-85139406781
48025,48026,2-s2.0-85139388484
48026,48027,2-s2.0-85139383478
48028,48029,2-s2.0-85139332982
48030,48031,2-s2.0-85139325240
48031,48032,2-s2.0-85139293792
48032,48033,2-s2.0-85139285089
48033,48034,2-s2.0-85139242393
48035,48036,2-s2.0-85139223338
48036,48037,2-s2.0-85139184334
48037,48038,2-s2.0-85139154347
48038,48039,2-s2.0-85139114163
48039,48040,2-s2.0-85139110459
48040,48041,2-s2.0-85139109826
48041,48042,2-s2.0-85139075076
48046,48047,2-s2.0-85139029581
48047,48048,2-s2.0-85139000119
48048,48049,2-s2.0-85138894999
48050,48051,2-s2.0-85138765378
48051,48052,2-s2.0-85138713276
48052,48053,2-s2.0-85138657846
48053,48054,2-s2.0-85138608243
48056,48057,2-s2.0-85138598392
48058,48059,2-s2.0-85138552686
48062,48063,2-s2.0-85138382304
48065,48066,2-s2.0-85138347478
48067,48068,2-s2.0-85138281648
48069,48070,2-s2.0-85138257948
48070,48071,2-s2.0-85138197463
48074,48075,2-s2.0-85138145353
48075,48076,2-s2.0-85138135789
48077,48078,2-s2.0-85138020840
48078,48079,2-s2.0-85137979393
48083,48084,2-s2.0-85137785207
48084,48085,2-s2.0-85137748244
48085,48086,2-s2.0-85137681071
48086,48087,2-s2.0-85137660142
48087,48088,2-s2.0-85137659479
48088,48089,2-s2.0-85137658569
48089,48090,2-s2.0-85137655942
48090,48091,2-s2.0-85137616291
48091,48092,2-s2.0-85137604316
48093,48094,2-s2.0-85137568629
48095,48096,2-s2.0-85137439924
48096,48097,2-s2.0-85137437491
48102,48103,2-s2.0-85137123030
48104,48105,2-s2.0-85137088142
48110,48111,2-s2.0-85136963889
48114,48115,2-s2.0-85136932695
48115,48116,2-s2.0-85136927457
48116,48117,2-s2.0-85136926271
48117,48118,2-s2.0-85136926065
48121,48122,2-s2.0-85136828802
48125,48126,2-s2.0-85136715997
48126,48127,2-s2.0-85136611766
48127,48128,2-s2.0-85136470429
48129,48130,2-s2.0-85136463745
48131,48132,2-s2.0-85136328548
48132,48133,2-s2.0-85136276989
48133,48134,2-s2.0-85136270297
48134,48135,2-s2.0-85136191060
48136,48137,2-s2.0-85136133516
48137,48138,2-s2.0-85136128403
48138,48139,2-s2.0-85136124320
48143,48144,2-s2.0-85135946944
48147,48148,2-s2.0-85135880632
48152,48153,2-s2.0-85135802650
48154,48155,2-s2.0-85135796640
48157,48158,2-s2.0-85135787071
48159,48160,2-s2.0-85135770753
48160,48161,2-s2.0-85135746766
48164,48165,2-s2.0-85135517535
48165,48166,2-s2.0-85135486064
48167,48168,2-s2.0-85135473751
48169,48170,2-s2.0-85135451063
48170,48171,2-s2.0-85135439385
48172,48173,2-s2.0-85135313966
48173,48174,2-s2.0-85135309558
48174,48175,2-s2.0-85135293559
48175,48176,2-s2.0-85135284185
48176,48177,2-s2.0-85135268699
48177,48178,2-s2.0-85135262212
48179,48180,2-s2.0-85135258732
48181,48182,2-s2.0-85135206955
48183,48184,2-s2.0-85135156573
48184,48185,2-s2.0-85135150836
48187,48188,2-s2.0-85135061732
48188,48189,2-s2.0-85135052603
48194,48195,2-s2.0-85134939486
48196,48197,2-s2.0-85134913262
48198,48199,2-s2.0-85134900517
48200,48201,2-s2.0-85134883898
48202,48203,2-s2.0-85134879516
48205,48206,2-s2.0-85134855345
48206,48207,2-s2.0-85134834286
48207,48208,2-s2.0-85134808632
48208,48209,2-s2.0-85134795798
48210,48211,2-s2.0-85134760129
48212,48213,2-s2.0-85134739915
48218,48219,2-s2.0-85134595644
48220,48221,2-s2.0-85134573260
48222,48223,2-s2.0-85134522996
48223,48224,2-s2.0-85134494572
48227,48228,2-s2.0-85134386092
48228,48229,2-s2.0-85134362171
48229,48230,2-s2.0-85134346577
48230,48231,2-s2.0-85134342982
48231,48232,2-s2.0-85134325300
48232,48233,2-s2.0-85134319824
48233,48234,2-s2.0-85134317891
48235,48236,2-s2.0-85134298874
48241,48242,2-s2.0-85134186765
48247,48248,2-s2.0-85134039751
48249,48250,2-s2.0-85133976464
48250,48251,2-s2.0-85133968182
48251,48252,2-s2.0-85133965076
48253,48254,2-s2.0-85133960822
48258,48259,2-s2.0-85133927582
48259,48260,2-s2.0-85133920894
48260,48261,2-s2.0-85133805955
48261,48262,2-s2.0-85133747809
48264,48265,2-s2.0-85133642809
48266,48267,2-s2.0-85133551270
48270,48271,2-s2.0-85133500635
48274,48275,2-s2.0-85133481775
48275,48276,2-s2.0-85133480193
48280,48281,2-s2.0-85133433482
48281,48282,2-s2.0-85133423530
48282,48283,2-s2.0-85133411120
48283,48284,2-s2.0-85133385583
48286,48287,2-s2.0-85133208313
48292,48293,2-s2.0-85133007100
48293,48294,2-s2.0-85132986692
48294,48295,2-s2.0-85132985069
48296,48297,2-s2.0-85132871087
48297,48298,2-s2.0-85132794959
48298,48299,2-s2.0-85132776139
48301,48302,2-s2.0-85132677241
48303,48304,2-s2.0-85132660413
48304,48305,2-s2.0-85132659364
48306,48307,2-s2.0-85132651789
48308,48309,2-s2.0-85132589143
48311,48312,2-s2.0-85132449758
48312,48313,2-s2.0-85132435913
48313,48314,2-s2.0-85132398582
48315,48316,2-s2.0-85132322513
48317,48318,2-s2.0-85132310623
48320,48321,2-s2.0-85132301657
48321,48322,2-s2.0-85132298185
48324,48325,2-s2.0-85132269795
48326,48327,2-s2.0-85132185280
48333,48334,2-s2.0-85131953334
48335,48336,2-s2.0-85131908908
48337,48338,2-s2.0-85131818737
48338,48339,2-s2.0-85131798781
48341,48342,2-s2.0-85131553880
48343,48344,2-s2.0-85131520770
48346,48347,2-s2.0-85131368068
48349,48350,2-s2.0-85131095738
48351,48352,2-s2.0-85131068799
48357,48358,2-s2.0-85130972851
48359,48360,2-s2.0-85130944946
48364,48365,2-s2.0-85130804688
48366,48367,2-s2.0-85130789725
48367,48368,2-s2.0-85130772746
48369,48370,2-s2.0-85130751962
48370,48371,2-s2.0-85130750451
48372,48373,2-s2.0-85130743704
48374,48375,2-s2.0-85130716087
48375,48376,2-s2.0-85130710632
48377,48378,2-s2.0-85130691987
48378,48379,2-s2.0-85130686130
48379,48380,2-s2.0-85130684494
48380,48381,2-s2.0-85130626211
48382,48383,2-s2.0-85130614807
48384,48385,2-s2.0-85130590651
48385,48386,2-s2.0-85130587717
48388,48389,2-s2.0-85130550324
48392,48393,2-s2.0-85130503805
48394,48395,2-s2.0-85130490318
48396,48397,2-s2.0-85130475645
48397,48398,2-s2.0-85130466591
48398,48399,2-s2.0-85130461047
48399,48400,2-s2.0-85130460565
48406,48407,2-s2.0-85130442244
48407,48408,2-s2.0-85130440471
48408,48409,2-s2.0-85130431278
48410,48411,2-s2.0-85130390288
48412,48413,2-s2.0-85130348923
48414,48415,2-s2.0-85130342678
48418,48419,2-s2.0-85130043072
48419,48420,2-s2.0-85130038591
48423,48424,2-s2.0-85129972791
48424,48425,2-s2.0-85129969296
48426,48427,2-s2.0-85129907883
48434,48435,2-s2.0-85129821860
48439,48440,2-s2.0-85129671240
48440,48441,2-s2.0-85129665801
48441,48442,2-s2.0-85129661478
48442,48443,2-s2.0-85129659517
48445,48446,2-s2.0-85129451390
48446,48447,2-s2.0-85129445255
48447,48448,2-s2.0-85129442445
48452,48453,2-s2.0-85129403619
48457,48458,2-s2.0-85129369769
48458,48459,2-s2.0-85129281773
48459,48460,2-s2.0-85129268726
48464,48465,2-s2.0-85129217631
48465,48466,2-s2.0-85129185520
48466,48467,2-s2.0-85129178857
48472,48473,2-s2.0-85129087369
48475,48476,2-s2.0-85129028843
48478,48479,2-s2.0-85128987299
48479,48480,2-s2.0-85128981437
48481,48482,2-s2.0-85128960458
48485,48486,2-s2.0-85128923642
48486,48487,2-s2.0-85128912511
48492,48493,2-s2.0-85128851770
48493,48494,2-s2.0-85128847805
48494,48495,2-s2.0-85128789462
48495,48496,2-s2.0-85128781736
48496,48497,2-s2.0-85128760835
48497,48498,2-s2.0-85128720921
48498,48499,2-s2.0-85128717261
48499,48500,2-s2.0-85128703192
48501,48502,2-s2.0-85128687277
48504,48505,2-s2.0-85128590216
48505,48506,2-s2.0-85128482211
48508,48509,2-s2.0-85128431231
48509,48510,2-s2.0-85128419974
48514,48515,2-s2.0-85128341086
48515,48516,2-s2.0-85128240098
48516,48517,2-s2.0-85128218174
48519,48520,2-s2.0-85128126740
48520,48521,2-s2.0-85128063166
48521,48522,2-s2.0-85127979214
48524,48525,2-s2.0-85127910880
48528,48529,2-s2.0-85127855758
48530,48531,2-s2.0-85127809646
48532,48533,2-s2.0-85127722322
48534,48535,2-s2.0-85127608298
48535,48536,2-s2.0-85127603400
48536,48537,2-s2.0-85127581374
48537,48538,2-s2.0-85127579442
48539,48540,2-s2.0-85127561917
48540,48541,2-s2.0-85127557265
48541,48542,2-s2.0-85127556553
48542,48543,2-s2.0-85127552293
48543,48544,2-s2.0-85127525800
48546,48547,2-s2.0-85127456677
48547,48548,2-s2.0-85127386049
48551,48552,2-s2.0-85127194075
48553,48554,2-s2.0-85127121198
48559,48560,2-s2.0-85127025821
48560,48561,2-s2.0-85127020139
48561,48562,2-s2.0-85127018761
48562,48563,2-s2.0-85126900003
48563,48564,2-s2.0-85126821612
48566,48567,2-s2.0-85126641703
48570,48571,2-s2.0-85126475882
48576,48577,2-s2.0-85126145829
48578,48579,2-s2.0-85126117153
48579,48580,2-s2.0-85126097543
48580,48581,2-s2.0-85126042293
48583,48584,2-s2.0-85125910912
48584,48585,2-s2.0-85125907311
48586,48587,2-s2.0-85125900323
48588,48589,2-s2.0-85125752381
48589,48590,2-s2.0-85125736113
48590,48591,2-s2.0-85125732745
48593,48594,2-s2.0-85125707371
48594,48595,2-s2.0-85125697585
48595,48596,2-s2.0-85125646265
48599,48600,2-s2.0-85125545391
48601,48602,2-s2.0-85125458831
48604,48605,2-s2.0-85125373166
48605,48606,2-s2.0-85125372766
48606,48607,2-s2.0-85125276966
48607,48608,2-s2.0-85125270610
48608,48609,2-s2.0-85125261041
48610,48611,2-s2.0-85125254393
48612,48613,2-s2.0-85125240754
48613,48614,2-s2.0-85125236283
48616,48617,2-s2.0-85125129104
48620,48621,2-s2.0-85125052002
48622,48623,2-s2.0-85124973515
48624,48625,2-s2.0-85124891588
48625,48626,2-s2.0-85124879611
48626,48627,2-s2.0-85124870585
48627,48628,2-s2.0-85124840660
48629,48630,2-s2.0-85124765299
48630,48631,2-s2.0-85124755481
48634,48635,2-s2.0-85124708589
48636,48637,2-s2.0-85124654221
48637,48638,2-s2.0-85124645182
48639,48640,2-s2.0-85124588056
48643,48644,2-s2.0-85124515166
48645,48646,2-s2.0-85124483854
48646,48647,2-s2.0-85124474717
48648,48649,2-s2.0-85124372997
48650,48651,2-s2.0-85124291929
48655,48656,2-s2.0-85124210334
48657,48658,2-s2.0-85124146271
48659,48660,2-s2.0-85124134566
48660,48661,2-s2.0-85124132566
48661,48662,2-s2.0-85124120258
48662,48663,2-s2.0-85123932264
48663,48664,2-s2.0-85123928175
48665,48666,2-s2.0-85123924070
48668,48669,2-s2.0-85123842189
48669,48670,2-s2.0-85123831175
48670,48671,2-s2.0-85123804921
48673,48674,2-s2.0-85123751549
48675,48676,2-s2.0-85123699892
48677,48678,2-s2.0-85123641721
48678,48679,2-s2.0-85123629214
48682,48683,2-s2.0-85123574190
48683,48684,2-s2.0-85123570606
48687,48688,2-s2.0-85123528114
48688,48689,2-s2.0-85123517419
48689,48690,2-s2.0-85123513041
48690,48691,2-s2.0-85123469503
48692,48693,2-s2.0-85123464386
48693,48694,2-s2.0-85123453092
48697,48698,2-s2.0-85123407586
48700,48701,2-s2.0-85123308639
48701,48702,2-s2.0-85123304786
48703,48704,2-s2.0-85123226871
48704,48705,2-s2.0-85123214585
48707,48708,2-s2.0-85122831568
48709,48710,2-s2.0-85122808855
48710,48711,2-s2.0-85122796835
48711,48712,2-s2.0-85122790388
48714,48715,2-s2.0-85122729757
48721,48722,2-s2.0-85122450548
48724,48725,2-s2.0-85122269627
48725,48726,2-s2.0-85122219002
48726,48727,2-s2.0-85122162078
48730,48731,2-s2.0-85121857471
48731,48732,2-s2.0-85121846272
48732,48733,2-s2.0-85121815332
48733,48734,2-s2.0-85121806086
48735,48736,2-s2.0-85121635962
48737,48738,2-s2.0-85121583299
48738,48739,2-s2.0-85121494048
48741,48742,2-s2.0-85121389360
48744,48745,2-s2.0-85121339505
48745,48746,2-s2.0-85121237770
48746,48747,2-s2.0-85121125879
48748,48749,2-s2.0-85121042086
48749,48750,2-s2.0-85120971847
48750,48751,2-s2.0-85120872849
48751,48752,2-s2.0-85120862248
48752,48753,2-s2.0-85120825579
48754,48755,2-s2.0-85120651644
48755,48756,2-s2.0-85120571639
48756,48757,2-s2.0-85120530500
48757,48758,2-s2.0-85120523630
48759,48760,2-s2.0-85120080709
48761,48762,2-s2.0-85120053548
48763,48764,2-s2.0-85119821637
48768,48769,2-s2.0-85119265793
48769,48770,2-s2.0-85119264211
48770,48771,2-s2.0-85119190496
48771,48772,2-s2.0-85119159544
48772,48773,2-s2.0-85119159080
48777,48778,2-s2.0-85119130104
48778,48779,2-s2.0-85119128203
48781,48782,2-s2.0-85118624383
48782,48783,2-s2.0-85118620425
48783,48784,2-s2.0-85118588026
48785,48786,2-s2.0-85118452617
48786,48787,2-s2.0-85118433570
48789,48790,2-s2.0-85118152796
48791,48792,2-s2.0-85118129302
48794,48795,2-s2.0-85118110310
48803,48804,2-s2.0-85117223806
48805,48806,2-s2.0-85116991742
48808,48809,2-s2.0-85116586837
48809,48810,2-s2.0-85116577557
48814,48815,2-s2.0-85116381361
48816,48817,2-s2.0-85116243955
48820,48821,2-s2.0-85115756132
48821,48822,2-s2.0-85115617919
48823,48824,2-s2.0-85114789369
48825,48826,2-s2.0-85114603548
48828,48829,2-s2.0-85113730597
48829,48830,2-s2.0-85113568423
48831,48832,2-s2.0-85113140498
48832,48833,2-s2.0-85112776704
48834,48835,2-s2.0-85112541653
48836,48837,2-s2.0-85112404735
48837,48838,2-s2.0-85112395629
48839,48840,2-s2.0-85112259821
48841,48842,2-s2.0-85112183320
48842,48843,2-s2.0-85112035417
48846,48847,2-s2.0-85111783349
48847,48848,2-s2.0-85111661081
48848,48849,2-s2.0-85111615773
48852,48853,2-s2.0-85111558926
48855,48856,2-s2.0-85111489523
48857,48858,2-s2.0-85111479237
48858,48859,2-s2.0-85111461796
48859,48860,2-s2.0-85111387645
48860,48861,2-s2.0-85110980515
48861,48862,2-s2.0-85110894474
48863,48864,2-s2.0-85110206485
48864,48865,2-s2.0-85110174027
48866,48867,2-s2.0-85109981870
48867,48868,2-s2.0-85109645288
48868,48869,2-s2.0-85109390467
48871,48872,2-s2.0-85108874941
48872,48873,2-s2.0-85108636235
48875,48876,2-s2.0-85108203157
48877,48878,2-s2.0-85108156965
48887,48888,2-s2.0-85106261570
48888,48889,2-s2.0-85106261052
48889,48890,2-s2.0-85106246993
48890,48891,2-s2.0-85105455432
48891,48892,2-s2.0-85105408426
48895,48896,2-s2.0-85105156997
48897,48898,2-s2.0-85104774986
48898,48899,2-s2.0-85104721226
48902,48903,2-s2.0-85103658075
48903,48904,2-s2.0-85103045404
48905,48906,2-s2.0-85102925043
48917,48918,2-s2.0-85100669644
48918,48919,2-s2.0-85100570426
48919,48920,2-s2.0-85100110642
48920,48921,2-s2.0-85099949178
48921,48922,2-s2.0-85099859993
48923,48924,2-s2.0-85099715635
48925,48926,2-s2.0-85099401967
48927,48928,2-s2.0-85099364416
48932,48933,2-s2.0-85098544018
48935,48936,2-s2.0-85097320290
48938,48939,2-s2.0-85097044384
48939,48940,2-s2.0-85096966170
48940,48941,2-s2.0-85096771740
48947,48948,2-s2.0-85095746216
48951,48952,2-s2.0-85092936071
48953,48954,2-s2.0-85092696857
48954,48955,2-s2.0-85092405673
48958,48959,2-s2.0-85091612013
48962,48963,2-s2.0-85090994240
48963,48964,2-s2.0-85090985806
48964,48965,2-s2.0-85090585954
48965,48966,2-s2.0-85089916877
48966,48967,2-s2.0-85089529329
48967,48968,2-s2.0-85089178946
48969,48970,2-s2.0-85087505061
48970,48971,2-s2.0-85087480103
48971,48972,2-s2.0-85087479665
48972,48973,2-s2.0-85087475045
48974,48975,2-s2.0-85087126355
48978,48979,2-s2.0-85086838904
48979,48980,2-s2.0-85086587903
48983,48984,2-s2.0-85084359035
48987,48988,2-s2.0-85080090852
48992,48993,2-s2.0-85070953164
48993,48994,2-s2.0-85068749856
49000,49001,2-s2.0-105012772402
49001,49002,2-s2.0-105009608147
49003,49004,2-s2.0-105007158299
49006,49007,2-s2.0-105005144004
49008,49009,2-s2.0-105003870886
49009,49010,2-s2.0-105003779100
49011,49012,2-s2.0-105002029348
49012,49013,2-s2.0-105001400095
49014,49015,2-s2.0-85122351690
49018,49019,2-s2.0-85133958162
49023,49024,2-s2.0-85120894336
49024,49025,2-s2.0-85128615931
49025,49026,2-s2.0-85124050230
49026,49027,2-s2.0-85124039694
49027,49028,2-s2.0-85124017473
49028,49029,2-s2.0-85124014004
49029,49030,2-s2.0-85123980278
49030,49031,2-s2.0-85123613666
49033,49034,2-s2.0-85126183631
49036,49037,2-s2.0-85126598949
49037,49038,2-s2.0-85122097487
49039,49040,2-s2.0-85122057489
49040,49041,2-s2.0-85123380152
49043,49044,2-s2.0-85122733504
49044,49045,2-s2.0-85121986196
49049,49050,2-s2.0-85122448935
49051,49052,2-s2.0-85190669815
49055,49056,2-s2.0-85151290450
49056,49057,2-s2.0-85150494322
49058,49059,2-s2.0-85137671785
49060,49061,2-s2.0-85132432489
49063,49064,2-s2.0-85130465179
49064,49065,2-s2.0-85129643753
49071,49072,2-s2.0-85127157174
49072,49073,2-s2.0-85127137914
49073,49074,2-s2.0-85127123460
49075,49076,2-s2.0-85127091694
49078,49079,2-s2.0-85125616915
49080,49081,2-s2.0-85125132483
49082,49083,2-s2.0-85123898808
49085,49086,2-s2.0-85123636994
49089,49090,2-s2.0-85123586199
49091,49092,2-s2.0-85123574493
49092,49093,2-s2.0-85123573269
49093,49094,2-s2.0-85123572760
49095,49096,2-s2.0-85123281720
49096,49097,2-s2.0-85122517850
49100,49101,2-s2.0-85122281098
49102,49103,2-s2.0-85122031523
49106,49107,2-s2.0-85121911091
49107,49108,2-s2.0-85121838181
49110,49111,2-s2.0-85121656145
49111,49112,2-s2.0-85121463755
49112,49113,2-s2.0-85121461250
49113,49114,2-s2.0-85121395253
49116,49117,2-s2.0-85121313096
49118,49119,2-s2.0-85121278033
49120,49121,2-s2.0-85121264242
49121,49122,2-s2.0-85121221805
49124,49125,2-s2.0-85121125287
49127,49128,2-s2.0-85120943685
49130,49131,2-s2.0-85120830258
49133,49134,2-s2.0-85120795176
49134,49135,2-s2.0-85120780352
49135,49136,2-s2.0-85120760685
49137,49138,2-s2.0-85120618208
49138,49139,2-s2.0-85120576162
49140,49141,2-s2.0-85120348955
49141,49142,2-s2.0-85120341349
49146,49147,2-s2.0-85119424168
49148,49149,2-s2.0-85119264257
49151,49152,2-s2.0-85118894413
49152,49153,2-s2.0-85118875341
49154,49155,2-s2.0-85118802012
49155,49156,2-s2.0-85118607843
49156,49157,2-s2.0-85118544903
49157,49158,2-s2.0-85118491886
49160,49161,2-s2.0-85118279968
49161,49162,2-s2.0-85118262234
49162,49163,2-s2.0-85118178829
49164,49165,2-s2.0-85117426024
49167,49168,2-s2.0-85117311283
49169,49170,2-s2.0-85116574462
49170,49171,2-s2.0-85116417939
49172,49173,2-s2.0-85116027580
49173,49174,2-s2.0-85115808352
49174,49175,2-s2.0-85115743716
49175,49176,2-s2.0-85115645234
49180,49181,2-s2.0-85115143105
49181,49182,2-s2.0-85115123696
49185,49186,2-s2.0-85114277351
49188,49189,2-s2.0-85113770732
49190,49191,2-s2.0-85113634406
49191,49192,2-s2.0-85113624390
49193,49194,2-s2.0-85112703602
49196,49197,2-s2.0-85111566103
49197,49198,2-s2.0-85111502625
49206,49207,2-s2.0-85108369484
49207,49208,2-s2.0-85108299550
49210,49211,2-s2.0-85107481386
49211,49212,2-s2.0-85107326746
49212,49213,2-s2.0-85107306655
49213,49214,2-s2.0-85106404954
49217,49218,2-s2.0-85106001037
49218,49219,2-s2.0-85105877208
49224,49225,2-s2.0-85105430615
49225,49226,2-s2.0-85105374885
49230,49231,2-s2.0-85103889902
49231,49232,2-s2.0-85103745866
49233,49234,2-s2.0-85103348911
49234,49235,2-s2.0-85103347057
49235,49236,2-s2.0-85103260977
49236,49237,2-s2.0-85103000274
49238,49239,2-s2.0-85102553409
49239,49240,2-s2.0-85102255832
49241,49242,2-s2.0-85102044596
49246,49247,2-s2.0-85101485884
49247,49248,2-s2.0-85101222266
49250,49251,2-s2.0-85099655135
49251,49252,2-s2.0-85096606186
49253,49254,2-s2.0-85095686101
49254,49255,2-s2.0-85095435805
49256,49257,2-s2.0-85092799865
49259,49260,2-s2.0-85092457993
49262,49263,2-s2.0-85091402699
49267,49268,2-s2.0-85078717068
49271,49272,2-s2.0-85123511605
49275,49276,2-s2.0-85120360455
49277,49278,2-s2.0-85163664640
49279,49280,2-s2.0-85121426429
49280,49281,2-s2.0-85121240527
49281,49282,2-s2.0-85120063057
49284,49285,2-s2.0-85121533873
49286,49287,2-s2.0-85129603915
49290,49291,2-s2.0-85126632854
49297,49298,2-s2.0-85122935698
49298,49299,2-s2.0-85127458893
49299,49300,2-s2.0-85120648650
49301,49302,2-s2.0-85117691330
49305,49306,2-s2.0-85119877003
49306,49307,2-s2.0-85119871606
49307,49308,2-s2.0-85114451986
49308,49309,2-s2.0-85120172807
49309,49310,2-s2.0-85120804424
49311,49312,2-s2.0-85120320532
49312,49313,2-s2.0-85119861913
49315,49316,2-s2.0-85099801522
49316,49317,2-s2.0-85119421389
49318,49319,2-s2.0-85171847157
49321,49322,2-s2.0-85132745796
49324,49325,2-s2.0-85121610594
49326,49327,2-s2.0-85120757935
49328,49329,2-s2.0-85120630728
49337,49338,2-s2.0-85119836151
49339,49340,2-s2.0-85119662234
49340,49341,2-s2.0-85119288263
49344,49345,2-s2.0-85119156712
49346,49347,2-s2.0-85119123840
49348,49349,2-s2.0-85118979649
49352,49353,2-s2.0-85118383431
49353,49354,2-s2.0-85118364022
49354,49355,2-s2.0-85118261808
49355,49356,2-s2.0-85118225816
49357,49358,2-s2.0-85118189889
49361,49362,2-s2.0-85117397488
49366,49367,2-s2.0-85114434723
49368,49369,2-s2.0-85114178343
49369,49370,2-s2.0-85114150033
49370,49371,2-s2.0-85114145363
49371,49372,2-s2.0-85113720222
49372,49373,2-s2.0-85112762876
49373,49374,2-s2.0-85112362072
49377,49378,2-s2.0-85109873690
49378,49379,2-s2.0-85109026394
49379,49380,2-s2.0-85108965815
49381,49382,2-s2.0-85107588115
49384,49385,2-s2.0-85106763372
49386,49387,2-s2.0-85106497625
49388,49389,2-s2.0-85106428425
49389,49390,2-s2.0-85106342939
49391,49392,2-s2.0-85105887140
49396,49397,2-s2.0-85102629473
49399,49400,2-s2.0-85084076157
49401,49402,2-s2.0-85070477226
49402,49403,2-s2.0-105013140885
49404,49405,2-s2.0-85119927242
49408,49409,2-s2.0-85122100366
49409,49410,2-s2.0-85122094098
49410,49411,2-s2.0-85122091899
49419,49420,2-s2.0-85119204578
49423,49424,2-s2.0-85126725216
49424,49425,2-s2.0-85124693743
49426,49427,2-s2.0-85119264217
49427,49428,2-s2.0-85145635469
49428,49429,2-s2.0-85118643067
49430,49431,2-s2.0-85118640551
49431,49432,2-s2.0-85118355956
49432,49433,2-s2.0-85117919603
49433,49434,2-s2.0-85119253618
49434,49435,2-s2.0-85124697660
49436,49437,2-s2.0-85114491047
49437,49438,2-s2.0-85117801550
49438,49439,2-s2.0-85119403625
49441,49442,2-s2.0-85115616868
49446,49447,2-s2.0-85117522762
49447,49448,2-s2.0-85117263285
49449,49450,2-s2.0-85117475310
49450,49451,2-s2.0-85219700160
49454,49455,2-s2.0-85127411612
49456,49457,2-s2.0-85123371861
49457,49458,2-s2.0-85121733093
49458,49459,2-s2.0-85121526018
49460,49461,2-s2.0-85119690869
49461,49462,2-s2.0-85119379624
49464,49465,2-s2.0-85118590295
49467,49468,2-s2.0-85117532643
49473,49474,2-s2.0-85117306505
49475,49476,2-s2.0-85117186209
49477,49478,2-s2.0-85117132505
49478,49479,2-s2.0-85117034454
49479,49480,2-s2.0-85116981712
49480,49481,2-s2.0-85116794276
49483,49484,2-s2.0-85116585105
49484,49485,2-s2.0-85116541745
49485,49486,2-s2.0-85116500043
49491,49492,2-s2.0-85116322286
49493,49494,2-s2.0-85116315680
49499,49500,2-s2.0-85116031074
49502,49503,2-s2.0-85115826906
49503,49504,2-s2.0-85115781940
49504,49505,2-s2.0-85115735463
49505,49506,2-s2.0-85115224033
49507,49508,2-s2.0-85114794044
49508,49509,2-s2.0-85114711837
49509,49510,2-s2.0-85114623408
49511,49512,2-s2.0-85114446395
49513,49514,2-s2.0-85114150079
49514,49515,2-s2.0-85114143481
49515,49516,2-s2.0-85113904936
49516,49517,2-s2.0-85113825937
49518,49519,2-s2.0-85113686087
49523,49524,2-s2.0-85112246644
49524,49525,2-s2.0-85112050997
49525,49526,2-s2.0-85111277434
49528,49529,2-s2.0-85109773831
49530,49531,2-s2.0-85108608137
49532,49533,2-s2.0-85108313563
49535,49536,2-s2.0-85107466000
49536,49537,2-s2.0-85107405224
49539,49540,2-s2.0-85104087833
49541,49542,2-s2.0-85103245665
49542,49543,2-s2.0-85103220605
49544,49545,2-s2.0-85102176993
49545,49546,2-s2.0-85101274572
49547,49548,2-s2.0-85099560829
49549,49550,2-s2.0-85096776950
49550,49551,2-s2.0-85095716916
49551,49552,2-s2.0-85090776681
49560,49561,2-s2.0-85065234690
49562,49563,2-s2.0-85119973043
49563,49564,2-s2.0-85120002375
49564,49565,2-s2.0-85116925608
49567,49568,2-s2.0-85117106221
49569,49570,2-s2.0-85116497154
49570,49571,2-s2.0-85116792863
49574,49575,2-s2.0-85122994515
49576,49577,2-s2.0-85115836171
49578,49579,2-s2.0-85118635687
49579,49580,2-s2.0-85119006922
49580,49581,2-s2.0-85115406983
49581,49582,2-s2.0-85115167195
49582,49583,2-s2.0-85114898860
49586,49587,2-s2.0-85134652708
49588,49589,2-s2.0-85116910178
49589,49590,2-s2.0-85115019334
49591,49592,2-s2.0-85186191318
49592,49593,2-s2.0-85170682257
49594,49595,2-s2.0-85164128351
49595,49596,2-s2.0-85154015684
49598,49599,2-s2.0-85125586260
49599,49600,2-s2.0-85125003018
49603,49604,2-s2.0-85122814511
49605,49606,2-s2.0-85122183008
49607,49608,2-s2.0-85120856881
49609,49610,2-s2.0-85118455989
49611,49612,2-s2.0-85118096978
49612,49613,2-s2.0-85118096794
49617,49618,2-s2.0-85116467401
49618,49619,2-s2.0-85116359447
49619,49620,2-s2.0-85116279961
49621,49622,2-s2.0-85116156406
49622,49623,2-s2.0-85116123950
49623,49624,2-s2.0-85116114525
49624,49625,2-s2.0-85116105612
49631,49632,2-s2.0-85115353192
49638,49639,2-s2.0-85114793085
49640,49641,2-s2.0-85114602832
49642,49643,2-s2.0-85114426124
49644,49645,2-s2.0-85114265266
49645,49646,2-s2.0-85114222564
49646,49647,2-s2.0-85114046157
49647,49648,2-s2.0-85114035706
49648,49649,2-s2.0-85113808678
49650,49651,2-s2.0-85113522743
49651,49652,2-s2.0-85113311154
49653,49654,2-s2.0-85112862528
49657,49658,2-s2.0-85111504115
49659,49660,2-s2.0-85111030551
49663,49664,2-s2.0-85109980884
49666,49667,2-s2.0-85109087518
49669,49670,2-s2.0-85108425454
49670,49671,2-s2.0-85108102399
49671,49672,2-s2.0-85107941127
49672,49673,2-s2.0-85106927876
49675,49676,2-s2.0-85105709161
49676,49677,2-s2.0-85105011163
49677,49678,2-s2.0-85104608196
49678,49679,2-s2.0-85103731155
49679,49680,2-s2.0-85103329157
49681,49682,2-s2.0-85102563232
49683,49684,2-s2.0-85101077669
49685,49686,2-s2.0-85100347983
49686,49687,2-s2.0-85099925267
49687,49688,2-s2.0-85098769651
49689,49690,2-s2.0-85097602639
49690,49691,2-s2.0-85096372849
49693,49694,2-s2.0-85091733596
49696,49697,2-s2.0-85089286780
49698,49699,2-s2.0-85084038865
49701,49702,2-s2.0-85065342347
49702,49703,2-s2.0-85062799119
49703,49704,2-s2.0-85060984476
49704,49705,2-s2.0-85119051867
49706,49707,2-s2.0-85189351550
49710,49711,2-s2.0-85114202814
49711,49712,2-s2.0-85114200422
49712,49713,2-s2.0-85118966132
49715,49716,2-s2.0-85118962997
49716,49717,2-s2.0-85118962806
49720,49721,2-s2.0-85147836485
49721,49722,2-s2.0-85147835841
49723,49724,2-s2.0-85113390972
49726,49727,2-s2.0-85114375814
49729,49730,2-s2.0-85114203223
49731,49732,2-s2.0-85110452637
49737,49738,2-s2.0-85113392457
49739,49740,2-s2.0-85108972811
49743,49744,2-s2.0-85115064391
49746,49747,2-s2.0-85112859915
49747,49748,2-s2.0-85112851717
49751,49752,2-s2.0-85112837643
49753,49754,2-s2.0-85112829820
49754,49755,2-s2.0-85112829175
49755,49756,2-s2.0-85112823663
49756,49757,2-s2.0-85112823344
49757,49758,2-s2.0-85112821071
49759,49760,2-s2.0-85112811208
49760,49761,2-s2.0-85112809323
49761,49762,2-s2.0-85112807111
49762,49763,2-s2.0-85112806427
49763,49764,2-s2.0-85112804993
49764,49765,2-s2.0-85112799959
49765,49766,2-s2.0-85112789600
49767,49768,2-s2.0-85129100555
49778,49779,2-s2.0-85112755593
49779,49780,2-s2.0-85112753631
49780,49781,2-s2.0-85112744916
49781,49782,2-s2.0-85112744853
49784,49785,2-s2.0-85112333530
49786,49787,2-s2.0-85112034187
49787,49788,2-s2.0-85131530070
49788,49789,2-s2.0-85123693860
49789,49790,2-s2.0-85117594259
49790,49791,2-s2.0-85117243410
49792,49793,2-s2.0-85116526207
49793,49794,2-s2.0-85116124402
49794,49795,2-s2.0-85115218859
49796,49797,2-s2.0-85113949041
49799,49800,2-s2.0-85112710130
49800,49801,2-s2.0-85112701621
49802,49803,2-s2.0-85112631276
49803,49804,2-s2.0-85112595684
49805,49806,2-s2.0-85112341331
49807,49808,2-s2.0-85112193324
49808,49809,2-s2.0-85112086649
49809,49810,2-s2.0-85112083287
49810,49811,2-s2.0-85112049287
49812,49813,2-s2.0-85112036183
49818,49819,2-s2.0-85111599000
49819,49820,2-s2.0-85111582467
49820,49821,2-s2.0-85111580386
49824,49825,2-s2.0-85111011013
49825,49826,2-s2.0-85110872777
49829,49830,2-s2.0-85108093425
49830,49831,2-s2.0-85107845336
49831,49832,2-s2.0-85107061838
49835,49836,2-s2.0-85104527600
49837,49838,2-s2.0-85104197266
49838,49839,2-s2.0-85103372500
49840,49841,2-s2.0-85101588249
49842,49843,2-s2.0-85101577571
49843,49844,2-s2.0-85101568250
49844,49845,2-s2.0-85101533309
49846,49847,2-s2.0-85101517774
49847,49848,2-s2.0-85101508349
49848,49849,2-s2.0-85101501072
49849,49850,2-s2.0-85099585732
49850,49851,2-s2.0-85098501588
49851,49852,2-s2.0-85096781773
49852,49853,2-s2.0-85095134966
49854,49855,2-s2.0-85091185702
49855,49856,2-s2.0-85088292997
49857,49858,2-s2.0-85087567505
49858,49859,2-s2.0-85086788464
49859,49860,2-s2.0-85086669147
49860,49861,2-s2.0-85085510166
49862,49863,2-s2.0-85081898624
49863,49864,2-s2.0-85072103856
49864,49865,2-s2.0-85096341744
49865,49866,2-s2.0-85092585210
49867,49868,2-s2.0-85117374717
49868,49869,2-s2.0-85115697406
49869,49870,2-s2.0-85112512343
49870,49871,2-s2.0-85118760874
49873,49874,2-s2.0-85112301395
49877,49878,2-s2.0-85124570183
49878,49879,2-s2.0-85124570158
49881,49882,2-s2.0-85124567923
49882,49883,2-s2.0-85124565978
49883,49884,2-s2.0-85124565872
49885,49886,2-s2.0-85124565254
49889,49890,2-s2.0-85124563162
49890,49891,2-s2.0-85124561755
49891,49892,2-s2.0-85124560388
49894,49895,2-s2.0-85124557152
49895,49896,2-s2.0-85124552022
49896,49897,2-s2.0-85124551587
49897,49898,2-s2.0-85124551365
49898,49899,2-s2.0-85124550148
49899,49900,2-s2.0-85124548509
49900,49901,2-s2.0-85124548450
49902,49903,2-s2.0-85124544287
49908,49909,2-s2.0-85124531913
49910,49911,2-s2.0-85124530876
49912,49913,2-s2.0-85124529471
49917,49918,2-s2.0-85124524555
49918,49919,2-s2.0-85124523724
49919,49920,2-s2.0-85124523144
49921,49922,2-s2.0-85124520132
49922,49923,2-s2.0-85124519501
49923,49924,2-s2.0-85124518429
49927,49928,2-s2.0-85124512547
49932,49933,2-s2.0-85124505060
49933,49934,2-s2.0-85124503724
49934,49935,2-s2.0-85124503630
49938,49939,2-s2.0-85123716860
49939,49940,2-s2.0-85120628394
49940,49941,2-s2.0-85117593715
49941,49942,2-s2.0-85125557010
49942,49943,2-s2.0-85119827239
49944,49945,2-s2.0-85117964378
49945,49946,2-s2.0-85117934520
49946,49947,2-s2.0-85117920912
49949,49950,2-s2.0-85112453918
49950,49951,2-s2.0-85112445478
49951,49952,2-s2.0-85112443602
49953,49954,2-s2.0-85112429281
49955,49956,2-s2.0-85112422494
49957,49958,2-s2.0-85110294028
49958,49959,2-s2.0-85117615802
49959,49960,2-s2.0-85117575679
49960,49961,2-s2.0-85117561472
49961,49962,2-s2.0-85117560883
49966,49967,2-s2.0-85112431630
49968,49969,2-s2.0-85166755130
49969,49970,2-s2.0-85144979931
49970,49971,2-s2.0-85111033439
49972,49973,2-s2.0-85111004334
49974,49975,2-s2.0-85110769702
49976,49977,2-s2.0-85111927246
49978,49979,2-s2.0-85111110796
49981,49982,2-s2.0-85110453622
49983,49984,2-s2.0-85109349328
49986,49987,2-s2.0-85143223588
49987,49988,2-s2.0-85141789979
49988,49989,2-s2.0-85140383490
49989,49990,2-s2.0-85135743235
49990,49991,2-s2.0-85135740939
49991,49992,2-s2.0-85135453655
49992,49993,2-s2.0-85132824470
49994,49995,2-s2.0-85127541647
49996,49997,2-s2.0-85124631059
50003,50004,2-s2.0-85114883817
50010,50011,2-s2.0-85113348747
50013,50014,2-s2.0-85112738676
50015,50016,2-s2.0-85112736569
50016,50017,2-s2.0-85112298267
50018,50019,2-s2.0-85112114920
50019,50020,2-s2.0-85112025822
50020,50021,2-s2.0-85111657561
50022,50023,2-s2.0-85111576664
50026,50027,2-s2.0-85111089915
50027,50028,2-s2.0-85111080718
50028,50029,2-s2.0-85111056382
50030,50031,2-s2.0-85110709212
50031,50032,2-s2.0-85110651988
50032,50033,2-s2.0-85110554333
50033,50034,2-s2.0-85110434019
50034,50035,2-s2.0-85110374627
50035,50036,2-s2.0-85110355015
50036,50037,2-s2.0-85110349667
50038,50039,2-s2.0-85110279768
50043,50044,2-s2.0-85109614218
50046,50047,2-s2.0-85109033121
50047,50048,2-s2.0-85109004030
50048,50049,2-s2.0-85108858527
50050,50051,2-s2.0-85108805322
50051,50052,2-s2.0-85108609930
50053,50054,2-s2.0-85108387210
50056,50057,2-s2.0-85108014473
50059,50060,2-s2.0-85106248730
50060,50061,2-s2.0-85105926147
50062,50063,2-s2.0-85105313978
50065,50066,2-s2.0-85104933458
50067,50068,2-s2.0-85104130779
50070,50071,2-s2.0-85103216384
50071,50072,2-s2.0-85103164408
50074,50075,2-s2.0-85101159550
50075,50076,2-s2.0-85101155327
50076,50077,2-s2.0-85100966898
50078,50079,2-s2.0-85093667558
50079,50080,2-s2.0-85091106804
50080,50081,2-s2.0-85089540327
50082,50083,2-s2.0-85088873132
50084,50085,2-s2.0-85087723572
50090,50091,2-s2.0-85067894088
50091,50092,2-s2.0-85209253244
50092,50093,2-s2.0-85118171610
50095,50096,2-s2.0-85109881968
50096,50097,2-s2.0-85109840954
50097,50098,2-s2.0-105001597880
50098,50099,2-s2.0-85109024936
50099,50100,2-s2.0-85109016410
50100,50101,2-s2.0-85108986722
50102,50103,2-s2.0-85128034985
50103,50104,2-s2.0-85127979008
50106,50107,2-s2.0-85112113460
50108,50109,2-s2.0-85112043441
50111,50112,2-s2.0-85110191748
50113,50114,2-s2.0-85115792279
50114,50115,2-s2.0-85115784332
50115,50116,2-s2.0-85109138735
50117,50118,2-s2.0-85177614128
50118,50119,2-s2.0-85109033156
50119,50120,2-s2.0-85109301008
50120,50121,2-s2.0-85109296159
50121,50122,2-s2.0-85127974618
50122,50123,2-s2.0-85118175225
50123,50124,2-s2.0-85114958538
50130,50131,2-s2.0-85109767051
50131,50132,2-s2.0-85109765882
50133,50134,2-s2.0-85132280635
50134,50135,2-s2.0-85128243995
50136,50137,2-s2.0-85117624145
50137,50138,2-s2.0-105012527162
50138,50139,2-s2.0-85108304218
50139,50140,2-s2.0-85107499527
50142,50143,2-s2.0-85108697839
50145,50146,2-s2.0-85108578029
50147,50148,2-s2.0-85108576725
50149,50150,2-s2.0-85108575866
50150,50151,2-s2.0-85108575667
50151,50152,2-s2.0-85108574676
50152,50153,2-s2.0-85108574158
50155,50156,2-s2.0-85108564293
50156,50157,2-s2.0-85108562750
50158,50159,2-s2.0-85108558115
50159,50160,2-s2.0-85108557033
50161,50162,2-s2.0-85108549655
50163,50164,2-s2.0-85108546313
50164,50165,2-s2.0-85108540818
50167,50168,2-s2.0-85108536725
50168,50169,2-s2.0-85108536631
50169,50170,2-s2.0-85108534641
50172,50173,2-s2.0-85108530740
50173,50174,2-s2.0-85108527576
50176,50177,2-s2.0-85108516439
50178,50179,2-s2.0-85108512612
50179,50180,2-s2.0-85108512583
50184,50185,2-s2.0-85108504358
50185,50186,2-s2.0-85108503359
50188,50189,2-s2.0-85152548827
50190,50191,2-s2.0-85108669527
50191,50192,2-s2.0-85108632095
50193,50194,2-s2.0-85108676722
50195,50196,2-s2.0-85108569554
50196,50197,2-s2.0-85106384788
50200,50201,2-s2.0-85114272581
50201,50202,2-s2.0-85108381830
50202,50203,2-s2.0-85108250403
50203,50204,2-s2.0-85219667576
50207,50208,2-s2.0-85159556278
50208,50209,2-s2.0-85148496225
50209,50210,2-s2.0-85139214882
50210,50211,2-s2.0-85138597554
50215,50216,2-s2.0-85137411220
50217,50218,2-s2.0-85130316730
50219,50220,2-s2.0-85124277177
50220,50221,2-s2.0-85122733402
50222,50223,2-s2.0-85122722226
50227,50228,2-s2.0-85118236383
50228,50229,2-s2.0-85118232518
50229,50230,2-s2.0-85117421663
50234,50235,2-s2.0-85115374599
50236,50237,2-s2.0-85114880235
50239,50240,2-s2.0-85112657195
50242,50243,2-s2.0-85111162037
50244,50245,2-s2.0-85111146223
50245,50246,2-s2.0-85111119887
50247,50248,2-s2.0-85110385878
50250,50251,2-s2.0-85109321832
50252,50253,2-s2.0-85109065959
50253,50254,2-s2.0-85108673296
50254,50255,2-s2.0-85108668383
50255,50256,2-s2.0-85108567881
50258,50259,2-s2.0-85108321283
50263,50264,2-s2.0-85107975769
50264,50265,2-s2.0-85107777915
50268,50269,2-s2.0-85107437441
50272,50273,2-s2.0-85107176941
50278,50279,2-s2.0-85106430510
50279,50280,2-s2.0-85106423129
50283,50284,2-s2.0-85106042274
50285,50286,2-s2.0-85105885525
50287,50288,2-s2.0-85105468660
50288,50289,2-s2.0-85105377359
50289,50290,2-s2.0-85105271557
50291,50292,2-s2.0-85105252955
50295,50296,2-s2.0-85104521706
50296,50297,2-s2.0-85104494033
50300,50301,2-s2.0-85103612630
50303,50304,2-s2.0-85103210545
50307,50308,2-s2.0-85102807137
50309,50310,2-s2.0-85102309322
50310,50311,2-s2.0-85102308118
50311,50312,2-s2.0-85101753870
50313,50314,2-s2.0-85101348206
50315,50316,2-s2.0-85101054517
50322,50323,2-s2.0-85099516970
50323,50324,2-s2.0-85098141359
50324,50325,2-s2.0-85096438374
50327,50328,2-s2.0-85086036282
50328,50329,2-s2.0-85084669022
50332,50333,2-s2.0-85079453107
50334,50335,2-s2.0-105006424183
50335,50336,2-s2.0-85107835575
50336,50337,2-s2.0-85107812525
50338,50339,2-s2.0-85107739106
50343,50344,2-s2.0-85140060369
50349,50350,2-s2.0-85125156992
50350,50351,2-s2.0-85108030091
50352,50353,2-s2.0-85108029772
50353,50354,2-s2.0-85108028794
50357,50358,2-s2.0-85108024932
50362,50363,2-s2.0-85108021743
50363,50364,2-s2.0-85108021637
50365,50366,2-s2.0-85149432704
50366,50367,2-s2.0-85110955824
50367,50368,2-s2.0-85110936692
50369,50370,2-s2.0-85108172005
50371,50372,2-s2.0-85108160979
50373,50374,2-s2.0-85108154080
50374,50375,2-s2.0-85108151138
50378,50379,2-s2.0-85150113300
50381,50382,2-s2.0-85138451879
50386,50387,2-s2.0-85107390114
50387,50388,2-s2.0-85107368574
50391,50392,2-s2.0-85149432422
50394,50395,2-s2.0-85112865412
50395,50396,2-s2.0-85117608206
50396,50397,2-s2.0-85117588737
50398,50399,2-s2.0-85105965416
50400,50401,2-s2.0-85105964138
50402,50403,2-s2.0-85105962933
50403,50404,2-s2.0-85105962073
50408,50409,2-s2.0-85105941470
50410,50411,2-s2.0-85105938997
50412,50413,2-s2.0-85105937760
50413,50414,2-s2.0-85105935311
50418,50419,2-s2.0-85105928901
50419,50420,2-s2.0-85105928751
50421,50422,2-s2.0-85105927948
50424,50425,2-s2.0-85105921717
50425,50426,2-s2.0-85105920878
50426,50427,2-s2.0-85105920722
50428,50429,2-s2.0-85105919380
50434,50435,2-s2.0-85105911805
50435,50436,2-s2.0-85105908156
50442,50443,2-s2.0-85106189487
50443,50444,2-s2.0-85106175259
50448,50449,2-s2.0-85110321913
50450,50451,2-s2.0-85106372996
50453,50454,2-s2.0-85106953439
50455,50456,2-s2.0-85148520924
50457,50458,2-s2.0-85132726510
50458,50459,2-s2.0-85132692776
50461,50462,2-s2.0-85115727419
50464,50465,2-s2.0-85112047520
50465,50466,2-s2.0-85111117772
50467,50468,2-s2.0-85109372094
50473,50474,2-s2.0-85109064275
50474,50475,2-s2.0-85109064165
50477,50478,2-s2.0-85107673351
50480,50481,2-s2.0-85107192676
50481,50482,2-s2.0-85107014246
50482,50483,2-s2.0-85106712719
50483,50484,2-s2.0-85106605999
50488,50489,2-s2.0-85105686844
50490,50491,2-s2.0-85105405724
50491,50492,2-s2.0-85105396118
50493,50494,2-s2.0-85105167107
50495,50496,2-s2.0-85104987362
50500,50501,2-s2.0-85103980786
50501,50502,2-s2.0-85103624143
50507,50508,2-s2.0-85102139339
50510,50511,2-s2.0-85101479670
50514,50515,2-s2.0-85100719704
50516,50517,2-s2.0-85100417083
50517,50518,2-s2.0-85100090715
50521,50522,2-s2.0-85099238648
50522,50523,2-s2.0-85099053466
50523,50524,2-s2.0-85098762929
50527,50528,2-s2.0-85090982187
50531,50532,2-s2.0-85105934634
50533,50534,2-s2.0-85105798227
50536,50537,2-s2.0-85112352498
50549,50550,2-s2.0-85198514113
50552,50553,2-s2.0-85112474212
50553,50554,2-s2.0-85112472983
50554,50555,2-s2.0-85112470765
50555,50556,2-s2.0-85112469910
50562,50563,2-s2.0-85112455498
50566,50567,2-s2.0-85112447439
50569,50570,2-s2.0-85112439811
50571,50572,2-s2.0-85112434874
50572,50573,2-s2.0-85112431699
50573,50574,2-s2.0-85112425225
50577,50578,2-s2.0-85112413983
50585,50586,2-s2.0-85117899871
50586,50587,2-s2.0-85110544579
50588,50589,2-s2.0-85104784083
50593,50594,2-s2.0-85104733093
50594,50595,2-s2.0-85104732064
50596,50597,2-s2.0-85104694931
50599,50600,2-s2.0-85112845605
50600,50601,2-s2.0-85112835723
50601,50602,2-s2.0-85112830757
50603,50604,2-s2.0-85104637198
50604,50605,2-s2.0-85104213688
50605,50606,2-s2.0-85103444400
50607,50608,2-s2.0-85104684328
50609,50610,2-s2.0-85104683254
50614,50615,2-s2.0-85104673276
50615,50616,2-s2.0-85104671981
50616,50617,2-s2.0-85104671352
50619,50620,2-s2.0-85104662837
50620,50621,2-s2.0-85104662468
50622,50623,2-s2.0-85104657157
50624,50625,2-s2.0-85104648687
50626,50627,2-s2.0-85104643908
50627,50628,2-s2.0-85104643853
50629,50630,2-s2.0-85104642740
50632,50633,2-s2.0-85104636474
50634,50635,2-s2.0-85104633100
50637,50638,2-s2.0-85104629296
50638,50639,2-s2.0-85104629286
50639,50640,2-s2.0-85104624453
50640,50641,2-s2.0-85104623571
50641,50642,2-s2.0-85104615662
50642,50643,2-s2.0-85104613059
50643,50644,2-s2.0-85104612736
50644,50645,2-s2.0-85104609576
50645,50646,2-s2.0-85104609098
50647,50648,2-s2.0-85104605904
50649,50650,2-s2.0-85104605164
50650,50651,2-s2.0-85104597712
50651,50652,2-s2.0-85104595579
50653,50654,2-s2.0-85104592841
50654,50655,2-s2.0-85104591798
50656,50657,2-s2.0-85104588066
50659,50660,2-s2.0-85104579261
50661,50662,2-s2.0-85104570298
50662,50663,2-s2.0-85104570288
50663,50664,2-s2.0-105012505878
50664,50665,2-s2.0-85104591674
50665,50666,2-s2.0-85161420485
50667,50668,2-s2.0-85104640473
50668,50669,2-s2.0-85114603474
50671,50672,2-s2.0-85104838495
50673,50674,2-s2.0-85104715605
50675,50676,2-s2.0-85104233502
50678,50679,2-s2.0-85103859858
50679,50680,2-s2.0-85103851222
50682,50683,2-s2.0-85103837212
50686,50687,2-s2.0-85103821348
50687,50688,2-s2.0-85103816202
50688,50689,2-s2.0-85200133970
50689,50690,2-s2.0-85186862543
50690,50691,2-s2.0-85175807672
50691,50692,2-s2.0-85174046606
50692,50693,2-s2.0-85173706246
50693,50694,2-s2.0-85150949919
50696,50697,2-s2.0-85131738578
50697,50698,2-s2.0-85131687171
50698,50699,2-s2.0-85125913924
50699,50700,2-s2.0-85122589951
50701,50702,2-s2.0-85117347657
50703,50704,2-s2.0-85109671087
50704,50705,2-s2.0-85108187080
50705,50706,2-s2.0-85107163819
50707,50708,2-s2.0-85106619489
50708,50709,2-s2.0-85106589611
50710,50711,2-s2.0-85106294064
50711,50712,2-s2.0-85106290242
50714,50715,2-s2.0-85106267101
50715,50716,2-s2.0-85106209945
50716,50717,2-s2.0-85105850844
50723,50724,2-s2.0-85105520475
50724,50725,2-s2.0-85105512888
50725,50726,2-s2.0-85105512465
50728,50729,2-s2.0-85105441869
50729,50730,2-s2.0-85105439337
50731,50732,2-s2.0-85105343606
50732,50733,2-s2.0-85105332459
50733,50734,2-s2.0-85105238802
50734,50735,2-s2.0-85105071060
50735,50736,2-s2.0-85104985260
50737,50738,2-s2.0-85104751168
50740,50741,2-s2.0-85104126176
50746,50747,2-s2.0-85103807203
50747,50748,2-s2.0-85103797747
50748,50749,2-s2.0-85103768974
50750,50751,2-s2.0-85103652900
50753,50754,2-s2.0-85103179583
50754,50755,2-s2.0-85102467911
50758,50759,2-s2.0-85101156295
50759,50760,2-s2.0-85101134945
50760,50761,2-s2.0-85100516955
50761,50762,2-s2.0-85100465454
50763,50764,2-s2.0-85099922267
50764,50765,2-s2.0-85099583623
50765,50766,2-s2.0-85099548001
50768,50769,2-s2.0-85099178529
50769,50770,2-s2.0-85098942872
50771,50772,2-s2.0-85095985527
50772,50773,2-s2.0-85095575258
50775,50776,2-s2.0-85091351359
50777,50778,2-s2.0-85087413756
50780,50781,2-s2.0-85084001760
50782,50783,2-s2.0-85083807687
50783,50784,2-s2.0-85083774381
50784,50785,2-s2.0-85083369173
50787,50788,2-s2.0-85077368405
50789,50790,2-s2.0-85076202772
50794,50795,2-s2.0-85103859606
50795,50796,2-s2.0-85103853544
50796,50797,2-s2.0-85103853020
50798,50799,2-s2.0-85103851406
50799,50800,2-s2.0-85103850956
50800,50801,2-s2.0-85103850694
50804,50805,2-s2.0-85103849115
50805,50806,2-s2.0-85103846904
50807,50808,2-s2.0-85103842513
50810,50811,2-s2.0-85103841798
50811,50812,2-s2.0-85103841612
50813,50814,2-s2.0-85103841057
50816,50817,2-s2.0-85103837936
50817,50818,2-s2.0-85103836249
50818,50819,2-s2.0-85103832821
50820,50821,2-s2.0-85103828991
50821,50822,2-s2.0-85103825689
50822,50823,2-s2.0-85103823210
50826,50827,2-s2.0-85103817884
50827,50828,2-s2.0-85103817744
50828,50829,2-s2.0-85103815333
50829,50830,2-s2.0-85103815156
50830,50831,2-s2.0-85103813152
50831,50832,2-s2.0-85103811829
50833,50834,2-s2.0-85104502065
50834,50835,2-s2.0-85106414423
50836,50837,2-s2.0-85104444079
50838,50839,2-s2.0-85103536703
50839,50840,2-s2.0-85106681235
50841,50842,2-s2.0-85103471430
50842,50843,2-s2.0-85103469669
50843,50844,2-s2.0-85103469421
50844,50845,2-s2.0-85103469235
50845,50846,2-s2.0-85103465917
50847,50848,2-s2.0-85103461386
50848,50849,2-s2.0-85103457963
50850,50851,2-s2.0-85103455452
50851,50852,2-s2.0-85103449196
50852,50853,2-s2.0-85103448468
50856,50857,2-s2.0-85103442397
50857,50858,2-s2.0-85103440012
50858,50859,2-s2.0-85103438958
50860,50861,2-s2.0-85103438518
50861,50862,2-s2.0-85103437671
50862,50863,2-s2.0-85103437384
50864,50865,2-s2.0-85132202053
50865,50866,2-s2.0-85111871770
50867,50868,2-s2.0-85103565673
50868,50869,2-s2.0-85103557810
50869,50870,2-s2.0-85103556444
50870,50871,2-s2.0-85103549665
50872,50873,2-s2.0-85103511890
50880,50881,2-s2.0-85103602579
50881,50882,2-s2.0-85103593112
50887,50888,2-s2.0-85103550542
50894,50895,2-s2.0-85103509619
50897,50898,2-s2.0-85103505809
50900,50901,2-s2.0-85103478246
50903,50904,2-s2.0-85103459216
50905,50906,2-s2.0-85103455222
50906,50907,2-s2.0-85103447800
50908,50909,2-s2.0-85103339531
50909,50910,2-s2.0-85103337315
50912,50913,2-s2.0-85103328603
50914,50915,2-s2.0-85103317631
50915,50916,2-s2.0-85103316548
50917,50918,2-s2.0-85103310925
50920,50921,2-s2.0-85102592410
50922,50923,2-s2.0-85103253112
50923,50924,2-s2.0-85104485893
50924,50925,2-s2.0-85103138131
50926,50927,2-s2.0-85103122084
50927,50928,2-s2.0-85103121687
50929,50930,2-s2.0-85103111581
50930,50931,2-s2.0-85103110831
50931,50932,2-s2.0-85103089952
50934,50935,2-s2.0-85103082805
50936,50937,2-s2.0-85107076397
50938,50939,2-s2.0-85107068526
50939,50940,2-s2.0-85107060521
50940,50941,2-s2.0-85107059745
50944,50945,2-s2.0-85130956765
50945,50946,2-s2.0-85105841517
50946,50947,2-s2.0-85103785434
50949,50950,2-s2.0-85103336081
50952,50953,2-s2.0-85103313834
50953,50954,2-s2.0-85102932984
50955,50956,2-s2.0-85102432801
50956,50957,2-s2.0-85100269763
50958,50959,2-s2.0-85105255347
50959,50960,2-s2.0-85103642066
50960,50961,2-s2.0-85108323574
50969,50970,2-s2.0-85103326788
50970,50971,2-s2.0-85103325547
50972,50973,2-s2.0-85103315534
50973,50974,2-s2.0-85103315219
50974,50975,2-s2.0-85103315161
50977,50978,2-s2.0-85103307281
50981,50982,2-s2.0-85103125852
50985,50986,2-s2.0-85102926847
50986,50987,2-s2.0-85102820410
50988,50989,2-s2.0-85102471258
50990,50991,2-s2.0-85102471038
50991,50992,2-s2.0-85102466364
50993,50994,2-s2.0-85102457360
50994,50995,2-s2.0-85102455514
50996,50997,2-s2.0-85102440444
50998,50999,2-s2.0-85102419450
50999,51000,2-s2.0-85102418238
51002,51003,2-s2.0-85141754309
51003,51004,2-s2.0-85139742922
51005,51006,2-s2.0-85127367424
51007,51008,2-s2.0-85118817525
51008,51009,2-s2.0-85117470344
51009,51010,2-s2.0-85108491420
51010,51011,2-s2.0-85108121650
51011,51012,2-s2.0-85107210143
51012,51013,2-s2.0-85107087932
51014,51015,2-s2.0-85106053830
51015,51016,2-s2.0-85105972979
51016,51017,2-s2.0-85105851078
51017,51018,2-s2.0-85105023576
51018,51019,2-s2.0-85105022888
51019,51020,2-s2.0-85104996304
51020,51021,2-s2.0-85104971171
51022,51023,2-s2.0-85104607928
51023,51024,2-s2.0-85104591548
51028,51029,2-s2.0-85104239169
51030,51031,2-s2.0-85104117713
51032,51033,2-s2.0-85104029478
51033,51034,2-s2.0-85103892647
51034,51035,2-s2.0-85103845716
51035,51036,2-s2.0-85103659420
51038,51039,2-s2.0-85103512479
51040,51041,2-s2.0-85103108732
51041,51042,2-s2.0-85103090863
51042,51043,2-s2.0-85103087710
51049,51050,2-s2.0-85102560783
51050,51051,2-s2.0-85102535616
51051,51052,2-s2.0-85102452620
51052,51053,2-s2.0-85102386066
51054,51055,2-s2.0-85101970567
51056,51057,2-s2.0-85101469025
51058,51059,2-s2.0-85101217271
51059,51060,2-s2.0-85101127476
51060,51061,2-s2.0-85100763311
51064,51065,2-s2.0-85100394475
51065,51066,2-s2.0-85100374952
51068,51069,2-s2.0-85099921017
51070,51071,2-s2.0-85099802557
51071,51072,2-s2.0-85099718344
51074,51075,2-s2.0-85097340973
51076,51077,2-s2.0-85097033139
51077,51078,2-s2.0-85097021935
51079,51080,2-s2.0-85096936354
51080,51081,2-s2.0-85096832044
51081,51082,2-s2.0-85096571440
51083,51084,2-s2.0-85094138261
51089,51090,2-s2.0-85091256512
51091,51092,2-s2.0-85091039835
51094,51095,2-s2.0-85089676941
51095,51096,2-s2.0-85089390780
51096,51097,2-s2.0-85088598040
51097,51098,2-s2.0-85087458222
51098,51099,2-s2.0-85086335817
51100,51101,2-s2.0-85086151588
51101,51102,2-s2.0-85085884293
51109,51110,2-s2.0-85082864820
51110,51111,2-s2.0-85081383032
51111,51112,2-s2.0-85078295501
51112,51113,2-s2.0-85078283385
51117,51118,2-s2.0-85074009456
51119,51120,2-s2.0-85068889118
51121,51122,2-s2.0-85102440792
51123,51124,2-s2.0-85109248165
51126,51127,2-s2.0-85102982376
51131,51132,2-s2.0-85102363040
51136,51137,2-s2.0-85102339860
51141,51142,2-s2.0-85101840339
51143,51144,2-s2.0-85101828664
51144,51145,2-s2.0-85101799979
51147,51148,2-s2.0-85102409841
51151,51152,2-s2.0-85101779318
51152,51153,2-s2.0-85101745104
51155,51156,2-s2.0-85118771889
51156,51157,2-s2.0-85101501333
51158,51159,2-s2.0-85102338174
51161,51162,2-s2.0-85102098984
51162,51163,2-s2.0-85101274479
51163,51164,2-s2.0-85101003721
51165,51166,2-s2.0-85150248597
51168,51169,2-s2.0-85109556985
51169,51170,2-s2.0-85102385242
51172,51173,2-s2.0-85102367803
51173,51174,2-s2.0-85102359649
51174,51175,2-s2.0-85102358788
51175,51176,2-s2.0-85102353840
51177,51178,2-s2.0-85102337905
51178,51179,2-s2.0-85102337730
51180,51181,2-s2.0-85102334289
51181,51182,2-s2.0-85102333360
51186,51187,2-s2.0-85101286720
51188,51189,2-s2.0-85100968262
51193,51194,2-s2.0-85182712073
51194,51195,2-s2.0-85163764359
51196,51197,2-s2.0-85158816490
51198,51199,2-s2.0-85110445934
51200,51201,2-s2.0-85105603932
51201,51202,2-s2.0-85105451619
51202,51203,2-s2.0-85105437353
51203,51204,2-s2.0-85105042281
51204,51205,2-s2.0-85103333520
51206,51207,2-s2.0-85103305770
51207,51208,2-s2.0-85103028199
51210,51211,2-s2.0-85102353314
51213,51214,2-s2.0-85101566212
51215,51216,2-s2.0-85101231236
51217,51218,2-s2.0-85101190483
51219,51220,2-s2.0-85101173895
51220,51221,2-s2.0-85101153267
51222,51223,2-s2.0-85100838921
51225,51226,2-s2.0-85100510119
51226,51227,2-s2.0-85100432490
51228,51229,2-s2.0-85100385065
51229,51230,2-s2.0-85100381695
51231,51232,2-s2.0-85100319646
51232,51233,2-s2.0-85100239510
51233,51234,2-s2.0-85100085238
51237,51238,2-s2.0-85099749141
51238,51239,2-s2.0-85099686591
51239,51240,2-s2.0-85099204845
51241,51242,2-s2.0-85096867314
51242,51243,2-s2.0-85096661428
51243,51244,2-s2.0-85096598543
51244,51245,2-s2.0-85095443981
51245,51246,2-s2.0-85094629838
51246,51247,2-s2.0-85094112872
51248,51249,2-s2.0-85092404108
51250,51251,2-s2.0-85091001484
51251,51252,2-s2.0-85090057743
51252,51253,2-s2.0-85089993063
51253,51254,2-s2.0-85089870454
51255,51256,2-s2.0-85089677855
51256,51257,2-s2.0-85089583117
51261,51262,2-s2.0-85086100315
51264,51265,2-s2.0-85082724052
51275,51276,2-s2.0-85091822831
51276,51277,2-s2.0-85091813410
51278,51279,2-s2.0-85091659804
51279,51280,2-s2.0-85091653650
51282,51283,2-s2.0-85091636186
51283,51284,2-s2.0-85091632269
51285,51286,2-s2.0-85100466272
51287,51288,2-s2.0-85101822499
51292,51293,2-s2.0-85102407616
51293,51294,2-s2.0-85102403511
51298,51299,2-s2.0-85102346267
51299,51300,2-s2.0-85102342474
51303,51304,2-s2.0-85102294311
51307,51308,2-s2.0-85101855500
51309,51310,2-s2.0-85101852963
51313,51314,2-s2.0-85101834924
51314,51315,2-s2.0-85101821433
51316,51317,2-s2.0-85101820277
51317,51318,2-s2.0-85101818463
51319,51320,2-s2.0-85101808258
51321,51322,2-s2.0-85101805291
51322,51323,2-s2.0-85101805091
51323,51324,2-s2.0-85101801786
51324,51325,2-s2.0-85101800587
51327,51328,2-s2.0-85101790831
51328,51329,2-s2.0-85104556826
51329,51330,2-s2.0-85125202639
51330,51331,2-s2.0-85125195259
51331,51332,2-s2.0-85125183441
51335,51336,2-s2.0-85208910814
51336,51337,2-s2.0-85144835177
51339,51340,2-s2.0-85100582411
51341,51342,2-s2.0-85101629908
51343,51344,2-s2.0-85123548710
51344,51345,2-s2.0-85099979194
51347,51348,2-s2.0-85101001711
51348,51349,2-s2.0-85100581215
51349,51350,2-s2.0-85100014441
51350,51351,2-s2.0-85100002411
51352,51353,2-s2.0-85101416039
51354,51355,2-s2.0-85101408463
51357,51358,2-s2.0-85101357849
51358,51359,2-s2.0-85101354837
51360,51361,2-s2.0-85101325317
51362,51363,2-s2.0-85101317454
51364,51365,2-s2.0-85101311686
51365,51366,2-s2.0-85099398298
51368,51369,2-s2.0-85104946105
51370,51371,2-s2.0-85100808366
51372,51373,2-s2.0-85099447089
51376,51377,2-s2.0-85189363596
51379,51380,2-s2.0-85177764377
51382,51383,2-s2.0-85092783509
51383,51384,2-s2.0-85069866804
51386,51387,2-s2.0-85092134791
51388,51389,2-s2.0-85099795288
51389,51390,2-s2.0-85099742163
51390,51391,2-s2.0-85099142707
51392,51393,2-s2.0-85218749256
51393,51394,2-s2.0-85218737686
51394,51395,2-s2.0-85217009246
51395,51396,2-s2.0-85216971016
51397,51398,2-s2.0-85216894008
51399,51400,2-s2.0-85216803440
51401,51402,2-s2.0-85216754635
51405,51406,2-s2.0-85207302867
51406,51407,2-s2.0-85205553416
51408,51409,2-s2.0-85202804450
51411,51412,2-s2.0-85193909058
51413,51414,2-s2.0-85192622793
51414,51415,2-s2.0-85192385606
51418,51419,2-s2.0-85186808690
51419,51420,2-s2.0-85186808406
51420,51421,2-s2.0-85182737930
51423,51424,2-s2.0-85182254607
51425,51426,2-s2.0-85181067506
51427,51428,2-s2.0-85180793115
51431,51432,2-s2.0-85180755752
51433,51434,2-s2.0-85180635254
51436,51437,2-s2.0-85180632231
51437,51438,2-s2.0-85180632201
51438,51439,2-s2.0-85180630420
51444,51445,2-s2.0-85180625458
51447,51448,2-s2.0-85180622117
51448,51449,2-s2.0-85180621416
51452,51453,2-s2.0-85179848303
51454,51455,2-s2.0-85179844766
51455,51456,2-s2.0-85179844734
51457,51458,2-s2.0-85179841841
51459,51460,2-s2.0-85179840692
51460,51461,2-s2.0-85179839162
51464,51465,2-s2.0-85179674736
51466,51467,2-s2.0-85178877920
51467,51468,2-s2.0-85177537309
51469,51470,2-s2.0-85177524422
51472,51473,2-s2.0-85177511834
51474,51475,2-s2.0-85177507133
51475,51476,2-s2.0-85175478918
51476,51477,2-s2.0-85175452195
51478,51479,2-s2.0-85175101285
51479,51480,2-s2.0-85174632860
51480,51481,2-s2.0-85174296119
51482,51483,2-s2.0-85173233796
51485,51486,2-s2.0-85172698550
51488,51489,2-s2.0-85169801791
51490,51491,2-s2.0-85168615102
51493,51494,2-s2.0-85167439842
51494,51495,2-s2.0-85164906337
51496,51497,2-s2.0-85164851551
51497,51498,2-s2.0-85164847853
51502,51503,2-s2.0-85161422341
51503,51504,2-s2.0-85160155077
51504,51505,2-s2.0-85159492183
51505,51506,2-s2.0-85159489591
51507,51508,2-s2.0-85159444685
51510,51511,2-s2.0-85159406414
51511,51512,2-s2.0-85159404506
51512,51513,2-s2.0-85159389443
51516,51517,2-s2.0-85158969860
51518,51519,2-s2.0-85154593522
51520,51521,2-s2.0-85154559886
51521,51522,2-s2.0-85154539876
51525,51526,2-s2.0-85151739087
51526,51527,2-s2.0-85151188495
51527,51528,2-s2.0-85151069481
51528,51529,2-s2.0-85151026269
51534,51535,2-s2.0-85149989053
51535,51536,2-s2.0-85148524098
51536,51537,2-s2.0-85147802349
51537,51538,2-s2.0-85147530790
51538,51539,2-s2.0-85147351343
51539,51540,2-s2.0-85147127826
51540,51541,2-s2.0-85147021922
51542,51543,2-s2.0-85146149644
51545,51546,2-s2.0-85146121290
51552,51553,2-s2.0-85146111743
51553,51554,2-s2.0-85146111661
51556,51557,2-s2.0-85144145278
51557,51558,2-s2.0-85143562275
51562,51563,2-s2.0-85140737258
51566,51567,2-s2.0-85140174449
51567,51568,2-s2.0-85140168754
51569,51570,2-s2.0-85140163600
51571,51572,2-s2.0-85140160922
51576,51577,2-s2.0-85139466063
51577,51578,2-s2.0-85139464617
51581,51582,2-s2.0-85139294292
51582,51583,2-s2.0-85139284137
51586,51587,2-s2.0-85138316817
51587,51588,2-s2.0-85138289492
51594,51595,2-s2.0-85137147191
51598,51599,2-s2.0-85136250551
51599,51600,2-s2.0-85136044798
51601,51602,2-s2.0-85135934935
51602,51603,2-s2.0-85135678605
51604,51605,2-s2.0-85135150006
51606,51607,2-s2.0-85134902647
51612,51613,2-s2.0-85133981304
51613,51614,2-s2.0-85133945534
51614,51615,2-s2.0-85133930157
51616,51617,2-s2.0-85133513171
51617,51618,2-s2.0-85133416180
51618,51619,2-s2.0-85133259578
51620,51621,2-s2.0-85132924625
51621,51622,2-s2.0-85132912333
51623,51624,2-s2.0-85132779619
51626,51627,2-s2.0-85132626601
51629,51630,2-s2.0-85131828453
51632,51633,2-s2.0-85131476826
51634,51635,2-s2.0-85131470333
51636,51637,2-s2.0-85131406486
51637,51638,2-s2.0-85131308527
51642,51643,2-s2.0-85131247176
51643,51644,2-s2.0-85131190571
51644,51645,2-s2.0-85131172008
51646,51647,2-s2.0-85131072021
51653,51654,2-s2.0-85130092557
51654,51655,2-s2.0-85130091079
51656,51657,2-s2.0-85130005952
51657,51658,2-s2.0-85130005682
51661,51662,2-s2.0-85129868622
51666,51667,2-s2.0-85129105507
51667,51668,2-s2.0-85129094191
51672,51673,2-s2.0-85128945384
51674,51675,2-s2.0-85128774394
51676,51677,2-s2.0-85128505843
51678,51679,2-s2.0-85128410353
51682,51683,2-s2.0-85128334814
51683,51684,2-s2.0-85128331642
51691,51692,2-s2.0-85128075267
51692,51693,2-s2.0-85128045216
51693,51694,2-s2.0-85128017735
51694,51695,2-s2.0-85127933293
51695,51696,2-s2.0-85127918554
51697,51698,2-s2.0-85127682070
51700,51701,2-s2.0-85127593415
51703,51704,2-s2.0-85127574030
51706,51707,2-s2.0-85127542183
51707,51708,2-s2.0-85127538653
51709,51710,2-s2.0-85127426797
51710,51711,2-s2.0-85127264583
51713,51714,2-s2.0-85127240076
51715,51716,2-s2.0-85127239380
51716,51717,2-s2.0-85127228197
51717,51718,2-s2.0-85127203378
51719,51720,2-s2.0-85127149280
51721,51722,2-s2.0-85127142960
51725,51726,2-s2.0-85127005830
51726,51727,2-s2.0-85126883136
51727,51728,2-s2.0-85126878641
51731,51732,2-s2.0-85126761126
51733,51734,2-s2.0-85126740102
51734,51735,2-s2.0-85126583188
51739,51740,2-s2.0-85126279914
51740,51741,2-s2.0-85126193308
51742,51743,2-s2.0-85125939729
51747,51748,2-s2.0-85125632020
51750,51751,2-s2.0-85125438299
51751,51752,2-s2.0-85125319357
51752,51753,2-s2.0-85125316580
51754,51755,2-s2.0-85125076819
51758,51759,2-s2.0-85124816160
51759,51760,2-s2.0-85124806505
51761,51762,2-s2.0-85124805555
51762,51763,2-s2.0-85124803235
51763,51764,2-s2.0-85124799369
51764,51765,2-s2.0-85124798572
51765,51766,2-s2.0-85124798377
51766,51767,2-s2.0-85124795619
51770,51771,2-s2.0-85124666985
51771,51772,2-s2.0-85124656195
51774,51775,2-s2.0-85124460172
51776,51777,2-s2.0-85124409200
51780,51781,2-s2.0-85124307260
51781,51782,2-s2.0-85124091711
51782,51783,2-s2.0-85124080007
51786,51787,2-s2.0-85123862407
51788,51789,2-s2.0-85123855266
51789,51790,2-s2.0-85123851472
51791,51792,2-s2.0-85123843762
51792,51793,2-s2.0-85123842978
51794,51795,2-s2.0-85123833497
51795,51796,2-s2.0-85123832602
51796,51797,2-s2.0-85123830780
51797,51798,2-s2.0-85123827003
51799,51800,2-s2.0-85123824642
51801,51802,2-s2.0-85123822977
51802,51803,2-s2.0-85123780218
51803,51804,2-s2.0-85123762361
51804,51805,2-s2.0-85123758400
51805,51806,2-s2.0-85123756802
51806,51807,2-s2.0-85123754850
51811,51812,2-s2.0-85123617261
51816,51817,2-s2.0-85123467174
51820,51821,2-s2.0-85123308573
51821,51822,2-s2.0-85123246181
51822,51823,2-s2.0-85123240103
51823,51824,2-s2.0-85123215256
51824,51825,2-s2.0-85123203700
51826,51827,2-s2.0-85123088594
51829,51830,2-s2.0-85123048554
51832,51833,2-s2.0-85122967362
51833,51834,2-s2.0-85122963364
51834,51835,2-s2.0-85122962341
51835,51836,2-s2.0-85122952376
51836,51837,2-s2.0-85122947879
51837,51838,2-s2.0-85122941274
51838,51839,2-s2.0-85122940196
51841,51842,2-s2.0-85122932094
51846,51847,2-s2.0-85122913872
51850,51851,2-s2.0-85122834477
51854,51855,2-s2.0-85122807355
51855,51856,2-s2.0-85122797996
51856,51857,2-s2.0-85122772955
51857,51858,2-s2.0-85122718457
51860,51861,2-s2.0-85122590480
51861,51862,2-s2.0-85122377199
51862,51863,2-s2.0-85122313188
51864,51865,2-s2.0-85122269899
51865,51866,2-s2.0-85122249086
51868,51869,2-s2.0-85122238426
51871,51872,2-s2.0-85122163844
51872,51873,2-s2.0-85122124911
51873,51874,2-s2.0-85122069922
51878,51879,2-s2.0-85122009850
51882,51883,2-s2.0-85121808287
51883,51884,2-s2.0-85121804920
51885,51886,2-s2.0-85121759222
51887,51888,2-s2.0-85121743106
51890,51891,2-s2.0-85121710980
51891,51892,2-s2.0-85121680849
51893,51894,2-s2.0-85121662156
51895,51896,2-s2.0-85121658568
51896,51897,2-s2.0-85121653199
51898,51899,2-s2.0-85121643582
51899,51900,2-s2.0-85121641092
51902,51903,2-s2.0-85121558688
51903,51904,2-s2.0-85121397804
51904,51905,2-s2.0-85121391141
51905,51906,2-s2.0-85121380455
51906,51907,2-s2.0-85121369189
51907,51908,2-s2.0-85121354041
51911,51912,2-s2.0-85121147503
51912,51913,2-s2.0-85121131041
51913,51914,2-s2.0-85121114334
51914,51915,2-s2.0-85121056590
51915,51916,2-s2.0-85121045825
51918,51919,2-s2.0-85121029517
51924,51925,2-s2.0-85121025585
51925,51926,2-s2.0-85121025338
51927,51928,2-s2.0-85120949105
51931,51932,2-s2.0-85120815369
51932,51933,2-s2.0-85120791409
51933,51934,2-s2.0-85120718841
51937,51938,2-s2.0-85120685600
51938,51939,2-s2.0-85120678636
51943,51944,2-s2.0-85120392330
51945,51946,2-s2.0-85120391330
51946,51947,2-s2.0-85120391208
51947,51948,2-s2.0-85120390841
51949,51950,2-s2.0-85120389095
51950,51951,2-s2.0-85120389016
51953,51954,2-s2.0-85120386821
51956,51957,2-s2.0-85120321419
51957,51958,2-s2.0-85120178201
51958,51959,2-s2.0-85120175725
51959,51960,2-s2.0-85120086026
51960,51961,2-s2.0-85120057737
51962,51963,2-s2.0-85120037481
51965,51966,2-s2.0-85120027009
51966,51967,2-s2.0-85120018133
51969,51970,2-s2.0-85119857140
51972,51973,2-s2.0-85119588388
51974,51975,2-s2.0-85119454723
51975,51976,2-s2.0-85119373029
51976,51977,2-s2.0-85119324291
51978,51979,2-s2.0-85119211581
51980,51981,2-s2.0-85119168844
51982,51983,2-s2.0-85118991360
51984,51985,2-s2.0-85118955230
51989,51990,2-s2.0-85118875164
51990,51991,2-s2.0-85118867172
51992,51993,2-s2.0-85118861106
51993,51994,2-s2.0-85118855711
51995,51996,2-s2.0-85118764298
51996,51997,2-s2.0-85118708328
51998,51999,2-s2.0-85118670615
52000,52001,2-s2.0-85118601967
52001,52002,2-s2.0-85118577254
52002,52003,2-s2.0-85118411060
52003,52004,2-s2.0-85118370850
52004,52005,2-s2.0-85118295981
52005,52006,2-s2.0-85118255591
52008,52009,2-s2.0-85118181529
52009,52010,2-s2.0-85118171057
52010,52011,2-s2.0-85118151988
52011,52012,2-s2.0-85118119913
52015,52016,2-s2.0-85117960953
52016,52017,2-s2.0-85117949843
52017,52018,2-s2.0-85117948498
52019,52020,2-s2.0-85117942854
52020,52021,2-s2.0-85117935471
52022,52023,2-s2.0-85117925501
52024,52025,2-s2.0-85117912202
52026,52027,2-s2.0-85117903051
52029,52030,2-s2.0-85117886808
52030,52031,2-s2.0-85117826813
52032,52033,2-s2.0-85117762829
52034,52035,2-s2.0-85117688099
52035,52036,2-s2.0-85117684663
52036,52037,2-s2.0-85117683630
52038,52039,2-s2.0-85117573028
52039,52040,2-s2.0-85117568490
52042,52043,2-s2.0-85117448431
52046,52047,2-s2.0-85117268055
52050,52051,2-s2.0-85117028845
52054,52055,2-s2.0-85116827244
52056,52057,2-s2.0-85116746193
52058,52059,2-s2.0-85116743546
52059,52060,2-s2.0-85116736910
52061,52062,2-s2.0-85116726285
52062,52063,2-s2.0-85116600793
52064,52065,2-s2.0-85116585870
52067,52068,2-s2.0-85116473074
52068,52069,2-s2.0-85116462071
52069,52070,2-s2.0-85116452586
52074,52075,2-s2.0-85116305057
52078,52079,2-s2.0-85116022138
52079,52080,2-s2.0-85116018003
52084,52085,2-s2.0-85115792514
52087,52088,2-s2.0-85115784684
52089,52090,2-s2.0-85115773537
52092,52093,2-s2.0-85115754633
52096,52097,2-s2.0-85115734751
52097,52098,2-s2.0-85115732420
52098,52099,2-s2.0-85115709964
52102,52103,2-s2.0-85115441172
52105,52106,2-s2.0-85115361404
52107,52108,2-s2.0-85115327183
52108,52109,2-s2.0-85115317921
52109,52110,2-s2.0-85115316440
52111,52112,2-s2.0-85115290731
52113,52114,2-s2.0-85115238411
52115,52116,2-s2.0-85115226737
52116,52117,2-s2.0-85115221170
52121,52122,2-s2.0-85114997037
52122,52123,2-s2.0-85114825315
52124,52125,2-s2.0-85114809680
52125,52126,2-s2.0-85114791983
52127,52128,2-s2.0-85114758949
52129,52130,2-s2.0-85114749632
52131,52132,2-s2.0-85114726607
52132,52133,2-s2.0-85114715415
52134,52135,2-s2.0-85114433580
52135,52136,2-s2.0-85114429449
52136,52137,2-s2.0-85114279916
52137,52138,2-s2.0-85114275621
52140,52141,2-s2.0-85114177885
52141,52142,2-s2.0-85114166294
52143,52144,2-s2.0-85114159913
52144,52145,2-s2.0-85114035695
52146,52147,2-s2.0-85113960573
52147,52148,2-s2.0-85113951390
52155,52156,2-s2.0-85113794805
52156,52157,2-s2.0-85113753732
52160,52161,2-s2.0-85113544870
52161,52162,2-s2.0-85113539073
52162,52163,2-s2.0-85113528785
52163,52164,2-s2.0-85113479658
52167,52168,2-s2.0-85113438062
52168,52169,2-s2.0-85113420865
52174,52175,2-s2.0-85113407382
52177,52178,2-s2.0-85113397163
52178,52179,2-s2.0-85113390804
52180,52181,2-s2.0-85113378384
52183,52184,2-s2.0-85113351299
52188,52189,2-s2.0-85112853025
52190,52191,2-s2.0-85112843164
52192,52193,2-s2.0-85112827823
52193,52194,2-s2.0-85112813923
52194,52195,2-s2.0-85112811675
52195,52196,2-s2.0-85112810722
52196,52197,2-s2.0-85112809513
52197,52198,2-s2.0-85112803624
52198,52199,2-s2.0-85112734008
52202,52203,2-s2.0-85112688268
52203,52204,2-s2.0-85112687473
52204,52205,2-s2.0-85112683521
52206,52207,2-s2.0-85112658446
52208,52209,2-s2.0-85112587555
52211,52212,2-s2.0-85112567801
52213,52214,2-s2.0-85112549448
52214,52215,2-s2.0-85112548831
52216,52217,2-s2.0-85112524865
52218,52219,2-s2.0-85112524098
52219,52220,2-s2.0-85112522815
52221,52222,2-s2.0-85112506237
52223,52224,2-s2.0-85112381794
52224,52225,2-s2.0-85112359326
52226,52227,2-s2.0-85112332417
52227,52228,2-s2.0-85112313225
52229,52230,2-s2.0-85112202411
52232,52233,2-s2.0-85112111707
52233,52234,2-s2.0-85112103971
52237,52238,2-s2.0-85111966153
52241,52242,2-s2.0-85111620888
52242,52243,2-s2.0-85111521650
52243,52244,2-s2.0-85111491176
52244,52245,2-s2.0-85111424458
52258,52259,2-s2.0-85111248736
52259,52260,2-s2.0-85111199373
52261,52262,2-s2.0-85111147181
52262,52263,2-s2.0-85111145169
52264,52265,2-s2.0-85111126532
52265,52266,2-s2.0-85111115099
52266,52267,2-s2.0-85111073923
52268,52269,2-s2.0-85111056234
52273,52274,2-s2.0-85110705806
52275,52276,2-s2.0-85110675160
52278,52279,2-s2.0-85110578642
52281,52282,2-s2.0-85110122492
52284,52285,2-s2.0-85109945492
52286,52287,2-s2.0-85109905836
52287,52288,2-s2.0-85109898998
52289,52290,2-s2.0-85109850713
52290,52291,2-s2.0-85109803386
52291,52292,2-s2.0-85109801046
52292,52293,2-s2.0-85109791507
52293,52294,2-s2.0-85109769486
52301,52302,2-s2.0-85109622898
52303,52304,2-s2.0-85109444304
52305,52306,2-s2.0-85109349251
52308,52309,2-s2.0-85109259120
52310,52311,2-s2.0-85109169164
52311,52312,2-s2.0-85109066909
52312,52313,2-s2.0-85109063922
52313,52314,2-s2.0-85109037281
52315,52316,2-s2.0-85108993071
52316,52317,2-s2.0-85108961461
52319,52320,2-s2.0-85108800219
52321,52322,2-s2.0-85108698302
52322,52323,2-s2.0-85108613981
52326,52327,2-s2.0-85108558532
52327,52328,2-s2.0-85108556145
52328,52329,2-s2.0-85108554733
52331,52332,2-s2.0-85108525007
52332,52333,2-s2.0-85108524931
52333,52334,2-s2.0-85108515745
52334,52335,2-s2.0-85108448585
52335,52336,2-s2.0-85108415645
52337,52338,2-s2.0-85108368944
52338,52339,2-s2.0-85108297740
52339,52340,2-s2.0-85108297174
52341,52342,2-s2.0-85108280000
52343,52344,2-s2.0-85108227629
52344,52345,2-s2.0-85108213441
52349,52350,2-s2.0-85108066452
52353,52354,2-s2.0-85107919120
52359,52360,2-s2.0-85107704066
52361,52362,2-s2.0-85107606743
52363,52364,2-s2.0-85107533815
52364,52365,2-s2.0-85107513973
52365,52366,2-s2.0-85107511525
52366,52367,2-s2.0-85107509530
52368,52369,2-s2.0-85107485825
52369,52370,2-s2.0-85107473758
52372,52373,2-s2.0-85107400455
52375,52376,2-s2.0-85107349227
52376,52377,2-s2.0-85107332456
52378,52379,2-s2.0-85107207425
52380,52381,2-s2.0-85107116656
52382,52383,2-s2.0-85107059427
52383,52384,2-s2.0-85107049405
52384,52385,2-s2.0-85107033133
52385,52386,2-s2.0-85107010673
52389,52390,2-s2.0-85106923766
52391,52392,2-s2.0-85106860804
52392,52393,2-s2.0-85106727332
52393,52394,2-s2.0-85106725254
52395,52396,2-s2.0-85106644471
52396,52397,2-s2.0-85106626494
52397,52398,2-s2.0-85106606686
52398,52399,2-s2.0-85106596509
52403,52404,2-s2.0-85106559243
52404,52405,2-s2.0-85106537464
52407,52408,2-s2.0-85106447489
52408,52409,2-s2.0-85106428597
52409,52410,2-s2.0-85106412296
52411,52412,2-s2.0-85106337328
52412,52413,2-s2.0-85106331042
52413,52414,2-s2.0-85106301620
52414,52415,2-s2.0-85106241772
52415,52416,2-s2.0-85106222419
52417,52418,2-s2.0-85105974041
52420,52421,2-s2.0-85105950172
52421,52422,2-s2.0-85105946439
52422,52423,2-s2.0-85105938707
52424,52425,2-s2.0-85105932879
52425,52426,2-s2.0-85105918294
52428,52429,2-s2.0-85105881383
52432,52433,2-s2.0-85105872328
52433,52434,2-s2.0-85105871362
52436,52437,2-s2.0-85105848185
52437,52438,2-s2.0-85105846697
52439,52440,2-s2.0-85105817287
52440,52441,2-s2.0-85105804183
52441,52442,2-s2.0-85105779839
52442,52443,2-s2.0-85105758056
52445,52446,2-s2.0-85105557133
52447,52448,2-s2.0-85105531682
52456,52457,2-s2.0-85105292995
52459,52460,2-s2.0-85105239716
52460,52461,2-s2.0-85105169702
52462,52463,2-s2.0-85105119369
52464,52465,2-s2.0-85105042627
52465,52466,2-s2.0-85104860620
52466,52467,2-s2.0-85104855560
52469,52470,2-s2.0-85104772551
52470,52471,2-s2.0-85104769231
52471,52472,2-s2.0-85104732840
52473,52474,2-s2.0-85104565864
52474,52475,2-s2.0-85104520541
52475,52476,2-s2.0-85104510417
52477,52478,2-s2.0-85104492890
52479,52480,2-s2.0-85104484862
52481,52482,2-s2.0-85104453009
52482,52483,2-s2.0-85104429383
52483,52484,2-s2.0-85104415802
52484,52485,2-s2.0-85104401628
52488,52489,2-s2.0-85104333574
52489,52490,2-s2.0-85104302125
52490,52491,2-s2.0-85104299573
52491,52492,2-s2.0-85104271071
52493,52494,2-s2.0-85104178541
52494,52495,2-s2.0-85104136114
52495,52496,2-s2.0-85104088763
52496,52497,2-s2.0-85104087585
52498,52499,2-s2.0-85104079841
52499,52500,2-s2.0-85104039965
52500,52501,2-s2.0-85104036105
52502,52503,2-s2.0-85103981435
52505,52506,2-s2.0-85103938416
52506,52507,2-s2.0-85103937633
52509,52510,2-s2.0-85103908468
52511,52512,2-s2.0-85103890946
52512,52513,2-s2.0-85103887358
52516,52517,2-s2.0-85103732641
52517,52518,2-s2.0-85103722168
52518,52519,2-s2.0-85103679648
52520,52521,2-s2.0-85103671083
52523,52524,2-s2.0-85103636211
52524,52525,2-s2.0-85103548470
52528,52529,2-s2.0-85103514525
52529,52530,2-s2.0-85103512662
52536,52537,2-s2.0-85103468954
52539,52540,2-s2.0-85103457825
52541,52542,2-s2.0-85103413091
52543,52544,2-s2.0-85103341778
52546,52547,2-s2.0-85103317613
52547,52548,2-s2.0-85103281851
52548,52549,2-s2.0-85103277358
52552,52553,2-s2.0-85103235964
52554,52555,2-s2.0-85103161092
52555,52556,2-s2.0-85103135776
52557,52558,2-s2.0-85103090473
52559,52560,2-s2.0-85103042429
52561,52562,2-s2.0-85102992923
52563,52564,2-s2.0-85102926656
52564,52565,2-s2.0-85102898151
52568,52569,2-s2.0-85102776534
52569,52570,2-s2.0-85102716748
52570,52571,2-s2.0-85102707464
52572,52573,2-s2.0-85102693886
52574,52575,2-s2.0-85102587403
52575,52576,2-s2.0-85102508775
52577,52578,2-s2.0-85102428757
52579,52580,2-s2.0-85102333961
52581,52582,2-s2.0-85102305085
52583,52584,2-s2.0-85102242504
52585,52586,2-s2.0-85102183457
52588,52589,2-s2.0-85102127323
52589,52590,2-s2.0-85102088255
52597,52598,2-s2.0-85101740419
52598,52599,2-s2.0-85101661663
52599,52600,2-s2.0-85101610842
52605,52606,2-s2.0-85101532980
52607,52608,2-s2.0-85101504865
52608,52609,2-s2.0-85101503621
52611,52612,2-s2.0-85101361557
52612,52613,2-s2.0-85101304375
52622,52623,2-s2.0-85100961189
52624,52625,2-s2.0-85100852603
52625,52626,2-s2.0-85100839425
52627,52628,2-s2.0-85100686319
52630,52631,2-s2.0-85100585803
52631,52632,2-s2.0-85100578809
52634,52635,2-s2.0-85100527804
52637,52638,2-s2.0-85100427914
52643,52644,2-s2.0-85100255962
52645,52646,2-s2.0-85100195689
52646,52647,2-s2.0-85100178096
52648,52649,2-s2.0-85100137138
52650,52651,2-s2.0-85099988376
52651,52652,2-s2.0-85099967071
52652,52653,2-s2.0-85099911732
52653,52654,2-s2.0-85099873158
52655,52656,2-s2.0-85099818840
52660,52661,2-s2.0-85099750209
52662,52663,2-s2.0-85099601511
52665,52666,2-s2.0-85099486768
52666,52667,2-s2.0-85099425764
52668,52669,2-s2.0-85099381154
52669,52670,2-s2.0-85099363049
52670,52671,2-s2.0-85099362180
52671,52672,2-s2.0-85099357048
52674,52675,2-s2.0-85099133522
52675,52676,2-s2.0-85099117069
52679,52680,2-s2.0-85099049618
52680,52681,2-s2.0-85099045997
52682,52683,2-s2.0-85099013597
52684,52685,2-s2.0-85098853256
52686,52687,2-s2.0-85098800046
52687,52688,2-s2.0-85098794574
52690,52691,2-s2.0-85098760422
52692,52693,2-s2.0-85098262464
52696,52697,2-s2.0-85098132906
52698,52699,2-s2.0-85097938366
52699,52700,2-s2.0-85097937641
52700,52701,2-s2.0-85097905709
52701,52702,2-s2.0-85097791525
52704,52705,2-s2.0-85097450107
52709,52710,2-s2.0-85097108026
52713,52714,2-s2.0-85097074707
52714,52715,2-s2.0-85097020408
52718,52719,2-s2.0-85096741942
52719,52720,2-s2.0-85096535802
52723,52724,2-s2.0-85096414367
52724,52725,2-s2.0-85096226597
52726,52727,2-s2.0-85096096666
52727,52728,2-s2.0-85095939919
52728,52729,2-s2.0-85095761795
52733,52734,2-s2.0-85094213058
52736,52737,2-s2.0-85092788788
52740,52741,2-s2.0-85092614510
52741,52742,2-s2.0-85092576878
52746,52747,2-s2.0-85092099341
52748,52749,2-s2.0-85091990510
52754,52755,2-s2.0-85091679489
52755,52756,2-s2.0-85091634655
52756,52757,2-s2.0-85091536665
52757,52758,2-s2.0-85091533665
52760,52761,2-s2.0-85091507319
52761,52762,2-s2.0-85091437616
52762,52763,2-s2.0-85091030355
52764,52765,2-s2.0-85091005483
52766,52767,2-s2.0-85090407162
52767,52768,2-s2.0-85090304786
52768,52769,2-s2.0-85090249493
52771,52772,2-s2.0-85090187109
52775,52776,2-s2.0-85090093319
52777,52778,2-s2.0-85090050518
52779,52780,2-s2.0-85090044702
52780,52781,2-s2.0-85090035108
52785,52786,2-s2.0-85089868798
52787,52788,2-s2.0-85089728193
52790,52791,2-s2.0-85089718754
52792,52793,2-s2.0-85089467285
52793,52794,2-s2.0-85089461609
52794,52795,2-s2.0-85089452364
52797,52798,2-s2.0-85089138597
52799,52800,2-s2.0-85089093944
52800,52801,2-s2.0-85088962774
52801,52802,2-s2.0-85088867103
52802,52803,2-s2.0-85088749197
52803,52804,2-s2.0-85088520810
52804,52805,2-s2.0-85088466423
52805,52806,2-s2.0-85088374406
52808,52809,2-s2.0-85087445876
52809,52810,2-s2.0-85087374530
52810,52811,2-s2.0-85087352876
52812,52813,2-s2.0-85087349940
52813,52814,2-s2.0-85087184740
52814,52815,2-s2.0-85087121542
52816,52817,2-s2.0-85087039099
52817,52818,2-s2.0-85087032045
52818,52819,2-s2.0-85087013776
52820,52821,2-s2.0-85086929237
52822,52823,2-s2.0-85086341241
52827,52828,2-s2.0-85085278930
52829,52830,2-s2.0-85085040141
52830,52831,2-s2.0-85084978979
52836,52837,2-s2.0-85084407305
52837,52838,2-s2.0-85084404381
52838,52839,2-s2.0-85084401728
52841,52842,2-s2.0-85083969396
52842,52843,2-s2.0-85083655594
52844,52845,2-s2.0-85083548718
52846,52847,2-s2.0-85083375338
52848,52849,2-s2.0-85082560275
52849,52850,2-s2.0-85082518801
52853,52854,2-s2.0-85081742506
52854,52855,2-s2.0-85081734283
52857,52858,2-s2.0-85081715318
52859,52860,2-s2.0-85079716693
52861,52862,2-s2.0-85079703916
52862,52863,2-s2.0-85079222976
52863,52864,2-s2.0-85078844823
52864,52865,2-s2.0-85078634144
52865,52866,2-s2.0-85078629231
52867,52868,2-s2.0-85078478494
52872,52873,2-s2.0-85077587069
52873,52874,2-s2.0-85077364262
52874,52875,2-s2.0-85077074431
52883,52884,2-s2.0-85075950146
52888,52889,2-s2.0-85075048895
52891,52892,2-s2.0-85074688312
52897,52898,2-s2.0-85073800939
52899,52900,2-s2.0-85070878364
52900,52901,2-s2.0-85070498431
52902,52903,2-s2.0-85070394457
52907,52908,2-s2.0-85066064106
52908,52909,2-s2.0-85064646781
52911,52912,2-s2.0-85052126734
52916,52917,2-s2.0-105007829067
52920,52921,2-s2.0-105003808086
52921,52922,2-s2.0-105000622873
52923,52924,2-s2.0-85219720480
52924,52925,2-s2.0-85201216252
52925,52926,2-s2.0-85153491570
52927,52928,2-s2.0-85163292773
52929,52930,2-s2.0-85219732961
52932,52933,2-s2.0-85217997909
52933,52934,2-s2.0-85121318856
52934,52935,2-s2.0-85108320270
52938,52939,2-s2.0-85083218862
52941,52942,2-s2.0-85051110585
52942,52943,2-s2.0-85051104037
52944,52945,2-s2.0-84879474072
