corpus_position,source_row_abs,EID_o_identificador
0,0,2-s2.0-0033669846
1,1,2-s2.0-0033660524
3,3,2-s2.0-0033653169
5,5,2-s2.0-0033646769
7,7,2-s2.0-8644291002
8,8,2-s2.0-8644285431
9,9,2-s2.0-8644280479
10,10,2-s2.0-8644277146
11,11,2-s2.0-8644274687
12,12,2-s2.0-8644274072
16,16,2-s2.0-8644260091
19,19,2-s2.0-8644249814
23,23,2-s2.0-8644233363
24,24,2-s2.0-8644224928
25,25,2-s2.0-8644223322
26,26,2-s2.0-8644220516
32,32,2-s2.0-84893628559
34,34,2-s2.0-84867432310
36,36,2-s2.0-79959734206
37,37,2-s2.0-79953050978
40,40,2-s2.0-3943084162
41,41,2-s2.0-37549002580
43,43,2-s2.0-3242785671
44,44,2-s2.0-28944455653
45,45,2-s2.0-23044520334
46,46,2-s2.0-1842637776
47,47,2-s2.0-17044444083
52,52,2-s2.0-0034542419
53,53,2-s2.0-0034511382
56,56,2-s2.0-0034474311
57,57,2-s2.0-0034474051
58,58,2-s2.0-0034473636
60,60,2-s2.0-0034471187
62,62,2-s2.0-0034470904
63,63,2-s2.0-0034470860
68,68,2-s2.0-0034634359
70,70,2-s2.0-85167397859
71,71,2-s2.0-33751240543
75,75,2-s2.0-0034644641
78,78,2-s2.0-0005041723
79,79,2-s2.0-79951830040
80,80,2-s2.0-34547439522
81,81,2-s2.0-0037995948
82,82,2-s2.0-0034302751
83,83,2-s2.0-0013238159
86,86,2-s2.0-3042664045
88,88,2-s2.0-0346123728
92,92,2-s2.0-85007838156
94,94,2-s2.0-0042687934
95,95,2-s2.0-0042186862
97,97,2-s2.0-0009563814
99,99,2-s2.0-0011939734
101,101,2-s2.0-0034028906
103,103,2-s2.0-84986155810
104,104,2-s2.0-0034171702
106,106,2-s2.0-84937047204
108,108,2-s2.0-84993019254
110,110,2-s2.0-0342955492
111,111,2-s2.0-0041034794
116,116,2-s2.0-0342313511
118,118,2-s2.0-85089443123
120,120,2-s2.0-85050965446
121,121,2-s2.0-85041902906
123,123,2-s2.0-85023825286
124,124,2-s2.0-85023485385
127,127,2-s2.0-85011199676
128,128,2-s2.0-85010495355
129,129,2-s2.0-85010402719
132,132,2-s2.0-85006544753
133,133,2-s2.0-84993769373
134,134,2-s2.0-84992904524
135,135,2-s2.0-84992421933
136,136,2-s2.0-84990357490
137,137,2-s2.0-84974678940
139,139,2-s2.0-84965100236
141,141,2-s2.0-84950110067
142,142,2-s2.0-84949789649
144,144,2-s2.0-84944075145
145,145,2-s2.0-84944074638
146,146,2-s2.0-84929855544
149,149,2-s2.0-84901245662
152,152,2-s2.0-84867470314
153,153,2-s2.0-84867297329
154,154,2-s2.0-77951276094
155,155,2-s2.0-70349431774
158,158,2-s2.0-53949124323
159,159,2-s2.0-53949096088
160,160,2-s2.0-53349093437
161,161,2-s2.0-52849125488
162,162,2-s2.0-52849118952
167,167,2-s2.0-34548171607
169,169,2-s2.0-34247174510
170,170,2-s2.0-33750632339
173,173,2-s2.0-33646819206
176,176,2-s2.0-3042533569
178,178,2-s2.0-27544492987
179,179,2-s2.0-24944517592
180,180,2-s2.0-24944486066
183,183,2-s2.0-23044524645
184,184,2-s2.0-23044524589
185,185,2-s2.0-23044523455
187,187,2-s2.0-23044519525
189,189,2-s2.0-23044518542
192,192,2-s2.0-22844454064
197,197,2-s2.0-19544377644
198,198,2-s2.0-19544376291
200,200,2-s2.0-19544366573
203,203,2-s2.0-13244297204
204,204,2-s2.0-0346741365
205,205,2-s2.0-0346115258
206,206,2-s2.0-0345985087
207,207,2-s2.0-0242686205
211,211,2-s2.0-0042686518
213,213,2-s2.0-0042349739
215,215,2-s2.0-0042187280
216,216,2-s2.0-0042185340
218,218,2-s2.0-0040442261
219,219,2-s2.0-0039925209
223,223,2-s2.0-0038286442
226,226,2-s2.0-0034734148
232,232,2-s2.0-0034550207
235,235,2-s2.0-0034424263
239,239,2-s2.0-0034366629
240,240,2-s2.0-0034364560
242,242,2-s2.0-0034345634
244,244,2-s2.0-0034343126
247,247,2-s2.0-0034338990
249,249,2-s2.0-0034280406
252,252,2-s2.0-0034203418
253,253,2-s2.0-0034203231
254,254,2-s2.0-0034199435
257,257,2-s2.0-0034166549
259,259,2-s2.0-0034131542
260,260,2-s2.0-0034106469
264,264,2-s2.0-0034004242
265,265,2-s2.0-0034000841
268,268,2-s2.0-0033923496
269,269,2-s2.0-0033922031
270,270,2-s2.0-0033909073
272,272,2-s2.0-0033881512
274,274,2-s2.0-0033873957
275,275,2-s2.0-0033872309
276,276,2-s2.0-0033854629
277,277,2-s2.0-0033811258
279,279,2-s2.0-0033760724
283,283,2-s2.0-0033740206
286,286,2-s2.0-0033688114
287,287,2-s2.0-0033687064
288,288,2-s2.0-0033667271
290,290,2-s2.0-0033652932
292,292,2-s2.0-0012101235
295,295,2-s2.0-0011973861
296,296,2-s2.0-0011969908
297,297,2-s2.0-0011320397
299,299,2-s2.0-0010738722
300,300,2-s2.0-0008785257
302,302,2-s2.0-0003376326
305,305,2-s2.0-0000717304
308,308,2-s2.0-8744318257
310,310,2-s2.0-8744315776
312,312,2-s2.0-8744314577
315,315,2-s2.0-8744306835
318,318,2-s2.0-8744304593
319,319,2-s2.0-8744303616
320,320,2-s2.0-8744303615
322,322,2-s2.0-8744301797
323,323,2-s2.0-8744301717
324,324,2-s2.0-8744301209
326,326,2-s2.0-8744294007
328,328,2-s2.0-8744292840
331,331,2-s2.0-8744282877
332,332,2-s2.0-8744278318
333,333,2-s2.0-8744275607
337,337,2-s2.0-8744272666
339,339,2-s2.0-8744267190
341,341,2-s2.0-8744259517
342,342,2-s2.0-8744258519
345,345,2-s2.0-8744248398
346,346,2-s2.0-8744245488
348,348,2-s2.0-8744242918
349,349,2-s2.0-8744242338
350,350,2-s2.0-8744240179
351,351,2-s2.0-8744233239
352,352,2-s2.0-8744232373
353,353,2-s2.0-8744231770
356,356,2-s2.0-8744219617
361,361,2-s2.0-84869430431
362,362,2-s2.0-84867317324
363,363,2-s2.0-78751527266
365,365,2-s2.0-52649096412
370,370,2-s2.0-4544348954
374,374,2-s2.0-3242722248
376,376,2-s2.0-30544440275
381,381,2-s2.0-0035786659
382,382,2-s2.0-0035786043
383,383,2-s2.0-0035785271
384,384,2-s2.0-0035784414
388,388,2-s2.0-0035693274
389,389,2-s2.0-0035688346
390,390,2-s2.0-0035687905
391,391,2-s2.0-0035687634
395,395,2-s2.0-0035571544
396,396,2-s2.0-0035569964
397,397,2-s2.0-0035555234
401,401,2-s2.0-0035292951
403,403,2-s2.0-0035622660
404,404,2-s2.0-0035500139
407,407,2-s2.0-0034800538
408,408,2-s2.0-0344429192
409,409,2-s2.0-85171829373
411,411,2-s2.0-85070608828
412,412,2-s2.0-0035497719
413,413,2-s2.0-0034851659
414,414,2-s2.0-0034847153
419,419,2-s2.0-0035422936
423,423,2-s2.0-46649112036
425,425,2-s2.0-33748119019
426,426,2-s2.0-85023947838
427,427,2-s2.0-77954184874
430,430,2-s2.0-0035947118
432,432,2-s2.0-85023658640
436,436,2-s2.0-85180902848
438,438,2-s2.0-0346997406
439,439,2-s2.0-0041870769
441,441,2-s2.0-0035286827
443,443,2-s2.0-0035272283
444,444,2-s2.0-0035271059
445,445,2-s2.0-0035264841
446,446,2-s2.0-0013240382
447,447,2-s2.0-0035793391
448,448,2-s2.0-0035608424
449,449,2-s2.0-0035257725
458,458,2-s2.0-85074884261
462,462,2-s2.0-85064781454
465,465,2-s2.0-85025336272
466,466,2-s2.0-85024073013
472,472,2-s2.0-85010629684
474,474,2-s2.0-85009648608
475,475,2-s2.0-85009635406
476,476,2-s2.0-85009598657
478,478,2-s2.0-85009039286
480,480,2-s2.0-85007784572
481,481,2-s2.0-84996203492
483,483,2-s2.0-84992904154
484,484,2-s2.0-84992850792
487,487,2-s2.0-84992782820
488,488,2-s2.0-84968560777
491,491,2-s2.0-84943261996
496,496,2-s2.0-84901933346
497,497,2-s2.0-84901932833
499,499,2-s2.0-84901268889
500,500,2-s2.0-84901264039
501,501,2-s2.0-84901257016
502,502,2-s2.0-84897820656
503,503,2-s2.0-84895258936
504,504,2-s2.0-84889286772
507,507,2-s2.0-84867342011
509,509,2-s2.0-84858572328
510,510,2-s2.0-79952130000
514,514,2-s2.0-71149103033
515,515,2-s2.0-61949257545
516,516,2-s2.0-61149692982
518,518,2-s2.0-56149108211
519,519,2-s2.0-54049114814
522,522,2-s2.0-52549118202
523,523,2-s2.0-52549098654
528,528,2-s2.0-4043087809
529,529,2-s2.0-34548849734
530,530,2-s2.0-34548082510
532,532,2-s2.0-34249670955
536,536,2-s2.0-33746754727
537,537,2-s2.0-33745203899
539,539,2-s2.0-3042789650
540,540,2-s2.0-27944489082
541,541,2-s2.0-27944457920
542,542,2-s2.0-27844507401
545,545,2-s2.0-24944458676
546,546,2-s2.0-2442547089
547,547,2-s2.0-23844468180
550,550,2-s2.0-19644390279
558,558,2-s2.0-18044398836
559,559,2-s2.0-17644447688
560,560,2-s2.0-17544405304
562,562,2-s2.0-17344392890
565,565,2-s2.0-15944401437
569,569,2-s2.0-0042860225
570,570,2-s2.0-0040746584
572,572,2-s2.0-0039838616
573,573,2-s2.0-0039147545
574,574,2-s2.0-0038970348
575,575,2-s2.0-0038895779
576,576,2-s2.0-0038793784
577,577,2-s2.0-0038775899
582,582,2-s2.0-0035784025
583,583,2-s2.0-0035751048
584,584,2-s2.0-0035732348
585,585,2-s2.0-0035691190
586,586,2-s2.0-0035667891
589,589,2-s2.0-0035632816
590,590,2-s2.0-0035615685
593,593,2-s2.0-0035599981
594,594,2-s2.0-0035595758
596,596,2-s2.0-0035581880
599,599,2-s2.0-0035562902
602,602,2-s2.0-0035532086
607,607,2-s2.0-0035495263
608,608,2-s2.0-0035491608
611,611,2-s2.0-0035457774
612,612,2-s2.0-0035438376
614,614,2-s2.0-0035434521
616,616,2-s2.0-0035394582
621,621,2-s2.0-0035374082
625,625,2-s2.0-0035342129
626,626,2-s2.0-0035329260
632,632,2-s2.0-0035204715
633,633,2-s2.0-0035204699
634,634,2-s2.0-0035202597
635,635,2-s2.0-0035201980
637,637,2-s2.0-0035201968
638,638,2-s2.0-0035197932
642,642,2-s2.0-0035193785
643,643,2-s2.0-0035142034
645,645,2-s2.0-0035079719
650,650,2-s2.0-0034985340
654,654,2-s2.0-0034961420
656,656,2-s2.0-0034830126
657,657,2-s2.0-0034822964
658,658,2-s2.0-0034818440
659,659,2-s2.0-0034782346
660,660,2-s2.0-0034782230
664,664,2-s2.0-0012855499
666,666,2-s2.0-0012584908
669,669,2-s2.0-0000624536
672,672,2-s2.0-8744315461
679,679,2-s2.0-8744289745
682,682,2-s2.0-8744285546
683,683,2-s2.0-8744285477
684,684,2-s2.0-8744278149
685,685,2-s2.0-8744277888
687,687,2-s2.0-8744274294
689,689,2-s2.0-8744273829
690,690,2-s2.0-8744272197
692,692,2-s2.0-8744264051
698,698,2-s2.0-8744249133
701,701,2-s2.0-8744246388
709,709,2-s2.0-8744237043
715,715,2-s2.0-8744229032
717,717,2-s2.0-8744225475
720,720,2-s2.0-8744222397
725,725,2-s2.0-84867309958
727,727,2-s2.0-84867291803
729,729,2-s2.0-78650238545
733,733,2-s2.0-33947533512
734,734,2-s2.0-33645713898
735,735,2-s2.0-3042724859
738,738,2-s2.0-2642556458
739,739,2-s2.0-23844479305
741,741,2-s2.0-23844438645
743,743,2-s2.0-18644378474
745,745,2-s2.0-1842528060
746,746,2-s2.0-18344365029
748,748,2-s2.0-1642634543
749,749,2-s2.0-11244295374
750,750,2-s2.0-0642365014
751,751,2-s2.0-0347069061
753,753,2-s2.0-0038671886
756,756,2-s2.0-0037005010
758,758,2-s2.0-0036992281
759,759,2-s2.0-0036989180
760,760,2-s2.0-0036959410
761,761,2-s2.0-0036957288
765,765,2-s2.0-0036954280
767,767,2-s2.0-0036954089
768,768,2-s2.0-0036954087
771,771,2-s2.0-0036949797
773,773,2-s2.0-0036949575
775,775,2-s2.0-0036949397
776,776,2-s2.0-0036949326
779,779,2-s2.0-0036948965
780,780,2-s2.0-0036948963
784,784,2-s2.0-0036368716
785,785,2-s2.0-0036027258
786,786,2-s2.0-0036002222
796,796,2-s2.0-0036417894
797,797,2-s2.0-0036396336
802,802,2-s2.0-0036798916
803,803,2-s2.0-0036795923
804,804,2-s2.0-0036794154
805,805,2-s2.0-85040561774
806,806,2-s2.0-84872580315
808,808,2-s2.0-0038895464
812,812,2-s2.0-0036331867
813,813,2-s2.0-33746507919
818,818,2-s2.0-0037118764
819,819,2-s2.0-0036297785
821,821,2-s2.0-0036270109
824,824,2-s2.0-0036048755
828,828,2-s2.0-2142808706
829,829,2-s2.0-0036622041
830,830,2-s2.0-0035998790
831,831,2-s2.0-0037165998
833,833,2-s2.0-0036246049
835,835,2-s2.0-3843123555
836,836,2-s2.0-3543000187
838,838,2-s2.0-0036571849
839,839,2-s2.0-0036207274
841,841,2-s2.0-17444374732
843,843,2-s2.0-0036527286
844,844,2-s2.0-0036005479
847,847,2-s2.0-33746787773
848,848,2-s2.0-27944478119
850,850,2-s2.0-0036499137
853,853,2-s2.0-0346739128
856,856,2-s2.0-0036002516
858,858,2-s2.0-0037059449
859,859,2-s2.0-85159674904
862,862,2-s2.0-85071344093
864,864,2-s2.0-85066201025
865,865,2-s2.0-85066189967
866,866,2-s2.0-85066183730
867,867,2-s2.0-85066182537
869,869,2-s2.0-85065365895
873,873,2-s2.0-85057399391
874,874,2-s2.0-85057365695
882,882,2-s2.0-85007807945
883,883,2-s2.0-85006502524
887,887,2-s2.0-84992889684
890,890,2-s2.0-84964545685
891,891,2-s2.0-84964542781
893,893,2-s2.0-84964510444
894,894,2-s2.0-84964507882
895,895,2-s2.0-84964507250
897,897,2-s2.0-84964447135
898,898,2-s2.0-84964432737
901,901,2-s2.0-84961800979
903,903,2-s2.0-84949310242
906,906,2-s2.0-84948447651
907,907,2-s2.0-84945561601
908,908,2-s2.0-84938769368
909,909,2-s2.0-84937376240
910,910,2-s2.0-84931094077
911,911,2-s2.0-84923766708
913,913,2-s2.0-84904042788
915,915,2-s2.0-84893487951
916,916,2-s2.0-84893033115
917,917,2-s2.0-84874996098
920,920,2-s2.0-84867325316
921,921,2-s2.0-84867311827
924,924,2-s2.0-80052562153
925,925,2-s2.0-79958151151
926,926,2-s2.0-79956147606
928,928,2-s2.0-77952430743
930,930,2-s2.0-77951250571
934,934,2-s2.0-62949191235
935,935,2-s2.0-62249126626
938,938,2-s2.0-53149093842
939,939,2-s2.0-52649141094
941,941,2-s2.0-52649103513
943,943,2-s2.0-5144219613
944,944,2-s2.0-4944258304
946,946,2-s2.0-4043144146
947,947,2-s2.0-38649117833
949,949,2-s2.0-36348955652
951,951,2-s2.0-34447131851
952,952,2-s2.0-34249886545
954,954,2-s2.0-34247448427
955,955,2-s2.0-34247439100
957,957,2-s2.0-33845870563
959,959,2-s2.0-33750538121
966,966,2-s2.0-3042517635
967,967,2-s2.0-27844501887
969,969,2-s2.0-25844431758
971,971,2-s2.0-23844509230
973,973,2-s2.0-23844492550
975,975,2-s2.0-23044535037
978,978,2-s2.0-21944440040
979,979,2-s2.0-21244505256
980,980,2-s2.0-1842678377
981,981,2-s2.0-17444448456
982,982,2-s2.0-17444370977
983,983,2-s2.0-17244373066
985,985,2-s2.0-0345424649
987,987,2-s2.0-0141651922
988,988,2-s2.0-0039486304
989,989,2-s2.0-0038115630
990,990,2-s2.0-0038075789
991,991,2-s2.0-0037648752
993,993,2-s2.0-0037005350
995,995,2-s2.0-0036995010
996,996,2-s2.0-0036992518
997,997,2-s2.0-0036991453
999,999,2-s2.0-0036983279
1002,1002,2-s2.0-0036954948
1003,1003,2-s2.0-0036954346
1005,1005,2-s2.0-0036949772
1007,1007,2-s2.0-0036876640
1009,1009,2-s2.0-0036830817
1012,1012,2-s2.0-0036763159
1013,1013,2-s2.0-0036763139
1014,1014,2-s2.0-0036730465
1015,1015,2-s2.0-0036717420
1016,1016,2-s2.0-0036696391
1019,1019,2-s2.0-0036660588
1020,1020,2-s2.0-0036638556
1021,1021,2-s2.0-0036630481
1023,1023,2-s2.0-0036613602
1024,1024,2-s2.0-0036598284
1026,1026,2-s2.0-0036579683
1027,1027,2-s2.0-0036550052
1029,1029,2-s2.0-0036480507
1030,1030,2-s2.0-0036466635
1031,1031,2-s2.0-0036465333
1033,1033,2-s2.0-0036459730
1036,1036,2-s2.0-0036428502
1038,1038,2-s2.0-0036375343
1040,1040,2-s2.0-0036375306
1042,1042,2-s2.0-0036347356
1044,1044,2-s2.0-0036257449
1050,1050,2-s2.0-0036133437
1051,1051,2-s2.0-0036132984
1053,1053,2-s2.0-0036109280
1056,1056,2-s2.0-0036057951
1058,1058,2-s2.0-0036044885
1059,1059,2-s2.0-0036036145
1061,1061,2-s2.0-0036014602
1066,1066,2-s2.0-0035997462
1067,1067,2-s2.0-0035995594
1068,1068,2-s2.0-0035995583
1069,1069,2-s2.0-0035744497
1071,1071,2-s2.0-0012004559
1072,1072,2-s2.0-0010061572
1074,1074,2-s2.0-0037805705
1075,1075,2-s2.0-0346317159
1079,1079,2-s2.0-0344305797
1081,1081,2-s2.0-8844276156
1083,1083,2-s2.0-8744315771
1084,1084,2-s2.0-8744312919
1085,1085,2-s2.0-8744312709
1087,1087,2-s2.0-8744310754
1089,1089,2-s2.0-8744308211
1090,1090,2-s2.0-8744308104
1091,1091,2-s2.0-8744307990
1092,1092,2-s2.0-8744305956
1098,1098,2-s2.0-8744299901
1099,1099,2-s2.0-8744298471
1100,1100,2-s2.0-8744298294
1102,1102,2-s2.0-8744297229
1105,1105,2-s2.0-8744293010
1106,1106,2-s2.0-8744290914
1108,1108,2-s2.0-8744285730
1109,1109,2-s2.0-8744285597
1110,1110,2-s2.0-8744282583
1111,1111,2-s2.0-8744279187
1114,1114,2-s2.0-8744272270
1115,1115,2-s2.0-8744267394
1117,1117,2-s2.0-8744263867
1119,1119,2-s2.0-8744259920
1121,1121,2-s2.0-8744256849
1122,1122,2-s2.0-8744255391
1126,1126,2-s2.0-8744253499
1131,1131,2-s2.0-8744247232
1132,1132,2-s2.0-8744246156
1133,1133,2-s2.0-8744243388
1136,1136,2-s2.0-8744238063
1139,1139,2-s2.0-8744236019
1140,1140,2-s2.0-8744235074
1141,1141,2-s2.0-8744233185
1142,1142,2-s2.0-8744233106
1146,1146,2-s2.0-8744225943
1148,1148,2-s2.0-8744222684
1149,1149,2-s2.0-8744222568
1150,1150,2-s2.0-8744220703
1153,1153,2-s2.0-85069774929
1154,1154,2-s2.0-85040437593
1156,1156,2-s2.0-84882501919
1158,1158,2-s2.0-84867369273
1166,1166,2-s2.0-3843119948
1171,1171,2-s2.0-3843082912
1172,1172,2-s2.0-3843058015
1177,1177,2-s2.0-33845223666
1178,1178,2-s2.0-33748665484
1179,1179,2-s2.0-33744970376
1181,1181,2-s2.0-31544444960
1183,1183,2-s2.0-3142669980
1185,1185,2-s2.0-27944497981
1187,1187,2-s2.0-22344442645
1190,1190,2-s2.0-20844438498
1192,1192,2-s2.0-18844410836
1193,1193,2-s2.0-18844380232
1197,1197,2-s2.0-1642560845
1198,1198,2-s2.0-1642560805
1200,1200,2-s2.0-1642519985
1201,1201,2-s2.0-1642519814
1203,1203,2-s2.0-1642479289
1205,1205,2-s2.0-1642479271
1209,1209,2-s2.0-1642438932
1212,1212,2-s2.0-1642438221
1213,1213,2-s2.0-1642438220
1215,1215,2-s2.0-1642438215
1216,1216,2-s2.0-1642438023
1218,1218,2-s2.0-1642436738
1222,1222,2-s2.0-1542516767
1225,1225,2-s2.0-1542432697
1226,1226,2-s2.0-1542411983
1229,1229,2-s2.0-1542377610
1231,1231,2-s2.0-10044223683
1232,1232,2-s2.0-0942288965
1233,1233,2-s2.0-0347900402
1237,1237,2-s2.0-84909063568
1240,1240,2-s2.0-0242269070
1241,1241,2-s2.0-17444439150
1244,1244,2-s2.0-0242456267
1245,1245,2-s2.0-0142041430
1246,1246,2-s2.0-0142030643
1248,1248,2-s2.0-0242577441
1250,1250,2-s2.0-0142007804
1251,1251,2-s2.0-0013327006
1253,1253,2-s2.0-84909242780
1256,1256,2-s2.0-85150157920
1257,1257,2-s2.0-85006272197
1260,1260,2-s2.0-13944275621
1261,1261,2-s2.0-0642279352
1262,1262,2-s2.0-0242607657
1264,1264,2-s2.0-0141828228
1267,1267,2-s2.0-84908902307
1269,1269,2-s2.0-84905779797
1271,1271,2-s2.0-84905764604
1272,1272,2-s2.0-84905763986
1273,1273,2-s2.0-84905759191
1275,1275,2-s2.0-85040415069
1278,1278,2-s2.0-33746483389
1281,1281,2-s2.0-2942704957
1283,1283,2-s2.0-2642524301
1288,1288,2-s2.0-0141595314
1296,1296,2-s2.0-0043270450
1300,1300,2-s2.0-0037477603
1301,1301,2-s2.0-0037929563
1302,1302,2-s2.0-85180841594
1303,1303,2-s2.0-84942315187
1304,1304,2-s2.0-84942311265
1305,1305,2-s2.0-84942309909
1307,1307,2-s2.0-84906041934
1308,1308,2-s2.0-81255189162
1309,1309,2-s2.0-79958085813
1310,1310,2-s2.0-3042840196
1311,1311,2-s2.0-3042751918
1312,1312,2-s2.0-1942471720
1315,1315,2-s2.0-0037821798
1316,1316,2-s2.0-0038710923
1318,1318,2-s2.0-84903659328
1320,1320,2-s2.0-84896674354
1322,1322,2-s2.0-24644484161
1325,1325,2-s2.0-0038324228
1326,1326,2-s2.0-0038290399
1327,1327,2-s2.0-0037804708
1328,1328,2-s2.0-85083927554
1330,1330,2-s2.0-8644238719
1334,1334,2-s2.0-18944370679
1336,1336,2-s2.0-0037644569
1337,1337,2-s2.0-0037235674
1339,1339,2-s2.0-60949629822
1340,1340,2-s2.0-33645161681
1346,1346,2-s2.0-0037365905
1347,1347,2-s2.0-0037364536
1348,1348,2-s2.0-0037363507
1350,1350,2-s2.0-0037236240
1351,1351,2-s2.0-0037217198
1352,1352,2-s2.0-3042604835
1353,1353,2-s2.0-0037315514
1357,1357,2-s2.0-0037474094
1359,1359,2-s2.0-85183942962
1364,1364,2-s2.0-85139718622
1369,1369,2-s2.0-85139349618
1371,1371,2-s2.0-85139337173
1372,1372,2-s2.0-85139335511
1377,1377,2-s2.0-85138963340
1378,1378,2-s2.0-85138950531
1381,1381,2-s2.0-85138936560
1384,1384,2-s2.0-85138887007
1386,1386,2-s2.0-85133054352
1389,1389,2-s2.0-85066196083
1391,1391,2-s2.0-85064783325
1396,1396,2-s2.0-85042012139
1399,1399,2-s2.0-85032751408
1401,1401,2-s2.0-85025361736
1402,1402,2-s2.0-85023795773
1403,1403,2-s2.0-85023708718
1405,1405,2-s2.0-85016800734
1406,1406,2-s2.0-85011468723
1407,1407,2-s2.0-85009628536
1413,1413,2-s2.0-84992813033
1415,1415,2-s2.0-84978906185
1419,1419,2-s2.0-84951179733
1420,1420,2-s2.0-84949817602
1421,1421,2-s2.0-84949771538
1426,1426,2-s2.0-84946079532
1429,1429,2-s2.0-84946060675
1431,1431,2-s2.0-84946057064
1432,1432,2-s2.0-84946052191
1435,1435,2-s2.0-84946037568
1441,1441,2-s2.0-84945960843
1449,1449,2-s2.0-84941212025
1454,1454,2-s2.0-84906017825
1455,1455,2-s2.0-84904366767
1456,1456,2-s2.0-84904363037
1458,1458,2-s2.0-84902221359
1460,1460,2-s2.0-84876317752
1461,1461,2-s2.0-84871560756
1463,1463,2-s2.0-84867435669
1464,1464,2-s2.0-84867428904
1469,1469,2-s2.0-84867357668
1470,1470,2-s2.0-84867349863
1471,1471,2-s2.0-8344255289
1472,1472,2-s2.0-8344251855
1474,1474,2-s2.0-79959635178
1477,1477,2-s2.0-78650954759
1478,1478,2-s2.0-78649826694
1479,1479,2-s2.0-77954690419
1480,1480,2-s2.0-77952904988
1485,1485,2-s2.0-77249142321
1489,1489,2-s2.0-6344265691
1495,1495,2-s2.0-47049097028
1499,1499,2-s2.0-3843139463
1502,1502,2-s2.0-3843064564
1503,1503,2-s2.0-3843056907
1505,1505,2-s2.0-35248875306
1506,1506,2-s2.0-35148898010
1510,1510,2-s2.0-34848812742
1511,1511,2-s2.0-34648863686
1513,1513,2-s2.0-34147099834
1514,1514,2-s2.0-33750544817
1515,1515,2-s2.0-33750071512
1517,1517,2-s2.0-3142673538
1518,1518,2-s2.0-31344433069
1520,1520,2-s2.0-3042644142
1523,1523,2-s2.0-30244562787
1527,1527,2-s2.0-21644488147
1531,1531,2-s2.0-21244473350
1536,1536,2-s2.0-1642414241
1541,1541,2-s2.0-1542499199
1542,1542,2-s2.0-1542398145
1544,1544,2-s2.0-1442264213
1546,1546,2-s2.0-1342325634
1547,1547,2-s2.0-1142287626
1548,1548,2-s2.0-105007130975
1551,1551,2-s2.0-105007130897
1552,1552,2-s2.0-105007130822
1557,1557,2-s2.0-0345375537
1560,1560,2-s2.0-0344253672
1562,1562,2-s2.0-0242424320
1563,1563,2-s2.0-0242384188
1564,1564,2-s2.0-0242370153
1565,1565,2-s2.0-0142230528
1568,1568,2-s2.0-0142188164
1569,1569,2-s2.0-0142137640
1570,1570,2-s2.0-0142075176
1571,1571,2-s2.0-0142061656
1577,1577,2-s2.0-0141638467
1580,1580,2-s2.0-0141427755
1581,1581,2-s2.0-0043283901
1583,1583,2-s2.0-0042782825
1584,1584,2-s2.0-0042662639
1585,1585,2-s2.0-0042519577
1587,1587,2-s2.0-0042243564
1591,1591,2-s2.0-0041513297
1593,1593,2-s2.0-0038727505
1594,1594,2-s2.0-0038708317
1595,1595,2-s2.0-0038688014
1596,1596,2-s2.0-0038687922
1597,1597,2-s2.0-0038675360
1598,1598,2-s2.0-0038583857
1600,1600,2-s2.0-0038376278
1602,1602,2-s2.0-0038349427
1604,1604,2-s2.0-0038234888
1606,1606,2-s2.0-0037959715
1610,1610,2-s2.0-0037673573
1611,1611,2-s2.0-0037673570
1612,1612,2-s2.0-0037653485
1613,1613,2-s2.0-0037650136
1616,1616,2-s2.0-0037390911
1623,1623,2-s2.0-0037290684
1626,1626,2-s2.0-0037269229
1627,1627,2-s2.0-0037258887
1630,1630,2-s2.0-0012232979
1631,1631,2-s2.0-0001799864
1632,1632,2-s2.0-10444249624
1633,1633,2-s2.0-11144271374
1636,1636,2-s2.0-10044272953
1638,1638,2-s2.0-10044233913
1642,1642,2-s2.0-84901145864
1646,1646,2-s2.0-84875289923
1648,1648,2-s2.0-84867391579
1649,1649,2-s2.0-84867382448
1653,1653,2-s2.0-77954406167
1655,1655,2-s2.0-68149148782
1658,1658,2-s2.0-40849128491
1660,1660,2-s2.0-35048896502
1661,1661,2-s2.0-35048863441
1662,1662,2-s2.0-35048863440
1669,1669,2-s2.0-33846985525
1671,1671,2-s2.0-33749236991
1673,1673,2-s2.0-31544438272
1675,1675,2-s2.0-27944447610
1678,1678,2-s2.0-23944455055
1679,1679,2-s2.0-21944437674
1681,1681,2-s2.0-21644483609
1684,1684,2-s2.0-21644474987
1686,1686,2-s2.0-21644472641
1687,1687,2-s2.0-21644469597
1689,1689,2-s2.0-21644465447
1691,1691,2-s2.0-21644455146
1692,1692,2-s2.0-21644454413
1693,1693,2-s2.0-21644454107
1696,1696,2-s2.0-21644434003
1697,1697,2-s2.0-21644433852
1698,1698,2-s2.0-21644433552
1700,1700,2-s2.0-19944369795
1701,1701,2-s2.0-18844461923
1702,1702,2-s2.0-18844426210
1703,1703,2-s2.0-18844407510
1708,1708,2-s2.0-14544290557
1711,1711,2-s2.0-13644272767
1712,1712,2-s2.0-13244272106
1713,1713,2-s2.0-13244268425
1714,1714,2-s2.0-12744277838
1717,1717,2-s2.0-12344273343
1718,1718,2-s2.0-12344266786
1719,1719,2-s2.0-11144287249
1721,1721,2-s2.0-11144279967
1723,1723,2-s2.0-11144258703
1725,1725,2-s2.0-8644282059
1729,1729,2-s2.0-9644257111
1733,1733,2-s2.0-9144219836
1736,1736,2-s2.0-79953009266
1738,1738,2-s2.0-10944251678
1739,1739,2-s2.0-10044221942
1742,1742,2-s2.0-5444273099
1744,1744,2-s2.0-5444271933
1748,1748,2-s2.0-5444266862
1749,1749,2-s2.0-5444264595
1750,1750,2-s2.0-5444263410
1751,1751,2-s2.0-5444262582
1757,1757,2-s2.0-5444257584
1758,1758,2-s2.0-5444256464
1760,1760,2-s2.0-5444255692
1762,1762,2-s2.0-5444254567
1763,1763,2-s2.0-5444254531
1764,1764,2-s2.0-5444253361
1768,1768,2-s2.0-5444251133
1769,1769,2-s2.0-5444250575
1771,1771,2-s2.0-5444248171
1772,1772,2-s2.0-5444246319
1773,1773,2-s2.0-5444244425
1774,1774,2-s2.0-5444242708
1775,1775,2-s2.0-5444242665
1778,1778,2-s2.0-5444240963
1784,1784,2-s2.0-5444236500
1785,1785,2-s2.0-5444236487
1787,1787,2-s2.0-5444234937
1790,1790,2-s2.0-5444231443
1800,1800,2-s2.0-5444220836
1801,1801,2-s2.0-5444220153
1802,1802,2-s2.0-5444219584
1803,1803,2-s2.0-5344281292
1808,1808,2-s2.0-8844266857
1810,1810,2-s2.0-5644270369
1811,1811,2-s2.0-4544286795
1812,1812,2-s2.0-23844460160
1814,1814,2-s2.0-4544329041
1818,1818,2-s2.0-4444363091
1819,1819,2-s2.0-4444228388
1820,1820,2-s2.0-4344584982
1821,1821,2-s2.0-13444257528
1824,1824,2-s2.0-85040386277
1829,1829,2-s2.0-4644268490
1831,1831,2-s2.0-4444358489
1832,1832,2-s2.0-34247661803
1833,1833,2-s2.0-33646832369
1837,1837,2-s2.0-12344290650
1838,1838,2-s2.0-4043162842
1840,1840,2-s2.0-3543028671
1843,1843,2-s2.0-84905932792
1846,1846,2-s2.0-84916955465
1848,1848,2-s2.0-4344567950
1851,1851,2-s2.0-4243096137
1852,1852,2-s2.0-4043174934
1857,1857,2-s2.0-3042595353
1858,1858,2-s2.0-3042552578
1859,1859,2-s2.0-3042544515
1860,1860,2-s2.0-67651231862
1861,1861,2-s2.0-4344714926
1863,1863,2-s2.0-3042786536
1864,1864,2-s2.0-20844446638
1865,1865,2-s2.0-2942668272
1869,1869,2-s2.0-84993090724
1870,1870,2-s2.0-84986132499
1873,1873,2-s2.0-4043069960
1875,1875,2-s2.0-33749564392
1877,1877,2-s2.0-3042566988
1880,1880,2-s2.0-2442513987
1881,1881,2-s2.0-2442499216
1882,1882,2-s2.0-1842843726
1889,1889,2-s2.0-2642549138
1891,1891,2-s2.0-2442692897
1892,1892,2-s2.0-2442675472
1893,1893,2-s2.0-1842865620
1895,1895,2-s2.0-1842709938
1898,1898,2-s2.0-3042567434
1899,1899,2-s2.0-85167520451
1902,1902,2-s2.0-84917259797
1906,1906,2-s2.0-2442630384
1908,1908,2-s2.0-1942503950
1913,1913,2-s2.0-10744230622
1914,1914,2-s2.0-1542373529
1918,1918,2-s2.0-33646847652
1919,1919,2-s2.0-33646834921
1920,1920,2-s2.0-3142669815
1922,1922,2-s2.0-2942653148
1923,1923,2-s2.0-2442676336
1926,1926,2-s2.0-1842681514
1927,1927,2-s2.0-1842583734
1931,1931,2-s2.0-1542442445
1932,1932,2-s2.0-1542274560
1934,1934,2-s2.0-10744224323
1935,1935,2-s2.0-0742285653
1938,1938,2-s2.0-0142031060
1939,1939,2-s2.0-0942266544
1940,1940,2-s2.0-0842266708
1941,1941,2-s2.0-1442358607
1943,1943,2-s2.0-1142310952
1944,1944,2-s2.0-70350728487
1946,1946,2-s2.0-2342570397
1947,1947,2-s2.0-1442337819
1948,1948,2-s2.0-0842346340
1949,1949,2-s2.0-84909039656
1953,1953,2-s2.0-9244231790
1954,1954,2-s2.0-8644241595
1955,1955,2-s2.0-85208301491
1956,1956,2-s2.0-85183258933
1958,1958,2-s2.0-85139345161
1964,1964,2-s2.0-85137423433
1965,1965,2-s2.0-85088341427
1967,1967,2-s2.0-85075047949
1968,1968,2-s2.0-85071208214
1969,1969,2-s2.0-85066195534
1970,1970,2-s2.0-85066189185
1972,1972,2-s2.0-85064793042
1974,1974,2-s2.0-85052320024
1975,1975,2-s2.0-85044701025
1976,1976,2-s2.0-85035369629
1979,1979,2-s2.0-85024587339
1984,1984,2-s2.0-85014703440
1985,1985,2-s2.0-85012080006
1988,1988,2-s2.0-85011468699
1994,1994,2-s2.0-84967675271
1995,1995,2-s2.0-84964059282
2000,2000,2-s2.0-84923808613
2002,2002,2-s2.0-84923592261
2005,2005,2-s2.0-84907482785
2006,2006,2-s2.0-84903675710
2007,2007,2-s2.0-84902400017
2008,2008,2-s2.0-84890144600
2009,2009,2-s2.0-84884339471
2011,2011,2-s2.0-84868438705
2012,2012,2-s2.0-84865611758
2017,2017,2-s2.0-79960388409
2018,2018,2-s2.0-79957575427
2025,2025,2-s2.0-70350285149
2031,2031,2-s2.0-5444258076
2032,2032,2-s2.0-5444234282
2034,2034,2-s2.0-51249129968
2038,2038,2-s2.0-4944240996
2040,2040,2-s2.0-4844223598
2042,2042,2-s2.0-4544319034
2043,2043,2-s2.0-4544278565
2044,2044,2-s2.0-4344661134
2048,2048,2-s2.0-4344577362
2050,2050,2-s2.0-4143110183
2051,2051,2-s2.0-4043064352
2052,2052,2-s2.0-39049189213
2055,2055,2-s2.0-3543031078
2056,2056,2-s2.0-3543025771
2058,2058,2-s2.0-35048851596
2061,2061,2-s2.0-34250174094
2062,2062,2-s2.0-34248694004
2063,2063,2-s2.0-33750476708
2065,2065,2-s2.0-33748571007
2072,2072,2-s2.0-3142672982
2073,2073,2-s2.0-3042818128
2074,2074,2-s2.0-3042734232
2077,2077,2-s2.0-2942734971
2078,2078,2-s2.0-2942703941
2079,2079,2-s2.0-2942614685
2082,2082,2-s2.0-2942520113
2084,2084,2-s2.0-2642554787
2085,2085,2-s2.0-2642546767
2086,2086,2-s2.0-2642527133
2088,2088,2-s2.0-2442686782
2089,2089,2-s2.0-2442628556
2090,2090,2-s2.0-2442549739
2091,2091,2-s2.0-2442543368
2092,2092,2-s2.0-2442529865
2095,2095,2-s2.0-23944506249
2096,2096,2-s2.0-23944446164
2100,2100,2-s2.0-2142814425
2101,2101,2-s2.0-21244505821
2103,2103,2-s2.0-21244467906
2107,2107,2-s2.0-18544378847
2109,2109,2-s2.0-16644369317
2111,2111,2-s2.0-16544395273
2112,2112,2-s2.0-1642414978
2115,2115,2-s2.0-1542634814
2118,2118,2-s2.0-14044250002
2121,2121,2-s2.0-13844250410
2122,2122,2-s2.0-13444274830
2123,2123,2-s2.0-1342347403
2124,2124,2-s2.0-1342310258
2126,2126,2-s2.0-12844277335
2128,2128,2-s2.0-12344263717
2131,2131,2-s2.0-1142263247
2132,2132,2-s2.0-11344260871
2133,2133,2-s2.0-11244283955
2138,2138,2-s2.0-10444234228
2140,2140,2-s2.0-10044235188
2143,2143,2-s2.0-0842267620
2151,2151,2-s2.0-0346725819
2152,2152,2-s2.0-29144474615
2153,2153,2-s2.0-29544440548
2155,2155,2-s2.0-28744441442
2157,2157,2-s2.0-28044442498
2160,2160,2-s2.0-84898289065
2165,2165,2-s2.0-84895276028
2166,2166,2-s2.0-84892253360
2167,2167,2-s2.0-84892231397
2168,2168,2-s2.0-84892215459
2169,2169,2-s2.0-84892214247
2170,2170,2-s2.0-84892214131
2172,2172,2-s2.0-84887564345
2182,2182,2-s2.0-84885725233
2183,2183,2-s2.0-84883403160
2184,2184,2-s2.0-84883040316
2186,2186,2-s2.0-84869076638
2187,2187,2-s2.0-84867435101
2194,2194,2-s2.0-84867410546
2196,2196,2-s2.0-84867391202
2199,2199,2-s2.0-84867376102
2203,2203,2-s2.0-84865768669
2207,2207,2-s2.0-84859578670
2208,2208,2-s2.0-84859266818
2210,2210,2-s2.0-84856974016
2211,2211,2-s2.0-80053471248
2213,2213,2-s2.0-78651234644
2214,2214,2-s2.0-77954047358
2217,2217,2-s2.0-76949088916
2218,2218,2-s2.0-63849163935
2222,2222,2-s2.0-57449099143
2223,2223,2-s2.0-55949095430
2224,2224,2-s2.0-45349097779
2225,2225,2-s2.0-42549140864
2227,2227,2-s2.0-34547111671
2229,2229,2-s2.0-33947280044
2230,2230,2-s2.0-33947278904
2236,2236,2-s2.0-33947237357
2238,2238,2-s2.0-33947213961
2240,2240,2-s2.0-33947202742
2241,2241,2-s2.0-33947202711
2244,2244,2-s2.0-33846026727
2246,2246,2-s2.0-33845336824
2250,2250,2-s2.0-33845290218
2251,2251,2-s2.0-33845283871
2252,2252,2-s2.0-33751305326
2255,2255,2-s2.0-33751288587
2260,2260,2-s2.0-33746159412
2261,2261,2-s2.0-33745947856
2264,2264,2-s2.0-33745711980
2265,2265,2-s2.0-33744998513
2266,2266,2-s2.0-33645924687
2267,2267,2-s2.0-33645859332
2268,2268,2-s2.0-33645652187
2269,2269,2-s2.0-33645651232
2270,2270,2-s2.0-33645651129
2274,2274,2-s2.0-33645350381
2275,2275,2-s2.0-33645152544
2280,2280,2-s2.0-31444456441
2281,2281,2-s2.0-30744444431
2282,2282,2-s2.0-29844440450
2284,2284,2-s2.0-29544442161
2285,2285,2-s2.0-29444454722
2287,2287,2-s2.0-29244439352
2291,2291,2-s2.0-27644489110
2292,2292,2-s2.0-28044457204
2293,2293,2-s2.0-85082026917
2294,2294,2-s2.0-27744517159
2297,2297,2-s2.0-27744456552
2298,2298,2-s2.0-33748534985
2300,2300,2-s2.0-30844439888
2302,2302,2-s2.0-28444469240
2304,2304,2-s2.0-28144461554
2306,2306,2-s2.0-27844608983
2314,2314,2-s2.0-26644471489
2315,2315,2-s2.0-29344463901
2316,2316,2-s2.0-27544442652
2318,2318,2-s2.0-33750840143
2319,2319,2-s2.0-33644670379
2322,2322,2-s2.0-31044454129
2324,2324,2-s2.0-27944461086
2326,2326,2-s2.0-27744560953
2330,2330,2-s2.0-23744496081
2331,2331,2-s2.0-21244490873
2332,2332,2-s2.0-21244489275
2333,2333,2-s2.0-21244462782
2335,2335,2-s2.0-24944471226
2338,2338,2-s2.0-33644809746
2340,2340,2-s2.0-24344465799
2341,2341,2-s2.0-24144465935
2345,2345,2-s2.0-85007354717
2348,2348,2-s2.0-33645312718
2349,2349,2-s2.0-33645013709
2351,2351,2-s2.0-28044465951
2352,2352,2-s2.0-28044450844
2353,2353,2-s2.0-28044447831
2354,2354,2-s2.0-28044446749
2355,2355,2-s2.0-28044446311
2356,2356,2-s2.0-27844489622
2359,2359,2-s2.0-27144482249
2360,2360,2-s2.0-25644448118
2362,2362,2-s2.0-24344442797
2364,2364,2-s2.0-23644439234
2367,2367,2-s2.0-33747490952
2371,2371,2-s2.0-85120931190
2372,2372,2-s2.0-85065194047
2374,2374,2-s2.0-44049086142
2378,2378,2-s2.0-28644449027
2382,2382,2-s2.0-23944486352
2386,2386,2-s2.0-22544476568
2387,2387,2-s2.0-22544475361
2391,2391,2-s2.0-22544437020
2394,2394,2-s2.0-85057208976
2395,2395,2-s2.0-84993038032
2396,2396,2-s2.0-33745220992
2398,2398,2-s2.0-33646446318
2405,2405,2-s2.0-24044440786
2406,2406,2-s2.0-23144447424
2410,2410,2-s2.0-19644385540
2411,2411,2-s2.0-84906112791
2413,2413,2-s2.0-20444455111
2415,2415,2-s2.0-20444403370
2416,2416,2-s2.0-20444393102
2417,2417,2-s2.0-20344403512
2418,2418,2-s2.0-20344397947
2420,2420,2-s2.0-85024262955
2422,2422,2-s2.0-33646805412
2423,2423,2-s2.0-33646788064
2425,2425,2-s2.0-28244475801
2426,2426,2-s2.0-27944504755
2427,2427,2-s2.0-27944504369
2430,2430,2-s2.0-27844511445
2435,2435,2-s2.0-23044477933
2438,2438,2-s2.0-21644488472
2441,2441,2-s2.0-20644434925
2444,2444,2-s2.0-19744371831
2445,2445,2-s2.0-84905519647
2446,2446,2-s2.0-84909373586
2447,2447,2-s2.0-17444395240
2448,2448,2-s2.0-17444387824
2451,2451,2-s2.0-27844503633
2453,2453,2-s2.0-21244452657
2455,2455,2-s2.0-18844452681
2456,2456,2-s2.0-18444413198
2458,2458,2-s2.0-17744385147
2459,2459,2-s2.0-17144383539
2461,2461,2-s2.0-16344380655
2463,2463,2-s2.0-17644395297
2465,2465,2-s2.0-85023730931
2466,2466,2-s2.0-84978981667
2467,2467,2-s2.0-60849111620
2468,2468,2-s2.0-34548186607
2470,2470,2-s2.0-26044447219
2473,2473,2-s2.0-22544451871
2476,2476,2-s2.0-19944395219
2480,2480,2-s2.0-12344266132
2481,2481,2-s2.0-15244349337
2482,2482,2-s2.0-33748529562
2485,2485,2-s2.0-27944494881
2490,2490,2-s2.0-27844561578
2493,2493,2-s2.0-27844521438
2496,2496,2-s2.0-27844468215
2497,2497,2-s2.0-27444433224
2500,2500,2-s2.0-21244441590
2502,2502,2-s2.0-18844390717
2503,2503,2-s2.0-17744384965
2506,2506,2-s2.0-17444383511
2509,2509,2-s2.0-16844375894
2510,2510,2-s2.0-16244363080
2511,2511,2-s2.0-15444377963
2514,2514,2-s2.0-14844293607
2516,2516,2-s2.0-19744383333
2519,2519,2-s2.0-13444312221
2520,2520,2-s2.0-84909436887
2522,2522,2-s2.0-34848910245
2524,2524,2-s2.0-18344396772
2526,2526,2-s2.0-17244370521
2531,2531,2-s2.0-13544256614
2533,2533,2-s2.0-11144325585
2545,2545,2-s2.0-85079313734
2548,2548,2-s2.0-85072426994
2552,2552,2-s2.0-85071526859
2556,2556,2-s2.0-85071121954
2558,2558,2-s2.0-85070969659
2560,2560,2-s2.0-85070390480
2561,2561,2-s2.0-85070371171
2563,2563,2-s2.0-85065376744
2569,2569,2-s2.0-85029921015
2570,2570,2-s2.0-85025307635
2572,2572,2-s2.0-85024595103
2574,2574,2-s2.0-85024200111
2578,2578,2-s2.0-85023872960
2582,2582,2-s2.0-85023586529
2586,2586,2-s2.0-85008813605
2588,2588,2-s2.0-84992897931
2592,2592,2-s2.0-84979809373
2598,2598,2-s2.0-84958977204
2600,2600,2-s2.0-84958178138
2605,2605,2-s2.0-84958171102
2607,2607,2-s2.0-84958165682
2609,2609,2-s2.0-84958153483
2610,2610,2-s2.0-84951335007
2613,2613,2-s2.0-84951299207
2615,2615,2-s2.0-84938577214
2618,2618,2-s2.0-84928764476
2620,2620,2-s2.0-84928760815
2621,2621,2-s2.0-84928426369
2623,2623,2-s2.0-84927089148
2624,2624,2-s2.0-84927087465
2625,2625,2-s2.0-84927051290
2626,2626,2-s2.0-84926994347
2627,2627,2-s2.0-84926955550
2630,2630,2-s2.0-84908391578
2633,2633,2-s2.0-84908374055
2635,2635,2-s2.0-84904245888
2637,2637,2-s2.0-84902524351
2640,2640,2-s2.0-84901338690
2642,2642,2-s2.0-84897010712
2643,2643,2-s2.0-84897009935
2644,2644,2-s2.0-84896982142
2645,2645,2-s2.0-84896977823
2647,2647,2-s2.0-84896952955
2648,2648,2-s2.0-84896934720
2649,2649,2-s2.0-84896929539
2651,2651,2-s2.0-84884475184
2655,2655,2-s2.0-80052775827
2656,2656,2-s2.0-79957911641
2658,2658,2-s2.0-78649885510
2660,2660,2-s2.0-77955972082
2662,2662,2-s2.0-77950246908
2663,2663,2-s2.0-77949544506
2665,2665,2-s2.0-61949416683
2666,2666,2-s2.0-61149705107
2671,2671,2-s2.0-35048873292
2674,2674,2-s2.0-34547407412
2676,2676,2-s2.0-34250019865
2677,2677,2-s2.0-34247123383
2678,2678,2-s2.0-33846698819
2679,2679,2-s2.0-33750388967
2680,2680,2-s2.0-33750386393
2683,2683,2-s2.0-33749561681
2684,2684,2-s2.0-33748075828
2686,2686,2-s2.0-33747190811
2690,2690,2-s2.0-33646502808
2691,2691,2-s2.0-33646189020
2695,2695,2-s2.0-33645327659
2698,2698,2-s2.0-33644842764
2699,2699,2-s2.0-33644836026
2704,2704,2-s2.0-29344473331
2705,2705,2-s2.0-29144463127
2709,2709,2-s2.0-27844543189
2712,2712,2-s2.0-27744525056
2714,2714,2-s2.0-27544500263
2718,2718,2-s2.0-27144524443
2721,2721,2-s2.0-26844437308
2729,2729,2-s2.0-24644437312
2730,2730,2-s2.0-24144491623
2731,2731,2-s2.0-24144451910
2732,2732,2-s2.0-23944496650
2734,2734,2-s2.0-23244461832
2736,2736,2-s2.0-22544487806
2737,2737,2-s2.0-22544487512
2742,2742,2-s2.0-22544482338
2743,2743,2-s2.0-22544481438
2745,2745,2-s2.0-22544480825
2747,2747,2-s2.0-22544480039
2748,2748,2-s2.0-22544480036
2752,2752,2-s2.0-22544477841
2753,2753,2-s2.0-22544477119
2754,2754,2-s2.0-22544476250
2757,2757,2-s2.0-22544475320
2759,2759,2-s2.0-22544473659
2760,2760,2-s2.0-22544473640
2761,2761,2-s2.0-22544471856
2762,2762,2-s2.0-22544470610
2764,2764,2-s2.0-22544468847
2766,2766,2-s2.0-22544468542
2767,2767,2-s2.0-22544468083
2768,2768,2-s2.0-22544467797
2769,2769,2-s2.0-22544467789
2772,2772,2-s2.0-22544467508
2773,2773,2-s2.0-22544467017
2774,2774,2-s2.0-22544465838
2775,2775,2-s2.0-22544465601
2777,2777,2-s2.0-22544461920
2779,2779,2-s2.0-22544461336
2784,2784,2-s2.0-22544459357
2785,2785,2-s2.0-22544457210
2788,2788,2-s2.0-22544454465
2790,2790,2-s2.0-22544454195
2793,2793,2-s2.0-22544445882
2794,2794,2-s2.0-22544445573
2795,2795,2-s2.0-22544445570
2796,2796,2-s2.0-22544444255
2797,2797,2-s2.0-22544443066
2799,2799,2-s2.0-22544439708
2800,2800,2-s2.0-22544438753
2801,2801,2-s2.0-22544438742
2805,2805,2-s2.0-22544433754
2807,2807,2-s2.0-22544431696
2809,2809,2-s2.0-22244450576
2811,2811,2-s2.0-21644464821
2813,2813,2-s2.0-21244496484
2814,2814,2-s2.0-21244472393
2818,2818,2-s2.0-20444475423
2821,2821,2-s2.0-19944373080
2824,2824,2-s2.0-18944398436
2825,2825,2-s2.0-18944386475
2827,2827,2-s2.0-18244383504
2828,2828,2-s2.0-17544365329
2829,2829,2-s2.0-17444405261
2830,2830,2-s2.0-17444369362
2832,2832,2-s2.0-17144394817
2834,2834,2-s2.0-17044433422
2836,2836,2-s2.0-17044380237
2837,2837,2-s2.0-16444374809
2838,2838,2-s2.0-16444373058
2842,2842,2-s2.0-14844331123
2843,2843,2-s2.0-14644430398
2845,2845,2-s2.0-14644398647
2847,2847,2-s2.0-13944269902
2849,2849,2-s2.0-13844256569
2850,2850,2-s2.0-13544258905
2852,2852,2-s2.0-12844265538
2853,2853,2-s2.0-12844261680
2855,2855,2-s2.0-12744253771
2856,2856,2-s2.0-12344267598
2857,2857,2-s2.0-12344250977
2858,2858,2-s2.0-12144278300
2859,2859,2-s2.0-11244299484
2862,2862,2-s2.0-10644244538
2866,2866,2-s2.0-33845706611
2867,2867,2-s2.0-33845651870
2877,2877,2-s2.0-84890006331
2878,2878,2-s2.0-84886806328
2879,2879,2-s2.0-84884381766
2880,2880,2-s2.0-84884375688
2881,2881,2-s2.0-84884299426
2885,2885,2-s2.0-84878098792
2888,2888,2-s2.0-84878052566
2889,2889,2-s2.0-84878026688
2890,2890,2-s2.0-84875589402
2891,2891,2-s2.0-84872120064
2892,2892,2-s2.0-84872107145
2895,2895,2-s2.0-84867418726
2898,2898,2-s2.0-84867373473
2900,2900,2-s2.0-84867255758
2901,2901,2-s2.0-78649566758
2904,2904,2-s2.0-77955139878
2905,2905,2-s2.0-77951288150
2910,2910,2-s2.0-70450225329
2913,2913,2-s2.0-63849141297
2914,2914,2-s2.0-61049217468
2915,2915,2-s2.0-59249105907
2917,2917,2-s2.0-58249098483
2919,2919,2-s2.0-50249094713
2921,2921,2-s2.0-48749131695
2923,2923,2-s2.0-48749122788
2925,2925,2-s2.0-48749114449
2926,2926,2-s2.0-48749109505
2931,2931,2-s2.0-46949097129
2939,2939,2-s2.0-39049181486
2945,2945,2-s2.0-35948972900
2947,2947,2-s2.0-35348896508
2948,2948,2-s2.0-34748814376
2950,2950,2-s2.0-34548359131
2951,2951,2-s2.0-34548316377
2953,2953,2-s2.0-34547556854
2954,2954,2-s2.0-34547490591
2957,2957,2-s2.0-34249332032
2960,2960,2-s2.0-34247358298
2961,2961,2-s2.0-34247339407
2964,2964,2-s2.0-34047187101
2965,2965,2-s2.0-33947698935
2966,2966,2-s2.0-33947633554
2967,2967,2-s2.0-33847221159
2973,2973,2-s2.0-33846579091
2975,2975,2-s2.0-33846134364
2980,2980,2-s2.0-33845444410
2981,2981,2-s2.0-33845327517
2982,2982,2-s2.0-33845264132
2983,2983,2-s2.0-33751430230
2984,2984,2-s2.0-33751340561
2987,2987,2-s2.0-33750484008
2989,2989,2-s2.0-33645154277
2990,2990,2-s2.0-33644646004
2991,2991,2-s2.0-33847765023
2993,2993,2-s2.0-33751212456
2998,2998,2-s2.0-33750628612
3005,3005,2-s2.0-33751012710
3007,3007,2-s2.0-33750919237
3011,3011,2-s2.0-33750573132
3012,3012,2-s2.0-33750446345
3013,3013,2-s2.0-33750354315
3014,3014,2-s2.0-33750180064
3015,3015,2-s2.0-33749834342
3016,3016,2-s2.0-33749504720
3017,3017,2-s2.0-33748450570
3018,3018,2-s2.0-33748414603
3020,3020,2-s2.0-33750708263
3023,3023,2-s2.0-33750437413
3024,3024,2-s2.0-33750471956
3025,3025,2-s2.0-33750473335
3026,3026,2-s2.0-33750010154
3028,3028,2-s2.0-84911216351
3030,3030,2-s2.0-33749557230
3035,3035,2-s2.0-33749042528
3036,3036,2-s2.0-85069729236
3037,3037,2-s2.0-84876118964
3038,3038,2-s2.0-34547198279
3041,3041,2-s2.0-33751027188
3043,3043,2-s2.0-33750381562
3045,3045,2-s2.0-33750286268
3048,3048,2-s2.0-33750116643
3051,3051,2-s2.0-33749596984
3052,3052,2-s2.0-33749527701
3055,3055,2-s2.0-33747878311
3060,3060,2-s2.0-33748956306
3064,3064,2-s2.0-33748913193
3065,3065,2-s2.0-33748895273
3068,3068,2-s2.0-33748314597
3069,3069,2-s2.0-84920423988
3070,3070,2-s2.0-43949130604
3071,3071,2-s2.0-33845699654
3072,3072,2-s2.0-33751017980
3073,3073,2-s2.0-33750532704
3074,3074,2-s2.0-33749458959
3076,3076,2-s2.0-33749038616
3078,3078,2-s2.0-33748297433
3080,3080,2-s2.0-33746803694
3081,3081,2-s2.0-33745807625
3082,3082,2-s2.0-33644591417
3083,3083,2-s2.0-33748459228
3084,3084,2-s2.0-33746766983
3085,3085,2-s2.0-33746539485
3086,3086,2-s2.0-85082077794
3091,3091,2-s2.0-35148835072
3094,3094,2-s2.0-35048840221
3095,3095,2-s2.0-33846699308
3096,3096,2-s2.0-33845224655
3097,3097,2-s2.0-33845215867
3098,3098,2-s2.0-33845191800
3099,3099,2-s2.0-33750601676
3101,3101,2-s2.0-33749079393
3102,3102,2-s2.0-33748281957
3107,3107,2-s2.0-33745922043
3108,3108,2-s2.0-33745841925
3110,3110,2-s2.0-33746060149
3111,3111,2-s2.0-33745613552
3112,3112,2-s2.0-33745606215
3113,3113,2-s2.0-33750352765
3114,3114,2-s2.0-33749567176
3115,3115,2-s2.0-33749555829
3118,3118,2-s2.0-33747644445
3120,3120,2-s2.0-33747137996
3122,3122,2-s2.0-33745962847
3125,3125,2-s2.0-33744751854
3130,3130,2-s2.0-33750282308
3132,3132,2-s2.0-33748859462
3133,3133,2-s2.0-33748086795
3136,3136,2-s2.0-33746724691
3140,3140,2-s2.0-33745663493
3142,3142,2-s2.0-33745610048
3148,3148,2-s2.0-33744781840
3151,3151,2-s2.0-33744483744
3152,3152,2-s2.0-33646727799
3154,3154,2-s2.0-85167431068
3155,3155,2-s2.0-33748577208
3156,3156,2-s2.0-33744939475
3161,3161,2-s2.0-33646345369
3165,3165,2-s2.0-77952107714
3171,3171,2-s2.0-33746196644
3176,3176,2-s2.0-33646257558
3177,3177,2-s2.0-33645003896
3182,3182,2-s2.0-33845388834
3184,3184,2-s2.0-33745597330
3185,3185,2-s2.0-33744779316
3191,3191,2-s2.0-33645298197
3192,3192,2-s2.0-33645229976
3193,3193,2-s2.0-33645221823
3198,3198,2-s2.0-33645146223
3199,3199,2-s2.0-33645144576
3202,3202,2-s2.0-33644994241
3205,3205,2-s2.0-32944466370
3207,3207,2-s2.0-29244490117
3210,3210,2-s2.0-33751222595
3211,3211,2-s2.0-33751213118
3212,3212,2-s2.0-33751207127
3219,3219,2-s2.0-33746452609
3221,3221,2-s2.0-33646809033
3222,3222,2-s2.0-33645789818
3224,3224,2-s2.0-33645703762
3227,3227,2-s2.0-33645678879
3229,3229,2-s2.0-33644900518
3230,3230,2-s2.0-33644881977
3232,3232,2-s2.0-30644480713
3233,3233,2-s2.0-29144458290
3235,3235,2-s2.0-31344450355
3237,3237,2-s2.0-85147628915
3238,3238,2-s2.0-85145523540
3239,3239,2-s2.0-85141571657
3243,3243,2-s2.0-85135980109
3244,3244,2-s2.0-85135974455
3245,3245,2-s2.0-85135973661
3246,3246,2-s2.0-85117689761
3248,3248,2-s2.0-85101232057
3249,3249,2-s2.0-85085669515
3252,3252,2-s2.0-85068002748
3256,3256,2-s2.0-85067948954
3259,3259,2-s2.0-85067913930
3262,3262,2-s2.0-85045649603
3263,3263,2-s2.0-85040909489
3265,3265,2-s2.0-85032774098
3268,3268,2-s2.0-85029128137
3269,3269,2-s2.0-85029125062
3270,3270,2-s2.0-85029124886
3271,3271,2-s2.0-85029124227
3274,3274,2-s2.0-85029121066
3276,3276,2-s2.0-85029119236
3279,3279,2-s2.0-85029117171
3280,3280,2-s2.0-85029114714
3282,3282,2-s2.0-85029110786
3283,3283,2-s2.0-85029109544
3289,3289,2-s2.0-85029093569
3290,3290,2-s2.0-85029092997
3291,3291,2-s2.0-85029092945
3294,3294,2-s2.0-85029081371
3295,3295,2-s2.0-85029081182
3296,3296,2-s2.0-85029080636
3299,3299,2-s2.0-85029077466
3300,3300,2-s2.0-85029076798
3301,3301,2-s2.0-85029073590
3304,3304,2-s2.0-85029072327
3308,3308,2-s2.0-85029065165
3309,3309,2-s2.0-85029060772
3310,3310,2-s2.0-85029060527
3311,3311,2-s2.0-85029058113
3312,3312,2-s2.0-85029054660
3313,3313,2-s2.0-85029053836
3314,3314,2-s2.0-85029053768
3315,3315,2-s2.0-85029050924
3318,3318,2-s2.0-85029040608
3319,3319,2-s2.0-85029039130
3320,3320,2-s2.0-85029037478
3322,3322,2-s2.0-85029034677
3323,3323,2-s2.0-85029033247
3326,3326,2-s2.0-85029029220
3330,3330,2-s2.0-85029021335
3331,3331,2-s2.0-85029021102
3332,3332,2-s2.0-85028604872
3333,3333,2-s2.0-85026807021
3334,3334,2-s2.0-85024204517
3335,3335,2-s2.0-85024195947
3336,3336,2-s2.0-85024178154
3337,3337,2-s2.0-85023726022
3341,3341,2-s2.0-85011514499
3342,3342,2-s2.0-85011452128
3344,3344,2-s2.0-85001603365
3345,3345,2-s2.0-84995416471
3348,3348,2-s2.0-84993708955
3350,3350,2-s2.0-84990998473
3356,3356,2-s2.0-84990875263
3358,3358,2-s2.0-84990348170
3360,3360,2-s2.0-84978763728
3362,3362,2-s2.0-84967467100
3363,3363,2-s2.0-84961649085
3364,3364,2-s2.0-84957737021
3365,3365,2-s2.0-84957732266
3368,3368,2-s2.0-84938855621
3370,3370,2-s2.0-84938828707
3372,3372,2-s2.0-84927051972
3375,3375,2-s2.0-84926260733
3378,3378,2-s2.0-84926257879
3380,3380,2-s2.0-84926256336
3381,3381,2-s2.0-84926256145
3382,3382,2-s2.0-84926255756
3383,3383,2-s2.0-84926255453
3384,3384,2-s2.0-84926253574
3385,3385,2-s2.0-84926252293
3386,3386,2-s2.0-84926250726
3387,3387,2-s2.0-84926250435
3390,3390,2-s2.0-84926246921
3391,3391,2-s2.0-84926245385
3392,3392,2-s2.0-84924119689
3393,3393,2-s2.0-84923492340
3395,3395,2-s2.0-84923477825
3398,3398,2-s2.0-84923452807
3399,3399,2-s2.0-84923449274
3403,3403,2-s2.0-84923393212
3407,3407,2-s2.0-84911999886
3408,3408,2-s2.0-84906585162
3411,3411,2-s2.0-84897003741
3412,3412,2-s2.0-84896971814
3414,3414,2-s2.0-84896964591
3417,3417,2-s2.0-84896012031
3419,3419,2-s2.0-84895996552
3420,3420,2-s2.0-84895985031
3421,3421,2-s2.0-84895891732
3423,3423,2-s2.0-84892862924
3424,3424,2-s2.0-84884305258
3426,3426,2-s2.0-84877974384
3427,3427,2-s2.0-84877964558
3437,3437,2-s2.0-84867407872
3439,3439,2-s2.0-84860192037
3446,3446,2-s2.0-77958604553
3447,3447,2-s2.0-77955220013
3449,3449,2-s2.0-77049115493
3450,3450,2-s2.0-75349110670
3452,3452,2-s2.0-70349755234
3454,3454,2-s2.0-61949441746
3455,3455,2-s2.0-61049360743
3457,3457,2-s2.0-55749109289
3459,3459,2-s2.0-53849136004
3463,3463,2-s2.0-48749105816
3464,3464,2-s2.0-48749098813
3466,3466,2-s2.0-48749098321
3468,3468,2-s2.0-48749088908
3469,3469,2-s2.0-48749086473
3471,3471,2-s2.0-42449138935
3474,3474,2-s2.0-41149180079
3482,3482,2-s2.0-37749032655
3483,3483,2-s2.0-37349111561
3484,3484,2-s2.0-37349108448
3485,3485,2-s2.0-37149039740
3489,3489,2-s2.0-34548761366
3492,3492,2-s2.0-33947365954
3493,3493,2-s2.0-33847743837
3495,3495,2-s2.0-33847340167
3496,3496,2-s2.0-33847281494
3497,3497,2-s2.0-33847138965
3498,3498,2-s2.0-33847134284
3501,3501,2-s2.0-33846344744
3505,3505,2-s2.0-33846150397
3507,3507,2-s2.0-33845886101
3508,3508,2-s2.0-33845868495
3511,3511,2-s2.0-33845547000
3512,3512,2-s2.0-33845545319
3513,3513,2-s2.0-33845532661
3514,3514,2-s2.0-33845532571
3515,3515,2-s2.0-33845529511
3520,3520,2-s2.0-33751576042
3525,3525,2-s2.0-33750712387
3526,3526,2-s2.0-33750617367
3528,3528,2-s2.0-33750278674
3529,3529,2-s2.0-33750221211
3530,3530,2-s2.0-33750207629
3531,3531,2-s2.0-33750207274
3532,3532,2-s2.0-33750206360
3533,3533,2-s2.0-33750200138
3536,3536,2-s2.0-33750094744
3538,3538,2-s2.0-33749571561
3541,3541,2-s2.0-33749361533
3544,3544,2-s2.0-33748860843
3546,3546,2-s2.0-33748661794
3550,3550,2-s2.0-33746588198
3551,3551,2-s2.0-33746586915
3552,3552,2-s2.0-33746583680
3555,3555,2-s2.0-33746168560
3556,3556,2-s2.0-33745916460
3557,3557,2-s2.0-33745908228
3558,3558,2-s2.0-33745869375
3559,3559,2-s2.0-33745866552
3560,3560,2-s2.0-33745808339
3561,3561,2-s2.0-33745627469
3562,3562,2-s2.0-33745627041
3564,3564,2-s2.0-33745349917
3565,3565,2-s2.0-33745272242
3566,3566,2-s2.0-33744990873
3567,3567,2-s2.0-33646846107
3568,3568,2-s2.0-33646844598
3569,3569,2-s2.0-33646746626
3571,3571,2-s2.0-33646559859
3573,3573,2-s2.0-33646507516
3574,3574,2-s2.0-33646137392
3576,3576,2-s2.0-33646063540
3577,3577,2-s2.0-33646056968
3578,3578,2-s2.0-33645963790
3579,3579,2-s2.0-33645961920
3582,3582,2-s2.0-33645347318
3583,3583,2-s2.0-33645337109
3584,3584,2-s2.0-33645297660
3586,3586,2-s2.0-33645075760
3589,3589,2-s2.0-33644945381
3591,3591,2-s2.0-33644827820
3594,3594,2-s2.0-33144489019
3595,3595,2-s2.0-32644437738
3596,3596,2-s2.0-32344444976
3599,3599,2-s2.0-31644447966
3600,3600,2-s2.0-31644439492
3604,3604,2-s2.0-30344478825
3605,3605,2-s2.0-30044446855
3608,3608,2-s2.0-29744469415
3610,3610,2-s2.0-29444453046
3614,3614,2-s2.0-105011792755
3615,3615,2-s2.0-105011790940
3618,3618,2-s2.0-78651551840
3621,3621,2-s2.0-84858484335
3631,3631,2-s2.0-84897156961
3632,3632,2-s2.0-84892833683
3633,3633,2-s2.0-84892828617
3635,3635,2-s2.0-84892818015
3638,3638,2-s2.0-84892794219
3640,3640,2-s2.0-84892783386
3650,3650,2-s2.0-84890026394
3655,3655,2-s2.0-84885236843
3656,3656,2-s2.0-84885224262
3661,3661,2-s2.0-84878244045
3662,3662,2-s2.0-84878243638
3665,3665,2-s2.0-84871591342
3666,3666,2-s2.0-84871557502
3667,3667,2-s2.0-84870359130
3671,3671,2-s2.0-84869801869
3677,3677,2-s2.0-84867464133
3680,3680,2-s2.0-84867445966
3681,3681,2-s2.0-84867442319
3683,3683,2-s2.0-84867394792
3687,3687,2-s2.0-84863116273
3688,3688,2-s2.0-84860722144
3689,3689,2-s2.0-84859615480
3693,3693,2-s2.0-84858607881
3694,3694,2-s2.0-84856947186
3696,3696,2-s2.0-84856904419
3698,3698,2-s2.0-80051511854
3702,3702,2-s2.0-79952529090
3704,3704,2-s2.0-78651231804
3705,3705,2-s2.0-78650953712
3706,3706,2-s2.0-78650925065
3708,3708,2-s2.0-78649780835
3710,3710,2-s2.0-77958007998
3712,3712,2-s2.0-77954614007
3719,3719,2-s2.0-71449126940
3720,3720,2-s2.0-71449122709
3722,3722,2-s2.0-71449113754
3723,3723,2-s2.0-71449096894
3726,3726,2-s2.0-70350390085
3728,3728,2-s2.0-70349221711
3733,3733,2-s2.0-63049138111
3735,3735,2-s2.0-63049118255
3736,3736,2-s2.0-63049117939
3738,3738,2-s2.0-63049102796
3741,3741,2-s2.0-60949778649
3746,3746,2-s2.0-56349104631
3748,3748,2-s2.0-55849151352
3749,3749,2-s2.0-55849126731
3751,3751,2-s2.0-55649086188
3752,3752,2-s2.0-55249114173
3756,3756,2-s2.0-52949129642
3759,3759,2-s2.0-51049109352
3760,3760,2-s2.0-50449101589
3763,3763,2-s2.0-50449085853
3764,3764,2-s2.0-50249158684
3767,3767,2-s2.0-50049132650
3768,3768,2-s2.0-50049130484
3769,3769,2-s2.0-50049118612
3772,3772,2-s2.0-50049114149
3774,3774,2-s2.0-50049110345
3775,3775,2-s2.0-50049108701
3776,3776,2-s2.0-50049106797
3777,3777,2-s2.0-50049104782
3783,3783,2-s2.0-50049095351
3784,3784,2-s2.0-50049089514
3791,3791,2-s2.0-49749114850
3792,3792,2-s2.0-49649129279
3796,3796,2-s2.0-48349146124
3799,3799,2-s2.0-48249104384
3800,3800,2-s2.0-48149112814
3801,3801,2-s2.0-48149105509
3803,3803,2-s2.0-48049087171
3807,3807,2-s2.0-47649111650
3808,3808,2-s2.0-47649098819
3811,3811,2-s2.0-46749100933
3816,3816,2-s2.0-46149088095
3818,3818,2-s2.0-44949154371
3819,3819,2-s2.0-44649181384
3820,3820,2-s2.0-42549105098
3821,3821,2-s2.0-42149155378
3826,3826,2-s2.0-39149130699
3833,3833,2-s2.0-38049011964
3835,3835,2-s2.0-37849038699
3836,3836,2-s2.0-37849037806
3837,3837,2-s2.0-37849026188
3843,3843,2-s2.0-37449005087
3844,3844,2-s2.0-37349131049
3846,3846,2-s2.0-37349123287
3848,3848,2-s2.0-37349092812
3849,3849,2-s2.0-37349068640
3850,3850,2-s2.0-37349054230
3852,3852,2-s2.0-37349045106
3853,3853,2-s2.0-37349033689
3854,3854,2-s2.0-37349026702
3860,3860,2-s2.0-36248962049
3861,3861,2-s2.0-36248939615
3865,3865,2-s2.0-35349028980
3867,3867,2-s2.0-35348987148
3869,3869,2-s2.0-35348950678
3871,3871,2-s2.0-34548040445
3872,3872,2-s2.0-34548037663
3873,3873,2-s2.0-34248994197
3874,3874,2-s2.0-33847634460
3875,3875,2-s2.0-84917284889
3879,3879,2-s2.0-36348936122
3880,3880,2-s2.0-36348931583
3883,3883,2-s2.0-35648930925
3884,3884,2-s2.0-79954602600
3885,3885,2-s2.0-41449085533
3886,3886,2-s2.0-37349089719
3888,3888,2-s2.0-36448929492
3889,3889,2-s2.0-36248990117
3893,3893,2-s2.0-35748969930
3896,3896,2-s2.0-34548495342
3897,3897,2-s2.0-34548473590
3899,3899,2-s2.0-34248663522
3900,3900,2-s2.0-35348980175
3902,3902,2-s2.0-34848881595
3904,3904,2-s2.0-80053340085
3905,3905,2-s2.0-39449101548
3906,3906,2-s2.0-36448953910
3907,3907,2-s2.0-36048978680
3908,3908,2-s2.0-35448988392
3909,3909,2-s2.0-35448942359
3916,3916,2-s2.0-34848921244
3917,3917,2-s2.0-34748865354
3922,3922,2-s2.0-34548785599
3924,3924,2-s2.0-34548739037
3926,3926,2-s2.0-34548711848
3927,3927,2-s2.0-34548082317
3928,3928,2-s2.0-34447551741
3931,3931,2-s2.0-34548678859
3933,3933,2-s2.0-34548355237
3934,3934,2-s2.0-34548335300
3937,3937,2-s2.0-41849127120
3938,3938,2-s2.0-41849120499
3944,3944,2-s2.0-35048827378
3946,3946,2-s2.0-34548833012
3947,3947,2-s2.0-34548628978
3948,3948,2-s2.0-34548589105
3949,3949,2-s2.0-34548497137
3950,3950,2-s2.0-34548336775
3953,3953,2-s2.0-34547968639
3954,3954,2-s2.0-34547952458
3955,3955,2-s2.0-34547875764
3956,3956,2-s2.0-34547675801
3957,3957,2-s2.0-34547651022
3959,3959,2-s2.0-34447527916
3960,3960,2-s2.0-34250799690
3963,3963,2-s2.0-34548085354
3965,3965,2-s2.0-34548049252
3967,3967,2-s2.0-36348988545
3969,3969,2-s2.0-34547681852
3970,3970,2-s2.0-34548179012
3971,3971,2-s2.0-34547459531
3973,3973,2-s2.0-85068024634
3977,3977,2-s2.0-49449100924
3978,3978,2-s2.0-38949195989
3980,3980,2-s2.0-34848818800
3981,3981,2-s2.0-34648837686
3983,3983,2-s2.0-34548658931
3984,3984,2-s2.0-34548335110
3989,3989,2-s2.0-34547767487
3990,3990,2-s2.0-34547540366
3992,3992,2-s2.0-34547224607
3993,3993,2-s2.0-34447322609
3996,3996,2-s2.0-34347225539
3997,3997,2-s2.0-34248164021
3998,3998,2-s2.0-34547587272
3999,3999,2-s2.0-34447135028
4001,4001,2-s2.0-34447296979
4003,4003,2-s2.0-34848901464
4006,4006,2-s2.0-34547367341
4007,4007,2-s2.0-34547271234
4009,4009,2-s2.0-34547125315
4010,4010,2-s2.0-34447634063
4011,4011,2-s2.0-34447524006
4014,4014,2-s2.0-34250810323
4017,4017,2-s2.0-34249903909
4022,4022,2-s2.0-34250210765
4023,4023,2-s2.0-34250781732
4025,4025,2-s2.0-84919793543
4026,4026,2-s2.0-42149189045
4027,4027,2-s2.0-35348959473
4028,4028,2-s2.0-35348938546
4029,4029,2-s2.0-34548429172
4032,4032,2-s2.0-34548160004
4033,4033,2-s2.0-34547379302
4035,4035,2-s2.0-34250792216
4037,4037,2-s2.0-34249901574
4038,4038,2-s2.0-34249898655
4039,4039,2-s2.0-34249026700
4041,4041,2-s2.0-34248220483
4044,4044,2-s2.0-34247258570
4045,4045,2-s2.0-34147213881
4050,4050,2-s2.0-34248358204
4051,4051,2-s2.0-34247554966
4052,4052,2-s2.0-34247555467
4053,4053,2-s2.0-49449105324
4054,4054,2-s2.0-38049105624
4059,4059,2-s2.0-34249874895
4062,4062,2-s2.0-34249022975
4065,4065,2-s2.0-34147130778
4068,4068,2-s2.0-33846810100
4071,4071,2-s2.0-34147184695
4073,4073,2-s2.0-84991615250
4077,4077,2-s2.0-70349996726
4078,4078,2-s2.0-38749120581
4081,4081,2-s2.0-34250356764
4083,4083,2-s2.0-34248376898
4084,4084,2-s2.0-34248218596
4087,4087,2-s2.0-34247866597
4090,4090,2-s2.0-34247538040
4091,4091,2-s2.0-34247376304
4092,4092,2-s2.0-34247372597
4093,4093,2-s2.0-34247244121
4098,4098,2-s2.0-33845477232
4100,4100,2-s2.0-33847702108
4105,4105,2-s2.0-52149123035
4107,4107,2-s2.0-34250741874
4110,4110,2-s2.0-34249291960
4111,4111,2-s2.0-34249084724
4113,4113,2-s2.0-34248349154
4115,4115,2-s2.0-34247385895
4116,4116,2-s2.0-34247231476
4117,4117,2-s2.0-34247190625
4118,4118,2-s2.0-34247138308
4121,4121,2-s2.0-33947232742
4122,4122,2-s2.0-33947231199
4123,4123,2-s2.0-33947214616
4126,4126,2-s2.0-33847659521
4128,4128,2-s2.0-33846850470
4132,4132,2-s2.0-33846031089
4134,4134,2-s2.0-33947500098
4137,4137,2-s2.0-34547315555
4138,4138,2-s2.0-34247636266
4139,4139,2-s2.0-33947729020
4140,4140,2-s2.0-33947714248
4142,4142,2-s2.0-33846858850
4147,4147,2-s2.0-33845867686
4148,4148,2-s2.0-33845770296
4149,4149,2-s2.0-33845673675
4151,4151,2-s2.0-33845646810
4154,4154,2-s2.0-33845625635
4156,4156,2-s2.0-33751431551
4160,4160,2-s2.0-85183287668
4162,4162,2-s2.0-85142590535
4164,4164,2-s2.0-85140085349
4166,4166,2-s2.0-85140054585
4167,4167,2-s2.0-85139992313
4169,4169,2-s2.0-85097822537
4170,4170,2-s2.0-85087152771
4171,4171,2-s2.0-85073136545
4174,4174,2-s2.0-85068010894
4175,4175,2-s2.0-85067994749
4176,4176,2-s2.0-85067985171
4178,4178,2-s2.0-85067934774
4179,4179,2-s2.0-85067919137
4181,4181,2-s2.0-85061668529
4182,4182,2-s2.0-85055708578
4185,4185,2-s2.0-85041299935
4187,4187,2-s2.0-85029129719
4192,4192,2-s2.0-85029125040
4194,4194,2-s2.0-85029124073
4197,4197,2-s2.0-85029119522
4198,4198,2-s2.0-85029112758
4199,4199,2-s2.0-85029105990
4201,4201,2-s2.0-85029103889
4203,4203,2-s2.0-85029103697
4204,4204,2-s2.0-85029101972
4205,4205,2-s2.0-85029100690
4207,4207,2-s2.0-85029100353
4208,4208,2-s2.0-85029098507
4212,4212,2-s2.0-85029091219
4213,4213,2-s2.0-85029091149
4215,4215,2-s2.0-85029089149
4217,4217,2-s2.0-85029086172
4226,4226,2-s2.0-85029078640
4227,4227,2-s2.0-85029077692
4232,4232,2-s2.0-85029073119
4236,4236,2-s2.0-85029065473
4239,4239,2-s2.0-85029064570
4241,4241,2-s2.0-85029064178
4243,4243,2-s2.0-85029061879
4244,4244,2-s2.0-85029060204
4252,4252,2-s2.0-85029051233
4253,4253,2-s2.0-85029050102
4256,4256,2-s2.0-85029048428
4262,4262,2-s2.0-85029041521
4267,4267,2-s2.0-85029036498
4268,4268,2-s2.0-85029033736
4269,4269,2-s2.0-85029033596
4270,4270,2-s2.0-85029031565
4271,4271,2-s2.0-85029028950
4272,4272,2-s2.0-85029028324
4274,4274,2-s2.0-85029026542
4275,4275,2-s2.0-85029024041
4277,4277,2-s2.0-85029022538
4278,4278,2-s2.0-85024527511
4280,4280,2-s2.0-85023789745
4281,4281,2-s2.0-85023718426
4287,4287,2-s2.0-85011371440
4290,4290,2-s2.0-85001720256
4297,4297,2-s2.0-84969269055
4299,4299,2-s2.0-84968790862
4301,4301,2-s2.0-84967702713
4304,4304,2-s2.0-84967609419
4305,4305,2-s2.0-84967604639
4306,4306,2-s2.0-84967532052
4307,4307,2-s2.0-84967520910
4311,4311,2-s2.0-84967367823
4313,4313,2-s2.0-84958061433
4316,4316,2-s2.0-84958046541
4319,4319,2-s2.0-84958040847
4320,4320,2-s2.0-84958035602
4326,4326,2-s2.0-84938570409
4328,4328,2-s2.0-84927115542
4330,4330,2-s2.0-84927002399
4331,4331,2-s2.0-84926995667
4333,4333,2-s2.0-84926313924
4335,4335,2-s2.0-84924606008
4339,4339,2-s2.0-84912015891
4342,4342,2-s2.0-84906692791
4344,4344,2-s2.0-84905719988
4345,4345,2-s2.0-84901704795
4346,4346,2-s2.0-84898555118
4347,4347,2-s2.0-84897498131
4348,4348,2-s2.0-84897009983
4349,4349,2-s2.0-84896992606
4350,4350,2-s2.0-84896921847
4351,4351,2-s2.0-84896921122
4352,4352,2-s2.0-84896920036
4353,4353,2-s2.0-84896284185
4354,4354,2-s2.0-84896258907
4355,4355,2-s2.0-84895424990
4356,4356,2-s2.0-84893639456
4357,4357,2-s2.0-84892533531
4359,4359,2-s2.0-84891681506
4360,4360,2-s2.0-84886391756
4361,4361,2-s2.0-84885649212
4364,4364,2-s2.0-84872244459
4365,4365,2-s2.0-84872150981
4372,4372,2-s2.0-82955201511
4374,4374,2-s2.0-80053281783
4376,4376,2-s2.0-80051497509
4377,4377,2-s2.0-79958276922
4380,4380,2-s2.0-79751522631
4381,4381,2-s2.0-78650446824
4384,4384,2-s2.0-77956515505
4389,4389,2-s2.0-77949566949
4395,4395,2-s2.0-70349523765
4397,4397,2-s2.0-69249172153
4400,4400,2-s2.0-64049092650
4401,4401,2-s2.0-63749120572
4402,4402,2-s2.0-63749083653
4404,4404,2-s2.0-57849134000
4407,4407,2-s2.0-51249142866
4408,4408,2-s2.0-51149103527
4409,4409,2-s2.0-49249108071
4410,4410,2-s2.0-48249131736
4412,4412,2-s2.0-44349172342
4414,4414,2-s2.0-44249091895
4415,4415,2-s2.0-41749104236
4417,4417,2-s2.0-40549098985
4424,4424,2-s2.0-37249083512
4425,4425,2-s2.0-37249075961
4426,4426,2-s2.0-37249034693
4430,4430,2-s2.0-37049032137
4431,4431,2-s2.0-36849019369
4435,4435,2-s2.0-35649007463
4436,4436,2-s2.0-35648946459
4437,4437,2-s2.0-35448976958
4440,4440,2-s2.0-34948874125
4444,4444,2-s2.0-34848866214
4445,4445,2-s2.0-34848831728
4447,4447,2-s2.0-34648840494
4449,4449,2-s2.0-34648831910
4451,4451,2-s2.0-34548317178
4452,4452,2-s2.0-34547936882
4454,4454,2-s2.0-34547702673
4456,4456,2-s2.0-34547630853
4457,4457,2-s2.0-34547562149
4458,4458,2-s2.0-34547535673
4460,4460,2-s2.0-34547476031
4461,4461,2-s2.0-34547464630
4467,4467,2-s2.0-34250823038
4469,4469,2-s2.0-34250344917
4470,4470,2-s2.0-34249779824
4471,4471,2-s2.0-34249736460
4474,4474,2-s2.0-34249104497
4475,4475,2-s2.0-34249090197
4476,4476,2-s2.0-34249088318
4478,4478,2-s2.0-34249081410
4481,4481,2-s2.0-34249069809
4483,4483,2-s2.0-34248576038
4485,4485,2-s2.0-34248333499
4486,4486,2-s2.0-34248226431
4487,4487,2-s2.0-34247637212
4489,4489,2-s2.0-34247593500
4493,4493,2-s2.0-34147131377
4495,4495,2-s2.0-34047212294
4498,4498,2-s2.0-33947725811
4501,4501,2-s2.0-33947164277
4503,4503,2-s2.0-33847333256
4504,4504,2-s2.0-33847078397
4506,4506,2-s2.0-33846602768
4509,4509,2-s2.0-33846190619
4510,4510,2-s2.0-33845869304
4513,4513,2-s2.0-33845216827
4514,4514,2-s2.0-33751534503
4516,4516,2-s2.0-33751506420
4517,4517,2-s2.0-33750604512
4519,4519,2-s2.0-57849098840
4522,4522,2-s2.0-57849145623
4524,4524,2-s2.0-57749120654
4525,4525,2-s2.0-57749097040
4526,4526,2-s2.0-57749094785
4529,4529,2-s2.0-57449112524
4530,4530,2-s2.0-57449100456
4532,4532,2-s2.0-57349197907
4533,4533,2-s2.0-57349195590
4543,4543,2-s2.0-57049089568
4545,4545,2-s2.0-57349102313
4546,4546,2-s2.0-85164667736
4547,4547,2-s2.0-85125802115
4549,4549,2-s2.0-84902706123
4550,4550,2-s2.0-84902389322
4551,4551,2-s2.0-84899233284
4555,4555,2-s2.0-84897600446
4557,4557,2-s2.0-84897588099
4558,4558,2-s2.0-84896819753
4560,4560,2-s2.0-84895258062
4561,4561,2-s2.0-84892927123
4562,4562,2-s2.0-84892348177
4567,4567,2-s2.0-84891388863
4568,4568,2-s2.0-84890046677
4569,4569,2-s2.0-84890002891
4570,4570,2-s2.0-84890002822
4572,4572,2-s2.0-84889990965
4575,4575,2-s2.0-84889971274
4577,4577,2-s2.0-84889963244
4579,4579,2-s2.0-84889956140
4583,4583,2-s2.0-84885012997
4586,4586,2-s2.0-84880431356
4591,4591,2-s2.0-84874198267
4593,4593,2-s2.0-84873180636
4594,4594,2-s2.0-84872516862
4595,4595,2-s2.0-84872111071
4596,4596,2-s2.0-84872105506
4598,4598,2-s2.0-84870376809
4599,4599,2-s2.0-84870374186
4600,4600,2-s2.0-84870347069
4604,4604,2-s2.0-84867389706
4606,4606,2-s2.0-84867381252
4609,4609,2-s2.0-84867369200
4612,4612,2-s2.0-84867342013
4615,4615,2-s2.0-84861091997
4616,4616,2-s2.0-84860863423
4617,4617,2-s2.0-84860730061
4620,4620,2-s2.0-84856719781
4624,4624,2-s2.0-80052564485
4628,4628,2-s2.0-79957965319
4629,4629,2-s2.0-79957578640
4630,4630,2-s2.0-79953707845
4632,4632,2-s2.0-79951960546
4634,4634,2-s2.0-79951770135
4635,4635,2-s2.0-79251502323
4636,4636,2-s2.0-78751617296
4640,4640,2-s2.0-78650759669
4642,4642,2-s2.0-78650759257
4643,4643,2-s2.0-78650759150
4646,4646,2-s2.0-78650758958
4650,4650,2-s2.0-78149396694
4654,4654,2-s2.0-77956357205
4656,4656,2-s2.0-77956134999
4658,4658,2-s2.0-77953330492
4659,4659,2-s2.0-77953035401
4663,4663,2-s2.0-77950500664
4665,4665,2-s2.0-77950487102
4667,4667,2-s2.0-77950311171
4669,4669,2-s2.0-77649281609
4672,4672,2-s2.0-75449118062
4674,4674,2-s2.0-75449093201
4677,4677,2-s2.0-70450159575
4681,4681,2-s2.0-70349595159
4682,4682,2-s2.0-70349134994
4683,4683,2-s2.0-70349091348
4685,4685,2-s2.0-69549124718
4688,4688,2-s2.0-68149167980
4691,4691,2-s2.0-67649220486
4693,4693,2-s2.0-67549118621
4697,4697,2-s2.0-65349164241
4698,4698,2-s2.0-65349115402
4699,4699,2-s2.0-65249162272
4700,4700,2-s2.0-64649100743
4701,4701,2-s2.0-63849319125
4702,4702,2-s2.0-63849163501
4703,4703,2-s2.0-63349083683
4705,4705,2-s2.0-63049125802
4706,4706,2-s2.0-62949189597
4707,4707,2-s2.0-62649161003
4708,4708,2-s2.0-62649156799
4711,4711,2-s2.0-62649093468
4712,4712,2-s2.0-62549153607
4713,4713,2-s2.0-62449299131
4718,4718,2-s2.0-60649086930
4719,4719,2-s2.0-60549106652
4721,4721,2-s2.0-60549102281
4722,4722,2-s2.0-60549097511
4723,4723,2-s2.0-60549090254
4724,4724,2-s2.0-59449096214
4725,4725,2-s2.0-59249085929
4727,4727,2-s2.0-58649089782
4728,4728,2-s2.0-58449127285
4734,4734,2-s2.0-58449085007
4736,4736,2-s2.0-58349083556
4737,4737,2-s2.0-58149361442
4739,4739,2-s2.0-58149252124
4740,4740,2-s2.0-58149179530
4745,4745,2-s2.0-58049193924
4746,4746,2-s2.0-58049189318
4747,4747,2-s2.0-58049146772
4748,4748,2-s2.0-58049134685
4750,4750,2-s2.0-57749134317
4751,4751,2-s2.0-57349185724
4752,4752,2-s2.0-57249094283
4754,4754,2-s2.0-56749153167
4757,4757,2-s2.0-55249085430
4766,4766,2-s2.0-45349094747
4767,4767,2-s2.0-56649123197
4769,4769,2-s2.0-56449103287
4771,4771,2-s2.0-56349101167
4772,4772,2-s2.0-56749101906
4773,4773,2-s2.0-56249122298
4775,4775,2-s2.0-56049125779
4776,4776,2-s2.0-56049111142
4779,4779,2-s2.0-53449095759
4781,4781,2-s2.0-55649107934
4782,4782,2-s2.0-55349148719
4786,4786,2-s2.0-55249095573
4789,4789,2-s2.0-54949123060
4790,4790,2-s2.0-54949104712
4791,4791,2-s2.0-85006320728
4792,4792,2-s2.0-63849213840
4797,4797,2-s2.0-55749090198
4802,4802,2-s2.0-53849111188
4803,4803,2-s2.0-53849109501
4806,4806,2-s2.0-50849093536
4807,4807,2-s2.0-50449095594
4809,4809,2-s2.0-48549099398
4810,4810,2-s2.0-48549098907
4813,4813,2-s2.0-56149091347
4820,4820,2-s2.0-53049083731
4821,4821,2-s2.0-53349164253
4824,4824,2-s2.0-56249088630
4827,4827,2-s2.0-55449096967
4832,4832,2-s2.0-54949159188
4836,4836,2-s2.0-52649118134
4837,4837,2-s2.0-52649085432
4838,4838,2-s2.0-52549096439
4840,4840,2-s2.0-52149107569
4842,4842,2-s2.0-51249094917
4843,4843,2-s2.0-48549088760
4844,4844,2-s2.0-44949175923
4847,4847,2-s2.0-52349102522
4848,4848,2-s2.0-52949106082
4850,4850,2-s2.0-52249111879
4851,4851,2-s2.0-51949109571
4852,4852,2-s2.0-51949099986
4853,4853,2-s2.0-51849158766
4854,4854,2-s2.0-51849149932
4858,4858,2-s2.0-51549087602
4861,4861,2-s2.0-51749107031
4862,4862,2-s2.0-51249118679
4864,4864,2-s2.0-50949124484
4865,4865,2-s2.0-51149095793
4866,4866,2-s2.0-47549115330
4868,4868,2-s2.0-84921258652
4869,4869,2-s2.0-84895903314
4874,4874,2-s2.0-69249154738
4875,4875,2-s2.0-69249129138
4876,4876,2-s2.0-69249124223
4880,4880,2-s2.0-55349140075
4881,4881,2-s2.0-52949140175
4884,4884,2-s2.0-52249110673
4885,4885,2-s2.0-52149097376
4888,4888,2-s2.0-51449087810
4889,4889,2-s2.0-50949094106
4890,4890,2-s2.0-50849140447
4894,4894,2-s2.0-50249141728
4895,4895,2-s2.0-50249127277
4896,4896,2-s2.0-50249120184
4897,4897,2-s2.0-50249113869
4900,4900,2-s2.0-49949084269
4901,4901,2-s2.0-49649119666
4902,4902,2-s2.0-49549124527
4903,4903,2-s2.0-49349110499
4904,4904,2-s2.0-48749130825
4905,4905,2-s2.0-48649098815
4906,4906,2-s2.0-48449099148
4911,4911,2-s2.0-44649182156
4914,4914,2-s2.0-44649102677
4915,4915,2-s2.0-50649119452
4916,4916,2-s2.0-50149120106
4918,4918,2-s2.0-49949105451
4923,4923,2-s2.0-49549088124
4924,4924,2-s2.0-48449104048
4929,4929,2-s2.0-78149450804
4931,4931,2-s2.0-51349133045
4933,4933,2-s2.0-51049090393
4936,4936,2-s2.0-48249141074
4937,4937,2-s2.0-47849087100
4941,4941,2-s2.0-46049109704
4943,4943,2-s2.0-45649083567
4945,4945,2-s2.0-45049085891
4946,4946,2-s2.0-44749093228
4947,4947,2-s2.0-43549124111
4955,4955,2-s2.0-47249164388
4959,4959,2-s2.0-47049094485
4965,4965,2-s2.0-52049125264
4967,4967,2-s2.0-50949099345
4968,4968,2-s2.0-49149103168
4970,4970,2-s2.0-47649105222
4971,4971,2-s2.0-47249098350
4972,4972,2-s2.0-46349101245
4974,4974,2-s2.0-44949146357
4975,4975,2-s2.0-44449092090
4977,4977,2-s2.0-44349157066
4979,4979,2-s2.0-43849101647
4982,4982,2-s2.0-44649151671
4988,4988,2-s2.0-79955373845
4990,4990,2-s2.0-57749181793
4991,4991,2-s2.0-57749169304
4992,4992,2-s2.0-49749099586
4993,4993,2-s2.0-49649126938
4994,4994,2-s2.0-49649104546
4996,4996,2-s2.0-47149084926
5000,5000,2-s2.0-46249109574
5005,5005,2-s2.0-45749107816
5006,5006,2-s2.0-45749102454
5010,5010,2-s2.0-44749092277
5012,5012,2-s2.0-44749084468
5013,5013,2-s2.0-44649168160
5014,5014,2-s2.0-44649103202
5015,5015,2-s2.0-44449142951
5023,5023,2-s2.0-44949147229
5024,5024,2-s2.0-44049100365
5025,5025,2-s2.0-43949093865
5028,5028,2-s2.0-42949089299
5031,5031,2-s2.0-84879955211
5035,5035,2-s2.0-45849145107
5036,5036,2-s2.0-44349106540
5038,5038,2-s2.0-43149092472
5040,5040,2-s2.0-42649136903
5042,5042,2-s2.0-42549093750
5046,5046,2-s2.0-41649109207
5047,5047,2-s2.0-41149137772
5048,5048,2-s2.0-40849130106
5049,5049,2-s2.0-84911125018
5051,5051,2-s2.0-85009240239
5052,5052,2-s2.0-42149151106
5053,5053,2-s2.0-51749089317
5055,5055,2-s2.0-84865961354
5056,5056,2-s2.0-48849099842
5057,5057,2-s2.0-45149087386
5058,5058,2-s2.0-43949124188
5062,5062,2-s2.0-41749116308
5063,5063,2-s2.0-41549143693
5065,5065,2-s2.0-41549083821
5067,5067,2-s2.0-41149161217
5068,5068,2-s2.0-41149147671
5070,5070,2-s2.0-41149124952
5071,5071,2-s2.0-41149087338
5072,5072,2-s2.0-41149083880
5073,5073,2-s2.0-40849126783
5075,5075,2-s2.0-39449084813
5076,5076,2-s2.0-42749083918
5078,5078,2-s2.0-84904776766
5080,5080,2-s2.0-44649194477
5083,5083,2-s2.0-84920162453
5084,5084,2-s2.0-64749109516
5085,5085,2-s2.0-51449089529
5090,5090,2-s2.0-41249086922
5091,5091,2-s2.0-40749152720
5093,5093,2-s2.0-40649103475
5095,5095,2-s2.0-39049119672
5096,5096,2-s2.0-38949139601
5098,5098,2-s2.0-38549097697
5099,5099,2-s2.0-38149042017
5102,5102,2-s2.0-36749021236
5103,5103,2-s2.0-50249134139
5104,5104,2-s2.0-85049707841
5105,5105,2-s2.0-39549121490
5111,5111,2-s2.0-38949180970
5112,5112,2-s2.0-84889344613
5113,5113,2-s2.0-78049451390
5114,5114,2-s2.0-42949147042
5115,5115,2-s2.0-41949133711
5116,5116,2-s2.0-40049083524
5118,5118,2-s2.0-39449114609
5120,5120,2-s2.0-39149092351
5123,5123,2-s2.0-38749129643
5127,5127,2-s2.0-38349114254
5128,5128,2-s2.0-38349109670
5129,5129,2-s2.0-38349093994
5135,5135,2-s2.0-38049128946
5136,5136,2-s2.0-37349054240
5137,5137,2-s2.0-84909265253
5141,5141,2-s2.0-37249087956
5142,5142,2-s2.0-85195723564
5143,5143,2-s2.0-85185989079
5144,5144,2-s2.0-85147082614
5145,5145,2-s2.0-85147081940
5146,5146,2-s2.0-85147080158
5149,5149,2-s2.0-85147063367
5151,5151,2-s2.0-85147061804
5152,5152,2-s2.0-85147057468
5153,5153,2-s2.0-85147054192
5159,5159,2-s2.0-85099426664
5160,5160,2-s2.0-85094397657
5161,5161,2-s2.0-85081509736
5163,5163,2-s2.0-85078863104
5164,5164,2-s2.0-85078838999
5165,5165,2-s2.0-85075974224
5166,5166,2-s2.0-85071639348
5169,5169,2-s2.0-85056030949
5172,5172,2-s2.0-85029131853
5173,5173,2-s2.0-85029131556
5174,5174,2-s2.0-85029130473
5175,5175,2-s2.0-85029129527
5176,5176,2-s2.0-85029129239
5178,5178,2-s2.0-85029127899
5180,5180,2-s2.0-85029121339
5181,5181,2-s2.0-85029120916
5182,5182,2-s2.0-85029119519
5184,5184,2-s2.0-85029115963
5186,5186,2-s2.0-85029113849
5187,5187,2-s2.0-85029113840
5189,5189,2-s2.0-85029112140
5191,5191,2-s2.0-85029111129
5193,5193,2-s2.0-85029108769
5195,5195,2-s2.0-85029107686
5197,5197,2-s2.0-85029106261
5198,5198,2-s2.0-85029106076
5200,5200,2-s2.0-85029102879
5204,5204,2-s2.0-85029098111
5206,5206,2-s2.0-85029094198
5210,5210,2-s2.0-85029093069
5212,5212,2-s2.0-85029090501
5214,5214,2-s2.0-85029088673
5218,5218,2-s2.0-85029083633
5220,5220,2-s2.0-85029082665
5224,5224,2-s2.0-85029079474
5227,5227,2-s2.0-85029078183
5228,5228,2-s2.0-85029078103
5229,5229,2-s2.0-85029076880
5230,5230,2-s2.0-85029075127
5233,5233,2-s2.0-85029071947
5234,5234,2-s2.0-85029070897
5235,5235,2-s2.0-85029070118
5236,5236,2-s2.0-85029068881
5237,5237,2-s2.0-85029067534
5239,5239,2-s2.0-85029067011
5242,5242,2-s2.0-85029064784
5243,5243,2-s2.0-85029062707
5245,5245,2-s2.0-85029062104
5246,5246,2-s2.0-85029061079
5248,5248,2-s2.0-85029056542
5251,5251,2-s2.0-85029053120
5254,5254,2-s2.0-85029051333
5256,5256,2-s2.0-85029050438
5260,5260,2-s2.0-85029044599
5261,5261,2-s2.0-85029044258
5262,5262,2-s2.0-85029042007
5263,5263,2-s2.0-85029040299
5264,5264,2-s2.0-85029039240
5268,5268,2-s2.0-85029034621
5270,5270,2-s2.0-85029034369
5272,5272,2-s2.0-85029030502
5273,5273,2-s2.0-85029030446
5274,5274,2-s2.0-85029030287
5275,5275,2-s2.0-85029029803
5277,5277,2-s2.0-85029029226
5279,5279,2-s2.0-85029027813
5283,5283,2-s2.0-85029022159
5286,5286,2-s2.0-85024569150
5290,5290,2-s2.0-85016100081
5291,5291,2-s2.0-85013621514
5293,5293,2-s2.0-85011476627
5295,5295,2-s2.0-85011457718
5296,5296,2-s2.0-85008812532
5297,5297,2-s2.0-84996198892
5298,5298,2-s2.0-84992792161
5301,5301,2-s2.0-84990321142
5307,5307,2-s2.0-84938810363
5308,5308,2-s2.0-84938808893
5310,5310,2-s2.0-84938802956
5311,5311,2-s2.0-84938797460
5312,5312,2-s2.0-84938794879
5313,5313,2-s2.0-84938791137
5314,5314,2-s2.0-84938765307
5319,5319,2-s2.0-84928351295
5322,5322,2-s2.0-84916879745
5323,5323,2-s2.0-84907051624
5325,5325,2-s2.0-84904255738
5326,5326,2-s2.0-84904019208
5332,5332,2-s2.0-84898437956
5333,5333,2-s2.0-84897767889
5334,5334,2-s2.0-84896648032
5335,5335,2-s2.0-84896469876
5336,5336,2-s2.0-84896309837
5337,5337,2-s2.0-84896294298
5339,5339,2-s2.0-84896286903
5340,5340,2-s2.0-84896285809
5341,5341,2-s2.0-84896282390
5344,5344,2-s2.0-84891977819
5345,5345,2-s2.0-84890436030
5355,5355,2-s2.0-84864509297
5356,5356,2-s2.0-84862979084
5357,5357,2-s2.0-84862873046
5360,5360,2-s2.0-84857856636
5362,5362,2-s2.0-84555201558
5366,5366,2-s2.0-80051500238
5367,5367,2-s2.0-79961243899
5368,5368,2-s2.0-79961234868
5369,5369,2-s2.0-79959292001
5372,5372,2-s2.0-79951794349
5377,5377,2-s2.0-78049448384
5378,5378,2-s2.0-78049440431
5381,5381,2-s2.0-77958555151
5382,5382,2-s2.0-77952428629
5385,5385,2-s2.0-77950898925
5386,5386,2-s2.0-77950688888
5390,5390,2-s2.0-70450200824
5395,5395,2-s2.0-69849125244
5396,5396,2-s2.0-69849118799
5398,5398,2-s2.0-68949161996
5400,5400,2-s2.0-68349101240
5401,5401,2-s2.0-68149156033
5403,5403,2-s2.0-68049118355
5404,5404,2-s2.0-67650153102
5405,5405,2-s2.0-67349269388
5412,5412,2-s2.0-63449106576
5413,5413,2-s2.0-63449092016
5415,5415,2-s2.0-63049128362
5418,5418,2-s2.0-61149375556
5421,5421,2-s2.0-60449106442
5422,5422,2-s2.0-60249100150
5423,5423,2-s2.0-60249099082
5424,5424,2-s2.0-60249088395
5426,5426,2-s2.0-60249083166
5428,5428,2-s2.0-58449136038
5429,5429,2-s2.0-58149360338
5430,5430,2-s2.0-58049219977
5432,5432,2-s2.0-58049198075
5436,5436,2-s2.0-56849133612
5438,5438,2-s2.0-56749174442
5439,5439,2-s2.0-56449123114
5440,5440,2-s2.0-56249086455
5441,5441,2-s2.0-55949085220
5442,5442,2-s2.0-55549090027
5443,5443,2-s2.0-55349126443
5445,5445,2-s2.0-55349095055
5447,5447,2-s2.0-55149109485
5449,5449,2-s2.0-54149084947
5453,5453,2-s2.0-54049113813
5454,5454,2-s2.0-53649094596
5457,5457,2-s2.0-52249110394
5458,5458,2-s2.0-52249091545
5460,5460,2-s2.0-52049104468
5462,5462,2-s2.0-51149097200
5464,5464,2-s2.0-50649122782
5467,5467,2-s2.0-49749083018
5468,5468,2-s2.0-48849108591
5470,5470,2-s2.0-48249155826
5475,5475,2-s2.0-47949124403
5476,5476,2-s2.0-47949089289
5477,5477,2-s2.0-47849115586
5481,5481,2-s2.0-46749113840
5482,5482,2-s2.0-46749108913
5483,5483,2-s2.0-46449139230
5484,5484,2-s2.0-46449125322
5486,5486,2-s2.0-45849135635
5488,5488,2-s2.0-44649147040
5491,5491,2-s2.0-43849107278
5495,5495,2-s2.0-43849098586
5497,5497,2-s2.0-43449114203
5498,5498,2-s2.0-43249127753
5500,5500,2-s2.0-43049167179
5506,5506,2-s2.0-41749101532
5507,5507,2-s2.0-41149149667
5511,5511,2-s2.0-40249113181
5512,5512,2-s2.0-40249110640
5517,5517,2-s2.0-39749085780
5519,5519,2-s2.0-38849183442
5521,5521,2-s2.0-38549090726
5523,5523,2-s2.0-38149097653
5530,5530,2-s2.0-36749071587
5531,5531,2-s2.0-36749006238
5535,5535,2-s2.0-105012808139
5536,5536,2-s2.0-105012790659
5537,5537,2-s2.0-105012696616
5538,5538,2-s2.0-105011782385
5539,5539,2-s2.0-105011431097
5540,5540,2-s2.0-105011419799
5543,5543,2-s2.0-72449152307
5544,5544,2-s2.0-72449124316
5545,5545,2-s2.0-72149109059
5546,5546,2-s2.0-70249107174
5548,5548,2-s2.0-84956522259
5550,5550,2-s2.0-71749116224
5554,5554,2-s2.0-71549167619
5556,5556,2-s2.0-84917116008
5560,5560,2-s2.0-85164582406
5564,5564,2-s2.0-84900040813
5566,5566,2-s2.0-84898262394
5567,5567,2-s2.0-84895331482
5568,5568,2-s2.0-84895296429
5569,5569,2-s2.0-84895283777
5570,5570,2-s2.0-84895192522
5573,5573,2-s2.0-84892809117
5574,5574,2-s2.0-84892807699
5575,5575,2-s2.0-84892807049
5579,5579,2-s2.0-84892313047
5581,5581,2-s2.0-84892277000
5585,5585,2-s2.0-84891676604
5588,5588,2-s2.0-84891380804
5590,5590,2-s2.0-84889998703
5591,5591,2-s2.0-84889997854
5592,5592,2-s2.0-84889992185
5593,5593,2-s2.0-84889991255
5596,5596,2-s2.0-84889961031
5597,5597,2-s2.0-84888080213
5598,5598,2-s2.0-84885729612
5602,5602,2-s2.0-84879536576
5603,5603,2-s2.0-84879512897
5605,5605,2-s2.0-84871856993
5606,5606,2-s2.0-84871115805
5610,5610,2-s2.0-84870232063
5611,5611,2-s2.0-84867437893
5612,5612,2-s2.0-84867373224
5613,5613,2-s2.0-84867366117
5614,5614,2-s2.0-84867361524
5615,5615,2-s2.0-84867361199
5616,5616,2-s2.0-84867359004
5618,5618,2-s2.0-84867351961
5619,5619,2-s2.0-84867345995
5620,5620,2-s2.0-84867278806
5622,5622,2-s2.0-84867274426
5623,5623,2-s2.0-84866938824
5624,5624,2-s2.0-84865283688
5625,5625,2-s2.0-84861923780
5626,5626,2-s2.0-84859265966
5628,5628,2-s2.0-84857753983
5629,5629,2-s2.0-84857721356
5636,5636,2-s2.0-79954856286
5641,5641,2-s2.0-78650591333
5642,5642,2-s2.0-78650532176
5644,5644,2-s2.0-78649804135
5646,5646,2-s2.0-78649291772
5647,5647,2-s2.0-78149337610
5648,5648,2-s2.0-78149321382
5652,5652,2-s2.0-77956224708
5653,5653,2-s2.0-77956209390
5654,5654,2-s2.0-77956208019
5655,5655,2-s2.0-77956205908
5656,5656,2-s2.0-77956197054
5658,5658,2-s2.0-77955634478
5660,5660,2-s2.0-77955591804
5661,5661,2-s2.0-77955332121
5663,5663,2-s2.0-77955320542
5665,5665,2-s2.0-77955242841
5666,5666,2-s2.0-77955130808
5667,5667,2-s2.0-77954683271
5670,5670,2-s2.0-77954273822
5672,5672,2-s2.0-77953643563
5673,5673,2-s2.0-77953639560
5676,5676,2-s2.0-77953492359
5677,5677,2-s2.0-77953491557
5679,5679,2-s2.0-77953098820
5682,5682,2-s2.0-77952721149
5684,5684,2-s2.0-77952297852
5685,5685,2-s2.0-77952124526
5686,5686,2-s2.0-77952104723
5687,5687,2-s2.0-77952099274
5688,5688,2-s2.0-77951878701
5691,5691,2-s2.0-77951496886
5692,5692,2-s2.0-77951492777
5693,5693,2-s2.0-77951485764
5695,5695,2-s2.0-77951484929
5697,5697,2-s2.0-77951479822
5699,5699,2-s2.0-77951473120
5702,5702,2-s2.0-77951459429
5703,5703,2-s2.0-77951455137
5704,5704,2-s2.0-77951454624
5705,5705,2-s2.0-77951454198
5706,5706,2-s2.0-77951452422
5707,5707,2-s2.0-77951442979
5708,5708,2-s2.0-77951436960
5709,5709,2-s2.0-77951435849
5710,5710,2-s2.0-77951435057
5711,5711,2-s2.0-77951433200
5713,5713,2-s2.0-77951431703
5717,5717,2-s2.0-77950998764
5719,5719,2-s2.0-77950900760
5723,5723,2-s2.0-77950599416
5724,5724,2-s2.0-77950510554
5726,5726,2-s2.0-77950115582
5728,5728,2-s2.0-77949742711
5729,5729,2-s2.0-77949735753
5734,5734,2-s2.0-77649258682
5735,5735,2-s2.0-77649111152
5739,5739,2-s2.0-77049103823
5740,5740,2-s2.0-77049084304
5741,5741,2-s2.0-76749110422
5742,5742,2-s2.0-76549106096
5744,5744,2-s2.0-76249131097
5745,5745,2-s2.0-76249121507
5748,5748,2-s2.0-75749087216
5749,5749,2-s2.0-75649143346
5750,5750,2-s2.0-75149125177
5751,5751,2-s2.0-74549221419
5752,5752,2-s2.0-74549139041
5753,5753,2-s2.0-74549117183
5755,5755,2-s2.0-74349107272
5757,5757,2-s2.0-74049091752
5758,5758,2-s2.0-72849116348
5760,5760,2-s2.0-72449136818
5763,5763,2-s2.0-72249085858
5766,5766,2-s2.0-71149101613
5770,5770,2-s2.0-70749116931
5773,5773,2-s2.0-70450225418
5775,5775,2-s2.0-70349455637
5778,5778,2-s2.0-68349095260
5779,5779,2-s2.0-68049109121
5783,5783,2-s2.0-70450193097
5785,5785,2-s2.0-70450184620
5786,5786,2-s2.0-70450170473
5792,5792,2-s2.0-70449441760
5793,5793,2-s2.0-70449379697
5796,5796,2-s2.0-70350710192
5804,5804,2-s2.0-70350516205
5805,5805,2-s2.0-70350496554
5806,5806,2-s2.0-70350490060
5807,5807,2-s2.0-70350489641
5808,5808,2-s2.0-70350425991
5810,5810,2-s2.0-70350378885
5811,5811,2-s2.0-85068499308
5812,5812,2-s2.0-79954473182
5814,5814,2-s2.0-78149363572
5817,5817,2-s2.0-75349089082
5819,5819,2-s2.0-73349105897
5823,5823,2-s2.0-70450211193
5826,5826,2-s2.0-70449372235
5827,5827,2-s2.0-70449116021
5832,5832,2-s2.0-70349193066
5834,5834,2-s2.0-70350678984
5837,5837,2-s2.0-70350243036
5838,5838,2-s2.0-70350241283
5840,5840,2-s2.0-70350151273
5841,5841,2-s2.0-70349999446
5842,5842,2-s2.0-70349989519
5843,5843,2-s2.0-70350053006
5847,5847,2-s2.0-70349638228
5849,5849,2-s2.0-70349634142
5851,5851,2-s2.0-84988812597
5852,5852,2-s2.0-84862833179
5856,5856,2-s2.0-77951006727
5857,5857,2-s2.0-77649140277
5858,5858,2-s2.0-75149178582
5861,5861,2-s2.0-73849120329
5863,5863,2-s2.0-70449420095
5865,5865,2-s2.0-70449401644
5867,5867,2-s2.0-70350423279
5868,5868,2-s2.0-70349599194
5869,5869,2-s2.0-70349209380
5871,5871,2-s2.0-68049131221
5875,5875,2-s2.0-69549112885
5876,5876,2-s2.0-70349443353
5879,5879,2-s2.0-70349118215
5882,5882,2-s2.0-70349470616
5883,5883,2-s2.0-69949155174
5884,5884,2-s2.0-69949140375
5885,5885,2-s2.0-69949103992
5888,5888,2-s2.0-69749128700
5893,5893,2-s2.0-69649092328
5894,5894,2-s2.0-69949099025
5895,5895,2-s2.0-69949095771
5896,5896,2-s2.0-69349103761
5898,5898,2-s2.0-69349096698
5899,5899,2-s2.0-69349095249
5900,5900,2-s2.0-69249239119
5901,5901,2-s2.0-85023676263
5903,5903,2-s2.0-84922503690
5905,5905,2-s2.0-78650298412
5909,5909,2-s2.0-77649156291
5910,5910,2-s2.0-75349088571
5911,5911,2-s2.0-74349093547
5913,5913,2-s2.0-73249129594
5915,5915,2-s2.0-70450286176
5916,5916,2-s2.0-70449611519
5919,5919,2-s2.0-70350747442
5923,5923,2-s2.0-70350274339
5929,5929,2-s2.0-70349275881
5931,5931,2-s2.0-70249136193
5933,5933,2-s2.0-70249116417
5937,5937,2-s2.0-69449099786
5946,5946,2-s2.0-67349252323
5949,5949,2-s2.0-70350552027
5954,5954,2-s2.0-68949094513
5955,5955,2-s2.0-84993035249
5956,5956,2-s2.0-69149086362
5958,5958,2-s2.0-77958553508
5960,5960,2-s2.0-68249083492
5961,5961,2-s2.0-84909219836
5962,5962,2-s2.0-68149141724
5963,5963,2-s2.0-68149131615
5966,5966,2-s2.0-68149116295
5967,5967,2-s2.0-67749124079
5968,5968,2-s2.0-67749095848
5969,5969,2-s2.0-84867320774
5970,5970,2-s2.0-78651544938
5971,5971,2-s2.0-77949908774
5975,5975,2-s2.0-70350742936
5976,5976,2-s2.0-70349513619
5977,5977,2-s2.0-69249105661
5980,5980,2-s2.0-67349267678
5982,5982,2-s2.0-64449088220
5983,5983,2-s2.0-64449087500
5984,5984,2-s2.0-64449083865
5985,5985,2-s2.0-64449083603
5986,5986,2-s2.0-68149175042
5989,5989,2-s2.0-67651071285
5990,5990,2-s2.0-69449093273
5994,5994,2-s2.0-67650565138
5998,5998,2-s2.0-67650530038
6001,6001,2-s2.0-84893709068
6002,6002,2-s2.0-67650227501
6004,6004,2-s2.0-84924761000
6007,6007,2-s2.0-67649394442
6009,6009,2-s2.0-77952565210
6011,6011,2-s2.0-74249114342
6012,6012,2-s2.0-71549141265
6018,6018,2-s2.0-69249162256
6020,6020,2-s2.0-68849100070
6023,6023,2-s2.0-67649641406
6024,6024,2-s2.0-67649342790
6025,6025,2-s2.0-67649230931
6027,6027,2-s2.0-67349207132
6029,6029,2-s2.0-67349183723
6035,6035,2-s2.0-67649292317
6040,6040,2-s2.0-67649283165
6042,6042,2-s2.0-67649277210
6043,6043,2-s2.0-67649277193
6044,6044,2-s2.0-67649273984
6045,6045,2-s2.0-67649273858
6046,6046,2-s2.0-67649273853
6048,6048,2-s2.0-67649273800
6053,6053,2-s2.0-67649261606
6057,6057,2-s2.0-67649252639
6058,6058,2-s2.0-77953794973
6059,6059,2-s2.0-67449092769
6060,6060,2-s2.0-84893660230
6061,6061,2-s2.0-77950772631
6062,6062,2-s2.0-67649171895
6064,6064,2-s2.0-70149094756
6065,6065,2-s2.0-68049142988
6066,6066,2-s2.0-66249083155
6069,6069,2-s2.0-84917305048
6072,6072,2-s2.0-77955159134
6077,6077,2-s2.0-75149135590
6081,6081,2-s2.0-70449367081
6089,6089,2-s2.0-67650280418
6094,6094,2-s2.0-67449098372
6099,6099,2-s2.0-67349224118
6102,6102,2-s2.0-67349126855
6103,6103,2-s2.0-67349118418
6104,6104,2-s2.0-67349110216
6105,6105,2-s2.0-67349096664
6107,6107,2-s2.0-66749185844
6109,6109,2-s2.0-66249121764
6110,6110,2-s2.0-66249104707
6111,6111,2-s2.0-65949101464
6112,6112,2-s2.0-65649106924
6114,6114,2-s2.0-67349274997
6117,6117,2-s2.0-67749104827
6118,6118,2-s2.0-84909244993
6127,6127,2-s2.0-65149100543
6129,6129,2-s2.0-78549277700
6130,6130,2-s2.0-65349188165
6131,6131,2-s2.0-84863164693
6133,6133,2-s2.0-77949824876
6134,6134,2-s2.0-70449578750
6136,6136,2-s2.0-70350712220
6137,6137,2-s2.0-70350376639
6139,6139,2-s2.0-70349512270
6141,6141,2-s2.0-70349501723
6142,6142,2-s2.0-70349501699
6143,6143,2-s2.0-70349342185
6144,6144,2-s2.0-68949117802
6145,6145,2-s2.0-68249144589
6146,6146,2-s2.0-67651246920
6147,6147,2-s2.0-67650085155
6149,6149,2-s2.0-67649655805
6152,6152,2-s2.0-66049093064
6153,6153,2-s2.0-65349151543
6157,6157,2-s2.0-61849093190
6158,6158,2-s2.0-60549116150
6159,6159,2-s2.0-60249100506
6160,6160,2-s2.0-60249096647
6161,6161,2-s2.0-84893646243
6163,6163,2-s2.0-68349105845
6164,6164,2-s2.0-84889292102
6166,6166,2-s2.0-64149113743
6169,6169,2-s2.0-67349239341
6172,6172,2-s2.0-63649145930
6174,6174,2-s2.0-78651578008
6176,6176,2-s2.0-85043469953
6178,6178,2-s2.0-84891970635
6180,6180,2-s2.0-77749330803
6181,6181,2-s2.0-70449670968
6182,6182,2-s2.0-70449578749
6183,6183,2-s2.0-69449106225
6184,6184,2-s2.0-69349103146
6186,6186,2-s2.0-69349095403
6189,6189,2-s2.0-69349087395
6191,6191,2-s2.0-68549101553
6194,6194,2-s2.0-64949136371
6197,6197,2-s2.0-64349084004
6199,6199,2-s2.0-61749093784
6200,6200,2-s2.0-61449094658
6204,6204,2-s2.0-60649087510
6208,6208,2-s2.0-67349125176
6209,6209,2-s2.0-84916985853
6210,6210,2-s2.0-84863284447
6211,6211,2-s2.0-84855691125
6213,6213,2-s2.0-81555211118
6215,6215,2-s2.0-70449595202
6216,6216,2-s2.0-85026769659
6217,6217,2-s2.0-62149140502
6218,6218,2-s2.0-62149106593
6220,6220,2-s2.0-77049092419
6221,6221,2-s2.0-84909430379
6223,6223,2-s2.0-61549118212
6225,6225,2-s2.0-84917089561
6226,6226,2-s2.0-65349137081
6228,6228,2-s2.0-84871699610
6230,6230,2-s2.0-84861848437
6234,6234,2-s2.0-77952098222
6237,6237,2-s2.0-67651229102
6238,6238,2-s2.0-67649656300
6240,6240,2-s2.0-67349276647
6241,6241,2-s2.0-66849143691
6242,6242,2-s2.0-66849141098
6244,6244,2-s2.0-66849128254
6248,6248,2-s2.0-66249085896
6249,6249,2-s2.0-64949173422
6250,6250,2-s2.0-64249118311
6255,6255,2-s2.0-62749110724
6256,6256,2-s2.0-62649113987
6260,6260,2-s2.0-60349107420
6270,6270,2-s2.0-59649084386
6271,6271,2-s2.0-68149136584
6273,6273,2-s2.0-68149133001
6275,6275,2-s2.0-84883900935
6277,6277,2-s2.0-85014449146
6278,6278,2-s2.0-77953912822
6280,6280,2-s2.0-77649298220
6281,6281,2-s2.0-77349125611
6282,6282,2-s2.0-70649110071
6283,6283,2-s2.0-63149146163
6285,6285,2-s2.0-62749110731
6286,6286,2-s2.0-62749089349
6287,6287,2-s2.0-62649089278
6289,6289,2-s2.0-61449247423
6290,6290,2-s2.0-60849117808
6294,6294,2-s2.0-59749099349
6295,6295,2-s2.0-59349103125
6298,6298,2-s2.0-58649108324
6299,6299,2-s2.0-58149178728
6301,6301,2-s2.0-60249099749
6305,6305,2-s2.0-58049179638
6306,6306,2-s2.0-85200875802
6307,6307,2-s2.0-85187735845
6308,6308,2-s2.0-85183352163
6309,6309,2-s2.0-85179390706
6312,6312,2-s2.0-85147071618
6315,6315,2-s2.0-85147066063
6316,6316,2-s2.0-85147065948
6318,6318,2-s2.0-85147061963
6319,6319,2-s2.0-85147056576
6320,6320,2-s2.0-85147054493
6321,6321,2-s2.0-85143113969
6325,6325,2-s2.0-85142818722
6326,6326,2-s2.0-85142814692
6327,6327,2-s2.0-85142811772
6330,6330,2-s2.0-85126373534
6331,6331,2-s2.0-85122400610
6336,6336,2-s2.0-85078849883
6337,6337,2-s2.0-85078845814
6338,6338,2-s2.0-85078844452
6341,6341,2-s2.0-85067992582
6343,6343,2-s2.0-85067973708
6346,6346,2-s2.0-85067929629
6347,6347,2-s2.0-85066284489
6348,6348,2-s2.0-85064793903
6349,6349,2-s2.0-85058368967
6351,6351,2-s2.0-85048964735
6354,6354,2-s2.0-85040469498
6355,6355,2-s2.0-85029128601
6359,6359,2-s2.0-85029120132
6360,6360,2-s2.0-85029118935
6361,6361,2-s2.0-85029118002
6363,6363,2-s2.0-85029116680
6365,6365,2-s2.0-85029114224
6370,6370,2-s2.0-85029110529
6371,6371,2-s2.0-85029107992
6372,6372,2-s2.0-85029106269
6373,6373,2-s2.0-85029106100
6374,6374,2-s2.0-85029104579
6376,6376,2-s2.0-85029100083
6378,6378,2-s2.0-85029093589
6380,6380,2-s2.0-85029092757
6382,6382,2-s2.0-85029090087
6388,6388,2-s2.0-85029085079
6389,6389,2-s2.0-85029084798
6396,6396,2-s2.0-85029077249
6400,6400,2-s2.0-85029073453
6401,6401,2-s2.0-85029071114
6403,6403,2-s2.0-85029069873
6405,6405,2-s2.0-85029067097
6406,6406,2-s2.0-85029066120
6410,6410,2-s2.0-85029060867
6416,6416,2-s2.0-85029050838
6419,6419,2-s2.0-85029045232
6420,6420,2-s2.0-85029042095
6421,6421,2-s2.0-85029041562
6422,6422,2-s2.0-85029041087
6423,6423,2-s2.0-85029040335
6425,6425,2-s2.0-85029039774
6426,6426,2-s2.0-85029038730
6427,6427,2-s2.0-85029037414
6428,6428,2-s2.0-85029035817
6429,6429,2-s2.0-85029034145
6433,6433,2-s2.0-85029022291
6442,6442,2-s2.0-85023807986
6444,6444,2-s2.0-85016660346
6445,6445,2-s2.0-85009583567
6446,6446,2-s2.0-85006461766
6447,6447,2-s2.0-85006007759
6449,6449,2-s2.0-84969863248
6453,6453,2-s2.0-84951062678
6455,6455,2-s2.0-84945188120
6456,6456,2-s2.0-84938815868
6458,6458,2-s2.0-84938786812
6459,6459,2-s2.0-84938779420
6460,6460,2-s2.0-84938777720
6462,6462,2-s2.0-84938777319
6464,6464,2-s2.0-84938769651
6466,6466,2-s2.0-84938681530
6471,6471,2-s2.0-84930854440
6472,6472,2-s2.0-84930853295
6477,6477,2-s2.0-84923847217
6478,6478,2-s2.0-84923804884
6479,6479,2-s2.0-84923592061
6480,6480,2-s2.0-84923441945
6481,6481,2-s2.0-84920585866
6482,6482,2-s2.0-84905097180
6483,6483,2-s2.0-84904352765
6484,6484,2-s2.0-84904334387
6489,6489,2-s2.0-84903589670
6492,6492,2-s2.0-84901791078
6493,6493,2-s2.0-84898753233
6496,6496,2-s2.0-84896661697
6501,6501,2-s2.0-84889974843
6505,6505,2-s2.0-84887398805
6507,6507,2-s2.0-84880623383
6508,6508,2-s2.0-84879519360
6509,6509,2-s2.0-84876168119
6511,6511,2-s2.0-84874382149
6516,6516,2-s2.0-84865367506
6517,6517,2-s2.0-84862981051
6520,6520,2-s2.0-84859950151
6521,6521,2-s2.0-84858962371
6522,6522,2-s2.0-84857018649
6523,6523,2-s2.0-84856988496
6525,6525,2-s2.0-84856257266
6533,6533,2-s2.0-79960338617
6541,6541,2-s2.0-79952890445
6544,6544,2-s2.0-79951844277
6545,6545,2-s2.0-79951826838
6547,6547,2-s2.0-78651491307
6549,6549,2-s2.0-78049508669
6551,6551,2-s2.0-77958549615
6552,6552,2-s2.0-77957652683
6554,6554,2-s2.0-77955977222
6555,6555,2-s2.0-77955933041
6556,6556,2-s2.0-77955493967
6558,6558,2-s2.0-77954541004
6559,6559,2-s2.0-77954429271
6563,6563,2-s2.0-77952667362
6564,6564,2-s2.0-77952653853
6569,6569,2-s2.0-77951457750
6571,6571,2-s2.0-77950797018
6575,6575,2-s2.0-77950546336
6576,6576,2-s2.0-77950280726
6578,6578,2-s2.0-77950262676
6580,6580,2-s2.0-77950199683
6582,6582,2-s2.0-77950183430
6588,6588,2-s2.0-77649287260
6592,6592,2-s2.0-73349083100
6593,6593,2-s2.0-73149112846
6601,6601,2-s2.0-71449122027
6602,6602,2-s2.0-70450214960
6603,6603,2-s2.0-70449641273
6604,6604,2-s2.0-70449586781
6607,6607,2-s2.0-70350635665
6611,6611,2-s2.0-70350397896
6612,6612,2-s2.0-70350225822
6623,6623,2-s2.0-70149108294
6625,6625,2-s2.0-70149100191
6629,6629,2-s2.0-69449092494
6630,6630,2-s2.0-69349103030
6631,6631,2-s2.0-69349100398
6632,6632,2-s2.0-69349092124
6633,6633,2-s2.0-69349089259
6634,6634,2-s2.0-69349088416
6636,6636,2-s2.0-69349084593
6637,6637,2-s2.0-69249213684
6641,6641,2-s2.0-68849093301
6644,6644,2-s2.0-68349133202
6645,6645,2-s2.0-68349114815
6647,6647,2-s2.0-68149126531
6649,6649,2-s2.0-67949102052
6650,6650,2-s2.0-67749133589
6651,6651,2-s2.0-67749132614
6655,6655,2-s2.0-67650093041
6657,6657,2-s2.0-67649668664
6658,6658,2-s2.0-67649659905
6662,6662,2-s2.0-67649249297
6666,6666,2-s2.0-66849106496
6667,6667,2-s2.0-66849093648
6671,6671,2-s2.0-65249153045
6672,6672,2-s2.0-64549091480
6675,6675,2-s2.0-62749127238
6676,6676,2-s2.0-62449329314
6677,6677,2-s2.0-61849145739
6679,6679,2-s2.0-61849117508
6683,6683,2-s2.0-61449214093
6691,6691,2-s2.0-60849100249
6696,6696,2-s2.0-60449105003
6697,6697,2-s2.0-60449104780
6698,6698,2-s2.0-60249091711
6700,6700,2-s2.0-59749095997
6702,6702,2-s2.0-59749092730
6706,6706,2-s2.0-59049086941
6709,6709,2-s2.0-58349088278
6710,6710,2-s2.0-58249083312
6711,6711,2-s2.0-58149520142
6715,6715,2-s2.0-58149163099
6718,6718,2-s2.0-58049147502
6720,6720,2-s2.0-57849112702
6723,6723,2-s2.0-57649107167
6725,6725,2-s2.0-56549090413
6726,6726,2-s2.0-56349092023
6727,6727,2-s2.0-105012805146
6728,6728,2-s2.0-105012791094
6729,6729,2-s2.0-105003842466
6731,6731,2-s2.0-78650587508
6733,6733,2-s2.0-78650525400
6734,6734,2-s2.0-78650483559
6737,6737,2-s2.0-78650077104
6738,6738,2-s2.0-78650016129
6740,6740,2-s2.0-78649884874
6741,6741,2-s2.0-78649861670
6744,6744,2-s2.0-78649854243
6745,6745,2-s2.0-78649846993
6748,6748,2-s2.0-78649829365
6749,6749,2-s2.0-78649812520
6750,6750,2-s2.0-78649808712
6753,6753,2-s2.0-85052722369
6756,6756,2-s2.0-85007499809
6757,6757,2-s2.0-84901554711
6758,6758,2-s2.0-84901533041
6759,6759,2-s2.0-84900654411
6761,6761,2-s2.0-84899379369
6763,6763,2-s2.0-84898566175
6764,6764,2-s2.0-84898296364
6765,6765,2-s2.0-84898236260
6767,6767,2-s2.0-84897178564
6769,6769,2-s2.0-84895153738
6771,6771,2-s2.0-84892899999
6774,6774,2-s2.0-84892361017
6775,6775,2-s2.0-84892352753
6777,6777,2-s2.0-84892316155
6778,6778,2-s2.0-84892298416
6779,6779,2-s2.0-84892285091
6781,6781,2-s2.0-84892267461
6782,6782,2-s2.0-84892260264
6783,6783,2-s2.0-84892241029
6784,6784,2-s2.0-84892230208
6786,6786,2-s2.0-84892224927
6787,6787,2-s2.0-84892196460
6788,6788,2-s2.0-84892102494
6791,6791,2-s2.0-84890849862
6792,6792,2-s2.0-84890238879
6795,6795,2-s2.0-84889967584
6796,6796,2-s2.0-84889961127
6797,6797,2-s2.0-84889700410
6798,6798,2-s2.0-84886396076
6800,6800,2-s2.0-84886385538
6801,6801,2-s2.0-84884465450
6806,6806,2-s2.0-84881364148
6808,6808,2-s2.0-84880688789
6809,6809,2-s2.0-84880561051
6810,6810,2-s2.0-84880556400
6811,6811,2-s2.0-84880545311
6814,6814,2-s2.0-84880524712
6818,6818,2-s2.0-84877909708
6826,6826,2-s2.0-84871567847
6831,6831,2-s2.0-84870200338
6832,6832,2-s2.0-84868270284
6833,6833,2-s2.0-84867474730
6835,6835,2-s2.0-84867448574
6836,6836,2-s2.0-84867021155
6841,6841,2-s2.0-84863883796
6842,6842,2-s2.0-84863406966
6844,6844,2-s2.0-84863175282
6846,6846,2-s2.0-84863141887
6849,6849,2-s2.0-84862086947
6851,6851,2-s2.0-84860736067
6852,6852,2-s2.0-84859404416
6853,6853,2-s2.0-84859360206
6855,6855,2-s2.0-84859143256
6856,6856,2-s2.0-84857682170
6858,6858,2-s2.0-84857677449
6859,6859,2-s2.0-84857674629
6860,6860,2-s2.0-84857671332
6861,6861,2-s2.0-84857663978
6863,6863,2-s2.0-84857607955
6864,6864,2-s2.0-84857473363
6865,6865,2-s2.0-84857012072
6867,6867,2-s2.0-84856892085
6869,6869,2-s2.0-84856877572
6870,6870,2-s2.0-84856854351
6871,6871,2-s2.0-84856849334
6873,6873,2-s2.0-84856622776
6874,6874,2-s2.0-84856594322
6876,6876,2-s2.0-82755176691
6877,6877,2-s2.0-82455224204
6883,6883,2-s2.0-80053095870
6884,6884,2-s2.0-80052369277
6888,6888,2-s2.0-79961175492
6889,6889,2-s2.0-79960913862
6892,6892,2-s2.0-79960271821
6895,6895,2-s2.0-79960204974
6897,6897,2-s2.0-79959882973
6898,6898,2-s2.0-79959709893
6899,6899,2-s2.0-79959685250
6900,6900,2-s2.0-79959636090
6901,6901,2-s2.0-79959619340
6902,6902,2-s2.0-79959461076
6903,6903,2-s2.0-79959460559
6907,6907,2-s2.0-79959425255
6909,6909,2-s2.0-79959396849
6911,6911,2-s2.0-79958739562
6912,6912,2-s2.0-79958718580
6914,6914,2-s2.0-79958714412
6915,6915,2-s2.0-79958712257
6916,6916,2-s2.0-79958698838
6917,6917,2-s2.0-79958698406
6920,6920,2-s2.0-79958107530
6922,6922,2-s2.0-79958080275
6923,6923,2-s2.0-79957530412
6926,6926,2-s2.0-79955641150
6929,6929,2-s2.0-79955154418
6931,6931,2-s2.0-79955144697
6932,6932,2-s2.0-79953716547
6933,6933,2-s2.0-79953101870
6936,6936,2-s2.0-79952817699
6939,6939,2-s2.0-79952540749
6942,6942,2-s2.0-79952401737
6944,6944,2-s2.0-79952278130
6948,6948,2-s2.0-79951995844
6950,6950,2-s2.0-79951968953
6951,6951,2-s2.0-79951941056
6953,6953,2-s2.0-79951938153
6954,6954,2-s2.0-79951935227
6959,6959,2-s2.0-79951920236
6961,6961,2-s2.0-79951914103
6963,6963,2-s2.0-79951898364
6967,6967,2-s2.0-79951869318
6972,6972,2-s2.0-79951816417
6973,6973,2-s2.0-79951815124
6974,6974,2-s2.0-79951753014
6975,6975,2-s2.0-79951590436
6976,6976,2-s2.0-78951479613
6977,6977,2-s2.0-78951479307
6979,6979,2-s2.0-78851469265
6980,6980,2-s2.0-78751564944
6981,6981,2-s2.0-78751558375
6984,6984,2-s2.0-78751537286
6985,6985,2-s2.0-78751536195
6991,6991,2-s2.0-78751488028
6992,6992,2-s2.0-78751478287
6993,6993,2-s2.0-78651439854
6994,6994,2-s2.0-78651334398
6995,6995,2-s2.0-78651111597
6996,6996,2-s2.0-78650959096
6997,6997,2-s2.0-78650847844
6999,6999,2-s2.0-78650758808
7001,7001,2-s2.0-78650663103
7002,7002,2-s2.0-78650659459
7003,7003,2-s2.0-78650653754
7004,7004,2-s2.0-78650566605
7006,7006,2-s2.0-78650552145
7007,7007,2-s2.0-78650467074
7008,7008,2-s2.0-78650392881
7010,7010,2-s2.0-78650039447
7011,7011,2-s2.0-78649953666
7019,7019,2-s2.0-78649435911
7022,7022,2-s2.0-78649423553
7023,7023,2-s2.0-78649408857
7029,7029,2-s2.0-78149499749
7030,7030,2-s2.0-78149499681
7032,7032,2-s2.0-78149498141
7034,7034,2-s2.0-78049436556
7037,7037,2-s2.0-77958545366
7038,7038,2-s2.0-77958519015
7039,7039,2-s2.0-77958110136
7042,7042,2-s2.0-77956264340
7043,7043,2-s2.0-77955166499
7044,7044,2-s2.0-77951643023
7045,7045,2-s2.0-78649391193
7049,7049,2-s2.0-78649243641
7053,7053,2-s2.0-78549240246
7057,7057,2-s2.0-78149393031
7059,7059,2-s2.0-78650616977
7061,7061,2-s2.0-78149380798
7065,7065,2-s2.0-78049414485
7066,7066,2-s2.0-78049409606
7068,7068,2-s2.0-78049355526
7070,7070,2-s2.0-77958617156
7074,7074,2-s2.0-77958599513
7078,7078,2-s2.0-77958587300
7083,7083,2-s2.0-77958569850
7085,7085,2-s2.0-77958566853
7087,7087,2-s2.0-77958563924
7090,7090,2-s2.0-77958547551
7091,7091,2-s2.0-77958536938
7093,7093,2-s2.0-77958526526
7094,7094,2-s2.0-77958526006
7095,7095,2-s2.0-85156539926
7096,7096,2-s2.0-80053338988
7097,7097,2-s2.0-80053334118
7100,7100,2-s2.0-80053092284
7102,7102,2-s2.0-79952866008
7104,7104,2-s2.0-78649968453
7105,7105,2-s2.0-78649747479
7106,7106,2-s2.0-78649708880
7109,7109,2-s2.0-78649234315
7110,7110,2-s2.0-78349294501
7114,7114,2-s2.0-78149244782
7116,7116,2-s2.0-78049528157
7117,7117,2-s2.0-78049239962
7118,7118,2-s2.0-77958556524
7120,7120,2-s2.0-77957979193
7122,7122,2-s2.0-77954085833
7126,7126,2-s2.0-77958470993
7132,7132,2-s2.0-77957961922
7133,7133,2-s2.0-77957954195
7136,7136,2-s2.0-77957720129
7138,7138,2-s2.0-77957719375
7139,7139,2-s2.0-77957719045
7140,7140,2-s2.0-77957718892
7141,7141,2-s2.0-77957718353
7143,7143,2-s2.0-77957717706
7148,7148,2-s2.0-77957716391
7149,7149,2-s2.0-77957716048
7151,7151,2-s2.0-77957713246
7152,7152,2-s2.0-77957712716
7153,7153,2-s2.0-77957710786
7159,7159,2-s2.0-77957706654
7161,7161,2-s2.0-77957705676
7162,7162,2-s2.0-77957704602
7167,7167,2-s2.0-77957698367
7169,7169,2-s2.0-77957696692
7175,7175,2-s2.0-77957690713
7176,7176,2-s2.0-77957658007
7178,7178,2-s2.0-77957371049
7179,7179,2-s2.0-77957358385
7181,7181,2-s2.0-77957316962
7183,7183,2-s2.0-77957272661
7184,7184,2-s2.0-77957141621
7185,7185,2-s2.0-79951957810
7187,7187,2-s2.0-84864554918
7190,7190,2-s2.0-79957884339
7194,7194,2-s2.0-78650334263
7197,7197,2-s2.0-78649482881
7198,7198,2-s2.0-78649436403
7200,7200,2-s2.0-78149392989
7201,7201,2-s2.0-77958167529
7204,7204,2-s2.0-77957238655
7211,7211,2-s2.0-77956094346
7213,7213,2-s2.0-77957079612
7216,7216,2-s2.0-77956963001
7218,7218,2-s2.0-77956943506
7220,7220,2-s2.0-77956864872
7221,7221,2-s2.0-77956567131
7229,7229,2-s2.0-77956434652
7231,7231,2-s2.0-85072347686
7235,7235,2-s2.0-77956328468
7237,7237,2-s2.0-77956278923
7238,7238,2-s2.0-77956277253
7242,7242,2-s2.0-77956238844
7244,7244,2-s2.0-77956236305
7247,7247,2-s2.0-77956093151
7250,7250,2-s2.0-85006626181
7251,7251,2-s2.0-84949543431
7252,7252,2-s2.0-84921831948
7253,7253,2-s2.0-84897483491
7257,7257,2-s2.0-78651536378
7259,7259,2-s2.0-78650735233
7260,7260,2-s2.0-78249262970
7262,7262,2-s2.0-78149398340
7264,7264,2-s2.0-77958059102
7265,7265,2-s2.0-77957885724
7268,7268,2-s2.0-77956791074
7270,7270,2-s2.0-77956567011
7272,7272,2-s2.0-77956050228
7273,7273,2-s2.0-77956048931
7276,7276,2-s2.0-77956027848
7278,7278,2-s2.0-77955084439
7279,7279,2-s2.0-77953134897
7281,7281,2-s2.0-77956006752
7283,7283,2-s2.0-77955997616
7284,7284,2-s2.0-77956098875
7286,7286,2-s2.0-77955885218
7296,7296,2-s2.0-77955620304
7299,7299,2-s2.0-77955599300
7303,7303,2-s2.0-84917051428
7306,7306,2-s2.0-77956319543
7307,7307,2-s2.0-77955133139
7311,7311,2-s2.0-79960276252
7313,7313,2-s2.0-79960261410
7314,7314,2-s2.0-79960230824
7317,7317,2-s2.0-79960203298
7319,7319,2-s2.0-78650290855
7320,7320,2-s2.0-78149436826
7323,7323,2-s2.0-77956999505
7324,7324,2-s2.0-77956878235
7326,7326,2-s2.0-77955469776
7327,7327,2-s2.0-77955135462
7330,7330,2-s2.0-77954624556
7331,7331,2-s2.0-77954312767
7332,7332,2-s2.0-77954311701
7334,7334,2-s2.0-77949658132
7336,7336,2-s2.0-105013045387
7337,7337,2-s2.0-77954950126
7342,7342,2-s2.0-77954943243
7343,7343,2-s2.0-77954935931
7345,7345,2-s2.0-77954926296
7347,7347,2-s2.0-77954909032
7349,7349,2-s2.0-77954891518
7350,7350,2-s2.0-77958098846
7355,7355,2-s2.0-77954682859
7356,7356,2-s2.0-77954582032
7358,7358,2-s2.0-77954787833
7361,7361,2-s2.0-77954775711
7363,7363,2-s2.0-77955846106
7368,7368,2-s2.0-77954436559
7372,7372,2-s2.0-77954407148
7374,7374,2-s2.0-77954207884
7375,7375,2-s2.0-77954042669
7376,7376,2-s2.0-85087476911
7379,7379,2-s2.0-84873524743
7380,7380,2-s2.0-79960478881
7382,7382,2-s2.0-79957912398
7383,7383,2-s2.0-79957905945
7384,7384,2-s2.0-79957655295
7385,7385,2-s2.0-78751661657
7386,7386,2-s2.0-78751629470
7391,7391,2-s2.0-77955595641
7392,7392,2-s2.0-77955587909
7395,7395,2-s2.0-77954841001
7396,7396,2-s2.0-77954749979
7398,7398,2-s2.0-77954350630
7399,7399,2-s2.0-77954094340
7401,7401,2-s2.0-77953970296
7402,7402,2-s2.0-77953965552
7405,7405,2-s2.0-77953533202
7406,7406,2-s2.0-77953314818
7407,7407,2-s2.0-77952970825
7414,7414,2-s2.0-80052020545
7415,7415,2-s2.0-77955849875
7418,7418,2-s2.0-79956185037
7419,7419,2-s2.0-77957018937
7423,7423,2-s2.0-77953222029
7431,7431,2-s2.0-77953031280
7433,7433,2-s2.0-80052991931
7434,7434,2-s2.0-79960411592
7435,7435,2-s2.0-79959871472
7439,7439,2-s2.0-77956045053
7440,7440,2-s2.0-77954918988
7444,7444,2-s2.0-77953623094
7445,7445,2-s2.0-77953561711
7446,7446,2-s2.0-77953497142
7449,7449,2-s2.0-77952945232
7450,7450,2-s2.0-77952882765
7451,7451,2-s2.0-77952882392
7452,7452,2-s2.0-77952877152
7453,7453,2-s2.0-77952703659
7456,7456,2-s2.0-77951960440
7459,7459,2-s2.0-77952736991
7460,7460,2-s2.0-77952972343
7462,7462,2-s2.0-77957888863
7464,7464,2-s2.0-77952197451
7465,7465,2-s2.0-77952194703
7470,7470,2-s2.0-77952138617
7471,7471,2-s2.0-77952128314
7474,7474,2-s2.0-77952155522
7475,7475,2-s2.0-84886473302
7477,7477,2-s2.0-84917182852
7478,7478,2-s2.0-84916969327
7479,7479,2-s2.0-77951630139
7480,7480,2-s2.0-84919754624
7481,7481,2-s2.0-80755177232
7487,7487,2-s2.0-77953932803
7488,7488,2-s2.0-77953912159
7489,7489,2-s2.0-77952991721
7491,7491,2-s2.0-77952428126
7492,7492,2-s2.0-77952161447
7494,7494,2-s2.0-77952093309
7495,7495,2-s2.0-77952089588
7497,7497,2-s2.0-77951868866
7498,7498,2-s2.0-77951859385
7499,7499,2-s2.0-77951779636
7501,7501,2-s2.0-77951536714
7504,7504,2-s2.0-77949323017
7505,7505,2-s2.0-77949295477
7509,7509,2-s2.0-81255154931
7510,7510,2-s2.0-77951783990
7511,7511,2-s2.0-77956421691
7513,7513,2-s2.0-84864292273
7514,7514,2-s2.0-77954031771
7515,7515,2-s2.0-77955910335
7520,7520,2-s2.0-77951029886
7524,7524,2-s2.0-84921630625
7525,7525,2-s2.0-79960297235
7530,7530,2-s2.0-79960247480
7531,7531,2-s2.0-79960245727
7535,7535,2-s2.0-79960231281
7536,7536,2-s2.0-79960220074
7538,7538,2-s2.0-79960214727
7541,7541,2-s2.0-79960201987
7542,7542,2-s2.0-79957646585
7544,7544,2-s2.0-77956001556
7547,7547,2-s2.0-77952423946
7549,7549,2-s2.0-77952021272
7552,7552,2-s2.0-77950933435
7553,7553,2-s2.0-77950639703
7554,7554,2-s2.0-77949531997
7556,7556,2-s2.0-76349115128
7557,7557,2-s2.0-75949092756
7558,7558,2-s2.0-75749155351
7559,7559,2-s2.0-75749141243
7560,7560,2-s2.0-77949666659
7562,7562,2-s2.0-77952322436
7565,7565,2-s2.0-77953929322
7566,7566,2-s2.0-84867529564
7567,7567,2-s2.0-84867497131
7568,7568,2-s2.0-84867561169
7571,7571,2-s2.0-77954456014
7573,7573,2-s2.0-84870852973
7576,7576,2-s2.0-79960289783
7578,7578,2-s2.0-79952876001
7579,7579,2-s2.0-79952872338
7580,7580,2-s2.0-78650874793
7582,7582,2-s2.0-77955150209
7583,7583,2-s2.0-77955016159
7585,7585,2-s2.0-77952556130
7588,7588,2-s2.0-77951811837
7596,7596,2-s2.0-77950991725
7598,7598,2-s2.0-77949775696
7600,7600,2-s2.0-77949530221
7602,7602,2-s2.0-77949481626
7603,7603,2-s2.0-77949303360
7604,7604,2-s2.0-77949295768
7606,7606,2-s2.0-77949276337
7607,7607,2-s2.0-77749324092
7610,7610,2-s2.0-77649199810
7611,7611,2-s2.0-76749128935
7613,7613,2-s2.0-70449671171
7619,7619,2-s2.0-76449110647
7622,7622,2-s2.0-77953934652
7630,7630,2-s2.0-79959691260
7632,7632,2-s2.0-77953964154
7634,7634,2-s2.0-77951462695
7640,7640,2-s2.0-77949415674
7646,7646,2-s2.0-76449117494
7648,7648,2-s2.0-76449109572
7650,7650,2-s2.0-76449090172
7651,7651,2-s2.0-76249106100
7653,7653,2-s2.0-74249086551
7655,7655,2-s2.0-73549120212
7656,7656,2-s2.0-72149113049
7657,7657,2-s2.0-72149107561
7658,7658,2-s2.0-71549151596
7660,7660,2-s2.0-84905768667
7663,7663,2-s2.0-84867493149
7665,7665,2-s2.0-84867496956
7668,7668,2-s2.0-73949124821
7675,7675,2-s2.0-85145118489
7676,7676,2-s2.0-85143102770
7677,7677,2-s2.0-85143090445
7679,7679,2-s2.0-85127631690
7682,7682,2-s2.0-85123148680
7683,7683,2-s2.0-85121888426
7685,7685,2-s2.0-85121883297
7686,7686,2-s2.0-85121486206
7690,7690,2-s2.0-85106022850
7700,7700,2-s2.0-85068156262
7703,7703,2-s2.0-85061698801
7705,7705,2-s2.0-85059889810
7706,7706,2-s2.0-85055388355
7708,7708,2-s2.0-85049120077
7709,7709,2-s2.0-85049114699
7715,7715,2-s2.0-85029952055
7717,7717,2-s2.0-85029942017
7720,7720,2-s2.0-85029127115
7723,7723,2-s2.0-85029124113
7727,7727,2-s2.0-85029121829
7730,7730,2-s2.0-85029120259
7731,7731,2-s2.0-85029119967
7736,7736,2-s2.0-85029117344
7739,7739,2-s2.0-85029114174
7740,7740,2-s2.0-85029113588
7742,7742,2-s2.0-85029113164
7743,7743,2-s2.0-85029112631
7748,7748,2-s2.0-85029107551
7753,7753,2-s2.0-85029104291
7756,7756,2-s2.0-85029100580
7759,7759,2-s2.0-85029097401
7761,7761,2-s2.0-85029096051
7765,7765,2-s2.0-85029094029
7766,7766,2-s2.0-85029092809
7767,7767,2-s2.0-85029090696
7771,7771,2-s2.0-85029087416
7777,7777,2-s2.0-85029083634
7778,7778,2-s2.0-85029082585
7780,7780,2-s2.0-85029081034
7788,7788,2-s2.0-85029078843
7790,7790,2-s2.0-85029075666
7795,7795,2-s2.0-85029073366
7796,7796,2-s2.0-85029073281
7797,7797,2-s2.0-85029072415
7800,7800,2-s2.0-85029067532
7802,7802,2-s2.0-85029066923
7804,7804,2-s2.0-85029066236
7805,7805,2-s2.0-85029065226
7806,7806,2-s2.0-85029064976
7809,7809,2-s2.0-85029062705
7811,7811,2-s2.0-85029060771
7813,7813,2-s2.0-85029058894
7814,7814,2-s2.0-85029058255
7819,7819,2-s2.0-85029056359
7820,7820,2-s2.0-85029055521
7822,7822,2-s2.0-85029055306
7825,7825,2-s2.0-85029052715
7829,7829,2-s2.0-85029047763
7832,7832,2-s2.0-85029046290
7836,7836,2-s2.0-85029043088
7838,7838,2-s2.0-85029037977
7839,7839,2-s2.0-85029036661
7847,7847,2-s2.0-85029032747
7848,7848,2-s2.0-85029032549
7850,7850,2-s2.0-85029030257
7852,7852,2-s2.0-85029028684
7854,7854,2-s2.0-85029028158
7855,7855,2-s2.0-85029027462
7856,7856,2-s2.0-85029027373
7858,7858,2-s2.0-85029022807
7859,7859,2-s2.0-85029022592
7863,7863,2-s2.0-85024833160
7869,7869,2-s2.0-85016606500
7871,7871,2-s2.0-85010289932
7876,7876,2-s2.0-84993682611
7878,7878,2-s2.0-84964879871
7879,7879,2-s2.0-84959186028
7882,7882,2-s2.0-84946910200
7886,7886,2-s2.0-84938718820
7887,7887,2-s2.0-84938718811
7888,7888,2-s2.0-84938718015
7889,7889,2-s2.0-84938717612
7890,7890,2-s2.0-84938704856
7892,7892,2-s2.0-84938704441
7896,7896,2-s2.0-84938702039
7897,7897,2-s2.0-84938701006
7899,7899,2-s2.0-84937035183
7900,7900,2-s2.0-84933512166
7902,7902,2-s2.0-84930598241
7903,7903,2-s2.0-84930586903
7904,7904,2-s2.0-84930023252
7905,7905,2-s2.0-84929394083
7906,7906,2-s2.0-84926993683
7908,7908,2-s2.0-84925861530
7909,7909,2-s2.0-84925402017
7911,7911,2-s2.0-84908928263
7913,7913,2-s2.0-84907073889
7917,7917,2-s2.0-84902318045
7919,7919,2-s2.0-84901976159
7920,7920,2-s2.0-84901797758
7922,7922,2-s2.0-84901020111
7923,7923,2-s2.0-84898920391
7924,7924,2-s2.0-84898873875
7925,7925,2-s2.0-84897583612
7927,7927,2-s2.0-84897305403
7928,7928,2-s2.0-84897214356
7930,7930,2-s2.0-84896650839
7931,7931,2-s2.0-84896309508
7932,7932,2-s2.0-84896304963
7933,7933,2-s2.0-84896302503
7935,7935,2-s2.0-84896283838
7941,7941,2-s2.0-84886638528
7942,7942,2-s2.0-84881420209
7943,7943,2-s2.0-84879013538
7944,7944,2-s2.0-84876009227
7945,7945,2-s2.0-84874614811
7950,7950,2-s2.0-84867450238
7951,7951,2-s2.0-84867018275
7952,7952,2-s2.0-84864604046
7955,7955,2-s2.0-84858694020
7959,7959,2-s2.0-82855170944
7961,7961,2-s2.0-80053103484
7963,7963,2-s2.0-80052388714
7964,7964,2-s2.0-80051494797
7968,7968,2-s2.0-79960886412
7969,7969,2-s2.0-79960833719
7973,7973,2-s2.0-79960311088
7977,7977,2-s2.0-79960202876
7979,7979,2-s2.0-79956230592
7980,7980,2-s2.0-79956080154
7981,7981,2-s2.0-79955915168
7983,7983,2-s2.0-79955909727
7984,7984,2-s2.0-79955885284
7986,7986,2-s2.0-79953022803
7988,7988,2-s2.0-79952948872
7989,7989,2-s2.0-79952938666
7990,7990,2-s2.0-79952795210
7991,7991,2-s2.0-79952494558
7992,7992,2-s2.0-79952382136
7997,7997,2-s2.0-79851495900
8001,8001,2-s2.0-78751552693
8002,8002,2-s2.0-78651513531
8005,8005,2-s2.0-78651403244
8006,8006,2-s2.0-78651263774
8008,8008,2-s2.0-78651262257
8009,8009,2-s2.0-78651256646
8010,8010,2-s2.0-78651255889
8015,8015,2-s2.0-78651248244
8016,8016,2-s2.0-78651247411
8020,8020,2-s2.0-78651234319
8026,8026,2-s2.0-78651227000
8029,8029,2-s2.0-78650918637
8030,8030,2-s2.0-78650150528
8031,8031,2-s2.0-78649931477
8033,8033,2-s2.0-78649604908
8035,8035,2-s2.0-78649595801
8036,8036,2-s2.0-78649592047
8037,8037,2-s2.0-78649523626
8042,8042,2-s2.0-78349274902
8048,8048,2-s2.0-78049242496
8050,8050,2-s2.0-77958568575
8052,8052,2-s2.0-77958546622
8055,8055,2-s2.0-77958520878
8058,8058,2-s2.0-77958100909
8063,8063,2-s2.0-77957919618
8065,8065,2-s2.0-77957884299
8066,8066,2-s2.0-77957868878
8067,8067,2-s2.0-77957849292
8068,8068,2-s2.0-77957792375
8072,8072,2-s2.0-77957314343
8073,8073,2-s2.0-77957300279
8074,8074,2-s2.0-77957266163
8075,8075,2-s2.0-77956822743
8077,8077,2-s2.0-77956643928
8079,8079,2-s2.0-77956010418
8080,8080,2-s2.0-77955993371
8083,8083,2-s2.0-77955541660
8085,8085,2-s2.0-77955477741
8088,8088,2-s2.0-77955189339
8090,8090,2-s2.0-77955120889
8091,8091,2-s2.0-77955101695
8094,8094,2-s2.0-77954782877
8097,8097,2-s2.0-77954647315
8098,8098,2-s2.0-77954611720
8099,8099,2-s2.0-77954486829
8105,8105,2-s2.0-77953761960
8106,8106,2-s2.0-77953630483
8108,8108,2-s2.0-77953480112
8110,8110,2-s2.0-77953214561
8114,8114,2-s2.0-77953080353
8115,8115,2-s2.0-77953076790
8116,8116,2-s2.0-77953076237
8117,8117,2-s2.0-77953068589
8118,8118,2-s2.0-77953065288
8120,8120,2-s2.0-77953056149
8122,8122,2-s2.0-77953045975
8125,8125,2-s2.0-77952958757
8130,8130,2-s2.0-77952775343
8137,8137,2-s2.0-77952651928
8139,8139,2-s2.0-77952317600
8144,8144,2-s2.0-77951877662
8150,8150,2-s2.0-77951438558
8152,8152,2-s2.0-77951287474
8154,8154,2-s2.0-77951270897
8157,8157,2-s2.0-77951241240
8159,8159,2-s2.0-77951191344
8161,8161,2-s2.0-77951074214
8163,8163,2-s2.0-77950871984
8170,8170,2-s2.0-76449110409
8173,8173,2-s2.0-75049086220
8180,8180,2-s2.0-72449142221
8181,8181,2-s2.0-72249110057
8184,8184,2-s2.0-72149086392
8186,8186,2-s2.0-70350712143
8190,8190,2-s2.0-105011438992
8191,8191,2-s2.0-85078208147
8198,8198,2-s2.0-84255162647
8203,8203,2-s2.0-83755173745
8205,8205,2-s2.0-83755181696
8206,8206,2-s2.0-83655203109
8211,8211,2-s2.0-105002888374
8212,8212,2-s2.0-83055169283
8213,8213,2-s2.0-82955214670
8215,8215,2-s2.0-82955186160
8216,8216,2-s2.0-82955184627
8217,8217,2-s2.0-82955173852
8218,8218,2-s2.0-82955164936
8221,8221,2-s2.0-82555205449
8222,8222,2-s2.0-82555202660
8223,8223,2-s2.0-82555168927
8224,8224,2-s2.0-82555163336
8229,8229,2-s2.0-82455179525
8230,8230,2-s2.0-82455167040
8232,8232,2-s2.0-84940176542
8233,8233,2-s2.0-84903931181
8235,8235,2-s2.0-84899310091
8236,8236,2-s2.0-84899282925
8239,8239,2-s2.0-84899219774
8242,8242,2-s2.0-84899180155
8244,8244,2-s2.0-84898561193
8247,8247,2-s2.0-84898146865
8253,8253,2-s2.0-84895375401
8254,8254,2-s2.0-84895338491
8258,8258,2-s2.0-84895273295
8259,8259,2-s2.0-84895251658
8264,8264,2-s2.0-84892981610
8266,8266,2-s2.0-84892940868
8268,8268,2-s2.0-84892903025
8270,8270,2-s2.0-84892314410
8271,8271,2-s2.0-84892287276
8273,8273,2-s2.0-84892242408
8277,8277,2-s2.0-84892008185
8284,8284,2-s2.0-84881453035
8285,8285,2-s2.0-84880627551
8286,8286,2-s2.0-84874739475
8288,8288,2-s2.0-84873692447
8290,8290,2-s2.0-84873676236
8293,8293,2-s2.0-84873651360
8299,8299,2-s2.0-84870813747
8303,8303,2-s2.0-84867469089
8306,8306,2-s2.0-84867454313
8307,8307,2-s2.0-84867438908
8308,8308,2-s2.0-84867319226
8309,8309,2-s2.0-84867271657
8310,8310,2-s2.0-84867129151
8311,8311,2-s2.0-84867118981
8315,8315,2-s2.0-84865642180
8316,8316,2-s2.0-84865489631
8319,8319,2-s2.0-84865091512
8321,8321,2-s2.0-84865071183
8322,8322,2-s2.0-84864913284
8323,8323,2-s2.0-84864886559
8325,8325,2-s2.0-84864664748
8326,8326,2-s2.0-84864647192
8328,8328,2-s2.0-84864266845
8330,8330,2-s2.0-84864204363
8335,8335,2-s2.0-84864089039
8336,8336,2-s2.0-84864083132
8338,8338,2-s2.0-84864055579
8339,8339,2-s2.0-84863824290
8340,8340,2-s2.0-84863675685
8341,8341,2-s2.0-84863601346
8343,8343,2-s2.0-84863246225
8345,8345,2-s2.0-84863067054
8349,8349,2-s2.0-84862293506
8352,8352,2-s2.0-84861004927
8358,8358,2-s2.0-84860454465
8360,8360,2-s2.0-84860439555
8361,8361,2-s2.0-84860431461
8363,8363,2-s2.0-84860261998
8366,8366,2-s2.0-84859746613
8370,8370,2-s2.0-84859412891
8375,8375,2-s2.0-84859132886
8378,8378,2-s2.0-84858952945
8379,8379,2-s2.0-84858952472
8383,8383,2-s2.0-84858784395
8385,8385,2-s2.0-84858779304
8388,8388,2-s2.0-84858777595
8390,8390,2-s2.0-84858776519
8393,8393,2-s2.0-84858771529
8395,8395,2-s2.0-84858769737
8397,8397,2-s2.0-84858767410
8398,8398,2-s2.0-84858766521
8399,8399,2-s2.0-84858764474
8400,8400,2-s2.0-84858763838
8401,8401,2-s2.0-84858762689
8403,8403,2-s2.0-84858759997
8408,8408,2-s2.0-84858755737
8409,8409,2-s2.0-84858606891
8421,8421,2-s2.0-84858257144
8422,8422,2-s2.0-84858256364
8425,8425,2-s2.0-84858234189
8426,8426,2-s2.0-84858228420
8430,8430,2-s2.0-84858222986
8431,8431,2-s2.0-84858220878
8433,8433,2-s2.0-84858199053
8435,8435,2-s2.0-84858163867
8437,8437,2-s2.0-84858162436
8438,8438,2-s2.0-84857593873
8439,8439,2-s2.0-84857569353
8441,8441,2-s2.0-84857508499
8449,8449,2-s2.0-84857126533
8451,8451,2-s2.0-84856974601
8456,8456,2-s2.0-84856524846
8457,8457,2-s2.0-84856509628
8459,8459,2-s2.0-84856444511
8462,8462,2-s2.0-84856185488
8463,8463,2-s2.0-84856152160
8465,8465,2-s2.0-84856132923
8467,8467,2-s2.0-84856016320
8469,8469,2-s2.0-84855810975
8470,8470,2-s2.0-84855771398
8471,8471,2-s2.0-84855769757
8472,8472,2-s2.0-84855708648
8474,8474,2-s2.0-84855237742
8477,8477,2-s2.0-84555178742
8479,8479,2-s2.0-84255163141
8480,8480,2-s2.0-84255163139
8481,8481,2-s2.0-83855160776
8482,8482,2-s2.0-82955235566
8483,8483,2-s2.0-82655177099
8485,8485,2-s2.0-81455142232
8488,8488,2-s2.0-81055141110
8489,8489,2-s2.0-80455129569
8490,8490,2-s2.0-80255140345
8491,8491,2-s2.0-80255138755
8496,8496,2-s2.0-80051697650
8497,8497,2-s2.0-79960877343
8499,8499,2-s2.0-79960863770
8500,8500,2-s2.0-79960248788
8501,8501,2-s2.0-79960232978
8503,8503,2-s2.0-79952595544
8505,8505,2-s2.0-80054060996
8506,8506,2-s2.0-81855228054
8508,8508,2-s2.0-81855181603
8510,8510,2-s2.0-81855167426
8511,8511,2-s2.0-81555222818
8512,8512,2-s2.0-81355163277
8514,8514,2-s2.0-81355132306
8515,8515,2-s2.0-81255203763
8516,8516,2-s2.0-81255143521
8517,8517,2-s2.0-81155152137
8518,8518,2-s2.0-80755142890
8522,8522,2-s2.0-80155125410
8523,8523,2-s2.0-105003522103
8525,8525,2-s2.0-80055067186
8527,8527,2-s2.0-84865078433
8528,8528,2-s2.0-84862849568
8531,8531,2-s2.0-84859083119
8532,8532,2-s2.0-84858306324
8533,8533,2-s2.0-84856764811
8544,8544,2-s2.0-81255152278
8545,8545,2-s2.0-81255144418
8547,8547,2-s2.0-80455144837
8548,8548,2-s2.0-80055016467
8549,8549,2-s2.0-80054984178
8550,8550,2-s2.0-80053969733
8557,8557,2-s2.0-80053315476
8562,8562,2-s2.0-79958251477
8564,8564,2-s2.0-84856332330
8565,8565,2-s2.0-80054950215
8568,8568,2-s2.0-80055083659
8573,8573,2-s2.0-80054039619
8575,8575,2-s2.0-80054035294
8577,8577,2-s2.0-80054033631
8581,8581,2-s2.0-80054026525
8582,8582,2-s2.0-80054014118
8583,8583,2-s2.0-80053979661
8584,8584,2-s2.0-80053614293
8587,8587,2-s2.0-80053359677
8589,8589,2-s2.0-84900306732
8591,8591,2-s2.0-84883458687
8593,8593,2-s2.0-84867475187
8595,8595,2-s2.0-84862501899
8599,8599,2-s2.0-84859073889
8601,8601,2-s2.0-84856336153
8602,8602,2-s2.0-84856302857
8604,8604,2-s2.0-82555190984
8605,8605,2-s2.0-81455155630
8606,8606,2-s2.0-81255188094
8609,8609,2-s2.0-80054008763
8612,8612,2-s2.0-80053548367
8615,8615,2-s2.0-80053472691
8617,8617,2-s2.0-80053452244
8618,8618,2-s2.0-80053340202
8619,8619,2-s2.0-80053335067
8624,8624,2-s2.0-80052694129
8625,8625,2-s2.0-80052641129
8632,8632,2-s2.0-79960300571
8634,8634,2-s2.0-80053197555
8637,8637,2-s2.0-80053107473
8639,8639,2-s2.0-80053234250
8640,8640,2-s2.0-80053011666
8642,8642,2-s2.0-80052983905
8644,8644,2-s2.0-80052937504
8648,8648,2-s2.0-84885708786
8650,8650,2-s2.0-80052772458
8652,8652,2-s2.0-80052744716
8653,8653,2-s2.0-80052740868
8658,8658,2-s2.0-80052859017
8659,8659,2-s2.0-80052946330
8661,8661,2-s2.0-80052494445
8663,8663,2-s2.0-80052389016
8665,8665,2-s2.0-80052385133
8668,8668,2-s2.0-80052378696
8676,8676,2-s2.0-80052343033
8678,8678,2-s2.0-80052339265
8683,8683,2-s2.0-80052302947
8686,8686,2-s2.0-80052139512
8687,8687,2-s2.0-84879477532
8689,8689,2-s2.0-84863932316
8692,8692,2-s2.0-84858245421
8695,8695,2-s2.0-84855295807
8699,8699,2-s2.0-80053576636
8702,8702,2-s2.0-80053536966
8709,8709,2-s2.0-80052836930
8712,8712,2-s2.0-80052600660
8713,8713,2-s2.0-80052575236
8716,8716,2-s2.0-80052413214
8718,8718,2-s2.0-80052397844
8719,8719,2-s2.0-80052396440
8720,8720,2-s2.0-80052392955
8722,8722,2-s2.0-80052267638
8726,8726,2-s2.0-80052134623
8728,8728,2-s2.0-80052123325
8731,8731,2-s2.0-80052097321
8737,8737,2-s2.0-80051473541
8738,8738,2-s2.0-80051470933
8740,8740,2-s2.0-79961182003
8741,8741,2-s2.0-79961126602
8743,8743,2-s2.0-79961021251
8744,8744,2-s2.0-79960986079
8746,8746,2-s2.0-79960897386
8750,8750,2-s2.0-79960488777
8751,8751,2-s2.0-79958288367
8753,8753,2-s2.0-79952988444
8755,8755,2-s2.0-80053261219
8756,8756,2-s2.0-80051984058
8758,8758,2-s2.0-80052047641
8759,8759,2-s2.0-80051894946
8761,8761,2-s2.0-80051647274
8762,8762,2-s2.0-80051600905
8766,8766,2-s2.0-79961192903
8767,8767,2-s2.0-79961041728
8772,8772,2-s2.0-84884341479
8773,8773,2-s2.0-84867478755
8774,8774,2-s2.0-84867457966
8775,8775,2-s2.0-84867454311
8776,8776,2-s2.0-84867453001
8783,8783,2-s2.0-80053463734
8785,8785,2-s2.0-80052226367
8786,8786,2-s2.0-80052210498
8787,8787,2-s2.0-80052146859
8790,8790,2-s2.0-80051677684
8791,8791,2-s2.0-79961015133
8797,8797,2-s2.0-79960834324
8799,8799,2-s2.0-79960568337
8802,8802,2-s2.0-79959734485
8804,8804,2-s2.0-79959729318
8806,8806,2-s2.0-79960593681
8807,8807,2-s2.0-79960591792
8808,8808,2-s2.0-79960589456
8811,8811,2-s2.0-79960526995
8817,8817,2-s2.0-79960435509
8819,8819,2-s2.0-79960412411
8820,8820,2-s2.0-79960390473
8821,8821,2-s2.0-79960336710
8823,8823,2-s2.0-79960317966
8826,8826,2-s2.0-79960290420
8828,8828,2-s2.0-79960279845
8832,8832,2-s2.0-79960244377
8833,8833,2-s2.0-79960230922
8835,8835,2-s2.0-79960212872
8836,8836,2-s2.0-79960212028
8838,8838,2-s2.0-79960512970
8840,8840,2-s2.0-79960142051
8843,8843,2-s2.0-79960078231
8844,8844,2-s2.0-79960063312
8847,8847,2-s2.0-80052358460
8852,8852,2-s2.0-85042066090
8855,8855,2-s2.0-84867469894
8856,8856,2-s2.0-84867463186
8857,8857,2-s2.0-84860732152
8868,8868,2-s2.0-79961222436
8869,8869,2-s2.0-79961219566
8870,8870,2-s2.0-79960906826
8874,8874,2-s2.0-79960415094
8876,8876,2-s2.0-79960196091
8877,8877,2-s2.0-79960070473
8878,8878,2-s2.0-79960050814
8879,8879,2-s2.0-79960037028
8880,8880,2-s2.0-79959836993
8881,8881,2-s2.0-79959573848
8882,8882,2-s2.0-79959573701
8883,8883,2-s2.0-79959570873
8885,8885,2-s2.0-79959507312
8887,8887,2-s2.0-79959494699
8889,8889,2-s2.0-79959288416
8891,8891,2-s2.0-79958813953
8893,8893,2-s2.0-79956335221
8894,8894,2-s2.0-79956322010
8896,8896,2-s2.0-79956303293
8899,8899,2-s2.0-79959836374
8901,8901,2-s2.0-79959503892
8902,8902,2-s2.0-79959456943
8903,8903,2-s2.0-79959441108
8904,8904,2-s2.0-79959438784
8905,8905,2-s2.0-79959504065
8906,8906,2-s2.0-79959342450
8907,8907,2-s2.0-79959318858
8908,8908,2-s2.0-79959302157
8909,8909,2-s2.0-79959301457
8911,8911,2-s2.0-79959285822
8914,8914,2-s2.0-79959212546
8918,8918,2-s2.0-79958731446
8919,8919,2-s2.0-79958282901
8923,8923,2-s2.0-85164513196
8924,8924,2-s2.0-85048395016
8928,8928,2-s2.0-84859584129
8929,8929,2-s2.0-82355163400
8931,8931,2-s2.0-80755155984
8932,8932,2-s2.0-80755155980
8933,8933,2-s2.0-80053091870
8937,8937,2-s2.0-80052099350
8938,8938,2-s2.0-80052013396
8940,8940,2-s2.0-80051995512
8941,8941,2-s2.0-80051987370
8944,8944,2-s2.0-80051966445
8947,8947,2-s2.0-80051735861
8948,8948,2-s2.0-79961082491
8949,8949,2-s2.0-79960809317
8953,8953,2-s2.0-79958808155
8954,8954,2-s2.0-79958774036
8955,8955,2-s2.0-79958269371
8956,8956,2-s2.0-79958034614
8958,8958,2-s2.0-79957955906
8959,8959,2-s2.0-79957955143
8960,8960,2-s2.0-79957938813
8961,8961,2-s2.0-79957637621
8964,8964,2-s2.0-79956202571
8965,8965,2-s2.0-79956097822
8966,8966,2-s2.0-79955970938
8974,8974,2-s2.0-79954735903
8975,8975,2-s2.0-79954701321
8976,8976,2-s2.0-79952621475
8977,8977,2-s2.0-79957456007
8979,8979,2-s2.0-79957585615
8983,8983,2-s2.0-79956010726
8984,8984,2-s2.0-79955993139
8985,8985,2-s2.0-79955990232
8987,8987,2-s2.0-79955957463
8988,8988,2-s2.0-79955884509
8989,8989,2-s2.0-79955884256
8991,8991,2-s2.0-79955742883
8992,8992,2-s2.0-79955763311
8993,8993,2-s2.0-79955552297
8995,8995,2-s2.0-84867473479
8997,8997,2-s2.0-84867456166
8998,8998,2-s2.0-84859337497
8999,8999,2-s2.0-84856139649
9001,9001,2-s2.0-80053490253
9003,9003,2-s2.0-80053021264
9006,9006,2-s2.0-79960468266
9012,9012,2-s2.0-79958174037
9014,9014,2-s2.0-79957605185
9015,9015,2-s2.0-79957490442
9018,9018,2-s2.0-79956119781
9019,9019,2-s2.0-79956097508
9020,9020,2-s2.0-79955984452
9021,9021,2-s2.0-79955800100
9025,9025,2-s2.0-79954706238
9027,9027,2-s2.0-79953707648
9028,9028,2-s2.0-79953695671
9029,9029,2-s2.0-79952616678
9032,9032,2-s2.0-79952280071
9033,9033,2-s2.0-78651482224
9034,9034,2-s2.0-105013066036
9035,9035,2-s2.0-79955544134
9036,9036,2-s2.0-79955140261
9037,9037,2-s2.0-84949789552
9038,9038,2-s2.0-79955074521
9040,9040,2-s2.0-79954468691
9041,9041,2-s2.0-84885502368
9042,9042,2-s2.0-84909047898
9044,9044,2-s2.0-79954446316
9046,9046,2-s2.0-79954443652
9047,9047,2-s2.0-79954442372
9048,9048,2-s2.0-79954438159
9051,9051,2-s2.0-79953799970
9052,9052,2-s2.0-79953249926
9053,9053,2-s2.0-84957549656
9055,9055,2-s2.0-84885726809
9056,9056,2-s2.0-79960592309
9062,9062,2-s2.0-79957471891
9063,9063,2-s2.0-79956157374
9065,9065,2-s2.0-79955472514
9067,9067,2-s2.0-79954613348
9068,9068,2-s2.0-79953878451
9074,9074,2-s2.0-79953000604
9075,9075,2-s2.0-79952902252
9079,9079,2-s2.0-79952899535
9081,9081,2-s2.0-79952898819
9084,9084,2-s2.0-79952817189
9087,9087,2-s2.0-79952627629
9089,9089,2-s2.0-79952625744
9090,9090,2-s2.0-79952622431
9093,9093,2-s2.0-105012667101
9094,9094,2-s2.0-79953018646
9099,9099,2-s2.0-79953206258
9100,9100,2-s2.0-79953193770
9102,9102,2-s2.0-79953193065
9104,9104,2-s2.0-79953166062
9105,9105,2-s2.0-79952850451
9108,9108,2-s2.0-79952255712
9109,9109,2-s2.0-85152378984
9110,9110,2-s2.0-84895414027
9113,9113,2-s2.0-82455255486
9114,9114,2-s2.0-80053088797
9116,9116,2-s2.0-80053078960
9117,9117,2-s2.0-80053075566
9119,9119,2-s2.0-80052738171
9120,9120,2-s2.0-79959317800
9122,9122,2-s2.0-79959291038
9124,9124,2-s2.0-79955036048
9126,9126,2-s2.0-79953180593
9130,9130,2-s2.0-79953043611
9131,9131,2-s2.0-79952977388
9133,9133,2-s2.0-79952741220
9134,9134,2-s2.0-79952683041
9136,9136,2-s2.0-79952518795
9137,9137,2-s2.0-79952507026
9138,9138,2-s2.0-79952504401
9140,9140,2-s2.0-79952281255
9142,9142,2-s2.0-79952067486
9147,9147,2-s2.0-79951829387
9150,9150,2-s2.0-79951803065
9153,9153,2-s2.0-79951769533
9154,9154,2-s2.0-79951756387
9156,9156,2-s2.0-79551697768
9161,9161,2-s2.0-78049529052
9169,9169,2-s2.0-84900284821
9172,9172,2-s2.0-84880839586
9177,9177,2-s2.0-79955958039
9179,9179,2-s2.0-79953852015
9180,9180,2-s2.0-79953705641
9181,9181,2-s2.0-79953175198
9182,9182,2-s2.0-79952904118
9185,9185,2-s2.0-79951896168
9188,9188,2-s2.0-79551479481
9189,9189,2-s2.0-79451469194
9191,9191,2-s2.0-78751546490
9192,9192,2-s2.0-78751495173
9196,9196,2-s2.0-78649906761
9198,9198,2-s2.0-105009205279
9199,9199,2-s2.0-79952755954
9202,9202,2-s2.0-78650983124
9205,9205,2-s2.0-85142589971
9206,9206,2-s2.0-85142580593
9208,9208,2-s2.0-85141491537
9211,9211,2-s2.0-85139458495
9213,9213,2-s2.0-85129393932
9215,9215,2-s2.0-85123149741
9219,9219,2-s2.0-85101971197
9221,9221,2-s2.0-85101929598
9223,9223,2-s2.0-85093101824
9224,9224,2-s2.0-85088758762
9227,9227,2-s2.0-85085720368
9230,9230,2-s2.0-85078929838
9231,9231,2-s2.0-85078923443
9232,9232,2-s2.0-85075087318
9233,9233,2-s2.0-85072669157
9234,9234,2-s2.0-85071646695
9236,9236,2-s2.0-85067942232
9238,9238,2-s2.0-85067926730
9241,9241,2-s2.0-85060274513
9242,9242,2-s2.0-85055930629
9244,9244,2-s2.0-85055928591
9246,9246,2-s2.0-85055677411
9248,9248,2-s2.0-85044783903
9252,9252,2-s2.0-85038207499
9257,9257,2-s2.0-85029792910
9259,9259,2-s2.0-85029131867
9260,9260,2-s2.0-85029130830
9261,9261,2-s2.0-85029129038
9262,9262,2-s2.0-85029128817
9263,9263,2-s2.0-85029128678
9265,9265,2-s2.0-85029128056
9268,9268,2-s2.0-85029124729
9269,9269,2-s2.0-85029124122
9271,9271,2-s2.0-85029121576
9274,9274,2-s2.0-85029119185
9276,9276,2-s2.0-85029117978
9278,9278,2-s2.0-85029117029
9281,9281,2-s2.0-85029115981
9282,9282,2-s2.0-85029114815
9283,9283,2-s2.0-85029114550
9288,9288,2-s2.0-85029111332
9289,9289,2-s2.0-85029110794
9294,9294,2-s2.0-85029104087
9296,9296,2-s2.0-85029102812
9299,9299,2-s2.0-85029100936
9300,9300,2-s2.0-85029100627
9301,9301,2-s2.0-85029099233
9304,9304,2-s2.0-85029095049
9307,9307,2-s2.0-85029094927
9308,9308,2-s2.0-85029094052
9309,9309,2-s2.0-85029093614
9310,9310,2-s2.0-85029092063
9314,9314,2-s2.0-85029090831
9315,9315,2-s2.0-85029090795
9318,9318,2-s2.0-85029088660
9319,9319,2-s2.0-85029088550
9321,9321,2-s2.0-85029087986
9324,9324,2-s2.0-85029086822
9326,9326,2-s2.0-85029085937
9329,9329,2-s2.0-85029083025
9330,9330,2-s2.0-85029082944
9331,9331,2-s2.0-85029082333
9334,9334,2-s2.0-85029078690
9339,9339,2-s2.0-85029077346
9340,9340,2-s2.0-85029075888
9341,9341,2-s2.0-85029074820
9342,9342,2-s2.0-85029071940
9343,9343,2-s2.0-85029071880
9346,9346,2-s2.0-85029070110
9347,9347,2-s2.0-85029069936
9349,9349,2-s2.0-85029066742
9352,9352,2-s2.0-85029064621
9354,9354,2-s2.0-85029064086
9356,9356,2-s2.0-85029062555
9357,9357,2-s2.0-85029061951
9358,9358,2-s2.0-85029060212
9359,9359,2-s2.0-85029056646
9361,9361,2-s2.0-85029054890
9362,9362,2-s2.0-85029054658
9364,9364,2-s2.0-85029054086
9365,9365,2-s2.0-85029052747
9366,9366,2-s2.0-85029052436
9374,9374,2-s2.0-85029048071
9376,9376,2-s2.0-85029045161
9377,9377,2-s2.0-85029041590
9382,9382,2-s2.0-85029038432
9385,9385,2-s2.0-85029035998
9386,9386,2-s2.0-85029035967
9389,9389,2-s2.0-85029033535
9390,9390,2-s2.0-85029032726
9392,9392,2-s2.0-85029032152
9393,9393,2-s2.0-85029031618
9394,9394,2-s2.0-85029031290
9395,9395,2-s2.0-85029030926
9396,9396,2-s2.0-85029030643
9398,9398,2-s2.0-85029028984
9401,9401,2-s2.0-85029028050
9405,9405,2-s2.0-85029024000
9406,9406,2-s2.0-85029023550
9410,9410,2-s2.0-85028660977
9416,9416,2-s2.0-85024559097
9419,9419,2-s2.0-85018789163
9420,9420,2-s2.0-85014772983
9421,9421,2-s2.0-85014747381
9422,9422,2-s2.0-85013035592
9424,9424,2-s2.0-85011422863
9425,9425,2-s2.0-85011396207
9427,9427,2-s2.0-85011382961
9428,9428,2-s2.0-85011382618
9430,9430,2-s2.0-85011370909
9432,9432,2-s2.0-85011344716
9433,9433,2-s2.0-85011340737
9435,9435,2-s2.0-85011325775
9437,9437,2-s2.0-85001555481
9438,9438,2-s2.0-84995449883
9439,9439,2-s2.0-84984875430
9440,9440,2-s2.0-84976634390
9442,9442,2-s2.0-84967584855
9443,9443,2-s2.0-84967546624
9452,9452,2-s2.0-84946834013
9455,9455,2-s2.0-84946746565
9459,9459,2-s2.0-84945977719
9468,9468,2-s2.0-84945896810
9469,9469,2-s2.0-84941345876
9470,9470,2-s2.0-84938570275
9472,9472,2-s2.0-84931455490
9474,9474,2-s2.0-84930857317
9475,9475,2-s2.0-84926389631
9476,9476,2-s2.0-84925582666
9480,9480,2-s2.0-84925067789
9481,9481,2-s2.0-84925042136
9485,9485,2-s2.0-84923622231
9486,9486,2-s2.0-84923520268
9488,9488,2-s2.0-84923442411
9491,9491,2-s2.0-84920378587
9494,9494,2-s2.0-84917719458
9496,9496,2-s2.0-84908224701
9499,9499,2-s2.0-84904727517
9500,9500,2-s2.0-84904721751
9501,9501,2-s2.0-84901341912
9502,9502,2-s2.0-84901193688
9504,9504,2-s2.0-84901033046
9506,9506,2-s2.0-84898822504
9511,9511,2-s2.0-84896296161
9514,9514,2-s2.0-84896204425
9516,9516,2-s2.0-84892897836
9518,9518,2-s2.0-84892841486
9521,9521,2-s2.0-84892043652
9522,9522,2-s2.0-84892040298
9523,9523,2-s2.0-84890147696
9524,9524,2-s2.0-84889953760
9528,9528,2-s2.0-84884920678
9529,9529,2-s2.0-84881780764
9531,9531,2-s2.0-84879792449
9532,9532,2-s2.0-84876027262
9538,9538,2-s2.0-84872224000
9547,9547,2-s2.0-84865068805
9551,9551,2-s2.0-84863421406
9552,9552,2-s2.0-84863227362
9553,9553,2-s2.0-84862901216
9554,9554,2-s2.0-84862855197
9559,9559,2-s2.0-84857875231
9561,9561,2-s2.0-84857869794
9563,9563,2-s2.0-84857860959
9564,9564,2-s2.0-84857824224
9565,9565,2-s2.0-84857818269
9566,9566,2-s2.0-84857564958
9567,9567,2-s2.0-84857377664
9572,9572,2-s2.0-84856204474
9574,9574,2-s2.0-84856164723
9575,9575,2-s2.0-84856161074
9578,9578,2-s2.0-84855899014
9579,9579,2-s2.0-84855821791
9580,9580,2-s2.0-84855812678
9583,9583,2-s2.0-84855780582
9585,9585,2-s2.0-84855552699
9587,9587,2-s2.0-84555223633
9589,9589,2-s2.0-82955189787
9590,9590,2-s2.0-82355188208
9591,9591,2-s2.0-81855166021
9597,9597,2-s2.0-80055066426
9599,9599,2-s2.0-80054071366
9604,9604,2-s2.0-80053956936
9608,9608,2-s2.0-80053042656
9614,9614,2-s2.0-80052608485
9617,9617,2-s2.0-80052347642
9618,9618,2-s2.0-80052295594
9621,9621,2-s2.0-80051919815
9623,9623,2-s2.0-80051739986
9625,9625,2-s2.0-80051589628
9627,9627,2-s2.0-80051522668
9634,9634,2-s2.0-79960461800
9639,9639,2-s2.0-79958124463
9641,9641,2-s2.0-79957470343
9643,9643,2-s2.0-79955861163
9647,9647,2-s2.0-79955551855
9649,9649,2-s2.0-79955397063
9651,9651,2-s2.0-79953715193
9654,9654,2-s2.0-79953698768
9657,9657,2-s2.0-79953310146
9658,9658,2-s2.0-79953235300
9660,9660,2-s2.0-79952817075
9662,9662,2-s2.0-79952653270
9666,9666,2-s2.0-79952151987
9667,9667,2-s2.0-79952054421
9668,9668,2-s2.0-79951794814
9670,9670,2-s2.0-79551603820
9671,9671,2-s2.0-79551583850
9674,9674,2-s2.0-79551514396
9675,9675,2-s2.0-79551492519
9676,9676,2-s2.0-79551491118
9679,9679,2-s2.0-78751682184
9681,9681,2-s2.0-78651500938
9682,9682,2-s2.0-78651476377
9684,9684,2-s2.0-78651341142
9685,9685,2-s2.0-78651259623
9689,9689,2-s2.0-78650873362
9691,9691,2-s2.0-78650663274
9695,9695,2-s2.0-78650297356
9696,9696,2-s2.0-78650295313
9697,9697,2-s2.0-78650287547
9698,9698,2-s2.0-78650278853
9702,9702,2-s2.0-78650018069
9703,9703,2-s2.0-78449294404
9707,9707,2-s2.0-77958003632
9714,9714,2-s2.0-105011218978
9715,9715,2-s2.0-105010810782
9716,9716,2-s2.0-105002528057
9717,9717,2-s2.0-105002517187
9718,9718,2-s2.0-84871604873
9719,9719,2-s2.0-84871594269
9720,9720,2-s2.0-84871591182
9721,9721,2-s2.0-84871578658
9724,9724,2-s2.0-84871506208
9726,9726,2-s2.0-84871487153
9729,9729,2-s2.0-84871479789
9732,9732,2-s2.0-84871239432
9734,9734,2-s2.0-84871100257
9735,9735,2-s2.0-84871082007
9736,9736,2-s2.0-84905046746
9737,9737,2-s2.0-84870975492
9738,9738,2-s2.0-84870946173
9743,9743,2-s2.0-84870819087
9744,9744,2-s2.0-84870801471
9745,9745,2-s2.0-84870751075
9757,9757,2-s2.0-84899218947
9761,9761,2-s2.0-84898366119
9762,9762,2-s2.0-84898259011
9764,9764,2-s2.0-84898173968
9766,9766,2-s2.0-84898123677
9767,9767,2-s2.0-84897811329
9769,9769,2-s2.0-84895246258
9771,9771,2-s2.0-84893543839
9774,9774,2-s2.0-84892752619
9776,9776,2-s2.0-84892399905
9778,9778,2-s2.0-84891970578
9779,9779,2-s2.0-84891958268
9781,9781,2-s2.0-84888334796
9783,9783,2-s2.0-84887473720
9785,9785,2-s2.0-84886571575
9787,9787,2-s2.0-84884413369
9788,9788,2-s2.0-84883732960
9789,9789,2-s2.0-84883729947
9790,9790,2-s2.0-84883708758
9791,9791,2-s2.0-84883707814
9792,9792,2-s2.0-84883696426
9793,9793,2-s2.0-84883538876
9796,9796,2-s2.0-84883504753
9797,9797,2-s2.0-84883495752
9798,9798,2-s2.0-84883229447
9801,9801,2-s2.0-84880981762
9804,9804,2-s2.0-84879901238
9809,9809,2-s2.0-84878980726
9810,9810,2-s2.0-84878727921
9811,9811,2-s2.0-84878705941
9812,9812,2-s2.0-84878458371
9814,9814,2-s2.0-84878064378
9816,9816,2-s2.0-84877792061
9817,9817,2-s2.0-84877741022
9823,9823,2-s2.0-84876468306
9824,9824,2-s2.0-84876450394
9825,9825,2-s2.0-84876208375
9827,9827,2-s2.0-84875988194
9829,9829,2-s2.0-84875680605
9830,9830,2-s2.0-84875665866
9833,9833,2-s2.0-84875416521
9834,9834,2-s2.0-84875391075
9836,9836,2-s2.0-84875255267
9837,9837,2-s2.0-84874748829
9840,9840,2-s2.0-84874715574
9842,9842,2-s2.0-84874711568
9844,9844,2-s2.0-84874686218
9845,9845,2-s2.0-84874685898
9846,9846,2-s2.0-84874676765
9847,9847,2-s2.0-84874671097
9849,9849,2-s2.0-84874573887
9850,9850,2-s2.0-84874545394
9852,9852,2-s2.0-84874424903
9855,9855,2-s2.0-84874302686
9856,9856,2-s2.0-84874260660
9858,9858,2-s2.0-84874187597
9860,9860,2-s2.0-84874082819
9861,9861,2-s2.0-84873952403
9864,9864,2-s2.0-84873564502
9865,9865,2-s2.0-84873520756
9867,9867,2-s2.0-84873489747
9872,9872,2-s2.0-84873202664
9875,9875,2-s2.0-84873169407
9876,9876,2-s2.0-84873163951
9877,9877,2-s2.0-84873161000
9880,9880,2-s2.0-84873150331
9881,9881,2-s2.0-84873130288
9883,9883,2-s2.0-84873116201
9885,9885,2-s2.0-84873115202
9886,9886,2-s2.0-84873113732
9887,9887,2-s2.0-84873111406
9890,9890,2-s2.0-84872671299
9896,9896,2-s2.0-84872461546
9903,9903,2-s2.0-84872158421
9904,9904,2-s2.0-84872154057
9907,9907,2-s2.0-84872135113
9908,9908,2-s2.0-84872130660
9913,9913,2-s2.0-84871954897
9916,9916,2-s2.0-84871789092
9919,9919,2-s2.0-84871349777
9920,9920,2-s2.0-84871064240
9923,9923,2-s2.0-84870987322
9925,9925,2-s2.0-84870787609
9928,9928,2-s2.0-84870296902
9930,9930,2-s2.0-84869851020
9933,9933,2-s2.0-84869130343
9934,9934,2-s2.0-84869127000
9935,9935,2-s2.0-84869124899
9940,9940,2-s2.0-84868338297
9943,9943,2-s2.0-84868280095
9945,9945,2-s2.0-84867404000
9947,9947,2-s2.0-84866148936
9948,9948,2-s2.0-84865070836
9949,9949,2-s2.0-84864518709
9953,9953,2-s2.0-84869779208
9956,9956,2-s2.0-84869462902
9957,9957,2-s2.0-84869436843
9958,9958,2-s2.0-84869432073
9959,9959,2-s2.0-84869431809
9961,9961,2-s2.0-84872189861
9962,9962,2-s2.0-84869149951
9966,9966,2-s2.0-84869034912
9967,9967,2-s2.0-84869008074
9968,9968,2-s2.0-84872299159
9970,9970,2-s2.0-84868652799
9971,9971,2-s2.0-84869050705
9974,9974,2-s2.0-105003522314
9978,9978,2-s2.0-84868149429
9979,9979,2-s2.0-84868118215
9983,9983,2-s2.0-84868035097
9984,9984,2-s2.0-84949176520
9985,9985,2-s2.0-84949175464
9987,9987,2-s2.0-84931317323
9988,9988,2-s2.0-84930978281
9989,9989,2-s2.0-84874628568
9990,9990,2-s2.0-84874623425
9993,9993,2-s2.0-84874446732
9994,9994,2-s2.0-84874429746
9995,9995,2-s2.0-84874310452
9998,9998,2-s2.0-84870573879
9999,9999,2-s2.0-84870330700
10000,10000,2-s2.0-84870328119
10001,10001,2-s2.0-84869786534
10002,10002,2-s2.0-84869460474
10007,10007,2-s2.0-84867955668
10011,10011,2-s2.0-84867710872
10012,10012,2-s2.0-84867624874
10013,10013,2-s2.0-84867590868
10015,10015,2-s2.0-84867573248
10017,10017,2-s2.0-84867148356
10019,10019,2-s2.0-84866372231
10025,10025,2-s2.0-84867833050
10029,10029,2-s2.0-84867750721
10031,10031,2-s2.0-84867688987
10034,10034,2-s2.0-84867586554
10035,10035,2-s2.0-84867559985
10042,10042,2-s2.0-84867054598
10043,10043,2-s2.0-84867028106
10045,10045,2-s2.0-84867017683
10046,10046,2-s2.0-84867017190
10048,10048,2-s2.0-84866976091
10049,10049,2-s2.0-84866922061
10052,10052,2-s2.0-84866878801
10054,10054,2-s2.0-84880567116
10056,10056,2-s2.0-84873602295
10058,10058,2-s2.0-84872828847
10060,10060,2-s2.0-84870592839
10061,10061,2-s2.0-84868026547
10062,10062,2-s2.0-84867891184
10064,10064,2-s2.0-84867263461
10068,10068,2-s2.0-84867222844
10071,10071,2-s2.0-84866732159
10074,10074,2-s2.0-84866463297
10080,10080,2-s2.0-84866607520
10084,10084,2-s2.0-84923496390
10085,10085,2-s2.0-84923448345
10090,10090,2-s2.0-84948989101
10092,10092,2-s2.0-84865980182
10093,10093,2-s2.0-84865962813
10099,10099,2-s2.0-84936747116
10100,10100,2-s2.0-84892848721
10104,10104,2-s2.0-84871071761
10106,10106,2-s2.0-84868577641
10110,10110,2-s2.0-84867017612
10111,10111,2-s2.0-84866953943
10112,10112,2-s2.0-84866910677
10113,10113,2-s2.0-84866896630
10114,10114,2-s2.0-84866856759
10116,10116,2-s2.0-84866644879
10117,10117,2-s2.0-84866617505
10120,10120,2-s2.0-84866351439
10122,10122,2-s2.0-84866294625
10124,10124,2-s2.0-84866238665
10125,10125,2-s2.0-84866149122
10127,10127,2-s2.0-84865989568
10128,10128,2-s2.0-84865957589
10140,10140,2-s2.0-84865436922
10141,10141,2-s2.0-84865415076
10146,10146,2-s2.0-84864960395
10149,10149,2-s2.0-84864745174
10150,10150,2-s2.0-84864573638
10151,10151,2-s2.0-84864555958
10152,10152,2-s2.0-84864554627
10154,10154,2-s2.0-84864546904
10155,10155,2-s2.0-84863820338
10157,10157,2-s2.0-84863782321
10162,10162,2-s2.0-84859305445
10164,10164,2-s2.0-84857529877
10165,10165,2-s2.0-84958960999
10166,10166,2-s2.0-84865559048
10168,10168,2-s2.0-105010783866
10169,10169,2-s2.0-84865369591
10170,10170,2-s2.0-84865356797
10171,10171,2-s2.0-84865350717
10172,10172,2-s2.0-84865339250
10177,10177,2-s2.0-84865128894
10178,10178,2-s2.0-84865088413
10181,10181,2-s2.0-84864801351
10182,10182,2-s2.0-84864687641
10185,10185,2-s2.0-84864777040
10186,10186,2-s2.0-84864744704
10188,10188,2-s2.0-84920938488
10190,10190,2-s2.0-84930807201
10193,10193,2-s2.0-84930587223
10194,10194,2-s2.0-84930586137
10196,10196,2-s2.0-84930582275
10197,10197,2-s2.0-84930579662
10200,10200,2-s2.0-84926326056
10201,10201,2-s2.0-84926294216
10205,10205,2-s2.0-84922623748
10211,10211,2-s2.0-84902658090
10212,10212,2-s2.0-84897441438
10216,10216,2-s2.0-84892845380
10218,10218,2-s2.0-84888031760
10219,10219,2-s2.0-84885961084
10221,10221,2-s2.0-84884533405
10222,10222,2-s2.0-84884525551
10224,10224,2-s2.0-84884507922
10225,10225,2-s2.0-84884505881
10227,10227,2-s2.0-84879634972
10228,10228,2-s2.0-84875659503
10232,10232,2-s2.0-84866718045
10235,10235,2-s2.0-84865593242
10237,10237,2-s2.0-84865430415
10238,10238,2-s2.0-84865412798
10239,10239,2-s2.0-84865409165
10240,10240,2-s2.0-84865368471
10245,10245,2-s2.0-84864289735
10249,10249,2-s2.0-84863826782
10250,10250,2-s2.0-84863776594
10251,10251,2-s2.0-84862248334
10253,10253,2-s2.0-84860884723
10255,10255,2-s2.0-84864310523
10257,10257,2-s2.0-84864346043
10259,10259,2-s2.0-84864141122
10260,10260,2-s2.0-84864140353
10262,10262,2-s2.0-84864133932
10263,10263,2-s2.0-84864120788
10264,10264,2-s2.0-84864116465
10266,10266,2-s2.0-84864749463
10267,10267,2-s2.0-84864057033
10268,10268,2-s2.0-84864056593
10270,10270,2-s2.0-84864046754
10271,10271,2-s2.0-84883253688
10274,10274,2-s2.0-84863618599
10278,10278,2-s2.0-84863194080
10280,10280,2-s2.0-84862999210
10289,10289,2-s2.0-84936120491
10292,10292,2-s2.0-84890917678
10298,10298,2-s2.0-84868613508
10299,10299,2-s2.0-84867190103
10306,10306,2-s2.0-84864586513
10307,10307,2-s2.0-84864463230
10309,10309,2-s2.0-84864223189
10312,10312,2-s2.0-84863604461
10313,10313,2-s2.0-84863598932
10314,10314,2-s2.0-84863587762
10315,10315,2-s2.0-84863586103
10317,10317,2-s2.0-84863560867
10318,10318,2-s2.0-84863558605
10324,10324,2-s2.0-84863307682
10330,10330,2-s2.0-84862624040
10334,10334,2-s2.0-84861874358
10335,10335,2-s2.0-84861872919
10336,10336,2-s2.0-84861801522
10341,10341,2-s2.0-84861181550
10342,10342,2-s2.0-84861181107
10344,10344,2-s2.0-84860631159
10345,10345,2-s2.0-84860567539
10347,10347,2-s2.0-84859847732
10349,10349,2-s2.0-84862992530
10350,10350,2-s2.0-84862670878
10351,10351,2-s2.0-84862655111
10355,10355,2-s2.0-84862301521
10357,10357,2-s2.0-84862140580
10361,10361,2-s2.0-85096918025
10365,10365,2-s2.0-84866446035
10371,10371,2-s2.0-84864541312
10372,10372,2-s2.0-84864313742
10374,10374,2-s2.0-84863851117
10375,10375,2-s2.0-84863480951
10377,10377,2-s2.0-84862654625
10379,10379,2-s2.0-84862634958
10380,10380,2-s2.0-84862614483
10381,10381,2-s2.0-84862597565
10382,10382,2-s2.0-84862572205
10385,10385,2-s2.0-84862535310
10390,10390,2-s2.0-84861772093
10396,10396,2-s2.0-84861465312
10397,10397,2-s2.0-84861384076
10399,10399,2-s2.0-84861224974
10400,10400,2-s2.0-84861221952
10402,10402,2-s2.0-84860887304
10404,10404,2-s2.0-84860721693
10406,10406,2-s2.0-84860682767
10408,10408,2-s2.0-84860461604
10411,10411,2-s2.0-84858429102
10412,10412,2-s2.0-84857592963
10415,10415,2-s2.0-84878902209
10416,10416,2-s2.0-84861473782
10420,10420,2-s2.0-105012558738
10421,10421,2-s2.0-84861432001
10425,10425,2-s2.0-84862063622
10426,10426,2-s2.0-84861009043
10427,10427,2-s2.0-84861008029
10431,10431,2-s2.0-84860806268
10436,10436,2-s2.0-84861188781
10441,10441,2-s2.0-84860343226
10442,10442,2-s2.0-84860328271
10443,10443,2-s2.0-84902650550
10444,10444,2-s2.0-84901019931
10445,10445,2-s2.0-84879291155
10447,10447,2-s2.0-84871237365
10448,10448,2-s2.0-84864446966
10457,10457,2-s2.0-84860432614
10458,10458,2-s2.0-84860132156
10459,10459,2-s2.0-84860127079
10460,10460,2-s2.0-84860113221
10461,10461,2-s2.0-84859874608
10463,10463,2-s2.0-84859568196
10464,10464,2-s2.0-84859512049
10466,10466,2-s2.0-84859270471
10468,10468,2-s2.0-84859270097
10470,10470,2-s2.0-84859269580
10475,10475,2-s2.0-84859266132
10478,10478,2-s2.0-84859264434
10479,10479,2-s2.0-84859257337
10482,10482,2-s2.0-84858781619
10484,10484,2-s2.0-84856631695
10486,10486,2-s2.0-84855433990
10487,10487,2-s2.0-84855430200
10494,10494,2-s2.0-84993027389
10496,10496,2-s2.0-84860294699
10498,10498,2-s2.0-84859298244
10499,10499,2-s2.0-84859333331
10500,10500,2-s2.0-84860273539
10504,10504,2-s2.0-84859018302
10506,10506,2-s2.0-85039550824
10507,10507,2-s2.0-84982988936
10508,10508,2-s2.0-84892671699
10509,10509,2-s2.0-84887536111
10510,10510,2-s2.0-84866771192
10512,10512,2-s2.0-84862802144
10513,10513,2-s2.0-84862500186
10514,10514,2-s2.0-84861137609
10515,10515,2-s2.0-84861129081
10516,10516,2-s2.0-84861108513
10521,10521,2-s2.0-84859575101
10525,10525,2-s2.0-84859397882
10526,10526,2-s2.0-84859328565
10527,10527,2-s2.0-84859200156
10528,10528,2-s2.0-84859195346
10531,10531,2-s2.0-84859179377
10532,10532,2-s2.0-84859132889
10533,10533,2-s2.0-84859108042
10534,10534,2-s2.0-84859100872
10539,10539,2-s2.0-84858148959
10540,10540,2-s2.0-82055194418
10541,10541,2-s2.0-84858986609
10542,10542,2-s2.0-84858965593
10543,10543,2-s2.0-84858965258
10544,10544,2-s2.0-84858964788
10545,10545,2-s2.0-84858957290
10546,10546,2-s2.0-84858953585
10547,10547,2-s2.0-84858952660
10551,10551,2-s2.0-84922761052
10552,10552,2-s2.0-84920691781
10553,10553,2-s2.0-84863348103
10558,10558,2-s2.0-84858060055
10563,10563,2-s2.0-84863840294
10564,10564,2-s2.0-84863400486
10566,10566,2-s2.0-84863293397
10568,10568,2-s2.0-84860990841
10571,10571,2-s2.0-84859587642
10576,10576,2-s2.0-84859168123
10578,10578,2-s2.0-84858844395
10579,10579,2-s2.0-84858752605
10580,10580,2-s2.0-84858696595
10581,10581,2-s2.0-84858665151
10586,10586,2-s2.0-84858641745
10588,10588,2-s2.0-84858633985
10589,10589,2-s2.0-84858318003
10592,10592,2-s2.0-84858205301
10595,10595,2-s2.0-84857808878
10596,10596,2-s2.0-84857749645
10597,10597,2-s2.0-84857709627
10600,10600,2-s2.0-84857261935
10601,10601,2-s2.0-84857198442
10602,10602,2-s2.0-84857073818
10603,10603,2-s2.0-84857058469
10604,10604,2-s2.0-84857040471
10605,10605,2-s2.0-84856863256
10607,10607,2-s2.0-84856216503
10608,10608,2-s2.0-84855541113
10610,10610,2-s2.0-84855460313
10611,10611,2-s2.0-84155170874
10612,10612,2-s2.0-84155163024
10615,10615,2-s2.0-84857250441
10617,10617,2-s2.0-84857015391
10618,10618,2-s2.0-84857044506
10621,10621,2-s2.0-84958113328
10622,10622,2-s2.0-84949178161
10623,10623,2-s2.0-84934323732
10628,10628,2-s2.0-84930843467
10632,10632,2-s2.0-84930829923
10633,10633,2-s2.0-84930829158
10639,10639,2-s2.0-84863143921
10640,10640,2-s2.0-84861801975
10643,10643,2-s2.0-84860864062
10644,10644,2-s2.0-84859820200
10645,10645,2-s2.0-84859368061
10646,10646,2-s2.0-84859008983
10647,10647,2-s2.0-84858602777
10649,10649,2-s2.0-84858233329
10656,10656,2-s2.0-84857013637
10662,10662,2-s2.0-84856235599
10664,10664,2-s2.0-84855988485
10671,10671,2-s2.0-84855644437
10675,10675,2-s2.0-84855317010
10676,10676,2-s2.0-84855169571
10679,10679,2-s2.0-84862953202
10682,10682,2-s2.0-84856063597
10689,10689,2-s2.0-84856065599
10693,10693,2-s2.0-85171942334
10694,10694,2-s2.0-85171938986
10696,10696,2-s2.0-85164866098
10698,10698,2-s2.0-85150367048
10699,10699,2-s2.0-85150270016
10700,10700,2-s2.0-85145095733
10701,10701,2-s2.0-85140251392
10703,10703,2-s2.0-85128538392
10704,10704,2-s2.0-85123151685
10705,10705,2-s2.0-85123146348
10708,10708,2-s2.0-85122400838
10710,10710,2-s2.0-85122396227
10712,10712,2-s2.0-85122372297
10713,10713,2-s2.0-85122348113
10714,10714,2-s2.0-85122340346
10715,10715,2-s2.0-85115803993
10717,10717,2-s2.0-85112303812
10718,10718,2-s2.0-85106940160
10721,10721,2-s2.0-85088759009
10725,10725,2-s2.0-85079299288
10726,10726,2-s2.0-85078912890
10727,10727,2-s2.0-85078876442
10732,10732,2-s2.0-85072507257
10734,10734,2-s2.0-85071517938
10735,10735,2-s2.0-85071136677
10738,10738,2-s2.0-85071111149
10739,10739,2-s2.0-85071104049
10743,10743,2-s2.0-85071077734
10745,10745,2-s2.0-85070943500
10746,10746,2-s2.0-85070635309
10747,10747,2-s2.0-85070634310
10752,10752,2-s2.0-85067991274
10753,10753,2-s2.0-85067943234
10756,10756,2-s2.0-85065806230
10758,10758,2-s2.0-85065680339
10760,10760,2-s2.0-85051585911
10761,10761,2-s2.0-85049694595
10762,10762,2-s2.0-85045018227
10765,10765,2-s2.0-85034424977
10768,10768,2-s2.0-85032882584
10769,10769,2-s2.0-85032751858
10770,10770,2-s2.0-85031048088
10771,10771,2-s2.0-85031036580
10773,10773,2-s2.0-85030976009
10774,10774,2-s2.0-85030155245
10775,10775,2-s2.0-85029131608
10778,10778,2-s2.0-85029127167
10781,10781,2-s2.0-85029121121
10782,10782,2-s2.0-85029120900
10784,10784,2-s2.0-85029120438
10786,10786,2-s2.0-85029119431
10790,10790,2-s2.0-85029116145
10792,10792,2-s2.0-85029114897
10796,10796,2-s2.0-85029113137
10798,10798,2-s2.0-85029112441
10799,10799,2-s2.0-85029112340
10801,10801,2-s2.0-85029111641
10803,10803,2-s2.0-85029110453
10805,10805,2-s2.0-85029110192
10807,10807,2-s2.0-85029108105
10809,10809,2-s2.0-85029104066
10810,10810,2-s2.0-85029103971
10811,10811,2-s2.0-85029103717
10814,10814,2-s2.0-85029102788
10817,10817,2-s2.0-85029101816
10821,10821,2-s2.0-85029100019
10824,10824,2-s2.0-85029096800
10826,10826,2-s2.0-85029093936
10827,10827,2-s2.0-85029092496
10829,10829,2-s2.0-85029089507
10831,10831,2-s2.0-85029088414
10832,10832,2-s2.0-85029088029
10833,10833,2-s2.0-85029087985
10834,10834,2-s2.0-85029086020
10836,10836,2-s2.0-85029085107
10837,10837,2-s2.0-85029084189
10839,10839,2-s2.0-85029082530
10841,10841,2-s2.0-85029079322
10842,10842,2-s2.0-85029079288
10844,10844,2-s2.0-85029078320
10845,10845,2-s2.0-85029078284
10846,10846,2-s2.0-85029078261
10849,10849,2-s2.0-85029076606
10850,10850,2-s2.0-85029075661
10852,10852,2-s2.0-85029074773
10854,10854,2-s2.0-85029072669
10856,10856,2-s2.0-85029070951
10858,10858,2-s2.0-85029068800
10861,10861,2-s2.0-85029066878
10862,10862,2-s2.0-85029065694
10863,10863,2-s2.0-85029065436
10865,10865,2-s2.0-85029064332
10867,10867,2-s2.0-85029062934
10868,10868,2-s2.0-85029062251
10871,10871,2-s2.0-85029061290
10873,10873,2-s2.0-85029058476
10875,10875,2-s2.0-85029056748
10877,10877,2-s2.0-85029053641
10878,10878,2-s2.0-85029053477
10881,10881,2-s2.0-85029049053
10886,10886,2-s2.0-85029046418
10887,10887,2-s2.0-85029046101
10889,10889,2-s2.0-85029045049
10890,10890,2-s2.0-85029042502
10891,10891,2-s2.0-85029041864
10893,10893,2-s2.0-85029037778
10894,10894,2-s2.0-85029037413
10895,10895,2-s2.0-85029037360
10898,10898,2-s2.0-85029037081
10899,10899,2-s2.0-85029036872
10900,10900,2-s2.0-85029036201
10901,10901,2-s2.0-85029033987
10902,10902,2-s2.0-85029033749
10903,10903,2-s2.0-85029032153
10908,10908,2-s2.0-85029026447
10909,10909,2-s2.0-85029025597
10910,10910,2-s2.0-85029024552
10911,10911,2-s2.0-85029024457
10913,10913,2-s2.0-85029022736
10915,10915,2-s2.0-85028122448
10920,10920,2-s2.0-85027068260
10921,10921,2-s2.0-85026215604
10930,10930,2-s2.0-85015829433
10931,10931,2-s2.0-85015694721
10934,10934,2-s2.0-85012035661
10936,10936,2-s2.0-85008525571
10939,10939,2-s2.0-84996564238
10940,10940,2-s2.0-84996524229
10942,10942,2-s2.0-84990361626
10943,10943,2-s2.0-84988368659
10944,10944,2-s2.0-84976460801
10945,10945,2-s2.0-84973115951
10947,10947,2-s2.0-84967162535
10948,10948,2-s2.0-84964509553
10949,10949,2-s2.0-84961211133
10950,10950,2-s2.0-84958124364
10952,10952,2-s2.0-84958113132
10953,10953,2-s2.0-84958108676
10955,10955,2-s2.0-84957972414
10959,10959,2-s2.0-84948120898
10961,10961,2-s2.0-84948111260
10964,10964,2-s2.0-84948102292
10966,10966,2-s2.0-84947900709
10969,10969,2-s2.0-84946894310
10973,10973,2-s2.0-84941330015
10974,10974,2-s2.0-84941288226
10976,10976,2-s2.0-84940707046
10978,10978,2-s2.0-84939561204
10982,10982,2-s2.0-84939523312
10983,10983,2-s2.0-84939517957
10986,10986,2-s2.0-84939501442
10987,10987,2-s2.0-84939499895
10988,10988,2-s2.0-84939499148
10989,10989,2-s2.0-84939498325
10991,10991,2-s2.0-84939496652
10994,10994,2-s2.0-84939482360
11001,11001,2-s2.0-84929814934
11003,11003,2-s2.0-84928256087
11005,11005,2-s2.0-84926140036
11007,11007,2-s2.0-84925660159
11008,11008,2-s2.0-84925651825
11009,11009,2-s2.0-84925616349
11010,11010,2-s2.0-84923774755
11012,11012,2-s2.0-84922692438
11015,11015,2-s2.0-84920699438
11016,11016,2-s2.0-84920689868
11017,11017,2-s2.0-84920548035
11020,11020,2-s2.0-84917491570
11021,11021,2-s2.0-84917462794
11022,11022,2-s2.0-84912567527
11026,11026,2-s2.0-84910142039
11028,11028,2-s2.0-84907290818
11029,11029,2-s2.0-84906704210
11033,11033,2-s2.0-84905749790
11034,11034,2-s2.0-84905745980
11035,11035,2-s2.0-84904719420
11039,11039,2-s2.0-84899263734
11040,11040,2-s2.0-84899123748
11046,11046,2-s2.0-84897381773
11047,11047,2-s2.0-84897002779
11049,11049,2-s2.0-84896459004
11052,11052,2-s2.0-84896362154
11055,11055,2-s2.0-84896329571
11057,11057,2-s2.0-84893531471
11060,11060,2-s2.0-84892585351
11061,11061,2-s2.0-84891807086
11066,11066,2-s2.0-84888020687
11067,11067,2-s2.0-84887973631
11069,11069,2-s2.0-84887960162
11070,11070,2-s2.0-84887908357
11072,11072,2-s2.0-84887284506
11076,11076,2-s2.0-84883476009
11078,11078,2-s2.0-84881047358
11082,11082,2-s2.0-84878034411
11083,11083,2-s2.0-84877865529
11085,11085,2-s2.0-84877654148
11086,11086,2-s2.0-84877329895
11087,11087,2-s2.0-84877155388
11090,11090,2-s2.0-84875547282
11092,11092,2-s2.0-84875234272
11094,11094,2-s2.0-84875007820
11096,11096,2-s2.0-84874811588
11098,11098,2-s2.0-84874673723
11101,11101,2-s2.0-84872933953
11107,11107,2-s2.0-84872100437
11108,11108,2-s2.0-84872087518
11109,11109,2-s2.0-84872079645
11110,11110,2-s2.0-84871895131
11111,11111,2-s2.0-84871740764
11118,11118,2-s2.0-84871557496
11119,11119,2-s2.0-84871549820
11121,11121,2-s2.0-84871536028
11122,11122,2-s2.0-84871535184
11124,11124,2-s2.0-84870910327
11126,11126,2-s2.0-84870652972
11135,11135,2-s2.0-84869835353
11139,11139,2-s2.0-84869790413
11140,11140,2-s2.0-84869778338
11145,11145,2-s2.0-84868090412
11146,11146,2-s2.0-84867924181
11147,11147,2-s2.0-84867688143
11150,11150,2-s2.0-84867388492
11151,11151,2-s2.0-84867381812
11154,11154,2-s2.0-84866552487
11155,11155,2-s2.0-84866542205
11157,11157,2-s2.0-84866541731
11158,11158,2-s2.0-84866540330
11161,11161,2-s2.0-84866111988
11164,11164,2-s2.0-84865854497
11167,11167,2-s2.0-84865636737
11169,11169,2-s2.0-84865371816
11170,11170,2-s2.0-84865365476
11173,11173,2-s2.0-84865061361
11174,11174,2-s2.0-84865051951
11176,11176,2-s2.0-84864880037
11178,11178,2-s2.0-84864878588
11179,11179,2-s2.0-84864875891
11180,11180,2-s2.0-84864875444
11181,11181,2-s2.0-84864874353
11183,11183,2-s2.0-84864871022
11184,11184,2-s2.0-84864692674
11190,11190,2-s2.0-84864299264
11192,11192,2-s2.0-84864259500
11193,11193,2-s2.0-84864246650
11194,11194,2-s2.0-84863963805
11197,11197,2-s2.0-84863910959
11199,11199,2-s2.0-84863872014
11201,11201,2-s2.0-84863854440
11202,11202,2-s2.0-84863846410
11203,11203,2-s2.0-84863846164
11204,11204,2-s2.0-84863845440
11205,11205,2-s2.0-84863843119
11206,11206,2-s2.0-84863828905
11207,11207,2-s2.0-84863820315
11210,11210,2-s2.0-84863797952
11213,11213,2-s2.0-84863787342
11214,11214,2-s2.0-84863786308
11215,11215,2-s2.0-84863743999
11218,11218,2-s2.0-84863672257
11219,11219,2-s2.0-84863654446
11221,11221,2-s2.0-84863197613
11222,11222,2-s2.0-84863079585
11223,11223,2-s2.0-84863071968
11224,11224,2-s2.0-84863069678
11226,11226,2-s2.0-84863041692
11227,11227,2-s2.0-84863031800
11229,11229,2-s2.0-84862540977
11230,11230,2-s2.0-84862529952
11231,11231,2-s2.0-84862335755
11233,11233,2-s2.0-84862282529
11234,11234,2-s2.0-84862272683
11240,11240,2-s2.0-84861155873
11241,11241,2-s2.0-84861146661
11244,11244,2-s2.0-84861083197
11245,11245,2-s2.0-84860893949
11249,11249,2-s2.0-84860525588
11250,11250,2-s2.0-84860463756
11251,11251,2-s2.0-84860354209
11253,11253,2-s2.0-84860127359
11254,11254,2-s2.0-84860121790
11255,11255,2-s2.0-84859761369
11256,11256,2-s2.0-84859702263
11258,11258,2-s2.0-84859499527
11259,11259,2-s2.0-84859486541
11261,11261,2-s2.0-84859318804
11263,11263,2-s2.0-84859044779
11267,11267,2-s2.0-84857834305
11273,11273,2-s2.0-84856983679
11280,11280,2-s2.0-84856647364
11281,11281,2-s2.0-84856575413
11285,11285,2-s2.0-84856418536
11288,11288,2-s2.0-84856186296
11292,11292,2-s2.0-84855919837
11293,11293,2-s2.0-84855849578
11294,11294,2-s2.0-84855765686
11297,11297,2-s2.0-84855507954
11298,11298,2-s2.0-84855216581
11299,11299,2-s2.0-84255188390
11300,11300,2-s2.0-83255164145
11302,11302,2-s2.0-82555194081
11305,11305,2-s2.0-82055202972
11306,11306,2-s2.0-81855218753
11309,11309,2-s2.0-81255184714
11310,11310,2-s2.0-80053352375
11312,11312,2-s2.0-80052827145
11315,11315,2-s2.0-33749085678
11317,11317,2-s2.0-105012704543
11320,11320,2-s2.0-105012685668
11322,11322,2-s2.0-105012677308
11323,11323,2-s2.0-105012667277
11324,11324,2-s2.0-105012652905
11325,11325,2-s2.0-105012544527
11326,11326,2-s2.0-105012528621
11328,11328,2-s2.0-105012500496
11330,11330,2-s2.0-105012017513
11332,11332,2-s2.0-105011922887
11334,11334,2-s2.0-105011915913
11335,11335,2-s2.0-105011460762
11336,11336,2-s2.0-105011000913
11341,11341,2-s2.0-84945413696
11342,11342,2-s2.0-84944389242
11345,11345,2-s2.0-84890881486
11351,11351,2-s2.0-84890147770
11355,11355,2-s2.0-84890082107
11357,11357,2-s2.0-84890037336
11358,11358,2-s2.0-84890015739
11359,11359,2-s2.0-84889817985
11361,11361,2-s2.0-84889779180
11363,11363,2-s2.0-84889640444
11365,11365,2-s2.0-84892389132
11367,11367,2-s2.0-84889049649
11368,11368,2-s2.0-84888990233
11370,11370,2-s2.0-84888395892
11371,11371,2-s2.0-84889039381
11373,11373,2-s2.0-84888380007
11376,11376,2-s2.0-84994332389
11378,11378,2-s2.0-84927566404
11380,11380,2-s2.0-84906159616
11381,11381,2-s2.0-84902662562
11382,11382,2-s2.0-84902658375
11389,11389,2-s2.0-84897883122
11390,11390,2-s2.0-84897854639
11393,11393,2-s2.0-84896762209
11395,11395,2-s2.0-84896584765
11397,11397,2-s2.0-84895319076
11398,11398,2-s2.0-84895262793
11399,11399,2-s2.0-84894280191
11402,11402,2-s2.0-84894251442
11403,11403,2-s2.0-84894214611
11404,11404,2-s2.0-84894211672
11405,11405,2-s2.0-84894168980
11406,11406,2-s2.0-84894147295
11407,11407,2-s2.0-84894144250
11409,11409,2-s2.0-84894122836
11413,11413,2-s2.0-84893818428
11414,11414,2-s2.0-84893683058
11415,11415,2-s2.0-84893609024
11416,11416,2-s2.0-84893608648
11417,11417,2-s2.0-84893579031
11420,11420,2-s2.0-84893326481
11423,11423,2-s2.0-84893310505
11424,11424,2-s2.0-84893308260
11425,11425,2-s2.0-84893299565
11426,11426,2-s2.0-84893285189
11428,11428,2-s2.0-84893279251
11429,11429,2-s2.0-84893272610
11430,11430,2-s2.0-84893265884
11431,11431,2-s2.0-84893261748
11435,11435,2-s2.0-84893226810
11437,11437,2-s2.0-84893212929
11439,11439,2-s2.0-84893180390
11442,11442,2-s2.0-84893050493
11446,11446,2-s2.0-84892908521
11449,11449,2-s2.0-84892903906
11453,11453,2-s2.0-84892730580
11455,11455,2-s2.0-84892667453
11458,11458,2-s2.0-84892655293
11460,11460,2-s2.0-84892651563
11463,11463,2-s2.0-84892580790
11464,11464,2-s2.0-84892568061
11465,11465,2-s2.0-84892542816
11466,11466,2-s2.0-84892539226
11469,11469,2-s2.0-84892494578
11470,11470,2-s2.0-84892485430
11471,11471,2-s2.0-84892461783
11472,11472,2-s2.0-84892371637
11475,11475,2-s2.0-84892042220
11484,11484,2-s2.0-84890478533
11489,11489,2-s2.0-84890303649
11492,11492,2-s2.0-84889658338
11497,11497,2-s2.0-84889254888
11499,11499,2-s2.0-84889003742
11501,11501,2-s2.0-84888849464
11503,11503,2-s2.0-84888839463
11504,11504,2-s2.0-84888833583
11510,11510,2-s2.0-84888065405
11511,11511,2-s2.0-84888063339
11515,11515,2-s2.0-84888048109
11517,11517,2-s2.0-84888040368
11518,11518,2-s2.0-84888028919
11521,11521,2-s2.0-84887869180
11522,11522,2-s2.0-84887501223
11524,11524,2-s2.0-84887320386
11527,11527,2-s2.0-84887051663
11529,11529,2-s2.0-84886991637
11531,11531,2-s2.0-84885947354
11532,11532,2-s2.0-84885033176
11533,11533,2-s2.0-84888111074
11534,11534,2-s2.0-84888376097
11535,11535,2-s2.0-84887969874
11537,11537,2-s2.0-84887923008
11539,11539,2-s2.0-84887880859
11540,11540,2-s2.0-84887866163
11541,11541,2-s2.0-84887861212
11542,11542,2-s2.0-84887859908
11544,11544,2-s2.0-84887533969
11547,11547,2-s2.0-84887197779
11548,11548,2-s2.0-84887045272
11549,11549,2-s2.0-84886836862
11550,11550,2-s2.0-84940645172
11552,11552,2-s2.0-84933038583
11553,11553,2-s2.0-84933038381
11558,11558,2-s2.0-84931304298
11559,11559,2-s2.0-84930702707
11562,11562,2-s2.0-84929668865
11563,11563,2-s2.0-84929662119
11566,11566,2-s2.0-84900838979
11567,11567,2-s2.0-84897603690
11568,11568,2-s2.0-84890372294
11570,11570,2-s2.0-84890145226
11573,11573,2-s2.0-84888418834
11574,11574,2-s2.0-84888410683
11575,11575,2-s2.0-84888395182
11577,11577,2-s2.0-84887952061
11580,11580,2-s2.0-84887388910
11581,11581,2-s2.0-84887357200
11582,11582,2-s2.0-84887344734
11583,11583,2-s2.0-84887334449
11586,11586,2-s2.0-84887061356
11587,11587,2-s2.0-84886916188
11590,11590,2-s2.0-84886614919
11591,11591,2-s2.0-84886396014
11592,11592,2-s2.0-84886085840
11594,11594,2-s2.0-84885663779
11596,11596,2-s2.0-84885660246
11602,11602,2-s2.0-84885045934
11603,11603,2-s2.0-84884978477
11604,11604,2-s2.0-84884292430
11606,11606,2-s2.0-84944890101
11609,11609,2-s2.0-84886566755
11612,11612,2-s2.0-84886517898
11616,11616,2-s2.0-84886481749
11617,11617,2-s2.0-84886481374
11619,11619,2-s2.0-84886442343
11620,11620,2-s2.0-84886242431
11622,11622,2-s2.0-84886045687
11624,11624,2-s2.0-84886940858
11625,11625,2-s2.0-84886935614
11627,11627,2-s2.0-84886903924
11628,11628,2-s2.0-84886881044
11630,11630,2-s2.0-84886873414
11631,11631,2-s2.0-85089260906
11632,11632,2-s2.0-85089260661
11633,11633,2-s2.0-85079584636
11634,11634,2-s2.0-85079578037
11637,11637,2-s2.0-84885622144
11642,11642,2-s2.0-84885218151
11644,11644,2-s2.0-84885205575
11645,11645,2-s2.0-84885199414
11646,11646,2-s2.0-84885083081
11649,11649,2-s2.0-84884957210
11652,11652,2-s2.0-84884889950
11654,11654,2-s2.0-84884718159
11655,11655,2-s2.0-85179237537
11656,11656,2-s2.0-85178957735
11657,11657,2-s2.0-84958536537
11658,11658,2-s2.0-84933060510
11659,11659,2-s2.0-84930036591
11661,11661,2-s2.0-84892542459
11662,11662,2-s2.0-84892536745
11663,11663,2-s2.0-84890819889
11665,11665,2-s2.0-84890121249
11666,11666,2-s2.0-84887193792
11669,11669,2-s2.0-84885961334
11670,11670,2-s2.0-84885958410
11673,11673,2-s2.0-84885948663
11674,11674,2-s2.0-84885098705
11675,11675,2-s2.0-84884902333
11677,11677,2-s2.0-84884821546
11685,11685,2-s2.0-84884600676
11687,11687,2-s2.0-84884599868
11688,11688,2-s2.0-84884586257
11693,11693,2-s2.0-84884548528
11698,11698,2-s2.0-84883813502
11701,11701,2-s2.0-84881527023
11704,11704,2-s2.0-84880931713
11705,11705,2-s2.0-84880597355
11708,11708,2-s2.0-84880368503
11710,11710,2-s2.0-84879524485
11711,11711,2-s2.0-84879458618
11714,11714,2-s2.0-84944901315
11716,11716,2-s2.0-84921689379
11723,11723,2-s2.0-84884340140
11725,11725,2-s2.0-84884339769
11731,11731,2-s2.0-84884336814
11732,11732,2-s2.0-84884336013
11733,11733,2-s2.0-84884335509
11734,11734,2-s2.0-84884335475
11739,11739,2-s2.0-84884334045
11742,11742,2-s2.0-84884332936
11743,11743,2-s2.0-84884332322
11746,11746,2-s2.0-84884329337
11747,11747,2-s2.0-84884328911
11749,11749,2-s2.0-84884328452
11750,11750,2-s2.0-84884328150
11753,11753,2-s2.0-84884325026
11755,11755,2-s2.0-84884322493
11756,11756,2-s2.0-84884322442
11757,11757,2-s2.0-84884321665
11758,11758,2-s2.0-84884321381
11760,11760,2-s2.0-84884319305
11763,11763,2-s2.0-84884317240
11767,11767,2-s2.0-84884315380
11769,11769,2-s2.0-84884315184
11771,11771,2-s2.0-84884313337
11774,11774,2-s2.0-84884312240
11776,11776,2-s2.0-84884311970
11777,11777,2-s2.0-84884311380
11783,11783,2-s2.0-84884309461
11784,11784,2-s2.0-84884309413
11787,11787,2-s2.0-84884304875
11789,11789,2-s2.0-84884303895
11790,11790,2-s2.0-84884301633
11791,11791,2-s2.0-84884301162
11794,11794,2-s2.0-84884300494
11795,11795,2-s2.0-84884299438
11797,11797,2-s2.0-84884298402
11799,11799,2-s2.0-84884298119
11801,11801,2-s2.0-84884296369
11806,11806,2-s2.0-84960125224
11811,11811,2-s2.0-84884158678
11812,11812,2-s2.0-84883829523
11814,11814,2-s2.0-84883730161
11815,11815,2-s2.0-84883657997
11824,11824,2-s2.0-84883482881
11825,11825,2-s2.0-84883470612
11826,11826,2-s2.0-84883383568
11827,11827,2-s2.0-84883333613
11829,11829,2-s2.0-84883284634
11830,11830,2-s2.0-84883276862
11831,11831,2-s2.0-84883894434
11833,11833,2-s2.0-84883849725
11834,11834,2-s2.0-84881317408
11835,11835,2-s2.0-84883106122
11836,11836,2-s2.0-84883096645
11837,11837,2-s2.0-84883059791
11838,11838,2-s2.0-85064184461
11840,11840,2-s2.0-84929851875
11841,11841,2-s2.0-84899087976
11842,11842,2-s2.0-84896801437
11846,11846,2-s2.0-84885664330
11850,11850,2-s2.0-84884604907
11851,11851,2-s2.0-84884580979
11852,11852,2-s2.0-84884556647
11853,11853,2-s2.0-84884169330
11856,11856,2-s2.0-84883654633
11860,11860,2-s2.0-84883227390
11861,11861,2-s2.0-84882718509
11862,11862,2-s2.0-84882695636
11864,11864,2-s2.0-84882610587
11866,11866,2-s2.0-84882247169
11871,11871,2-s2.0-84881081673
11872,11872,2-s2.0-84881077318
11874,11874,2-s2.0-84881050251
11876,11876,2-s2.0-84881027398
11877,11877,2-s2.0-84881024454
11878,11878,2-s2.0-84881023855
11881,11881,2-s2.0-84880806157
11885,11885,2-s2.0-84880755568
11886,11886,2-s2.0-84880723816
11888,11888,2-s2.0-84880062287
11889,11889,2-s2.0-84879651297
11891,11891,2-s2.0-84945351242
11892,11892,2-s2.0-84945333854
11893,11893,2-s2.0-84945162787
11896,11896,2-s2.0-84944396428
11897,11897,2-s2.0-84883015217
11898,11898,2-s2.0-84883004257
11901,11901,2-s2.0-84882593542
11902,11902,2-s2.0-84882424877
11904,11904,2-s2.0-84882241877
11905,11905,2-s2.0-84881637187
11906,11906,2-s2.0-84881621720
11909,11909,2-s2.0-84881499001
11910,11910,2-s2.0-85131000824
11911,11911,2-s2.0-84881406805
11916,11916,2-s2.0-84881221302
11917,11917,2-s2.0-84881188983
11923,11923,2-s2.0-84881009485
11927,11927,2-s2.0-84880986696
11930,11930,2-s2.0-84880977083
11931,11931,2-s2.0-84880966922
11933,11933,2-s2.0-84880938620
11935,11935,2-s2.0-84880910991
11936,11936,2-s2.0-84880906282
11938,11938,2-s2.0-84880892678
11939,11939,2-s2.0-84880880639
11940,11940,2-s2.0-84880876069
11944,11944,2-s2.0-84880858704
11947,11947,2-s2.0-84930456908
11951,11951,2-s2.0-84922250895
11952,11952,2-s2.0-84921434586
11953,11953,2-s2.0-84910001761
11956,11956,2-s2.0-84893710353
11958,11958,2-s2.0-84893704815
11966,11966,2-s2.0-84893637317
11973,11973,2-s2.0-84884531253
11978,11978,2-s2.0-84883198589
11983,11983,2-s2.0-84881357955
11984,11984,2-s2.0-84880870525
11989,11989,2-s2.0-84880598283
11990,11990,2-s2.0-84880580264
11991,11991,2-s2.0-84880477065
11995,11995,2-s2.0-84880060230
11999,11999,2-s2.0-84879315137
12003,12003,2-s2.0-84877338168
12005,12005,2-s2.0-84875103726
12006,12006,2-s2.0-84880665779
12011,12011,2-s2.0-84880518302
12012,12012,2-s2.0-84880518078
12014,12014,2-s2.0-84880388818
12015,12015,2-s2.0-84883490436
12020,12020,2-s2.0-84880094521
12021,12021,2-s2.0-84880059701
12022,12022,2-s2.0-84880051146
12023,12023,2-s2.0-84880047454
12024,12024,2-s2.0-85021344814
12025,12025,2-s2.0-85021321961
12026,12026,2-s2.0-84880487362
12027,12027,2-s2.0-84883487690
12028,12028,2-s2.0-84879968404
12032,12032,2-s2.0-84879953297
12033,12033,2-s2.0-84879939293
12034,12034,2-s2.0-84879937272
12035,12035,2-s2.0-84879907320
12037,12037,2-s2.0-84879860714
12038,12038,2-s2.0-84879846729
12040,12040,2-s2.0-84879674588
12041,12041,2-s2.0-84879667109
12043,12043,2-s2.0-84879663187
12045,12045,2-s2.0-84879655008
12049,12049,2-s2.0-84879623423
12050,12050,2-s2.0-84879532348
12051,12051,2-s2.0-84879497526
12057,12057,2-s2.0-85020058369
12059,12059,2-s2.0-84948082664
12060,12060,2-s2.0-84929852603
12061,12061,2-s2.0-84894300923
12062,12062,2-s2.0-84893667047
12063,12063,2-s2.0-84893500712
12064,12064,2-s2.0-84892509190
12065,12065,2-s2.0-84891675053
12066,12066,2-s2.0-84891052714
12068,12068,2-s2.0-84885668641
12070,12070,2-s2.0-84880812292
12072,12072,2-s2.0-84879621246
12073,12073,2-s2.0-84879600625
12077,12077,2-s2.0-84879367596
12079,12079,2-s2.0-84879210804
12085,12085,2-s2.0-84876021543
12087,12087,2-s2.0-84946749107
12090,12090,2-s2.0-85096746291
12091,12091,2-s2.0-84958983740
12092,12092,2-s2.0-84879042664
12094,12094,2-s2.0-84878936756
12095,12095,2-s2.0-84878871724
12097,12097,2-s2.0-84878790693
12099,12099,2-s2.0-84878662142
12100,12100,2-s2.0-84878616789
12103,12103,2-s2.0-84932650116
12106,12106,2-s2.0-84892866305
12108,12108,2-s2.0-84892848002
12114,12114,2-s2.0-84882257319
12115,12115,2-s2.0-84882252002
12120,12120,2-s2.0-84879786639
12122,12122,2-s2.0-84879270535
12124,12124,2-s2.0-84878639051
12125,12125,2-s2.0-84878487834
12126,12126,2-s2.0-84878487102
12128,12128,2-s2.0-84878113384
12136,12136,2-s2.0-84877597762
12137,12137,2-s2.0-84877267260
12139,12139,2-s2.0-84877076616
12140,12140,2-s2.0-84877070650
12141,12141,2-s2.0-84877056281
12145,12145,2-s2.0-84875783704
12147,12147,2-s2.0-84875781184
12149,12149,2-s2.0-84874776045
12150,12150,2-s2.0-84872657693
12152,12152,2-s2.0-84872517307
12153,12153,2-s2.0-84946782538
12156,12156,2-s2.0-84946763765
12157,12157,2-s2.0-84946762691
12158,12158,2-s2.0-84946752222
12159,12159,2-s2.0-84946751648
12161,12161,2-s2.0-84946742031
12163,12163,2-s2.0-84946734739
12165,12165,2-s2.0-84946723205
12166,12166,2-s2.0-84946722500
12168,12168,2-s2.0-84945397160
12173,12173,2-s2.0-84878254223
12174,12174,2-s2.0-84878084053
12175,12175,2-s2.0-84877938946
12176,12176,2-s2.0-84877781872
12177,12177,2-s2.0-84878064882
12180,12180,2-s2.0-84877156798
12181,12181,2-s2.0-84876977475
12183,12183,2-s2.0-84876891130
12184,12184,2-s2.0-85057051361
12188,12188,2-s2.0-84876798372
12190,12190,2-s2.0-85046796009
12191,12191,2-s2.0-85016929469
12192,12192,2-s2.0-84904806237
12193,12193,2-s2.0-84892899252
12196,12196,2-s2.0-84891640294
12197,12197,2-s2.0-84890432754
12199,12199,2-s2.0-84888050407
12201,12201,2-s2.0-84886415573
12203,12203,2-s2.0-84884382748
12204,12204,2-s2.0-84882623342
12208,12208,2-s2.0-84878338993
12213,12213,2-s2.0-84877879937
12214,12214,2-s2.0-84877310298
12217,12217,2-s2.0-84877268642
12220,12220,2-s2.0-84877074108
12223,12223,2-s2.0-84876702753
12225,12225,2-s2.0-84876168443
12226,12226,2-s2.0-84876166055
12236,12236,2-s2.0-84875301864
12237,12237,2-s2.0-84875191667
12239,12239,2-s2.0-84874792788
12241,12241,2-s2.0-84876589417
12242,12242,2-s2.0-84876580024
12244,12244,2-s2.0-85040729138
12245,12245,2-s2.0-85015039718
12246,12246,2-s2.0-84876561016
12248,12248,2-s2.0-85024132419
12250,12250,2-s2.0-84876248154
12253,12253,2-s2.0-84876339731
12255,12255,2-s2.0-84876310686
12256,12256,2-s2.0-84876309706
12257,12257,2-s2.0-84876209489
12259,12259,2-s2.0-84876122237
12261,12261,2-s2.0-85118696645
12263,12263,2-s2.0-85212164203
12264,12264,2-s2.0-84876091926
12268,12268,2-s2.0-85042616751
12271,12271,2-s2.0-84875475846
12272,12272,2-s2.0-84932625954
12274,12274,2-s2.0-84892864289
12280,12280,2-s2.0-84878601680
12281,12281,2-s2.0-84877979243
12283,12283,2-s2.0-84877841507
12285,12285,2-s2.0-84876545765
12286,12286,2-s2.0-84876532673
12288,12288,2-s2.0-84876153317
12290,12290,2-s2.0-84876064355
12291,12291,2-s2.0-84876031555
12293,12293,2-s2.0-84876022902
12295,12295,2-s2.0-84875945156
12297,12297,2-s2.0-84875847092
12298,12298,2-s2.0-84875606739
12300,12300,2-s2.0-84875505038
12304,12304,2-s2.0-84875433246
12305,12305,2-s2.0-84875429275
12306,12306,2-s2.0-84875410559
12307,12307,2-s2.0-84875371596
12309,12309,2-s2.0-84875364562
12311,12311,2-s2.0-84875230326
12315,12315,2-s2.0-84872853201
12318,12318,2-s2.0-84875327511
12319,12319,2-s2.0-84940401065
12322,12322,2-s2.0-84875032209
12323,12323,2-s2.0-105011572649
12324,12324,2-s2.0-84874960561
12326,12326,2-s2.0-84874929020
12327,12327,2-s2.0-84874895878
12329,12329,2-s2.0-84874876330
12330,12330,2-s2.0-84874844829
12332,12332,2-s2.0-84874504960
12333,12333,2-s2.0-85082029947
12336,12336,2-s2.0-84977134540
12339,12339,2-s2.0-84903545583
12341,12341,2-s2.0-84892846969
12343,12343,2-s2.0-84892836899
12345,12345,2-s2.0-84892539947
12349,12349,2-s2.0-84879000904
12350,12350,2-s2.0-84878243125
12351,12351,2-s2.0-84877973111
12357,12357,2-s2.0-84875897177
12359,12359,2-s2.0-84875479459
12363,12363,2-s2.0-84875371204
12364,12364,2-s2.0-84875344829
12366,12366,2-s2.0-84875282565
12369,12369,2-s2.0-84874928455
12371,12371,2-s2.0-84874661248
12372,12372,2-s2.0-84874641866
12376,12376,2-s2.0-84874631183
12377,12377,2-s2.0-84874621950
12379,12379,2-s2.0-84874601148
12380,12380,2-s2.0-84874584710
12381,12381,2-s2.0-84874414887
12382,12382,2-s2.0-84874315400
12385,12385,2-s2.0-84874244274
12388,12388,2-s2.0-84874087842
12393,12393,2-s2.0-84873680702
12397,12397,2-s2.0-84873550541
12398,12398,2-s2.0-84873526879
12400,12400,2-s2.0-84873523747
12401,12401,2-s2.0-84873523401
12407,12407,2-s2.0-84872540119
12409,12409,2-s2.0-84869209416
12411,12411,2-s2.0-84898213518
12413,12413,2-s2.0-84884317672
12414,12414,2-s2.0-84874219679
12415,12415,2-s2.0-84874213787
12416,12416,2-s2.0-84874146629
12419,12419,2-s2.0-84873928832
12424,12424,2-s2.0-84879028972
12427,12427,2-s2.0-85179194781
12429,12429,2-s2.0-85027953302
12432,12432,2-s2.0-84884527483
12434,12434,2-s2.0-84879322740
12437,12437,2-s2.0-84874831394
12439,12439,2-s2.0-84874415878
12442,12442,2-s2.0-84873702167
12443,12443,2-s2.0-84873411746
12444,12444,2-s2.0-84873405885
12446,12446,2-s2.0-84873274573
12447,12447,2-s2.0-84872926480
12449,12449,2-s2.0-84872796887
12452,12452,2-s2.0-84872500158
12454,12454,2-s2.0-84872353143
12457,12457,2-s2.0-84870671741
12458,12458,2-s2.0-84868644829
12460,12460,2-s2.0-84866174984
12462,12462,2-s2.0-84872979092
12463,12463,2-s2.0-84872928661
12464,12464,2-s2.0-84872875295
12466,12466,2-s2.0-84872454022
12467,12467,2-s2.0-84990171340
12471,12471,2-s2.0-84872161408
12473,12473,2-s2.0-84872122589
12474,12474,2-s2.0-84871776247
12475,12475,2-s2.0-84871775018
12477,12477,2-s2.0-8744288418
12478,12478,2-s2.0-85200899402
12481,12481,2-s2.0-85200878384
12483,12483,2-s2.0-85200849378
12484,12484,2-s2.0-85200839131
12485,12485,2-s2.0-85189227642
12488,12488,2-s2.0-85142583029
12489,12489,2-s2.0-85142112117
12492,12492,2-s2.0-85139669421
12495,12495,2-s2.0-85139631329
12496,12496,2-s2.0-85139599640
12498,12498,2-s2.0-85136716432
12504,12504,2-s2.0-85136637088
12509,12509,2-s2.0-85123141102
12510,12510,2-s2.0-85122343786
12511,12511,2-s2.0-85111995371
12512,12512,2-s2.0-85102016714
12513,12513,2-s2.0-85102015560
12514,12514,2-s2.0-85102013638
12515,12515,2-s2.0-85102012764
12516,12516,2-s2.0-85102008685
12517,12517,2-s2.0-85102007502
12521,12521,2-s2.0-85101999427
12522,12522,2-s2.0-85101999312
12525,12525,2-s2.0-85101988732
12531,12531,2-s2.0-85101963874
12532,12532,2-s2.0-85101961328
12535,12535,2-s2.0-85098051525
12536,12536,2-s2.0-85092896116
12538,12538,2-s2.0-85086531325
12539,12539,2-s2.0-85085832616
12540,12540,2-s2.0-85085820101
12542,12542,2-s2.0-85084876530
12544,12544,2-s2.0-85084013900
12545,12545,2-s2.0-85084011703
12547,12547,2-s2.0-85078928479
12548,12548,2-s2.0-85078889190
12549,12549,2-s2.0-85078540557
12552,12552,2-s2.0-85071793938
12553,12553,2-s2.0-85071556158
12557,12557,2-s2.0-85070618919
12559,12559,2-s2.0-85070305652
12561,12561,2-s2.0-85070009507
12562,12562,2-s2.0-85070000920
12563,12563,2-s2.0-85070000173
12565,12565,2-s2.0-85069986956
12566,12566,2-s2.0-85069179914
12568,12568,2-s2.0-85068082207
12569,12569,2-s2.0-85068064774
12571,12571,2-s2.0-85068027972
12574,12574,2-s2.0-85068003272
12575,12575,2-s2.0-85067995626
12578,12578,2-s2.0-85067980687
12579,12579,2-s2.0-85067980258
12580,12580,2-s2.0-85067978551
12586,12586,2-s2.0-85067949740
12589,12589,2-s2.0-85067936870
12590,12590,2-s2.0-85067926917
12596,12596,2-s2.0-85065949274
12597,12597,2-s2.0-85065941974
12599,12599,2-s2.0-85065131427
12600,12600,2-s2.0-85064374207
12601,12601,2-s2.0-85064370966
12604,12604,2-s2.0-85064363277
12606,12606,2-s2.0-85062076692
12607,12607,2-s2.0-85060276636
12609,12609,2-s2.0-85056101478
12611,12611,2-s2.0-85055869270
12615,12615,2-s2.0-85044335510
12616,12616,2-s2.0-85043447490
12628,12628,2-s2.0-85029607923
12630,12630,2-s2.0-85029452994
12632,12632,2-s2.0-85029283279
12633,12633,2-s2.0-85029042074
12635,12635,2-s2.0-85029027955
12636,12636,2-s2.0-85028687023
12641,12641,2-s2.0-85028653521
12642,12642,2-s2.0-85028642416
12645,12645,2-s2.0-85027813167
12649,12649,2-s2.0-85024083526
12650,12650,2-s2.0-85024061091
12651,12651,2-s2.0-85024052519
12652,12652,2-s2.0-85023996484
12654,12654,2-s2.0-85023985542
12660,12660,2-s2.0-85018889235
12661,12661,2-s2.0-85018872635
12663,12663,2-s2.0-85017230786
12665,12665,2-s2.0-85016474278
12666,12666,2-s2.0-85015545190
12668,12668,2-s2.0-85011367186
12669,12669,2-s2.0-85011363203
12670,12670,2-s2.0-85011362652
12671,12671,2-s2.0-85011323720
12673,12673,2-s2.0-85008207805
12674,12674,2-s2.0-85007064384
12675,12675,2-s2.0-85006672434
12677,12677,2-s2.0-85006425951
12679,12679,2-s2.0-84995460745
12680,12680,2-s2.0-84995442504
12682,12682,2-s2.0-84994280702
12683,12683,2-s2.0-84992546284
12684,12684,2-s2.0-84991327273
12688,12688,2-s2.0-84983301232
12694,12694,2-s2.0-84968755027
12695,12695,2-s2.0-84964497908
12697,12697,2-s2.0-84961336479
12699,12699,2-s2.0-84958116873
12700,12700,2-s2.0-84958102958
12702,12702,2-s2.0-84957432493
12707,12707,2-s2.0-84956610600
12709,12709,2-s2.0-84955730769
12710,12710,2-s2.0-84955646469
12712,12712,2-s2.0-84955394743
12713,12713,2-s2.0-84955336274
12714,12714,2-s2.0-84954147178
12716,12716,2-s2.0-84952245402
12717,12717,2-s2.0-84950008774
12718,12718,2-s2.0-84949944662
12719,12719,2-s2.0-84948182149
12724,12724,2-s2.0-84946165805
12726,12726,2-s2.0-84945902908
12728,12728,2-s2.0-84944034231
12729,12729,2-s2.0-84943802436
12731,12731,2-s2.0-84941781940
12732,12732,2-s2.0-84940487057
12733,12733,2-s2.0-84940343707
12738,12738,2-s2.0-84938864853
12739,12739,2-s2.0-84938853595
12743,12743,2-s2.0-84936503495
12744,12744,2-s2.0-84931582272
12745,12745,2-s2.0-84930952394
12746,12746,2-s2.0-84930882303
12753,12753,2-s2.0-84928863841
12755,12755,2-s2.0-84928854718
12757,12757,2-s2.0-84927524844
12758,12758,2-s2.0-84926973806
12760,12760,2-s2.0-84926245506
12765,12765,2-s2.0-84925740093
12769,12769,2-s2.0-84923840670
12770,12770,2-s2.0-84923784448
12773,12773,2-s2.0-84923627781
12775,12775,2-s2.0-84923518454
12778,12778,2-s2.0-84923506423
12779,12779,2-s2.0-84923503473
12780,12780,2-s2.0-84923462958
12782,12782,2-s2.0-84923430713
12784,12784,2-s2.0-84923410597
12785,12785,2-s2.0-84923403668
12793,12793,2-s2.0-84920911464
12798,12798,2-s2.0-84918923935
12802,12802,2-s2.0-84917740345
12803,12803,2-s2.0-84917735751
12804,12804,2-s2.0-84917694758
12806,12806,2-s2.0-84917391588
12807,12807,2-s2.0-84917266735
12808,12808,2-s2.0-84917236426
12813,12813,2-s2.0-84911028295
12817,12817,2-s2.0-84909128341
12823,12823,2-s2.0-84907853768
12824,12824,2-s2.0-84907750816
12828,12828,2-s2.0-84907630281
12831,12831,2-s2.0-84906667269
12832,12832,2-s2.0-84906653786
12834,12834,2-s2.0-84906047790
12837,12837,2-s2.0-84905371141
12839,12839,2-s2.0-84905192293
12841,12841,2-s2.0-84904762268
12842,12842,2-s2.0-84904756403
12847,12847,2-s2.0-84904668799
12848,12848,2-s2.0-84904666779
12849,12849,2-s2.0-84904658461
12850,12850,2-s2.0-84904643126
12851,12851,2-s2.0-84904638429
12854,12854,2-s2.0-84904624122
12855,12855,2-s2.0-84904617373
12859,12859,2-s2.0-84904501818
12860,12860,2-s2.0-84904466152
12861,12861,2-s2.0-84904015363
12864,12864,2-s2.0-84903688427
12865,12865,2-s2.0-84903679044
12870,12870,2-s2.0-84903522400
12871,12871,2-s2.0-84903480819
12872,12872,2-s2.0-84903474761
12873,12873,2-s2.0-84903468245
12876,12876,2-s2.0-84903287370
12879,12879,2-s2.0-84902682856
12882,12882,2-s2.0-84902682739
12884,12884,2-s2.0-84902675016
12887,12887,2-s2.0-84902669951
12889,12889,2-s2.0-84902668821
12890,12890,2-s2.0-84902668815
12891,12891,2-s2.0-84902668442
12893,12893,2-s2.0-84902530861
12894,12894,2-s2.0-84902461114
12900,12900,2-s2.0-84901811028
12901,12901,2-s2.0-84901672291
12902,12902,2-s2.0-84901488657
12903,12903,2-s2.0-84901482848
12906,12906,2-s2.0-84900844338
12908,12908,2-s2.0-84900461489
12909,12909,2-s2.0-84900456148
12910,12910,2-s2.0-84900423315
12914,12914,2-s2.0-84900298705
12915,12915,2-s2.0-84899874857
12917,12917,2-s2.0-84899576281
12918,12918,2-s2.0-84899564156
12919,12919,2-s2.0-84899518148
12920,12920,2-s2.0-84898815383
12921,12921,2-s2.0-84898802620
12922,12922,2-s2.0-84898662042
12926,12926,2-s2.0-84898646829
12927,12927,2-s2.0-84898639933
12928,12928,2-s2.0-84898639590
12929,12929,2-s2.0-84898638293
12930,12930,2-s2.0-84898617887
12932,12932,2-s2.0-84898612913
12933,12933,2-s2.0-84898603285
12936,12936,2-s2.0-84898017977
12938,12938,2-s2.0-84897547521
12947,12947,2-s2.0-84896905419
12952,12952,2-s2.0-84896482026
12954,12954,2-s2.0-84896469421
12955,12955,2-s2.0-84896467040
12956,12956,2-s2.0-84896459626
12963,12963,2-s2.0-84896132323
12964,12964,2-s2.0-84895400742
12968,12968,2-s2.0-84894284129
12969,12969,2-s2.0-84894281305
12971,12971,2-s2.0-84894236879
12975,12975,2-s2.0-84893845253
12978,12978,2-s2.0-84893685894
12982,12982,2-s2.0-84893667068
12983,12983,2-s2.0-84893666520
12984,12984,2-s2.0-84893655855
12985,12985,2-s2.0-84893617805
12987,12987,2-s2.0-84893576555
12989,12989,2-s2.0-84893513772
12991,12991,2-s2.0-84893448836
12993,12993,2-s2.0-84893302895
12994,12994,2-s2.0-84893251093
12995,12995,2-s2.0-84892990871
12997,12997,2-s2.0-84892900053
13002,13002,2-s2.0-84890763209
13005,13005,2-s2.0-84890707115
13007,13007,2-s2.0-84890691468
13009,13009,2-s2.0-84890673040
13012,13012,2-s2.0-84890659101
13014,13014,2-s2.0-84890624325
13015,13015,2-s2.0-84890609443
13018,13018,2-s2.0-84890414885
13022,13022,2-s2.0-84890160963
13023,13023,2-s2.0-84889576684
13025,13025,2-s2.0-84888318071
13027,13027,2-s2.0-84888247199
13028,13028,2-s2.0-84888243192
13029,13029,2-s2.0-84888238420
13031,13031,2-s2.0-84888120655
13033,13033,2-s2.0-84888043757
13034,13034,2-s2.0-84887757035
13035,13035,2-s2.0-84887557929
13037,13037,2-s2.0-84887478062
13038,13038,2-s2.0-84887432067
13040,13040,2-s2.0-84887400899
13041,13041,2-s2.0-84887082192
13045,13045,2-s2.0-84886732956
13046,13046,2-s2.0-84886714346
13047,13047,2-s2.0-84886693217
13050,13050,2-s2.0-84886277050
13053,13053,2-s2.0-84885921411
13054,13054,2-s2.0-84885666175
13055,13055,2-s2.0-84885637981
13056,13056,2-s2.0-84885635165
13059,13059,2-s2.0-84885353913
13060,13060,2-s2.0-84885336435
13061,13061,2-s2.0-84885199456
13063,13063,2-s2.0-84885084206
13065,13065,2-s2.0-84884859367
13066,13066,2-s2.0-84884857671
13068,13068,2-s2.0-84884843055
13069,13069,2-s2.0-84884685294
13072,13072,2-s2.0-84884518850
13075,13075,2-s2.0-84884398332
13076,13076,2-s2.0-84884393652
13081,13081,2-s2.0-84884338865
13082,13082,2-s2.0-84884298259
13084,13084,2-s2.0-84884127621
13085,13085,2-s2.0-84883818882
13100,13100,2-s2.0-84883406930
13104,13104,2-s2.0-84883128259
13106,13106,2-s2.0-84883092911
13107,13107,2-s2.0-84883071353
13109,13109,2-s2.0-84882785183
13110,13110,2-s2.0-84882774589
13111,13111,2-s2.0-84882623034
13112,13112,2-s2.0-84881642643
13113,13113,2-s2.0-84881536747
13114,13114,2-s2.0-84881499751
13116,13116,2-s2.0-84881359443
13121,13121,2-s2.0-84881327717
13123,13123,2-s2.0-84881319725
13124,13124,2-s2.0-84881238086
13128,13128,2-s2.0-84880945478
13130,13130,2-s2.0-84880779648
13132,13132,2-s2.0-84880747203
13135,13135,2-s2.0-84880682387
13139,13139,2-s2.0-84880666946
13141,13141,2-s2.0-84880530737
13142,13142,2-s2.0-84880412058
13143,13143,2-s2.0-84880271119
13144,13144,2-s2.0-84880205444
13147,13147,2-s2.0-84880063972
13149,13149,2-s2.0-84880034888
13151,13151,2-s2.0-84880005237
13155,13155,2-s2.0-84879672016
13156,13156,2-s2.0-84879574913
13158,13158,2-s2.0-84879510685
13160,13160,2-s2.0-84879319991
13162,13162,2-s2.0-84879253784
13163,13163,2-s2.0-84879246822
13164,13164,2-s2.0-84878968476
13166,13166,2-s2.0-84878761294
13173,13173,2-s2.0-84878499730
13174,13174,2-s2.0-84878495185
13177,13177,2-s2.0-84878446346
13179,13179,2-s2.0-84878417480
13180,13180,2-s2.0-84878411927
13183,13183,2-s2.0-84878299701
13184,13184,2-s2.0-84878217494
13186,13186,2-s2.0-84878092298
13187,13187,2-s2.0-84878046736
13190,13190,2-s2.0-84876855242
13191,13191,2-s2.0-84876736562
13192,13192,2-s2.0-84876558589
13193,13193,2-s2.0-84876533668
13195,13195,2-s2.0-84876277373
13196,13196,2-s2.0-84876259488
13198,13198,2-s2.0-84876243073
13201,13201,2-s2.0-84876116693
13208,13208,2-s2.0-84875552347
13209,13209,2-s2.0-84875529559
13210,13210,2-s2.0-84875521280
13212,13212,2-s2.0-84875356260
13213,13213,2-s2.0-84875339671
13214,13214,2-s2.0-84875322576
13215,13215,2-s2.0-84875281005
13216,13216,2-s2.0-84875240906
13217,13217,2-s2.0-84875239889
13218,13218,2-s2.0-84875189861
13219,13219,2-s2.0-84875183644
13220,13220,2-s2.0-84874995635
13222,13222,2-s2.0-84874611371
13223,13223,2-s2.0-84874602032
13224,13224,2-s2.0-84874576554
13225,13225,2-s2.0-84874528337
13226,13226,2-s2.0-84874289718
13231,13231,2-s2.0-84873876240
13234,13234,2-s2.0-84873871026
13235,13235,2-s2.0-84873869694
13240,13240,2-s2.0-84873807172
13245,13245,2-s2.0-84872740601
13246,13246,2-s2.0-84872727719
13247,13247,2-s2.0-84872707733
13248,13248,2-s2.0-84872701461
13250,13250,2-s2.0-84872590527
13251,13251,2-s2.0-84872144170
13252,13252,2-s2.0-84872112628
13254,13254,2-s2.0-84871927190
13256,13256,2-s2.0-84871659716
13263,13263,2-s2.0-84871066414
13264,13264,2-s2.0-84871055113
13266,13266,2-s2.0-84870769098
13269,13269,2-s2.0-84870461373
13270,13270,2-s2.0-84869850477
13272,13272,2-s2.0-84869771742
13273,13273,2-s2.0-84869099801
13276,13276,2-s2.0-84866542728
13280,13280,2-s2.0-105012690742
13281,13281,2-s2.0-105011464443
13284,13284,2-s2.0-105011000501
13287,13287,2-s2.0-0039090501
13288,13288,2-s2.0-0037949095
13290,13290,2-s2.0-84957972594
13291,13291,2-s2.0-84957969867
13292,13292,2-s2.0-84957968245
13296,13296,2-s2.0-84957958533
13299,13299,2-s2.0-84957946120
13301,13301,2-s2.0-84957942378
13303,13303,2-s2.0-84957940806
13304,13304,2-s2.0-84957935825
13306,13306,2-s2.0-84957932610
13307,13307,2-s2.0-84942861887
13309,13309,2-s2.0-84949924102
13310,13310,2-s2.0-84914180386
13311,13311,2-s2.0-84914158565
13312,13312,2-s2.0-84914155172
13313,13313,2-s2.0-84914152051
13315,13315,2-s2.0-84928617011
13320,13320,2-s2.0-84937128749
13323,13323,2-s2.0-85164484729
13325,13325,2-s2.0-85044089938
13326,13326,2-s2.0-85039552251
13327,13327,2-s2.0-85028122984
13328,13328,2-s2.0-85027920398
13329,13329,2-s2.0-85020331554
13330,13330,2-s2.0-85020098392
13332,13332,2-s2.0-84995607458
13336,13336,2-s2.0-84957881328
13338,13338,2-s2.0-84939966257
13344,13344,2-s2.0-84922998065
13345,13345,2-s2.0-84922822126
13347,13347,2-s2.0-84922118716
13348,13348,2-s2.0-84922088625
13354,13354,2-s2.0-84920612063
13356,13356,2-s2.0-84920595883
13358,13358,2-s2.0-84920573265
13359,13359,2-s2.0-84920572678
13364,13364,2-s2.0-84919948282
13370,13370,2-s2.0-84919917958
13371,13371,2-s2.0-84919917736
13373,13373,2-s2.0-84919917029
13374,13374,2-s2.0-84919915732
13375,13375,2-s2.0-84919914063
13376,13376,2-s2.0-84919910704
13377,13377,2-s2.0-84919866208
13378,13378,2-s2.0-84919764969
13379,13379,2-s2.0-84919335088
13383,13383,2-s2.0-84911425168
13384,13384,2-s2.0-84910670017
13390,13390,2-s2.0-84904543859
13392,13392,2-s2.0-84946146164
13394,13394,2-s2.0-84946102882
13399,13399,2-s2.0-84914127133
13401,13401,2-s2.0-84912533409
13410,13410,2-s2.0-85107243660
13411,13411,2-s2.0-85055372819
13414,13414,2-s2.0-84949202600
13418,13418,2-s2.0-84919346192
13425,13425,2-s2.0-84922473587
13430,13430,2-s2.0-84912011056
13431,13431,2-s2.0-84912017114
13433,13433,2-s2.0-84911406877
13434,13434,2-s2.0-84913619093
13440,13440,2-s2.0-84929485847
13442,13442,2-s2.0-84929461679
13443,13443,2-s2.0-84949180449
13446,13446,2-s2.0-84930893993
13448,13448,2-s2.0-84929676348
13449,13449,2-s2.0-84925690406
13453,13453,2-s2.0-84919926916
13455,13455,2-s2.0-84919913237
13457,13457,2-s2.0-84919909428
13459,13459,2-s2.0-84919633898
13462,13462,2-s2.0-84912127431
13465,13465,2-s2.0-84907591434
13472,13472,2-s2.0-84920097214
13473,13473,2-s2.0-84908428328
13474,13474,2-s2.0-84919848457
13476,13476,2-s2.0-84959897597
13479,13479,2-s2.0-84922674781
13482,13482,2-s2.0-84911938143
13483,13483,2-s2.0-84911923595
13485,13485,2-s2.0-84911899945
13486,13486,2-s2.0-84911430872
13487,13487,2-s2.0-84907892310
13488,13488,2-s2.0-84911930668
13491,13491,2-s2.0-84909595135
13492,13492,2-s2.0-84910020010
13494,13494,2-s2.0-84908570543
13495,13495,2-s2.0-84908325987
13499,13499,2-s2.0-84926129763
13501,13501,2-s2.0-84926095214
13502,13502,2-s2.0-84921484045
13505,13505,2-s2.0-84908665792
13511,13511,2-s2.0-84915737038
13517,13517,2-s2.0-85014859044
13518,13518,2-s2.0-85014852503
13521,13521,2-s2.0-84983318680
13523,13523,2-s2.0-84979831200
13524,13524,2-s2.0-84956726846
13525,13525,2-s2.0-84955705522
13526,13526,2-s2.0-84955667828
13531,13531,2-s2.0-84939887547
13536,13536,2-s2.0-84928490668
13540,13540,2-s2.0-84911007408
13542,13542,2-s2.0-84911004297
13543,13543,2-s2.0-84911001797
13545,13545,2-s2.0-84908066025
13549,13549,2-s2.0-84907564447
13550,13550,2-s2.0-84907528837
13554,13554,2-s2.0-84958976236
13556,13556,2-s2.0-84945387651
13557,13557,2-s2.0-84945328170
13559,13559,2-s2.0-84908101498
13560,13560,2-s2.0-84908644454
13565,13565,2-s2.0-85013422837
13566,13566,2-s2.0-84910045164
13567,13567,2-s2.0-84910024267
13571,13571,2-s2.0-84908079287
13572,13572,2-s2.0-84985994261
13574,13574,2-s2.0-84985930630
13576,13576,2-s2.0-84927685369
13577,13577,2-s2.0-84907860632
13580,13580,2-s2.0-84907324164
13581,13581,2-s2.0-84907313620
13583,13583,2-s2.0-84906907655
13591,13591,2-s2.0-84949126626
13597,13597,2-s2.0-84931337171
13598,13598,2-s2.0-84929939126
13599,13599,2-s2.0-84927581210
13600,13600,2-s2.0-84925629072
13602,13602,2-s2.0-84920448019
13603,13603,2-s2.0-84920416554
13605,13605,2-s2.0-84908248172
13612,13612,2-s2.0-84906991885
13616,13616,2-s2.0-84948404626
13620,13620,2-s2.0-84938586310
13621,13621,2-s2.0-84906495345
13625,13625,2-s2.0-84957428083
13626,13626,2-s2.0-84936994585
13634,13634,2-s2.0-84920176630
13635,13635,2-s2.0-84908431262
13640,13640,2-s2.0-84907915487
13641,13641,2-s2.0-84907915440
13644,13644,2-s2.0-84907913062
13645,13645,2-s2.0-84907912301
13646,13646,2-s2.0-84907912209
13648,13648,2-s2.0-84907911166
13649,13649,2-s2.0-84907583022
13650,13650,2-s2.0-84907442202
13653,13653,2-s2.0-84907429609
13654,13654,2-s2.0-84907428428
13657,13657,2-s2.0-84894618238
13659,13659,2-s2.0-84960268369
13660,13660,2-s2.0-84960215877
13661,13661,2-s2.0-84949818598
13662,13662,2-s2.0-85024132214
13663,13663,2-s2.0-84938810814
13665,13665,2-s2.0-84910026490
13666,13666,2-s2.0-84905197293
13667,13667,2-s2.0-84904908871
13668,13668,2-s2.0-84942236617
13669,13669,2-s2.0-84904480118
13672,13672,2-s2.0-84904123343
13675,13675,2-s2.0-84903313587
13678,13678,2-s2.0-84903772746
13683,13683,2-s2.0-85058314343
13687,13687,2-s2.0-84957398077
13688,13688,2-s2.0-84957374223
13689,13689,2-s2.0-84957372493
13692,13692,2-s2.0-84957352519
13693,13693,2-s2.0-84957352500
13694,13694,2-s2.0-84953335429
13696,13696,2-s2.0-84953263773
13697,13697,2-s2.0-84953258947
13698,13698,2-s2.0-84953206866
13699,13699,2-s2.0-84952328651
13701,13701,2-s2.0-84952308842
13702,13702,2-s2.0-84947040854
13704,13704,2-s2.0-84930457551
13709,13709,2-s2.0-84924937197
13712,13712,2-s2.0-84904963591
13713,13713,2-s2.0-84904344751
13721,13721,2-s2.0-85096833116
13722,13722,2-s2.0-84946769347
13723,13723,2-s2.0-84927529863
13727,13727,2-s2.0-84907260511
13728,13728,2-s2.0-84902199999
13732,13732,2-s2.0-84901837795
13734,13734,2-s2.0-84901826886
13735,13735,2-s2.0-85164511631
13736,13736,2-s2.0-85033788490
13737,13737,2-s2.0-85018869820
13738,13738,2-s2.0-85014902054
13739,13739,2-s2.0-84924257623
13744,13744,2-s2.0-84899132312
13747,13747,2-s2.0-84894102448
13750,13750,2-s2.0-84945381574
13751,13751,2-s2.0-84945360099
13753,13753,2-s2.0-84902793559
13754,13754,2-s2.0-84902105349
13755,13755,2-s2.0-84901649820
13757,13757,2-s2.0-84901429274
13760,13760,2-s2.0-84900436292
13764,13764,2-s2.0-84929093511
13766,13766,2-s2.0-84911483695
13767,13767,2-s2.0-84907581494
13768,13768,2-s2.0-84907575848
13773,13773,2-s2.0-84895165163
13776,13776,2-s2.0-84945985586
13777,13777,2-s2.0-84945984974
13778,13778,2-s2.0-84899928721
13780,13780,2-s2.0-84929048649
13785,13785,2-s2.0-84942311062
13786,13786,2-s2.0-84898751861
13788,13788,2-s2.0-84898739698
13791,13791,2-s2.0-84918541395
13792,13792,2-s2.0-84991014001
13793,13793,2-s2.0-84906929037
13794,13794,2-s2.0-84899052619
13796,13796,2-s2.0-85030545955
13799,13799,2-s2.0-84897139523
13801,13801,2-s2.0-85074294470
13803,13803,2-s2.0-85039547831
13805,13805,2-s2.0-84959514300
13808,13808,2-s2.0-84949569517
13809,13809,2-s2.0-84949568236
13810,13810,2-s2.0-84949565095
13811,13811,2-s2.0-84930855704
13813,13813,2-s2.0-84909646263
13814,13814,2-s2.0-84908456342
13815,13815,2-s2.0-84907506927
13816,13816,2-s2.0-84906824036
13820,13820,2-s2.0-84898758527
13821,13821,2-s2.0-84898749753
13822,13822,2-s2.0-84898732678
13823,13823,2-s2.0-84898720526
13828,13828,2-s2.0-84895170603
13829,13829,2-s2.0-84894497716
13830,13830,2-s2.0-84894276323
13832,13832,2-s2.0-84894238938
13833,13833,2-s2.0-84891092456
13836,13836,2-s2.0-84888228823
13838,13838,2-s2.0-84883120727
13839,13839,2-s2.0-84960266747
13840,13840,2-s2.0-84949436822
13841,13841,2-s2.0-84940705670
13844,13844,2-s2.0-84896924358
13847,13847,2-s2.0-84927739933
13849,13849,2-s2.0-84896745091
13852,13852,2-s2.0-84897811670
13856,13856,2-s2.0-84897788459
13857,13857,2-s2.0-84897760024
13863,13863,2-s2.0-84897642868
13865,13865,2-s2.0-84897611670
13867,13867,2-s2.0-85082063487
13870,13870,2-s2.0-84979851655
13872,13872,2-s2.0-84940266011
13873,13873,2-s2.0-84929536387
13874,13874,2-s2.0-84919499427
13876,13876,2-s2.0-84897877400
13878,13878,2-s2.0-84897860151
13885,13885,2-s2.0-84895138209
13886,13886,2-s2.0-84895108663
13887,13887,2-s2.0-84895107385
13888,13888,2-s2.0-84895087726
13892,13892,2-s2.0-84894635989
13901,13901,2-s2.0-84893028360
13902,13902,2-s2.0-84891416701
13904,13904,2-s2.0-84889689893
13905,13905,2-s2.0-84888082401
13906,13906,2-s2.0-84888026759
13907,13907,2-s2.0-84887399950
13908,13908,2-s2.0-84894501857
13909,13909,2-s2.0-84896109186
13911,13911,2-s2.0-84893944759
13914,13914,2-s2.0-84949106555
13917,13917,2-s2.0-84893787468
13918,13918,2-s2.0-84895774902
13919,13919,2-s2.0-84894200829
13920,13920,2-s2.0-84893319720
13923,13923,2-s2.0-85068751795
13924,13924,2-s2.0-84903362641
13925,13925,2-s2.0-84898883793
13926,13926,2-s2.0-84893166513
13929,13929,2-s2.0-84930902999
13931,13931,2-s2.0-84895901425
13933,13933,2-s2.0-84895075725
13937,13937,2-s2.0-84894227964
13941,13941,2-s2.0-84893630219
13943,13943,2-s2.0-84893149576
13944,13944,2-s2.0-84893021733
13945,13945,2-s2.0-84893004638
13947,13947,2-s2.0-84892953854
13948,13948,2-s2.0-84892908824
13949,13949,2-s2.0-84892886600
13953,13953,2-s2.0-84892454776
13954,13954,2-s2.0-84892441039
13955,13955,2-s2.0-84888199360
13959,13959,2-s2.0-84888129968
13962,13962,2-s2.0-85006312325
13963,13963,2-s2.0-84892852983
13965,13965,2-s2.0-84899871764
13966,13966,2-s2.0-84892501801
13967,13967,2-s2.0-84892490028
13968,13968,2-s2.0-84946690361
13970,13970,2-s2.0-84922933043
13972,13972,2-s2.0-84922880062
13974,13974,2-s2.0-84922838548
13981,13981,2-s2.0-84891676086
13982,13982,2-s2.0-84891675345
13983,13983,2-s2.0-85013690421
13987,13987,2-s2.0-84891595403
13988,13988,2-s2.0-84891592699
13989,13989,2-s2.0-84889860473
13990,13990,2-s2.0-85193923221
13991,13991,2-s2.0-85180779899
13995,13995,2-s2.0-85171632567
13999,13999,2-s2.0-85145292572
14000,14000,2-s2.0-85144991391
14002,14002,2-s2.0-85144926655
14007,14007,2-s2.0-85139184204
14008,14008,2-s2.0-85131500819
14009,14009,2-s2.0-85127726158
14010,14010,2-s2.0-85127721616
14011,14011,2-s2.0-85127719964
14012,14012,2-s2.0-85127707377
14014,14014,2-s2.0-85127704170
14017,14017,2-s2.0-85127675288
14018,14018,2-s2.0-85127671066
14019,14019,2-s2.0-85127661087
14024,14024,2-s2.0-85127649373
14025,14025,2-s2.0-85127642947
14028,14028,2-s2.0-85127201332
14029,14029,2-s2.0-85124585577
14030,14030,2-s2.0-85121045743
14031,14031,2-s2.0-85117623732
14033,14033,2-s2.0-85107530041
14038,14038,2-s2.0-85102958050
14041,14041,2-s2.0-85101159326
14049,14049,2-s2.0-85086554959
14052,14052,2-s2.0-85084841663
14053,14053,2-s2.0-85082126396
14054,14054,2-s2.0-85081870811
14055,14055,2-s2.0-85078856548
14056,14056,2-s2.0-85078835543
14057,14057,2-s2.0-85078830075
14059,14059,2-s2.0-85077708536
14060,14060,2-s2.0-85071821943
14063,14063,2-s2.0-85071794644
14064,14064,2-s2.0-85071794527
14065,14065,2-s2.0-85071519079
14066,14066,2-s2.0-85071419613
14068,14068,2-s2.0-85069571408
14071,14071,2-s2.0-85068430631
14072,14072,2-s2.0-85066918518
14073,14073,2-s2.0-85065681567
14074,14074,2-s2.0-85065556079
14075,14075,2-s2.0-85064367680
14076,14076,2-s2.0-85063853444
14078,14078,2-s2.0-85059185816
14079,14079,2-s2.0-85054908775
14082,14082,2-s2.0-85052533978
14085,14085,2-s2.0-85040826900
14086,14086,2-s2.0-85040808243
14087,14087,2-s2.0-85040598399
14089,14089,2-s2.0-85040553013
14092,14092,2-s2.0-85034212943
14093,14093,2-s2.0-85033701876
14094,14094,2-s2.0-85033352780
14096,14096,2-s2.0-85030110753
14097,14097,2-s2.0-85029626391
14098,14098,2-s2.0-85029618054
14101,14101,2-s2.0-85028683627
14103,14103,2-s2.0-85028664594
14104,14104,2-s2.0-85028661679
14105,14105,2-s2.0-85028652082
14107,14107,2-s2.0-85028634576
14109,14109,2-s2.0-85027442714
14115,14115,2-s2.0-85021861332
14120,14120,2-s2.0-85020321599
14122,14122,2-s2.0-85020010132
14124,14124,2-s2.0-85017727625
14125,14125,2-s2.0-85017160904
14128,14128,2-s2.0-85016810633
14129,14129,2-s2.0-85015975579
14131,14131,2-s2.0-85013031062
14132,14132,2-s2.0-85012050553
14134,14134,2-s2.0-85012041076
14136,14136,2-s2.0-85011422901
14138,14138,2-s2.0-85011360866
14139,14139,2-s2.0-85011332626
14140,14140,2-s2.0-85009877646
14142,14142,2-s2.0-85006426561
14147,14147,2-s2.0-84995527958
14148,14148,2-s2.0-84994881284
14151,14151,2-s2.0-84994099170
14152,14152,2-s2.0-84991654096
14153,14153,2-s2.0-84991236920
14154,14154,2-s2.0-84988299660
14157,14157,2-s2.0-84987926136
14159,14159,2-s2.0-84981724649
14162,14162,2-s2.0-84978149973
14164,14164,2-s2.0-84975636059
14165,14165,2-s2.0-84973914594
14166,14166,2-s2.0-84969902805
14169,14169,2-s2.0-84967604814
14170,14170,2-s2.0-84967225437
14171,14171,2-s2.0-84965009113
14173,14173,2-s2.0-84963964172
14174,14174,2-s2.0-84963893874
14176,14176,2-s2.0-84963815595
14177,14177,2-s2.0-84963629014
14178,14178,2-s2.0-84962911693
14180,14180,2-s2.0-84962169074
14181,14181,2-s2.0-84961890592
14183,14183,2-s2.0-84961554433
14186,14186,2-s2.0-84959471956
14187,14187,2-s2.0-84958550260
14188,14188,2-s2.0-84958543517
14193,14193,2-s2.0-84958210823
14198,14198,2-s2.0-84957090902
14202,14202,2-s2.0-84956543738
14204,14204,2-s2.0-84955751429
14205,14205,2-s2.0-84955749594
14206,14206,2-s2.0-84955736413
14208,14208,2-s2.0-84955699323
14209,14209,2-s2.0-84955644969
14213,14213,2-s2.0-84955257201
14214,14214,2-s2.0-84955241641
14215,14215,2-s2.0-84955140318
14217,14217,2-s2.0-84954625426
14219,14219,2-s2.0-84954605872
14220,14220,2-s2.0-84954349161
14221,14221,2-s2.0-84954158831
14223,14223,2-s2.0-84954108867
14224,14224,2-s2.0-84953897478
14225,14225,2-s2.0-84953889198
14226,14226,2-s2.0-84953885444
14227,14227,2-s2.0-84953878175
14234,14234,2-s2.0-84948133096
14235,14235,2-s2.0-84948114884
14236,14236,2-s2.0-84948065617
14237,14237,2-s2.0-84947076712
14238,14238,2-s2.0-84947071129
14240,14240,2-s2.0-84946724445
14241,14241,2-s2.0-84945127509
14243,14243,2-s2.0-84944248050
14244,14244,2-s2.0-84944182912
14248,14248,2-s2.0-84944069878
14251,14251,2-s2.0-84943237323
14255,14255,2-s2.0-84940553044
14256,14256,2-s2.0-84940479009
14258,14258,2-s2.0-84940279989
14261,14261,2-s2.0-84940256524
14262,14262,2-s2.0-84940203828
14263,14263,2-s2.0-84940203301
14264,14264,2-s2.0-84940201377
14266,14266,2-s2.0-84940194393
14269,14269,2-s2.0-84939552629
14270,14270,2-s2.0-84939230410
14272,14272,2-s2.0-84939178015
14273,14273,2-s2.0-84939172466
14275,14275,2-s2.0-84938152825
14276,14276,2-s2.0-84938151791
14277,14277,2-s2.0-84938151243
14282,14282,2-s2.0-84937964598
14285,14285,2-s2.0-84937792798
14286,14286,2-s2.0-84937772873
14288,14288,2-s2.0-84937689862
14289,14289,2-s2.0-84937402640
14291,14291,2-s2.0-84933524858
14293,14293,2-s2.0-84931087114
14294,14294,2-s2.0-84930085615
14296,14296,2-s2.0-84929774038
14297,14297,2-s2.0-84929671559
14301,14301,2-s2.0-84929231822
14302,14302,2-s2.0-84929159039
14306,14306,2-s2.0-84928308714
14310,14310,2-s2.0-84928111335
14311,14311,2-s2.0-84927796917
14315,14315,2-s2.0-84927520177
14318,14318,2-s2.0-84927124436
14320,14320,2-s2.0-84926671444
14323,14323,2-s2.0-84926292582
14324,14324,2-s2.0-84926033732
14325,14325,2-s2.0-84925871652
14328,14328,2-s2.0-84925344941
14329,14329,2-s2.0-84924908420
14331,14331,2-s2.0-84924558129
14332,14332,2-s2.0-84924420664
14335,14335,2-s2.0-84924234461
14339,14339,2-s2.0-84923972536
14340,14340,2-s2.0-84923952967
14342,14342,2-s2.0-84923924412
14343,14343,2-s2.0-84923912591
14346,14346,2-s2.0-84923886798
14348,14348,2-s2.0-84923884414
14350,14350,2-s2.0-84923865384
14352,14352,2-s2.0-84923833450
14354,14354,2-s2.0-84923649628
14357,14357,2-s2.0-84923632405
14358,14358,2-s2.0-84923606121
14359,14359,2-s2.0-84923586550
14360,14360,2-s2.0-84923579592
14363,14363,2-s2.0-84923534418
14364,14364,2-s2.0-84923531242
14370,14370,2-s2.0-84922822328
14371,14371,2-s2.0-84922813728
14372,14372,2-s2.0-84922812114
14373,14373,2-s2.0-84922807439
14374,14374,2-s2.0-84922798020
14377,14377,2-s2.0-84922457800
14378,14378,2-s2.0-84922348322
14379,14379,2-s2.0-84922287207
14382,14382,2-s2.0-84922273441
14384,14384,2-s2.0-84922146060
14385,14385,2-s2.0-84922111440
14387,14387,2-s2.0-84921914406
14388,14388,2-s2.0-84921843555
14390,14390,2-s2.0-84921787952
14392,14392,2-s2.0-84921639302
14394,14394,2-s2.0-84921333725
14396,14396,2-s2.0-84921061276
14397,14397,2-s2.0-84920999864
14398,14398,2-s2.0-84920989444
14400,14400,2-s2.0-84920696622
14401,14401,2-s2.0-84920586041
14403,14403,2-s2.0-84920448888
14405,14405,2-s2.0-84920261577
14408,14408,2-s2.0-84919785190
14410,14410,2-s2.0-84919773710
14411,14411,2-s2.0-84919771166
14414,14414,2-s2.0-84919715614
14416,14416,2-s2.0-84918834320
14417,14417,2-s2.0-84918831725
14419,14419,2-s2.0-84918572824
14421,14421,2-s2.0-84918553284
14422,14422,2-s2.0-84917743293
14424,14424,2-s2.0-84917689662
14425,14425,2-s2.0-84917689456
14427,14427,2-s2.0-84916620452
14428,14428,2-s2.0-84916240830
14430,14430,2-s2.0-84916229310
14432,14432,2-s2.0-84916206009
14433,14433,2-s2.0-84915829376
14437,14437,2-s2.0-84914165585
14438,14438,2-s2.0-84914147748
14439,14439,2-s2.0-84914102353
14441,14441,2-s2.0-84912535387
14442,14442,2-s2.0-84912533196
14448,14448,2-s2.0-84911914839
14449,14449,2-s2.0-84911888251
14454,14454,2-s2.0-84910644045
14455,14455,2-s2.0-84910110167
14456,14456,2-s2.0-84910102395
14459,14459,2-s2.0-84910059863
14460,14460,2-s2.0-84910048862
14464,14464,2-s2.0-84910022228
14465,14465,2-s2.0-84909441204
14467,14467,2-s2.0-84908612288
14468,14468,2-s2.0-84908516674
14473,14473,2-s2.0-84908239411
14478,14478,2-s2.0-84908077700
14480,14480,2-s2.0-84908065927
14483,14483,2-s2.0-84907992683
14488,14488,2-s2.0-84907885758
14490,14490,2-s2.0-84907864944
14491,14491,2-s2.0-84907856478
14492,14492,2-s2.0-84907806235
14494,14494,2-s2.0-84907740672
14495,14495,2-s2.0-84907680909
14496,14496,2-s2.0-84907674676
14500,14500,2-s2.0-84907332247
14501,14501,2-s2.0-84907325386
14502,14502,2-s2.0-84907322262
14503,14503,2-s2.0-84907299296
14504,14504,2-s2.0-84907290990
14515,14515,2-s2.0-84907021010
14517,14517,2-s2.0-84906973939
14518,14518,2-s2.0-84906939359
14520,14520,2-s2.0-84906862023
14521,14521,2-s2.0-84906857067
14522,14522,2-s2.0-84906855167
14528,14528,2-s2.0-84906688449
14529,14529,2-s2.0-84906674348
14531,14531,2-s2.0-84906668502
14532,14532,2-s2.0-84906658393
14536,14536,2-s2.0-84906564207
14537,14537,2-s2.0-84906562621
14541,14541,2-s2.0-84906549860
14542,14542,2-s2.0-84906536960
14543,14543,2-s2.0-84906534525
14545,14545,2-s2.0-84906505770
14547,14547,2-s2.0-84906347773
14550,14550,2-s2.0-84906334842
14551,14551,2-s2.0-84906330767
14553,14553,2-s2.0-84906322884
14555,14555,2-s2.0-84906303954
14556,14556,2-s2.0-84906302757
14563,14563,2-s2.0-84906060857
14564,14564,2-s2.0-84906060376
14566,14566,2-s2.0-84905996715
14567,14567,2-s2.0-84905905631
14568,14568,2-s2.0-84905865020
14569,14569,2-s2.0-84905860793
14572,14572,2-s2.0-84905835361
14576,14576,2-s2.0-84905818551
14577,14577,2-s2.0-84905815869
14578,14578,2-s2.0-84905757815
14580,14580,2-s2.0-84905712009
14584,14584,2-s2.0-84905572285
14586,14586,2-s2.0-84905494184
14589,14589,2-s2.0-84905395355
14590,14590,2-s2.0-84905376035
14592,14592,2-s2.0-84905258295
14596,14596,2-s2.0-84905197366
14597,14597,2-s2.0-84905197270
14598,14598,2-s2.0-84905196944
14602,14602,2-s2.0-84905196561
14605,14605,2-s2.0-84905191949
14608,14608,2-s2.0-84905190737
14609,14609,2-s2.0-84905190727
14614,14614,2-s2.0-84905190506
14615,14615,2-s2.0-84905190502
14616,14616,2-s2.0-84905189872
14618,14618,2-s2.0-84905188580
14619,14619,2-s2.0-84905188422
14620,14620,2-s2.0-84905186905
14621,14621,2-s2.0-84905186565
14622,14622,2-s2.0-84905186351
14624,14624,2-s2.0-84905186331
14630,14630,2-s2.0-84905182312
14631,14631,2-s2.0-84905182015
14633,14633,2-s2.0-84905181991
14634,14634,2-s2.0-84905181742
14636,14636,2-s2.0-84905181296
14637,14637,2-s2.0-84905180485
14639,14639,2-s2.0-84905179412
14644,14644,2-s2.0-84905177902
14645,14645,2-s2.0-84905176686
14647,14647,2-s2.0-84905176637
14650,14650,2-s2.0-84905176274
14654,14654,2-s2.0-84905175667
14655,14655,2-s2.0-84905172300
14656,14656,2-s2.0-84905171677
14662,14662,2-s2.0-84905168972
14663,14663,2-s2.0-84905168965
14665,14665,2-s2.0-84905168416
14669,14669,2-s2.0-84905166403
14673,14673,2-s2.0-84905166076
14674,14674,2-s2.0-84905165973
14676,14676,2-s2.0-84905165384
14677,14677,2-s2.0-84905165382
14679,14679,2-s2.0-84905165170
14681,14681,2-s2.0-84905161120
14682,14682,2-s2.0-84905159212
14683,14683,2-s2.0-84905159191
14684,14684,2-s2.0-84905159148
14691,14691,2-s2.0-84905051802
14697,14697,2-s2.0-84904976636
14699,14699,2-s2.0-84904887135
14700,14700,2-s2.0-84904883663
14701,14701,2-s2.0-84904871900
14704,14704,2-s2.0-84904763188
14705,14705,2-s2.0-84904739482
14706,14706,2-s2.0-84904730525
14710,14710,2-s2.0-84904667827
14712,14712,2-s2.0-84904656266
14715,14715,2-s2.0-84904647268
14716,14716,2-s2.0-84904638767
14717,14717,2-s2.0-84904631005
14718,14718,2-s2.0-84904625782
14721,14721,2-s2.0-84904601491
14722,14722,2-s2.0-84904600858
14723,14723,2-s2.0-84904599552
14725,14725,2-s2.0-84904576905
14726,14726,2-s2.0-84904575680
14727,14727,2-s2.0-84904573339
14728,14728,2-s2.0-84904568195
14732,14732,2-s2.0-84904498400
14733,14733,2-s2.0-84904490738
14734,14734,2-s2.0-84904489005
14736,14736,2-s2.0-84904480018
14745,14745,2-s2.0-84904367867
14747,14747,2-s2.0-84904355290
14749,14749,2-s2.0-84904295367
14750,14750,2-s2.0-84904255287
14752,14752,2-s2.0-84904212569
14757,14757,2-s2.0-84904190981
14759,14759,2-s2.0-84904187801
14760,14760,2-s2.0-84904176374
14761,14761,2-s2.0-84904168020
14762,14762,2-s2.0-84904161834
14769,14769,2-s2.0-84903965525
14770,14770,2-s2.0-84903939053
14771,14771,2-s2.0-84903892839
14772,14772,2-s2.0-84903890402
14775,14775,2-s2.0-84903881248
14776,14776,2-s2.0-84903879478
14780,14780,2-s2.0-84903785530
14781,14781,2-s2.0-84903760617
14782,14782,2-s2.0-84903740272
14783,14783,2-s2.0-84903735381
14789,14789,2-s2.0-84903589720
14790,14790,2-s2.0-84903536556
14793,14793,2-s2.0-84903511312
14796,14796,2-s2.0-84903467823
14798,14798,2-s2.0-84903464485
14803,14803,2-s2.0-84903433876
14804,14804,2-s2.0-84903433226
14805,14805,2-s2.0-84903313406
14811,14811,2-s2.0-84903174167
14812,14812,2-s2.0-84903148831
14816,14816,2-s2.0-84902986373
14818,14818,2-s2.0-84902855475
14820,14820,2-s2.0-84902797472
14823,14823,2-s2.0-84902777518
14825,14825,2-s2.0-84902689837
14827,14827,2-s2.0-84902686297
14830,14830,2-s2.0-84902675984
14831,14831,2-s2.0-84902675834
14833,14833,2-s2.0-84902674064
14834,14834,2-s2.0-84902659990
14835,14835,2-s2.0-84902652964
14839,14839,2-s2.0-84902531346
14840,14840,2-s2.0-84902517623
14841,14841,2-s2.0-84902500155
14844,14844,2-s2.0-84902479004
14845,14845,2-s2.0-84902478526
14846,14846,2-s2.0-84902462542
14848,14848,2-s2.0-84902440930
14849,14849,2-s2.0-84902361961
14850,14850,2-s2.0-84902349978
14851,14851,2-s2.0-84902347397
14852,14852,2-s2.0-84902343344
14853,14853,2-s2.0-84902341226
14854,14854,2-s2.0-84902340863
14856,14856,2-s2.0-84902330857
14862,14862,2-s2.0-84902313857
14865,14865,2-s2.0-84902270813
14866,14866,2-s2.0-84902270344
14867,14867,2-s2.0-84902264672
14873,14873,2-s2.0-84902108846
14874,14874,2-s2.0-84902083340
14876,14876,2-s2.0-84901979203
14882,14882,2-s2.0-84901935186
14883,14883,2-s2.0-84901934341
14885,14885,2-s2.0-84901914590
14890,14890,2-s2.0-84901850976
14895,14895,2-s2.0-84901766441
14904,14904,2-s2.0-84901631407
14907,14907,2-s2.0-84901626197
14909,14909,2-s2.0-84901621013
14911,14911,2-s2.0-84901616043
14912,14912,2-s2.0-84901612056
14913,14913,2-s2.0-84901605633
14914,14914,2-s2.0-84901603074
14916,14916,2-s2.0-84901598964
14917,14917,2-s2.0-84901594082
14918,14918,2-s2.0-84901589609
14920,14920,2-s2.0-84901461380
14925,14925,2-s2.0-84901427678
14926,14926,2-s2.0-84901416571
14930,14930,2-s2.0-84901390769
14932,14932,2-s2.0-84901359742
14933,14933,2-s2.0-84901352828
14934,14934,2-s2.0-84901344673
14936,14936,2-s2.0-84901317760
14940,14940,2-s2.0-84901060610
14944,14944,2-s2.0-84901011737
14946,14946,2-s2.0-84901007708
14947,14947,2-s2.0-84900875692
14949,14949,2-s2.0-84900867040
14950,14950,2-s2.0-84900863410
14953,14953,2-s2.0-84900819629
14957,14957,2-s2.0-84900533193
14958,14958,2-s2.0-84900523235
14960,14960,2-s2.0-84900464282
14962,14962,2-s2.0-84900434017
14963,14963,2-s2.0-84900420813
14964,14964,2-s2.0-84900023615
14965,14965,2-s2.0-84899994655
14966,14966,2-s2.0-84899985043
14970,14970,2-s2.0-84899923924
14971,14971,2-s2.0-84899917532
14972,14972,2-s2.0-84899898319
14976,14976,2-s2.0-84899807846
14979,14979,2-s2.0-84899761427
14980,14980,2-s2.0-84899756931
14982,14982,2-s2.0-84899736266
14984,14984,2-s2.0-84899723209
14985,14985,2-s2.0-84899709953
14987,14987,2-s2.0-84899690891
14989,14989,2-s2.0-84899671267
14991,14991,2-s2.0-84899644659
14992,14992,2-s2.0-84899639921
14993,14993,2-s2.0-84899631668
14996,14996,2-s2.0-84899555541
14997,14997,2-s2.0-84899544074
14998,14998,2-s2.0-84899512244
14999,14999,2-s2.0-84899508228
15000,15000,2-s2.0-84899478730
15001,15001,2-s2.0-84899454303
15004,15004,2-s2.0-84899157483
15005,15005,2-s2.0-84899094868
15008,15008,2-s2.0-84899005953
15009,15009,2-s2.0-84898931711
15010,15010,2-s2.0-84898918172
15011,15011,2-s2.0-84898897461
15012,15012,2-s2.0-84898882859
15013,15013,2-s2.0-84898878040
15016,15016,2-s2.0-84898846561
15018,15018,2-s2.0-84898825253
15020,15020,2-s2.0-84898777157
15022,15022,2-s2.0-84898655664
15023,15023,2-s2.0-84898647120
15024,15024,2-s2.0-84898547645
15025,15025,2-s2.0-84898546365
15027,15027,2-s2.0-84898542274
15028,15028,2-s2.0-84898542202
15029,15029,2-s2.0-84898424054
15030,15030,2-s2.0-84898400962
15035,15035,2-s2.0-84898028107
15037,15037,2-s2.0-84898015086
15038,15038,2-s2.0-84898012514
15039,15039,2-s2.0-84898010611
15044,15044,2-s2.0-84897970693
15049,15049,2-s2.0-84897939298
15050,15050,2-s2.0-84897939173
15054,15054,2-s2.0-84897782134
15056,15056,2-s2.0-84897640358
15059,15059,2-s2.0-84897601735
15060,15060,2-s2.0-84897593515
15061,15061,2-s2.0-84897582377
15065,15065,2-s2.0-84897527963
15066,15066,2-s2.0-84897508432
15068,15068,2-s2.0-84897466230
15070,15070,2-s2.0-84897448620
15071,15071,2-s2.0-84897437435
15072,15072,2-s2.0-84897434325
15074,15074,2-s2.0-84897403792
15076,15076,2-s2.0-84897379930
15078,15078,2-s2.0-84897096545
15082,15082,2-s2.0-84897072208
15083,15083,2-s2.0-84897058446
15084,15084,2-s2.0-84897055199
15085,15085,2-s2.0-84897039544
15086,15086,2-s2.0-84897033243
15089,15089,2-s2.0-84896994270
15092,15092,2-s2.0-84896829507
15093,15093,2-s2.0-84896683092
15095,15095,2-s2.0-84896667380
15096,15096,2-s2.0-84896656723
15098,15098,2-s2.0-84896639286
15099,15099,2-s2.0-84896629191
15102,15102,2-s2.0-84896594586
15104,15104,2-s2.0-84896525074
15105,15105,2-s2.0-84896511885
15106,15106,2-s2.0-84896501194
15111,15111,2-s2.0-84896346639
15113,15113,2-s2.0-84896308776
15115,15115,2-s2.0-84896296494
15116,15116,2-s2.0-84896265988
15117,15117,2-s2.0-84896084836
15118,15118,2-s2.0-84895908739
15122,15122,2-s2.0-84895473700
15123,15123,2-s2.0-84895174718
15126,15126,2-s2.0-84894830612
15127,15127,2-s2.0-84894751488
15129,15129,2-s2.0-84894593307
15130,15130,2-s2.0-84894584054
15132,15132,2-s2.0-84894278755
15133,15133,2-s2.0-84894269822
15134,15134,2-s2.0-84894268166
15136,15136,2-s2.0-84894255259
15137,15137,2-s2.0-84894228997
15138,15138,2-s2.0-84893958475
15149,15149,2-s2.0-84893523338
15156,15156,2-s2.0-84893018107
15158,15158,2-s2.0-84892851985
15160,15160,2-s2.0-84892749345
15161,15161,2-s2.0-84892559144
15162,15162,2-s2.0-84892553581
15164,15164,2-s2.0-84892539225
15166,15166,2-s2.0-84892515047
15167,15167,2-s2.0-84892496981
15170,15170,2-s2.0-84892453975
15175,15175,2-s2.0-84892422867
15178,15178,2-s2.0-84892396106
15179,15179,2-s2.0-84892366967
15181,15181,2-s2.0-84891927516
15183,15183,2-s2.0-84891736247
15184,15184,2-s2.0-84891639936
15185,15185,2-s2.0-84891481814
15190,15190,2-s2.0-84890842428
15191,15191,2-s2.0-84890832454
15192,15192,2-s2.0-84890819120
15199,15199,2-s2.0-84890482326
15201,15201,2-s2.0-84890083151
15202,15202,2-s2.0-84890059780
15205,15205,2-s2.0-84889638415
15209,15209,2-s2.0-84887928404
15210,15210,2-s2.0-84887827079
15213,15213,2-s2.0-84887010090
15214,15214,2-s2.0-84886041038
15215,15215,2-s2.0-84886030408
15218,15218,2-s2.0-84885734487
15224,15224,2-s2.0-14844294716
15227,15227,2-s2.0-84964689453
15229,15229,2-s2.0-84960194078
15232,15232,2-s2.0-84951087286
15233,15233,2-s2.0-85001949396
15234,15234,2-s2.0-84962406606
15235,15235,2-s2.0-84949809323
15236,15236,2-s2.0-84942412974
15237,15237,2-s2.0-84964691557
15239,15239,2-s2.0-84964675056
15240,15240,2-s2.0-84964659766
15242,15242,2-s2.0-84964584551
15243,15243,2-s2.0-84964579442
15244,15244,2-s2.0-84964577800
15246,15246,2-s2.0-85020318867
15248,15248,2-s2.0-84949009159
15251,15251,2-s2.0-84960468243
15254,15254,2-s2.0-84960455720
15255,15255,2-s2.0-84960453345
15257,15257,2-s2.0-84960433897
15259,15259,2-s2.0-84960430109
15263,15263,2-s2.0-84960420249
15264,15264,2-s2.0-84960414864
15265,15265,2-s2.0-84960409698
15268,15268,2-s2.0-84960395847
15269,15269,2-s2.0-84960394447
15270,15270,2-s2.0-84960391297
15271,15271,2-s2.0-84960386933
15272,15272,2-s2.0-84960375393
15273,15273,2-s2.0-84960372470
15276,15276,2-s2.0-84960359956
15278,15278,2-s2.0-84960353328
15283,15283,2-s2.0-84960335476
15284,15284,2-s2.0-84960334374
15286,15286,2-s2.0-84960330878
15287,15287,2-s2.0-84960330729
15288,15288,2-s2.0-84960330154
15290,15290,2-s2.0-84960325626
15294,15294,2-s2.0-85182124623
15295,15295,2-s2.0-85065131428
15300,15300,2-s2.0-85035071464
15302,15302,2-s2.0-85020631725
15304,15304,2-s2.0-85007388191
15306,15306,2-s2.0-84983420876
15309,15309,2-s2.0-84978210574
15312,15312,2-s2.0-84961877395
15319,15319,2-s2.0-84958012809
15320,15320,2-s2.0-84957950639
15322,15322,2-s2.0-84957596133
15324,15324,2-s2.0-84956980250
15326,15326,2-s2.0-84955362252
15327,15327,2-s2.0-84955213171
15328,15328,2-s2.0-84955183081
15329,15329,2-s2.0-84954175671
15331,15331,2-s2.0-84953402799
15335,15335,2-s2.0-84953395834
15339,15339,2-s2.0-84953382398
15340,15340,2-s2.0-84953382361
15343,15343,2-s2.0-84953381517
15345,15345,2-s2.0-84953380253
15346,15346,2-s2.0-84953380036
15347,15347,2-s2.0-84953379784
15348,15348,2-s2.0-84953378066
15350,15350,2-s2.0-84953374355
15351,15351,2-s2.0-84953360291
15355,15355,2-s2.0-84949754703
15356,15356,2-s2.0-84949648987
15357,15357,2-s2.0-84949635822
15360,15360,2-s2.0-84949226632
15361,15361,2-s2.0-84949098805
15362,15362,2-s2.0-84949095886
15363,15363,2-s2.0-84949093586
15367,15367,2-s2.0-84948572089
15368,15368,2-s2.0-84948452923
15369,15369,2-s2.0-84948450058
15373,15373,2-s2.0-84947487460
15374,15374,2-s2.0-84947277149
15378,15378,2-s2.0-84945424211
15380,15380,2-s2.0-84944266248
15381,15381,2-s2.0-84942854354
15383,15383,2-s2.0-84942163249
15385,15385,2-s2.0-84938782890
15387,15387,2-s2.0-84924664042
15389,15389,2-s2.0-84947967965
15393,15393,2-s2.0-84947022743
15399,15399,2-s2.0-84960854171
15402,15402,2-s2.0-84945400937
15405,15405,2-s2.0-85043287186
15406,15406,2-s2.0-84964797313
15409,15409,2-s2.0-84964786382
15411,15411,2-s2.0-84964774525
15412,15412,2-s2.0-84964765674
15413,15413,2-s2.0-84964758622
15414,15414,2-s2.0-84964756533
15419,15419,2-s2.0-84964715391
15421,15421,2-s2.0-84964494986
15424,15424,2-s2.0-85064923098
15428,15428,2-s2.0-84942372725
15429,15429,2-s2.0-85054863185
15430,15430,2-s2.0-85033715613
15436,15436,2-s2.0-84959223611
15437,15437,2-s2.0-84957872161
15438,15438,2-s2.0-84957867746
15439,15439,2-s2.0-84957717072
15441,15441,2-s2.0-84952930648
15442,15442,2-s2.0-84949664705
15443,15443,2-s2.0-84949661979
15447,15447,2-s2.0-84947427184
15452,15452,2-s2.0-84947228589
15455,15455,2-s2.0-84947023667
15460,15460,2-s2.0-84945298154
15464,15464,2-s2.0-84944875546
15466,15466,2-s2.0-84943811042
15469,15469,2-s2.0-84943452966
15471,15471,2-s2.0-84943365068
15474,15474,2-s2.0-84942877168
15476,15476,2-s2.0-84950267282
15477,15477,2-s2.0-84955129620
15478,15478,2-s2.0-84947575676
15479,15479,2-s2.0-84945579539
15480,15480,2-s2.0-84962723931
15481,15481,2-s2.0-84962719019
15482,15482,2-s2.0-84942369859
15484,15484,2-s2.0-84942198538
15487,15487,2-s2.0-84941880399
15492,15492,2-s2.0-84949105315
15493,15493,2-s2.0-84948565727
15499,15499,2-s2.0-84948807327
15501,15501,2-s2.0-84959467842
15502,15502,2-s2.0-84930759293
15504,15504,2-s2.0-84959898077
15505,15505,2-s2.0-84959881978
15506,15506,2-s2.0-84959873042
15510,15510,2-s2.0-84944221540
15511,15511,2-s2.0-85014777252
15513,15513,2-s2.0-85014753219
15515,15515,2-s2.0-85014738802
15522,15522,2-s2.0-84943451093
15526,15526,2-s2.0-84952786226
15530,15530,2-s2.0-84949472333
15531,15531,2-s2.0-84949472104
15532,15532,2-s2.0-84949469568
15534,15534,2-s2.0-84949439701
15535,15535,2-s2.0-84949437294
15538,15538,2-s2.0-84945478894
15539,15539,2-s2.0-84945477409
15542,15542,2-s2.0-84942572552
15543,15543,2-s2.0-85137347087
15544,15544,2-s2.0-85052898856
15545,15545,2-s2.0-85032888878
15549,15549,2-s2.0-84982836631
15551,15551,2-s2.0-84962541313
15552,15552,2-s2.0-84960464878
15554,15554,2-s2.0-84948976047
15557,15557,2-s2.0-84947548484
15561,15561,2-s2.0-84945947437
15562,15562,2-s2.0-84945191974
15564,15564,2-s2.0-84944722856
15566,15566,2-s2.0-84944453669
15569,15569,2-s2.0-84943759893
15570,15570,2-s2.0-84943449384
15571,15571,2-s2.0-84943400429
15572,15572,2-s2.0-84943381992
15575,15575,2-s2.0-84942862422
15577,15577,2-s2.0-84941732268
15578,15578,2-s2.0-84939806588
15579,15579,2-s2.0-84939565238
15581,15581,2-s2.0-84936764600
15582,15582,2-s2.0-84930648993
15584,15584,2-s2.0-84962482238
15585,15585,2-s2.0-84960951220
15586,15586,2-s2.0-84940056824
15587,15587,2-s2.0-84940048746
15588,15588,2-s2.0-84940038595
15590,15590,2-s2.0-84940033849
15591,15591,2-s2.0-84929706996
15594,15594,2-s2.0-84942193310
15597,15597,2-s2.0-84955752102
15599,15599,2-s2.0-84938893105
15600,15600,2-s2.0-84938891885
15602,15602,2-s2.0-84938847169
15603,15603,2-s2.0-84961364577
15605,15605,2-s2.0-84957659662
15609,15609,2-s2.0-84961725652
15612,15612,2-s2.0-84955642268
15613,15613,2-s2.0-84941957665
15614,15614,2-s2.0-84939205950
15615,15615,2-s2.0-84938983268
15616,15616,2-s2.0-84938902878
15617,15617,2-s2.0-84938887708
15622,15622,2-s2.0-84941253571
15625,15625,2-s2.0-84960198072
15628,15628,2-s2.0-84960299790
15630,15630,2-s2.0-84960243949
15631,15631,2-s2.0-84960219256
15638,15638,2-s2.0-84938418754
15640,15640,2-s2.0-84956597740
15641,15641,2-s2.0-84949539398
15644,15644,2-s2.0-84942195711
15645,15645,2-s2.0-84940970419
15646,15646,2-s2.0-84940786407
15648,15648,2-s2.0-85035137084
15651,15651,2-s2.0-84964902666
15654,15654,2-s2.0-84957922515
15655,15655,2-s2.0-84957921751
15656,15656,2-s2.0-84957900346
15658,15658,2-s2.0-84946594179
15660,15660,2-s2.0-84943246916
15662,15662,2-s2.0-84942908958
15666,15666,2-s2.0-84940823641
15667,15667,2-s2.0-84940397062
15670,15670,2-s2.0-84939771287
15674,15674,2-s2.0-84939543050
15679,15679,2-s2.0-84938745415
15680,15680,2-s2.0-84937027279
15681,15681,2-s2.0-84936886917
15684,15684,2-s2.0-84930642566
15685,15685,2-s2.0-84929078384
15686,15686,2-s2.0-84928494286
15693,15693,2-s2.0-84940027883
15694,15694,2-s2.0-84940653622
15697,15697,2-s2.0-85014888482
15698,15698,2-s2.0-84944407956
15699,15699,2-s2.0-84940667724
15702,15702,2-s2.0-84959551687
15704,15704,2-s2.0-84939807935
15706,15706,2-s2.0-84941178869
15708,15708,2-s2.0-84933178781
15714,15714,2-s2.0-84957091890
15717,15717,2-s2.0-84939502025
15718,15718,2-s2.0-84959299821
15719,15719,2-s2.0-84938923604
15723,15723,2-s2.0-84936070053
15726,15726,2-s2.0-84955071007
15728,15728,2-s2.0-84957059555
15732,15732,2-s2.0-85027943382
15733,15733,2-s2.0-84958602310
15734,15734,2-s2.0-84957599334
15739,15739,2-s2.0-84957555697
15740,15740,2-s2.0-84957546225
15744,15744,2-s2.0-84946727293
15745,15745,2-s2.0-84946555071
15746,15746,2-s2.0-84945492501
15750,15750,2-s2.0-84941364562
15755,15755,2-s2.0-84940886175
15757,15757,2-s2.0-84940847119
15762,15762,2-s2.0-84938575544
15766,15766,2-s2.0-84937023137
15767,15767,2-s2.0-84935722043
15771,15771,2-s2.0-84942086547
15774,15774,2-s2.0-84941309383
15776,15776,2-s2.0-84941286121
15777,15777,2-s2.0-84941285862
15781,15781,2-s2.0-84943339031
15786,15786,2-s2.0-84941897751
15787,15787,2-s2.0-84937965436
15788,15788,2-s2.0-84937814840
15792,15792,2-s2.0-84931314697
15793,15793,2-s2.0-84957398752
15797,15797,2-s2.0-84941643416
15798,15798,2-s2.0-84937042434
15800,15800,2-s2.0-84937032859
15803,15803,2-s2.0-84957991556
15804,15804,2-s2.0-84957960947
15805,15805,2-s2.0-84957949097
15811,15811,2-s2.0-84959312863
15813,15813,2-s2.0-84959284361
15814,15814,2-s2.0-84936858899
15816,15816,2-s2.0-84936747582
15824,15824,2-s2.0-84949805819
15826,15826,2-s2.0-84949792509
15827,15827,2-s2.0-84949790011
15828,15828,2-s2.0-84949756513
15829,15829,2-s2.0-84942905124
15830,15830,2-s2.0-84939451855
15831,15831,2-s2.0-84939199036
15837,15837,2-s2.0-84930574841
15839,15839,2-s2.0-84929704248
15840,15840,2-s2.0-84929044670
15841,15841,2-s2.0-85020686641
15842,15842,2-s2.0-84983369278
15843,15843,2-s2.0-84941962271
15846,15846,2-s2.0-84941644292
15848,15848,2-s2.0-84939257275
15850,15850,2-s2.0-84938546041
15851,15851,2-s2.0-84938401475
15852,15852,2-s2.0-84936937177
15856,15856,2-s2.0-84930591681
15858,15858,2-s2.0-84939542230
15860,15860,2-s2.0-85022003986
15863,15863,2-s2.0-84983752550
15869,15869,2-s2.0-84941599935
15871,15871,2-s2.0-84940571250
15874,15874,2-s2.0-84938740355
15875,15875,2-s2.0-84938083552
15877,15877,2-s2.0-84937908638
15878,15878,2-s2.0-84937874563
15879,15879,2-s2.0-84937073662
15881,15881,2-s2.0-84936220049
15882,15882,2-s2.0-84936130746
15884,15884,2-s2.0-84932640946
15886,15886,2-s2.0-84931466382
15888,15888,2-s2.0-84930090249
15889,15889,2-s2.0-84930088093
15891,15891,2-s2.0-84929310384
15894,15894,2-s2.0-84926443364
15895,15895,2-s2.0-84922343763
15896,15896,2-s2.0-84938247637
15899,15899,2-s2.0-84929843700
15903,15903,2-s2.0-84939503748
15905,15905,2-s2.0-84951922902
15906,15906,2-s2.0-84961966596
15907,15907,2-s2.0-84961886541
15908,15908,2-s2.0-85082501549
15909,15909,2-s2.0-84939654850
15913,15913,2-s2.0-84942756380
15914,15914,2-s2.0-84937759211
15915,15915,2-s2.0-84930251101
15918,15918,2-s2.0-85096759077
15919,15919,2-s2.0-84991724845
15920,15920,2-s2.0-84938955972
15921,15921,2-s2.0-84942693989
15923,15923,2-s2.0-84942808129
15924,15924,2-s2.0-84942802072
15927,15927,2-s2.0-84942784513
15928,15928,2-s2.0-84942784410
15929,15929,2-s2.0-84942783968
15931,15931,2-s2.0-84942779176
15932,15932,2-s2.0-84942779089
15934,15934,2-s2.0-84942776480
15936,15936,2-s2.0-84942775878
15937,15937,2-s2.0-84942773837
15938,15938,2-s2.0-84942761041
15940,15940,2-s2.0-84942745941
15944,15944,2-s2.0-84930520401
15947,15947,2-s2.0-84930390344
15948,15948,2-s2.0-84941028237
15950,15950,2-s2.0-85075374353
15952,15952,2-s2.0-85045443524
15955,15955,2-s2.0-85002759890
15957,15957,2-s2.0-84971578715
15958,15958,2-s2.0-84971570066
15961,15961,2-s2.0-84942345947
15962,15962,2-s2.0-84941919961
15963,15963,2-s2.0-84940009238
15965,15965,2-s2.0-84939989216
15971,15971,2-s2.0-84929377873
15972,15972,2-s2.0-84929359243
15973,15973,2-s2.0-84929340329
15975,15975,2-s2.0-84928722706
15976,15976,2-s2.0-84926520442
15979,15979,2-s2.0-84925354069
15982,15982,2-s2.0-84921975354
15983,15983,2-s2.0-84891514321
15984,15984,2-s2.0-84981719121
15987,15987,2-s2.0-84939602526
15988,15988,2-s2.0-84929296883
15995,15995,2-s2.0-84929715891
15998,15998,2-s2.0-84927784211
16004,16004,2-s2.0-84954358822
16007,16007,2-s2.0-84990179353
16009,16009,2-s2.0-84954025826
16011,16011,2-s2.0-84930321698
16012,16012,2-s2.0-84929956896
16013,16013,2-s2.0-84928695747
16016,16016,2-s2.0-85055099501
16017,16017,2-s2.0-84960494493
16020,16020,2-s2.0-84960356299
16023,16023,2-s2.0-84939996613
16024,16024,2-s2.0-84939953298
16026,16026,2-s2.0-84931826549
16030,16030,2-s2.0-84930508776
16033,16033,2-s2.0-84929908510
16034,16034,2-s2.0-84929674426
16035,16035,2-s2.0-84929404794
16036,16036,2-s2.0-84929257587
16037,16037,2-s2.0-84929043438
16045,16045,2-s2.0-84927660873
16048,16048,2-s2.0-84891657006
16049,16049,2-s2.0-84958233753
16050,16050,2-s2.0-84929094283
16053,16053,2-s2.0-84946069916
16054,16054,2-s2.0-84946066257
16056,16056,2-s2.0-84946029315
16058,16058,2-s2.0-84928491919
16059,16059,2-s2.0-84928471943
16065,16065,2-s2.0-84951006010
16066,16066,2-s2.0-85120541844
16069,16069,2-s2.0-84924912161
16070,16070,2-s2.0-84929494415
16072,16072,2-s2.0-84929162476
16073,16073,2-s2.0-84928791424
16078,16078,2-s2.0-84958959098
16080,16080,2-s2.0-84938738774
16081,16081,2-s2.0-84938837795
16082,16082,2-s2.0-84929660961
16084,16084,2-s2.0-85027928770
16085,16085,2-s2.0-84947445405
16087,16087,2-s2.0-84942822135
16088,16088,2-s2.0-84941810883
16091,16091,2-s2.0-84938551913
16093,16093,2-s2.0-84938421492
16094,16094,2-s2.0-84937632174
16097,16097,2-s2.0-84930908432
16098,16098,2-s2.0-84930906731
16099,16099,2-s2.0-84929470229
16103,16103,2-s2.0-84928948674
16104,16104,2-s2.0-84928366405
16106,16106,2-s2.0-84926520420
16108,16108,2-s2.0-84926514127
16111,16111,2-s2.0-84924548458
16114,16114,2-s2.0-85071303369
16116,16116,2-s2.0-84966549061
16119,16119,2-s2.0-84956716968
16120,16120,2-s2.0-84956628188
16122,16122,2-s2.0-84939987395
16124,16124,2-s2.0-84939933366
16125,16125,2-s2.0-84939891006
16127,16127,2-s2.0-84939654042
16128,16128,2-s2.0-84939651801
16129,16129,2-s2.0-84939651743
16131,16131,2-s2.0-84937760275
16135,16135,2-s2.0-84929208752
16136,16136,2-s2.0-84929176582
16138,16138,2-s2.0-84928255136
16143,16143,2-s2.0-84928239217
16146,16146,2-s2.0-84928229802
16150,16150,2-s2.0-84928112496
16151,16151,2-s2.0-84928103442
16157,16157,2-s2.0-84925000885
16160,16160,2-s2.0-84924152416
16161,16161,2-s2.0-84923641272
16168,16168,2-s2.0-84913568848
16169,16169,2-s2.0-84897356243
16170,16170,2-s2.0-84895567879
16175,16175,2-s2.0-84904525670
16177,16177,2-s2.0-84929493780
16180,16180,2-s2.0-85043446001
16181,16181,2-s2.0-85043444974
16182,16182,2-s2.0-85043443286
16191,16191,2-s2.0-84928252374
16192,16192,2-s2.0-84928252371
16194,16194,2-s2.0-84928251739
16198,16198,2-s2.0-84955620249
16199,16199,2-s2.0-84955614109
16201,16201,2-s2.0-84946177003
16202,16202,2-s2.0-84930531976
16203,16203,2-s2.0-84924865766
16206,16206,2-s2.0-84922635945
16208,16208,2-s2.0-84929121166
16209,16209,2-s2.0-84927170458
16210,16210,2-s2.0-84924401903
16211,16211,2-s2.0-84939648526
16213,16213,2-s2.0-84961302161
16216,16216,2-s2.0-84921926171
16218,16218,2-s2.0-84981191129
16220,16220,2-s2.0-85053704933
16224,16224,2-s2.0-84991823737
16226,16226,2-s2.0-84939875086
16228,16228,2-s2.0-84939654361
16231,16231,2-s2.0-84939651578
16233,16233,2-s2.0-84938997802
16234,16234,2-s2.0-84929957661
16235,16235,2-s2.0-84929949360
16239,16239,2-s2.0-84928232909
16240,16240,2-s2.0-84927169323
16244,16244,2-s2.0-84925667357
16245,16245,2-s2.0-84925609764
16247,16247,2-s2.0-84925464842
16248,16248,2-s2.0-84925396538
16251,16251,2-s2.0-84925368985
16256,16256,2-s2.0-84924428638
16258,16258,2-s2.0-84924368817
16259,16259,2-s2.0-84924222014
16260,16260,2-s2.0-84924221312
16263,16263,2-s2.0-84923239765
16268,16268,2-s2.0-84922605212
16269,16269,2-s2.0-84922594206
16271,16271,2-s2.0-84922444611
16275,16275,2-s2.0-84921534544
16276,16276,2-s2.0-84921501418
16278,16278,2-s2.0-84920267450
16279,16279,2-s2.0-84920266394
16280,16280,2-s2.0-84917690754
16282,16282,2-s2.0-84916909994
16287,16287,2-s2.0-84942474361
16288,16288,2-s2.0-84942465582
16294,16294,2-s2.0-84942415333
16295,16295,2-s2.0-84936157029
16297,16297,2-s2.0-84925483810
16300,16300,2-s2.0-85020363925
16306,16306,2-s2.0-84938152546
16313,16313,2-s2.0-84938151414
16314,16314,2-s2.0-84938151411
16315,16315,2-s2.0-84938151378
16316,16316,2-s2.0-84938150586
16317,16317,2-s2.0-84938150566
16318,16318,2-s2.0-84938150395
16319,16319,2-s2.0-84938149512
16320,16320,2-s2.0-84938149457
16323,16323,2-s2.0-84938125120
16324,16324,2-s2.0-84938118171
16325,16325,2-s2.0-84938118165
16327,16327,2-s2.0-84938118053
16330,16330,2-s2.0-84938117856
16331,16331,2-s2.0-84938099587
16332,16332,2-s2.0-84938099585
16333,16333,2-s2.0-84938099349
16344,16344,2-s2.0-85073998801
16345,16345,2-s2.0-85027937033
16350,16350,2-s2.0-84930854626
16353,16353,2-s2.0-84923374178
16354,16354,2-s2.0-84922961344
16358,16358,2-s2.0-84922102026
16360,16360,2-s2.0-84921628567
16362,16362,2-s2.0-84921278316
16365,16365,2-s2.0-84909957732
16366,16366,2-s2.0-84908138317
16367,16367,2-s2.0-84896691341
16370,16370,2-s2.0-84888348191
16376,16376,2-s2.0-84922933016
16377,16377,2-s2.0-84919683839
16380,16380,2-s2.0-84922989597
16381,16381,2-s2.0-84922825788
16382,16382,2-s2.0-84922813989
16383,16383,2-s2.0-84922626606
16385,16385,2-s2.0-84921795858
16389,16389,2-s2.0-85041697064
16391,16391,2-s2.0-85030539966
16394,16394,2-s2.0-84920425877
16395,16395,2-s2.0-84916936551
16398,16398,2-s2.0-85209942946
16399,16399,2-s2.0-85204607255
16401,16401,2-s2.0-85151224839
16407,16407,2-s2.0-85151215102
16409,16409,2-s2.0-85151207471
16410,16410,2-s2.0-85151204059
16414,16414,2-s2.0-85151175264
16416,16416,2-s2.0-85151172064
16424,16424,2-s2.0-85136586866
16429,16429,2-s2.0-85121435342
16430,16430,2-s2.0-85116848275
16431,16431,2-s2.0-85116568439
16435,16435,2-s2.0-85116536672
16436,16436,2-s2.0-85116519213
16437,16437,2-s2.0-85116514508
16438,16438,2-s2.0-85116320253
16440,16440,2-s2.0-85110742652
16442,16442,2-s2.0-85103993826
16445,16445,2-s2.0-85101994764
16446,16446,2-s2.0-85101986383
16448,16448,2-s2.0-85101935746
16449,16449,2-s2.0-85101928129
16452,16452,2-s2.0-85100104963
16453,16453,2-s2.0-85098008623
16455,16455,2-s2.0-85088194382
16456,16456,2-s2.0-85088062253
16458,16458,2-s2.0-85087239792
16459,16459,2-s2.0-85086559570
16460,16460,2-s2.0-85086555800
16463,16463,2-s2.0-85086054828
16469,16469,2-s2.0-85080908282
16471,16471,2-s2.0-85079008969
16474,16474,2-s2.0-85078818556
16478,16478,2-s2.0-85073357626
16482,16482,2-s2.0-85067937017
16483,16483,2-s2.0-85066917783
16485,16485,2-s2.0-85065453815
16490,16490,2-s2.0-85063817197
16491,16491,2-s2.0-85062666638
16492,16492,2-s2.0-85061391821
16500,16500,2-s2.0-85054455534
16502,16502,2-s2.0-85053488765
16508,16508,2-s2.0-85049544909
16509,16509,2-s2.0-85048641238
16511,16511,2-s2.0-85045040276
16512,16512,2-s2.0-85044032366
16513,16513,2-s2.0-85043629871
16515,16515,2-s2.0-85040570103
16519,16519,2-s2.0-85039910287
16520,16520,2-s2.0-85039909731
16522,16522,2-s2.0-85039902085
16528,16528,2-s2.0-85039413581
16530,16530,2-s2.0-85035001205
16531,16531,2-s2.0-85034458405
16535,16535,2-s2.0-85032656255
16536,16536,2-s2.0-85032328360
16539,16539,2-s2.0-85030112395
16541,16541,2-s2.0-85030087986
16550,16550,2-s2.0-85022066677
16551,16551,2-s2.0-85020642582
16554,16554,2-s2.0-85018906179
16557,16557,2-s2.0-85018900004
16558,16558,2-s2.0-85018889012
16560,16560,2-s2.0-85018882481
16562,16562,2-s2.0-85018876339
16563,16563,2-s2.0-85018866047
16564,16564,2-s2.0-85018856156
16565,16565,2-s2.0-85018820585
16566,16566,2-s2.0-85018773632
16567,16567,2-s2.0-85018494877
16568,16568,2-s2.0-85018318260
16569,16569,2-s2.0-85017650468
16575,16575,2-s2.0-85017596291
16576,16576,2-s2.0-85017573425
16577,16577,2-s2.0-85017572830
16579,16579,2-s2.0-85015548426
16585,16585,2-s2.0-85011294466
16589,16589,2-s2.0-85008474184
16591,16591,2-s2.0-85007375858
16596,16596,2-s2.0-85006380744
16603,16603,2-s2.0-84998961904
16604,16604,2-s2.0-84996546711
16606,16606,2-s2.0-84994236047
16608,16608,2-s2.0-84993783328
16609,16609,2-s2.0-84993730797
16610,16610,2-s2.0-84993660878
16612,16612,2-s2.0-84991720753
16614,16614,2-s2.0-84991704923
16615,16615,2-s2.0-84991696455
16616,16616,2-s2.0-84991669603
16618,16618,2-s2.0-84991632892
16625,16625,2-s2.0-84989160292
16632,16632,2-s2.0-84983361480
16633,16633,2-s2.0-84983247122
16635,16635,2-s2.0-84983001785
16636,16636,2-s2.0-84982994845
16639,16639,2-s2.0-84982683656
16640,16640,2-s2.0-84981729477
16641,16641,2-s2.0-84981714792
16643,16643,2-s2.0-84980599581
16645,16645,2-s2.0-84977151119
16649,16649,2-s2.0-84977125817
16650,16650,2-s2.0-84977109055
16651,16651,2-s2.0-84977103402
16657,16657,2-s2.0-84976359033
16658,16658,2-s2.0-84973442711
16660,16660,2-s2.0-84973334475
16662,16662,2-s2.0-84971506893
16665,16665,2-s2.0-84971231483
16666,16666,2-s2.0-84970023330
16667,16667,2-s2.0-84969951881
16668,16668,2-s2.0-84969863392
16671,16671,2-s2.0-84969508712
16672,16672,2-s2.0-84969220111
16673,16673,2-s2.0-84969189205
16675,16675,2-s2.0-84969145241
16676,16676,2-s2.0-84969135656
16677,16677,2-s2.0-84968928650
16679,16679,2-s2.0-84968919404
16680,16680,2-s2.0-84968918511
16683,16683,2-s2.0-84968884411
16687,16687,2-s2.0-84968833688
16688,16688,2-s2.0-84968831723
16689,16689,2-s2.0-84968830648
16690,16690,2-s2.0-84968813818
16695,16695,2-s2.0-84968758001
16696,16696,2-s2.0-84968756827
16697,16697,2-s2.0-84968747338
16698,16698,2-s2.0-84968732943
16701,16701,2-s2.0-84968719104
16703,16703,2-s2.0-84965421447
16704,16704,2-s2.0-84964969173
16707,16707,2-s2.0-84964330937
16709,16709,2-s2.0-84964038755
16710,16710,2-s2.0-84964030989
16713,16713,2-s2.0-84963548587
16716,16716,2-s2.0-84962787592
16717,16717,2-s2.0-84962778260
16721,16721,2-s2.0-84962718412
16722,16722,2-s2.0-84962709170
16723,16723,2-s2.0-84962695004
16725,16725,2-s2.0-84962677886
16726,16726,2-s2.0-84962318489
16727,16727,2-s2.0-84961919076
16728,16728,2-s2.0-84961848419
16730,16730,2-s2.0-84961176378
16733,16733,2-s2.0-84960172802
16734,16734,2-s2.0-84960155657
16735,16735,2-s2.0-84960123707
16736,16736,2-s2.0-84960119500
16737,16737,2-s2.0-84960117146
16740,16740,2-s2.0-84959550383
16743,16743,2-s2.0-84958984933
16744,16744,2-s2.0-84958980011
16745,16745,2-s2.0-84958956569
16753,16753,2-s2.0-84958159917
16756,16756,2-s2.0-84957683901
16757,16757,2-s2.0-84957664906
16760,16760,2-s2.0-84957589694
16761,16761,2-s2.0-84957582588
16763,16763,2-s2.0-84957564400
16765,16765,2-s2.0-84957544887
16767,16767,2-s2.0-84957535998
16768,16768,2-s2.0-84957085016
16770,16770,2-s2.0-84956811573
16777,16777,2-s2.0-84956467143
16778,16778,2-s2.0-84955696133
16781,16781,2-s2.0-84955605422
16782,16782,2-s2.0-84955578335
16783,16783,2-s2.0-84955484407
16784,16784,2-s2.0-84955388297
16786,16786,2-s2.0-84955167356
16788,16788,2-s2.0-84955154926
16789,16789,2-s2.0-84955150646
16791,16791,2-s2.0-84955133154
16794,16794,2-s2.0-84955053554
16797,16797,2-s2.0-84954485945
16798,16798,2-s2.0-84954476981
16802,16802,2-s2.0-84954193023
16804,16804,2-s2.0-84954042456
16805,16805,2-s2.0-84954028137
16806,16806,2-s2.0-84954026910
16807,16807,2-s2.0-84953881524
16819,16819,2-s2.0-84953203932
16822,16822,2-s2.0-84952700920
16824,16824,2-s2.0-84952668446
16827,16827,2-s2.0-84952309508
16830,16830,2-s2.0-84951766936
16833,16833,2-s2.0-84951029927
16835,16835,2-s2.0-84950246617
16840,16840,2-s2.0-84950133175
16841,16841,2-s2.0-84950114793
16842,16842,2-s2.0-84949814140
16843,16843,2-s2.0-84949787923
16846,16846,2-s2.0-84949516946
16849,16849,2-s2.0-84949058371
16851,16851,2-s2.0-84949034332
16852,16852,2-s2.0-84949033325
16855,16855,2-s2.0-84949009013
16858,16858,2-s2.0-84948774641
16865,16865,2-s2.0-84948742771
16872,16872,2-s2.0-84948165222
16873,16873,2-s2.0-84948150675
16876,16876,2-s2.0-84948126736
16879,16879,2-s2.0-84947910040
16881,16881,2-s2.0-84947708940
16883,16883,2-s2.0-84947591688
16884,16884,2-s2.0-84947560329
16885,16885,2-s2.0-84947555239
16886,16886,2-s2.0-84947438793
16888,16888,2-s2.0-84947311249
16889,16889,2-s2.0-84947294597
16891,16891,2-s2.0-84947238796
16892,16892,2-s2.0-84947237199
16895,16895,2-s2.0-84947075219
16897,16897,2-s2.0-84947064777
16898,16898,2-s2.0-84946950151
16902,16902,2-s2.0-84946900896
16903,16903,2-s2.0-84946782402
16905,16905,2-s2.0-84946714389
16907,16907,2-s2.0-84946431677
16909,16909,2-s2.0-84946163988
16910,16910,2-s2.0-84945935018
16915,16915,2-s2.0-84945268457
16916,16916,2-s2.0-84945268103
16917,16917,2-s2.0-84945162409
16920,16920,2-s2.0-84945156331
16923,16923,2-s2.0-84945134824
16925,16925,2-s2.0-84945133363
16927,16927,2-s2.0-84945130142
16928,16928,2-s2.0-84945117405
16930,16930,2-s2.0-84944880839
16932,16932,2-s2.0-84944755149
16934,16934,2-s2.0-84944710819
16935,16935,2-s2.0-84944710094
16937,16937,2-s2.0-84944685123
16939,16939,2-s2.0-84944629327
16942,16942,2-s2.0-84944606700
16945,16945,2-s2.0-84944584487
16946,16946,2-s2.0-84944577869
16947,16947,2-s2.0-84944569810
16948,16948,2-s2.0-84944565810
16949,16949,2-s2.0-84944560692
16950,16950,2-s2.0-84944559858
16954,16954,2-s2.0-84944519601
16962,16962,2-s2.0-84944076451
16964,16964,2-s2.0-84944045834
16965,16965,2-s2.0-84943804208
16966,16966,2-s2.0-84943800510
16967,16967,2-s2.0-84943799520
16968,16968,2-s2.0-84943778003
16971,16971,2-s2.0-84943752391
16974,16974,2-s2.0-84943621693
16979,16979,2-s2.0-84943528207
16982,16982,2-s2.0-84943419765
16986,16986,2-s2.0-84943373503
16988,16988,2-s2.0-84943327775
16990,16990,2-s2.0-84943255494
16994,16994,2-s2.0-84943190523
16995,16995,2-s2.0-84943186670
16996,16996,2-s2.0-84943183240
16997,16997,2-s2.0-84943168947
16999,16999,2-s2.0-84943164103
17000,17000,2-s2.0-84943163062
17002,17002,2-s2.0-84943158197
17003,17003,2-s2.0-84943157642
17007,17007,2-s2.0-84942935422
17008,17008,2-s2.0-84942930030
17009,17009,2-s2.0-84942927662
17011,17011,2-s2.0-84942917889
17012,17012,2-s2.0-84942915494
17013,17013,2-s2.0-84942904612
17017,17017,2-s2.0-84942866777
17018,17018,2-s2.0-84942863129
17019,17019,2-s2.0-84942859492
17020,17020,2-s2.0-84942763708
17021,17021,2-s2.0-84942755926
17022,17022,2-s2.0-84942742252
17025,17025,2-s2.0-84942113980
17032,17032,2-s2.0-84941997889
17033,17033,2-s2.0-84941997577
17034,17034,2-s2.0-84941997551
17035,17035,2-s2.0-84941997500
17036,17036,2-s2.0-84941997127
17038,17038,2-s2.0-84941996695
17039,17039,2-s2.0-84941996173
17040,17040,2-s2.0-84941996043
17041,17041,2-s2.0-84941995836
17042,17042,2-s2.0-84941995656
17045,17045,2-s2.0-84941995468
17046,17046,2-s2.0-84941995373
17052,17052,2-s2.0-84941994933
17053,17053,2-s2.0-84941994799
17055,17055,2-s2.0-84941994664
17056,17056,2-s2.0-84941994594
17057,17057,2-s2.0-84941994423
17059,17059,2-s2.0-84941993723
17061,17061,2-s2.0-84941993563
17066,17066,2-s2.0-84941993001
17070,17070,2-s2.0-84941992658
17071,17071,2-s2.0-84941992490
17074,17074,2-s2.0-84941059260
17077,17077,2-s2.0-84940988932
17078,17078,2-s2.0-84940972607
17084,17084,2-s2.0-84940669621
17085,17085,2-s2.0-84940652113
17087,17087,2-s2.0-84940542770
17088,17088,2-s2.0-84940528061
17089,17089,2-s2.0-84940520089
17090,17090,2-s2.0-84940516153
17091,17091,2-s2.0-84940507938
17094,17094,2-s2.0-84940093529
17095,17095,2-s2.0-84939492208
17096,17096,2-s2.0-84939450242
17098,17098,2-s2.0-84939163364
17101,17101,2-s2.0-84938933647
17103,17103,2-s2.0-84938819807
17104,17104,2-s2.0-84938813061
17105,17105,2-s2.0-84938795521
17107,17107,2-s2.0-84938697692
17110,17110,2-s2.0-84938559141
17111,17111,2-s2.0-84938394363
17114,17114,2-s2.0-84938082369
17119,17119,2-s2.0-84937429724
17121,17121,2-s2.0-84937421553
17124,17124,2-s2.0-84936761015
17125,17125,2-s2.0-84936760997
17126,17126,2-s2.0-84936745997
17128,17128,2-s2.0-84936133661
17131,17131,2-s2.0-84935107591
17133,17133,2-s2.0-84932111826
17134,17134,2-s2.0-84931839690
17135,17135,2-s2.0-84931828999
17136,17136,2-s2.0-84931749266
17137,17137,2-s2.0-84931048972
17138,17138,2-s2.0-84931033411
17139,17139,2-s2.0-84930921741
17140,17140,2-s2.0-84930857824
17141,17141,2-s2.0-84930854953
17142,17142,2-s2.0-84930704450
17145,17145,2-s2.0-84930588035
17148,17148,2-s2.0-84930584633
17149,17149,2-s2.0-84930582063
17150,17150,2-s2.0-84930581493
17152,17152,2-s2.0-84930422594
17159,17159,2-s2.0-84930340415
17161,17161,2-s2.0-84930335507
17162,17162,2-s2.0-84930333412
17163,17163,2-s2.0-84930332805
17167,17167,2-s2.0-84930077674
17169,17169,2-s2.0-84930061466
17170,17170,2-s2.0-84930016759
17171,17171,2-s2.0-84930012537
17173,17173,2-s2.0-84929914581
17174,17174,2-s2.0-84929888719
17175,17175,2-s2.0-84929873914
17177,17177,2-s2.0-84929739056
17179,17179,2-s2.0-84929334829
17180,17180,2-s2.0-84929332691
17181,17181,2-s2.0-84929243870
17183,17183,2-s2.0-84929118694
17184,17184,2-s2.0-84929072324
17185,17185,2-s2.0-84929008802
17186,17186,2-s2.0-84928987928
17187,17187,2-s2.0-84928898181
17188,17188,2-s2.0-84928892008
17189,17189,2-s2.0-84928744630
17192,17192,2-s2.0-84928722908
17193,17193,2-s2.0-84928721165
17195,17195,2-s2.0-84928691778
17199,17199,2-s2.0-84928594140
17200,17200,2-s2.0-84928411264
17203,17203,2-s2.0-84928345542
17204,17204,2-s2.0-84928341884
17207,17207,2-s2.0-84928227188
17208,17208,2-s2.0-84928170117
17209,17209,2-s2.0-84928140007
17211,17211,2-s2.0-84927730912
17212,17212,2-s2.0-84927726983
17213,17213,2-s2.0-84927709505
17218,17218,2-s2.0-84926611948
17220,17220,2-s2.0-84926459423
17223,17223,2-s2.0-84926421161
17228,17228,2-s2.0-84926311977
17231,17231,2-s2.0-84925938804
17233,17233,2-s2.0-84925431268
17234,17234,2-s2.0-84925426489
17237,17237,2-s2.0-84925372667
17242,17242,2-s2.0-84924991871
17247,17247,2-s2.0-84924737023
17248,17248,2-s2.0-84924601267
17249,17249,2-s2.0-84924577510
17250,17250,2-s2.0-84924421991
17251,17251,2-s2.0-84924412526
17257,17257,2-s2.0-84923856278
17258,17258,2-s2.0-84923832674
17259,17259,2-s2.0-84923698352
17263,17263,2-s2.0-84923253755
17268,17268,2-s2.0-84923033238
17273,17273,2-s2.0-84922932608
17275,17275,2-s2.0-84922780160
17276,17276,2-s2.0-84922731487
17277,17277,2-s2.0-84922567323
17280,17280,2-s2.0-84922433101
17282,17282,2-s2.0-84922327215
17287,17287,2-s2.0-84922229382
17290,17290,2-s2.0-84921948036
17291,17291,2-s2.0-84921944660
17292,17292,2-s2.0-84921942544
17296,17296,2-s2.0-84921921704
17299,17299,2-s2.0-84921715334
17300,17300,2-s2.0-84921632081
17301,17301,2-s2.0-84921308768
17302,17302,2-s2.0-84921059198
17307,17307,2-s2.0-84920572577
17308,17308,2-s2.0-84920379374
17310,17310,2-s2.0-84920282897
17311,17311,2-s2.0-84920281891
17315,17315,2-s2.0-84919796496
17319,17319,2-s2.0-84919426447
17321,17321,2-s2.0-84918831553
17322,17322,2-s2.0-84918824353
17323,17323,2-s2.0-84918780601
17327,17327,2-s2.0-84914166902
17330,17330,2-s2.0-84910593542
17333,17333,2-s2.0-84908225480
17335,17335,2-s2.0-84907495140
17336,17336,2-s2.0-84890137668
17339,17339,2-s2.0-105012561920
17340,17340,2-s2.0-105012555790
17341,17341,2-s2.0-105012553514
17342,17342,2-s2.0-105012549017
17343,17343,2-s2.0-105012548926
17344,17344,2-s2.0-105012543375
17345,17345,2-s2.0-105012541763
17347,17347,2-s2.0-105012536649
17350,17350,2-s2.0-105012509949
17356,17356,2-s2.0-105011899273
17357,17357,2-s2.0-105011898562
17359,17359,2-s2.0-105011897821
17360,17360,2-s2.0-105011897081
17361,17361,2-s2.0-105011895785
17364,17364,2-s2.0-105011893451
17367,17367,2-s2.0-105011890942
17369,17369,2-s2.0-105011890760
17372,17372,2-s2.0-105011890200
17374,17374,2-s2.0-105011889783
17376,17376,2-s2.0-105011885293
17378,17378,2-s2.0-105011884986
17381,17381,2-s2.0-105011803593
17384,17384,2-s2.0-105009660888
17385,17385,2-s2.0-105002997899
17387,17387,2-s2.0-85099620883
17390,17390,2-s2.0-85099565022
17392,17392,2-s2.0-85103455774
17394,17394,2-s2.0-85198510250
17397,17397,2-s2.0-85102288642
17400,17400,2-s2.0-85110452962
17401,17401,2-s2.0-85098628773
17406,17406,2-s2.0-85075570418
17407,17407,2-s2.0-85099749307
17408,17408,2-s2.0-85098939351
17409,17409,2-s2.0-85137429822
17410,17410,2-s2.0-85102466145
17412,17412,2-s2.0-85098781125
17413,17413,2-s2.0-85098757128
17414,17414,2-s2.0-85097512713
17422,17422,2-s2.0-85102973937
17425,17425,2-s2.0-85102972462
17426,17426,2-s2.0-85102972424
17427,17427,2-s2.0-85102972170
17428,17428,2-s2.0-85102971644
17429,17429,2-s2.0-85102970242
17432,17432,2-s2.0-85099057898
17437,17437,2-s2.0-85098510419
17442,17442,2-s2.0-85103478841
17443,17443,2-s2.0-85101734019
17446,17446,2-s2.0-85218162427
17447,17447,2-s2.0-85179704294
17448,17448,2-s2.0-85169144523
17449,17449,2-s2.0-85169125831
17451,17451,2-s2.0-85130588543
17452,17452,2-s2.0-85117562180
17453,17453,2-s2.0-85115398676
17457,17457,2-s2.0-85112852825
17458,17458,2-s2.0-85107029830
17460,17460,2-s2.0-85106848939
17462,17462,2-s2.0-85106834128
17463,17463,2-s2.0-85106832361
17464,17464,2-s2.0-85106825012
17468,17468,2-s2.0-85106796640
17470,17470,2-s2.0-85106781661
17472,17472,2-s2.0-85106767080
17474,17474,2-s2.0-85106058711
17480,17480,2-s2.0-85103887655
17482,17482,2-s2.0-85103114736
17483,17483,2-s2.0-85102784661
17484,17484,2-s2.0-85101488341
17485,17485,2-s2.0-85101447262
17487,17487,2-s2.0-85101434408
17488,17488,2-s2.0-85101231511
17490,17490,2-s2.0-85100259042
17494,17494,2-s2.0-85100005265
17496,17496,2-s2.0-85099495204
17497,17497,2-s2.0-85099481811
17498,17498,2-s2.0-85099460368
17501,17501,2-s2.0-85099164189
17504,17504,2-s2.0-85099083003
17506,17506,2-s2.0-85098883073
17510,17510,2-s2.0-85098323998
17512,17512,2-s2.0-85098194023
17513,17513,2-s2.0-85098149074
17515,17515,2-s2.0-85098142172
17518,17518,2-s2.0-85097925586
17523,17523,2-s2.0-85097501164
17524,17524,2-s2.0-85097438263
17532,17532,2-s2.0-85097264058
17533,17533,2-s2.0-85097210144
17534,17534,2-s2.0-85097164196
17536,17536,2-s2.0-85097071025
17537,17537,2-s2.0-85097049062
17538,17538,2-s2.0-85097047678
17540,17540,2-s2.0-85096830840
17541,17541,2-s2.0-85096688588
17546,17546,2-s2.0-85096006396
17547,17547,2-s2.0-85095956496
17553,17553,2-s2.0-85094915674
17554,17554,2-s2.0-85094830035
17555,17555,2-s2.0-85094667767
17557,17557,2-s2.0-85093974810
17561,17561,2-s2.0-85093495965
17562,17562,2-s2.0-85092626622
17567,17567,2-s2.0-85092030717
17568,17568,2-s2.0-85092028439
17570,17570,2-s2.0-85091946102
17573,17573,2-s2.0-85091413013
17577,17577,2-s2.0-85091001606
17582,17582,2-s2.0-85089966565
17583,17583,2-s2.0-85089817973
17584,17584,2-s2.0-85089785416
17585,17585,2-s2.0-85089748522
17586,17586,2-s2.0-85089740233
17589,17589,2-s2.0-85089448199
17593,17593,2-s2.0-85089011228
17594,17594,2-s2.0-85088988020
17595,17595,2-s2.0-85088636090
17596,17596,2-s2.0-85088539666
17599,17599,2-s2.0-85087716455
17600,17600,2-s2.0-85087489979
17602,17602,2-s2.0-85087126018
17603,17603,2-s2.0-85087058907
17605,17605,2-s2.0-85086118708
17606,17606,2-s2.0-85086042122
17608,17608,2-s2.0-85085585688
17610,17610,2-s2.0-85084827556
17611,17611,2-s2.0-85084347785
17613,17613,2-s2.0-85084049019
17617,17617,2-s2.0-85082952193
17618,17618,2-s2.0-85082751349
17619,17619,2-s2.0-85082557284
17621,17621,2-s2.0-85081892582
17624,17624,2-s2.0-85081554919
17626,17626,2-s2.0-85078825463
17627,17627,2-s2.0-85078680061
17628,17628,2-s2.0-85078594956
17630,17630,2-s2.0-85078285028
17631,17631,2-s2.0-85078238259
17632,17632,2-s2.0-85077902164
17633,17633,2-s2.0-85077839866
17634,17634,2-s2.0-85077355144
17635,17635,2-s2.0-85077030356
17637,17637,2-s2.0-85076113958
17640,17640,2-s2.0-85071022654
17642,17642,2-s2.0-85069717996
17646,17646,2-s2.0-85066072766
17647,17647,2-s2.0-85058086488
17648,17648,2-s2.0-85055930665
17649,17649,2-s2.0-85048758189
17652,17652,2-s2.0-85164199562
17655,17655,2-s2.0-85102341655
17656,17656,2-s2.0-85099477840
17657,17657,2-s2.0-85099463763
17659,17659,2-s2.0-85100628747
17661,17661,2-s2.0-85102652109
17666,17666,2-s2.0-85099583178
17668,17668,2-s2.0-85099569623
17670,17670,2-s2.0-85099556464
17672,17672,2-s2.0-85099547157
17674,17674,2-s2.0-85099539766
17675,17675,2-s2.0-85099478099
17678,17678,2-s2.0-85099464944
17679,17679,2-s2.0-85099441392
17681,17681,2-s2.0-85097207216
17682,17682,2-s2.0-85097186083
17683,17683,2-s2.0-85097276484
17687,17687,2-s2.0-85123042496
17688,17688,2-s2.0-85123041285
17690,17690,2-s2.0-85097300768
17691,17691,2-s2.0-85096459087
17692,17692,2-s2.0-85098861614
17694,17694,2-s2.0-85099639973
17695,17695,2-s2.0-85098649904
17696,17696,2-s2.0-85099319685
17697,17697,2-s2.0-85099312893
17698,17698,2-s2.0-85099301986
17699,17699,2-s2.0-85099296619
17700,17700,2-s2.0-85099288791
17702,17702,2-s2.0-85098939654
17703,17703,2-s2.0-85098637111
17704,17704,2-s2.0-85098625692
17706,17706,2-s2.0-85073941914
17707,17707,2-s2.0-85112179330
17709,17709,2-s2.0-85096910289
17710,17710,2-s2.0-85103738560
17712,17712,2-s2.0-85148550190
17713,17713,2-s2.0-85148550020
17714,17714,2-s2.0-85095575549
17715,17715,2-s2.0-85096578081
17717,17717,2-s2.0-85092360703
17718,17718,2-s2.0-85100300455
17719,17719,2-s2.0-85093970731
17721,17721,2-s2.0-85085038362
17722,17722,2-s2.0-85123042920
17724,17724,2-s2.0-85104584536
17725,17725,2-s2.0-85101945368
17728,17728,2-s2.0-85101910707
17730,17730,2-s2.0-85099538705
17733,17733,2-s2.0-85095435389
17734,17734,2-s2.0-85102142089
17735,17735,2-s2.0-85100788521
17736,17736,2-s2.0-85100740469
17737,17737,2-s2.0-85100735567
17740,17740,2-s2.0-85100705033
17744,17744,2-s2.0-85096594116
17745,17745,2-s2.0-85096586685
17747,17747,2-s2.0-85096563879
17748,17748,2-s2.0-85096552234
17749,17749,2-s2.0-85096526644
17752,17752,2-s2.0-85096535411
17753,17753,2-s2.0-85096210752
17755,17755,2-s2.0-85129069131
17756,17756,2-s2.0-85106174064
17758,17758,2-s2.0-85098125436
17759,17759,2-s2.0-85098010071
17760,17760,2-s2.0-85097819011
17761,17761,2-s2.0-85097280080
17763,17763,2-s2.0-85096807024
17764,17764,2-s2.0-85096789794
17767,17767,2-s2.0-85096698955
17769,17769,2-s2.0-85096550206
17771,17771,2-s2.0-85096400540
17780,17780,2-s2.0-85096020047
17781,17781,2-s2.0-85096007757
17783,17783,2-s2.0-85095835245
17784,17784,2-s2.0-85095832872
17785,17785,2-s2.0-85095750620
17787,17787,2-s2.0-85095456417
17788,17788,2-s2.0-85095121911
17789,17789,2-s2.0-85094665834
17791,17791,2-s2.0-85094600597
17794,17794,2-s2.0-85094214413
17795,17795,2-s2.0-85094166618
17797,17797,2-s2.0-85094157404
17800,17800,2-s2.0-85091146016
17801,17801,2-s2.0-85091006843
17802,17802,2-s2.0-85090793343
17803,17803,2-s2.0-85090761444
17806,17806,2-s2.0-85089603704
17807,17807,2-s2.0-85089472906
17808,17808,2-s2.0-85089417169
17809,17809,2-s2.0-85089394689
17813,17813,2-s2.0-85086403721
17814,17814,2-s2.0-85086372512
17815,17815,2-s2.0-85086365616
17817,17817,2-s2.0-85086159768
17818,17818,2-s2.0-85085991583
17821,17821,2-s2.0-85085350881
17823,17823,2-s2.0-85084482410
17824,17824,2-s2.0-85084468415
17826,17826,2-s2.0-85083197609
17827,17827,2-s2.0-85079718093
17829,17829,2-s2.0-85078927452
17831,17831,2-s2.0-85078054551
17834,17834,2-s2.0-85077072573
17840,17840,2-s2.0-85101292904
17841,17841,2-s2.0-85101212929
17842,17842,2-s2.0-85097648815
17844,17844,2-s2.0-85096503391
17845,17845,2-s2.0-85096493787
17847,17847,2-s2.0-85096470667
17848,17848,2-s2.0-85096408499
17849,17849,2-s2.0-85101287480
17853,17853,2-s2.0-85096425848
17859,17859,2-s2.0-85096420877
17863,17863,2-s2.0-85096417358
17865,17865,2-s2.0-85096414176
17867,17867,2-s2.0-85096413657
17868,17868,2-s2.0-85096413143
17869,17869,2-s2.0-85096412206
17870,17870,2-s2.0-85096412024
17871,17871,2-s2.0-85096411652
17874,17874,2-s2.0-85096411017
17876,17876,2-s2.0-85096410140
17879,17879,2-s2.0-85096409724
17882,17882,2-s2.0-85096408862
17884,17884,2-s2.0-85094151590
17886,17886,2-s2.0-85100277221
17887,17887,2-s2.0-85098002165
17889,17889,2-s2.0-85096895722
17893,17893,2-s2.0-85123041321
17894,17894,2-s2.0-85102249517
17897,17897,2-s2.0-85095456709
17899,17899,2-s2.0-85104489717
17907,17907,2-s2.0-85098596713
17908,17908,2-s2.0-85098593895
17911,17911,2-s2.0-85098586525
17913,17913,2-s2.0-85098575191
17916,17916,2-s2.0-85098568606
17917,17917,2-s2.0-85098567180
17918,17918,2-s2.0-85098565832
17922,17922,2-s2.0-85098556971
17923,17923,2-s2.0-85098555498
17924,17924,2-s2.0-85098551022
17925,17925,2-s2.0-85098549912
17928,17928,2-s2.0-85098536153
17931,17931,2-s2.0-85103740476
17933,17933,2-s2.0-85095417228
17937,17937,2-s2.0-85099035485
17940,17940,2-s2.0-85094853965
17941,17941,2-s2.0-85087178616
17943,17943,2-s2.0-85099359017
17944,17944,2-s2.0-85098581756
17945,17945,2-s2.0-85092343333
17948,17948,2-s2.0-85094177960
17949,17949,2-s2.0-85198537795
17951,17951,2-s2.0-85097829214
17952,17952,2-s2.0-85094914051
17955,17955,2-s2.0-85095793091
17957,17957,2-s2.0-85132591342
17959,17959,2-s2.0-85098782072
17964,17964,2-s2.0-85085021481
17968,17968,2-s2.0-85057235294
17969,17969,2-s2.0-85153961095
17971,17971,2-s2.0-85106850895
17972,17972,2-s2.0-85105515144
17975,17975,2-s2.0-85103259941
17978,17978,2-s2.0-85099960425
17980,17980,2-s2.0-85097990716
17982,17982,2-s2.0-85096523169
17983,17983,2-s2.0-85096105426
17984,17984,2-s2.0-85096050981
17987,17987,2-s2.0-85094862218
17989,17989,2-s2.0-85094591163
17996,17996,2-s2.0-85092901487
17999,17999,2-s2.0-85092719459
18001,18001,2-s2.0-85092574716
18004,18004,2-s2.0-85092465650
18006,18006,2-s2.0-85092237434
18007,18007,2-s2.0-85092207426
18010,18010,2-s2.0-85091733096
18011,18011,2-s2.0-85091135579
18012,18012,2-s2.0-85091104417
18013,18013,2-s2.0-85090946761
18015,18015,2-s2.0-85090236972
18016,18016,2-s2.0-85089750195
18021,18021,2-s2.0-85088129840
18022,18022,2-s2.0-85087640069
18023,18023,2-s2.0-85087517814
18025,18025,2-s2.0-85087057184
18031,18031,2-s2.0-85084981065
18033,18033,2-s2.0-85084326517
18034,18034,2-s2.0-85082706857
18035,18035,2-s2.0-85082477379
18036,18036,2-s2.0-85081213354
18037,18037,2-s2.0-85079455691
18038,18038,2-s2.0-85078498469
18039,18039,2-s2.0-85077677795
18042,18042,2-s2.0-85076546390
18048,18048,2-s2.0-85075162888
18050,18050,2-s2.0-85074734431
18053,18053,2-s2.0-85073781463
18055,18055,2-s2.0-85068131283
18056,18056,2-s2.0-85066888988
18059,18059,2-s2.0-85059006975
18060,18060,2-s2.0-85053689799
18061,18061,2-s2.0-105003044888
18062,18062,2-s2.0-105003028845
18063,18063,2-s2.0-105003007582
18066,18066,2-s2.0-85092696310
18067,18067,2-s2.0-85092677782
18072,18072,2-s2.0-85097247796
18073,18073,2-s2.0-85097247198
18075,18075,2-s2.0-85097243087
18079,18079,2-s2.0-85097223456
18080,18080,2-s2.0-85097219271
18086,18086,2-s2.0-85096362857
18089,18089,2-s2.0-85092799118
18090,18090,2-s2.0-85092796216
18091,18091,2-s2.0-85092795605
18092,18092,2-s2.0-85092795149
18094,18094,2-s2.0-85092794411
18095,18095,2-s2.0-85092794326
18098,18098,2-s2.0-85092792211
18099,18099,2-s2.0-85092792147
18100,18100,2-s2.0-85092788981
18101,18101,2-s2.0-85092786614
18102,18102,2-s2.0-85092785037
18103,18103,2-s2.0-85092781068
18105,18105,2-s2.0-85092780530
18106,18106,2-s2.0-85092777083
18107,18107,2-s2.0-85092775907
18108,18108,2-s2.0-85092774984
18110,18110,2-s2.0-85092760389
18113,18113,2-s2.0-85149670989
18116,18116,2-s2.0-85138019808
18117,18117,2-s2.0-85096458881
18121,18121,2-s2.0-85066985768
18126,18126,2-s2.0-85092670992
18127,18127,2-s2.0-85092634129
18128,18128,2-s2.0-85092233011
18129,18129,2-s2.0-85090921636
18130,18130,2-s2.0-85079364594
18134,18134,2-s2.0-85091418889
18136,18136,2-s2.0-85101028456
18137,18137,2-s2.0-85123042519
18142,18142,2-s2.0-85107216457
18145,18145,2-s2.0-85107203564
18147,18147,2-s2.0-85107197449
18148,18148,2-s2.0-85107190169
18149,18149,2-s2.0-85107187959
18152,18152,2-s2.0-85107179558
18153,18153,2-s2.0-85091246415
18155,18155,2-s2.0-85144250838
18156,18156,2-s2.0-85103329413
18157,18157,2-s2.0-85091031696
18158,18158,2-s2.0-85090443800
18159,18159,2-s2.0-85087522451
18168,18168,2-s2.0-85114765727
18170,18170,2-s2.0-85105444048
18171,18171,2-s2.0-85104522796
18173,18173,2-s2.0-85100122683
18174,18174,2-s2.0-85097846229
18177,18177,2-s2.0-85097143004
18178,18178,2-s2.0-85097137739
18180,18180,2-s2.0-85096093669
18181,18181,2-s2.0-85095855522
18183,18183,2-s2.0-85095580654
18184,18184,2-s2.0-85095438187
18187,18187,2-s2.0-85093117215
18190,18190,2-s2.0-85092801418
18193,18193,2-s2.0-85092637951
18197,18197,2-s2.0-85092112272
18198,18198,2-s2.0-85092001261
18199,18199,2-s2.0-85091976885
18202,18202,2-s2.0-85091791816
18204,18204,2-s2.0-85091657691
18205,18205,2-s2.0-85091531064
18208,18208,2-s2.0-85091464682
18209,18209,2-s2.0-85091437598
18210,18210,2-s2.0-85091265610
18213,18213,2-s2.0-85090951729
18215,18215,2-s2.0-85090810984
18217,18217,2-s2.0-85090788726
18218,18218,2-s2.0-85090763501
18219,18219,2-s2.0-85090748398
18221,18221,2-s2.0-85090563589
18225,18225,2-s2.0-85090483381
18227,18227,2-s2.0-85090346495
18228,18228,2-s2.0-85090334726
18230,18230,2-s2.0-85090181194
18231,18231,2-s2.0-85090179875
18233,18233,2-s2.0-85089776315
18237,18237,2-s2.0-85089587047
18239,18239,2-s2.0-85089183477
18240,18240,2-s2.0-85089008494
18242,18242,2-s2.0-85088659298
18245,18245,2-s2.0-85087895543
18246,18246,2-s2.0-85087741993
18247,18247,2-s2.0-85087679956
18249,18249,2-s2.0-85087317094
18253,18253,2-s2.0-85086864506
18255,18255,2-s2.0-85086659020
18256,18256,2-s2.0-85086453288
18260,18260,2-s2.0-85085387570
18263,18263,2-s2.0-85084981104
18266,18266,2-s2.0-85082873182
18267,18267,2-s2.0-85082800298
18268,18268,2-s2.0-85081977545
18271,18271,2-s2.0-85079469489
18275,18275,2-s2.0-85078679454
18276,18276,2-s2.0-85077363742
18277,18277,2-s2.0-85077154423
18280,18280,2-s2.0-85076342087
18281,18281,2-s2.0-85076131866
18282,18282,2-s2.0-85075438546
18283,18283,2-s2.0-85075332027
18284,18284,2-s2.0-85074406505
18286,18286,2-s2.0-85067701133
18289,18289,2-s2.0-85065961172
18290,18290,2-s2.0-85065788201
18294,18294,2-s2.0-85097820755
18297,18297,2-s2.0-85090421099
18298,18298,2-s2.0-85082328625
18301,18301,2-s2.0-85075205281
18306,18306,2-s2.0-85092145027
18308,18308,2-s2.0-85086081138
18309,18309,2-s2.0-85074041209
18310,18310,2-s2.0-85137183251
18311,18311,2-s2.0-85090010419
18312,18312,2-s2.0-85089616731
18316,18316,2-s2.0-85090799947
18317,18317,2-s2.0-85089164778
18321,18321,2-s2.0-85067869469
18322,18322,2-s2.0-85200149316
18324,18324,2-s2.0-85107181203
18326,18326,2-s2.0-85105004205
18327,18327,2-s2.0-85104965579
18328,18328,2-s2.0-85104952204
18329,18329,2-s2.0-85104946541
18330,18330,2-s2.0-85104855515
18332,18332,2-s2.0-85099068786
18334,18334,2-s2.0-85099060803
18335,18335,2-s2.0-85099060542
18336,18336,2-s2.0-85099054204
18338,18338,2-s2.0-85099051724
18340,18340,2-s2.0-85099012339
18346,18346,2-s2.0-85094661605
18347,18347,2-s2.0-85094657163
18349,18349,2-s2.0-85094594398
18353,18353,2-s2.0-85093086661
18354,18354,2-s2.0-85092614602
18355,18355,2-s2.0-85092068175
18357,18357,2-s2.0-85092052492
18361,18361,2-s2.0-85092022069
18366,18366,2-s2.0-85090654404
18367,18367,2-s2.0-85090644471
18368,18368,2-s2.0-85090616679
18370,18370,2-s2.0-85090448224
18371,18371,2-s2.0-85090431685
18374,18374,2-s2.0-85090137882
18379,18379,2-s2.0-85090083031
18380,18380,2-s2.0-85089818108
18382,18382,2-s2.0-85089704237
18383,18383,2-s2.0-85089663089
18384,18384,2-s2.0-85089624366
18385,18385,2-s2.0-85089563094
18386,18386,2-s2.0-85089551334
18387,18387,2-s2.0-85089539988
18389,18389,2-s2.0-85089535441
18390,18390,2-s2.0-85089524694
18391,18391,2-s2.0-85089498723
18396,18396,2-s2.0-85089125309
18398,18398,2-s2.0-85088933994
18400,18400,2-s2.0-85088578568
18402,18402,2-s2.0-85088291855
18403,18403,2-s2.0-85088244213
18404,18404,2-s2.0-85087730841
18405,18405,2-s2.0-85087555892
18406,18406,2-s2.0-85086784789
18408,18408,2-s2.0-85086438887
18409,18409,2-s2.0-85086151075
18410,18410,2-s2.0-85086048409
18411,18411,2-s2.0-85086036594
18412,18412,2-s2.0-85085977548
18418,18418,2-s2.0-85084765592
18419,18419,2-s2.0-85084507511
18421,18421,2-s2.0-85084085211
18422,18422,2-s2.0-85084037392
18423,18423,2-s2.0-85083817476
18424,18424,2-s2.0-85083457002
18425,18425,2-s2.0-85083376980
18427,18427,2-s2.0-85082737082
18429,18429,2-s2.0-85079703678
18435,18435,2-s2.0-85076987428
18438,18438,2-s2.0-85074499097
18443,18443,2-s2.0-85062658988
18444,18444,2-s2.0-85060915152
18447,18447,2-s2.0-85090698401
18448,18448,2-s2.0-85089581884
18449,18449,2-s2.0-85089578191
18450,18450,2-s2.0-85089565446
18453,18453,2-s2.0-85063375268
18455,18455,2-s2.0-85093664372
18457,18457,2-s2.0-85089273989
18460,18460,2-s2.0-85091756220
18461,18461,2-s2.0-85089669705
18462,18462,2-s2.0-85088986398
18464,18464,2-s2.0-85088681638
18466,18466,2-s2.0-85089072473
18469,18469,2-s2.0-85089109646
18470,18470,2-s2.0-85089105649
18474,18474,2-s2.0-85089090155
18475,18475,2-s2.0-85089089847
18476,18476,2-s2.0-85089088137
18480,18480,2-s2.0-85089080445
18482,18482,2-s2.0-85089077621
18483,18483,2-s2.0-85089071142
18484,18484,2-s2.0-85089066000
18487,18487,2-s2.0-85090197234
18488,18488,2-s2.0-85089850045
18492,18492,2-s2.0-85089836442
18493,18493,2-s2.0-85089830426
18502,18502,2-s2.0-85097030711
18503,18503,2-s2.0-85085895893
18507,18507,2-s2.0-85087922885
18508,18508,2-s2.0-85087921768
18512,18512,2-s2.0-85087913073
18513,18513,2-s2.0-85087909731
18514,18514,2-s2.0-85087907847
18515,18515,2-s2.0-85087900734
18516,18516,2-s2.0-85087899823
18519,18519,2-s2.0-85087890669
18524,18524,2-s2.0-85087879156
18525,18525,2-s2.0-85087878215
18526,18526,2-s2.0-85087877041
18529,18529,2-s2.0-85087874856
18532,18532,2-s2.0-85087867059
18537,18537,2-s2.0-85086947862
18541,18541,2-s2.0-85068160337
18542,18542,2-s2.0-85066246511
18546,18546,2-s2.0-85095715888
18547,18547,2-s2.0-85090299890
18548,18548,2-s2.0-85089451038
18559,18559,2-s2.0-85087458201
18562,18562,2-s2.0-85081290346
18563,18563,2-s2.0-85079170159
18565,18565,2-s2.0-85078587133
18570,18570,2-s2.0-85116347946
18572,18572,2-s2.0-85098976102
18573,18573,2-s2.0-85094681749
18576,18576,2-s2.0-85092636794
18577,18577,2-s2.0-85092109642
18579,18579,2-s2.0-85091827793
18580,18580,2-s2.0-85091486915
18582,18582,2-s2.0-85091402638
18583,18583,2-s2.0-85091187566
18584,18584,2-s2.0-85091037638
18585,18585,2-s2.0-85090884151
18587,18587,2-s2.0-85090390607
18588,18588,2-s2.0-85090034977
18589,18589,2-s2.0-85090026031
18590,18590,2-s2.0-85089935328
18593,18593,2-s2.0-85089800855
18595,18595,2-s2.0-85089704045
18598,18598,2-s2.0-85089652749
18604,18604,2-s2.0-85088834482
18605,18605,2-s2.0-85088592997
18607,18607,2-s2.0-85088314282
18611,18611,2-s2.0-85087894571
18618,18618,2-s2.0-85087478271
18619,18619,2-s2.0-85087376997
18623,18623,2-s2.0-85086943125
18625,18625,2-s2.0-85086564550
18626,18626,2-s2.0-85086448440
18627,18627,2-s2.0-85086125914
18630,18630,2-s2.0-85085904865
18634,18634,2-s2.0-85084980461
18638,18638,2-s2.0-85083385852
18650,18650,2-s2.0-85076541855
18652,18652,2-s2.0-85075464903
18653,18653,2-s2.0-85074824119
18654,18654,2-s2.0-85074759640
18656,18656,2-s2.0-85071937335
18658,18658,2-s2.0-85049613258
18659,18659,2-s2.0-105003016961
18660,18660,2-s2.0-105003001384
18662,18662,2-s2.0-85091915121
18666,18666,2-s2.0-85108094115
18667,18667,2-s2.0-85086051158
18669,18669,2-s2.0-85092682263
18671,18671,2-s2.0-85150434877
18673,18673,2-s2.0-85107174496
18674,18674,2-s2.0-85104005379
18675,18675,2-s2.0-85103500828
18676,18676,2-s2.0-85099270982
18679,18679,2-s2.0-85097748362
18681,18681,2-s2.0-85085239031
18682,18682,2-s2.0-85095798629
18687,18687,2-s2.0-85095797071
18691,18691,2-s2.0-85095792980
18694,18694,2-s2.0-85095790762
18696,18696,2-s2.0-85095790251
18700,18700,2-s2.0-85095789145
18701,18701,2-s2.0-85095789044
18703,18703,2-s2.0-85095788465
18704,18704,2-s2.0-85095788120
18707,18707,2-s2.0-85095786762
18708,18708,2-s2.0-85095786478
18711,18711,2-s2.0-85095785830
18712,18712,2-s2.0-85095784010
18714,18714,2-s2.0-85095782459
18715,18715,2-s2.0-85095782042
18716,18716,2-s2.0-85095781798
18717,18717,2-s2.0-85095781437
18721,18721,2-s2.0-85095780349
18722,18722,2-s2.0-85095780287
18723,18723,2-s2.0-85095779486
18724,18724,2-s2.0-85095779280
18726,18726,2-s2.0-85095777628
18730,18730,2-s2.0-85095774140
18732,18732,2-s2.0-85095773097
18733,18733,2-s2.0-85095771922
18734,18734,2-s2.0-85095771126
18735,18735,2-s2.0-85095769776
18736,18736,2-s2.0-85095769751
18737,18737,2-s2.0-85095768431
18738,18738,2-s2.0-85095768246
18739,18739,2-s2.0-85095766082
18741,18741,2-s2.0-85095764953
18742,18742,2-s2.0-85095763378
18744,18744,2-s2.0-85095762797
18745,18745,2-s2.0-85095761089
18747,18747,2-s2.0-85095760907
18748,18748,2-s2.0-85095760258
18750,18750,2-s2.0-85095759636
18751,18751,2-s2.0-85095759604
18758,18758,2-s2.0-85095752149
18759,18759,2-s2.0-85095751945
18760,18760,2-s2.0-85095751902
18762,18762,2-s2.0-85095750444
18766,18766,2-s2.0-85095749398
18767,18767,2-s2.0-85095749203
18768,18768,2-s2.0-85095749154
18769,18769,2-s2.0-85095748964
18771,18771,2-s2.0-85095748032
18775,18775,2-s2.0-85095745817
18779,18779,2-s2.0-85095742710
18780,18780,2-s2.0-85095741462
18783,18783,2-s2.0-85095740044
18784,18784,2-s2.0-85095738802
18785,18785,2-s2.0-85095738783
18787,18787,2-s2.0-85095738308
18789,18789,2-s2.0-85095737317
18791,18791,2-s2.0-85095736389
18795,18795,2-s2.0-85095734531
18796,18796,2-s2.0-85095733527
18797,18797,2-s2.0-85095733337
18800,18800,2-s2.0-85095732454
18803,18803,2-s2.0-85095730960
18804,18804,2-s2.0-85095729074
18805,18805,2-s2.0-85095729053
18806,18806,2-s2.0-85095728437
18807,18807,2-s2.0-85095727953
18808,18808,2-s2.0-85095727772
18814,18814,2-s2.0-85095725305
18815,18815,2-s2.0-85095725064
18818,18818,2-s2.0-85095724408
18819,18819,2-s2.0-85092047198
18821,18821,2-s2.0-85087410016
18822,18822,2-s2.0-85087405579
18824,18824,2-s2.0-85088319081
18825,18825,2-s2.0-85088313318
18826,18826,2-s2.0-85088308681
18829,18829,2-s2.0-85088292833
18831,18831,2-s2.0-85088285414
18837,18837,2-s2.0-85086727442
18839,18839,2-s2.0-85089204445
18842,18842,2-s2.0-85087942245
18844,18844,2-s2.0-85087107745
18848,18848,2-s2.0-85086803584
18849,18849,2-s2.0-85086799784
18851,18851,2-s2.0-85086798114
18853,18853,2-s2.0-85092229049
18854,18854,2-s2.0-85086466622
18855,18855,2-s2.0-85086462255
18856,18856,2-s2.0-85086460119
18862,18862,2-s2.0-85091286885
18863,18863,2-s2.0-85085970529
18864,18864,2-s2.0-85091350053
18867,18867,2-s2.0-85087524976
18869,18869,2-s2.0-85087516759
18870,18870,2-s2.0-85087505141
18871,18871,2-s2.0-85087495395
18872,18872,2-s2.0-85087493077
18874,18874,2-s2.0-85087487783
18875,18875,2-s2.0-85087486583
18876,18876,2-s2.0-85087484691
18879,18879,2-s2.0-85087478644
18882,18882,2-s2.0-85086628190
18883,18883,2-s2.0-85086627473
18884,18884,2-s2.0-85086712996
18885,18885,2-s2.0-85085905596
18886,18886,2-s2.0-85105535049
18887,18887,2-s2.0-85105529886
18895,18895,2-s2.0-85105471224
18896,18896,2-s2.0-85105466279
18897,18897,2-s2.0-85105450868
18899,18899,2-s2.0-85105432286
18900,18900,2-s2.0-85105429362
18902,18902,2-s2.0-85104267429
18903,18903,2-s2.0-85100592684
18904,18904,2-s2.0-85098143604
18908,18908,2-s2.0-85091960688
18911,18911,2-s2.0-85091627746
18913,18913,2-s2.0-85091376860
18916,18916,2-s2.0-85091184116
18918,18918,2-s2.0-85090748819
18919,18919,2-s2.0-85090606070
18923,18923,2-s2.0-85089663815
18924,18924,2-s2.0-85089027470
18925,18925,2-s2.0-85089027256
18926,18926,2-s2.0-85089022838
18930,18930,2-s2.0-85088927251
18931,18931,2-s2.0-85088188090
18932,18932,2-s2.0-85087926614
18933,18933,2-s2.0-85087827083
18938,18938,2-s2.0-85087504732
18941,18941,2-s2.0-85087402763
18942,18942,2-s2.0-85087112037
18943,18943,2-s2.0-85087097800
18944,18944,2-s2.0-85087092469
18947,18947,2-s2.0-85086818279
18949,18949,2-s2.0-85086504337
18950,18950,2-s2.0-85086458261
18951,18951,2-s2.0-85086457027
18955,18955,2-s2.0-85086014301
18956,18956,2-s2.0-85085936255
18958,18958,2-s2.0-85085889364
18959,18959,2-s2.0-85085880713
18963,18963,2-s2.0-85085539329
18965,18965,2-s2.0-85085308523
18966,18966,2-s2.0-85085133690
18967,18967,2-s2.0-85085028299
18971,18971,2-s2.0-85084919387
18972,18972,2-s2.0-85084917131
18976,18976,2-s2.0-85084846810
18978,18978,2-s2.0-85084836029
18979,18979,2-s2.0-85084820256
18980,18980,2-s2.0-85084816863
18981,18981,2-s2.0-85084797376
18983,18983,2-s2.0-85084789986
18984,18984,2-s2.0-85084789766
18986,18986,2-s2.0-85084561873
18988,18988,2-s2.0-85084454017
18989,18989,2-s2.0-85084444189
18991,18991,2-s2.0-85084243489
18993,18993,2-s2.0-85084212254
18994,18994,2-s2.0-85084157430
18995,18995,2-s2.0-85084059217
18996,18996,2-s2.0-85083961589
19000,19000,2-s2.0-85083245784
19001,19001,2-s2.0-85083159354
19002,19002,2-s2.0-85083041684
19005,19005,2-s2.0-85082554978
19006,19006,2-s2.0-85082551457
19009,19009,2-s2.0-85081312362
19010,19010,2-s2.0-85081164315
19011,19011,2-s2.0-85080902080
19012,19012,2-s2.0-85080141781
19013,19013,2-s2.0-85079905981
19014,19014,2-s2.0-85079894557
19017,19017,2-s2.0-85079231647
19018,19018,2-s2.0-85078936066
19019,19019,2-s2.0-85078775056
19024,19024,2-s2.0-85076796228
19025,19025,2-s2.0-85076595236
19030,19030,2-s2.0-85073989252
19031,19031,2-s2.0-85073950763
19035,19035,2-s2.0-85070250256
19038,19038,2-s2.0-85068868115
19039,19039,2-s2.0-85067173891
19045,19045,2-s2.0-85059595504
19049,19049,2-s2.0-85046464397
19050,19050,2-s2.0-85091037219
19051,19051,2-s2.0-85086479201
19053,19053,2-s2.0-85086474137
19058,19058,2-s2.0-85086468771
19059,19059,2-s2.0-85086468290
19061,19061,2-s2.0-85086465363
19062,19062,2-s2.0-85086464113
19063,19063,2-s2.0-85086464044
19066,19066,2-s2.0-85086460066
19067,19067,2-s2.0-85086458049
19069,19069,2-s2.0-85086456740
19072,19072,2-s2.0-85086449590
19073,19073,2-s2.0-85086446401
19074,19074,2-s2.0-85086443050
19075,19075,2-s2.0-85086442431
19078,19078,2-s2.0-85086440290
19084,19084,2-s2.0-85086437615
19085,19085,2-s2.0-85086437256
19087,19087,2-s2.0-85086435254
19090,19090,2-s2.0-85086433776
19092,19092,2-s2.0-85086432090
19093,19093,2-s2.0-85086431883
19094,19094,2-s2.0-85086426343
19095,19095,2-s2.0-85086359709
19096,19096,2-s2.0-85068162050
19097,19097,2-s2.0-85062473519
19101,19101,2-s2.0-85077083135
19106,19106,2-s2.0-85085686127
19107,19107,2-s2.0-85085598448
19110,19110,2-s2.0-85085529678
19111,19111,2-s2.0-85085529446
19113,19113,2-s2.0-85085525223
19114,19114,2-s2.0-85085525008
19115,19115,2-s2.0-85085524245
19116,19116,2-s2.0-85085524106
19118,19118,2-s2.0-85085523515
19119,19119,2-s2.0-85085522533
19122,19122,2-s2.0-85085511683
19125,19125,2-s2.0-85085503716
19127,19127,2-s2.0-85085501743
19128,19128,2-s2.0-85085501088
19130,19130,2-s2.0-85085497962
19131,19131,2-s2.0-85085495432
19132,19132,2-s2.0-85085495385
19134,19134,2-s2.0-85085492531
19139,19139,2-s2.0-85085487457
19140,19140,2-s2.0-85085486932
19142,19142,2-s2.0-85085486108
19144,19144,2-s2.0-85085483185
19145,19145,2-s2.0-85085482245
19147,19147,2-s2.0-85085477160
19149,19149,2-s2.0-85085476194
19152,19152,2-s2.0-85085471947
19154,19154,2-s2.0-85085469291
19156,19156,2-s2.0-85085468159
19157,19157,2-s2.0-85090889107
19159,19159,2-s2.0-85093663248
19160,19160,2-s2.0-85087398704
19162,19162,2-s2.0-85083661363
19164,19164,2-s2.0-85074008604
19166,19166,2-s2.0-85065096252
19172,19172,2-s2.0-85078026224
19174,19174,2-s2.0-85084762918
19175,19175,2-s2.0-85084762404
19176,19176,2-s2.0-85084760615
19177,19177,2-s2.0-85084760425
19182,19182,2-s2.0-85084742973
19183,19183,2-s2.0-85084739609
19184,19184,2-s2.0-85084739356
19185,19185,2-s2.0-85084738159
19187,19187,2-s2.0-85084735858
19188,19188,2-s2.0-85084734471
19189,19189,2-s2.0-85084731917
19190,19190,2-s2.0-85084731073
19191,19191,2-s2.0-85084727946
19195,19195,2-s2.0-85084570709
19196,19196,2-s2.0-85084541920
19198,19198,2-s2.0-85084524878
19199,19199,2-s2.0-85089587930
19201,19201,2-s2.0-85088560488
19206,19206,2-s2.0-85083547233
19207,19207,2-s2.0-85082596266
19208,19208,2-s2.0-85080874269
19212,19212,2-s2.0-85090698705
19213,19213,2-s2.0-85090363287
19214,19214,2-s2.0-85088360789
19216,19216,2-s2.0-85087047055
19223,19223,2-s2.0-85085709904
19224,19224,2-s2.0-85085645367
19226,19226,2-s2.0-85085343857
19228,19228,2-s2.0-85085086106
19230,19230,2-s2.0-85084856819
19234,19234,2-s2.0-85084502797
19235,19235,2-s2.0-85084500563
19236,19236,2-s2.0-85084498494
19238,19238,2-s2.0-85084474030
19240,19240,2-s2.0-85084408803
19247,19247,2-s2.0-85084206075
19249,19249,2-s2.0-85084194914
19254,19254,2-s2.0-85083544277
19256,19256,2-s2.0-85083367731
19259,19259,2-s2.0-85082747227
19260,19260,2-s2.0-85082192705
19261,19261,2-s2.0-85081644479
19262,19262,2-s2.0-85081540122
19267,19267,2-s2.0-85079807129
19268,19268,2-s2.0-85079782066
19269,19269,2-s2.0-85079779134
19271,19271,2-s2.0-85079363178
19272,19272,2-s2.0-85078572405
19273,19273,2-s2.0-85078255524
19274,19274,2-s2.0-85078011795
19275,19275,2-s2.0-85077213485
19276,19276,2-s2.0-85076517523
19277,19277,2-s2.0-85076213535
19281,19281,2-s2.0-85074336686
19283,19283,2-s2.0-85073922147
19284,19284,2-s2.0-85070982986
19285,19285,2-s2.0-85070688272
19287,19287,2-s2.0-85064648439
19289,19289,2-s2.0-85051519510
19290,19290,2-s2.0-85115277417
19293,19293,2-s2.0-85115214668
19295,19295,2-s2.0-85089430407
19298,19298,2-s2.0-85085327363
19302,19302,2-s2.0-85091283643
19305,19305,2-s2.0-85101026491
19307,19307,2-s2.0-85083584965
19308,19308,2-s2.0-85140688795
19310,19310,2-s2.0-85089432065
19313,19313,2-s2.0-85090001708
19314,19314,2-s2.0-85083865080
19319,19319,2-s2.0-85083889881
19322,19322,2-s2.0-85083042359
19323,19323,2-s2.0-85086846216
19326,19326,2-s2.0-85085365354
19332,19332,2-s2.0-85080869956
19333,19333,2-s2.0-85079039738
19336,19336,2-s2.0-85074402384
19338,19338,2-s2.0-85073998184
19340,19340,2-s2.0-85071008980
19343,19343,2-s2.0-85065419981
19344,19344,2-s2.0-85065401758
19349,19349,2-s2.0-85104000272
19350,19350,2-s2.0-85101214308
19353,19353,2-s2.0-85095745043
19354,19354,2-s2.0-85094145472
19355,19355,2-s2.0-85092359263
19356,19356,2-s2.0-85092007360
19357,19357,2-s2.0-85091177414
19359,19359,2-s2.0-85090729043
19361,19361,2-s2.0-85089509867
19362,19362,2-s2.0-85089371928
19364,19364,2-s2.0-85088976553
19367,19367,2-s2.0-85087921976
19368,19368,2-s2.0-85087919315
19369,19369,2-s2.0-85087918437
19370,19370,2-s2.0-85087917041
19371,19371,2-s2.0-85087915589
19375,19375,2-s2.0-85087901686
19377,19377,2-s2.0-85087901114
19379,19379,2-s2.0-85087897841
19380,19380,2-s2.0-85087896195
19381,19381,2-s2.0-85087891192
19382,19382,2-s2.0-85087886315
19384,19384,2-s2.0-85087885405
19386,19386,2-s2.0-85087882776
19387,19387,2-s2.0-85087882099
19393,19393,2-s2.0-85087864474
19396,19396,2-s2.0-85086904029
19397,19397,2-s2.0-85086901366
19398,19398,2-s2.0-85086895027
19402,19402,2-s2.0-85086890964
19403,19403,2-s2.0-85086888317
19406,19406,2-s2.0-85085951740
19407,19407,2-s2.0-85085899358
19408,19408,2-s2.0-85085731703
19410,19410,2-s2.0-85085278650
19411,19411,2-s2.0-85085056113
19415,19415,2-s2.0-85084741037
19418,19418,2-s2.0-85084655694
19420,19420,2-s2.0-85084649488
19422,19422,2-s2.0-85084565895
19426,19426,2-s2.0-85084418137
19428,19428,2-s2.0-85084229354
19431,19431,2-s2.0-85083832935
19432,19432,2-s2.0-85083676007
19433,19433,2-s2.0-85083640058
19435,19435,2-s2.0-85083517835
19436,19436,2-s2.0-85083514619
19437,19437,2-s2.0-85083510812
19438,19438,2-s2.0-85083508531
19441,19441,2-s2.0-85083498415
19444,19444,2-s2.0-85083462936
19445,19445,2-s2.0-85083453170
19449,19449,2-s2.0-85083281971
19450,19450,2-s2.0-85083279171
19451,19451,2-s2.0-85083250984
19457,19457,2-s2.0-85083156061
19458,19458,2-s2.0-85083061547
19459,19459,2-s2.0-85083058954
19460,19460,2-s2.0-85083049971
19461,19461,2-s2.0-85082934523
19462,19462,2-s2.0-85082792460
19465,19465,2-s2.0-85081619624
19468,19468,2-s2.0-85081242545
19470,19470,2-s2.0-85081034459
19471,19471,2-s2.0-85080074193
19474,19474,2-s2.0-85078832154
19476,19476,2-s2.0-85078654393
19480,19480,2-s2.0-85077372972
19481,19481,2-s2.0-85077362928
19483,19483,2-s2.0-85076933291
19484,19484,2-s2.0-85076829218
19485,19485,2-s2.0-85076615457
19487,19487,2-s2.0-85076273828
19490,19490,2-s2.0-85073769538
19492,19492,2-s2.0-85068862155
19493,19493,2-s2.0-85067954478
19495,19495,2-s2.0-85062792694
19496,19496,2-s2.0-85055986216
19498,19498,2-s2.0-105003018714
19502,19502,2-s2.0-85083540049
19503,19503,2-s2.0-85085922192
19504,19504,2-s2.0-85083017898
19506,19506,2-s2.0-85082996998
19507,19507,2-s2.0-85082996260
19512,19512,2-s2.0-85082985426
19514,19514,2-s2.0-85082305709
19515,19515,2-s2.0-85086479807
19516,19516,2-s2.0-85083214905
19517,19517,2-s2.0-85083179674
19518,19518,2-s2.0-85083018417
19522,19522,2-s2.0-85082989387
19524,19524,2-s2.0-85082984753
19525,19525,2-s2.0-85082982617
19526,19526,2-s2.0-85082972703
19530,19530,2-s2.0-85082998239
19531,19531,2-s2.0-85082998168
19535,19535,2-s2.0-85082996050
19536,19536,2-s2.0-85082994921
19539,19539,2-s2.0-85082994579
19542,19542,2-s2.0-85082992723
19544,19544,2-s2.0-85082991162
19547,19547,2-s2.0-85082987759
19549,19549,2-s2.0-85082987363
19550,19550,2-s2.0-85082986505
19555,19555,2-s2.0-85083442747
19556,19556,2-s2.0-85082714027
19557,19557,2-s2.0-85082709632
19558,19558,2-s2.0-85082678453
19564,19564,2-s2.0-85082620616
19565,19565,2-s2.0-85082619545
19568,19568,2-s2.0-85082598076
19571,19571,2-s2.0-85082593014
19572,19572,2-s2.0-85082586146
19573,19573,2-s2.0-85082584894
19574,19574,2-s2.0-85082582259
19575,19575,2-s2.0-85082579959
19577,19577,2-s2.0-85082571453
19578,19578,2-s2.0-85082571047
19581,19581,2-s2.0-85086947611
19584,19584,2-s2.0-85105238082
19585,19585,2-s2.0-85098780813
19587,19587,2-s2.0-85082705901
19591,19591,2-s2.0-85082196352
19594,19594,2-s2.0-85081384428
19595,19595,2-s2.0-85081360613
19596,19596,2-s2.0-85081322239
19597,19597,2-s2.0-85086182488
19598,19598,2-s2.0-85081411846
19599,19599,2-s2.0-85081410358
19600,19600,2-s2.0-85081410165
19601,19601,2-s2.0-85081408001
19605,19605,2-s2.0-85081385637
19606,19606,2-s2.0-85081382585
19609,19609,2-s2.0-85081369658
19611,19611,2-s2.0-85081357815
19613,19613,2-s2.0-85081348118
19614,19614,2-s2.0-85081344370
19617,19617,2-s2.0-85081337986
19619,19619,2-s2.0-85081326683
19624,19624,2-s2.0-85066779055
19625,19625,2-s2.0-85064565402
19631,19631,2-s2.0-85091120187
19634,19634,2-s2.0-85091109705
19636,19636,2-s2.0-85091095862
19641,19641,2-s2.0-85091078077
19642,19642,2-s2.0-85091074645
19643,19643,2-s2.0-85091074010
19644,19644,2-s2.0-85091063350
19645,19645,2-s2.0-85090674636
19648,19648,2-s2.0-85090206774
19649,19649,2-s2.0-85090124175
19650,19650,2-s2.0-85089114848
19651,19651,2-s2.0-85088111381
19654,19654,2-s2.0-85086986035
19657,19657,2-s2.0-85086131325
19658,19658,2-s2.0-85086095972
19661,19661,2-s2.0-85085659626
19663,19663,2-s2.0-85085374933
19668,19668,2-s2.0-85084393342
19671,19671,2-s2.0-85083271574
19673,19673,2-s2.0-85082969856
19675,19675,2-s2.0-85082922903
19676,19676,2-s2.0-85082834612
19680,19680,2-s2.0-85082670017
19685,19685,2-s2.0-85082518140
19686,19686,2-s2.0-85082432781
19691,19691,2-s2.0-85081382278
19692,19692,2-s2.0-85081245631
19693,19693,2-s2.0-85081050192
19694,19694,2-s2.0-85081027635
19695,19695,2-s2.0-85081023612
19699,19699,2-s2.0-85080955590
19701,19701,2-s2.0-85079652543
19703,19703,2-s2.0-85079462867
19705,19705,2-s2.0-85078854154
19707,19707,2-s2.0-85078732828
19709,19709,2-s2.0-85078674745
19718,19718,2-s2.0-85077358083
19719,19719,2-s2.0-85077078164
19727,19727,2-s2.0-85076014764
19728,19728,2-s2.0-85075967910
19729,19729,2-s2.0-85075275556
19731,19731,2-s2.0-85074852547
19735,19735,2-s2.0-85073834020
19738,19738,2-s2.0-85072988828
19739,19739,2-s2.0-85072077318
19741,19741,2-s2.0-85069870746
19742,19742,2-s2.0-85068939467
19744,19744,2-s2.0-85068235363
19748,19748,2-s2.0-85066102310
19749,19749,2-s2.0-85065016078
19751,19751,2-s2.0-85064337835
19752,19752,2-s2.0-85063765904
19754,19754,2-s2.0-85062330806
19755,19755,2-s2.0-85060958567
19758,19758,2-s2.0-85058951458
19760,19760,2-s2.0-85057978281
19761,19761,2-s2.0-85049659270
19762,19762,2-s2.0-85042421687
19769,19769,2-s2.0-85081618438
19772,19772,2-s2.0-85081590525
19774,19774,2-s2.0-85081565957
19775,19775,2-s2.0-85081565928
19780,19780,2-s2.0-85081548155
19787,19787,2-s2.0-85081215552
19789,19789,2-s2.0-85145869010
19790,19790,2-s2.0-85106180008
19791,19791,2-s2.0-85128372350
19794,19794,2-s2.0-85070962745
19800,19800,2-s2.0-85104997265
19803,19803,2-s2.0-85091692096
19805,19805,2-s2.0-85077598045
19806,19806,2-s2.0-85079325188
19809,19809,2-s2.0-85106099114
19810,19810,2-s2.0-85098990780
19814,19814,2-s2.0-85087449369
19815,19815,2-s2.0-85087447881
19818,19818,2-s2.0-85085958489
19820,19820,2-s2.0-85085925366
19821,19821,2-s2.0-85085514521
19825,19825,2-s2.0-85083660576
19826,19826,2-s2.0-85083467796
19829,19829,2-s2.0-85081200054
19830,19830,2-s2.0-85081198986
19832,19832,2-s2.0-85081072408
19835,19835,2-s2.0-85079870700
19838,19838,2-s2.0-85079711596
19841,19841,2-s2.0-85079556405
19842,19842,2-s2.0-85079533317
19843,19843,2-s2.0-85079529379
19844,19844,2-s2.0-85079495126
19846,19846,2-s2.0-85079364168
19847,19847,2-s2.0-85078995475
19848,19848,2-s2.0-85078965645
19852,19852,2-s2.0-85077980134
19853,19853,2-s2.0-85077898489
19855,19855,2-s2.0-85077164383
19857,19857,2-s2.0-85075935804
19858,19858,2-s2.0-85075878125
19860,19860,2-s2.0-85075519325
19861,19861,2-s2.0-85075401913
19863,19863,2-s2.0-85075354900
19867,19867,2-s2.0-85074199611
19873,19873,2-s2.0-85069045138
19875,19875,2-s2.0-85065130291
19878,19878,2-s2.0-85060086014
19882,19882,2-s2.0-85048564274
19884,19884,2-s2.0-85040704024
19886,19886,2-s2.0-85090733275
19888,19888,2-s2.0-85078713268
19889,19889,2-s2.0-85073575528
19890,19890,2-s2.0-85073546856
19892,19892,2-s2.0-85081189275
19894,19894,2-s2.0-85075855942
19906,19906,2-s2.0-85081993312
19908,19908,2-s2.0-85078980820
19910,19910,2-s2.0-85078969984
19913,19913,2-s2.0-85078258268
19917,19917,2-s2.0-85079085251
19918,19918,2-s2.0-85079001379
19919,19919,2-s2.0-85089702421
19920,19920,2-s2.0-85084970165
19926,19926,2-s2.0-85077909397
19928,19928,2-s2.0-85077090354
19930,19930,2-s2.0-85076880832
19931,19931,2-s2.0-85076758039
19933,19933,2-s2.0-85075128337
19935,19935,2-s2.0-85074609731
19936,19936,2-s2.0-85074494488
19939,19939,2-s2.0-85074050069
19942,19942,2-s2.0-85072988824
19945,19945,2-s2.0-85070531454
19946,19946,2-s2.0-85068669640
19947,19947,2-s2.0-85068656314
19948,19948,2-s2.0-85068266514
19951,19951,2-s2.0-85065779593
19952,19952,2-s2.0-85065439315
19953,19953,2-s2.0-85065387255
19954,19954,2-s2.0-85065057651
19955,19955,2-s2.0-85064675074
19957,19957,2-s2.0-85063567315
19961,19961,2-s2.0-85052103047
19962,19962,2-s2.0-86000794553
19964,19964,2-s2.0-85218155143
19967,19967,2-s2.0-85217413131
19969,19969,2-s2.0-85214357698
19970,19970,2-s2.0-85208933282
19971,19971,2-s2.0-85201628394
19974,19974,2-s2.0-85191341344
19975,19975,2-s2.0-85186920777
19976,19976,2-s2.0-85185351742
19977,19977,2-s2.0-85183911738
19978,19978,2-s2.0-85180679733
19981,19981,2-s2.0-85173866726
19982,19982,2-s2.0-85173831258
19984,19984,2-s2.0-85171494622
19987,19987,2-s2.0-85167562133
19989,19989,2-s2.0-85165363866
19991,19991,2-s2.0-85160308670
19994,19994,2-s2.0-85152855046
19997,19997,2-s2.0-85151193356
19999,19999,2-s2.0-85150745947
20000,20000,2-s2.0-85150716159
20002,20002,2-s2.0-85150576364
20005,20005,2-s2.0-85150560916
20006,20006,2-s2.0-85150559307
20007,20007,2-s2.0-85150555802
20008,20008,2-s2.0-85150508978
20012,20012,2-s2.0-85149568910
20013,20013,2-s2.0-85149567104
20015,20015,2-s2.0-85149546444
20016,20016,2-s2.0-85149539134
20017,20017,2-s2.0-85149530409
20020,20020,2-s2.0-85149506943
20021,20021,2-s2.0-85149505748
20022,20022,2-s2.0-85149498329
20025,20025,2-s2.0-85148838452
20026,20026,2-s2.0-85148834771
20027,20027,2-s2.0-85148831089
20030,20030,2-s2.0-85148783873
20031,20031,2-s2.0-85148773627
20032,20032,2-s2.0-85147941139
20033,20033,2-s2.0-85147476651
20034,20034,2-s2.0-85147302049
20035,20035,2-s2.0-85146023247
20040,20040,2-s2.0-85143980506
20044,20044,2-s2.0-85141630270
20045,20045,2-s2.0-85141618019
20046,20046,2-s2.0-85141597896
20049,20049,2-s2.0-85141583510
20050,20050,2-s2.0-85141556301
20052,20052,2-s2.0-85140561449
20057,20057,2-s2.0-85140265746
20059,20059,2-s2.0-85138243178
20061,20061,2-s2.0-85137807332
20062,20062,2-s2.0-85137511978
20064,20064,2-s2.0-85136404615
20065,20065,2-s2.0-85136070718
20066,20066,2-s2.0-85136070504
20067,20067,2-s2.0-85136035853
20070,20070,2-s2.0-85136012213
20073,20073,2-s2.0-85136008517
20074,20074,2-s2.0-85135993307
20075,20075,2-s2.0-85135992565
20077,20077,2-s2.0-85135753278
20083,20083,2-s2.0-85131717406
20084,20084,2-s2.0-85130056537
20090,20090,2-s2.0-85127615515
20094,20094,2-s2.0-85127593814
20095,20095,2-s2.0-85127593713
20097,20097,2-s2.0-85127589183
20098,20098,2-s2.0-85127587693
20099,20099,2-s2.0-85127586965
20100,20100,2-s2.0-85127568712
20104,20104,2-s2.0-85127112343
20107,20107,2-s2.0-85126434358
20108,20108,2-s2.0-85125496935
20109,20109,2-s2.0-85125178743
20113,20113,2-s2.0-85124608107
20114,20114,2-s2.0-85124291141
20116,20116,2-s2.0-85123595342
20120,20120,2-s2.0-85122333525
20121,20121,2-s2.0-85122247311
20127,20127,2-s2.0-85121523790
20133,20133,2-s2.0-85119240854
20135,20135,2-s2.0-85119235385
20136,20136,2-s2.0-85119230854
20140,20140,2-s2.0-85118347648
20141,20141,2-s2.0-85118336908
20144,20144,2-s2.0-85118052969
20146,20146,2-s2.0-85117228633
20147,20147,2-s2.0-85117147529
20152,20152,2-s2.0-85115701873
20153,20153,2-s2.0-85115697422
20154,20154,2-s2.0-85115690259
20158,20158,2-s2.0-85113186384
20160,20160,2-s2.0-85113148913
20161,20161,2-s2.0-85112821343
20162,20162,2-s2.0-85112797307
20163,20163,2-s2.0-85112574666
20164,20164,2-s2.0-85111916727
20167,20167,2-s2.0-85111316398
20169,20169,2-s2.0-85111298917
20171,20171,2-s2.0-85111266425
20173,20173,2-s2.0-85110605616
20175,20175,2-s2.0-85109619959
20180,20180,2-s2.0-85108030691
20182,20182,2-s2.0-85107824869
20183,20183,2-s2.0-85107780629
20184,20184,2-s2.0-85107298791
20185,20185,2-s2.0-85107236228
20186,20186,2-s2.0-85107236050
20191,20191,2-s2.0-85107216691
20192,20192,2-s2.0-85107213465
20193,20193,2-s2.0-85107207756
20196,20196,2-s2.0-85107201868
20197,20197,2-s2.0-85107199305
20199,20199,2-s2.0-85107196604
20201,20201,2-s2.0-85107188395
20202,20202,2-s2.0-85107188019
20203,20203,2-s2.0-85107186175
20204,20204,2-s2.0-85107184442
20210,20210,2-s2.0-85106766540
20211,20211,2-s2.0-85106636302
20212,20212,2-s2.0-85106564216
20214,20214,2-s2.0-85106037445
20217,20217,2-s2.0-85105939782
20220,20220,2-s2.0-85105814643
20223,20223,2-s2.0-85105795716
20224,20224,2-s2.0-85105779863
20225,20225,2-s2.0-85105778928
20226,20226,2-s2.0-85105587208
20227,20227,2-s2.0-85105570936
20229,20229,2-s2.0-85105209570
20230,20230,2-s2.0-85105107052
20231,20231,2-s2.0-85105069137
20234,20234,2-s2.0-85104445521
20235,20235,2-s2.0-85104393646
20238,20238,2-s2.0-85104234943
20243,20243,2-s2.0-85103859148
20244,20244,2-s2.0-85103840008
20247,20247,2-s2.0-85103660721
20249,20249,2-s2.0-85103515333
20250,20250,2-s2.0-85103344634
20251,20251,2-s2.0-85103339476
20253,20253,2-s2.0-85103076857
20255,20255,2-s2.0-85102989069
20257,20257,2-s2.0-85102949324
20259,20259,2-s2.0-85102938470
20260,20260,2-s2.0-85102935849
20261,20261,2-s2.0-85102931927
20262,20262,2-s2.0-85102925567
20264,20264,2-s2.0-85102923112
20265,20265,2-s2.0-85102902917
20267,20267,2-s2.0-85102897899
20269,20269,2-s2.0-85102895079
20270,20270,2-s2.0-85102889616
20271,20271,2-s2.0-85102886465
20272,20272,2-s2.0-85102883552
20274,20274,2-s2.0-85102857426
20281,20281,2-s2.0-85102706011
20282,20282,2-s2.0-85102688988
20285,20285,2-s2.0-85102535590
20286,20286,2-s2.0-85102479451
20288,20288,2-s2.0-85102380482
20292,20292,2-s2.0-85102269101
20294,20294,2-s2.0-85102237126
20295,20295,2-s2.0-85102143460
20298,20298,2-s2.0-85101935681
20300,20300,2-s2.0-85101933313
20301,20301,2-s2.0-85101931912
20304,20304,2-s2.0-85101909616
20305,20305,2-s2.0-85101909533
20306,20306,2-s2.0-85101904680
20307,20307,2-s2.0-85101837011
20308,20308,2-s2.0-85101751487
20311,20311,2-s2.0-85101448357
20313,20313,2-s2.0-85101262708
20315,20315,2-s2.0-85101242662
20318,20318,2-s2.0-85101146977
20319,20319,2-s2.0-85101112093
20320,20320,2-s2.0-85101091704
20321,20321,2-s2.0-85101069979
20323,20323,2-s2.0-85100948609
20324,20324,2-s2.0-85100947757
20326,20326,2-s2.0-85100941455
20333,20333,2-s2.0-85100917968
20334,20334,2-s2.0-85100917845
20335,20335,2-s2.0-85100917783
20336,20336,2-s2.0-85100916812
20337,20337,2-s2.0-85100916299
20338,20338,2-s2.0-85100915618
20339,20339,2-s2.0-85100910387
20340,20340,2-s2.0-85100870660
20345,20345,2-s2.0-85100850404
20348,20348,2-s2.0-85100697618
20350,20350,2-s2.0-85100602797
20352,20352,2-s2.0-85100588170
20353,20353,2-s2.0-85100392283
20355,20355,2-s2.0-85100166030
20358,20358,2-s2.0-85100028857
20359,20359,2-s2.0-85100013760
20361,20361,2-s2.0-85099904979
20364,20364,2-s2.0-85099664958
20365,20365,2-s2.0-85099604187
20366,20366,2-s2.0-85099579935
20367,20367,2-s2.0-85099557361
20369,20369,2-s2.0-85099520333
20370,20370,2-s2.0-85099515247
20372,20372,2-s2.0-85099504724
20374,20374,2-s2.0-85099471860
20377,20377,2-s2.0-85099355184
20379,20379,2-s2.0-85099312635
20380,20380,2-s2.0-85099312502
20384,20384,2-s2.0-85099141144
20386,20386,2-s2.0-85099063651
20387,20387,2-s2.0-85099054575
20388,20388,2-s2.0-85099050628
20389,20389,2-s2.0-85099033464
20390,20390,2-s2.0-85098952917
20391,20391,2-s2.0-85098950930
20392,20392,2-s2.0-85098893211
20393,20393,2-s2.0-85098884395
20394,20394,2-s2.0-85098853859
20396,20396,2-s2.0-85098757757
20399,20399,2-s2.0-85098600952
20401,20401,2-s2.0-85098591251
20402,20402,2-s2.0-85098588365
20404,20404,2-s2.0-85098558644
20408,20408,2-s2.0-85098547407
20409,20409,2-s2.0-85098545964
20410,20410,2-s2.0-85098541326
20415,20415,2-s2.0-85098494793
20416,20416,2-s2.0-85098289776
20418,20418,2-s2.0-85098254952
20420,20420,2-s2.0-85098202141
20422,20422,2-s2.0-85098150527
20425,20425,2-s2.0-85098081490
20427,20427,2-s2.0-85098070750
20428,20428,2-s2.0-85098068158
20430,20430,2-s2.0-85098061976
20431,20431,2-s2.0-85098061727
20432,20432,2-s2.0-85098060491
20435,20435,2-s2.0-85098055321
20440,20440,2-s2.0-85098003119
20441,20441,2-s2.0-85097999648
20443,20443,2-s2.0-85097993110
20444,20444,2-s2.0-85097985889
20445,20445,2-s2.0-85097982465
20447,20447,2-s2.0-85097904013
20450,20450,2-s2.0-85097869167
20451,20451,2-s2.0-85097867852
20452,20452,2-s2.0-85097867389
20453,20453,2-s2.0-85097866790
20454,20454,2-s2.0-85097864455
20455,20455,2-s2.0-85097835691
20456,20456,2-s2.0-85097834252
20458,20458,2-s2.0-85097809057
20460,20460,2-s2.0-85097784410
20462,20462,2-s2.0-85097708136
20463,20463,2-s2.0-85097672290
20464,20464,2-s2.0-85097650737
20466,20466,2-s2.0-85097630736
20467,20467,2-s2.0-85097597318
20469,20469,2-s2.0-85097567969
20477,20477,2-s2.0-85097443144
20478,20478,2-s2.0-85097442533
20480,20480,2-s2.0-85097411271
20481,20481,2-s2.0-85097407801
20482,20482,2-s2.0-85097385640
20483,20483,2-s2.0-85097383065
20484,20484,2-s2.0-85097381437
20489,20489,2-s2.0-85097305600
20493,20493,2-s2.0-85097204945
20494,20494,2-s2.0-85097154729
20497,20497,2-s2.0-85097081612
20501,20501,2-s2.0-85096970023
20502,20502,2-s2.0-85096967033
20504,20504,2-s2.0-85096956071
20505,20505,2-s2.0-85096946693
20506,20506,2-s2.0-85096944303
20507,20507,2-s2.0-85096932812
20509,20509,2-s2.0-85096918786
20511,20511,2-s2.0-85096900545
20518,20518,2-s2.0-85096780438
20519,20519,2-s2.0-85096764624
20524,20524,2-s2.0-85096702396
20525,20525,2-s2.0-85096690788
20528,20528,2-s2.0-85096626480
20530,20530,2-s2.0-85096615033
20531,20531,2-s2.0-85096612062
20535,20535,2-s2.0-85096600151
20536,20536,2-s2.0-85096594486
20539,20539,2-s2.0-85096561249
20540,20540,2-s2.0-85096557207
20541,20541,2-s2.0-85096555685
20542,20542,2-s2.0-85096555608
20543,20543,2-s2.0-85096554516
20548,20548,2-s2.0-85096547882
20551,20551,2-s2.0-85096537094
20556,20556,2-s2.0-85096519704
20557,20557,2-s2.0-85096514090
20559,20559,2-s2.0-85096493671
20566,20566,2-s2.0-85096332562
20567,20567,2-s2.0-85096312646
20568,20568,2-s2.0-85096290295
20569,20569,2-s2.0-85096199702
20572,20572,2-s2.0-85096161628
20573,20573,2-s2.0-85096146842
20574,20574,2-s2.0-85096141994
20576,20576,2-s2.0-85096135861
20577,20577,2-s2.0-85096132200
20579,20579,2-s2.0-85096107493
20583,20583,2-s2.0-85096096165
20584,20584,2-s2.0-85096066718
20585,20585,2-s2.0-85096052197
20587,20587,2-s2.0-85096031850
20590,20590,2-s2.0-85095978822
20592,20592,2-s2.0-85095970139
20593,20593,2-s2.0-85095886602
20596,20596,2-s2.0-85095732630
20598,20598,2-s2.0-85095603353
20599,20599,2-s2.0-85095598874
20604,20604,2-s2.0-85095460513
20606,20606,2-s2.0-85095412583
20607,20607,2-s2.0-85095363667
20608,20608,2-s2.0-85095130699
20610,20610,2-s2.0-85094946900
20611,20611,2-s2.0-85094927133
20613,20613,2-s2.0-85094879672
20614,20614,2-s2.0-85094879403
20617,20617,2-s2.0-85094173263
20619,20619,2-s2.0-85094149580
20622,20622,2-s2.0-85094098344
20625,20625,2-s2.0-85093891492
20626,20626,2-s2.0-85093854598
20628,20628,2-s2.0-85093360156
20631,20631,2-s2.0-85093083934
20632,20632,2-s2.0-85093081355
20638,20638,2-s2.0-85092775276
20639,20639,2-s2.0-85092768357
20641,20641,2-s2.0-85092719877
20642,20642,2-s2.0-85092679654
20643,20643,2-s2.0-85092678503
20647,20647,2-s2.0-85092514899
20648,20648,2-s2.0-85092487993
20649,20649,2-s2.0-85092487238
20652,20652,2-s2.0-85092455176
20653,20653,2-s2.0-85092442369
20656,20656,2-s2.0-85092404943
20662,20662,2-s2.0-85092275879
20663,20663,2-s2.0-85092261252
20665,20665,2-s2.0-85092204961
20666,20666,2-s2.0-85092196698
20668,20668,2-s2.0-85092172302
20669,20669,2-s2.0-85092162731
20672,20672,2-s2.0-85092006977
20673,20673,2-s2.0-85091986947
20674,20674,2-s2.0-85091983782
20678,20678,2-s2.0-85091885860
20680,20680,2-s2.0-85091843818
20681,20681,2-s2.0-85091843693
20683,20683,2-s2.0-85091817558
20684,20684,2-s2.0-85091797020
20685,20685,2-s2.0-85091766662
20686,20686,2-s2.0-85091724320
20688,20688,2-s2.0-85091706995
20689,20689,2-s2.0-85091702567
20694,20694,2-s2.0-85091615051
20695,20695,2-s2.0-85091569071
20696,20696,2-s2.0-85091564553
20697,20697,2-s2.0-85091551925
20698,20698,2-s2.0-85091514361
20701,20701,2-s2.0-85091465897
20702,20702,2-s2.0-85091455072
20703,20703,2-s2.0-85091448527
20706,20706,2-s2.0-85091438662
20707,20707,2-s2.0-85091436772
20708,20708,2-s2.0-85091436064
20710,20710,2-s2.0-85091417130
20711,20711,2-s2.0-85091413246
20713,20713,2-s2.0-85091359443
20714,20714,2-s2.0-85091308296
20716,20716,2-s2.0-85091237812
20717,20717,2-s2.0-85091176720
20719,20719,2-s2.0-85091133891
20721,20721,2-s2.0-85091064421
20722,20722,2-s2.0-85090906609
20726,20726,2-s2.0-85090881397
20728,20728,2-s2.0-85090826402
20733,20733,2-s2.0-85090758631
20734,20734,2-s2.0-85090750326
20736,20736,2-s2.0-85090745389
20737,20737,2-s2.0-85090743585
20738,20738,2-s2.0-85090719705
20739,20739,2-s2.0-85090719507
20740,20740,2-s2.0-85090718986
20741,20741,2-s2.0-85090711361
20754,20754,2-s2.0-85090550694
20756,20756,2-s2.0-85090374153
20758,20758,2-s2.0-85090372983
20759,20759,2-s2.0-85090372297
20762,20762,2-s2.0-85090349088
20763,20763,2-s2.0-85090322785
20767,20767,2-s2.0-85090169984
20773,20773,2-s2.0-85089823503
20775,20775,2-s2.0-85089726904
20776,20776,2-s2.0-85089723353
20777,20777,2-s2.0-85089719304
20780,20780,2-s2.0-85089643744
20781,20781,2-s2.0-85089640951
20782,20782,2-s2.0-85089638635
20784,20784,2-s2.0-85089621696
20785,20785,2-s2.0-85089616455
20787,20787,2-s2.0-85089611702
20788,20788,2-s2.0-85089609527
20791,20791,2-s2.0-85089594801
20793,20793,2-s2.0-85089588193
20795,20795,2-s2.0-85089560836
20797,20797,2-s2.0-85089542372
20802,20802,2-s2.0-85089462277
20803,20803,2-s2.0-85089355433
20805,20805,2-s2.0-85089325750
20809,20809,2-s2.0-85089316283
20811,20811,2-s2.0-85089307769
20812,20812,2-s2.0-85089307191
20813,20813,2-s2.0-85089266501
20814,20814,2-s2.0-85089265800
20815,20815,2-s2.0-85089246686
20816,20816,2-s2.0-85089240057
20817,20817,2-s2.0-85089239097
20822,20822,2-s2.0-85089201944
20826,20826,2-s2.0-85089163999
20827,20827,2-s2.0-85089163226
20832,20832,2-s2.0-85089031881
20836,20836,2-s2.0-85089017101
20839,20839,2-s2.0-85088920348
20841,20841,2-s2.0-85088917315
20842,20842,2-s2.0-85088913866
20844,20844,2-s2.0-85088880322
20849,20849,2-s2.0-85088752630
20850,20850,2-s2.0-85088744332
20851,20851,2-s2.0-85088741770
20856,20856,2-s2.0-85088706002
20858,20858,2-s2.0-85088693525
20859,20859,2-s2.0-85088595686
20861,20861,2-s2.0-85088563401
20862,20862,2-s2.0-85088560734
20863,20863,2-s2.0-85088558768
20866,20866,2-s2.0-85088530423
20869,20869,2-s2.0-85088483808
20870,20870,2-s2.0-85088476989
20874,20874,2-s2.0-85088462637
20876,20876,2-s2.0-85088455363
20878,20878,2-s2.0-85088452709
20882,20882,2-s2.0-85088443054
20888,20888,2-s2.0-85088429975
20890,20890,2-s2.0-85088422504
20891,20891,2-s2.0-85088407669
20892,20892,2-s2.0-85088390611
20897,20897,2-s2.0-85088296205
20898,20898,2-s2.0-85088253511
20899,20899,2-s2.0-85088251296
20900,20900,2-s2.0-85088137886
20902,20902,2-s2.0-85087939279
20904,20904,2-s2.0-85087893649
20905,20905,2-s2.0-85087874981
20909,20909,2-s2.0-85087838445
20910,20910,2-s2.0-85087836746
20911,20911,2-s2.0-85087829947
20914,20914,2-s2.0-85087780006
20915,20915,2-s2.0-85087776915
20916,20916,2-s2.0-85087769887
20920,20920,2-s2.0-85087624453
20923,20923,2-s2.0-85087618485
20924,20924,2-s2.0-85087544381
20929,20929,2-s2.0-85087442507
20930,20930,2-s2.0-85087420410
20931,20931,2-s2.0-85087396185
20933,20933,2-s2.0-85087363702
20937,20937,2-s2.0-85087276171
20940,20940,2-s2.0-85087126553
20941,20941,2-s2.0-85087057617
20946,20946,2-s2.0-85086930203
20947,20947,2-s2.0-85086917713
20952,20952,2-s2.0-85086838677
20953,20953,2-s2.0-85086800821
20962,20962,2-s2.0-85086669054
20963,20963,2-s2.0-85086654469
20964,20964,2-s2.0-85086645498
20966,20966,2-s2.0-85086583981
20967,20967,2-s2.0-85086574659
20970,20970,2-s2.0-85086463153
20971,20971,2-s2.0-85086359065
20972,20972,2-s2.0-85086337553
20975,20975,2-s2.0-85086323438
20976,20976,2-s2.0-85086322473
20977,20977,2-s2.0-85086319760
20980,20980,2-s2.0-85086253916
20981,20981,2-s2.0-85086251930
20985,20985,2-s2.0-85086177247
20986,20986,2-s2.0-85086174825
20987,20987,2-s2.0-85086163935
20989,20989,2-s2.0-85086152489
20993,20993,2-s2.0-85085942104
20994,20994,2-s2.0-85085929164
20995,20995,2-s2.0-85085927760
20998,20998,2-s2.0-85085771781
21000,21000,2-s2.0-85085738848
21001,21001,2-s2.0-85085732711
21008,21008,2-s2.0-85085624968
21011,21011,2-s2.0-85085517871
21013,21013,2-s2.0-85085367268
21023,21023,2-s2.0-85085123694
21024,21024,2-s2.0-85085085013
21027,21027,2-s2.0-85085044052
21028,21028,2-s2.0-85085035239
21029,21029,2-s2.0-85085014931
21031,21031,2-s2.0-85085012106
21033,21033,2-s2.0-85084995228
21035,21035,2-s2.0-85084984585
21037,21037,2-s2.0-85084932606
21040,21040,2-s2.0-85084762973
21041,21041,2-s2.0-85084707648
21048,21048,2-s2.0-85084533472
21049,21049,2-s2.0-85084532200
21052,21052,2-s2.0-85084464701
21057,21057,2-s2.0-85084334976
21059,21059,2-s2.0-85084298708
21060,21060,2-s2.0-85084293212
21063,21063,2-s2.0-85084190864
21065,21065,2-s2.0-85084187774
21068,21068,2-s2.0-85084150715
21072,21072,2-s2.0-85083728648
21074,21074,2-s2.0-85083724716
21075,21075,2-s2.0-85083723395
21076,21076,2-s2.0-85083722952
21077,21077,2-s2.0-85083721677
21079,21079,2-s2.0-85083718964
21080,21080,2-s2.0-85083716872
21081,21081,2-s2.0-85083716305
21087,21087,2-s2.0-85083704118
21089,21089,2-s2.0-85083648829
21092,21092,2-s2.0-85083512395
21093,21093,2-s2.0-85083504300
21095,21095,2-s2.0-85083380221
21096,21096,2-s2.0-85083257039
21097,21097,2-s2.0-85083248743
21099,21099,2-s2.0-85083186107
21101,21101,2-s2.0-85083094303
21102,21102,2-s2.0-85083083829
21103,21103,2-s2.0-85083082692
21104,21104,2-s2.0-85083065199
21105,21105,2-s2.0-85083059633
21107,21107,2-s2.0-85083047415
21110,21110,2-s2.0-85082996191
21116,21116,2-s2.0-85082982903
21119,21119,2-s2.0-85082869726
21123,21123,2-s2.0-85082798632
21124,21124,2-s2.0-85082768462
21125,21125,2-s2.0-85082763487
21126,21126,2-s2.0-85082745592
21127,21127,2-s2.0-85082716807
21130,21130,2-s2.0-85082676397
21131,21131,2-s2.0-85082456984
21134,21134,2-s2.0-85082402174
21135,21135,2-s2.0-85082401369
21136,21136,2-s2.0-85082400899
21137,21137,2-s2.0-85082400388
21138,21138,2-s2.0-85082399211
21140,21140,2-s2.0-85082398406
21141,21141,2-s2.0-85082398010
21142,21142,2-s2.0-85082397401
21145,21145,2-s2.0-85082392925
21146,21146,2-s2.0-85082391058
21147,21147,2-s2.0-85082389756
21148,21148,2-s2.0-85082389238
21152,21152,2-s2.0-85082385794
21154,21154,2-s2.0-85082382367
21160,21160,2-s2.0-85082294841
21167,21167,2-s2.0-85082031110
21171,21171,2-s2.0-85081901724
21174,21174,2-s2.0-85081683226
21175,21175,2-s2.0-85081665724
21177,21177,2-s2.0-85081616756
21179,21179,2-s2.0-85081595953
21180,21180,2-s2.0-85081555286
21181,21181,2-s2.0-85081385755
21184,21184,2-s2.0-85081248090
21186,21186,2-s2.0-85081235889
21187,21187,2-s2.0-85081206160
21190,21190,2-s2.0-85081066644
21191,21191,2-s2.0-85080987584
21194,21194,2-s2.0-85080900996
21195,21195,2-s2.0-85080898995
21197,21197,2-s2.0-85080894222
21198,21198,2-s2.0-85080873925
21200,21200,2-s2.0-85080858142
21201,21201,2-s2.0-85080855647
21203,21203,2-s2.0-85080095427
21204,21204,2-s2.0-85079882731
21205,21205,2-s2.0-85079837153
21206,21206,2-s2.0-85079833973
21210,21210,2-s2.0-85079752882
21211,21211,2-s2.0-85079684767
21214,21214,2-s2.0-85079570829
21215,21215,2-s2.0-85079570336
21223,21223,2-s2.0-85079445867
21225,21225,2-s2.0-85079440055
21226,21226,2-s2.0-85079287227
21227,21227,2-s2.0-85079285448
21230,21230,2-s2.0-85079227542
21231,21231,2-s2.0-85079216036
21234,21234,2-s2.0-85079158098
21239,21239,2-s2.0-85078983514
21242,21242,2-s2.0-85078758311
21243,21243,2-s2.0-85078754184
21245,21245,2-s2.0-85078737477
21246,21246,2-s2.0-85078732128
21247,21247,2-s2.0-85078503740
21250,21250,2-s2.0-85078444698
21251,21251,2-s2.0-85078420073
21255,21255,2-s2.0-85078275466
21256,21256,2-s2.0-85078267983
21258,21258,2-s2.0-85078212408
21263,21263,2-s2.0-85078066858
21266,21266,2-s2.0-85078008153
21268,21268,2-s2.0-85077990338
21270,21270,2-s2.0-85077928971
21273,21273,2-s2.0-85077823894
21274,21274,2-s2.0-85077821750
21277,21277,2-s2.0-85077818394
21279,21279,2-s2.0-85077816391
21280,21280,2-s2.0-85077814989
21283,21283,2-s2.0-85077812091
21285,21285,2-s2.0-85077654122
21286,21286,2-s2.0-85077630552
21289,21289,2-s2.0-85077519973
21290,21290,2-s2.0-85077494399
21292,21292,2-s2.0-85077445026
21297,21297,2-s2.0-85077229561
21298,21298,2-s2.0-85077219712
21299,21299,2-s2.0-85077210762
21301,21301,2-s2.0-85077190420
21306,21306,2-s2.0-85077018988
21307,21307,2-s2.0-85076836633
21308,21308,2-s2.0-85076684853
21309,21309,2-s2.0-85076460577
21311,21311,2-s2.0-85076322236
21312,21312,2-s2.0-85075834091
21313,21313,2-s2.0-85075747670
21315,21315,2-s2.0-85075563467
21318,21318,2-s2.0-85075324267
21320,21320,2-s2.0-85074792260
21321,21321,2-s2.0-85074698705
21324,21324,2-s2.0-85074170702
21325,21325,2-s2.0-85074033929
21326,21326,2-s2.0-85073989679
21331,21331,2-s2.0-85072846756
21333,21333,2-s2.0-85072678821
21334,21334,2-s2.0-85072542525
21336,21336,2-s2.0-85071835867
21337,21337,2-s2.0-85071835771
21338,21338,2-s2.0-85071552497
21341,21341,2-s2.0-85071464290
21345,21345,2-s2.0-85070297342
21347,21347,2-s2.0-85070020305
21348,21348,2-s2.0-85070018109
21351,21351,2-s2.0-85068918183
21352,21352,2-s2.0-85068597119
21353,21353,2-s2.0-85068592743
21354,21354,2-s2.0-85068103979
21355,21355,2-s2.0-85067991078
21356,21356,2-s2.0-85067793001
21357,21357,2-s2.0-85067109626
21358,21358,2-s2.0-85065928445
21361,21361,2-s2.0-85065735669
21362,21362,2-s2.0-85065725727
21363,21363,2-s2.0-85065723100
21365,21365,2-s2.0-85065703992
21366,21366,2-s2.0-85065698742
21368,21368,2-s2.0-85064949447
21370,21370,2-s2.0-85064674695
21371,21371,2-s2.0-85064664011
21372,21372,2-s2.0-85064646553
21373,21373,2-s2.0-85064638433
21374,21374,2-s2.0-85064630989
21378,21378,2-s2.0-85063140095
21382,21382,2-s2.0-85057305727
21383,21383,2-s2.0-85056746910
21385,21385,2-s2.0-85052990747
21388,21388,2-s2.0-105013396991
21389,21389,2-s2.0-105013395495
21391,21391,2-s2.0-105013391444
21394,21394,2-s2.0-105013386404
21398,21398,2-s2.0-105013382073
21400,21400,2-s2.0-105013379590
21401,21401,2-s2.0-105013378214
21402,21402,2-s2.0-105013369566
21403,21403,2-s2.0-105013368997
21404,21404,2-s2.0-105013364129
21413,21413,2-s2.0-105013348661
21414,21414,2-s2.0-105013346525
21415,21415,2-s2.0-105013345399
21417,21417,2-s2.0-105013342680
21418,21418,2-s2.0-105013342236
21422,21422,2-s2.0-105013336175
21423,21423,2-s2.0-105013335663
21424,21424,2-s2.0-105013334319
21425,21425,2-s2.0-105013328157
21426,21426,2-s2.0-105013323235
21427,21427,2-s2.0-105013323068
21431,21431,2-s2.0-105013319590
21432,21432,2-s2.0-105013319243
21433,21433,2-s2.0-105013318863
21437,21437,2-s2.0-105013310251
21440,21440,2-s2.0-105013305571
21441,21441,2-s2.0-105013303929
21442,21442,2-s2.0-105013297270
21443,21443,2-s2.0-105013296057
21446,21446,2-s2.0-105013286691
21447,21447,2-s2.0-105013281689
21448,21448,2-s2.0-105013280996
21449,21449,2-s2.0-105013279301
21450,21450,2-s2.0-105013278477
21457,21457,2-s2.0-105013268238
21459,21459,2-s2.0-105013263818
21460,21460,2-s2.0-105013261286
21461,21461,2-s2.0-105013258400
21462,21462,2-s2.0-105013258350
21469,21469,2-s2.0-105013242840
21470,21470,2-s2.0-105013242638
21472,21472,2-s2.0-105013238177
21474,21474,2-s2.0-105013236849
21479,21479,2-s2.0-105013225968
21480,21480,2-s2.0-105013224860
21481,21481,2-s2.0-105013223489
21483,21483,2-s2.0-105013220023
21485,21485,2-s2.0-105013217212
21486,21486,2-s2.0-105013215436
21487,21487,2-s2.0-105013209559
21490,21490,2-s2.0-105013199740
21492,21492,2-s2.0-105013193031
21496,21496,2-s2.0-105013183490
21498,21498,2-s2.0-105013175515
21502,21502,2-s2.0-105013165245
21503,21503,2-s2.0-105013162354
21504,21504,2-s2.0-105013161147
21505,21505,2-s2.0-105013161056
21507,21507,2-s2.0-105013160548
21510,21510,2-s2.0-105013158580
21512,21512,2-s2.0-105008157355
21513,21513,2-s2.0-105002216943
21515,21515,2-s2.0-105001652453
21518,21518,2-s2.0-85080119306
21521,21521,2-s2.0-85077171387
21531,21531,2-s2.0-85078112919
21535,21535,2-s2.0-85078077716
21537,21537,2-s2.0-85078496575
21540,21540,2-s2.0-85078455668
21541,21541,2-s2.0-85078449015
21543,21543,2-s2.0-85078437190
21544,21544,2-s2.0-85079348480
21545,21545,2-s2.0-85077721518
21547,21547,2-s2.0-85077713907
21548,21548,2-s2.0-85077709819
21550,21550,2-s2.0-85077685927
21552,21552,2-s2.0-85077679071
21554,21554,2-s2.0-85077873672
21556,21556,2-s2.0-85077816740
21559,21559,2-s2.0-85077813537
21560,21560,2-s2.0-85077791516
21562,21562,2-s2.0-85081025568
21564,21564,2-s2.0-85077817644
21567,21567,2-s2.0-85125216302
21570,21570,2-s2.0-85076708898
21574,21574,2-s2.0-85076444667
21576,21576,2-s2.0-85076422663
21577,21577,2-s2.0-85076419320
21578,21578,2-s2.0-85076408535
21579,21579,2-s2.0-85076406535
21580,21580,2-s2.0-85076401498
21581,21581,2-s2.0-85172132797
21584,21584,2-s2.0-85122756647
21589,21589,2-s2.0-85111621543
21590,21590,2-s2.0-85107580422
21595,21595,2-s2.0-85096603078
21598,21598,2-s2.0-85096585131
21600,21600,2-s2.0-85096578266
21601,21601,2-s2.0-85096574716
21606,21606,2-s2.0-85096542627
21607,21607,2-s2.0-85096542514
21610,21610,2-s2.0-85096518617
21613,21613,2-s2.0-85094638588
21614,21614,2-s2.0-85091428861
21615,21615,2-s2.0-85090975634
21621,21621,2-s2.0-85084750754
21623,21623,2-s2.0-85084732457
21625,21625,2-s2.0-85084146755
21627,21627,2-s2.0-85084062833
21628,21628,2-s2.0-85083305248
21630,21630,2-s2.0-85082386281
21631,21631,2-s2.0-85081712596
21633,21633,2-s2.0-85080970737
21635,21635,2-s2.0-85080902832
21636,21636,2-s2.0-85080902233
21638,21638,2-s2.0-85080891183
21642,21642,2-s2.0-85079413655
21643,21643,2-s2.0-85078730648
21644,21644,2-s2.0-85078616711
21649,21649,2-s2.0-85077551763
21654,21654,2-s2.0-85077345689
21655,21655,2-s2.0-85077311889
21656,21656,2-s2.0-85077307513
21657,21657,2-s2.0-85077046491
21661,21661,2-s2.0-85076894070
21662,21662,2-s2.0-85076878230
21663,21663,2-s2.0-85076788827
21667,21667,2-s2.0-85076754619
21669,21669,2-s2.0-85076674468
21671,21671,2-s2.0-85076446356
21674,21674,2-s2.0-85076298818
21676,21676,2-s2.0-85075894230
21677,21677,2-s2.0-85075800358
21679,21679,2-s2.0-85075779431
21680,21680,2-s2.0-85075749893
21685,21685,2-s2.0-85074813969
21686,21686,2-s2.0-85074737382
21687,21687,2-s2.0-85074712895
21688,21688,2-s2.0-85074506004
21692,21692,2-s2.0-85074352869
21694,21694,2-s2.0-85074128948
21695,21695,2-s2.0-85073918732
21697,21697,2-s2.0-85073831617
21700,21700,2-s2.0-85073249964
21701,21701,2-s2.0-85073078561
21703,21703,2-s2.0-85072553184
21704,21704,2-s2.0-85071274876
21705,21705,2-s2.0-85071039389
21707,21707,2-s2.0-85070722110
21708,21708,2-s2.0-85070632977
21709,21709,2-s2.0-85070625040
21712,21712,2-s2.0-85069943138
21714,21714,2-s2.0-85068933353
21715,21715,2-s2.0-85068880809
21719,21719,2-s2.0-85066811905
21724,21724,2-s2.0-85065160867
21729,21729,2-s2.0-85064212645
21732,21732,2-s2.0-85062421587
21733,21733,2-s2.0-85061733849
21737,21737,2-s2.0-85056653356
21741,21741,2-s2.0-85054907705
21742,21742,2-s2.0-85049804897
21744,21744,2-s2.0-85042182030
21747,21747,2-s2.0-85136896020
21750,21750,2-s2.0-85136885331
21751,21751,2-s2.0-85136870359
21756,21756,2-s2.0-85078578612
21759,21759,2-s2.0-85078576661
21763,21763,2-s2.0-85078575003
21765,21765,2-s2.0-85078573830
21771,21771,2-s2.0-85077974078
21772,21772,2-s2.0-85077813383
21776,21776,2-s2.0-85077817369
21778,21778,2-s2.0-85066923220
21779,21779,2-s2.0-85076233476
21782,21782,2-s2.0-85076121291
21784,21784,2-s2.0-85076120541
21785,21785,2-s2.0-85076120508
21786,21786,2-s2.0-85076120361
21788,21788,2-s2.0-85076119779
21790,21790,2-s2.0-85076118862
21791,21791,2-s2.0-85076117398
21793,21793,2-s2.0-85076116834
21794,21794,2-s2.0-85076115333
21795,21795,2-s2.0-85076114776
21796,21796,2-s2.0-85076114048
21797,21797,2-s2.0-85076113530
21802,21802,2-s2.0-85076105115
21804,21804,2-s2.0-85076104067
21806,21806,2-s2.0-85076098024
21807,21807,2-s2.0-85076097834
21809,21809,2-s2.0-85076094215
21814,21814,2-s2.0-85076089289
21815,21815,2-s2.0-85076088761
21816,21816,2-s2.0-85076088517
21817,21817,2-s2.0-85076088164
21819,21819,2-s2.0-85076087345
21820,21820,2-s2.0-85076085234
21821,21821,2-s2.0-85076084688
21822,21822,2-s2.0-85076083379
21824,21824,2-s2.0-85076082293
21825,21825,2-s2.0-85077799377
21827,21827,2-s2.0-85077793450
21828,21828,2-s2.0-85076723647
21832,21832,2-s2.0-85078295450
21839,21839,2-s2.0-85077699596
21841,21841,2-s2.0-85077695235
21843,21843,2-s2.0-85077683021
21844,21844,2-s2.0-85077680267
21846,21846,2-s2.0-85077675218
21849,21849,2-s2.0-85076678434
21850,21850,2-s2.0-85073260311
21852,21852,2-s2.0-85070502196
21854,21854,2-s2.0-85053895802
21859,21859,2-s2.0-85075398523
21863,21863,2-s2.0-85075390049
21864,21864,2-s2.0-85075388409
21865,21865,2-s2.0-85075386825
21867,21867,2-s2.0-85075384564
21868,21868,2-s2.0-85075381918
21870,21870,2-s2.0-85075375942
21871,21871,2-s2.0-85075372815
21872,21872,2-s2.0-85075372111
21873,21873,2-s2.0-85075371584
21874,21874,2-s2.0-85075369014
21876,21876,2-s2.0-85075365018
21879,21879,2-s2.0-85075355606
21881,21881,2-s2.0-85075355340
21882,21882,2-s2.0-85075350527
21887,21887,2-s2.0-85075338203
21888,21888,2-s2.0-85075333872
21889,21889,2-s2.0-85075333651
21890,21890,2-s2.0-85075328571
21894,21894,2-s2.0-85076774250
21895,21895,2-s2.0-85076771438
21897,21897,2-s2.0-85076764582
21898,21898,2-s2.0-85076730493
21899,21899,2-s2.0-85076730466
21900,21900,2-s2.0-85076697629
21903,21903,2-s2.0-85076671365
21905,21905,2-s2.0-85075396989
21906,21906,2-s2.0-85075391033
21908,21908,2-s2.0-85075381901
21913,21913,2-s2.0-85075348292
21914,21914,2-s2.0-85075347898
21916,21916,2-s2.0-85075333896
21917,21917,2-s2.0-85075330829
21919,21919,2-s2.0-85048360935
21920,21920,2-s2.0-85081368594
21930,21930,2-s2.0-85081189713
21931,21931,2-s2.0-85076139922
21932,21932,2-s2.0-85079065125
21934,21934,2-s2.0-85074466554
21936,21936,2-s2.0-85063880588
21937,21937,2-s2.0-85048128420
21938,21938,2-s2.0-85185446528
21939,21939,2-s2.0-85168509845
21940,21940,2-s2.0-85089385960
21943,21943,2-s2.0-85082985087
21945,21945,2-s2.0-85082391233
21950,21950,2-s2.0-85081067970
21958,21958,2-s2.0-85079268705
21960,21960,2-s2.0-85078915146
21962,21962,2-s2.0-85078878491
21963,21963,2-s2.0-85078707161
21964,21964,2-s2.0-85078665150
21965,21965,2-s2.0-85078659586
21970,21970,2-s2.0-85075658919
21971,21971,2-s2.0-85075595666
21973,21973,2-s2.0-85075506208
21974,21974,2-s2.0-85075503173
21975,21975,2-s2.0-85075493526
21976,21976,2-s2.0-85075483752
21978,21978,2-s2.0-85075477971
21979,21979,2-s2.0-85075369044
21981,21981,2-s2.0-85075251211
21982,21982,2-s2.0-85075249401
21983,21983,2-s2.0-85075079584
21986,21986,2-s2.0-85075046197
21989,21989,2-s2.0-85074478092
21990,21990,2-s2.0-85074370790
21991,21991,2-s2.0-85074368476
21994,21994,2-s2.0-85074293404
21997,21997,2-s2.0-85073920274
21999,21999,2-s2.0-85073538867
22000,22000,2-s2.0-85073530597
22002,22002,2-s2.0-85073007121
22003,22003,2-s2.0-85072629210
22005,22005,2-s2.0-85072250520
22006,22006,2-s2.0-85072225064
22008,22008,2-s2.0-85071304611
22009,22009,2-s2.0-85071093753
22012,22012,2-s2.0-85069836852
22014,22014,2-s2.0-85068876256
22016,22016,2-s2.0-85068185598
22017,22017,2-s2.0-85068111977
22018,22018,2-s2.0-85067897496
22019,22019,2-s2.0-85065412468
22021,22021,2-s2.0-85063094769
22022,22022,2-s2.0-85059100387
22024,22024,2-s2.0-85056352713
22029,22029,2-s2.0-85043718383
22030,22030,2-s2.0-85043715330
22031,22031,2-s2.0-85042448361
22032,22032,2-s2.0-85042075866
22034,22034,2-s2.0-85081369936
22036,22036,2-s2.0-85074952338
22038,22038,2-s2.0-85074941409
22041,22041,2-s2.0-85074919960
22042,22042,2-s2.0-85074919366
22046,22046,2-s2.0-85074905853
22048,22048,2-s2.0-85122226782
22050,22050,2-s2.0-85080089791
22053,22053,2-s2.0-85079069452
22054,22054,2-s2.0-85079059037
22055,22055,2-s2.0-85079058120
22063,22063,2-s2.0-85075257874
22065,22065,2-s2.0-85075256646
22069,22069,2-s2.0-85075254915
22070,22070,2-s2.0-85075254536
22072,22072,2-s2.0-85075252521
22076,22076,2-s2.0-85075250783
22077,22077,2-s2.0-85075250561
22079,22079,2-s2.0-85075248318
22080,22080,2-s2.0-85075248217
22084,22084,2-s2.0-85075245302
22085,22085,2-s2.0-85075242429
22094,22094,2-s2.0-85075232639
22095,22095,2-s2.0-85075232260
22096,22096,2-s2.0-85075232123
22097,22097,2-s2.0-85075231237
22098,22098,2-s2.0-85075230825
22100,22100,2-s2.0-85075228695
22101,22101,2-s2.0-85075228678
22102,22102,2-s2.0-85074926747
22105,22105,2-s2.0-85074835847
22106,22106,2-s2.0-85072114174
22107,22107,2-s2.0-85074894129
22108,22108,2-s2.0-85069522150
22109,22109,2-s2.0-85065429801
22110,22110,2-s2.0-85063348728
22111,22111,2-s2.0-85063335939
22112,22112,2-s2.0-85063228901
22113,22113,2-s2.0-85061184137
22114,22114,2-s2.0-85061089331
22116,22116,2-s2.0-85074846106
22117,22117,2-s2.0-85074359493
22119,22119,2-s2.0-85050964643
22121,22121,2-s2.0-85075023089
22122,22122,2-s2.0-85075481336
22127,22127,2-s2.0-85075442316
22128,22128,2-s2.0-85075441587
22129,22129,2-s2.0-85075435648
22130,22130,2-s2.0-85075432366
22131,22131,2-s2.0-85075421031
22133,22133,2-s2.0-85054496880
22134,22134,2-s2.0-85101863121
22137,22137,2-s2.0-85071645882
22138,22138,2-s2.0-85125021601
22139,22139,2-s2.0-85074199781
22144,22144,2-s2.0-85073254894
22146,22146,2-s2.0-85073250342
22151,22151,2-s2.0-85073236376
22158,22158,2-s2.0-85073217725
22159,22159,2-s2.0-85073215870
22161,22161,2-s2.0-85073208280
22162,22162,2-s2.0-85073205908
22165,22165,2-s2.0-85073194123
22170,22170,2-s2.0-85071966497
22173,22173,2-s2.0-85070901151
22177,22177,2-s2.0-85071733489
22179,22179,2-s2.0-85071309577
22180,22180,2-s2.0-85071150971
22182,22182,2-s2.0-85070215367
22183,22183,2-s2.0-85068785611
22184,22184,2-s2.0-85068498141
22186,22186,2-s2.0-85065524961
22187,22187,2-s2.0-85061838812
22189,22189,2-s2.0-85151326648
22190,22190,2-s2.0-85150742412
22199,22199,2-s2.0-85108977382
22202,22202,2-s2.0-85090544280
22204,22204,2-s2.0-85084823372
22207,22207,2-s2.0-85084340472
22210,22210,2-s2.0-85082504042
22214,22214,2-s2.0-85082491002
22215,22215,2-s2.0-85082482325
22216,22216,2-s2.0-85082481641
22220,22220,2-s2.0-85082459872
22222,22222,2-s2.0-85082449151
22224,22224,2-s2.0-85082443459
22228,22228,2-s2.0-85082436266
22234,22234,2-s2.0-85081591023
22235,22235,2-s2.0-85081140248
22240,22240,2-s2.0-85081117456
22241,22241,2-s2.0-85081116816
22242,22242,2-s2.0-85081114764
22244,22244,2-s2.0-85081045984
22247,22247,2-s2.0-85079535692
22248,22248,2-s2.0-85079291678
22249,22249,2-s2.0-85079287467
22250,22250,2-s2.0-85079271126
22252,22252,2-s2.0-85079077844
22253,22253,2-s2.0-85078209218
22256,22256,2-s2.0-85078170937
22259,22259,2-s2.0-85078096530
22261,22261,2-s2.0-85078064317
22262,22262,2-s2.0-85078048000
22263,22263,2-s2.0-85078035763
22264,22264,2-s2.0-85077983372
22265,22265,2-s2.0-85077236876
22268,22268,2-s2.0-85077037695
22270,22270,2-s2.0-85075624879
22272,22272,2-s2.0-85075025173
22278,22278,2-s2.0-85074194645
22279,22279,2-s2.0-85074175739
22281,22281,2-s2.0-85074012404
22282,22282,2-s2.0-85074009346
22285,22285,2-s2.0-85073923797
22286,22286,2-s2.0-85073808933
22287,22287,2-s2.0-85073749086
22288,22288,2-s2.0-85073671797
22289,22289,2-s2.0-85073618660
22290,22290,2-s2.0-85073475105
22292,22292,2-s2.0-85073217397
22294,22294,2-s2.0-85073183421
22295,22295,2-s2.0-85073077613
22297,22297,2-s2.0-85072708904
22298,22298,2-s2.0-85072570880
22300,22300,2-s2.0-85072226560
22302,22302,2-s2.0-85072084973
22306,22306,2-s2.0-85070838423
22308,22308,2-s2.0-85068997122
22309,22309,2-s2.0-85068649704
22311,22311,2-s2.0-85067959303
22319,22319,2-s2.0-85065340784
22322,22322,2-s2.0-85064346921
22324,22324,2-s2.0-85061215450
22327,22327,2-s2.0-85060709207
22333,22333,2-s2.0-85048071236
22335,22335,2-s2.0-85041500659
22336,22336,2-s2.0-85040772751
22338,22338,2-s2.0-105002990075
22339,22339,2-s2.0-85074917156
22340,22340,2-s2.0-85177474823
22342,22342,2-s2.0-85076746245
22343,22343,2-s2.0-85084225799
22346,22346,2-s2.0-85073344052
22347,22347,2-s2.0-85073339103
22349,22349,2-s2.0-85089038311
22350,22350,2-s2.0-85086753811
22351,22351,2-s2.0-85086753201
22352,22352,2-s2.0-85072639118
22353,22353,2-s2.0-85074363138
22356,22356,2-s2.0-85073159987
22359,22359,2-s2.0-85070380180
22361,22361,2-s2.0-85068035701
22363,22363,2-s2.0-85066890611
22364,22364,2-s2.0-85064217444
22365,22365,2-s2.0-85061696316
22366,22366,2-s2.0-85055862047
22368,22368,2-s2.0-85069540395
22370,22370,2-s2.0-85077352018
22372,22372,2-s2.0-85079869232
22374,22374,2-s2.0-85072678375
22375,22375,2-s2.0-85072676533
22377,22377,2-s2.0-85072662492
22381,22381,2-s2.0-85073195982
22383,22383,2-s2.0-85074067305
22384,22384,2-s2.0-85074060911
22389,22389,2-s2.0-85072560890
22390,22390,2-s2.0-85071761728
22392,22392,2-s2.0-85066092058
22393,22393,2-s2.0-85065157894
22394,22394,2-s2.0-85064506430
22396,22396,2-s2.0-85063625335
22397,22397,2-s2.0-85045219930
22398,22398,2-s2.0-85076091365
22399,22399,2-s2.0-85075722316
22401,22401,2-s2.0-85074375927
22402,22402,2-s2.0-85073829622
22408,22408,2-s2.0-85096589360
22409,22409,2-s2.0-85092376383
22410,22410,2-s2.0-85092343215
22412,22412,2-s2.0-85088166141
22413,22413,2-s2.0-85087648417
22415,22415,2-s2.0-85084918800
22421,22421,2-s2.0-85081199053
22425,22425,2-s2.0-85078003033
22426,22426,2-s2.0-85077778173
22427,22427,2-s2.0-85077771461
22428,22428,2-s2.0-85077134193
22431,22431,2-s2.0-85076711513
22433,22433,2-s2.0-85075370523
22434,22434,2-s2.0-85075020556
22436,22436,2-s2.0-85074928885
22440,22440,2-s2.0-85074203181
22441,22441,2-s2.0-85074188421
22443,22443,2-s2.0-85073798782
22444,22444,2-s2.0-85073714399
22446,22446,2-s2.0-85073574098
22447,22447,2-s2.0-85073547672
22450,22450,2-s2.0-85073533457
22451,22451,2-s2.0-85073477929
22454,22454,2-s2.0-85073444289
22455,22455,2-s2.0-85073360320
22457,22457,2-s2.0-85072675800
22459,22459,2-s2.0-85072574265
22462,22462,2-s2.0-85072049075
22465,22465,2-s2.0-85071715295
22466,22466,2-s2.0-85071549888
22467,22467,2-s2.0-85071440994
22470,22470,2-s2.0-85071000574
22471,22471,2-s2.0-85070894958
22474,22474,2-s2.0-85070643537
22478,22478,2-s2.0-85069748785
22480,22480,2-s2.0-85069556680
22481,22481,2-s2.0-85068844432
22487,22487,2-s2.0-85065835961
22489,22489,2-s2.0-85063910258
22490,22490,2-s2.0-85063321234
22491,22491,2-s2.0-85061922559
22499,22499,2-s2.0-85072088424
22501,22501,2-s2.0-85072075544
22504,22504,2-s2.0-85071457975
22506,22506,2-s2.0-85072819353
22508,22508,2-s2.0-85072107666
22509,22509,2-s2.0-85071611468
22510,22510,2-s2.0-85071562324
22511,22511,2-s2.0-85065080555
22512,22512,2-s2.0-85064631412
22513,22513,2-s2.0-85063732518
22514,22514,2-s2.0-85055703897
22515,22515,2-s2.0-85053338016
22517,22517,2-s2.0-85072228565
22518,22518,2-s2.0-85072195383
22519,22519,2-s2.0-85072161412
22521,22521,2-s2.0-85073674311
22522,22522,2-s2.0-85058955914
22523,22523,2-s2.0-85051628652
22524,22524,2-s2.0-85050680075
22529,22529,2-s2.0-85131289179
22534,22534,2-s2.0-85067698732
22538,22538,2-s2.0-85066979000
22539,22539,2-s2.0-85064093595
22540,22540,2-s2.0-85042227797
22541,22541,2-s2.0-85077830518
22547,22547,2-s2.0-85100658602
22549,22549,2-s2.0-85087843761
22550,22550,2-s2.0-85087813834
22551,22551,2-s2.0-85087809436
22552,22552,2-s2.0-85083660406
22553,22553,2-s2.0-85079329372
22555,22555,2-s2.0-85075637471
22556,22556,2-s2.0-85074991355
22564,22564,2-s2.0-85073326142
22567,22567,2-s2.0-85073270544
22569,22569,2-s2.0-85073265643
22570,22570,2-s2.0-85073254767
22579,22579,2-s2.0-85071875228
22581,22581,2-s2.0-85071162821
22582,22582,2-s2.0-85070572321
22583,22583,2-s2.0-85070468737
22585,22585,2-s2.0-85070460355
22586,22586,2-s2.0-85069956943
22587,22587,2-s2.0-85069698548
22588,22588,2-s2.0-85069615583
22590,22590,2-s2.0-85068796439
22591,22591,2-s2.0-85067596769
22595,22595,2-s2.0-85066781540
22598,22598,2-s2.0-85064449138
22601,22601,2-s2.0-85063006534
22602,22602,2-s2.0-85062669225
22604,22604,2-s2.0-85059865670
22606,22606,2-s2.0-85058931874
22608,22608,2-s2.0-85071322200
22609,22609,2-s2.0-85071310680
22613,22613,2-s2.0-105005020776
22614,22614,2-s2.0-85172599267
22620,22620,2-s2.0-85069959481
22621,22621,2-s2.0-85076657600
22622,22622,2-s2.0-85072563093
22624,22624,2-s2.0-85069233087
22625,22625,2-s2.0-85057978420
22626,22626,2-s2.0-85056311017
22628,22628,2-s2.0-85067078954
22632,22632,2-s2.0-85115158183
22633,22633,2-s2.0-85083658242
22634,22634,2-s2.0-85072884045
22635,22635,2-s2.0-85072881401
22637,22637,2-s2.0-85066070335
22638,22638,2-s2.0-85065091351
22639,22639,2-s2.0-85065089219
22641,22641,2-s2.0-85063963647
22646,22646,2-s2.0-85055484478
22647,22647,2-s2.0-85055434690
22648,22648,2-s2.0-85055040701
22649,22649,2-s2.0-85054492090
22650,22650,2-s2.0-85052088888
22652,22652,2-s2.0-85092049624
22656,22656,2-s2.0-85070656506
22664,22664,2-s2.0-85068044771
22665,22665,2-s2.0-85065708292
22667,22667,2-s2.0-85065669899
22669,22669,2-s2.0-85064601618
22674,22674,2-s2.0-85053303720
22675,22675,2-s2.0-85070933794
22676,22676,2-s2.0-85070933482
22678,22678,2-s2.0-85070891309
22679,22679,2-s2.0-85070886062
22680,22680,2-s2.0-85070885962
22684,22684,2-s2.0-85122528225
22686,22686,2-s2.0-85094677024
22687,22687,2-s2.0-85085604332
22691,22691,2-s2.0-85078540873
22696,22696,2-s2.0-85075030848
22698,22698,2-s2.0-85073896585
22699,22699,2-s2.0-85073498636
22701,22701,2-s2.0-85073317918
22705,22705,2-s2.0-85072916948
22706,22706,2-s2.0-85072708198
22707,22707,2-s2.0-85072206455
22710,22710,2-s2.0-85071747939
22711,22711,2-s2.0-85071719397
22713,22713,2-s2.0-85071239775
22714,22714,2-s2.0-85071194687
22715,22715,2-s2.0-85071042871
22716,22716,2-s2.0-85071036941
22720,22720,2-s2.0-85070612426
22724,22724,2-s2.0-85069956238
22725,22725,2-s2.0-85069668011
22729,22729,2-s2.0-85068269212
22730,22730,2-s2.0-85068263485
22732,22732,2-s2.0-85068260859
22733,22733,2-s2.0-85068259773
22734,22734,2-s2.0-85068250187
22735,22735,2-s2.0-85067841113
22736,22736,2-s2.0-85067624757
22738,22738,2-s2.0-85066865133
22739,22739,2-s2.0-85066847185
22741,22741,2-s2.0-85066273318
22743,22743,2-s2.0-85064007951
22744,22744,2-s2.0-85063771510
22746,22746,2-s2.0-85062912898
22747,22747,2-s2.0-85062821485
22748,22748,2-s2.0-85062490253
22749,22749,2-s2.0-85062037395
22750,22750,2-s2.0-85057231814
22751,22751,2-s2.0-85055714581
22752,22752,2-s2.0-85055547820
22753,22753,2-s2.0-85053400675
22757,22757,2-s2.0-85150057026
22758,22758,2-s2.0-85072526574
22759,22759,2-s2.0-85071420395
22765,22765,2-s2.0-85071148281
22767,22767,2-s2.0-85068720244
22771,22771,2-s2.0-85144702844
22772,22772,2-s2.0-85106845168
22774,22774,2-s2.0-85079652165
22775,22775,2-s2.0-85068139660
22778,22778,2-s2.0-85073049821
22780,22780,2-s2.0-85069973089
22783,22783,2-s2.0-85069964302
22785,22785,2-s2.0-85069953910
22786,22786,2-s2.0-85147179960
22787,22787,2-s2.0-85072232707
22788,22788,2-s2.0-85072216308
22791,22791,2-s2.0-85097574909
22792,22792,2-s2.0-85078813660
22793,22793,2-s2.0-85078813087
22795,22796,2-s2.0-85078812768
22796,22797,2-s2.0-85078812624
22797,22798,2-s2.0-85078809298
22798,22799,2-s2.0-85078809089
22799,22800,2-s2.0-85078809050
22801,22802,2-s2.0-85078807904
22802,22803,2-s2.0-85078807001
22803,22804,2-s2.0-85078806097
22804,22805,2-s2.0-85078806032
22805,22806,2-s2.0-85078805756
22806,22807,2-s2.0-85078805314
22807,22808,2-s2.0-85078804099
22808,22809,2-s2.0-85078803760
22809,22810,2-s2.0-85078801515
22814,22815,2-s2.0-85078797939
22816,22817,2-s2.0-85078797507
22819,22820,2-s2.0-85078796046
22822,22823,2-s2.0-85078794593
22823,22824,2-s2.0-85078793606
22827,22828,2-s2.0-85078791377
22828,22829,2-s2.0-85078791284
22829,22830,2-s2.0-85078791120
22830,22831,2-s2.0-85078790581
22831,22832,2-s2.0-85078790338
22833,22834,2-s2.0-85078790019
22834,22835,2-s2.0-85078788844
22836,22837,2-s2.0-85078786841
22837,22838,2-s2.0-85078786826
22838,22839,2-s2.0-85078786750
22839,22840,2-s2.0-85078786471
22840,22841,2-s2.0-85078786381
22843,22844,2-s2.0-85078784327
22845,22846,2-s2.0-85078784248
22846,22847,2-s2.0-85078783946
22847,22848,2-s2.0-85078783634
22848,22849,2-s2.0-85078783478
22849,22850,2-s2.0-85078782747
22850,22851,2-s2.0-85078782318
22857,22858,2-s2.0-85078777763
22859,22860,2-s2.0-85078775899
22860,22861,2-s2.0-85078775545
22864,22865,2-s2.0-85078773655
22866,22867,2-s2.0-85078773366
22872,22873,2-s2.0-85078769340
22874,22875,2-s2.0-85078769050
22879,22880,2-s2.0-85078764283
22880,22881,2-s2.0-85078762594
22884,22885,2-s2.0-85078757491
22890,22891,2-s2.0-85078752291
22891,22892,2-s2.0-85078751816
22892,22893,2-s2.0-85078747726
22894,22895,2-s2.0-85078747642
22898,22899,2-s2.0-85078744434
22903,22904,2-s2.0-85078738960
22905,22906,2-s2.0-85078737544
22906,22907,2-s2.0-85078737484
22910,22911,2-s2.0-85078736519
22911,22912,2-s2.0-85078736472
22912,22913,2-s2.0-85078735663
22917,22918,2-s2.0-85078730890
22919,22920,2-s2.0-85078729341
22921,22922,2-s2.0-85078728764
22923,22924,2-s2.0-85078727821
22924,22925,2-s2.0-85078727253
22926,22927,2-s2.0-85078726815
22928,22929,2-s2.0-85078726648
22929,22930,2-s2.0-85078726505
22931,22932,2-s2.0-85078725690
22933,22934,2-s2.0-85078724961
22936,22937,2-s2.0-85078723431
22937,22938,2-s2.0-85078723092
22942,22943,2-s2.0-85078720444
22944,22945,2-s2.0-85078720165
22945,22946,2-s2.0-85078717227
22952,22953,2-s2.0-85067256614
22954,22955,2-s2.0-85065741977
22957,22958,2-s2.0-85065715600
22958,22959,2-s2.0-85062643107
22960,22961,2-s2.0-85060632473
22961,22962,2-s2.0-85057130008
22963,22964,2-s2.0-85052595083
22965,22966,2-s2.0-85048682836
22967,22968,2-s2.0-85046467460
22971,22972,2-s2.0-85068763742
22972,22973,2-s2.0-85060032226
22973,22974,2-s2.0-85068053892
22974,22975,2-s2.0-85067831000
22976,22977,2-s2.0-85067816069
22979,22980,2-s2.0-85067783787
22981,22982,2-s2.0-85035791277
22986,22987,2-s2.0-85067175054
22987,22988,2-s2.0-85111692100
22988,22989,2-s2.0-85103693543
22989,22990,2-s2.0-85081615539
22990,22991,2-s2.0-85081175643
22991,22992,2-s2.0-85078792740
22992,22993,2-s2.0-85078621206
22993,22994,2-s2.0-85078590313
22994,22995,2-s2.0-85077576025
22997,22998,2-s2.0-85074332319
22998,22999,2-s2.0-85073288719
22999,23000,2-s2.0-85073216090
23000,23001,2-s2.0-85072615269
23001,23002,2-s2.0-85072601126
23003,23004,2-s2.0-85072143526
23004,23005,2-s2.0-85071657054
23008,23009,2-s2.0-85070591824
23011,23012,2-s2.0-85070103869
23012,23013,2-s2.0-85070087609
23015,23016,2-s2.0-85069480223
23016,23017,2-s2.0-85069261018
23023,23024,2-s2.0-85067398059
23025,23026,2-s2.0-85067282052
23030,23031,2-s2.0-85066504858
23034,23035,2-s2.0-85065843919
23037,23038,2-s2.0-85065589984
23040,23041,2-s2.0-85065429150
23043,23044,2-s2.0-85064659799
23044,23045,2-s2.0-85064652096
23049,23050,2-s2.0-85063942078
23051,23052,2-s2.0-85062823463
23053,23054,2-s2.0-85062793104
23054,23055,2-s2.0-85062721536
23055,23056,2-s2.0-85062701609
23056,23057,2-s2.0-85061432275
23058,23059,2-s2.0-85061005420
23061,23062,2-s2.0-85059861782
23062,23063,2-s2.0-85059844628
23067,23068,2-s2.0-85058422217
23068,23069,2-s2.0-85057310904
23070,23071,2-s2.0-85055541132
23071,23072,2-s2.0-85052932234
23072,23073,2-s2.0-85050582529
23074,23075,2-s2.0-85049583270
23076,23077,2-s2.0-85067129895
23077,23078,2-s2.0-85077785233
23079,23080,2-s2.0-85068875091
23080,23081,2-s2.0-85068838966
23081,23082,2-s2.0-85063678929
23082,23083,2-s2.0-85061315464
23083,23084,2-s2.0-85072168136
23086,23087,2-s2.0-85053727538
23087,23088,2-s2.0-85052159985
23098,23099,2-s2.0-85067070595
23100,23101,2-s2.0-85067011956
23102,23103,2-s2.0-85065738830
23103,23104,2-s2.0-85065015843
23105,23106,2-s2.0-85071387044
23106,23107,2-s2.0-85069794330
23108,23109,2-s2.0-85065973152
23109,23110,2-s2.0-85065968930
23110,23111,2-s2.0-85063891508
23113,23114,2-s2.0-85066916644
23114,23115,2-s2.0-85066909133
23117,23118,2-s2.0-85066901449
23118,23119,2-s2.0-85066890642
23119,23120,2-s2.0-85066883948
23121,23122,2-s2.0-85081328690
23122,23123,2-s2.0-85081179739
23126,23127,2-s2.0-85071016880
23127,23128,2-s2.0-85070113421
23132,23133,2-s2.0-85063214341
23133,23134,2-s2.0-85062533512
23139,23140,2-s2.0-85048745777
23145,23146,2-s2.0-85067301117
23146,23147,2-s2.0-85067295224
23149,23150,2-s2.0-85147968976
23150,23151,2-s2.0-85128342552
23151,23152,2-s2.0-85106856156
23152,23153,2-s2.0-85106844622
23157,23158,2-s2.0-85106770016
23160,23161,2-s2.0-85078042157
23161,23162,2-s2.0-85076005976
23163,23164,2-s2.0-85074877562
23166,23167,2-s2.0-85073783216
23167,23168,2-s2.0-85073745116
23168,23169,2-s2.0-85073694102
23170,23171,2-s2.0-85072845554
23174,23175,2-s2.0-85070289829
23187,23188,2-s2.0-85067566876
23190,23191,2-s2.0-85066958196
23191,23192,2-s2.0-85066434190
23192,23193,2-s2.0-85066316782
23193,23194,2-s2.0-85066133142
23194,23195,2-s2.0-85066061427
23195,23196,2-s2.0-85065965318
23196,23197,2-s2.0-85065957300
23197,23198,2-s2.0-85065833073
23199,23200,2-s2.0-85065552325
23202,23203,2-s2.0-85064255764
23203,23204,2-s2.0-85063762919
23204,23205,2-s2.0-85063058833
23206,23207,2-s2.0-85062960941
23207,23208,2-s2.0-85062688872
23210,23211,2-s2.0-85060857748
23214,23215,2-s2.0-85059849025
23217,23218,2-s2.0-85057439100
23218,23219,2-s2.0-85054325708
23220,23221,2-s2.0-85052649639
23222,23223,2-s2.0-85052519081
23224,23225,2-s2.0-85050632351
23234,23235,2-s2.0-85065414607
23240,23241,2-s2.0-85065318918
23241,23242,2-s2.0-85065316796
23248,23249,2-s2.0-85065308432
23249,23250,2-s2.0-85065307447
23252,23253,2-s2.0-85065300263
23253,23254,2-s2.0-85065296869
23256,23257,2-s2.0-85065293091
23259,23260,2-s2.0-85066403636
23261,23262,2-s2.0-85064981885
23262,23263,2-s2.0-85067299877
23264,23265,2-s2.0-85065431339
23265,23266,2-s2.0-85063776577
23266,23267,2-s2.0-85052057926
23267,23268,2-s2.0-85065915659
23268,23269,2-s2.0-85061732578
23270,23271,2-s2.0-85070369938
23271,23272,2-s2.0-85065626081
23272,23273,2-s2.0-85065613772
23277,23278,2-s2.0-85052155643
23281,23282,2-s2.0-85044115998
23282,23283,2-s2.0-85043465168
23285,23286,2-s2.0-85096990514
23289,23290,2-s2.0-85087561831
23290,23291,2-s2.0-85063198778
23292,23293,2-s2.0-85083854523
23296,23297,2-s2.0-85064879410
23300,23301,2-s2.0-85064856775
23301,23302,2-s2.0-85062825588
23303,23304,2-s2.0-85063987640
23307,23308,2-s2.0-85065714665
23309,23310,2-s2.0-85065401887
23311,23312,2-s2.0-85064695480
23313,23314,2-s2.0-85063889414
23315,23316,2-s2.0-85063882636
23316,23317,2-s2.0-85063880627
23319,23320,2-s2.0-85062445151
23320,23321,2-s2.0-85061454258
23321,23322,2-s2.0-85061434573
23322,23323,2-s2.0-85061291326
23323,23324,2-s2.0-85061256409
23326,23327,2-s2.0-85059172626
23329,23330,2-s2.0-85058127220
23331,23332,2-s2.0-85053545742
23334,23335,2-s2.0-85049130373
23335,23336,2-s2.0-85048762183
23337,23338,2-s2.0-85045754756
23338,23339,2-s2.0-85042921395
23339,23340,2-s2.0-85041341864
23342,23343,2-s2.0-85064047855
23343,23344,2-s2.0-85104693415
23348,23349,2-s2.0-85075721297
23349,23350,2-s2.0-85074215080
23351,23352,2-s2.0-85073299137
23352,23353,2-s2.0-85073100436
23354,23355,2-s2.0-85071369206
23355,23356,2-s2.0-85070700234
23357,23358,2-s2.0-85069186917
23358,23359,2-s2.0-85067516868
23359,23360,2-s2.0-85067516514
23361,23362,2-s2.0-85067486494
23362,23363,2-s2.0-85067485649
23364,23365,2-s2.0-85067468302
23365,23366,2-s2.0-85067465548
23366,23367,2-s2.0-85067460427
23367,23368,2-s2.0-85067456387
23369,23370,2-s2.0-85067443012
23370,23371,2-s2.0-85067431503
23377,23378,2-s2.0-85066624654
23378,23379,2-s2.0-85066436591
23381,23382,2-s2.0-85065398578
23382,23383,2-s2.0-85065316271
23385,23386,2-s2.0-85063873375
23389,23390,2-s2.0-85062835585
23390,23391,2-s2.0-85062819501
23392,23393,2-s2.0-85060764623
23394,23395,2-s2.0-85059855110
23396,23397,2-s2.0-85059801425
23397,23398,2-s2.0-85059475668
23398,23399,2-s2.0-85059270052
23401,23402,2-s2.0-85057449485
23403,23404,2-s2.0-85054458922
23406,23407,2-s2.0-85053378246
23409,23410,2-s2.0-85041600108
23413,23414,2-s2.0-85063904339
23417,23418,2-s2.0-85064945534
23420,23421,2-s2.0-85064416892
23425,23426,2-s2.0-85064382246
23426,23427,2-s2.0-85064377426
23427,23428,2-s2.0-85063526760
23429,23430,2-s2.0-85063233246
23431,23432,2-s2.0-85063230025
23433,23434,2-s2.0-85063207723
23435,23436,2-s2.0-85062282754
23436,23437,2-s2.0-85061190883
23437,23438,2-s2.0-85060661511
23438,23439,2-s2.0-85058114720
23441,23442,2-s2.0-85055896361
23442,23443,2-s2.0-85055891017
23443,23444,2-s2.0-85055873796
23444,23445,2-s2.0-85054906121
23445,23446,2-s2.0-85053507734
23446,23447,2-s2.0-85046029713
23449,23450,2-s2.0-85043721292
23453,23454,2-s2.0-85064416899
23454,23455,2-s2.0-85064409444
23456,23457,2-s2.0-85064577762
23457,23458,2-s2.0-85063912718
23460,23461,2-s2.0-85063410051
23461,23462,2-s2.0-85063409744
23465,23466,2-s2.0-85063400012
23468,23469,2-s2.0-85063399329
23470,23471,2-s2.0-85063395674
23471,23472,2-s2.0-85063394811
23472,23473,2-s2.0-85063394672
23473,23474,2-s2.0-85063394030
23475,23476,2-s2.0-85063391906
23476,23477,2-s2.0-85063391818
23477,23478,2-s2.0-85063390470
23478,23479,2-s2.0-85063390282
23479,23480,2-s2.0-85063389387
23481,23482,2-s2.0-85063388692
23482,23483,2-s2.0-85063387143
23485,23486,2-s2.0-85063382385
23486,23487,2-s2.0-85063381110
23488,23489,2-s2.0-85063380123
23489,23490,2-s2.0-85063380022
23491,23492,2-s2.0-85063371023
23492,23493,2-s2.0-85063370487
23493,23494,2-s2.0-85063369978
23494,23495,2-s2.0-85063369650
23497,23498,2-s2.0-85063367478
23498,23499,2-s2.0-85063367454
23501,23502,2-s2.0-85063365267
23502,23503,2-s2.0-85063365224
23503,23504,2-s2.0-85063347445
23507,23508,2-s2.0-85063101089
23508,23509,2-s2.0-85063095597
23512,23513,2-s2.0-85069168357
23514,23515,2-s2.0-85061433128
23515,23516,2-s2.0-85063058470
23517,23518,2-s2.0-85063046854
23520,23521,2-s2.0-85064349287
23521,23522,2-s2.0-85064344287
23522,23523,2-s2.0-85064334334
23523,23524,2-s2.0-85064332017
23525,23526,2-s2.0-85065095095
23527,23528,2-s2.0-85063904009
23528,23529,2-s2.0-85063369390
23529,23530,2-s2.0-85062801679
23532,23533,2-s2.0-85061828741
23533,23534,2-s2.0-85061268983
23536,23537,2-s2.0-85058778669
23537,23538,2-s2.0-85054394268
23541,23542,2-s2.0-85123445183
23544,23545,2-s2.0-85089866785
23546,23547,2-s2.0-85079616803
23549,23550,2-s2.0-85075027130
23550,23551,2-s2.0-85075020467
23554,23555,2-s2.0-85075009756
23557,23558,2-s2.0-85075004442
23559,23560,2-s2.0-85074999329
23560,23561,2-s2.0-85074998314
23563,23564,2-s2.0-85074995597
23564,23565,2-s2.0-85074994017
23565,23566,2-s2.0-85074993802
23569,23570,2-s2.0-85074981418
23579,23580,2-s2.0-85074784844
23583,23584,2-s2.0-85074760865
23589,23590,2-s2.0-85068595684
23591,23592,2-s2.0-85067660300
23594,23595,2-s2.0-85067602420
23596,23597,2-s2.0-85067502506
23597,23598,2-s2.0-85067500879
23601,23602,2-s2.0-85065310024
23602,23603,2-s2.0-85065309681
23603,23604,2-s2.0-85065076702
23605,23606,2-s2.0-85063753715
23606,23607,2-s2.0-85063738828
23608,23609,2-s2.0-85063526856
23611,23612,2-s2.0-85062898622
23612,23613,2-s2.0-85062732057
23617,23618,2-s2.0-85061986675
23618,23619,2-s2.0-85061832834
23620,23621,2-s2.0-85061291288
23624,23625,2-s2.0-85060543862
23625,23626,2-s2.0-85060204388
23627,23628,2-s2.0-85058801140
23629,23630,2-s2.0-85056167672
23630,23631,2-s2.0-85055046832
23633,23634,2-s2.0-85054067480
23634,23635,2-s2.0-85053688258
23635,23636,2-s2.0-85053471703
23636,23637,2-s2.0-85051538991
23638,23639,2-s2.0-85049314497
23640,23641,2-s2.0-85048445680
23644,23645,2-s2.0-85045432185
23645,23646,2-s2.0-85045025873
23647,23648,2-s2.0-85043707592
23648,23649,2-s2.0-85042455061
23649,23650,2-s2.0-85040519901
23650,23651,2-s2.0-85038812636
23652,23653,2-s2.0-85063454299
23653,23654,2-s2.0-85064354617
23654,23655,2-s2.0-85064353489
23655,23656,2-s2.0-85064342669
23656,23657,2-s2.0-85062846003
23658,23659,2-s2.0-85062821813
23659,23660,2-s2.0-85062084436
23661,23662,2-s2.0-85064411597
23664,23665,2-s2.0-85064396601
23666,23667,2-s2.0-85064384868
23671,23672,2-s2.0-85063222149
23672,23673,2-s2.0-85063188659
23674,23675,2-s2.0-85050973858
23675,23676,2-s2.0-85050283490
23676,23677,2-s2.0-85039838090
23678,23679,2-s2.0-85061802612
23682,23683,2-s2.0-85037652304
23683,23684,2-s2.0-85033476283
23684,23685,2-s2.0-85021184654
23685,23686,2-s2.0-85021154242
23688,23689,2-s2.0-85061430406
23690,23691,2-s2.0-85061106993
23693,23694,2-s2.0-85061100668
23698,23699,2-s2.0-85057266702
23699,23700,2-s2.0-85062574116
23701,23702,2-s2.0-85061146385
23705,23706,2-s2.0-85061386953
23706,23707,2-s2.0-85040649685
23707,23708,2-s2.0-85141115136
23708,23709,2-s2.0-85096741424
23711,23712,2-s2.0-85068620828
23715,23716,2-s2.0-85064254445
23716,23717,2-s2.0-85063559674
23717,23718,2-s2.0-85063559095
23719,23720,2-s2.0-85062152374
23721,23722,2-s2.0-85061626775
23722,23723,2-s2.0-85060148000
23723,23724,2-s2.0-85060060346
23724,23725,2-s2.0-85059820638
23728,23729,2-s2.0-85058963111
23729,23730,2-s2.0-85058650034
23731,23732,2-s2.0-85058630335
23733,23734,2-s2.0-85058467603
23735,23736,2-s2.0-85056720194
23739,23740,2-s2.0-85055988974
23740,23741,2-s2.0-85053711687
23741,23742,2-s2.0-85053454159
23743,23744,2-s2.0-85050997108
23745,23746,2-s2.0-85049559282
23748,23749,2-s2.0-85045779396
23749,23750,2-s2.0-85044505821
23750,23751,2-s2.0-85020502648
23751,23752,2-s2.0-85017276360
23753,23754,2-s2.0-85061183044
23754,23755,2-s2.0-85078189255
23755,23756,2-s2.0-85041905908
23756,23757,2-s2.0-85061253138
23760,23761,2-s2.0-85057008448
23761,23762,2-s2.0-85127996947
23764,23765,2-s2.0-85131016272
23768,23769,2-s2.0-85041108781
23770,23771,2-s2.0-85031913994
23773,23774,2-s2.0-85067640831
23774,23775,2-s2.0-85064527806
23776,23777,2-s2.0-85123042558
23778,23779,2-s2.0-85059699099
23779,23780,2-s2.0-85056388966
23783,23784,2-s2.0-85059500701
23785,23786,2-s2.0-85068663864
23787,23788,2-s2.0-85064910990
23788,23789,2-s2.0-85063144718
23789,23790,2-s2.0-85062274450
23796,23797,2-s2.0-85060862335
23799,23800,2-s2.0-85059738413
23800,23801,2-s2.0-85059094484
23803,23804,2-s2.0-85057554269
23804,23805,2-s2.0-85057347325
23808,23809,2-s2.0-85055554767
23812,23813,2-s2.0-85049141519
23813,23814,2-s2.0-85048808910
23815,23816,2-s2.0-85045758473
23817,23818,2-s2.0-85041005360
23819,23820,2-s2.0-85032195159
23820,23821,2-s2.0-85019540811
23825,23826,2-s2.0-85197202941
23826,23827,2-s2.0-85195770244
23829,23830,2-s2.0-85180885789
23830,23831,2-s2.0-85180809274
23831,23832,2-s2.0-85180804339
23832,23833,2-s2.0-85180797513
23834,23835,2-s2.0-85180791206
23835,23836,2-s2.0-85180790566
23836,23837,2-s2.0-85180790153
23837,23838,2-s2.0-85180788318
23838,23839,2-s2.0-85180784735
23839,23840,2-s2.0-85180774177
23841,23842,2-s2.0-85180767744
23842,23843,2-s2.0-85180765917
23845,23846,2-s2.0-85180759071
23846,23847,2-s2.0-85180750885
23848,23849,2-s2.0-85180739269
23850,23851,2-s2.0-85180736996
23852,23853,2-s2.0-85180632494
23854,23855,2-s2.0-85180632347
23855,23856,2-s2.0-85180626982
23857,23858,2-s2.0-85180624537
23858,23859,2-s2.0-85180622233
23859,23860,2-s2.0-85173894865
23863,23864,2-s2.0-85173833941
23865,23866,2-s2.0-85173795282
23866,23867,2-s2.0-85168606074
23869,23870,2-s2.0-85168563344
23870,23871,2-s2.0-85168487104
23871,23872,2-s2.0-85163748144
23873,23874,2-s2.0-85160331261
23875,23876,2-s2.0-85153918385
23877,23878,2-s2.0-85151528808
23881,23882,2-s2.0-85151123716
23882,23883,2-s2.0-85151079507
23883,23884,2-s2.0-85151028846
23886,23887,2-s2.0-85150708963
23888,23889,2-s2.0-85150551145
23890,23891,2-s2.0-85150448868
23894,23895,2-s2.0-85149840684
23895,23896,2-s2.0-85149784500
23897,23898,2-s2.0-85149588116
23899,23900,2-s2.0-85149571501
23901,23902,2-s2.0-85149540611
23902,23903,2-s2.0-85149515089
23904,23905,2-s2.0-85149492937
23907,23908,2-s2.0-85149082299
23909,23910,2-s2.0-85148527021
23913,23914,2-s2.0-85147149949
23921,23922,2-s2.0-85143507557
23923,23924,2-s2.0-85142071429
23924,23925,2-s2.0-85142063944
23925,23926,2-s2.0-85142060118
23927,23928,2-s2.0-85142012257
23928,23929,2-s2.0-85141649696
23929,23930,2-s2.0-85141629152
23930,23931,2-s2.0-85141625338
23932,23933,2-s2.0-85141557283
23933,23934,2-s2.0-85141553610
23940,23941,2-s2.0-85141454796
23941,23942,2-s2.0-85141449716
23942,23943,2-s2.0-85141448700
23943,23944,2-s2.0-85141103013
23944,23945,2-s2.0-85141100742
23946,23947,2-s2.0-85141092403
23949,23950,2-s2.0-85141053501
23950,23951,2-s2.0-85141031184
23952,23953,2-s2.0-85140544718
23954,23955,2-s2.0-85139435155
23955,23956,2-s2.0-85139401477
23956,23957,2-s2.0-85138894044
23957,23958,2-s2.0-85137944155
23958,23959,2-s2.0-85136233482
23959,23960,2-s2.0-85135316236
23966,23967,2-s2.0-85133997887
23967,23968,2-s2.0-85133996618
23968,23969,2-s2.0-85133995688
23969,23970,2-s2.0-85133995151
23974,23975,2-s2.0-85133989411
23975,23976,2-s2.0-85133989123
23977,23978,2-s2.0-85133985351
23980,23981,2-s2.0-85131485931
23985,23986,2-s2.0-85129021140
23986,23987,2-s2.0-85128909795
23988,23989,2-s2.0-85128697231
23989,23990,2-s2.0-85128365798
23990,23991,2-s2.0-85127677606
23991,23992,2-s2.0-85126398425
23996,23997,2-s2.0-85124569471
23998,23999,2-s2.0-85124427346
23999,24000,2-s2.0-85124104980
24000,24001,2-s2.0-85122442015
24001,24002,2-s2.0-85122191878
24004,24005,2-s2.0-85121535459
24005,24006,2-s2.0-85120972712
24006,24007,2-s2.0-85119855334
24008,24009,2-s2.0-85119051484
24009,24010,2-s2.0-85118817992
24013,24014,2-s2.0-85118226561
24014,24015,2-s2.0-85118108942
24017,24018,2-s2.0-85117591856
24018,24019,2-s2.0-85117062991
24020,24021,2-s2.0-85116547276
24021,24022,2-s2.0-85116304119
24022,24023,2-s2.0-85115798623
24024,24025,2-s2.0-85115093665
24032,24033,2-s2.0-85112207148
24034,24035,2-s2.0-85111942013
24037,24038,2-s2.0-85111565555
24038,24039,2-s2.0-85111162344
24040,24041,2-s2.0-85109627829
24045,24046,2-s2.0-85105784147
24046,24047,2-s2.0-85105504768
24047,24048,2-s2.0-85105431464
24049,24050,2-s2.0-85105114727
24053,24054,2-s2.0-85104419168
24055,24056,2-s2.0-85104247212
24059,24060,2-s2.0-85103295208
24061,24062,2-s2.0-85102877257
24062,24063,2-s2.0-85102720982
24065,24066,2-s2.0-85101507263
24066,24067,2-s2.0-85100886051
24067,24068,2-s2.0-85100798833
24068,24069,2-s2.0-85100558070
24069,24070,2-s2.0-85100534372
24074,24075,2-s2.0-85099547698
24076,24077,2-s2.0-85099404354
24077,24078,2-s2.0-85099365843
24080,24081,2-s2.0-85099153785
24081,24082,2-s2.0-85099029681
24082,24083,2-s2.0-85098993857
24084,24085,2-s2.0-85098036067
24088,24089,2-s2.0-85098005021
24092,24093,2-s2.0-85097979101
24094,24095,2-s2.0-85097353231
24096,24097,2-s2.0-85096260385
24098,24099,2-s2.0-85095518655
24099,24100,2-s2.0-85095415797
24101,24102,2-s2.0-85094642025
24102,24103,2-s2.0-85094558023
24105,24106,2-s2.0-85093112157
24107,24108,2-s2.0-85093084423
24109,24110,2-s2.0-85093068514
24110,24111,2-s2.0-85092542483
24113,24114,2-s2.0-85091700301
24115,24116,2-s2.0-85091422903
24116,24117,2-s2.0-85091412569
24118,24119,2-s2.0-85091095583
24120,24121,2-s2.0-85090953144
24125,24126,2-s2.0-85089453890
24129,24130,2-s2.0-85088500561
24130,24131,2-s2.0-85088406763
24132,24133,2-s2.0-85087748252
24136,24137,2-s2.0-85087641284
24138,24139,2-s2.0-85087464764
24139,24140,2-s2.0-85086938913
24142,24143,2-s2.0-85086477805
24143,24144,2-s2.0-85086441262
24145,24146,2-s2.0-85086287850
24146,24147,2-s2.0-85086287154
24149,24150,2-s2.0-85085935925
24152,24153,2-s2.0-85085832591
24155,24156,2-s2.0-85085791901
24158,24159,2-s2.0-85085459573
24159,24160,2-s2.0-85085458507
24160,24161,2-s2.0-85085453286
24161,24162,2-s2.0-85085450960
24164,24165,2-s2.0-85085320905
24171,24172,2-s2.0-85084877431
24172,24173,2-s2.0-85084504883
24175,24176,2-s2.0-85084324260
24177,24178,2-s2.0-85084125170
24179,24180,2-s2.0-85083947269
24181,24182,2-s2.0-85083700359
24185,24186,2-s2.0-85083490166
24186,24187,2-s2.0-85083472773
24190,24191,2-s2.0-85083212493
24193,24194,2-s2.0-85083178394
24195,24196,2-s2.0-85083098931
24197,24198,2-s2.0-85082954859
24199,24200,2-s2.0-85082853166
24201,24202,2-s2.0-85082661690
24203,24204,2-s2.0-85082536636
24204,24205,2-s2.0-85082536117
24205,24206,2-s2.0-85082536052
24206,24207,2-s2.0-85082534569
24208,24209,2-s2.0-85082530926
24209,24210,2-s2.0-85082529613
24213,24214,2-s2.0-85082524318
24214,24215,2-s2.0-85082523334
24215,24216,2-s2.0-85082516651
24216,24217,2-s2.0-85082516530
24217,24218,2-s2.0-85082512210
24219,24220,2-s2.0-85082511107
24220,24221,2-s2.0-85082510486
24222,24223,2-s2.0-85082486827
24223,24224,2-s2.0-85082381296
24225,24226,2-s2.0-85082186124
24227,24228,2-s2.0-85082031460
24230,24231,2-s2.0-85081743242
24232,24233,2-s2.0-85081677580
24233,24234,2-s2.0-85081670883
24234,24235,2-s2.0-85081669374
24238,24239,2-s2.0-85081368327
24240,24241,2-s2.0-85081344128
24243,24244,2-s2.0-85081272814
24245,24246,2-s2.0-85080955761
24247,24248,2-s2.0-85080895101
24251,24252,2-s2.0-85080124404
24255,24256,2-s2.0-85079780536
24256,24257,2-s2.0-85079755425
24257,24258,2-s2.0-85079691497
24259,24260,2-s2.0-85079523528
24260,24261,2-s2.0-85079501092
24261,24262,2-s2.0-85079431013
24264,24265,2-s2.0-85079413060
24266,24267,2-s2.0-85079401915
24267,24268,2-s2.0-85079399973
24268,24269,2-s2.0-85079395564
24269,24270,2-s2.0-85079395117
24270,24271,2-s2.0-85079393580
24271,24272,2-s2.0-85079383107
24272,24273,2-s2.0-85079382868
24273,24274,2-s2.0-85079381071
24275,24276,2-s2.0-85079367935
24276,24277,2-s2.0-85079366919
24277,24278,2-s2.0-85079363735
24278,24279,2-s2.0-85079267034
24279,24280,2-s2.0-85079198752
24282,24283,2-s2.0-85079188162
24284,24285,2-s2.0-85079180402
24285,24286,2-s2.0-85079170776
24287,24288,2-s2.0-85079156408
24289,24290,2-s2.0-85079146080
24290,24291,2-s2.0-85079145061
24293,24294,2-s2.0-85079133537
24295,24296,2-s2.0-85079128084
24296,24297,2-s2.0-85079127698
24297,24298,2-s2.0-85079122788
24298,24299,2-s2.0-85079121587
24300,24301,2-s2.0-85079061846
24301,24302,2-s2.0-85079029870
24302,24303,2-s2.0-85079016392
24305,24306,2-s2.0-85078965388
24307,24308,2-s2.0-85078960982
24309,24310,2-s2.0-85078950223
24313,24314,2-s2.0-85078850177
24314,24315,2-s2.0-85078809685
24316,24317,2-s2.0-85078766641
24317,24318,2-s2.0-85078751163
24319,24320,2-s2.0-85078738444
24321,24322,2-s2.0-85078696835
24322,24323,2-s2.0-85078695786
24323,24324,2-s2.0-85078695450
24325,24326,2-s2.0-85078644199
24327,24328,2-s2.0-85078585021
24332,24333,2-s2.0-85078461453
24333,24334,2-s2.0-85078410203
24334,24335,2-s2.0-85078409275
24335,24336,2-s2.0-85078360670
24339,24340,2-s2.0-85078302499
24340,24341,2-s2.0-85078297320
24341,24342,2-s2.0-85078261643
24342,24343,2-s2.0-85078256393
24345,24346,2-s2.0-85078060099
24348,24349,2-s2.0-85078030616
24349,24350,2-s2.0-85078025846
24350,24351,2-s2.0-85078024710
24351,24352,2-s2.0-85078016355
24355,24356,2-s2.0-85077989152
24356,24357,2-s2.0-85077974840
24357,24358,2-s2.0-85077933533
24358,24359,2-s2.0-85077910540
24359,24360,2-s2.0-85077874735
24360,24361,2-s2.0-85077867077
24370,24371,2-s2.0-85077627708
24376,24377,2-s2.0-85077503660
24377,24378,2-s2.0-85077465868
24381,24382,2-s2.0-85077438683
24382,24383,2-s2.0-85077433225
24383,24384,2-s2.0-85077381160
24385,24386,2-s2.0-85077358423
24386,24387,2-s2.0-85077294242
24387,24388,2-s2.0-85077288942
24388,24389,2-s2.0-85077267331
24391,24392,2-s2.0-85077233128
24392,24393,2-s2.0-85077165771
24394,24395,2-s2.0-85077130115
24399,24400,2-s2.0-85076945188
24400,24401,2-s2.0-85076903850
24401,24402,2-s2.0-85076862277
24403,24404,2-s2.0-85076836405
24404,24405,2-s2.0-85076827199
24405,24406,2-s2.0-85076785913
24406,24407,2-s2.0-85076770538
24407,24408,2-s2.0-85076542350
24409,24410,2-s2.0-85076538459
24413,24414,2-s2.0-85076407968
24414,24415,2-s2.0-85076388713
24415,24416,2-s2.0-85076376272
24417,24418,2-s2.0-85076360882
24422,24423,2-s2.0-85076336987
24424,24425,2-s2.0-85076262972
24425,24426,2-s2.0-85076258716
24426,24427,2-s2.0-85076257272
24428,24429,2-s2.0-85076232813
24431,24432,2-s2.0-85076020937
24433,24434,2-s2.0-85075982452
24435,24436,2-s2.0-85075952646
24436,24437,2-s2.0-85075935976
24438,24439,2-s2.0-85075823903
24444,24445,2-s2.0-85075613375
24445,24446,2-s2.0-85075611340
24446,24447,2-s2.0-85075582005
24447,24448,2-s2.0-85075546536
24449,24450,2-s2.0-85075317595
24450,24451,2-s2.0-85075313072
24451,24452,2-s2.0-85075285765
24452,24453,2-s2.0-85075285353
24455,24456,2-s2.0-85075276573
24460,24461,2-s2.0-85075154743
24462,24463,2-s2.0-85075068206
24463,24464,2-s2.0-85075030943
24464,24465,2-s2.0-85075028416
24465,24466,2-s2.0-85075021701
24466,24467,2-s2.0-85075012413
24469,24470,2-s2.0-85075004703
24470,24471,2-s2.0-85074982406
24471,24472,2-s2.0-85074972749
24472,24473,2-s2.0-85074955193
24473,24474,2-s2.0-85074951683
24475,24476,2-s2.0-85074926028
24478,24479,2-s2.0-85074896840
24479,24480,2-s2.0-85074891409
24483,24484,2-s2.0-85074775342
24487,24488,2-s2.0-85074629872
24491,24492,2-s2.0-85074533962
24494,24495,2-s2.0-85074479092
24495,24496,2-s2.0-85074476803
24496,24497,2-s2.0-85074469346
24497,24498,2-s2.0-85074365248
24498,24499,2-s2.0-85074349426
24499,24500,2-s2.0-85074336975
24502,24503,2-s2.0-85074254403
24503,24504,2-s2.0-85074251764
24504,24505,2-s2.0-85074199259
24505,24506,2-s2.0-85074169877
24507,24508,2-s2.0-85074159571
24508,24509,2-s2.0-85074156310
24509,24510,2-s2.0-85074137714
24510,24511,2-s2.0-85074130661
24511,24512,2-s2.0-85074130540
24514,24515,2-s2.0-85074098527
24515,24516,2-s2.0-85074091048
24516,24517,2-s2.0-85074081806
24519,24520,2-s2.0-85074046851
24520,24521,2-s2.0-85074038482
24521,24522,2-s2.0-85074034268
24526,24527,2-s2.0-85073770398
24532,24533,2-s2.0-85073711434
24533,24534,2-s2.0-85073711369
24535,24536,2-s2.0-85073674490
24536,24537,2-s2.0-85073661324
24539,24540,2-s2.0-85073660387
24541,24542,2-s2.0-85073659104
24542,24543,2-s2.0-85073655558
24543,24544,2-s2.0-85073623688
24544,24545,2-s2.0-85073607566
24545,24546,2-s2.0-85073595194
24546,24547,2-s2.0-85073589736
24547,24548,2-s2.0-85073574865
24552,24553,2-s2.0-85073497606
24554,24555,2-s2.0-85073448986
24555,24556,2-s2.0-85073442711
24557,24558,2-s2.0-85073408384
24561,24562,2-s2.0-85073364738
24562,24563,2-s2.0-85073362952
24564,24565,2-s2.0-85073359190
24565,24566,2-s2.0-85073354612
24566,24567,2-s2.0-85073350005
24569,24570,2-s2.0-85073325951
24570,24571,2-s2.0-85073322559
24571,24572,2-s2.0-85073322525
24572,24573,2-s2.0-85073317023
24573,24574,2-s2.0-85073286937
24574,24575,2-s2.0-85073277577
24575,24576,2-s2.0-85073238893
24576,24577,2-s2.0-85073169505
24577,24578,2-s2.0-85073164031
24582,24583,2-s2.0-85073105642
24585,24586,2-s2.0-85073066613
24589,24590,2-s2.0-85073017146
24593,24594,2-s2.0-85072983421
24597,24598,2-s2.0-85072941833
24598,24599,2-s2.0-85072932068
24599,24600,2-s2.0-85072929313
24603,24604,2-s2.0-85072914048
24605,24606,2-s2.0-85072851919
24612,24613,2-s2.0-85072805598
24613,24614,2-s2.0-85072800610
24617,24618,2-s2.0-85072794888
24618,24619,2-s2.0-85072757640
24619,24620,2-s2.0-85072751736
24623,24624,2-s2.0-85072726706
24625,24626,2-s2.0-85072685217
24630,24631,2-s2.0-85072520195
24631,24632,2-s2.0-85072512261
24633,24634,2-s2.0-85072341657
24639,24640,2-s2.0-85072301296
24640,24641,2-s2.0-85072294842
24644,24645,2-s2.0-85071930104
24645,24646,2-s2.0-85071910783
24646,24647,2-s2.0-85071904650
24651,24652,2-s2.0-85071722956
24654,24655,2-s2.0-85071718748
24657,24658,2-s2.0-85071559281
24660,24661,2-s2.0-85071507373
24661,24662,2-s2.0-85071505471
24664,24665,2-s2.0-85071485065
24667,24668,2-s2.0-85071458689
24668,24669,2-s2.0-85071458208
24673,24674,2-s2.0-85071422608
24674,24675,2-s2.0-85071421070
24677,24678,2-s2.0-85071367948
24678,24679,2-s2.0-85071364359
24683,24684,2-s2.0-85071280360
24685,24686,2-s2.0-85071196085
24687,24688,2-s2.0-85071185227
24689,24690,2-s2.0-85071130181
24690,24691,2-s2.0-85071106404
24691,24692,2-s2.0-85071096708
24692,24693,2-s2.0-85071056941
24694,24695,2-s2.0-85071031886
24697,24698,2-s2.0-85070937822
24698,24699,2-s2.0-85070931778
24700,24701,2-s2.0-85070920333
24702,24703,2-s2.0-85070915929
24704,24705,2-s2.0-85070903710
24705,24706,2-s2.0-85070895470
24706,24707,2-s2.0-85070879952
24707,24708,2-s2.0-85070878194
24708,24709,2-s2.0-85070870096
24709,24710,2-s2.0-85070869953
24710,24711,2-s2.0-85070861121
24711,24712,2-s2.0-85070856967
24712,24713,2-s2.0-85070856444
24713,24714,2-s2.0-85070839585
24715,24716,2-s2.0-85070830984
24716,24717,2-s2.0-85070826275
24717,24718,2-s2.0-85070814565
24720,24721,2-s2.0-85070808669
24723,24724,2-s2.0-85070796477
24725,24726,2-s2.0-85070722549
24726,24727,2-s2.0-85070718223
24728,24729,2-s2.0-85070701412
24732,24733,2-s2.0-85070587768
24733,24734,2-s2.0-85070578631
24738,24739,2-s2.0-85070518941
24739,24740,2-s2.0-85070380597
24740,24741,2-s2.0-85070327489
24741,24742,2-s2.0-85070250976
24743,24744,2-s2.0-85070069582
24744,24745,2-s2.0-85070026532
24746,24747,2-s2.0-85069950390
24749,24750,2-s2.0-85069876279
24751,24752,2-s2.0-85069868974
24756,24757,2-s2.0-85069787080
24759,24760,2-s2.0-85069736050
24760,24761,2-s2.0-85069721482
24765,24766,2-s2.0-85069644662
24766,24767,2-s2.0-85069639259
24769,24770,2-s2.0-85069542883
24770,24771,2-s2.0-85069533779
24771,24772,2-s2.0-85069530132
24772,24773,2-s2.0-85069527151
24773,24774,2-s2.0-85069524888
24774,24775,2-s2.0-85069519840
24776,24777,2-s2.0-85069511821
24778,24779,2-s2.0-85069498500
24781,24782,2-s2.0-85069489905
24782,24783,2-s2.0-85069488578
24783,24784,2-s2.0-85069488357
24784,24785,2-s2.0-85069487200
24788,24789,2-s2.0-85069468268
24792,24793,2-s2.0-85069446940
24793,24794,2-s2.0-85069445911
24794,24795,2-s2.0-85069443258
24797,24798,2-s2.0-85069434407
24798,24799,2-s2.0-85069432652
24802,24803,2-s2.0-85069230775
24811,24812,2-s2.0-85068974261
24812,24813,2-s2.0-85068927346
24815,24816,2-s2.0-85068794214
24820,24821,2-s2.0-85068743500
24822,24823,2-s2.0-85068738181
24824,24825,2-s2.0-85068651539
24825,24826,2-s2.0-85068620518
24826,24827,2-s2.0-85068615016
24827,24828,2-s2.0-85068614465
24830,24831,2-s2.0-85068590234
24832,24833,2-s2.0-85068535249
24837,24838,2-s2.0-85068430009
24841,24842,2-s2.0-85068333380
24847,24848,2-s2.0-85068268287
24848,24849,2-s2.0-85068238879
24852,24853,2-s2.0-85068015541
24855,24856,2-s2.0-85067967861
24856,24857,2-s2.0-85067957923
24858,24859,2-s2.0-85067925996
24861,24862,2-s2.0-85067864401
24862,24863,2-s2.0-85067862022
24865,24866,2-s2.0-85067610110
24866,24867,2-s2.0-85067604571
24867,24868,2-s2.0-85067566081
24868,24869,2-s2.0-85067562998
24870,24871,2-s2.0-85067549599
24871,24872,2-s2.0-85067549395
24872,24873,2-s2.0-85067548016
24873,24874,2-s2.0-85067509392
24876,24877,2-s2.0-85067357829
24880,24881,2-s2.0-85067254666
24881,24882,2-s2.0-85067244609
24882,24883,2-s2.0-85067237129
24883,24884,2-s2.0-85067235155
24886,24887,2-s2.0-85067131719
24887,24888,2-s2.0-85067128355
24889,24890,2-s2.0-85067123107
24894,24895,2-s2.0-85067114758
24898,24899,2-s2.0-85067102576
24899,24900,2-s2.0-85067101747
24900,24901,2-s2.0-85067101470
24902,24903,2-s2.0-85067099844
24905,24906,2-s2.0-85067091972
24906,24907,2-s2.0-85067091552
24908,24909,2-s2.0-85067014060
24913,24914,2-s2.0-85066945052
24914,24915,2-s2.0-85066944279
24916,24917,2-s2.0-85066928280
24917,24918,2-s2.0-85066906070
24919,24920,2-s2.0-85066880073
24921,24922,2-s2.0-85066841877
24922,24923,2-s2.0-85066828664
24923,24924,2-s2.0-85066810844
24924,24925,2-s2.0-85066810009
24928,24929,2-s2.0-85066496071
24933,24934,2-s2.0-85066459745
24934,24935,2-s2.0-85066439180
24936,24937,2-s2.0-85066338495
24939,24940,2-s2.0-85066332910
24940,24941,2-s2.0-85066323421
24941,24942,2-s2.0-85066319556
24942,24943,2-s2.0-85066314662
24943,24944,2-s2.0-85066306892
24951,24952,2-s2.0-85066039748
24952,24953,2-s2.0-85066025656
24954,24955,2-s2.0-85066009808
24955,24956,2-s2.0-85065974827
24956,24957,2-s2.0-85065969562
24959,24960,2-s2.0-85065873659
24960,24961,2-s2.0-85065867117
24961,24962,2-s2.0-85065801353
24963,24964,2-s2.0-85065747545
24964,24965,2-s2.0-85065707989
24966,24967,2-s2.0-85065619479
24967,24968,2-s2.0-85065560232
24980,24981,2-s2.0-85065475753
24982,24983,2-s2.0-85065424469
24984,24985,2-s2.0-85065336334
24986,24987,2-s2.0-85065313660
24988,24989,2-s2.0-85065288102
24989,24990,2-s2.0-85065261002
24990,24991,2-s2.0-85065257663
24991,24992,2-s2.0-85065255873
24992,24993,2-s2.0-85065237626
24994,24995,2-s2.0-85065233166
24996,24997,2-s2.0-85065225519
25000,25001,2-s2.0-85065215017
25001,25002,2-s2.0-85065199151
25002,25003,2-s2.0-85065120419
25003,25004,2-s2.0-85065106091
25004,25005,2-s2.0-85065098304
25005,25006,2-s2.0-85065081409
25008,25009,2-s2.0-85065065314
25013,25014,2-s2.0-85064991863
25014,25015,2-s2.0-85064947538
25015,25016,2-s2.0-85064895834
25016,25017,2-s2.0-85064825513
25017,25018,2-s2.0-85064811480
25018,25019,2-s2.0-85064810087
25019,25020,2-s2.0-85064738054
25020,25021,2-s2.0-85064689321
25021,25022,2-s2.0-85064684423
25023,25024,2-s2.0-85064650160
25026,25027,2-s2.0-85064617429
25029,25030,2-s2.0-85064534908
25030,25031,2-s2.0-85064504950
25031,25032,2-s2.0-85064488480
25032,25033,2-s2.0-85064438237
25035,25036,2-s2.0-85064250524
25036,25037,2-s2.0-85064167146
25038,25039,2-s2.0-85064135419
25039,25040,2-s2.0-85064096524
25043,25044,2-s2.0-85063911812
25044,25045,2-s2.0-85063906323
25053,25054,2-s2.0-85063728427
25055,25056,2-s2.0-85063696788
25057,25058,2-s2.0-85063673119
25058,25059,2-s2.0-85063669660
25061,25062,2-s2.0-85063589446
25067,25068,2-s2.0-85063276321
25069,25070,2-s2.0-85063271425
25070,25071,2-s2.0-85063197303
25073,25074,2-s2.0-85063065401
25080,25081,2-s2.0-85062776161
25081,25082,2-s2.0-85062680527
25082,25083,2-s2.0-85062665146
25083,25084,2-s2.0-85062555409
25084,25085,2-s2.0-85062388744
25087,25088,2-s2.0-85062208207
25090,25091,2-s2.0-85062078304
25091,25092,2-s2.0-85062043550
25093,25094,2-s2.0-85061709499
25094,25095,2-s2.0-85061644100
25101,25102,2-s2.0-85061382656
25103,25104,2-s2.0-85061350977
25104,25105,2-s2.0-85061321396
25109,25110,2-s2.0-85060610099
25110,25111,2-s2.0-85060550708
25113,25114,2-s2.0-85060019395
25114,25115,2-s2.0-85059916498
25115,25116,2-s2.0-85059812010
25117,25118,2-s2.0-85059783741
25120,25121,2-s2.0-85059689458
25121,25122,2-s2.0-85059672299
25122,25123,2-s2.0-85059591721
25123,25124,2-s2.0-85059503831
25124,25125,2-s2.0-85059175368
25125,25126,2-s2.0-85059166182
25127,25128,2-s2.0-85059111467
25128,25129,2-s2.0-85058975588
25130,25131,2-s2.0-85058612415
25131,25132,2-s2.0-85058533683
25135,25136,2-s2.0-85057712709
25137,25138,2-s2.0-85057300388
25138,25139,2-s2.0-85057106669
25142,25143,2-s2.0-85056644144
25144,25145,2-s2.0-85056222219
25145,25146,2-s2.0-85055978153
25147,25148,2-s2.0-85055950421
25150,25151,2-s2.0-85055102677
25151,25152,2-s2.0-85054834778
25155,25156,2-s2.0-85054424975
25156,25157,2-s2.0-85054404458
25158,25159,2-s2.0-85054304061
25159,25160,2-s2.0-85054291005
25160,25161,2-s2.0-85054262854
25163,25164,2-s2.0-85053931693
25166,25167,2-s2.0-85053497351
25168,25169,2-s2.0-85053425436
25170,25171,2-s2.0-85052197472
25174,25175,2-s2.0-85049867314
25176,25177,2-s2.0-85049626832
25179,25180,2-s2.0-85048618082
25180,25181,2-s2.0-85047668145
25181,25182,2-s2.0-85047464977
25182,25183,2-s2.0-85047446505
25185,25186,2-s2.0-85046127901
25187,25188,2-s2.0-85045247488
25189,25190,2-s2.0-85044635403
25190,25191,2-s2.0-85044158700
25191,25192,2-s2.0-85043687351
25195,25196,2-s2.0-85038418249
25196,25197,2-s2.0-85029384127
25198,25199,2-s2.0-105013732041
25200,25201,2-s2.0-105013723778
25205,25206,2-s2.0-105009806886
25211,25212,2-s2.0-105004327985
25216,25217,2-s2.0-85062916864
25219,25220,2-s2.0-85061504789
25223,25224,2-s2.0-85061492594
25224,25225,2-s2.0-85061485380
25226,25227,2-s2.0-85061328864
25227,25228,2-s2.0-85061319110
25231,25232,2-s2.0-85061037396
25234,25235,2-s2.0-85060892910
25236,25237,2-s2.0-85060869494
25237,25238,2-s2.0-85060868539
25240,25241,2-s2.0-85060591418
25241,25242,2-s2.0-85058654678
25243,25244,2-s2.0-85060992611
25247,25248,2-s2.0-85058238379
25250,25251,2-s2.0-85058309851
25251,25252,2-s2.0-85054817148
25252,25253,2-s2.0-85054691363
25253,25254,2-s2.0-85060307582
25254,25255,2-s2.0-85060303480
25255,25256,2-s2.0-85060302966
25256,25257,2-s2.0-85060301441
25257,25258,2-s2.0-85060291494
25259,25260,2-s2.0-85060284562
25260,25261,2-s2.0-85060277934
25264,25265,2-s2.0-85058792478
25265,25266,2-s2.0-85058672618
25266,25267,2-s2.0-85069797127
25269,25270,2-s2.0-85058426539
25270,25271,2-s2.0-85058417769
25271,25272,2-s2.0-85058364660
25274,25275,2-s2.0-85058288953
25278,25279,2-s2.0-85058351080
25279,25280,2-s2.0-85058337139
25280,25281,2-s2.0-85058330800
25281,25282,2-s2.0-85058325324
25284,25285,2-s2.0-85058269834
25286,25287,2-s2.0-85057579731
25293,25294,2-s2.0-85074344514
25296,25297,2-s2.0-85070401137
25297,25298,2-s2.0-85070380895
25298,25299,2-s2.0-85070350357
25299,25300,2-s2.0-85068361572
25304,25305,2-s2.0-85062729474
25305,25306,2-s2.0-85061894443
25307,25308,2-s2.0-85061252242
25308,25309,2-s2.0-85061236699
25309,25310,2-s2.0-85061198025
25312,25313,2-s2.0-85061190630
25313,25314,2-s2.0-85061181832
25314,25315,2-s2.0-85061180025
25318,25319,2-s2.0-85060689693
25319,25320,2-s2.0-85059687154
25322,25323,2-s2.0-85059254876
25323,25324,2-s2.0-85059236992
25325,25326,2-s2.0-85058669878
25328,25329,2-s2.0-85058511404
25329,25330,2-s2.0-85057983360
25330,25331,2-s2.0-85057845890
25334,25335,2-s2.0-85057075243
25335,25336,2-s2.0-85056671683
25336,25337,2-s2.0-85056671656
25337,25338,2-s2.0-85056659680
25338,25339,2-s2.0-85056651567
25341,25342,2-s2.0-85056605882
25342,25343,2-s2.0-85056604633
25343,25344,2-s2.0-85056559320
25344,25345,2-s2.0-85056467486
25345,25346,2-s2.0-85056130246
25346,25347,2-s2.0-85056117023
25347,25348,2-s2.0-85056104080
25348,25349,2-s2.0-85056094063
25350,25351,2-s2.0-85055985754
25351,25352,2-s2.0-85055858338
25353,25354,2-s2.0-85055842087
25354,25355,2-s2.0-85055828347
25355,25356,2-s2.0-85055823817
25359,25360,2-s2.0-85055657424
25360,25361,2-s2.0-85055540695
25365,25366,2-s2.0-85054654088
25367,25368,2-s2.0-85053686388
25370,25371,2-s2.0-85052453485
25372,25373,2-s2.0-85051998925
25375,25376,2-s2.0-85051753737
25378,25379,2-s2.0-85051621875
25379,25380,2-s2.0-85050490266
25380,25381,2-s2.0-85049557702
25381,25382,2-s2.0-85049432356
25384,25385,2-s2.0-85048564999
25386,25387,2-s2.0-85047763032
25387,25388,2-s2.0-85047720514
25388,25389,2-s2.0-85047398309
25389,25390,2-s2.0-85046341189
25390,25391,2-s2.0-85046038020
25393,25394,2-s2.0-85044354891
25394,25395,2-s2.0-85044278602
25395,25396,2-s2.0-85042178183
25396,25397,2-s2.0-85042133348
25397,25398,2-s2.0-85041902665
25398,25399,2-s2.0-85041528189
25399,25400,2-s2.0-85040787566
25400,25401,2-s2.0-85038229633
25401,25402,2-s2.0-85034587707
25402,25403,2-s2.0-85034259137
25404,25405,2-s2.0-85030331274
25405,25406,2-s2.0-85030103535
25409,25410,2-s2.0-85017209361
25411,25412,2-s2.0-85060212765
25414,25415,2-s2.0-85067965923
25420,25421,2-s2.0-85057258065
25421,25422,2-s2.0-85060063602
25422,25423,2-s2.0-85060060292
25424,25425,2-s2.0-85060042798
25426,25427,2-s2.0-85060039626
25427,25428,2-s2.0-85060027560
25431,25432,2-s2.0-85060006842
25432,25433,2-s2.0-85055190217
25435,25436,2-s2.0-85053302028
25438,25439,2-s2.0-85044471870
25442,25443,2-s2.0-85059442005
25443,25444,2-s2.0-85089830535
25445,25446,2-s2.0-85057288761
25446,25447,2-s2.0-85059038163
25447,25448,2-s2.0-85059030121
25448,25449,2-s2.0-85059011081
25451,25452,2-s2.0-85061312217
25454,25455,2-s2.0-85058012562
25456,25457,2-s2.0-85056098458
25457,25458,2-s2.0-85061252983
25458,25459,2-s2.0-85058062571
25459,25460,2-s2.0-85058053757
25460,25461,2-s2.0-85058016627
25461,25462,2-s2.0-85058013271
25463,25464,2-s2.0-85053498343
25464,25465,2-s2.0-85052137464
25465,25466,2-s2.0-85046811427
25468,25469,2-s2.0-85041011912
25470,25471,2-s2.0-85010972353
25473,25474,2-s2.0-85074888917
25476,25477,2-s2.0-85067893739
25477,25478,2-s2.0-85063790356
25483,25484,2-s2.0-85061635938
25490,25491,2-s2.0-85058969300
25491,25492,2-s2.0-85058945497
25494,25495,2-s2.0-85058675828
25495,25496,2-s2.0-85058656315
25496,25497,2-s2.0-85058182053
25497,25498,2-s2.0-85058149329
25498,25499,2-s2.0-85058058697
25499,25500,2-s2.0-85058025183
25500,25501,2-s2.0-85057541656
25501,25502,2-s2.0-85057484997
25502,25503,2-s2.0-85057249653
25505,25506,2-s2.0-85056224996
25508,25509,2-s2.0-85055795639
25510,25511,2-s2.0-85055464784
25512,25513,2-s2.0-85055096715
25514,25515,2-s2.0-85054815626
25519,25520,2-s2.0-85054621718
25521,25522,2-s2.0-85054617442
25522,25523,2-s2.0-85054184054
25524,25525,2-s2.0-85054077100
25525,25526,2-s2.0-85054058342
25526,25527,2-s2.0-85054035405
25528,25529,2-s2.0-85051497373
25530,25531,2-s2.0-85050314078
25532,25533,2-s2.0-85049858637
25533,25534,2-s2.0-85049168351
25534,25535,2-s2.0-85048534884
25535,25536,2-s2.0-85048319290
25536,25537,2-s2.0-85048061924
25538,25539,2-s2.0-85047798114
25542,25543,2-s2.0-85045995605
25546,25547,2-s2.0-85043248817
25547,25548,2-s2.0-85042417058
25548,25549,2-s2.0-85039922870
25549,25550,2-s2.0-85029597392
25554,25555,2-s2.0-85064638436
25555,25556,2-s2.0-85057357840
25556,25557,2-s2.0-85057153004
25558,25559,2-s2.0-85057058071
25560,25561,2-s2.0-85057328982
25562,25563,2-s2.0-85057110042
25566,25567,2-s2.0-85056722287
25570,25571,2-s2.0-85058039783
25571,25572,2-s2.0-85056156804
25572,25573,2-s2.0-85050694832
25573,25574,2-s2.0-85056859355
25574,25575,2-s2.0-85055355482
25575,25576,2-s2.0-85055354041
25576,25577,2-s2.0-85055353308
25581,25582,2-s2.0-85055332458
25582,25583,2-s2.0-85055331219
25583,25584,2-s2.0-85055330759
25584,25585,2-s2.0-85055329603
25586,25587,2-s2.0-85055321283
25587,25588,2-s2.0-85055321165
25589,25590,2-s2.0-85055319696
25591,25592,2-s2.0-85055317381
25595,25596,2-s2.0-85056833998
25597,25598,2-s2.0-85058343554
25601,25602,2-s2.0-85096908842
25604,25605,2-s2.0-85056475856
25607,25608,2-s2.0-85041531163
25611,25612,2-s2.0-85021808215
25614,25615,2-s2.0-85057305623
25618,25619,2-s2.0-85053433848
25619,25620,2-s2.0-85053375318
25624,25625,2-s2.0-85085212337
25625,25626,2-s2.0-85084028029
25626,25627,2-s2.0-85078909621
25631,25632,2-s2.0-85070814299
25634,25635,2-s2.0-85061930561
25635,25636,2-s2.0-85061910134
25636,25637,2-s2.0-85061844776
25639,25640,2-s2.0-85061379989
25640,25641,2-s2.0-85061225472
25642,25643,2-s2.0-85060820472
25645,25646,2-s2.0-85058653193
25646,25647,2-s2.0-85058229383
25647,25648,2-s2.0-85058055595
25652,25653,2-s2.0-85056176292
25657,25658,2-s2.0-85055281454
25664,25665,2-s2.0-85054475693
25668,25669,2-s2.0-85053316432
25669,25670,2-s2.0-85053210729
25670,25671,2-s2.0-85053077353
25671,25672,2-s2.0-85052678516
25673,25674,2-s2.0-85052089296
25674,25675,2-s2.0-85051921333
25675,25676,2-s2.0-85051439945
25678,25679,2-s2.0-85050360870
25679,25680,2-s2.0-85050267136
25680,25681,2-s2.0-85050075090
25681,25682,2-s2.0-85048722166
25682,25683,2-s2.0-85048530207
25683,25684,2-s2.0-85047877926
25684,25685,2-s2.0-85045839739
25685,25686,2-s2.0-85045139076
25686,25687,2-s2.0-85035795076
25687,25688,2-s2.0-85035780837
25690,25691,2-s2.0-85010790158
25691,25692,2-s2.0-105002986348
25695,25696,2-s2.0-85055669000
25696,25697,2-s2.0-85055644838
25698,25699,2-s2.0-85059834815
25699,25700,2-s2.0-85058647693
25700,25701,2-s2.0-85054183008
25703,25704,2-s2.0-85055580195
25705,25706,2-s2.0-85055530491
25706,25707,2-s2.0-85055516856
25707,25708,2-s2.0-85055472147
25708,25709,2-s2.0-85055458188
25710,25711,2-s2.0-85055447805
25713,25714,2-s2.0-85055441211
25719,25720,2-s2.0-85055429492
25721,25722,2-s2.0-85055422564
25722,25723,2-s2.0-85055421696
25723,25724,2-s2.0-85055419149
25724,25725,2-s2.0-85055415328
25726,25727,2-s2.0-85055411811
25728,25729,2-s2.0-85053401499
25730,25731,2-s2.0-85058160738
25732,25733,2-s2.0-85049572903
25733,25734,2-s2.0-85054608210
25734,25735,2-s2.0-85053145095
25735,25736,2-s2.0-85054035583
25736,25737,2-s2.0-85054020775
25737,25738,2-s2.0-85058542455
25739,25740,2-s2.0-85049651591
25740,25741,2-s2.0-85045088331
25741,25742,2-s2.0-85041595040
25742,25743,2-s2.0-85038409107
25744,25745,2-s2.0-85027197639
25747,25748,2-s2.0-85057960712
25749,25750,2-s2.0-85056108429
25753,25754,2-s2.0-85049654911
25754,25755,2-s2.0-85048162016
25756,25757,2-s2.0-85044502920
25761,25762,2-s2.0-85064964891
25762,25763,2-s2.0-85063812787
25766,25767,2-s2.0-85062668625
25768,25769,2-s2.0-85061206576
25772,25773,2-s2.0-85059592964
25775,25776,2-s2.0-85058473732
25778,25779,2-s2.0-85057549230
25780,25781,2-s2.0-85055751242
25782,25783,2-s2.0-85055478124
25783,25784,2-s2.0-85054879697
25786,25787,2-s2.0-85054494898
25789,25790,2-s2.0-85054384009
25790,25791,2-s2.0-85054377153
25794,25795,2-s2.0-85054165873
25795,25796,2-s2.0-85054025947
25796,25797,2-s2.0-85053894186
25798,25799,2-s2.0-85053843906
25799,25800,2-s2.0-85053839343
25800,25801,2-s2.0-85053818788
25803,25804,2-s2.0-85053594381
25804,25805,2-s2.0-85053338413
25806,25807,2-s2.0-85053230050
25810,25811,2-s2.0-85053196704
25811,25812,2-s2.0-85053186078
25812,25813,2-s2.0-85053082929
25813,25814,2-s2.0-85052842090
25816,25817,2-s2.0-85052516562
25818,25819,2-s2.0-85051971353
25824,25825,2-s2.0-85050744576
25825,25826,2-s2.0-85050216142
25827,25828,2-s2.0-85049759397
25828,25829,2-s2.0-85049613398
25829,25830,2-s2.0-85049596409
25830,25831,2-s2.0-85049317253
25832,25833,2-s2.0-85048803681
25835,25836,2-s2.0-85047430709
25844,25845,2-s2.0-85042453665
25847,25848,2-s2.0-85040098381
25849,25850,2-s2.0-85038395552
25852,25853,2-s2.0-85026635871
25854,25855,2-s2.0-85021088901
25855,25856,2-s2.0-85020504425
25856,25857,2-s2.0-85020269713
25858,25859,2-s2.0-85006508374
25859,25860,2-s2.0-85053917643
25862,25863,2-s2.0-85152186590
25863,25864,2-s2.0-85055742277
25864,25865,2-s2.0-85053893723
25865,25866,2-s2.0-85058895442
25866,25867,2-s2.0-85058891604
25871,25872,2-s2.0-85052202105
25872,25873,2-s2.0-85053464727
25873,25874,2-s2.0-85052245862
25874,25875,2-s2.0-85062787804
25876,25877,2-s2.0-85054153283
25878,25879,2-s2.0-85041132981
25881,25882,2-s2.0-85063249366
25882,25883,2-s2.0-85063249160
25888,25889,2-s2.0-85063248695
25890,25891,2-s2.0-85063248283
25891,25892,2-s2.0-85063248255
25892,25893,2-s2.0-85063248138
25893,25894,2-s2.0-85063248135
25896,25897,2-s2.0-85063247889
25897,25898,2-s2.0-85063247884
25898,25899,2-s2.0-85063247853
25899,25900,2-s2.0-85063247375
25900,25901,2-s2.0-85051539708
25907,25908,2-s2.0-85051482650
25908,25909,2-s2.0-85051477734
25918,25919,2-s2.0-85054833278
25927,25928,2-s2.0-85101703069
25929,25930,2-s2.0-85060674300
25930,25931,2-s2.0-85059904795
25931,25932,2-s2.0-85054969688
25932,25933,2-s2.0-85053705348
25933,25934,2-s2.0-85052311018
25935,25936,2-s2.0-85051534200
25939,25940,2-s2.0-85051145701
25941,25942,2-s2.0-85051139821
25945,25946,2-s2.0-85051110169
25951,25952,2-s2.0-85049983241
25952,25953,2-s2.0-85049834797
25954,25955,2-s2.0-85049471900
25960,25961,2-s2.0-85049428044
25961,25962,2-s2.0-85049419860
25963,25964,2-s2.0-85048575881
25964,25965,2-s2.0-85048366912
25969,25970,2-s2.0-85046170980
25970,25971,2-s2.0-85044783850
25972,25973,2-s2.0-85044002869
25973,25974,2-s2.0-85043689407
25974,25975,2-s2.0-85043683246
25976,25977,2-s2.0-85042072827
25977,25978,2-s2.0-85021139796
25980,25981,2-s2.0-85050605083
25981,25982,2-s2.0-85049914026
25982,25983,2-s2.0-85096685112
25986,25987,2-s2.0-85152359487
25987,25988,2-s2.0-85059231727
25988,25989,2-s2.0-85059227966
25991,25992,2-s2.0-85084028175
25992,25993,2-s2.0-85083472759
25993,25994,2-s2.0-85063239088
25994,25995,2-s2.0-85063238720
26002,26003,2-s2.0-85064097342
26005,26006,2-s2.0-85062639554
26006,26007,2-s2.0-85050126160
26008,26009,2-s2.0-85049122354
26009,26010,2-s2.0-85048822650
26012,26013,2-s2.0-85048762047
26013,26014,2-s2.0-85048758460
26014,26015,2-s2.0-85046473231
26015,26016,2-s2.0-85041105176
26019,26020,2-s2.0-85031418761
26021,26022,2-s2.0-85016204755
26022,26023,2-s2.0-84981502667
26023,26024,2-s2.0-85060926311
26025,26026,2-s2.0-85049069766
26027,26028,2-s2.0-85048862326
26028,26029,2-s2.0-85048504413
26031,26032,2-s2.0-85045189353
26034,26035,2-s2.0-85041538381
26035,26036,2-s2.0-85038004626
26036,26037,2-s2.0-85035331122
26043,26044,2-s2.0-85065724524
26044,26045,2-s2.0-85065543563
26045,26046,2-s2.0-85065240546
26046,26047,2-s2.0-85065210430
26048,26049,2-s2.0-85064732686
26049,26050,2-s2.0-85064161294
26050,26051,2-s2.0-85063591390
26051,26052,2-s2.0-85063545683
26056,26057,2-s2.0-85063540235
26057,26058,2-s2.0-85063534012
26058,26059,2-s2.0-85063530518
26059,26060,2-s2.0-85063526882
26060,26061,2-s2.0-85063521241
26061,26062,2-s2.0-85063515403
26062,26063,2-s2.0-85063513238
26065,26066,2-s2.0-85063487411
26069,26070,2-s2.0-85063470606
26070,26071,2-s2.0-85063463908
26073,26074,2-s2.0-85063458496
26080,26081,2-s2.0-85062865409
26082,26083,2-s2.0-85062845290
26083,26084,2-s2.0-85062833963
26084,26085,2-s2.0-85062831860
26087,26088,2-s2.0-85062724037
26088,26089,2-s2.0-85062723444
26089,26090,2-s2.0-85062721801
26090,26091,2-s2.0-85062718513
26092,26093,2-s2.0-85062709919
26094,26095,2-s2.0-85062215447
26095,26096,2-s2.0-85062188011
26098,26099,2-s2.0-85062098144
26104,26105,2-s2.0-85062074535
26105,26106,2-s2.0-85062066464
26106,26107,2-s2.0-85062056270
26108,26109,2-s2.0-85052021991
26110,26111,2-s2.0-85052012237
26112,26113,2-s2.0-85051076596
26115,26116,2-s2.0-85077660481
26116,26117,2-s2.0-85067578689
26117,26118,2-s2.0-85063799078
26120,26121,2-s2.0-85061725815
26122,26123,2-s2.0-85061394228
26123,26124,2-s2.0-85061392194
26125,26126,2-s2.0-85061370424
26127,26128,2-s2.0-85059971925
26128,26129,2-s2.0-85059574290
26131,26132,2-s2.0-85057035376
26133,26134,2-s2.0-85053350826
26137,26138,2-s2.0-85052376544
26138,26139,2-s2.0-85051998839
26139,26140,2-s2.0-85051033871
26141,26142,2-s2.0-85050829079
26142,26143,2-s2.0-85050803472
26146,26147,2-s2.0-85049905169
26150,26151,2-s2.0-85048989109
26151,26152,2-s2.0-85048934349
26152,26153,2-s2.0-85048926227
26154,26155,2-s2.0-85048638949
26155,26156,2-s2.0-85048631129
26159,26160,2-s2.0-85047318570
26160,26161,2-s2.0-85047258075
26162,26163,2-s2.0-85046962174
26163,26164,2-s2.0-85046449977
26165,26166,2-s2.0-85046116033
26169,26170,2-s2.0-85045231987
26171,26172,2-s2.0-85044788797
26174,26175,2-s2.0-85044372069
26175,26176,2-s2.0-85044285448
26177,26178,2-s2.0-85040784901
26179,26180,2-s2.0-85037815837
26180,26181,2-s2.0-85033381654
26182,26183,2-s2.0-85053650644
26184,26185,2-s2.0-85061347194
26185,26186,2-s2.0-85055343151
26186,26187,2-s2.0-85050249696
26187,26188,2-s2.0-85050246036
26189,26190,2-s2.0-85049799547
26191,26192,2-s2.0-85049778785
26192,26193,2-s2.0-85050188107
26193,26194,2-s2.0-85049917075
26194,26195,2-s2.0-85049907622
26195,26196,2-s2.0-85049893030
26200,26201,2-s2.0-85051457714
26201,26202,2-s2.0-85049851003
26204,26205,2-s2.0-85051234714
26207,26208,2-s2.0-85051232451
26208,26209,2-s2.0-85051230164
26210,26211,2-s2.0-85051221719
26211,26212,2-s2.0-85051219410
26212,26213,2-s2.0-85051218399
26217,26218,2-s2.0-85051204882
26219,26220,2-s2.0-85051196427
26220,26221,2-s2.0-85051194836
26224,26225,2-s2.0-85051192031
26228,26229,2-s2.0-85051184807
26230,26231,2-s2.0-85051183637
26232,26233,2-s2.0-85051181220
26234,26235,2-s2.0-85051180618
26235,26236,2-s2.0-85051177610
26236,26237,2-s2.0-85051172083
26237,26238,2-s2.0-85051170739
26238,26239,2-s2.0-85051170386
26240,26241,2-s2.0-85051166148
26242,26243,2-s2.0-85051164466
26243,26244,2-s2.0-85050306021
26245,26246,2-s2.0-85049558010
26249,26250,2-s2.0-85051540794
26251,26252,2-s2.0-85051454723
26252,26253,2-s2.0-85050113795
26254,26255,2-s2.0-85053708657
26255,26256,2-s2.0-85053694031
26256,26257,2-s2.0-85053677149
26257,26258,2-s2.0-85050148448
26261,26262,2-s2.0-85048900739
26262,26263,2-s2.0-85048896989
26263,26264,2-s2.0-85048892613
26267,26268,2-s2.0-85048864229
26270,26271,2-s2.0-85048858347
26272,26273,2-s2.0-85058595321
26274,26275,2-s2.0-85049988548
26275,26276,2-s2.0-85049987211
26277,26278,2-s2.0-85046663313
26279,26280,2-s2.0-85048861791
26282,26283,2-s2.0-85052619100
26283,26284,2-s2.0-85052502023
26286,26287,2-s2.0-85103480627
26287,26288,2-s2.0-85090610952
26289,26290,2-s2.0-85064744742
26290,26291,2-s2.0-85064743912
26292,26293,2-s2.0-85063186795
26294,26295,2-s2.0-85061676802
26295,26296,2-s2.0-85061653109
26296,26297,2-s2.0-85061209772
26301,26302,2-s2.0-85061190136
26302,26303,2-s2.0-85061185227
26306,26307,2-s2.0-85058813481
26307,26308,2-s2.0-85058791284
26309,26310,2-s2.0-85056418145
26311,26312,2-s2.0-85054414300
26312,26313,2-s2.0-85052871726
26316,26317,2-s2.0-85051651802
26319,26320,2-s2.0-85050633406
26320,26321,2-s2.0-85049611123
26322,26323,2-s2.0-85049187995
26325,26326,2-s2.0-85048707533
26329,26330,2-s2.0-85048206362
26330,26331,2-s2.0-85048056576
26334,26335,2-s2.0-85047142049
26337,26338,2-s2.0-85046636825
26338,26339,2-s2.0-85046070887
26340,26341,2-s2.0-85045769379
26343,26344,2-s2.0-85044607242
26347,26348,2-s2.0-85044276208
26349,26350,2-s2.0-85044017600
26350,26351,2-s2.0-85043455033
26352,26353,2-s2.0-85042391260
26353,26354,2-s2.0-85042362365
26354,26355,2-s2.0-85041917304
26356,26357,2-s2.0-85041541059
26359,26360,2-s2.0-85040769704
26360,26361,2-s2.0-85040570716
26361,26362,2-s2.0-85038102459
26362,26363,2-s2.0-85038082197
26364,26365,2-s2.0-85028462913
26367,26368,2-s2.0-85019564391
26369,26370,2-s2.0-85014933873
26373,26374,2-s2.0-85008256605
26376,26377,2-s2.0-84991660751
26378,26379,2-s2.0-84984923487
26382,26383,2-s2.0-85045071677
26383,26384,2-s2.0-85053261563
26387,26388,2-s2.0-85020234169
26388,26389,2-s2.0-85015963813
26389,26390,2-s2.0-85054851168
26390,26391,2-s2.0-85054827507
26391,26392,2-s2.0-85048315119
26392,26393,2-s2.0-85048142440
26393,26394,2-s2.0-85048139744
26394,26395,2-s2.0-85048138587
26399,26400,2-s2.0-85048120595
26403,26404,2-s2.0-85048113341
26405,26406,2-s2.0-85048108894
26407,26408,2-s2.0-85048107710
26409,26410,2-s2.0-85048104577
26415,26416,2-s2.0-85048097951
26416,26417,2-s2.0-85048095689
26418,26419,2-s2.0-85048090024
26420,26421,2-s2.0-85048089019
26424,26425,2-s2.0-85048072960
26425,26426,2-s2.0-85048072195
26426,26427,2-s2.0-85048071537
26429,26430,2-s2.0-85092042285
26430,26431,2-s2.0-85068097940
26432,26433,2-s2.0-85044181084
26434,26435,2-s2.0-85033372081
26436,26437,2-s2.0-85031495957
26438,26439,2-s2.0-85048061595
26439,26440,2-s2.0-85048061512
26442,26443,2-s2.0-85048059600
26446,26447,2-s2.0-85048057587
26449,26450,2-s2.0-85048052803
26450,26451,2-s2.0-85048052173
26451,26452,2-s2.0-85048051339
26453,26454,2-s2.0-85048049648
26454,26455,2-s2.0-85048049273
26458,26459,2-s2.0-85048046139
26464,26465,2-s2.0-85048036418
26466,26467,2-s2.0-85048035823
26472,26473,2-s2.0-85048033563
26474,26475,2-s2.0-105007878940
26475,26476,2-s2.0-85046993867
26477,26478,2-s2.0-85048898251
26483,26484,2-s2.0-85046732078
26486,26487,2-s2.0-85046726312
26487,26488,2-s2.0-85092058220
26490,26491,2-s2.0-85049626350
26491,26492,2-s2.0-85049621929
26492,26493,2-s2.0-85049480527
26493,26494,2-s2.0-85049473030
26496,26497,2-s2.0-85049133872
26497,26498,2-s2.0-85048759400
26506,26507,2-s2.0-85064701836
26509,26510,2-s2.0-85042929857
26510,26511,2-s2.0-85053651220
26511,26512,2-s2.0-85047737766
26512,26513,2-s2.0-85104305737
26513,26514,2-s2.0-85091726132
26516,26517,2-s2.0-85074427367
26518,26519,2-s2.0-85063729678
26519,26520,2-s2.0-85063727291
26521,26522,2-s2.0-85061675225
26523,26524,2-s2.0-85061636904
26524,26525,2-s2.0-85059572137
26525,26526,2-s2.0-85048726351
26527,26528,2-s2.0-85047940279
26531,26532,2-s2.0-85047547242
26533,26534,2-s2.0-85047422077
26537,26538,2-s2.0-85047261713
26538,26539,2-s2.0-85047179785
26539,26540,2-s2.0-85046662153
26540,26541,2-s2.0-85046123884
26542,26543,2-s2.0-85045769655
26543,26544,2-s2.0-85045619969
26545,26546,2-s2.0-85044738191
26546,26547,2-s2.0-85044114462
26547,26548,2-s2.0-85042422886
26549,26550,2-s2.0-85042210481
26552,26553,2-s2.0-85041483467
26553,26554,2-s2.0-85040536215
26554,26555,2-s2.0-85040371543
26555,26556,2-s2.0-85039710405
26556,26557,2-s2.0-85033473273
26559,26560,2-s2.0-85017128719
26560,26561,2-s2.0-85046334625
26561,26562,2-s2.0-85096811396
26562,26563,2-s2.0-85096805347
26563,26564,2-s2.0-85096792438
26565,26566,2-s2.0-85096771956
26566,26567,2-s2.0-85096768490
26567,26568,2-s2.0-85096755142
26568,26569,2-s2.0-85096747012
26569,26570,2-s2.0-85095745984
26571,26572,2-s2.0-85078746134
26572,26573,2-s2.0-85078745867
26574,26575,2-s2.0-85074993478
26578,26579,2-s2.0-85047412467
26579,26580,2-s2.0-85047406333
26584,26585,2-s2.0-85047774155
26585,26586,2-s2.0-85047771046
26587,26588,2-s2.0-85047757625
26588,26589,2-s2.0-85047749706
26589,26590,2-s2.0-85047743614
26590,26591,2-s2.0-85047737727
26591,26592,2-s2.0-85047736291
26592,26593,2-s2.0-85047732600
26594,26595,2-s2.0-85066502558
26598,26599,2-s2.0-85030167902
26599,26600,2-s2.0-85008224773
26601,26602,2-s2.0-85046976960
26604,26605,2-s2.0-85046336105
26610,26611,2-s2.0-85048114197
26611,26612,2-s2.0-85048108588
26612,26613,2-s2.0-85048108090
26613,26614,2-s2.0-85048106670
26615,26616,2-s2.0-85048089520
26616,26617,2-s2.0-85048086588
26617,26618,2-s2.0-85048085640
26618,26619,2-s2.0-85048083334
26619,26620,2-s2.0-85048067676
26621,26622,2-s2.0-85046260204
26624,26625,2-s2.0-85053743681
26625,26626,2-s2.0-85045287827
26627,26628,2-s2.0-85046602057
26628,26629,2-s2.0-85045693332
26632,26633,2-s2.0-85045678462
26635,26636,2-s2.0-85045668905
26637,26638,2-s2.0-85045662322
26641,26642,2-s2.0-85045656719
26642,26643,2-s2.0-85045654083
26645,26646,2-s2.0-85045651265
26652,26653,2-s2.0-85045630094
26653,26654,2-s2.0-85045627035
26654,26655,2-s2.0-85045626871
26657,26658,2-s2.0-85048733481
26659,26660,2-s2.0-85051676500
26660,26661,2-s2.0-85045770064
26661,26662,2-s2.0-85045478915
26663,26664,2-s2.0-85045078115
26665,26666,2-s2.0-85044310462
26668,26669,2-s2.0-85043329289
26669,26670,2-s2.0-85042914046
26670,26671,2-s2.0-85042228180
26672,26673,2-s2.0-85038807863
26674,26675,2-s2.0-85033377432
26675,26676,2-s2.0-85030174978
26676,26677,2-s2.0-85029905263
26678,26679,2-s2.0-85028539220
26680,26681,2-s2.0-85028532412
26682,26683,2-s2.0-85007388578
26683,26684,2-s2.0-84969780790
26684,26685,2-s2.0-85212955227
26685,26686,2-s2.0-85138718120
26686,26687,2-s2.0-85084976119
26687,26688,2-s2.0-85073015320
26688,26689,2-s2.0-85069518042
26690,26691,2-s2.0-85068710835
26692,26693,2-s2.0-85061378088
26693,26694,2-s2.0-85061261693
26695,26696,2-s2.0-85060803372
26696,26697,2-s2.0-85060751456
26697,26698,2-s2.0-85056422916
26698,26699,2-s2.0-85050819864
26701,26702,2-s2.0-85050203330
26702,26703,2-s2.0-85049659590
26703,26704,2-s2.0-85049647538
26705,26706,2-s2.0-85046787486
26710,26711,2-s2.0-85044851345
26713,26714,2-s2.0-85044506965
26716,26717,2-s2.0-85044384586
26717,26718,2-s2.0-85044299979
26721,26722,2-s2.0-85042215199
26725,26726,2-s2.0-85031119939
26726,26727,2-s2.0-85027863479
26728,26729,2-s2.0-85021242392
26733,26734,2-s2.0-84996607021
26734,26735,2-s2.0-84990925775
26737,26738,2-s2.0-84970046727
26741,26742,2-s2.0-85047245006
26742,26743,2-s2.0-85046808108
26743,26744,2-s2.0-85045139163
26747,26748,2-s2.0-85045745203
26748,26749,2-s2.0-85044336518
26749,26750,2-s2.0-85044325562
26750,26751,2-s2.0-85026879659
26752,26753,2-s2.0-85045841712
26755,26756,2-s2.0-85044085830
26759,26760,2-s2.0-85011317398
26762,26763,2-s2.0-85044518448
26765,26766,2-s2.0-85045914669
26766,26767,2-s2.0-85045886928
26768,26769,2-s2.0-85043330847
26773,26774,2-s2.0-85032328850
26778,26779,2-s2.0-84959037970
26779,26780,2-s2.0-85048418064
26783,26784,2-s2.0-85046610804
26785,26786,2-s2.0-85042592175
26791,26792,2-s2.0-85064918280
26792,26793,2-s2.0-85063747017
26793,26794,2-s2.0-85063742719
26794,26795,2-s2.0-85062340170
26797,26798,2-s2.0-85061210179
26800,26801,2-s2.0-85061181687
26805,26806,2-s2.0-85056378847
26806,26807,2-s2.0-85053077690
26810,26811,2-s2.0-85048277762
26818,26819,2-s2.0-85046810242
26819,26820,2-s2.0-85046790273
26822,26823,2-s2.0-85046753595
26824,26825,2-s2.0-85045900478
26827,26828,2-s2.0-85045217823
26828,26829,2-s2.0-85044307677
26830,26831,2-s2.0-85043784585
26831,26832,2-s2.0-85043702357
26834,26835,2-s2.0-85042416820
26836,26837,2-s2.0-85042086257
26839,26840,2-s2.0-85041749848
26840,26841,2-s2.0-85041749704
26845,26846,2-s2.0-85041707291
26847,26848,2-s2.0-85041588292
26849,26850,2-s2.0-85041098201
26850,26851,2-s2.0-85040661095
26852,26853,2-s2.0-85040081307
26854,26855,2-s2.0-85038623899
26858,26859,2-s2.0-85037719992
26863,26864,2-s2.0-85033662762
26867,26868,2-s2.0-85027015769
26869,26870,2-s2.0-85018887007
26875,26876,2-s2.0-85050956122
26878,26879,2-s2.0-85050945566
26881,26882,2-s2.0-85050937293
26882,26883,2-s2.0-85050933359
26885,26886,2-s2.0-85050930262
26886,26887,2-s2.0-85050926374
26888,26889,2-s2.0-85050921369
26889,26890,2-s2.0-85050921282
26892,26893,2-s2.0-85050917249
26893,26894,2-s2.0-85050914423
26898,26899,2-s2.0-85043988057
26899,26900,2-s2.0-85042764809
26906,26907,2-s2.0-85046105160
26907,26908,2-s2.0-85046103418
26912,26913,2-s2.0-85046082010
26913,26914,2-s2.0-85046079853
26916,26917,2-s2.0-85046035596
26917,26918,2-s2.0-85046034554
26921,26922,2-s2.0-85044425010
26923,26924,2-s2.0-85042335355
26924,26925,2-s2.0-85042333093
26925,26926,2-s2.0-85042332058
26930,26931,2-s2.0-85042323965
26934,26935,2-s2.0-85042320396
26935,26936,2-s2.0-85042319948
26937,26938,2-s2.0-85042317227
26939,26940,2-s2.0-85042309519
26940,26941,2-s2.0-85042307852
26944,26945,2-s2.0-85042298109
26950,26951,2-s2.0-85042276439
26951,26952,2-s2.0-85042275455
26954,26955,2-s2.0-85042270751
26955,26956,2-s2.0-85042268742
26956,26957,2-s2.0-85042261884
26958,26959,2-s2.0-85042259575
26960,26961,2-s2.0-85042255981
26961,26962,2-s2.0-85042255714
26962,26963,2-s2.0-85039917896
26964,26965,2-s2.0-85029699968
26966,26967,2-s2.0-85026527244
26967,26968,2-s2.0-85042147235
26970,26971,2-s2.0-85044003386
26972,26973,2-s2.0-85046744565
26973,26974,2-s2.0-85028532877
26974,26975,2-s2.0-85044990927
26976,26977,2-s2.0-85042138904
26977,26978,2-s2.0-85042133871
26978,26979,2-s2.0-85042129356
26981,26982,2-s2.0-85042126805
26984,26985,2-s2.0-85042112679
26985,26986,2-s2.0-85042112393
26988,26989,2-s2.0-85042093843
26989,26990,2-s2.0-85042090047
26990,26991,2-s2.0-85042089966
26991,26992,2-s2.0-85042086626
26993,26994,2-s2.0-85042081234
26994,26995,2-s2.0-85042069233
26999,27000,2-s2.0-85054318107
27001,27002,2-s2.0-85052565254
27002,27003,2-s2.0-85048749612
27005,27006,2-s2.0-85044623763
27008,27009,2-s2.0-85044125287
27011,27012,2-s2.0-85042740286
27014,27015,2-s2.0-85042379315
27015,27016,2-s2.0-85042353756
27020,27021,2-s2.0-85040831434
27021,27022,2-s2.0-85040706346
27022,27023,2-s2.0-85040129937
27023,27024,2-s2.0-85040117101
27024,27025,2-s2.0-85039863471
27027,27028,2-s2.0-85037629399
27030,27031,2-s2.0-85034096983
27031,27032,2-s2.0-85034087814
27033,27034,2-s2.0-85031496156
27034,27035,2-s2.0-85031015035
27035,27036,2-s2.0-85030849914
27038,27039,2-s2.0-85028531118
27042,27043,2-s2.0-85018805845
27044,27045,2-s2.0-85010737682
27045,27046,2-s2.0-85008156865
27046,27047,2-s2.0-84994339400
27050,27051,2-s2.0-85042075966
27051,27052,2-s2.0-85041032959
27058,27059,2-s2.0-85034638744
27060,27061,2-s2.0-85079724248
27061,27062,2-s2.0-85040863704
27063,27064,2-s2.0-85040962704
27066,27067,2-s2.0-85055720479
27067,27068,2-s2.0-85055700954
27068,27069,2-s2.0-85055687031
27069,27070,2-s2.0-85055676289
27072,27073,2-s2.0-85053451411
27073,27074,2-s2.0-85041011678
27074,27075,2-s2.0-85041009458
27076,27077,2-s2.0-85040995909
27077,27078,2-s2.0-85040993223
27079,27080,2-s2.0-85040981476
27080,27081,2-s2.0-85040980548
27081,27082,2-s2.0-85040980375
27083,27084,2-s2.0-85040977750
27084,27085,2-s2.0-85040977636
27085,27086,2-s2.0-85040973805
27086,27087,2-s2.0-85040970133
27093,27094,2-s2.0-85047270764
27095,27096,2-s2.0-85041006976
27096,27097,2-s2.0-85040996736
27097,27098,2-s2.0-85040980597
27099,27100,2-s2.0-85040970939
27100,27101,2-s2.0-85040970503
27101,27102,2-s2.0-85040963886
27102,27103,2-s2.0-85040963536
27103,27104,2-s2.0-85058106475
27105,27106,2-s2.0-85048283016
27106,27107,2-s2.0-85045689098
27107,27108,2-s2.0-85045280841
27109,27110,2-s2.0-85045039362
27110,27111,2-s2.0-85044624090
27112,27113,2-s2.0-85043678167
27116,27117,2-s2.0-85041211056
27118,27119,2-s2.0-85038555931
27122,27123,2-s2.0-85035116966
27124,27125,2-s2.0-85033798428
27127,27128,2-s2.0-85028557531
27129,27130,2-s2.0-85021250941
27131,27132,2-s2.0-85020712573
27133,27134,2-s2.0-85019031195
27134,27135,2-s2.0-85018952739
27135,27136,2-s2.0-85015977581
27136,27137,2-s2.0-85015018002
27137,27138,2-s2.0-85014554440
27139,27140,2-s2.0-84995700036
27140,27141,2-s2.0-84987918289
27141,27142,2-s2.0-84983339210
27146,27147,2-s2.0-85182997065
27147,27148,2-s2.0-85178934002
27148,27149,2-s2.0-85168521892
27149,27150,2-s2.0-85168440681
27151,27152,2-s2.0-85153961517
27153,27154,2-s2.0-85149578692
27154,27155,2-s2.0-85149567003
27158,27159,2-s2.0-85146612380
27159,27160,2-s2.0-85146584515
27161,27162,2-s2.0-85146550632
27163,27164,2-s2.0-85145753035
27165,27166,2-s2.0-85144366068
27167,27168,2-s2.0-85142062616
27170,27171,2-s2.0-85140693295
27174,27175,2-s2.0-85139605729
27175,27176,2-s2.0-85139559309
27187,27188,2-s2.0-85126499812
27189,27190,2-s2.0-85120950455
27191,27192,2-s2.0-85113552225
27193,27194,2-s2.0-85112317477
27195,27196,2-s2.0-85107706196
27197,27198,2-s2.0-85105732206
27198,27199,2-s2.0-85102874721
27199,27200,2-s2.0-85102176693
27204,27205,2-s2.0-85097992195
27205,27206,2-s2.0-85097988109
27207,27208,2-s2.0-85097977909
27209,27210,2-s2.0-85096270390
27210,27211,2-s2.0-85094897182
27211,27212,2-s2.0-85093821935
27212,27213,2-s2.0-85092350411
27215,27216,2-s2.0-85090797911
27216,27217,2-s2.0-85090736297
27218,27219,2-s2.0-85089469572
27226,27227,2-s2.0-85086397612
27231,27232,2-s2.0-85085465655
27232,27233,2-s2.0-85085463201
27233,27234,2-s2.0-85085457546
27237,27238,2-s2.0-85085425347
27240,27241,2-s2.0-85084016874
27242,27243,2-s2.0-85083951501
27245,27246,2-s2.0-85083257875
27247,27248,2-s2.0-85082726596
27248,27249,2-s2.0-85082606121
27252,27253,2-s2.0-85082527419
27254,27255,2-s2.0-85082514393
27258,27259,2-s2.0-85082335766
27259,27260,2-s2.0-85082321534
27261,27262,2-s2.0-85081906324
27263,27264,2-s2.0-85080900895
27264,27265,2-s2.0-85079376770
27265,27266,2-s2.0-85078998608
27271,27272,2-s2.0-85077344080
27274,27275,2-s2.0-85075319043
27275,27276,2-s2.0-85074803026
27276,27277,2-s2.0-85074801899
27277,27278,2-s2.0-85074315300
27279,27280,2-s2.0-85074109666
27280,27281,2-s2.0-85074076642
27283,27284,2-s2.0-85072679974
27284,27285,2-s2.0-85072631328
27285,27286,2-s2.0-85072521354
27287,27288,2-s2.0-85072122288
27289,27290,2-s2.0-85071753220
27290,27291,2-s2.0-85071702010
27292,27293,2-s2.0-85071624519
27297,27298,2-s2.0-85071363000
27298,27299,2-s2.0-85071000105
27299,27300,2-s2.0-85070997345
27300,27301,2-s2.0-85070830558
27301,27302,2-s2.0-85070282754
27302,27303,2-s2.0-85069936546
27303,27304,2-s2.0-85069854445
27306,27307,2-s2.0-85069431660
27308,27309,2-s2.0-85069204901
27309,27310,2-s2.0-85069172863
27313,27314,2-s2.0-85068832051
27314,27315,2-s2.0-85068827715
27315,27316,2-s2.0-85068818608
27318,27319,2-s2.0-85068096098
27321,27322,2-s2.0-85067960784
27322,27323,2-s2.0-85067944039
27323,27324,2-s2.0-85067813562
27324,27325,2-s2.0-85067809071
27325,27326,2-s2.0-85067787679
27326,27327,2-s2.0-85067690067
27330,27331,2-s2.0-85067002448
27331,27332,2-s2.0-85066961509
27334,27335,2-s2.0-85066492948
27337,27338,2-s2.0-85066291079
27339,27340,2-s2.0-85066144101
27342,27343,2-s2.0-85065553520
27343,27344,2-s2.0-85065343303
27346,27347,2-s2.0-85065336211
27347,27348,2-s2.0-85065326513
27350,27351,2-s2.0-85065315389
27351,27352,2-s2.0-85065315316
27352,27353,2-s2.0-85065312781
27357,27358,2-s2.0-85065304882
27359,27360,2-s2.0-85065298914
27360,27361,2-s2.0-85065297809
27361,27362,2-s2.0-85065293850
27364,27365,2-s2.0-85065287435
27365,27366,2-s2.0-85065256760
27368,27369,2-s2.0-85064720150
27369,27370,2-s2.0-85064700455
27370,27371,2-s2.0-85064686682
27371,27372,2-s2.0-85064671501
27372,27373,2-s2.0-85064671281
27373,27374,2-s2.0-85064638716
27376,27377,2-s2.0-85064622737
27377,27378,2-s2.0-85064608149
27379,27380,2-s2.0-85064434875
27380,27381,2-s2.0-85064431397
27381,27382,2-s2.0-85064373054
27383,27384,2-s2.0-85064332244
27386,27387,2-s2.0-85064099387
27389,27390,2-s2.0-85063808375
27391,27392,2-s2.0-85063646445
27392,27393,2-s2.0-85063641931
27394,27395,2-s2.0-85063640317
27399,27400,2-s2.0-85063621557
27404,27405,2-s2.0-85063605486
27405,27406,2-s2.0-85063605163
27409,27410,2-s2.0-85063519449
27415,27416,2-s2.0-85063423508
27418,27419,2-s2.0-85063412905
27419,27420,2-s2.0-85063355577
27421,27422,2-s2.0-85063343824
27422,27423,2-s2.0-85063342574
27423,27424,2-s2.0-85063339284
27424,27425,2-s2.0-85063338927
27427,27428,2-s2.0-85063330183
27428,27429,2-s2.0-85063321643
27431,27432,2-s2.0-85063103423
27433,27434,2-s2.0-85062719411
27434,27435,2-s2.0-85062716062
27435,27436,2-s2.0-85062656500
27436,27437,2-s2.0-85062573111
27437,27438,2-s2.0-85062553382
27439,27440,2-s2.0-85062510834
27440,27441,2-s2.0-85062505855
27441,27442,2-s2.0-85062494750
27444,27445,2-s2.0-85062451061
27446,27447,2-s2.0-85062396690
27451,27452,2-s2.0-85062039199
27456,27457,2-s2.0-85061808800
27458,27459,2-s2.0-85061766844
27459,27460,2-s2.0-85061747892
27461,27462,2-s2.0-85061740576
27463,27464,2-s2.0-85061725013
27464,27465,2-s2.0-85061712145
27465,27466,2-s2.0-85061698464
27466,27467,2-s2.0-85061658763
27468,27469,2-s2.0-85061577367
27470,27471,2-s2.0-85061526511
27472,27473,2-s2.0-85061486426
27473,27474,2-s2.0-85061367000
27476,27477,2-s2.0-85061309736
27477,27478,2-s2.0-85061291007
27478,27479,2-s2.0-85061258874
27480,27481,2-s2.0-85061243693
27484,27485,2-s2.0-85061148526
27485,27486,2-s2.0-85061136726
27491,27492,2-s2.0-85060884460
27492,27493,2-s2.0-85060820860
27493,27494,2-s2.0-85060813281
27496,27497,2-s2.0-85060686129
27497,27498,2-s2.0-85060657847
27498,27499,2-s2.0-85060644786
27500,27501,2-s2.0-85060625569
27502,27503,2-s2.0-85060590691
27503,27504,2-s2.0-85060556132
27507,27508,2-s2.0-85060550919
27508,27509,2-s2.0-85060549161
27509,27510,2-s2.0-85060540140
27518,27519,2-s2.0-85060387647
27519,27520,2-s2.0-85060348907
27521,27522,2-s2.0-85060312707
27522,27523,2-s2.0-85060309956
27525,27526,2-s2.0-85060292413
27527,27528,2-s2.0-85060291344
27529,27530,2-s2.0-85060283180
27531,27532,2-s2.0-85060277541
27534,27535,2-s2.0-85060147935
27535,27536,2-s2.0-85060064863
27536,27537,2-s2.0-85060028525
27539,27540,2-s2.0-85059870095
27540,27541,2-s2.0-85059709982
27542,27543,2-s2.0-85059684355
27543,27544,2-s2.0-85059653918
27545,27546,2-s2.0-85059634450
27547,27548,2-s2.0-85059618285
27549,27550,2-s2.0-85059587084
27550,27551,2-s2.0-85059562419
27555,27556,2-s2.0-85059303767
27559,27560,2-s2.0-85059188180
27560,27561,2-s2.0-85059177286
27562,27563,2-s2.0-85059005587
27565,27566,2-s2.0-85058969496
27567,27568,2-s2.0-85058958929
27569,27570,2-s2.0-85058947220
27570,27571,2-s2.0-85058942947
27571,27572,2-s2.0-85058942042
27572,27573,2-s2.0-85058939095
27576,27577,2-s2.0-85058736024
27577,27578,2-s2.0-85058623166
27579,27580,2-s2.0-85058417410
27580,27581,2-s2.0-85058380538
27582,27583,2-s2.0-85058212468
27584,27585,2-s2.0-85058193741
27587,27588,2-s2.0-85058170088
27591,27592,2-s2.0-85058148575
27592,27593,2-s2.0-85058146607
27594,27595,2-s2.0-85058003086
27596,27597,2-s2.0-85057985551
27600,27601,2-s2.0-85057960785
27601,27602,2-s2.0-85057952632
27602,27603,2-s2.0-85057764215
27603,27604,2-s2.0-85057762680
27605,27606,2-s2.0-85057725776
27608,27609,2-s2.0-85057611751
27611,27612,2-s2.0-85057493307
27612,27613,2-s2.0-85057466507
27617,27618,2-s2.0-85057232945
27618,27619,2-s2.0-85057231870
27620,27621,2-s2.0-85057148066
27621,27622,2-s2.0-85057127088
27622,27623,2-s2.0-85057089479
27624,27625,2-s2.0-85057009043
27625,27626,2-s2.0-85056992052
27626,27627,2-s2.0-85056869498
27627,27628,2-s2.0-85056832119
27628,27629,2-s2.0-85056717702
27629,27630,2-s2.0-85056671564
27630,27631,2-s2.0-85056656626
27632,27633,2-s2.0-85056639926
27633,27634,2-s2.0-85056626174
27636,27637,2-s2.0-85056473659
27637,27638,2-s2.0-85056465874
27638,27639,2-s2.0-85056458927
27640,27641,2-s2.0-85056451998
27641,27642,2-s2.0-85056402828
27642,27643,2-s2.0-85056253197
27643,27644,2-s2.0-85056173026
27645,27646,2-s2.0-85056148055
27649,27650,2-s2.0-85056108878
27650,27651,2-s2.0-85056095247
27651,27652,2-s2.0-85056091856
27654,27655,2-s2.0-85055917646
27656,27657,2-s2.0-85055726980
27658,27659,2-s2.0-85055723295
27661,27662,2-s2.0-85055720039
27663,27664,2-s2.0-85055709638
27664,27665,2-s2.0-85055707900
27670,27671,2-s2.0-85055697531
27671,27672,2-s2.0-85055690341
27673,27674,2-s2.0-85055687731
27674,27675,2-s2.0-85055686030
27678,27679,2-s2.0-85055678667
27679,27680,2-s2.0-85055677926
27680,27681,2-s2.0-85055676461
27682,27683,2-s2.0-85055673913
27683,27684,2-s2.0-85055673624
27685,27686,2-s2.0-85055658054
27687,27688,2-s2.0-85055529740
27688,27689,2-s2.0-85055523449
27695,27696,2-s2.0-85055347376
27696,27697,2-s2.0-85055342256
27697,27698,2-s2.0-85055340867
27702,27703,2-s2.0-85055321099
27705,27706,2-s2.0-85054896687
27707,27708,2-s2.0-85054818911
27711,27712,2-s2.0-85054653921
27712,27713,2-s2.0-85054649634
27713,27714,2-s2.0-85054649455
27716,27717,2-s2.0-85054632389
27717,27718,2-s2.0-85054627159
27718,27719,2-s2.0-85054613224
27719,27720,2-s2.0-85054613001
27723,27724,2-s2.0-85054393132
27725,27726,2-s2.0-85054212957
27726,27727,2-s2.0-85054168782
27728,27729,2-s2.0-85054099746
27733,27734,2-s2.0-85053923545
27734,27735,2-s2.0-85053922023
27739,27740,2-s2.0-85053858992
27740,27741,2-s2.0-85053856860
27741,27742,2-s2.0-85053848732
27744,27745,2-s2.0-85053803759
27749,27750,2-s2.0-85053213177
27750,27751,2-s2.0-85053196113
27751,27752,2-s2.0-85053192729
27752,27753,2-s2.0-85053191205
27753,27754,2-s2.0-85053169903
27755,27756,2-s2.0-85053103773
27756,27757,2-s2.0-85053078122
27758,27759,2-s2.0-85052840568
27759,27760,2-s2.0-85052839155
27760,27761,2-s2.0-85052815907
27767,27768,2-s2.0-85052601011
27770,27771,2-s2.0-85052301367
27771,27772,2-s2.0-85052197726
27773,27774,2-s2.0-85051847581
27775,27776,2-s2.0-85051660696
27776,27777,2-s2.0-85051645246
27777,27778,2-s2.0-85051627036
27778,27779,2-s2.0-85051537099
27781,27782,2-s2.0-85051140279
27782,27783,2-s2.0-85051134028
27784,27785,2-s2.0-85051101613
27785,27786,2-s2.0-85051012891
27787,27788,2-s2.0-85050952437
27788,27789,2-s2.0-85050931198
27790,27791,2-s2.0-85050807924
27791,27792,2-s2.0-85050691020
27793,27794,2-s2.0-85050600158
27794,27795,2-s2.0-85050597704
27797,27798,2-s2.0-85050471564
27801,27802,2-s2.0-85050410688
27803,27804,2-s2.0-85050240678
27806,27807,2-s2.0-85050013728
27808,27809,2-s2.0-85049966307
27810,27811,2-s2.0-85049940139
27811,27812,2-s2.0-85049874396
27812,27813,2-s2.0-85049807393
27814,27815,2-s2.0-85049770585
27816,27817,2-s2.0-85049573358
27818,27819,2-s2.0-85049552612
27819,27820,2-s2.0-85049551447
27820,27821,2-s2.0-85049551069
27821,27822,2-s2.0-85049550503
27823,27824,2-s2.0-85049548621
27824,27825,2-s2.0-85049548138
27825,27826,2-s2.0-85049544152
27828,27829,2-s2.0-85049535532
27829,27830,2-s2.0-85049512780
27831,27832,2-s2.0-85049387374
27835,27836,2-s2.0-85049248896
27837,27838,2-s2.0-85049163789
27838,27839,2-s2.0-85049091338
27841,27842,2-s2.0-85048976214
27842,27843,2-s2.0-85048917062
27844,27845,2-s2.0-85048868898
27849,27850,2-s2.0-85048798605
27851,27852,2-s2.0-85048790770
27853,27854,2-s2.0-85048764716
27855,27856,2-s2.0-85048756104
27856,27857,2-s2.0-85048755349
27861,27862,2-s2.0-85048699999
27863,27864,2-s2.0-85048594660
27864,27865,2-s2.0-85048564863
27866,27867,2-s2.0-85048561160
27867,27868,2-s2.0-85048550265
27868,27869,2-s2.0-85048521587
27869,27870,2-s2.0-85048437466
27874,27875,2-s2.0-85048362127
27876,27877,2-s2.0-85048355103
27877,27878,2-s2.0-85048343287
27882,27883,2-s2.0-85048217907
27883,27884,2-s2.0-85048192793
27884,27885,2-s2.0-85047978745
27885,27886,2-s2.0-85047928551
27886,27887,2-s2.0-85047880444
27888,27889,2-s2.0-85047855843
27889,27890,2-s2.0-85047827573
27891,27892,2-s2.0-85047771637
27895,27896,2-s2.0-85047745901
27896,27897,2-s2.0-85047738834
27898,27899,2-s2.0-85047648968
27899,27900,2-s2.0-85047636047
27900,27901,2-s2.0-85047623608
27901,27902,2-s2.0-85047605044
27902,27903,2-s2.0-85047560384
27906,27907,2-s2.0-85047460882
27907,27908,2-s2.0-85047450381
27908,27909,2-s2.0-85047422751
27910,27911,2-s2.0-85047361421
27912,27913,2-s2.0-85047351272
27914,27915,2-s2.0-85047331721
27917,27918,2-s2.0-85047275855
27919,27920,2-s2.0-85047126067
27922,27923,2-s2.0-85046758994
27923,27924,2-s2.0-85046707145
27924,27925,2-s2.0-85046706089
27926,27927,2-s2.0-85046657028
27929,27930,2-s2.0-85046487645
27930,27931,2-s2.0-85046485474
27931,27932,2-s2.0-85046484855
27937,27938,2-s2.0-85046032670
27940,27941,2-s2.0-85045969324
27942,27943,2-s2.0-85045951522
27944,27945,2-s2.0-85045919764
27946,27947,2-s2.0-85045872188
27948,27949,2-s2.0-85045843786
27952,27953,2-s2.0-85045533269
27953,27954,2-s2.0-85045407866
27955,27956,2-s2.0-85045282093
27957,27958,2-s2.0-85045054524
27962,27963,2-s2.0-85044989852
27964,27965,2-s2.0-85044517264
27967,27968,2-s2.0-85044423492
27969,27970,2-s2.0-85044387548
27972,27973,2-s2.0-85044155860
27973,27974,2-s2.0-85044138754
27974,27975,2-s2.0-85044118076
27975,27976,2-s2.0-85043996149
27976,27977,2-s2.0-85043451125
27977,27978,2-s2.0-85043376269
27978,27979,2-s2.0-85043370674
27979,27980,2-s2.0-85043235754
27980,27981,2-s2.0-85042882014
27983,27984,2-s2.0-85042558943
27989,27990,2-s2.0-85042549818
27991,27992,2-s2.0-85042546744
27995,27996,2-s2.0-85042538249
27996,27997,2-s2.0-85042534338
27997,27998,2-s2.0-85042533124
28003,28004,2-s2.0-85042414083
28004,28005,2-s2.0-85042403435
28006,28007,2-s2.0-85042316508
28009,28010,2-s2.0-85042273202
28010,28011,2-s2.0-85042259023
28012,28013,2-s2.0-85042128626
28015,28016,2-s2.0-85042091092
28016,28017,2-s2.0-85042081194
28017,28018,2-s2.0-85042080391
28018,28019,2-s2.0-85042002600
28019,28020,2-s2.0-85041864606
28027,28028,2-s2.0-85041532221
28030,28031,2-s2.0-85041393786
28031,28032,2-s2.0-85041327106
28032,28033,2-s2.0-85041282259
28034,28035,2-s2.0-85041216969
28035,28036,2-s2.0-85041167817
28038,28039,2-s2.0-85041094592
28040,28041,2-s2.0-85041054083
28041,28042,2-s2.0-85040818643
28043,28044,2-s2.0-85040734148
28044,28045,2-s2.0-85040696548
28045,28046,2-s2.0-85040568973
28048,28049,2-s2.0-85040194370
28050,28051,2-s2.0-85040190517
28051,28052,2-s2.0-85040179251
28054,28055,2-s2.0-85040035177
28055,28056,2-s2.0-85040012165
28057,28058,2-s2.0-85039423084
28059,28060,2-s2.0-85038031884
28060,28061,2-s2.0-85037871358
28062,28063,2-s2.0-85037696769
28063,28064,2-s2.0-85037695590
28065,28066,2-s2.0-85036541899
28067,28068,2-s2.0-85035138993
28072,28073,2-s2.0-85035058818
28074,28075,2-s2.0-85035040910
28075,28076,2-s2.0-85035034359
28076,28077,2-s2.0-85035015834
28077,28078,2-s2.0-85034947089
28079,28080,2-s2.0-85033702411
28082,28083,2-s2.0-85032683991
28085,28086,2-s2.0-85030463527
28087,28088,2-s2.0-85030108564
28088,28089,2-s2.0-85029666147
28089,28090,2-s2.0-85029580957
28093,28094,2-s2.0-85029433969
28094,28095,2-s2.0-85029432358
28096,28097,2-s2.0-85029404613
28097,28098,2-s2.0-85028524691
28100,28101,2-s2.0-85025837892
28107,28108,2-s2.0-85022181929
28110,28111,2-s2.0-85021747811
28111,28112,2-s2.0-85021702619
28113,28114,2-s2.0-85020433155
28115,28116,2-s2.0-85016463014
28116,28117,2-s2.0-85013465888
28117,28118,2-s2.0-85013115174
28118,28119,2-s2.0-85012900449
28119,28120,2-s2.0-85011901249
28120,28121,2-s2.0-85008213291
28123,28124,2-s2.0-84990055815
28125,28126,2-s2.0-84981156263
28127,28128,2-s2.0-105013733382
28128,28129,2-s2.0-105013723731
28130,28131,2-s2.0-105013701994
28135,28136,2-s2.0-105011021861
28140,28141,2-s2.0-105011004950
28141,28142,2-s2.0-105010808861
28142,28143,2-s2.0-105010805434
28143,28144,2-s2.0-105010803691
28144,28145,2-s2.0-105010802933
28149,28150,2-s2.0-105010531969
28153,28154,2-s2.0-105010499213
28156,28157,2-s2.0-105010457317
28157,28158,2-s2.0-105010450708
28159,28160,2-s2.0-105010436114
28160,28161,2-s2.0-105010427434
28161,28162,2-s2.0-105010424608
28165,28166,2-s2.0-105009175635
28166,28167,2-s2.0-105009078978
28169,28170,2-s2.0-105008589537
28172,28173,2-s2.0-85046539647
28173,28174,2-s2.0-85039849201
28174,28175,2-s2.0-85057149359
28175,28176,2-s2.0-85042220533
28177,28178,2-s2.0-85038841615
28178,28179,2-s2.0-85040075067
28179,28180,2-s2.0-85123229026
28180,28181,2-s2.0-85043297302
28181,28182,2-s2.0-85043294353
28187,28188,2-s2.0-85043278939
28188,28189,2-s2.0-85043277085
28189,28190,2-s2.0-85043272691
28191,28192,2-s2.0-85043265548
28192,28193,2-s2.0-85043262186
28193,28194,2-s2.0-85043261529
28194,28195,2-s2.0-85043255129
28196,28197,2-s2.0-85043254514
28201,28202,2-s2.0-85043250343
28202,28203,2-s2.0-85043243888
28203,28204,2-s2.0-85043243762
28204,28205,2-s2.0-85043243734
28208,28209,2-s2.0-85021951036
28211,28212,2-s2.0-85037861726
28212,28213,2-s2.0-85046536262
28213,28214,2-s2.0-85046058200
28216,28217,2-s2.0-85037623490
28222,28223,2-s2.0-85065131326
28226,28227,2-s2.0-85057643528
28227,28228,2-s2.0-85057642439
28228,28229,2-s2.0-85057641951
28229,28230,2-s2.0-85057641716
28231,28232,2-s2.0-85057640896
28232,28233,2-s2.0-85057640777
28233,28234,2-s2.0-85057640462
28234,28235,2-s2.0-85057637360
28235,28236,2-s2.0-85055689160
28237,28238,2-s2.0-85051789297
28241,28242,2-s2.0-85049269087
28242,28243,2-s2.0-85049221126
28244,28245,2-s2.0-85049120978
28246,28247,2-s2.0-85048376458
28247,28248,2-s2.0-85047439112
28248,28249,2-s2.0-85047422490
28250,28251,2-s2.0-85046550122
28251,28252,2-s2.0-85045991811
28254,28255,2-s2.0-85042723480
28258,28259,2-s2.0-85041674833
28260,28261,2-s2.0-85041206438
28261,28262,2-s2.0-85041172549
28262,28263,2-s2.0-85040618699
28263,28264,2-s2.0-85040465252
28267,28268,2-s2.0-85040458045
28272,28273,2-s2.0-85038813172
28273,28274,2-s2.0-85038026488
28276,28277,2-s2.0-85037110153
28279,28280,2-s2.0-85037037958
28283,28284,2-s2.0-85034981309
28284,28285,2-s2.0-85034747300
28286,28287,2-s2.0-85034443945
28288,28289,2-s2.0-85033731477
28300,28301,2-s2.0-85030457703
28301,28302,2-s2.0-85029308557
28302,28303,2-s2.0-85029167778
28306,28307,2-s2.0-85028608362
28308,28309,2-s2.0-85027732350
28310,28311,2-s2.0-85026844639
28312,28313,2-s2.0-85026497349
28313,28314,2-s2.0-85025471199
28317,28318,2-s2.0-85021320856
28318,28319,2-s2.0-85020680158
28319,28320,2-s2.0-85020459077
28320,28321,2-s2.0-85019696087
28323,28324,2-s2.0-85018271724
28324,28325,2-s2.0-85017501814
28326,28327,2-s2.0-85016829470
28328,28329,2-s2.0-84980048078
28331,28332,2-s2.0-105002721136
28332,28333,2-s2.0-105002718815
28333,28334,2-s2.0-85042743879
28334,28335,2-s2.0-85043466362
28336,28337,2-s2.0-85048277660
28337,28338,2-s2.0-85044250051
28338,28339,2-s2.0-85043460145
28342,28343,2-s2.0-85032965296
28344,28345,2-s2.0-85021904284
28348,28349,2-s2.0-85034652318
28349,28350,2-s2.0-85038364241
28351,28352,2-s2.0-85020526977
28354,28355,2-s2.0-85040704955
28355,28356,2-s2.0-85040674281
28356,28357,2-s2.0-85040657320
28357,28358,2-s2.0-85034971170
28358,28359,2-s2.0-85040582072
28359,28360,2-s2.0-85040580005
28360,28361,2-s2.0-85040570249
28364,28365,2-s2.0-85035309997
28368,28369,2-s2.0-85046550127
28370,28371,2-s2.0-84962085853
28374,28375,2-s2.0-85043242965
28378,28379,2-s2.0-85040767877
28379,28380,2-s2.0-85041104094
28381,28382,2-s2.0-85039969951
28382,28383,2-s2.0-85039947834
28383,28384,2-s2.0-85039937107
28386,28387,2-s2.0-85031110605
28389,28390,2-s2.0-85015158522
28390,28391,2-s2.0-85011282406
28391,28392,2-s2.0-84996490624
28392,28393,2-s2.0-84984674622
28393,28394,2-s2.0-84980047624
28394,28395,2-s2.0-84975506148
28395,28396,2-s2.0-84969179543
28398,28399,2-s2.0-85057640850
28400,28401,2-s2.0-85046802223
28401,28402,2-s2.0-85045029217
28408,28409,2-s2.0-85040222197
28410,28411,2-s2.0-85036583198
28411,28412,2-s2.0-85036536163
28414,28415,2-s2.0-85035770600
28415,28416,2-s2.0-85035240307
28419,28420,2-s2.0-85035192289
28422,28423,2-s2.0-85035031196
28423,28424,2-s2.0-85035012824
28426,28427,2-s2.0-85034629547
28428,28429,2-s2.0-85034576585
28430,28431,2-s2.0-85034260185
28432,28433,2-s2.0-85033501572
28433,28434,2-s2.0-85033215894
28434,28435,2-s2.0-85032927461
28435,28436,2-s2.0-85032727464
28436,28437,2-s2.0-85032710008
28438,28439,2-s2.0-85032385368
28439,28440,2-s2.0-85031765962
28441,28442,2-s2.0-85031428941
28442,28443,2-s2.0-85031426818
28445,28446,2-s2.0-85031405055
28446,28447,2-s2.0-85031403685
28451,28452,2-s2.0-85030108909
28452,28453,2-s2.0-85029797426
28453,28454,2-s2.0-85028995699
28454,28455,2-s2.0-85028315857
28456,28457,2-s2.0-85025694519
28457,28458,2-s2.0-85024504558
28459,28460,2-s2.0-85024476407
28460,28461,2-s2.0-85021808413
28464,28465,2-s2.0-85020409336
28469,28470,2-s2.0-85047226485
28471,28472,2-s2.0-105012052008
28472,28473,2-s2.0-105012051952
28474,28475,2-s2.0-105012051629
28476,28477,2-s2.0-105012050780
28479,28480,2-s2.0-105012046870
28481,28482,2-s2.0-105012045148
28482,28483,2-s2.0-105012044793
28483,28484,2-s2.0-105012043789
28484,28485,2-s2.0-105012042872
28486,28487,2-s2.0-85041443773
28488,28489,2-s2.0-85041439048
28489,28490,2-s2.0-85041433599
28491,28492,2-s2.0-85034586966
28495,28496,2-s2.0-85063713689
28499,28500,2-s2.0-85040121285
28500,28501,2-s2.0-85040111985
28504,28505,2-s2.0-85044625369
28506,28507,2-s2.0-85044586093
28510,28511,2-s2.0-85038424721
28512,28513,2-s2.0-85038416156
28514,28515,2-s2.0-85034063255
28516,28517,2-s2.0-85024388805
28519,28520,2-s2.0-85014485596
28520,28521,2-s2.0-85035349785
28521,28522,2-s2.0-85039922132
28525,28526,2-s2.0-85038577874
28528,28529,2-s2.0-85037614062
28529,28530,2-s2.0-85037053625
28530,28531,2-s2.0-85031790836
28531,28532,2-s2.0-85034759297
28534,28535,2-s2.0-85037104600
28535,28536,2-s2.0-85037077737
28536,28537,2-s2.0-85037068948
28538,28539,2-s2.0-85046837887
28539,28540,2-s2.0-85132300815
28540,28541,2-s2.0-85034589044
28541,28542,2-s2.0-85019677678
28545,28546,2-s2.0-85052067137
28546,28547,2-s2.0-85045137411
28547,28548,2-s2.0-85042707280
28548,28549,2-s2.0-85038020986
28549,28550,2-s2.0-85035109349
28551,28552,2-s2.0-85033802665
28554,28555,2-s2.0-85032917124
28556,28557,2-s2.0-85032357878
28558,28559,2-s2.0-85029878781
28559,28560,2-s2.0-85029712044
28560,28561,2-s2.0-85029646180
28564,28565,2-s2.0-85021405179
28568,28569,2-s2.0-85009289865
28570,28571,2-s2.0-84976573267
28572,28573,2-s2.0-85076383247
28575,28576,2-s2.0-85065246807
28578,28579,2-s2.0-85057638202
28582,28583,2-s2.0-85043398335
28583,28584,2-s2.0-85043391189
28588,28589,2-s2.0-85037028831
28594,28595,2-s2.0-85031087883
28595,28596,2-s2.0-85030457611
28597,28598,2-s2.0-85029928696
28598,28599,2-s2.0-85029921372
28599,28600,2-s2.0-85029917931
28600,28601,2-s2.0-85029600582
28602,28603,2-s2.0-85029576556
28607,28608,2-s2.0-85028023677
28608,28609,2-s2.0-85028011986
28610,28611,2-s2.0-85027989625
28611,28612,2-s2.0-85027961102
28615,28616,2-s2.0-85026508686
28616,28617,2-s2.0-85026454177
28618,28619,2-s2.0-85025127990
28619,28620,2-s2.0-85021687364
28621,28622,2-s2.0-85019392500
28622,28623,2-s2.0-85015671859
28624,28625,2-s2.0-85011890601
28627,28628,2-s2.0-84973106791
28632,28633,2-s2.0-85032388208
28634,28635,2-s2.0-85032385559
28635,28636,2-s2.0-85032385523
28636,28637,2-s2.0-85032385146
28638,28639,2-s2.0-85032384399
28639,28640,2-s2.0-85032383114
28640,28641,2-s2.0-85032382392
28643,28644,2-s2.0-85032380970
28647,28648,2-s2.0-85032376521
28651,28652,2-s2.0-85032372070
28655,28656,2-s2.0-85032367236
28657,28658,2-s2.0-85032366066
28658,28659,2-s2.0-85032362843
28660,28661,2-s2.0-85032358569
28661,28662,2-s2.0-85032353824
28662,28663,2-s2.0-85032349295
28663,28664,2-s2.0-85032348752
28666,28667,2-s2.0-85032343361
28668,28669,2-s2.0-85032342319
28670,28671,2-s2.0-85032337184
28672,28673,2-s2.0-85032335514
28677,28678,2-s2.0-85032331390
28678,28679,2-s2.0-85032331086
28679,28680,2-s2.0-85037142655
28684,28685,2-s2.0-85032629769
28686,28687,2-s2.0-85033491031
28694,28695,2-s2.0-85030704729
28695,28696,2-s2.0-85032499775
28697,28698,2-s2.0-85049408159
28700,28701,2-s2.0-85032264727
28701,28702,2-s2.0-85002198986
28702,28703,2-s2.0-84976274873
28704,28705,2-s2.0-85032335052
28708,28709,2-s2.0-85052225198
28709,28710,2-s2.0-85048677557
28712,28713,2-s2.0-85036546984
28714,28715,2-s2.0-85070008556
28718,28719,2-s2.0-84986212744
28721,28722,2-s2.0-85027893571
28722,28723,2-s2.0-85020090881
28726,28727,2-s2.0-85057640434
28731,28732,2-s2.0-85038906433
28732,28733,2-s2.0-85036643995
28735,28736,2-s2.0-85031117367
28737,28738,2-s2.0-85030705293
28738,28739,2-s2.0-85030682054
28741,28742,2-s2.0-85030103020
28747,28748,2-s2.0-85029006353
28750,28751,2-s2.0-85027882563
28752,28753,2-s2.0-85027693251
28753,28754,2-s2.0-85027398484
28760,28761,2-s2.0-85026885804
28762,28763,2-s2.0-85025465947
28764,28765,2-s2.0-85021937261
28765,28766,2-s2.0-85020891954
28766,28767,2-s2.0-85020119843
28771,28772,2-s2.0-85017431436
28772,28773,2-s2.0-85014577695
28773,28774,2-s2.0-85014516401
28774,28775,2-s2.0-85012909780
28775,28776,2-s2.0-85010214420
28777,28778,2-s2.0-85006356617
28779,28780,2-s2.0-84978646288
28780,28781,2-s2.0-84962921279
28781,28782,2-s2.0-84961285387
28783,28784,2-s2.0-84956986022
28784,28785,2-s2.0-105012706537
28786,28787,2-s2.0-105012675069
28791,28792,2-s2.0-85020097522
28792,28793,2-s2.0-85014605272
28795,28796,2-s2.0-85011585253
28797,28798,2-s2.0-85040003237
28798,28799,2-s2.0-85014846978
28799,28800,2-s2.0-85030774190
28801,28802,2-s2.0-85030183838
28805,28806,2-s2.0-85029368931
28806,28807,2-s2.0-85035815752
28809,28810,2-s2.0-85035770453
28811,28812,2-s2.0-85035750109
28812,28813,2-s2.0-85028365558
28813,28814,2-s2.0-85027322031
28815,28816,2-s2.0-85206907311
28816,28817,2-s2.0-85057625888
28817,28818,2-s2.0-85034647493
28818,28819,2-s2.0-85034442367
28819,28820,2-s2.0-85034436851
28821,28822,2-s2.0-85027036508
28824,28825,2-s2.0-84959205315
28825,28826,2-s2.0-85078769726
28826,28827,2-s2.0-85028361585
28830,28831,2-s2.0-85028333925
28832,28833,2-s2.0-85028321708
28833,28834,2-s2.0-85028316372
28834,28835,2-s2.0-85028309641
28835,28836,2-s2.0-85028300791
28836,28837,2-s2.0-85028300394
28838,28839,2-s2.0-85030259345
28841,28842,2-s2.0-85030244632
28842,28843,2-s2.0-85030235740
28843,28844,2-s2.0-85030222233
28844,28845,2-s2.0-85030220758
28852,28853,2-s2.0-85030791012
28853,28854,2-s2.0-85030786675
28854,28855,2-s2.0-85030780912
28856,28857,2-s2.0-85030776879
28858,28859,2-s2.0-85030774434
28859,28860,2-s2.0-85030768608
28861,28862,2-s2.0-85030761636
28864,28865,2-s2.0-85028611801
28867,28868,2-s2.0-85028014696
28872,28873,2-s2.0-85026233930
28875,28876,2-s2.0-85025462281
28878,28879,2-s2.0-85024480274
28879,28880,2-s2.0-85024397134
28882,28883,2-s2.0-85021743195
28885,28886,2-s2.0-85018472110
28887,28888,2-s2.0-85017535271
28888,28889,2-s2.0-85017229014
28890,28891,2-s2.0-85016412795
28891,28892,2-s2.0-85016102154
28892,28893,2-s2.0-85014644050
28893,28894,2-s2.0-85014103478
28894,28895,2-s2.0-85007173715
28898,28899,2-s2.0-84962820698
28899,28900,2-s2.0-84955607869
28900,28901,2-s2.0-84945219101
28904,28905,2-s2.0-85034247399
28905,28906,2-s2.0-85034227230
28907,28908,2-s2.0-85026197513
28908,28909,2-s2.0-85026257950
28911,28912,2-s2.0-85022066610
28915,28916,2-s2.0-85028939922
28917,28918,2-s2.0-85025803165
28922,28923,2-s2.0-85048140815
28923,28924,2-s2.0-85027698671
28924,28925,2-s2.0-85026228571
28925,28926,2-s2.0-85024362280
28927,28928,2-s2.0-85072333833
28929,28930,2-s2.0-85041470760
28930,28931,2-s2.0-85026241682
28932,28933,2-s2.0-85014580798
28938,28939,2-s2.0-84987680085
28940,28941,2-s2.0-84961214566
28941,28942,2-s2.0-85053878501
28943,28944,2-s2.0-85025105095
28945,28946,2-s2.0-85025085515
28947,28948,2-s2.0-85023607062
28952,28953,2-s2.0-85010637687
28953,28954,2-s2.0-84996615317
28955,28956,2-s2.0-84988311349
28957,28958,2-s2.0-85172750662
28959,28960,2-s2.0-85050877658
28960,28961,2-s2.0-85050660877
28961,28962,2-s2.0-85050623955
28969,28970,2-s2.0-85172634751
28970,28971,2-s2.0-85130693689
28979,28980,2-s2.0-85047777566
28980,28981,2-s2.0-85047275198
28981,28982,2-s2.0-85047263556
28982,28983,2-s2.0-85047262827
28986,28987,2-s2.0-85046294383
28991,28992,2-s2.0-85039413463
28992,28993,2-s2.0-85036545511
28997,28998,2-s2.0-85032658155
29000,29001,2-s2.0-85030863678
29001,29002,2-s2.0-85030845804
29002,29003,2-s2.0-85030716254
29004,29005,2-s2.0-85030096514
29005,29006,2-s2.0-85029493159
29007,29008,2-s2.0-85028088892
29012,29013,2-s2.0-85025112874
29014,29015,2-s2.0-85021709556
29018,29019,2-s2.0-85021289573
29023,29024,2-s2.0-85020523398
29025,29026,2-s2.0-85020403092
29026,29027,2-s2.0-85020230672
29028,29029,2-s2.0-85019105729
29029,29030,2-s2.0-85018566594
29030,29031,2-s2.0-85017450201
29034,29035,2-s2.0-85011663015
29046,29047,2-s2.0-85046690336
29047,29048,2-s2.0-85045930928
29049,29050,2-s2.0-85044501614
29052,29053,2-s2.0-85031012890
29053,29054,2-s2.0-85029543113
29056,29057,2-s2.0-85025129989
29059,29060,2-s2.0-85031792263
29060,29061,2-s2.0-85031791150
29065,29066,2-s2.0-85026295972
29066,29067,2-s2.0-85026295950
29067,29068,2-s2.0-85026290558
29070,29071,2-s2.0-85030572248
29071,29072,2-s2.0-85030572177
29073,29074,2-s2.0-85030571538
29074,29075,2-s2.0-85030571358
29075,29076,2-s2.0-85030571324
29078,29079,2-s2.0-85030570353
29079,29080,2-s2.0-85030570278
29080,29081,2-s2.0-85030569597
29082,29083,2-s2.0-85030569112
29085,29086,2-s2.0-85030568153
29086,29087,2-s2.0-85030568035
29087,29088,2-s2.0-85030567937
29089,29090,2-s2.0-85030567776
29090,29091,2-s2.0-85030567773
29091,29092,2-s2.0-85030567684
29093,29094,2-s2.0-85030567540
29095,29096,2-s2.0-85030567344
29097,29098,2-s2.0-85030566731
29103,29104,2-s2.0-85030564656
29104,29105,2-s2.0-85030564481
29105,29106,2-s2.0-85030564416
29106,29107,2-s2.0-85030564410
29107,29108,2-s2.0-85030563966
29108,29109,2-s2.0-85030563850
29110,29111,2-s2.0-85030563763
29111,29112,2-s2.0-85030563081
29113,29114,2-s2.0-85030562644
29114,29115,2-s2.0-85030562574
29115,29116,2-s2.0-85030562263
29116,29117,2-s2.0-85030562085
29119,29120,2-s2.0-85030561597
29120,29121,2-s2.0-85030561097
29122,29123,2-s2.0-85030560413
29123,29124,2-s2.0-85030560210
29124,29125,2-s2.0-85030560063
29126,29127,2-s2.0-85030559396
29127,29128,2-s2.0-85030559157
29130,29131,2-s2.0-85030558733
29135,29136,2-s2.0-85030556835
29138,29139,2-s2.0-85030556159
29140,29141,2-s2.0-85030555857
29142,29143,2-s2.0-85030554719
29145,29146,2-s2.0-85030553507
29146,29147,2-s2.0-85030553353
29148,29149,2-s2.0-85030553095
29149,29150,2-s2.0-85030553008
29151,29152,2-s2.0-85030552524
29152,29153,2-s2.0-85030552203
29154,29155,2-s2.0-85030551394
29157,29158,2-s2.0-85030550705
29158,29159,2-s2.0-85030550671
29163,29164,2-s2.0-85030550156
29164,29165,2-s2.0-85030550077
29165,29166,2-s2.0-85030549811
29166,29167,2-s2.0-85030549678
29168,29169,2-s2.0-85030549439
29169,29170,2-s2.0-85030549389
29171,29172,2-s2.0-85030549077
29172,29173,2-s2.0-85030548782
29173,29174,2-s2.0-85030548618
29174,29175,2-s2.0-85030548474
29175,29176,2-s2.0-85030548452
29176,29177,2-s2.0-85030548278
29178,29179,2-s2.0-85030548117
29179,29180,2-s2.0-85030548082
29180,29181,2-s2.0-85030547909
29181,29182,2-s2.0-85030547772
29182,29183,2-s2.0-85030547701
29183,29184,2-s2.0-85030547465
29185,29186,2-s2.0-85030547088
29186,29187,2-s2.0-85030546881
29187,29188,2-s2.0-85030546694
29191,29192,2-s2.0-85030546318
29193,29194,2-s2.0-85030546250
29194,29195,2-s2.0-85030546146
29196,29197,2-s2.0-85030545962
29200,29201,2-s2.0-85030544957
29201,29202,2-s2.0-85030544683
29202,29203,2-s2.0-85030543407
29205,29206,2-s2.0-85030541833
29211,29212,2-s2.0-85030540363
29216,29217,2-s2.0-85030539928
29218,29219,2-s2.0-85030539720
29220,29221,2-s2.0-85030539073
29223,29224,2-s2.0-85030538433
29226,29227,2-s2.0-85030536615
29227,29228,2-s2.0-85030536563
29230,29231,2-s2.0-85030535850
29231,29232,2-s2.0-85030535401
29235,29236,2-s2.0-85030534836
29238,29239,2-s2.0-85030533945
29239,29240,2-s2.0-85030533804
29242,29243,2-s2.0-85030533496
29245,29246,2-s2.0-85030532675
29246,29247,2-s2.0-85030532178
29249,29250,2-s2.0-85030530965
29251,29252,2-s2.0-85030529795
29252,29253,2-s2.0-85030529758
29254,29255,2-s2.0-85030529346
29255,29256,2-s2.0-85030529286
29257,29258,2-s2.0-85030528951
29262,29263,2-s2.0-85030528006
29265,29266,2-s2.0-85030527783
29266,29267,2-s2.0-85030527554
29268,29269,2-s2.0-85030526822
29269,29270,2-s2.0-85030526674
29270,29271,2-s2.0-85030526673
29273,29274,2-s2.0-85021264269
29276,29277,2-s2.0-84994238887
29278,29279,2-s2.0-85027523012
29279,29280,2-s2.0-85027520076
29280,29281,2-s2.0-85027512895
29283,29284,2-s2.0-85025472111
29284,29285,2-s2.0-85023768135
29285,29286,2-s2.0-85023747209
29288,29289,2-s2.0-85023623011
29291,29292,2-s2.0-85022211251
29293,29294,2-s2.0-85022216619
29298,29299,2-s2.0-85023634867
29301,29302,2-s2.0-85023632266
29305,29306,2-s2.0-85023626908
29308,29309,2-s2.0-85023624658
29310,29311,2-s2.0-85023622013
29315,29316,2-s2.0-85023606595
29316,29317,2-s2.0-85023606567
29317,29318,2-s2.0-85023598051
29318,29319,2-s2.0-85023594894
29321,29322,2-s2.0-85075191474
29323,29324,2-s2.0-85021916071
29329,29330,2-s2.0-85072398385
29331,29332,2-s2.0-85070369758
29335,29336,2-s2.0-85046535279
29336,29337,2-s2.0-85042065952
29337,29338,2-s2.0-85041791505
29338,29339,2-s2.0-85037721841
29340,29341,2-s2.0-85028541992
29343,29344,2-s2.0-85021763080
29345,29346,2-s2.0-85021752427
29346,29347,2-s2.0-85020674275
29349,29350,2-s2.0-85020474123
29350,29351,2-s2.0-85020443475
29351,29352,2-s2.0-85020054817
29352,29353,2-s2.0-85020030589
29353,29354,2-s2.0-85019990552
29354,29355,2-s2.0-85019975950
29355,29356,2-s2.0-85019938894
29356,29357,2-s2.0-85019638038
29357,29358,2-s2.0-85019371727
29358,29359,2-s2.0-85019353581
29360,29361,2-s2.0-85019349573
29362,29363,2-s2.0-85019133230
29363,29364,2-s2.0-85019125222
29365,29366,2-s2.0-85019054780
29368,29369,2-s2.0-85018362764
29371,29372,2-s2.0-85017116730
29372,29373,2-s2.0-85016158178
29374,29375,2-s2.0-85014376001
29376,29377,2-s2.0-85014127427
29377,29378,2-s2.0-85013053191
29379,29380,2-s2.0-85011596085
29380,29381,2-s2.0-85009471743
29382,29383,2-s2.0-85008145378
29384,29385,2-s2.0-85006123426
29385,29386,2-s2.0-84988940570
29388,29389,2-s2.0-84959419122
29389,29390,2-s2.0-84950300558
29390,29391,2-s2.0-85025602674
29391,29392,2-s2.0-85020687545
29395,29396,2-s2.0-85020639285
29396,29397,2-s2.0-85020623793
29399,29400,2-s2.0-85009493720
29401,29402,2-s2.0-84963568004
29403,29404,2-s2.0-85020619594
29406,29407,2-s2.0-85020316638
29408,29409,2-s2.0-85020295510
29409,29410,2-s2.0-85020286262
29413,29414,2-s2.0-85020246130
29414,29415,2-s2.0-85019871899
29419,29420,2-s2.0-84964330833
29420,29421,2-s2.0-85020730949
29423,29424,2-s2.0-85054220558
29426,29427,2-s2.0-85054207584
29427,29428,2-s2.0-85050507098
29434,29435,2-s2.0-85051862528
29437,29438,2-s2.0-85015925597
29439,29440,2-s2.0-85004107292
29440,29441,2-s2.0-84995528427
29443,29444,2-s2.0-84989235483
29444,29445,2-s2.0-84961197906
29446,29447,2-s2.0-85057067812
29447,29448,2-s2.0-85044848586
29449,29450,2-s2.0-85020045629
29455,29456,2-s2.0-85026862848
29456,29457,2-s2.0-85023743592
29457,29458,2-s2.0-85021758187
29460,29461,2-s2.0-85021057192
29461,29462,2-s2.0-85021048294
29464,29465,2-s2.0-85020897775
29465,29466,2-s2.0-85020897416
29466,29467,2-s2.0-85020893145
29467,29468,2-s2.0-85020878663
29471,29472,2-s2.0-85020850962
29474,29475,2-s2.0-85020079168
29479,29480,2-s2.0-85019657854
29480,29481,2-s2.0-85019569963
29482,29483,2-s2.0-85019088153
29487,29488,2-s2.0-85018767428
29488,29489,2-s2.0-85018760326
29490,29491,2-s2.0-85018523006
29491,29492,2-s2.0-85018512539
29492,29493,2-s2.0-85018505707
29494,29495,2-s2.0-85018502907
29495,29496,2-s2.0-85018502212
29496,29497,2-s2.0-85018485816
29497,29498,2-s2.0-85018477367
29498,29499,2-s2.0-85018465100
29502,29503,2-s2.0-85018279626
29503,29504,2-s2.0-85017410064
29504,29505,2-s2.0-85017178796
29506,29507,2-s2.0-85016611515
29510,29511,2-s2.0-85015660478
29511,29512,2-s2.0-85015642875
29524,29525,2-s2.0-84975767832
29525,29526,2-s2.0-84953262187
29527,29528,2-s2.0-85018325601
29533,29534,2-s2.0-85020232253
29535,29536,2-s2.0-85020216029
29536,29537,2-s2.0-85020212852
29537,29538,2-s2.0-85020210396
29539,29540,2-s2.0-85020208042
29540,29541,2-s2.0-85020197986
29545,29546,2-s2.0-85020190570
29546,29547,2-s2.0-85020181394
29547,29548,2-s2.0-85020173323
29548,29549,2-s2.0-85020166572
29549,29550,2-s2.0-85020162934
29550,29551,2-s2.0-85020160877
29551,29552,2-s2.0-85034007564
29553,29554,2-s2.0-85033988272
29554,29555,2-s2.0-85021372756
29555,29556,2-s2.0-85021323816
29559,29560,2-s2.0-85018450958
29562,29563,2-s2.0-85018426246
29563,29564,2-s2.0-85018405464
29565,29566,2-s2.0-85018395541
29566,29567,2-s2.0-85018385309
29573,29574,2-s2.0-85021114928
29574,29575,2-s2.0-85020534364
29575,29576,2-s2.0-85018855524
29581,29582,2-s2.0-84986213883
29582,29583,2-s2.0-84980410014
29584,29585,2-s2.0-84961214564
29585,29586,2-s2.0-84958553523
29586,29587,2-s2.0-84938631824
29587,29588,2-s2.0-85025679091
29591,29592,2-s2.0-85047722030
29595,29596,2-s2.0-85035754065
29603,29604,2-s2.0-85021746310
29606,29607,2-s2.0-85020869029
29608,29609,2-s2.0-85019731150
29610,29611,2-s2.0-85018791945
29611,29612,2-s2.0-85018788972
29612,29613,2-s2.0-85018395483
29613,29614,2-s2.0-85018173851
29614,29615,2-s2.0-85017616852
29615,29616,2-s2.0-85017392375
29618,29619,2-s2.0-85017223492
29620,29621,2-s2.0-85017143454
29621,29622,2-s2.0-85015935021
29624,29625,2-s2.0-85015294253
29625,29626,2-s2.0-85015204919
29627,29628,2-s2.0-85014738016
29628,29629,2-s2.0-85014098036
29629,29630,2-s2.0-85013878066
29630,29631,2-s2.0-85013797584
29631,29632,2-s2.0-85013301560
29632,29633,2-s2.0-85013243451
29634,29635,2-s2.0-85010638282
29636,29637,2-s2.0-85007618577
29639,29640,2-s2.0-85004073498
29640,29641,2-s2.0-85003698358
29642,29643,2-s2.0-84992727026
29645,29646,2-s2.0-84978701749
29646,29647,2-s2.0-84973130507
29647,29648,2-s2.0-84973121352
29648,29649,2-s2.0-84953214013
29649,29650,2-s2.0-84951911082
29651,29652,2-s2.0-84944711520
29655,29656,2-s2.0-85016495901
29656,29657,2-s2.0-85028461577
29657,29658,2-s2.0-85018527273
29658,29659,2-s2.0-85017267405
29660,29661,2-s2.0-85017259394
29661,29662,2-s2.0-85017256300
29662,29663,2-s2.0-85017253883
29663,29664,2-s2.0-85017243829
29664,29665,2-s2.0-85017243591
29667,29668,2-s2.0-85017237991
29668,29669,2-s2.0-85017237196
29671,29672,2-s2.0-85017202824
29673,29674,2-s2.0-85020720602
29678,29679,2-s2.0-85016123353
29680,29681,2-s2.0-85016226181
29681,29682,2-s2.0-85017596678
29691,29692,2-s2.0-85016928892
29692,29693,2-s2.0-85016484577
29693,29694,2-s2.0-85018615327
29696,29697,2-s2.0-85018290452
29697,29698,2-s2.0-85018282602
29700,29701,2-s2.0-85018275371
29702,29703,2-s2.0-85054664773
29703,29704,2-s2.0-85017034154
29706,29707,2-s2.0-85021784557
29709,29710,2-s2.0-85014995952
29713,29714,2-s2.0-84958036989
29714,29715,2-s2.0-85042881847
29717,29718,2-s2.0-85131009592
29720,29721,2-s2.0-85088685158
29722,29723,2-s2.0-85086238415
29724,29725,2-s2.0-85078485437
29727,29728,2-s2.0-85041710519
29730,29731,2-s2.0-85034012411
29731,29732,2-s2.0-85033995475
29735,29736,2-s2.0-85028245396
29738,29739,2-s2.0-85019704734
29739,29740,2-s2.0-85019682066
29741,29742,2-s2.0-85018574637
29745,29746,2-s2.0-85017355937
29746,29747,2-s2.0-85017340299
29749,29750,2-s2.0-85016101781
29751,29752,2-s2.0-85015293501
29752,29753,2-s2.0-85015205827
29753,29754,2-s2.0-85015099547
29755,29756,2-s2.0-85015079421
29756,29757,2-s2.0-85015049152
29758,29759,2-s2.0-85014991059
29761,29762,2-s2.0-85014668909
29762,29763,2-s2.0-85014636513
29763,29764,2-s2.0-85014503284
29767,29768,2-s2.0-85013966663
29768,29769,2-s2.0-85013849971
29769,29770,2-s2.0-85013845153
29770,29771,2-s2.0-85013778823
29771,29772,2-s2.0-85013649120
29772,29773,2-s2.0-85013343467
29773,29774,2-s2.0-85013319118
29774,29775,2-s2.0-85013236889
29775,29776,2-s2.0-85013174657
29776,29777,2-s2.0-85013076648
29785,29786,2-s2.0-85003847786
29788,29789,2-s2.0-85000580214
29790,29791,2-s2.0-84995791133
29791,29792,2-s2.0-84995579352
29793,29794,2-s2.0-84995467182
29794,29795,2-s2.0-84994050078
29796,29797,2-s2.0-84989171923
29800,29801,2-s2.0-84958781269
29801,29802,2-s2.0-84958245683
29802,29803,2-s2.0-84957648975
29804,29805,2-s2.0-84946762995
29805,29806,2-s2.0-84946120615
29806,29807,2-s2.0-84946112514
29807,29808,2-s2.0-84944699021
29811,29812,2-s2.0-85016754015
29813,29814,2-s2.0-85213715362
29814,29815,2-s2.0-84996618772
29816,29817,2-s2.0-84990194664
29817,29818,2-s2.0-84988667363
29818,29819,2-s2.0-84988646839
29820,29821,2-s2.0-85095790186
29824,29825,2-s2.0-85015816181
29825,29826,2-s2.0-85015258541
29826,29827,2-s2.0-85015253388
29828,29829,2-s2.0-85015233870
29829,29830,2-s2.0-85012055046
29830,29831,2-s2.0-85012052749
29831,29832,2-s2.0-85021751918
29833,29834,2-s2.0-84992169442
29835,29836,2-s2.0-85015409596
29837,29838,2-s2.0-85055233545
29839,29840,2-s2.0-85015169668
29840,29841,2-s2.0-85072249376
29842,29843,2-s2.0-85053413795
29843,29844,2-s2.0-85046776969
29844,29845,2-s2.0-85027062298
29848,29849,2-s2.0-85015780533
29849,29850,2-s2.0-85015741530
29850,29851,2-s2.0-85015740469
29851,29852,2-s2.0-85015732814
29852,29853,2-s2.0-85014074756
29853,29854,2-s2.0-85013826185
29857,29858,2-s2.0-85011831848
29858,29859,2-s2.0-85011708828
29859,29860,2-s2.0-85011629219
29861,29862,2-s2.0-85011579199
29863,29864,2-s2.0-85010425262
29865,29866,2-s2.0-85008414990
29866,29867,2-s2.0-85008316385
29869,29870,2-s2.0-85006150682
29870,29871,2-s2.0-84999792338
29871,29872,2-s2.0-84994676935
29872,29873,2-s2.0-84988353588
29876,29877,2-s2.0-84982843801
29877,29878,2-s2.0-84974851176
29879,29880,2-s2.0-84966474646
29889,29890,2-s2.0-85015252737
29895,29896,2-s2.0-85013418864
29896,29897,2-s2.0-85013413623
29898,29899,2-s2.0-85013380360
29899,29900,2-s2.0-85014005497
29901,29902,2-s2.0-85012908491
29902,29903,2-s2.0-85031095847
29903,29904,2-s2.0-85013658874
29904,29905,2-s2.0-85013654800
29905,29906,2-s2.0-85009450735
29906,29907,2-s2.0-85009813174
29908,29909,2-s2.0-85013298035
29910,29911,2-s2.0-85034615514
29913,29914,2-s2.0-85016180071
29914,29915,2-s2.0-85009508822
29920,29921,2-s2.0-85019973229
29921,29922,2-s2.0-85019055809
29923,29924,2-s2.0-85017304899
29924,29925,2-s2.0-85015178311
29926,29927,2-s2.0-85009253299
29927,29928,2-s2.0-85009247825
29930,29931,2-s2.0-85007137538
29934,29935,2-s2.0-85000352204
29936,29937,2-s2.0-84992366114
29939,29940,2-s2.0-84981731371
29940,29941,2-s2.0-84976539707
29942,29943,2-s2.0-84973882702
29947,29948,2-s2.0-84923273704
29950,29951,2-s2.0-86000458334
29951,29952,2-s2.0-85219567496
29952,29953,2-s2.0-85218745363
29954,29955,2-s2.0-85218713749
29957,29958,2-s2.0-85171492368
29960,29961,2-s2.0-85151539083
29962,29963,2-s2.0-85145145333
29966,29967,2-s2.0-85144466661
29967,29968,2-s2.0-85144414377
29968,29969,2-s2.0-85144402344
29971,29972,2-s2.0-85142851368
29973,29974,2-s2.0-85141630525
29975,29976,2-s2.0-85139879167
29976,29977,2-s2.0-85139858326
29982,29983,2-s2.0-85139285444
29983,29984,2-s2.0-85139251663
29989,29990,2-s2.0-85138894087
29993,29994,2-s2.0-85135681559
29996,29997,2-s2.0-85134450153
29997,29998,2-s2.0-85133038869
29998,29999,2-s2.0-85128006229
29999,30000,2-s2.0-85122262060
30000,30001,2-s2.0-85119430095
30001,30002,2-s2.0-85118153690
30007,30008,2-s2.0-85103830755
30009,30010,2-s2.0-85102247580
30010,30011,2-s2.0-85102013855
30013,30014,2-s2.0-85101995148
30014,30015,2-s2.0-85101986159
30015,30016,2-s2.0-85101977622
30019,30020,2-s2.0-85101959008
30020,30021,2-s2.0-85101958951
30021,30022,2-s2.0-85101955778
30022,30023,2-s2.0-85101941874
30024,30025,2-s2.0-85101908135
30028,30029,2-s2.0-85095723697
30032,30033,2-s2.0-85091131823
30033,30034,2-s2.0-85091119041
30034,30035,2-s2.0-85091076905
30036,30037,2-s2.0-85089161077
30037,30038,2-s2.0-85088437881
30038,30039,2-s2.0-85087107742
30039,30040,2-s2.0-85087105031
30040,30041,2-s2.0-85085958443
30045,30046,2-s2.0-85082650901
30046,30047,2-s2.0-85082441569
30047,30048,2-s2.0-85081939984
30048,30049,2-s2.0-85081363302
30050,30051,2-s2.0-85080933401
30053,30054,2-s2.0-85075893428
30054,30055,2-s2.0-85075564405
30058,30059,2-s2.0-85074879963
30059,30060,2-s2.0-85074616094
30061,30062,2-s2.0-85073380939
30062,30063,2-s2.0-85073367121
30068,30069,2-s2.0-85071612720
30069,30070,2-s2.0-85071513167
30070,30071,2-s2.0-85071508757
30075,30076,2-s2.0-85071422853
30077,30078,2-s2.0-85070890939
30080,30081,2-s2.0-85069466300
30081,30082,2-s2.0-85069177505
30085,30086,2-s2.0-85067469285
30087,30088,2-s2.0-85066113706
30091,30092,2-s2.0-85065075382
30093,30094,2-s2.0-85063550732
30099,30100,2-s2.0-85061160639
30100,30101,2-s2.0-85060785096
30101,30102,2-s2.0-85060455016
30103,30104,2-s2.0-85058759808
30104,30105,2-s2.0-85058747900
30105,30106,2-s2.0-85057344431
30106,30107,2-s2.0-85056831469
30107,30108,2-s2.0-85056094813
30109,30110,2-s2.0-85055975921
30112,30113,2-s2.0-85055017892
30114,30115,2-s2.0-85054497915
30115,30116,2-s2.0-85054228235
30116,30117,2-s2.0-85054195479
30118,30119,2-s2.0-85054183410
30119,30120,2-s2.0-85054181234
30124,30125,2-s2.0-85054159143
30126,30127,2-s2.0-85053719503
30128,30129,2-s2.0-85053453370
30132,30133,2-s2.0-85052770189
30133,30134,2-s2.0-85052462821
30134,30135,2-s2.0-85052179862
30135,30136,2-s2.0-85051723137
30136,30137,2-s2.0-85051543116
30138,30139,2-s2.0-85051442283
30139,30140,2-s2.0-85051440630
30140,30141,2-s2.0-85051438978
30141,30142,2-s2.0-85051437349
30153,30154,2-s2.0-85051414302
30155,30156,2-s2.0-85050388886
30157,30158,2-s2.0-85049901151
30159,30160,2-s2.0-85049616683
30160,30161,2-s2.0-85049541778
30162,30163,2-s2.0-85049258517
30164,30165,2-s2.0-85049246443
30169,30170,2-s2.0-85049230691
30172,30173,2-s2.0-85048697176
30173,30174,2-s2.0-85048697050
30174,30175,2-s2.0-85048671522
30176,30177,2-s2.0-85048659279
30177,30178,2-s2.0-85048513380
30178,30179,2-s2.0-85048483007
30179,30180,2-s2.0-85048465929
30181,30182,2-s2.0-85048142250
30182,30183,2-s2.0-85048137215
30184,30185,2-s2.0-85048107700
30187,30188,2-s2.0-85046545133
30190,30191,2-s2.0-85046296335
30192,30193,2-s2.0-85046264094
30193,30194,2-s2.0-85046256179
30194,30195,2-s2.0-85046076532
30197,30198,2-s2.0-85045875427
30198,30199,2-s2.0-85045863452
30199,30200,2-s2.0-85045635927
30200,30201,2-s2.0-85045382882
30205,30206,2-s2.0-85044643386
30206,30207,2-s2.0-85044610732
30207,30208,2-s2.0-85044574922
30208,30209,2-s2.0-85044470431
30211,30212,2-s2.0-85044384266
30212,30213,2-s2.0-85044221205
30215,30216,2-s2.0-85042627588
30216,30217,2-s2.0-85042620656
30218,30219,2-s2.0-85042618346
30227,30228,2-s2.0-85042506304
30229,30230,2-s2.0-85042500462
30232,30233,2-s2.0-85042464206
30233,30234,2-s2.0-85042428330
30236,30237,2-s2.0-85041916302
30237,30238,2-s2.0-85041845469
30238,30239,2-s2.0-85041590710
30240,30241,2-s2.0-85041535662
30244,30245,2-s2.0-85041443410
30246,30247,2-s2.0-85041436672
30247,30248,2-s2.0-85041435896
30249,30250,2-s2.0-85041342091
30251,30252,2-s2.0-85041211090
30253,30254,2-s2.0-85041136853
30256,30257,2-s2.0-85041126266
30258,30259,2-s2.0-85041112717
30259,30260,2-s2.0-85041110834
30264,30265,2-s2.0-85041094075
30268,30269,2-s2.0-85040714652
30269,30270,2-s2.0-85040550811
30271,30272,2-s2.0-85040255903
30277,30278,2-s2.0-85040101651
30278,30279,2-s2.0-85040098074
30280,30281,2-s2.0-85039984478
30281,30282,2-s2.0-85039963434
30284,30285,2-s2.0-85039561686
30288,30289,2-s2.0-85039039859
30290,30291,2-s2.0-85038865487
30291,30292,2-s2.0-85038822519
30292,30293,2-s2.0-85038616974
30293,30294,2-s2.0-85038614913
30294,30295,2-s2.0-85038446021
30295,30296,2-s2.0-85038262298
30297,30298,2-s2.0-85038124180
30301,30302,2-s2.0-85037839503
30308,30309,2-s2.0-85037696403
30310,30311,2-s2.0-85037593491
30312,30313,2-s2.0-85037532516
30313,30314,2-s2.0-85037524823
30315,30316,2-s2.0-85037157140
30318,30319,2-s2.0-85037044935
30319,30320,2-s2.0-85037033096
30321,30322,2-s2.0-85036649288
30323,30324,2-s2.0-85036625985
30325,30326,2-s2.0-85036609820
30326,30327,2-s2.0-85036605295
30328,30329,2-s2.0-85036473733
30330,30331,2-s2.0-85036471818
30332,30333,2-s2.0-85036463686
30333,30334,2-s2.0-85036457567
30334,30335,2-s2.0-85036456772
30335,30336,2-s2.0-85036450574
30336,30337,2-s2.0-85035362599
30338,30339,2-s2.0-85035360874
30339,30340,2-s2.0-85035356399
30341,30342,2-s2.0-85035352933
30344,30345,2-s2.0-85035344471
30345,30346,2-s2.0-85035343979
30349,30350,2-s2.0-85035340315
30350,30351,2-s2.0-85035339063
30352,30353,2-s2.0-85035336774
30353,30354,2-s2.0-85035335870
30355,30356,2-s2.0-85035330613
30356,30357,2-s2.0-85035329107
30357,30358,2-s2.0-85035326688
30361,30362,2-s2.0-85035117906
30363,30364,2-s2.0-85035105374
30364,30365,2-s2.0-85035102726
30365,30366,2-s2.0-85035098521
30366,30367,2-s2.0-85035079033
30367,30368,2-s2.0-85035028670
30368,30369,2-s2.0-85035027160
30370,30371,2-s2.0-85034971841
30373,30374,2-s2.0-85034791551
30374,30375,2-s2.0-85034781407
30381,30382,2-s2.0-85034757816
30382,30383,2-s2.0-85034740251
30383,30384,2-s2.0-85034739545
30386,30387,2-s2.0-85034735348
30388,30389,2-s2.0-85034667509
30390,30391,2-s2.0-85034603716
30393,30394,2-s2.0-85034263301
30394,30395,2-s2.0-85034255302
30397,30398,2-s2.0-85034241205
30398,30399,2-s2.0-85034238410
30400,30401,2-s2.0-85034235232
30403,30404,2-s2.0-85034227508
30406,30407,2-s2.0-85034220454
30407,30408,2-s2.0-85034210538
30408,30409,2-s2.0-85034210133
30410,30411,2-s2.0-85033789672
30415,30416,2-s2.0-85033362919
30416,30417,2-s2.0-85032981962
30418,30419,2-s2.0-85032922584
30422,30423,2-s2.0-85032505476
30424,30425,2-s2.0-85032489897
30426,30427,2-s2.0-85032489604
30427,30428,2-s2.0-85032472297
30429,30430,2-s2.0-85032382300
30430,30431,2-s2.0-85032371797
30432,30433,2-s2.0-85032353339
30434,30435,2-s2.0-85032332039
30435,30436,2-s2.0-85032295625
30439,30440,2-s2.0-85031820081
30440,30441,2-s2.0-85031818070
30443,30444,2-s2.0-85031778028
30445,30446,2-s2.0-85031740590
30446,30447,2-s2.0-85031730305
30447,30448,2-s2.0-85031709644
30450,30451,2-s2.0-85031120229
30451,30452,2-s2.0-85030999235
30452,30453,2-s2.0-85030846695
30453,30454,2-s2.0-85030792886
30454,30455,2-s2.0-85030791586
30455,30456,2-s2.0-85030774480
30456,30457,2-s2.0-85030769673
30457,30458,2-s2.0-85030766937
30460,30461,2-s2.0-85030762533
30461,30462,2-s2.0-85030755326
30464,30465,2-s2.0-85030543931
30469,30470,2-s2.0-85030029295
30473,30474,2-s2.0-85029818134
30478,30479,2-s2.0-85029784309
30480,30481,2-s2.0-85029768926
30483,30484,2-s2.0-85029643145
30485,30486,2-s2.0-85029595757
30486,30487,2-s2.0-85029537647
30487,30488,2-s2.0-85029523901
30488,30489,2-s2.0-85029523545
30489,30490,2-s2.0-85029519431
30494,30495,2-s2.0-85029507247
30496,30497,2-s2.0-85029470696
30500,30501,2-s2.0-85029358526
30504,30505,2-s2.0-85029088918
30509,30510,2-s2.0-85028919103
30511,30512,2-s2.0-85028838729
30512,30513,2-s2.0-85028810522
30513,30514,2-s2.0-85028775335
30514,30515,2-s2.0-85028770203
30516,30517,2-s2.0-85028632995
30517,30518,2-s2.0-85028621972
30522,30523,2-s2.0-85028468819
30523,30524,2-s2.0-85028459258
30525,30526,2-s2.0-85028395891
30526,30527,2-s2.0-85028346811
30529,30530,2-s2.0-85028311836
30531,30532,2-s2.0-85028309073
30534,30535,2-s2.0-85028298678
30536,30537,2-s2.0-85028023201
30538,30539,2-s2.0-85028015488
30540,30541,2-s2.0-85028005628
30541,30542,2-s2.0-85027993346
30542,30543,2-s2.0-85027988824
30543,30544,2-s2.0-85027977181
30545,30546,2-s2.0-85027969360
30546,30547,2-s2.0-85027968099
30550,30551,2-s2.0-85027846541
30556,30557,2-s2.0-85027489503
30559,30560,2-s2.0-85027034873
30563,30564,2-s2.0-85026781311
30564,30565,2-s2.0-85026743184
30565,30566,2-s2.0-85026680569
30566,30567,2-s2.0-85026672026
30568,30569,2-s2.0-85026641877
30571,30572,2-s2.0-85026503285
30573,30574,2-s2.0-85026484873
30574,30575,2-s2.0-85026351483
30575,30576,2-s2.0-85026237011
30578,30579,2-s2.0-85025615135
30579,30580,2-s2.0-85025470785
30582,30583,2-s2.0-85025448773
30585,30586,2-s2.0-85025427091
30586,30587,2-s2.0-85025174120
30589,30590,2-s2.0-85025153459
30592,30593,2-s2.0-85025119274
30593,30594,2-s2.0-85025119212
30602,30603,2-s2.0-85024482404
30603,30604,2-s2.0-85024478317
30605,30606,2-s2.0-85024127088
30606,30607,2-s2.0-85024126208
30616,30617,2-s2.0-85023173973
30617,30618,2-s2.0-85022342355
30618,30619,2-s2.0-85022219284
30620,30621,2-s2.0-85022211118
30622,30623,2-s2.0-85022036225
30623,30624,2-s2.0-85022033988
30625,30626,2-s2.0-85021901709
30628,30629,2-s2.0-85021829486
30633,30634,2-s2.0-85021770865
30637,30638,2-s2.0-85021722484
30639,30640,2-s2.0-85021707102
30644,30645,2-s2.0-85021443087
30645,30646,2-s2.0-85021438001
30646,30647,2-s2.0-85021437787
30647,30648,2-s2.0-85021431363
30650,30651,2-s2.0-85021413647
30651,30652,2-s2.0-85021240491
30654,30655,2-s2.0-85021172480
30657,30658,2-s2.0-85021120505
30659,30660,2-s2.0-85021095568
30660,30661,2-s2.0-85021093169
30661,30662,2-s2.0-85021082243
30662,30663,2-s2.0-85021046434
30663,30664,2-s2.0-85020927680
30664,30665,2-s2.0-85020866398
30667,30668,2-s2.0-85020837948
30668,30669,2-s2.0-85020816825
30669,30670,2-s2.0-85020799373
30671,30672,2-s2.0-85020736018
30672,30673,2-s2.0-85020671256
30674,30675,2-s2.0-85020533094
30676,30677,2-s2.0-85020529564
30679,30680,2-s2.0-85020493000
30681,30682,2-s2.0-85020465806
30684,30685,2-s2.0-85020439105
30686,30687,2-s2.0-85020410096
30687,30688,2-s2.0-85020395657
30690,30691,2-s2.0-85020377145
30691,30692,2-s2.0-85020287928
30692,30693,2-s2.0-85020272326
30695,30696,2-s2.0-85020192393
30700,30701,2-s2.0-85019907923
30701,30702,2-s2.0-85019761801
30702,30703,2-s2.0-85019751832
30703,30704,2-s2.0-85019744961
30705,30706,2-s2.0-85019596053
30708,30709,2-s2.0-85019559832
30709,30710,2-s2.0-85019556196
30711,30712,2-s2.0-85019120300
30712,30713,2-s2.0-85019091376
30714,30715,2-s2.0-85018986228
30723,30724,2-s2.0-85018462704
30724,30725,2-s2.0-85018429704
30726,30727,2-s2.0-85018400611
30728,30729,2-s2.0-85018343327
30734,30735,2-s2.0-85017579826
30738,30739,2-s2.0-85017209741
30740,30741,2-s2.0-85017184253
30741,30742,2-s2.0-85017102772
30742,30743,2-s2.0-85016644158
30744,30745,2-s2.0-85016493603
30746,30747,2-s2.0-85016287592
30747,30748,2-s2.0-85016086956
30748,30749,2-s2.0-85016067141
30749,30750,2-s2.0-85016047791
30755,30756,2-s2.0-85015218588
30756,30757,2-s2.0-85015215374
30759,30760,2-s2.0-85015177642
30760,30761,2-s2.0-85015167137
30762,30763,2-s2.0-85015157809
30764,30765,2-s2.0-85014855560
30765,30766,2-s2.0-85014801369
30766,30767,2-s2.0-85014781011
30767,30768,2-s2.0-85014759088
30770,30771,2-s2.0-85014737108
30771,30772,2-s2.0-85014583192
30773,30774,2-s2.0-85014274610
30774,30775,2-s2.0-85014273140
30776,30777,2-s2.0-85014217115
30779,30780,2-s2.0-85013093342
30783,30784,2-s2.0-85012888101
30784,30785,2-s2.0-85012225007
30788,30789,2-s2.0-85011343025
30790,30791,2-s2.0-85011303898
30794,30795,2-s2.0-85011277982
30795,30796,2-s2.0-85011270541
30796,30797,2-s2.0-85011269779
30797,30798,2-s2.0-85010976079
30800,30801,2-s2.0-85010701055
30802,30803,2-s2.0-85010694692
30804,30805,2-s2.0-85010653976
30807,30808,2-s2.0-85010633338
30808,30809,2-s2.0-85010433483
30809,30810,2-s2.0-85010304539
30810,30811,2-s2.0-85010301201
30811,30812,2-s2.0-85010070480
30812,30813,2-s2.0-85010066742
30813,30814,2-s2.0-85010066639
30814,30815,2-s2.0-85010060727
30816,30817,2-s2.0-85010042096
30817,30818,2-s2.0-85010036688
30820,30821,2-s2.0-85009960935
30821,30822,2-s2.0-85009288109
30822,30823,2-s2.0-85009181029
30823,30824,2-s2.0-85009141808
30827,30828,2-s2.0-85008261151
30828,30829,2-s2.0-85008235142
30829,30830,2-s2.0-85007441070
30832,30833,2-s2.0-85006175153
30833,30834,2-s2.0-85006059558
30834,30835,2-s2.0-85002292015
30836,30837,2-s2.0-85001975501
30837,30838,2-s2.0-85000870007
30838,30839,2-s2.0-84997173296
30839,30840,2-s2.0-84996931663
30841,30842,2-s2.0-84996527541
30842,30843,2-s2.0-84992666010
30843,30844,2-s2.0-84992643452
30844,30845,2-s2.0-84992584855
30845,30846,2-s2.0-84992560725
30846,30847,2-s2.0-84991501150
30847,30848,2-s2.0-84989327831
30849,30850,2-s2.0-84989220469
30853,30854,2-s2.0-84988431024
30858,30859,2-s2.0-84973816553
30866,30867,2-s2.0-84884375140
30872,30873,2-s2.0-105010089269
30873,30874,2-s2.0-105009817026
30874,30875,2-s2.0-105009806071
30875,30876,2-s2.0-105009804817
30876,30877,2-s2.0-105009804303
30881,30882,2-s2.0-105009765975
30882,30883,2-s2.0-105009764036
30884,30885,2-s2.0-105009394655
30885,30886,2-s2.0-105008630841
30886,30887,2-s2.0-105008620830
30890,30891,2-s2.0-105006952542
30891,30892,2-s2.0-85011283184
30892,30893,2-s2.0-85011260314
30893,30894,2-s2.0-85015963297
30897,30898,2-s2.0-84981502718
30898,30899,2-s2.0-85010297316
30902,30903,2-s2.0-85009096914
30905,30906,2-s2.0-85007271715
30908,30909,2-s2.0-85010791395
30913,30914,2-s2.0-85010369433
30914,30915,2-s2.0-85010303866
30916,30917,2-s2.0-85009830167
30917,30918,2-s2.0-85009740883
30919,30920,2-s2.0-85004008330
30920,30921,2-s2.0-85106762617
30921,30922,2-s2.0-85065119892
30922,30923,2-s2.0-85065113265
30923,30924,2-s2.0-85055338304
30924,30925,2-s2.0-85053665227
30925,30926,2-s2.0-85048141194
30928,30929,2-s2.0-85020992944
30929,30930,2-s2.0-85018981861
30931,30932,2-s2.0-85018335915
30934,30935,2-s2.0-85017714536
30935,30936,2-s2.0-85016832996
30936,30937,2-s2.0-85012005156
30937,30938,2-s2.0-85011982901
30938,30939,2-s2.0-85011948995
30939,30940,2-s2.0-85011898511
30941,30942,2-s2.0-85010972068
30943,30944,2-s2.0-85008252626
30944,30945,2-s2.0-85007394198
30946,30947,2-s2.0-85007236789
30951,30952,2-s2.0-85006841996
30952,30953,2-s2.0-85006516169
30953,30954,2-s2.0-85006508016
30955,30956,2-s2.0-85006459261
30956,30957,2-s2.0-85006456821
30957,30958,2-s2.0-85006455982
30958,30959,2-s2.0-85006454874
30959,30960,2-s2.0-85006423732
30961,30962,2-s2.0-85006412447
30963,30964,2-s2.0-85006401166
30964,30965,2-s2.0-85006399798
30968,30969,2-s2.0-85006340439
30970,30971,2-s2.0-85005982824
30971,30972,2-s2.0-85004091122
30972,30973,2-s2.0-85004009070
30974,30975,2-s2.0-85003864773
30975,30976,2-s2.0-85002763715
30977,30978,2-s2.0-84996486571
30979,30980,2-s2.0-84994779413
30980,30981,2-s2.0-84994766831
30981,30982,2-s2.0-84994765400
30986,30987,2-s2.0-84994330120
30989,30990,2-s2.0-84993929869
30990,30991,2-s2.0-84991720747
30991,30992,2-s2.0-84991079078
30992,30993,2-s2.0-84989252448
30994,30995,2-s2.0-84987974286
30997,30998,2-s2.0-84985947312
30998,30999,2-s2.0-84984853563
30999,31000,2-s2.0-84984629793
31001,31002,2-s2.0-84982111794
31003,31004,2-s2.0-84978757604
31007,31008,2-s2.0-84951181830
31008,31009,2-s2.0-84949571191
31009,31010,2-s2.0-84946854915
31010,31011,2-s2.0-84945578664
31013,31014,2-s2.0-84933564249
31016,31017,2-s2.0-85012012689
31022,31023,2-s2.0-85006944023
31025,31026,2-s2.0-85006925028
31027,31028,2-s2.0-85006905571
31028,31029,2-s2.0-85006886594
31029,31030,2-s2.0-85006886568
31030,31031,2-s2.0-85006870592
31031,31032,2-s2.0-85006869767
31034,31035,2-s2.0-85006840032
31035,31036,2-s2.0-85006836948
31037,31038,2-s2.0-85006833525
31039,31040,2-s2.0-85006830344
31041,31042,2-s2.0-85006827046
31043,31044,2-s2.0-85006826391
31048,31049,2-s2.0-85006823476
31050,31051,2-s2.0-85006821433
31051,31052,2-s2.0-85006818117
31055,31056,2-s2.0-85006815377
31056,31057,2-s2.0-85006815357
31059,31060,2-s2.0-85006809821
31060,31061,2-s2.0-85006804233
31062,31063,2-s2.0-85006802474
31063,31064,2-s2.0-85006801924
31067,31068,2-s2.0-85006789598
31070,31071,2-s2.0-85006784410
31071,31072,2-s2.0-85006783190
31077,31078,2-s2.0-85006757190
31079,31080,2-s2.0-85006750224
31080,31081,2-s2.0-85006747319
31082,31083,2-s2.0-85006741845
31089,31090,2-s2.0-85006713301
31090,31091,2-s2.0-85006710897
31091,31092,2-s2.0-85006710560
31094,31095,2-s2.0-85041225259
31095,31096,2-s2.0-85014732592
31097,31098,2-s2.0-85006961463
31098,31099,2-s2.0-85006817908
31101,31102,2-s2.0-85006857903
31102,31103,2-s2.0-85006857146
31104,31105,2-s2.0-85006789906
31108,31109,2-s2.0-84974800826
31109,31110,2-s2.0-84973115817
31110,31111,2-s2.0-84969832848
31113,31114,2-s2.0-85002923371
31114,31115,2-s2.0-85002721708
31117,31118,2-s2.0-85016625582
31118,31119,2-s2.0-85016619455
31120,31121,2-s2.0-85001975589
31122,31123,2-s2.0-85000786155
31123,31124,2-s2.0-85005993329
31124,31125,2-s2.0-85032102944
31126,31127,2-s2.0-85008226091
31127,31128,2-s2.0-85008213602
31130,31131,2-s2.0-85008163211
31140,31141,2-s2.0-85033675634
31143,31144,2-s2.0-85018584472
31146,31147,2-s2.0-85010916201
31147,31148,2-s2.0-85007242242
31153,31154,2-s2.0-85007164485
31155,31156,2-s2.0-85002342343
31157,31158,2-s2.0-84996565832
31158,31159,2-s2.0-84995550674
31159,31160,2-s2.0-84995519498
31161,31162,2-s2.0-84994607458
31162,31163,2-s2.0-84994441034
31167,31168,2-s2.0-84991406598
31170,31171,2-s2.0-84991384066
31171,31172,2-s2.0-84991383949
31174,31175,2-s2.0-84990984054
31178,31179,2-s2.0-84984628474
31179,31180,2-s2.0-84982281289
31182,31183,2-s2.0-84978647042
31185,31186,2-s2.0-84976416482
31186,31187,2-s2.0-84966705277
31187,31188,2-s2.0-84961665201
31188,31189,2-s2.0-84959213362
31189,31190,2-s2.0-84958522997
31190,31191,2-s2.0-84954567286
31193,31194,2-s2.0-84946615705
31194,31195,2-s2.0-84940069637
31195,31196,2-s2.0-84929120585
31196,31197,2-s2.0-84927949098
31197,31198,2-s2.0-85007394986
31198,31199,2-s2.0-84998723873
31201,31202,2-s2.0-85015221358
31202,31203,2-s2.0-85010366618
31205,31206,2-s2.0-84997447772
31207,31208,2-s2.0-85018170190
31211,31212,2-s2.0-84984697662
31212,31213,2-s2.0-84984636002
31214,31215,2-s2.0-84964066354
31216,31217,2-s2.0-84995617548
31217,31218,2-s2.0-84995569493
31219,31220,2-s2.0-84994876281
31221,31222,2-s2.0-85018540934
31224,31225,2-s2.0-84994236345
31226,31227,2-s2.0-85018532562
31227,31228,2-s2.0-84995677689
31228,31229,2-s2.0-84994558921
31230,31231,2-s2.0-84994037271
31233,31234,2-s2.0-84994140303
31236,31237,2-s2.0-84994096842
31239,31240,2-s2.0-84993159407
31240,31241,2-s2.0-84969776546
31242,31243,2-s2.0-84965028252
31244,31245,2-s2.0-84961203295
31246,31247,2-s2.0-85130700897
31247,31248,2-s2.0-85108747195
31248,31249,2-s2.0-85098273816
31250,31251,2-s2.0-85092889249
31252,31253,2-s2.0-85059155877
31253,31254,2-s2.0-85057061058
31254,31255,2-s2.0-85046291217
31261,31262,2-s2.0-85013374191
31264,31265,2-s2.0-85007398126
31265,31266,2-s2.0-85006990781
31266,31267,2-s2.0-85003634447
31267,31268,2-s2.0-85003605021
31268,31269,2-s2.0-85000415213
31272,31273,2-s2.0-84994078684
31273,31274,2-s2.0-84992524383
31274,31275,2-s2.0-84992343713
31275,31276,2-s2.0-84992199739
31279,31280,2-s2.0-84989315938
31280,31281,2-s2.0-84989235039
31281,31282,2-s2.0-84988637642
31288,31289,2-s2.0-84988344348
31289,31290,2-s2.0-84988020160
31290,31291,2-s2.0-84987926267
31291,31292,2-s2.0-84987881646
31294,31295,2-s2.0-84984824075
31295,31296,2-s2.0-84984823816
31297,31298,2-s2.0-84983336926
31298,31299,2-s2.0-84982266718
31304,31305,2-s2.0-84976307723
31305,31306,2-s2.0-84975217455
31311,31312,2-s2.0-84965028222
31312,31313,2-s2.0-84964355616
31316,31317,2-s2.0-84958748188
31318,31319,2-s2.0-84957566957
31321,31322,2-s2.0-84892418709
31323,31324,2-s2.0-85007227155
31324,31325,2-s2.0-85052903761
31327,31328,2-s2.0-85016050825
31328,31329,2-s2.0-85016019961
31330,31331,2-s2.0-84994716171
31331,31332,2-s2.0-84992047453
31332,31333,2-s2.0-84988383503
31339,31340,2-s2.0-84990973652
31346,31347,2-s2.0-84966711035
31347,31348,2-s2.0-84951287029
31348,31349,2-s2.0-84945242227
31350,31351,2-s2.0-84933556912
31353,31354,2-s2.0-85074047523
31356,31357,2-s2.0-85021277448
31357,31358,2-s2.0-85020027232
31359,31360,2-s2.0-85018858546
31361,31362,2-s2.0-85016585273
31362,31363,2-s2.0-85010764337
31364,31365,2-s2.0-85006163529
31372,31373,2-s2.0-84989888634
31373,31374,2-s2.0-84989246448
31375,31376,2-s2.0-84988914107
31379,31380,2-s2.0-84986593874
31382,31383,2-s2.0-84986575981
31385,31386,2-s2.0-84986538372
31391,31392,2-s2.0-84984911552
31393,31394,2-s2.0-84984622089
31400,31401,2-s2.0-84982995014
31412,31413,2-s2.0-84978200052
31413,31414,2-s2.0-84978196574
31414,31415,2-s2.0-84976402713
31415,31416,2-s2.0-84971673916
31419,31420,2-s2.0-84963864098
31420,31421,2-s2.0-84963705510
31421,31422,2-s2.0-84961832135
31422,31423,2-s2.0-84955095573
31423,31424,2-s2.0-84954434168
31424,31425,2-s2.0-84945319319
31426,31427,2-s2.0-84941347370
31430,31431,2-s2.0-84988850432
31439,31440,2-s2.0-84988373630
31441,31442,2-s2.0-84984799182
31442,31443,2-s2.0-85016877463
31445,31446,2-s2.0-84989860075
31448,31449,2-s2.0-84989234947
31449,31450,2-s2.0-84985937191
31453,31454,2-s2.0-84988499089
31454,31455,2-s2.0-84988476195
31455,31456,2-s2.0-84988452257
31460,31461,2-s2.0-84974676232
31463,31464,2-s2.0-84939510953
31465,31466,2-s2.0-84985914762
31466,31467,2-s2.0-84982131423
31469,31470,2-s2.0-84991489926
31472,31473,2-s2.0-84988913557
31473,31474,2-s2.0-84988912027
31474,31475,2-s2.0-84988592733
31475,31476,2-s2.0-84988014484
31476,31477,2-s2.0-84984984249
31480,31481,2-s2.0-84982170163
31483,31484,2-s2.0-84980371931
31487,31488,2-s2.0-84978226071
31496,31497,2-s2.0-84975758763
31501,31502,2-s2.0-84975128632
31502,31503,2-s2.0-84974623438
31504,31505,2-s2.0-84971015014
31505,31506,2-s2.0-84971014309
31507,31508,2-s2.0-84971011006
31509,31510,2-s2.0-84970990304
31510,31511,2-s2.0-84970977764
31513,31514,2-s2.0-84970956348
31514,31515,2-s2.0-84970954405
31516,31517,2-s2.0-84969785160
31520,31521,2-s2.0-84964426671
31521,31522,2-s2.0-84963614821
31524,31525,2-s2.0-84940851058
31525,31526,2-s2.0-84928594842
31526,31527,2-s2.0-84925238608
31527,31528,2-s2.0-84923875641
31530,31531,2-s2.0-84982182153
31532,31533,2-s2.0-84980351947
31533,31534,2-s2.0-84946430835
31534,31535,2-s2.0-84992036418
31536,31537,2-s2.0-84986000841
31538,31539,2-s2.0-84983450439
31539,31540,2-s2.0-84983428365
31541,31542,2-s2.0-84983392967
31542,31543,2-s2.0-84983315096
31546,31547,2-s2.0-85014243226
31549,31550,2-s2.0-84978897994
31550,31551,2-s2.0-85032069024
31552,31553,2-s2.0-84979784042
31555,31556,2-s2.0-84979737390
31557,31558,2-s2.0-84977586247
31558,31559,2-s2.0-85015431458
31565,31566,2-s2.0-84991457515
31568,31569,2-s2.0-84976449761
31569,31570,2-s2.0-84967157593
31570,31571,2-s2.0-84961923802
31572,31573,2-s2.0-84958533681
31574,31575,2-s2.0-84948147170
31576,31577,2-s2.0-84945297757
31579,31580,2-s2.0-85019016259
31583,31584,2-s2.0-84977624002
31584,31585,2-s2.0-84976331493
31585,31586,2-s2.0-84975221876
31586,31587,2-s2.0-84975165820
31588,31589,2-s2.0-84962339453
31594,31595,2-s2.0-84941247641
31596,31597,2-s2.0-84902944919
31597,31598,2-s2.0-85106443803
31598,31599,2-s2.0-85065091957
31600,31601,2-s2.0-85035043364
31602,31603,2-s2.0-85018278092
31603,31604,2-s2.0-84992468364
31607,31608,2-s2.0-84983252144
31609,31610,2-s2.0-84982804410
31613,31614,2-s2.0-84978896032
31614,31615,2-s2.0-84978861861
31617,31618,2-s2.0-84978173333
31618,31619,2-s2.0-84978164178
31619,31620,2-s2.0-84978152798
31623,31624,2-s2.0-84977136504
31624,31625,2-s2.0-84977072808
31625,31626,2-s2.0-84976433880
31626,31627,2-s2.0-84975842673
31631,31632,2-s2.0-84971493069
31632,31633,2-s2.0-84971260943
31634,31635,2-s2.0-84964969308
31635,31636,2-s2.0-84964967772
31638,31639,2-s2.0-84963701007
31641,31642,2-s2.0-84960919888
31649,31650,2-s2.0-84954119349
31651,31652,2-s2.0-84945162093
31652,31653,2-s2.0-84944608484
31656,31657,2-s2.0-84924273128
31657,31658,2-s2.0-84924265008
31658,31659,2-s2.0-84907646112
31662,31663,2-s2.0-84983371585
31664,31665,2-s2.0-84983362317
31665,31666,2-s2.0-84983356193
31666,31667,2-s2.0-84983349247
31669,31670,2-s2.0-84983340446
31670,31671,2-s2.0-84983339904
31671,31672,2-s2.0-84983334820
31672,31673,2-s2.0-84983325938
31673,31674,2-s2.0-84983320382
31674,31675,2-s2.0-84983319614
31675,31676,2-s2.0-84983316066
31678,31679,2-s2.0-84983311799
31679,31680,2-s2.0-84983304264
31682,31683,2-s2.0-84983294345
31683,31684,2-s2.0-84983284338
31684,31685,2-s2.0-84983283830
31689,31690,2-s2.0-84983266539
31692,31693,2-s2.0-84983259208
31695,31696,2-s2.0-84985994925
31699,31700,2-s2.0-84975247440
31703,31704,2-s2.0-84981508352
31704,31705,2-s2.0-84977584751
31705,31706,2-s2.0-84977569765
31706,31707,2-s2.0-84977539916
31708,31709,2-s2.0-84977503033
31713,31714,2-s2.0-84973379978
31714,31715,2-s2.0-84969972737
31719,31720,2-s2.0-85012000371
31720,31721,2-s2.0-85006190057
31726,31727,2-s2.0-84978972752
31727,31728,2-s2.0-84978865141
31730,31731,2-s2.0-84978160605
31732,31733,2-s2.0-84978085770
31733,31734,2-s2.0-84978052446
31737,31738,2-s2.0-84976557413
31741,31742,2-s2.0-84970016745
31742,31743,2-s2.0-84969940420
31743,31744,2-s2.0-84969931949
31744,31745,2-s2.0-84969931526
31745,31746,2-s2.0-84969916891
31746,31747,2-s2.0-84968747373
31747,31748,2-s2.0-84966670234
31748,31749,2-s2.0-84966560579
31749,31750,2-s2.0-84966560341
31751,31752,2-s2.0-84965126933
31755,31756,2-s2.0-84964805552
31758,31759,2-s2.0-84963692171
31759,31760,2-s2.0-84963611993
31760,31761,2-s2.0-84963525881
31761,31762,2-s2.0-84962735564
31765,31766,2-s2.0-84961992350
31769,31770,2-s2.0-84959083118
31770,31771,2-s2.0-84959020755
31773,31774,2-s2.0-84952701003
31774,31775,2-s2.0-84949635298
31776,31777,2-s2.0-84931863618
31777,31778,2-s2.0-84930321228
31779,31780,2-s2.0-84922124621
31782,31783,2-s2.0-84905315961
31783,31784,2-s2.0-84901579663
31785,31786,2-s2.0-85021883877
31788,31789,2-s2.0-84982274248
31792,31793,2-s2.0-84928027574
31799,31800,2-s2.0-84994681157
31803,31804,2-s2.0-84994644599
31805,31806,2-s2.0-84994635665
31806,31807,2-s2.0-84994631206
31811,31812,2-s2.0-84994588714
31812,31813,2-s2.0-84994584928
31813,31814,2-s2.0-84994583201
31814,31815,2-s2.0-84994571130
31815,31816,2-s2.0-84994559558
31817,31818,2-s2.0-84974652972
31818,31819,2-s2.0-84987858688
31820,31821,2-s2.0-84971655096
31821,31822,2-s2.0-84974588656
31826,31827,2-s2.0-84962867368
31829,31830,2-s2.0-84961201949
31833,31834,2-s2.0-85021122947
31834,31835,2-s2.0-85020969003
31835,31836,2-s2.0-84996484103
31838,31839,2-s2.0-84985952151
31840,31841,2-s2.0-84978215753
31841,31842,2-s2.0-84977943166
31842,31843,2-s2.0-84977557374
31843,31844,2-s2.0-84973872500
31845,31846,2-s2.0-84973470291
31846,31847,2-s2.0-84973341530
31848,31849,2-s2.0-84971508183
31851,31852,2-s2.0-84965106007
31852,31853,2-s2.0-84964909249
31854,31855,2-s2.0-84962920755
31855,31856,2-s2.0-84962636241
31857,31858,2-s2.0-84961208266
31859,31860,2-s2.0-84960475752
31860,31861,2-s2.0-84960395805
31861,31862,2-s2.0-84960383860
31862,31863,2-s2.0-84960341480
31864,31865,2-s2.0-84960079626
31865,31866,2-s2.0-84958752382
31866,31867,2-s2.0-84958260249
31867,31868,2-s2.0-84957928256
31868,31869,2-s2.0-84955269808
31871,31872,2-s2.0-84949936386
31873,31874,2-s2.0-84949555281
31874,31875,2-s2.0-84946423705
31875,31876,2-s2.0-84940705978
31878,31879,2-s2.0-84928139067
31880,31881,2-s2.0-84903858764
31881,31882,2-s2.0-84973664445
31882,31883,2-s2.0-84973623244
31884,31885,2-s2.0-84976522415
31885,31886,2-s2.0-84976492907
31886,31887,2-s2.0-84976473928
31887,31888,2-s2.0-84976469442
31888,31889,2-s2.0-84970038682
31890,31891,2-s2.0-84970021755
31892,31893,2-s2.0-84970016950
31894,31895,2-s2.0-84969988170
31895,31896,2-s2.0-84969980366
31896,31897,2-s2.0-84969980356
31902,31903,2-s2.0-84969963064
31903,31904,2-s2.0-84969962421
31904,31905,2-s2.0-84969941169
31907,31908,2-s2.0-84969931185
31910,31911,2-s2.0-84969921552
31914,31915,2-s2.0-84969920368
31917,31918,2-s2.0-84969909598
31919,31920,2-s2.0-84963838616
31920,31921,2-s2.0-84958118798
31927,31928,2-s2.0-84969981561
31928,31929,2-s2.0-84969975748
31932,31933,2-s2.0-84961215766
31935,31936,2-s2.0-84966333775
31936,31937,2-s2.0-85031394022
31938,31939,2-s2.0-85057016100
31939,31940,2-s2.0-84975297412
31940,31941,2-s2.0-84975284917
31945,31946,2-s2.0-84961240558
31946,31947,2-s2.0-84961208879
31947,31948,2-s2.0-84961197767
31950,31951,2-s2.0-84953235000
31951,31952,2-s2.0-84893200021
31953,31954,2-s2.0-85059566077
31954,31955,2-s2.0-85046769580
31955,31956,2-s2.0-85031490894
31957,31958,2-s2.0-85019866103
31958,31959,2-s2.0-85018388418
31959,31960,2-s2.0-84993964522
31960,31961,2-s2.0-84990174706
31965,31966,2-s2.0-84974593985
31966,31967,2-s2.0-84973879549
31967,31968,2-s2.0-84973867019
31968,31969,2-s2.0-84973099707
31969,31970,2-s2.0-84969269052
31971,31972,2-s2.0-84964871388
31973,31974,2-s2.0-84964769835
31975,31976,2-s2.0-84964734976
31977,31978,2-s2.0-84964687267
31978,31979,2-s2.0-84964608750
31980,31981,2-s2.0-84964570395
31982,31983,2-s2.0-84964445520
31983,31984,2-s2.0-84964440097
31984,31985,2-s2.0-84964325927
31986,31987,2-s2.0-84963741911
31989,31990,2-s2.0-84962865432
31991,31992,2-s2.0-84962840673
31994,31995,2-s2.0-84962808958
31996,31997,2-s2.0-84962741830
31998,31999,2-s2.0-84962641593
32000,32001,2-s2.0-84962629422
32001,32002,2-s2.0-84962091529
32002,32003,2-s2.0-84961845488
32005,32006,2-s2.0-84961199212
32006,32007,2-s2.0-84961197634
32007,32008,2-s2.0-84961127472
32008,32009,2-s2.0-84960932907
32011,32012,2-s2.0-84960433495
32012,32013,2-s2.0-84959118990
32018,32019,2-s2.0-84951147342
32019,32020,2-s2.0-84939825986
32020,32021,2-s2.0-85001759442
32021,32022,2-s2.0-84971646073
32023,32024,2-s2.0-85028568546
32024,32025,2-s2.0-85028544818
32025,32026,2-s2.0-85028522762
32026,32027,2-s2.0-84971654644
32027,32028,2-s2.0-84967110105
32028,32029,2-s2.0-84961391432
32039,32040,2-s2.0-84960896417
32043,32044,2-s2.0-84995451088
32044,32045,2-s2.0-84988432299
32045,32046,2-s2.0-84988432044
32047,32048,2-s2.0-84975482900
32049,32050,2-s2.0-84964674928
32050,32051,2-s2.0-84964669951
32052,32053,2-s2.0-84964597330
32053,32054,2-s2.0-84964584470
32056,32057,2-s2.0-84960910601
32057,32058,2-s2.0-84958759958
32058,32059,2-s2.0-84958113791
32059,32060,2-s2.0-84958111835
32065,32066,2-s2.0-85006966201
32068,32069,2-s2.0-84983042274
32069,32070,2-s2.0-84983018730
32070,32071,2-s2.0-84973862340
32073,32074,2-s2.0-84969174848
32074,32075,2-s2.0-84969172411
32077,32078,2-s2.0-84966318509
32081,32082,2-s2.0-84962504913
32082,32083,2-s2.0-84962355983
32084,32085,2-s2.0-84961135405
32085,32086,2-s2.0-84960920373
32086,32087,2-s2.0-84960848499
32087,32088,2-s2.0-84960110494
32089,32090,2-s2.0-84959570682
32095,32096,2-s2.0-84959219295
32099,32100,2-s2.0-84958779865
32100,32101,2-s2.0-84958652462
32101,32102,2-s2.0-84958177847
32104,32105,2-s2.0-84958052580
32105,32106,2-s2.0-84958049073
32106,32107,2-s2.0-84957812687
32107,32108,2-s2.0-84957598714
32110,32111,2-s2.0-84956544208
32112,32113,2-s2.0-84949812147
32113,32114,2-s2.0-84949580110
32114,32115,2-s2.0-84942864013
32116,32117,2-s2.0-85008440595
32117,32118,2-s2.0-84987707832
32119,32120,2-s2.0-85011550298
32120,32121,2-s2.0-84982999554
32123,32124,2-s2.0-84975859973
32124,32125,2-s2.0-84968654909
32126,32127,2-s2.0-84968583617
32130,32131,2-s2.0-84955391910
32135,32136,2-s2.0-84963759907
32140,32141,2-s2.0-84963953276
32143,32144,2-s2.0-84958581504
32144,32145,2-s2.0-85016497173
32145,32146,2-s2.0-84958969379
32148,32149,2-s2.0-84954377748
32151,32152,2-s2.0-85061882738
32153,32154,2-s2.0-85008697763
32154,32155,2-s2.0-84995704285
32157,32158,2-s2.0-84959510537
32160,32161,2-s2.0-84958726124
32164,32165,2-s2.0-84956717637
32165,32166,2-s2.0-84955633225
32170,32171,2-s2.0-84954383441
32173,32174,2-s2.0-84953639470
32176,32177,2-s2.0-84947769312
32178,32179,2-s2.0-84942354148
32180,32181,2-s2.0-84960154640
32181,32182,2-s2.0-84959470580
32182,32183,2-s2.0-84978112091
32183,32184,2-s2.0-84966601499
32184,32185,2-s2.0-84963785091
32190,32191,2-s2.0-84966560274
32194,32195,2-s2.0-84963815642
32195,32196,2-s2.0-84964380986
32196,32197,2-s2.0-84958963651
32197,32198,2-s2.0-85041660202
32203,32204,2-s2.0-84959372543
32204,32205,2-s2.0-84959338227
32205,32206,2-s2.0-84959325464
32206,32207,2-s2.0-84959192253
32217,32218,2-s2.0-84954373752
32220,32221,2-s2.0-84934342549
32224,32225,2-s2.0-85218722937
32225,32226,2-s2.0-85206348428
32227,32228,2-s2.0-85175119990
32230,32231,2-s2.0-85172113209
32235,32236,2-s2.0-85153650493
32236,32237,2-s2.0-85148127039
32238,32239,2-s2.0-85145478871
32242,32243,2-s2.0-85140329928
32246,32247,2-s2.0-85139223742
32252,32253,2-s2.0-85136963302
32254,32255,2-s2.0-85122582929
32256,32257,2-s2.0-85121560910
32259,32260,2-s2.0-85120938059
32261,32262,2-s2.0-85110768674
32262,32263,2-s2.0-85110765901
32266,32267,2-s2.0-85100843216
32267,32268,2-s2.0-85099322469
32268,32269,2-s2.0-85097997515
32270,32271,2-s2.0-85093962820
32271,32272,2-s2.0-85091161328
32272,32273,2-s2.0-85088918069
32275,32276,2-s2.0-85087738985
32277,32278,2-s2.0-85086849496
32278,32279,2-s2.0-85086689068
32279,32280,2-s2.0-85086546725
32280,32281,2-s2.0-85084712113
32281,32282,2-s2.0-85084711532
32287,32288,2-s2.0-85080047486
32288,32289,2-s2.0-85078959417
32291,32292,2-s2.0-85074891679
32294,32295,2-s2.0-85071929863
32295,32296,2-s2.0-85071517243
32296,32297,2-s2.0-85071510379
32301,32302,2-s2.0-85071436369
32304,32305,2-s2.0-85071414262
32305,32306,2-s2.0-85071068221
32306,32307,2-s2.0-85070989601
32307,32308,2-s2.0-85069932486
32312,32313,2-s2.0-85068313159
32314,32315,2-s2.0-85068156284
32315,32316,2-s2.0-85068143681
32316,32317,2-s2.0-85068133211
32317,32318,2-s2.0-85068129365
32320,32321,2-s2.0-85066269882
32323,32324,2-s2.0-85065462451
32324,32325,2-s2.0-85065287153
32326,32327,2-s2.0-85062088820
32328,32329,2-s2.0-85060576671
32329,32330,2-s2.0-85060228029
32330,32331,2-s2.0-85060170943
32331,32332,2-s2.0-85060163316
32332,32333,2-s2.0-85060148769
32333,32334,2-s2.0-85060143071
32336,32337,2-s2.0-85059846076
32338,32339,2-s2.0-85058509840
32339,32340,2-s2.0-85058226589
32340,32341,2-s2.0-85057158214
32341,32342,2-s2.0-85055240444
32342,32343,2-s2.0-85054703017
32344,32345,2-s2.0-85052819502
32345,32346,2-s2.0-85052784263
32346,32347,2-s2.0-85052395181
32348,32349,2-s2.0-85051183387
32350,32351,2-s2.0-85050219070
32351,32352,2-s2.0-85049869170
32352,32353,2-s2.0-85048691378
32353,32354,2-s2.0-85047539678
32354,32355,2-s2.0-85047231358
32355,32356,2-s2.0-85046533205
32356,32357,2-s2.0-85046398235
32357,32358,2-s2.0-85046158467
32360,32361,2-s2.0-85042650138
32365,32366,2-s2.0-85042541638
32366,32367,2-s2.0-85042540830
32367,32368,2-s2.0-85042539932
32370,32371,2-s2.0-85042529260
32371,32372,2-s2.0-85042522861
32372,32373,2-s2.0-85042522579
32374,32375,2-s2.0-85042521489
32375,32376,2-s2.0-85042456937
32379,32380,2-s2.0-85042403405
32381,32382,2-s2.0-85041332969
32382,32383,2-s2.0-85039069755
32384,32385,2-s2.0-85039054695
32385,32386,2-s2.0-85039034174
32386,32387,2-s2.0-85037971921
32387,32388,2-s2.0-85035762773
32388,32389,2-s2.0-85035146702
32390,32391,2-s2.0-85032925784
32391,32392,2-s2.0-85032904603
32395,32396,2-s2.0-85032364038
32397,32398,2-s2.0-85031754329
32398,32399,2-s2.0-85031753277
32399,32400,2-s2.0-85031726972
32402,32403,2-s2.0-85030160002
32404,32405,2-s2.0-85029031726
32408,32409,2-s2.0-85028734766
32409,32410,2-s2.0-85028700606
32411,32412,2-s2.0-85028393958
32412,32413,2-s2.0-85027498661
32416,32417,2-s2.0-85026754569
32418,32419,2-s2.0-85026659452
32420,32421,2-s2.0-85026548669
32425,32426,2-s2.0-85025824555
32431,32432,2-s2.0-85025467441
32432,32433,2-s2.0-85024895627
32433,32434,2-s2.0-85024886647
32434,32435,2-s2.0-85024865019
32435,32436,2-s2.0-85024852176
32439,32440,2-s2.0-85022332450
32441,32442,2-s2.0-85022084508
32442,32443,2-s2.0-85022049949
32443,32444,2-s2.0-85021993254
32444,32445,2-s2.0-85021928824
32449,32450,2-s2.0-85021681606
32452,32453,2-s2.0-85021652480
32456,32457,2-s2.0-85020815023
32458,32459,2-s2.0-85020788101
32459,32460,2-s2.0-85020778070
32461,32462,2-s2.0-85020736702
32464,32465,2-s2.0-85020694214
32465,32466,2-s2.0-85020542254
32466,32467,2-s2.0-85019523404
32467,32468,2-s2.0-85019479985
32468,32469,2-s2.0-85019423915
32472,32473,2-s2.0-85019133321
32473,32474,2-s2.0-85019085585
32474,32475,2-s2.0-85019075586
32476,32477,2-s2.0-85019002242
32477,32478,2-s2.0-85019001940
32481,32482,2-s2.0-85018942763
32482,32483,2-s2.0-85018941398
32483,32484,2-s2.0-85018937995
32484,32485,2-s2.0-85018937458
32486,32487,2-s2.0-85018932907
32490,32491,2-s2.0-85018920310
32492,32493,2-s2.0-85018918987
32493,32494,2-s2.0-85018918774
32494,32495,2-s2.0-85018916888
32499,32500,2-s2.0-85018912583
32501,32502,2-s2.0-85018910827
32502,32503,2-s2.0-85018908436
32504,32505,2-s2.0-85018906198
32505,32506,2-s2.0-85018905869
32507,32508,2-s2.0-85018896804
32508,32509,2-s2.0-85018895798
32516,32517,2-s2.0-85018880210
32520,32521,2-s2.0-85018866256
32521,32522,2-s2.0-85018864468
32522,32523,2-s2.0-85018864462
32525,32526,2-s2.0-85018860785
32526,32527,2-s2.0-85018758891
32527,32528,2-s2.0-85018747542
32528,32529,2-s2.0-85018730138
32529,32530,2-s2.0-85018641177
32532,32533,2-s2.0-85018587527
32535,32536,2-s2.0-85018581455
32539,32540,2-s2.0-85018550199
32541,32542,2-s2.0-85018482149
32542,32543,2-s2.0-85018411516
32543,32544,2-s2.0-85018395100
32544,32545,2-s2.0-85018320129
32546,32547,2-s2.0-85018237464
32547,32548,2-s2.0-85018235948
32549,32550,2-s2.0-85018212946
32552,32553,2-s2.0-85018072802
32553,32554,2-s2.0-85018070498
32555,32556,2-s2.0-85017634248
32556,32557,2-s2.0-85017590472
32558,32559,2-s2.0-85017587240
32560,32561,2-s2.0-85017177623
32561,32562,2-s2.0-85017171521
32562,32563,2-s2.0-85017142959
32563,32564,2-s2.0-85017090974
32564,32565,2-s2.0-85017070120
32565,32566,2-s2.0-85017059252
32567,32568,2-s2.0-85016970751
32568,32569,2-s2.0-85016951702
32571,32572,2-s2.0-85016711786
32572,32573,2-s2.0-85016516629
32573,32574,2-s2.0-85016512780
32574,32575,2-s2.0-85016506132
32576,32577,2-s2.0-85016500333
32577,32578,2-s2.0-85016477948
32580,32581,2-s2.0-85016455828
32582,32583,2-s2.0-85016422843
32583,32584,2-s2.0-85016400101
32584,32585,2-s2.0-85016135506
32587,32588,2-s2.0-85016105444
32588,32589,2-s2.0-85016095324
32591,32592,2-s2.0-85015842041
32593,32594,2-s2.0-85015370189
32594,32595,2-s2.0-85015239262
32597,32598,2-s2.0-85015166721
32598,32599,2-s2.0-85015153929
32599,32600,2-s2.0-85015067781
32605,32606,2-s2.0-85014385860
32607,32608,2-s2.0-85014341173
32610,32611,2-s2.0-85014120413
32611,32612,2-s2.0-85014112984
32612,32613,2-s2.0-85014100055
32613,32614,2-s2.0-85014088318
32614,32615,2-s2.0-85014067571
32617,32618,2-s2.0-85013676237
32625,32626,2-s2.0-85012932352
32636,32637,2-s2.0-85011654104
32638,32639,2-s2.0-85011105189
32641,32642,2-s2.0-85011048663
32643,32644,2-s2.0-85010952888
32644,32645,2-s2.0-85010333021
32645,32646,2-s2.0-85010197247
32648,32649,2-s2.0-85009856647
32649,32650,2-s2.0-85009820258
32652,32653,2-s2.0-85009684392
32654,32655,2-s2.0-85009681315
32656,32657,2-s2.0-85009675191
32657,32658,2-s2.0-85009675174
32658,32659,2-s2.0-85009673873
32660,32661,2-s2.0-85009664600
32661,32662,2-s2.0-85009663347
32664,32665,2-s2.0-85009609885
32665,32666,2-s2.0-85009509165
32666,32667,2-s2.0-85009487418
32667,32668,2-s2.0-85009486510
32669,32670,2-s2.0-85009476020
32671,32672,2-s2.0-85009460309
32672,32673,2-s2.0-85009455726
32673,32674,2-s2.0-85009433273
32674,32675,2-s2.0-85009348361
32678,32679,2-s2.0-85009072328
32683,32684,2-s2.0-85008352130
32685,32686,2-s2.0-85008343566
32688,32689,2-s2.0-85007591491
32693,32694,2-s2.0-85007401355
32694,32695,2-s2.0-85007389757
32695,32696,2-s2.0-85007374487
32701,32702,2-s2.0-85006918744
32705,32706,2-s2.0-85006792146
32706,32707,2-s2.0-85006784957
32707,32708,2-s2.0-85006761089
32708,32709,2-s2.0-85006760044
32709,32710,2-s2.0-85006699785
32710,32711,2-s2.0-85006489436
32711,32712,2-s2.0-85006485812
32713,32714,2-s2.0-85006337604
32714,32715,2-s2.0-85006337560
32715,32716,2-s2.0-85006336216
32717,32718,2-s2.0-85006054071
32719,32720,2-s2.0-85006026369
32722,32723,2-s2.0-85005991833
32726,32727,2-s2.0-85003451599
32728,32729,2-s2.0-85003434292
32732,32733,2-s2.0-85002389032
32733,32734,2-s2.0-85002152509
32734,32735,2-s2.0-85002050632
32736,32737,2-s2.0-85000866278
32737,32738,2-s2.0-85000866259
32740,32741,2-s2.0-85000642830
32749,32750,2-s2.0-84999188075
32750,32751,2-s2.0-84999143282
32751,32752,2-s2.0-84999006579
32754,32755,2-s2.0-84996931858
32757,32758,2-s2.0-84996848905
32758,32759,2-s2.0-84996843641
32760,32761,2-s2.0-84996721514
32761,32762,2-s2.0-84996605541
32763,32764,2-s2.0-84996566004
32768,32769,2-s2.0-84995700001
32770,32771,2-s2.0-84995680320
32771,32772,2-s2.0-84995676728
32773,32774,2-s2.0-84995549416
32776,32777,2-s2.0-84994877151
32779,32780,2-s2.0-84994851453
32783,32784,2-s2.0-84994631313
32784,32785,2-s2.0-84994474502
32785,32786,2-s2.0-84994361306
32787,32788,2-s2.0-84994268391
32788,32789,2-s2.0-84994238892
32790,32791,2-s2.0-84994189424
32791,32792,2-s2.0-84994162530
32794,32795,2-s2.0-84994099247
32795,32796,2-s2.0-84992665649
32797,32798,2-s2.0-84992612744
32799,32800,2-s2.0-84992588826
32802,32803,2-s2.0-84992529845
32803,32804,2-s2.0-84992490714
32805,32806,2-s2.0-84992437531
32807,32808,2-s2.0-84992166092
32808,32809,2-s2.0-84991669502
32809,32810,2-s2.0-84991515516
32816,32817,2-s2.0-84990397358
32817,32818,2-s2.0-84990067647
32820,32821,2-s2.0-84990039930
32822,32823,2-s2.0-84989912593
32827,32828,2-s2.0-84989266686
32828,32829,2-s2.0-84989259744
32830,32831,2-s2.0-84988941824
32831,32832,2-s2.0-84988864357
32839,32840,2-s2.0-84988599533
32841,32842,2-s2.0-84988499125
32842,32843,2-s2.0-84988498962
32844,32845,2-s2.0-84988039974
32846,32847,2-s2.0-84987984687
32847,32848,2-s2.0-84987973939
32849,32850,2-s2.0-84987947841
32851,32852,2-s2.0-84987940375
32852,32853,2-s2.0-84987933170
32853,32854,2-s2.0-84987933067
32854,32855,2-s2.0-84987850234
32856,32857,2-s2.0-84987848069
32858,32859,2-s2.0-84987818129
32860,32861,2-s2.0-84987800426
32861,32862,2-s2.0-84987779527
32862,32863,2-s2.0-84987740582
32863,32864,2-s2.0-84987653494
32867,32868,2-s2.0-84984924341
32869,32870,2-s2.0-84984849065
32872,32873,2-s2.0-84984698523
32875,32876,2-s2.0-84984638434
32877,32878,2-s2.0-84983783860
32878,32879,2-s2.0-84983760990
32884,32885,2-s2.0-84982883650
32885,32886,2-s2.0-84982273156
32886,32887,2-s2.0-84982239120
32888,32889,2-s2.0-84982162399
32889,32890,2-s2.0-84982126262
32890,32891,2-s2.0-84981508184
32891,32892,2-s2.0-84981507355
32893,32894,2-s2.0-84981336762
32897,32898,2-s2.0-84980316309
32902,32903,2-s2.0-84979523788
32903,32904,2-s2.0-84979518710
32904,32905,2-s2.0-84979243240
32908,32909,2-s2.0-84979074008
32911,32912,2-s2.0-84978945346
32913,32914,2-s2.0-84978900518
32914,32915,2-s2.0-84978898822
32916,32917,2-s2.0-84978884015
32918,32919,2-s2.0-84978878145
32919,32920,2-s2.0-84978870563
32921,32922,2-s2.0-84978863355
32924,32925,2-s2.0-84978828796
32925,32926,2-s2.0-84978818641
32927,32928,2-s2.0-84978811193
32929,32930,2-s2.0-84978676893
32931,32932,2-s2.0-84978304027
32944,32945,2-s2.0-84978187316
32945,32946,2-s2.0-84978179984
32946,32947,2-s2.0-84978107187
32953,32954,2-s2.0-84977538300
32956,32957,2-s2.0-84976583979
32958,32959,2-s2.0-84976529291
32959,32960,2-s2.0-84976520729
32960,32961,2-s2.0-84976484813
32973,32974,2-s2.0-84974818397
32974,32975,2-s2.0-84974686114
32975,32976,2-s2.0-84974678902
32983,32984,2-s2.0-84970024478
32984,32985,2-s2.0-84969902292
32985,32986,2-s2.0-84969765251
32986,32987,2-s2.0-84969141779
32988,32989,2-s2.0-84968901921
32989,32990,2-s2.0-84968765087
32991,32992,2-s2.0-84968665467
32994,32995,2-s2.0-84968648364
32996,32997,2-s2.0-84968619418
32997,32998,2-s2.0-84968619394
33002,33003,2-s2.0-84968571639
33003,33004,2-s2.0-84968548086
33004,33005,2-s2.0-84968548071
33005,33006,2-s2.0-84968548035
33008,33009,2-s2.0-84968531387
33012,33013,2-s2.0-84966738380
33014,33015,2-s2.0-84965031449
33015,33016,2-s2.0-84964977073
33017,33018,2-s2.0-84964766202
33019,33020,2-s2.0-84964434866
33020,33021,2-s2.0-84964345571
33023,33024,2-s2.0-84964053982
33024,33025,2-s2.0-84964026267
33028,33029,2-s2.0-84963739697
33030,33031,2-s2.0-84962859930
33031,33032,2-s2.0-84962517279
33034,33035,2-s2.0-84962192857
33035,33036,2-s2.0-84962189623
33039,33040,2-s2.0-84961918567
33040,33041,2-s2.0-84961644637
33041,33042,2-s2.0-84961262442
33044,33045,2-s2.0-84960940704
33045,33046,2-s2.0-84960928403
33046,33047,2-s2.0-84960839672
33051,33052,2-s2.0-84960404447
33052,33053,2-s2.0-84960398659
33053,33054,2-s2.0-84960388786
33054,33055,2-s2.0-84960384382
33057,33058,2-s2.0-84959567706
33059,33060,2-s2.0-84959522379
33060,33061,2-s2.0-84959476029
33061,33062,2-s2.0-84959420629
33065,33066,2-s2.0-84959215877
33066,33067,2-s2.0-84959201693
33068,33069,2-s2.0-84959123691
33071,33072,2-s2.0-84958696283
33072,33073,2-s2.0-84958695200
33073,33074,2-s2.0-84958691081
33076,33077,2-s2.0-84958251417
33077,33078,2-s2.0-84958213724
33078,33079,2-s2.0-84957998608
33080,33081,2-s2.0-84957928168
33081,33082,2-s2.0-84957922257
33085,33086,2-s2.0-84957442373
33086,33087,2-s2.0-84957431404
33093,33094,2-s2.0-84956587539
33095,33096,2-s2.0-84955469253
33098,33099,2-s2.0-84955199445
33099,33100,2-s2.0-84955105159
33100,33101,2-s2.0-84954618973
33102,33103,2-s2.0-84954403095
33105,33106,2-s2.0-84951976474
33109,33110,2-s2.0-84949601535
33110,33111,2-s2.0-84949098327
33111,33112,2-s2.0-84949097050
33115,33116,2-s2.0-84948845523
33118,33119,2-s2.0-84947044744
33120,33121,2-s2.0-84944111506
33122,33123,2-s2.0-84943598891
33123,33124,2-s2.0-84942937115
33126,33127,2-s2.0-84940717672
33129,33130,2-s2.0-84927539455
33130,33131,2-s2.0-84902010670
33131,33132,2-s2.0-105012681200
33132,33133,2-s2.0-105012346105
33137,33138,2-s2.0-105013644449
33141,33142,2-s2.0-105013062253
33143,33144,2-s2.0-105012920642
33145,33146,2-s2.0-105011949352
33147,33148,2-s2.0-105011352944
33148,33149,2-s2.0-105011346152
33149,33150,2-s2.0-105011343011
33153,33154,2-s2.0-105009910321
33154,33155,2-s2.0-105012966391
33155,33156,2-s2.0-85218859473
33156,33157,2-s2.0-85217784293
33157,33158,2-s2.0-85212756442
33162,33163,2-s2.0-85219352024
33163,33164,2-s2.0-85219015054
33164,33165,2-s2.0-85218892159
33166,33167,2-s2.0-85218684098
33167,33168,2-s2.0-85218248164
33174,33175,2-s2.0-85217871804
33177,33178,2-s2.0-85214232247
33178,33179,2-s2.0-105013656965
33180,33181,2-s2.0-105013468508
33181,33182,2-s2.0-105013464687
33182,33183,2-s2.0-105012984056
33184,33185,2-s2.0-105012931683
33185,33186,2-s2.0-105012756080
33186,33187,2-s2.0-105012715106
33188,33189,2-s2.0-105012037112
33190,33191,2-s2.0-105011712875
33192,33193,2-s2.0-105011185638
33193,33194,2-s2.0-105011162687
33194,33195,2-s2.0-105011144683
33195,33196,2-s2.0-105010647626
33197,33198,2-s2.0-105010619704
33198,33199,2-s2.0-105010181586
33199,33200,2-s2.0-105010166870
33200,33201,2-s2.0-105010001015
33201,33202,2-s2.0-105009981382
33203,33204,2-s2.0-105009745874
33204,33205,2-s2.0-105009729363
33206,33207,2-s2.0-105009705300
33207,33208,2-s2.0-105009552310
33208,33209,2-s2.0-105009549405
33209,33210,2-s2.0-105009544855
33212,33213,2-s2.0-105009226441
33213,33214,2-s2.0-105009206485
33214,33215,2-s2.0-105008720008
33215,33216,2-s2.0-105008660942
33216,33217,2-s2.0-105008570994
33217,33218,2-s2.0-105008552553
33218,33219,2-s2.0-105008534575
33220,33221,2-s2.0-105008320008
33221,33222,2-s2.0-105008229460
33222,33223,2-s2.0-105007861759
33223,33224,2-s2.0-105007795335
33224,33225,2-s2.0-105007733633
33225,33226,2-s2.0-105007695457
33226,33227,2-s2.0-105007635620
33227,33228,2-s2.0-105007242778
33228,33229,2-s2.0-105007079262
33230,33231,2-s2.0-105006852746
33236,33237,2-s2.0-105005120261
33237,33238,2-s2.0-105004798791
33240,33241,2-s2.0-105004359633
33242,33243,2-s2.0-105003968688
33243,33244,2-s2.0-105003395449
33252,33253,2-s2.0-105000473470
33257,33258,2-s2.0-105013812959
33258,33259,2-s2.0-105013593420
33270,33271,2-s2.0-105009007809
33271,33272,2-s2.0-105007814104
33272,33273,2-s2.0-105007153046
33273,33274,2-s2.0-105006987280
33274,33275,2-s2.0-105013548622
33275,33276,2-s2.0-105013489148
33278,33279,2-s2.0-105012196704
33280,33281,2-s2.0-105012100824
33284,33285,2-s2.0-105010947863
33285,33286,2-s2.0-105010676541
33286,33287,2-s2.0-105010033974
33287,33288,2-s2.0-105009996797
33289,33290,2-s2.0-105009334626
33290,33291,2-s2.0-105008691110
33291,33292,2-s2.0-105008286160
33294,33295,2-s2.0-105007796209
33295,33296,2-s2.0-105007321618
33296,33297,2-s2.0-105005801553
33297,33298,2-s2.0-105005505512
33300,33301,2-s2.0-105013533553
33302,33303,2-s2.0-86000744470
33304,33305,2-s2.0-85219685389
33305,33306,2-s2.0-85219245250
33308,33309,2-s2.0-85217249803
33309,33310,2-s2.0-85216976314
33310,33311,2-s2.0-85212684144
33313,33314,2-s2.0-85204247730
33315,33316,2-s2.0-85196413847
33316,33317,2-s2.0-105013796857
33319,33320,2-s2.0-105013194377
33320,33321,2-s2.0-105012942568
33322,33323,2-s2.0-105012649422
33323,33324,2-s2.0-105012469613
33324,33325,2-s2.0-105012382128
33325,33326,2-s2.0-105012284418
33327,33328,2-s2.0-105011949562
33332,33333,2-s2.0-105009850510
33337,33338,2-s2.0-105007212595
33339,33340,2-s2.0-105005793690
33342,33343,2-s2.0-105005201487
33343,33344,2-s2.0-105005178780
33344,33345,2-s2.0-105004727990
33345,33346,2-s2.0-105004437193
33346,33347,2-s2.0-105004400526
33351,33352,2-s2.0-105003086087
33353,33354,2-s2.0-105002669740
33356,33357,2-s2.0-105000300702
33357,33358,2-s2.0-105013536143
33358,33359,2-s2.0-105013205988
33360,33361,2-s2.0-86000524504
33361,33362,2-s2.0-86000333093
33362,33363,2-s2.0-85217775807
33364,33365,2-s2.0-85216753951
33365,33366,2-s2.0-85216462497
33366,33367,2-s2.0-85209193104
33367,33368,2-s2.0-85207765368
33368,33369,2-s2.0-85207351612
33374,33375,2-s2.0-85196711221
33375,33376,2-s2.0-85196645402
33379,33380,2-s2.0-105013366504
33380,33381,2-s2.0-105013300372
33382,33383,2-s2.0-105013040774
33385,33386,2-s2.0-105012895106
33389,33390,2-s2.0-105012292715
33390,33391,2-s2.0-105012291405
33391,33392,2-s2.0-105012260115
33394,33395,2-s2.0-105011871245
33395,33396,2-s2.0-105011867290
33397,33398,2-s2.0-105011832649
33398,33399,2-s2.0-105011734050
33403,33404,2-s2.0-105011207024
33405,33406,2-s2.0-105010594723
33407,33408,2-s2.0-105009935578
33409,33410,2-s2.0-105009692785
33411,33412,2-s2.0-105009414909
33412,33413,2-s2.0-105009403606
33414,33415,2-s2.0-105009230557
33415,33416,2-s2.0-105008921209
33419,33420,2-s2.0-105008407206
33422,33423,2-s2.0-105007517500
33423,33424,2-s2.0-105007035066
33426,33427,2-s2.0-105006975774
33427,33428,2-s2.0-105006588087
33429,33430,2-s2.0-105006438599
33430,33431,2-s2.0-105006410225
33432,33433,2-s2.0-105005886350
33436,33437,2-s2.0-105005556751
33437,33438,2-s2.0-105005108412
33438,33439,2-s2.0-105004914105
33440,33441,2-s2.0-105004462531
33444,33445,2-s2.0-105002600297
33445,33446,2-s2.0-105002596060
33446,33447,2-s2.0-105002149378
33448,33449,2-s2.0-105001487342
33449,33450,2-s2.0-105001174834
33451,33452,2-s2.0-105000991086
33452,33453,2-s2.0-105000832924
33454,33455,2-s2.0-105013770865
33465,33466,2-s2.0-105013092061
33467,33468,2-s2.0-105013074219
33468,33469,2-s2.0-105013072953
33469,33470,2-s2.0-105013071275
33472,33473,2-s2.0-105012103404
33473,33474,2-s2.0-105012161597
33474,33475,2-s2.0-105003249005
33475,33476,2-s2.0-105013081683
33477,33478,2-s2.0-105011498636
33480,33481,2-s2.0-105012168891
33482,33483,2-s2.0-105011676888
33483,33484,2-s2.0-105011595470
33485,33486,2-s2.0-105009287805
33488,33489,2-s2.0-105011699532
33489,33490,2-s2.0-85209206995
33492,33493,2-s2.0-105012916558
33493,33494,2-s2.0-105012916287
33495,33496,2-s2.0-105012910522
33496,33497,2-s2.0-86000279699
33497,33498,2-s2.0-85219544404
33498,33499,2-s2.0-85218782345
33505,33506,2-s2.0-85217409101
33507,33508,2-s2.0-85214711942
33512,33513,2-s2.0-85206150358
33513,33514,2-s2.0-85205854505
33515,33516,2-s2.0-105013812657
33518,33519,2-s2.0-105013649331
33521,33522,2-s2.0-105012946873
33524,33525,2-s2.0-105012290708
33529,33530,2-s2.0-105011705521
33531,33532,2-s2.0-105011676818
33532,33533,2-s2.0-105011674200
33535,33536,2-s2.0-105011617556
33536,33537,2-s2.0-105011608281
33537,33538,2-s2.0-105011604741
33539,33540,2-s2.0-105011542386
33541,33542,2-s2.0-105011518423
33542,33543,2-s2.0-105011517062
33546,33547,2-s2.0-105011501709
33550,33551,2-s2.0-105011494048
33551,33552,2-s2.0-105011480980
33552,33553,2-s2.0-105011406462
33554,33555,2-s2.0-105010938291
33557,33558,2-s2.0-105010694319
33559,33560,2-s2.0-105010587681
33562,33563,2-s2.0-105009657981
33564,33565,2-s2.0-105008957165
33566,33567,2-s2.0-105008697869
33567,33568,2-s2.0-105008350113
33568,33569,2-s2.0-105008021036
33571,33572,2-s2.0-105007187965
33578,33579,2-s2.0-105004889113
33580,33581,2-s2.0-105003951736
33581,33582,2-s2.0-105003573925
33587,33588,2-s2.0-105011199240
33591,33592,2-s2.0-105010089717
33593,33594,2-s2.0-105009986578
33596,33597,2-s2.0-105011983318
33597,33598,2-s2.0-105011963213
33598,33599,2-s2.0-105011873707
33600,33601,2-s2.0-105011823991
33601,33602,2-s2.0-105011823438
33603,33604,2-s2.0-105011514934
33604,33605,2-s2.0-105010656834
33605,33606,2-s2.0-105010637120
33606,33607,2-s2.0-105010633152
33608,33609,2-s2.0-105010597096
33610,33611,2-s2.0-105010095528
33613,33614,2-s2.0-105010323161
33614,33615,2-s2.0-105010314076
33616,33617,2-s2.0-105009363814
33617,33618,2-s2.0-105010307781
33618,33619,2-s2.0-105010304225
33619,33620,2-s2.0-105012214658
33621,33622,2-s2.0-105012185709
33622,33623,2-s2.0-105012181011
33624,33625,2-s2.0-105012168413
33625,33626,2-s2.0-105012157891
33628,33629,2-s2.0-105012334182
33631,33632,2-s2.0-105008080908
33633,33634,2-s2.0-105009244132
33634,33635,2-s2.0-105009241650
33636,33637,2-s2.0-105009235101
33639,33640,2-s2.0-105009228911
33642,33643,2-s2.0-105009219581
33643,33644,2-s2.0-105009216851
33644,33645,2-s2.0-105009215985
33646,33647,2-s2.0-105009210364
33649,33650,2-s2.0-105008005213
33650,33651,2-s2.0-105011412502
33651,33652,2-s2.0-105011412269
33654,33655,2-s2.0-105011410506
33656,33657,2-s2.0-105008413918
33661,33662,2-s2.0-85218833428
33662,33663,2-s2.0-85218827225
33663,33664,2-s2.0-85218143754
33664,33665,2-s2.0-85217981041
33668,33669,2-s2.0-85217428667
33671,33672,2-s2.0-85217203079
33675,33676,2-s2.0-85217151993
33677,33678,2-s2.0-85216893630
33678,33679,2-s2.0-85216525085
33680,33681,2-s2.0-85215223103
33681,33682,2-s2.0-85214934611
33684,33685,2-s2.0-85214027059
33685,33686,2-s2.0-85213839263
33690,33691,2-s2.0-85212655987
33691,33692,2-s2.0-85212603718
33692,33693,2-s2.0-85212263759
33693,33694,2-s2.0-85212184417
33696,33697,2-s2.0-85211183088
33701,33702,2-s2.0-85207780745
33703,33704,2-s2.0-85207037973
33704,33705,2-s2.0-85206827748
33705,33706,2-s2.0-85205897018
33706,33707,2-s2.0-85204799257
33707,33708,2-s2.0-85204174372
33711,33712,2-s2.0-85198944849
33712,33713,2-s2.0-85198942277
33713,33714,2-s2.0-85197750782
33714,33715,2-s2.0-85196781779
33715,33716,2-s2.0-85196415463
33716,33717,2-s2.0-85193725838
33717,33718,2-s2.0-85193041268
33727,33728,2-s2.0-85174959871
33728,33729,2-s2.0-105011305935
33731,33732,2-s2.0-105010652340
33733,33734,2-s2.0-105010356554
33736,33737,2-s2.0-105010218687
33737,33738,2-s2.0-105010029713
33738,33739,2-s2.0-105009922104
33740,33741,2-s2.0-105009908893
33745,33746,2-s2.0-105009615387
33749,33750,2-s2.0-105009375037
33751,33752,2-s2.0-105009293876
33753,33754,2-s2.0-105009276754
33754,33755,2-s2.0-105009276361
33758,33759,2-s2.0-105009268410
33759,33760,2-s2.0-105009264764
33760,33761,2-s2.0-105009260725
33761,33762,2-s2.0-105009258820
33762,33763,2-s2.0-105009252756
33763,33764,2-s2.0-105009212769
33765,33766,2-s2.0-105009067999
33766,33767,2-s2.0-105009044703
33772,33773,2-s2.0-105008915086
33773,33774,2-s2.0-105008507030
33777,33778,2-s2.0-105007788798
33780,33781,2-s2.0-105007756235
33781,33782,2-s2.0-105007745916
33786,33787,2-s2.0-105007607727
33787,33788,2-s2.0-105007549091
33788,33789,2-s2.0-105007482854
33792,33793,2-s2.0-105007191450
33794,33795,2-s2.0-105006811746
33797,33798,2-s2.0-105005977217
33800,33801,2-s2.0-105005970944
33803,33804,2-s2.0-105005210256
33804,33805,2-s2.0-105005120079
33805,33806,2-s2.0-105005090942
33807,33808,2-s2.0-105004219331
33809,33810,2-s2.0-105004041062
33810,33811,2-s2.0-105003918068
33811,33812,2-s2.0-105003875752
33812,33813,2-s2.0-105003672876
33813,33814,2-s2.0-105003571426
33814,33815,2-s2.0-105003560226
33820,33821,2-s2.0-105002667934
33823,33824,2-s2.0-105002320044
33824,33825,2-s2.0-105002319576
33827,33828,2-s2.0-105002146194
33829,33830,2-s2.0-105001595436
33831,33832,2-s2.0-105001497493
33832,33833,2-s2.0-105001486363
33834,33835,2-s2.0-105000692542
33836,33837,2-s2.0-105007975348
33837,33838,2-s2.0-105002701964
33840,33841,2-s2.0-105011883749
33845,33846,2-s2.0-105007764442
33846,33847,2-s2.0-105007725234
33847,33848,2-s2.0-105007677171
33850,33851,2-s2.0-105009217216
33851,33852,2-s2.0-105010085677
33852,33853,2-s2.0-105010067661
33854,33855,2-s2.0-105007032776
33857,33858,2-s2.0-105007099840
33860,33861,2-s2.0-105006689728
33862,33863,2-s2.0-105005989581
33866,33867,2-s2.0-105003986900
33870,33871,2-s2.0-105003983401
33872,33873,2-s2.0-105003982740
33878,33879,2-s2.0-105010757917
33880,33881,2-s2.0-105004453387
33885,33886,2-s2.0-105003979035
33887,33888,2-s2.0-86000549032
33889,33890,2-s2.0-86000510071
33890,33891,2-s2.0-85219133984
33891,33892,2-s2.0-85219110158
33893,33894,2-s2.0-85219064874
33894,33895,2-s2.0-85219011353
33897,33898,2-s2.0-85218108896
33899,33900,2-s2.0-85218085521
33904,33905,2-s2.0-85212350205
33911,33912,2-s2.0-85210871608
33914,33915,2-s2.0-85210517860
33916,33917,2-s2.0-85210476804
33917,33918,2-s2.0-85210005029
33919,33920,2-s2.0-85204603513
33920,33921,2-s2.0-85204181441
33926,33927,2-s2.0-105011367667
33928,33929,2-s2.0-105010775520
33931,33932,2-s2.0-105009040739
33933,33934,2-s2.0-105007906128
33934,33935,2-s2.0-105007733220
33935,33936,2-s2.0-105006786890
33936,33937,2-s2.0-105006786000
33939,33940,2-s2.0-105006739664
33945,33946,2-s2.0-105006529713
33947,33948,2-s2.0-105006449563
33948,33949,2-s2.0-105005839163
33949,33950,2-s2.0-105005593021
33954,33955,2-s2.0-105004888995
33956,33957,2-s2.0-105004180093
33958,33959,2-s2.0-105003814238
33960,33961,2-s2.0-105003759041
33961,33962,2-s2.0-105003754509
33965,33966,2-s2.0-105002834417
33967,33968,2-s2.0-105002568727
33968,33969,2-s2.0-105002495334
33970,33971,2-s2.0-105002269548
33971,33972,2-s2.0-105002267734
33972,33973,2-s2.0-105002267335
33973,33974,2-s2.0-105002263384
33975,33976,2-s2.0-105002238888
33977,33978,2-s2.0-105002158708
33978,33979,2-s2.0-105002078204
33980,33981,2-s2.0-105002011339
33981,33982,2-s2.0-105001699267
33982,33983,2-s2.0-105001692185
33983,33984,2-s2.0-105001391225
33984,33985,2-s2.0-105001366055
33985,33986,2-s2.0-105001110344
33986,33987,2-s2.0-105000713939
33987,33988,2-s2.0-105000630449
33989,33990,2-s2.0-105005987230
33991,33992,2-s2.0-105005099194
33992,33993,2-s2.0-105004818704
33993,33994,2-s2.0-105007599519
33994,33995,2-s2.0-105005769026
33997,33998,2-s2.0-105005749117
33999,34000,2-s2.0-105005745841
34000,34001,2-s2.0-105005734818
34001,34002,2-s2.0-105005731018
34002,34003,2-s2.0-105005724132
34003,34004,2-s2.0-105005384077
34006,34007,2-s2.0-105006952211
34007,34008,2-s2.0-105005385291
34013,34014,2-s2.0-105003413370
34014,34015,2-s2.0-105002953104
34015,34016,2-s2.0-105004049898
34017,34018,2-s2.0-105004864112
34018,34019,2-s2.0-105004787513
34020,34021,2-s2.0-105004785962
34021,34022,2-s2.0-105004785684
34022,34023,2-s2.0-105004784962
34023,34024,2-s2.0-105004782283
34024,34025,2-s2.0-105004781378
34026,34027,2-s2.0-105003700558
34027,34028,2-s2.0-105003907922
34028,34029,2-s2.0-105003906062
34029,34030,2-s2.0-105003902789
34031,34032,2-s2.0-105007747000
34033,34034,2-s2.0-105005136886
34037,34038,2-s2.0-105007411612
34038,34039,2-s2.0-105007637905
34039,34040,2-s2.0-86000792717
34045,34046,2-s2.0-85219676287
34049,34050,2-s2.0-85219053337
34056,34057,2-s2.0-85217950320
34057,34058,2-s2.0-85217140814
34058,34059,2-s2.0-85217020111
34060,34061,2-s2.0-85216874420
34061,34062,2-s2.0-85216839334
34062,34063,2-s2.0-85216831338
34065,34066,2-s2.0-85216242296
34066,34067,2-s2.0-85215970696
34069,34070,2-s2.0-85215002672
34070,34071,2-s2.0-85214796267
34071,34072,2-s2.0-85214664212
34074,34075,2-s2.0-85211719003
34076,34077,2-s2.0-85210770519
34080,34081,2-s2.0-85195292817
34081,34082,2-s2.0-85192516900
34084,34085,2-s2.0-85152248581
34086,34087,2-s2.0-105010769581
34087,34088,2-s2.0-105007532931
34089,34090,2-s2.0-105007097336
34093,34094,2-s2.0-105005235208
34094,34095,2-s2.0-105005096244
34100,34101,2-s2.0-105003966780
34103,34104,2-s2.0-105003866045
34106,34107,2-s2.0-105003701369
34107,34108,2-s2.0-105003697196
34114,34115,2-s2.0-105003558143
34115,34116,2-s2.0-105003476218
34116,34117,2-s2.0-105003464788
34117,34118,2-s2.0-105003451167
34118,34119,2-s2.0-105003442664
34119,34120,2-s2.0-105003438506
34121,34122,2-s2.0-105003408038
34122,34123,2-s2.0-105003405867
34124,34125,2-s2.0-105003385044
34126,34127,2-s2.0-105003377835
34128,34129,2-s2.0-105003026975
34129,34130,2-s2.0-105002942319
34130,34131,2-s2.0-105002934849
34131,34132,2-s2.0-105002815946
34135,34136,2-s2.0-105002326265
34136,34137,2-s2.0-105002000919
34137,34138,2-s2.0-105001979373
34138,34139,2-s2.0-105001871881
34139,34140,2-s2.0-105001861969
34146,34147,2-s2.0-105001474007
34150,34151,2-s2.0-105001070067
34152,34153,2-s2.0-105000250396
34155,34156,2-s2.0-105002338550
34158,34159,2-s2.0-105002337020
34160,34161,2-s2.0-105002332536
34161,34162,2-s2.0-105002329843
34167,34168,2-s2.0-105002315558
34170,34171,2-s2.0-105002313611
34172,34173,2-s2.0-105002311195
34175,34176,2-s2.0-105002303054
34181,34182,2-s2.0-105002290594
34183,34184,2-s2.0-105002285321
34184,34185,2-s2.0-105005030452
34187,34188,2-s2.0-105006818729
34191,34192,2-s2.0-105007646615
34197,34198,2-s2.0-105001084767
34198,34199,2-s2.0-105001367000
34199,34200,2-s2.0-105001558235
34202,34203,2-s2.0-105001854217
34203,34204,2-s2.0-105001088192
34205,34206,2-s2.0-85214764293
34210,34211,2-s2.0-85216386892
34212,34213,2-s2.0-105000214281
34213,34214,2-s2.0-105000189439
34214,34215,2-s2.0-105000144805
34215,34216,2-s2.0-105000116545
34217,34218,2-s2.0-105000440085
34222,34223,2-s2.0-86000786942
34223,34224,2-s2.0-86000762762
34224,34225,2-s2.0-86000744622
34225,34226,2-s2.0-86000632751
34227,34228,2-s2.0-86000607801
34233,34234,2-s2.0-86000374387
34234,34235,2-s2.0-85219740192
34235,34236,2-s2.0-85219718565
34236,34237,2-s2.0-85219190962
34237,34238,2-s2.0-85219093580
34238,34239,2-s2.0-85219008083
34239,34240,2-s2.0-85218837591
34240,34241,2-s2.0-85218249119
34243,34244,2-s2.0-85217902405
34245,34246,2-s2.0-85217782375
34247,34248,2-s2.0-85217357696
34248,34249,2-s2.0-85216835531
34250,34251,2-s2.0-85215759398
34252,34253,2-s2.0-85214530443
34253,34254,2-s2.0-85214501738
34257,34258,2-s2.0-85213536982
34258,34259,2-s2.0-85212292551
34261,34262,2-s2.0-85211161484
34262,34263,2-s2.0-85211138551
34263,34264,2-s2.0-85211113935
34264,34265,2-s2.0-85210949959
34267,34268,2-s2.0-85208407248
34268,34269,2-s2.0-85208382126
34269,34270,2-s2.0-85208222050
34274,34275,2-s2.0-85205073863
34275,34276,2-s2.0-85200115565
34276,34277,2-s2.0-85199808675
34280,34281,2-s2.0-85196267694
34281,34282,2-s2.0-85192187132
34282,34283,2-s2.0-85192049196
34283,34284,2-s2.0-85190443842
34285,34286,2-s2.0-85185935232
34286,34287,2-s2.0-85183366993
34288,34289,2-s2.0-85182248429
34291,34292,2-s2.0-85175818683
34292,34293,2-s2.0-85172100250
34296,34297,2-s2.0-105012042441
34299,34300,2-s2.0-105011985681
34300,34301,2-s2.0-105011938198
34301,34302,2-s2.0-105011935402
34303,34304,2-s2.0-105010271193
34306,34307,2-s2.0-105007249834
34307,34308,2-s2.0-105007243371
34309,34310,2-s2.0-105007210453
34312,34313,2-s2.0-105005989383
34315,34316,2-s2.0-105005972072
34320,34321,2-s2.0-105004236203
34322,34323,2-s2.0-105003457947
34325,34326,2-s2.0-105003016045
34330,34331,2-s2.0-105002350241
34331,34332,2-s2.0-105002066328
34335,34336,2-s2.0-105001972520
34336,34337,2-s2.0-105001963249
34337,34338,2-s2.0-105001957214
34338,34339,2-s2.0-105001927776
34339,34340,2-s2.0-105001842561
34342,34343,2-s2.0-105001642079
34344,34345,2-s2.0-105001599252
34345,34346,2-s2.0-105001596866
34346,34347,2-s2.0-105001582717
34347,34348,2-s2.0-105001580635
34351,34352,2-s2.0-105001556855
34352,34353,2-s2.0-105001555549
34353,34354,2-s2.0-105001551965
34355,34356,2-s2.0-105001419573
34357,34358,2-s2.0-105001378470
34361,34362,2-s2.0-105001163249
34362,34363,2-s2.0-105001155372
34364,34365,2-s2.0-105001136422
34366,34367,2-s2.0-105001089620
34368,34369,2-s2.0-105001088944
34369,34370,2-s2.0-105001085771
34370,34371,2-s2.0-105001079089
34372,34373,2-s2.0-105001074960
34374,34375,2-s2.0-105001073729
34377,34378,2-s2.0-105001065420
34383,34384,2-s2.0-105000710566
34387,34388,2-s2.0-105000557933
34388,34389,2-s2.0-105000537431
34389,34390,2-s2.0-105000422682
34390,34391,2-s2.0-105000378999
34391,34392,2-s2.0-105000061025
34392,34393,2-s2.0-105000000517
34395,34396,2-s2.0-86000791276
34397,34398,2-s2.0-86000718772
34398,34399,2-s2.0-85217614750
34400,34401,2-s2.0-86000267981
34401,34402,2-s2.0-86000257927
34402,34403,2-s2.0-86000251641
34403,34404,2-s2.0-86000235776
34404,34405,2-s2.0-86000228996
34405,34406,2-s2.0-86000223369
34407,34408,2-s2.0-86000192040
34408,34409,2-s2.0-85215537593
34412,34413,2-s2.0-85218946234
34413,34414,2-s2.0-85218937158
34414,34415,2-s2.0-85218933490
34415,34416,2-s2.0-85218933407
34416,34417,2-s2.0-85218931116
34417,34418,2-s2.0-85218930010
34418,34419,2-s2.0-85218925597
34422,34423,2-s2.0-85217809172
34423,34424,2-s2.0-105001692607
34427,34428,2-s2.0-85219508868
34430,34431,2-s2.0-85218745515
34431,34432,2-s2.0-85211593684
34432,34433,2-s2.0-86000715290
34435,34436,2-s2.0-86000183862
34436,34437,2-s2.0-86000154672
34440,34441,2-s2.0-85219670889
34444,34445,2-s2.0-85218907670
34447,34448,2-s2.0-85218894173
34448,34449,2-s2.0-85218878954
34449,34450,2-s2.0-85218871818
34452,34453,2-s2.0-85218443539
34454,34455,2-s2.0-85218174417
34459,34460,2-s2.0-85217506548
34461,34462,2-s2.0-85217200485
34462,34463,2-s2.0-85216325749
34464,34465,2-s2.0-85215830395
34466,34467,2-s2.0-85213065905
34468,34469,2-s2.0-85211999203
34469,34470,2-s2.0-85211188619
34470,34471,2-s2.0-85210891949
34471,34472,2-s2.0-85210861164
34472,34473,2-s2.0-85210613705
34477,34478,2-s2.0-85210355824
34478,34479,2-s2.0-85209775759
34480,34481,2-s2.0-85208914007
34482,34483,2-s2.0-85208591013
34483,34484,2-s2.0-85208577270
34484,34485,2-s2.0-85208545942
34485,34486,2-s2.0-85208426384
34489,34490,2-s2.0-85207296159
34490,34491,2-s2.0-85207006737
34491,34492,2-s2.0-85205701505
34493,34494,2-s2.0-85204357476
34494,34495,2-s2.0-85204207293
34495,34496,2-s2.0-85203522777
34498,34499,2-s2.0-85202948103
34501,34502,2-s2.0-85202924783
34503,34504,2-s2.0-85201950164
34506,34507,2-s2.0-85198490237
34507,34508,2-s2.0-85197426284
34511,34512,2-s2.0-85194713292
34515,34516,2-s2.0-85192861039
34518,34519,2-s2.0-85183718425
34520,34521,2-s2.0-85178948750
34521,34522,2-s2.0-85174174354
34522,34523,2-s2.0-85147504224
34526,34527,2-s2.0-105006751010
34528,34529,2-s2.0-86000452291
34529,34530,2-s2.0-85219575644
34530,34531,2-s2.0-85217299136
34531,34532,2-s2.0-105006726896
34534,34535,2-s2.0-85196081717
34535,34536,2-s2.0-105002668219
34536,34537,2-s2.0-85208979520
34539,34540,2-s2.0-85219535582
34540,34541,2-s2.0-85219468767
34544,34545,2-s2.0-85219382739
34546,34547,2-s2.0-85219324795
34551,34552,2-s2.0-85219222833
34557,34558,2-s2.0-85218414774
34562,34563,2-s2.0-105005720932
34564,34565,2-s2.0-105001511592
34565,34566,2-s2.0-85218740158
34566,34567,2-s2.0-105003592766
34567,34568,2-s2.0-105002181401
34575,34576,2-s2.0-85213299627
34576,34577,2-s2.0-85211207621
34578,34579,2-s2.0-105004667834
34579,34580,2-s2.0-86000687644
34580,34581,2-s2.0-86000672729
34581,34582,2-s2.0-86000668715
34584,34585,2-s2.0-86000557978
34585,34586,2-s2.0-86000552495
34586,34587,2-s2.0-86000536383
34587,34588,2-s2.0-86000530322
34588,34589,2-s2.0-86000528542
34589,34590,2-s2.0-86000525388
34592,34593,2-s2.0-86000498318
34593,34594,2-s2.0-86000477229
34597,34598,2-s2.0-86000430843
34598,34599,2-s2.0-86000430485
34599,34600,2-s2.0-86000385705
34600,34601,2-s2.0-86000385391
34601,34602,2-s2.0-86000385201
34602,34603,2-s2.0-86000384203
34604,34605,2-s2.0-86000381024
34605,34606,2-s2.0-86000374072
34607,34608,2-s2.0-86000372480
34608,34609,2-s2.0-86000372203
34609,34610,2-s2.0-86000365749
34610,34611,2-s2.0-86000343142
34613,34614,2-s2.0-86000308290
34614,34615,2-s2.0-86000305538
34615,34616,2-s2.0-86000301332
34616,34617,2-s2.0-86000178957
34618,34619,2-s2.0-86000120445
34622,34623,2-s2.0-86000023478
34623,34624,2-s2.0-86000018792
34624,34625,2-s2.0-86000012822
34626,34627,2-s2.0-85219745460
34627,34628,2-s2.0-85219738735
34630,34631,2-s2.0-85219666502
34631,34632,2-s2.0-85219661719
34633,34634,2-s2.0-85219608483
34634,34635,2-s2.0-85219601658
34635,34636,2-s2.0-85219579623
34636,34637,2-s2.0-85219574686
34637,34638,2-s2.0-85219565486
34638,34639,2-s2.0-85219554004
34639,34640,2-s2.0-85219531123
34641,34642,2-s2.0-85219510899
34643,34644,2-s2.0-85219331141
34644,34645,2-s2.0-85219167230
34646,34647,2-s2.0-85219149381
34647,34648,2-s2.0-85219111846
34649,34650,2-s2.0-85219049266
34656,34657,2-s2.0-85218887527
34661,34662,2-s2.0-85218808585
34662,34663,2-s2.0-85218805449
34663,34664,2-s2.0-85218799229
34665,34666,2-s2.0-85218783731
34666,34667,2-s2.0-85218783652
34667,34668,2-s2.0-85218782782
34670,34671,2-s2.0-85218754293
34671,34672,2-s2.0-85218753641
34672,34673,2-s2.0-85218737034
34676,34677,2-s2.0-85218719277
34677,34678,2-s2.0-85218717671
34681,34682,2-s2.0-85218691570
34683,34684,2-s2.0-85218680276
34686,34687,2-s2.0-85218265362
34688,34689,2-s2.0-85218253422
34689,34690,2-s2.0-85218176490
34691,34692,2-s2.0-85218151466
34695,34696,2-s2.0-85218105209
34696,34697,2-s2.0-85218081712
34697,34698,2-s2.0-85218073296
34698,34699,2-s2.0-85218066722
34699,34700,2-s2.0-85218060149
34700,34701,2-s2.0-85218060103
34701,34702,2-s2.0-85218058581
34703,34704,2-s2.0-85218016712
34705,34706,2-s2.0-85217959105
34708,34709,2-s2.0-85217877863
34709,34710,2-s2.0-85217875795
34711,34712,2-s2.0-85217855585
34712,34713,2-s2.0-85217849253
34714,34715,2-s2.0-85217845370
34717,34718,2-s2.0-85217808218
34719,34720,2-s2.0-85217718313
34720,34721,2-s2.0-85217694511
34722,34723,2-s2.0-85217669823
34725,34726,2-s2.0-85217649682
34727,34728,2-s2.0-85217642684
34729,34730,2-s2.0-85217624492
34731,34732,2-s2.0-85217575637
34732,34733,2-s2.0-85217551506
34734,34735,2-s2.0-85217521472
34735,34736,2-s2.0-85217483850
34736,34737,2-s2.0-85217458179
34739,34740,2-s2.0-85217424666
34740,34741,2-s2.0-85217396253
34743,34744,2-s2.0-85217323451
34744,34745,2-s2.0-85217298590
34746,34747,2-s2.0-85217245710
34748,34749,2-s2.0-85217206319
34750,34751,2-s2.0-85217187320
34753,34754,2-s2.0-85217174881
34754,34755,2-s2.0-85217169257
34756,34757,2-s2.0-85217157913
34759,34760,2-s2.0-85217117535
34761,34762,2-s2.0-85217107965
34762,34763,2-s2.0-85217104829
34763,34764,2-s2.0-85217101820
34766,34767,2-s2.0-85217060543
34767,34768,2-s2.0-85217058469
34768,34769,2-s2.0-85217050624
34769,34770,2-s2.0-85217040459
34770,34771,2-s2.0-85217035199
34771,34772,2-s2.0-85217028366
34772,34773,2-s2.0-85217026328
34774,34775,2-s2.0-85217022217
34775,34776,2-s2.0-85217012391
34776,34777,2-s2.0-85216967665
34778,34779,2-s2.0-85216859634
34779,34780,2-s2.0-85216853727
34784,34785,2-s2.0-85216793990
34787,34788,2-s2.0-85216746681
34788,34789,2-s2.0-85216715359
34789,34790,2-s2.0-85216702547
34790,34791,2-s2.0-85216663733
34791,34792,2-s2.0-85216653434
34792,34793,2-s2.0-85216652388
34793,34794,2-s2.0-85216650600
34795,34796,2-s2.0-85216623903
34796,34797,2-s2.0-85216546702
34799,34800,2-s2.0-85216469392
34801,34802,2-s2.0-85216447284
34804,34805,2-s2.0-85216385176
34807,34808,2-s2.0-85216347857
34808,34809,2-s2.0-85216293755
34809,34810,2-s2.0-85216232702
34810,34811,2-s2.0-85216226552
34812,34813,2-s2.0-85216198600
34813,34814,2-s2.0-85216095604
34814,34815,2-s2.0-85216072090
34816,34817,2-s2.0-85216010571
34822,34823,2-s2.0-85215953360
34824,34825,2-s2.0-85215944349
34825,34826,2-s2.0-85215941479
34827,34828,2-s2.0-85215935711
34830,34831,2-s2.0-85215855077
34831,34832,2-s2.0-85215828862
34832,34833,2-s2.0-85215799529
34840,34841,2-s2.0-85215530775
34843,34844,2-s2.0-85215524058
34844,34845,2-s2.0-85215522676
34846,34847,2-s2.0-85215502875
34848,34849,2-s2.0-85215415478
34853,34854,2-s2.0-85215130154
34857,34858,2-s2.0-85214991067
34860,34861,2-s2.0-85214927160
34867,34868,2-s2.0-85214764656
34868,34869,2-s2.0-85214759576
34870,34871,2-s2.0-85214580387
34871,34872,2-s2.0-85214532040
34873,34874,2-s2.0-85214519275
34875,34876,2-s2.0-85214427626
34883,34884,2-s2.0-85214381558
34885,34886,2-s2.0-85214374191
34886,34887,2-s2.0-85214297083
34891,34892,2-s2.0-85214113560
34893,34894,2-s2.0-85214101363
34894,34895,2-s2.0-85214095385
34896,34897,2-s2.0-85214002591
34897,34898,2-s2.0-85213962153
34902,34903,2-s2.0-85213844732
34906,34907,2-s2.0-85213686460
34907,34908,2-s2.0-85213682150
34908,34909,2-s2.0-85213535817
34909,34910,2-s2.0-85213461758
34911,34912,2-s2.0-85212986329
34912,34913,2-s2.0-85212968672
34913,34914,2-s2.0-85212936028
34914,34915,2-s2.0-85212850334
34915,34916,2-s2.0-85212786564
34916,34917,2-s2.0-85212753913
34917,34918,2-s2.0-85212680834
34918,34919,2-s2.0-85212541388
34923,34924,2-s2.0-85212322027
34924,34925,2-s2.0-85212316235
34927,34928,2-s2.0-85212193750
34928,34929,2-s2.0-85212153684
34929,34930,2-s2.0-85212152150
34930,34931,2-s2.0-85211967268
34932,34933,2-s2.0-85211808376
34935,34936,2-s2.0-85211362221
34937,34938,2-s2.0-85211237622
34938,34939,2-s2.0-85211142663
34940,34941,2-s2.0-85210560855
34943,34944,2-s2.0-85210150799
34945,34946,2-s2.0-85210094811
34948,34949,2-s2.0-85210001291
34949,34950,2-s2.0-85209945853
34950,34951,2-s2.0-85209921681
34951,34952,2-s2.0-85209906843
34956,34957,2-s2.0-85209594393
34957,34958,2-s2.0-85209589973
34962,34963,2-s2.0-85208623551
34964,34965,2-s2.0-85208440978
34965,34966,2-s2.0-85208191250
34969,34970,2-s2.0-85207831596
34974,34975,2-s2.0-85207262052
34975,34976,2-s2.0-85207247326
34980,34981,2-s2.0-85206582482
34981,34982,2-s2.0-85206486761
34982,34983,2-s2.0-85206482485
34983,34984,2-s2.0-85206482330
34986,34987,2-s2.0-85206456754
34987,34988,2-s2.0-85206379884
34990,34991,2-s2.0-85205282754
34996,34997,2-s2.0-85204063382
34998,34999,2-s2.0-85203975622
35001,35002,2-s2.0-85203396832
35003,35004,2-s2.0-85203183042
35004,35005,2-s2.0-85202913206
35007,35008,2-s2.0-85202507316
35008,35009,2-s2.0-85201822905
35009,35010,2-s2.0-85201098564
35010,35011,2-s2.0-85200206068
35011,35012,2-s2.0-85200205338
35012,35013,2-s2.0-85199859994
35014,35015,2-s2.0-85199397295
35015,35016,2-s2.0-85199388952
35018,35019,2-s2.0-85199321923
35019,35020,2-s2.0-85198828795
35020,35021,2-s2.0-85198742195
35024,35025,2-s2.0-85197627293
35025,35026,2-s2.0-85197625922
35026,35027,2-s2.0-85197562966
35028,35029,2-s2.0-85196093295
35033,35034,2-s2.0-85195120876
35038,35039,2-s2.0-85192195716
35039,35040,2-s2.0-85190996608
35040,35041,2-s2.0-85190977612
35045,35046,2-s2.0-85189499913
35046,35047,2-s2.0-85189140557
35047,35048,2-s2.0-85188997720
35048,35049,2-s2.0-85188473784
35050,35051,2-s2.0-85187489730
35051,35052,2-s2.0-85186545726
35052,35053,2-s2.0-85186543344
35056,35057,2-s2.0-85185259863
35057,35058,2-s2.0-85184443244
35058,35059,2-s2.0-85182486745
35060,35061,2-s2.0-85182237613
35062,35063,2-s2.0-85181699369
35064,35065,2-s2.0-85179963773
35069,35070,2-s2.0-85174523718
35070,35071,2-s2.0-85174231138
35074,35075,2-s2.0-85173507104
35076,35077,2-s2.0-85170833519
35079,35080,2-s2.0-85162996843
35080,35081,2-s2.0-85162971300
35081,35082,2-s2.0-85158833436
35083,35084,2-s2.0-85150876030
35092,35093,2-s2.0-105013802558
35093,35094,2-s2.0-105013802106
35095,35096,2-s2.0-105013795889
35096,35097,2-s2.0-105013790379
35100,35101,2-s2.0-105013781244
35105,35106,2-s2.0-105013761143
35109,35110,2-s2.0-105013756425
35112,35113,2-s2.0-105013742409
35113,35114,2-s2.0-105013742337
35114,35115,2-s2.0-105013730700
35115,35116,2-s2.0-105013719772
35117,35118,2-s2.0-105013698976
35118,35119,2-s2.0-105013698238
35119,35120,2-s2.0-105013661403
35122,35123,2-s2.0-105013655263
35123,35124,2-s2.0-105013648795
35124,35125,2-s2.0-105013641681
35125,35126,2-s2.0-105013635092
35127,35128,2-s2.0-105013618998
35130,35131,2-s2.0-105013588392
35132,35133,2-s2.0-105013585197
35133,35134,2-s2.0-105013584768
35136,35137,2-s2.0-105013581632
35137,35138,2-s2.0-105013580925
35138,35139,2-s2.0-105013576094
35140,35141,2-s2.0-105013570504
35141,35142,2-s2.0-105013564893
35142,35143,2-s2.0-105013564607
35143,35144,2-s2.0-105013564437
35145,35146,2-s2.0-105013563270
35146,35147,2-s2.0-105013561752
35147,35148,2-s2.0-105013558714
35148,35149,2-s2.0-105013557750
35149,35150,2-s2.0-105013557681
35153,35154,2-s2.0-105013552106
35154,35155,2-s2.0-105013546364
35155,35156,2-s2.0-105013542758
35156,35157,2-s2.0-105013540319
35158,35159,2-s2.0-105013539668
35159,35160,2-s2.0-105013539468
35163,35164,2-s2.0-105013538214
35164,35165,2-s2.0-105013537615
35165,35166,2-s2.0-105013537576
35166,35167,2-s2.0-105013537543
35167,35168,2-s2.0-105013537144
35170,35171,2-s2.0-105013507083
35172,35173,2-s2.0-105013481155
35173,35174,2-s2.0-105013468093
35179,35180,2-s2.0-105013379814
35182,35183,2-s2.0-105013349733
35184,35185,2-s2.0-105013329663
35187,35188,2-s2.0-105013238756
35190,35191,2-s2.0-105013178697
35191,35192,2-s2.0-105013168139
35196,35197,2-s2.0-105013138280
35197,35198,2-s2.0-105013133910
35206,35207,2-s2.0-105013116352
35208,35209,2-s2.0-105013104931
35210,35211,2-s2.0-105013101068
35213,35214,2-s2.0-105013088670
35214,35215,2-s2.0-105013087629
35215,35216,2-s2.0-105013087158
35218,35219,2-s2.0-105013078743
35222,35223,2-s2.0-105013028006
35223,35224,2-s2.0-105013027907
35224,35225,2-s2.0-105013027591
35225,35226,2-s2.0-105013027189
35226,35227,2-s2.0-105013027090
35228,35229,2-s2.0-105013023489
35229,35230,2-s2.0-105013022604
35231,35232,2-s2.0-105013021311
35233,35234,2-s2.0-105013021018
35236,35237,2-s2.0-105013019505
35237,35238,2-s2.0-105013002580
35238,35239,2-s2.0-105012990911
35241,35242,2-s2.0-105012980822
35243,35244,2-s2.0-105012977580
35244,35245,2-s2.0-105012976436
35245,35246,2-s2.0-105012969769
35246,35247,2-s2.0-105012961815
35251,35252,2-s2.0-105012953734
35252,35253,2-s2.0-105012952759
35254,35255,2-s2.0-105012929283
35256,35257,2-s2.0-105012921843
35258,35259,2-s2.0-105012908288
35259,35260,2-s2.0-105012882112
35260,35261,2-s2.0-105012874767
35261,35262,2-s2.0-105012873085
35262,35263,2-s2.0-105012870211
35264,35265,2-s2.0-105012855154
35266,35267,2-s2.0-105012834714
35268,35269,2-s2.0-105012761797
35269,35270,2-s2.0-105012745269
35270,35271,2-s2.0-105012732113
35271,35272,2-s2.0-105012707736
35277,35278,2-s2.0-105012684996
35281,35282,2-s2.0-105012666297
35282,35283,2-s2.0-105012655766
35284,35285,2-s2.0-105012602662
35285,35286,2-s2.0-105012601655
35287,35288,2-s2.0-105012595061
35289,35290,2-s2.0-105012591090
35292,35293,2-s2.0-105012577480
35294,35295,2-s2.0-105012512699
35296,35297,2-s2.0-105012494096
35298,35299,2-s2.0-105012492027
35300,35301,2-s2.0-105012443243
35305,35306,2-s2.0-105012424215
35306,35307,2-s2.0-105012423560
35308,35309,2-s2.0-105012421764
35310,35311,2-s2.0-105012414780
35311,35312,2-s2.0-105012409378
35314,35315,2-s2.0-105012389286
35315,35316,2-s2.0-105012378727
35316,35317,2-s2.0-105012370171
35317,35318,2-s2.0-105012336496
35323,35324,2-s2.0-105012301778
35324,35325,2-s2.0-105012282322
35325,35326,2-s2.0-105012281314
35326,35327,2-s2.0-105012279890
35329,35330,2-s2.0-105012221208
35330,35331,2-s2.0-105012187478
35331,35332,2-s2.0-105012185104
35332,35333,2-s2.0-105012180231
35334,35335,2-s2.0-105012174749
35340,35341,2-s2.0-105012149604
35342,35343,2-s2.0-105012148965
35343,35344,2-s2.0-105012128063
35345,35346,2-s2.0-105012119285
35346,35347,2-s2.0-105012099356
35348,35349,2-s2.0-105012093719
35354,35355,2-s2.0-105012033563
35358,35359,2-s2.0-105012027508
35360,35361,2-s2.0-105012023891
35361,35362,2-s2.0-105012021241
35362,35363,2-s2.0-105012020203
35363,35364,2-s2.0-105012020127
35364,35365,2-s2.0-105012018968
35366,35367,2-s2.0-105011990177
35368,35369,2-s2.0-105011981889
35371,35372,2-s2.0-105011965279
35374,35375,2-s2.0-105011957072
35375,35376,2-s2.0-105011954450
35378,35379,2-s2.0-105011946178
35382,35383,2-s2.0-105011864139
35384,35385,2-s2.0-105011848801
35385,35386,2-s2.0-105011829085
35386,35387,2-s2.0-105011828967
35389,35390,2-s2.0-105011826102
35392,35393,2-s2.0-105011819601
35394,35395,2-s2.0-105011817993
35395,35396,2-s2.0-105011817210
35399,35400,2-s2.0-105011762038
35400,35401,2-s2.0-105011761191
35401,35402,2-s2.0-105011746043
35402,35403,2-s2.0-105011740049
35403,35404,2-s2.0-105011729388
35408,35409,2-s2.0-105011686677
35410,35411,2-s2.0-105011682700
35414,35415,2-s2.0-105011601017
35416,35417,2-s2.0-105011589261
35418,35419,2-s2.0-105011520983
35421,35422,2-s2.0-105011513881
35422,35423,2-s2.0-105011511922
35423,35424,2-s2.0-105011508913
35424,35425,2-s2.0-105011507996
35426,35427,2-s2.0-105011495012
35427,35428,2-s2.0-105011494857
35429,35430,2-s2.0-105011490290
35430,35431,2-s2.0-105011485707
35431,35432,2-s2.0-105011478693
35432,35433,2-s2.0-105011476092
35436,35437,2-s2.0-105011373104
35437,35438,2-s2.0-105011358069
35439,35440,2-s2.0-105011275677
35441,35442,2-s2.0-105011260487
35442,35443,2-s2.0-105011255775
35443,35444,2-s2.0-105011249305
35445,35446,2-s2.0-105011238001
35446,35447,2-s2.0-105011200980
35448,35449,2-s2.0-105011165981
35451,35452,2-s2.0-105011141745
35453,35454,2-s2.0-105011077584
35455,35456,2-s2.0-105011071575
35456,35457,2-s2.0-105011062989
35458,35459,2-s2.0-105011060391
35459,35460,2-s2.0-105011052586
35460,35461,2-s2.0-105011052349
35461,35462,2-s2.0-105011046427
35462,35463,2-s2.0-105011043830
35467,35468,2-s2.0-105010973137
35470,35471,2-s2.0-105010960039
35473,35474,2-s2.0-105010947741
35478,35479,2-s2.0-105010916722
35479,35480,2-s2.0-105010915393
35483,35484,2-s2.0-105010884641
35487,35488,2-s2.0-105010861695
35488,35489,2-s2.0-105010856001
35491,35492,2-s2.0-105010768954
35493,35494,2-s2.0-105010723976
35495,35496,2-s2.0-105010703357
35499,35500,2-s2.0-105010687279
35500,35501,2-s2.0-105010684372
35501,35502,2-s2.0-105010680857
35506,35507,2-s2.0-105010608724
35507,35508,2-s2.0-105010604690
35510,35511,2-s2.0-105010597534
35515,35516,2-s2.0-105010544508
35516,35517,2-s2.0-105010523977
35518,35519,2-s2.0-105010495561
35520,35521,2-s2.0-105010428637
35521,35522,2-s2.0-105010428111
35522,35523,2-s2.0-105010428099
35523,35524,2-s2.0-105010413422
35525,35526,2-s2.0-105010345514
35528,35529,2-s2.0-105010261920
35531,35532,2-s2.0-105010201996
35532,35533,2-s2.0-105010182046
35535,35536,2-s2.0-105010130843
35536,35537,2-s2.0-105010115987
35537,35538,2-s2.0-105010098175
35538,35539,2-s2.0-105010094404
35540,35541,2-s2.0-105010058898
35542,35543,2-s2.0-105010044866
35544,35545,2-s2.0-105010005601
35546,35547,2-s2.0-105009990855
35547,35548,2-s2.0-105009984175
35549,35550,2-s2.0-105009957651
35551,35552,2-s2.0-105009908854
35552,35553,2-s2.0-105009903035
35553,35554,2-s2.0-105009899502
35556,35557,2-s2.0-105009882680
35565,35566,2-s2.0-105009754509
35574,35575,2-s2.0-105009550216
35582,35583,2-s2.0-105009523480
35583,35584,2-s2.0-105009507853
35586,35587,2-s2.0-105009502294
35587,35588,2-s2.0-105009501116
35588,35589,2-s2.0-105009495709
35590,35591,2-s2.0-105009466652
35593,35594,2-s2.0-105009405354
35595,35596,2-s2.0-105009403474
35599,35600,2-s2.0-105009359605
35601,35602,2-s2.0-105009336668
35602,35603,2-s2.0-105009333607
35603,35604,2-s2.0-105009332135
35604,35605,2-s2.0-105009328121
35605,35606,2-s2.0-105009300979
35607,35608,2-s2.0-105009286698
35609,35610,2-s2.0-105009271661
35616,35617,2-s2.0-105009236527
35617,35618,2-s2.0-105009232786
35618,35619,2-s2.0-105009230451
35620,35621,2-s2.0-105009226348
35625,35626,2-s2.0-105009222892
35626,35627,2-s2.0-105009221150
35627,35628,2-s2.0-105009215288
35632,35633,2-s2.0-105009119821
35633,35634,2-s2.0-105009115612
35634,35635,2-s2.0-105009113378
35636,35637,2-s2.0-105009094286
35638,35639,2-s2.0-105009080540
35639,35640,2-s2.0-105009079207
35641,35642,2-s2.0-105009074508
35642,35643,2-s2.0-105009073975
35645,35646,2-s2.0-105009032013
35647,35648,2-s2.0-105008985797
35648,35649,2-s2.0-105008945742
35649,35650,2-s2.0-105008943686
35650,35651,2-s2.0-105008941837
35652,35653,2-s2.0-105008869223
35653,35654,2-s2.0-105008866930
35654,35655,2-s2.0-105008861796
35655,35656,2-s2.0-105008809759
35661,35662,2-s2.0-105008751699
35665,35666,2-s2.0-105008673853
35666,35667,2-s2.0-105008673286
35668,35669,2-s2.0-105008669710
35672,35673,2-s2.0-105008578014
35673,35674,2-s2.0-105008555559
35677,35678,2-s2.0-105008516937
35678,35679,2-s2.0-105008509540
35679,35680,2-s2.0-105008505214
35680,35681,2-s2.0-105008504438
35682,35683,2-s2.0-105008490732
35683,35684,2-s2.0-105008482396
35686,35687,2-s2.0-105008451929
35687,35688,2-s2.0-105008444384
35690,35691,2-s2.0-105008387621
35692,35693,2-s2.0-105008371306
35693,35694,2-s2.0-105008348408
35694,35695,2-s2.0-105008321910
35695,35696,2-s2.0-105008317449
35697,35698,2-s2.0-105008300429
35699,35700,2-s2.0-105008285547
35700,35701,2-s2.0-105008274636
35701,35702,2-s2.0-105008267365
35702,35703,2-s2.0-105008265847
35708,35709,2-s2.0-105008229215
35709,35710,2-s2.0-105008228935
35710,35711,2-s2.0-105008228602
35712,35713,2-s2.0-105008226920
35713,35714,2-s2.0-105008224460
35716,35717,2-s2.0-105008220671
35720,35721,2-s2.0-105008212604
35721,35722,2-s2.0-105008212007
35722,35723,2-s2.0-105008211765
35724,35725,2-s2.0-105008210654
35725,35726,2-s2.0-105008208756
35726,35727,2-s2.0-105008207903
35727,35728,2-s2.0-105008207181
35729,35730,2-s2.0-105008206496
35730,35731,2-s2.0-105008205943
35733,35734,2-s2.0-105008204089
35734,35735,2-s2.0-105008203541
35740,35741,2-s2.0-105008197853
35742,35743,2-s2.0-105008196833
35743,35744,2-s2.0-105008195189
35747,35748,2-s2.0-105008188346
35748,35749,2-s2.0-105008186933
35749,35750,2-s2.0-105008186040
35750,35751,2-s2.0-105008186019
35751,35752,2-s2.0-105008185755
35753,35754,2-s2.0-105008183433
35756,35757,2-s2.0-105008180679
35759,35760,2-s2.0-105008177778
35761,35762,2-s2.0-105008177287
35762,35763,2-s2.0-105008176103
35763,35764,2-s2.0-105008175916
35765,35766,2-s2.0-105008132926
35767,35768,2-s2.0-105008095463
35768,35769,2-s2.0-105008020229
35770,35771,2-s2.0-105008001611
35771,35772,2-s2.0-105007985296
35775,35776,2-s2.0-105007914876
35777,35778,2-s2.0-105007908949
35778,35779,2-s2.0-105007908917
35779,35780,2-s2.0-105007903460
35781,35782,2-s2.0-105007873769
35783,35784,2-s2.0-105007844331
35784,35785,2-s2.0-105007816783
35785,35786,2-s2.0-105007815750
35787,35788,2-s2.0-105007797103
35789,35790,2-s2.0-105007777614
35790,35791,2-s2.0-105007769305
35791,35792,2-s2.0-105007766947
35796,35797,2-s2.0-105007702509
35798,35799,2-s2.0-105007686146
35799,35800,2-s2.0-105007675286
35801,35802,2-s2.0-105007666413
35804,35805,2-s2.0-105007627629
35805,35806,2-s2.0-105007627071
35806,35807,2-s2.0-105007579702
35807,35808,2-s2.0-105007577400
35809,35810,2-s2.0-105007558581
35815,35816,2-s2.0-105007524681
35816,35817,2-s2.0-105007516826
35821,35822,2-s2.0-105007434071
35825,35826,2-s2.0-105007412429
35826,35827,2-s2.0-105007412378
35835,35836,2-s2.0-105007348497
35837,35838,2-s2.0-105007345077
35838,35839,2-s2.0-105007338130
35841,35842,2-s2.0-105007318784
35842,35843,2-s2.0-105007315031
35843,35844,2-s2.0-105007307664
35849,35850,2-s2.0-105007243092
35850,35851,2-s2.0-105007241434
35852,35853,2-s2.0-105007216184
35854,35855,2-s2.0-105007195437
35857,35858,2-s2.0-105007172896
35859,35860,2-s2.0-105007146472
35860,35861,2-s2.0-105007145374
35861,35862,2-s2.0-105007142101
35862,35863,2-s2.0-105007139607
35863,35864,2-s2.0-105007108012
35864,35865,2-s2.0-105007107615
35865,35866,2-s2.0-105007106268
35868,35869,2-s2.0-105007088276
35872,35873,2-s2.0-105007039817
35877,35878,2-s2.0-105007009445
35881,35882,2-s2.0-105006985898
35883,35884,2-s2.0-105006975495
35885,35886,2-s2.0-105006939131
35886,35887,2-s2.0-105006930195
35887,35888,2-s2.0-105006917117
35888,35889,2-s2.0-105006915158
35890,35891,2-s2.0-105006902029
35891,35892,2-s2.0-105006901598
35892,35893,2-s2.0-105006893053
35894,35895,2-s2.0-105006886574
35897,35898,2-s2.0-105006874101
35898,35899,2-s2.0-105006867311
35900,35901,2-s2.0-105006845800
35901,35902,2-s2.0-105006832096
35902,35903,2-s2.0-105006830944
35903,35904,2-s2.0-105006828111
35907,35908,2-s2.0-105006817568
35909,35910,2-s2.0-105006816826
35910,35911,2-s2.0-105006815634
35911,35912,2-s2.0-105006811583
35914,35915,2-s2.0-105006805124
35915,35916,2-s2.0-105006790058
35919,35920,2-s2.0-105006769012
35921,35922,2-s2.0-105006745707
35922,35923,2-s2.0-105006739494
35923,35924,2-s2.0-105006698746
35924,35925,2-s2.0-105006688525
35925,35926,2-s2.0-105006664560
35928,35929,2-s2.0-105006625014
35929,35930,2-s2.0-105006585154
35934,35935,2-s2.0-105006514285
35935,35936,2-s2.0-105006476913
35938,35939,2-s2.0-105006463307
35940,35941,2-s2.0-105006420104
35941,35942,2-s2.0-105005987446
35942,35943,2-s2.0-105005980275
35943,35944,2-s2.0-105005969873
35944,35945,2-s2.0-105005946916
35946,35947,2-s2.0-105005922484
35949,35950,2-s2.0-105005905892
35951,35952,2-s2.0-105005901460
35952,35953,2-s2.0-105005898617
35953,35954,2-s2.0-105005893673
35955,35956,2-s2.0-105005872052
35956,35957,2-s2.0-105005865490
35958,35959,2-s2.0-105005850863
35960,35961,2-s2.0-105005845370
35961,35962,2-s2.0-105005841111
35962,35963,2-s2.0-105005833372
35963,35964,2-s2.0-105005832818
35964,35965,2-s2.0-105005810557
35965,35966,2-s2.0-105005806407
35966,35967,2-s2.0-105005802743
35967,35968,2-s2.0-105005798211
35969,35970,2-s2.0-105005785574
35970,35971,2-s2.0-105005782441
35971,35972,2-s2.0-105005781892
35972,35973,2-s2.0-105005778436
35973,35974,2-s2.0-105005766358
35974,35975,2-s2.0-105005762827
35975,35976,2-s2.0-105005760742
35976,35977,2-s2.0-105005724932
35977,35978,2-s2.0-105005721668
35978,35979,2-s2.0-105005719729
35979,35980,2-s2.0-105005714510
35981,35982,2-s2.0-105005706481
35982,35983,2-s2.0-105005690503
35984,35985,2-s2.0-105005633603
35986,35987,2-s2.0-105005593731
35989,35990,2-s2.0-105005590276
35990,35991,2-s2.0-105005583242
35993,35994,2-s2.0-105005544105
35994,35995,2-s2.0-105005542657
35996,35997,2-s2.0-105005541839
35998,35999,2-s2.0-105005443412
36004,36005,2-s2.0-105005361535
36005,36006,2-s2.0-105005291625
36006,36007,2-s2.0-105005281539
36007,36008,2-s2.0-105005257825
36009,36010,2-s2.0-105005244156
36010,36011,2-s2.0-105005231187
36013,36014,2-s2.0-105005169485
36014,36015,2-s2.0-105005166923
36015,36016,2-s2.0-105005162331
36016,36017,2-s2.0-105005160607
36019,36020,2-s2.0-105005142933
36020,36021,2-s2.0-105005141213
36023,36024,2-s2.0-105005138598
36024,36025,2-s2.0-105005138317
36025,36026,2-s2.0-105005134508
36026,36027,2-s2.0-105005119471
36029,36030,2-s2.0-105005087360
36030,36031,2-s2.0-105005069884
36032,36033,2-s2.0-105005062138
36035,36036,2-s2.0-105005056370
36036,36037,2-s2.0-105005054196
36038,36039,2-s2.0-105005045120
36039,36040,2-s2.0-105005043285
36040,36041,2-s2.0-105005034130
36043,36044,2-s2.0-105005030656
36044,36045,2-s2.0-105005024656
36045,36046,2-s2.0-105005008494
36048,36049,2-s2.0-105004984488
36049,36050,2-s2.0-105004983038
36052,36053,2-s2.0-105004977354
36055,36056,2-s2.0-105004947894
36056,36057,2-s2.0-105004929574
36060,36061,2-s2.0-105004878244
36062,36063,2-s2.0-105004836997
36064,36065,2-s2.0-105004793758
36066,36067,2-s2.0-105004777529
36069,36070,2-s2.0-105004772788
36070,36071,2-s2.0-105004736632
36072,36073,2-s2.0-105004640282
36073,36074,2-s2.0-105004638952
36075,36076,2-s2.0-105004629059
36077,36078,2-s2.0-105004622623
36078,36079,2-s2.0-105004622180
36079,36080,2-s2.0-105004621183
36080,36081,2-s2.0-105004617080
36082,36083,2-s2.0-105004616319
36083,36084,2-s2.0-105004612553
36090,36091,2-s2.0-105004597181
36091,36092,2-s2.0-105004597031
36093,36094,2-s2.0-105004554963
36097,36098,2-s2.0-105004479762
36098,36099,2-s2.0-105004477080
36100,36101,2-s2.0-105004471986
36101,36102,2-s2.0-105004452367
36102,36103,2-s2.0-105004451568
36104,36105,2-s2.0-105004448375
36105,36106,2-s2.0-105004437107
36108,36109,2-s2.0-105004428858
36109,36110,2-s2.0-105004371149
36110,36111,2-s2.0-105004370802
36111,36112,2-s2.0-105004362790
36113,36114,2-s2.0-105004348391
36114,36115,2-s2.0-105004346638
36117,36118,2-s2.0-105004340736
36118,36119,2-s2.0-105004292368
36120,36121,2-s2.0-105004266737
36124,36125,2-s2.0-105004221716
36126,36127,2-s2.0-105004171844
36129,36130,2-s2.0-105004072120
36131,36132,2-s2.0-105004052514
36132,36133,2-s2.0-105004050402
36133,36134,2-s2.0-105004046340
36135,36136,2-s2.0-105004037533
36137,36138,2-s2.0-105004008071
36138,36139,2-s2.0-105004007671
36140,36141,2-s2.0-105004006047
36141,36142,2-s2.0-105004005541
36144,36145,2-s2.0-105003998590
36145,36146,2-s2.0-105003975339
36147,36148,2-s2.0-105003936393
36150,36151,2-s2.0-105003909453
36152,36153,2-s2.0-105003902950
36155,36156,2-s2.0-105003843969
36158,36159,2-s2.0-105003774979
36159,36160,2-s2.0-105003772481
36163,36164,2-s2.0-105003766520
36166,36167,2-s2.0-105003736714
36167,36168,2-s2.0-105003733763
36173,36174,2-s2.0-105003701323
36174,36175,2-s2.0-105003693385
36175,36176,2-s2.0-105003677637
36176,36177,2-s2.0-105003655754
36178,36179,2-s2.0-105003641921
36179,36180,2-s2.0-105003640984
36181,36182,2-s2.0-105003640136
36182,36183,2-s2.0-105003639976
36183,36184,2-s2.0-105003639702
36184,36185,2-s2.0-105003639080
36187,36188,2-s2.0-105003633443
36188,36189,2-s2.0-105003631528
36195,36196,2-s2.0-105003626445
36197,36198,2-s2.0-105003625576
36198,36199,2-s2.0-105003624293
36199,36200,2-s2.0-105003589022
36204,36205,2-s2.0-105003492885
36205,36206,2-s2.0-105003452841
36210,36211,2-s2.0-105003426144
36214,36215,2-s2.0-105003400875
36215,36216,2-s2.0-105003396789
36216,36217,2-s2.0-105003393816
36219,36220,2-s2.0-105003376083
36221,36222,2-s2.0-105003338507
36223,36224,2-s2.0-105003323700
36227,36228,2-s2.0-105003255414
36232,36233,2-s2.0-105003238528
36233,36234,2-s2.0-105003236184
36234,36235,2-s2.0-105003232607
36238,36239,2-s2.0-105003204606
36239,36240,2-s2.0-105003196294
36240,36241,2-s2.0-105003195505
36247,36248,2-s2.0-105003151537
36248,36249,2-s2.0-105003148370
36250,36251,2-s2.0-105003134020
36251,36252,2-s2.0-105003129899
36252,36253,2-s2.0-105003108266
36253,36254,2-s2.0-105003088158
36255,36256,2-s2.0-105003045880
36257,36258,2-s2.0-105002972969
36258,36259,2-s2.0-105002972886
36259,36260,2-s2.0-105002970031
36261,36262,2-s2.0-105002811921
36262,36263,2-s2.0-105002790128
36263,36264,2-s2.0-105002789450
36265,36266,2-s2.0-105002772886
36266,36267,2-s2.0-105002767616
36267,36268,2-s2.0-105002763771
36268,36269,2-s2.0-105002763703
36269,36270,2-s2.0-105002760617
36272,36273,2-s2.0-105002731588
36274,36275,2-s2.0-105002729923
36276,36277,2-s2.0-105002707527
36278,36279,2-s2.0-105002696014
36281,36282,2-s2.0-105002677973
36285,36286,2-s2.0-105002619195
36289,36290,2-s2.0-105002590405
36291,36292,2-s2.0-105002538954
36292,36293,2-s2.0-105002528863
36297,36298,2-s2.0-105002458453
36298,36299,2-s2.0-105002452777
36299,36300,2-s2.0-105002439415
36300,36301,2-s2.0-105002437290
36307,36308,2-s2.0-105002407514
36312,36313,2-s2.0-105002356083
36313,36314,2-s2.0-105002338661
36314,36315,2-s2.0-105002322110
36316,36317,2-s2.0-105002273842
36317,36318,2-s2.0-105002266986
36320,36321,2-s2.0-105002230738
36325,36326,2-s2.0-105002170344
36327,36328,2-s2.0-105002162444
36328,36329,2-s2.0-105002153633
36329,36330,2-s2.0-105002133234
36332,36333,2-s2.0-105002054193
36336,36337,2-s2.0-105002042191
36338,36339,2-s2.0-105002006602
36339,36340,2-s2.0-105002005141
36342,36343,2-s2.0-105001993001
36343,36344,2-s2.0-105001990790
36344,36345,2-s2.0-105001990229
36345,36346,2-s2.0-105001988805
36347,36348,2-s2.0-105001977097
36348,36349,2-s2.0-105001975571
36350,36351,2-s2.0-105001951012
36354,36355,2-s2.0-105001938379
36355,36356,2-s2.0-105001936163
36357,36358,2-s2.0-105001877302
36360,36361,2-s2.0-105001845478
36361,36362,2-s2.0-105001844963
36362,36363,2-s2.0-105001838973
36363,36364,2-s2.0-105001832197
36365,36366,2-s2.0-105001828787
36366,36367,2-s2.0-105001825103
36368,36369,2-s2.0-105001821275
36369,36370,2-s2.0-105001806298
36370,36371,2-s2.0-105001803281
36371,36372,2-s2.0-105001801363
36373,36374,2-s2.0-105001798868
36374,36375,2-s2.0-105001797992
36375,36376,2-s2.0-105001745708
36381,36382,2-s2.0-105001681355
36382,36383,2-s2.0-105001678292
36384,36385,2-s2.0-105001639890
36389,36390,2-s2.0-105001570449
36392,36393,2-s2.0-105001546064
36394,36395,2-s2.0-105001507255
36395,36396,2-s2.0-105001504538
36396,36397,2-s2.0-105001498000
36398,36399,2-s2.0-105001487206
36399,36400,2-s2.0-105001481214
36400,36401,2-s2.0-105001474432
36401,36402,2-s2.0-105001473107
36404,36405,2-s2.0-105001427757
36407,36408,2-s2.0-105001415651
36408,36409,2-s2.0-105001414368
36409,36410,2-s2.0-105001414169
36410,36411,2-s2.0-105001410926
36411,36412,2-s2.0-105001391464
36412,36413,2-s2.0-105001387626
36414,36415,2-s2.0-105001381647
36415,36416,2-s2.0-105001370202
36416,36417,2-s2.0-105001369923
36417,36418,2-s2.0-105001364265
36418,36419,2-s2.0-105001362508
36419,36420,2-s2.0-105001357991
36421,36422,2-s2.0-105001350806
36423,36424,2-s2.0-105001343113
36424,36425,2-s2.0-105001341510
36429,36430,2-s2.0-105001310082
36431,36432,2-s2.0-105001294565
36432,36433,2-s2.0-105001293038
36435,36436,2-s2.0-105001262708
36437,36438,2-s2.0-105001256732
36440,36441,2-s2.0-105001230545
36443,36444,2-s2.0-105001198601
36446,36447,2-s2.0-105001169947
36448,36449,2-s2.0-105001139977
36450,36451,2-s2.0-105001132200
36451,36452,2-s2.0-105001117325
36454,36455,2-s2.0-105001072245
36455,36456,2-s2.0-105001070652
36457,36458,2-s2.0-105001048707
36458,36459,2-s2.0-105001044227
36462,36463,2-s2.0-105000989431
36465,36466,2-s2.0-105000951530
36467,36468,2-s2.0-105000931614
36470,36471,2-s2.0-105000826723
36474,36475,2-s2.0-105000727660
36475,36476,2-s2.0-105000723912
36476,36477,2-s2.0-105000723253
36480,36481,2-s2.0-105000613772
36482,36483,2-s2.0-105000555717
36484,36485,2-s2.0-105000544542
36485,36486,2-s2.0-105000522557
36486,36487,2-s2.0-105000501328
36491,36492,2-s2.0-105000448073
36492,36493,2-s2.0-105000433464
36493,36494,2-s2.0-105000416601
36496,36497,2-s2.0-105000305589
36497,36498,2-s2.0-105000299113
36498,36499,2-s2.0-105000283184
36500,36501,2-s2.0-105000254384
36501,36502,2-s2.0-105000232689
36505,36506,2-s2.0-105000169453
36509,36510,2-s2.0-105000137320
36510,36511,2-s2.0-105000126524
36512,36513,2-s2.0-105000113787
36513,36514,2-s2.0-105000104479
36515,36516,2-s2.0-105000080050
36517,36518,2-s2.0-105000077593
36519,36520,2-s2.0-105000018594
36520,36521,2-s2.0-105000017090
36521,36522,2-s2.0-85215093662
36523,36524,2-s2.0-85214879236
36524,36525,2-s2.0-85203641512
36527,36528,2-s2.0-105002650104
36528,36529,2-s2.0-105002549584
36530,36531,2-s2.0-85213521280
36531,36532,2-s2.0-105012985368
36533,36534,2-s2.0-85212008136
36535,36536,2-s2.0-85212019769
36536,36537,2-s2.0-85210027960
36538,36539,2-s2.0-105008607525
36541,36542,2-s2.0-105008595697
36543,36544,2-s2.0-105007685517
36544,36545,2-s2.0-85219616355
36545,36546,2-s2.0-85213032048
36547,36548,2-s2.0-105007585750
36548,36549,2-s2.0-85209952664
36549,36550,2-s2.0-85206961741
36550,36551,2-s2.0-85218853059
36552,36553,2-s2.0-85214725280
36553,36554,2-s2.0-85212978236
36560,36561,2-s2.0-85212960417
36561,36562,2-s2.0-85212955731
36562,36563,2-s2.0-85212955139
36564,36565,2-s2.0-85212933574
36565,36566,2-s2.0-85212931350
36567,36568,2-s2.0-85212925255
36568,36569,2-s2.0-85212923150
36569,36570,2-s2.0-85211047484
36570,36571,2-s2.0-105005817818
36571,36572,2-s2.0-86000718171
36573,36574,2-s2.0-86000524785
36575,36576,2-s2.0-85218848369
36577,36578,2-s2.0-85218462356
36581,36582,2-s2.0-85217703115
36583,36584,2-s2.0-85217577841
36584,36585,2-s2.0-85217523937
36585,36586,2-s2.0-85217407195
36587,36588,2-s2.0-85217242337
36588,36589,2-s2.0-85216976808
36589,36590,2-s2.0-85216879620
36590,36591,2-s2.0-85216326919
36594,36595,2-s2.0-85215072231
36596,36597,2-s2.0-85214707654
36597,36598,2-s2.0-85214429606
36600,36601,2-s2.0-85213826896
36603,36604,2-s2.0-85213481750
36607,36608,2-s2.0-85213457929
36609,36610,2-s2.0-85213430802
36610,36611,2-s2.0-85213429789
36611,36612,2-s2.0-85213417806
36612,36613,2-s2.0-85213411121
36613,36614,2-s2.0-85213293032
36615,36616,2-s2.0-85213017699
36617,36618,2-s2.0-85212972077
36620,36621,2-s2.0-85212796828
36621,36622,2-s2.0-85212705090
36625,36626,2-s2.0-85212656242
36626,36627,2-s2.0-85212624625
36627,36628,2-s2.0-85212622017
36631,36632,2-s2.0-85212520634
36635,36636,2-s2.0-85212154698
36636,36637,2-s2.0-85212074891
36641,36642,2-s2.0-85211781929
36642,36643,2-s2.0-85211771259
36643,36644,2-s2.0-85211768956
36645,36646,2-s2.0-85211466157
36647,36648,2-s2.0-85211373844
36649,36650,2-s2.0-85211187275
36651,36652,2-s2.0-85211172254
36654,36655,2-s2.0-85211143728
36655,36656,2-s2.0-85211134281
36656,36657,2-s2.0-85211129775
36659,36660,2-s2.0-85211108869
36660,36661,2-s2.0-85211088874
36663,36664,2-s2.0-85211011829
36665,36666,2-s2.0-85210997987
36666,36667,2-s2.0-85210961630
36667,36668,2-s2.0-85210944546
36668,36669,2-s2.0-85210941271
36672,36673,2-s2.0-85210525715
36673,36674,2-s2.0-85210391958
36674,36675,2-s2.0-85210179392
36675,36676,2-s2.0-85210172032
36676,36677,2-s2.0-85210069684
36677,36678,2-s2.0-85209912002
36678,36679,2-s2.0-85209895336
36682,36683,2-s2.0-85209711879
36684,36685,2-s2.0-85209585905
36685,36686,2-s2.0-85209536900
36686,36687,2-s2.0-85209481089
36688,36689,2-s2.0-85209382111
36689,36690,2-s2.0-85209195857
36691,36692,2-s2.0-85209173802
36692,36693,2-s2.0-85209152948
36693,36694,2-s2.0-85208765690
36695,36696,2-s2.0-85208602816
36699,36700,2-s2.0-85208175711
36703,36704,2-s2.0-85208127099
36705,36706,2-s2.0-85208062359
36709,36710,2-s2.0-85207812188
36711,36712,2-s2.0-85207685151
36712,36713,2-s2.0-85207430447
36715,36716,2-s2.0-85206913895
36716,36717,2-s2.0-85206850227
36717,36718,2-s2.0-85206832953
36718,36719,2-s2.0-85206805101
36719,36720,2-s2.0-85206799224
36720,36721,2-s2.0-85206620827
36721,36722,2-s2.0-85206540609
36724,36725,2-s2.0-85206183215
36726,36727,2-s2.0-85206015228
36727,36728,2-s2.0-85205997554
36730,36731,2-s2.0-85205861891
36731,36732,2-s2.0-85205841661
36732,36733,2-s2.0-85205788748
36741,36742,2-s2.0-85205264113
36744,36745,2-s2.0-85205214165
36745,36746,2-s2.0-85205136857
36748,36749,2-s2.0-85204777872
36749,36750,2-s2.0-85204756746
36752,36753,2-s2.0-85204550051
36754,36755,2-s2.0-85204313587
36756,36757,2-s2.0-85204281938
36759,36760,2-s2.0-85204176996
36763,36764,2-s2.0-85203966535
36764,36765,2-s2.0-85203703607
36767,36768,2-s2.0-85203534726
36768,36769,2-s2.0-85203310807
36769,36770,2-s2.0-85203258184
36770,36771,2-s2.0-85203236984
36771,36772,2-s2.0-85203124307
36772,36773,2-s2.0-85203021780
36773,36774,2-s2.0-85203013714
36776,36777,2-s2.0-85202741145
36777,36778,2-s2.0-85202478874
36778,36779,2-s2.0-85202166328
36779,36780,2-s2.0-85202070528
36784,36785,2-s2.0-85201357035
36786,36787,2-s2.0-85201303293
36787,36788,2-s2.0-85201274117
36789,36790,2-s2.0-85200040636
36792,36793,2-s2.0-85199147332
36793,36794,2-s2.0-85199078107
36794,36795,2-s2.0-85199009121
36796,36797,2-s2.0-85198391175
36799,36800,2-s2.0-85198083060
36800,36801,2-s2.0-85197850548
36801,36802,2-s2.0-85197727802
36804,36805,2-s2.0-85197379395
36805,36806,2-s2.0-85197228845
36806,36807,2-s2.0-85196804274
36808,36809,2-s2.0-85196657896
36811,36812,2-s2.0-85196097829
36813,36814,2-s2.0-85195865789
36817,36818,2-s2.0-85195276360
36819,36820,2-s2.0-85194838950
36822,36823,2-s2.0-85192814864
36824,36825,2-s2.0-85192530359
36829,36830,2-s2.0-85191174182
36830,36831,2-s2.0-85191048905
36831,36832,2-s2.0-85190774805
36836,36837,2-s2.0-85189649500
36838,36839,2-s2.0-85189186346
36844,36845,2-s2.0-85188174062
36846,36847,2-s2.0-85188052175
36847,36848,2-s2.0-85187876897
36850,36851,2-s2.0-85186581331
36852,36853,2-s2.0-85185924944
36854,36855,2-s2.0-85185306414
36856,36857,2-s2.0-85185135332
36857,36858,2-s2.0-85184921515
36859,36860,2-s2.0-85183016659
36860,36861,2-s2.0-85182993005
36861,36862,2-s2.0-85182989808
36866,36867,2-s2.0-85176790339
36867,36868,2-s2.0-85175968068
36870,36871,2-s2.0-85173060620
36871,36872,2-s2.0-85171465313
36872,36873,2-s2.0-85171376505
36880,36881,2-s2.0-85161520884
36883,36884,2-s2.0-85140114035
36884,36885,2-s2.0-105011382048
36889,36890,2-s2.0-105005599171
36890,36891,2-s2.0-105003950087
36892,36893,2-s2.0-105000837590
36893,36894,2-s2.0-105000760763
36894,36895,2-s2.0-105000325238
36896,36897,2-s2.0-105000230717
36897,36898,2-s2.0-105000221747
36898,36899,2-s2.0-85212520370
36902,36903,2-s2.0-86000207331
36903,36904,2-s2.0-85212155313
36904,36905,2-s2.0-85212056048
36905,36906,2-s2.0-85198625198
36908,36909,2-s2.0-85210819430
36910,36911,2-s2.0-85212910896
36911,36912,2-s2.0-85212901980
36913,36914,2-s2.0-85212896108
36916,36917,2-s2.0-85210503719
36921,36922,2-s2.0-85199579382
36922,36923,2-s2.0-85215709701
36923,36924,2-s2.0-85215708516
36925,36926,2-s2.0-85215692599
36929,36930,2-s2.0-85210261794
36932,36933,2-s2.0-85210243867
36934,36935,2-s2.0-85208648806
36935,36936,2-s2.0-85208642142
36936,36937,2-s2.0-85208641553
36938,36939,2-s2.0-85208171952
36939,36940,2-s2.0-85086800746
36940,36941,2-s2.0-85215511661
36941,36942,2-s2.0-85208390971
36942,36943,2-s2.0-85207123710
36943,36944,2-s2.0-85206263753
36944,36945,2-s2.0-85195281649
36945,36946,2-s2.0-85219321310
36951,36952,2-s2.0-85215603309
36952,36953,2-s2.0-85215602275
36955,36956,2-s2.0-85215592053
36958,36959,2-s2.0-85215579803
36961,36962,2-s2.0-85215571850
36962,36963,2-s2.0-85215559728
36967,36968,2-s2.0-85212048475
36969,36970,2-s2.0-85211577384
36970,36971,2-s2.0-85211172199
36971,36972,2-s2.0-85211162598
36972,36973,2-s2.0-85211152469
36977,36978,2-s2.0-85210906594
36978,36979,2-s2.0-85210902993
36981,36982,2-s2.0-85210559003
36982,36983,2-s2.0-85210439345
36990,36991,2-s2.0-85210171877
36994,36995,2-s2.0-85209779771
36995,36996,2-s2.0-85209772554
36997,36998,2-s2.0-85208943855
36998,36999,2-s2.0-85208756370
36999,37000,2-s2.0-85208617439
37001,37002,2-s2.0-85208436493
37003,37004,2-s2.0-85207893398
37005,37006,2-s2.0-85206477784
37006,37007,2-s2.0-85205460951
37009,37010,2-s2.0-85204364005
37010,37011,2-s2.0-85204356413
37012,37013,2-s2.0-85203549277
37013,37014,2-s2.0-85203307606
37015,37016,2-s2.0-85203142636
37016,37017,2-s2.0-85203128067
37017,37018,2-s2.0-85203070864
37020,37021,2-s2.0-85201979461
37024,37025,2-s2.0-85201928066
37025,37026,2-s2.0-85201823525
37029,37030,2-s2.0-85200944971
37030,37031,2-s2.0-85200887465
37031,37032,2-s2.0-85200383744
37032,37033,2-s2.0-85200055808
37033,37034,2-s2.0-85200043182
37035,37036,2-s2.0-85199980833
37039,37040,2-s2.0-85198910229
37041,37042,2-s2.0-85197905694
37043,37044,2-s2.0-85197555221
37045,37046,2-s2.0-85196298748
37046,37047,2-s2.0-85194766541
37047,37048,2-s2.0-85194361464
37049,37050,2-s2.0-85192259881
37052,37053,2-s2.0-85190998797
37054,37055,2-s2.0-85189821741
37059,37060,2-s2.0-85187176170
37060,37061,2-s2.0-85184156788
37066,37067,2-s2.0-85136559652
37068,37069,2-s2.0-85211391110
37080,37081,2-s2.0-85209093868
37082,37083,2-s2.0-85206430338
37083,37084,2-s2.0-85206426786
37085,37086,2-s2.0-85206416620
37086,37087,2-s2.0-85206414827
37090,37091,2-s2.0-85206936447
37091,37092,2-s2.0-85206060263
37092,37093,2-s2.0-85207619474
37095,37096,2-s2.0-85207177798
37096,37097,2-s2.0-85207168705
37099,37100,2-s2.0-85207164841
37100,37101,2-s2.0-85207162287
37103,37104,2-s2.0-105001562698
37104,37105,2-s2.0-105007483774
37105,37106,2-s2.0-85207093578
37108,37109,2-s2.0-85219707644
37111,37112,2-s2.0-85216870936
37112,37113,2-s2.0-85214349078
37113,37114,2-s2.0-85211452304
37121,37122,2-s2.0-85209749094
37124,37125,2-s2.0-85208415337
37127,37128,2-s2.0-85208138796
37129,37130,2-s2.0-85208079009
37130,37131,2-s2.0-85207773986
37131,37132,2-s2.0-85207735097
37132,37133,2-s2.0-85207721898
37133,37134,2-s2.0-85207721513
37134,37135,2-s2.0-85207721309
37136,37137,2-s2.0-85207718233
37137,37138,2-s2.0-85207716745
37140,37141,2-s2.0-85207710445
37142,37143,2-s2.0-85207477331
37145,37146,2-s2.0-85207402603
37146,37147,2-s2.0-85207372689
37147,37148,2-s2.0-85207309200
37148,37149,2-s2.0-85207188946
37149,37150,2-s2.0-85206572117
37150,37151,2-s2.0-85206565629
37151,37152,2-s2.0-85206563844
37154,37155,2-s2.0-85204991820
37155,37156,2-s2.0-85204942265
37156,37157,2-s2.0-85204873396
37157,37158,2-s2.0-85204773331
37160,37161,2-s2.0-85202010912
37162,37163,2-s2.0-85201712579
37165,37166,2-s2.0-85201414579
37166,37167,2-s2.0-85201284141
37167,37168,2-s2.0-85201108630
37168,37169,2-s2.0-85201054141
37169,37170,2-s2.0-85200508035
37171,37172,2-s2.0-85200150394
37172,37173,2-s2.0-85200033883
37174,37175,2-s2.0-85199591693
37177,37178,2-s2.0-85199430039
37184,37185,2-s2.0-85198129853
37185,37186,2-s2.0-85198081363
37186,37187,2-s2.0-85197935860
37187,37188,2-s2.0-85197922988
37193,37194,2-s2.0-85196623650
37196,37197,2-s2.0-85196270090
37197,37198,2-s2.0-85196111049
37198,37199,2-s2.0-85196003388
37200,37201,2-s2.0-85195513373
37201,37202,2-s2.0-85195221154
37202,37203,2-s2.0-85194902212
37203,37204,2-s2.0-85194887909
37207,37208,2-s2.0-85194502217
37212,37213,2-s2.0-85193278978
37213,37214,2-s2.0-85192975858
37214,37215,2-s2.0-85192825192
37215,37216,2-s2.0-85191842952
37217,37218,2-s2.0-85189622350
37219,37220,2-s2.0-85187885833
37220,37221,2-s2.0-85186416453
37221,37222,2-s2.0-85185511011
37222,37223,2-s2.0-85185144271
37223,37224,2-s2.0-85182660088
37227,37228,2-s2.0-85179950037
37228,37229,2-s2.0-85179681663
37232,37233,2-s2.0-85167831686
37233,37234,2-s2.0-85166353121
37237,37238,2-s2.0-85150878792
37238,37239,2-s2.0-85150734569
37242,37243,2-s2.0-85207817924
37245,37246,2-s2.0-85207168976
37247,37248,2-s2.0-85204648590
37249,37250,2-s2.0-105007128887
37250,37251,2-s2.0-85205912085
37252,37253,2-s2.0-85210880273
37253,37254,2-s2.0-85209196874
37255,37256,2-s2.0-85207472521
37256,37257,2-s2.0-85206582726
37257,37258,2-s2.0-85206581750
37258,37259,2-s2.0-85206574108
37260,37261,2-s2.0-85206085416
37262,37263,2-s2.0-85214131490
37263,37264,2-s2.0-85206219353
37266,37267,2-s2.0-85204951989
37268,37269,2-s2.0-85184480310
37270,37271,2-s2.0-85201424492
37271,37272,2-s2.0-85201403198
37272,37273,2-s2.0-85206072020
37275,37276,2-s2.0-85205573805
37277,37278,2-s2.0-85202268112
37280,37281,2-s2.0-85218948211
37283,37284,2-s2.0-85218740581
37289,37290,2-s2.0-85212677666
37290,37291,2-s2.0-85211185940
37291,37292,2-s2.0-85211178989
37295,37296,2-s2.0-85209766579
37296,37297,2-s2.0-85209763287
37297,37298,2-s2.0-85209759568
37299,37300,2-s2.0-85209756558
37300,37301,2-s2.0-85209749012
37301,37302,2-s2.0-85209742487
37304,37305,2-s2.0-85209643656
37305,37306,2-s2.0-85209595618
37307,37308,2-s2.0-85209179834
37308,37309,2-s2.0-85207349168
37309,37310,2-s2.0-85206914488
37310,37311,2-s2.0-85206474863
37312,37313,2-s2.0-85206268794
37313,37314,2-s2.0-85206256937
37314,37315,2-s2.0-85205994978
37319,37320,2-s2.0-85205235347
37322,37323,2-s2.0-85205222552
37324,37325,2-s2.0-85205217038
37328,37329,2-s2.0-85204339580
37331,37332,2-s2.0-85204023139
37332,37333,2-s2.0-85204021884
37333,37334,2-s2.0-85204010359
37336,37337,2-s2.0-85203638998
37340,37341,2-s2.0-85201762702
37344,37345,2-s2.0-85201549387
37349,37350,2-s2.0-85201324875
37351,37352,2-s2.0-85200812627
37355,37356,2-s2.0-85200747736
37357,37358,2-s2.0-85200740044
37358,37359,2-s2.0-85200725868
37363,37364,2-s2.0-85200137843
37364,37365,2-s2.0-85200111335
37365,37366,2-s2.0-85200050018
37366,37367,2-s2.0-85199768423
37368,37369,2-s2.0-85199434344
37369,37370,2-s2.0-85199195115
37371,37372,2-s2.0-85199149349
37372,37373,2-s2.0-85199136543
37373,37374,2-s2.0-85199126849
37376,37377,2-s2.0-85198990449
37379,37380,2-s2.0-85198511557
37380,37381,2-s2.0-85198358881
37384,37385,2-s2.0-85197561625
37387,37388,2-s2.0-85196827699
37389,37390,2-s2.0-85196707699
37394,37395,2-s2.0-85195416639
37396,37397,2-s2.0-85195396919
37399,37400,2-s2.0-85194750115
37400,37401,2-s2.0-85194390910
37402,37403,2-s2.0-85193474775
37404,37405,2-s2.0-85192853531
37405,37406,2-s2.0-85192731748
37406,37407,2-s2.0-85192185276
37407,37408,2-s2.0-85192145918
37408,37409,2-s2.0-85192079423
37411,37412,2-s2.0-85190797649
37414,37415,2-s2.0-85186945678
37415,37416,2-s2.0-85186607891
37418,37419,2-s2.0-85185923620
37422,37423,2-s2.0-85182989583
37423,37424,2-s2.0-85176788702
37424,37425,2-s2.0-85175641157
37425,37426,2-s2.0-85173520705
37426,37427,2-s2.0-85165330112
37428,37429,2-s2.0-85163700981
37432,37433,2-s2.0-85159697335
37433,37434,2-s2.0-85159688494
37435,37436,2-s2.0-105013759811
37436,37437,2-s2.0-105010284527
37437,37438,2-s2.0-105010238622
37438,37439,2-s2.0-105003564761
37439,37440,2-s2.0-105001575138
37441,37442,2-s2.0-85203439008
37442,37443,2-s2.0-85201457613
37443,37444,2-s2.0-85201117752
37444,37445,2-s2.0-85205917402
37445,37446,2-s2.0-85203169484
37449,37450,2-s2.0-85205216307
37450,37451,2-s2.0-85202005520
37451,37452,2-s2.0-105003519870
37453,37454,2-s2.0-85204860846
37454,37455,2-s2.0-85204847020
37455,37456,2-s2.0-85204844432
37456,37457,2-s2.0-85204829958
37459,37460,2-s2.0-85201575781
37461,37462,2-s2.0-85202529547
37464,37465,2-s2.0-85200326852
37465,37466,2-s2.0-85204335395
37466,37467,2-s2.0-85202153388
37467,37468,2-s2.0-85200658755
37468,37469,2-s2.0-85203488847
37471,37472,2-s2.0-85200446065
37472,37473,2-s2.0-85204273036
37476,37477,2-s2.0-85198136169
37477,37478,2-s2.0-85197144525
37478,37479,2-s2.0-85210977137
37479,37480,2-s2.0-85207296362
37484,37485,2-s2.0-85205540687
37486,37487,2-s2.0-85204405478
37487,37488,2-s2.0-85204357672
37489,37490,2-s2.0-85203999685
37492,37493,2-s2.0-85203179766
37493,37494,2-s2.0-85203070328
37496,37497,2-s2.0-85202640860
37498,37499,2-s2.0-85202628656
37506,37507,2-s2.0-85202595832
37508,37509,2-s2.0-85202481073
37509,37510,2-s2.0-85202478289
37510,37511,2-s2.0-85202475169
37511,37512,2-s2.0-85202467521
37512,37513,2-s2.0-85202460994
37515,37516,2-s2.0-85201757362
37517,37518,2-s2.0-85201539102
37519,37520,2-s2.0-85201398065
37520,37521,2-s2.0-85201311722
37522,37523,2-s2.0-85201236407
37523,37524,2-s2.0-85201227299
37526,37527,2-s2.0-85201046288
37527,37528,2-s2.0-85200814242
37528,37529,2-s2.0-85200495588
37529,37530,2-s2.0-85200397183
37531,37532,2-s2.0-85199531360
37533,37534,2-s2.0-85199167468
37534,37535,2-s2.0-85198274395
37535,37536,2-s2.0-85198129939
37537,37538,2-s2.0-85198062376
37539,37540,2-s2.0-85197419354
37540,37541,2-s2.0-85197199995
37546,37547,2-s2.0-85195858920
37547,37548,2-s2.0-85195632079
37549,37550,2-s2.0-85195136601
37551,37552,2-s2.0-85194371915
37552,37553,2-s2.0-85194269463
37556,37557,2-s2.0-85194177017
37557,37558,2-s2.0-85194171902
37560,37561,2-s2.0-85193683747
37561,37562,2-s2.0-85193228413
37562,37563,2-s2.0-85193066093
37564,37565,2-s2.0-85192755276
37565,37566,2-s2.0-85192384202
37570,37571,2-s2.0-85191697954
37571,37572,2-s2.0-85191331663
37572,37573,2-s2.0-85190558375
37574,37575,2-s2.0-85189630054
37575,37576,2-s2.0-85188947359
37577,37578,2-s2.0-85188475935
37579,37580,2-s2.0-85188182391
37585,37586,2-s2.0-85184474964
37589,37590,2-s2.0-85182233319
37590,37591,2-s2.0-85180195547
37593,37594,2-s2.0-85163112761
37596,37597,2-s2.0-85161250108
37597,37598,2-s2.0-85160423411
37598,37599,2-s2.0-85153869441
37601,37602,2-s2.0-85151679552
37604,37605,2-s2.0-85141615651
37605,37606,2-s2.0-85126058124
37607,37608,2-s2.0-85201699000
37609,37610,2-s2.0-85198384444
37610,37611,2-s2.0-85197903404
37612,37613,2-s2.0-85197863614
37614,37615,2-s2.0-85200870753
37616,37617,2-s2.0-85203222857
37617,37618,2-s2.0-85202714465
37618,37619,2-s2.0-85200546534
37625,37626,2-s2.0-85201115367
37627,37628,2-s2.0-85201109445
37628,37629,2-s2.0-85201105461
37634,37635,2-s2.0-85201073245
37635,37636,2-s2.0-85201069055
37636,37637,2-s2.0-85197415417
37638,37639,2-s2.0-85200141411
37643,37644,2-s2.0-85199886632
37647,37648,2-s2.0-85198642894
37648,37649,2-s2.0-85206184713
37654,37655,2-s2.0-85199786318
37655,37656,2-s2.0-85198904146
37657,37658,2-s2.0-85198900212
37660,37661,2-s2.0-85208743238
37664,37665,2-s2.0-85208716487
37666,37667,2-s2.0-85208711351
37667,37668,2-s2.0-85208707379
37668,37669,2-s2.0-85208697261
37678,37679,2-s2.0-85206203223
37679,37680,2-s2.0-85206159106
37682,37683,2-s2.0-85205339955
37686,37687,2-s2.0-85203585343
37687,37688,2-s2.0-85202202247
37688,37689,2-s2.0-85201900057
37689,37690,2-s2.0-85201894972
37690,37691,2-s2.0-85201541891
37692,37693,2-s2.0-85201081489
37696,37697,2-s2.0-85200776922
37699,37700,2-s2.0-85200335918
37700,37701,2-s2.0-85200169144
37701,37702,2-s2.0-85199879438
37702,37703,2-s2.0-85199786675
37704,37705,2-s2.0-85199677109
37705,37706,2-s2.0-85199670405
37706,37707,2-s2.0-85199669161
37707,37708,2-s2.0-85199659301
37709,37710,2-s2.0-85199653157
37710,37711,2-s2.0-85199635731
37712,37713,2-s2.0-85199628834
37714,37715,2-s2.0-85199615771
37715,37716,2-s2.0-85199581732
37716,37717,2-s2.0-85199579586
37718,37719,2-s2.0-85199520347
37720,37721,2-s2.0-85199461500
37723,37724,2-s2.0-85199126666
37727,37728,2-s2.0-85198329362
37728,37729,2-s2.0-85198110248
37730,37731,2-s2.0-85197397934
37732,37733,2-s2.0-85197380951
37733,37734,2-s2.0-85197372459
37735,37736,2-s2.0-85196081549
37737,37738,2-s2.0-85195875782
37738,37739,2-s2.0-85195285690
37739,37740,2-s2.0-85195180454
37740,37741,2-s2.0-85195086147
37744,37745,2-s2.0-85193446614
37745,37746,2-s2.0-85193295162
37747,37748,2-s2.0-85192180052
37748,37749,2-s2.0-85192090223
37750,37751,2-s2.0-85190091985
37752,37753,2-s2.0-85189168848
37753,37754,2-s2.0-85188827376
37755,37756,2-s2.0-85187481243
37756,37757,2-s2.0-85187116798
37757,37758,2-s2.0-85186485520
37758,37759,2-s2.0-85186441957
37760,37761,2-s2.0-85186236018
37763,37764,2-s2.0-85183043839
37764,37765,2-s2.0-85182868912
37767,37768,2-s2.0-85178912208
37768,37769,2-s2.0-85178890497
37769,37770,2-s2.0-85178491685
37770,37771,2-s2.0-85178233435
37772,37773,2-s2.0-85171266798
37778,37779,2-s2.0-85150710761
37779,37780,2-s2.0-85196202486
37782,37783,2-s2.0-85212307104
37786,37787,2-s2.0-85205938025
37789,37790,2-s2.0-85205698970
37797,37798,2-s2.0-85202079097
37798,37799,2-s2.0-85202078733
37799,37800,2-s2.0-85202078592
37801,37802,2-s2.0-85202078078
37802,37803,2-s2.0-85202077936
37803,37804,2-s2.0-85202077400
37804,37805,2-s2.0-85202077360
37805,37806,2-s2.0-85202077349
37806,37807,2-s2.0-85202077160
37811,37812,2-s2.0-85202074890
37816,37817,2-s2.0-85202072882
37817,37818,2-s2.0-85202072502
37820,37821,2-s2.0-85202070734
37823,37824,2-s2.0-85202069227
37825,37826,2-s2.0-85202068809
37826,37827,2-s2.0-85202068751
37829,37830,2-s2.0-85202068048
37831,37832,2-s2.0-85202066921
37832,37833,2-s2.0-85202066910
37835,37836,2-s2.0-85202066344
37838,37839,2-s2.0-85202065581
37839,37840,2-s2.0-85202065163
37842,37843,2-s2.0-85202064861
37843,37844,2-s2.0-85202064572
37845,37846,2-s2.0-85202064492
37847,37848,2-s2.0-85202063652
37848,37849,2-s2.0-85202063406
37849,37850,2-s2.0-85202063265
37852,37853,2-s2.0-85202062332
37856,37857,2-s2.0-85202060971
37858,37859,2-s2.0-85202060002
37860,37861,2-s2.0-85202059853
37862,37863,2-s2.0-85202059021
37864,37865,2-s2.0-85202057666
37865,37866,2-s2.0-85202057198
37868,37869,2-s2.0-85202055991
37870,37871,2-s2.0-85202055344
37872,37873,2-s2.0-85202055009
37875,37876,2-s2.0-85202054096
37877,37878,2-s2.0-85202053091
37878,37879,2-s2.0-85202052285
37880,37881,2-s2.0-85202051962
37882,37883,2-s2.0-85202051014
37883,37884,2-s2.0-85202050888
37884,37885,2-s2.0-85202050844
37887,37888,2-s2.0-85202049948
37888,37889,2-s2.0-85202049341
37889,37890,2-s2.0-85202048972
37891,37892,2-s2.0-85202048684
37893,37894,2-s2.0-85202047709
37896,37897,2-s2.0-85202046218
37897,37898,2-s2.0-85202045742
37903,37904,2-s2.0-85202043157
37905,37906,2-s2.0-85202042917
37906,37907,2-s2.0-85202042389
37912,37913,2-s2.0-85202040140
37913,37914,2-s2.0-85202039408
37914,37915,2-s2.0-85202038782
37916,37917,2-s2.0-85202038685
37917,37918,2-s2.0-85202038493
37921,37922,2-s2.0-85202036855
37922,37923,2-s2.0-85202036705
37923,37924,2-s2.0-85202036082
37924,37925,2-s2.0-85202035948
37925,37926,2-s2.0-85202035887
37928,37929,2-s2.0-85202035389
37929,37930,2-s2.0-85202035256
37930,37931,2-s2.0-85202035112
37932,37933,2-s2.0-85202034619
37934,37935,2-s2.0-85202033822
37936,37937,2-s2.0-85202033660
37937,37938,2-s2.0-85202033183
37938,37939,2-s2.0-85202033111
37940,37941,2-s2.0-85202032996
37946,37947,2-s2.0-85202030424
37947,37948,2-s2.0-85202030277
37950,37951,2-s2.0-85202028297
37951,37952,2-s2.0-85202028274
37955,37956,2-s2.0-85202026068
37957,37958,2-s2.0-85202024125
37959,37960,2-s2.0-85202023443
37964,37965,2-s2.0-85202022237
37965,37966,2-s2.0-85202021595
37968,37969,2-s2.0-85202021199
37971,37972,2-s2.0-85202020256
37973,37974,2-s2.0-85202019870
37974,37975,2-s2.0-85202018670
37975,37976,2-s2.0-85202018639
37977,37978,2-s2.0-85202018413
37978,37979,2-s2.0-85202018367
37979,37980,2-s2.0-85202017623
37980,37981,2-s2.0-85202017393
37985,37986,2-s2.0-85202016642
37986,37987,2-s2.0-85202016564
37990,37991,2-s2.0-85202015628
37991,37992,2-s2.0-85202015088
37992,37993,2-s2.0-85202015014
37998,37999,2-s2.0-85202014115
37999,38000,2-s2.0-85202013889
38000,38001,2-s2.0-85202013752
38001,38002,2-s2.0-85202013558
38003,38004,2-s2.0-85202013362
38004,38005,2-s2.0-85202013065
38006,38007,2-s2.0-85202012323
38008,38009,2-s2.0-85202011914
38009,38010,2-s2.0-85202011851
38011,38012,2-s2.0-85202011452
38013,38014,2-s2.0-85202011028
38015,38016,2-s2.0-85202010284
38017,38018,2-s2.0-85202009765
38018,38019,2-s2.0-85202009626
38020,38021,2-s2.0-85205389779
38022,38023,2-s2.0-85205366082
38025,38026,2-s2.0-85198345614
38027,38028,2-s2.0-85196754536
38028,38029,2-s2.0-85192961639
38030,38031,2-s2.0-85197137756
38031,38032,2-s2.0-85197935528
38032,38033,2-s2.0-85197871923
38037,38038,2-s2.0-85202622897
38039,38040,2-s2.0-85202515579
38041,38042,2-s2.0-85194966902
38042,38043,2-s2.0-85193734230
38044,38045,2-s2.0-85196548022
38045,38046,2-s2.0-85196500694
38047,38048,2-s2.0-105009316314
38049,38050,2-s2.0-85196183781
38051,38052,2-s2.0-85175818616
38055,38056,2-s2.0-85192548178
38056,38057,2-s2.0-85192541345
38057,38058,2-s2.0-85219740429
38058,38059,2-s2.0-85219703802
38059,38060,2-s2.0-85216388327
38061,38062,2-s2.0-85213844118
38063,38064,2-s2.0-85212471674
38064,38065,2-s2.0-85210450139
38065,38066,2-s2.0-85207826459
38066,38067,2-s2.0-85207727057
38067,38068,2-s2.0-85207207310
38068,38069,2-s2.0-85205917739
38069,38070,2-s2.0-85204310509
38072,38073,2-s2.0-85203023067
38074,38075,2-s2.0-85201862844
38075,38076,2-s2.0-85201541788
38076,38077,2-s2.0-85201523074
38080,38081,2-s2.0-85200376690
38082,38083,2-s2.0-85199402301
38085,38086,2-s2.0-85198755505
38088,38089,2-s2.0-85198397682
38089,38090,2-s2.0-85198387553
38090,38091,2-s2.0-85198251157
38093,38094,2-s2.0-85198061329
38095,38096,2-s2.0-85197942480
38097,38098,2-s2.0-85197805110
38099,38100,2-s2.0-85197275033
38101,38102,2-s2.0-85197202781
38102,38103,2-s2.0-85197201231
38103,38104,2-s2.0-85197190780
38106,38107,2-s2.0-85197158395
38111,38112,2-s2.0-85197137684
38114,38115,2-s2.0-85196904044
38116,38117,2-s2.0-85196802306
38117,38118,2-s2.0-85196781169
38118,38119,2-s2.0-85196779490
38122,38123,2-s2.0-85195864660
38123,38124,2-s2.0-85195798884
38124,38125,2-s2.0-85195782925
38125,38126,2-s2.0-85195693480
38126,38127,2-s2.0-85195649270
38127,38128,2-s2.0-85195501330
38129,38130,2-s2.0-85195462727
38130,38131,2-s2.0-85195439225
38134,38135,2-s2.0-85194158128
38137,38138,2-s2.0-85193823093
38138,38139,2-s2.0-85193743028
38140,38141,2-s2.0-85193696785
38141,38142,2-s2.0-85193692679
38143,38144,2-s2.0-85193597476
38145,38146,2-s2.0-85193414409
38148,38149,2-s2.0-85193028083
38149,38150,2-s2.0-85192866218
38153,38154,2-s2.0-85192364442
38154,38155,2-s2.0-85192361811
38157,38158,2-s2.0-85192230281
38158,38159,2-s2.0-85192178575
38159,38160,2-s2.0-85192176663
38161,38162,2-s2.0-85191832232
38162,38163,2-s2.0-85191822904
38163,38164,2-s2.0-85191722632
38166,38167,2-s2.0-85190786518
38169,38170,2-s2.0-85190673300
38173,38174,2-s2.0-85190471265
38178,38179,2-s2.0-85189804918
38181,38182,2-s2.0-85189518900
38183,38184,2-s2.0-85189192875
38185,38186,2-s2.0-85189141579
38188,38189,2-s2.0-85188015440
38192,38193,2-s2.0-85187577946
38194,38195,2-s2.0-85187006929
38199,38200,2-s2.0-85186557715
38202,38203,2-s2.0-85184832372
38205,38206,2-s2.0-85182946901
38207,38208,2-s2.0-85182846925
38210,38211,2-s2.0-85182461519
38211,38212,2-s2.0-85182460388
38213,38214,2-s2.0-85182164723
38214,38215,2-s2.0-85181741498
38217,38218,2-s2.0-85179311876
38218,38219,2-s2.0-85179080150
38220,38221,2-s2.0-85177798407
38223,38224,2-s2.0-85176767409
38228,38229,2-s2.0-85171688321
38232,38233,2-s2.0-85169618641
38233,38234,2-s2.0-85168572841
38235,38236,2-s2.0-85161466081
38236,38237,2-s2.0-85161357318
38238,38239,2-s2.0-85158033681
38241,38242,2-s2.0-85151689157
38242,38243,2-s2.0-85149474710
38245,38246,2-s2.0-85148108234
38246,38247,2-s2.0-85146611033
38249,38250,2-s2.0-85138187042
38250,38251,2-s2.0-85131077745
38253,38254,2-s2.0-85107869302
38254,38255,2-s2.0-105003965568
38255,38256,2-s2.0-105003954994
38262,38263,2-s2.0-85194770888
38265,38266,2-s2.0-85194735517
38266,38267,2-s2.0-85194719421
38268,38269,2-s2.0-85194716769
38277,38278,2-s2.0-85196961373
38279,38280,2-s2.0-85194045599
38280,38281,2-s2.0-85205525849
38282,38283,2-s2.0-85196153096
38285,38286,2-s2.0-85192046992
38286,38287,2-s2.0-85190370935
38288,38289,2-s2.0-85187894668
38289,38290,2-s2.0-85186858629
38290,38291,2-s2.0-85199026830
38293,38294,2-s2.0-85195623969
38294,38295,2-s2.0-85194077792
38297,38298,2-s2.0-85197441752
38300,38301,2-s2.0-85188164914
38301,38302,2-s2.0-85217132552
38305,38306,2-s2.0-85204281122
38306,38307,2-s2.0-85202904521
38307,38308,2-s2.0-85202885205
38308,38309,2-s2.0-85202182687
38309,38310,2-s2.0-85201236621
38310,38311,2-s2.0-85201211556
38311,38312,2-s2.0-85201199936
38312,38313,2-s2.0-85201195198
38313,38314,2-s2.0-85200133905
38314,38315,2-s2.0-85199711027
38319,38320,2-s2.0-85197264451
38321,38322,2-s2.0-85197116863
38322,38323,2-s2.0-85196121107
38324,38325,2-s2.0-85195610156
38325,38326,2-s2.0-85195605656
38326,38327,2-s2.0-85195591391
38327,38328,2-s2.0-85195549112
38328,38329,2-s2.0-85195083072
38330,38331,2-s2.0-85194921225
38334,38335,2-s2.0-85194384704
38335,38336,2-s2.0-85194270535
38336,38337,2-s2.0-85194259867
38338,38339,2-s2.0-85194247012
38342,38343,2-s2.0-85194230225
38346,38347,2-s2.0-85194164865
38347,38348,2-s2.0-85194153104
38348,38349,2-s2.0-85194070698
38349,38350,2-s2.0-85193954486
38350,38351,2-s2.0-85193062093
38355,38356,2-s2.0-85192520028
38356,38357,2-s2.0-85192009956
38362,38363,2-s2.0-85190127751
38366,38367,2-s2.0-85188738358
38367,38368,2-s2.0-85188553241
38369,38370,2-s2.0-85188183495
38370,38371,2-s2.0-85187908581
38379,38380,2-s2.0-85184244370
38384,38385,2-s2.0-85176762860
38385,38386,2-s2.0-85175629363
38386,38387,2-s2.0-85174602790
38387,38388,2-s2.0-85174585641
38389,38390,2-s2.0-85168276330
38392,38393,2-s2.0-85147382776
38394,38395,2-s2.0-85198543925
38395,38396,2-s2.0-85198505271
38396,38397,2-s2.0-85192916210
38397,38398,2-s2.0-85193027222
38398,38399,2-s2.0-85193022088
38402,38403,2-s2.0-85193012480
38412,38413,2-s2.0-85195580564
38414,38415,2-s2.0-85192362459
38416,38417,2-s2.0-85192788506
38417,38418,2-s2.0-85192776234
38418,38419,2-s2.0-85193587583
38419,38420,2-s2.0-85192017931
38421,38422,2-s2.0-85191984357
38422,38423,2-s2.0-85191976319
38425,38426,2-s2.0-85191963301
38426,38427,2-s2.0-85191957105
38428,38429,2-s2.0-85191945558
38429,38430,2-s2.0-85192568710
38432,38433,2-s2.0-85201677916
38438,38439,2-s2.0-85191019709
38439,38440,2-s2.0-85191014418
38444,38445,2-s2.0-85190970411
38445,38446,2-s2.0-85190968365
38447,38448,2-s2.0-85190961771
38451,38452,2-s2.0-85190897809
38454,38455,2-s2.0-85197690712
38455,38456,2-s2.0-85192048142
38456,38457,2-s2.0-85179996002
38457,38458,2-s2.0-85204466574
38460,38461,2-s2.0-85192115657
38461,38462,2-s2.0-85190706686
38463,38464,2-s2.0-85190692946
38465,38466,2-s2.0-85190679703
38467,38468,2-s2.0-85190674584
38469,38470,2-s2.0-85190662981
38470,38471,2-s2.0-85190654238
38472,38473,2-s2.0-85214787381
38473,38474,2-s2.0-85202665099
38475,38476,2-s2.0-85196552877
38476,38477,2-s2.0-85196176623
38478,38479,2-s2.0-85195288817
38480,38481,2-s2.0-85194154900
38481,38482,2-s2.0-85194148661
38482,38483,2-s2.0-85194147476
38487,38488,2-s2.0-85193068042
38490,38491,2-s2.0-85192305173
38491,38492,2-s2.0-85191603523
38494,38495,2-s2.0-85191568759
38495,38496,2-s2.0-85191559505
38498,38499,2-s2.0-85191331745
38500,38501,2-s2.0-85191318172
38501,38502,2-s2.0-85191292133
38504,38505,2-s2.0-85190866754
38506,38507,2-s2.0-85190716678
38508,38509,2-s2.0-85190481414
38510,38511,2-s2.0-85190406147
38511,38512,2-s2.0-85190354177
38512,38513,2-s2.0-85190090395
38513,38514,2-s2.0-85189336994
38524,38525,2-s2.0-85186462906
38526,38527,2-s2.0-85185918698
38528,38529,2-s2.0-85184740863
38529,38530,2-s2.0-85183962945
38530,38531,2-s2.0-85183913772
38532,38533,2-s2.0-85183834467
38535,38536,2-s2.0-85181677532
38536,38537,2-s2.0-85180189256
38537,38538,2-s2.0-85179612958
38539,38540,2-s2.0-85177180368
38541,38542,2-s2.0-85176410255
38545,38546,2-s2.0-85174497694
38546,38547,2-s2.0-85174302520
38547,38548,2-s2.0-85173537045
38548,38549,2-s2.0-85173524878
38550,38551,2-s2.0-85168584832
38554,38555,2-s2.0-85163408804
38557,38558,2-s2.0-85162251619
38558,38559,2-s2.0-85159723430
38559,38560,2-s2.0-85151720231
38562,38563,2-s2.0-85146343974
38563,38564,2-s2.0-85146190901
38564,38565,2-s2.0-85143706945
38573,38574,2-s2.0-85079704305
38574,38575,2-s2.0-85078425429
38579,38580,2-s2.0-85128820587
38581,38582,2-s2.0-85185354954
38582,38583,2-s2.0-85150774558
38585,38586,2-s2.0-85189970378
38586,38587,2-s2.0-85188657408
38587,38588,2-s2.0-85189347637
38588,38589,2-s2.0-85189329651
38589,38590,2-s2.0-85189327598
38590,38591,2-s2.0-85189309389
38591,38592,2-s2.0-85189303458
38597,38598,2-s2.0-85204443128
38599,38600,2-s2.0-85190885726
38602,38603,2-s2.0-85200733461
38603,38604,2-s2.0-85188067700
38604,38605,2-s2.0-85186980247
38606,38607,2-s2.0-85189176242
38607,38608,2-s2.0-85189169144
38608,38609,2-s2.0-85189165934
38609,38610,2-s2.0-85189151495
38610,38611,2-s2.0-85189148874
38611,38612,2-s2.0-85189143056
38614,38615,2-s2.0-85188425542
38615,38616,2-s2.0-85188108378
38616,38617,2-s2.0-85188051950
38617,38618,2-s2.0-85188050773
38618,38619,2-s2.0-85189356915
38621,38622,2-s2.0-85189293968
38622,38623,2-s2.0-85188474570
38623,38624,2-s2.0-85188452067
38625,38626,2-s2.0-85197908585
38626,38627,2-s2.0-85189705862
38631,38632,2-s2.0-85186912192
38632,38633,2-s2.0-85217432180
38634,38635,2-s2.0-85217389954
38636,38637,2-s2.0-85208223584
38637,38638,2-s2.0-85202032844
38639,38640,2-s2.0-85201199382
38640,38641,2-s2.0-85201182961
38641,38642,2-s2.0-85200042905
38642,38643,2-s2.0-85199258033
38644,38645,2-s2.0-85195674998
38646,38647,2-s2.0-85194771788
38651,38652,2-s2.0-85193228062
38654,38655,2-s2.0-85190960669
38655,38656,2-s2.0-85190541396
38656,38657,2-s2.0-85190272894
38657,38658,2-s2.0-85190121598
38661,38662,2-s2.0-85189136759
38662,38663,2-s2.0-85189133761
38667,38668,2-s2.0-85188821610
38669,38670,2-s2.0-85188787074
38675,38676,2-s2.0-85188672933
38677,38678,2-s2.0-85188447824
38680,38681,2-s2.0-85187724645
38681,38682,2-s2.0-85187201380
38683,38684,2-s2.0-85186983598
38684,38685,2-s2.0-85186887709
38685,38686,2-s2.0-85186870047
38686,38687,2-s2.0-85186770503
38687,38688,2-s2.0-85186695258
38688,38689,2-s2.0-85186603892
38690,38691,2-s2.0-85186215002
38698,38699,2-s2.0-85185151266
38700,38701,2-s2.0-85184192278
38701,38702,2-s2.0-85183945090
38703,38704,2-s2.0-85183832474
38704,38705,2-s2.0-85183715629
38709,38710,2-s2.0-85180699756
38710,38711,2-s2.0-85180525115
38711,38712,2-s2.0-85180435853
38712,38713,2-s2.0-85179923688
38713,38714,2-s2.0-85179808873
38714,38715,2-s2.0-85179618462
38715,38716,2-s2.0-85178263363
38719,38720,2-s2.0-85174230938
38720,38721,2-s2.0-85173991415
38724,38725,2-s2.0-85164486266
38726,38727,2-s2.0-85163290659
38728,38729,2-s2.0-85160609772
38729,38730,2-s2.0-85159801162
38730,38731,2-s2.0-85151472274
38731,38732,2-s2.0-85147940365
38732,38733,2-s2.0-85147761672
38733,38734,2-s2.0-85146835387
38734,38735,2-s2.0-85146350433
38737,38738,2-s2.0-85136497870
38742,38743,2-s2.0-85187311754
38745,38746,2-s2.0-85189128988
38746,38747,2-s2.0-85189063986
38747,38748,2-s2.0-85186234133
38748,38749,2-s2.0-85164134163
38750,38751,2-s2.0-85186538297
38752,38753,2-s2.0-85186525233
38754,38755,2-s2.0-85186521592
38755,38756,2-s2.0-85186521060
38757,38758,2-s2.0-85186518288
38759,38760,2-s2.0-85186517704
38761,38762,2-s2.0-85186517075
38762,38763,2-s2.0-85186510411
38765,38766,2-s2.0-85186501230
38767,38768,2-s2.0-85186571346
38769,38770,2-s2.0-105007492538
38773,38774,2-s2.0-85190344708
38774,38775,2-s2.0-85189971186
38776,38777,2-s2.0-85184605382
38778,38779,2-s2.0-85184589962
38781,38782,2-s2.0-85211143048
38786,38787,2-s2.0-85191329881
38788,38789,2-s2.0-85190439275
38789,38790,2-s2.0-85190429882
38792,38793,2-s2.0-85190410520
38793,38794,2-s2.0-85190292269
38794,38795,2-s2.0-85190100612
38795,38796,2-s2.0-85189342941
38796,38797,2-s2.0-85188470169
38800,38801,2-s2.0-85188322782
38802,38803,2-s2.0-85188285249
38803,38804,2-s2.0-85188277041
38804,38805,2-s2.0-85188118216
38806,38807,2-s2.0-85187299335
38807,38808,2-s2.0-85187295536
38808,38809,2-s2.0-85187268600
38809,38810,2-s2.0-85187263582
38810,38811,2-s2.0-85187253493
38814,38815,2-s2.0-85186426641
38815,38816,2-s2.0-85186253306
38816,38817,2-s2.0-85186231632
38821,38822,2-s2.0-85185930352
38823,38824,2-s2.0-85185773468
38825,38826,2-s2.0-85185526010
38826,38827,2-s2.0-85185241186
38831,38832,2-s2.0-85183355685
38832,38833,2-s2.0-85183109018
38835,38836,2-s2.0-85179675635
38836,38837,2-s2.0-85179308669
38839,38840,2-s2.0-85178135753
38841,38842,2-s2.0-85176733045
38843,38844,2-s2.0-85176146451
38844,38845,2-s2.0-85175971116
38845,38846,2-s2.0-85174578794
38846,38847,2-s2.0-85172080084
38850,38851,2-s2.0-85166926725
38851,38852,2-s2.0-85166581710
38852,38853,2-s2.0-85161868657
38853,38854,2-s2.0-85161718556
38857,38858,2-s2.0-85160263028
38858,38859,2-s2.0-85160221880
38860,38861,2-s2.0-85153773904
38861,38862,2-s2.0-85142379755
38863,38864,2-s2.0-85138518416
38865,38866,2-s2.0-85136102968
38867,38868,2-s2.0-85185380332
38869,38870,2-s2.0-85182936300
38871,38872,2-s2.0-85184325904
38873,38874,2-s2.0-85193970296
38874,38875,2-s2.0-85184472009
38877,38878,2-s2.0-85184613340
38879,38880,2-s2.0-85184609241
38880,38881,2-s2.0-85184579458
38882,38883,2-s2.0-85180991325
38883,38884,2-s2.0-85174228825
38885,38886,2-s2.0-85183296618
38886,38887,2-s2.0-85183296563
38888,38889,2-s2.0-85190945870
38890,38891,2-s2.0-85182579277
38891,38892,2-s2.0-85182569491
38892,38893,2-s2.0-85182550421
38894,38895,2-s2.0-85216959466
38896,38897,2-s2.0-85179695445
38900,38901,2-s2.0-86000628331
38901,38902,2-s2.0-86000621682
38906,38907,2-s2.0-86000313408
38908,38909,2-s2.0-86000266571
38909,38910,2-s2.0-86000261078
38910,38911,2-s2.0-86000252954
38911,38912,2-s2.0-86000126356
38913,38914,2-s2.0-86000096993
38918,38919,2-s2.0-86000041513
38920,38921,2-s2.0-86000028935
38923,38924,2-s2.0-85219693884
38924,38925,2-s2.0-85219651660
38926,38927,2-s2.0-85219628636
38927,38928,2-s2.0-85219574598
38932,38933,2-s2.0-85219435527
38933,38934,2-s2.0-85219426530
38938,38939,2-s2.0-85219374782
38940,38941,2-s2.0-85219346475
38941,38942,2-s2.0-85219336080
38942,38943,2-s2.0-85219335536
38943,38944,2-s2.0-85219308837
38946,38947,2-s2.0-85219291814
38947,38948,2-s2.0-85219287733
38949,38950,2-s2.0-85219267283
38951,38952,2-s2.0-85219243358
38955,38956,2-s2.0-85219209867
38956,38957,2-s2.0-85219166175
38960,38961,2-s2.0-85218923882
38964,38965,2-s2.0-85218783121
38965,38966,2-s2.0-85218748486
38966,38967,2-s2.0-85218671820
38967,38968,2-s2.0-85218671397
38969,38970,2-s2.0-85218666199
38970,38971,2-s2.0-85218666023
38972,38973,2-s2.0-85218656281
38978,38979,2-s2.0-85218642558
38979,38980,2-s2.0-85218642115
38980,38981,2-s2.0-85218641882
38981,38982,2-s2.0-85218641568
38982,38983,2-s2.0-85218639847
38983,38984,2-s2.0-85218639660
38984,38985,2-s2.0-85218638417
38985,38986,2-s2.0-85218637461
38986,38987,2-s2.0-85218637355
38989,38990,2-s2.0-85218635272
38992,38993,2-s2.0-85218632059
38994,38995,2-s2.0-85218631849
38996,38997,2-s2.0-85218629946
38999,39000,2-s2.0-85218627424
39000,39001,2-s2.0-85218627415
39005,39006,2-s2.0-85218623862
39006,39007,2-s2.0-85218623173
39010,39011,2-s2.0-85218506047
39013,39014,2-s2.0-85218378943
39017,39018,2-s2.0-85218307674
39019,39020,2-s2.0-85218220795
39020,39021,2-s2.0-85218209211
39025,39026,2-s2.0-85218176046
39028,39029,2-s2.0-85218136262
39032,39033,2-s2.0-85218047642
39038,39039,2-s2.0-85217996440
39039,39040,2-s2.0-85217983430
39047,39048,2-s2.0-85217697654
39048,39049,2-s2.0-85217682474
39050,39051,2-s2.0-85217633249
39052,39053,2-s2.0-85217619703
39055,39056,2-s2.0-85217521753
39057,39058,2-s2.0-85217501468
39059,39060,2-s2.0-85217333930
39060,39061,2-s2.0-85217262242
39061,39062,2-s2.0-85217257653
39062,39063,2-s2.0-85217240750
39063,39064,2-s2.0-85217233144
39064,39065,2-s2.0-85217231955
39066,39067,2-s2.0-85217198874
39067,39068,2-s2.0-85217131781
39068,39069,2-s2.0-85217083642
39069,39070,2-s2.0-85217044640
39071,39072,2-s2.0-85216995040
39072,39073,2-s2.0-85216967117
39076,39077,2-s2.0-85216813793
39081,39082,2-s2.0-85216793824
39082,39083,2-s2.0-85216791588
39083,39084,2-s2.0-85216791578
39084,39085,2-s2.0-85216790397
39086,39087,2-s2.0-85216787279
39088,39089,2-s2.0-85216786774
39090,39091,2-s2.0-85216778659
39093,39094,2-s2.0-85216771550
39095,39096,2-s2.0-85216750988
39097,39098,2-s2.0-85216736923
39099,39100,2-s2.0-85216730027
39104,39105,2-s2.0-85216600612
39105,39106,2-s2.0-85216573915
39108,39109,2-s2.0-85216550651
39109,39110,2-s2.0-85216547425
39110,39111,2-s2.0-85216530103
39111,39112,2-s2.0-85216464973
39114,39115,2-s2.0-85216406228
39115,39116,2-s2.0-85216395747
39121,39122,2-s2.0-85216249299
39122,39123,2-s2.0-85216184175
39124,39125,2-s2.0-85216095574
39125,39126,2-s2.0-85216083742
39126,39127,2-s2.0-85216069411
39127,39128,2-s2.0-85216033857
39128,39129,2-s2.0-85216022009
39132,39133,2-s2.0-85215927213
39134,39135,2-s2.0-85215811741
39135,39136,2-s2.0-85215706164
39140,39141,2-s2.0-85215678454
39141,39142,2-s2.0-85215668292
39142,39143,2-s2.0-85215663516
39145,39146,2-s2.0-85215591331
39147,39148,2-s2.0-85215508680
39152,39153,2-s2.0-85215306553
39157,39158,2-s2.0-85215102718
39159,39160,2-s2.0-85215079804
39160,39161,2-s2.0-85214999750
39162,39163,2-s2.0-85214986347
39164,39165,2-s2.0-85214977630
39167,39168,2-s2.0-85214869450
39169,39170,2-s2.0-85214834681
39170,39171,2-s2.0-85214813646
39174,39175,2-s2.0-85214766508
39178,39179,2-s2.0-85214636536
39179,39180,2-s2.0-85214509055
39180,39181,2-s2.0-85214504690
39181,39182,2-s2.0-85214467834
39187,39188,2-s2.0-85214377349
39189,39190,2-s2.0-85214354651
39191,39192,2-s2.0-85214310063
39192,39193,2-s2.0-85214253347
39193,39194,2-s2.0-85214243887
39194,39195,2-s2.0-85214237897
39197,39198,2-s2.0-85214100833
39198,39199,2-s2.0-85214083070
39199,39200,2-s2.0-85214035077
39200,39201,2-s2.0-85214001260
39201,39202,2-s2.0-85213978470
39205,39206,2-s2.0-85213949990
39207,39208,2-s2.0-85213817519
39208,39209,2-s2.0-85213812274
39214,39215,2-s2.0-85213410421
39218,39219,2-s2.0-85213359550
39221,39222,2-s2.0-85213339501
39222,39223,2-s2.0-85213328086
39223,39224,2-s2.0-85213326190
39224,39225,2-s2.0-85213315203
39225,39226,2-s2.0-85213220106
39228,39229,2-s2.0-85213054724
39234,39235,2-s2.0-85212962698
39237,39238,2-s2.0-85212949168
39243,39244,2-s2.0-85212918655
39251,39252,2-s2.0-85212838914
39252,39253,2-s2.0-85212819649
39253,39254,2-s2.0-85212794310
39256,39257,2-s2.0-85212779501
39258,39259,2-s2.0-85212766320
39262,39263,2-s2.0-85212663109
39263,39264,2-s2.0-85212661416
39265,39266,2-s2.0-85212593942
39266,39267,2-s2.0-85212538096
39267,39268,2-s2.0-85212526245
39268,39269,2-s2.0-85212526218
39270,39271,2-s2.0-85212501869
39272,39273,2-s2.0-85212484429
39273,39274,2-s2.0-85212480987
39277,39278,2-s2.0-85212424411
39281,39282,2-s2.0-85212263384
39288,39289,2-s2.0-85212148797
39289,39290,2-s2.0-85212146961
39295,39296,2-s2.0-85212112508
39297,39298,2-s2.0-85212102774
39298,39299,2-s2.0-85212087998
39301,39302,2-s2.0-85212073792
39303,39304,2-s2.0-85212072016
39304,39305,2-s2.0-85212069889
39305,39306,2-s2.0-85212065624
39307,39308,2-s2.0-85212057839
39309,39310,2-s2.0-85212056754
39310,39311,2-s2.0-85212047178
39314,39315,2-s2.0-85212021876
39315,39316,2-s2.0-85212018784
39318,39319,2-s2.0-85211999541
39319,39320,2-s2.0-85211967687
39321,39322,2-s2.0-85211927970
39322,39323,2-s2.0-85211901347
39323,39324,2-s2.0-85211882246
39324,39325,2-s2.0-85211853563
39325,39326,2-s2.0-85211837142
39326,39327,2-s2.0-85211834773
39331,39332,2-s2.0-85211721776
39332,39333,2-s2.0-85211640974
39334,39335,2-s2.0-85211628380
39335,39336,2-s2.0-85211607448
39337,39338,2-s2.0-85211602347
39340,39341,2-s2.0-85211574010
39341,39342,2-s2.0-85211566903
39346,39347,2-s2.0-85211486400
39348,39349,2-s2.0-85211485242
39352,39353,2-s2.0-85211453066
39354,39355,2-s2.0-85211446489
39358,39359,2-s2.0-85211374808
39362,39363,2-s2.0-85211272590
39363,39364,2-s2.0-85211201973
39364,39365,2-s2.0-85211198273
39366,39367,2-s2.0-85211163946
39367,39368,2-s2.0-85211158890
39369,39370,2-s2.0-85211150364
39370,39371,2-s2.0-85211143003
39371,39372,2-s2.0-85211142381
39373,39374,2-s2.0-85211130452
39375,39376,2-s2.0-85211124447
39376,39377,2-s2.0-85211124065
39377,39378,2-s2.0-85211119083
39378,39379,2-s2.0-85211118833
39379,39380,2-s2.0-85211108012
39380,39381,2-s2.0-85211103691
39381,39382,2-s2.0-85211101967
39382,39383,2-s2.0-85211101637
39387,39388,2-s2.0-85211085240
39389,39390,2-s2.0-85210966111
39390,39391,2-s2.0-85210948044
39395,39396,2-s2.0-85210924828
39397,39398,2-s2.0-85210882803
39398,39399,2-s2.0-85210878650
39402,39403,2-s2.0-85210841319
39405,39406,2-s2.0-85210767861
39406,39407,2-s2.0-85210748173
39411,39412,2-s2.0-85210564974
39414,39415,2-s2.0-85210454764
39418,39419,2-s2.0-85210369244
39419,39420,2-s2.0-85210361826
39429,39430,2-s2.0-85210087520
39430,39431,2-s2.0-85210078277
39439,39440,2-s2.0-85209929766
39440,39441,2-s2.0-85209909906
39442,39443,2-s2.0-85209879170
39446,39447,2-s2.0-85209825284
39448,39449,2-s2.0-85209780379
39449,39450,2-s2.0-85209772732
39450,39451,2-s2.0-85209747584
39451,39452,2-s2.0-85209681934
39452,39453,2-s2.0-85209655888
39455,39456,2-s2.0-85209580177
39457,39458,2-s2.0-85209556307
39460,39461,2-s2.0-85209373337
39463,39464,2-s2.0-85209258085
39465,39466,2-s2.0-85209241660
39466,39467,2-s2.0-85209230554
39468,39469,2-s2.0-85209225016
39473,39474,2-s2.0-85209185274
39476,39477,2-s2.0-85209150665
39477,39478,2-s2.0-85209143263
39479,39480,2-s2.0-85209135481
39482,39483,2-s2.0-85209103618
39483,39484,2-s2.0-85209096986
39485,39486,2-s2.0-85209081078
39486,39487,2-s2.0-85209063082
39488,39489,2-s2.0-85208936596
39492,39493,2-s2.0-85208829143
39496,39497,2-s2.0-85208794331
39497,39498,2-s2.0-85208793806
39500,39501,2-s2.0-85208738736
39502,39503,2-s2.0-85208713794
39504,39505,2-s2.0-85208612157
39508,39509,2-s2.0-85208550403
39509,39510,2-s2.0-85208541633
39512,39513,2-s2.0-85208484876
39513,39514,2-s2.0-85208459619
39514,39515,2-s2.0-85208454395
39516,39517,2-s2.0-85208432898
39518,39519,2-s2.0-85208427843
39520,39521,2-s2.0-85208368006
39521,39522,2-s2.0-85208357045
39525,39526,2-s2.0-85208319203
39527,39528,2-s2.0-85208255856
39530,39531,2-s2.0-85208201495
39536,39537,2-s2.0-85208102233
39538,39539,2-s2.0-85207961123
39540,39541,2-s2.0-85207951119
39541,39542,2-s2.0-85207944826
39546,39547,2-s2.0-85207819953
39547,39548,2-s2.0-85207819468
39550,39551,2-s2.0-85207710598
39551,39552,2-s2.0-85207587533
39555,39556,2-s2.0-85207497766
39556,39557,2-s2.0-85207472630
39557,39558,2-s2.0-85207423480
39561,39562,2-s2.0-85207357329
39562,39563,2-s2.0-85207302985
39565,39566,2-s2.0-85207272143
39571,39572,2-s2.0-85207223516
39573,39574,2-s2.0-85207188246
39577,39578,2-s2.0-85207086352
39581,39582,2-s2.0-85207039935
39582,39583,2-s2.0-85207039889
39583,39584,2-s2.0-85207038858
39587,39588,2-s2.0-85206998583
39589,39590,2-s2.0-85206919927
39592,39593,2-s2.0-85206877956
39593,39594,2-s2.0-85206852121
39595,39596,2-s2.0-85206813723
39600,39601,2-s2.0-85206679950
39601,39602,2-s2.0-85206676945
39602,39603,2-s2.0-85206660039
39604,39605,2-s2.0-85206653050
39605,39606,2-s2.0-85206647725
39610,39611,2-s2.0-85206636634
39612,39613,2-s2.0-85206619920
39615,39616,2-s2.0-85206572389
39616,39617,2-s2.0-85206571776
39617,39618,2-s2.0-85206568621
39620,39621,2-s2.0-85206492320
39622,39623,2-s2.0-85206459193
39623,39624,2-s2.0-85206410222
39624,39625,2-s2.0-85206257867
39625,39626,2-s2.0-85206251859
39628,39629,2-s2.0-85206242381
39630,39631,2-s2.0-85206209986
39632,39633,2-s2.0-85206152208
39635,39636,2-s2.0-85206117728
39637,39638,2-s2.0-85206110852
39638,39639,2-s2.0-85206101012
39643,39644,2-s2.0-85206059944
39644,39645,2-s2.0-85206055744
39649,39650,2-s2.0-85206042581
39651,39652,2-s2.0-85206036648
39653,39654,2-s2.0-85206031917
39654,39655,2-s2.0-85206029672
39656,39657,2-s2.0-85206025471
39658,39659,2-s2.0-85205995808
39659,39660,2-s2.0-85205990320
39660,39661,2-s2.0-85205985291
39665,39666,2-s2.0-85205900762
39666,39667,2-s2.0-85205719945
39669,39670,2-s2.0-85205697627
39670,39671,2-s2.0-85205675303
39673,39674,2-s2.0-85205600709
39674,39675,2-s2.0-85205600036
39675,39676,2-s2.0-85205599515
39676,39677,2-s2.0-85205596004
39678,39679,2-s2.0-85205588255
39679,39680,2-s2.0-85205586232
39680,39681,2-s2.0-85205582906
39682,39683,2-s2.0-85205576558
39683,39684,2-s2.0-85205575216
39685,39686,2-s2.0-85205563161
39687,39688,2-s2.0-85205552328
39688,39689,2-s2.0-85205551561
39689,39690,2-s2.0-85205550635
39693,39694,2-s2.0-85205543696
39695,39696,2-s2.0-85205541079
39697,39698,2-s2.0-85205538005
39698,39699,2-s2.0-85205537606
39700,39701,2-s2.0-85205530714
39702,39703,2-s2.0-85205460047
39705,39706,2-s2.0-85205390601
39706,39707,2-s2.0-85205388146
39707,39708,2-s2.0-85205385457
39708,39709,2-s2.0-85205374001
39709,39710,2-s2.0-85205372248
39713,39714,2-s2.0-85205362684
39716,39717,2-s2.0-85205352623
39717,39718,2-s2.0-85205347444
39720,39721,2-s2.0-85205337249
39721,39722,2-s2.0-85205322718
39722,39723,2-s2.0-85205315321
39725,39726,2-s2.0-85205307616
39727,39728,2-s2.0-85205260000
39728,39729,2-s2.0-85205256270
39729,39730,2-s2.0-85205239841
39734,39735,2-s2.0-85205144606
39735,39736,2-s2.0-85205117816
39737,39738,2-s2.0-85205097716
39738,39739,2-s2.0-85205088504
39740,39741,2-s2.0-85205064279
39741,39742,2-s2.0-85205057993
39743,39744,2-s2.0-85205022610
39744,39745,2-s2.0-85204991599
39745,39746,2-s2.0-85204971197
39748,39749,2-s2.0-85204890885
39750,39751,2-s2.0-85204801764
39752,39753,2-s2.0-85204787512
39753,39754,2-s2.0-85204783481
39754,39755,2-s2.0-85204768086
39756,39757,2-s2.0-85204701272
39757,39758,2-s2.0-85204682341
39759,39760,2-s2.0-85204603668
39761,39762,2-s2.0-85204565399
39762,39763,2-s2.0-85204564491
39769,39770,2-s2.0-85204426943
39770,39771,2-s2.0-85204425836
39772,39773,2-s2.0-85204403299
39773,39774,2-s2.0-85204392123
39774,39775,2-s2.0-85204387587
39776,39777,2-s2.0-85204384956
39780,39781,2-s2.0-85204372690
39783,39784,2-s2.0-85204359839
39785,39786,2-s2.0-85204355778
39790,39791,2-s2.0-85204302498
39793,39794,2-s2.0-85204214312
39794,39795,2-s2.0-85204212776
39795,39796,2-s2.0-85204202614
39798,39799,2-s2.0-85204196264
39800,39801,2-s2.0-85204087437
39802,39803,2-s2.0-85204076195
39807,39808,2-s2.0-85204006711
39809,39810,2-s2.0-85203880146
39810,39811,2-s2.0-85203874008
39812,39813,2-s2.0-85203841711
39815,39816,2-s2.0-85203822448
39816,39817,2-s2.0-85203822447
39817,39818,2-s2.0-85203820342
39822,39823,2-s2.0-85203709663
39823,39824,2-s2.0-85203708522
39827,39828,2-s2.0-85203669038
39828,39829,2-s2.0-85203599967
39830,39831,2-s2.0-85203583219
39833,39834,2-s2.0-85203580997
39835,39836,2-s2.0-85203542155
39837,39838,2-s2.0-85203499980
39838,39839,2-s2.0-85203459748
39839,39840,2-s2.0-85203449273
39841,39842,2-s2.0-85203346740
39842,39843,2-s2.0-85203341420
39843,39844,2-s2.0-85203324493
39846,39847,2-s2.0-85203200857
39848,39849,2-s2.0-85203084007
39851,39852,2-s2.0-85203021955
39854,39855,2-s2.0-85202973922
39856,39857,2-s2.0-85202956556
39857,39858,2-s2.0-85202937852
39859,39860,2-s2.0-85202927766
39860,39861,2-s2.0-85202927376
39864,39865,2-s2.0-85202911568
39866,39867,2-s2.0-85202894014
39868,39869,2-s2.0-85202845708
39871,39872,2-s2.0-85202823610
39877,39878,2-s2.0-85202737965
39878,39879,2-s2.0-85202720023
39879,39880,2-s2.0-85202605484
39881,39882,2-s2.0-85202578371
39883,39884,2-s2.0-85202550916
39885,39886,2-s2.0-85202536459
39886,39887,2-s2.0-85202526359
39891,39892,2-s2.0-85202453999
39893,39894,2-s2.0-85202214371
39894,39895,2-s2.0-85202209037
39895,39896,2-s2.0-85202205904
39896,39897,2-s2.0-85202182008
39897,39898,2-s2.0-85202177505
39900,39901,2-s2.0-85202154963
39903,39904,2-s2.0-85202044951
39904,39905,2-s2.0-85202033958
39906,39907,2-s2.0-85202017726
39907,39908,2-s2.0-85201977676
39910,39911,2-s2.0-85201963718
39912,39913,2-s2.0-85201958687
39913,39914,2-s2.0-85201940154
39914,39915,2-s2.0-85201937221
39918,39919,2-s2.0-85201830240
39920,39921,2-s2.0-85201794830
39924,39925,2-s2.0-85201729912
39925,39926,2-s2.0-85201726082
39926,39927,2-s2.0-85201717099
39929,39930,2-s2.0-85201706676
39930,39931,2-s2.0-85201675448
39932,39933,2-s2.0-85201643117
39937,39938,2-s2.0-85201440942
39938,39939,2-s2.0-85201429428
39941,39942,2-s2.0-85201416271
39942,39943,2-s2.0-85201414086
39943,39944,2-s2.0-85201410459
39945,39946,2-s2.0-85201397941
39947,39948,2-s2.0-85201382796
39949,39950,2-s2.0-85201381813
39950,39951,2-s2.0-85201380695
39952,39953,2-s2.0-85201370861
39954,39955,2-s2.0-85201365981
39961,39962,2-s2.0-85201282888
39965,39966,2-s2.0-85201219309
39966,39967,2-s2.0-85201217409
39968,39969,2-s2.0-85201209977
39975,39976,2-s2.0-85200996722
39977,39978,2-s2.0-85200963867
39984,39985,2-s2.0-85200816872
39985,39986,2-s2.0-85200810902
39986,39987,2-s2.0-85200801209
39989,39990,2-s2.0-85200789826
39994,39995,2-s2.0-85200765477
39995,39996,2-s2.0-85200756856
39997,39998,2-s2.0-85200741106
39999,40000,2-s2.0-85200725445
40003,40004,2-s2.0-85200692267
40005,40006,2-s2.0-85200657458
40006,40007,2-s2.0-85200648164
40007,40008,2-s2.0-85200601697
40008,40009,2-s2.0-85200595926
40010,40011,2-s2.0-85200576219
40011,40012,2-s2.0-85200571133
40012,40013,2-s2.0-85200569030
40013,40014,2-s2.0-85200567748
40014,40015,2-s2.0-85200565385
40017,40018,2-s2.0-85200551961
40019,40020,2-s2.0-85200549278
40020,40021,2-s2.0-85200545471
40022,40023,2-s2.0-85200537565
40023,40024,2-s2.0-85200536936
40024,40025,2-s2.0-85200517180
40025,40026,2-s2.0-85200517096
40026,40027,2-s2.0-85200516955
40029,40030,2-s2.0-85200510340
40030,40031,2-s2.0-85200509470
40031,40032,2-s2.0-85200503673
40032,40033,2-s2.0-85200495331
40033,40034,2-s2.0-85200493665
40037,40038,2-s2.0-85200484983
40038,40039,2-s2.0-85200479773
40042,40043,2-s2.0-85200458301
40043,40044,2-s2.0-85200452527
40044,40045,2-s2.0-85200452182
40046,40047,2-s2.0-85200435433
40050,40051,2-s2.0-85200399597
40053,40054,2-s2.0-85200392928
40054,40055,2-s2.0-85200387681
40055,40056,2-s2.0-85200385903
40058,40059,2-s2.0-85200377017
40063,40064,2-s2.0-85200361644
40064,40065,2-s2.0-85200359072
40065,40066,2-s2.0-85200353119
40067,40068,2-s2.0-85200345052
40068,40069,2-s2.0-85200343405
40071,40072,2-s2.0-85200331404
40072,40073,2-s2.0-85200328913
40077,40078,2-s2.0-85200271081
40078,40079,2-s2.0-85200268858
40080,40081,2-s2.0-85200264723
40081,40082,2-s2.0-85200263593
40084,40085,2-s2.0-85200253608
40085,40086,2-s2.0-85200252262
40086,40087,2-s2.0-85200250274
40089,40090,2-s2.0-85200220675
40091,40092,2-s2.0-85200216921
40093,40094,2-s2.0-85200208907
40094,40095,2-s2.0-85200207579
40095,40096,2-s2.0-85200203575
40096,40097,2-s2.0-85200154320
40099,40100,2-s2.0-85200128276
40100,40101,2-s2.0-85200040487
40103,40104,2-s2.0-85200032710
40104,40105,2-s2.0-85200011383
40106,40107,2-s2.0-85199997804
40107,40108,2-s2.0-85199971979
40108,40109,2-s2.0-85199970375
40109,40110,2-s2.0-85199918946
40110,40111,2-s2.0-85199887681
40113,40114,2-s2.0-85199778222
40115,40116,2-s2.0-85199765387
40116,40117,2-s2.0-85199760174
40118,40119,2-s2.0-85199754331
40119,40120,2-s2.0-85199662119
40121,40122,2-s2.0-85199644029
40127,40128,2-s2.0-85199613701
40129,40130,2-s2.0-85199611494
40131,40132,2-s2.0-85199602254
40134,40135,2-s2.0-85199589237
40137,40138,2-s2.0-85199581789
40138,40139,2-s2.0-85199569225
40142,40143,2-s2.0-85199537132
40144,40145,2-s2.0-85199503962
40145,40146,2-s2.0-85199493540
40148,40149,2-s2.0-85199431092
40152,40153,2-s2.0-85199349606
40155,40156,2-s2.0-85199323581
40157,40158,2-s2.0-85199303327
40161,40162,2-s2.0-85199200159
40164,40165,2-s2.0-85199182683
40165,40166,2-s2.0-85199181299
40169,40170,2-s2.0-85199159526
40172,40173,2-s2.0-85199135738
40175,40176,2-s2.0-85199115005
40176,40177,2-s2.0-85199113108
40180,40181,2-s2.0-85199098584
40182,40183,2-s2.0-85199090677
40184,40185,2-s2.0-85199086239
40185,40186,2-s2.0-85199082959
40186,40187,2-s2.0-85199082775
40189,40190,2-s2.0-85199074207
40190,40191,2-s2.0-85199073726
40193,40194,2-s2.0-85199063314
40194,40195,2-s2.0-85199062647
40197,40198,2-s2.0-85199054232
40202,40203,2-s2.0-85199043429
40205,40206,2-s2.0-85199033851
40206,40207,2-s2.0-85199033283
40208,40209,2-s2.0-85199031214
40209,40210,2-s2.0-85199029802
40210,40211,2-s2.0-85199027722
40211,40212,2-s2.0-85199023950
40214,40215,2-s2.0-85198754868
40217,40218,2-s2.0-85198707162
40218,40219,2-s2.0-85198706596
40219,40220,2-s2.0-85198699778
40223,40224,2-s2.0-85198642033
40225,40226,2-s2.0-85198631750
40227,40228,2-s2.0-85198587170
40228,40229,2-s2.0-85198544001
40229,40230,2-s2.0-85198541479
40230,40231,2-s2.0-85198519597
40234,40235,2-s2.0-85198436831
40236,40237,2-s2.0-85198392420
40240,40241,2-s2.0-85198380171
40241,40242,2-s2.0-85198379113
40244,40245,2-s2.0-85198370059
40245,40246,2-s2.0-85198368486
40248,40249,2-s2.0-85198358260
40249,40250,2-s2.0-85198352783
40251,40252,2-s2.0-85198350583
40253,40254,2-s2.0-85198343448
40256,40257,2-s2.0-85198324325
40257,40258,2-s2.0-85198322981
40259,40260,2-s2.0-85198228469
40260,40261,2-s2.0-85198227216
40262,40263,2-s2.0-85198224305
40265,40266,2-s2.0-85198215186
40266,40267,2-s2.0-85198210875
40267,40268,2-s2.0-85198205073
40270,40271,2-s2.0-85198153351
40271,40272,2-s2.0-85198129752
40274,40275,2-s2.0-85198048966
40279,40280,2-s2.0-85197922351
40283,40284,2-s2.0-85197814232
40284,40285,2-s2.0-85197804587
40285,40286,2-s2.0-85197800728
40286,40287,2-s2.0-85197798790
40287,40288,2-s2.0-85197793036
40290,40291,2-s2.0-85197741352
40291,40292,2-s2.0-85197735451
40292,40293,2-s2.0-85197726929
40295,40296,2-s2.0-85197654527
40297,40298,2-s2.0-85197582323
40298,40299,2-s2.0-85197580126
40299,40300,2-s2.0-85197562782
40301,40302,2-s2.0-85197501670
40306,40307,2-s2.0-85197429621
40307,40308,2-s2.0-85197415402
40308,40309,2-s2.0-85197407349
40309,40310,2-s2.0-85197383172
40311,40312,2-s2.0-85197369987
40312,40313,2-s2.0-85197308792
40313,40314,2-s2.0-85197289174
40315,40316,2-s2.0-85197264325
40316,40317,2-s2.0-85197258585
40317,40318,2-s2.0-85197254080
40325,40326,2-s2.0-85197098011
40327,40328,2-s2.0-85196963696
40331,40332,2-s2.0-85196899403
40336,40337,2-s2.0-85196838964
40339,40340,2-s2.0-85196756812
40346,40347,2-s2.0-85196650854
40347,40348,2-s2.0-85196644394
40349,40350,2-s2.0-85196581953
40354,40355,2-s2.0-85196392793
40355,40356,2-s2.0-85196355533
40359,40360,2-s2.0-85196260018
40361,40362,2-s2.0-85196170257
40363,40364,2-s2.0-85196165943
40364,40365,2-s2.0-85196165897
40365,40366,2-s2.0-85196161811
40367,40368,2-s2.0-85196148711
40372,40373,2-s2.0-85196076889
40374,40375,2-s2.0-85195988562
40377,40378,2-s2.0-85195926500
40384,40385,2-s2.0-85195766283
40385,40386,2-s2.0-85195741823
40386,40387,2-s2.0-85195695778
40387,40388,2-s2.0-85195678923
40388,40389,2-s2.0-85195655001
40390,40391,2-s2.0-85195579480
40391,40392,2-s2.0-85195575593
40393,40394,2-s2.0-85195559360
40395,40396,2-s2.0-85195542147
40397,40398,2-s2.0-85195478511
40398,40399,2-s2.0-85195464907
40403,40404,2-s2.0-85195411829
40404,40405,2-s2.0-85195394754
40406,40407,2-s2.0-85195380922
40409,40410,2-s2.0-85195364294
40411,40412,2-s2.0-85195315077
40412,40413,2-s2.0-85195308023
40417,40418,2-s2.0-85195254247
40419,40420,2-s2.0-85195215610
40420,40421,2-s2.0-85195175244
40422,40423,2-s2.0-85195127542
40426,40427,2-s2.0-85195020165
40427,40428,2-s2.0-85195019590
40429,40430,2-s2.0-85194920129
40430,40431,2-s2.0-85194889513
40431,40432,2-s2.0-85194885993
40432,40433,2-s2.0-85194881717
40433,40434,2-s2.0-85194828027
40437,40438,2-s2.0-85194756417
40439,40440,2-s2.0-85194711879
40440,40441,2-s2.0-85194566167
40441,40442,2-s2.0-85194496998
40444,40445,2-s2.0-85194472260
40453,40454,2-s2.0-85194252661
40454,40455,2-s2.0-85194249224
40455,40456,2-s2.0-85194242912
40456,40457,2-s2.0-85194230524
40457,40458,2-s2.0-85194178002
40463,40464,2-s2.0-85193995236
40464,40465,2-s2.0-85193994726
40465,40466,2-s2.0-85193984925
40470,40471,2-s2.0-85193922159
40473,40474,2-s2.0-85193862358
40476,40477,2-s2.0-85193779734
40477,40478,2-s2.0-85193748868
40481,40482,2-s2.0-85193691456
40483,40484,2-s2.0-85193686795
40485,40486,2-s2.0-85193682598
40486,40487,2-s2.0-85193589139
40492,40493,2-s2.0-85193269640
40493,40494,2-s2.0-85193264571
40494,40495,2-s2.0-85193262935
40496,40497,2-s2.0-85193255702
40497,40498,2-s2.0-85193249714
40498,40499,2-s2.0-85193246649
40500,40501,2-s2.0-85193213549
40501,40502,2-s2.0-85193084920
40504,40505,2-s2.0-85193005626
40506,40507,2-s2.0-85193003007
40507,40508,2-s2.0-85192986729
40508,40509,2-s2.0-85192977910
40512,40513,2-s2.0-85192883308
40513,40514,2-s2.0-85192879039
40514,40515,2-s2.0-85192877225
40515,40516,2-s2.0-85192857675
40523,40524,2-s2.0-85192772748
40528,40529,2-s2.0-85192697916
40530,40531,2-s2.0-85192628539
40531,40532,2-s2.0-85192569546
40532,40533,2-s2.0-85192567903
40535,40536,2-s2.0-85192539939
40538,40539,2-s2.0-85192510706
40539,40540,2-s2.0-85192485434
40540,40541,2-s2.0-85192296881
40542,40543,2-s2.0-85192272711
40545,40546,2-s2.0-85192196612
40547,40548,2-s2.0-85192184761
40549,40550,2-s2.0-85192143974
40551,40552,2-s2.0-85192137546
40552,40553,2-s2.0-85192092347
40553,40554,2-s2.0-85192085798
40556,40557,2-s2.0-85192018096
40557,40558,2-s2.0-85192017446
40559,40560,2-s2.0-85192010112
40560,40561,2-s2.0-85192009758
40562,40563,2-s2.0-85192002106
40566,40567,2-s2.0-85191961795
40571,40572,2-s2.0-85191841784
40574,40575,2-s2.0-85191827089
40575,40576,2-s2.0-85191809044
40578,40579,2-s2.0-85191724804
40580,40581,2-s2.0-85191710357
40584,40585,2-s2.0-85191551769
40585,40586,2-s2.0-85191480850
40586,40587,2-s2.0-85191470768
40587,40588,2-s2.0-85191394280
40588,40589,2-s2.0-85191370607
40589,40590,2-s2.0-85191339969
40591,40592,2-s2.0-85191326066
40598,40599,2-s2.0-85191083369
40599,40600,2-s2.0-85191071305
40600,40601,2-s2.0-85191066041
40602,40603,2-s2.0-85191019128
40604,40605,2-s2.0-85190988898
40606,40607,2-s2.0-85190966758
40613,40614,2-s2.0-85190674209
40615,40616,2-s2.0-85190550161
40616,40617,2-s2.0-85190476531
40617,40618,2-s2.0-85190384707
40620,40621,2-s2.0-85190375415
40621,40622,2-s2.0-85190369061
40623,40624,2-s2.0-85190363745
40628,40629,2-s2.0-85190257593
40629,40630,2-s2.0-85190254993
40630,40631,2-s2.0-85190254427
40631,40632,2-s2.0-85190234214
40632,40633,2-s2.0-85190172823
40634,40635,2-s2.0-85190123799
40635,40636,2-s2.0-85190065481
40638,40639,2-s2.0-85189964784
40639,40640,2-s2.0-85189920013
40644,40645,2-s2.0-85189824908
40645,40646,2-s2.0-85189824756
40650,40651,2-s2.0-85189666751
40653,40654,2-s2.0-85189619583
40654,40655,2-s2.0-85189609696
40657,40658,2-s2.0-85189532927
40659,40660,2-s2.0-85189513408
40665,40666,2-s2.0-85189452604
40666,40667,2-s2.0-85189450148
40668,40669,2-s2.0-85189433780
40672,40673,2-s2.0-85189358816
40673,40674,2-s2.0-85189342935
40675,40676,2-s2.0-85189311817
40676,40677,2-s2.0-85189289208
40677,40678,2-s2.0-85189284239
40679,40680,2-s2.0-85189184630
40681,40682,2-s2.0-85189144010
40684,40685,2-s2.0-85189041760
40685,40686,2-s2.0-85189030801
40688,40689,2-s2.0-85188959879
40689,40690,2-s2.0-85188959555
40691,40692,2-s2.0-85188917730
40692,40693,2-s2.0-85188907136
40694,40695,2-s2.0-85188842022
40695,40696,2-s2.0-85188834445
40696,40697,2-s2.0-85188820351
40699,40700,2-s2.0-85188640342
40701,40702,2-s2.0-85188605133
40702,40703,2-s2.0-85188582882
40703,40704,2-s2.0-85188577557
40704,40705,2-s2.0-85188548029
40706,40707,2-s2.0-85188443801
40708,40709,2-s2.0-85188347838
40710,40711,2-s2.0-85188338852
40712,40713,2-s2.0-85188328146
40713,40714,2-s2.0-85188325455
40718,40719,2-s2.0-85188240392
40720,40721,2-s2.0-85188139570
40721,40722,2-s2.0-85188138644
40725,40726,2-s2.0-85188084504
40726,40727,2-s2.0-85188082783
40730,40731,2-s2.0-85187891036
40731,40732,2-s2.0-85187882564
40732,40733,2-s2.0-85187877588
40733,40734,2-s2.0-85187877470
40734,40735,2-s2.0-85187867052
40736,40737,2-s2.0-85187785975
40737,40738,2-s2.0-85187783972
40738,40739,2-s2.0-85187783925
40742,40743,2-s2.0-85187659342
40743,40744,2-s2.0-85187621827
40746,40747,2-s2.0-85187466487
40747,40748,2-s2.0-85187427821
40752,40753,2-s2.0-85187251749
40755,40756,2-s2.0-85187199097
40758,40759,2-s2.0-85187171570
40761,40762,2-s2.0-85187133801
40762,40763,2-s2.0-85187119654
40763,40764,2-s2.0-85187113863
40766,40767,2-s2.0-85187013115
40767,40768,2-s2.0-85187011662
40769,40770,2-s2.0-85186943628
40770,40771,2-s2.0-85186938864
40772,40773,2-s2.0-85186918662
40775,40776,2-s2.0-85186893936
40776,40777,2-s2.0-85186877227
40778,40779,2-s2.0-85186725430
40779,40780,2-s2.0-85186715578
40782,40783,2-s2.0-85186704890
40785,40786,2-s2.0-85186600174
40786,40787,2-s2.0-85186585514
40787,40788,2-s2.0-85186582759
40788,40789,2-s2.0-85186570037
40789,40790,2-s2.0-85186569609
40795,40796,2-s2.0-85186455925
40796,40797,2-s2.0-85186441611
40798,40799,2-s2.0-85186410928
40804,40805,2-s2.0-85186262386
40805,40806,2-s2.0-85186243209
40807,40808,2-s2.0-85186230646
40809,40810,2-s2.0-85186226065
40813,40814,2-s2.0-85185931037
40814,40815,2-s2.0-85185930861
40816,40817,2-s2.0-85185723900
40817,40818,2-s2.0-85185711985
40818,40819,2-s2.0-85185706287
40819,40820,2-s2.0-85185705211
40822,40823,2-s2.0-85185694688
40824,40825,2-s2.0-85185658352
40825,40826,2-s2.0-85185592249
40827,40828,2-s2.0-85185528346
40828,40829,2-s2.0-85185527251
40829,40830,2-s2.0-85185525103
40831,40832,2-s2.0-85185509455
40834,40835,2-s2.0-85185468324
40835,40836,2-s2.0-85185440625
40838,40839,2-s2.0-85185335694
40842,40843,2-s2.0-85185196314
40843,40844,2-s2.0-85185181880
40844,40845,2-s2.0-85185175018
40845,40846,2-s2.0-85185173260
40847,40848,2-s2.0-85185169475
40848,40849,2-s2.0-85185164341
40850,40851,2-s2.0-85185127637
40851,40852,2-s2.0-85185006494
40852,40853,2-s2.0-85184938493
40853,40854,2-s2.0-85184923673
40857,40858,2-s2.0-85184883971
40858,40859,2-s2.0-85184870192
40860,40861,2-s2.0-85184865550
40862,40863,2-s2.0-85184824950
40864,40865,2-s2.0-85184804036
40867,40868,2-s2.0-85184667173
40868,40869,2-s2.0-85184608819
40870,40871,2-s2.0-85184545584
40871,40872,2-s2.0-85184477602
40872,40873,2-s2.0-85184475766
40876,40877,2-s2.0-85184398974
40878,40879,2-s2.0-85184369541
40879,40880,2-s2.0-85184368094
40880,40881,2-s2.0-85184331421
40886,40887,2-s2.0-85184288818
40887,40888,2-s2.0-85184278399
40889,40890,2-s2.0-85184250170
40890,40891,2-s2.0-85184244876
40891,40892,2-s2.0-85184204292
40892,40893,2-s2.0-85184196623
40893,40894,2-s2.0-85184172158
40894,40895,2-s2.0-85184162961
40896,40897,2-s2.0-85184135736
40899,40900,2-s2.0-85183904029
40900,40901,2-s2.0-85183848624
40901,40902,2-s2.0-85183777840
40903,40904,2-s2.0-85183737144
40905,40906,2-s2.0-85183710760
40907,40908,2-s2.0-85183645082
40908,40909,2-s2.0-85183514117
40909,40910,2-s2.0-85183445123
40911,40912,2-s2.0-85183413398
40914,40915,2-s2.0-85183384648
40916,40917,2-s2.0-85183349279
40917,40918,2-s2.0-85183341422
40923,40924,2-s2.0-85183147317
40925,40926,2-s2.0-85183110169
40928,40929,2-s2.0-85183094496
40929,40930,2-s2.0-85183035895
40932,40933,2-s2.0-85182949306
40933,40934,2-s2.0-85182942226
40934,40935,2-s2.0-85182930888
40935,40936,2-s2.0-85182905674
40936,40937,2-s2.0-85182889052
40938,40939,2-s2.0-85182798699
40940,40941,2-s2.0-85182734519
40948,40949,2-s2.0-85182101370
40949,40950,2-s2.0-85182093114
40951,40952,2-s2.0-85182009896
40952,40953,2-s2.0-85181943238
40954,40955,2-s2.0-85181894472
40956,40957,2-s2.0-85181802467
40957,40958,2-s2.0-85181756244
40959,40960,2-s2.0-85181497912
40968,40969,2-s2.0-85180834433
40970,40971,2-s2.0-85180806929
40971,40972,2-s2.0-85180667882
40974,40975,2-s2.0-85180347322
40975,40976,2-s2.0-85180339437
40976,40977,2-s2.0-85180252694
40979,40980,2-s2.0-85180093068
40980,40981,2-s2.0-85180092014
40981,40982,2-s2.0-85180088549
40982,40983,2-s2.0-85180072997
40984,40985,2-s2.0-85179957782
40985,40986,2-s2.0-85179909193
40986,40987,2-s2.0-85179792688
40987,40988,2-s2.0-85179747581
40993,40994,2-s2.0-85179308869
40995,40996,2-s2.0-85179031288
40996,40997,2-s2.0-85178633819
40997,40998,2-s2.0-85178485036
41001,41002,2-s2.0-85177486953
41003,41004,2-s2.0-85177193239
41004,41005,2-s2.0-85176960873
41009,41010,2-s2.0-85176259458
41010,41011,2-s2.0-85176229712
41012,41013,2-s2.0-85176211521
41013,41014,2-s2.0-85176123984
41014,41015,2-s2.0-85175959146
41015,41016,2-s2.0-85175947756
41017,41018,2-s2.0-85175561053
41020,41021,2-s2.0-85175066049
41024,41025,2-s2.0-85174820245
41027,41028,2-s2.0-85174720011
41028,41029,2-s2.0-85174686461
41030,41031,2-s2.0-85174579056
41031,41032,2-s2.0-85174407333
41033,41034,2-s2.0-85174049916
41034,41035,2-s2.0-85174039617
41037,41038,2-s2.0-85173774821
41039,41040,2-s2.0-85173551065
41042,41043,2-s2.0-85173484090
41045,41046,2-s2.0-85172733173
41050,41051,2-s2.0-85170290635
41051,41052,2-s2.0-85170290366
41053,41054,2-s2.0-85170272899
41054,41055,2-s2.0-85170268463
41055,41056,2-s2.0-85169890851
41056,41057,2-s2.0-85169565876
41059,41060,2-s2.0-85168326026
41061,41062,2-s2.0-85168006025
41063,41064,2-s2.0-85166768205
41068,41069,2-s2.0-85165909058
41070,41071,2-s2.0-85165511443
41076,41077,2-s2.0-85163009868
41078,41079,2-s2.0-85162686237
41080,41081,2-s2.0-85162231080
41081,41082,2-s2.0-85161683459
41083,41084,2-s2.0-85161542656
41084,41085,2-s2.0-85161531006
41088,41089,2-s2.0-85160086970
41090,41091,2-s2.0-85159663350
41095,41096,2-s2.0-85158893985
41097,41098,2-s2.0-85153823072
41102,41103,2-s2.0-85152438738
41105,41106,2-s2.0-85151966582
41106,41107,2-s2.0-85150976488
41108,41109,2-s2.0-85150841866
41109,41110,2-s2.0-85150817245
41113,41114,2-s2.0-85150505252
41114,41115,2-s2.0-85149800996
41115,41116,2-s2.0-85149775169
41122,41123,2-s2.0-85148498743
41123,41124,2-s2.0-85147806439
41127,41128,2-s2.0-85147566020
41128,41129,2-s2.0-85147304646
41129,41130,2-s2.0-85147222266
41131,41132,2-s2.0-85146992154
41134,41135,2-s2.0-85146678501
41135,41136,2-s2.0-85146670187
41137,41138,2-s2.0-85146453410
41138,41139,2-s2.0-85146243897
41144,41145,2-s2.0-85144254843
41150,41151,2-s2.0-85142494217
41152,41153,2-s2.0-85142378157
41154,41155,2-s2.0-85141055115
41155,41156,2-s2.0-85140406063
41156,41157,2-s2.0-85139950102
41158,41159,2-s2.0-85139831625
41160,41161,2-s2.0-85139252826
41161,41162,2-s2.0-85139137566
41162,41163,2-s2.0-85139123124
41163,41164,2-s2.0-85139069538
41166,41167,2-s2.0-85138236266
41168,41169,2-s2.0-85137109187
41173,41174,2-s2.0-85135442356
41176,41177,2-s2.0-85134712680
41185,41186,2-s2.0-85131078123
41186,41187,2-s2.0-85131058193
41187,41188,2-s2.0-85130611497
41188,41189,2-s2.0-85130262601
41190,41191,2-s2.0-85130039352
41191,41192,2-s2.0-85129282109
41193,41194,2-s2.0-85129185408
41194,41195,2-s2.0-85128230105
41195,41196,2-s2.0-85127274804
41196,41197,2-s2.0-85127239778
41197,41198,2-s2.0-85126561583
41206,41207,2-s2.0-85123848625
41207,41208,2-s2.0-85123424549
41208,41209,2-s2.0-85122521841
41209,41210,2-s2.0-85121839487
41210,41211,2-s2.0-85118461951
41212,41213,2-s2.0-85114014457
41214,41215,2-s2.0-85106233370
41215,41216,2-s2.0-85105329676
41216,41217,2-s2.0-85101917626
41217,41218,2-s2.0-85063679186
41220,41221,2-s2.0-105010531583
41221,41222,2-s2.0-105010518224
41223,41224,2-s2.0-105010492688
41224,41225,2-s2.0-105010486147
41225,41226,2-s2.0-105010484435
41226,41227,2-s2.0-105010435428
41227,41228,2-s2.0-105010414467
41228,41229,2-s2.0-105010238679
41229,41230,2-s2.0-105009858290
41230,41231,2-s2.0-105009582088
41232,41233,2-s2.0-105009322179
41233,41234,2-s2.0-105009319851
41234,41235,2-s2.0-105009206183
41235,41236,2-s2.0-105009056214
41237,41238,2-s2.0-105008602035
41238,41239,2-s2.0-105008228475
41240,41241,2-s2.0-105008170632
41242,41243,2-s2.0-105008054078
41243,41244,2-s2.0-105008053109
41244,41245,2-s2.0-105008051799
41255,41256,2-s2.0-105007584305
41259,41260,2-s2.0-105007409803
41261,41262,2-s2.0-105006849360
41262,41263,2-s2.0-105006744010
41263,41264,2-s2.0-105006708479
41265,41266,2-s2.0-105005907132
41266,41267,2-s2.0-105005881799
41268,41269,2-s2.0-105005836368
41270,41271,2-s2.0-105005834283
41273,41274,2-s2.0-105005833330
41275,41276,2-s2.0-105005833005
41276,41277,2-s2.0-105005832998
41277,41278,2-s2.0-105005832914
41281,41282,2-s2.0-105005831780
41283,41284,2-s2.0-105005830204
41284,41285,2-s2.0-105005829838
41286,41287,2-s2.0-105005829563
41288,41289,2-s2.0-105005829036
41292,41293,2-s2.0-105005827366
41293,41294,2-s2.0-105005827130
41298,41299,2-s2.0-105005826211
41299,41300,2-s2.0-105005826145
41302,41303,2-s2.0-105005825393
41305,41306,2-s2.0-105005701880
41307,41308,2-s2.0-105005699956
41308,41309,2-s2.0-105005698033
41309,41310,2-s2.0-105005677876
41313,41314,2-s2.0-105005602273
41314,41315,2-s2.0-105005593283
41318,41319,2-s2.0-105004953482
41319,41320,2-s2.0-105004893789
41323,41324,2-s2.0-105004551342
41324,41325,2-s2.0-105004547498
41330,41331,2-s2.0-105004521678
41331,41332,2-s2.0-105004521253
41333,41334,2-s2.0-105004511443
41335,41336,2-s2.0-105004509012
41336,41337,2-s2.0-105004410039
41337,41338,2-s2.0-105004342342
41339,41340,2-s2.0-105004125172
41340,41341,2-s2.0-105004117541
41345,41346,2-s2.0-105003960612
41348,41349,2-s2.0-105003837076
41349,41350,2-s2.0-105003749545
41350,41351,2-s2.0-105003733111
41351,41352,2-s2.0-105003702575
41354,41355,2-s2.0-105003352681
41356,41357,2-s2.0-105003241819
41362,41363,2-s2.0-105002701715
41364,41365,2-s2.0-105002293801
41365,41366,2-s2.0-105002209444
41367,41368,2-s2.0-105002206285
41372,41373,2-s2.0-105002200969
41374,41375,2-s2.0-105002200323
41377,41378,2-s2.0-105002189005
41380,41381,2-s2.0-105002141570
41382,41383,2-s2.0-105001897670
41383,41384,2-s2.0-105001894485
41386,41387,2-s2.0-105001857762
41387,41388,2-s2.0-105001851405
41388,41389,2-s2.0-105001663886
41389,41390,2-s2.0-105001663071
41393,41394,2-s2.0-105001613978
41394,41395,2-s2.0-105001585990
41396,41397,2-s2.0-105001313835
41399,41400,2-s2.0-105000816331
41402,41403,2-s2.0-105000805444
41406,41407,2-s2.0-105000785312
41409,41410,2-s2.0-105000774583
41411,41412,2-s2.0-105000764034
41412,41413,2-s2.0-105000761204
41414,41415,2-s2.0-105000757996
41415,41416,2-s2.0-105000755744
41418,41419,2-s2.0-105000743391
41420,41421,2-s2.0-105000734873
41423,41424,2-s2.0-105000716590
41426,41427,2-s2.0-105000709084
41427,41428,2-s2.0-105000709032
41430,41431,2-s2.0-105000701594
41431,41432,2-s2.0-105000699997
41432,41433,2-s2.0-105000697523
41433,41434,2-s2.0-105000695231
41434,41435,2-s2.0-105000692703
41437,41438,2-s2.0-105000681669
41445,41446,2-s2.0-105000651482
41447,41448,2-s2.0-105000647694
41450,41451,2-s2.0-105000616551
41452,41453,2-s2.0-105000612663
41454,41455,2-s2.0-105000527170
41457,41458,2-s2.0-105000409461
41458,41459,2-s2.0-105000391553
41462,41463,2-s2.0-105000214831
41463,41464,2-s2.0-105000190047
41467,41468,2-s2.0-105000073188
41468,41469,2-s2.0-105000045989
41472,41473,2-s2.0-85181204688
41477,41478,2-s2.0-85181572801
41479,41480,2-s2.0-85183771902
41480,41481,2-s2.0-85180565728
41485,41486,2-s2.0-85182650262
41486,41487,2-s2.0-85180597780
41488,41489,2-s2.0-85192186379
41491,41492,2-s2.0-85176888359
41492,41493,2-s2.0-85176885825
41493,41494,2-s2.0-85183527008
41494,41495,2-s2.0-85183502407
41495,41496,2-s2.0-85183501470
41497,41498,2-s2.0-85183479069
41500,41501,2-s2.0-85181570625
41501,41502,2-s2.0-85179170725
41502,41503,2-s2.0-105000871201
41503,41504,2-s2.0-85180548212
41504,41505,2-s2.0-85180385935
41505,41506,2-s2.0-85183577849
41506,41507,2-s2.0-85182290018
41507,41508,2-s2.0-85181560633
41508,41509,2-s2.0-85173996360
41510,41511,2-s2.0-85189158300
41513,41514,2-s2.0-85217428835
41514,41515,2-s2.0-85209217385
41515,41516,2-s2.0-85206935523
41520,41521,2-s2.0-85188438751
41522,41523,2-s2.0-85187895714
41524,41525,2-s2.0-85186105245
41525,41526,2-s2.0-85186065376
41526,41527,2-s2.0-85185483193
41527,41528,2-s2.0-85184936230
41531,41532,2-s2.0-85184389511
41532,41533,2-s2.0-85184172754
41534,41535,2-s2.0-85183837956
41535,41536,2-s2.0-85183732095
41536,41537,2-s2.0-85183358910
41540,41541,2-s2.0-85181774915
41541,41542,2-s2.0-85181773211
41544,41545,2-s2.0-85181763150
41545,41546,2-s2.0-85181761471
41546,41547,2-s2.0-85181541080
41550,41551,2-s2.0-85181537021
41553,41554,2-s2.0-85181038355
41554,41555,2-s2.0-85180900494
41557,41558,2-s2.0-85180663131
41558,41559,2-s2.0-85180643933
41559,41560,2-s2.0-85180638223
41560,41561,2-s2.0-85180275467
41562,41563,2-s2.0-85180208330
41567,41568,2-s2.0-85179827606
41569,41570,2-s2.0-85179772943
41570,41571,2-s2.0-85179766854
41571,41572,2-s2.0-85179699414
41575,41576,2-s2.0-85179320908
41577,41578,2-s2.0-85178626228
41579,41580,2-s2.0-85178563642
41581,41582,2-s2.0-85178214395
41583,41584,2-s2.0-85177735808
41584,41585,2-s2.0-85177468741
41591,41592,2-s2.0-85176309347
41595,41596,2-s2.0-85175626747
41597,41598,2-s2.0-85175486609
41598,41599,2-s2.0-85175421986
41599,41600,2-s2.0-85175099841
41600,41601,2-s2.0-85175081420
41601,41602,2-s2.0-85175069651
41602,41603,2-s2.0-85175066501
41603,41604,2-s2.0-85175066064
41605,41606,2-s2.0-85175024478
41606,41607,2-s2.0-85174956339
41607,41608,2-s2.0-85174942229
41611,41612,2-s2.0-85174270985
41612,41613,2-s2.0-85174217003
41613,41614,2-s2.0-85174213871
41615,41616,2-s2.0-85173751416
41617,41618,2-s2.0-85173675765
41618,41619,2-s2.0-85173641892
41619,41620,2-s2.0-85173516296
41621,41622,2-s2.0-85172895527
41623,41624,2-s2.0-85171797223
41624,41625,2-s2.0-85171578782
41626,41627,2-s2.0-85171485807
41627,41628,2-s2.0-85171183415
41628,41629,2-s2.0-85171002951
41631,41632,2-s2.0-85169703059
41632,41633,2-s2.0-85168949590
41634,41635,2-s2.0-85168573936
41639,41640,2-s2.0-85167464326
41641,41642,2-s2.0-85166984118
41645,41646,2-s2.0-85166422706
41646,41647,2-s2.0-85165302874
41648,41649,2-s2.0-85164659720
41649,41650,2-s2.0-85164204828
41651,41652,2-s2.0-85163651956
41652,41653,2-s2.0-85163088803
41653,41654,2-s2.0-85163043100
41654,41655,2-s2.0-85162810647
41655,41656,2-s2.0-85162795683
41664,41665,2-s2.0-85160278220
41665,41666,2-s2.0-85160068897
41666,41667,2-s2.0-85159947636
41668,41669,2-s2.0-85159057509
41671,41672,2-s2.0-85158832034
41672,41673,2-s2.0-85158151212
41677,41678,2-s2.0-85151714140
41680,41681,2-s2.0-85151416945
41681,41682,2-s2.0-85151068932
41682,41683,2-s2.0-85150791908
41686,41687,2-s2.0-85149209614
41689,41690,2-s2.0-85147350157
41693,41694,2-s2.0-85146579732
41694,41695,2-s2.0-85146388065
41697,41698,2-s2.0-85145069092
41698,41699,2-s2.0-85144907746
41699,41700,2-s2.0-85142535414
41703,41704,2-s2.0-85139056703
41705,41706,2-s2.0-85132609781
41708,41709,2-s2.0-85124257505
41711,41712,2-s2.0-85176887018
41716,41717,2-s2.0-85179875126
41717,41718,2-s2.0-85179874491
41718,41719,2-s2.0-85175674898
41719,41720,2-s2.0-85175674589
41720,41721,2-s2.0-85175673920
41721,41722,2-s2.0-85175673532
41722,41723,2-s2.0-85175672170
41724,41725,2-s2.0-85175669752
41727,41728,2-s2.0-85175666448
41730,41731,2-s2.0-85195278154
41731,41732,2-s2.0-85178314095
41732,41733,2-s2.0-85197402208
41735,41736,2-s2.0-85182602451
41736,41737,2-s2.0-105005419750
41737,41738,2-s2.0-85203115822
41738,41739,2-s2.0-85203111798
41739,41740,2-s2.0-85179860852
41740,41741,2-s2.0-85179856760
41741,41742,2-s2.0-85179781408
41744,41745,2-s2.0-85179835410
41752,41753,2-s2.0-105001598064
41754,41755,2-s2.0-105001582191
41755,41756,2-s2.0-105001563377
41756,41757,2-s2.0-105001561257
41757,41758,2-s2.0-105001545760
41761,41762,2-s2.0-85199228521
41764,41765,2-s2.0-85183161721
41765,41766,2-s2.0-85183142474
41766,41767,2-s2.0-85183097230
41767,41768,2-s2.0-85182458072
41768,41769,2-s2.0-85182384853
41769,41770,2-s2.0-85181687975
41771,41772,2-s2.0-85181239038
41773,41774,2-s2.0-85180520107
41774,41775,2-s2.0-85179463290
41775,41776,2-s2.0-85179107131
41776,41777,2-s2.0-85179084259
41779,41780,2-s2.0-85179045775
41780,41781,2-s2.0-85179027367
41783,41784,2-s2.0-85178295289
41784,41785,2-s2.0-85178287120
41786,41787,2-s2.0-85178276766
41787,41788,2-s2.0-85178131432
41788,41789,2-s2.0-85177858787
41791,41792,2-s2.0-85177583713
41794,41795,2-s2.0-85176808745
41795,41796,2-s2.0-85176742898
41797,41798,2-s2.0-85176594625
41803,41804,2-s2.0-85175255052
41804,41805,2-s2.0-85175193677
41805,41806,2-s2.0-85174810878
41810,41811,2-s2.0-85173776945
41811,41812,2-s2.0-85173676403
41815,41816,2-s2.0-85171750371
41819,41820,2-s2.0-85170356297
41820,41821,2-s2.0-85170240057
41821,41822,2-s2.0-85170108668
41822,41823,2-s2.0-85169787439
41823,41824,2-s2.0-85169696292
41824,41825,2-s2.0-85169113073
41825,41826,2-s2.0-85168312676
41829,41830,2-s2.0-85165718148
41830,41831,2-s2.0-85164727864
41831,41832,2-s2.0-85163297330
41832,41833,2-s2.0-85160052269
41834,41835,2-s2.0-85159010283
41838,41839,2-s2.0-85153382130
41840,41841,2-s2.0-85153351634
41841,41842,2-s2.0-85151553529
41843,41844,2-s2.0-85151001594
41844,41845,2-s2.0-85150835742
41846,41847,2-s2.0-85150527416
41847,41848,2-s2.0-85149990172
41852,41853,2-s2.0-85138720985
41854,41855,2-s2.0-85133482796
41855,41856,2-s2.0-85101146587
41857,41858,2-s2.0-85182743491
41858,41859,2-s2.0-85182738101
41860,41861,2-s2.0-85183205088
41861,41862,2-s2.0-85177521287
41863,41864,2-s2.0-85178595810
41864,41865,2-s2.0-85178579697
41867,41868,2-s2.0-85174865546
41868,41869,2-s2.0-85175433187
41871,41872,2-s2.0-85177605887
41877,41878,2-s2.0-85177569721
41878,41879,2-s2.0-85177564583
41881,41882,2-s2.0-85177560512
41882,41883,2-s2.0-85184128982
41884,41885,2-s2.0-85175469567
41885,41886,2-s2.0-85174586258
41886,41887,2-s2.0-85176614086
41887,41888,2-s2.0-85176215123
41888,41889,2-s2.0-85176213935
41891,41892,2-s2.0-85212685036
41894,41895,2-s2.0-85177686264
41901,41902,2-s2.0-85178279532
41902,41903,2-s2.0-85178276977
41912,41913,2-s2.0-85199229977
41915,41916,2-s2.0-85182654084
41916,41917,2-s2.0-85180880535
41917,41918,2-s2.0-85180466319
41918,41919,2-s2.0-85178929399
41921,41922,2-s2.0-85177239260
41922,41923,2-s2.0-85177062921
41927,41928,2-s2.0-85175676815
41929,41930,2-s2.0-85175337222
41930,41931,2-s2.0-85175299920
41931,41932,2-s2.0-85175264231
41934,41935,2-s2.0-85175101049
41935,41936,2-s2.0-85175086103
41941,41942,2-s2.0-85174284710
41942,41943,2-s2.0-85174282922
41946,41947,2-s2.0-85174179219
41950,41951,2-s2.0-85173977228
41951,41952,2-s2.0-85173898947
41953,41954,2-s2.0-85173502836
41954,41955,2-s2.0-85173277833
41956,41957,2-s2.0-85173072338
41962,41963,2-s2.0-85168532833
41963,41964,2-s2.0-85168532120
41964,41965,2-s2.0-85168266507
41966,41967,2-s2.0-85165919294
41968,41969,2-s2.0-85165627164
41970,41971,2-s2.0-85165442860
41973,41974,2-s2.0-85164455640
41974,41975,2-s2.0-85164439081
41976,41977,2-s2.0-85164114167
41977,41978,2-s2.0-85164003399
41984,41985,2-s2.0-85159660869
41985,41986,2-s2.0-85159631978
41986,41987,2-s2.0-85159067302
41988,41989,2-s2.0-85153969151
41989,41990,2-s2.0-85153492720
41991,41992,2-s2.0-85152430153
41992,41993,2-s2.0-85152029467
41995,41996,2-s2.0-85150374799
41999,42000,2-s2.0-85148338964
42001,42002,2-s2.0-85143618032
42002,42003,2-s2.0-85143585511
42006,42007,2-s2.0-85140987061
42010,42011,2-s2.0-85087916197
42011,42012,2-s2.0-85194130601
42012,42013,2-s2.0-85194130387
42013,42014,2-s2.0-85194129950
42014,42015,2-s2.0-85194129847
42015,42016,2-s2.0-85194129133
42018,42019,2-s2.0-85194128559
42019,42020,2-s2.0-85194128109
42023,42024,2-s2.0-85194127572
42032,42033,2-s2.0-85197599473
42033,42034,2-s2.0-85197591520
42037,42038,2-s2.0-85173001593
42040,42041,2-s2.0-85183472702
42042,42043,2-s2.0-85197633037
42045,42046,2-s2.0-85175837872
42046,42047,2-s2.0-85182728613
42050,42051,2-s2.0-85175086563
42051,42052,2-s2.0-85174736673
42052,42053,2-s2.0-85173680254
42057,42058,2-s2.0-85176248044
42058,42059,2-s2.0-85175465230
42059,42060,2-s2.0-85146243207
42063,42064,2-s2.0-85209574265
42067,42068,2-s2.0-85198661278
42073,42074,2-s2.0-85180336622
42075,42076,2-s2.0-85178946945
42076,42077,2-s2.0-85177892942
42077,42078,2-s2.0-85177637695
42078,42079,2-s2.0-85177213482
42080,42081,2-s2.0-85177038988
42083,42084,2-s2.0-85175868961
42085,42086,2-s2.0-85175715523
42086,42087,2-s2.0-85175494063
42089,42090,2-s2.0-85175455888
42090,42091,2-s2.0-85175421010
42091,42092,2-s2.0-85174849199
42094,42095,2-s2.0-85174590354
42095,42096,2-s2.0-85174241888
42099,42100,2-s2.0-85173963581
42102,42103,2-s2.0-85172940121
42103,42104,2-s2.0-85172933232
42104,42105,2-s2.0-85172908499
42105,42106,2-s2.0-85172889293
42110,42111,2-s2.0-85172147494
42111,42112,2-s2.0-85172138814
42112,42113,2-s2.0-85172133070
42113,42114,2-s2.0-85172104486
42117,42118,2-s2.0-85171900326
42118,42119,2-s2.0-85171296591
42121,42122,2-s2.0-85171166276
42125,42126,2-s2.0-85170661337
42127,42128,2-s2.0-85170377658
42128,42129,2-s2.0-85170282204
42130,42131,2-s2.0-85170032657
42132,42133,2-s2.0-85169051268
42134,42135,2-s2.0-85168620547
42135,42136,2-s2.0-85168542392
42137,42138,2-s2.0-85167605920
42139,42140,2-s2.0-85167418600
42144,42145,2-s2.0-85165176252
42145,42146,2-s2.0-85164508782
42150,42151,2-s2.0-85162949015
42153,42154,2-s2.0-85162115728
42157,42158,2-s2.0-85160305669
42158,42159,2-s2.0-85160253368
42159,42160,2-s2.0-85160096075
42164,42165,2-s2.0-85148503192
42165,42166,2-s2.0-85148351193
42166,42167,2-s2.0-85148232988
42167,42168,2-s2.0-85147711746
42170,42171,2-s2.0-85147168239
42171,42172,2-s2.0-85145290682
42172,42173,2-s2.0-85145192642
42173,42174,2-s2.0-85143510091
42175,42176,2-s2.0-85141636451
42178,42179,2-s2.0-85138390244
42180,42181,2-s2.0-85138307754
42181,42182,2-s2.0-85138226980
42182,42183,2-s2.0-85137526304
42183,42184,2-s2.0-85136533191
42184,42185,2-s2.0-85133582501
42193,42194,2-s2.0-105010253367
42195,42196,2-s2.0-85195553316
42198,42199,2-s2.0-85180132546
42206,42207,2-s2.0-85204633637
42207,42208,2-s2.0-85168832722
42211,42212,2-s2.0-85176773193
42212,42213,2-s2.0-85176769241
42214,42215,2-s2.0-85176749295
42215,42216,2-s2.0-85176728303
42218,42219,2-s2.0-85129167527
42220,42221,2-s2.0-85176806629
42222,42223,2-s2.0-85176800472
42223,42224,2-s2.0-85176796629
42224,42225,2-s2.0-85176791762
42228,42229,2-s2.0-85176752574
42233,42234,2-s2.0-85169529720
42234,42235,2-s2.0-85169516718
42235,42236,2-s2.0-85169515262
42236,42237,2-s2.0-85202937086
42239,42240,2-s2.0-85173507210
42240,42241,2-s2.0-85173494875
42244,42245,2-s2.0-85172379318
42247,42248,2-s2.0-85171449208
42248,42249,2-s2.0-85169101907
42253,42254,2-s2.0-85169051455
42255,42256,2-s2.0-85168796197
42256,42257,2-s2.0-85168737765
42257,42258,2-s2.0-85168728699
42261,42262,2-s2.0-85168008651
42265,42266,2-s2.0-85166662666
42269,42270,2-s2.0-85164375734
42271,42272,2-s2.0-85163011501
42276,42277,2-s2.0-85159401728
42279,42280,2-s2.0-85153963110
42283,42284,2-s2.0-85151569616
42284,42285,2-s2.0-85150615406
42286,42287,2-s2.0-85150518416
42289,42290,2-s2.0-85149739551
42291,42292,2-s2.0-85149380213
42295,42296,2-s2.0-85147297310
42296,42297,2-s2.0-85147177116
42299,42300,2-s2.0-85146396203
42301,42302,2-s2.0-85145907958
42303,42304,2-s2.0-85141949997
42304,42305,2-s2.0-85141947200
42307,42308,2-s2.0-85139088911
42308,42309,2-s2.0-85134511589
42309,42310,2-s2.0-85132620152
42310,42311,2-s2.0-85131576411
42312,42313,2-s2.0-85130148591
42314,42315,2-s2.0-85128832374
42315,42316,2-s2.0-85128180182
42317,42318,2-s2.0-85126049928
42322,42323,2-s2.0-85184167178
42323,42324,2-s2.0-85151754890
42326,42327,2-s2.0-85177068572
42329,42330,2-s2.0-85168910849
42333,42334,2-s2.0-85174262377
42336,42337,2-s2.0-85174218984
42337,42338,2-s2.0-85174189097
42338,42339,2-s2.0-85174180135
42339,42340,2-s2.0-85165896340
42341,42342,2-s2.0-85196584423
42342,42343,2-s2.0-85165170027
42343,42344,2-s2.0-85169684540
42350,42351,2-s2.0-85165268932
42352,42353,2-s2.0-85205302694
42353,42354,2-s2.0-85205273817
42354,42355,2-s2.0-85205237650
42355,42356,2-s2.0-85199330505
42357,42358,2-s2.0-85184961101
42358,42359,2-s2.0-85184960489
42360,42361,2-s2.0-85175250119
42363,42364,2-s2.0-85175117586
42364,42365,2-s2.0-85175114903
42368,42369,2-s2.0-85174532385
42369,42370,2-s2.0-85173788627
42370,42371,2-s2.0-85173594523
42373,42374,2-s2.0-85172336513
42374,42375,2-s2.0-85169895844
42379,42380,2-s2.0-85168689690
42384,42385,2-s2.0-85168650002
42385,42386,2-s2.0-85168286964
42387,42388,2-s2.0-85168100749
42389,42390,2-s2.0-85167919574
42393,42394,2-s2.0-85166359012
42394,42395,2-s2.0-85166232295
42395,42396,2-s2.0-85166192480
42396,42397,2-s2.0-85165907524
42398,42399,2-s2.0-85164261623
42399,42400,2-s2.0-85163766377
42400,42401,2-s2.0-85163533473
42404,42405,2-s2.0-85160567470
42405,42406,2-s2.0-85159809329
42409,42410,2-s2.0-85153703889
42412,42413,2-s2.0-85153119577
42413,42414,2-s2.0-85152729701
42415,42416,2-s2.0-85152263620
42419,42420,2-s2.0-85151988679
42420,42421,2-s2.0-85151982179
42421,42422,2-s2.0-85151502147
42422,42423,2-s2.0-85151054686
42423,42424,2-s2.0-85148999776
42430,42431,2-s2.0-85145213772
42432,42433,2-s2.0-85144015568
42434,42435,2-s2.0-85141953456
42435,42436,2-s2.0-85135721179
42436,42437,2-s2.0-85131395187
42438,42439,2-s2.0-85123194149
42440,42441,2-s2.0-85113612825
42443,42444,2-s2.0-85101130749
42447,42448,2-s2.0-85167328774
42448,42449,2-s2.0-85178945661
42450,42451,2-s2.0-85176812722
42452,42453,2-s2.0-85176780637
42455,42456,2-s2.0-85176748020
42456,42457,2-s2.0-85176727249
42458,42459,2-s2.0-85168252525
42459,42460,2-s2.0-85168241679
42460,42461,2-s2.0-85172169896
42463,42464,2-s2.0-85172167023
42467,42468,2-s2.0-85172164482
42469,42470,2-s2.0-85172162118
42471,42472,2-s2.0-85172161775
42474,42475,2-s2.0-85172155444
42475,42476,2-s2.0-85172150887
42482,42483,2-s2.0-85172144190
42484,42485,2-s2.0-85172143729
42487,42488,2-s2.0-85172140126
42488,42489,2-s2.0-85172137825
42490,42491,2-s2.0-85172132934
42492,42493,2-s2.0-85172128651
42497,42498,2-s2.0-85172125566
42498,42499,2-s2.0-85172123827
42499,42500,2-s2.0-85172121856
42501,42502,2-s2.0-85172119611
42503,42504,2-s2.0-85172117479
42504,42505,2-s2.0-85172117002
42508,42509,2-s2.0-85172110788
42511,42512,2-s2.0-85172105191
42512,42513,2-s2.0-85172105156
42516,42517,2-s2.0-85172101939
42518,42519,2-s2.0-85172100430
42520,42521,2-s2.0-85172099881
42521,42522,2-s2.0-85172098980
42523,42524,2-s2.0-85172097823
42526,42527,2-s2.0-85172095158
42530,42531,2-s2.0-85172093483
42531,42532,2-s2.0-85172091638
42532,42533,2-s2.0-85172091561
42533,42534,2-s2.0-85172090227
42535,42536,2-s2.0-85172085641
42539,42540,2-s2.0-85172081681
42543,42544,2-s2.0-85172076120
42544,42545,2-s2.0-85172075942
42546,42547,2-s2.0-85172073107
42547,42548,2-s2.0-85172069003
42550,42551,2-s2.0-85163651232
42553,42554,2-s2.0-85165674174
42557,42558,2-s2.0-85169108681
42562,42563,2-s2.0-85170233799
42564,42565,2-s2.0-85170187461
42567,42568,2-s2.0-85170172729
42568,42569,2-s2.0-85170172470
42569,42570,2-s2.0-85170168787
42570,42571,2-s2.0-85170157503
42571,42572,2-s2.0-85166781663
42572,42573,2-s2.0-85166777406
42573,42574,2-s2.0-85166759282
42576,42577,2-s2.0-85166748568
42578,42579,2-s2.0-85204918988
42583,42584,2-s2.0-85166961493
42584,42585,2-s2.0-85166958473
42588,42589,2-s2.0-85166942557
42589,42590,2-s2.0-85166940888
42590,42591,2-s2.0-85166932278
42598,42599,2-s2.0-85166914238
42599,42600,2-s2.0-85166912514
42600,42601,2-s2.0-85166911719
42601,42602,2-s2.0-85208101937
42604,42605,2-s2.0-85163700421
42605,42606,2-s2.0-85163689990
42610,42611,2-s2.0-85163652989
42614,42615,2-s2.0-85163596522
42617,42618,2-s2.0-85163577574
42618,42619,2-s2.0-85163351470
42620,42621,2-s2.0-85217509901
42621,42622,2-s2.0-85208933771
42626,42627,2-s2.0-85188547358
42629,42630,2-s2.0-85174804038
42631,42632,2-s2.0-85174169628
42634,42635,2-s2.0-85172708863
42636,42637,2-s2.0-85168329351
42637,42638,2-s2.0-85168164133
42639,42640,2-s2.0-85166421991
42641,42642,2-s2.0-85166217164
42642,42643,2-s2.0-85166147621
42643,42644,2-s2.0-85165668063
42645,42646,2-s2.0-85164313390
42648,42649,2-s2.0-85164200417
42650,42651,2-s2.0-85164136758
42652,42653,2-s2.0-85164114558
42653,42654,2-s2.0-85164028276
42654,42655,2-s2.0-85163999681
42656,42657,2-s2.0-85163922607
42661,42662,2-s2.0-85163703932
42662,42663,2-s2.0-85163653884
42666,42667,2-s2.0-85163360071
42667,42668,2-s2.0-85163162375
42670,42671,2-s2.0-85161601893
42673,42674,2-s2.0-85161465100
42674,42675,2-s2.0-85161193673
42675,42676,2-s2.0-85160670502
42676,42677,2-s2.0-85160409648
42677,42678,2-s2.0-85160218238
42678,42679,2-s2.0-85159555910
42679,42680,2-s2.0-85159110113
42681,42682,2-s2.0-85158869061
42682,42683,2-s2.0-85153404188
42683,42684,2-s2.0-85152489411
42687,42688,2-s2.0-85151008965
42690,42691,2-s2.0-85150263232
42693,42694,2-s2.0-85150196803
42694,42695,2-s2.0-85149944032
42695,42696,2-s2.0-85149715687
42696,42697,2-s2.0-85149332729
42698,42699,2-s2.0-85149295317
42699,42700,2-s2.0-85149262976
42700,42701,2-s2.0-85149260661
42705,42706,2-s2.0-85146959604
42708,42709,2-s2.0-85146088280
42710,42711,2-s2.0-85146061353
42714,42715,2-s2.0-85143515321
42715,42716,2-s2.0-85143405110
42718,42719,2-s2.0-85141611197
42723,42724,2-s2.0-85138308210
42727,42728,2-s2.0-85133641565
42728,42729,2-s2.0-85133568614
42729,42730,2-s2.0-85132392529
42733,42734,2-s2.0-85126517996
42735,42736,2-s2.0-85125283469
42736,42737,2-s2.0-85111123680
42740,42741,2-s2.0-85149445197
42742,42743,2-s2.0-105006542700
42745,42746,2-s2.0-85161429356
42747,42748,2-s2.0-85160319985
42751,42752,2-s2.0-85160942122
42757,42758,2-s2.0-85188097378
42759,42760,2-s2.0-85160097984
42760,42761,2-s2.0-85160097362
42761,42762,2-s2.0-85160050345
42762,42763,2-s2.0-85160036028
42763,42764,2-s2.0-85153339507
42764,42765,2-s2.0-85199150235
42766,42767,2-s2.0-85192727811
42769,42770,2-s2.0-85165315727
42772,42773,2-s2.0-85163787478
42776,42777,2-s2.0-85161183685
42778,42779,2-s2.0-85160937587
42780,42781,2-s2.0-85160721091
42781,42782,2-s2.0-85160287127
42782,42783,2-s2.0-85160277861
42784,42785,2-s2.0-85160247713
42787,42788,2-s2.0-85160039159
42788,42789,2-s2.0-85159958801
42790,42791,2-s2.0-85159863148
42791,42792,2-s2.0-85159606115
42795,42796,2-s2.0-85159258572
42797,42798,2-s2.0-85158916285
42801,42802,2-s2.0-85153580251
42802,42803,2-s2.0-85153518762
42803,42804,2-s2.0-85153496717
42807,42808,2-s2.0-85150838788
42808,42809,2-s2.0-85150422354
42810,42811,2-s2.0-85149843489
42814,42815,2-s2.0-85148623675
42815,42816,2-s2.0-85145979376
42816,42817,2-s2.0-85144360657
42817,42818,2-s2.0-85144187529
42819,42820,2-s2.0-85141368991
42820,42821,2-s2.0-85141140378
42823,42824,2-s2.0-85138736667
42828,42829,2-s2.0-85113157486
42831,42832,2-s2.0-85171640963
42832,42833,2-s2.0-85159714345
42836,42837,2-s2.0-85159666588
42837,42838,2-s2.0-85159657489
42845,42846,2-s2.0-85153802736
42846,42847,2-s2.0-85152696491
42848,42849,2-s2.0-85158163756
42851,42852,2-s2.0-85171264485
42854,42855,2-s2.0-85153564578
42855,42856,2-s2.0-85153563236
42856,42857,2-s2.0-85156155438
42857,42858,2-s2.0-85136459580
42859,42860,2-s2.0-85159071405
42860,42861,2-s2.0-85169775319
42861,42862,2-s2.0-85169618927
42862,42863,2-s2.0-85165699313
42864,42865,2-s2.0-85165674604
42866,42867,2-s2.0-85165652553
42868,42869,2-s2.0-85165639821
42873,42874,2-s2.0-85162243879
42876,42877,2-s2.0-85160737072
42878,42879,2-s2.0-85160702134
42879,42880,2-s2.0-85160265188
42881,42882,2-s2.0-85159652511
42885,42886,2-s2.0-85159115965
42886,42887,2-s2.0-85158113227
42890,42891,2-s2.0-85153779848
42893,42894,2-s2.0-85153752219
42895,42896,2-s2.0-85153719851
42898,42899,2-s2.0-85153704327
42905,42906,2-s2.0-85153508127
42906,42907,2-s2.0-85153502142
42907,42908,2-s2.0-85153475148
42909,42910,2-s2.0-85152707127
42911,42912,2-s2.0-85152565872
42913,42914,2-s2.0-85152170122
42916,42917,2-s2.0-85151508363
42917,42918,2-s2.0-85151487169
42922,42923,2-s2.0-85149996559
42923,42924,2-s2.0-85149908987
42924,42925,2-s2.0-85149738562
42926,42927,2-s2.0-85148674013
42927,42928,2-s2.0-85148617710
42928,42929,2-s2.0-85148338896
42937,42938,2-s2.0-85146159870
42940,42941,2-s2.0-85144194391
42942,42943,2-s2.0-85143622746
42943,42944,2-s2.0-85143151917
42946,42947,2-s2.0-85140903995
42947,42948,2-s2.0-85140760799
42952,42953,2-s2.0-85139064306
42953,42954,2-s2.0-85138217351
42954,42955,2-s2.0-85137491875
42960,42961,2-s2.0-85131585219
42962,42963,2-s2.0-85127367963
42963,42964,2-s2.0-85125152529
42964,42965,2-s2.0-85123447476
42966,42967,2-s2.0-85115837914
42967,42968,2-s2.0-85115177619
42971,42972,2-s2.0-105005260752
42975,42976,2-s2.0-85164148016
42981,42982,2-s2.0-85151258265
42986,42987,2-s2.0-85165044328
42987,42988,2-s2.0-85163787446
42988,42989,2-s2.0-85170095434
42990,42991,2-s2.0-85163093098
42994,42995,2-s2.0-85158964278
43002,43003,2-s2.0-85150395258
43007,43008,2-s2.0-85150341146
43008,43009,2-s2.0-85150334945
43010,43011,2-s2.0-85150803176
43012,43013,2-s2.0-85149737067
43019,43020,2-s2.0-85149881462
43020,43021,2-s2.0-85149866595
43021,43022,2-s2.0-85149848718
43025,43026,2-s2.0-85217374159
43029,43030,2-s2.0-85195114094
43031,43032,2-s2.0-85185464739
43032,43033,2-s2.0-85185146505
43034,43035,2-s2.0-85172123369
43036,43037,2-s2.0-85168281662
43039,43040,2-s2.0-85167979413
43041,43042,2-s2.0-85166955038
43047,43048,2-s2.0-85162050645
43048,43049,2-s2.0-85160638994
43052,43053,2-s2.0-85159324205
43053,43054,2-s2.0-85159225947
43054,43055,2-s2.0-85159171774
43055,43056,2-s2.0-85158825339
43059,43060,2-s2.0-85153474580
43061,43062,2-s2.0-85151951052
43064,43065,2-s2.0-85151834890
43067,43068,2-s2.0-85151285985
43071,43072,2-s2.0-85151085559
43074,43075,2-s2.0-85151076745
43079,43080,2-s2.0-85151070125
43080,43081,2-s2.0-85151067740
43082,43083,2-s2.0-85151042710
43083,43084,2-s2.0-85150987124
43084,43085,2-s2.0-85150964533
43086,43087,2-s2.0-85150289703
43088,43089,2-s2.0-85150253206
43090,43091,2-s2.0-85150060353
43094,43095,2-s2.0-85149777285
43096,43097,2-s2.0-85149538771
43098,43099,2-s2.0-85148349526
43100,43101,2-s2.0-85147372572
43101,43102,2-s2.0-85147206818
43104,43105,2-s2.0-85146768247
43107,43108,2-s2.0-85145955728
43109,43110,2-s2.0-85145722675
43110,43111,2-s2.0-85145615616
43111,43112,2-s2.0-85145096726
43113,43114,2-s2.0-85144532546
43115,43116,2-s2.0-85144506497
43116,43117,2-s2.0-85144281559
43117,43118,2-s2.0-85144125056
43118,43119,2-s2.0-85143875696
43120,43121,2-s2.0-85143830109
43121,43122,2-s2.0-85143625472
43123,43124,2-s2.0-85140592657
43125,43126,2-s2.0-85138275592
43127,43128,2-s2.0-85137923579
43132,43133,2-s2.0-85132672603
43134,43135,2-s2.0-85129272281
43135,43136,2-s2.0-85129269092
43136,43137,2-s2.0-85128971011
43137,43138,2-s2.0-85128428198
43141,43142,2-s2.0-85125242902
43143,43144,2-s2.0-85124481039
43146,43147,2-s2.0-85122281636
43148,43149,2-s2.0-85110474238
43149,43150,2-s2.0-85109962068
43150,43151,2-s2.0-85107181711
43151,43152,2-s2.0-85106454222
43153,43154,2-s2.0-85104071750
43154,43155,2-s2.0-85103357349
43157,43158,2-s2.0-85101136399
43159,43160,2-s2.0-85152718910
43160,43161,2-s2.0-85149308131
43161,43162,2-s2.0-85151857155
43163,43164,2-s2.0-85159067743
43165,43166,2-s2.0-85148643055
43167,43168,2-s2.0-105000137423
43168,43169,2-s2.0-85148879335
43169,43170,2-s2.0-85180206613
43170,43171,2-s2.0-85148662919
43172,43173,2-s2.0-85148655537
43175,43176,2-s2.0-85148647835
43176,43177,2-s2.0-85148644186
43177,43178,2-s2.0-85148640296
43180,43181,2-s2.0-85148635345
43181,43182,2-s2.0-85148630445
43184,43185,2-s2.0-85148621176
43186,43187,2-s2.0-85148602767
43187,43188,2-s2.0-85148601338
43188,43189,2-s2.0-85148590555
43190,43191,2-s2.0-85148582979
43191,43192,2-s2.0-85148582884
43199,43200,2-s2.0-85208494500
43201,43202,2-s2.0-85164198594
43202,43203,2-s2.0-85164177762
43204,43205,2-s2.0-85164126677
43205,43206,2-s2.0-85153731953
43207,43208,2-s2.0-85151158122
43208,43209,2-s2.0-85151157902
43209,43210,2-s2.0-85149637314
43216,43217,2-s2.0-85149048598
43220,43221,2-s2.0-85148858002
43221,43222,2-s2.0-85148769061
43222,43223,2-s2.0-85148763971
43223,43224,2-s2.0-85148762589
43225,43226,2-s2.0-85148712288
43228,43229,2-s2.0-85148699667
43231,43232,2-s2.0-85148678906
43233,43234,2-s2.0-85148631484
43234,43235,2-s2.0-85148583703
43236,43237,2-s2.0-85148340882
43237,43238,2-s2.0-85148295805
43243,43244,2-s2.0-85146304735
43244,43245,2-s2.0-85146248863
43247,43248,2-s2.0-85145157949
43250,43251,2-s2.0-85143684892
43251,43252,2-s2.0-85143216228
43252,43253,2-s2.0-85142766399
43254,43255,2-s2.0-85141654174
43257,43258,2-s2.0-85140269336
43258,43259,2-s2.0-85139765375
43260,43261,2-s2.0-85139250767
43261,43262,2-s2.0-85139225766
43263,43264,2-s2.0-85138378705
43265,43266,2-s2.0-85137642359
43268,43269,2-s2.0-85135257779
43269,43270,2-s2.0-85135113914
43272,43273,2-s2.0-85133093151
43273,43274,2-s2.0-85132355403
43280,43281,2-s2.0-85124820943
43281,43282,2-s2.0-85124622530
43285,43286,2-s2.0-85103663718
43286,43287,2-s2.0-85103028082
43291,43292,2-s2.0-85147309234
43294,43295,2-s2.0-85147293923
43295,43296,2-s2.0-85147293554
43296,43297,2-s2.0-85147292998
43299,43300,2-s2.0-85147280497
43300,43301,2-s2.0-85147277532
43301,43302,2-s2.0-85147429774
43304,43305,2-s2.0-85147456132
43306,43307,2-s2.0-85147356441
43307,43308,2-s2.0-85147266604
43308,43309,2-s2.0-85147215668
43309,43310,2-s2.0-85142683021
43312,43313,2-s2.0-85140127257
43313,43314,2-s2.0-85179307918
43315,43316,2-s2.0-85146531558
43316,43317,2-s2.0-85146531014
43318,43319,2-s2.0-85146520691
43319,43320,2-s2.0-85146519494
43320,43321,2-s2.0-85146513897
43321,43322,2-s2.0-85146513230
43322,43323,2-s2.0-85146510546
43328,43329,2-s2.0-85140978412
43331,43332,2-s2.0-85147042820
43332,43333,2-s2.0-85146895415
43333,43334,2-s2.0-85146284059
43334,43335,2-s2.0-85146266498
43335,43336,2-s2.0-85147164798
43336,43337,2-s2.0-85175358896
43341,43342,2-s2.0-85146508854
43343,43344,2-s2.0-86000136097
43346,43347,2-s2.0-85218781334
43350,43351,2-s2.0-85216848610
43351,43352,2-s2.0-85216800483
43353,43354,2-s2.0-85216778178
43354,43355,2-s2.0-85216773291
43357,43358,2-s2.0-85214696703
43364,43365,2-s2.0-85211608063
43367,43368,2-s2.0-85208909604
43368,43369,2-s2.0-85208339323
43369,43370,2-s2.0-85208321676
43370,43371,2-s2.0-85208305274
43371,43372,2-s2.0-85208297637
43372,43373,2-s2.0-85208293186
43379,43380,2-s2.0-85206039922
43385,43386,2-s2.0-85205543841
43390,43391,2-s2.0-85204765165
43393,43394,2-s2.0-85204189810
43394,43395,2-s2.0-85204120075
43398,43399,2-s2.0-85202849596
43400,43401,2-s2.0-85201391958
43406,43407,2-s2.0-85199323530
43407,43408,2-s2.0-85199129056
43412,43413,2-s2.0-85197807456
43414,43415,2-s2.0-85197763164
43419,43420,2-s2.0-85197438026
43422,43423,2-s2.0-85197077743
43423,43424,2-s2.0-85197054276
43424,43425,2-s2.0-85196802720
43425,43426,2-s2.0-85196457220
43428,43429,2-s2.0-85195974200
43429,43430,2-s2.0-85195957843
43431,43432,2-s2.0-85195893301
43434,43435,2-s2.0-85195642098
43435,43436,2-s2.0-85195553797
43436,43437,2-s2.0-85195392061
43437,43438,2-s2.0-85195308960
43439,43440,2-s2.0-85195278589
43440,43441,2-s2.0-85194753424
43442,43443,2-s2.0-85194751483
43443,43444,2-s2.0-85194750787
43444,43445,2-s2.0-85194750597
43446,43447,2-s2.0-85194747930
43449,43450,2-s2.0-85194407563
43450,43451,2-s2.0-85194250763
43452,43453,2-s2.0-85194016453
43460,43461,2-s2.0-85193001490
43462,43463,2-s2.0-85192977280
43463,43464,2-s2.0-85192835717
43464,43465,2-s2.0-85192490253
43466,43467,2-s2.0-85192462257
43467,43468,2-s2.0-85192444532
43471,43472,2-s2.0-85191193243
43472,43473,2-s2.0-85191171006
43473,43474,2-s2.0-85191170260
43475,43476,2-s2.0-85191151363
43476,43477,2-s2.0-85191116048
43477,43478,2-s2.0-85190946087
43482,43483,2-s2.0-85190022778
43483,43484,2-s2.0-85189554284
43485,43486,2-s2.0-85189415438
43486,43487,2-s2.0-85189413979
43487,43488,2-s2.0-85189401407
43489,43490,2-s2.0-85189354580
43492,43493,2-s2.0-85189182598
43500,43501,2-s2.0-85188464868
43501,43502,2-s2.0-85188028705
43502,43503,2-s2.0-85188019027
43503,43504,2-s2.0-85188017488
43509,43510,2-s2.0-85187550961
43512,43513,2-s2.0-85187490751
43513,43514,2-s2.0-85187451000
43514,43515,2-s2.0-85187413353
43515,43516,2-s2.0-85187295326
43517,43518,2-s2.0-85187242420
43519,43520,2-s2.0-85186759115
43520,43521,2-s2.0-85186716461
43521,43522,2-s2.0-85186709518
43525,43526,2-s2.0-85186665686
43532,43533,2-s2.0-85186493696
43533,43534,2-s2.0-85186474371
43534,43535,2-s2.0-85186410917
43535,43536,2-s2.0-85186379531
43537,43538,2-s2.0-85186227064
43538,43539,2-s2.0-85186121450
43541,43542,2-s2.0-85185939923
43543,43544,2-s2.0-85185904083
43547,43548,2-s2.0-85185845850
43550,43551,2-s2.0-85185803122
43554,43555,2-s2.0-85185458225
43557,43558,2-s2.0-85185329278
43559,43560,2-s2.0-85185323877
43560,43561,2-s2.0-85185254704
43563,43564,2-s2.0-85185215646
43564,43565,2-s2.0-85185186784
43566,43567,2-s2.0-85185170274
43568,43569,2-s2.0-85185009013
43573,43574,2-s2.0-85184854891
43576,43577,2-s2.0-85184849812
43577,43578,2-s2.0-85184824262
43579,43580,2-s2.0-85184796686
43580,43581,2-s2.0-85184776271
43582,43583,2-s2.0-85184452760
43583,43584,2-s2.0-85184430667
43592,43593,2-s2.0-85184190014
43593,43594,2-s2.0-85184181815
43594,43595,2-s2.0-85184174243
43595,43596,2-s2.0-85184139899
43596,43597,2-s2.0-85184019601
43602,43603,2-s2.0-85183654469
43603,43604,2-s2.0-85183560758
43605,43606,2-s2.0-85183471932
43606,43607,2-s2.0-85183460331
43607,43608,2-s2.0-85183415415
43608,43609,2-s2.0-85183363034
43611,43612,2-s2.0-85183050716
43616,43617,2-s2.0-85183030977
43617,43618,2-s2.0-85183023339
43618,43619,2-s2.0-85183023047
43619,43620,2-s2.0-85183020552
43621,43622,2-s2.0-85183018310
43622,43623,2-s2.0-85183015251
43626,43627,2-s2.0-85183003345
43627,43628,2-s2.0-85183003076
43628,43629,2-s2.0-85182999415
43631,43632,2-s2.0-85182990689
43633,43634,2-s2.0-85182988255
43634,43635,2-s2.0-85182987212
43636,43637,2-s2.0-85182984126
43638,43639,2-s2.0-85182980010
43641,43642,2-s2.0-85182944241
43642,43643,2-s2.0-85182933402
43643,43644,2-s2.0-85182931183
43648,43649,2-s2.0-85182810411
43650,43651,2-s2.0-85182734197
43653,43654,2-s2.0-85182696885
43656,43657,2-s2.0-85182663061
43660,43661,2-s2.0-85182593143
43664,43665,2-s2.0-85182356597
43666,43667,2-s2.0-85182334437
43667,43668,2-s2.0-85182324348
43674,43675,2-s2.0-85182211054
43680,43681,2-s2.0-85181941535
43682,43683,2-s2.0-85181840625
43683,43684,2-s2.0-85181826302
43684,43685,2-s2.0-85181776597
43686,43687,2-s2.0-85181773922
43687,43688,2-s2.0-85181767468
43688,43689,2-s2.0-85181730631
43689,43690,2-s2.0-85181726240
43691,43692,2-s2.0-85181541439
43693,43694,2-s2.0-85181538032
43698,43699,2-s2.0-85181448350
43700,43701,2-s2.0-85181239476
43705,43706,2-s2.0-85181001070
43706,43707,2-s2.0-85180996631
43707,43708,2-s2.0-85180992430
43710,43711,2-s2.0-85180869542
43711,43712,2-s2.0-85180860285
43714,43715,2-s2.0-85180813342
43716,43717,2-s2.0-85180811174
43720,43721,2-s2.0-85180806453
43721,43722,2-s2.0-85180805903
43723,43724,2-s2.0-85180802525
43725,43726,2-s2.0-85180799821
43726,43727,2-s2.0-85180798714
43727,43728,2-s2.0-85180796752
43729,43730,2-s2.0-85180794573
43731,43732,2-s2.0-85180790750
43732,43733,2-s2.0-85180789564
43734,43735,2-s2.0-85180789411
43735,43736,2-s2.0-85180787698
43736,43737,2-s2.0-85180782759
43739,43740,2-s2.0-85180776455
43741,43742,2-s2.0-85180767183
43742,43743,2-s2.0-85180763867
43744,43745,2-s2.0-85180763017
43746,43747,2-s2.0-85180760451
43749,43750,2-s2.0-85180758714
43751,43752,2-s2.0-85180755058
43752,43753,2-s2.0-85180754352
43753,43754,2-s2.0-85180753588
43754,43755,2-s2.0-85180753388
43755,43756,2-s2.0-85180752201
43757,43758,2-s2.0-85180750470
43759,43760,2-s2.0-85180744983
43763,43764,2-s2.0-85180685240
43766,43767,2-s2.0-85180607866
43771,43772,2-s2.0-85180579878
43772,43773,2-s2.0-85180571326
43777,43778,2-s2.0-85180484060
43778,43779,2-s2.0-85180458721
43782,43783,2-s2.0-85180358849
43783,43784,2-s2.0-85180338687
43785,43786,2-s2.0-85180285023
43789,43790,2-s2.0-85180198806
43791,43792,2-s2.0-85180158572
43792,43793,2-s2.0-85180152311
43800,43801,2-s2.0-85180036962
43801,43802,2-s2.0-85180033546
43807,43808,2-s2.0-85180004582
43809,43810,2-s2.0-85179988193
43810,43811,2-s2.0-85179978186
43818,43819,2-s2.0-85179848398
43819,43820,2-s2.0-85179848088
43820,43821,2-s2.0-85179847783
43823,43824,2-s2.0-85179844745
43824,43825,2-s2.0-85179844323
43825,43826,2-s2.0-85179844190
43827,43828,2-s2.0-85179843152
43828,43829,2-s2.0-85179842401
43830,43831,2-s2.0-85179840120
43831,43832,2-s2.0-85179840077
43832,43833,2-s2.0-85179837628
43838,43839,2-s2.0-85179696969
43842,43843,2-s2.0-85179640761
43843,43844,2-s2.0-85179627332
43845,43846,2-s2.0-85179555059
43849,43850,2-s2.0-85179511071
43850,43851,2-s2.0-85179502969
43855,43856,2-s2.0-85179325009
43856,43857,2-s2.0-85179320396
43859,43860,2-s2.0-85179128430
43863,43864,2-s2.0-85179011511
43864,43865,2-s2.0-85179008974
43866,43867,2-s2.0-85179005569
43868,43869,2-s2.0-85179004366
43871,43872,2-s2.0-85178994094
43872,43873,2-s2.0-85178943312
43876,43877,2-s2.0-85178590285
43879,43880,2-s2.0-85178516292
43880,43881,2-s2.0-85178506163
43881,43882,2-s2.0-85178505865
43883,43884,2-s2.0-85178416786
43887,43888,2-s2.0-85178362188
43890,43891,2-s2.0-85178344373
43891,43892,2-s2.0-85178342698
43895,43896,2-s2.0-85178205082
43897,43898,2-s2.0-85178187137
43898,43899,2-s2.0-85178177876
43899,43900,2-s2.0-85178168285
43900,43901,2-s2.0-85178127251
43902,43903,2-s2.0-85178072065
43904,43905,2-s2.0-85178044506
43907,43908,2-s2.0-85177997666
43918,43919,2-s2.0-85177494338
43920,43921,2-s2.0-85177476884
43928,43929,2-s2.0-85177223145
43929,43930,2-s2.0-85177205183
43930,43931,2-s2.0-85177168354
43933,43934,2-s2.0-85177031565
43935,43936,2-s2.0-85176936367
43937,43938,2-s2.0-85176773033
43939,43940,2-s2.0-85176738596
43940,43941,2-s2.0-85176730319
43942,43943,2-s2.0-85176606651
43943,43944,2-s2.0-85176603718
43944,43945,2-s2.0-85176602212
43945,43946,2-s2.0-85176597721
43949,43950,2-s2.0-85176495829
43950,43951,2-s2.0-85176473765
43952,43953,2-s2.0-85176445446
43954,43955,2-s2.0-85176380653
43955,43956,2-s2.0-85176379549
43958,43959,2-s2.0-85176366363
43959,43960,2-s2.0-85176366270
43961,43962,2-s2.0-85176330242
43965,43966,2-s2.0-85176279841
43967,43968,2-s2.0-85176239315
43968,43969,2-s2.0-85176231166
43973,43974,2-s2.0-85175986367
43974,43975,2-s2.0-85175981735
43978,43979,2-s2.0-85175965672
43979,43980,2-s2.0-85175872827
43980,43981,2-s2.0-85175827121
43981,43982,2-s2.0-85175816737
43982,43983,2-s2.0-85175814667
43987,43988,2-s2.0-85175699357
43988,43989,2-s2.0-85175642275
43990,43991,2-s2.0-85175578832
43993,43994,2-s2.0-85175558985
43994,43995,2-s2.0-85175556990
43995,43996,2-s2.0-85175496130
43998,43999,2-s2.0-85175457252
44000,44001,2-s2.0-85175450201
44002,44003,2-s2.0-85175431405
44005,44006,2-s2.0-85175380132
44006,44007,2-s2.0-85175376427
44010,44011,2-s2.0-85175341302
44011,44012,2-s2.0-85175339830
44012,44013,2-s2.0-85175325027
44014,44015,2-s2.0-85175297574
44016,44017,2-s2.0-85175196624
44017,44018,2-s2.0-85175114326
44020,44021,2-s2.0-85175042950
44022,44023,2-s2.0-85174975296
44024,44025,2-s2.0-85174968456
44026,44027,2-s2.0-85174853459
44027,44028,2-s2.0-85174847902
44029,44030,2-s2.0-85174802493
44030,44031,2-s2.0-85174781046
44031,44032,2-s2.0-85174778060
44033,44034,2-s2.0-85174712792
44035,44036,2-s2.0-85174694156
44036,44037,2-s2.0-85174692814
44037,44038,2-s2.0-85174690313
44039,44040,2-s2.0-85174624659
44040,44041,2-s2.0-85174614882
44042,44043,2-s2.0-85174570443
44043,44044,2-s2.0-85174568214
44046,44047,2-s2.0-85174542039
44047,44048,2-s2.0-85174525924
44051,44052,2-s2.0-85174515022
44052,44053,2-s2.0-85174509395
44054,44055,2-s2.0-85174507556
44055,44056,2-s2.0-85174502577
44057,44058,2-s2.0-85174496186
44058,44059,2-s2.0-85174495483
44059,44060,2-s2.0-85174456090
44060,44061,2-s2.0-85174451300
44062,44063,2-s2.0-85174316966
44064,44065,2-s2.0-85174299357
44066,44067,2-s2.0-85174275167
44067,44068,2-s2.0-85174259920
44068,44069,2-s2.0-85174258672
44069,44070,2-s2.0-85174257873
44070,44071,2-s2.0-85174246140
44071,44072,2-s2.0-85174244694
44072,44073,2-s2.0-85174235176
44073,44074,2-s2.0-85174228661
44080,44081,2-s2.0-85174041493
44085,44086,2-s2.0-85173972736
44093,44094,2-s2.0-85173889162
44096,44097,2-s2.0-85173843942
44097,44098,2-s2.0-85173842165
44099,44100,2-s2.0-85173839806
44101,44102,2-s2.0-85173802461
44105,44106,2-s2.0-85173722327
44107,44108,2-s2.0-85173712040
44111,44112,2-s2.0-85173676948
44112,44113,2-s2.0-85173670701
44114,44115,2-s2.0-85173658309
44115,44116,2-s2.0-85173655387
44116,44117,2-s2.0-85173648516
44117,44118,2-s2.0-85173642343
44119,44120,2-s2.0-85173636378
44120,44121,2-s2.0-85173636274
44123,44124,2-s2.0-85173621912
44127,44128,2-s2.0-85173568320
44130,44131,2-s2.0-85173535545
44131,44132,2-s2.0-85173525300
44133,44134,2-s2.0-85173402608
44134,44135,2-s2.0-85173381733
44137,44138,2-s2.0-85173290390
44140,44141,2-s2.0-85173099015
44143,44144,2-s2.0-85173058254
44147,44148,2-s2.0-85172996175
44150,44151,2-s2.0-85172872912
44151,44152,2-s2.0-85172863211
44152,44153,2-s2.0-85172809311
44154,44155,2-s2.0-85172781056
44155,44156,2-s2.0-85172708523
44158,44159,2-s2.0-85172694325
44159,44160,2-s2.0-85172665340
44160,44161,2-s2.0-85172660402
44161,44162,2-s2.0-85172660140
44167,44168,2-s2.0-85172317472
44169,44170,2-s2.0-85172293588
44171,44172,2-s2.0-85172243810
44172,44173,2-s2.0-85172224442
44173,44174,2-s2.0-85172212643
44175,44176,2-s2.0-85172166711
44182,44183,2-s2.0-85172028852
44186,44187,2-s2.0-85171998731
44187,44188,2-s2.0-85171995139
44188,44189,2-s2.0-85171990889
44189,44190,2-s2.0-85171985590
44190,44191,2-s2.0-85171981497
44191,44192,2-s2.0-85171890912
44193,44194,2-s2.0-85171737371
44197,44198,2-s2.0-85171585529
44199,44200,2-s2.0-85171577291
44204,44205,2-s2.0-85171491862
44205,44206,2-s2.0-85171490695
44206,44207,2-s2.0-85171442821
44207,44208,2-s2.0-85171436115
44211,44212,2-s2.0-85171259515
44212,44213,2-s2.0-85171202143
44213,44214,2-s2.0-85171195163
44215,44216,2-s2.0-85171169495
44216,44217,2-s2.0-85171161524
44217,44218,2-s2.0-85171160792
44221,44222,2-s2.0-85170699129
44222,44223,2-s2.0-85170697402
44223,44224,2-s2.0-85170682175
44224,44225,2-s2.0-85170673843
44225,44226,2-s2.0-85170672001
44227,44228,2-s2.0-85170656386
44229,44230,2-s2.0-85170643630
44232,44233,2-s2.0-85170526963
44233,44234,2-s2.0-85170525892
44234,44235,2-s2.0-85170437120
44235,44236,2-s2.0-85170282511
44236,44237,2-s2.0-85170232365
44237,44238,2-s2.0-85170213397
44239,44240,2-s2.0-85170197705
44244,44245,2-s2.0-85170054814
44245,44246,2-s2.0-85170036536
44246,44247,2-s2.0-85169937319
44248,44249,2-s2.0-85169936726
44250,44251,2-s2.0-85169931260
44253,44254,2-s2.0-85169921517
44256,44257,2-s2.0-85169913365
44257,44258,2-s2.0-85169913216
44259,44260,2-s2.0-85169911581
44263,44264,2-s2.0-85169903765
44264,44265,2-s2.0-85169901876
44266,44267,2-s2.0-85169897047
44272,44273,2-s2.0-85169883304
44273,44274,2-s2.0-85169881868
44275,44276,2-s2.0-85169879581
44277,44278,2-s2.0-85169840861
44278,44279,2-s2.0-85169838478
44279,44280,2-s2.0-85169832377
44280,44281,2-s2.0-85169831851
44283,44284,2-s2.0-85169820277
44284,44285,2-s2.0-85169820076
44285,44286,2-s2.0-85169818599
44288,44289,2-s2.0-85169811693
44289,44290,2-s2.0-85169809876
44291,44292,2-s2.0-85169802390
44293,44294,2-s2.0-85169798569
44295,44296,2-s2.0-85169793168
44298,44299,2-s2.0-85169756827
44300,44301,2-s2.0-85169698078
44307,44308,2-s2.0-85169555199
44309,44310,2-s2.0-85169437359
44310,44311,2-s2.0-85169424008
44312,44313,2-s2.0-85169383622
44313,44314,2-s2.0-85169377442
44314,44315,2-s2.0-85169374433
44315,44316,2-s2.0-85169369322
44316,44317,2-s2.0-85169365196
44318,44319,2-s2.0-85169355491
44321,44322,2-s2.0-85169043912
44322,44323,2-s2.0-85169035491
44325,44326,2-s2.0-85169010197
44326,44327,2-s2.0-85168999598
44328,44329,2-s2.0-85168996322
44329,44330,2-s2.0-85168992901
44330,44331,2-s2.0-85168992013
44331,44332,2-s2.0-85168985553
44332,44333,2-s2.0-85168978401
44336,44337,2-s2.0-85168924651
44337,44338,2-s2.0-85168919669
44340,44341,2-s2.0-85168909686
44341,44342,2-s2.0-85168899295
44342,44343,2-s2.0-85168874460
44344,44345,2-s2.0-85168839436
44345,44346,2-s2.0-85168798245
44348,44349,2-s2.0-85168665745
44349,44350,2-s2.0-85168661789
44355,44356,2-s2.0-85168458777
44357,44358,2-s2.0-85168443328
44359,44360,2-s2.0-85168367588
44361,44362,2-s2.0-85168320399
44364,44365,2-s2.0-85168268621
44365,44366,2-s2.0-85168202968
44367,44368,2-s2.0-85168147043
44368,44369,2-s2.0-85168128318
44371,44372,2-s2.0-85168097533
44372,44373,2-s2.0-85168002083
44378,44379,2-s2.0-85167888212
44383,44384,2-s2.0-85167774076
44385,44386,2-s2.0-85167773722
44387,44388,2-s2.0-85167766817
44389,44390,2-s2.0-85167721588
44390,44391,2-s2.0-85167692080
44392,44393,2-s2.0-85167626684
44394,44395,2-s2.0-85167620173
44395,44396,2-s2.0-85167604290
44397,44398,2-s2.0-85167582474
44402,44403,2-s2.0-85167459718
44403,44404,2-s2.0-85167458498
44405,44406,2-s2.0-85167445611
44407,44408,2-s2.0-85167431244
44409,44410,2-s2.0-85167426750
44410,44411,2-s2.0-85167405248
44413,44414,2-s2.0-85167367632
44414,44415,2-s2.0-85167363594
44415,44416,2-s2.0-85167353261
44416,44417,2-s2.0-85167350516
44418,44419,2-s2.0-85166938592
44419,44420,2-s2.0-85166930762
44420,44421,2-s2.0-85166773676
44421,44422,2-s2.0-85166671291
44425,44426,2-s2.0-85166630806
44426,44427,2-s2.0-85166619836
44427,44428,2-s2.0-85166552711
44430,44431,2-s2.0-85166440032
44432,44433,2-s2.0-85166391073
44434,44435,2-s2.0-85166317327
44439,44440,2-s2.0-85166188889
44441,44442,2-s2.0-85166145649
44445,44446,2-s2.0-85166070116
44447,44448,2-s2.0-85166056734
44448,44449,2-s2.0-85166053570
44449,44450,2-s2.0-85166031590
44450,44451,2-s2.0-85166006856
44451,44452,2-s2.0-85165990795
44453,44454,2-s2.0-85165961341
44454,44455,2-s2.0-85165922585
44456,44457,2-s2.0-85165869097
44458,44459,2-s2.0-85165669412
44460,44461,2-s2.0-85165657967
44463,44464,2-s2.0-85165587353
44464,44465,2-s2.0-85165574710
44465,44466,2-s2.0-85165505188
44467,44468,2-s2.0-85165494907
44468,44469,2-s2.0-85165487345
44470,44471,2-s2.0-85165430632
44471,44472,2-s2.0-85165423620
44477,44478,2-s2.0-85165294242
44478,44479,2-s2.0-85165260772
44480,44481,2-s2.0-85165254651
44482,44483,2-s2.0-85165195981
44486,44487,2-s2.0-85165165648
44487,44488,2-s2.0-85165140336
44489,44490,2-s2.0-85165126476
44490,44491,2-s2.0-85165109898
44493,44494,2-s2.0-85165053053
44497,44498,2-s2.0-85164971537
44498,44499,2-s2.0-85164956394
44503,44504,2-s2.0-85164923790
44505,44506,2-s2.0-85164911798
44506,44507,2-s2.0-85164909869
44507,44508,2-s2.0-85164907519
44508,44509,2-s2.0-85164906665
44509,44510,2-s2.0-85164818648
44511,44512,2-s2.0-85164738744
44512,44513,2-s2.0-85164732416
44514,44515,2-s2.0-85164710226
44515,44516,2-s2.0-85164707177
44518,44519,2-s2.0-85164598450
44519,44520,2-s2.0-85164589340
44521,44522,2-s2.0-85164576096
44522,44523,2-s2.0-85164571923
44525,44526,2-s2.0-85164524888
44526,44527,2-s2.0-85164481036
44530,44531,2-s2.0-85164452980
44532,44533,2-s2.0-85164445119
44534,44535,2-s2.0-85164413938
44535,44536,2-s2.0-85164404275
44536,44537,2-s2.0-85164400985
44537,44538,2-s2.0-85164366183
44539,44540,2-s2.0-85164330788
44548,44549,2-s2.0-85163934567
44550,44551,2-s2.0-85163886520
44553,44554,2-s2.0-85163860779
44556,44557,2-s2.0-85163847162
44559,44560,2-s2.0-85163826783
44560,44561,2-s2.0-85163826156
44562,44563,2-s2.0-85163818659
44563,44564,2-s2.0-85163818438
44564,44565,2-s2.0-85163818342
44569,44570,2-s2.0-85163797382
44571,44572,2-s2.0-85163783425
44572,44573,2-s2.0-85163771154
44573,44574,2-s2.0-85163739000
44578,44579,2-s2.0-85163519761
44579,44580,2-s2.0-85163510226
44583,44584,2-s2.0-85163404557
44584,44585,2-s2.0-85163397017
44585,44586,2-s2.0-85163395801
44589,44590,2-s2.0-85163383378
44590,44591,2-s2.0-85163380066
44591,44592,2-s2.0-85163363188
44592,44593,2-s2.0-85163339240
44593,44594,2-s2.0-85163334747
44595,44596,2-s2.0-85163320293
44596,44597,2-s2.0-85163316708
44598,44599,2-s2.0-85163181858
44600,44601,2-s2.0-85163162092
44601,44602,2-s2.0-85163147727
44603,44604,2-s2.0-85163135064
44604,44605,2-s2.0-85163075606
44608,44609,2-s2.0-85162932310
44609,44610,2-s2.0-85162902216
44612,44613,2-s2.0-85162838528
44615,44616,2-s2.0-85162804725
44616,44617,2-s2.0-85162790598
44619,44620,2-s2.0-85162773099
44621,44622,2-s2.0-85162750715
44623,44624,2-s2.0-85162736769
44624,44625,2-s2.0-85162719765
44626,44627,2-s2.0-85162692826
44629,44630,2-s2.0-85162636565
44633,44634,2-s2.0-85162220598
44640,44641,2-s2.0-85162069118
44642,44643,2-s2.0-85161910969
44644,44645,2-s2.0-85161885629
44645,44646,2-s2.0-85161878159
44646,44647,2-s2.0-85161803333
44649,44650,2-s2.0-85161554754
44650,44651,2-s2.0-85161517527
44651,44652,2-s2.0-85161509284
44654,44655,2-s2.0-85161463926
44655,44656,2-s2.0-85161446382
44657,44658,2-s2.0-85161399412
44660,44661,2-s2.0-85161377129
44661,44662,2-s2.0-85161353371
44662,44663,2-s2.0-85161338039
44664,44665,2-s2.0-85161317410
44665,44666,2-s2.0-85161315857
44666,44667,2-s2.0-85161315244
44668,44669,2-s2.0-85161287833
44670,44671,2-s2.0-85161275825
44672,44673,2-s2.0-85161261387
44673,44674,2-s2.0-85161251382
44674,44675,2-s2.0-85161239320
44675,44676,2-s2.0-85161157184
44676,44677,2-s2.0-85161152127
44677,44678,2-s2.0-85161138719
44678,44679,2-s2.0-85161016015
44679,44680,2-s2.0-85160865020
44684,44685,2-s2.0-85160686177
44685,44686,2-s2.0-85160674812
44686,44687,2-s2.0-85160668993
44687,44688,2-s2.0-85160649735
44690,44691,2-s2.0-85160559810
44694,44695,2-s2.0-85160490027
44696,44697,2-s2.0-85160473344
44699,44700,2-s2.0-85160398238
44701,44702,2-s2.0-85160316393
44704,44705,2-s2.0-85160218850
44710,44711,2-s2.0-85159967080
44712,44713,2-s2.0-85159947980
44714,44715,2-s2.0-85159938590
44715,44716,2-s2.0-85159924930
44719,44720,2-s2.0-85159892886
44721,44722,2-s2.0-85159878813
44722,44723,2-s2.0-85159877344
44723,44724,2-s2.0-85159877067
44725,44726,2-s2.0-85159852988
44729,44730,2-s2.0-85159822004
44733,44734,2-s2.0-85159720686
44735,44736,2-s2.0-85159715787
44739,44740,2-s2.0-85159416167
44740,44741,2-s2.0-85159330699
44742,44743,2-s2.0-85159297936
44743,44744,2-s2.0-85159222750
44744,44745,2-s2.0-85159222686
44747,44748,2-s2.0-85159161497
44748,44749,2-s2.0-85159151870
44750,44751,2-s2.0-85159149198
44751,44752,2-s2.0-85159144742
44753,44754,2-s2.0-85159121512
44754,44755,2-s2.0-85159104461
44759,44760,2-s2.0-85158932423
44760,44761,2-s2.0-85158915135
44761,44762,2-s2.0-85158914155
44765,44766,2-s2.0-85158877222
44766,44767,2-s2.0-85158870579
44768,44769,2-s2.0-85158815548
44770,44771,2-s2.0-85158162844
44772,44773,2-s2.0-85158145491
44782,44783,2-s2.0-85158093974
44784,44785,2-s2.0-85158039836
44788,44789,2-s2.0-85156130126
44792,44793,2-s2.0-85153964427
44794,44795,2-s2.0-85153895436
44795,44796,2-s2.0-85153892861
44803,44804,2-s2.0-85153864112
44805,44806,2-s2.0-85153859537
44806,44807,2-s2.0-85153845313
44809,44810,2-s2.0-85153801651
44811,44812,2-s2.0-85153746357
44812,44813,2-s2.0-85153734711
44814,44815,2-s2.0-85153730121
44816,44817,2-s2.0-85153714270
44817,44818,2-s2.0-85153710053
44818,44819,2-s2.0-85153686662
44820,44821,2-s2.0-85153626094
44822,44823,2-s2.0-85153530238
44824,44825,2-s2.0-85153512634
44826,44827,2-s2.0-85153483474
44829,44830,2-s2.0-85153392969
44830,44831,2-s2.0-85153392210
44831,44832,2-s2.0-85153387141
44832,44833,2-s2.0-85153381990
44836,44837,2-s2.0-85153345983
44837,44838,2-s2.0-85153333480
44838,44839,2-s2.0-85153279842
44839,44840,2-s2.0-85153265928
44840,44841,2-s2.0-85153255926
44841,44842,2-s2.0-85153255623
44843,44844,2-s2.0-85153227526
44844,44845,2-s2.0-85153225374
44845,44846,2-s2.0-85153222567
44847,44848,2-s2.0-85153193033
44849,44850,2-s2.0-85153180861
44851,44852,2-s2.0-85153102505
44854,44855,2-s2.0-85152917572
44855,44856,2-s2.0-85152788549
44856,44857,2-s2.0-85152783603
44857,44858,2-s2.0-85152710411
44859,44860,2-s2.0-85152698819
44860,44861,2-s2.0-85152684682
44861,44862,2-s2.0-85152667295
44863,44864,2-s2.0-85152642139
44865,44866,2-s2.0-85152586220
44867,44868,2-s2.0-85152547379
44869,44870,2-s2.0-85152526627
44871,44872,2-s2.0-85152471963
44875,44876,2-s2.0-85152440542
44876,44877,2-s2.0-85152423420
44879,44880,2-s2.0-85152405319
44882,44883,2-s2.0-85152389096
44883,44884,2-s2.0-85152378643
44888,44889,2-s2.0-85152280332
44889,44890,2-s2.0-85152276712
44891,44892,2-s2.0-85152253384
44896,44897,2-s2.0-85152076180
44899,44900,2-s2.0-85151963503
44901,44902,2-s2.0-85151923736
44904,44905,2-s2.0-85151866692
44906,44907,2-s2.0-85151637208
44908,44909,2-s2.0-85151527060
44909,44910,2-s2.0-85151523541
44910,44911,2-s2.0-85151498473
44913,44914,2-s2.0-85151294826
44915,44916,2-s2.0-85151259221
44916,44917,2-s2.0-85151255913
44918,44919,2-s2.0-85151143103
44919,44920,2-s2.0-85151120150
44924,44925,2-s2.0-85151063142
44925,44926,2-s2.0-85151062683
44926,44927,2-s2.0-85151058211
44930,44931,2-s2.0-85151047535
44932,44933,2-s2.0-85151011892
44933,44934,2-s2.0-85150921627
44936,44937,2-s2.0-85150847217
44937,44938,2-s2.0-85150786841
44938,44939,2-s2.0-85150750337
44941,44942,2-s2.0-85150525827
44942,44943,2-s2.0-85150525615
44944,44945,2-s2.0-85150453801
44945,44946,2-s2.0-85150421529
44946,44947,2-s2.0-85150412294
44947,44948,2-s2.0-85150385035
44948,44949,2-s2.0-85150356687
44949,44950,2-s2.0-85150300981
44950,44951,2-s2.0-85150285980
44954,44955,2-s2.0-85150214556
44957,44958,2-s2.0-85150173306
44958,44959,2-s2.0-85150160852
44963,44964,2-s2.0-85150000585
44964,44965,2-s2.0-85149950829
44967,44968,2-s2.0-85149758935
44968,44969,2-s2.0-85149704785
44970,44971,2-s2.0-85149673889
44973,44974,2-s2.0-85149646968
44975,44976,2-s2.0-85149644964
44976,44977,2-s2.0-85149624126
44978,44979,2-s2.0-85149582863
44979,44980,2-s2.0-85149575098
44981,44982,2-s2.0-85149550724
44982,44983,2-s2.0-85149538425
44986,44987,2-s2.0-85149465937
44990,44991,2-s2.0-85149370981
44993,44994,2-s2.0-85149126285
44994,44995,2-s2.0-85149013106
44997,44998,2-s2.0-85148755596
44999,45000,2-s2.0-85148725742
45000,45001,2-s2.0-85148708551
45001,45002,2-s2.0-85148688993
45003,45004,2-s2.0-85148685135
45008,45009,2-s2.0-85148521574
45009,45010,2-s2.0-85148518541
45016,45017,2-s2.0-85148238893
45018,45019,2-s2.0-85148225296
45019,45020,2-s2.0-85148224312
45021,45022,2-s2.0-85148050858
45022,45023,2-s2.0-85148018142
45025,45026,2-s2.0-85147859362
45026,45027,2-s2.0-85147773748
45027,45028,2-s2.0-85147745277
45028,45029,2-s2.0-85147729328
45029,45030,2-s2.0-85147714347
45030,45031,2-s2.0-85147657456
45033,45034,2-s2.0-85147496607
45034,45035,2-s2.0-85147457723
45035,45036,2-s2.0-85147369986
45037,45038,2-s2.0-85147234178
45038,45039,2-s2.0-85147181222
45041,45042,2-s2.0-85147008409
45045,45046,2-s2.0-85146810468
45046,45047,2-s2.0-85146784546
45048,45049,2-s2.0-85146740052
45049,45050,2-s2.0-85146739141
45051,45052,2-s2.0-85146736130
45053,45054,2-s2.0-85146637721
45054,45055,2-s2.0-85146637633
45056,45057,2-s2.0-85146453974
45057,45058,2-s2.0-85146434944
45058,45059,2-s2.0-85146358318
45063,45064,2-s2.0-85146240730
45065,45066,2-s2.0-85146220575
45066,45067,2-s2.0-85146217519
45067,45068,2-s2.0-85146216787
45068,45069,2-s2.0-85146216448
45069,45070,2-s2.0-85146081632
45077,45078,2-s2.0-85145859989
45080,45081,2-s2.0-85145773803
45081,45082,2-s2.0-85145668659
45084,45085,2-s2.0-85145458839
45086,45087,2-s2.0-85145451491
45087,45088,2-s2.0-85145448275
45088,45089,2-s2.0-85145339152
45089,45090,2-s2.0-85145284555
45092,45093,2-s2.0-85144954143
45095,45096,2-s2.0-85144694380
45096,45097,2-s2.0-85144691600
45098,45099,2-s2.0-85144512689
45100,45101,2-s2.0-85144230837
45101,45102,2-s2.0-85144207470
45106,45107,2-s2.0-85143609725
45107,45108,2-s2.0-85143434648
45108,45109,2-s2.0-85143418611
45111,45112,2-s2.0-85143273607
45112,45113,2-s2.0-85143235929
45116,45117,2-s2.0-85142661704
45124,45125,2-s2.0-85142064526
45126,45127,2-s2.0-85141734967
45127,45128,2-s2.0-85141614828
45129,45130,2-s2.0-85141582607
45130,45131,2-s2.0-85141570265
45131,45132,2-s2.0-85141507954
45133,45134,2-s2.0-85141438264
45134,45135,2-s2.0-85141268670
45135,45136,2-s2.0-85141189824
45136,45137,2-s2.0-85141152851
45137,45138,2-s2.0-85141030971
45138,45139,2-s2.0-85141020004
45139,45140,2-s2.0-85140957917
45141,45142,2-s2.0-85140461624
45143,45144,2-s2.0-85140260646
45144,45145,2-s2.0-85140074013
45145,45146,2-s2.0-85140023097
45147,45148,2-s2.0-85139506319
45152,45153,2-s2.0-85139153072
45154,45155,2-s2.0-85138414685
45155,45156,2-s2.0-85138395956
45157,45158,2-s2.0-85138316227
45158,45159,2-s2.0-85138246327
45159,45160,2-s2.0-85138223198
45160,45161,2-s2.0-85137974303
45161,45162,2-s2.0-85137842898
45163,45164,2-s2.0-85137709193
45164,45165,2-s2.0-85137672214
45165,45166,2-s2.0-85137600138
45167,45168,2-s2.0-85137411118
45169,45170,2-s2.0-85136964417
45170,45171,2-s2.0-85136695215
45172,45173,2-s2.0-85136284157
45174,45175,2-s2.0-85135935725
45177,45178,2-s2.0-85135770861
45179,45180,2-s2.0-85135436203
45182,45183,2-s2.0-85134492131
45183,45184,2-s2.0-85134414827
45186,45187,2-s2.0-85133453073
45189,45190,2-s2.0-85133166521
45192,45193,2-s2.0-85132667637
45197,45198,2-s2.0-85131932876
45200,45201,2-s2.0-85131357383
45202,45203,2-s2.0-85131052860
45205,45206,2-s2.0-85130603195
45206,45207,2-s2.0-85130596801
45207,45208,2-s2.0-85130462101
45210,45211,2-s2.0-85129830709
45212,45213,2-s2.0-85129313773
45215,45216,2-s2.0-85129183042
45218,45219,2-s2.0-85128730541
45219,45220,2-s2.0-85128478210
45221,45222,2-s2.0-85127737533
45222,45223,2-s2.0-85127580998
45223,45224,2-s2.0-85127543433
45224,45225,2-s2.0-85127173359
45226,45227,2-s2.0-85126767057
45227,45228,2-s2.0-85126656012
45228,45229,2-s2.0-85126562608
45230,45231,2-s2.0-85126036434
45231,45232,2-s2.0-85124127117
45236,45237,2-s2.0-85122849441
45237,45238,2-s2.0-85122670281
45238,45239,2-s2.0-85122460572
45241,45242,2-s2.0-85121772178
45242,45243,2-s2.0-85121592148
45243,45244,2-s2.0-85121572689
45244,45245,2-s2.0-85121498540
45245,45246,2-s2.0-85121471319
45246,45247,2-s2.0-85121356988
45248,45249,2-s2.0-85120070631
45249,45250,2-s2.0-85119991726
45257,45258,2-s2.0-85117287347
45258,45259,2-s2.0-85116865876
45259,45260,2-s2.0-85116628790
45262,45263,2-s2.0-85116036343
45263,45264,2-s2.0-85115797001
45264,45265,2-s2.0-85115302206
45268,45269,2-s2.0-85115179378
45269,45270,2-s2.0-85115179065
45273,45274,2-s2.0-85114474311
45276,45277,2-s2.0-85113838927
45278,45279,2-s2.0-85113748745
45279,45280,2-s2.0-85113444534
45284,45285,2-s2.0-85112166784
45286,45287,2-s2.0-85112051130
45289,45290,2-s2.0-85110853011
45290,45291,2-s2.0-85110819200
45293,45294,2-s2.0-85109337716
45294,45295,2-s2.0-85108654653
45295,45296,2-s2.0-85107895404
45302,45303,2-s2.0-85104456043
45303,45304,2-s2.0-85104427003
45307,45308,2-s2.0-85103621704
45310,45311,2-s2.0-85102705735
45314,45315,2-s2.0-85100271087
45315,45316,2-s2.0-85099583347
45316,45317,2-s2.0-85097558143
45317,45318,2-s2.0-85096400005
45318,45319,2-s2.0-85096115473
45319,45320,2-s2.0-85094823530
45320,45321,2-s2.0-85092127708
45322,45323,2-s2.0-85089994463
45323,45324,2-s2.0-85087026535
45325,45326,2-s2.0-85084797274
45326,45327,2-s2.0-67650687609
45327,45328,2-s2.0-61049142156
45331,45332,2-s2.0-105007218688
45332,45333,2-s2.0-105005990971
45336,45337,2-s2.0-105005958030
45340,45341,2-s2.0-105005956059
45341,45342,2-s2.0-105005954232
45343,45344,2-s2.0-105005951877
45344,45345,2-s2.0-105005950796
45345,45346,2-s2.0-105005949830
45350,45351,2-s2.0-105005945086
45351,45352,2-s2.0-105005942811
45353,45354,2-s2.0-105005941710
45355,45356,2-s2.0-105005940035
45356,45357,2-s2.0-105005939759
45359,45360,2-s2.0-105005933433
45361,45362,2-s2.0-105003019273
45363,45364,2-s2.0-85150388901
45366,45367,2-s2.0-85196363970
45368,45369,2-s2.0-85146731007
45370,45371,2-s2.0-85146714365
45372,45373,2-s2.0-85146706802
45373,45374,2-s2.0-85146694854
45374,45375,2-s2.0-85146674475
45375,45376,2-s2.0-85146670439
45377,45378,2-s2.0-85146651397
45378,45379,2-s2.0-85146650476
45380,45381,2-s2.0-85146648814
45382,45383,2-s2.0-85146639550
45388,45389,2-s2.0-85145507115
45390,45391,2-s2.0-85145087069
45395,45396,2-s2.0-85145325555
45397,45398,2-s2.0-85138828078
45400,45401,2-s2.0-85135975340
45401,45402,2-s2.0-85170056132
45402,45403,2-s2.0-85145068145
45405,45406,2-s2.0-85144958335
45407,45408,2-s2.0-85143594747
45408,45409,2-s2.0-85144161298
45410,45411,2-s2.0-85144160142
45411,45412,2-s2.0-85144155584
45412,45413,2-s2.0-85144149956
45415,45416,2-s2.0-85144143576
45417,45418,2-s2.0-85144135855
45420,45421,2-s2.0-85144128274
45421,45422,2-s2.0-85144124404
45423,45424,2-s2.0-85144122434
45424,45425,2-s2.0-85144118317
45426,45427,2-s2.0-85144112308
45427,45428,2-s2.0-85144110036
45429,45430,2-s2.0-85144107173
45430,45431,2-s2.0-85144104581
45431,45432,2-s2.0-85144104185
45432,45433,2-s2.0-85144103639
45439,45440,2-s2.0-85211180951
45440,45441,2-s2.0-85211161877
45444,45445,2-s2.0-85164972229
45447,45448,2-s2.0-85162864667
45450,45451,2-s2.0-85161069089
45454,45455,2-s2.0-85152787571
45456,45457,2-s2.0-85152532022
45461,45462,2-s2.0-85152364046
45462,45463,2-s2.0-85151821644
45463,45464,2-s2.0-85149609241
45465,45466,2-s2.0-85149109614
45469,45470,2-s2.0-85148942120
45470,45471,2-s2.0-85148936683
45471,45472,2-s2.0-85148935654
45472,45473,2-s2.0-85148767835
45473,45474,2-s2.0-85148062066
45474,45475,2-s2.0-85148002561
45476,45477,2-s2.0-85147271294
45478,45479,2-s2.0-85146303392
45479,45480,2-s2.0-85146302749
45481,45482,2-s2.0-85146263418
45485,45486,2-s2.0-85145426002
45486,45487,2-s2.0-85145319806
45489,45490,2-s2.0-85144951419
45492,45493,2-s2.0-85144859490
45495,45496,2-s2.0-85144841432
45498,45499,2-s2.0-85144728724
45499,45500,2-s2.0-85144698548
45500,45501,2-s2.0-85144691403
45501,45502,2-s2.0-85144685209
45502,45503,2-s2.0-85144679591
45503,45504,2-s2.0-85144651544
45505,45506,2-s2.0-85144480360
45507,45508,2-s2.0-85144176033
45510,45511,2-s2.0-85143974793
45511,45512,2-s2.0-85143973781
45515,45516,2-s2.0-85143770192
45516,45517,2-s2.0-85143633708
45517,45518,2-s2.0-85143625573
45518,45519,2-s2.0-85143612247
45521,45522,2-s2.0-85143117849
45522,45523,2-s2.0-85142725986
45523,45524,2-s2.0-85142674118
45524,45525,2-s2.0-85142186365
45526,45527,2-s2.0-85141915375
45528,45529,2-s2.0-85141888238
45531,45532,2-s2.0-85141528898
45537,45538,2-s2.0-85140862647
45539,45540,2-s2.0-85140832574
45541,45542,2-s2.0-85140825902
45545,45546,2-s2.0-85139850632
45549,45550,2-s2.0-85139736233
45554,45555,2-s2.0-85139324281
45555,45556,2-s2.0-85139273965
45559,45560,2-s2.0-85138804765
45562,45563,2-s2.0-85138582742
45563,45564,2-s2.0-85138581415
45567,45568,2-s2.0-85138305111
45568,45569,2-s2.0-85138280967
45569,45570,2-s2.0-85137986872
45570,45571,2-s2.0-85137766405
45575,45576,2-s2.0-85137509652
45581,45582,2-s2.0-85135510244
45583,45584,2-s2.0-85135329384
45587,45588,2-s2.0-85134748037
45591,45592,2-s2.0-85133620462
45592,45593,2-s2.0-85133281216
45597,45598,2-s2.0-85132195987
45598,45599,2-s2.0-85132128608
45599,45600,2-s2.0-85131935673
45602,45603,2-s2.0-85131585637
45603,45604,2-s2.0-85131431846
45606,45607,2-s2.0-85130754430
45608,45609,2-s2.0-85130338753
45609,45610,2-s2.0-85130312712
45611,45612,2-s2.0-85129912713
45612,45613,2-s2.0-85129471764
45614,45615,2-s2.0-85128974462
45616,45617,2-s2.0-85128210096
45617,45618,2-s2.0-85127631628
45621,45622,2-s2.0-85124881083
45622,45623,2-s2.0-85124577821
45623,45624,2-s2.0-85124397412
45624,45625,2-s2.0-85124297546
45625,45626,2-s2.0-85124265615
45628,45629,2-s2.0-85122423395
45629,45630,2-s2.0-85122331422
45631,45632,2-s2.0-85122214119
45633,45634,2-s2.0-85121424978
45636,45637,2-s2.0-85118871825
45637,45638,2-s2.0-85118836722
45638,45639,2-s2.0-85118256709
45640,45641,2-s2.0-85115639819
45641,45642,2-s2.0-85115237432
45642,45643,2-s2.0-85114358768
45644,45645,2-s2.0-85113756483
45646,45647,2-s2.0-85105530331
45648,45649,2-s2.0-85101033891
45649,45650,2-s2.0-85100855146
45651,45652,2-s2.0-85098483712
45652,45653,2-s2.0-85097242238
45655,45656,2-s2.0-105006463081
45657,45658,2-s2.0-85144083590
45658,45659,2-s2.0-85144079084
45659,45660,2-s2.0-85144078207
45661,45662,2-s2.0-85144069197
45662,45663,2-s2.0-85144067401
45664,45665,2-s2.0-85144058769
45667,45668,2-s2.0-85144050701
45669,45670,2-s2.0-85144039180
45670,45671,2-s2.0-85144038239
45674,45675,2-s2.0-85143892451
45677,45678,2-s2.0-85151061538
45678,45679,2-s2.0-85151059580
45680,45681,2-s2.0-85151058058
45682,45683,2-s2.0-85151049524
45685,45686,2-s2.0-85144069990
45687,45688,2-s2.0-85144052409
45689,45690,2-s2.0-85144042257
45692,45693,2-s2.0-85144012326
45694,45695,2-s2.0-85143416770
45698,45699,2-s2.0-85148481697
45699,45700,2-s2.0-85148473192
45702,45703,2-s2.0-85142630729
45704,45705,2-s2.0-85142927747
45705,45706,2-s2.0-85142922457
45708,45709,2-s2.0-85147452556
45709,45710,2-s2.0-85142210845
45713,45714,2-s2.0-85139044675
45715,45716,2-s2.0-85143118568
45719,45720,2-s2.0-85179921211
45721,45722,2-s2.0-85177057591
45723,45724,2-s2.0-85161282210
45725,45726,2-s2.0-85150446647
45726,45727,2-s2.0-85150392699
45727,45728,2-s2.0-85149539525
45732,45733,2-s2.0-85148956883
45733,45734,2-s2.0-85148946818
45734,45735,2-s2.0-85148936598
45739,45740,2-s2.0-85147210751
45740,45741,2-s2.0-85147154078
45742,45743,2-s2.0-85146812269
45747,45748,2-s2.0-85144861114
45748,45749,2-s2.0-85144202058
45751,45752,2-s2.0-85142826003
45754,45755,2-s2.0-85142478284
45758,45759,2-s2.0-85142276232
45761,45762,2-s2.0-85141855710
45765,45766,2-s2.0-85141839090
45768,45769,2-s2.0-85141799501
45771,45772,2-s2.0-85141763337
45774,45775,2-s2.0-85141448509
45775,45776,2-s2.0-85141408650
45777,45778,2-s2.0-85139972343
45778,45779,2-s2.0-85139685618
45782,45783,2-s2.0-85137282278
45783,45784,2-s2.0-85136599216
45786,45787,2-s2.0-85136169626
45787,45788,2-s2.0-85135322056
45789,45790,2-s2.0-85134778128
45796,45797,2-s2.0-85131324006
45798,45799,2-s2.0-85130919708
45800,45801,2-s2.0-85129444181
45804,45805,2-s2.0-85122879555
45808,45809,2-s2.0-85113146397
45809,45810,2-s2.0-85106577669
45810,45811,2-s2.0-85105966885
45814,45815,2-s2.0-85153998291
45815,45816,2-s2.0-85153997777
45816,45817,2-s2.0-85153997254
45817,45818,2-s2.0-85153997095
45822,45823,2-s2.0-85153995971
45823,45824,2-s2.0-85153995547
45826,45827,2-s2.0-85153995133
45828,45829,2-s2.0-85146254168
45829,45830,2-s2.0-85142144128
45833,45834,2-s2.0-85148618354
45834,45835,2-s2.0-85141993039
45835,45836,2-s2.0-85138277725
45836,45837,2-s2.0-85141999489
45839,45840,2-s2.0-85140766166
45840,45841,2-s2.0-85141530444
45841,45842,2-s2.0-85141410795
45842,45843,2-s2.0-85141381704
45843,45844,2-s2.0-85141355977
45848,45849,2-s2.0-85141179917
45849,45850,2-s2.0-85153995763
45855,45856,2-s2.0-85141368278
45857,45858,2-s2.0-85138908832
45862,45863,2-s2.0-85138902991
45867,45868,2-s2.0-85147599121
45868,45869,2-s2.0-85140264772
45869,45870,2-s2.0-85140263651
45877,45878,2-s2.0-85147031985
45879,45880,2-s2.0-85146993830
45880,45881,2-s2.0-85144132362
45883,45884,2-s2.0-85141635895
45887,45888,2-s2.0-85141380201
45888,45889,2-s2.0-85141323979
45890,45891,2-s2.0-85141026818
45891,45892,2-s2.0-85140908891
45896,45897,2-s2.0-85140620599
45900,45901,2-s2.0-85140584569
45903,45904,2-s2.0-85140466406
45907,45908,2-s2.0-85140144707
45911,45912,2-s2.0-85139964991
45914,45915,2-s2.0-85139944328
45917,45918,2-s2.0-85139905552
45919,45920,2-s2.0-85139772170
45921,45922,2-s2.0-85139733441
45922,45923,2-s2.0-85139733106
45923,45924,2-s2.0-85139572290
45924,45925,2-s2.0-85139571856
45925,45926,2-s2.0-85139497039
45926,45927,2-s2.0-85139253343
45927,45928,2-s2.0-85139185196
45928,45929,2-s2.0-85139074175
45930,45931,2-s2.0-85138392985
45932,45933,2-s2.0-85137618256
45934,45935,2-s2.0-85136795151
45936,45937,2-s2.0-85135952779
45937,45938,2-s2.0-85135838752
45938,45939,2-s2.0-85135343692
45939,45940,2-s2.0-85135102190
45941,45942,2-s2.0-85133274584
45942,45943,2-s2.0-85132225961
45943,45944,2-s2.0-85131965828
45947,45948,2-s2.0-85130710668
45948,45949,2-s2.0-85130211249
45949,45950,2-s2.0-85129434659
45950,45951,2-s2.0-85128628064
45953,45954,2-s2.0-85124770568
45954,45955,2-s2.0-85124426979
45957,45958,2-s2.0-85123237941
45958,45959,2-s2.0-85123205007
45959,45960,2-s2.0-85123081419
45963,45964,2-s2.0-85117084770
45965,45966,2-s2.0-85115231668
45966,45967,2-s2.0-85115152191
45967,45968,2-s2.0-85114191175
45969,45970,2-s2.0-85114101153
45970,45971,2-s2.0-85113141429
45972,45973,2-s2.0-85112606308
45976,45977,2-s2.0-85104554306
45977,45978,2-s2.0-85102126835
45979,45980,2-s2.0-85139957350
45980,45981,2-s2.0-85149883867
45982,45983,2-s2.0-85139471603
45984,45985,2-s2.0-85149965309
45987,45988,2-s2.0-105001721906
45988,45989,2-s2.0-105001567828
45992,45993,2-s2.0-85147421462
45994,45995,2-s2.0-85139336945
45996,45997,2-s2.0-85139982480
45998,45999,2-s2.0-85139969362
45999,46000,2-s2.0-85139964608
46001,46002,2-s2.0-85139957417
46002,46003,2-s2.0-85139952188
46004,46005,2-s2.0-85139939979
46005,46006,2-s2.0-85139937393
46007,46008,2-s2.0-85139934421
46008,46009,2-s2.0-85139927376
46010,46011,2-s2.0-85139918857
46014,46015,2-s2.0-85147758917
46017,46018,2-s2.0-85159688788
46018,46019,2-s2.0-85141887431
46021,46022,2-s2.0-85141844152
46026,46027,2-s2.0-85210273768
46029,46030,2-s2.0-85202827244
46031,46032,2-s2.0-85174148338
46033,46034,2-s2.0-85153535599
46034,46035,2-s2.0-85152903784
46035,46036,2-s2.0-85152278273
46040,46041,2-s2.0-85145421549
46042,46043,2-s2.0-85145408280
46043,46044,2-s2.0-85145402342
46044,46045,2-s2.0-85145402072
46046,46047,2-s2.0-85145365798
46047,46048,2-s2.0-85145225623
46048,46049,2-s2.0-85143414356
46051,46052,2-s2.0-85142855722
46052,46053,2-s2.0-85142855672
46056,46057,2-s2.0-85142781038
46058,46059,2-s2.0-85142739551
46060,46061,2-s2.0-85142326621
46064,46065,2-s2.0-85140952331
46066,46067,2-s2.0-85140240537
46073,46074,2-s2.0-85138717615
46074,46075,2-s2.0-85138711446
46077,46078,2-s2.0-85138676661
46078,46079,2-s2.0-85138674418
46081,46082,2-s2.0-85138614556
46082,46083,2-s2.0-85138610631
46084,46085,2-s2.0-85138585982
46085,46086,2-s2.0-85138361099
46086,46087,2-s2.0-85138202714
46087,46088,2-s2.0-85138105946
46090,46091,2-s2.0-85137930713
46093,46094,2-s2.0-85136977648
46095,46096,2-s2.0-85136283783
46096,46097,2-s2.0-85136269980
46097,46098,2-s2.0-85136260991
46109,46110,2-s2.0-85133918833
46113,46114,2-s2.0-85133598690
46114,46115,2-s2.0-85133585216
46117,46118,2-s2.0-85133203323
46120,46121,2-s2.0-85132773478
46123,46124,2-s2.0-85132178253
46125,46126,2-s2.0-85131835072
46126,46127,2-s2.0-85131816126
46129,46130,2-s2.0-85130504144
46132,46133,2-s2.0-85129750217
46133,46134,2-s2.0-85129504684
46140,46141,2-s2.0-85126337597
46145,46146,2-s2.0-85123255918
46148,46149,2-s2.0-85121355484
46152,46153,2-s2.0-85112798171
46155,46156,2-s2.0-85109034811
46158,46159,2-s2.0-85091732577
46159,46160,2-s2.0-85089978867
46162,46163,2-s2.0-105005276910
46164,46165,2-s2.0-85143693392
46166,46167,2-s2.0-85137737394
46167,46168,2-s2.0-85137530427
46168,46169,2-s2.0-85137198945
46169,46170,2-s2.0-85138245739
46170,46171,2-s2.0-85138105579
46172,46173,2-s2.0-85138314595
46173,46174,2-s2.0-85138312722
46174,46175,2-s2.0-85138312386
46176,46177,2-s2.0-85138309326
46177,46178,2-s2.0-85138308080
46180,46181,2-s2.0-85138304943
46181,46182,2-s2.0-85138303891
46182,46183,2-s2.0-85138300966
46183,46184,2-s2.0-85138297134
46184,46185,2-s2.0-85138297033
46185,46186,2-s2.0-85138297006
46187,46188,2-s2.0-85138294763
46188,46189,2-s2.0-85138290168
46189,46190,2-s2.0-85138289112
46193,46194,2-s2.0-85138281388
46194,46195,2-s2.0-85138281081
46197,46198,2-s2.0-85138279250
46199,46200,2-s2.0-85138275831
46200,46201,2-s2.0-85138275618
46201,46202,2-s2.0-85138272942
46202,46203,2-s2.0-85138272761
46206,46207,2-s2.0-85138268499
46207,46208,2-s2.0-85138265800
46208,46209,2-s2.0-85138265029
46211,46212,2-s2.0-85138257930
46212,46213,2-s2.0-85138253333
46214,46215,2-s2.0-85138251575
46215,46216,2-s2.0-85138251298
46217,46218,2-s2.0-85138250060
46219,46220,2-s2.0-85138247229
46220,46221,2-s2.0-85138246569
46221,46222,2-s2.0-85138245261
46223,46224,2-s2.0-85138243452
46226,46227,2-s2.0-85138235203
46228,46229,2-s2.0-85138234397
46230,46231,2-s2.0-85138233836
46232,46233,2-s2.0-85138232270
46233,46234,2-s2.0-85138232014
46234,46235,2-s2.0-85138229443
46238,46239,2-s2.0-85138227665
46240,46241,2-s2.0-85138224090
46242,46243,2-s2.0-85138222166
46243,46244,2-s2.0-85138005649
46244,46245,2-s2.0-85136223672
46249,46250,2-s2.0-85100111974
46251,46252,2-s2.0-85137729057
46257,46258,2-s2.0-85136556639
46262,46263,2-s2.0-85126295753
46266,46267,2-s2.0-85137108717
46267,46268,2-s2.0-85136934750
46268,46269,2-s2.0-85144593360
46269,46270,2-s2.0-85210531981
46270,46271,2-s2.0-85198558644
46271,46272,2-s2.0-85142236495
46272,46273,2-s2.0-85140224443
46274,46275,2-s2.0-85140213545
46276,46277,2-s2.0-85139458072
46278,46279,2-s2.0-85137709214
46279,46280,2-s2.0-85137682877
46288,46289,2-s2.0-85137102576
46289,46290,2-s2.0-85136977584
46293,46294,2-s2.0-85136875863
46294,46295,2-s2.0-85136827643
46296,46297,2-s2.0-85136804289
46297,46298,2-s2.0-85136782814
46298,46299,2-s2.0-85136780488
46299,46300,2-s2.0-85136709827
46300,46301,2-s2.0-85136578315
46301,46302,2-s2.0-85136546497
46304,46305,2-s2.0-85135574641
46306,46307,2-s2.0-85134757400
46307,46308,2-s2.0-85134616590
46308,46309,2-s2.0-85134590874
46309,46310,2-s2.0-85134546761
46310,46311,2-s2.0-85134523945
46311,46312,2-s2.0-85134506584
46313,46314,2-s2.0-85133944726
46314,46315,2-s2.0-85133449277
46316,46317,2-s2.0-85133415886
46318,46319,2-s2.0-85133149488
46319,46320,2-s2.0-85132935307
46321,46322,2-s2.0-85132764769
46325,46326,2-s2.0-85131313552
46327,46328,2-s2.0-85130384260
46333,46334,2-s2.0-85126061683
46334,46335,2-s2.0-85125445826
46335,46336,2-s2.0-85124193599
46337,46338,2-s2.0-85111890351
46338,46339,2-s2.0-85109328142
46341,46342,2-s2.0-85106726775
46344,46345,2-s2.0-85143433416
46349,46350,2-s2.0-85135936167
46350,46351,2-s2.0-85135726806
46352,46353,2-s2.0-85135712773
46354,46355,2-s2.0-85135704841
46355,46356,2-s2.0-85135699766
46357,46358,2-s2.0-85135684554
46358,46359,2-s2.0-85135606979
46359,46360,2-s2.0-85140041265
46360,46361,2-s2.0-85140004978
46363,46364,2-s2.0-85135743633
46365,46366,2-s2.0-85134580279
46367,46368,2-s2.0-85145360288
46369,46370,2-s2.0-85134367146
46370,46371,2-s2.0-85133466613
46373,46374,2-s2.0-85142807269
46374,46375,2-s2.0-85134717532
46375,46376,2-s2.0-85134717077
46376,46377,2-s2.0-85134690974
46380,46381,2-s2.0-85134674843
46385,46386,2-s2.0-85134653000
46386,46387,2-s2.0-85134649424
46388,46389,2-s2.0-85134648118
46390,46391,2-s2.0-85134643436
46392,46393,2-s2.0-85135215611
46394,46395,2-s2.0-85134538296
46398,46399,2-s2.0-85134431066
46399,46400,2-s2.0-85134430841
46400,46401,2-s2.0-85134017842
46407,46408,2-s2.0-85150452149
46409,46410,2-s2.0-85144983823
46411,46412,2-s2.0-85143975972
46413,46414,2-s2.0-85142244692
46416,46417,2-s2.0-85142224386
46417,46418,2-s2.0-85142213650
46418,46419,2-s2.0-85141670304
46419,46420,2-s2.0-85141392556
46421,46422,2-s2.0-85141263511
46422,46423,2-s2.0-85140485631
46423,46424,2-s2.0-85140215466
46425,46426,2-s2.0-85138712499
46427,46428,2-s2.0-85138103967
46429,46430,2-s2.0-85136705304
46430,46431,2-s2.0-85136357764
46431,46432,2-s2.0-85135926438
46433,46434,2-s2.0-85135535160
46435,46436,2-s2.0-85135109832
46436,46437,2-s2.0-85134947868
46441,46442,2-s2.0-85134535515
46442,46443,2-s2.0-85134511443
46445,46446,2-s2.0-85134036091
46447,46448,2-s2.0-85133927427
46448,46449,2-s2.0-85133867329
46449,46450,2-s2.0-85133843115
46452,46453,2-s2.0-85133720669
46457,46458,2-s2.0-85133666983
46458,46459,2-s2.0-85133652011
46460,46461,2-s2.0-85133583484
46463,46464,2-s2.0-85133433541
46467,46468,2-s2.0-85133238185
46468,46469,2-s2.0-85133216155
46471,46472,2-s2.0-85132883776
46473,46474,2-s2.0-85132398794
46474,46475,2-s2.0-85132193794
46476,46477,2-s2.0-85131288360
46477,46478,2-s2.0-85131066112
46479,46480,2-s2.0-85130280384
46481,46482,2-s2.0-85129447661
46484,46485,2-s2.0-85126248439
46486,46487,2-s2.0-85125419332
46487,46488,2-s2.0-85124623487
46488,46489,2-s2.0-85123642754
46489,46490,2-s2.0-85123473789
46490,46491,2-s2.0-85122135836
46491,46492,2-s2.0-85121662296
46492,46493,2-s2.0-85107348602
46497,46498,2-s2.0-85102281138
46499,46500,2-s2.0-85095456743
46500,46501,2-s2.0-85092897970
46501,46502,2-s2.0-85088033863
46502,46503,2-s2.0-85147602827
46504,46505,2-s2.0-85110366259
46505,46506,2-s2.0-85133567091
46507,46508,2-s2.0-85133914336
46508,46509,2-s2.0-85130223100
46510,46511,2-s2.0-85134533284
46514,46515,2-s2.0-85133369649
46519,46520,2-s2.0-85136860135
46524,46525,2-s2.0-85133708003
46527,46528,2-s2.0-85137180610
46529,46530,2-s2.0-85137173019
46530,46531,2-s2.0-85133549943
46531,46532,2-s2.0-85133499967
46532,46533,2-s2.0-105001574184
46536,46537,2-s2.0-85133448085
46538,46539,2-s2.0-85132335858
46539,46540,2-s2.0-85133183425
46540,46541,2-s2.0-85132358968
46541,46542,2-s2.0-85126195365
46545,46546,2-s2.0-85132869172
46546,46547,2-s2.0-85132824076
46550,46551,2-s2.0-85183289464
46551,46552,2-s2.0-85173514643
46552,46553,2-s2.0-85173478363
46553,46554,2-s2.0-85171192949
46556,46557,2-s2.0-85146395573
46557,46558,2-s2.0-85145802802
46560,46561,2-s2.0-85139043406
46561,46562,2-s2.0-85139042475
46562,46563,2-s2.0-85136577877
46563,46564,2-s2.0-85136567717
46564,46565,2-s2.0-85136522257
46566,46567,2-s2.0-85135825025
46567,46568,2-s2.0-85135756921
46568,46569,2-s2.0-85135452468
46571,46572,2-s2.0-85135238530
46573,46574,2-s2.0-85135209764
46576,46577,2-s2.0-85134602908
46577,46578,2-s2.0-85134188158
46578,46579,2-s2.0-85133495097
46579,46580,2-s2.0-85133193063
46580,46581,2-s2.0-85133170549
46581,46582,2-s2.0-85133134212
46582,46583,2-s2.0-85133103349
46583,46584,2-s2.0-85132977765
46584,46585,2-s2.0-85132848526
46585,46586,2-s2.0-85132834589
46586,46587,2-s2.0-85132789670
46589,46590,2-s2.0-85132521327
46590,46591,2-s2.0-85132356286
46591,46592,2-s2.0-85132305668
46592,46593,2-s2.0-85132292678
46593,46594,2-s2.0-85132263064
46594,46595,2-s2.0-85132178052
46595,46596,2-s2.0-85132176181
46597,46598,2-s2.0-85132150090
46600,46601,2-s2.0-85132029553
46602,46603,2-s2.0-85131902352
46603,46604,2-s2.0-85131799449
46604,46605,2-s2.0-85131772389
46605,46606,2-s2.0-85131772055
46606,46607,2-s2.0-85131771577
46607,46608,2-s2.0-85131603005
46608,46609,2-s2.0-85131599227
46609,46610,2-s2.0-85131554029
46611,46612,2-s2.0-85131416516
46616,46617,2-s2.0-85130934014
46624,46625,2-s2.0-85129922199
46625,46626,2-s2.0-85129719014
46627,46628,2-s2.0-85129611164
46628,46629,2-s2.0-85129458662
46630,46631,2-s2.0-85129076691
46631,46632,2-s2.0-85128803590
46632,46633,2-s2.0-85128509900
46637,46638,2-s2.0-85127648984
46639,46640,2-s2.0-85127593406
46641,46642,2-s2.0-85127488176
46645,46646,2-s2.0-85127053860
46648,46649,2-s2.0-85126595065
46651,46652,2-s2.0-85126056616
46656,46657,2-s2.0-85125898762
46658,46659,2-s2.0-85125522952
46659,46660,2-s2.0-85125490262
46664,46665,2-s2.0-85123470543
46665,46666,2-s2.0-85123252962
46667,46668,2-s2.0-85122795363
46671,46672,2-s2.0-85120804066
46672,46673,2-s2.0-85120354485
46674,46675,2-s2.0-85118136111
46677,46678,2-s2.0-85115603616
46678,46679,2-s2.0-85114383351
46679,46680,2-s2.0-85113720545
46684,46685,2-s2.0-85110019327
46685,46686,2-s2.0-85107514807
46686,46687,2-s2.0-85105931413
46687,46688,2-s2.0-85104103490
46688,46689,2-s2.0-85103070097
46689,46690,2-s2.0-85102488726
46691,46692,2-s2.0-85101193645
46692,46693,2-s2.0-85091142329
46694,46695,2-s2.0-85088292875
46695,46696,2-s2.0-85087867506
46700,46701,2-s2.0-85133263500
46701,46702,2-s2.0-85133244794
46702,46703,2-s2.0-85133288230
46703,46704,2-s2.0-85129451731
46707,46708,2-s2.0-85137167255
46711,46712,2-s2.0-85137308854
46712,46713,2-s2.0-85131684859
46714,46715,2-s2.0-85130750924
46716,46717,2-s2.0-85130739991
46717,46718,2-s2.0-85130717802
46721,46722,2-s2.0-85130265705
46723,46724,2-s2.0-85208993508
46730,46731,2-s2.0-85150345575
46733,46734,2-s2.0-85136905117
46734,46735,2-s2.0-85136844111
46738,46739,2-s2.0-85135394283
46739,46740,2-s2.0-85133679790
46744,46745,2-s2.0-85133010017
46747,46748,2-s2.0-85132734757
46748,46749,2-s2.0-85132733924
46750,46751,2-s2.0-85131397048
46752,46753,2-s2.0-85131202605
46757,46758,2-s2.0-85130910916
46765,46766,2-s2.0-85130277331
46766,46767,2-s2.0-85130225279
46768,46769,2-s2.0-85129938928
46770,46771,2-s2.0-85129793558
46774,46775,2-s2.0-85129299421
46780,46781,2-s2.0-85127314911
46781,46782,2-s2.0-85127258453
46782,46783,2-s2.0-85126564966
46783,46784,2-s2.0-85125386555
46784,46785,2-s2.0-85124873847
46788,46789,2-s2.0-85123598593
46794,46795,2-s2.0-85122691649
46798,46799,2-s2.0-85119902798
46801,46802,2-s2.0-85119178051
46802,46803,2-s2.0-85119131232
46803,46804,2-s2.0-85118610945
46806,46807,2-s2.0-85114182917
46812,46813,2-s2.0-85108822349
46814,46815,2-s2.0-85092461734
46816,46817,2-s2.0-85190665596
46817,46818,2-s2.0-85190651070
46819,46820,2-s2.0-85140219612
46821,46822,2-s2.0-85130063439
46822,46823,2-s2.0-85129938730
46823,46824,2-s2.0-85129888722
46824,46825,2-s2.0-85129599949
46830,46831,2-s2.0-85128973224
46833,46834,2-s2.0-85128643887
46834,46835,2-s2.0-85128629475
46835,46836,2-s2.0-85132661845
46837,46838,2-s2.0-85153357936
46838,46839,2-s2.0-85142084893
46840,46841,2-s2.0-85141121840
46841,46842,2-s2.0-85141111002
46843,46844,2-s2.0-85137108654
46844,46845,2-s2.0-85135772039
46847,46848,2-s2.0-85132629671
46848,46849,2-s2.0-85131888707
46850,46851,2-s2.0-85131177275
46852,46853,2-s2.0-85129994598
46855,46856,2-s2.0-85129674470
46860,46861,2-s2.0-85129488723
46866,46867,2-s2.0-85128684187
46868,46869,2-s2.0-85128613234
46870,46871,2-s2.0-85128535746
46871,46872,2-s2.0-85128475046
46873,46874,2-s2.0-85128412554
46875,46876,2-s2.0-85128242030
46877,46878,2-s2.0-85128063002
46878,46879,2-s2.0-85128044154
46879,46880,2-s2.0-85127940246
46884,46885,2-s2.0-85127543234
46885,46886,2-s2.0-85127537092
46886,46887,2-s2.0-85127529684
46887,46888,2-s2.0-85127494049
46888,46889,2-s2.0-85127489984
46889,46890,2-s2.0-85127457971
46890,46891,2-s2.0-85127448567
46891,46892,2-s2.0-85127306858
46892,46893,2-s2.0-85127062298
46893,46894,2-s2.0-85126683816
46894,46895,2-s2.0-85126666936
46895,46896,2-s2.0-85126663472
46898,46899,2-s2.0-85126042759
46900,46901,2-s2.0-85124708346
46908,46909,2-s2.0-85123483367
46910,46911,2-s2.0-85123057163
46911,46912,2-s2.0-85122531054
46917,46918,2-s2.0-85117379830
46918,46919,2-s2.0-85117238559
46920,46921,2-s2.0-85115438961
46921,46922,2-s2.0-85114794844
46928,46929,2-s2.0-85108346906
46932,46933,2-s2.0-85099771138
46935,46936,2-s2.0-85096469428
46936,46937,2-s2.0-85096006446
46937,46938,2-s2.0-85092705810
46939,46940,2-s2.0-85090442937
46940,46941,2-s2.0-85085126128
46941,46942,2-s2.0-85084423204
46942,46943,2-s2.0-105002149198
46944,46945,2-s2.0-85128331085
46949,46950,2-s2.0-85143818531
46957,46958,2-s2.0-85133267949
46959,46960,2-s2.0-85128838524
46960,46961,2-s2.0-85127397116
46964,46965,2-s2.0-85127385229
46965,46966,2-s2.0-85127373452
46967,46968,2-s2.0-85205699567
46968,46969,2-s2.0-85202868209
46969,46970,2-s2.0-85182830659
46970,46971,2-s2.0-85148224123
46971,46972,2-s2.0-85144055875
46972,46973,2-s2.0-85143718365
46974,46975,2-s2.0-85139063283
46975,46976,2-s2.0-85139004299
46976,46977,2-s2.0-85138175008
46977,46978,2-s2.0-85137561282
46979,46980,2-s2.0-85133550966
46980,46981,2-s2.0-85133501547
46981,46982,2-s2.0-85131954489
46982,46983,2-s2.0-85130974413
46985,46986,2-s2.0-85130034344
46986,46987,2-s2.0-85129797200
46991,46992,2-s2.0-85128636849
46992,46993,2-s2.0-85128613120
46995,46996,2-s2.0-85127636792
46996,46997,2-s2.0-85127622274
46999,47000,2-s2.0-85127602883
47000,47001,2-s2.0-85127208535
47002,47003,2-s2.0-85126962705
47004,47005,2-s2.0-85126939634
47006,47007,2-s2.0-85126911816
47007,47008,2-s2.0-85126744561
47010,47011,2-s2.0-85126643639
47011,47012,2-s2.0-85126572452
47013,47014,2-s2.0-85126315832
47014,47015,2-s2.0-85126313759
47015,47016,2-s2.0-85126309236
47016,47017,2-s2.0-85126281294
47020,47021,2-s2.0-85125911209
47022,47023,2-s2.0-85125730491
47023,47024,2-s2.0-85125635803
47024,47025,2-s2.0-85125593266
47025,47026,2-s2.0-85125528398
47026,47027,2-s2.0-85125433272
47027,47028,2-s2.0-85125271683
47029,47030,2-s2.0-85124578134
47030,47031,2-s2.0-85124172673
47031,47032,2-s2.0-85124130644
47033,47034,2-s2.0-85123854020
47036,47037,2-s2.0-85123651628
47038,47039,2-s2.0-85123290616
47042,47043,2-s2.0-85121650951
47043,47044,2-s2.0-85121237420
47045,47046,2-s2.0-85119973624
47052,47053,2-s2.0-85113776641
47056,47057,2-s2.0-85112742843
47057,47058,2-s2.0-85112680782
47058,47059,2-s2.0-85112065371
47060,47061,2-s2.0-85111684873
47066,47067,2-s2.0-85104967459
47067,47068,2-s2.0-85104729276
47071,47072,2-s2.0-85101858680
47076,47077,2-s2.0-85096990245
47077,47078,2-s2.0-85089856768
47078,47079,2-s2.0-85087627196
47081,47082,2-s2.0-85086645429
47082,47083,2-s2.0-85085320741
47084,47085,2-s2.0-85084462715
47086,47087,2-s2.0-105005291318
47087,47088,2-s2.0-105005268824
47088,47089,2-s2.0-85136501456
47091,47092,2-s2.0-85146433542
47092,47093,2-s2.0-85126141505
47093,47094,2-s2.0-85126114130
47094,47095,2-s2.0-85126102967
47098,47099,2-s2.0-85137172133
47099,47100,2-s2.0-85125565935
47100,47101,2-s2.0-85125565570
47102,47103,2-s2.0-85123378398
47103,47104,2-s2.0-85125813933
47105,47106,2-s2.0-85124286656
47108,47109,2-s2.0-85125380982
47112,47113,2-s2.0-85124883824
47113,47114,2-s2.0-85131772957
47125,47126,2-s2.0-85127267393
47127,47128,2-s2.0-85126320535
47129,47130,2-s2.0-85125649667
47131,47132,2-s2.0-85125477523
47133,47134,2-s2.0-85125102555
47135,47136,2-s2.0-85125080811
47136,47137,2-s2.0-85125064408
47141,47142,2-s2.0-85124757139
47142,47143,2-s2.0-85124706999
47145,47146,2-s2.0-85124067155
47147,47148,2-s2.0-85123927430
47148,47149,2-s2.0-85123796624
47153,47154,2-s2.0-85123598725
47154,47155,2-s2.0-85123556304
47156,47157,2-s2.0-85123399710
47159,47160,2-s2.0-85122921520
47160,47161,2-s2.0-85122405820
47161,47162,2-s2.0-85122213069
47162,47163,2-s2.0-85121989141
47163,47164,2-s2.0-85121537915
47164,47165,2-s2.0-85121120808
47165,47166,2-s2.0-85121047353
47166,47167,2-s2.0-85120606479
47169,47170,2-s2.0-85117065681
47171,47172,2-s2.0-85115095917
47173,47174,2-s2.0-85111798563
47174,47175,2-s2.0-85111281974
47175,47176,2-s2.0-85110964509
47177,47178,2-s2.0-85108327405
47178,47179,2-s2.0-85108091481
47179,47180,2-s2.0-85107727308
47181,47182,2-s2.0-85103384293
47186,47187,2-s2.0-85193315561
47187,47188,2-s2.0-85126372842
47189,47190,2-s2.0-85173538443
47190,47191,2-s2.0-85124982587
47193,47194,2-s2.0-85124949115
47197,47198,2-s2.0-85124194226
47199,47200,2-s2.0-85164131865
47200,47201,2-s2.0-85125942334
47203,47204,2-s2.0-85124325373
47207,47208,2-s2.0-85129181807
47209,47210,2-s2.0-85129151056
47213,47214,2-s2.0-85125083098
47214,47215,2-s2.0-85125046450
47216,47217,2-s2.0-85118723102
47220,47221,2-s2.0-85123345104
47225,47226,2-s2.0-85132820555
47227,47228,2-s2.0-85219572513
47228,47229,2-s2.0-85219519104
47230,47231,2-s2.0-85219057022
47233,47234,2-s2.0-85218788843
47234,47235,2-s2.0-85218724983
47236,47237,2-s2.0-85217138374
47240,47241,2-s2.0-85216761826
47241,47242,2-s2.0-85216750290
47245,47246,2-s2.0-85211992964
47249,47250,2-s2.0-85205569684
47252,47253,2-s2.0-85205557105
47253,47254,2-s2.0-85205542013
47255,47256,2-s2.0-85205207712
47256,47257,2-s2.0-85198609429
47259,47260,2-s2.0-85196626916
47260,47261,2-s2.0-85196050865
47261,47262,2-s2.0-85195318598
47262,47263,2-s2.0-85195313031
47265,47266,2-s2.0-85192731368
47270,47271,2-s2.0-85189148239
47274,47275,2-s2.0-85183656541
47277,47278,2-s2.0-85181223275
47281,47282,2-s2.0-85181217046
47287,47288,2-s2.0-85180804684
47289,47290,2-s2.0-85180796286
47291,47292,2-s2.0-85180784371
47292,47293,2-s2.0-85180781348
47294,47295,2-s2.0-85180757772
47297,47298,2-s2.0-85180630756
47300,47301,2-s2.0-85180627081
47301,47302,2-s2.0-85180625107
47303,47304,2-s2.0-85180622804
47305,47306,2-s2.0-85179865878
47307,47308,2-s2.0-85179343111
47308,47309,2-s2.0-85179327404
47309,47310,2-s2.0-85178452812
47310,47311,2-s2.0-85177184761
47311,47312,2-s2.0-85175736061
47312,47313,2-s2.0-85175427826
47313,47314,2-s2.0-85175037738
47318,47319,2-s2.0-85174843895
47321,47322,2-s2.0-85174818200
47328,47329,2-s2.0-85174139525
47330,47331,2-s2.0-85174130471
47331,47332,2-s2.0-85174126672
47334,47335,2-s2.0-85174121569
47337,47338,2-s2.0-85174083774
47339,47340,2-s2.0-85173630410
47341,47342,2-s2.0-85172351155
47342,47343,2-s2.0-85172324464
47343,47344,2-s2.0-85172313577
47344,47345,2-s2.0-85172136601
47345,47346,2-s2.0-85172128639
47349,47350,2-s2.0-85172009583
47351,47352,2-s2.0-85171735654
47352,47353,2-s2.0-85171482882
47355,47356,2-s2.0-85170262898
47360,47361,2-s2.0-85169478177
47363,47364,2-s2.0-85169308756
47364,47365,2-s2.0-85168796073
47365,47366,2-s2.0-85168393065
47367,47368,2-s2.0-85168325013
47368,47369,2-s2.0-85167987364
47369,47370,2-s2.0-85167621433
47370,47371,2-s2.0-85167621283
47371,47372,2-s2.0-85167609621
47372,47373,2-s2.0-85167601941
47373,47374,2-s2.0-85167599937
47376,47377,2-s2.0-85167585790
47377,47378,2-s2.0-85167585090
47379,47380,2-s2.0-85167567523
47380,47381,2-s2.0-85167567034
47385,47386,2-s2.0-85165111470
47386,47387,2-s2.0-85165105345
47387,47388,2-s2.0-85165072714
47388,47389,2-s2.0-85165057962
47390,47391,2-s2.0-85164985661
47391,47392,2-s2.0-85164710518
47394,47395,2-s2.0-85163875972
47396,47397,2-s2.0-85163838852
47397,47398,2-s2.0-85163837210
47398,47399,2-s2.0-85163809184
47399,47400,2-s2.0-85163804006
47401,47402,2-s2.0-85163550031
47403,47404,2-s2.0-85163478262
47409,47410,2-s2.0-85162272509
47414,47415,2-s2.0-85161224735
47415,47416,2-s2.0-85161219574
47418,47419,2-s2.0-85160928959
47420,47421,2-s2.0-85160735226
47421,47422,2-s2.0-85160491930
47423,47424,2-s2.0-85160198913
47426,47427,2-s2.0-85159955985
47427,47428,2-s2.0-85159792852
47428,47429,2-s2.0-85159672652
47429,47430,2-s2.0-85159656196
47431,47432,2-s2.0-85159496342
47435,47436,2-s2.0-85159384538
47436,47437,2-s2.0-85159356722
47439,47440,2-s2.0-85159328059
47440,47441,2-s2.0-85159326039
47443,47444,2-s2.0-85159300636
47444,47445,2-s2.0-85159292646
47446,47447,2-s2.0-85159089745
47448,47449,2-s2.0-85159029160
47450,47451,2-s2.0-85159026175
47451,47452,2-s2.0-85159023183
47452,47453,2-s2.0-85159021937
47453,47454,2-s2.0-85159008066
47454,47455,2-s2.0-85159003990
47458,47459,2-s2.0-85158979195
47460,47461,2-s2.0-85158972245
47462,47463,2-s2.0-85158967101
47463,47464,2-s2.0-85158966089
47467,47468,2-s2.0-85158931451
47468,47469,2-s2.0-85158930402
47469,47470,2-s2.0-85158928320
47470,47471,2-s2.0-85158923788
47479,47480,2-s2.0-85154586075
47480,47481,2-s2.0-85154585172
47482,47483,2-s2.0-85153967714
47485,47486,2-s2.0-85153934250
47486,47487,2-s2.0-85153865470
47488,47489,2-s2.0-85153741176
47494,47495,2-s2.0-85153379900
47497,47498,2-s2.0-85152848754
47501,47502,2-s2.0-85152121494
47502,47503,2-s2.0-85151969722
47503,47504,2-s2.0-85151770761
47504,47505,2-s2.0-85151739506
47507,47508,2-s2.0-85151462108
47509,47510,2-s2.0-85151364513
47510,47511,2-s2.0-85151089516
47512,47513,2-s2.0-85151037274
47515,47516,2-s2.0-85151016222
47520,47521,2-s2.0-85151000443
47521,47522,2-s2.0-85150975805
47525,47526,2-s2.0-85150581846
47527,47528,2-s2.0-85150576451
47528,47529,2-s2.0-85150575797
47530,47531,2-s2.0-85150571362
47531,47532,2-s2.0-85150570135
47542,47543,2-s2.0-85150545074
47545,47546,2-s2.0-85150501681
47547,47548,2-s2.0-85150455183
47549,47550,2-s2.0-85150070468
47551,47552,2-s2.0-85150049777
47554,47555,2-s2.0-85149996627
47558,47559,2-s2.0-85149840135
47559,47560,2-s2.0-85149812672
47560,47561,2-s2.0-85149652816
47561,47562,2-s2.0-85149552756
47562,47563,2-s2.0-85149532537
47565,47566,2-s2.0-85149366890
47567,47568,2-s2.0-85149181212
47568,47569,2-s2.0-85149168427
47570,47571,2-s2.0-85148941420
47572,47573,2-s2.0-85148888686
47575,47576,2-s2.0-85148750132
47579,47580,2-s2.0-85148537502
47580,47581,2-s2.0-85148531774
47582,47583,2-s2.0-85148521859
47583,47584,2-s2.0-85148518298
47586,47587,2-s2.0-85148502095
47588,47589,2-s2.0-85148486611
47589,47590,2-s2.0-85148469565
47592,47593,2-s2.0-85148395060
47599,47600,2-s2.0-85148077099
47600,47601,2-s2.0-85148043495
47602,47603,2-s2.0-85148039021
47603,47604,2-s2.0-85148012026
47604,47605,2-s2.0-85147997275
47605,47606,2-s2.0-85147989446
47607,47608,2-s2.0-85147943468
47608,47609,2-s2.0-85147940193
47610,47611,2-s2.0-85147823675
47612,47613,2-s2.0-85147774698
47614,47615,2-s2.0-85147734888
47615,47616,2-s2.0-85147732163
47619,47620,2-s2.0-85147535554
47625,47626,2-s2.0-85147528508
47626,47627,2-s2.0-85147528326
47627,47628,2-s2.0-85147528226
47628,47629,2-s2.0-85147524205
47632,47633,2-s2.0-85147517919
47634,47635,2-s2.0-85147510061
47635,47636,2-s2.0-85147507744
47637,47638,2-s2.0-85147506574
47638,47639,2-s2.0-85147504109
47639,47640,2-s2.0-85147503355
47641,47642,2-s2.0-85147501150
47642,47643,2-s2.0-85147500468
47643,47644,2-s2.0-85147500424
47644,47645,2-s2.0-85147499981
47648,47649,2-s2.0-85147496519
47652,47653,2-s2.0-85147492460
47653,47654,2-s2.0-85147492086
47655,47656,2-s2.0-85147332943
47656,47657,2-s2.0-85147324576
47658,47659,2-s2.0-85147020891
47661,47662,2-s2.0-85146973468
47663,47664,2-s2.0-85146952948
47664,47665,2-s2.0-85146912482
47665,47666,2-s2.0-85146897632
47668,47669,2-s2.0-85146786762
47669,47670,2-s2.0-85146768675
47670,47671,2-s2.0-85146759164
47672,47673,2-s2.0-85146733799
47673,47674,2-s2.0-85146723131
47676,47677,2-s2.0-85146699490
47678,47679,2-s2.0-85146696040
47679,47680,2-s2.0-85146688874
47681,47682,2-s2.0-85146674277
47682,47683,2-s2.0-85146672514
47683,47684,2-s2.0-85146665611
47684,47685,2-s2.0-85146659811
47686,47687,2-s2.0-85146646027
47687,47688,2-s2.0-85146627635
47688,47689,2-s2.0-85146596221
47690,47691,2-s2.0-85146558956
47691,47692,2-s2.0-85146547504
47692,47693,2-s2.0-85146531058
47695,47696,2-s2.0-85146466921
47696,47697,2-s2.0-85146432716
47698,47699,2-s2.0-85146421783
47701,47702,2-s2.0-85146396132
47706,47707,2-s2.0-85146383724
47709,47710,2-s2.0-85146270405
47715,47716,2-s2.0-85146122070
47717,47718,2-s2.0-85146117322
47719,47720,2-s2.0-85146110003
47723,47724,2-s2.0-85145910676
47725,47726,2-s2.0-85145898652
47727,47728,2-s2.0-85145897074
47730,47731,2-s2.0-85145782209
47731,47732,2-s2.0-85145782019
47732,47733,2-s2.0-85145780380
47734,47735,2-s2.0-85145773892
47747,47748,2-s2.0-85145432289
47750,47751,2-s2.0-85145212138
47751,47752,2-s2.0-85145187786
47752,47753,2-s2.0-85145169934
47753,47754,2-s2.0-85145010070
47758,47759,2-s2.0-85144807522
47759,47760,2-s2.0-85144802514
47762,47763,2-s2.0-85144717815
47763,47764,2-s2.0-85144653807
47766,47767,2-s2.0-85144454483
47772,47773,2-s2.0-85144381306
47773,47774,2-s2.0-85144380770
47774,47775,2-s2.0-85144377335
47777,47778,2-s2.0-85144295468
47778,47779,2-s2.0-85144189177
47780,47781,2-s2.0-85144179393
47783,47784,2-s2.0-85144145785
47784,47785,2-s2.0-85144139656
47785,47786,2-s2.0-85144121059
47786,47787,2-s2.0-85144109573
47787,47788,2-s2.0-85144096576
47788,47789,2-s2.0-85144082976
47791,47792,2-s2.0-85143910142
47793,47794,2-s2.0-85143864904
47794,47795,2-s2.0-85143837354
47796,47797,2-s2.0-85143831056
47801,47802,2-s2.0-85143804378
47803,47804,2-s2.0-85143801256
47812,47813,2-s2.0-85143777825
47813,47814,2-s2.0-85143772438
47815,47816,2-s2.0-85143771044
47817,47818,2-s2.0-85143766570
47818,47819,2-s2.0-85143760327
47819,47820,2-s2.0-85143755877
47822,47823,2-s2.0-85143610433
47823,47824,2-s2.0-85143596762
47824,47825,2-s2.0-85143481036
47826,47827,2-s2.0-85143459013
47827,47828,2-s2.0-85143458659
47828,47829,2-s2.0-85143410344
47830,47831,2-s2.0-85143209011
47831,47832,2-s2.0-85143197957
47833,47834,2-s2.0-85143168120
47834,47835,2-s2.0-85143161770
47836,47837,2-s2.0-85143077343
47838,47839,2-s2.0-85143074653
47841,47842,2-s2.0-85143064657
47843,47844,2-s2.0-85142844398
47844,47845,2-s2.0-85142843631
47845,47846,2-s2.0-85142840595
47849,47850,2-s2.0-85142782327
47850,47851,2-s2.0-85142780206
47852,47853,2-s2.0-85142682119
47853,47854,2-s2.0-85142642695
47856,47857,2-s2.0-85142615538
47859,47860,2-s2.0-85142582646
47864,47865,2-s2.0-85142526642
47865,47866,2-s2.0-85142484943
47866,47867,2-s2.0-85142460070
47868,47869,2-s2.0-85142457538
47869,47870,2-s2.0-85142456140
47872,47873,2-s2.0-85142448517
47875,47876,2-s2.0-85142434828
47880,47881,2-s2.0-85142359613
47881,47882,2-s2.0-85142345346
47882,47883,2-s2.0-85142322329
47886,47887,2-s2.0-85142269839
47887,47888,2-s2.0-85142268302
47888,47889,2-s2.0-85142263794
47895,47896,2-s2.0-85142179395
47898,47899,2-s2.0-85141822767
47899,47900,2-s2.0-85141813954
47900,47901,2-s2.0-85141811582
47901,47902,2-s2.0-85141809821
47904,47905,2-s2.0-85141775287
47905,47906,2-s2.0-85141766884
47906,47907,2-s2.0-85141762333
47907,47908,2-s2.0-85141757559
47910,47911,2-s2.0-85141751271
47911,47912,2-s2.0-85141747369
47913,47914,2-s2.0-85141702759
47916,47917,2-s2.0-85141660913
47918,47919,2-s2.0-85141641882
47919,47920,2-s2.0-85141618986
47920,47921,2-s2.0-85141567212
47921,47922,2-s2.0-85141564840
47923,47924,2-s2.0-85141540098
47924,47925,2-s2.0-85141530349
47927,47928,2-s2.0-85141482043
47929,47930,2-s2.0-85141429188
47930,47931,2-s2.0-85141371646
47934,47935,2-s2.0-85141261636
47935,47936,2-s2.0-85141220333
47937,47938,2-s2.0-85141214897
47938,47939,2-s2.0-85141213640
47939,47940,2-s2.0-85141208674
47944,47945,2-s2.0-85141132476
47945,47946,2-s2.0-85141126296
47949,47950,2-s2.0-85141013391
47953,47954,2-s2.0-85140913824
47954,47955,2-s2.0-85140913737
47956,47957,2-s2.0-85140907447
47957,47958,2-s2.0-85140904509
47958,47959,2-s2.0-85140896163
47960,47961,2-s2.0-85140833804
47962,47963,2-s2.0-85140773748
47963,47964,2-s2.0-85140719089
47965,47966,2-s2.0-85140648045
47967,47968,2-s2.0-85140619166
47968,47969,2-s2.0-85140618374
47970,47971,2-s2.0-85140616501
47971,47972,2-s2.0-85140612041
47973,47974,2-s2.0-85140597569
47976,47977,2-s2.0-85140577364
47979,47980,2-s2.0-85140510483
47986,47987,2-s2.0-85140328060
47987,47988,2-s2.0-85140268226
47989,47990,2-s2.0-85140260285
47993,47994,2-s2.0-85140167848
47994,47995,2-s2.0-85140163465
47997,47998,2-s2.0-85140146825
47999,48000,2-s2.0-85140044236
48000,48001,2-s2.0-85140018834
48002,48003,2-s2.0-85139988176
48006,48007,2-s2.0-85139737402
48007,48008,2-s2.0-85139732866
48008,48009,2-s2.0-85139674799
48015,48016,2-s2.0-85139461965
48016,48017,2-s2.0-85139449463
48017,48018,2-s2.0-85139444600
48018,48019,2-s2.0-85139443270
48019,48020,2-s2.0-85139441343
48021,48022,2-s2.0-85139424642
48023,48024,2-s2.0-85139406781
48026,48027,2-s2.0-85139383478
48030,48031,2-s2.0-85139325240
48031,48032,2-s2.0-85139293792
48032,48033,2-s2.0-85139285089
48034,48035,2-s2.0-85139228584
48039,48040,2-s2.0-85139110459
48040,48041,2-s2.0-85139109826
48041,48042,2-s2.0-85139075076
48043,48044,2-s2.0-85139061786
48044,48045,2-s2.0-85139054511
48047,48048,2-s2.0-85139000119
48048,48049,2-s2.0-85138894999
48049,48050,2-s2.0-85138808349
48050,48051,2-s2.0-85138765378
48051,48052,2-s2.0-85138713276
48052,48053,2-s2.0-85138657846
48053,48054,2-s2.0-85138608243
48055,48056,2-s2.0-85138598444
48056,48057,2-s2.0-85138598392
48057,48058,2-s2.0-85138566420
48058,48059,2-s2.0-85138552686
48059,48060,2-s2.0-85138525372
48060,48061,2-s2.0-85138517726
48061,48062,2-s2.0-85138412790
48062,48063,2-s2.0-85138382304
48063,48064,2-s2.0-85138378388
48065,48066,2-s2.0-85138347478
48066,48067,2-s2.0-85138332411
48072,48073,2-s2.0-85138171035
48073,48074,2-s2.0-85138145920
48074,48075,2-s2.0-85138145353
48076,48077,2-s2.0-85138026006
48081,48082,2-s2.0-85137843272
48084,48085,2-s2.0-85137748244
48086,48087,2-s2.0-85137660142
48087,48088,2-s2.0-85137659479
48089,48090,2-s2.0-85137655942
48090,48091,2-s2.0-85137616291
48091,48092,2-s2.0-85137604316
48092,48093,2-s2.0-85137586136
48097,48098,2-s2.0-85137366716
48099,48100,2-s2.0-85137261295
48100,48101,2-s2.0-85137171376
48101,48102,2-s2.0-85137169265
48102,48103,2-s2.0-85137123030
48103,48104,2-s2.0-85137095092
48104,48105,2-s2.0-85137088142
48106,48107,2-s2.0-85137015996
48108,48109,2-s2.0-85136979558
48109,48110,2-s2.0-85136975395
48110,48111,2-s2.0-85136963889
48111,48112,2-s2.0-85136953255
48113,48114,2-s2.0-85136936394
48115,48116,2-s2.0-85136927457
48116,48117,2-s2.0-85136926271
48117,48118,2-s2.0-85136926065
48120,48121,2-s2.0-85136830308
48121,48122,2-s2.0-85136828802
48122,48123,2-s2.0-85136820761
48123,48124,2-s2.0-85136793029
48128,48129,2-s2.0-85136465980
48129,48130,2-s2.0-85136463745
48130,48131,2-s2.0-85136340667
48131,48132,2-s2.0-85136328548
48134,48135,2-s2.0-85136191060
48135,48136,2-s2.0-85136153464
48136,48137,2-s2.0-85136133516
48138,48139,2-s2.0-85136124320
48139,48140,2-s2.0-85136116039
48140,48141,2-s2.0-85136110860
48141,48142,2-s2.0-85136092438
48145,48146,2-s2.0-85135918174
48146,48147,2-s2.0-85135917421
48149,48150,2-s2.0-85135824915
48151,48152,2-s2.0-85135815928
48152,48153,2-s2.0-85135802650
48153,48154,2-s2.0-85135798795
48154,48155,2-s2.0-85135796640
48160,48161,2-s2.0-85135746766
48162,48163,2-s2.0-85135563728
48166,48167,2-s2.0-85135483509
48167,48168,2-s2.0-85135473751
48168,48169,2-s2.0-85135468419
48169,48170,2-s2.0-85135451063
48170,48171,2-s2.0-85135439385
48174,48175,2-s2.0-85135293559
48176,48177,2-s2.0-85135268699
48179,48180,2-s2.0-85135258732
48181,48182,2-s2.0-85135206955
48182,48183,2-s2.0-85135170183
48183,48184,2-s2.0-85135156573
48187,48188,2-s2.0-85135061732
48189,48190,2-s2.0-85135023221
48192,48193,2-s2.0-85135003263
48194,48195,2-s2.0-85134939486
48195,48196,2-s2.0-85134927044
48200,48201,2-s2.0-85134883898
48205,48206,2-s2.0-85134855345
48207,48208,2-s2.0-85134808632
48209,48210,2-s2.0-85134785279
48210,48211,2-s2.0-85134760129
48212,48213,2-s2.0-85134739915
48213,48214,2-s2.0-85134732916
48215,48216,2-s2.0-85134667515
48220,48221,2-s2.0-85134573260
48222,48223,2-s2.0-85134522996
48223,48224,2-s2.0-85134494572
48224,48225,2-s2.0-85134481593
48226,48227,2-s2.0-85134414023
48228,48229,2-s2.0-85134362171
48235,48236,2-s2.0-85134298874
48237,48238,2-s2.0-85134231652
48239,48240,2-s2.0-85134193812
48240,48241,2-s2.0-85134189640
48241,48242,2-s2.0-85134186765
48243,48244,2-s2.0-85134179330
48249,48250,2-s2.0-85133976464
48251,48252,2-s2.0-85133965076
48255,48256,2-s2.0-85133944799
48256,48257,2-s2.0-85133942508
48258,48259,2-s2.0-85133927582
48259,48260,2-s2.0-85133920894
48262,48263,2-s2.0-85133734581
48263,48264,2-s2.0-85133713034
48270,48271,2-s2.0-85133500635
48272,48273,2-s2.0-85133491306
48274,48275,2-s2.0-85133481775
48276,48277,2-s2.0-85133471187
48278,48279,2-s2.0-85133453637
48279,48280,2-s2.0-85133441877
48280,48281,2-s2.0-85133433482
48283,48284,2-s2.0-85133385583
48286,48287,2-s2.0-85133208313
48287,48288,2-s2.0-85133206301
48288,48289,2-s2.0-85133193330
48290,48291,2-s2.0-85133122901
48292,48293,2-s2.0-85133007100
48294,48295,2-s2.0-85132985069
48296,48297,2-s2.0-85132871087
48297,48298,2-s2.0-85132794959
48299,48300,2-s2.0-85132763329
48302,48303,2-s2.0-85132670251
48303,48304,2-s2.0-85132660413
48304,48305,2-s2.0-85132659364
48308,48309,2-s2.0-85132589143
48309,48310,2-s2.0-85132529949
48312,48313,2-s2.0-85132435913
48314,48315,2-s2.0-85132345921
48315,48316,2-s2.0-85132322513
48316,48317,2-s2.0-85132312793
48317,48318,2-s2.0-85132310623
48321,48322,2-s2.0-85132298185
48322,48323,2-s2.0-85132279634
48324,48325,2-s2.0-85132269795
48325,48326,2-s2.0-85132253490
48326,48327,2-s2.0-85132185280
48330,48331,2-s2.0-85132127245
48331,48332,2-s2.0-85132075906
48334,48335,2-s2.0-85131946137
48336,48337,2-s2.0-85131891064
48338,48339,2-s2.0-85131798781
48339,48340,2-s2.0-85131693505
48340,48341,2-s2.0-85131622060
48341,48342,2-s2.0-85131553880
48343,48344,2-s2.0-85131520770
48345,48346,2-s2.0-85131400878
48346,48347,2-s2.0-85131368068
48347,48348,2-s2.0-85131155218
48350,48351,2-s2.0-85131072989
48353,48354,2-s2.0-85130988332
48354,48355,2-s2.0-85130984291
48356,48357,2-s2.0-85130978596
48357,48358,2-s2.0-85130972851
48359,48360,2-s2.0-85130944946
48360,48361,2-s2.0-85130900075
48361,48362,2-s2.0-85130895363
48362,48363,2-s2.0-85130866980
48363,48364,2-s2.0-85130843241
48366,48367,2-s2.0-85130789725
48370,48371,2-s2.0-85130750451
48371,48372,2-s2.0-85130747845
48373,48374,2-s2.0-85130717911
48376,48377,2-s2.0-85130698955
48379,48380,2-s2.0-85130684494
48382,48383,2-s2.0-85130614807
48383,48384,2-s2.0-85130593286
48385,48386,2-s2.0-85130587717
48388,48389,2-s2.0-85130550324
48389,48390,2-s2.0-85130542098
48390,48391,2-s2.0-85130509056
48393,48394,2-s2.0-85130498840
48394,48395,2-s2.0-85130490318
48396,48397,2-s2.0-85130475645
48399,48400,2-s2.0-85130460565
48402,48403,2-s2.0-85130455533
48403,48404,2-s2.0-85130455292
48407,48408,2-s2.0-85130440471
48408,48409,2-s2.0-85130431278
48411,48412,2-s2.0-85130356614
48412,48413,2-s2.0-85130348923
48414,48415,2-s2.0-85130342678
48415,48416,2-s2.0-85130249563
48416,48417,2-s2.0-85130151569
48418,48419,2-s2.0-85130043072
48421,48422,2-s2.0-85130010516
48423,48424,2-s2.0-85129972791
48427,48428,2-s2.0-85129905463
48429,48430,2-s2.0-85129881772
48430,48431,2-s2.0-85129880137
48432,48433,2-s2.0-85129843745
48434,48435,2-s2.0-85129821860
48436,48437,2-s2.0-85129817427
48437,48438,2-s2.0-85129781948
48438,48439,2-s2.0-85129676814
48439,48440,2-s2.0-85129671240
48442,48443,2-s2.0-85129659517
48443,48444,2-s2.0-85129590497
48444,48445,2-s2.0-85129530701
48446,48447,2-s2.0-85129445255
48447,48448,2-s2.0-85129442445
48449,48450,2-s2.0-85129440072
48451,48452,2-s2.0-85129413030
48453,48454,2-s2.0-85129400684
48458,48459,2-s2.0-85129281773
48460,48461,2-s2.0-85129243186
48462,48463,2-s2.0-85129223599
48464,48465,2-s2.0-85129217631
48465,48466,2-s2.0-85129185520
48466,48467,2-s2.0-85129178857
48467,48468,2-s2.0-85129169968
48470,48471,2-s2.0-85129095272
48471,48472,2-s2.0-85129093840
48474,48475,2-s2.0-85129041532
48477,48478,2-s2.0-85128987727
48478,48479,2-s2.0-85128987299
48479,48480,2-s2.0-85128981437
48486,48487,2-s2.0-85128912511
48487,48488,2-s2.0-85128907990
48488,48489,2-s2.0-85128881400
48492,48493,2-s2.0-85128851770
48494,48495,2-s2.0-85128789462
48499,48500,2-s2.0-85128703192
48500,48501,2-s2.0-85128694882
48501,48502,2-s2.0-85128687277
48502,48503,2-s2.0-85128675767
48503,48504,2-s2.0-85128631010
48504,48505,2-s2.0-85128590216
48505,48506,2-s2.0-85128482211
48506,48507,2-s2.0-85128463192
48507,48508,2-s2.0-85128459493
48508,48509,2-s2.0-85128431231
48512,48513,2-s2.0-85128371461
48513,48514,2-s2.0-85128365679
48518,48519,2-s2.0-85128173029
48520,48521,2-s2.0-85128063166
48523,48524,2-s2.0-85127928220
48524,48525,2-s2.0-85127910880
48527,48528,2-s2.0-85127858808
48528,48529,2-s2.0-85127855758
48530,48531,2-s2.0-85127809646
48535,48536,2-s2.0-85127603400
48536,48537,2-s2.0-85127581374
48537,48538,2-s2.0-85127579442
48541,48542,2-s2.0-85127556553
48542,48543,2-s2.0-85127552293
48543,48544,2-s2.0-85127525800
48547,48548,2-s2.0-85127386049
48549,48550,2-s2.0-85127317952
48550,48551,2-s2.0-85127253683
48551,48552,2-s2.0-85127194075
48557,48558,2-s2.0-85127051566
48560,48561,2-s2.0-85127020139
48561,48562,2-s2.0-85127018761
48563,48564,2-s2.0-85126821612
48564,48565,2-s2.0-85126803757
48565,48566,2-s2.0-85126694244
48566,48567,2-s2.0-85126641703
48568,48569,2-s2.0-85126617543
48569,48570,2-s2.0-85126545636
48571,48572,2-s2.0-85126366622
48573,48574,2-s2.0-85126326880
48578,48579,2-s2.0-85126117153
48583,48584,2-s2.0-85125910912
48584,48585,2-s2.0-85125907311
48585,48586,2-s2.0-85125901614
48586,48587,2-s2.0-85125900323
48589,48590,2-s2.0-85125736113
48590,48591,2-s2.0-85125732745
48591,48592,2-s2.0-85125720440
48592,48593,2-s2.0-85125713194
48596,48597,2-s2.0-85125590162
48599,48600,2-s2.0-85125545391
48603,48604,2-s2.0-85125391662
48604,48605,2-s2.0-85125373166
48605,48606,2-s2.0-85125372766
48606,48607,2-s2.0-85125276966
48610,48611,2-s2.0-85125254393
48615,48616,2-s2.0-85125150627
48618,48619,2-s2.0-85125089695
48622,48623,2-s2.0-85124973515
48627,48628,2-s2.0-85124840660
48630,48631,2-s2.0-85124755481
48631,48632,2-s2.0-85124753911
48632,48633,2-s2.0-85124717425
48633,48634,2-s2.0-85124713354
48634,48635,2-s2.0-85124708589
48635,48636,2-s2.0-85124671936
48636,48637,2-s2.0-85124654221
48644,48645,2-s2.0-85124488772
48646,48647,2-s2.0-85124474717
48649,48650,2-s2.0-85124359348
48651,48652,2-s2.0-85124279502
48652,48653,2-s2.0-85124275046
48653,48654,2-s2.0-85124261094
48658,48659,2-s2.0-85124141014
48660,48661,2-s2.0-85124132566
48661,48662,2-s2.0-85124120258
48662,48663,2-s2.0-85123932264
48663,48664,2-s2.0-85123928175
48664,48665,2-s2.0-85123925535
48665,48666,2-s2.0-85123924070
48667,48668,2-s2.0-85123844598
48668,48669,2-s2.0-85123842189
48670,48671,2-s2.0-85123804921
48672,48673,2-s2.0-85123761815
48675,48676,2-s2.0-85123699892
48676,48677,2-s2.0-85123693961
48677,48678,2-s2.0-85123641721
48678,48679,2-s2.0-85123629214
48679,48680,2-s2.0-85123627645
48682,48683,2-s2.0-85123574190
48687,48688,2-s2.0-85123528114
48689,48690,2-s2.0-85123513041
48692,48693,2-s2.0-85123464386
48697,48698,2-s2.0-85123407586
48700,48701,2-s2.0-85123308639
48701,48702,2-s2.0-85123304786
48702,48703,2-s2.0-85123289097
48704,48705,2-s2.0-85123214585
48705,48706,2-s2.0-85122893035
48707,48708,2-s2.0-85122831568
48708,48709,2-s2.0-85122824436
48713,48714,2-s2.0-85122751896
48715,48716,2-s2.0-85122667375
48716,48717,2-s2.0-85122592409
48719,48720,2-s2.0-85122457460
48722,48723,2-s2.0-85122430834
48723,48724,2-s2.0-85122276964
48728,48729,2-s2.0-85122077085
48731,48732,2-s2.0-85121846272
48735,48736,2-s2.0-85121635962
48736,48737,2-s2.0-85121635385
48737,48738,2-s2.0-85121583299
48741,48742,2-s2.0-85121389360
48743,48744,2-s2.0-85121345504
48745,48746,2-s2.0-85121237770
48746,48747,2-s2.0-85121125879
48748,48749,2-s2.0-85121042086
48753,48754,2-s2.0-85120811987
48755,48756,2-s2.0-85120571639
48756,48757,2-s2.0-85120530500
48757,48758,2-s2.0-85120523630
48758,48759,2-s2.0-85120400936
48761,48762,2-s2.0-85120053548
48766,48767,2-s2.0-85119371748
48767,48768,2-s2.0-85119285832
48768,48769,2-s2.0-85119265793
48774,48775,2-s2.0-85119148367
48776,48777,2-s2.0-85119141444
48777,48778,2-s2.0-85119130104
48780,48781,2-s2.0-85118661916
48783,48784,2-s2.0-85118588026
48786,48787,2-s2.0-85118433570
48787,48788,2-s2.0-85118192909
48788,48789,2-s2.0-85118183692
48790,48791,2-s2.0-85118135170
48792,48793,2-s2.0-85118126496
48793,48794,2-s2.0-85118116007
48796,48797,2-s2.0-85117884102
48797,48798,2-s2.0-85117825849
48798,48799,2-s2.0-85117583374
48801,48802,2-s2.0-85117309043
48808,48809,2-s2.0-85116586837
48811,48812,2-s2.0-85116550395
48812,48813,2-s2.0-85116532382
48813,48814,2-s2.0-85116507675
48814,48815,2-s2.0-85116381361
48815,48816,2-s2.0-85116336101
48816,48817,2-s2.0-85116243955
48819,48820,2-s2.0-85116087534
48822,48823,2-s2.0-85115616632
48826,48827,2-s2.0-85114440200
48827,48828,2-s2.0-85114088314
48831,48832,2-s2.0-85113140498
48833,48834,2-s2.0-85112547653
48835,48836,2-s2.0-85112427587
48836,48837,2-s2.0-85112404735
48838,48839,2-s2.0-85112317045
48840,48841,2-s2.0-85112208381
48841,48842,2-s2.0-85112183320
48842,48843,2-s2.0-85112035417
48847,48848,2-s2.0-85111661081
48850,48851,2-s2.0-85111587092
48852,48853,2-s2.0-85111558926
48854,48855,2-s2.0-85111502743
48855,48856,2-s2.0-85111489523
48858,48859,2-s2.0-85111461796
48860,48861,2-s2.0-85110980515
48863,48864,2-s2.0-85110206485
48864,48865,2-s2.0-85110174027
48865,48866,2-s2.0-85110032242
48871,48872,2-s2.0-85108874941
48874,48875,2-s2.0-85108239716
48877,48878,2-s2.0-85108156965
48878,48879,2-s2.0-85107987525
48879,48880,2-s2.0-85107516836
48880,48881,2-s2.0-85107471959
48881,48882,2-s2.0-85106818011
48884,48885,2-s2.0-85106693517
48888,48889,2-s2.0-85106261052
48897,48898,2-s2.0-85104774986
48900,48901,2-s2.0-85104092259
48906,48907,2-s2.0-85102849149
48907,48908,2-s2.0-85102600412
48908,48909,2-s2.0-85102598036
48910,48911,2-s2.0-85102460685
48911,48912,2-s2.0-85101601898
48914,48915,2-s2.0-85101015510
48915,48916,2-s2.0-85100985289
48920,48921,2-s2.0-85099949178
48923,48924,2-s2.0-85099715635
48924,48925,2-s2.0-85099437674
48926,48927,2-s2.0-85099385151
48929,48930,2-s2.0-85099351318
48930,48931,2-s2.0-85099308709
48931,48932,2-s2.0-85098668879
48932,48933,2-s2.0-85098544018
48933,48934,2-s2.0-85097975861
48937,48938,2-s2.0-85097049451
48943,48944,2-s2.0-85096170301
48944,48945,2-s2.0-85096117365
48945,48946,2-s2.0-85096104569
48946,48947,2-s2.0-85095796220
48951,48952,2-s2.0-85092936071
48955,48956,2-s2.0-85092328610
48956,48957,2-s2.0-85091870033
48958,48959,2-s2.0-85091612013
48959,48960,2-s2.0-85091610938
48964,48965,2-s2.0-85090585954
48967,48968,2-s2.0-85089178946
48969,48970,2-s2.0-85087505061
48970,48971,2-s2.0-85087480103
48972,48973,2-s2.0-85087475045
48974,48975,2-s2.0-85087126355
48975,48976,2-s2.0-85087002968
48978,48979,2-s2.0-85086838904
48979,48980,2-s2.0-85086587903
48982,48983,2-s2.0-85084369324
48984,48985,2-s2.0-85082471753
48985,48986,2-s2.0-85082434636
48987,48988,2-s2.0-85080090852
48988,48989,2-s2.0-85078909976
48989,48990,2-s2.0-85078817941
48990,48991,2-s2.0-85077142392
48991,48992,2-s2.0-85075073553
48992,48993,2-s2.0-85070953164
48995,48996,2-s2.0-85066895883
48998,48999,2-s2.0-105013727371
49005,49006,2-s2.0-105005676174
49009,49010,2-s2.0-105003779100
49012,49013,2-s2.0-105001400095
49013,49014,2-s2.0-105000224974
49015,49016,2-s2.0-85132027780
49018,49019,2-s2.0-85133958162
49019,49020,2-s2.0-85127604607
49020,49021,2-s2.0-85127579621
49022,49023,2-s2.0-85123110524
49029,49030,2-s2.0-85123980278
49035,49036,2-s2.0-85126614797
49041,49042,2-s2.0-85123122155
49045,49046,2-s2.0-85121902347
49046,49047,2-s2.0-85122579994
49047,49048,2-s2.0-85122911804
49051,49052,2-s2.0-85190669815
49055,49056,2-s2.0-85151290450
49072,49073,2-s2.0-85127137914
49073,49074,2-s2.0-85127123460
49074,49075,2-s2.0-85127098884
49075,49076,2-s2.0-85127091694
49078,49079,2-s2.0-85125616915
49082,49083,2-s2.0-85123898808
49083,49084,2-s2.0-85123717976
49085,49086,2-s2.0-85123636994
49089,49090,2-s2.0-85123586199
49095,49096,2-s2.0-85123281720
49096,49097,2-s2.0-85122517850
49097,49098,2-s2.0-85122507758
49098,49099,2-s2.0-85122306547
49100,49101,2-s2.0-85122281098
49101,49102,2-s2.0-85122232596
49102,49103,2-s2.0-85122031523
49106,49107,2-s2.0-85121911091
49111,49112,2-s2.0-85121463755
49113,49114,2-s2.0-85121395253
49116,49117,2-s2.0-85121313096
49117,49118,2-s2.0-85121288830
49120,49121,2-s2.0-85121264242
49122,49123,2-s2.0-85121215721
49123,49124,2-s2.0-85121205358
49124,49125,2-s2.0-85121125287
49125,49126,2-s2.0-85121052482
49129,49130,2-s2.0-85120831477
49130,49131,2-s2.0-85120830258
49131,49132,2-s2.0-85120797948
49133,49134,2-s2.0-85120795176
49134,49135,2-s2.0-85120780352
49137,49138,2-s2.0-85120618208
49140,49141,2-s2.0-85120348955
49141,49142,2-s2.0-85120341349
49142,49143,2-s2.0-85120161065
49154,49155,2-s2.0-85118802012
49156,49157,2-s2.0-85118544903
49158,49159,2-s2.0-85118300325
49159,49160,2-s2.0-85118281504
49161,49162,2-s2.0-85118262234
49162,49163,2-s2.0-85118178829
49169,49170,2-s2.0-85116574462
49171,49172,2-s2.0-85116067538
49173,49174,2-s2.0-85115808352
49175,49176,2-s2.0-85115645234
49177,49178,2-s2.0-85115622448
49181,49182,2-s2.0-85115123696
49182,49183,2-s2.0-85115026909
49183,49184,2-s2.0-85114896946
49190,49191,2-s2.0-85113634406
49192,49193,2-s2.0-85113221663
49193,49194,2-s2.0-85112703602
49195,49196,2-s2.0-85111655066
49197,49198,2-s2.0-85111502625
49203,49204,2-s2.0-85109735095
49204,49205,2-s2.0-85109402833
49206,49207,2-s2.0-85108369484
49211,49212,2-s2.0-85107326746
49215,49216,2-s2.0-85106206065
49216,49217,2-s2.0-85106006526
49217,49218,2-s2.0-85106001037
49220,49221,2-s2.0-85105736076
49223,49224,2-s2.0-85105541934
49224,49225,2-s2.0-85105430615
49225,49226,2-s2.0-85105374885
49227,49228,2-s2.0-85105198474
49235,49236,2-s2.0-85103260977
49237,49238,2-s2.0-85102945354
49238,49239,2-s2.0-85102553409
49239,49240,2-s2.0-85102255832
49241,49242,2-s2.0-85102044596
49245,49246,2-s2.0-85101685765
49246,49247,2-s2.0-85101485884
49248,49249,2-s2.0-85101126171
49250,49251,2-s2.0-85099655135
49256,49257,2-s2.0-85092799865
49257,49258,2-s2.0-85092710759
49259,49260,2-s2.0-85092457993
49260,49261,2-s2.0-85091513206
49264,49265,2-s2.0-85087928957
49268,49269,2-s2.0-105003013726
49272,49273,2-s2.0-85123302674
49273,49274,2-s2.0-85123284690
49275,49276,2-s2.0-85120360455
49276,49277,2-s2.0-85119590481
49277,49278,2-s2.0-85163664640
49278,49279,2-s2.0-85163616275
49279,49280,2-s2.0-85121426429
49282,49283,2-s2.0-85119343244
49284,49285,2-s2.0-85121533873
49289,49290,2-s2.0-85126633246
49292,49293,2-s2.0-85126624062
49294,49295,2-s2.0-85126575717
49295,49296,2-s2.0-85122965460
49298,49299,2-s2.0-85127458893
49300,49301,2-s2.0-85120444339
49302,49303,2-s2.0-85114456177
49305,49306,2-s2.0-85119877003
49307,49308,2-s2.0-85114451986
49312,49313,2-s2.0-85119861913
49313,49314,2-s2.0-85146638361
49316,49317,2-s2.0-85119421389
49318,49319,2-s2.0-85171847157
49321,49322,2-s2.0-85132745796
49322,49323,2-s2.0-85125108813
49324,49325,2-s2.0-85121610594
49325,49326,2-s2.0-85120872466
49326,49327,2-s2.0-85120757935
49327,49328,2-s2.0-85120646858
49333,49334,2-s2.0-85119906284
49334,49335,2-s2.0-85119890715
49335,49336,2-s2.0-85119867289
49336,49337,2-s2.0-85119837537
49337,49338,2-s2.0-85119836151
49339,49340,2-s2.0-85119662234
49340,49341,2-s2.0-85119288263
49341,49342,2-s2.0-85119278446
49346,49347,2-s2.0-85119123840
49350,49351,2-s2.0-85118804296
49352,49353,2-s2.0-85118383431
49353,49354,2-s2.0-85118364022
49356,49357,2-s2.0-85118199693
49363,49364,2-s2.0-85116999053
49365,49366,2-s2.0-85115406439
49368,49369,2-s2.0-85114178343
49369,49370,2-s2.0-85114150033
49371,49372,2-s2.0-85113720222
49374,49375,2-s2.0-85112136656
49378,49379,2-s2.0-85109026394
49379,49380,2-s2.0-85108965815
49381,49382,2-s2.0-85107588115
49382,49383,2-s2.0-85107496618
49386,49387,2-s2.0-85106497625
49387,49388,2-s2.0-85106432090
49389,49390,2-s2.0-85106342939
49391,49392,2-s2.0-85105887140
49398,49399,2-s2.0-85090829426
49400,49401,2-s2.0-85073937973
49401,49402,2-s2.0-85070477226
49404,49405,2-s2.0-85119927242
49405,49406,2-s2.0-85119075261
49406,49407,2-s2.0-85122108657
49407,49408,2-s2.0-85122101292
49409,49410,2-s2.0-85122094098
49415,49416,2-s2.0-85122471176
49416,49417,2-s2.0-85122470952
49417,49418,2-s2.0-85122431246
49422,49423,2-s2.0-85118926889
49423,49424,2-s2.0-85126725216
49424,49425,2-s2.0-85124693743
49425,49426,2-s2.0-85119903650
49427,49428,2-s2.0-85145635469
49432,49433,2-s2.0-85117919603
49434,49435,2-s2.0-85124697660
49435,49436,2-s2.0-85116549269
49440,49441,2-s2.0-85115664055
49441,49442,2-s2.0-85115616868
49444,49445,2-s2.0-85117603186
49445,49446,2-s2.0-85117615759
49447,49448,2-s2.0-85117263285
49452,49453,2-s2.0-85174346518
49454,49455,2-s2.0-85127411612
49455,49456,2-s2.0-85126763330
49457,49458,2-s2.0-85121733093
49458,49459,2-s2.0-85121526018
49460,49461,2-s2.0-85119690869
49461,49462,2-s2.0-85119379624
49462,49463,2-s2.0-85118857282
49467,49468,2-s2.0-85117532643
49471,49472,2-s2.0-85117398480
49475,49476,2-s2.0-85117186209
49476,49477,2-s2.0-85117163400
49477,49478,2-s2.0-85117132505
49480,49481,2-s2.0-85116794276
49481,49482,2-s2.0-85116751430
49482,49483,2-s2.0-85116668347
49484,49485,2-s2.0-85116541745
49485,49486,2-s2.0-85116500043
49486,49487,2-s2.0-85116497243
49487,49488,2-s2.0-85116465786
49490,49491,2-s2.0-85116347641
49491,49492,2-s2.0-85116322286
49493,49494,2-s2.0-85116315680
49495,49496,2-s2.0-85116120785
49497,49498,2-s2.0-85116057675
49499,49500,2-s2.0-85116031074
49500,49501,2-s2.0-85115994970
49503,49504,2-s2.0-85115781940
49504,49505,2-s2.0-85115735463
49506,49507,2-s2.0-85114834165
49508,49509,2-s2.0-85114711837
49511,49512,2-s2.0-85114446395
49513,49514,2-s2.0-85114150079
49514,49515,2-s2.0-85114143481
49515,49516,2-s2.0-85113904936
49516,49517,2-s2.0-85113825937
49522,49523,2-s2.0-85112486896
49523,49524,2-s2.0-85112246644
49524,49525,2-s2.0-85112050997
49525,49526,2-s2.0-85111277434
49527,49528,2-s2.0-85110435065
49530,49531,2-s2.0-85108608137
49531,49532,2-s2.0-85108558433
49532,49533,2-s2.0-85108313563
49533,49534,2-s2.0-85107685752
49534,49535,2-s2.0-85107489096
49538,49539,2-s2.0-85105407493
49540,49541,2-s2.0-85103401987
49542,49543,2-s2.0-85103220605
49545,49546,2-s2.0-85101274572
49547,49548,2-s2.0-85099560829
49554,49555,2-s2.0-85089286733
49555,49556,2-s2.0-85087855936
49557,49558,2-s2.0-85085395808
49559,49560,2-s2.0-85073992163
49562,49563,2-s2.0-85119973043
49564,49565,2-s2.0-85116925608
49565,49566,2-s2.0-85105206336
49569,49570,2-s2.0-85116497154
49571,49572,2-s2.0-85113197920
49572,49573,2-s2.0-85149235008
49574,49575,2-s2.0-85122994515
49579,49580,2-s2.0-85119006922
49581,49582,2-s2.0-85115167195
49582,49583,2-s2.0-85114898860
49586,49587,2-s2.0-85134652708
49587,49588,2-s2.0-85123652759
49588,49589,2-s2.0-85116910178
49589,49590,2-s2.0-85115019334
49591,49592,2-s2.0-85186191318
49599,49600,2-s2.0-85125003018
49601,49602,2-s2.0-85123839572
49604,49605,2-s2.0-85122785434
49605,49606,2-s2.0-85122183008
49606,49607,2-s2.0-85120890077
49607,49608,2-s2.0-85120856881
49614,49615,2-s2.0-85117106991
49617,49618,2-s2.0-85116467401
49620,49621,2-s2.0-85116159431
49624,49625,2-s2.0-85116105612
49626,49627,2-s2.0-85116036658
49629,49630,2-s2.0-85115750287
49630,49631,2-s2.0-85115662412
49631,49632,2-s2.0-85115353192
49637,49638,2-s2.0-85115001579
49642,49643,2-s2.0-85114426124
49643,49644,2-s2.0-85114298795
49644,49645,2-s2.0-85114265266
49647,49648,2-s2.0-85114035706
49648,49649,2-s2.0-85113808678
49649,49650,2-s2.0-85113729691
49650,49651,2-s2.0-85113522743
49656,49657,2-s2.0-85111779815
49657,49658,2-s2.0-85111504115
49659,49660,2-s2.0-85111030551
49660,49661,2-s2.0-85110757731
49662,49663,2-s2.0-85110367895
49663,49664,2-s2.0-85109980884
49667,49668,2-s2.0-85108995492
49668,49669,2-s2.0-85108545683
49669,49670,2-s2.0-85108425454
49672,49673,2-s2.0-85106927876
49674,49675,2-s2.0-85106330783
49676,49677,2-s2.0-85105011163
49677,49678,2-s2.0-85104608196
49682,49683,2-s2.0-85101689211
49684,49685,2-s2.0-85100452693
49689,49690,2-s2.0-85097602639
49692,49693,2-s2.0-85093865259
49693,49694,2-s2.0-85091733596
49694,49695,2-s2.0-85091726944
49696,49697,2-s2.0-85089286780
49697,49698,2-s2.0-85086773228
49698,49699,2-s2.0-85084038865
49699,49700,2-s2.0-85083388674
49700,49701,2-s2.0-85076216075
49701,49702,2-s2.0-85065342347
49706,49707,2-s2.0-85189351550
49709,49710,2-s2.0-85114213734
49715,49716,2-s2.0-85118962997
49717,49718,2-s2.0-85118960206
49718,49719,2-s2.0-85114393743
49719,49720,2-s2.0-85116208034
49720,49721,2-s2.0-85147836485
49722,49723,2-s2.0-85146915341
49726,49727,2-s2.0-85114375814
49727,49728,2-s2.0-85114210825
49728,49729,2-s2.0-85114204376
49731,49732,2-s2.0-85110452637
49733,49734,2-s2.0-85117611190
49735,49736,2-s2.0-85117464689
49736,49737,2-s2.0-85113566005
49742,49743,2-s2.0-85112750740
49744,49745,2-s2.0-85116781368
49745,49746,2-s2.0-85112860253
49747,49748,2-s2.0-85112851717
49748,49749,2-s2.0-85112848266
49752,49753,2-s2.0-85112830792
49755,49756,2-s2.0-85112823663
49757,49758,2-s2.0-85112821071
49758,49759,2-s2.0-85112819091
49759,49760,2-s2.0-85112811208
49762,49763,2-s2.0-85112806427
49763,49764,2-s2.0-85112804993
49767,49768,2-s2.0-85129100555
49768,49769,2-s2.0-85129070370
49773,49774,2-s2.0-85112776062
49775,49776,2-s2.0-85112759846
49777,49778,2-s2.0-85112756415
49779,49780,2-s2.0-85112753631
49780,49781,2-s2.0-85112744916
49787,49788,2-s2.0-85131530070
49788,49789,2-s2.0-85123693860
49789,49790,2-s2.0-85117594259
49790,49791,2-s2.0-85117243410
49791,49792,2-s2.0-85116709005
49794,49795,2-s2.0-85115218859
49795,49796,2-s2.0-85114106821
49796,49797,2-s2.0-85113949041
49800,49801,2-s2.0-85112701621
49801,49802,2-s2.0-85112701135
49803,49804,2-s2.0-85112595684
49804,49805,2-s2.0-85112375839
49805,49806,2-s2.0-85112341331
49807,49808,2-s2.0-85112193324
49808,49809,2-s2.0-85112086649
49812,49813,2-s2.0-85112036183
49814,49815,2-s2.0-85111762700
49818,49819,2-s2.0-85111599000
49820,49821,2-s2.0-85111580386
49822,49823,2-s2.0-85111488878
49823,49824,2-s2.0-85111206544
49825,49826,2-s2.0-85110872777
49826,49827,2-s2.0-85109942158
49828,49829,2-s2.0-85108317852
49835,49836,2-s2.0-85104527600
49836,49837,2-s2.0-85104374569
49837,49838,2-s2.0-85104197266
49840,49841,2-s2.0-85101588249
49843,49844,2-s2.0-85101568250
49844,49845,2-s2.0-85101533309
49851,49852,2-s2.0-85096781773
49853,49854,2-s2.0-85091605014
49855,49856,2-s2.0-85088292997
49856,49857,2-s2.0-85087815896
49858,49859,2-s2.0-85086788464
49864,49865,2-s2.0-85096341744
49865,49866,2-s2.0-85092585210
49867,49868,2-s2.0-85117374717
49870,49871,2-s2.0-85118760874
49871,49872,2-s2.0-85112352151
49872,49873,2-s2.0-85112335808
49879,49880,2-s2.0-85124569342
49881,49882,2-s2.0-85124567923
49884,49885,2-s2.0-85124565661
49885,49886,2-s2.0-85124565254
49887,49888,2-s2.0-85124564378
49889,49890,2-s2.0-85124563162
49890,49891,2-s2.0-85124561755
49891,49892,2-s2.0-85124560388
49894,49895,2-s2.0-85124557152
49896,49897,2-s2.0-85124551587
49897,49898,2-s2.0-85124551365
49898,49899,2-s2.0-85124550148
49899,49900,2-s2.0-85124548509
49900,49901,2-s2.0-85124548450
49901,49902,2-s2.0-85124546657
49904,49905,2-s2.0-85124540867
49906,49907,2-s2.0-85124534554
49912,49913,2-s2.0-85124529471
49913,49914,2-s2.0-85124528172
49914,49915,2-s2.0-85124527181
49916,49917,2-s2.0-85124525036
49919,49920,2-s2.0-85124523144
49923,49924,2-s2.0-85124518429
49925,49926,2-s2.0-85124515128
49928,49929,2-s2.0-85124511198
49929,49930,2-s2.0-85124510675
49930,49931,2-s2.0-85124509210
49932,49933,2-s2.0-85124505060
49937,49938,2-s2.0-85124163669
49938,49939,2-s2.0-85123716860
49940,49941,2-s2.0-85117593715
49941,49942,2-s2.0-85125557010
49942,49943,2-s2.0-85119827239
49943,49944,2-s2.0-85119005734
49946,49947,2-s2.0-85117920912
49948,49949,2-s2.0-85112465475
49954,49955,2-s2.0-85112425741
49958,49959,2-s2.0-85117615802
49960,49961,2-s2.0-85117561472
49961,49962,2-s2.0-85117560883
49968,49969,2-s2.0-85166755130
49970,49971,2-s2.0-85111033439
49971,49972,2-s2.0-85111149442
49972,49973,2-s2.0-85111004334
49973,49974,2-s2.0-85108893017
49979,49980,2-s2.0-85110738303
49983,49984,2-s2.0-85109349328
49984,49985,2-s2.0-85153600545
49986,49987,2-s2.0-85143223588
49988,49989,2-s2.0-85140383490
49990,49991,2-s2.0-85135740939
49993,49994,2-s2.0-85132759524
49994,49995,2-s2.0-85127541647
50000,50001,2-s2.0-85115851611
50001,50002,2-s2.0-85115834492
50002,50003,2-s2.0-85114891262
50003,50004,2-s2.0-85114883817
50005,50006,2-s2.0-85114853127
50009,50010,2-s2.0-85113780774
50013,50014,2-s2.0-85112738676
50015,50016,2-s2.0-85112736569
50017,50018,2-s2.0-85112280524
50018,50019,2-s2.0-85112114920
50020,50021,2-s2.0-85111657561
50021,50022,2-s2.0-85111589885
50026,50027,2-s2.0-85111089915
50029,50030,2-s2.0-85111017838
50031,50032,2-s2.0-85110651988
50037,50038,2-s2.0-85110306390
50041,50042,2-s2.0-85109752310
50043,50044,2-s2.0-85109614218
50045,50046,2-s2.0-85109340528
50046,50047,2-s2.0-85109033121
50047,50048,2-s2.0-85109004030
50048,50049,2-s2.0-85108858527
50050,50051,2-s2.0-85108805322
50052,50053,2-s2.0-85108566641
50054,50055,2-s2.0-85108361578
50055,50056,2-s2.0-85108302880
50056,50057,2-s2.0-85108014473
50057,50058,2-s2.0-85107416220
50058,50059,2-s2.0-85106252756
50059,50060,2-s2.0-85106248730
50061,50062,2-s2.0-85105559163
50065,50066,2-s2.0-85104933458
50069,50070,2-s2.0-85103397391
50072,50073,2-s2.0-85103112567
50073,50074,2-s2.0-85101809740
50074,50075,2-s2.0-85101159550
50076,50077,2-s2.0-85100966898
50080,50081,2-s2.0-85089540327
50081,50082,2-s2.0-85089454510
50084,50085,2-s2.0-85087723572
50086,50087,2-s2.0-85087553371
50087,50088,2-s2.0-85081578439
50088,50089,2-s2.0-85079707737
50089,50090,2-s2.0-85079458358
50090,50091,2-s2.0-85067894088
50091,50092,2-s2.0-85209253244
50095,50096,2-s2.0-85109881968
50096,50097,2-s2.0-85109840954
50098,50099,2-s2.0-85109024936
50099,50100,2-s2.0-85109016410
50101,50102,2-s2.0-85128113019
50103,50104,2-s2.0-85127979008
50105,50106,2-s2.0-85114875057
50109,50110,2-s2.0-85112043203
50110,50111,2-s2.0-85110243835
50112,50113,2-s2.0-85110136842
50116,50117,2-s2.0-85109095247
50118,50119,2-s2.0-85109033156
50121,50122,2-s2.0-85127974618
50123,50124,2-s2.0-85114958538
50125,50126,2-s2.0-85112490651
50126,50127,2-s2.0-85112490123
50132,50133,2-s2.0-85149743131
50134,50135,2-s2.0-85128243995
50138,50139,2-s2.0-85108304218
50139,50140,2-s2.0-85107499527
50140,50141,2-s2.0-85101407341
50142,50143,2-s2.0-85108697839
50144,50145,2-s2.0-85108580055
50145,50146,2-s2.0-85108578029
50147,50148,2-s2.0-85108576725
50150,50151,2-s2.0-85108575667
50151,50152,2-s2.0-85108574676
50158,50159,2-s2.0-85108558115
50159,50160,2-s2.0-85108557033
50162,50163,2-s2.0-85108547759
50164,50165,2-s2.0-85108540818
50165,50166,2-s2.0-85108539549
50166,50167,2-s2.0-85108538762
50168,50169,2-s2.0-85108536631
50172,50173,2-s2.0-85108530740
50173,50174,2-s2.0-85108527576
50174,50175,2-s2.0-85108526969
50178,50179,2-s2.0-85108512612
50183,50184,2-s2.0-85108504597
50184,50185,2-s2.0-85108504358
50186,50187,2-s2.0-85108502684
50189,50190,2-s2.0-85134534116
50191,50192,2-s2.0-85108632095
50192,50193,2-s2.0-105003852870
50193,50194,2-s2.0-85108676722
50195,50196,2-s2.0-85108569554
50196,50197,2-s2.0-85106384788
50198,50199,2-s2.0-85114280273
50199,50200,2-s2.0-85114273948
50201,50202,2-s2.0-85108381830
50203,50204,2-s2.0-85219667576
50204,50205,2-s2.0-85192764379
50206,50207,2-s2.0-85174452412
50208,50209,2-s2.0-85148496225
50210,50211,2-s2.0-85138597554
50213,50214,2-s2.0-85137782034
50215,50216,2-s2.0-85137411220
50217,50218,2-s2.0-85130316730
50218,50219,2-s2.0-85127194803
50219,50220,2-s2.0-85124277177
50221,50222,2-s2.0-85122728787
50222,50223,2-s2.0-85122722226
50225,50226,2-s2.0-85118346198
50226,50227,2-s2.0-85118244556
50227,50228,2-s2.0-85118236383
50228,50229,2-s2.0-85118232518
50229,50230,2-s2.0-85117421663
50232,50233,2-s2.0-85116166099
50235,50236,2-s2.0-85115189903
50237,50238,2-s2.0-85114369613
50238,50239,2-s2.0-85112721581
50239,50240,2-s2.0-85112657195
50242,50243,2-s2.0-85111162037
50244,50245,2-s2.0-85111146223
50245,50246,2-s2.0-85111119887
50246,50247,2-s2.0-85111075096
50247,50248,2-s2.0-85110385878
50248,50249,2-s2.0-85110304785
50249,50250,2-s2.0-85110207807
50252,50253,2-s2.0-85109065959
50258,50259,2-s2.0-85108321283
50261,50262,2-s2.0-85108241350
50262,50263,2-s2.0-85108237633
50263,50264,2-s2.0-85107975769
50267,50268,2-s2.0-85107495409
50274,50275,2-s2.0-85106521304
50276,50277,2-s2.0-85106458177
50280,50281,2-s2.0-85106407877
50284,50285,2-s2.0-85105908469
50285,50286,2-s2.0-85105885525
50286,50287,2-s2.0-85105596417
50287,50288,2-s2.0-85105468660
50293,50294,2-s2.0-85104954211
50298,50299,2-s2.0-85103979362
50300,50301,2-s2.0-85103612630
50305,50306,2-s2.0-85103162956
50307,50308,2-s2.0-85102807137
50308,50309,2-s2.0-85102625228
50310,50311,2-s2.0-85102308118
50311,50312,2-s2.0-85101753870
50315,50316,2-s2.0-85101054517
50316,50317,2-s2.0-85100957431
50319,50320,2-s2.0-85100590663
50321,50322,2-s2.0-85099962488
50322,50323,2-s2.0-85099516970
50325,50326,2-s2.0-85090308075
50327,50328,2-s2.0-85086036282
50329,50330,2-s2.0-85083864475
50334,50335,2-s2.0-105006424183
50335,50336,2-s2.0-85107835575
50338,50339,2-s2.0-85107739106
50339,50340,2-s2.0-85107944461
50342,50343,2-s2.0-85150893375
50346,50347,2-s2.0-85128914186
50347,50348,2-s2.0-85125370864
50348,50349,2-s2.0-85125242426
50349,50350,2-s2.0-85125156992
50350,50351,2-s2.0-85108030091
50353,50354,2-s2.0-85108028794
50354,50355,2-s2.0-85108028255
50355,50356,2-s2.0-85108026345
50359,50360,2-s2.0-85108024570
50362,50363,2-s2.0-85108021743
50369,50370,2-s2.0-85108172005
50370,50371,2-s2.0-85108164226
50372,50373,2-s2.0-85108156477
50376,50377,2-s2.0-85108138834
50377,50378,2-s2.0-85150118323
50380,50381,2-s2.0-85150099010
50381,50382,2-s2.0-85138451879
50383,50384,2-s2.0-85113577227
50384,50385,2-s2.0-85120525641
50388,50389,2-s2.0-85161584884
50394,50395,2-s2.0-85112865412
50396,50397,2-s2.0-85117588737
50398,50399,2-s2.0-85105965416
50400,50401,2-s2.0-85105964138
50402,50403,2-s2.0-85105962933
50404,50405,2-s2.0-85105960744
50407,50408,2-s2.0-85105950680
50408,50409,2-s2.0-85105941470
50409,50410,2-s2.0-85105940518
50411,50412,2-s2.0-85105937883
50412,50413,2-s2.0-85105937760
50413,50414,2-s2.0-85105935311
50416,50417,2-s2.0-85105932032
50417,50418,2-s2.0-85105930685
50418,50419,2-s2.0-85105928901
50419,50420,2-s2.0-85105928751
50420,50421,2-s2.0-85105928374
50421,50422,2-s2.0-85105927948
50422,50423,2-s2.0-85105927240
50423,50424,2-s2.0-85105923064
50426,50427,2-s2.0-85105920722
50427,50428,2-s2.0-85105920443
50428,50429,2-s2.0-85105919380
50429,50430,2-s2.0-85105918253
50430,50431,2-s2.0-85105915855
50432,50433,2-s2.0-85105913370
50434,50435,2-s2.0-85105911805
50436,50437,2-s2.0-85105906943
50437,50438,2-s2.0-85107009380
50442,50443,2-s2.0-85106189487
50443,50444,2-s2.0-85106175259
50449,50450,2-s2.0-85106375260
50451,50452,2-s2.0-85106360538
50452,50453,2-s2.0-85106352305
50456,50457,2-s2.0-85133392781
50460,50461,2-s2.0-85116775880
50461,50462,2-s2.0-85115727419
50464,50465,2-s2.0-85112047520
50465,50466,2-s2.0-85111117772
50466,50467,2-s2.0-85111054715
50468,50469,2-s2.0-85109351739
50470,50471,2-s2.0-85109096056
50471,50472,2-s2.0-85109092236
50473,50474,2-s2.0-85109064275
50475,50476,2-s2.0-85108201503
50476,50477,2-s2.0-85107809373
50477,50478,2-s2.0-85107673351
50479,50480,2-s2.0-85107233570
50480,50481,2-s2.0-85107192676
50482,50483,2-s2.0-85106712719
50484,50485,2-s2.0-85106594705
50486,50487,2-s2.0-85105799711
50488,50489,2-s2.0-85105686844
50489,50490,2-s2.0-85105630715
50490,50491,2-s2.0-85105405724
50491,50492,2-s2.0-85105396118
50492,50493,2-s2.0-85105289158
50493,50494,2-s2.0-85105167107
50495,50496,2-s2.0-85104987362
50499,50500,2-s2.0-85104229331
50500,50501,2-s2.0-85103980786
50501,50502,2-s2.0-85103624143
50503,50504,2-s2.0-85103403955
50504,50505,2-s2.0-85103356167
50505,50506,2-s2.0-85103211549
50509,50510,2-s2.0-85102059277
50512,50513,2-s2.0-85101431479
50513,50514,2-s2.0-85101402137
50517,50518,2-s2.0-85100090715
50519,50520,2-s2.0-85099976194
50520,50521,2-s2.0-85099944124
50521,50522,2-s2.0-85099238648
50522,50523,2-s2.0-85099053466
50523,50524,2-s2.0-85098762929
50525,50526,2-s2.0-85096841800
50526,50527,2-s2.0-85095992682
50528,50529,2-s2.0-85089685073
50530,50531,2-s2.0-85083284468
50531,50532,2-s2.0-85105934634
50534,50535,2-s2.0-85114754646
50535,50536,2-s2.0-85113839757
50536,50537,2-s2.0-85112352498
50537,50538,2-s2.0-85105622620
50539,50540,2-s2.0-85108470741
50540,50541,2-s2.0-85108461877
50542,50543,2-s2.0-85105251501
50543,50544,2-s2.0-85105754858
50547,50548,2-s2.0-85198523601
50548,50549,2-s2.0-85198514367
50550,50551,2-s2.0-85126456552
50551,50552,2-s2.0-85112478692
50552,50553,2-s2.0-85112474212
50553,50554,2-s2.0-85112472983
50555,50556,2-s2.0-85112469910
50557,50558,2-s2.0-85112464206
50558,50559,2-s2.0-85112463282
50559,50560,2-s2.0-85112460380
50561,50562,2-s2.0-85112455520
50562,50563,2-s2.0-85112455498
50564,50565,2-s2.0-85112454219
50565,50566,2-s2.0-85112453467
50566,50567,2-s2.0-85112447439
50567,50568,2-s2.0-85112446396
50568,50569,2-s2.0-85112446053
50569,50570,2-s2.0-85112439811
50573,50574,2-s2.0-85112425225
50576,50577,2-s2.0-85112416179
50578,50579,2-s2.0-85112408652
50580,50581,2-s2.0-85112405081
50583,50584,2-s2.0-85107327639
50585,50586,2-s2.0-85117899871
50586,50587,2-s2.0-85110544579
50587,50588,2-s2.0-85105520452
50589,50590,2-s2.0-85104782885
50592,50593,2-s2.0-85104738615
50593,50594,2-s2.0-85104733093
50594,50595,2-s2.0-85104732064
50595,50596,2-s2.0-85104705790
50597,50598,2-s2.0-85104649042
50598,50599,2-s2.0-85112852661
50600,50601,2-s2.0-85112835723
50601,50602,2-s2.0-85112830757
50603,50604,2-s2.0-85104637198
50604,50605,2-s2.0-85104213688
50605,50606,2-s2.0-85103444400
50607,50608,2-s2.0-85104684328
50608,50609,2-s2.0-85104683321
50609,50610,2-s2.0-85104683254
50610,50611,2-s2.0-85104682828
50616,50617,2-s2.0-85104671352
50617,50618,2-s2.0-85104665284
50619,50620,2-s2.0-85104662837
50622,50623,2-s2.0-85104657157
50623,50624,2-s2.0-85104650060
50624,50625,2-s2.0-85104648687
50626,50627,2-s2.0-85104643908
50628,50629,2-s2.0-85104643625
50630,50631,2-s2.0-85104640682
50631,50632,2-s2.0-85104640656
50632,50633,2-s2.0-85104636474
50636,50637,2-s2.0-85104630354
50639,50640,2-s2.0-85104624453
50641,50642,2-s2.0-85104615662
50643,50644,2-s2.0-85104612736
50647,50648,2-s2.0-85104605904
50648,50649,2-s2.0-85104605573
50655,50656,2-s2.0-85104588900
50658,50659,2-s2.0-85104581590
50659,50660,2-s2.0-85104579261
50661,50662,2-s2.0-85104570298
50664,50665,2-s2.0-85104591674
50665,50666,2-s2.0-85161420485
50669,50670,2-s2.0-85105012277
50670,50671,2-s2.0-85104964704
50671,50672,2-s2.0-85104838495
50673,50674,2-s2.0-85104715605
50675,50676,2-s2.0-85104233502
50676,50677,2-s2.0-85103861713
50678,50679,2-s2.0-85103859858
50680,50681,2-s2.0-85103850569
50681,50682,2-s2.0-85103844985
50682,50683,2-s2.0-85103837212
50683,50684,2-s2.0-85103829245
50684,50685,2-s2.0-85103828078
50685,50686,2-s2.0-85103821859
50686,50687,2-s2.0-85103821348
50688,50689,2-s2.0-85200133970
50690,50691,2-s2.0-85175807672
50692,50693,2-s2.0-85173706246
50694,50695,2-s2.0-85143775001
50695,50696,2-s2.0-85131833453
50696,50697,2-s2.0-85131738578
50698,50699,2-s2.0-85125913924
50702,50703,2-s2.0-85115637932
50703,50704,2-s2.0-85109671087
50704,50705,2-s2.0-85108187080
50709,50710,2-s2.0-85106426307
50710,50711,2-s2.0-85106294064
50711,50712,2-s2.0-85106290242
50713,50714,2-s2.0-85106275747
50716,50717,2-s2.0-85105850844
50717,50718,2-s2.0-85105715330
50718,50719,2-s2.0-85105560952
50720,50721,2-s2.0-85105545113
50721,50722,2-s2.0-85105538206
50722,50723,2-s2.0-85105522716
50723,50724,2-s2.0-85105520475
50724,50725,2-s2.0-85105512888
50725,50726,2-s2.0-85105512465
50728,50729,2-s2.0-85105441869
50729,50730,2-s2.0-85105439337
50734,50735,2-s2.0-85105071060
50742,50743,2-s2.0-85104083969
50745,50746,2-s2.0-85104010712
50746,50747,2-s2.0-85103807203
50747,50748,2-s2.0-85103797747
50749,50750,2-s2.0-85103660217
50751,50752,2-s2.0-85103646999
50753,50754,2-s2.0-85103179583
50760,50761,2-s2.0-85100516955
50763,50764,2-s2.0-85099922267
50764,50765,2-s2.0-85099583623
50768,50769,2-s2.0-85099178529
50771,50772,2-s2.0-85095985527
50772,50773,2-s2.0-85095575258
50773,50774,2-s2.0-85093939651
50775,50776,2-s2.0-85091351359
50779,50780,2-s2.0-85085051755
50780,50781,2-s2.0-85084001760
50783,50784,2-s2.0-85083774381
50785,50786,2-s2.0-85078851739
50787,50788,2-s2.0-85077368405
50789,50790,2-s2.0-85076202772
50791,50792,2-s2.0-105003015801
50793,50794,2-s2.0-85103859625
50794,50795,2-s2.0-85103859606
50796,50797,2-s2.0-85103853020
50797,50798,2-s2.0-85103852787
50798,50799,2-s2.0-85103851406
50799,50800,2-s2.0-85103850956
50802,50803,2-s2.0-85103850227
50803,50804,2-s2.0-85103849205
50806,50807,2-s2.0-85103844048
50807,50808,2-s2.0-85103842513
50810,50811,2-s2.0-85103841798
50811,50812,2-s2.0-85103841612
50812,50813,2-s2.0-85103841483
50819,50820,2-s2.0-85103829907
50821,50822,2-s2.0-85103825689
50822,50823,2-s2.0-85103823210
50823,50824,2-s2.0-85103823111
50824,50825,2-s2.0-85103821895
50825,50826,2-s2.0-85103820263
50827,50828,2-s2.0-85103817744
50828,50829,2-s2.0-85103815333
50830,50831,2-s2.0-85103813152
50831,50832,2-s2.0-85103811829
50832,50833,2-s2.0-85107473614
50836,50837,2-s2.0-85104444079
50838,50839,2-s2.0-85103536703
50841,50842,2-s2.0-85103471430
50844,50845,2-s2.0-85103469235
50846,50847,2-s2.0-85103463617
50847,50848,2-s2.0-85103461386
50850,50851,2-s2.0-85103455452
50852,50853,2-s2.0-85103448468
50856,50857,2-s2.0-85103442397
50859,50860,2-s2.0-85103438686
50862,50863,2-s2.0-85103437384
50863,50864,2-s2.0-85103753569
50864,50865,2-s2.0-85132202053
50866,50867,2-s2.0-85103597179
50867,50868,2-s2.0-85103565673
50868,50869,2-s2.0-85103557810
50873,50874,2-s2.0-85103502137
50875,50876,2-s2.0-85103491712
50878,50879,2-s2.0-85103660558
50879,50880,2-s2.0-85103603370
50882,50883,2-s2.0-85103587115
50883,50884,2-s2.0-85103582564
50885,50886,2-s2.0-85103575438
50887,50888,2-s2.0-85103550542
50888,50889,2-s2.0-85103546413
50891,50892,2-s2.0-85128036547
50894,50895,2-s2.0-85103509619
50896,50897,2-s2.0-85103506729
50900,50901,2-s2.0-85103478246
50902,50903,2-s2.0-85103465265
50904,50905,2-s2.0-85103455830
50906,50907,2-s2.0-85103447800
50909,50910,2-s2.0-85103337315
50910,50911,2-s2.0-85103333282
50913,50914,2-s2.0-85103324271
50914,50915,2-s2.0-85103317631
50915,50916,2-s2.0-85103316548
50916,50917,2-s2.0-85103312277
50917,50918,2-s2.0-85103310925
50919,50920,2-s2.0-85103274713
50920,50921,2-s2.0-85102592410
50922,50923,2-s2.0-85103253112
50926,50927,2-s2.0-85103122084
50927,50928,2-s2.0-85103121687
50929,50930,2-s2.0-85103111581
50933,50934,2-s2.0-85103085950
50934,50935,2-s2.0-85103082805
50935,50936,2-s2.0-85107080672
50937,50938,2-s2.0-85107070894
50938,50939,2-s2.0-85107068526
50939,50940,2-s2.0-85107060521
50940,50941,2-s2.0-85107059745
50941,50942,2-s2.0-85107053027
50942,50943,2-s2.0-85107049234
50943,50944,2-s2.0-85102560965
50944,50945,2-s2.0-85130956765
50946,50947,2-s2.0-85103785434
50948,50949,2-s2.0-85104465100
50949,50950,2-s2.0-85103336081
50953,50954,2-s2.0-85102932984
50957,50958,2-s2.0-85104028328
50959,50960,2-s2.0-85103642066
50962,50963,2-s2.0-85103344473
50963,50964,2-s2.0-85103335610
50966,50967,2-s2.0-85103332534
50968,50969,2-s2.0-85103328869
50969,50970,2-s2.0-85103326788
50971,50972,2-s2.0-85103318660
50973,50974,2-s2.0-85103315219
50980,50981,2-s2.0-85103211053
50987,50988,2-s2.0-85102472974
50988,50989,2-s2.0-85102471258
50990,50991,2-s2.0-85102471038
50993,50994,2-s2.0-85102457360
50994,50995,2-s2.0-85102455514
50996,50997,2-s2.0-85102440444
50999,51000,2-s2.0-85102418238
51000,51001,2-s2.0-85102280364
51004,51005,2-s2.0-85128682931
51005,51006,2-s2.0-85127367424
51006,51007,2-s2.0-85126276504
51007,51008,2-s2.0-85118817525
51008,51009,2-s2.0-85117470344
51012,51013,2-s2.0-85107087932
51020,51021,2-s2.0-85104971171
51023,51024,2-s2.0-85104591548
51025,51026,2-s2.0-85104381600
51026,51027,2-s2.0-85104263451
51033,51034,2-s2.0-85103892647
51036,51037,2-s2.0-85103519105
51037,51038,2-s2.0-85103518011
51038,51039,2-s2.0-85103512479
51039,51040,2-s2.0-85103188647
51043,51044,2-s2.0-85103017172
51045,51046,2-s2.0-85102986480
51046,51047,2-s2.0-85102983259
51047,51048,2-s2.0-85102617082
51048,51049,2-s2.0-85102564796
51049,51050,2-s2.0-85102560783
51050,51051,2-s2.0-85102535616
51051,51052,2-s2.0-85102452620
51054,51055,2-s2.0-85101970567
51056,51057,2-s2.0-85101469025
51057,51058,2-s2.0-85101277491
51060,51061,2-s2.0-85100763311
51061,51062,2-s2.0-85100753629
51062,51063,2-s2.0-85100675918
51063,51064,2-s2.0-85100472441
51064,51065,2-s2.0-85100394475
51067,51068,2-s2.0-85100039023
51069,51070,2-s2.0-85099827625
51070,51071,2-s2.0-85099802557
51071,51072,2-s2.0-85099718344
51072,51073,2-s2.0-85099686428
51074,51075,2-s2.0-85097340973
51076,51077,2-s2.0-85097033139
51078,51079,2-s2.0-85097002004
51085,51086,2-s2.0-85092687583
51086,51087,2-s2.0-85091906340
51088,51089,2-s2.0-85091600872
51089,51090,2-s2.0-85091256512
51095,51096,2-s2.0-85089390780
51097,51098,2-s2.0-85087458222
51099,51100,2-s2.0-85086320443
51103,51104,2-s2.0-85085100922
51108,51109,2-s2.0-85082936552
51111,51112,2-s2.0-85078295501
51112,51113,2-s2.0-85078283385
51113,51114,2-s2.0-85077642072
51116,51117,2-s2.0-85074605091
51120,51121,2-s2.0-85107111141
51125,51126,2-s2.0-85122394420
51126,51127,2-s2.0-85102982376
51127,51128,2-s2.0-85102388744
51129,51130,2-s2.0-85102382869
51130,51131,2-s2.0-85102381966
51132,51133,2-s2.0-85102357979
51133,51134,2-s2.0-85102356242
51135,51136,2-s2.0-85102376277
51138,51139,2-s2.0-85101860806
51143,51144,2-s2.0-85101828664
51144,51145,2-s2.0-85101799979
51145,51146,2-s2.0-85101796543
51146,51147,2-s2.0-85102412165
51147,51148,2-s2.0-85102409841
51148,51149,2-s2.0-85102208546
51150,51151,2-s2.0-85102697595
51151,51152,2-s2.0-85101779318
51162,51163,2-s2.0-85101274479
51163,51164,2-s2.0-85101003721
51164,51165,2-s2.0-85097044186
51166,51167,2-s2.0-85088825116
51167,51168,2-s2.0-85109583535
51169,51170,2-s2.0-85102385242
51170,51171,2-s2.0-85102381711
51172,51173,2-s2.0-85102367803
51173,51174,2-s2.0-85102359649
51174,51175,2-s2.0-85102358788
51178,51179,2-s2.0-85102337730
51179,51180,2-s2.0-85102337142
51182,51183,2-s2.0-85103264186
51183,51184,2-s2.0-85102144655
51184,51185,2-s2.0-85101944429
51185,51186,2-s2.0-85101776224
51186,51187,2-s2.0-85101286720
51188,51189,2-s2.0-85100968262
51191,51192,2-s2.0-85100617426
51192,51193,2-s2.0-85200691526
51194,51195,2-s2.0-85163764359
51195,51196,2-s2.0-85161643124
51196,51197,2-s2.0-85158816490
51198,51199,2-s2.0-85110445934
51200,51201,2-s2.0-85105603932
51201,51202,2-s2.0-85105451619
51203,51204,2-s2.0-85105042281
51206,51207,2-s2.0-85103305770
51207,51208,2-s2.0-85103028199
51210,51211,2-s2.0-85102353314
51214,51215,2-s2.0-85101404641
51215,51216,2-s2.0-85101231236
51219,51220,2-s2.0-85101173895
51220,51221,2-s2.0-85101153267
51221,51222,2-s2.0-85100996318
51224,51225,2-s2.0-85100602337
51228,51229,2-s2.0-85100385065
51231,51232,2-s2.0-85100319646
51237,51238,2-s2.0-85099749141
51238,51239,2-s2.0-85099686591
51240,51241,2-s2.0-85097214981
51242,51243,2-s2.0-85096661428
51243,51244,2-s2.0-85096598543
51245,51246,2-s2.0-85094629838
51247,51248,2-s2.0-85093936074
51249,51250,2-s2.0-85092207563
51250,51251,2-s2.0-85091001484
51254,51255,2-s2.0-85089866097
51255,51256,2-s2.0-85089677855
51257,51258,2-s2.0-85089286958
51259,51260,2-s2.0-85087028629
51261,51262,2-s2.0-85086100315
51262,51263,2-s2.0-85082937314
51267,51268,2-s2.0-85078904218
51268,51269,2-s2.0-85077922459
51269,51270,2-s2.0-85075361485
51270,51271,2-s2.0-85074011388
51271,51272,2-s2.0-85073970925
51272,51273,2-s2.0-105008687399
51273,51274,2-s2.0-105002774282
51275,51276,2-s2.0-85091822831
51277,51278,2-s2.0-85091669424
51278,51279,2-s2.0-85091659804
51283,51284,2-s2.0-85091632269
51285,51286,2-s2.0-85100466272
51287,51288,2-s2.0-85101822499
51288,51289,2-s2.0-85118733951
51289,51290,2-s2.0-85109239318
51290,51291,2-s2.0-85109119453
51291,51292,2-s2.0-85102439580
51292,51293,2-s2.0-85102407616
51294,51295,2-s2.0-85102401645
51295,51296,2-s2.0-85102401495
51297,51298,2-s2.0-85102399343
51301,51302,2-s2.0-85102337140
51303,51304,2-s2.0-85102294311
51304,51305,2-s2.0-85102246651
51307,51308,2-s2.0-85101855500
51310,51311,2-s2.0-85101852133
51317,51318,2-s2.0-85101818463
51318,51319,2-s2.0-85101817526
51320,51321,2-s2.0-85101807255
51321,51322,2-s2.0-85101805291
51325,51326,2-s2.0-85101795927
51329,51330,2-s2.0-85125202639
51331,51332,2-s2.0-85125183441
51338,51339,2-s2.0-85107696720
51339,51340,2-s2.0-85100582411
51340,51341,2-s2.0-85100555926
51341,51342,2-s2.0-85101629908
51346,51347,2-s2.0-85101018993
51347,51348,2-s2.0-85101001711
51348,51349,2-s2.0-85100581215
51349,51350,2-s2.0-85100014441
51350,51351,2-s2.0-85100002411
51352,51353,2-s2.0-85101416039
51355,51356,2-s2.0-85101391451
51356,51357,2-s2.0-85101359340
51361,51362,2-s2.0-85101318236
51362,51363,2-s2.0-85101317454
51371,51372,2-s2.0-85100732217
51372,51373,2-s2.0-85099447089
51376,51377,2-s2.0-85189363596
51378,51379,2-s2.0-85189288015
51385,51386,2-s2.0-85148789347
51388,51389,2-s2.0-85099795288
51390,51391,2-s2.0-85099142707
51393,51394,2-s2.0-85218737686
51394,51395,2-s2.0-85217009246
51397,51398,2-s2.0-85216894008
51398,51399,2-s2.0-85216842795
51399,51400,2-s2.0-85216803440
51401,51402,2-s2.0-85216754635
51407,51408,2-s2.0-85205545102
51408,51409,2-s2.0-85202804450
51409,51410,2-s2.0-85199130399
51413,51414,2-s2.0-85192622793
51415,51416,2-s2.0-85189700602
51417,51418,2-s2.0-85187754525
51419,51420,2-s2.0-85186808406
51420,51421,2-s2.0-85182737930
51421,51422,2-s2.0-85182281358
51423,51424,2-s2.0-85182254607
51424,51425,2-s2.0-85181136555
51425,51426,2-s2.0-85181067506
51426,51427,2-s2.0-85181067153
51428,51429,2-s2.0-85180781841
51431,51432,2-s2.0-85180755752
51436,51437,2-s2.0-85180632231
51441,51442,2-s2.0-85180628489
51442,51443,2-s2.0-85180627940
51443,51444,2-s2.0-85180625602
51445,51446,2-s2.0-85180624763
51447,51448,2-s2.0-85180622117
51449,51450,2-s2.0-85180620988
51451,51452,2-s2.0-85179852215
51453,51454,2-s2.0-85179845940
51455,51456,2-s2.0-85179844734
51457,51458,2-s2.0-85179841841
51458,51459,2-s2.0-85179841561
51459,51460,2-s2.0-85179840692
51461,51462,2-s2.0-85179838610
51464,51465,2-s2.0-85179674736
51472,51473,2-s2.0-85177511834
51473,51474,2-s2.0-85177510508
51475,51476,2-s2.0-85175478918
51476,51477,2-s2.0-85175452195
51477,51478,2-s2.0-85175427383
51480,51481,2-s2.0-85174296119
51483,51484,2-s2.0-85172709178
51485,51486,2-s2.0-85172698550
51493,51494,2-s2.0-85167439842
51495,51496,2-s2.0-85164863007
51501,51502,2-s2.0-85161923235
51503,51504,2-s2.0-85160155077
51504,51505,2-s2.0-85159492183
51505,51506,2-s2.0-85159489591
51506,51507,2-s2.0-85159467870
51507,51508,2-s2.0-85159444685
51513,51514,2-s2.0-85159007318
51515,51516,2-s2.0-85158973461
51518,51519,2-s2.0-85154593522
51521,51522,2-s2.0-85154539876
51525,51526,2-s2.0-85151739087
51526,51527,2-s2.0-85151188495
51530,51531,2-s2.0-85150660810
51532,51533,2-s2.0-85150115052
51534,51535,2-s2.0-85149989053
51535,51536,2-s2.0-85148524098
51536,51537,2-s2.0-85147802349
51540,51541,2-s2.0-85147021922
51543,51544,2-s2.0-85146148324
51544,51545,2-s2.0-85146145461
51546,51547,2-s2.0-85146120995
51547,51548,2-s2.0-85146120896
51550,51551,2-s2.0-85146114438
51553,51554,2-s2.0-85146111661
51554,51555,2-s2.0-85145782905
51557,51558,2-s2.0-85143562275
51559,51560,2-s2.0-85142436566
51560,51561,2-s2.0-85141420915
51561,51562,2-s2.0-85141242502
51564,51565,2-s2.0-85140182345
51565,51566,2-s2.0-85140175033
51567,51568,2-s2.0-85140168754
51569,51570,2-s2.0-85140163600
51571,51572,2-s2.0-85140160922
51574,51575,2-s2.0-85139910118
51575,51576,2-s2.0-85139820143
51578,51579,2-s2.0-85139361662
51581,51582,2-s2.0-85139294292
51582,51583,2-s2.0-85139284137
51588,51589,2-s2.0-85138009880
51589,51590,2-s2.0-85137968465
51592,51593,2-s2.0-85137919642
51593,51594,2-s2.0-85137907074
51594,51595,2-s2.0-85137147191
51595,51596,2-s2.0-85136934210
51596,51597,2-s2.0-85136795031
51597,51598,2-s2.0-85136576827
51599,51600,2-s2.0-85136044798
51601,51602,2-s2.0-85135934935
51602,51603,2-s2.0-85135678605
51603,51604,2-s2.0-85135562433
51604,51605,2-s2.0-85135150006
51611,51612,2-s2.0-85133993031
51613,51614,2-s2.0-85133945534
51614,51615,2-s2.0-85133930157
51617,51618,2-s2.0-85133416180
51620,51621,2-s2.0-85132924625
51621,51622,2-s2.0-85132912333
51623,51624,2-s2.0-85132779619
51625,51626,2-s2.0-85132664616
51630,51631,2-s2.0-85131489474
51631,51632,2-s2.0-85131478193
51632,51633,2-s2.0-85131476826
51634,51635,2-s2.0-85131470333
51636,51637,2-s2.0-85131406486
51638,51639,2-s2.0-85131285726
51639,51640,2-s2.0-85131285644
51640,51641,2-s2.0-85131282808
51641,51642,2-s2.0-85131278239
51642,51643,2-s2.0-85131247176
51644,51645,2-s2.0-85131172008
51647,51648,2-s2.0-85130953483
51648,51649,2-s2.0-85130928095
51649,51650,2-s2.0-85130672141
51653,51654,2-s2.0-85130092557
51654,51655,2-s2.0-85130091079
51656,51657,2-s2.0-85130005952
51657,51658,2-s2.0-85130005682
51659,51660,2-s2.0-85129924012
51660,51661,2-s2.0-85129912394
51662,51663,2-s2.0-85129865722
51663,51664,2-s2.0-85129816223
51664,51665,2-s2.0-85129807482
51666,51667,2-s2.0-85129105507
51668,51669,2-s2.0-85129042340
51670,51671,2-s2.0-85128956780
51672,51673,2-s2.0-85128945384
51673,51674,2-s2.0-85128909082
51675,51676,2-s2.0-85128547733
51678,51679,2-s2.0-85128410353
51681,51682,2-s2.0-85128349968
51683,51684,2-s2.0-85128331642
51684,51685,2-s2.0-85128322804
51685,51686,2-s2.0-85128322386
51690,51691,2-s2.0-85128094751
51696,51697,2-s2.0-85127891815
51698,51699,2-s2.0-85127623940
51699,51700,2-s2.0-85127600547
51701,51702,2-s2.0-85127592989
51709,51710,2-s2.0-85127426797
51710,51711,2-s2.0-85127264583
51714,51715,2-s2.0-85127239460
51715,51716,2-s2.0-85127239380
51720,51721,2-s2.0-85127144690
51722,51723,2-s2.0-85127126572
51723,51724,2-s2.0-85127091262
51724,51725,2-s2.0-85127031803
51726,51727,2-s2.0-85126883136
51729,51730,2-s2.0-85126779737
51730,51731,2-s2.0-85126764667
51732,51733,2-s2.0-85126751946
51733,51734,2-s2.0-85126740102
51734,51735,2-s2.0-85126583188
51736,51737,2-s2.0-85126572334
51737,51738,2-s2.0-85126439401
51739,51740,2-s2.0-85126279914
51741,51742,2-s2.0-85126062498
51743,51744,2-s2.0-85125934898
51748,51749,2-s2.0-85125626473
51749,51750,2-s2.0-85125592983
51751,51752,2-s2.0-85125319357
51753,51754,2-s2.0-85125082335
51754,51755,2-s2.0-85125076819
51755,51756,2-s2.0-85125042302
51756,51757,2-s2.0-85125010339
51757,51758,2-s2.0-85124940007
51760,51761,2-s2.0-85124806301
51761,51762,2-s2.0-85124805555
51763,51764,2-s2.0-85124799369
51766,51767,2-s2.0-85124795619
51773,51774,2-s2.0-85124515420
51775,51776,2-s2.0-85124455132
51778,51779,2-s2.0-85124361443
51779,51780,2-s2.0-85124313456
51781,51782,2-s2.0-85124091711
51786,51787,2-s2.0-85123862407
51790,51791,2-s2.0-85123844432
51791,51792,2-s2.0-85123843762
51792,51793,2-s2.0-85123842978
51793,51794,2-s2.0-85123836836
51794,51795,2-s2.0-85123833497
51795,51796,2-s2.0-85123832602
51796,51797,2-s2.0-85123830780
51797,51798,2-s2.0-85123827003
51798,51799,2-s2.0-85123826062
51800,51801,2-s2.0-85123823438
51801,51802,2-s2.0-85123822977
51803,51804,2-s2.0-85123762361
51805,51806,2-s2.0-85123756802
51806,51807,2-s2.0-85123754850
51807,51808,2-s2.0-85123723628
51808,51809,2-s2.0-85123701369
51810,51811,2-s2.0-85123622269
51813,51814,2-s2.0-85123570302
51815,51816,2-s2.0-85123519532
51817,51818,2-s2.0-85123382396
51818,51819,2-s2.0-85123381558
51821,51822,2-s2.0-85123246181
51826,51827,2-s2.0-85123088594
51827,51828,2-s2.0-85123085070
51829,51830,2-s2.0-85123048554
51830,51831,2-s2.0-85123045521
51831,51832,2-s2.0-85123022923
51835,51836,2-s2.0-85122952376
51836,51837,2-s2.0-85122947879
51838,51839,2-s2.0-85122940196
51840,51841,2-s2.0-85122933119
51841,51842,2-s2.0-85122932094
51845,51846,2-s2.0-85122914449
51846,51847,2-s2.0-85122913872
51849,51850,2-s2.0-85122838030
51850,51851,2-s2.0-85122834477
51851,51852,2-s2.0-85122826185
51852,51853,2-s2.0-85122825173
51855,51856,2-s2.0-85122797996
51857,51858,2-s2.0-85122718457
51859,51860,2-s2.0-85122595644
51865,51866,2-s2.0-85122249086
51866,51867,2-s2.0-85122244043
51869,51870,2-s2.0-85122235182
51870,51871,2-s2.0-85122230298
51871,51872,2-s2.0-85122163844
51877,51878,2-s2.0-85122020984
51878,51879,2-s2.0-85122009850
51879,51880,2-s2.0-85121866559
51882,51883,2-s2.0-85121808287
51884,51885,2-s2.0-85121788785
51886,51887,2-s2.0-85121748030
51887,51888,2-s2.0-85121743106
51888,51889,2-s2.0-85121741551
51891,51892,2-s2.0-85121680849
51893,51894,2-s2.0-85121662156
51894,51895,2-s2.0-85121661005
51897,51898,2-s2.0-85121648960
51898,51899,2-s2.0-85121643582
51899,51900,2-s2.0-85121641092
51900,51901,2-s2.0-85121621149
51902,51903,2-s2.0-85121558688
51903,51904,2-s2.0-85121397804
51904,51905,2-s2.0-85121391141
51905,51906,2-s2.0-85121380455
51906,51907,2-s2.0-85121369189
51907,51908,2-s2.0-85121354041
51908,51909,2-s2.0-85121314131
51909,51910,2-s2.0-85121303558
51912,51913,2-s2.0-85121131041
51913,51914,2-s2.0-85121114334
51915,51916,2-s2.0-85121045825
51920,51921,2-s2.0-85121027281
51922,51923,2-s2.0-85121026670
51924,51925,2-s2.0-85121025585
51926,51927,2-s2.0-85120949618
51930,51931,2-s2.0-85120825630
51931,51932,2-s2.0-85120815369
51932,51933,2-s2.0-85120791409
51935,51936,2-s2.0-85120693551
51937,51938,2-s2.0-85120685600
51939,51940,2-s2.0-85120677590
51943,51944,2-s2.0-85120392330
51944,51945,2-s2.0-85120392283
51948,51949,2-s2.0-85120389102
51950,51951,2-s2.0-85120389016
51955,51956,2-s2.0-85120347110
51957,51958,2-s2.0-85120178201
51958,51959,2-s2.0-85120175725
51959,51960,2-s2.0-85120086026
51962,51963,2-s2.0-85120037481
51964,51965,2-s2.0-85120034400
51966,51967,2-s2.0-85120018133
51967,51968,2-s2.0-85120015801
51968,51969,2-s2.0-85119933680
51969,51970,2-s2.0-85119857140
51970,51971,2-s2.0-85119851706
51972,51973,2-s2.0-85119588388
51973,51974,2-s2.0-85119492185
51974,51975,2-s2.0-85119454723
51975,51976,2-s2.0-85119373029
51976,51977,2-s2.0-85119324291
51977,51978,2-s2.0-85119287540
51979,51980,2-s2.0-85119209316
51980,51981,2-s2.0-85119168844
51981,51982,2-s2.0-85119087570
51984,51985,2-s2.0-85118955230
51985,51986,2-s2.0-85118933577
51987,51988,2-s2.0-85118902075
51995,51996,2-s2.0-85118764298
51997,51998,2-s2.0-85118679171
51999,52000,2-s2.0-85118654946
52002,52003,2-s2.0-85118411060
52003,52004,2-s2.0-85118370850
52008,52009,2-s2.0-85118181529
52009,52010,2-s2.0-85118171057
52011,52012,2-s2.0-85118119913
52017,52018,2-s2.0-85117948498
52019,52020,2-s2.0-85117942854
52021,52022,2-s2.0-85117934327
52022,52023,2-s2.0-85117925501
52025,52026,2-s2.0-85117911368
52026,52027,2-s2.0-85117903051
52028,52029,2-s2.0-85117886946
52029,52030,2-s2.0-85117886808
52031,52032,2-s2.0-85117807914
52032,52033,2-s2.0-85117762829
52037,52038,2-s2.0-85117593416
52038,52039,2-s2.0-85117573028
52040,52041,2-s2.0-85117478308
52043,52044,2-s2.0-85117416145
52046,52047,2-s2.0-85117268055
52049,52050,2-s2.0-85117164766
52050,52051,2-s2.0-85117028845
52053,52054,2-s2.0-85116892920
52055,52056,2-s2.0-85116822328
52057,52058,2-s2.0-85116744757
52058,52059,2-s2.0-85116743546
52061,52062,2-s2.0-85116726285
52065,52066,2-s2.0-85116526755
52067,52068,2-s2.0-85116473074
52068,52069,2-s2.0-85116462071
52069,52070,2-s2.0-85116452586
52070,52071,2-s2.0-85116442274
52071,52072,2-s2.0-85116388916
52073,52074,2-s2.0-85116319930
52074,52075,2-s2.0-85116305057
52076,52077,2-s2.0-85116039536
52082,52083,2-s2.0-85115876954
52085,52086,2-s2.0-85115791838
52087,52088,2-s2.0-85115784684
52088,52089,2-s2.0-85115779675
52092,52093,2-s2.0-85115754633
52095,52096,2-s2.0-85115737201
52098,52099,2-s2.0-85115709964
52099,52100,2-s2.0-85115672999
52100,52101,2-s2.0-85115615061
52102,52103,2-s2.0-85115441172
52104,52105,2-s2.0-85115427807
52106,52107,2-s2.0-85115345922
52108,52109,2-s2.0-85115317921
52109,52110,2-s2.0-85115316440
52110,52111,2-s2.0-85115302969
52113,52114,2-s2.0-85115238411
52115,52116,2-s2.0-85115226737
52116,52117,2-s2.0-85115221170
52117,52118,2-s2.0-85115129374
52118,52119,2-s2.0-85115106263
52119,52120,2-s2.0-85115038964
52120,52121,2-s2.0-85115032678
52121,52122,2-s2.0-85114997037
52123,52124,2-s2.0-85114815937
52126,52127,2-s2.0-85114783174
52129,52130,2-s2.0-85114749632
52130,52131,2-s2.0-85114746676
52132,52133,2-s2.0-85114715415
52134,52135,2-s2.0-85114433580
52135,52136,2-s2.0-85114429449
52137,52138,2-s2.0-85114275621
52140,52141,2-s2.0-85114177885
52141,52142,2-s2.0-85114166294
52142,52143,2-s2.0-85114161468
52143,52144,2-s2.0-85114159913
52153,52154,2-s2.0-85113817977
52154,52155,2-s2.0-85113808955
52155,52156,2-s2.0-85113794805
52157,52158,2-s2.0-85113736758
52159,52160,2-s2.0-85113708140
52162,52163,2-s2.0-85113528785
52163,52164,2-s2.0-85113479658
52165,52166,2-s2.0-85113445923
52168,52169,2-s2.0-85113420865
52170,52171,2-s2.0-85113410388
52171,52172,2-s2.0-85113408686
52172,52173,2-s2.0-85113408343
52174,52175,2-s2.0-85113407382
52176,52177,2-s2.0-85113397819
52179,52180,2-s2.0-85113387430
52180,52181,2-s2.0-85113378384
52183,52184,2-s2.0-85113351299
52184,52185,2-s2.0-85113345797
52185,52186,2-s2.0-85113319394
52187,52188,2-s2.0-85113174483
52188,52189,2-s2.0-85112853025
52189,52190,2-s2.0-85112845150
52191,52192,2-s2.0-85112842649
52198,52199,2-s2.0-85112734008
52200,52201,2-s2.0-85112712131
52201,52202,2-s2.0-85112702891
52202,52203,2-s2.0-85112688268
52203,52204,2-s2.0-85112687473
52204,52205,2-s2.0-85112683521
52205,52206,2-s2.0-85112673319
52206,52207,2-s2.0-85112658446
52211,52212,2-s2.0-85112567801
52214,52215,2-s2.0-85112548831
52215,52216,2-s2.0-85112540297
52216,52217,2-s2.0-85112524865
52218,52219,2-s2.0-85112524098
52222,52223,2-s2.0-85112503169
52229,52230,2-s2.0-85112202411
52230,52231,2-s2.0-85112195641
52232,52233,2-s2.0-85112111707
52234,52235,2-s2.0-85112085632
52237,52238,2-s2.0-85111966153
52240,52241,2-s2.0-85111831931
52241,52242,2-s2.0-85111620888
52242,52243,2-s2.0-85111521650
52245,52246,2-s2.0-85111416627
52246,52247,2-s2.0-85111413013
52248,52249,2-s2.0-85111377421
52249,52250,2-s2.0-85111366828
52250,52251,2-s2.0-85111366492
52252,52253,2-s2.0-85111362468
52255,52256,2-s2.0-85111329815
52260,52261,2-s2.0-85111151750
52262,52263,2-s2.0-85111145169
52263,52264,2-s2.0-85111140734
52266,52267,2-s2.0-85111073923
52267,52268,2-s2.0-85111071394
52271,52272,2-s2.0-85111006711
52275,52276,2-s2.0-85110675160
52278,52279,2-s2.0-85110578642
52280,52281,2-s2.0-85110451686
52282,52283,2-s2.0-85110080944
52283,52284,2-s2.0-85109959361
52285,52286,2-s2.0-85109933913
52287,52288,2-s2.0-85109898998
52289,52290,2-s2.0-85109850713
52291,52292,2-s2.0-85109801046
52299,52300,2-s2.0-85109659982
52301,52302,2-s2.0-85109622898
52302,52303,2-s2.0-85109544516
52305,52306,2-s2.0-85109349251
52308,52309,2-s2.0-85109259120
52309,52310,2-s2.0-85109175722
52311,52312,2-s2.0-85109066909
52314,52315,2-s2.0-85109008926
52315,52316,2-s2.0-85108993071
52316,52317,2-s2.0-85108961461
52318,52319,2-s2.0-85108819768
52319,52320,2-s2.0-85108800219
52321,52322,2-s2.0-85108698302
52324,52325,2-s2.0-85108570848
52325,52326,2-s2.0-85108570757
52326,52327,2-s2.0-85108558532
52327,52328,2-s2.0-85108556145
52329,52330,2-s2.0-85108546726
52330,52331,2-s2.0-85108541115
52331,52332,2-s2.0-85108525007
52333,52334,2-s2.0-85108515745
52336,52337,2-s2.0-85108386843
52339,52340,2-s2.0-85108297174
52341,52342,2-s2.0-85108280000
52342,52343,2-s2.0-85108256249
52343,52344,2-s2.0-85108227629
52345,52346,2-s2.0-85108171750
52349,52350,2-s2.0-85108066452
52350,52351,2-s2.0-85108019333
52352,52353,2-s2.0-85107953565
52353,52354,2-s2.0-85107919120
52354,52355,2-s2.0-85107896923
52355,52356,2-s2.0-85107874764
52356,52357,2-s2.0-85107844724
52357,52358,2-s2.0-85107764556
52358,52359,2-s2.0-85107709035
52359,52360,2-s2.0-85107704066
52363,52364,2-s2.0-85107533815
52364,52365,2-s2.0-85107513973
52369,52370,2-s2.0-85107473758
52370,52371,2-s2.0-85107446887
52373,52374,2-s2.0-85107361738
52374,52375,2-s2.0-85107351410
52376,52377,2-s2.0-85107332456
52377,52378,2-s2.0-85107326605
52380,52381,2-s2.0-85107116656
52385,52386,2-s2.0-85107010673
52386,52387,2-s2.0-85106960838
52387,52388,2-s2.0-85106943389
52389,52390,2-s2.0-85106923766
52390,52391,2-s2.0-85106863535
52391,52392,2-s2.0-85106860804
52392,52393,2-s2.0-85106727332
52394,52395,2-s2.0-85106696096
52395,52396,2-s2.0-85106644471
52397,52398,2-s2.0-85106606686
52399,52400,2-s2.0-85106586172
52401,52402,2-s2.0-85106584742
52403,52404,2-s2.0-85106559243
52406,52407,2-s2.0-85106470586
52408,52409,2-s2.0-85106428597
52409,52410,2-s2.0-85106412296
52410,52411,2-s2.0-85106393258
52411,52412,2-s2.0-85106337328
52414,52415,2-s2.0-85106241772
52417,52418,2-s2.0-85105974041
52418,52419,2-s2.0-85105953228
52419,52420,2-s2.0-85105950337
52420,52421,2-s2.0-85105950172
52422,52423,2-s2.0-85105938707
52424,52425,2-s2.0-85105932879
52427,52428,2-s2.0-85105916192
52431,52432,2-s2.0-85105874335
52433,52434,2-s2.0-85105871362
52435,52436,2-s2.0-85105862001
52439,52440,2-s2.0-85105817287
52443,52444,2-s2.0-85105645959
52445,52446,2-s2.0-85105557133
52448,52449,2-s2.0-85105500603
52449,52450,2-s2.0-85105477882
52452,52453,2-s2.0-85105384668
52453,52454,2-s2.0-85105369077
52454,52455,2-s2.0-85105337563
52458,52459,2-s2.0-85105263524
52459,52460,2-s2.0-85105239716
52460,52461,2-s2.0-85105169702
52462,52463,2-s2.0-85105119369
52463,52464,2-s2.0-85105071551
52464,52465,2-s2.0-85105042627
52467,52468,2-s2.0-85104842109
52476,52477,2-s2.0-85104497236
52477,52478,2-s2.0-85104492890
52479,52480,2-s2.0-85104484862
52481,52482,2-s2.0-85104453009
52483,52484,2-s2.0-85104415802
52484,52485,2-s2.0-85104401628
52486,52487,2-s2.0-85104382729
52488,52489,2-s2.0-85104333574
52489,52490,2-s2.0-85104302125
52490,52491,2-s2.0-85104299573
52491,52492,2-s2.0-85104271071
52493,52494,2-s2.0-85104178541
52494,52495,2-s2.0-85104136114
52495,52496,2-s2.0-85104088763
52496,52497,2-s2.0-85104087585
52500,52501,2-s2.0-85104036105
52501,52502,2-s2.0-85103990536
52503,52504,2-s2.0-85103946829
52505,52506,2-s2.0-85103938416
52506,52507,2-s2.0-85103937633
52507,52508,2-s2.0-85103931042
52508,52509,2-s2.0-85103913805
52510,52511,2-s2.0-85103902320
52513,52514,2-s2.0-85103874430
52514,52515,2-s2.0-85103854314
52515,52516,2-s2.0-85103845080
52517,52518,2-s2.0-85103722168
52521,52522,2-s2.0-85103650294
52523,52524,2-s2.0-85103636211
52525,52526,2-s2.0-85103543921
52527,52528,2-s2.0-85103520984
52529,52530,2-s2.0-85103512662
52531,52532,2-s2.0-85103507294
52532,52533,2-s2.0-85103498679
52533,52534,2-s2.0-85103485544
52534,52535,2-s2.0-85103484573
52536,52537,2-s2.0-85103468954
52540,52541,2-s2.0-85103440676
52544,52545,2-s2.0-85103340250
52545,52546,2-s2.0-85103334424
52547,52548,2-s2.0-85103281851
52548,52549,2-s2.0-85103277358
52551,52552,2-s2.0-85103236855
52552,52553,2-s2.0-85103235964
52554,52555,2-s2.0-85103161092
52555,52556,2-s2.0-85103135776
52557,52558,2-s2.0-85103090473
52559,52560,2-s2.0-85103042429
52564,52565,2-s2.0-85102898151
52565,52566,2-s2.0-85102866075
52567,52568,2-s2.0-85102831845
52569,52570,2-s2.0-85102716748
52570,52571,2-s2.0-85102707464
52571,52572,2-s2.0-85102704347
52575,52576,2-s2.0-85102508775
52578,52579,2-s2.0-85102412438
52580,52581,2-s2.0-85102315681
52582,52583,2-s2.0-85102260673
52583,52584,2-s2.0-85102242504
52585,52586,2-s2.0-85102183457
52587,52588,2-s2.0-85102172327
52591,52592,2-s2.0-85101906300
52592,52593,2-s2.0-85101793904
52597,52598,2-s2.0-85101740419
52598,52599,2-s2.0-85101661663
52599,52600,2-s2.0-85101610842
52602,52603,2-s2.0-85101564170
52604,52605,2-s2.0-85101533738
52606,52607,2-s2.0-85101531471
52607,52608,2-s2.0-85101504865
52608,52609,2-s2.0-85101503621
52609,52610,2-s2.0-85101497954
52612,52613,2-s2.0-85101304375
52613,52614,2-s2.0-85101243883
52615,52616,2-s2.0-85101226523
52616,52617,2-s2.0-85101135005
52617,52618,2-s2.0-85101132231
52622,52623,2-s2.0-85100961189
52626,52627,2-s2.0-85100702890
52627,52628,2-s2.0-85100686319
52629,52630,2-s2.0-85100592687
52630,52631,2-s2.0-85100585803
52632,52633,2-s2.0-85100534814
52635,52636,2-s2.0-85100525310
52645,52646,2-s2.0-85100195689
52647,52648,2-s2.0-85100166028
52648,52649,2-s2.0-85100137138
52649,52650,2-s2.0-85100054774
52651,52652,2-s2.0-85099967071
52652,52653,2-s2.0-85099911732
52658,52659,2-s2.0-85099815404
52662,52663,2-s2.0-85099601511
52664,52665,2-s2.0-85099486944
52665,52666,2-s2.0-85099486768
52666,52667,2-s2.0-85099425764
52673,52674,2-s2.0-85099231010
52683,52684,2-s2.0-85098962590
52684,52685,2-s2.0-85098853256
52687,52688,2-s2.0-85098794574
52690,52691,2-s2.0-85098760422
52694,52695,2-s2.0-85098254661
52697,52698,2-s2.0-85098048914
52698,52699,2-s2.0-85097938366
52701,52702,2-s2.0-85097791525
52703,52704,2-s2.0-85097479296
52705,52706,2-s2.0-85097406117
52708,52709,2-s2.0-85097210895
52716,52717,2-s2.0-85096914805
52717,52718,2-s2.0-85096751728
52719,52720,2-s2.0-85096535802
52720,52721,2-s2.0-85096507389
52721,52722,2-s2.0-85096488252
52722,52723,2-s2.0-85096479205
52726,52727,2-s2.0-85096096666
52728,52729,2-s2.0-85095761795
52731,52732,2-s2.0-85095427949
52732,52733,2-s2.0-85094879297
52736,52737,2-s2.0-85092788788
52738,52739,2-s2.0-85092773562
52739,52740,2-s2.0-85092710911
52744,52745,2-s2.0-85092338779
52748,52749,2-s2.0-85091990510
52749,52750,2-s2.0-85091938427
52750,52751,2-s2.0-85091930607
52752,52753,2-s2.0-85091828791
52756,52757,2-s2.0-85091536665
52757,52758,2-s2.0-85091533665
52760,52761,2-s2.0-85091507319
52766,52767,2-s2.0-85090407162
52768,52769,2-s2.0-85090249493
52769,52770,2-s2.0-85090217048
52774,52775,2-s2.0-85090094072
52776,52777,2-s2.0-85090057069
52777,52778,2-s2.0-85090050518
52778,52779,2-s2.0-85090046821
52781,52782,2-s2.0-85090026664
52785,52786,2-s2.0-85089868798
52786,52787,2-s2.0-85089865917
52787,52788,2-s2.0-85089728193
52788,52789,2-s2.0-85089722583
52789,52790,2-s2.0-85089721676
52793,52794,2-s2.0-85089461609
52794,52795,2-s2.0-85089452364
52795,52796,2-s2.0-85089393849
52798,52799,2-s2.0-85089095995
52799,52800,2-s2.0-85089093944
52802,52803,2-s2.0-85088749197
52806,52807,2-s2.0-85087518463
52808,52809,2-s2.0-85087445876
52809,52810,2-s2.0-85087374530
52810,52811,2-s2.0-85087352876
52812,52813,2-s2.0-85087349940
52813,52814,2-s2.0-85087184740
52816,52817,2-s2.0-85087039099
52817,52818,2-s2.0-85087032045
52819,52820,2-s2.0-85087003877
52820,52821,2-s2.0-85086929237
52823,52824,2-s2.0-85086036940
52827,52828,2-s2.0-85085278930
52829,52830,2-s2.0-85085040141
52830,52831,2-s2.0-85084978979
52833,52834,2-s2.0-85084699729
52834,52835,2-s2.0-85084452601
52840,52841,2-s2.0-85084316144
52841,52842,2-s2.0-85083969396
52842,52843,2-s2.0-85083655594
52843,52844,2-s2.0-85083636258
52844,52845,2-s2.0-85083548718
52847,52848,2-s2.0-85082672430
52848,52849,2-s2.0-85082560275
52849,52850,2-s2.0-85082518801
52850,52851,2-s2.0-85082196886
52854,52855,2-s2.0-85081734283
52856,52857,2-s2.0-85081723844
52857,52858,2-s2.0-85081715318
52862,52863,2-s2.0-85079222976
52863,52864,2-s2.0-85078844823
52868,52869,2-s2.0-85078434251
52869,52870,2-s2.0-85078405570
52875,52876,2-s2.0-85077036721
52877,52878,2-s2.0-85076917767
52879,52880,2-s2.0-85076426591
52884,52885,2-s2.0-85075469789
52887,52888,2-s2.0-85075086631
52888,52889,2-s2.0-85075048895
52889,52890,2-s2.0-85075031291
52892,52893,2-s2.0-85074571465
52894,52895,2-s2.0-85073980394
52895,52896,2-s2.0-85073973506
52899,52900,2-s2.0-85070878364
52901,52902,2-s2.0-85070442425
52905,52906,2-s2.0-85068210567
52907,52908,2-s2.0-85066064106
52908,52909,2-s2.0-85064646781
52909,52910,2-s2.0-85059061077
52911,52912,2-s2.0-85052126734
52912,52913,2-s2.0-85049150057
52917,52918,2-s2.0-105004467423
52920,52921,2-s2.0-105003808086
52921,52922,2-s2.0-105000622873
52924,52925,2-s2.0-85201216252
52931,52932,2-s2.0-85108546073
52932,52933,2-s2.0-85217997909
52935,52936,2-s2.0-85106780878
52937,52938,2-s2.0-85128988849
52939,52940,2-s2.0-85063468236
52941,52942,2-s2.0-85051110585
52942,52943,2-s2.0-85051104037
