corpus_position,source_row_abs,EID_o_identificador
11,11,2-s2.0-8644274687
26,26,2-s2.0-8644220516
32,32,2-s2.0-84893628559
46,46,2-s2.0-1842637776
48,48,2-s2.0-1642312610
52,52,2-s2.0-0034542419
66,66,2-s2.0-0033872249
78,78,2-s2.0-0005041723
81,81,2-s2.0-0037995948
101,101,2-s2.0-0034028906
111,111,2-s2.0-0041034794
128,128,2-s2.0-85010495355
169,169,2-s2.0-34247174510
183,183,2-s2.0-23044524645
184,184,2-s2.0-23044524589
188,188,2-s2.0-23044518829
200,200,2-s2.0-19544366573
207,207,2-s2.0-0242686205
222,222,2-s2.0-0038778883
224,224,2-s2.0-0038022475
231,231,2-s2.0-0034580888
234,234,2-s2.0-0034543311
247,247,2-s2.0-0034338990
249,249,2-s2.0-0034280406
250,250,2-s2.0-0034238455
268,268,2-s2.0-0033923496
274,274,2-s2.0-0033873957
276,276,2-s2.0-0033854629
280,280,2-s2.0-0033760654
297,297,2-s2.0-0011320397
307,307,2-s2.0-0035856945
322,322,2-s2.0-8744301797
328,328,2-s2.0-8744292840
352,352,2-s2.0-8744232373
353,353,2-s2.0-8744231770
368,368,2-s2.0-4944260811
371,371,2-s2.0-34249893927
375,375,2-s2.0-30844441866
396,396,2-s2.0-0035569964
404,404,2-s2.0-0035500139
409,409,2-s2.0-85171829373
437,437,2-s2.0-4043104065
439,439,2-s2.0-0041870769
457,457,2-s2.0-85096748981
473,473,2-s2.0-85009870897
505,505,2-s2.0-84882300382
518,518,2-s2.0-56149108211
536,536,2-s2.0-33746754727
542,542,2-s2.0-27844507401
547,547,2-s2.0-23844468180
550,550,2-s2.0-19644390279
559,559,2-s2.0-17644447688
561,561,2-s2.0-17544400786
567,567,2-s2.0-0345816874
638,638,2-s2.0-0035197932
641,641,2-s2.0-0035194095
665,665,2-s2.0-0012630197
685,685,2-s2.0-8744277888
692,692,2-s2.0-8744264051
698,698,2-s2.0-8744249133
706,706,2-s2.0-8744240234
745,745,2-s2.0-1842528060
755,755,2-s2.0-0037657661
760,760,2-s2.0-0036959410
782,782,2-s2.0-0036907670
798,798,2-s2.0-0037078661
803,803,2-s2.0-0036795923
806,806,2-s2.0-84872580315
828,828,2-s2.0-2142808706
842,842,2-s2.0-0036528164
845,845,2-s2.0-5644287669
869,869,2-s2.0-85065365895
882,882,2-s2.0-85007807945
890,890,2-s2.0-84964545685
907,907,2-s2.0-84945561601
910,910,2-s2.0-84931094077
928,928,2-s2.0-77952430743
930,930,2-s2.0-77951250571
939,939,2-s2.0-52649141094
957,957,2-s2.0-33845870563
966,966,2-s2.0-3042517635
983,983,2-s2.0-17244373066
1009,1009,2-s2.0-0036830817
1015,1015,2-s2.0-0036717420
1039,1039,2-s2.0-0036375341
1040,1040,2-s2.0-0036375306
1061,1061,2-s2.0-0036014602
1063,1063,2-s2.0-0036011956
1067,1067,2-s2.0-0035995594
1069,1069,2-s2.0-0035744497
1074,1074,2-s2.0-0037805705
1088,1088,2-s2.0-8744308966
1139,1139,2-s2.0-8744236019
1152,1152,2-s2.0-85164458650
1162,1162,2-s2.0-47349099545
1165,1165,2-s2.0-3843119950
1180,1180,2-s2.0-33644998360
1190,1190,2-s2.0-20844438498
1194,1194,2-s2.0-1842585954
1220,1220,2-s2.0-1542621320
1226,1226,2-s2.0-1542411983
1228,1228,2-s2.0-1542377643
1242,1242,2-s2.0-0344827255
1259,1259,2-s2.0-1642436940
1270,1270,2-s2.0-84905766175
1277,1277,2-s2.0-84982214600
1285,1285,2-s2.0-0242428872
1288,1288,2-s2.0-0141595314
1290,1290,2-s2.0-0042941729
1311,1311,2-s2.0-3042751918
1346,1346,2-s2.0-0037365905
1357,1357,2-s2.0-0037474094
1359,1359,2-s2.0-85183942962
1360,1360,2-s2.0-85159619155
1382,1382,2-s2.0-85138928907
1385,1385,2-s2.0-85138879943
1391,1391,2-s2.0-85064783325
1393,1393,2-s2.0-85064450000
1395,1395,2-s2.0-85057414299
1406,1406,2-s2.0-85011468723
1448,1448,2-s2.0-84941214021
1452,1452,2-s2.0-84917521265
1461,1461,2-s2.0-84871560756
1468,1468,2-s2.0-84867384209
1479,1479,2-s2.0-77954690419
1490,1490,2-s2.0-6344256880
1499,1499,2-s2.0-3843139463
1500,1500,2-s2.0-3843118839
1501,1501,2-s2.0-3843116642
1505,1505,2-s2.0-35248875306
1525,1525,2-s2.0-22944443721
1556,1556,2-s2.0-0346327100
1561,1561,2-s2.0-0242659829
1604,1604,2-s2.0-0038234888
1607,1607,2-s2.0-0037833480
1615,1615,2-s2.0-0037397255
1636,1636,2-s2.0-10044272953
1658,1658,2-s2.0-40849128491
1665,1665,2-s2.0-35048824870
1666,1666,2-s2.0-34249093249
1671,1671,2-s2.0-33749236991
1684,1684,2-s2.0-21644474987
1690,1690,2-s2.0-21644459976
1692,1692,2-s2.0-21644454413
1709,1709,2-s2.0-14344265725
1715,1715,2-s2.0-12744253461
1716,1716,2-s2.0-12344334345
1729,1729,2-s2.0-9644257111
1740,1740,2-s2.0-5544322134
1762,1762,2-s2.0-5444254567
1764,1764,2-s2.0-5444253361
1775,1775,2-s2.0-5444242665
1782,1782,2-s2.0-5444239269
1798,1798,2-s2.0-5444222712
1802,1802,2-s2.0-5444219584
1807,1807,2-s2.0-4644356505
1818,1818,2-s2.0-4444363091
1839,1839,2-s2.0-3943075808
1843,1843,2-s2.0-84905932792
1853,1853,2-s2.0-33644890222
1854,1854,2-s2.0-2542586184
1894,1894,2-s2.0-1842810292
1897,1897,2-s2.0-11144357400
1907,1907,2-s2.0-2442497493
1909,1909,2-s2.0-1842855300
1924,1924,2-s2.0-21244469079
1941,1941,2-s2.0-1442358607
1942,1942,2-s2.0-1442309787
1961,1961,2-s2.0-85138864263
1965,1965,2-s2.0-85088341427
1991,1991,2-s2.0-85009672968
2009,2009,2-s2.0-84884339471
2018,2018,2-s2.0-79957575427
2045,2045,2-s2.0-4344635328
2050,2050,2-s2.0-4143110183
2051,2051,2-s2.0-4043064352
2058,2058,2-s2.0-35048851596
2068,2068,2-s2.0-3342937545
2077,2077,2-s2.0-2942734971
2083,2083,2-s2.0-28744454046
2112,2112,2-s2.0-1642414978
2116,2116,2-s2.0-14944355103
2149,2149,2-s2.0-0742288693
2166,2166,2-s2.0-84892253360
2174,2174,2-s2.0-84885822321
2176,2176,2-s2.0-84885806317
2198,2198,2-s2.0-84867383194
2221,2221,2-s2.0-57849164400
2232,2232,2-s2.0-33947260077
2239,2239,2-s2.0-33947206620
2241,2241,2-s2.0-33947202711
2244,2244,2-s2.0-33846026727
2255,2255,2-s2.0-33751288587
2263,2263,2-s2.0-33745806178
2269,2269,2-s2.0-33645651232
2272,2272,2-s2.0-33645638943
2277,2277,2-s2.0-33644505546
2284,2284,2-s2.0-29544442161
2291,2291,2-s2.0-27644489110
2299,2299,2-s2.0-33644860866
2335,2335,2-s2.0-24944471226
2339,2339,2-s2.0-26244455739
2358,2358,2-s2.0-27544482504
2362,2362,2-s2.0-24344442797
2382,2382,2-s2.0-23944486352
2385,2385,2-s2.0-22544487833
2387,2387,2-s2.0-22544475361
2399,2399,2-s2.0-32144449044
2413,2413,2-s2.0-20444455111
2421,2421,2-s2.0-79960271381
2456,2456,2-s2.0-18444413198
2468,2468,2-s2.0-34548186607
2486,2486,2-s2.0-27944471060
2517,2517,2-s2.0-13444291683
2519,2519,2-s2.0-13444312221
2524,2524,2-s2.0-18344396772
2541,2541,2-s2.0-85165452644
2563,2563,2-s2.0-85065376744
2570,2570,2-s2.0-85025307635
2573,2573,2-s2.0-85024203914
2578,2578,2-s2.0-85023872960
2580,2580,2-s2.0-85023859719
2583,2583,2-s2.0-85011528728
2591,2591,2-s2.0-84988574173
2599,2599,2-s2.0-84958225976
2620,2620,2-s2.0-84928760815
2623,2623,2-s2.0-84927089148
2631,2631,2-s2.0-84908388493
2669,2669,2-s2.0-42749107239
2671,2671,2-s2.0-35048873292
2688,2688,2-s2.0-33746587856
2695,2695,2-s2.0-33645327659
2702,2702,2-s2.0-33344477881
2711,2711,2-s2.0-27844467665
2718,2718,2-s2.0-27144524443
2745,2745,2-s2.0-22544480825
2746,2746,2-s2.0-22544480555
2748,2748,2-s2.0-22544480036
2756,2756,2-s2.0-22544475331
2761,2761,2-s2.0-22544471856
2776,2776,2-s2.0-22544464164
2780,2780,2-s2.0-22544461058
2797,2797,2-s2.0-22544443066
2808,2808,2-s2.0-22344448277
2809,2809,2-s2.0-22244450576
2831,2831,2-s2.0-17144411139
2832,2832,2-s2.0-17144394817
2847,2847,2-s2.0-13944269902
2848,2848,2-s2.0-13944259024
2851,2851,2-s2.0-13544256548
2856,2856,2-s2.0-12344267598
2861,2861,2-s2.0-10844231904
2881,2881,2-s2.0-84884299426
2901,2901,2-s2.0-78649566758
2909,2909,2-s2.0-70450228454
2916,2916,2-s2.0-58249114965
2925,2925,2-s2.0-48749114449
2926,2926,2-s2.0-48749109505
2932,2932,2-s2.0-46949088658
2938,2938,2-s2.0-40749107740
2940,2940,2-s2.0-38349058403
2945,2945,2-s2.0-35948972900
2955,2955,2-s2.0-34547324207
2959,2959,2-s2.0-34248696871
2980,2980,2-s2.0-33845444410
2982,2982,2-s2.0-33845264132
2984,2984,2-s2.0-33751340561
2991,2991,2-s2.0-33847765023
2993,2993,2-s2.0-33751212456
2995,2995,2-s2.0-33751027418
2999,2999,2-s2.0-33750625117
3010,3010,2-s2.0-33750597202
3014,3014,2-s2.0-33750180064
3030,3030,2-s2.0-33749557230
3036,3036,2-s2.0-85069729236
3040,3040,2-s2.0-33947623678
3072,3072,2-s2.0-33751017980
3082,3082,2-s2.0-33644591417
3089,3089,2-s2.0-35148876407
3100,3100,2-s2.0-33750082402
3102,3102,2-s2.0-33748281957
3112,3112,2-s2.0-33745606215
3120,3120,2-s2.0-33747137996
3145,3145,2-s2.0-33745035451
3154,3154,2-s2.0-85167431068
3178,3178,2-s2.0-31144437060
3189,3189,2-s2.0-33646080575
3200,3200,2-s2.0-33645092898
3207,3207,2-s2.0-29244490117
3210,3210,2-s2.0-33751222595
3211,3211,2-s2.0-33751213118
3216,3216,2-s2.0-80052647984
3240,3240,2-s2.0-85141110260
3246,3246,2-s2.0-85117689761
3266,3266,2-s2.0-85029130264
3273,3273,2-s2.0-85029121445
3286,3286,2-s2.0-85029101336
3301,3301,2-s2.0-85029073590
3304,3304,2-s2.0-85029072327
3309,3309,2-s2.0-85029060772
3314,3314,2-s2.0-85029053768
3316,3316,2-s2.0-85029050099
3321,3321,2-s2.0-85029035108
3338,3338,2-s2.0-85023710388
3353,3353,2-s2.0-84990932157
3357,3357,2-s2.0-84990352330
3362,3362,2-s2.0-84967467100
3399,3399,2-s2.0-84923449274
3422,3422,2-s2.0-84892869011
3441,3441,2-s2.0-80053286674
3449,3449,2-s2.0-77049115493
3465,3465,2-s2.0-48749098592
3474,3474,2-s2.0-41149180079
3476,3476,2-s2.0-41149121079
3482,3482,2-s2.0-37749032655
3485,3485,2-s2.0-37149039740
3502,3502,2-s2.0-33846225138
3524,3524,2-s2.0-33750741172
3526,3526,2-s2.0-33750617367
3527,3527,2-s2.0-33750566916
3528,3528,2-s2.0-33750278674
3530,3530,2-s2.0-33750207629
3543,3543,2-s2.0-33748896252
3560,3560,2-s2.0-33745808339
3568,3568,2-s2.0-33646844598
3582,3582,2-s2.0-33645347318
3583,3583,2-s2.0-33645337109
3595,3595,2-s2.0-32644437738
3597,3597,2-s2.0-32044471565
3606,3606,2-s2.0-29944438491
3616,3616,2-s2.0-105011782916
3636,3636,2-s2.0-84892817459
3644,3644,2-s2.0-84892244272
3649,3649,2-s2.0-84890072028
3677,3677,2-s2.0-84867464133
3690,3690,2-s2.0-84859235608
3709,3709,2-s2.0-78649235886
3711,3711,2-s2.0-77955842430
3722,3722,2-s2.0-71449113754
3724,3724,2-s2.0-71449083617
3727,3727,2-s2.0-70350029288
3733,3733,2-s2.0-63049138111
3747,3747,2-s2.0-55949099058
3753,3753,2-s2.0-55249099345
3756,3756,2-s2.0-52949129642
3758,3758,2-s2.0-51549089027
3760,3760,2-s2.0-50449101589
3772,3772,2-s2.0-50049114149
3774,3774,2-s2.0-50049110345
3786,3786,2-s2.0-50049083333
3812,3812,2-s2.0-46449133511
3830,3830,2-s2.0-38349004712
3842,3842,2-s2.0-37449029666
3849,3849,2-s2.0-37349068640
3855,3855,2-s2.0-37349026294
3856,3856,2-s2.0-37349001787
3866,3866,2-s2.0-35349026031
3870,3870,2-s2.0-35348932794
3915,3915,2-s2.0-35148838431
3928,3928,2-s2.0-34447551741
3935,3935,2-s2.0-34548233246
3950,3950,2-s2.0-34548336775
3966,3966,2-s2.0-34547907450
3982,3982,2-s2.0-34548852840
3993,3993,2-s2.0-34447322609
3996,3996,2-s2.0-34347225539
4004,4004,2-s2.0-34547917188
4006,4006,2-s2.0-34547367341
4009,4009,2-s2.0-34547125315
4012,4012,2-s2.0-34447279899
4013,4013,2-s2.0-34347384400
4014,4014,2-s2.0-34250810323
4016,4016,2-s2.0-34250349540
4026,4026,2-s2.0-42149189045
4029,4029,2-s2.0-34548429172
4031,4031,2-s2.0-34548184937
4040,4040,2-s2.0-34248230217
4044,4044,2-s2.0-34247258570
4061,4061,2-s2.0-34249059721
4065,4065,2-s2.0-34147130778
4067,4067,2-s2.0-33947144716
4091,4091,2-s2.0-34247376304
4113,4113,2-s2.0-34248349154
4123,4123,2-s2.0-33947214616
4146,4146,2-s2.0-33845869549
4148,4148,2-s2.0-33845770296
4156,4156,2-s2.0-33751431551
4159,4159,2-s2.0-85186797770
4164,4164,2-s2.0-85140085349
4170,4170,2-s2.0-85087152771
4174,4174,2-s2.0-85068010894
4175,4175,2-s2.0-85067994749
4182,4182,2-s2.0-85055708578
4184,4184,2-s2.0-85045926418
4188,4188,2-s2.0-85029128556
4190,4190,2-s2.0-85029126094
4201,4201,2-s2.0-85029103889
4202,4202,2-s2.0-85029103742
4250,4250,2-s2.0-85029053398
4256,4256,2-s2.0-85029048428
4262,4262,2-s2.0-85029041521
4275,4275,2-s2.0-85029024041
4277,4277,2-s2.0-85029022538
4282,4282,2-s2.0-85023676189
4284,4284,2-s2.0-85011485355
4285,4285,2-s2.0-85011480576
4288,4288,2-s2.0-85011320302
4297,4297,2-s2.0-84969269055
4307,4307,2-s2.0-84967520910
4315,4315,2-s2.0-84958054015
4333,4333,2-s2.0-84926313924
4334,4334,2-s2.0-84926175767
4352,4352,2-s2.0-84896920036
4357,4357,2-s2.0-84892533531
4368,4368,2-s2.0-84861039403
4378,4378,2-s2.0-79957946174
4394,4394,2-s2.0-70350713479
4404,4404,2-s2.0-57849134000
4406,4406,2-s2.0-51849147153
4416,4416,2-s2.0-40949145758
4418,4418,2-s2.0-39449138490
4421,4421,2-s2.0-38449101917
4429,4429,2-s2.0-37149040116
4432,4432,2-s2.0-36349032754
4460,4460,2-s2.0-34547476031
4483,4483,2-s2.0-34248576038
4487,4487,2-s2.0-34247637212
4491,4491,2-s2.0-34247550300
4492,4492,2-s2.0-34247242304
4498,4498,2-s2.0-33947725811
4505,4505,2-s2.0-33846690382
4507,4507,2-s2.0-33846583001
4527,4527,2-s2.0-57649102562
4547,4547,2-s2.0-85125802115
4548,4548,2-s2.0-85065190180
4558,4558,2-s2.0-84896819753
4579,4579,2-s2.0-84889956140
4588,4588,2-s2.0-84880401786
4595,4595,2-s2.0-84872111071
4600,4600,2-s2.0-84870347069
4611,4611,2-s2.0-84867355158
4612,4612,2-s2.0-84867342013
4614,4614,2-s2.0-84863792300
4616,4616,2-s2.0-84860863423
4635,4635,2-s2.0-79251502323
4657,4657,2-s2.0-77953336477
4664,4664,2-s2.0-77950496211
4669,4669,2-s2.0-77649281609
4674,4674,2-s2.0-75449093201
4684,4684,2-s2.0-70349084041
4691,4691,2-s2.0-67649220486
4694,4694,2-s2.0-67549083112
4700,4700,2-s2.0-64649100743
4711,4711,2-s2.0-62649093468
4756,4756,2-s2.0-55849099652
4837,4837,2-s2.0-52649085432
4843,4843,2-s2.0-48549088760
4882,4882,2-s2.0-52249121210
4884,4884,2-s2.0-52249110673
4887,4887,2-s2.0-51749123338
4897,4897,2-s2.0-50249113869
4904,4904,2-s2.0-48749130825
4906,4906,2-s2.0-48449099148
4908,4908,2-s2.0-48449095923
4917,4917,2-s2.0-50049089124
4923,4923,2-s2.0-49549088124
4925,4925,2-s2.0-56549102325
4962,4962,2-s2.0-77953795682
4970,4970,2-s2.0-47649105222
4973,4973,2-s2.0-45949094327
4974,4974,2-s2.0-44949146357
4975,4975,2-s2.0-44449092090
4979,4979,2-s2.0-43849101647
5023,5023,2-s2.0-44949147229
5032,5032,2-s2.0-78049430040
5046,5046,2-s2.0-41649109207
5076,5076,2-s2.0-42749083918
5091,5091,2-s2.0-40749152720
5093,5093,2-s2.0-40649103475
5095,5095,2-s2.0-39049119672
5108,5108,2-s2.0-39749190008
5118,5118,2-s2.0-39449114609
5133,5133,2-s2.0-38049150366
5136,5136,2-s2.0-37349054240
5175,5175,2-s2.0-85029129527
5217,5217,2-s2.0-85029084257
5225,5225,2-s2.0-85029079457
5234,5234,2-s2.0-85029070897
5238,5238,2-s2.0-85029067108
5249,5249,2-s2.0-85029056322
5291,5291,2-s2.0-85013621514
5295,5295,2-s2.0-85011457718
5328,5328,2-s2.0-84901601527
5338,5338,2-s2.0-84896290754
5339,5339,2-s2.0-84896286903
5342,5342,2-s2.0-84896075985
5352,5352,2-s2.0-84867437633
5361,5361,2-s2.0-84857743028
5374,5374,2-s2.0-78650775003
5377,5377,2-s2.0-78049448384
5385,5385,2-s2.0-77950898925
5411,5411,2-s2.0-63749093517
5419,5419,2-s2.0-60950010887
5423,5423,2-s2.0-60249099082
5438,5438,2-s2.0-56749174442
5451,5451,2-s2.0-54049147733
5453,5453,2-s2.0-54049113813
5457,5457,2-s2.0-52249110394
5466,5466,2-s2.0-49749144848
5477,5477,2-s2.0-47849115586
5491,5491,2-s2.0-43849107278
5492,5492,2-s2.0-43849105093
5497,5497,2-s2.0-43449114203
5515,5515,2-s2.0-39749145052
5522,5522,2-s2.0-38549085146
5529,5529,2-s2.0-36849028256
5557,5557,2-s2.0-71549132531
5569,5569,2-s2.0-84895283777
5579,5579,2-s2.0-84892313047
5588,5588,2-s2.0-84891380804
5620,5620,2-s2.0-84867278806
5629,5629,2-s2.0-84857721356
5630,5630,2-s2.0-84857093657
5632,5632,2-s2.0-84855928296
5639,5639,2-s2.0-78751619216
5641,5641,2-s2.0-78650591333
5643,5643,2-s2.0-78649833461
5683,5683,2-s2.0-77952683412
5685,5685,2-s2.0-77952124526
5698,5698,2-s2.0-77951478886
5707,5707,2-s2.0-77951442979
5712,5712,2-s2.0-77951432417
5713,5713,2-s2.0-77951431703
5717,5717,2-s2.0-77950998764
5736,5736,2-s2.0-77349096421
5742,5742,2-s2.0-76549106096
5754,5754,2-s2.0-74349131172
5755,5755,2-s2.0-74349107272
5760,5760,2-s2.0-72449136818
5790,5790,2-s2.0-70449589655
5794,5794,2-s2.0-70449106386
5799,5799,2-s2.0-70350594389
5829,5829,2-s2.0-70350724391
5840,5840,2-s2.0-70350151273
5842,5842,2-s2.0-70349989519
5848,5848,2-s2.0-70349636292
5852,5852,2-s2.0-84862833179
5876,5876,2-s2.0-70349443353
5883,5883,2-s2.0-69949155174
5898,5898,2-s2.0-69349096698
5899,5899,2-s2.0-69349095249
5900,5900,2-s2.0-69249239119
5904,5904,2-s2.0-79952062874
5907,5907,2-s2.0-77950958052
5920,5920,2-s2.0-70350736586
5923,5923,2-s2.0-70350274339
5927,5927,2-s2.0-70349630182
5953,5953,2-s2.0-69049108996
5961,5961,2-s2.0-84909219836
5965,5965,2-s2.0-68149122391
5977,5977,2-s2.0-69249105661
5981,5981,2-s2.0-67349168107
5982,5982,2-s2.0-64449088220
5989,5989,2-s2.0-67651071285
5991,5991,2-s2.0-67650706833
5997,5997,2-s2.0-67650536158
6003,6003,2-s2.0-67649989930
6005,6005,2-s2.0-67649407710
6010,6010,2-s2.0-77649109312
6018,6018,2-s2.0-69249162256
6020,6020,2-s2.0-68849100070
6022,6022,2-s2.0-67650485729
6045,6045,2-s2.0-67649273858
6046,6046,2-s2.0-67649273853
6057,6057,2-s2.0-67649252639
6063,6063,2-s2.0-67149088591
6093,6093,2-s2.0-67649352209
6112,6112,2-s2.0-65649106924
6127,6127,2-s2.0-65149100543
6131,6131,2-s2.0-84863164693
6135,6135,2-s2.0-70449560902
6160,6160,2-s2.0-60249096647
6180,6180,2-s2.0-77749330803
6189,6189,2-s2.0-69349087395
6195,6195,2-s2.0-64349113383
6210,6210,2-s2.0-84863284447
6211,6211,2-s2.0-84855691125
6229,6229,2-s2.0-84871675450
6231,6231,2-s2.0-79956074243
6237,6237,2-s2.0-67651229102
6268,6268,2-s2.0-70349932814
6271,6271,2-s2.0-68149136584
6280,6280,2-s2.0-77649298220
6282,6282,2-s2.0-70649110071
6288,6288,2-s2.0-61449254651
6328,6328,2-s2.0-85142790674
6333,6333,2-s2.0-85115646415
6344,6344,2-s2.0-85067964505
6363,6363,2-s2.0-85029116680
6381,6381,2-s2.0-85029092731
6388,6388,2-s2.0-85029085079
6397,6397,2-s2.0-85029077218
6410,6410,2-s2.0-85029060867
6419,6419,2-s2.0-85029045232
6427,6427,2-s2.0-85029037414
6446,6446,2-s2.0-85006461766
6452,6452,2-s2.0-84951172040
6473,6473,2-s2.0-84928410951
6474,6474,2-s2.0-84926110478
6475,6475,2-s2.0-84925622840
6503,6503,2-s2.0-84888128399
6521,6521,2-s2.0-84858962371
6532,6532,2-s2.0-79960771872
6548,6548,2-s2.0-78650686126
6555,6555,2-s2.0-77955933041
6558,6558,2-s2.0-77954541004
6568,6568,2-s2.0-77951542455
6606,6606,2-s2.0-70449336790
6617,6617,2-s2.0-70349504678
6629,6629,2-s2.0-69449092494
6634,6634,2-s2.0-69349088416
6636,6636,2-s2.0-69349084593
6642,6642,2-s2.0-68349145997
6646,6646,2-s2.0-68249150751
6647,6647,2-s2.0-68149126531
6674,6674,2-s2.0-63449114792
6677,6677,2-s2.0-61849145739
6683,6683,2-s2.0-61449214093
6691,6691,2-s2.0-60849100249
6707,6707,2-s2.0-58649109367
6713,6713,2-s2.0-58149394665
6721,6721,2-s2.0-57849087241
6733,6733,2-s2.0-78650525400
6740,6740,2-s2.0-78649884874
6745,6745,2-s2.0-78649846993
6750,6750,2-s2.0-78649808712
6755,6755,2-s2.0-78649499639
6759,6759,2-s2.0-84900654411
6762,6762,2-s2.0-84898672241
6766,6766,2-s2.0-84898228866
6771,6771,2-s2.0-84892899999
6774,6774,2-s2.0-84892361017
6783,6783,2-s2.0-84892241029
6801,6801,2-s2.0-84884465450
6802,6802,2-s2.0-84884452668
6813,6813,2-s2.0-84880542161
6826,6826,2-s2.0-84871567847
6852,6852,2-s2.0-84859404416
6857,6857,2-s2.0-84857681345
6862,6862,2-s2.0-84857659959
6904,6904,2-s2.0-79959432857
6908,6908,2-s2.0-79959407882
6918,6918,2-s2.0-79958696648
6923,6923,2-s2.0-79957530412
6928,6928,2-s2.0-79955519624
6934,6934,2-s2.0-79952952823
6952,6952,2-s2.0-79951940941
6960,6960,2-s2.0-79951914202
6967,6967,2-s2.0-79951869318
6981,6981,2-s2.0-78751558375
6986,6986,2-s2.0-78751528228
6990,6990,2-s2.0-78751503928
7000,7000,2-s2.0-78650705236
7008,7008,2-s2.0-78650392881
7016,7016,2-s2.0-78649489744
7044,7044,2-s2.0-77951643023
7049,7049,2-s2.0-78649243641
7050,7050,2-s2.0-78649242690
7063,7063,2-s2.0-78049531152
7075,7075,2-s2.0-77958597144
7078,7078,2-s2.0-77958587300
7079,7079,2-s2.0-77958586215
7080,7080,2-s2.0-77958580260
7082,7082,2-s2.0-77958570905
7124,7124,2-s2.0-77958500814
7126,7126,2-s2.0-77958470993
7128,7128,2-s2.0-78649656566
7146,7146,2-s2.0-77957717101
7154,7154,2-s2.0-77957710775
7157,7157,2-s2.0-77957707353
7167,7167,2-s2.0-77957698367
7175,7175,2-s2.0-77957690713
7177,7177,2-s2.0-77957747287
7184,7184,2-s2.0-77957141621
7196,7196,2-s2.0-78649490419
7197,7197,2-s2.0-78649482881
7202,7202,2-s2.0-77958003679
7204,7204,2-s2.0-77957238655
7205,7205,2-s2.0-77957131529
7209,7209,2-s2.0-77956799917
7215,7215,2-s2.0-77956995101
7226,7226,2-s2.0-77956520630
7238,7238,2-s2.0-77956277253
7271,7271,2-s2.0-77956395986
7274,7274,2-s2.0-77956041484
7275,7275,2-s2.0-77956030131
7276,7276,2-s2.0-77956027848
7310,7310,2-s2.0-79960659287
7316,7316,2-s2.0-79960207633
7338,7338,2-s2.0-77954948111
7339,7339,2-s2.0-77954946986
7355,7355,2-s2.0-77954682859
7361,7361,2-s2.0-77954775711
7366,7366,2-s2.0-77954445139
7373,7373,2-s2.0-77954231024
7382,7382,2-s2.0-79957912398
7402,7402,2-s2.0-77953965552
7404,7404,2-s2.0-77953546380
7419,7419,2-s2.0-77957018937
7429,7429,2-s2.0-80054029571
7441,7441,2-s2.0-77954054737
7458,7458,2-s2.0-77951667556
7462,7462,2-s2.0-77957888863
7479,7479,2-s2.0-77951630139
7481,7481,2-s2.0-80755177232
7486,7486,2-s2.0-77953985052
7488,7488,2-s2.0-77953912159
7491,7491,2-s2.0-77952428126
7506,7506,2-s2.0-77649338616
7509,7509,2-s2.0-81255154931
7534,7534,2-s2.0-79960236601
7538,7538,2-s2.0-79960214727
7543,7543,2-s2.0-77957724045
7548,7548,2-s2.0-77952058885
7554,7554,2-s2.0-77949531997
7557,7557,2-s2.0-75949092756
7559,7559,2-s2.0-75749141243
7560,7560,2-s2.0-77949666659
7582,7582,2-s2.0-77955150209
7609,7609,2-s2.0-77649277957
7619,7619,2-s2.0-76449110647
7620,7620,2-s2.0-76449103980
7637,7637,2-s2.0-77950929536
7674,7674,2-s2.0-85145540081
7676,7676,2-s2.0-85143102770
7677,7677,2-s2.0-85143090445
7701,7701,2-s2.0-85068144753
7706,7706,2-s2.0-85055388355
7714,7714,2-s2.0-85032887301
7734,7734,2-s2.0-85029118068
7736,7736,2-s2.0-85029117344
7776,7776,2-s2.0-85029084351
7785,7785,2-s2.0-85029079432
7786,7786,2-s2.0-85029079275
7801,7801,2-s2.0-85029067525
7807,7807,2-s2.0-85029064236
7808,7808,2-s2.0-85029063116
7835,7835,2-s2.0-85029043189
7858,7858,2-s2.0-85029022807
7876,7876,2-s2.0-84993682611
7877,7877,2-s2.0-84978286734
7887,7887,2-s2.0-84938718811
7896,7896,2-s2.0-84938702039
7914,7914,2-s2.0-84906343633
7950,7950,2-s2.0-84867450238
7951,7951,2-s2.0-84867018275
7971,7971,2-s2.0-79960777876
7980,7980,2-s2.0-79956080154
7984,7984,2-s2.0-79955885284
7985,7985,2-s2.0-79953053271
7987,7987,2-s2.0-79952957858
8028,8028,2-s2.0-78651226373
8031,8031,2-s2.0-78649931477
8034,8034,2-s2.0-78649599204
8038,8038,2-s2.0-78649501069
8050,8050,2-s2.0-77958568575
8087,8087,2-s2.0-77955356623
8123,8123,2-s2.0-77953041571
8140,8140,2-s2.0-77952293300
8162,8162,2-s2.0-77950872928
8170,8170,2-s2.0-76449110409
8187,8187,2-s2.0-70349451229
8190,8190,2-s2.0-105011438992
8201,8201,2-s2.0-84055178081
8202,8202,2-s2.0-83755178458
8206,8206,2-s2.0-83655203109
8212,8212,2-s2.0-83055169283
8227,8227,2-s2.0-82455210305
8263,8263,2-s2.0-84893000422
8270,8270,2-s2.0-84892314410
8273,8273,2-s2.0-84892242408
8274,8274,2-s2.0-84892209018
8277,8277,2-s2.0-84892008185
8279,8279,2-s2.0-84883559056
8293,8293,2-s2.0-84873651360
8294,8294,2-s2.0-84873633431
8300,8300,2-s2.0-84870348566
8302,8302,2-s2.0-84867477442
8324,8324,2-s2.0-84864677928
8329,8329,2-s2.0-84864221190
8337,8337,2-s2.0-84864056487
8340,8340,2-s2.0-84863675685
8373,8373,2-s2.0-84859264283
8378,8378,2-s2.0-84858952945
8384,8384,2-s2.0-84858780144
8385,8385,2-s2.0-84858779304
8386,8386,2-s2.0-84858778404
8393,8393,2-s2.0-84858771529
8395,8395,2-s2.0-84858769737
8398,8398,2-s2.0-84858766521
8408,8408,2-s2.0-84858755737
8417,8417,2-s2.0-84858269551
8418,8418,2-s2.0-84858260817
8419,8419,2-s2.0-84858260649
8426,8426,2-s2.0-84858228420
8436,8436,2-s2.0-84858163000
8440,8440,2-s2.0-84857552658
8509,8509,2-s2.0-81855174519
8512,8512,2-s2.0-81355163277
8519,8519,2-s2.0-81055155680
8523,8523,2-s2.0-105003522103
8533,8533,2-s2.0-84856764811
8536,8536,2-s2.0-84855250826
8548,8548,2-s2.0-80055016467
8556,8556,2-s2.0-80053326638
8559,8559,2-s2.0-80053130031
8594,8594,2-s2.0-84867466046
8604,8604,2-s2.0-82555190984
8621,8621,2-s2.0-80052998811
8622,8622,2-s2.0-80052964005
8626,8626,2-s2.0-80052312899
8627,8627,2-s2.0-80052266613
8661,8661,2-s2.0-80052494445
8665,8665,2-s2.0-80052385133
8686,8686,2-s2.0-80052139512
8694,8694,2-s2.0-84856133136
8730,8730,2-s2.0-80052110514
8738,8738,2-s2.0-80051470933
8742,8742,2-s2.0-79961030159
8757,8757,2-s2.0-80051760415
8758,8758,2-s2.0-80052047641
8767,8767,2-s2.0-79961041728
8776,8776,2-s2.0-84867453001
8792,8792,2-s2.0-79961011967
8802,8802,2-s2.0-79959734485
8807,8807,2-s2.0-79960591792
8819,8819,2-s2.0-79960412411
8823,8823,2-s2.0-79960317966
8826,8826,2-s2.0-79960290420
8843,8843,2-s2.0-79960078231
8870,8870,2-s2.0-79960906826
8872,8872,2-s2.0-79960587896
8874,8874,2-s2.0-79960415094
8886,8886,2-s2.0-79959495168
8890,8890,2-s2.0-79958856104
8901,8901,2-s2.0-79959503892
8913,8913,2-s2.0-79959212571
8926,8926,2-s2.0-84860874749
8931,8931,2-s2.0-80755155984
8937,8937,2-s2.0-80052099350
8940,8940,2-s2.0-80051995512
8949,8949,2-s2.0-79960809317
8965,8965,2-s2.0-79956097822
8975,8975,2-s2.0-79954701321
8998,8998,2-s2.0-84859337497
9009,9009,2-s2.0-79959189190
9012,9012,2-s2.0-79958174037
9016,9016,2-s2.0-79957447566
9018,9018,2-s2.0-79956119781
9024,9024,2-s2.0-79955106252
9049,9049,2-s2.0-79954435885
9055,9055,2-s2.0-84885726809
9064,9064,2-s2.0-79956098767
9070,9070,2-s2.0-79953858194
9087,9087,2-s2.0-79952627629
9104,9104,2-s2.0-79953166062
9105,9105,2-s2.0-79952850451
9110,9110,2-s2.0-84895414027
9116,9116,2-s2.0-80053078960
9121,9121,2-s2.0-79959299919
9123,9123,2-s2.0-79959288204
9130,9130,2-s2.0-79953043611
9131,9131,2-s2.0-79952977388
9136,9136,2-s2.0-79952518795
9139,9139,2-s2.0-79952293208
9157,9157,2-s2.0-79551636544
9162,9162,2-s2.0-79952749173
9168,9168,2-s2.0-79251622720
9197,9197,2-s2.0-78649837972
9217,9217,2-s2.0-85115650492
9222,9222,2-s2.0-85101646269
9240,9240,2-s2.0-85067099211
9245,9245,2-s2.0-85055927574
9252,9252,2-s2.0-85038207499
9276,9276,2-s2.0-85029117978
9281,9281,2-s2.0-85029115981
9290,9290,2-s2.0-85029110711
9291,9291,2-s2.0-85029109350
9318,9318,2-s2.0-85029088660
9339,9339,2-s2.0-85029077346
9342,9342,2-s2.0-85029071940
9346,9346,2-s2.0-85029070110
9348,9348,2-s2.0-85029069275
9353,9353,2-s2.0-85029064287
9361,9361,2-s2.0-85029054890
9372,9372,2-s2.0-85029049080
9382,9382,2-s2.0-85029038432
9393,9393,2-s2.0-85029031618
9395,9395,2-s2.0-85029030926
9398,9398,2-s2.0-85029028984
9402,9402,2-s2.0-85029028018
9418,9418,2-s2.0-85019784218
9426,9426,2-s2.0-85011385241
9433,9433,2-s2.0-85011340737
9451,9451,2-s2.0-84947199390
9474,9474,2-s2.0-84930857317
9494,9494,2-s2.0-84917719458
9531,9531,2-s2.0-84879792449
9535,9535,2-s2.0-84874101228
9544,9544,2-s2.0-84869156636
9549,9549,2-s2.0-84864802028
9557,9557,2-s2.0-84858843985
9570,9570,2-s2.0-84856532450
9581,9581,2-s2.0-84855811342
9589,9589,2-s2.0-82955189787
9593,9593,2-s2.0-81355164440
9601,9601,2-s2.0-80053990429
9606,9606,2-s2.0-80053940627
9632,9632,2-s2.0-79960937043
9679,9679,2-s2.0-78751682184
9687,9687,2-s2.0-78651098437
9695,9695,2-s2.0-78650297356
9696,9696,2-s2.0-78650295313
9707,9707,2-s2.0-77958003632
9710,9710,2-s2.0-105013326058
9717,9717,2-s2.0-105002517187
9755,9755,2-s2.0-84905299316
9777,9777,2-s2.0-84892136705
9785,9785,2-s2.0-84886571575
9794,9794,2-s2.0-84883536878
9796,9796,2-s2.0-84883504753
9805,9805,2-s2.0-84879893202
9812,9812,2-s2.0-84878458371
9820,9820,2-s2.0-84876887593
9833,9833,2-s2.0-84875416521
9838,9838,2-s2.0-84874728074
9860,9860,2-s2.0-84874082819
9871,9871,2-s2.0-84873242772
9875,9875,2-s2.0-84873169407
9895,9895,2-s2.0-84872464924
9912,9912,2-s2.0-84871965822
9914,9914,2-s2.0-84871833995
9920,9920,2-s2.0-84871064240
9934,9934,2-s2.0-84869127000
9939,9939,2-s2.0-84869050443
9950,9950,2-s2.0-84864504818
9953,9953,2-s2.0-84869779208
9977,9977,2-s2.0-84868617614
9988,9988,2-s2.0-84930978281
9997,9997,2-s2.0-84870774002
10003,10003,2-s2.0-84869425982
10004,10004,2-s2.0-84869163001
10022,10022,2-s2.0-84865224510
10041,10041,2-s2.0-84867076777
10057,10057,2-s2.0-84873575692
10061,10061,2-s2.0-84868026547
10067,10067,2-s2.0-84867232575
10086,10086,2-s2.0-84866068466
10114,10114,2-s2.0-84866856759
10127,10127,2-s2.0-84865989568
10131,10131,2-s2.0-84865795891
10134,10134,2-s2.0-84865730826
10141,10141,2-s2.0-84865415076
10148,10148,2-s2.0-84864807838
10152,10152,2-s2.0-84864554627
10183,10183,2-s2.0-84864614770
10212,10212,2-s2.0-84897441438
10221,10221,2-s2.0-84884533405
10237,10237,2-s2.0-84865430415
10257,10257,2-s2.0-84864346043
10258,10258,2-s2.0-84864146502
10266,10266,2-s2.0-84864749463
10268,10268,2-s2.0-84864056593
10273,10273,2-s2.0-84863665113
10276,10276,2-s2.0-84863653131
10280,10280,2-s2.0-84862999210
10288,10288,2-s2.0-85045657082
10296,10296,2-s2.0-84869195703
10308,10308,2-s2.0-84864434992
10313,10313,2-s2.0-84863598932
10334,10334,2-s2.0-84861874358
10344,10344,2-s2.0-84860631159
10379,10379,2-s2.0-84862634958
10381,10381,2-s2.0-84862597565
10382,10382,2-s2.0-84862572205
10384,10384,2-s2.0-84862564485
10392,10392,2-s2.0-84861729892
10402,10402,2-s2.0-84860887304
10411,10411,2-s2.0-84858429102
10454,10454,2-s2.0-84861493485
10468,10468,2-s2.0-84859270097
10497,10497,2-s2.0-84859585006
10508,10508,2-s2.0-84892671699
10525,10525,2-s2.0-84859397882
10527,10527,2-s2.0-84859200156
10539,10539,2-s2.0-84858148959
10542,10542,2-s2.0-84858965593
10544,10544,2-s2.0-84858964788
10556,10556,2-s2.0-84988267118
10562,10562,2-s2.0-84874292940
10568,10568,2-s2.0-84860990841
10569,10569,2-s2.0-84859737000
10594,10594,2-s2.0-84858036069
10599,10599,2-s2.0-84857446586
10610,10610,2-s2.0-84855460313
10635,10635,2-s2.0-84905855444
10648,10648,2-s2.0-84858328446
10656,10656,2-s2.0-84857013637
10669,10669,2-s2.0-84855682040
10683,10683,2-s2.0-84856054946
10707,10707,2-s2.0-85123140514
10709,10709,2-s2.0-85122399628
10714,10714,2-s2.0-85122340346
10731,10731,2-s2.0-85076176616
10743,10743,2-s2.0-85071077734
10749,10749,2-s2.0-85070593382
10766,10766,2-s2.0-85032942401
10770,10770,2-s2.0-85031048088
10775,10775,2-s2.0-85029131608
10805,10805,2-s2.0-85029110192
10809,10809,2-s2.0-85029104066
10825,10825,2-s2.0-85029096261
10847,10847,2-s2.0-85029078091
10852,10852,2-s2.0-85029074773
10867,10867,2-s2.0-85029062934
10876,10876,2-s2.0-85029056560
10877,10877,2-s2.0-85029053641
10890,10890,2-s2.0-85029042502
10896,10896,2-s2.0-85029037266
10908,10908,2-s2.0-85029026447
10912,10912,2-s2.0-85029023804
10920,10920,2-s2.0-85027068260
10957,10957,2-s2.0-84955633205
10975,10975,2-s2.0-84941264989
10990,10990,2-s2.0-84939497211
10997,10997,2-s2.0-84934760443
11001,11001,2-s2.0-84929814934
11004,11004,2-s2.0-84928226715
11007,11007,2-s2.0-84925660159
11027,11027,2-s2.0-84910064429
11029,11029,2-s2.0-84906704210
11031,11031,2-s2.0-84906200557
11042,11042,2-s2.0-84898014661
11051,11051,2-s2.0-84896362312
11061,11061,2-s2.0-84891807086
11072,11072,2-s2.0-84887284506
11093,11093,2-s2.0-84875202596
11102,11102,2-s2.0-84872512220
11113,11113,2-s2.0-84871597916
11119,11119,2-s2.0-84871549820
11127,11127,2-s2.0-84870457604
11128,11128,2-s2.0-84870389670
11131,11131,2-s2.0-84869889620
11136,11136,2-s2.0-84869824795
11137,11137,2-s2.0-84869820893
11142,11142,2-s2.0-84869387433
11148,11148,2-s2.0-84867680301
11174,11174,2-s2.0-84865051951
11179,11179,2-s2.0-84864875891
11186,11186,2-s2.0-84864476605
11197,11197,2-s2.0-84863910959
11211,11211,2-s2.0-84863790134
11236,11236,2-s2.0-84861791127
11238,11238,2-s2.0-84861546854
11248,11248,2-s2.0-84860615431
11256,11256,2-s2.0-84859702263
11258,11258,2-s2.0-84859499527
11286,11286,2-s2.0-84856335149
11288,11288,2-s2.0-84856186296
11313,11313,2-s2.0-79953708446
11315,11315,2-s2.0-33749085678
11322,11322,2-s2.0-105012677308
11358,11358,2-s2.0-84890015739
11375,11375,2-s2.0-85164573828
11384,11384,2-s2.0-84898397011
11399,11399,2-s2.0-84894280191
11406,11406,2-s2.0-84894147295
11412,11412,2-s2.0-84893961908
11457,11457,2-s2.0-84892659289
11461,11461,2-s2.0-84892646311
11467,11467,2-s2.0-84892521111
11472,11472,2-s2.0-84892371637
11483,11483,2-s2.0-84890607411
11497,11497,2-s2.0-84889254888
11500,11500,2-s2.0-84888998190
11510,11510,2-s2.0-84888065405
11541,11541,2-s2.0-84887861212
11547,11547,2-s2.0-84887197779
11556,11556,2-s2.0-84931432595
11562,11562,2-s2.0-84929668865
11593,11593,2-s2.0-84885806077
11601,11601,2-s2.0-84885076312
11650,11650,2-s2.0-84884948250
11655,11655,2-s2.0-85179237537
11660,11660,2-s2.0-84893603984
11671,11671,2-s2.0-84885956561
11705,11705,2-s2.0-84880597355
11706,11706,2-s2.0-84880582295
11707,11707,2-s2.0-84880389154
11717,11717,2-s2.0-84884480178
11718,11718,2-s2.0-84884344748
11731,11731,2-s2.0-84884336814
11734,11734,2-s2.0-84884335475
11748,11748,2-s2.0-84884328746
11759,11759,2-s2.0-84884319996
11809,11809,2-s2.0-84884200089
11835,11835,2-s2.0-84883106122
11840,11840,2-s2.0-84929851875
11842,11842,2-s2.0-84896801437
11885,11885,2-s2.0-84880755568
11894,11894,2-s2.0-84944891527
11903,11903,2-s2.0-84883121112
11905,11905,2-s2.0-84881637187
11908,11908,2-s2.0-84881520557
11927,11927,2-s2.0-84880986696
11941,11941,2-s2.0-84880872696
11942,11942,2-s2.0-84880872408
11947,11947,2-s2.0-84930456908
11949,11949,2-s2.0-84930452753
11950,11950,2-s2.0-84930447222
11957,11957,2-s2.0-84893708723
11958,11958,2-s2.0-84893704815
11974,11974,2-s2.0-84884531162
11977,11977,2-s2.0-84884518499
11985,11985,2-s2.0-84880802438
11996,11996,2-s2.0-84880055588
12004,12004,2-s2.0-84876484696
12008,12008,2-s2.0-84880630265
12028,12028,2-s2.0-84879968404
12039,12039,2-s2.0-84880026496
12060,12060,2-s2.0-84929852603
12136,12136,2-s2.0-84877597762
12164,12164,2-s2.0-84946732672
12166,12166,2-s2.0-84946722500
12171,12171,2-s2.0-84878982940
12192,12192,2-s2.0-84904806237
12195,12195,2-s2.0-84891647831
12202,12202,2-s2.0-84884398533
12212,12212,2-s2.0-84878054555
12214,12214,2-s2.0-84877310298
12218,12218,2-s2.0-84877257081
12219,12219,2-s2.0-84877248899
12236,12236,2-s2.0-84875301864
12237,12237,2-s2.0-84875191667
12254,12254,2-s2.0-84876337331
12256,12256,2-s2.0-84876309706
12261,12261,2-s2.0-85118696645
12265,12265,2-s2.0-84876072752
12266,12266,2-s2.0-84876009878
12281,12281,2-s2.0-84877979243
12284,12284,2-s2.0-84877833518
12293,12293,2-s2.0-84876022902
12303,12303,2-s2.0-84875443627
12306,12306,2-s2.0-84875410559
12332,12332,2-s2.0-84874504960
12337,12337,2-s2.0-84963545523
12367,12367,2-s2.0-84875209972
12406,12406,2-s2.0-84873142659
12407,12407,2-s2.0-84872540119
12418,12418,2-s2.0-84873955876
12444,12444,2-s2.0-84873405885
12486,12486,2-s2.0-85165372180
12520,12520,2-s2.0-85102002973
12522,12522,2-s2.0-85101999312
12523,12523,2-s2.0-85101993593
12530,12530,2-s2.0-85101966749
12541,12541,2-s2.0-85085803796
12565,12565,2-s2.0-85069986956
12575,12575,2-s2.0-85067995626
12576,12576,2-s2.0-85067989985
12582,12582,2-s2.0-85067965106
12597,12597,2-s2.0-85065941974
12612,12612,2-s2.0-85048928598
12616,12616,2-s2.0-85043447490
12617,12617,2-s2.0-85043295230
12636,12636,2-s2.0-85028687023
12637,12637,2-s2.0-85028682267
12676,12676,2-s2.0-85006587927
12695,12695,2-s2.0-84964497908
12710,12710,2-s2.0-84955646469
12726,12726,2-s2.0-84945902908
12743,12743,2-s2.0-84936503495
12745,12745,2-s2.0-84930952394
12746,12746,2-s2.0-84930882303
12752,12752,2-s2.0-84929032521
12754,12754,2-s2.0-84928863162
12775,12775,2-s2.0-84923518454
12784,12784,2-s2.0-84923410597
12792,12792,2-s2.0-84922294171
12793,12793,2-s2.0-84920911464
12818,12818,2-s2.0-84909088630
12830,12830,2-s2.0-84906667592
12832,12832,2-s2.0-84906653786
12854,12854,2-s2.0-84904624122
12863,12863,2-s2.0-84903730403
12870,12870,2-s2.0-84903522400
12872,12872,2-s2.0-84903474761
12874,12874,2-s2.0-84903466163
12883,12883,2-s2.0-84902682738
12930,12930,2-s2.0-84898617887
12931,12931,2-s2.0-84898614233
12933,12933,2-s2.0-84898603285
12937,12937,2-s2.0-84897548655
12961,12961,2-s2.0-84896331327
12965,12965,2-s2.0-84895297164
12985,12985,2-s2.0-84893617805
12993,12993,2-s2.0-84893302895
13001,13001,2-s2.0-84890770956
13002,13002,2-s2.0-84890763209
13021,13021,2-s2.0-84890179583
13027,13027,2-s2.0-84888247199
13031,13031,2-s2.0-84888120655
13036,13036,2-s2.0-84887514083
13042,13042,2-s2.0-84886867646
13067,13067,2-s2.0-84884856940
13071,13071,2-s2.0-84884520780
13080,13080,2-s2.0-84884377179
13090,13090,2-s2.0-84883654318
13131,13131,2-s2.0-84880751218
13132,13132,2-s2.0-84880747203
13150,13150,2-s2.0-84880006170
13151,13151,2-s2.0-84880005237
13187,13187,2-s2.0-84878046736
13188,13188,2-s2.0-84878030235
13206,13206,2-s2.0-84875883045
13215,13215,2-s2.0-84875281005
13228,13228,2-s2.0-84874085562
13242,13242,2-s2.0-84873405146
13245,13245,2-s2.0-84872740601
13296,13296,2-s2.0-84957958533
13298,13298,2-s2.0-84957947850
13308,13308,2-s2.0-85014038636
13326,13326,2-s2.0-85039552251
13327,13327,2-s2.0-85028122984
13332,13332,2-s2.0-84995607458
13336,13336,2-s2.0-84957881328
13337,13337,2-s2.0-84957598619
13353,13353,2-s2.0-84920614070
13356,13356,2-s2.0-84920595883
13363,13363,2-s2.0-84919951749
13365,13365,2-s2.0-84919928816
13382,13382,2-s2.0-84913549237
13388,13388,2-s2.0-84908337996
13393,13393,2-s2.0-84946114581
13394,13394,2-s2.0-84946102882
13409,13409,2-s2.0-85107244909
13421,13421,2-s2.0-84911488546
13422,13422,2-s2.0-84911457080
13429,13429,2-s2.0-84914682280
13439,13439,2-s2.0-84929493405
13450,13450,2-s2.0-84925021120
13457,13457,2-s2.0-84919909428
13475,13475,2-s2.0-84908124332
13477,13477,2-s2.0-84912035516
13486,13486,2-s2.0-84911430872
13502,13502,2-s2.0-84921484045
13504,13504,2-s2.0-84908702387
13562,13562,2-s2.0-84908616310
13573,13573,2-s2.0-84985931006
13591,13591,2-s2.0-84949126626
13592,13592,2-s2.0-84944219998
13603,13603,2-s2.0-84920416554
13608,13608,2-s2.0-84907198878
13611,13611,2-s2.0-84906997358
13628,13628,2-s2.0-84926386642
13643,13643,2-s2.0-84907915334
13647,13647,2-s2.0-84907911424
13691,13691,2-s2.0-84957359791
13695,13695,2-s2.0-84953302510
13698,13698,2-s2.0-84953206866
13720,13720,2-s2.0-84925245308
13730,13730,2-s2.0-84987814931
13744,13744,2-s2.0-84899132312
13756,13756,2-s2.0-85120294060
13762,13762,2-s2.0-84931846930
13773,13773,2-s2.0-84895165163
13777,13777,2-s2.0-84945984974
13780,13780,2-s2.0-84929048649
13793,13793,2-s2.0-84906929037
13809,13809,2-s2.0-84949568236
13811,13811,2-s2.0-84930855704
13822,13822,2-s2.0-84898732678
13830,13830,2-s2.0-84894276323
13832,13832,2-s2.0-84894238938
13837,13837,2-s2.0-84887902006
13846,13846,2-s2.0-84946693009
13852,13852,2-s2.0-84897811670
13859,13859,2-s2.0-84895088253
13876,13876,2-s2.0-84897877400
13887,13887,2-s2.0-84895107385
13926,13926,2-s2.0-84893166513
13934,13934,2-s2.0-84894533649
13956,13956,2-s2.0-84888197880
13961,13961,2-s2.0-84945347242
13971,13971,2-s2.0-84922880063
13977,13977,2-s2.0-84892610798
13979,13979,2-s2.0-84946692448
13989,13989,2-s2.0-84889860473
13994,13994,2-s2.0-85171632714
13997,13997,2-s2.0-85145862664
14000,14000,2-s2.0-85144991391
14007,14007,2-s2.0-85139184204
14008,14008,2-s2.0-85131500819
14021,14021,2-s2.0-85127654142
14028,14028,2-s2.0-85127201332
14030,14030,2-s2.0-85121045743
14066,14066,2-s2.0-85071419613
14109,14109,2-s2.0-85027442714
14115,14115,2-s2.0-85021861332
14132,14132,2-s2.0-85012050553
14153,14153,2-s2.0-84991236920
14156,14156,2-s2.0-84987927741
14174,14174,2-s2.0-84963893874
14179,14179,2-s2.0-84962270344
14219,14219,2-s2.0-84954605872
14223,14223,2-s2.0-84954108867
14234,14234,2-s2.0-84948133096
14240,14240,2-s2.0-84946724445
14255,14255,2-s2.0-84940553044
14266,14266,2-s2.0-84940194393
14271,14271,2-s2.0-84939200510
14281,14281,2-s2.0-84938099742
14330,14330,2-s2.0-84924871935
14333,14333,2-s2.0-84924404834
14338,14338,2-s2.0-84923974364
14346,14346,2-s2.0-84923886798
14351,14351,2-s2.0-84923863346
14352,14352,2-s2.0-84923833450
14354,14354,2-s2.0-84923649628
14371,14371,2-s2.0-84922813728
14376,14376,2-s2.0-84922762655
14378,14378,2-s2.0-84922348322
14413,14413,2-s2.0-84919718394
14419,14419,2-s2.0-84918572824
14444,14444,2-s2.0-84912108855
14446,14446,2-s2.0-84912031142
14454,14454,2-s2.0-84910644045
14473,14473,2-s2.0-84908239411
14501,14501,2-s2.0-84907325386
14510,14510,2-s2.0-84907278575
14515,14515,2-s2.0-84907021010
14534,14534,2-s2.0-84906570402
14536,14536,2-s2.0-84906564207
14552,14552,2-s2.0-84906327586
14554,14554,2-s2.0-84906320589
14585,14585,2-s2.0-84905499342
14622,14622,2-s2.0-84905186351
14623,14623,2-s2.0-84905186348
14638,14638,2-s2.0-84905180164
14640,14640,2-s2.0-84905179411
14641,14641,2-s2.0-84905179258
14650,14650,2-s2.0-84905176274
14658,14658,2-s2.0-84905171363
14683,14683,2-s2.0-84905159191
14687,14687,2-s2.0-84905120755
14693,14693,2-s2.0-84905041157
14702,14702,2-s2.0-84904813911
14708,14708,2-s2.0-84904700496
14713,14713,2-s2.0-84904652576
14715,14715,2-s2.0-84904647268
14728,14728,2-s2.0-84904568195
14740,14740,2-s2.0-84904409323
14750,14750,2-s2.0-84904255287
14770,14770,2-s2.0-84903939053
14781,14781,2-s2.0-84903760617
14803,14803,2-s2.0-84903433876
14809,14809,2-s2.0-84903183689
14811,14811,2-s2.0-84903174167
14816,14816,2-s2.0-84902986373
14817,14817,2-s2.0-84902975208
14820,14820,2-s2.0-84902797472
14838,14838,2-s2.0-84902581567
14875,14875,2-s2.0-84902073951
14876,14876,2-s2.0-84901979203
14892,14892,2-s2.0-84901821383
14899,14899,2-s2.0-84901653110
14900,14900,2-s2.0-84901642741
14902,14902,2-s2.0-84901640677
14904,14904,2-s2.0-84901631407
14911,14911,2-s2.0-84901616043
14917,14917,2-s2.0-84901594082
14926,14926,2-s2.0-84901416571
14932,14932,2-s2.0-84901359742
14936,14936,2-s2.0-84901317760
14970,14970,2-s2.0-84899923924
14990,14990,2-s2.0-84899657687
14999,14999,2-s2.0-84899508228
15015,15015,2-s2.0-84898852114
15038,15038,2-s2.0-84898012514
15042,15042,2-s2.0-84898000909
15055,15055,2-s2.0-84897750922
15058,15058,2-s2.0-84897616699
15076,15076,2-s2.0-84897379930
15091,15091,2-s2.0-84896931175
15101,15101,2-s2.0-84896597785
15115,15115,2-s2.0-84896296494
15152,15152,2-s2.0-84893346425
15161,15161,2-s2.0-84892559144
15173,15173,2-s2.0-84892434382
15211,15211,2-s2.0-84887819035
15224,15224,2-s2.0-14844294716
15257,15257,2-s2.0-84960433897
15275,15275,2-s2.0-84960365713
15292,15292,2-s2.0-84937520912
15317,15317,2-s2.0-84958767639
15318,15318,2-s2.0-84958154917
15327,15327,2-s2.0-84955213171
15336,15336,2-s2.0-84953392585
15351,15351,2-s2.0-84953360291
15356,15356,2-s2.0-84949648987
15359,15359,2-s2.0-84949232429
15366,15366,2-s2.0-84948680846
15376,15376,2-s2.0-84946830325
15380,15380,2-s2.0-84944266248
15382,15382,2-s2.0-84942600324
15389,15389,2-s2.0-84947967965
15413,15413,2-s2.0-84964758622
15422,15422,2-s2.0-84960383040
15424,15424,2-s2.0-85064923098
15448,15448,2-s2.0-84947424767
15470,15470,2-s2.0-84943450649
15475,15475,2-s2.0-84941918941
15476,15476,2-s2.0-84950267282
15495,15495,2-s2.0-84982802733
15504,15504,2-s2.0-84959898077
15507,15507,2-s2.0-84959869704
15517,15517,2-s2.0-84973333502
15525,15525,2-s2.0-85029350311
15534,15534,2-s2.0-84949439701
15540,15540,2-s2.0-84944886641
15544,15544,2-s2.0-85052898856
15555,15555,2-s2.0-84947588871
15562,15562,2-s2.0-84945191974
15569,15569,2-s2.0-84943759893
15586,15586,2-s2.0-84940056824
15596,15596,2-s2.0-84962173280
15613,15613,2-s2.0-84941957665
15616,15616,2-s2.0-84938902878
15634,15634,2-s2.0-84945477017
15643,15643,2-s2.0-84944878792
15661,15661,2-s2.0-84943170113
15745,15745,2-s2.0-84946555071
15753,15753,2-s2.0-84941351009
15773,15773,2-s2.0-84941313252
15777,15777,2-s2.0-84941285862
15827,15827,2-s2.0-84949790011
15829,15829,2-s2.0-84942905124
15843,15843,2-s2.0-84941962271
15846,15846,2-s2.0-84941644292
15872,15872,2-s2.0-84938871939
15877,15877,2-s2.0-84937908638
15880,15880,2-s2.0-84936761609
15884,15884,2-s2.0-84932640946
15896,15896,2-s2.0-84938247637
15911,15911,2-s2.0-84939654057
15928,15928,2-s2.0-84942784410
15940,15940,2-s2.0-84942745941
15961,15961,2-s2.0-84942345947
15975,15975,2-s2.0-84928722706
15983,15983,2-s2.0-84891514321
15989,15989,2-s2.0-84929280217
15994,15994,2-s2.0-84929947248
16002,16002,2-s2.0-84955290568
16010,16010,2-s2.0-84930325976
16011,16011,2-s2.0-84930321698
16039,16039,2-s2.0-84929001004
16052,16052,2-s2.0-84946073538
16057,16057,2-s2.0-84946027723
16065,16065,2-s2.0-84951006010
16088,16088,2-s2.0-84941810883
16130,16130,2-s2.0-84939651150
16144,16144,2-s2.0-84928237642
16168,16168,2-s2.0-84913568848
16193,16193,2-s2.0-84928251752
16205,16205,2-s2.0-84928044869
16212,16212,2-s2.0-84924515928
16227,16227,2-s2.0-84939654934
16260,16260,2-s2.0-84924221312
16262,16262,2-s2.0-84923612329
16264,16264,2-s2.0-84923181166
16268,16268,2-s2.0-84922605212
16271,16271,2-s2.0-84922444611
16272,16272,2-s2.0-84922431781
16291,16291,2-s2.0-84942436496
16294,16294,2-s2.0-84942415333
16295,16295,2-s2.0-84936157029
16301,16301,2-s2.0-84938153612
16303,16303,2-s2.0-84938152643
16316,16316,2-s2.0-84938150586
16321,16321,2-s2.0-84938149438
16344,16344,2-s2.0-85073998801
16346,16346,2-s2.0-85000763572
16347,16347,2-s2.0-84990920572
16359,16359,2-s2.0-84921699712
16385,16385,2-s2.0-84921795858
16391,16391,2-s2.0-85030539966
16394,16394,2-s2.0-84920425877
16397,16397,2-s2.0-85211304191
16402,16402,2-s2.0-85151223023
16425,16425,2-s2.0-85130914147
16456,16456,2-s2.0-85088062253
16489,16489,2-s2.0-85063857679
16513,16513,2-s2.0-85043629871
16515,16515,2-s2.0-85040570103
16536,16536,2-s2.0-85032328360
16548,16548,2-s2.0-85026624847
16550,16550,2-s2.0-85022066677
16554,16554,2-s2.0-85018906179
16567,16567,2-s2.0-85018494877
16585,16585,2-s2.0-85011294466
16596,16596,2-s2.0-85006380744
16604,16604,2-s2.0-84996546711
16607,16607,2-s2.0-84993810442
16616,16616,2-s2.0-84991669603
16625,16625,2-s2.0-84989160292
16626,16626,2-s2.0-84988255619
16633,16633,2-s2.0-84983247122
16639,16639,2-s2.0-84982683656
16641,16641,2-s2.0-84981714792
16642,16642,2-s2.0-84981526527
16644,16644,2-s2.0-84977542275
16652,16652,2-s2.0-84977074000
16658,16658,2-s2.0-84973442711
16666,16666,2-s2.0-84970023330
16688,16688,2-s2.0-84968831723
16689,16689,2-s2.0-84968830648
16694,16694,2-s2.0-84968764287
16702,16702,2-s2.0-84967584900
16709,16709,2-s2.0-84964038755
16734,16734,2-s2.0-84960155657
16746,16746,2-s2.0-84958720593
16756,16756,2-s2.0-84957683901
16762,16762,2-s2.0-84957576101
16772,16772,2-s2.0-84956762237
16774,16774,2-s2.0-84956737179
16776,16776,2-s2.0-84956499625
16783,16783,2-s2.0-84955484407
16784,16784,2-s2.0-84955388297
16806,16806,2-s2.0-84954026910
16807,16807,2-s2.0-84953881524
16810,16810,2-s2.0-84953864872
16832,16832,2-s2.0-84951131784
16835,16835,2-s2.0-84950246617
16836,16836,2-s2.0-84950238986
16841,16841,2-s2.0-84950114793
16849,16849,2-s2.0-84949058371
16850,16850,2-s2.0-84949035233
16852,16852,2-s2.0-84949033325
16858,16858,2-s2.0-84948774641
16868,16868,2-s2.0-84948181687
16874,16874,2-s2.0-84948136064
16877,16877,2-s2.0-84947926040
16878,16878,2-s2.0-84947914118
16881,16881,2-s2.0-84947708940
16886,16886,2-s2.0-84947438793
16887,16887,2-s2.0-84947425960
16894,16894,2-s2.0-84947078301
16918,16918,2-s2.0-84945157825
16927,16927,2-s2.0-84945130142
16930,16930,2-s2.0-84944880839
16980,16980,2-s2.0-84943427654
16983,16983,2-s2.0-84943399689
16993,16993,2-s2.0-84943190700
16996,16996,2-s2.0-84943183240
17011,17011,2-s2.0-84942917889
17022,17022,2-s2.0-84942742252
17030,17030,2-s2.0-84941998045
17034,17034,2-s2.0-84941997551
17037,17037,2-s2.0-84941997048
17059,17059,2-s2.0-84941993723
17063,17063,2-s2.0-84941993406
17072,17072,2-s2.0-84941279062
17094,17094,2-s2.0-84940093529
17106,17106,2-s2.0-84938783270
17111,17111,2-s2.0-84938394363
17119,17119,2-s2.0-84937429724
17130,17130,2-s2.0-84936059687
17134,17134,2-s2.0-84931839690
17141,17141,2-s2.0-84930854953
17142,17142,2-s2.0-84930704450
17166,17166,2-s2.0-84930322937
17169,17169,2-s2.0-84930061466
17172,17172,2-s2.0-84929936450
17178,17178,2-s2.0-84929416653
17193,17193,2-s2.0-84928721165
17199,17199,2-s2.0-84928594140
17233,17233,2-s2.0-84925431268
17237,17237,2-s2.0-84925372667
17238,17238,2-s2.0-84925360030
17241,17241,2-s2.0-84925016328
17252,17252,2-s2.0-84924404715
17272,17272,2-s2.0-84922933748
17275,17275,2-s2.0-84922780160
17284,17284,2-s2.0-84922309796
17292,17292,2-s2.0-84921942544
17312,17312,2-s2.0-84920194005
17347,17347,2-s2.0-105012536649
17349,17349,2-s2.0-105012512773
17378,17378,2-s2.0-105011884986
17393,17393,2-s2.0-85098504154
17395,17395,2-s2.0-85099033832
17413,17413,2-s2.0-85098757128
17420,17420,2-s2.0-85102977653
17424,17424,2-s2.0-85102972498
17428,17428,2-s2.0-85102971644
17467,17467,2-s2.0-85106800565
17468,17468,2-s2.0-85106796640
17471,17471,2-s2.0-85106775875
17473,17473,2-s2.0-85106067647
17476,17476,2-s2.0-85105506189
17482,17482,2-s2.0-85103114736
17486,17486,2-s2.0-85101434910
17503,17503,2-s2.0-85099085766
17531,17531,2-s2.0-85097282417
17532,17532,2-s2.0-85097264058
17538,17538,2-s2.0-85097047678
17551,17551,2-s2.0-85095573202
17554,17554,2-s2.0-85094830035
17555,17555,2-s2.0-85094667767
17564,17564,2-s2.0-85092531723
17565,17565,2-s2.0-85092391377
17577,17577,2-s2.0-85091001606
17585,17585,2-s2.0-85089748522
17608,17608,2-s2.0-85085585688
17611,17611,2-s2.0-85084347785
17624,17624,2-s2.0-85081554919
17652,17652,2-s2.0-85164199562
17655,17655,2-s2.0-85102341655
17659,17659,2-s2.0-85100628747
17670,17670,2-s2.0-85099556464
17672,17672,2-s2.0-85099547157
17690,17690,2-s2.0-85097300768
17692,17692,2-s2.0-85098861614
17694,17694,2-s2.0-85099639973
17700,17700,2-s2.0-85099288791
17701,17701,2-s2.0-85099281468
17708,17708,2-s2.0-85097271248
17726,17726,2-s2.0-85101934652
17731,17731,2-s2.0-85096351785
17739,17739,2-s2.0-85100717597
17756,17756,2-s2.0-85106174064
17762,17762,2-s2.0-85096901277
17764,17764,2-s2.0-85096789794
17767,17767,2-s2.0-85096698955
17768,17768,2-s2.0-85096592177
17770,17770,2-s2.0-85096452609
17788,17788,2-s2.0-85095121911
17797,17797,2-s2.0-85094157404
17813,17813,2-s2.0-85086403721
17863,17863,2-s2.0-85096417358
17867,17867,2-s2.0-85096413657
17872,17872,2-s2.0-85096411170
17893,17893,2-s2.0-85123041321
17900,17900,2-s2.0-85100590678
17926,17926,2-s2.0-85098544168
17933,17933,2-s2.0-85095417228
17955,17955,2-s2.0-85095793091
17959,17959,2-s2.0-85098782072
17984,17984,2-s2.0-85096050981
17985,17985,2-s2.0-85095938156
17992,17992,2-s2.0-85093650684
18006,18006,2-s2.0-85092237434
18008,18008,2-s2.0-85092155403
18010,18010,2-s2.0-85091733096
18025,18025,2-s2.0-85087057184
18026,18026,2-s2.0-85086118732
18033,18033,2-s2.0-85084326517
18036,18036,2-s2.0-85081213354
18047,18047,2-s2.0-85075257811
18081,18081,2-s2.0-85097215731
18086,18086,2-s2.0-85096362857
18103,18103,2-s2.0-85092781068
18104,18104,2-s2.0-85092780574
18116,18116,2-s2.0-85138019808
18118,18118,2-s2.0-85096458136
18122,18122,2-s2.0-85196239737
18125,18125,2-s2.0-85092672151
18141,18141,2-s2.0-85107218705
18147,18147,2-s2.0-85107197449
18159,18159,2-s2.0-85087522451
18160,18160,2-s2.0-85080138666
18161,18161,2-s2.0-85079800976
18163,18163,2-s2.0-85211756126
18185,18185,2-s2.0-85093863193
18193,18193,2-s2.0-85092637951
18204,18204,2-s2.0-85091657691
18205,18205,2-s2.0-85091531064
18207,18207,2-s2.0-85091469759
18208,18208,2-s2.0-85091464682
18217,18217,2-s2.0-85090788726
18224,18224,2-s2.0-85090490446
18226,18226,2-s2.0-85090417278
18227,18227,2-s2.0-85090346495
18231,18231,2-s2.0-85090179875
18275,18275,2-s2.0-85078679454
18281,18281,2-s2.0-85076131866
18282,18282,2-s2.0-85075438546
18284,18284,2-s2.0-85074406505
18293,18293,2-s2.0-85058013801
18294,18294,2-s2.0-85097820755
18310,18310,2-s2.0-85137183251
18316,18316,2-s2.0-85090799947
18323,18323,2-s2.0-85141201426
18372,18372,2-s2.0-85090147931
18379,18379,2-s2.0-85090083031
18381,18381,2-s2.0-85089807520
18425,18425,2-s2.0-85083376980
18430,18430,2-s2.0-85079183505
18452,18452,2-s2.0-85090722116
18467,18467,2-s2.0-85204031784
18474,18474,2-s2.0-85089090155
18483,18483,2-s2.0-85089071142
18501,18501,2-s2.0-85150697309
18503,18503,2-s2.0-85085895893
18508,18508,2-s2.0-85087921768
18520,18520,2-s2.0-85087888686
18521,18521,2-s2.0-85087883112
18525,18525,2-s2.0-85087878215
18533,18533,2-s2.0-85087865572
18545,18545,2-s2.0-85097953372
18550,18550,2-s2.0-85088800455
18569,18569,2-s2.0-85127614351
18572,18572,2-s2.0-85098976102
18576,18576,2-s2.0-85092636794
18583,18583,2-s2.0-85091187566
18587,18587,2-s2.0-85090390607
18599,18599,2-s2.0-85089571314
18604,18604,2-s2.0-85088834482
18613,18613,2-s2.0-85087825657
18627,18627,2-s2.0-85086125914
18638,18638,2-s2.0-85083385852
18648,18648,2-s2.0-85077054483
18661,18661,2-s2.0-105002996623
18693,18693,2-s2.0-85095790935
18695,18695,2-s2.0-85095790543
18701,18701,2-s2.0-85095789044
18705,18705,2-s2.0-85095787881
18750,18750,2-s2.0-85095759636
18752,18752,2-s2.0-85095758965
18754,18754,2-s2.0-85095757234
18772,18772,2-s2.0-85095747505
18811,18811,2-s2.0-85095727179
18812,18812,2-s2.0-85095726654
18816,18816,2-s2.0-85095724815
18819,18819,2-s2.0-85092047198
18825,18825,2-s2.0-85088313318
18826,18826,2-s2.0-85088308681
18840,18840,2-s2.0-85088122600
18841,18841,2-s2.0-85088101853
18845,18845,2-s2.0-85087107266
18850,18850,2-s2.0-85086798994
18860,18860,2-s2.0-85086435092
18865,18865,2-s2.0-85075194388
18872,18872,2-s2.0-85087493077
18881,18881,2-s2.0-85086636977
18885,18885,2-s2.0-85085905596
18904,18904,2-s2.0-85098143604
18907,18907,2-s2.0-85093103172
18911,18911,2-s2.0-85091627746
18920,18920,2-s2.0-85090560669
18931,18931,2-s2.0-85088188090
18935,18935,2-s2.0-85087788375
18941,18941,2-s2.0-85087402763
18955,18955,2-s2.0-85086014301
18961,18961,2-s2.0-85085701744
18971,18971,2-s2.0-85084919387
18977,18977,2-s2.0-85084839265
18993,18993,2-s2.0-85084212254
18995,18995,2-s2.0-85084059217
18997,18997,2-s2.0-85083453702
19002,19002,2-s2.0-85083041684
19029,19029,2-s2.0-85074051431
19051,19051,2-s2.0-85086479201
19063,19063,2-s2.0-85086464044
19066,19066,2-s2.0-85086460066
19072,19072,2-s2.0-85086449590
19080,19080,2-s2.0-85086439608
19089,19089,2-s2.0-85086434757
19094,19094,2-s2.0-85086426343
19102,19102,2-s2.0-85074325081
19112,19112,2-s2.0-85085529068
19115,19115,2-s2.0-85085524245
19118,19118,2-s2.0-85085523515
19131,19131,2-s2.0-85085495432
19160,19160,2-s2.0-85087398704
19177,19177,2-s2.0-85084760425
19193,19193,2-s2.0-85089425491
19203,19203,2-s2.0-85087376123
19205,19205,2-s2.0-85084922562
19219,19219,2-s2.0-85086271068
19242,19242,2-s2.0-85084324045
19248,19248,2-s2.0-85084198926
19260,19260,2-s2.0-85082192705
19262,19262,2-s2.0-85081540122
19264,19264,2-s2.0-85081347059
19271,19271,2-s2.0-85079363178
19275,19275,2-s2.0-85077213485
19280,19280,2-s2.0-85074430830
19319,19319,2-s2.0-85083889881
19333,19333,2-s2.0-85079039738
19345,19345,2-s2.0-85063283803
19356,19356,2-s2.0-85092007360
19366,19366,2-s2.0-85087922579
19376,19376,2-s2.0-85087901341
19428,19428,2-s2.0-85084229354
19443,19443,2-s2.0-85083465121
19444,19444,2-s2.0-85083462936
19483,19483,2-s2.0-85076933291
19488,19488,2-s2.0-85075260724
19490,19490,2-s2.0-85073769538
19491,19491,2-s2.0-85069710231
19497,19497,2-s2.0-85051641179
19499,19499,2-s2.0-105003006033
19501,19501,2-s2.0-85076164716
19528,19528,2-s2.0-85082383634
19531,19531,2-s2.0-85082998168
19536,19536,2-s2.0-85082994921
19552,19552,2-s2.0-85082985155
19555,19555,2-s2.0-85083442747
19570,19570,2-s2.0-85082596503
19592,19592,2-s2.0-85082070034
19618,19618,2-s2.0-85081330751
19622,19622,2-s2.0-85081300125
19640,19640,2-s2.0-85091082458
19648,19648,2-s2.0-85090206774
19659,19659,2-s2.0-85085982884
19678,19678,2-s2.0-85082760880
19680,19680,2-s2.0-85082670017
19681,19681,2-s2.0-85082581442
19715,19715,2-s2.0-85077568343
19721,19721,2-s2.0-85076826270
19722,19722,2-s2.0-85076745261
19729,19729,2-s2.0-85075275556
19736,19736,2-s2.0-85073332949
19745,19745,2-s2.0-85067875684
19751,19751,2-s2.0-85064337835
19753,19753,2-s2.0-85063679864
19767,19767,2-s2.0-85081630409
19772,19772,2-s2.0-85081590525
19794,19794,2-s2.0-85070962745
19796,19796,2-s2.0-85020729333
19797,19797,2-s2.0-85083270012
19811,19811,2-s2.0-85091851812
19814,19814,2-s2.0-85087449369
19830,19830,2-s2.0-85081198986
19834,19834,2-s2.0-85080860851
19839,19839,2-s2.0-85079669964
19841,19841,2-s2.0-85079556405
19843,19843,2-s2.0-85079529379
19856,19856,2-s2.0-85076848280
19870,19870,2-s2.0-85071876059
19873,19873,2-s2.0-85069045138
19877,19877,2-s2.0-85063214722
19886,19886,2-s2.0-85090733275
19887,19887,2-s2.0-85090701638
19894,19894,2-s2.0-85075855942
19896,19896,2-s2.0-85079613945
19898,19898,2-s2.0-85075131460
19900,19900,2-s2.0-85079104409
19902,19902,2-s2.0-85079095794
19904,19904,2-s2.0-85074322116
19919,19919,2-s2.0-85089702421
19943,19943,2-s2.0-85071320707
19944,19944,2-s2.0-85071295578
19953,19953,2-s2.0-85065387255
19958,19958,2-s2.0-85061987315
19972,19972,2-s2.0-85201461543
19981,19981,2-s2.0-85173866726
19982,19982,2-s2.0-85173831258
19992,19992,2-s2.0-85155467698
19999,19999,2-s2.0-85150745947
20018,20018,2-s2.0-85149526096
20026,20026,2-s2.0-85148834771
20030,20030,2-s2.0-85148783873
20037,20037,2-s2.0-85145637647
20039,20039,2-s2.0-85145627432
20077,20077,2-s2.0-85135753278
20084,20084,2-s2.0-85130056537
20085,20085,2-s2.0-85129770774
20087,20087,2-s2.0-85129638407
20096,20096,2-s2.0-85127591780
20099,20099,2-s2.0-85127586965
20104,20104,2-s2.0-85127112343
20119,20119,2-s2.0-85122583806
20125,20125,2-s2.0-85121535716
20128,20128,2-s2.0-85121494140
20129,20129,2-s2.0-85121486811
20153,20153,2-s2.0-85115697422
20155,20155,2-s2.0-85115647332
20156,20156,2-s2.0-85113934002
20160,20160,2-s2.0-85113148913
20162,20162,2-s2.0-85112797307
20163,20163,2-s2.0-85112574666
20173,20173,2-s2.0-85110605616
20180,20180,2-s2.0-85108030691
20183,20183,2-s2.0-85107780629
20189,20189,2-s2.0-85107220102
20208,20208,2-s2.0-85106827732
20239,20239,2-s2.0-85104012653
20247,20247,2-s2.0-85103660721
20251,20251,2-s2.0-85103339476
20252,20252,2-s2.0-85103317299
20257,20257,2-s2.0-85102949324
20260,20260,2-s2.0-85102935849
20268,20268,2-s2.0-85102895707
20296,20296,2-s2.0-85101943431
20302,20302,2-s2.0-85101920302
20324,20324,2-s2.0-85100947757
20329,20329,2-s2.0-85100925758
20336,20336,2-s2.0-85100916812
20341,20341,2-s2.0-85100868794
20353,20353,2-s2.0-85100392283
20359,20359,2-s2.0-85100013760
20387,20387,2-s2.0-85099054575
20391,20391,2-s2.0-85098950930
20392,20392,2-s2.0-85098893211
20395,20395,2-s2.0-85098787728
20403,20403,2-s2.0-85098584281
20410,20410,2-s2.0-85098541326
20411,20411,2-s2.0-85098538888
20419,20419,2-s2.0-85098241393
20431,20431,2-s2.0-85098061727
20434,20434,2-s2.0-85098059517
20438,20438,2-s2.0-85098050989
20440,20440,2-s2.0-85098003119
20449,20449,2-s2.0-85097881640
20454,20454,2-s2.0-85097864455
20456,20456,2-s2.0-85097834252
20460,20460,2-s2.0-85097784410
20466,20466,2-s2.0-85097630736
20494,20494,2-s2.0-85097154729
20502,20502,2-s2.0-85096967033
20514,20514,2-s2.0-85096810646
20518,20518,2-s2.0-85096780438
20521,20521,2-s2.0-85096749221
20526,20526,2-s2.0-85096685890
20545,20545,2-s2.0-85096552974
20547,20547,2-s2.0-85096547975
20557,20557,2-s2.0-85096514090
20558,20558,2-s2.0-85096512312
20585,20585,2-s2.0-85096052197
20592,20592,2-s2.0-85095970139
20598,20598,2-s2.0-85095603353
20620,20620,2-s2.0-85094144499
20622,20622,2-s2.0-85094098344
20626,20626,2-s2.0-85093854598
20637,20637,2-s2.0-85092782083
20646,20646,2-s2.0-85092526628
20656,20656,2-s2.0-85092404943
20657,20657,2-s2.0-85092399983
20659,20659,2-s2.0-85092343505
20670,20670,2-s2.0-85092153655
20677,20677,2-s2.0-85091892040
20698,20698,2-s2.0-85091514361
20713,20713,2-s2.0-85091359443
20726,20726,2-s2.0-85090881397
20750,20750,2-s2.0-85090610157
20754,20754,2-s2.0-85090550694
20755,20755,2-s2.0-85090438112
20759,20759,2-s2.0-85090372297
20763,20763,2-s2.0-85090322785
20781,20781,2-s2.0-85089640951
20789,20789,2-s2.0-85089602959
20794,20794,2-s2.0-85089563136
20801,20801,2-s2.0-85089480181
20808,20808,2-s2.0-85089319187
20822,20822,2-s2.0-85089201944
20825,20825,2-s2.0-85089164016
20835,20835,2-s2.0-85089024421
20841,20841,2-s2.0-85088917315
20872,20872,2-s2.0-85088468136
20880,20880,2-s2.0-85088445832
20890,20890,2-s2.0-85088422504
20896,20896,2-s2.0-85088360376
20912,20912,2-s2.0-85087828625
20913,20913,2-s2.0-85087825603
20935,20935,2-s2.0-85087313230
20940,20940,2-s2.0-85087126553
20941,20941,2-s2.0-85087057617
20956,20956,2-s2.0-85086678317
20957,20957,2-s2.0-85086674721
20961,20961,2-s2.0-85086669336
20979,20979,2-s2.0-85086261578
20981,20981,2-s2.0-85086251930
20982,20982,2-s2.0-85086251030
20986,20986,2-s2.0-85086174825
20999,20999,2-s2.0-85085739545
21008,21008,2-s2.0-85085624968
21018,21018,2-s2.0-85085307738
21039,21039,2-s2.0-85084789936
21048,21048,2-s2.0-85084533472
21058,21058,2-s2.0-85084325168
21082,21082,2-s2.0-85083713219
21096,21096,2-s2.0-85083257039
21101,21101,2-s2.0-85083094303
21129,21129,2-s2.0-85082682686
21153,21153,2-s2.0-85082382612
21158,21158,2-s2.0-85082314056
21161,21161,2-s2.0-85082232146
21162,21162,2-s2.0-85082136522
21164,21164,2-s2.0-85082101874
21167,21167,2-s2.0-85082031110
21194,21194,2-s2.0-85080900996
21205,21205,2-s2.0-85079837153
21211,21211,2-s2.0-85079684767
21220,21220,2-s2.0-85079491883
21225,21225,2-s2.0-85079440055
21231,21231,2-s2.0-85079216036
21232,21232,2-s2.0-85079173200
21235,21235,2-s2.0-85079103945
21241,21241,2-s2.0-85078820009
21257,21257,2-s2.0-85078216392
21269,21269,2-s2.0-85077936919
21275,21275,2-s2.0-85077821713
21282,21282,2-s2.0-85077812372
21283,21283,2-s2.0-85077812091
21306,21306,2-s2.0-85077018988
21308,21308,2-s2.0-85076684853
21319,21319,2-s2.0-85075291787
21335,21335,2-s2.0-85071846405
21336,21336,2-s2.0-85071835867
21337,21337,2-s2.0-85071835771
21342,21342,2-s2.0-85071450627
21367,21367,2-s2.0-85065516940
21376,21376,2-s2.0-85064140500
21379,21379,2-s2.0-85062346926
21381,21381,2-s2.0-85058633123
21391,21391,2-s2.0-105013391444
21396,21396,2-s2.0-105013385166
21397,21397,2-s2.0-105013384871
21403,21403,2-s2.0-105013368997
21423,21423,2-s2.0-105013335663
21448,21448,2-s2.0-105013280996
21451,21451,2-s2.0-105013276502
21464,21464,2-s2.0-105013253774
21481,21481,2-s2.0-105013223489
21488,21488,2-s2.0-105013202912
21514,21514,2-s2.0-105001872721
21518,21518,2-s2.0-85080119306
21527,21527,2-s2.0-85078166262
21531,21531,2-s2.0-85078112919
21538,21538,2-s2.0-85078488534
21547,21547,2-s2.0-85077713907
21550,21550,2-s2.0-85077685927
21552,21552,2-s2.0-85077679071
21573,21573,2-s2.0-85076444673
21584,21584,2-s2.0-85122756647
21633,21633,2-s2.0-85080970737
21636,21636,2-s2.0-85080902233
21641,21641,2-s2.0-85079686745
21643,21643,2-s2.0-85078730648
21674,21674,2-s2.0-85076298818
21678,21678,2-s2.0-85075794021
21681,21681,2-s2.0-85075519548
21692,21692,2-s2.0-85074352869
21695,21695,2-s2.0-85073918732
21701,21701,2-s2.0-85073078561
21702,21702,2-s2.0-85072892114
21706,21706,2-s2.0-85071002859
21717,21717,2-s2.0-85067478383
21731,21731,2-s2.0-85063111126
21738,21738,2-s2.0-85056287759
21745,21745,2-s2.0-105009596789
21752,21752,2-s2.0-85136861745
21771,21771,2-s2.0-85077974078
21775,21775,2-s2.0-85077821754
21796,21796,2-s2.0-85076114048
21798,21798,2-s2.0-85076111862
21816,21816,2-s2.0-85076088517
21819,21819,2-s2.0-85076087345
21829,21829,2-s2.0-85075415989
21852,21852,2-s2.0-85070502196
21861,21861,2-s2.0-85075392480
21885,21885,2-s2.0-85075343329
21903,21903,2-s2.0-85076671365
21927,21927,2-s2.0-85076041977
21938,21938,2-s2.0-85185446528
21948,21948,2-s2.0-85081618922
21986,21986,2-s2.0-85075046197
22022,22022,2-s2.0-85059100387
22040,22040,2-s2.0-85074929158
22053,22053,2-s2.0-85079069452
22055,22055,2-s2.0-85079058120
22059,22059,2-s2.0-85075261476
22063,22063,2-s2.0-85075257874
22074,22074,2-s2.0-85075251677
22077,22077,2-s2.0-85075250561
22078,22078,2-s2.0-85075249733
22079,22079,2-s2.0-85075248318
22097,22097,2-s2.0-85075231237
22098,22098,2-s2.0-85075230825
22110,22110,2-s2.0-85063348728
22117,22117,2-s2.0-85074359493
22118,22118,2-s2.0-85059102012
22136,22136,2-s2.0-85064193669
22138,22138,2-s2.0-85125021601
22155,22155,2-s2.0-85073229829
22171,22171,2-s2.0-85071013603
22188,22188,2-s2.0-85035082281
22206,22206,2-s2.0-85084682699
22213,22213,2-s2.0-85082494220
22220,22220,2-s2.0-85082459872
22233,22233,2-s2.0-85081656218
22243,22243,2-s2.0-85081055070
22246,22246,2-s2.0-85079558255
22256,22256,2-s2.0-85078170937
22257,22257,2-s2.0-85078147544
22260,22260,2-s2.0-85078085252
22261,22261,2-s2.0-85078064317
22272,22272,2-s2.0-85075025173
22289,22289,2-s2.0-85073618660
22290,22290,2-s2.0-85073475105
22302,22302,2-s2.0-85072084973
22325,22325,2-s2.0-85061011278
22333,22333,2-s2.0-85048071236
22335,22335,2-s2.0-85041500659
22340,22340,2-s2.0-85177474823
22341,22341,2-s2.0-85077829069
22344,22344,2-s2.0-85073605207
22351,22351,2-s2.0-85086753201
22354,22354,2-s2.0-85070338168
22356,22356,2-s2.0-85073159987
22360,22360,2-s2.0-85068188830
22385,22385,2-s2.0-85072800632
22388,22388,2-s2.0-85072566479
22397,22397,2-s2.0-85045219930
22398,22398,2-s2.0-85076091365
22408,22408,2-s2.0-85096589360
22419,22419,2-s2.0-85081212363
22421,22421,2-s2.0-85081199053
22434,22434,2-s2.0-85075020556
22444,22444,2-s2.0-85073714399
22445,22445,2-s2.0-85073626044
22452,22452,2-s2.0-85073469843
22472,22472,2-s2.0-85070718755
22489,22489,2-s2.0-85063910258
22490,22490,2-s2.0-85063321234
22505,22505,2-s2.0-85072822643
22514,22514,2-s2.0-85055703897
22538,22538,2-s2.0-85066979000
22541,22541,2-s2.0-85077830518
22551,22551,2-s2.0-85087809436
22555,22555,2-s2.0-85075637471
22556,22556,2-s2.0-85074991355
22564,22564,2-s2.0-85073326142
22570,22570,2-s2.0-85073254767
22571,22571,2-s2.0-85073245949
22588,22588,2-s2.0-85069615583
22616,22616,2-s2.0-85096525614
22618,22618,2-s2.0-85083953521
22621,22621,2-s2.0-85076657600
22646,22646,2-s2.0-85055484478
22650,22650,2-s2.0-85052088888
22655,22655,2-s2.0-85070939853
22674,22674,2-s2.0-85053303720
22709,22709,2-s2.0-85071773051
22719,22719,2-s2.0-85070960615
22731,22731,2-s2.0-85068260897
22754,22754,2-s2.0-85049860778
22761,22761,2-s2.0-85123042913
22766,22766,2-s2.0-85077672049
22778,22778,2-s2.0-85073049821
22794,22795,2-s2.0-85078812845
22797,22798,2-s2.0-85078809298
22804,22805,2-s2.0-85078806032
22810,22811,2-s2.0-85078800231
22822,22823,2-s2.0-85078794593
22841,22842,2-s2.0-85078785768
22858,22859,2-s2.0-85078777545
22861,22862,2-s2.0-85078774863
22874,22875,2-s2.0-85078769050
22904,22905,2-s2.0-85078738772
22908,22909,2-s2.0-85078737017
22914,22915,2-s2.0-85078734103
22915,22916,2-s2.0-85078731860
22921,22922,2-s2.0-85078728764
22923,22924,2-s2.0-85078727821
22927,22928,2-s2.0-85078726726
22940,22941,2-s2.0-85078721667
22949,22950,2-s2.0-85078072014
22953,22954,2-s2.0-85065837654
22961,22962,2-s2.0-85057130008
22982,22983,2-s2.0-85069734327
22993,22994,2-s2.0-85078590313
23011,23012,2-s2.0-85070103869
23034,23035,2-s2.0-85065843919
23038,23039,2-s2.0-85065440213
23044,23045,2-s2.0-85064652096
23045,23046,2-s2.0-85064614719
23069,23070,2-s2.0-85057028380
23078,23079,2-s2.0-85070760454
23084,23085,2-s2.0-85072160483
23086,23087,2-s2.0-85053727538
23096,23097,2-s2.0-85059683384
23115,23116,2-s2.0-85066904768
23119,23120,2-s2.0-85066883948
23120,23121,2-s2.0-85081407033
23121,23122,2-s2.0-85081328690
23154,23155,2-s2.0-85106794255
23155,23156,2-s2.0-85106781773
23164,23165,2-s2.0-85073807529
23167,23168,2-s2.0-85073745116
23172,23173,2-s2.0-85070676460
23179,23180,2-s2.0-85069861882
23183,23184,2-s2.0-85069036905
23205,23206,2-s2.0-85063030365
23231,23232,2-s2.0-85070574449
23234,23235,2-s2.0-85065414607
23236,23237,2-s2.0-85065335557
23253,23254,2-s2.0-85065296869
23271,23272,2-s2.0-85065626081
23283,23284,2-s2.0-85028601670
23293,23294,2-s2.0-85064882919
23297,23298,2-s2.0-85064878225
23313,23314,2-s2.0-85063889414
23331,23332,2-s2.0-85053545742
23348,23349,2-s2.0-85075721297
23381,23382,2-s2.0-85065398578
23390,23391,2-s2.0-85062819501
23394,23395,2-s2.0-85059855110
23406,23407,2-s2.0-85053378246
23408,23409,2-s2.0-85050493115
23418,23419,2-s2.0-85162125487
23464,23465,2-s2.0-85063400354
23476,23477,2-s2.0-85063391818
23490,23491,2-s2.0-85063378122
23513,23514,2-s2.0-85062275765
23515,23516,2-s2.0-85063058470
23518,23519,2-s2.0-85063038339
23555,23556,2-s2.0-85075008291
23565,23566,2-s2.0-85074993802
23571,23572,2-s2.0-85074972242
23574,23575,2-s2.0-85074968796
23575,23576,2-s2.0-85074968201
23581,23582,2-s2.0-85074783355
23582,23583,2-s2.0-85074769429
23616,23617,2-s2.0-85062081813
23619,23620,2-s2.0-85061656890
23637,23638,2-s2.0-85051373981
23651,23652,2-s2.0-85021951684
23653,23654,2-s2.0-85064354617
23665,23666,2-s2.0-85064392982
23666,23667,2-s2.0-85064384868
23684,23685,2-s2.0-85021184654
23696,23697,2-s2.0-85061087230
23717,23718,2-s2.0-85063559095
23729,23730,2-s2.0-85058650034
23732,23733,2-s2.0-85058618445
23738,23739,2-s2.0-85056475226
23743,23744,2-s2.0-85050997108
23796,23797,2-s2.0-85060862335
23807,23808,2-s2.0-85055678016
23808,23809,2-s2.0-85055554767
23822,23823,2-s2.0-86000132779
23829,23830,2-s2.0-85180885789
23846,23847,2-s2.0-85180750885
23863,23864,2-s2.0-85173833941
23867,23868,2-s2.0-85168571965
23871,23872,2-s2.0-85163748144
23872,23873,2-s2.0-85160467886
23885,23886,2-s2.0-85150750829
23888,23889,2-s2.0-85150551145
23891,23892,2-s2.0-85150413219
23919,23920,2-s2.0-85144207710
23920,23921,2-s2.0-85144184600
23933,23934,2-s2.0-85141553610
23937,23938,2-s2.0-85141476663
23939,23940,2-s2.0-85141464786
23948,23949,2-s2.0-85141077663
23989,23990,2-s2.0-85128365798
23991,23992,2-s2.0-85126398425
24010,24011,2-s2.0-85118808828
24013,24014,2-s2.0-85118226561
24017,24018,2-s2.0-85117591856
24028,24029,2-s2.0-85113967874
24039,24040,2-s2.0-85110336844
24047,24048,2-s2.0-85105431464
24055,24056,2-s2.0-85104247212
24062,24063,2-s2.0-85102720982
24063,24064,2-s2.0-85102395833
24153,24154,2-s2.0-85085823537
24180,24181,2-s2.0-85083941952
24190,24191,2-s2.0-85083212493
24191,24192,2-s2.0-85083208025
24201,24202,2-s2.0-85082661690
24208,24209,2-s2.0-85082530926
24219,24220,2-s2.0-85082511107
24228,24229,2-s2.0-85081917698
24243,24244,2-s2.0-85081272814
24260,24261,2-s2.0-85079501092
24263,24264,2-s2.0-85079418194
24265,24266,2-s2.0-85079412107
24266,24267,2-s2.0-85079401915
24268,24269,2-s2.0-85079395564
24310,24311,2-s2.0-85078940055
24314,24315,2-s2.0-85078809685
24315,24316,2-s2.0-85078794017
24338,24339,2-s2.0-85078336386
24342,24343,2-s2.0-85078256393
24343,24344,2-s2.0-85078234604
24351,24352,2-s2.0-85078016355
24355,24356,2-s2.0-85077989152
24358,24359,2-s2.0-85077910540
24359,24360,2-s2.0-85077874735
24368,24369,2-s2.0-85077810783
24373,24374,2-s2.0-85077529268
24376,24377,2-s2.0-85077503660
24393,24394,2-s2.0-85077134869
24394,24395,2-s2.0-85077130115
24403,24404,2-s2.0-85076836405
24410,24411,2-s2.0-85076534635
24426,24427,2-s2.0-85076257272
24446,24447,2-s2.0-85075582005
24463,24464,2-s2.0-85075030943
24490,24491,2-s2.0-85074559310
24504,24505,2-s2.0-85074199259
24527,24528,2-s2.0-85073762093
24565,24566,2-s2.0-85073354612
24568,24569,2-s2.0-85073340901
24575,24576,2-s2.0-85073238893
24581,24582,2-s2.0-85073107415
24590,24591,2-s2.0-85073015526
24592,24593,2-s2.0-85072998707
24616,24617,2-s2.0-85072796369
24617,24618,2-s2.0-85072794888
24647,24648,2-s2.0-85071782562
24651,24652,2-s2.0-85071722956
24672,24673,2-s2.0-85071424035
24685,24686,2-s2.0-85071196085
24697,24698,2-s2.0-85070937822
24721,24722,2-s2.0-85070801041
24726,24727,2-s2.0-85070718223
24730,24731,2-s2.0-85070670518
24738,24739,2-s2.0-85070518941
24743,24744,2-s2.0-85070069582
24753,24754,2-s2.0-85069831314
24762,24763,2-s2.0-85069691473
24787,24788,2-s2.0-85069475569
24791,24792,2-s2.0-85069450269
24794,24795,2-s2.0-85069443258
24816,24817,2-s2.0-85068776663
24870,24871,2-s2.0-85067549599
24871,24872,2-s2.0-85067549395
24881,24882,2-s2.0-85067244609
24900,24901,2-s2.0-85067101470
24905,24906,2-s2.0-85067091972
24910,24911,2-s2.0-85066962276
24916,24917,2-s2.0-85066928280
24923,24924,2-s2.0-85066810844
24927,24928,2-s2.0-85066731107
24947,24948,2-s2.0-85066086649
24950,24951,2-s2.0-85066039878
24962,24963,2-s2.0-85065764934
24965,24966,2-s2.0-85065701543
24969,24970,2-s2.0-85065550296
24999,25000,2-s2.0-85065221615
25001,25002,2-s2.0-85065199151
25015,25016,2-s2.0-85064895834
25022,25023,2-s2.0-85064652989
25029,25030,2-s2.0-85064534908
25046,25047,2-s2.0-85063886977
25050,25051,2-s2.0-85063790231
25052,25053,2-s2.0-85063747115
25058,25059,2-s2.0-85063669660
25059,25060,2-s2.0-85063663834
25081,25082,2-s2.0-85062680527
25093,25094,2-s2.0-85061709499
25105,25106,2-s2.0-85060893069
25116,25117,2-s2.0-85059795475
25129,25130,2-s2.0-85058801547
25147,25148,2-s2.0-85055950421
25150,25151,2-s2.0-85055102677
25168,25169,2-s2.0-85053425436
25175,25176,2-s2.0-85049627489
25177,25178,2-s2.0-85049515407
25188,25189,2-s2.0-85045099475
25196,25197,2-s2.0-85029384127
25198,25199,2-s2.0-105013732041
25202,25203,2-s2.0-105013701646
25206,25207,2-s2.0-105009788427
25219,25220,2-s2.0-85061504789
25259,25260,2-s2.0-85060284562
25266,25267,2-s2.0-85069797127
25267,25268,2-s2.0-85069786361
25279,25280,2-s2.0-85058337139
25280,25281,2-s2.0-85058330800
25286,25287,2-s2.0-85057579731
25291,25292,2-s2.0-85078541117
25296,25297,2-s2.0-85070401137
25315,25316,2-s2.0-85061028679
25320,25321,2-s2.0-85059349017
25323,25324,2-s2.0-85059236992
25324,25325,2-s2.0-85058931863
25340,25341,2-s2.0-85056620120
25360,25361,2-s2.0-85055540695
25367,25368,2-s2.0-85053686388
25373,25374,2-s2.0-85051784255
25378,25379,2-s2.0-85051621875
25379,25380,2-s2.0-85050490266
25382,25383,2-s2.0-85048949299
25386,25387,2-s2.0-85047763032
25393,25394,2-s2.0-85044354891
25394,25395,2-s2.0-85044278602
25401,25402,2-s2.0-85034587707
25414,25415,2-s2.0-85067965923
25430,25431,2-s2.0-85060010719
25432,25433,2-s2.0-85055190217
25436,25437,2-s2.0-85052126067
25443,25444,2-s2.0-85089830535
25506,25507,2-s2.0-85055948141
25513,25514,2-s2.0-85054845795
25525,25526,2-s2.0-85054058342
25548,25549,2-s2.0-85039922870
25583,25584,2-s2.0-85055330759
25598,25599,2-s2.0-85056847360
25617,25618,2-s2.0-85055120426
25621,25622,2-s2.0-85041101879
25633,25634,2-s2.0-85063294574
25636,25637,2-s2.0-85061844776
25640,25641,2-s2.0-85061225472
25644,25645,2-s2.0-85058809558
25645,25646,2-s2.0-85058653193
25647,25648,2-s2.0-85058055595
25660,25661,2-s2.0-85055072579
25662,25663,2-s2.0-85054553530
25663,25664,2-s2.0-85054496004
25671,25672,2-s2.0-85052678516
25680,25681,2-s2.0-85050075090
25682,25683,2-s2.0-85048530207
25692,25693,2-s2.0-105002715124
25720,25721,2-s2.0-85055424441
25728,25729,2-s2.0-85053401499
25731,25732,2-s2.0-85055676364
25732,25733,2-s2.0-85049572903
25740,25741,2-s2.0-85045088331
25749,25750,2-s2.0-85056108429
25750,25751,2-s2.0-85055675350
25761,25762,2-s2.0-85064964891
25785,25786,2-s2.0-85054740349
25796,25797,2-s2.0-85053894186
25799,25800,2-s2.0-85053839343
25814,25815,2-s2.0-85052824247
25826,25827,2-s2.0-85049870247
25838,25839,2-s2.0-85046743359
25841,25842,2-s2.0-85045075830
25849,25850,2-s2.0-85038395552
25875,25876,2-s2.0-85053582549
25885,25886,2-s2.0-85063248957
25900,25901,2-s2.0-85051539708
25910,25911,2-s2.0-85052521152
25938,25939,2-s2.0-85051362271
25939,25940,2-s2.0-85051145701
25955,25956,2-s2.0-85049464087
26012,26013,2-s2.0-85048762047
26015,26016,2-s2.0-85041105176
26042,26043,2-s2.0-85065980053
26045,26046,2-s2.0-85065240546
26057,26058,2-s2.0-85063534012
26062,26063,2-s2.0-85063513238
26091,26092,2-s2.0-85062715635
26093,26094,2-s2.0-85062345857
26113,26114,2-s2.0-85049625767
26128,26129,2-s2.0-85059574290
26130,26131,2-s2.0-85057314566
26135,26136,2-s2.0-85052811311
26137,26138,2-s2.0-85052376544
26145,26146,2-s2.0-85050008509
26159,26160,2-s2.0-85047318570
26164,26165,2-s2.0-85046378550
26174,26175,2-s2.0-85044372069
26184,26185,2-s2.0-85061347194
26198,26199,2-s2.0-85049171899
26200,26201,2-s2.0-85051457714
26202,26203,2-s2.0-85051238345
26239,26240,2-s2.0-85051169076
26255,26256,2-s2.0-85053694031
26265,26266,2-s2.0-85048872558
26278,26279,2-s2.0-85052099020
26282,26283,2-s2.0-85052619100
26291,26292,2-s2.0-85064735059
26295,26296,2-s2.0-85061653109
26298,26299,2-s2.0-85061195331
26317,26318,2-s2.0-85051123631
26329,26330,2-s2.0-85048206362
26334,26335,2-s2.0-85047142049
26353,26354,2-s2.0-85042362365
26357,26358,2-s2.0-85041505818
26371,26372,2-s2.0-85010748070
26380,26381,2-s2.0-85048971657
26404,26405,2-s2.0-85048112156
26405,26406,2-s2.0-85048108894
26412,26413,2-s2.0-85048102891
26446,26447,2-s2.0-85048057587
26459,26460,2-s2.0-85048044568
26461,26462,2-s2.0-85048041124
26478,26479,2-s2.0-85048877953
26499,26500,2-s2.0-85047966614
26503,26504,2-s2.0-85038629389
26510,26511,2-s2.0-85053651220
26515,26516,2-s2.0-85086875292
26517,26518,2-s2.0-85067783399
26521,26522,2-s2.0-85061675225
26537,26538,2-s2.0-85047261713
26577,26578,2-s2.0-85047425940
26597,26598,2-s2.0-85031816104
26633,26634,2-s2.0-85045676319
26648,26649,2-s2.0-85045641070
26662,26663,2-s2.0-85045463081
26664,26665,2-s2.0-85044964626
26698,26699,2-s2.0-85050819864
26710,26711,2-s2.0-85044851345
26726,26727,2-s2.0-85027863479
26729,26730,2-s2.0-85021202547
26739,26740,2-s2.0-105003001528
26752,26753,2-s2.0-85045841712
26771,26772,2-s2.0-85045134481
26783,26784,2-s2.0-85046610804
26785,26786,2-s2.0-85042592175
26787,26788,2-s2.0-85091180121
26802,26803,2-s2.0-85056734349
26803,26804,2-s2.0-85056472044
26804,26805,2-s2.0-85056413824
26815,26816,2-s2.0-85048261282
26830,26831,2-s2.0-85043784585
26848,26849,2-s2.0-85041118323
26890,26891,2-s2.0-85050920666
26891,26892,2-s2.0-85050917779
26905,26906,2-s2.0-85046105540
26936,26937,2-s2.0-85042319487
26943,26944,2-s2.0-85042299009
26976,26977,2-s2.0-85042138904
26988,26989,2-s2.0-85042093843
26990,26991,2-s2.0-85042089966
26991,26992,2-s2.0-85042086626
26998,26999,2-s2.0-85054667004
27024,27025,2-s2.0-85039863471
27025,27026,2-s2.0-85038887587
27065,27066,2-s2.0-85047248561
27070,27071,2-s2.0-85055658281
27081,27082,2-s2.0-85040980375
27085,27086,2-s2.0-85040973805
27093,27094,2-s2.0-85047270764
27096,27097,2-s2.0-85040996736
27105,27106,2-s2.0-85048283016
27108,27109,2-s2.0-85045064408
27115,27116,2-s2.0-85041230163
27116,27117,2-s2.0-85041211056
27118,27119,2-s2.0-85038555931
27121,27122,2-s2.0-85037977298
27131,27132,2-s2.0-85020712573
27137,27138,2-s2.0-85014554440
27142,27143,2-s2.0-84961200568
27162,27163,2-s2.0-85146543418
27175,27176,2-s2.0-85139559309
27183,27184,2-s2.0-85135595951
27205,27206,2-s2.0-85097988109
27212,27213,2-s2.0-85092350411
27232,27233,2-s2.0-85085463201
27236,27237,2-s2.0-85085428277
27259,27260,2-s2.0-85082321534
27277,27278,2-s2.0-85074315300
27281,27282,2-s2.0-85072926761
27312,27313,2-s2.0-85068854857
27315,27316,2-s2.0-85068818608
27320,27321,2-s2.0-85067994163
27332,27333,2-s2.0-85066837706
27339,27340,2-s2.0-85066144101
27344,27345,2-s2.0-85065339677
27349,27350,2-s2.0-85065319290
27364,27365,2-s2.0-85065287435
27372,27373,2-s2.0-85064671281
27376,27377,2-s2.0-85064622737
27387,27388,2-s2.0-85064063295
27395,27396,2-s2.0-85063637292
27400,27401,2-s2.0-85063618641
27401,27402,2-s2.0-85063616446
27406,27407,2-s2.0-85063550303
27408,27409,2-s2.0-85063530434
27417,27418,2-s2.0-85063419225
27424,27425,2-s2.0-85063338927
27426,27427,2-s2.0-85063334073
27433,27434,2-s2.0-85062719411
27445,27446,2-s2.0-85062416104
27458,27459,2-s2.0-85061766844
27459,27460,2-s2.0-85061747892
27464,27465,2-s2.0-85061712145
27467,27468,2-s2.0-85061649796
27482,27483,2-s2.0-85061237077
27531,27532,2-s2.0-85060277541
27536,27537,2-s2.0-85060028525
27538,27539,2-s2.0-85060006013
27539,27540,2-s2.0-85059870095
27550,27551,2-s2.0-85059562419
27559,27560,2-s2.0-85059188180
27569,27570,2-s2.0-85058947220
27572,27573,2-s2.0-85058939095
27594,27595,2-s2.0-85058003086
27609,27610,2-s2.0-85057587322
27664,27665,2-s2.0-85055707900
27668,27669,2-s2.0-85055701238
27681,27682,2-s2.0-85055674800
27698,27699,2-s2.0-85055340570
27715,27716,2-s2.0-85054639271
27717,27718,2-s2.0-85054627159
27723,27724,2-s2.0-85054393132
27736,27737,2-s2.0-85053897918
27750,27751,2-s2.0-85053196113
27753,27754,2-s2.0-85053169903
27760,27761,2-s2.0-85052815907
27762,27763,2-s2.0-85052687966
27766,27767,2-s2.0-85052601708
27773,27774,2-s2.0-85051847581
27791,27792,2-s2.0-85050691020
27792,27793,2-s2.0-85050641359
27799,27800,2-s2.0-85050432762
27806,27807,2-s2.0-85050013728
27816,27817,2-s2.0-85049573358
27823,27824,2-s2.0-85049548621
27826,27827,2-s2.0-85049542138
27842,27843,2-s2.0-85048917062
27844,27845,2-s2.0-85048868898
27860,27861,2-s2.0-85048701598
27869,27870,2-s2.0-85048437466
27897,27898,2-s2.0-85047731806
27910,27911,2-s2.0-85047361421
27917,27918,2-s2.0-85047275855
27925,27926,2-s2.0-85046662048
27928,27929,2-s2.0-85046491749
27948,27949,2-s2.0-85045843786
27966,27967,2-s2.0-85044452272
27988,27989,2-s2.0-85042550548
27996,27997,2-s2.0-85042534338
28003,28004,2-s2.0-85042414083
28005,28006,2-s2.0-85042371338
28023,28024,2-s2.0-85041618082
28027,28028,2-s2.0-85041532221
28031,28032,2-s2.0-85041327106
28034,28035,2-s2.0-85041216969
28041,28042,2-s2.0-85040818643
28043,28044,2-s2.0-85040734148
28052,28053,2-s2.0-85040084011
28064,28065,2-s2.0-85037094807
28067,28068,2-s2.0-85035138993
28073,28074,2-s2.0-85035052243
28074,28075,2-s2.0-85035040910
28078,28079,2-s2.0-85034055539
28079,28080,2-s2.0-85033702411
28103,28104,2-s2.0-85022340724
28109,28110,2-s2.0-85022177532
28110,28111,2-s2.0-85021747811
28168,28169,2-s2.0-105009076222
28177,28178,2-s2.0-85038841615
28181,28182,2-s2.0-85043294353
28184,28185,2-s2.0-85043290129
28217,28218,2-s2.0-85036632111
28220,28221,2-s2.0-85075536100
28226,28227,2-s2.0-85057643528
28228,28229,2-s2.0-85057641951
28235,28236,2-s2.0-85055689160
28267,28268,2-s2.0-85040458045
28274,28275,2-s2.0-85037686849
28277,28278,2-s2.0-85037055999
28285,28286,2-s2.0-85034453738
28302,28303,2-s2.0-85029167778
28321,28322,2-s2.0-85018844422
28325,28326,2-s2.0-85017191904
28331,28332,2-s2.0-105002721136
28333,28334,2-s2.0-85042743879
28392,28393,2-s2.0-84984674622
28404,28405,2-s2.0-85043225943
28411,28412,2-s2.0-85036536163
28412,28413,2-s2.0-85036513864
28421,28422,2-s2.0-85035041602
28428,28429,2-s2.0-85034576585
28434,28435,2-s2.0-85032927461
28435,28436,2-s2.0-85032727464
28441,28442,2-s2.0-85031428941
28453,28454,2-s2.0-85028995699
28455,28456,2-s2.0-85026869893
28456,28457,2-s2.0-85025694519
28462,28463,2-s2.0-85021173094
28470,28471,2-s2.0-85032950596
28486,28487,2-s2.0-85041443773
28496,28497,2-s2.0-85040171339
28500,28501,2-s2.0-85040111985
28504,28505,2-s2.0-85044625369
28507,28508,2-s2.0-85007564370
28525,28526,2-s2.0-85038577874
28531,28532,2-s2.0-85034759297
28532,28533,2-s2.0-85034740419
28535,28536,2-s2.0-85037077737
28536,28537,2-s2.0-85037068948
28537,28538,2-s2.0-84991105241
28541,28542,2-s2.0-85019677678
28555,28556,2-s2.0-85032655156
28571,28572,2-s2.0-85136369135
28575,28576,2-s2.0-85065246807
28578,28579,2-s2.0-85057638202
28608,28609,2-s2.0-85028011986
28613,28614,2-s2.0-85026912582
28626,28627,2-s2.0-84992382802
28629,28630,2-s2.0-85031313421
28632,28633,2-s2.0-85032388208
28650,28651,2-s2.0-85032373606
28655,28656,2-s2.0-85032367236
28692,28693,2-s2.0-85044925515
28699,28700,2-s2.0-85057073459
28700,28701,2-s2.0-85032264727
28715,28716,2-s2.0-85030330238
28725,28726,2-s2.0-84996655401
28727,28728,2-s2.0-85057636888
28746,28747,2-s2.0-85029118691
28749,28750,2-s2.0-85028705620
28771,28772,2-s2.0-85017431436
28772,28773,2-s2.0-85014577695
28776,28777,2-s2.0-85007256287
28783,28784,2-s2.0-84956986022
28795,28796,2-s2.0-85011585253
28821,28822,2-s2.0-85027036508
28822,28823,2-s2.0-85018436488
28832,28833,2-s2.0-85028321708
28836,28837,2-s2.0-85028300394
28858,28859,2-s2.0-85030774434
28863,28864,2-s2.0-85028617498
28884,28885,2-s2.0-85019468334
28897,28898,2-s2.0-84983363414
28899,28900,2-s2.0-84955607869
28908,28909,2-s2.0-85026257950
28914,28915,2-s2.0-85027834539
28918,28919,2-s2.0-85027729105
28920,28921,2-s2.0-85055069449
28924,28925,2-s2.0-85026228571
28931,28932,2-s2.0-85020421810
28933,28934,2-s2.0-85012066446
28937,28938,2-s2.0-85003876290
28959,28960,2-s2.0-85050877658
28972,28973,2-s2.0-85064441907
28976,28977,2-s2.0-85049535891
28981,28982,2-s2.0-85047263556
28999,29000,2-s2.0-85031774263
29017,29018,2-s2.0-85021313959
29022,29023,2-s2.0-85020869247
29027,29028,2-s2.0-85019576376
29030,29031,2-s2.0-85017450201
29037,29038,2-s2.0-84992694909
29040,29041,2-s2.0-84969921342
29043,29044,2-s2.0-85026877932
29059,29060,2-s2.0-85031792263
29079,29080,2-s2.0-85030570278
29093,29094,2-s2.0-85030567540
29106,29107,2-s2.0-85030564410
29111,29112,2-s2.0-85030563081
29114,29115,2-s2.0-85030562574
29128,29129,2-s2.0-85030559001
29154,29155,2-s2.0-85030551394
29164,29165,2-s2.0-85030550077
29173,29174,2-s2.0-85030548618
29176,29177,2-s2.0-85030548278
29190,29191,2-s2.0-85030546375
29193,29194,2-s2.0-85030546250
29200,29201,2-s2.0-85030544957
29203,29204,2-s2.0-85030543342
29208,29209,2-s2.0-85030541165
29211,29212,2-s2.0-85030540363
29214,29215,2-s2.0-85030539972
29226,29227,2-s2.0-85030536615
29230,29231,2-s2.0-85030535850
29239,29240,2-s2.0-85030533804
29240,29241,2-s2.0-85030533583
29254,29255,2-s2.0-85030529346
29269,29270,2-s2.0-85030526674
29279,29280,2-s2.0-85027520076
29300,29301,2-s2.0-85023632598
29320,29321,2-s2.0-85075208598
29357,29358,2-s2.0-85019371727
29368,29369,2-s2.0-85018362764
29373,29374,2-s2.0-85015748037
29382,29383,2-s2.0-85008145378
29384,29385,2-s2.0-85006123426
29386,29387,2-s2.0-84978152139
29399,29400,2-s2.0-85009493720
29404,29405,2-s2.0-85053747648
29407,29408,2-s2.0-85020315547
29415,29416,2-s2.0-85017134498
29426,29427,2-s2.0-85054207584
29438,29439,2-s2.0-85013073349
29451,29452,2-s2.0-85045691208
29452,29453,2-s2.0-85035042927
29453,29454,2-s2.0-85032756195
29501,29502,2-s2.0-85018295651
29513,29514,2-s2.0-85012280148
29545,29546,2-s2.0-85020190570
29546,29547,2-s2.0-85020181394
29553,29554,2-s2.0-85033988272
29563,29564,2-s2.0-85018405464
29601,29602,2-s2.0-85025452724
29605,29606,2-s2.0-85021271339
29610,29611,2-s2.0-85018791945
29673,29674,2-s2.0-85020720602
29674,29675,2-s2.0-85015611522
29675,29676,2-s2.0-85017567702
29711,29712,2-s2.0-84961217051
29712,29713,2-s2.0-84961211073
29722,29723,2-s2.0-85086238415
29725,29726,2-s2.0-85065343450
29730,29731,2-s2.0-85034012411
29748,29749,2-s2.0-85016175238
29749,29750,2-s2.0-85016101781
29757,29758,2-s2.0-85015027725
29765,29766,2-s2.0-85014410044
29788,29789,2-s2.0-85000580214
29790,29791,2-s2.0-84995791133
29797,29798,2-s2.0-84988934671
29818,29819,2-s2.0-84988646839
29832,29833,2-s2.0-85014048245
29843,29844,2-s2.0-85046776969
29853,29854,2-s2.0-85013826185
29865,29866,2-s2.0-85008414990
29874,29875,2-s2.0-84983462970
29888,29889,2-s2.0-85011269822
29894,29895,2-s2.0-85013468475
29896,29897,2-s2.0-85013413623
29909,29910,2-s2.0-85016489318
29955,29956,2-s2.0-85182117361
29970,29971,2-s2.0-85144339128
29974,29975,2-s2.0-85141551273
30006,30007,2-s2.0-85106549178
30056,30057,2-s2.0-85075176585
30062,30063,2-s2.0-85073367121
30070,30071,2-s2.0-85071508757
30071,30072,2-s2.0-85071499369
30079,30080,2-s2.0-85069483724
30086,30087,2-s2.0-85067466097
30087,30088,2-s2.0-85066113706
30089,30090,2-s2.0-85065683075
30090,30091,2-s2.0-85065309135
30105,30106,2-s2.0-85057344431
30107,30108,2-s2.0-85056094813
30126,30127,2-s2.0-85053719503
30141,30142,2-s2.0-85051437349
30170,30171,2-s2.0-85048710201
30183,30184,2-s2.0-85048122534
30186,30187,2-s2.0-85047374850
30210,30211,2-s2.0-85044402821
30211,30212,2-s2.0-85044384266
30231,30232,2-s2.0-85042467577
30233,30234,2-s2.0-85042428330
30257,30258,2-s2.0-85041119733
30266,30267,2-s2.0-85040927415
30267,30268,2-s2.0-85040781958
30292,30293,2-s2.0-85038616974
30295,30296,2-s2.0-85038262298
30306,30307,2-s2.0-85037715473
30316,30317,2-s2.0-85037134504
30326,30327,2-s2.0-85036605295
30336,30337,2-s2.0-85035362599
30337,30338,2-s2.0-85035361479
30345,30346,2-s2.0-85035343979
30347,30348,2-s2.0-85035341812
30348,30349,2-s2.0-85035341362
30360,30361,2-s2.0-85035137323
30374,30375,2-s2.0-85034781407
30394,30395,2-s2.0-85034255302
30395,30396,2-s2.0-85034250983
30408,30409,2-s2.0-85034210133
30409,30410,2-s2.0-85033793819
30415,30416,2-s2.0-85033362919
30416,30417,2-s2.0-85032981962
30420,30421,2-s2.0-85032887014
30421,30422,2-s2.0-85032876292
30422,30423,2-s2.0-85032505476
30431,30432,2-s2.0-85032371794
30442,30443,2-s2.0-85031779924
30447,30448,2-s2.0-85031709644
30458,30459,2-s2.0-85030766246
30459,30460,2-s2.0-85030763214
30460,30461,2-s2.0-85030762533
30474,30475,2-s2.0-85029816418
30483,30484,2-s2.0-85029643145
30490,30491,2-s2.0-85029513972
30497,30498,2-s2.0-85029468298
30501,30502,2-s2.0-85029225337
30507,30508,2-s2.0-85028948233
30534,30535,2-s2.0-85028298678
30537,30538,2-s2.0-85028023120
30581,30582,2-s2.0-85025457303
30590,30591,2-s2.0-85025150716
30613,30614,2-s2.0-85023637843
30616,30617,2-s2.0-85023173973
30642,30643,2-s2.0-85021639258
30649,30650,2-s2.0-85021419383
30670,30671,2-s2.0-85020774187
30671,30672,2-s2.0-85020736018
30689,30690,2-s2.0-85020383894
30697,30698,2-s2.0-85020076884
30698,30699,2-s2.0-85020060650
30709,30710,2-s2.0-85019556196
30728,30729,2-s2.0-85018343327
30731,30732,2-s2.0-85018240823
30741,30742,2-s2.0-85017102772
30746,30747,2-s2.0-85016287592
30784,30785,2-s2.0-85012225007
30805,30806,2-s2.0-85010637780
30817,30818,2-s2.0-85010036688
30825,30826,2-s2.0-85008498809
30827,30828,2-s2.0-85008261151
30835,30836,2-s2.0-85002262395
30841,30842,2-s2.0-84996527541
30846,30847,2-s2.0-84991501150
30855,30856,2-s2.0-84980041655
30862,30863,2-s2.0-84941661705
30870,30871,2-s2.0-105011027680
30885,30886,2-s2.0-105008630841
30893,30894,2-s2.0-85015963297
30899,30900,2-s2.0-85010417603
30905,30906,2-s2.0-85007271715
30922,30923,2-s2.0-85065113265
30947,30948,2-s2.0-85007020522
30965,30966,2-s2.0-85006381797
30988,30989,2-s2.0-84994018426
30994,30995,2-s2.0-84987974286
31016,31017,2-s2.0-85012012689
31026,31027,2-s2.0-85006922960
31028,31029,2-s2.0-85006886594
31031,31032,2-s2.0-85006869767
31038,31039,2-s2.0-85006830346
31044,31045,2-s2.0-85006826305
31065,31066,2-s2.0-85006790217
31072,31073,2-s2.0-85006762228
31079,31080,2-s2.0-85006750224
31095,31096,2-s2.0-85014732592
31099,31100,2-s2.0-85006943990
31106,31107,2-s2.0-85003021740
31119,31120,2-s2.0-85002373937
31121,31122,2-s2.0-85022063602
31129,31130,2-s2.0-85008199580
31130,31131,2-s2.0-85008163211
31132,31133,2-s2.0-85007376650
31140,31141,2-s2.0-85033675634
31142,31143,2-s2.0-85028254916
31149,31150,2-s2.0-85007227228
31150,31151,2-s2.0-85007189914
31154,31155,2-s2.0-85007148162
31155,31156,2-s2.0-85002342343
31158,31159,2-s2.0-84995550674
31161,31162,2-s2.0-84994607458
31165,31166,2-s2.0-84992695201
31183,31184,2-s2.0-84978045013
31186,31187,2-s2.0-84966705277
31208,31209,2-s2.0-84983770568
31218,31219,2-s2.0-84995526966
31232,31233,2-s2.0-84999268937
31240,31241,2-s2.0-84969776546
31243,31244,2-s2.0-84961627592
31249,31250,2-s2.0-85097376723
31252,31253,2-s2.0-85059155877
31263,31264,2-s2.0-85007489100
31278,31279,2-s2.0-84990929302
31279,31280,2-s2.0-84989315938
31290,31291,2-s2.0-84987926267
31291,31292,2-s2.0-84987881646
31292,31293,2-s2.0-84986538889
31296,31297,2-s2.0-84984684788
31315,31316,2-s2.0-84961204421
31331,31332,2-s2.0-84992047453
31342,31343,2-s2.0-85066265497
31359,31360,2-s2.0-85018858546
31364,31365,2-s2.0-85006163529
31370,31371,2-s2.0-84990888174
31387,31388,2-s2.0-84985995769
31388,31389,2-s2.0-84985991700
31392,31393,2-s2.0-84984904128
31407,31408,2-s2.0-84981333295
31409,31410,2-s2.0-84979693191
31424,31425,2-s2.0-84945319319
31428,31429,2-s2.0-84928740210
31457,31458,2-s2.0-84978664310
31468,31469,2-s2.0-84991489970
31477,31478,2-s2.0-84983732278
31492,31493,2-s2.0-84978033509
31496,31497,2-s2.0-84975758763
31500,31501,2-s2.0-84975166589
31521,31522,2-s2.0-84963614821
31540,31541,2-s2.0-84983426496
31552,31553,2-s2.0-84979784042
31556,31557,2-s2.0-84979735751
31580,31581,2-s2.0-85011022634
31587,31588,2-s2.0-84966714966
31590,31591,2-s2.0-84961199333
31593,31594,2-s2.0-84945157803
31596,31597,2-s2.0-84902944919
31617,31618,2-s2.0-84978173333
31621,31622,2-s2.0-84978076949
31625,31626,2-s2.0-84976433880
31636,31637,2-s2.0-84964964376
31650,31651,2-s2.0-84951765785
31654,31655,2-s2.0-84940469181
31656,31657,2-s2.0-84924273128
31664,31665,2-s2.0-84983362317
31682,31683,2-s2.0-84983294345
31699,31700,2-s2.0-84975247440
31707,31708,2-s2.0-84977534198
31715,31716,2-s2.0-85075401980
31723,31724,2-s2.0-84979663966
31753,31754,2-s2.0-84965020788
31762,31763,2-s2.0-84962676193
31763,31764,2-s2.0-84962668318
31770,31771,2-s2.0-84959020755
31773,31774,2-s2.0-84952701003
31774,31775,2-s2.0-84949635298
31776,31777,2-s2.0-84931863618
31781,31782,2-s2.0-84921326406
31786,31787,2-s2.0-84964553150
31796,31797,2-s2.0-84973364562
31801,31802,2-s2.0-84994666199
31820,31821,2-s2.0-84971655096
31836,31837,2-s2.0-84992327341
31840,31841,2-s2.0-84978215753
31841,31842,2-s2.0-84977943166
31845,31846,2-s2.0-84973470291
31857,31858,2-s2.0-84961208266
31876,31877,2-s2.0-84939646921
31883,31884,2-s2.0-84973621765
31913,31914,2-s2.0-84969921252
31917,31918,2-s2.0-84969909598
31924,31925,2-s2.0-84962274924
31945,31946,2-s2.0-84961240558
31957,31958,2-s2.0-85019866103
31966,31967,2-s2.0-84973879549
31995,31996,2-s2.0-84962759795
32005,32006,2-s2.0-84961199212
32006,32007,2-s2.0-84961197634
32009,32010,2-s2.0-84960896840
32010,32011,2-s2.0-84960532912
32026,32027,2-s2.0-84971654644
32062,32063,2-s2.0-85066619567
32067,32068,2-s2.0-84983088225
32076,32077,2-s2.0-84966318784
32085,32086,2-s2.0-84960920373
32100,32101,2-s2.0-84958652462
32102,32103,2-s2.0-84958058662
32103,32104,2-s2.0-84958055596
32112,32113,2-s2.0-84949812147
32116,32117,2-s2.0-85008440595
32120,32121,2-s2.0-84982999554
32153,32154,2-s2.0-85008697763
32162,32163,2-s2.0-84957927993
32181,32182,2-s2.0-84959470580
32190,32191,2-s2.0-84966560274
32215,32216,2-s2.0-84955586555
32217,32218,2-s2.0-84954373752
32226,32227,2-s2.0-85181378491
32228,32229,2-s2.0-85173328499
32232,32233,2-s2.0-85168464819
32243,32244,2-s2.0-85139260950
32253,32254,2-s2.0-85135567924
32266,32267,2-s2.0-85100843216
32284,32285,2-s2.0-85082658200
32292,32293,2-s2.0-85071947744
32294,32295,2-s2.0-85071929863
32310,32311,2-s2.0-85068862324
32335,32336,2-s2.0-85060123501
32336,32337,2-s2.0-85059846076
32343,32344,2-s2.0-85054684563
32346,32347,2-s2.0-85052395181
32365,32366,2-s2.0-85042541638
32371,32372,2-s2.0-85042522861
32384,32385,2-s2.0-85039054695
32387,32388,2-s2.0-85035762773
32394,32395,2-s2.0-85032511051
32401,32402,2-s2.0-85030859663
32416,32417,2-s2.0-85026754569
32421,32422,2-s2.0-85026537660
32425,32426,2-s2.0-85025824555
32439,32440,2-s2.0-85022332450
32440,32441,2-s2.0-85022325220
32449,32450,2-s2.0-85021681606
32478,32479,2-s2.0-85018979929
32486,32487,2-s2.0-85018932907
32490,32491,2-s2.0-85018920310
32495,32496,2-s2.0-85018916554
32497,32498,2-s2.0-85018914514
32537,32538,2-s2.0-85018563519
32552,32553,2-s2.0-85018072802
32569,32570,2-s2.0-85016798817
32580,32581,2-s2.0-85016455828
32605,32606,2-s2.0-85014385860
32606,32607,2-s2.0-85014365221
32618,32619,2-s2.0-85013668573
32623,32624,2-s2.0-85013082164
32634,32635,2-s2.0-85011706298
32638,32639,2-s2.0-85011105189
32639,32640,2-s2.0-85011097293
32643,32644,2-s2.0-85010952888
32650,32651,2-s2.0-85009770846
32662,32663,2-s2.0-85009659157
32670,32671,2-s2.0-85009461052
32673,32674,2-s2.0-85009433273
32676,32677,2-s2.0-85009152767
32680,32681,2-s2.0-85008947580
32684,32685,2-s2.0-85008352127
32688,32689,2-s2.0-85007591491
32706,32707,2-s2.0-85006784957
32710,32711,2-s2.0-85006489436
32716,32717,2-s2.0-85006288794
32730,32731,2-s2.0-85002588814
32736,32737,2-s2.0-85000866278
32754,32755,2-s2.0-84996931858
32755,32756,2-s2.0-84996879839
32764,32765,2-s2.0-84996565445
32768,32769,2-s2.0-84995700001
32781,32782,2-s2.0-84994840390
32786,32787,2-s2.0-84994297208
32788,32789,2-s2.0-84994238892
32801,32802,2-s2.0-84992562563
32831,32832,2-s2.0-84988864357
32835,32836,2-s2.0-84988664685
32839,32840,2-s2.0-84988599533
32842,32843,2-s2.0-84988498962
32845,32846,2-s2.0-84988026347
32856,32857,2-s2.0-84987848069
32857,32858,2-s2.0-84987819703
32891,32892,2-s2.0-84981507355
32894,32895,2-s2.0-84981318525
32902,32903,2-s2.0-84979523788
32911,32912,2-s2.0-84978945346
32928,32929,2-s2.0-84978726751
32932,32933,2-s2.0-84978296373
32934,32935,2-s2.0-84978289295
32949,32950,2-s2.0-84978066057
32952,32953,2-s2.0-84977543011
32965,32966,2-s2.0-84976388638
32970,32971,2-s2.0-84975284875
32989,32990,2-s2.0-84968765087
33018,33019,2-s2.0-84964489753
33019,33020,2-s2.0-84964434866
33027,33028,2-s2.0-84963746109
33039,33040,2-s2.0-84961918567
33053,33054,2-s2.0-84960388786
33069,33070,2-s2.0-84958999346
33072,33073,2-s2.0-84958695200
33084,33085,2-s2.0-84957690736
33091,33092,2-s2.0-84956755865
33110,33111,2-s2.0-84949098327
33113,33114,2-s2.0-84949091591
33116,33117,2-s2.0-84948580830
33140,33141,2-s2.0-105013150308
33143,33144,2-s2.0-105012920642
33155,33156,2-s2.0-85218859473
33188,33189,2-s2.0-105012037112
33194,33195,2-s2.0-105011144683
33236,33237,2-s2.0-105005120261
33241,33242,2-s2.0-105004351424
33272,33273,2-s2.0-105007153046
33278,33279,2-s2.0-105012196704
33279,33280,2-s2.0-105012125488
33289,33290,2-s2.0-105009334626
33330,33331,2-s2.0-105011154204
33332,33333,2-s2.0-105009850510
33337,33338,2-s2.0-105007212595
33368,33369,2-s2.0-85207351612
33376,33377,2-s2.0-85195695064
33381,33382,2-s2.0-105013149350
33393,33394,2-s2.0-105011958320
33413,33414,2-s2.0-105009349742
33417,33418,2-s2.0-105008763494
33432,33433,2-s2.0-105005886350
33440,33441,2-s2.0-105004462531
33445,33446,2-s2.0-105002596060
33453,33454,2-s2.0-105000118828
33455,33456,2-s2.0-105011595934
33456,33457,2-s2.0-105013155831
33484,33485,2-s2.0-105011584110
33492,33493,2-s2.0-105012916558
33557,33558,2-s2.0-105010694319
33567,33568,2-s2.0-105008350113
33570,33571,2-s2.0-105007506052
33571,33572,2-s2.0-105007187965
33573,33574,2-s2.0-105006888184
33574,33575,2-s2.0-105005785847
33581,33582,2-s2.0-105003573925
33583,33584,2-s2.0-105001147308
33591,33592,2-s2.0-105010089717
33595,33596,2-s2.0-105012671812
33602,33603,2-s2.0-105011755142
33604,33605,2-s2.0-105010656834
33610,33611,2-s2.0-105010095528
33619,33620,2-s2.0-105012214658
33629,33630,2-s2.0-105012328329
33645,33646,2-s2.0-105009212356
33657,33658,2-s2.0-105007504162
33658,33659,2-s2.0-86000735415
33661,33662,2-s2.0-85218833428
33665,33666,2-s2.0-85217970445
33666,33667,2-s2.0-85217431234
33681,33682,2-s2.0-85214934611
33697,33698,2-s2.0-85211170277
33711,33712,2-s2.0-85198944849
33718,33719,2-s2.0-85192002701
33726,33727,2-s2.0-85175802911
33727,33728,2-s2.0-85174959871
33732,33733,2-s2.0-105010587066
33733,33734,2-s2.0-105010356554
33740,33741,2-s2.0-105009908893
33743,33744,2-s2.0-105009633618
33748,33749,2-s2.0-105009375339
33768,33769,2-s2.0-105008998171
33775,33776,2-s2.0-105008174313
33776,33777,2-s2.0-105008173376
33777,33778,2-s2.0-105007788798
33784,33785,2-s2.0-105007730747
33790,33791,2-s2.0-105007471349
33798,33799,2-s2.0-105005977138
33802,33803,2-s2.0-105005265719
33805,33806,2-s2.0-105005090942
33821,33822,2-s2.0-105002578426
33822,33823,2-s2.0-105002412782
33831,33832,2-s2.0-105001497493
33847,33848,2-s2.0-105007677171
33848,33849,2-s2.0-105006851930
33861,33862,2-s2.0-105006720394
33863,33864,2-s2.0-105003990413
33867,33868,2-s2.0-105003985877
33868,33869,2-s2.0-105003985821
33872,33873,2-s2.0-105003982740
33887,33888,2-s2.0-86000549032
33903,33904,2-s2.0-85216339394
33908,33909,2-s2.0-85211464792
33918,33919,2-s2.0-85209721316
33920,33921,2-s2.0-85204181441
33929,33930,2-s2.0-105010754773
33930,33931,2-s2.0-105009749145
33931,33932,2-s2.0-105009040739
33935,33936,2-s2.0-105006786890
33938,33939,2-s2.0-105006747029
33951,33952,2-s2.0-105005073912
33969,33970,2-s2.0-105002494639
33987,33988,2-s2.0-105000630449
33992,33993,2-s2.0-105004818704
33997,33998,2-s2.0-105005749117
34000,34001,2-s2.0-105005734818
34011,34012,2-s2.0-105005382157
34017,34018,2-s2.0-105004864112
34036,34037,2-s2.0-105007435709
34050,34051,2-s2.0-85219034423
34071,34072,2-s2.0-85214664212
34072,34073,2-s2.0-85214575984
34081,34082,2-s2.0-85192516900
34089,34090,2-s2.0-105007097336
34108,34109,2-s2.0-105003672805
34119,34120,2-s2.0-105003438506
34126,34127,2-s2.0-105003377835
34132,34133,2-s2.0-105002734198
34134,34135,2-s2.0-105002357772
34144,34145,2-s2.0-105001636634
34158,34159,2-s2.0-105002337020
34172,34173,2-s2.0-105002311195
34182,34183,2-s2.0-105002285964
34190,34191,2-s2.0-85217753703
34191,34192,2-s2.0-105007646615
34235,34236,2-s2.0-85219718565
34248,34249,2-s2.0-85216835531
34258,34259,2-s2.0-85212292551
34261,34262,2-s2.0-85211161484
34299,34300,2-s2.0-105011985681
34318,34319,2-s2.0-105004362295
34325,34326,2-s2.0-105003016045
34334,34335,2-s2.0-105001978949
34348,34349,2-s2.0-105001573603
34355,34356,2-s2.0-105001419573
34358,34359,2-s2.0-105001288274
34359,34360,2-s2.0-105001250075
34361,34362,2-s2.0-105001163249
34387,34388,2-s2.0-105000557933
34392,34393,2-s2.0-105000000517
34409,34410,2-s2.0-105005890432
34422,34423,2-s2.0-85217809172
34450,34451,2-s2.0-85218691877
34452,34453,2-s2.0-85218443539
34465,34466,2-s2.0-85214898904
34473,34474,2-s2.0-85210601837
34483,34484,2-s2.0-85208577270
34484,34485,2-s2.0-85208545942
34500,34501,2-s2.0-85202930697
34506,34507,2-s2.0-85198490237
34520,34521,2-s2.0-85178948750
34536,34537,2-s2.0-85208979520
34541,34542,2-s2.0-85219446200
34557,34558,2-s2.0-85218414774
34559,34560,2-s2.0-85215837788
34566,34567,2-s2.0-105003592766
34572,34573,2-s2.0-85217874428
34600,34601,2-s2.0-86000385391
34609,34610,2-s2.0-86000365749
34622,34623,2-s2.0-86000023478
34624,34625,2-s2.0-86000012822
34628,34629,2-s2.0-85219698433
34660,34661,2-s2.0-85218818521
34661,34662,2-s2.0-85218808585
34663,34664,2-s2.0-85218799229
34675,34676,2-s2.0-85218723922
34680,34681,2-s2.0-85218700556
34688,34689,2-s2.0-85218253422
34722,34723,2-s2.0-85217669823
34748,34749,2-s2.0-85217206319
34754,34755,2-s2.0-85217169257
34755,34756,2-s2.0-85217160678
34768,34769,2-s2.0-85217050624
34775,34776,2-s2.0-85217012391
34777,34778,2-s2.0-85216898987
34778,34779,2-s2.0-85216859634
34781,34782,2-s2.0-85216811937
34798,34799,2-s2.0-85216471235
34804,34805,2-s2.0-85216385176
34808,34809,2-s2.0-85216293755
34823,34824,2-s2.0-85215951878
34838,34839,2-s2.0-85215560210
34846,34847,2-s2.0-85215502875
34854,34855,2-s2.0-85215110519
34858,34859,2-s2.0-85214987918
34872,34873,2-s2.0-85214520352
34877,34878,2-s2.0-85214417407
34880,34881,2-s2.0-85214393081
34888,34889,2-s2.0-85214193309
34902,34903,2-s2.0-85213844732
34912,34913,2-s2.0-85212968672
34945,34946,2-s2.0-85210094811
34950,34951,2-s2.0-85209921681
34959,34960,2-s2.0-85209102112
34961,34962,2-s2.0-85208953536
34962,34963,2-s2.0-85208623551
35001,35002,2-s2.0-85203396832
35003,35004,2-s2.0-85203183042
35012,35013,2-s2.0-85199859994
35015,35016,2-s2.0-85199388952
35036,35037,2-s2.0-85192972197
35047,35048,2-s2.0-85188997720
35049,35050,2-s2.0-85187531083
35064,35065,2-s2.0-85179963773
35066,35067,2-s2.0-85176909095
35073,35074,2-s2.0-85173780307
35075,35076,2-s2.0-85171767417
35076,35077,2-s2.0-85170833519
35083,35084,2-s2.0-85150876030
35084,35085,2-s2.0-85150833751
35087,35088,2-s2.0-85145506367
35098,35099,2-s2.0-105013788875
35100,35101,2-s2.0-105013781244
35111,35112,2-s2.0-105013743587
35113,35114,2-s2.0-105013742337
35118,35119,2-s2.0-105013698238
35121,35122,2-s2.0-105013655266
35143,35144,2-s2.0-105013564437
35159,35160,2-s2.0-105013539468
35190,35191,2-s2.0-105013178697
35196,35197,2-s2.0-105013138280
35197,35198,2-s2.0-105013133910
35200,35201,2-s2.0-105013128252
35204,35205,2-s2.0-105013117963
35237,35238,2-s2.0-105013002580
35245,35246,2-s2.0-105012969769
35247,35248,2-s2.0-105012960794
35261,35262,2-s2.0-105012873085
35262,35263,2-s2.0-105012870211
35263,35264,2-s2.0-105012862107
35272,35273,2-s2.0-105012705867
35278,35279,2-s2.0-105012677397
35280,35281,2-s2.0-105012668107
35293,35294,2-s2.0-105012549365
35312,35313,2-s2.0-105012406387
35330,35331,2-s2.0-105012187478
35345,35346,2-s2.0-105012119285
35347,35348,2-s2.0-105012096113
35348,35349,2-s2.0-105012093719
35351,35352,2-s2.0-105012035463
35360,35361,2-s2.0-105012023891
35363,35364,2-s2.0-105012020127
35378,35379,2-s2.0-105011946178
35380,35381,2-s2.0-105011878636
35400,35401,2-s2.0-105011761191
35409,35410,2-s2.0-105011684052
35414,35415,2-s2.0-105011601017
35429,35430,2-s2.0-105011490290
35474,35475,2-s2.0-105010941922
35486,35487,2-s2.0-105010861821
35496,35497,2-s2.0-105010701136
35498,35499,2-s2.0-105010689260
35505,35506,2-s2.0-105010622251
35516,35517,2-s2.0-105010523977
35517,35518,2-s2.0-105010512869
35521,35522,2-s2.0-105010428111
35527,35528,2-s2.0-105010301270
35530,35531,2-s2.0-105010231302
35537,35538,2-s2.0-105010098175
35565,35566,2-s2.0-105009754509
35570,35571,2-s2.0-105009683569
35591,35592,2-s2.0-105009465094
35608,35609,2-s2.0-105009273254
35616,35617,2-s2.0-105009236527
35637,35638,2-s2.0-105009087541
35644,35645,2-s2.0-105009066328
35646,35647,2-s2.0-105008999661
35653,35654,2-s2.0-105008866930
35680,35681,2-s2.0-105008504438
35689,35690,2-s2.0-105008394742
35700,35701,2-s2.0-105008274636
35727,35728,2-s2.0-105008207181
35746,35747,2-s2.0-105008193181
35753,35754,2-s2.0-105008183433
35760,35761,2-s2.0-105008177376
35762,35763,2-s2.0-105008176103
35775,35776,2-s2.0-105007914876
35786,35787,2-s2.0-105007806770
35789,35790,2-s2.0-105007777614
35799,35800,2-s2.0-105007675286
35806,35807,2-s2.0-105007579702
35812,35813,2-s2.0-105007543457
35814,35815,2-s2.0-105007529506
35820,35821,2-s2.0-105007435871
35843,35844,2-s2.0-105007307664
35845,35846,2-s2.0-105007298660
35887,35888,2-s2.0-105006917117
35888,35889,2-s2.0-105006915158
35902,35903,2-s2.0-105006830944
35909,35910,2-s2.0-105006816826
35913,35914,2-s2.0-105006807295
35915,35916,2-s2.0-105006790058
35920,35921,2-s2.0-105006768791
35926,35927,2-s2.0-105006636456
35927,35928,2-s2.0-105006635414
35931,35932,2-s2.0-105006579267
35939,35940,2-s2.0-105006445616
35945,35946,2-s2.0-105005937231
35956,35957,2-s2.0-105005865490
35959,35960,2-s2.0-105005848629
35963,35964,2-s2.0-105005832818
35970,35971,2-s2.0-105005782441
35981,35982,2-s2.0-105005706481
35985,35986,2-s2.0-105005604101
35987,35988,2-s2.0-105005592738
35998,35999,2-s2.0-105005443412
36009,36010,2-s2.0-105005244156
36014,36015,2-s2.0-105005166923
36022,36023,2-s2.0-105005140287
36030,36031,2-s2.0-105005069884
36034,36035,2-s2.0-105005056630
36050,36051,2-s2.0-105004982714
36054,36055,2-s2.0-105004950125
36066,36067,2-s2.0-105004777529
36081,36082,2-s2.0-105004616779
36084,36085,2-s2.0-105004612438
36086,36087,2-s2.0-105004610885
36089,36090,2-s2.0-105004605264
36097,36098,2-s2.0-105004479762
36108,36109,2-s2.0-105004428858
36138,36139,2-s2.0-105004007671
36139,36140,2-s2.0-105004006772
36148,36149,2-s2.0-105003929502
36157,36158,2-s2.0-105003815319
36166,36167,2-s2.0-105003736714
36204,36205,2-s2.0-105003492885
36228,36229,2-s2.0-105003253338
36237,36238,2-s2.0-105003206590
36243,36244,2-s2.0-105003188715
36250,36251,2-s2.0-105003134020
36252,36253,2-s2.0-105003108266
36260,36261,2-s2.0-105002854295
36268,36269,2-s2.0-105002763703
36275,36276,2-s2.0-105002727380
36283,36284,2-s2.0-105002642922
36289,36290,2-s2.0-105002590405
36316,36317,2-s2.0-105002273842
36317,36318,2-s2.0-105002266986
36318,36319,2-s2.0-105002251969
36338,36339,2-s2.0-105002006602
36342,36343,2-s2.0-105001993001
36356,36357,2-s2.0-105001877320
36357,36358,2-s2.0-105001877302
36361,36362,2-s2.0-105001844963
36386,36387,2-s2.0-105001586664
36394,36395,2-s2.0-105001507255
36400,36401,2-s2.0-105001474432
36428,36429,2-s2.0-105001318835
36432,36433,2-s2.0-105001293038
36445,36446,2-s2.0-105001179008
36446,36447,2-s2.0-105001169947
36451,36452,2-s2.0-105001117325
36452,36453,2-s2.0-105001082946
36460,36461,2-s2.0-105001035965
36475,36476,2-s2.0-105000723912
36476,36477,2-s2.0-105000723253
36505,36506,2-s2.0-105000169453
36506,36507,2-s2.0-105000165241
36509,36510,2-s2.0-105000137320
36521,36522,2-s2.0-85215093662
36523,36524,2-s2.0-85214879236
36545,36546,2-s2.0-85213032048
36552,36553,2-s2.0-85214725280
36562,36563,2-s2.0-85212955139
36564,36565,2-s2.0-85212933574
36583,36584,2-s2.0-85217577841
36615,36616,2-s2.0-85213017699
36619,36620,2-s2.0-85212961437
36639,36640,2-s2.0-85211818257
36645,36646,2-s2.0-85211466157
36649,36650,2-s2.0-85211187275
36692,36693,2-s2.0-85209152948
36702,36703,2-s2.0-85208132447
36704,36705,2-s2.0-85208065186
36749,36750,2-s2.0-85204756746
36755,36756,2-s2.0-85204289052
36772,36773,2-s2.0-85203021780
36774,36775,2-s2.0-85202891990
36817,36818,2-s2.0-85195276360
36820,36821,2-s2.0-85194705802
36840,36841,2-s2.0-85188502351
36842,36843,2-s2.0-85188180966
36848,36849,2-s2.0-85187117688
36852,36853,2-s2.0-85185924944
36855,36856,2-s2.0-85185283357
36877,36878,2-s2.0-85163722263
36887,36888,2-s2.0-105007986734
36889,36890,2-s2.0-105005599171
36891,36892,2-s2.0-105003134454
36894,36895,2-s2.0-105000325238
36897,36898,2-s2.0-105000221747
36900,36901,2-s2.0-85189954271
36905,36906,2-s2.0-85198625198
36911,36912,2-s2.0-85212901980
36914,36915,2-s2.0-85212895524
36924,36925,2-s2.0-85215699934
36930,36931,2-s2.0-85210261260
36933,36934,2-s2.0-85208823647
36936,36937,2-s2.0-85208641553
36948,36949,2-s2.0-85206809343
36949,36950,2-s2.0-85215629827
36973,36974,2-s2.0-85211087465
36985,36986,2-s2.0-85210371277
36989,36990,2-s2.0-85210174366
37006,37007,2-s2.0-85205460951
37011,37012,2-s2.0-85204309421
37028,37029,2-s2.0-85200975015
37030,37031,2-s2.0-85200887465
37055,37056,2-s2.0-85189471293
37065,37066,2-s2.0-85142096059
37103,37104,2-s2.0-105001562698
37107,37108,2-s2.0-85206230478
37128,37129,2-s2.0-85208106701
37154,37155,2-s2.0-85204991820
37158,37159,2-s2.0-85204730166
37167,37168,2-s2.0-85201108630
37171,37172,2-s2.0-85200150394
37173,37174,2-s2.0-85200032701
37176,37177,2-s2.0-85199478827
37214,37215,2-s2.0-85192825192
37216,37217,2-s2.0-85190496293
37227,37228,2-s2.0-85179950037
37254,37255,2-s2.0-85209182522
37256,37257,2-s2.0-85206582726
37270,37271,2-s2.0-85201424492
37287,37288,2-s2.0-85215086790
37302,37303,2-s2.0-85209734101
37309,37310,2-s2.0-85206914488
37314,37315,2-s2.0-85205994978
37340,37341,2-s2.0-85201762702
37343,37344,2-s2.0-85201562042
37364,37365,2-s2.0-85200111335
37370,37371,2-s2.0-85199164153
37376,37377,2-s2.0-85198990449
37388,37389,2-s2.0-85196779624
37398,37399,2-s2.0-85194837877
37399,37400,2-s2.0-85194750115
37414,37415,2-s2.0-85186945678
37415,37416,2-s2.0-85186607891
37428,37429,2-s2.0-85163700981
37460,37461,2-s2.0-85202587300
37463,37464,2-s2.0-85206987252
37465,37466,2-s2.0-85204335395
37472,37473,2-s2.0-85204273036
37475,37476,2-s2.0-85216992247
37484,37485,2-s2.0-85205540687
37488,37489,2-s2.0-85204302735
37500,37501,2-s2.0-85202623479
37501,37502,2-s2.0-85202622999
37519,37520,2-s2.0-85201398065
37535,37536,2-s2.0-85198129939
37553,37554,2-s2.0-85194267453
37558,37559,2-s2.0-85194161693
37560,37561,2-s2.0-85193683747
37574,37575,2-s2.0-85189630054
37580,37581,2-s2.0-85187435798
37592,37593,2-s2.0-85167592971
37632,37633,2-s2.0-85201085815
37642,37643,2-s2.0-85199892623
37656,37657,2-s2.0-85198903503
37661,37662,2-s2.0-85208743094
37685,37686,2-s2.0-85203653675
37700,37701,2-s2.0-85200169144
37730,37731,2-s2.0-85197397934
37736,37737,2-s2.0-85196057038
37737,37738,2-s2.0-85195875782
37739,37740,2-s2.0-85195180454
37741,37742,2-s2.0-85194822594
37745,37746,2-s2.0-85193295162
37749,37750,2-s2.0-85191977352
37752,37753,2-s2.0-85189168848
37759,37760,2-s2.0-85186250738
37781,37782,2-s2.0-85196601952
37811,37812,2-s2.0-85202074890
37824,37825,2-s2.0-85202068821
37825,37826,2-s2.0-85202068809
37835,37836,2-s2.0-85202066344
37842,37843,2-s2.0-85202064861
37863,37864,2-s2.0-85202058864
37868,37869,2-s2.0-85202055991
37869,37870,2-s2.0-85202055915
37898,37899,2-s2.0-85202045606
37912,37913,2-s2.0-85202040140
37917,37918,2-s2.0-85202038493
37924,37925,2-s2.0-85202035948
37944,37945,2-s2.0-85202031102
37947,37948,2-s2.0-85202030277
37960,37961,2-s2.0-85202023007
37995,37996,2-s2.0-85202014384
38008,38009,2-s2.0-85202011914
38017,38018,2-s2.0-85202009765
38020,38021,2-s2.0-85205389779
38021,38022,2-s2.0-85205367598
38025,38026,2-s2.0-85198345614
38038,38039,2-s2.0-85202591383
38043,38044,2-s2.0-85192807229
38070,38071,2-s2.0-85203698475
38103,38104,2-s2.0-85197190780
38114,38115,2-s2.0-85196904044
38123,38124,2-s2.0-85195798884
38127,38128,2-s2.0-85195501330
38128,38129,2-s2.0-85195483744
38138,38139,2-s2.0-85193743028
38141,38142,2-s2.0-85193692679
38150,38151,2-s2.0-85192839063
38159,38160,2-s2.0-85192176663
38163,38164,2-s2.0-85191722632
38173,38174,2-s2.0-85190471265
38174,38175,2-s2.0-85190463530
38176,38177,2-s2.0-85189912093
38180,38181,2-s2.0-85189538987
38200,38201,2-s2.0-85185133018
38207,38208,2-s2.0-85182846925
38210,38211,2-s2.0-85182461519
38212,38213,2-s2.0-85182205727
38243,38244,2-s2.0-85149028156
38261,38262,2-s2.0-85194871919
38265,38266,2-s2.0-85194735517
38269,38270,2-s2.0-85194715721
38272,38273,2-s2.0-85194696439
38303,38304,2-s2.0-85217015248
38329,38330,2-s2.0-85195080080
38340,38341,2-s2.0-85194244884
38348,38349,2-s2.0-85194070698
38357,38358,2-s2.0-85191689453
38362,38363,2-s2.0-85190127751
38365,38366,2-s2.0-85188847041
38389,38390,2-s2.0-85168276330
38391,38392,2-s2.0-85150996979
38392,38393,2-s2.0-85147382776
38399,38400,2-s2.0-85193020123
38409,38410,2-s2.0-85192958322
38421,38422,2-s2.0-85191984357
38440,38441,2-s2.0-85191009093
38454,38455,2-s2.0-85197690712
38458,38459,2-s2.0-85203712522
38462,38463,2-s2.0-85190698729
38463,38464,2-s2.0-85190692946
38478,38479,2-s2.0-85195288817
38489,38490,2-s2.0-85192309631
38505,38506,2-s2.0-85190721546
38507,38508,2-s2.0-85190482506
38509,38510,2-s2.0-85190462172
38517,38518,2-s2.0-85188117590
38523,38524,2-s2.0-85186547861
38554,38555,2-s2.0-85163408804
38555,38556,2-s2.0-85162971871
38562,38563,2-s2.0-85146343974
38563,38564,2-s2.0-85146190901
38584,38585,2-s2.0-85191233506
38588,38589,2-s2.0-85189329651
38601,38602,2-s2.0-85187550547
38629,38630,2-s2.0-85189247457
38647,38648,2-s2.0-85193973030
38651,38652,2-s2.0-85193228062
38652,38653,2-s2.0-85192543738
38659,38660,2-s2.0-85189482205
38664,38665,2-s2.0-85188943566
38676,38677,2-s2.0-85188671068
38690,38691,2-s2.0-85186215002
38697,38698,2-s2.0-85185172892
38707,38708,2-s2.0-85181766116
38711,38712,2-s2.0-85180435853
38732,38733,2-s2.0-85147761672
38738,38739,2-s2.0-85134350246
38776,38777,2-s2.0-85184605382
38784,38785,2-s2.0-85193542097
38822,38823,2-s2.0-85185908404
38829,38830,2-s2.0-85184379084
38832,38833,2-s2.0-85183109018
38835,38836,2-s2.0-85179675635
38845,38846,2-s2.0-85174578794
38872,38873,2-s2.0-85184307296
38882,38883,2-s2.0-85180991325
38883,38884,2-s2.0-85174228825
38885,38886,2-s2.0-85183296618
38900,38901,2-s2.0-86000628331
38910,38911,2-s2.0-86000252954
38919,38920,2-s2.0-86000038866
38925,38926,2-s2.0-85219643725
38933,38934,2-s2.0-85219426530
38957,38958,2-s2.0-85219155813
38969,38970,2-s2.0-85218666199
38985,38986,2-s2.0-85218637461
38999,39000,2-s2.0-85218627424
39020,39021,2-s2.0-85218209211
39027,39028,2-s2.0-85218159996
39042,39043,2-s2.0-85217822232
39052,39053,2-s2.0-85217619703
39082,39083,2-s2.0-85216791588
39103,39104,2-s2.0-85216680950
39133,39134,2-s2.0-85215816137
39141,39142,2-s2.0-85215668292
39191,39192,2-s2.0-85214310063
39205,39206,2-s2.0-85213949990
39208,39209,2-s2.0-85213812274
39209,39210,2-s2.0-85213732221
39230,39231,2-s2.0-85213027603
39246,39247,2-s2.0-85212888758
39257,39258,2-s2.0-85212779035
39283,39284,2-s2.0-85212221076
39291,39292,2-s2.0-85212142744
39303,39304,2-s2.0-85212072016
39331,39332,2-s2.0-85211721776
39335,39336,2-s2.0-85211607448
39337,39338,2-s2.0-85211602347
39349,39350,2-s2.0-85211483986
39356,39357,2-s2.0-85211437339
39357,39358,2-s2.0-85211377967
39364,39365,2-s2.0-85211198273
39367,39368,2-s2.0-85211158890
39393,39394,2-s2.0-85210931955
39398,39399,2-s2.0-85210878650
39408,39409,2-s2.0-85210599453
39416,39417,2-s2.0-85210415097
39425,39426,2-s2.0-85210227477
39461,39462,2-s2.0-85209365627
39465,39466,2-s2.0-85209241660
39469,39470,2-s2.0-85209215614
39490,39491,2-s2.0-85208903593
39493,39494,2-s2.0-85208809477
39494,39495,2-s2.0-85208803715
39504,39505,2-s2.0-85208612157
39510,39511,2-s2.0-85208531331
39517,39518,2-s2.0-85208429587
39533,39534,2-s2.0-85208170946
39558,39559,2-s2.0-85207401486
39562,39563,2-s2.0-85207302985
39572,39573,2-s2.0-85207192880
39579,39580,2-s2.0-85207045845
39580,39581,2-s2.0-85207042531
39585,39586,2-s2.0-85207007624
39586,39587,2-s2.0-85207006764
39595,39596,2-s2.0-85206813723
39604,39605,2-s2.0-85206653050
39614,39615,2-s2.0-85206578397
39620,39621,2-s2.0-85206492320
39621,39622,2-s2.0-85206491429
39623,39624,2-s2.0-85206410222
39641,39642,2-s2.0-85206065895
39663,39664,2-s2.0-85205931559
39705,39706,2-s2.0-85205390601
39718,39719,2-s2.0-85205346087
39739,39740,2-s2.0-85205080574
39770,39771,2-s2.0-85204425836
39777,39778,2-s2.0-85204382383
39796,39797,2-s2.0-85204200683
39803,39804,2-s2.0-85204075716
39818,39819,2-s2.0-85203812639
39857,39858,2-s2.0-85202937852
39863,39864,2-s2.0-85202912953
39870,39871,2-s2.0-85202834737
39872,39873,2-s2.0-85202806087
39874,39875,2-s2.0-85202797582
39876,39877,2-s2.0-85202752553
39884,39885,2-s2.0-85202536888
39885,39886,2-s2.0-85202536459
39903,39904,2-s2.0-85202044951
39905,39906,2-s2.0-85202020074
39923,39924,2-s2.0-85201752650
39938,39939,2-s2.0-85201429428
39956,39957,2-s2.0-85201315306
39962,39963,2-s2.0-85201269954
39968,39969,2-s2.0-85201209977
39989,39990,2-s2.0-85200789826
40013,40014,2-s2.0-85200567748
40027,40028,2-s2.0-85200513878
40034,40035,2-s2.0-85200493101
40037,40038,2-s2.0-85200484983
40051,40052,2-s2.0-85200396798
40053,40054,2-s2.0-85200392928
40064,40065,2-s2.0-85200359072
40080,40081,2-s2.0-85200264723
40102,40103,2-s2.0-85200034362
40104,40105,2-s2.0-85200011383
40109,40110,2-s2.0-85199918946
40115,40116,2-s2.0-85199765387
40120,40121,2-s2.0-85199654356
40129,40130,2-s2.0-85199611494
40134,40135,2-s2.0-85199589237
40140,40141,2-s2.0-85199544316
40153,40154,2-s2.0-85199344102
40175,40176,2-s2.0-85199115005
40176,40177,2-s2.0-85199113108
40192,40193,2-s2.0-85199068996
40193,40194,2-s2.0-85199063314
40202,40203,2-s2.0-85199043429
40227,40228,2-s2.0-85198587170
40238,40239,2-s2.0-85198385528
40252,40253,2-s2.0-85198346520
40257,40258,2-s2.0-85198322981
40262,40263,2-s2.0-85198224305
40272,40273,2-s2.0-85198124550
40296,40297,2-s2.0-85197605340
40307,40308,2-s2.0-85197415402
40308,40309,2-s2.0-85197407349
40315,40316,2-s2.0-85197264325
40328,40329,2-s2.0-85196953598
40343,40344,2-s2.0-85196753227
40355,40356,2-s2.0-85196355533
40357,40358,2-s2.0-85196300987
40363,40364,2-s2.0-85196165943
40375,40376,2-s2.0-85195982237
40389,40390,2-s2.0-85195596552
40395,40396,2-s2.0-85195542147
40411,40412,2-s2.0-85195315077
40416,40417,2-s2.0-85195254400
40464,40465,2-s2.0-85193994726
40472,40473,2-s2.0-85193909275
40476,40477,2-s2.0-85193779734
40490,40491,2-s2.0-85193462823
40491,40492,2-s2.0-85193377642
40492,40493,2-s2.0-85193269640
40494,40495,2-s2.0-85193262935
40495,40496,2-s2.0-85193262233
40496,40497,2-s2.0-85193255702
40499,40500,2-s2.0-85193236312
40532,40533,2-s2.0-85192567903
40535,40536,2-s2.0-85192539939
40549,40550,2-s2.0-85192143974
40553,40554,2-s2.0-85192085798
40571,40572,2-s2.0-85191841784
40583,40584,2-s2.0-85191573507
40591,40592,2-s2.0-85191326066
40593,40594,2-s2.0-85191287407
40602,40603,2-s2.0-85191019128
40625,40626,2-s2.0-85190354805
40634,40635,2-s2.0-85190123799
40645,40646,2-s2.0-85189824756
40654,40655,2-s2.0-85189609696
40659,40660,2-s2.0-85189513408
40672,40673,2-s2.0-85189358816
40698,40699,2-s2.0-85188740558
40700,40701,2-s2.0-85188612703
40701,40702,2-s2.0-85188605133
40705,40706,2-s2.0-85188444050
40730,40731,2-s2.0-85187891036
40734,40735,2-s2.0-85187867052
40737,40738,2-s2.0-85187783972
40759,40760,2-s2.0-85187166342
40768,40769,2-s2.0-85186946427
40774,40775,2-s2.0-85186894843
40787,40788,2-s2.0-85186582759
40795,40796,2-s2.0-85186455925
40803,40804,2-s2.0-85186319155
40807,40808,2-s2.0-85186230646
40823,40824,2-s2.0-85185662267
40827,40828,2-s2.0-85185528346
40836,40837,2-s2.0-85185439677
40843,40844,2-s2.0-85185181880
40860,40861,2-s2.0-85184865550
40869,40870,2-s2.0-85184552520
40909,40910,2-s2.0-85183445123
40912,40913,2-s2.0-85183411034
40913,40914,2-s2.0-85183397992
40917,40918,2-s2.0-85183341422
40923,40924,2-s2.0-85183147317
40936,40937,2-s2.0-85182889052
40953,40954,2-s2.0-85181896040
40964,40965,2-s2.0-85181015485
40967,40968,2-s2.0-85180915981
40972,40973,2-s2.0-85180588116
40981,40982,2-s2.0-85180088549
41017,41018,2-s2.0-85175561053
41019,41020,2-s2.0-85175449205
41038,41039,2-s2.0-85173744122
41041,41042,2-s2.0-85173501112
41053,41054,2-s2.0-85170272899
41064,41065,2-s2.0-85166760801
41066,41067,2-s2.0-85166412104
41083,41084,2-s2.0-85161542656
41089,41090,2-s2.0-85159687504
41091,41092,2-s2.0-85159041169
41093,41094,2-s2.0-85158909382
41096,41097,2-s2.0-85158864061
41103,41104,2-s2.0-85152428346
41105,41106,2-s2.0-85151966582
41149,41150,2-s2.0-85142888872
41150,41151,2-s2.0-85142494217
41154,41155,2-s2.0-85141055115
41168,41169,2-s2.0-85137109187
41188,41189,2-s2.0-85130262601
41190,41191,2-s2.0-85130039352
41205,41206,2-s2.0-85124118790
41258,41259,2-s2.0-105007446178
41260,41261,2-s2.0-105007100273
41277,41278,2-s2.0-105005832914
41281,41282,2-s2.0-105005831780
41293,41294,2-s2.0-105005827130
41305,41306,2-s2.0-105005701880
41315,41316,2-s2.0-105005263837
41325,41326,2-s2.0-105004533422
41333,41334,2-s2.0-105004511443
41353,41354,2-s2.0-105003464078
41363,41364,2-s2.0-105002498924
41365,41366,2-s2.0-105002209444
41380,41381,2-s2.0-105002141570
41383,41384,2-s2.0-105001894485
41390,41391,2-s2.0-105001662247
41392,41393,2-s2.0-105001619931
41416,41417,2-s2.0-105000750758
41432,41433,2-s2.0-105000697523
41437,41438,2-s2.0-105000681669
41454,41455,2-s2.0-105000527170
41467,41468,2-s2.0-105000073188
41468,41469,2-s2.0-105000045989
41473,41474,2-s2.0-85180867517
41487,41488,2-s2.0-85180324548
41493,41494,2-s2.0-85183527008
41497,41498,2-s2.0-85183479069
41511,41512,2-s2.0-85218243431
41533,41534,2-s2.0-85183902609
41538,41539,2-s2.0-85181826662
41565,41566,2-s2.0-85179853570
41571,41572,2-s2.0-85179699414
41576,41577,2-s2.0-85178961299
41577,41578,2-s2.0-85178626228
41580,41581,2-s2.0-85178417893
41588,41589,2-s2.0-85177028203
41589,41590,2-s2.0-85176921884
41594,41595,2-s2.0-85175677237
41616,41617,2-s2.0-85173705305
41626,41627,2-s2.0-85171485807
41661,41662,2-s2.0-85161470311
41663,41664,2-s2.0-85160291196
41667,41668,2-s2.0-85159703737
41670,41671,2-s2.0-85158926199
41706,41707,2-s2.0-85130753879
41721,41722,2-s2.0-85175673532
41736,41737,2-s2.0-105005419750
41750,41751,2-s2.0-85176909599
41755,41756,2-s2.0-105001563377
41787,41788,2-s2.0-85178131432
41820,41821,2-s2.0-85170240057
41830,41831,2-s2.0-85164727864
41870,41871,2-s2.0-85177608900
41881,41882,2-s2.0-85177560512
41898,41899,2-s2.0-85178294093
41901,41902,2-s2.0-85178279532
41906,41907,2-s2.0-85175401608
41921,41922,2-s2.0-85177239260
41925,41926,2-s2.0-85176275171
41948,41949,2-s2.0-85174158524
41949,41950,2-s2.0-85174061671
41961,41962,2-s2.0-85169453183
41965,41966,2-s2.0-85167577678
41970,41971,2-s2.0-85165442860
41983,41984,2-s2.0-85160678148
41985,41986,2-s2.0-85159631978
41996,41997,2-s2.0-85149797806
41997,41998,2-s2.0-85149712490
42002,42003,2-s2.0-85143585511
42014,42015,2-s2.0-85194129847
42019,42020,2-s2.0-85194128109
42021,42022,2-s2.0-85194127868
42029,42030,2-s2.0-85185974027
42074,42075,2-s2.0-85179307447
42079,42080,2-s2.0-85177072624
42108,42109,2-s2.0-85172277710
42122,42123,2-s2.0-85170829993
42125,42126,2-s2.0-85170661337
42145,42146,2-s2.0-85164508782
42149,42150,2-s2.0-85162967359
42164,42165,2-s2.0-85148503192
42187,42188,2-s2.0-85123479503
42211,42212,2-s2.0-85176773193
42254,42255,2-s2.0-85168952783
42257,42258,2-s2.0-85168728699
42265,42266,2-s2.0-85166662666
42267,42268,2-s2.0-85166519759
42271,42272,2-s2.0-85163011501
42279,42280,2-s2.0-85153963110
42284,42285,2-s2.0-85150615406
42296,42297,2-s2.0-85147177116
42307,42308,2-s2.0-85139088911
42320,42321,2-s2.0-85120455929
42331,42332,2-s2.0-85174318184
42369,42370,2-s2.0-85173788627
42385,42386,2-s2.0-85168286964
42393,42394,2-s2.0-85166359012
42395,42396,2-s2.0-85166192480
42402,42403,2-s2.0-85162095073
42411,42412,2-s2.0-85153239617
42415,42416,2-s2.0-85152263620
42419,42420,2-s2.0-85151988679
42420,42421,2-s2.0-85151982179
42425,42426,2-s2.0-85148424489
42428,42429,2-s2.0-85145860181
42438,42439,2-s2.0-85123194149
42464,42465,2-s2.0-85172166632
42504,42505,2-s2.0-85172117002
42505,42506,2-s2.0-85172116382
42538,42539,2-s2.0-85172082283
42540,42541,2-s2.0-85172080748
42541,42542,2-s2.0-85172079329
42560,42561,2-s2.0-85212101753
42567,42568,2-s2.0-85170172729
42584,42585,2-s2.0-85166958473
42588,42589,2-s2.0-85166942557
42597,42598,2-s2.0-85166918010
42601,42602,2-s2.0-85208101937
42607,42608,2-s2.0-85163677794
42614,42615,2-s2.0-85163596522
42627,42628,2-s2.0-85184009897
42640,42641,2-s2.0-85166304531
42651,42652,2-s2.0-85164133154
42664,42665,2-s2.0-85163608360
42665,42666,2-s2.0-85163592734
42675,42676,2-s2.0-85160670502
42676,42677,2-s2.0-85160409648
42677,42678,2-s2.0-85160218238
42689,42690,2-s2.0-85150520432
42692,42693,2-s2.0-85150227978
42705,42706,2-s2.0-85146959604
42715,42716,2-s2.0-85143405110
42719,42720,2-s2.0-85141364900
42739,42740,2-s2.0-85079127278
42750,42751,2-s2.0-85162723653
42757,42758,2-s2.0-85188097378
42762,42763,2-s2.0-85160036028
42766,42767,2-s2.0-85192727811
42799,42800,2-s2.0-85156122757
42804,42805,2-s2.0-85152279704
42805,42806,2-s2.0-85151441138
42849,42850,2-s2.0-85196242388
42883,42884,2-s2.0-85159286475
42894,42895,2-s2.0-85153723324
42898,42899,2-s2.0-85153704327
42907,42908,2-s2.0-85153475148
42915,42916,2-s2.0-85151623103
42929,42930,2-s2.0-85147800727
42932,42933,2-s2.0-85147678070
42934,42935,2-s2.0-85147090111
42937,42938,2-s2.0-85146159870
42946,42947,2-s2.0-85140903995
42958,42959,2-s2.0-85133320408
42962,42963,2-s2.0-85127367963
42982,42983,2-s2.0-85151252543
42986,42987,2-s2.0-85165044328
42988,42989,2-s2.0-85170095434
43001,43002,2-s2.0-85150419641
43011,43012,2-s2.0-85149754371
43021,43022,2-s2.0-85149848718
43035,43036,2-s2.0-85171371794
43038,43039,2-s2.0-85167979669
43050,43051,2-s2.0-85160248353
43072,43073,2-s2.0-85151082905
43073,43074,2-s2.0-85151081580
43082,43083,2-s2.0-85151042710
43121,43122,2-s2.0-85143625472
43135,43136,2-s2.0-85129269092
43173,43174,2-s2.0-85148653572
43202,43203,2-s2.0-85164177762
43207,43208,2-s2.0-85151158122
43223,43224,2-s2.0-85148762589
43228,43229,2-s2.0-85148699667
43245,43246,2-s2.0-85145604216
43247,43248,2-s2.0-85145157949
43261,43262,2-s2.0-85139225766
43283,43284,2-s2.0-85117511591
43288,43289,2-s2.0-85149102388
43309,43310,2-s2.0-85142683021
43311,43312,2-s2.0-85163057622
43319,43320,2-s2.0-85146519494
43324,43325,2-s2.0-85146504293
43337,43338,2-s2.0-85179373289
43357,43358,2-s2.0-85214696703
43361,43362,2-s2.0-85214669745
43383,43384,2-s2.0-85205574718
43384,43385,2-s2.0-85205544637
43421,43422,2-s2.0-85197257296
43423,43424,2-s2.0-85197054276
43431,43432,2-s2.0-85195893301
43446,43447,2-s2.0-85194747930
43463,43464,2-s2.0-85192835717
43487,43488,2-s2.0-85189401407
43499,43500,2-s2.0-85188533002
43503,43504,2-s2.0-85188017488
43538,43539,2-s2.0-85186121450
43552,43553,2-s2.0-85185527911
43553,43554,2-s2.0-85185489284
43561,43562,2-s2.0-85185221166
43562,43563,2-s2.0-85185217367
43575,43576,2-s2.0-85184852511
43584,43585,2-s2.0-85184427233
43587,43588,2-s2.0-85184337880
43589,43590,2-s2.0-85184277175
43598,43599,2-s2.0-85183950592
43603,43604,2-s2.0-85183560758
43609,43610,2-s2.0-85183059639
43617,43618,2-s2.0-85183023339
43622,43623,2-s2.0-85183015251
43636,43637,2-s2.0-85182984126
43646,43647,2-s2.0-85182873020
43647,43648,2-s2.0-85182871653
43655,43656,2-s2.0-85182668427
43674,43675,2-s2.0-85182211054
43677,43678,2-s2.0-85181971762
43691,43692,2-s2.0-85181541439
43697,43698,2-s2.0-85181512859
43704,43705,2-s2.0-85181002922
43709,43710,2-s2.0-85180960738
43710,43711,2-s2.0-85180869542
43731,43732,2-s2.0-85180790750
43732,43733,2-s2.0-85180789564
43748,43749,2-s2.0-85180759267
43750,43751,2-s2.0-85180758354
43773,43774,2-s2.0-85180562368
43783,43784,2-s2.0-85180338687
43789,43790,2-s2.0-85180198806
43796,43797,2-s2.0-85180056212
43802,43803,2-s2.0-85180029505
43817,43818,2-s2.0-85179848964
43847,43848,2-s2.0-85179523890
43849,43850,2-s2.0-85179511071
43854,43855,2-s2.0-85179341973
43876,43877,2-s2.0-85178590285
43893,43894,2-s2.0-85178296728
43909,43910,2-s2.0-85177729384
43915,43916,2-s2.0-85177516787
43916,43917,2-s2.0-85177510783
43921,43922,2-s2.0-85177475226
43929,43930,2-s2.0-85177205183
43939,43940,2-s2.0-85176738596
43945,43946,2-s2.0-85176597721
43948,43949,2-s2.0-85176550820
43957,43958,2-s2.0-85176372709
43959,43960,2-s2.0-85176366270
43973,43974,2-s2.0-85175986367
43981,43982,2-s2.0-85175816737
43985,43986,2-s2.0-85175734350
43991,43992,2-s2.0-85175569247
44039,44040,2-s2.0-85174624659
44052,44053,2-s2.0-85174509395
44060,44061,2-s2.0-85174451300
44084,44085,2-s2.0-85173976472
44098,44099,2-s2.0-85173839907
44124,44125,2-s2.0-85173590834
44126,44127,2-s2.0-85173569070
44127,44128,2-s2.0-85173568320
44137,44138,2-s2.0-85173290390
44141,44142,2-s2.0-85173067293
44145,44146,2-s2.0-85173013090
44150,44151,2-s2.0-85172872912
44160,44161,2-s2.0-85172660402
44163,44164,2-s2.0-85172403489
44182,44183,2-s2.0-85172028852
44187,44188,2-s2.0-85171995139
44196,44197,2-s2.0-85171588092
44203,44204,2-s2.0-85171499833
44209,44210,2-s2.0-85171303465
44211,44212,2-s2.0-85171259515
44214,44215,2-s2.0-85171183292
44215,44216,2-s2.0-85171169495
44219,44220,2-s2.0-85170714724
44223,44224,2-s2.0-85170682175
44255,44256,2-s2.0-85169917218
44282,44283,2-s2.0-85169821691
44297,44298,2-s2.0-85169785257
44302,44303,2-s2.0-85169614365
44309,44310,2-s2.0-85169437359
44328,44329,2-s2.0-85168996322
44329,44330,2-s2.0-85168992901
44332,44333,2-s2.0-85168978401
44335,44336,2-s2.0-85168925877
44367,44368,2-s2.0-85168147043
44372,44373,2-s2.0-85168002083
44381,44382,2-s2.0-85167867736
44410,44411,2-s2.0-85167405248
44422,44423,2-s2.0-85166658129
44434,44435,2-s2.0-85166317327
44437,44438,2-s2.0-85166215562
44444,44445,2-s2.0-85166086600
44453,44454,2-s2.0-85165961341
44456,44457,2-s2.0-85165869097
44469,44470,2-s2.0-85165479045
44479,44480,2-s2.0-85165258393
44506,44507,2-s2.0-85164909869
44510,44511,2-s2.0-85164750598
44513,44514,2-s2.0-85164730964
44522,44523,2-s2.0-85164571923
44523,44524,2-s2.0-85164559924
44557,44558,2-s2.0-85163833928
44569,44570,2-s2.0-85163797382
44579,44580,2-s2.0-85163510226
44590,44591,2-s2.0-85163380066
44609,44610,2-s2.0-85162902216
44612,44613,2-s2.0-85162838528
44627,44628,2-s2.0-85162676299
44636,44637,2-s2.0-85162153996
44639,44640,2-s2.0-85162113616
44649,44650,2-s2.0-85161554754
44653,44654,2-s2.0-85161478194
44670,44671,2-s2.0-85161275825
44679,44680,2-s2.0-85160865020
44681,44682,2-s2.0-85160794854
44686,44687,2-s2.0-85160668993
44694,44695,2-s2.0-85160490027
44706,44707,2-s2.0-85160095816
44729,44730,2-s2.0-85159822004
44731,44732,2-s2.0-85159787103
44732,44733,2-s2.0-85159780209
44739,44740,2-s2.0-85159416167
44764,44765,2-s2.0-85158880034
44765,44766,2-s2.0-85158877222
44766,44767,2-s2.0-85158870579
44787,44788,2-s2.0-85156167750
44789,44790,2-s2.0-85154556028
44852,44853,2-s2.0-85153043387
44854,44855,2-s2.0-85152917572
44862,44863,2-s2.0-85152647995
44871,44872,2-s2.0-85152471963
44884,44885,2-s2.0-85152372317
44889,44890,2-s2.0-85152276712
44893,44894,2-s2.0-85152248459
44902,44903,2-s2.0-85151923587
44914,44915,2-s2.0-85151278196
44919,44920,2-s2.0-85151120150
44934,44935,2-s2.0-85150913172
44939,44940,2-s2.0-85150682110
44944,44945,2-s2.0-85150453801
44964,44965,2-s2.0-85149950829
44966,44967,2-s2.0-85149839481
44991,44992,2-s2.0-85149328876
44996,44997,2-s2.0-85148855060
44998,44999,2-s2.0-85148752353
45005,45006,2-s2.0-85148618775
45019,45020,2-s2.0-85148224312
45029,45030,2-s2.0-85147714347
45044,45045,2-s2.0-85146816706
45092,45093,2-s2.0-85144954143
45105,45106,2-s2.0-85143800280
45106,45107,2-s2.0-85143609725
45130,45131,2-s2.0-85141570265
45143,45144,2-s2.0-85140260646
45146,45147,2-s2.0-85139840659
45148,45149,2-s2.0-85139475664
45149,45150,2-s2.0-85139455707
45160,45161,2-s2.0-85137974303
45173,45174,2-s2.0-85136263375
45198,45199,2-s2.0-85131727310
45215,45216,2-s2.0-85129183042
45246,45247,2-s2.0-85121356988
45265,45266,2-s2.0-85115274122
45271,45272,2-s2.0-85114783921
45274,45275,2-s2.0-85114436806
45294,45295,2-s2.0-85108654653
45308,45309,2-s2.0-85103615712
45314,45315,2-s2.0-85100271087
45316,45317,2-s2.0-85097558143
45342,45343,2-s2.0-105005952064
45357,45358,2-s2.0-105005937947
45362,45363,2-s2.0-85153616548
45364,45365,2-s2.0-85145885726
45376,45377,2-s2.0-85146658242
45378,45379,2-s2.0-85146650476
45388,45389,2-s2.0-85145507115
45421,45422,2-s2.0-85144124404
45423,45424,2-s2.0-85144122434
45432,45433,2-s2.0-85144103639
45442,45443,2-s2.0-85190657104
45475,45476,2-s2.0-85147763743
45502,45503,2-s2.0-85144679591
45507,45508,2-s2.0-85144176033
45510,45511,2-s2.0-85143974793
45533,45534,2-s2.0-85141434094
45534,45535,2-s2.0-85141362208
45538,45539,2-s2.0-85140855734
45551,45552,2-s2.0-85139570621
45555,45556,2-s2.0-85139273965
45572,45573,2-s2.0-85137702661
45586,45587,2-s2.0-85135169568
45589,45590,2-s2.0-85134475858
45590,45591,2-s2.0-85133852842
45591,45592,2-s2.0-85133620462
45600,45601,2-s2.0-85131722490
45614,45615,2-s2.0-85128974462
45618,45619,2-s2.0-85127523524
45624,45625,2-s2.0-85124297546
45626,45627,2-s2.0-85123883727
45648,45649,2-s2.0-85101033891
45655,45656,2-s2.0-105006463081
45662,45663,2-s2.0-85144067401
45670,45671,2-s2.0-85144038239
45672,45673,2-s2.0-85144026278
45674,45675,2-s2.0-85143892451
45680,45681,2-s2.0-85151058058
45684,45685,2-s2.0-85144079364
45712,45713,2-s2.0-85142155101
45713,45714,2-s2.0-85139044675
45759,45760,2-s2.0-85142162359
45766,45767,2-s2.0-85141827603
45771,45772,2-s2.0-85141763337
45775,45776,2-s2.0-85141408650
45777,45778,2-s2.0-85139972343
45789,45790,2-s2.0-85134778128
45808,45809,2-s2.0-85113146397
45835,45836,2-s2.0-85138277725
45840,45841,2-s2.0-85141530444
45862,45863,2-s2.0-85138902991
45891,45892,2-s2.0-85140908891
45894,45895,2-s2.0-85140641258
45901,45902,2-s2.0-85140484785
45903,45904,2-s2.0-85140466406
45910,45911,2-s2.0-85139973136
45911,45912,2-s2.0-85139964991
45931,45932,2-s2.0-85138212145
45934,45935,2-s2.0-85136795151
45945,45946,2-s2.0-85131513568
45964,45965,2-s2.0-85116478256
45976,45977,2-s2.0-85104554306
45995,45996,2-s2.0-85139248667
46002,46003,2-s2.0-85139952188
46020,46021,2-s2.0-85141859463
46030,46031,2-s2.0-85182985704
46033,46034,2-s2.0-85153535599
46040,46041,2-s2.0-85145421549
46041,46042,2-s2.0-85145416435
46042,46043,2-s2.0-85145408280
46059,46060,2-s2.0-85142675950
46062,46063,2-s2.0-85141814006
46063,46064,2-s2.0-85141566847
46086,46087,2-s2.0-85138202714
46090,46091,2-s2.0-85137930713
46110,46111,2-s2.0-85133859622
46121,46122,2-s2.0-85132230371
46123,46124,2-s2.0-85132178253
46128,46129,2-s2.0-85131519688
46132,46133,2-s2.0-85129750217
46134,46135,2-s2.0-85129216019
46135,46136,2-s2.0-85128829905
46150,46151,2-s2.0-85118299890
46166,46167,2-s2.0-85137737394
46221,46222,2-s2.0-85138245261
46233,46234,2-s2.0-85138232014
46238,46239,2-s2.0-85138227665
46242,46243,2-s2.0-85138222166
46256,46257,2-s2.0-85136780657
46275,46276,2-s2.0-85139566379
46286,46287,2-s2.0-85137239016
46316,46317,2-s2.0-85133415886
46342,46343,2-s2.0-85105009688
46350,46351,2-s2.0-85135726806
46384,46385,2-s2.0-85134653219
46390,46391,2-s2.0-85134643436
46394,46395,2-s2.0-85134538296
46399,46400,2-s2.0-85134430841
46407,46408,2-s2.0-85150452149
46418,46419,2-s2.0-85141670304
46429,46430,2-s2.0-85136705304
46435,46436,2-s2.0-85135109832
46445,46446,2-s2.0-85134036091
46452,46453,2-s2.0-85133720669
46453,46454,2-s2.0-85133710674
46479,46480,2-s2.0-85130280384
46488,46489,2-s2.0-85123642754
46495,46496,2-s2.0-85104886523
46496,46497,2-s2.0-85104804620
46510,46511,2-s2.0-85134533284
46533,46534,2-s2.0-85133469904
46537,46538,2-s2.0-85133440827
46542,46543,2-s2.0-85136746047
46569,46570,2-s2.0-85135271130
46571,46572,2-s2.0-85135238530
46589,46590,2-s2.0-85132521327
46591,46592,2-s2.0-85132305668
46597,46598,2-s2.0-85132150090
46607,46608,2-s2.0-85131603005
46618,46619,2-s2.0-85130645073
46634,46635,2-s2.0-85128067406
46636,46637,2-s2.0-85127713511
46643,46644,2-s2.0-85127170244
46648,46649,2-s2.0-85126595065
46652,46653,2-s2.0-85126037573
46658,46659,2-s2.0-85125522952
46670,46671,2-s2.0-85121390625
46700,46701,2-s2.0-85133263500
46728,46729,2-s2.0-85153358506
46745,46746,2-s2.0-85132844305
46748,46749,2-s2.0-85132733924
46765,46766,2-s2.0-85130277331
46768,46769,2-s2.0-85129938928
46797,46798,2-s2.0-85120054502
46807,46808,2-s2.0-85113833252
46816,46817,2-s2.0-85190665596
46826,46827,2-s2.0-85128801800
46833,46834,2-s2.0-85128643887
46838,46839,2-s2.0-85142084893
46842,46843,2-s2.0-85138526928
46850,46851,2-s2.0-85131177275
46862,46863,2-s2.0-85129195301
46871,46872,2-s2.0-85128475046
46881,46882,2-s2.0-85127922461
46884,46885,2-s2.0-85127543234
46886,46887,2-s2.0-85127529684
46910,46911,2-s2.0-85123057163
46947,46948,2-s2.0-85144309188
46955,46956,2-s2.0-85127825558
46959,46960,2-s2.0-85128838524
46994,46995,2-s2.0-85127645749
47000,47001,2-s2.0-85127208535
47002,47003,2-s2.0-85126962705
47005,47006,2-s2.0-85126921835
47006,47007,2-s2.0-85126911816
47015,47016,2-s2.0-85126309236
47026,47027,2-s2.0-85125433272
47050,47051,2-s2.0-85114453358
47102,47103,2-s2.0-85123378398
47104,47105,2-s2.0-85127704901
47145,47146,2-s2.0-85124067155
47153,47154,2-s2.0-85123598725
47160,47161,2-s2.0-85122405820
47165,47166,2-s2.0-85121047353
47170,47171,2-s2.0-85115664304
47176,47177,2-s2.0-85110252101
47197,47198,2-s2.0-85124194226
47208,47209,2-s2.0-85129161596
47213,47214,2-s2.0-85125083098
47220,47221,2-s2.0-85123345104
47226,47227,2-s2.0-85113692598
47242,47243,2-s2.0-85216744711
47246,47247,2-s2.0-85205600619
47247,47248,2-s2.0-85205584658
47262,47263,2-s2.0-85195313031
47287,47288,2-s2.0-85180804684
47294,47295,2-s2.0-85180757772
47314,47315,2-s2.0-85174849080
47316,47317,2-s2.0-85174847032
47333,47334,2-s2.0-85174123136
47338,47339,2-s2.0-85174083131
47341,47342,2-s2.0-85172351155
47353,47354,2-s2.0-85171192725
47356,47357,2-s2.0-85170254347
47359,47360,2-s2.0-85169921885
47367,47368,2-s2.0-85168325013
47371,47372,2-s2.0-85167609621
47397,47398,2-s2.0-85163837210
47410,47411,2-s2.0-85161875168
47416,47417,2-s2.0-85161213331
47426,47427,2-s2.0-85159955985
47427,47428,2-s2.0-85159792852
47439,47440,2-s2.0-85159328059
47455,47456,2-s2.0-85158988898
47460,47461,2-s2.0-85158972245
47465,47466,2-s2.0-85158942916
47469,47470,2-s2.0-85158928320
47472,47473,2-s2.0-85158821382
47474,47475,2-s2.0-85156168634
47485,47486,2-s2.0-85153934250
47492,47493,2-s2.0-85153425447
47504,47505,2-s2.0-85151739506
47505,47506,2-s2.0-85151688749
47514,47515,2-s2.0-85151017164
47523,47524,2-s2.0-85150679504
47537,47538,2-s2.0-85150560321
47544,47545,2-s2.0-85150537995
47559,47560,2-s2.0-85149812672
47567,47568,2-s2.0-85149181212
47575,47576,2-s2.0-85148750132
47589,47590,2-s2.0-85148469565
47599,47600,2-s2.0-85148077099
47601,47602,2-s2.0-85148041928
47605,47606,2-s2.0-85147989446
47612,47613,2-s2.0-85147774698
47624,47625,2-s2.0-85147529729
47626,47627,2-s2.0-85147528326
47630,47631,2-s2.0-85147521245
47633,47634,2-s2.0-85147517682
47674,47675,2-s2.0-85146722799
47690,47691,2-s2.0-85146558956
47692,47693,2-s2.0-85146531058
47694,47695,2-s2.0-85146495093
47699,47700,2-s2.0-85146396442
47756,47757,2-s2.0-85144818523
47766,47767,2-s2.0-85144454483
47767,47768,2-s2.0-85144449948
47775,47776,2-s2.0-85144361912
47776,47777,2-s2.0-85144354957
47869,47870,2-s2.0-85142456140
47870,47871,2-s2.0-85142455938
47878,47879,2-s2.0-85142415315
47884,47885,2-s2.0-85142297078
47896,47897,2-s2.0-85142175015
47920,47921,2-s2.0-85141567212
47933,47934,2-s2.0-85141269746
47942,47943,2-s2.0-85141168536
47944,47945,2-s2.0-85141132476
47947,47948,2-s2.0-85141036872
47951,47952,2-s2.0-85140952466
47958,47959,2-s2.0-85140896163
48002,48003,2-s2.0-85139988176
48004,48005,2-s2.0-85139783553
48047,48048,2-s2.0-85139000119
48070,48071,2-s2.0-85138197463
48091,48092,2-s2.0-85137604316
48099,48100,2-s2.0-85137261295
48112,48113,2-s2.0-85136941794
48118,48119,2-s2.0-85136924252
48120,48121,2-s2.0-85136830308
48122,48123,2-s2.0-85136820761
48136,48137,2-s2.0-85136133516
48142,48143,2-s2.0-85136089463
48145,48146,2-s2.0-85135918174
48151,48152,2-s2.0-85135815928
48174,48175,2-s2.0-85135293559
48228,48229,2-s2.0-85134362171
48239,48240,2-s2.0-85134193812
48240,48241,2-s2.0-85134189640
48241,48242,2-s2.0-85134186765
48246,48247,2-s2.0-85134041479
48253,48254,2-s2.0-85133960822
48262,48263,2-s2.0-85133734581
48268,48269,2-s2.0-85133524917
48291,48292,2-s2.0-85133028653
48298,48299,2-s2.0-85132776139
48301,48302,2-s2.0-85132677241
48328,48329,2-s2.0-85132164980
48331,48332,2-s2.0-85132075906
48338,48339,2-s2.0-85131798781
48340,48341,2-s2.0-85131622060
48350,48351,2-s2.0-85131072989
48351,48352,2-s2.0-85131068799
48357,48358,2-s2.0-85130972851
48358,48359,2-s2.0-85130953927
48361,48362,2-s2.0-85130895363
48363,48364,2-s2.0-85130843241
48394,48395,2-s2.0-85130490318
48396,48397,2-s2.0-85130475645
48404,48405,2-s2.0-85130452399
48413,48414,2-s2.0-85130348779
48421,48422,2-s2.0-85130010516
48422,48423,2-s2.0-85129985173
48443,48444,2-s2.0-85129590497
48451,48452,2-s2.0-85129413030
48510,48511,2-s2.0-85128414622
48525,48526,2-s2.0-85127876557
48539,48540,2-s2.0-85127561917
48547,48548,2-s2.0-85127386049
48561,48562,2-s2.0-85127018761
48570,48571,2-s2.0-85126475882
48573,48574,2-s2.0-85126326880
48579,48580,2-s2.0-85126097543
48594,48595,2-s2.0-85125697585
48613,48614,2-s2.0-85125236283
48620,48621,2-s2.0-85125052002
48635,48636,2-s2.0-85124671936
48642,48643,2-s2.0-85124565671
48647,48648,2-s2.0-85124417544
48649,48650,2-s2.0-85124359348
48659,48660,2-s2.0-85124134566
48667,48668,2-s2.0-85123844598
48684,48685,2-s2.0-85123548345
48689,48690,2-s2.0-85123513041
48709,48710,2-s2.0-85122808855
48727,48728,2-s2.0-85122080480
48735,48736,2-s2.0-85121635962
48736,48737,2-s2.0-85121635385
48745,48746,2-s2.0-85121237770
48767,48768,2-s2.0-85119285832
48771,48772,2-s2.0-85119159544
48789,48790,2-s2.0-85118152796
48803,48804,2-s2.0-85117223806
48822,48823,2-s2.0-85115616632
48826,48827,2-s2.0-85114440200
48855,48856,2-s2.0-85111489523
48863,48864,2-s2.0-85110206485
48864,48865,2-s2.0-85110174027
48865,48866,2-s2.0-85110032242
48866,48867,2-s2.0-85109981870
48869,48870,2-s2.0-85109350253
48879,48880,2-s2.0-85107516836
48887,48888,2-s2.0-85106261570
48888,48889,2-s2.0-85106261052
48898,48899,2-s2.0-85104721226
48902,48903,2-s2.0-85103658075
48905,48906,2-s2.0-85102925043
48906,48907,2-s2.0-85102849149
48909,48910,2-s2.0-85102523896
48910,48911,2-s2.0-85102460685
48940,48941,2-s2.0-85096771740
48969,48970,2-s2.0-85087505061
48979,48980,2-s2.0-85086587903
48981,48982,2-s2.0-85084576013
48998,48999,2-s2.0-105013727371
49013,49014,2-s2.0-105000224974
49040,49041,2-s2.0-85123380152
49049,49050,2-s2.0-85122448935
49050,49051,2-s2.0-85122432416
49060,49061,2-s2.0-85132432489
49077,49078,2-s2.0-85125622950
49079,49080,2-s2.0-85125152132
49080,49081,2-s2.0-85125132483
49084,49085,2-s2.0-85123639667
49093,49094,2-s2.0-85123572760
49100,49101,2-s2.0-85122281098
49106,49107,2-s2.0-85121911091
49117,49118,2-s2.0-85121288830
49119,49120,2-s2.0-85121272004
49122,49123,2-s2.0-85121215721
49125,49126,2-s2.0-85121052482
49127,49128,2-s2.0-85120943685
49139,49140,2-s2.0-85120412877
49146,49147,2-s2.0-85119424168
49155,49156,2-s2.0-85118607843
49174,49175,2-s2.0-85115743716
49177,49178,2-s2.0-85115622448
49180,49181,2-s2.0-85115143105
49190,49191,2-s2.0-85113634406
49227,49228,2-s2.0-85105198474
49254,49255,2-s2.0-85095435805
49259,49260,2-s2.0-85092457993
49262,49263,2-s2.0-85091402699
49267,49268,2-s2.0-85078717068
49278,49279,2-s2.0-85163616275
49279,49280,2-s2.0-85121426429
49280,49281,2-s2.0-85121240527
49289,49290,2-s2.0-85126633246
49300,49301,2-s2.0-85120444339
49312,49313,2-s2.0-85119861913
49317,49318,2-s2.0-85125450939
49324,49325,2-s2.0-85121610594
49333,49334,2-s2.0-85119906284
49346,49347,2-s2.0-85119123840
49370,49371,2-s2.0-85114145363
49376,49377,2-s2.0-85110450155
49378,49379,2-s2.0-85109026394
49392,49393,2-s2.0-85105140980
49436,49437,2-s2.0-85114491047
49449,49450,2-s2.0-85117475310
49460,49461,2-s2.0-85119690869
49462,49463,2-s2.0-85118857282
49477,49478,2-s2.0-85117132505
49488,49489,2-s2.0-85116389966
49497,49498,2-s2.0-85116057675
49522,49523,2-s2.0-85112486896
49535,49536,2-s2.0-85107466000
49539,49540,2-s2.0-85104087833
49549,49550,2-s2.0-85096776950
49550,49551,2-s2.0-85095716916
49559,49560,2-s2.0-85073992163
49590,49591,2-s2.0-85211750993
49635,49636,2-s2.0-85115213654
49653,49654,2-s2.0-85112862528
49654,49655,2-s2.0-85112832379
49655,49656,2-s2.0-85112765672
49681,49682,2-s2.0-85102563232
49723,49724,2-s2.0-85113390972
49729,49730,2-s2.0-85114203223
49748,49749,2-s2.0-85112848266
49761,49762,2-s2.0-85112807111
49781,49782,2-s2.0-85112744853
49782,49783,2-s2.0-85116117145
49784,49785,2-s2.0-85112333530
49789,49790,2-s2.0-85117594259
49792,49793,2-s2.0-85116526207
49795,49796,2-s2.0-85114106821
49799,49800,2-s2.0-85112710130
49827,49828,2-s2.0-85109089653
49846,49847,2-s2.0-85101517774
49851,49852,2-s2.0-85096781773
49869,49870,2-s2.0-85112512343
49875,49876,2-s2.0-85124573774
49877,49878,2-s2.0-85124570183
49879,49880,2-s2.0-85124569342
49894,49895,2-s2.0-85124557152
49918,49919,2-s2.0-85124523724
49919,49920,2-s2.0-85124523144
49943,49944,2-s2.0-85119005734
49946,49947,2-s2.0-85117920912
49949,49950,2-s2.0-85112453918
49952,49953,2-s2.0-85112432929
49962,49963,2-s2.0-85111919474
49978,49979,2-s2.0-85111110796
49989,49990,2-s2.0-85135743235
49995,49996,2-s2.0-85125698426
49996,49997,2-s2.0-85124631059
50010,50011,2-s2.0-85113348747
50017,50018,2-s2.0-85112280524
50022,50023,2-s2.0-85111576664
50033,50034,2-s2.0-85110434019
50036,50037,2-s2.0-85110349667
50038,50039,2-s2.0-85110279768
50056,50057,2-s2.0-85108014473
50061,50062,2-s2.0-85105559163
50063,50064,2-s2.0-85105291453
50065,50066,2-s2.0-85104933458
50090,50091,2-s2.0-85067894088
50105,50106,2-s2.0-85114875057
50139,50140,2-s2.0-85107499527
50153,50154,2-s2.0-85108572498
50177,50178,2-s2.0-85108513871
50181,50182,2-s2.0-85108506899
50187,50188,2-s2.0-85108500819
50188,50189,2-s2.0-85152548827
50191,50192,2-s2.0-85108632095
50212,50213,2-s2.0-85138229871
50214,50215,2-s2.0-85137629553
50219,50220,2-s2.0-85124277177
50220,50221,2-s2.0-85122733402
50226,50227,2-s2.0-85118244556
50237,50238,2-s2.0-85114369613
50242,50243,2-s2.0-85111162037
50257,50258,2-s2.0-85108323835
50260,50261,2-s2.0-85108241940
50266,50267,2-s2.0-85107508917
50270,50271,2-s2.0-85107344142
50282,50283,2-s2.0-85106229671
50294,50295,2-s2.0-85104867647
50304,50305,2-s2.0-85103174698
50311,50312,2-s2.0-85101753870
50329,50330,2-s2.0-85083864475
50330,50331,2-s2.0-85082794571
50334,50335,2-s2.0-105006424183
50371,50372,2-s2.0-85108160979
50379,50380,2-s2.0-85150099014
50380,50381,2-s2.0-85150099010
50402,50403,2-s2.0-85105962933
50404,50405,2-s2.0-85105960744
50414,50415,2-s2.0-85105934316
50432,50433,2-s2.0-85105913370
50442,50443,2-s2.0-85106189487
50446,50447,2-s2.0-85105931931
50458,50459,2-s2.0-85132692776
50462,50463,2-s2.0-85115695321
50467,50468,2-s2.0-85109372094
50484,50485,2-s2.0-85106594705
50488,50489,2-s2.0-85105686844
50503,50504,2-s2.0-85103403955
50513,50514,2-s2.0-85101402137
50515,50516,2-s2.0-85100564760
50517,50518,2-s2.0-85100090715
50540,50541,2-s2.0-85108461877
50542,50543,2-s2.0-85105251501
50545,50546,2-s2.0-85198562878
50552,50553,2-s2.0-85112474212
50561,50562,2-s2.0-85112455520
50573,50574,2-s2.0-85112425225
50594,50595,2-s2.0-85104732064
50605,50606,2-s2.0-85103444400
50613,50614,2-s2.0-85104678234
50621,50622,2-s2.0-85104658541
50629,50630,2-s2.0-85104642740
50644,50645,2-s2.0-85104609576
50646,50647,2-s2.0-85104606142
50656,50657,2-s2.0-85104588066
50662,50663,2-s2.0-85104570288
50665,50666,2-s2.0-85161420485
50670,50671,2-s2.0-85104964704
50674,50675,2-s2.0-85104256573
50680,50681,2-s2.0-85103850569
50681,50682,2-s2.0-85103844985
50692,50693,2-s2.0-85173706246
50697,50698,2-s2.0-85131687171
50699,50700,2-s2.0-85122589951
50701,50702,2-s2.0-85117347657
50719,50720,2-s2.0-85105558678
50731,50732,2-s2.0-85105343606
50746,50747,2-s2.0-85103807203
50763,50764,2-s2.0-85099922267
50787,50788,2-s2.0-85077368405
50789,50790,2-s2.0-85076202772
50791,50792,2-s2.0-105003015801
50798,50799,2-s2.0-85103851406
50805,50806,2-s2.0-85103846904
50808,50809,2-s2.0-85103842045
50822,50823,2-s2.0-85103823210
50836,50837,2-s2.0-85104444079
50840,50841,2-s2.0-85103471958
50845,50846,2-s2.0-85103465917
50850,50851,2-s2.0-85103455452
50851,50852,2-s2.0-85103449196
50860,50861,2-s2.0-85103438518
50865,50866,2-s2.0-85111871770
50875,50876,2-s2.0-85103491712
50880,50881,2-s2.0-85103602579
50892,50893,2-s2.0-85103520808
50893,50894,2-s2.0-85103520200
50904,50905,2-s2.0-85103455830
50906,50907,2-s2.0-85103447800
50924,50925,2-s2.0-85103138131
50931,50932,2-s2.0-85103089952
50942,50943,2-s2.0-85107049234
50943,50944,2-s2.0-85102560965
50949,50950,2-s2.0-85103336081
50964,50965,2-s2.0-85103335163
50967,50968,2-s2.0-85103329341
50972,50973,2-s2.0-85103315534
50975,50976,2-s2.0-85103314408
51028,51029,2-s2.0-85104239169
51035,51036,2-s2.0-85103659420
51037,51038,2-s2.0-85103518011
51038,51039,2-s2.0-85103512479
51059,51060,2-s2.0-85101127476
51065,51066,2-s2.0-85100374952
51078,51079,2-s2.0-85097002004
51090,51091,2-s2.0-85091069666
51104,51105,2-s2.0-85085083052
51107,51108,2-s2.0-85083996648
51138,51139,2-s2.0-85101860806
51141,51142,2-s2.0-85101840339
51149,51150,2-s2.0-85102185781
51156,51157,2-s2.0-85101501333
51160,51161,2-s2.0-85101614781
51164,51165,2-s2.0-85097044186
51168,51169,2-s2.0-85109556985
51188,51189,2-s2.0-85100968262
51194,51195,2-s2.0-85163764359
51222,51223,2-s2.0-85100838921
51253,51254,2-s2.0-85089870454
51258,51259,2-s2.0-85088583058
51261,51262,2-s2.0-85086100315
51269,51270,2-s2.0-85075361485
51278,51279,2-s2.0-85091659804
51288,51289,2-s2.0-85118733951
51292,51293,2-s2.0-85102407616
51335,51336,2-s2.0-85208910814
51338,51339,2-s2.0-85107696720
51346,51347,2-s2.0-85101018993
51384,51385,2-s2.0-85148831880
51392,51393,2-s2.0-85218749256
51395,51396,2-s2.0-85216971016
51402,51403,2-s2.0-85216753872
51404,51405,2-s2.0-85207905331
51414,51415,2-s2.0-85192385606
51427,51428,2-s2.0-85180793115
51433,51434,2-s2.0-85180635254
51438,51439,2-s2.0-85180630420
51448,51449,2-s2.0-85180621416
51454,51455,2-s2.0-85179844766
51477,51478,2-s2.0-85175427383
51479,51480,2-s2.0-85174632860
51483,51484,2-s2.0-85172709178
51490,51491,2-s2.0-85168615102
51495,51496,2-s2.0-85164863007
51516,51517,2-s2.0-85158969860
51542,51543,2-s2.0-85146149644
51551,51552,2-s2.0-85146112292
51560,51561,2-s2.0-85141420915
51584,51585,2-s2.0-85138583273
51588,51589,2-s2.0-85138009880
51622,51623,2-s2.0-85132819654
51629,51630,2-s2.0-85131828453
51662,51663,2-s2.0-85129865722
51696,51697,2-s2.0-85127891815
51707,51708,2-s2.0-85127538653
51713,51714,2-s2.0-85127240076
51721,51722,2-s2.0-85127142960
51723,51724,2-s2.0-85127091262
51752,51753,2-s2.0-85125316580
51763,51764,2-s2.0-85124799369
51770,51771,2-s2.0-85124666985
51772,51773,2-s2.0-85124583204
51788,51789,2-s2.0-85123855266
51796,51797,2-s2.0-85123830780
51798,51799,2-s2.0-85123826062
51818,51819,2-s2.0-85123381558
51820,51821,2-s2.0-85123308573
51823,51824,2-s2.0-85123215256
51830,51831,2-s2.0-85123045521
51835,51836,2-s2.0-85122952376
51839,51840,2-s2.0-85122933155
51842,51843,2-s2.0-85122931774
51858,51859,2-s2.0-85122703654
51864,51865,2-s2.0-85122269899
51876,51877,2-s2.0-85122029486
51877,51878,2-s2.0-85122020984
51885,51886,2-s2.0-85121759222
51890,51891,2-s2.0-85121710980
51896,51897,2-s2.0-85121653199
51900,51901,2-s2.0-85121621149
51901,51902,2-s2.0-85121580846
51909,51910,2-s2.0-85121303558
51927,51928,2-s2.0-85120949105
51928,51929,2-s2.0-85120940403
51947,51948,2-s2.0-85120390841
51971,51972,2-s2.0-85119703778
51977,51978,2-s2.0-85119287540
51991,51992,2-s2.0-85118862962
52017,52018,2-s2.0-85117948498
52035,52036,2-s2.0-85117684663
52052,52053,2-s2.0-85116905934
52076,52077,2-s2.0-85116039536
52087,52088,2-s2.0-85115784684
52111,52112,2-s2.0-85115290731
52117,52118,2-s2.0-85115129374
52128,52129,2-s2.0-85114749678
52135,52136,2-s2.0-85114429449
52139,52140,2-s2.0-85114215250
52142,52143,2-s2.0-85114161468
52154,52155,2-s2.0-85113808955
52160,52161,2-s2.0-85113544870
52181,52182,2-s2.0-85113364395
52191,52192,2-s2.0-85112842649
52194,52195,2-s2.0-85112811675
52197,52198,2-s2.0-85112803624
52198,52199,2-s2.0-85112734008
52200,52201,2-s2.0-85112712131
52217,52218,2-s2.0-85112524629
52226,52227,2-s2.0-85112332417
52258,52259,2-s2.0-85111248736
52308,52309,2-s2.0-85109259120
52343,52344,2-s2.0-85108227629
52391,52392,2-s2.0-85106860804
52392,52393,2-s2.0-85106727332
52396,52397,2-s2.0-85106626494
52401,52402,2-s2.0-85106584742
52403,52404,2-s2.0-85106559243
52410,52411,2-s2.0-85106393258
52413,52414,2-s2.0-85106301620
52426,52427,2-s2.0-85105918047
52445,52446,2-s2.0-85105557133
52447,52448,2-s2.0-85105531682
52450,52451,2-s2.0-85105477467
52451,52452,2-s2.0-85105464810
52463,52464,2-s2.0-85105071551
52481,52482,2-s2.0-85104453009
52492,52493,2-s2.0-85104180000
52503,52504,2-s2.0-85103946829
52510,52511,2-s2.0-85103902320
52530,52531,2-s2.0-85103512287
52534,52535,2-s2.0-85103484573
52538,52539,2-s2.0-85103461766
52542,52543,2-s2.0-85103373293
52549,52550,2-s2.0-85103257020
52557,52558,2-s2.0-85103090473
52558,52559,2-s2.0-85103050567
52567,52568,2-s2.0-85102831845
52609,52610,2-s2.0-85101497954
52611,52612,2-s2.0-85101361557
52639,52640,2-s2.0-85100372635
52667,52668,2-s2.0-85099417126
52673,52674,2-s2.0-85099231010
52674,52675,2-s2.0-85099133522
52681,52682,2-s2.0-85099031426
52691,52692,2-s2.0-85098276334
52692,52693,2-s2.0-85098262464
52707,52708,2-s2.0-85097252674
52713,52714,2-s2.0-85097074707
52714,52715,2-s2.0-85097020408
52718,52719,2-s2.0-85096741942
52730,52731,2-s2.0-85095589836
52739,52740,2-s2.0-85092710911
52756,52757,2-s2.0-85091536665
52762,52763,2-s2.0-85091030355
52771,52772,2-s2.0-85090187109
52773,52774,2-s2.0-85090096370
52775,52776,2-s2.0-85090093319
52777,52778,2-s2.0-85090050518
52798,52799,2-s2.0-85089095995
52800,52801,2-s2.0-85088962774
52826,52827,2-s2.0-85085385551
52841,52842,2-s2.0-85083969396
52842,52843,2-s2.0-85083655594
52846,52847,2-s2.0-85083375338
52847,52848,2-s2.0-85082672430
52853,52854,2-s2.0-85081742506
52861,52862,2-s2.0-85079703916
52862,52863,2-s2.0-85079222976
52875,52876,2-s2.0-85077036721
52881,52882,2-s2.0-85076131100
52895,52896,2-s2.0-85073973506
52900,52901,2-s2.0-85070498431
52905,52906,2-s2.0-85068210567
52918,52919,2-s2.0-105004455817
52937,52938,2-s2.0-85128988849
